Keyword,Country,Location,Language,Entities,Branded,Local,Navigational,Informational,Commercial,Transactional,SERP features,Volume,KD,CPC,Previous organic traffic,Current organic traffic,Organic traffic change,Current paid traffic,Previous position,Current position,Position change,Previous position kind,Previous URL,Current position kind,Current URL,Previous date,Current date
peste 2.5 goluri,RO,Romania,Romanian,,false,false,false,true,false,false,"People also ask, Video preview, Image pack",500,0,0.91,189,,,,1,,Lost,,https://casepariurionline.ro/ce-inseamna-peste-si-sub-2-5-goluri-over-si-under/,,,2024-06-21 07:48:27,
ce inseamna gg,RO,Romania,Romanian,,false,false,false,true,false,false,"Featured snippet, People also ask, Video preview, Image pack",250,0,0.08,180,,,,1,,Lost,Featured snippet,https://casepariurionline.ro/ce-inseamna-gg3-la-pariuri/,,,2024-06-11 10:49:10,
case pariuri online,RO,Romania,Romanian,,false,false,false,true,true,false,"Video preview, Image pack",1000,46,4.65,154,,,,3,,Lost,,https://casepariurionline.ro/,,,2024-06-24 11:22:51,
casa de pariuri,RO,Romania,Romanian,Casa Pariurilor (Organization),true,false,false,true,true,false,"Sitelinks, Thumbnail, Video preview, Image pack",1500,42,2.96,153,,,,2,,Lost,,https://casepariurionline.ro/,,,2024-06-25 00:12:13,
case de pariuri,RO,Romania,Romanian,,false,false,false,true,true,false,"Image pack, Thumbnail, Video preview",900,48,5.83,131,,,,3,,Lost,,https://casepariurionline.ro/,,,2024-06-24 22:25:31,
case pariuri,RO,Romania,Romanian,,false,false,false,true,true,false,"Thumbnail, Image pack, Video preview",800,46,5.46,107,,,,2,,Lost,,https://casepariurionline.ro/,,,2024-06-23 05:54:33,
handicap pariuri,RO,Romania,Romanian,,false,false,false,true,false,false,"Video preview, Image pack",150,0,0.65,85,,,,1,,Lost,,https://casepariurionline.ro/ce-inseamna-handicap-la-pariuri/,,,2024-06-08 11:46:17,
case pariuri romania,RO,Romania,Romanian,Romania (Location),false,false,false,true,true,false,"Thumbnail, Video preview, Image pack, Bottom ads, Paid sitelinks",250,46,8.06,68,,,,1,,Lost,,https://casepariurionline.ro/,,,2024-06-24 02:03:12,
ce inseamna x2 la pariuri,RO,Romania,Romanian,,false,false,false,true,false,false,"Featured snippet, People also ask, Image pack, Video preview",150,0,0.95,58,,,,1,,Lost,Featured snippet,https://casepariurionline.ro/ce-inseamna-sansa-dubla-la-pariuri/,,,2024-06-26 12:36:37,
ce inseamna peste 0.5 goluri,RO,Romania,Romanian,,false,false,false,true,false,false,"Featured snippet, Thumbnail, Image pack, Video preview",100,0,,49,,,,1,,Lost,Featured snippet,https://casepariurionline.ro/total-goluri-asiatice/,,,2024-06-09 19:43:21,
cele mai bune case de pariuri online,RO,Romania,Romanian,,false,false,false,true,true,false,"Video preview, Image pack",350,45,3.14,44,,,,4,,Lost,,https://casepariurionline.ro/,,,2024-06-17 06:41:29,
nr superbet,RO,Romania,Romanian,Superbet (Organization),true,false,false,true,false,false,"Featured snippet, Video preview, Image pack",100,1,0.87,43,,,,1,,Lost,Featured snippet,https://casepariurionline.ro/contact-superbet/,,,2024-06-10 07:27:47,
verificare bilet superbet scanare,RO,Romania,Romanian,Superbet (Organization),true,false,true,true,false,false,"Sitelinks, Video preview, Image pack",300,0,1.02,43,,,,2,,Lost,,https://casepariurionline.ro/verificare-bilet-superbet/,,,2024-06-24 13:33:18,
ce inseamna handicap la pariuri,RO,Romania,Romanian,,false,false,false,true,false,false,"Featured snippet, Thumbnail, Video preview, Knowledge panel",200,0,0.08,41,,,,2,,Lost,,https://casepariurionline.ro/ce-inseamna-handicap-la-pariuri/,,,2024-05-29 06:47:33,
pariuri handicap,RO,Romania,Romanian,,false,false,false,true,false,false,"Video preview, Image pack",100,0,0.92,40,,,,1,,Lost,,https://casepariurionline.ro/ce-inseamna-handicap-la-pariuri/,,,2024-06-23 04:24:04,
casa pariu,RO,Romania,Romanian,Casa Pariurilor (Organization),true,false,true,true,true,true,"Sitelinks, Thumbnail, Video preview, Image pack",500,54,2.68,36,,,,2,,Lost,,https://casepariurionline.ro/,,,2024-06-13 03:36:30,
case de pariuri romania,RO,Romania,Romanian,Romania (Location),false,false,false,true,true,false,"Top ads, Paid sitelinks, Thumbnail, Image pack, Video preview, Bottom ads",400,45,5.41,35,,,,3,,Lost,,https://casepariurionline.ro/,,,2024-06-08 13:06:11,
casa pariuri sportive,RO,Romania,Romanian,,false,false,false,true,true,false,"Thumbnail, Image pack",350,40,1.60,34,,,,4,,Lost,,https://casepariurionline.ro/,,,2024-06-23 19:32:57,
pariuri online romania,RO,Romania,Romanian,Romania (Location),false,false,false,true,true,false,Image pack,350,61,7.05,33,,,,5,,Lost,,https://casepariurionline.ro/,,,2024-05-30 03:41:09,
case de pariuri online,RO,Romania,Romanian,,false,false,false,true,true,false,"Video preview, Image pack, Bottom ads, Paid sitelinks",350,46,4.50,33,,,,4,,Lost,,https://casepariurionline.ro/,,,2024-06-26 17:43:30,
case de pariuri noi,RO,Romania,Romanian,,false,false,false,true,true,false,"Image pack, Video preview",200,45,2.08,31,,,,2,,Lost,,https://casepariurionline.ro/,,,2024-06-13 23:58:31,
ponturi 100 sigure,RO,Romania,Romanian,,false,false,false,true,false,false,Video preview,500,24,0.29,30,,,,6,,Lost,,https://casepariurionline.ro/meciuri-sigure-la-pariuri/,,,2024-06-24 09:33:15,
handicap asiatic,RO,Romania,Romanian,,false,false,false,true,false,false,Video preview,100,0,0.20,28,,,,2,,Lost,,https://casepariurionline.ro/ce-inseamna-handicap-asiatic-la-pariuri-sportive/,,,2024-06-10 11:14:08,
nr telefon superbet,RO,Romania,Romanian,Superbet (Organization),true,false,false,true,false,false,"Local pack, Image pack, Video preview",200,0,0.89,27,,,,3,,Lost,,https://casepariurionline.ro/contact-superbet/,,,2024-06-16 18:38:08,
goluri asiatice,RO,Romania,Romanian,,false,false,false,true,false,false,"Image pack, People also ask",300,0,0.52,199,26,-173,,1,5,-4,,https://casepariurionline.ro/total-goluri-asiatice/,,https://casepariurionline.ro/total-goluri-asiatice/,2024-06-24 04:21:35,2026-06-17 05:15:24
bonus pariuri sportive,RO,Romania,Romanian,,false,false,false,true,true,false,"Video preview, Image pack",150,20,6.58,26,,,,3,,Lost,,https://casepariurionline.ro/bonus-pariuri/,,,2024-06-14 06:07:27,
ce inseamna handicap,RO,Romania,Romanian,,false,false,false,true,false,false,"Featured snippet, Knowledge panel, People also ask, Video preview, Image pack",150,0,,24,,,,2,,Lost,,https://casepariurionline.ro/ce-inseamna-handicap-la-pariuri/,,,2024-06-27 11:23:12,
casa de pariuri online,RO,Romania,Romanian,Casa Pariurilor (Organization),true,false,false,true,true,true,"Image pack, Video preview",150,61,8.02,23,,,,3,,Lost,,https://casepariurionline.ro/,,,2024-06-17 22:39:58,
superbet scanare bilet,RO,Romania,Romanian,Superbet (Organization),true,false,true,true,false,false,"Sitelinks, Video preview, Image pack",300,0,0.76,23,,,,5,,Lost,,https://casepariurionline.ro/verificare-bilet-superbet/,,,2024-06-21 01:04:51,
agentii pariuri sportive,RO,Romania,Romanian,,false,false,false,true,true,false,"Featured snippet, Local pack, Image pack",300,52,4.57,22,,,,3,,Lost,,https://casepariurionline.ro/,,,2024-06-15 03:58:34,
superbet nr telefon,RO,Romania,Romanian,Superbet (Organization),true,false,false,true,false,false,"Local pack, Image pack, Video preview",150,0,1.49,20,,,,3,,Lost,,https://casepariurionline.ro/contact-superbet/,,,2024-06-10 04:15:12,
cod verificare superbet,RO,Romania,Romanian,Superbet (Organization),true,false,true,true,false,false,"Sitelinks, Video preview, Image pack",150,0,0.55,20,,,,2,,Lost,,https://casepariurionline.ro/verificare-bilet-superbet/,,,2024-06-15 08:49:36,
superbet contact sediu,RO,Romania,Romanian,"Superbet (Organization), Superbet headquarters (Location)",true,false,false,true,false,false,Image pack,350,1,0.58,20,,,,6,,Lost,,https://casepariurionline.ro/contact-superbet/,,,2024-06-17 17:15:34,
verificate bilet superbet,RO,Romania,Romanian,Superbet (Organization),true,false,false,true,false,false,"Sitelinks, Video preview, Image pack",300,0,3.23,19,,,,6,,Lost,,https://casepariurionline.ro/verificare-bilet-superbet/,,,2024-06-19 10:34:02,
case de pariuri online romania,RO,Romania,Romanian,Romania (Location),false,true,false,true,true,false,"Video preview, Image pack, Bottom ads, Paid sitelinks",150,48,6.01,18,,,,3,,Lost,,https://casepariurionline.ro/,,,2024-06-14 10:46:54,
case pariuri online romania,RO,Romania,Romanian,Romania (Location),false,true,false,true,true,false,"Video preview, Image pack, Bottom ads, Paid sitelinks",150,46,6.27,18,,,,3,,Lost,,https://casepariurionline.ro/,,,2024-06-12 10:41:49,
reclamatii jocuri de noroc,RO,Romania,Romanian,,false,false,false,true,false,false,Video preview,150,0,1.40,18,,,,3,,Lost,,https://casepariurionline.ro/unde-poti-face-o-reclamatie-unei-case-de-pariuri/,,,2024-06-12 01:40:18,
top case pariuri,RO,Romania,Romanian,,false,false,false,true,true,false,Image pack,200,44,4.67,18,,,,6,,Lost,,https://casepariurionline.ro/,,,2024-06-11 23:09:14,
redeschidere cont superbet,RO,Romania,Romanian,Superbet (Organization),true,false,false,true,false,false,Video preview,300,0,3.85,4,18,14,,9,6,3,,https://casepariurionline.ro/reactivare-cont-superbet/,,https://casepariurionline.ro/reactivare-cont-superbet/,2024-06-13 18:07:49,2026-06-01 05:26:01
numar telefon superbet,RO,Romania,Romanian,Superbet (Organization),true,false,false,true,false,false,"Local pack, Image pack, Video preview",200,0,0.85,17,,,,5,,Lost,,https://casepariurionline.ro/contact-superbet/,,,2024-06-16 04:27:30,
casa pariurile,RO,Romania,Romanian,Casa Pariurilor (Organization),true,false,false,true,true,false,"Sitelinks, Video preview, Image pack",150,60,1.81,17,,,,2,,Lost,,https://casepariurionline.ro/,,,2024-06-12 03:20:24,
superbet nr de telefon,RO,Romania,Romanian,Superbet (Organization),true,false,false,true,false,false,"Local pack, Image pack, Video preview",150,0,0.99,16,,,,5,,Lost,,https://casepariurionline.ro/contact-superbet/,,,2024-06-16 18:05:22,
superbet contact telefon,RO,Romania,Romanian,Superbet (Organization),true,false,false,true,false,false,"Local pack, Image pack, Video preview, Bottom ads, Paid sitelinks",150,0,1.15,16,,,,4,,Lost,,https://casepariurionline.ro/contact-superbet/,,,2024-06-27 02:33:29,
bonus pariuri,RO,Romania,Romanian,,false,false,false,true,true,false,,400,69,6.25,21,16,-6,,5,9,-4,,https://casepariurionline.ro/bonus-pariuri/,,https://casepariurionline.ro/bonus-pariuri/,2024-06-11 09:08:41,2026-06-24 11:50:30
verificare cod superbet,RO,Romania,Romanian,Superbet (Organization),true,false,true,true,false,false,"Sitelinks, Videos, Image pack",150,0,1.37,16,,,,4,,Lost,,https://casepariurionline.ro/verificare-bilet-superbet/,,,2024-06-08 02:28:58,
nr de telefon superbet,RO,Romania,Romanian,Superbet (Organization),true,false,false,true,false,false,"Local pack, Image pack, Video preview",100,0,0.70,16,,,,3,,Lost,,https://casepariurionline.ro/contact-superbet/,,,2024-06-19 18:05:34,
nr contact superbet,RO,Romania,Romanian,Superbet (Organization),true,false,false,true,false,false,"Image pack, Video preview",150,0,1.31,15,,,,4,,Lost,,https://casepariurionline.ro/contact-superbet/,,,2024-06-09 11:40:46,
pariuri romania,RO,Romania,Romanian,Romania (Location),false,false,false,true,true,false,"Thumbnail, Top stories, Image pack, Bottom ads, Paid sitelinks",300,69,10.14,15,,,,5,,Lost,,https://casepariurionline.ro/,,,2024-06-21 05:36:44,
case pariuri sportive,RO,Romania,Romanian,,false,false,false,true,true,false,"Thumbnail, Image pack, Video preview",80,48,5.94,14,,,,3,,Lost,,https://casepariurionline.ro/,,,2024-06-20 02:31:14,
telefon superbet,RO,Romania,Romanian,Superbet (Organization),true,false,false,true,false,false,"Local pack, Video preview, Image pack",100,0,1.21,14,,,,2,,Lost,,https://casepariurionline.ro/contact-superbet/,,,2024-06-08 05:09:08,
cea mai buna casa de pariuri online,RO,Romania,Romanian,,false,false,false,true,true,false,Image pack,100,44,7.55,14,,,,4,,Lost,,https://casepariurionline.ro/,,,2024-06-09 05:28:12,
ce inseamna sub 2.5 goluri,RO,Romania,Romanian,,false,false,false,true,false,false,"AI Overview, Thumbnail, People also ask",150,0,0.11,27,14,-13,,2,6,-4,,https://casepariurionline.ro/ce-inseamna-peste-si-sub-2-5-goluri-over-si-under/,,https://casepariurionline.ro/ce-inseamna-peste-si-sub-2-5-goluri-over-si-under/,2024-06-18 13:07:49,2026-06-03 05:48:04
superbet telefon,RO,Romania,Romanian,Superbet (Organization),true,false,false,true,false,false,"Local pack, Video preview, Image pack",100,1,1.21,14,,,,4,,Lost,,https://casepariurionline.ro/contact-superbet/,,,2024-06-15 10:28:12,
peste 2 5 goluri,RO,Romania,Romanian,,false,false,false,true,false,false,"AI Overview, Thumbnail",90,0,,15,13,-1,,2,3,-1,,https://casepariurionline.ro/ce-inseamna-peste-si-sub-2-5-goluri-over-si-under/,,https://casepariurionline.ro/ce-inseamna-peste-si-sub-2-5-goluri-over-si-under/,2024-06-07 10:35:17,2026-05-29 21:49:50
onjn reclamatii,RO,Romania,Romanian,National Office for Judicial Administration (Organization),true,false,false,true,false,false,Video preview,150,0,,13,,,,4,,Lost,,https://casepariurionline.ro/unde-poti-face-o-reclamatie-unei-case-de-pariuri/,,,2024-06-15 15:23:39,
frank sport,RO,Romania,,Frank (Person),false,false,false,true,true,false,"Sitelinks, Knowledge panel, Video preview",150,5,1.98,13,,,,4,,Lost,,https://casepariurionline.ro/frank-sports-pareri/,,,2024-06-07 17:55:32,
agentii pariuri online,RO,Romania,Romanian,,false,false,false,true,true,false,"Video preview, Image pack",100,46,3.55,13,,,,3,,Lost,,https://casepariurionline.ro/,,,2024-06-24 18:03:05,
bonusuri case de pariuri,RO,Romania,Romanian,,false,false,false,true,true,false,"Top ads, Paid sitelinks, Image pack, Video preview, Bottom ads",150,24,5.46,13,,,,3,,Lost,,https://casepariurionline.ro/bonus-pariuri/,,,2024-06-24 22:03:05,
reclamatii superbet,RO,Romania,Romanian,Superbet (Organization),true,false,false,true,false,false,AI Overview,150,47,0.50,18,13,-5,,4,5,-1,,https://casepariurionline.ro/contact-superbet/,,https://casepariurionline.ro/reclamatii-superbet/,2024-06-17 08:39:51,2026-06-08 22:04:58
case de pariuri legale,RO,Romania,Romanian,,false,false,false,true,true,false,Image pack,150,41,5.22,13,,,,5,,Lost,,https://casepariurionline.ro/,,,2024-06-23 07:18:58,
superbet live chat,RO,Romania,English,Superbet (Organization),true,false,true,true,false,false,Video preview,500,1,1.58,12,,,,10,,Lost,,https://casepariurionline.ro/contact-superbet/,,,2024-06-26 11:13:43,
numar de telefon superbet,RO,Romania,Romanian,Superbet (Organization),true,false,false,true,false,false,"Local pack, Image pack, Video preview",150,0,0.70,12,,,,6,,Lost,,https://casepariurionline.ro/contact-superbet/,,,2024-06-15 13:36:20,
sub 2.5 goluri,RO,Romania,Romanian,,false,false,false,true,false,false,"AI Overview, Thumbnail",150,0,,49,12,-37,,1,5,-4,,https://casepariurionline.ro/ce-inseamna-peste-si-sub-2-5-goluri-over-si-under/,,https://casepariurionline.ro/ce-inseamna-peste-si-sub-2-5-goluri-over-si-under/,2024-06-26 22:38:29,2026-06-15 10:14:06
numar superbet,RO,Romania,Romanian,Superbet (Organization),true,false,false,true,false,false,"Image pack, Video preview",200,1,1.18,12,,,,6,,Lost,,https://casepariurionline.ro/contact-superbet/,,,2024-06-15 05:55:34,
strategie cota 2,RO,Romania,Romanian,,false,false,false,true,false,false,,150,0,,46,12,-34,,1,4,-3,Featured snippet,https://casepariurionline.ro/strategii-de-pariere-pe-cota-2/,,https://casepariurionline.ro/strategii-de-pariere-pe-cota-2/,2024-06-27 12:37:43,2026-06-25 02:52:29
pariuri sportive online romania,RO,Romania,Romanian,Romania (Location),false,false,false,true,true,true,,200,66,11.08,12,,,,8,,Lost,,https://casepariurionline.ro/,,,2024-06-25 09:50:25,
fortuna forum,RO,Romania,English,Fortuna (Organization),true,false,false,true,false,false,"Sitelinks, Image pack, Video preview",350,6,,12,,,,9,,Lost,,https://casepariurionline.ro/fortuna-descriere-si-recenzie/,,,2024-06-08 19:29:26,
verificare bilet superbet cod,RO,Romania,Romanian,Superbet (Organization),true,false,false,true,false,false,"Sitelinks, Videos, Image pack",100,0,0.56,11,,,,3,,Lost,,https://casepariurionline.ro/verificare-bilet-superbet/,,,2024-06-12 23:45:27,
top case de pariuri,RO,Romania,Romanian,,false,false,false,true,true,false,Image pack,150,45,6.43,11,,,,5,,Lost,,https://casepariurionline.ro/,,,2024-06-08 18:38:22,
nr contact superbet online,RO,Romania,Romanian,Superbet (Organization),true,false,false,true,false,false,Video preview,1700,59,1.63,110,11,-99,,3,16,-13,,https://casepariurionline.ro/contact-superbet/,,https://casepariurionline.ro/contact-superbet/,2024-06-26 22:25:16,2026-06-18 20:52:06
cont pariuri sportive,RO,Romania,Romanian,,false,false,false,true,true,false,Image pack,100,61,10.02,11,,,,4,,Lost,,https://casepariurionline.ro/,,,2024-06-09 13:24:10,
agentii pariuri,RO,Romania,Romanian,,false,false,false,true,true,false,"Thumbnail, Sitelinks, Local pack, Image pack",100,53,6.12,11,,,,3,,Lost,,https://casepariurionline.ro/,,,2024-06-11 12:02:22,
ce inseamna sub 4.5 goluri,RO,Romania,Romanian,,false,false,false,true,false,false,"Featured snippet, Image pack",150,0,,11,,,,7,,Lost,,https://casepariurionline.ro/ce-inseamna-peste-si-sub-2-5-goluri-over-si-under/,,,2024-06-24 16:44:09,
ce inseamna 1x la pariuri,RO,Romania,Romanian,,false,false,false,true,false,false,"Featured snippet, People also ask, Image pack, Video preview",200,0,0.34,11,,,,9,,Lost,,https://casepariurionline.ro/ce-inseamna-sansa-dubla-la-pariuri/,,,2024-06-13 23:29:18,
bonusuri pariuri sportive,RO,Romania,Romanian,,false,false,false,true,true,false,Image pack,90,20,5.62,11,,,,3,,Lost,,https://casepariurionline.ro/bonus-pariuri/,,,2024-06-12 08:01:33,
case de pariuri sportive,RO,Romania,Romanian,,false,false,false,true,true,false,"Thumbnail, Local pack, Video preview, Image pack",100,45,5.20,11,,,,2,,Lost,,https://casepariurionline.ro/,,,2024-06-22 14:12:56,
bonusuri case pariuri,RO,Romania,Romanian,,false,false,false,true,true,false,Image pack,90,21,4.32,11,,,,3,,Lost,,https://casepariurionline.ro/bonus-pariuri/,,,2024-06-23 13:30:26,
ce inseamna 1x2 la pariuri,RO,Romania,Romanian,,false,false,false,true,false,false,"Featured snippet, Thumbnail, Video preview, Image pack",200,0,0.26,10,,,,10,,Lost,,https://casepariurionline.ro/tipurile-de-pariuri-la-fotbal/,,,2024-06-08 03:19:39,
impozit superbet,RO,Romania,Romanian,Superbet (Organization),true,false,false,true,false,false,,90,0,1.24,,10,,,,3,New,,,,https://casepariurionline.ro/impozit-superbet/,,2026-06-12 19:59:30
total goluri asiatice,RO,Romania,Romanian,,false,false,false,true,false,false,,100,0,0.71,72,10,-62,,1,4,-3,,https://casepariurionline.ro/total-goluri-asiatice/,,https://casepariurionline.ro/total-goluri-asiatice/,2024-06-09 11:06:47,2026-06-14 22:52:11
calculator sistem pariuri,RO,Romania,Romanian,,false,false,false,true,false,false,Video preview,100,0,0.41,10,,,,6,,Lost,,https://casepariurionline.ro/strategia-1-3-2-6/,,,2024-06-18 04:28:06,
agentie de pariuri,RO,Romania,Romanian,,false,false,false,true,true,false,"Featured snippet, Image pack",80,61,2.82,10,,,,3,,Lost,,https://casepariurionline.ro/,,,2024-06-11 12:48:45,
pareri unibet,RO,Romania,Romanian,Unibet (Organization),true,false,false,true,true,false,"Image pack, Video preview",150,3,2.73,9,,,,7,,Lost,,https://casepariurionline.ro/unibet-descriere-si-recenzie/,,,2024-06-07 16:55:52,
pariu sansa casa pariurilor,RO,Romania,Romanian,Pariu Sansa (Organization),true,false,true,true,true,true,"Video preview, Image pack",200,0,0.64,9,,,,8,,Lost,,https://casepariurionline.ro/pariu-sansa-superbet/,,,2024-06-16 01:51:01,
ce inseamna cash out,RO,Romania,Romanian,,false,false,false,true,false,false,"Featured snippet, Image pack",100,0,,9,,,,5,,Lost,,https://casepariurionline.ro/cash-out-superbet/,,,2024-06-08 17:57:03,
player pariuri,RO,Romania,Romanian,Player (Organization),true,false,false,true,true,false,Sitelinks,700,48,0.24,4,9,5,,9,13,-4,,https://casepariurionline.ro/player-pareri/,,https://casepariurionline.ro/player-pareri/,2024-06-12 19:10:54,2026-05-28 05:22:27
fortuna inregistrare,RO,Romania,Romanian,Fortuna (Organization),true,false,true,true,true,true,"Video preview, Image pack",100,3,0.22,9,,,,5,,Lost,,https://casepariurionline.ro/efortuna-inregistrare/,,,2024-06-20 09:40:47,
super bet contact,RO,Romania,English,Superbet (Organization),true,false,false,true,false,false,"Image pack, Video preview",150,0,1.82,9,,,,6,,Lost,,https://casepariurionline.ro/contact-superbet/,,,2024-06-13 01:36:52,
siteuri pariuri,RO,Romania,Romanian,,false,false,false,true,true,false,Image pack,100,45,8.15,9,,,,5,,Lost,,https://casepariurionline.ro/,,,2024-06-10 09:16:45,
pariuri matematice,RO,Romania,Romanian,,false,false,false,true,false,false,Video preview,150,0,0.91,8,,,,6,,Lost,,https://casepariurionline.ro/strategia-dalembert-matematica-in-pariuri/,,,2024-06-14 18:47:36,
ce inseamna goluri asiatice,RO,Romania,Romanian,,false,false,false,true,false,false,"AI Overview, Thumbnail",90,0,0.79,50,8,-42,,1,5,-4,,https://casepariurionline.ro/total-goluri-asiatice/,,https://casepariurionline.ro/total-goluri-asiatice/,2024-06-21 05:50:25,2026-06-02 18:03:05
ce inseamna sansa dubla,RO,Romania,Romanian,,false,false,false,true,false,false,"AI Overview, Thumbnail, People also ask",90,12,0.20,33,8,-25,,1,5,-4,Featured snippet,https://casepariurionline.ro/ce-inseamna-sansa-dubla-la-pariuri/,,https://casepariurionline.ro/ce-inseamna-sansa-dubla-la-pariuri/,2024-06-23 23:02:58,2026-06-18 18:03:01
site uri pariuri sportive,RO,Romania,Romanian,,false,false,false,true,true,false,"Video preview, Image pack",150,47,8.11,8,,,,7,,Lost,,https://casepariurionline.ro/,,,2024-06-13 23:55:27,
superbet contact whatsapp,RO,Romania,English,"Superbet (Organization), WhatsApp (Product)",true,false,false,true,false,false,Video preview,500,55,4.24,52,8,-44,,3,12,-9,,https://casepariurionline.ro/contact-superbet/,,https://casepariurionline.ro/contact-superbet/,2024-06-24 11:28:36,2026-06-14 19:22:19
top case pariuri online,RO,Romania,Romanian,,false,false,false,true,true,false,Sitelinks,250,64,6.37,7,8,1,,5,10,-5,,https://casepariurionline.ro/,,https://casepariurionline.ro/,2024-06-22 06:33:33,2026-05-21 04:48:14
meciuri superbet,RO,Romania,Romanian,Superbet (Organization),true,false,false,true,true,false,"Sitelinks, Video preview, Image pack",600,6,1.17,8,,,,13,,Lost,,https://casepariurionline.ro/pariu-sansa-superbet/,,,2024-06-14 05:36:03,
verificat bilet superbet,RO,Romania,Romanian,Superbet (Organization),true,false,false,true,false,false,"Video preview, Image pack",150,0,1.44,8,,,,6,,Lost,,https://casepariurionline.ro/verificare-bilet-superbet/,,,2024-06-08 16:12:16,
reactivare cont superbet,RO,Romania,Romanian,Superbet (Organization),true,false,true,true,false,false,Video preview,150,15,2.28,3,7,4,,11,7,4,,https://casepariurionline.ro/reactivare-cont-superbet/,,https://casepariurionline.ro/reactivare-cont-superbet/,2024-06-24 07:35:19,2026-06-23 11:11:53
agentie betano,RO,Romania,Romanian,Betano (Organization),true,false,false,true,true,false,"Featured snippet, Thumbnail, Sitelinks, Image pack, Bottom ads, Paid sitelinks",100,6,1.54,7,,,,6,,Lost,,https://casepariurionline.ro/betano-descriere-si-recenzie/,,,2024-06-27 11:01:22,
siteuri pariuri sportive,RO,Romania,Romanian,,false,false,false,true,true,false,"Image pack, Bottom ads, Paid sitelinks",100,47,8.11,7,,,,5,,Lost,,https://casepariurionline.ro/,,,2024-06-11 02:34:26,
verificare bilete,RO,Romania,Romanian,,false,false,false,true,false,false,Video preview,1400,4,0.68,7,,,,17,,Lost,,https://casepariurionline.ro/verificare-bilet-superbet/,,,2024-06-27 21:11:59,
superbet numar de telefon,RO,Romania,Romanian,Superbet (Organization),true,false,false,true,false,false,"Local pack, Video preview, Image pack",150,0,0.83,6,,,,8,,Lost,,https://casepariurionline.ro/contact-superbet/,,,2024-06-18 05:02:38,
ce inseamna x la pariuri,RO,Romania,Romanian,,false,false,false,true,false,false,"Featured snippet, Thumbnail, People also ask, Image pack, Video preview",150,0,0.33,6,,,,8,,Lost,,https://casepariurionline.ro/tipurile-de-pariuri-la-fotbal/,,,2024-06-08 12:41:46,
ce inseamna roi,RO,Romania,Romanian,,false,false,false,true,false,false,"Featured snippet, Knowledge panel, Video preview, Image pack",100,0,,6,,,,5,,Lost,,https://casepariurionline.ro/ce-este-roi/,,,2024-06-26 07:32:22,
ce inseamna peste 1.5 goluri,RO,Romania,Romanian,,false,false,false,true,false,false,"AI Overview, Thumbnail",100,0,0.21,12,6,-5,,9,7,2,,https://casepariurionline.ro/total-goluri-asiatice/,,https://casepariurionline.ro/ce-inseamna-peste-1-5-goluri/,2024-06-24 06:52:59,2026-05-20 11:56:14
agentii betano bucuresti,RO,Romania,Romanian,"Betano betting agencies (Location), Bucharest (Location)",true,true,false,true,false,false,"Knowledge panel, Image pack",150,2,1.66,6,,,,7,,Lost,,https://casepariurionline.ro/betano-descriere-si-recenzie/,,,2024-06-13 23:09:12,
bonusuri pariuri,RO,Romania,Romanian,,false,false,false,true,true,false,Sitelinks,200,65,6.25,9,6,-3,,3,10,-7,,https://casepariurionline.ro/bonus-pariuri/,,https://casepariurionline.ro/bonus-pariuri/,2024-06-06 15:20:00,2026-06-14 23:00:23
site pariuri sportive,RO,Romania,Romanian,,false,false,false,true,true,false,Image pack,100,47,13.64,6,,,,7,,Lost,,https://casepariurionline.ro/,,,2024-06-09 01:32:40,
www casa pariurilor ro oferta,RO,Romania,Romanian,Casa Pariurilor (Organization),true,false,true,true,true,false,"Sitelinks, Video preview, Bottom ads, Paid sitelinks",80,46,1.04,6,,,,5,,Lost,,https://casepariurionline.ro/,,,2024-06-11 12:49:16,
pareri betano,RO,Romania,Romanian,Betano (Organization),true,false,false,true,true,false,"Image pack, Video preview",150,3,2.18,6,,,,10,,Lost,,https://casepariurionline.ro/betano-descriere-si-recenzie/,,,2024-06-11 06:28:44,
ce inseamna 2+ la pariuri,RO,Romania,Romanian,,false,false,false,true,false,false,People also ask,90,0,0.40,6,,,,5,,Lost,,https://casepariurionline.ro/tipurile-de-pariuri-la-fotbal/,,,2024-06-23 08:06:33,
agentie pariuri sportive,RO,Romania,Romanian,,false,false,false,true,true,false,"Local pack, Image pack, Video preview, Bottom ads, Paid sitelinks",100,59,2.45,6,,,,7,,Lost,,https://casepariurionline.ro/,,,2024-06-20 23:35:11,
verificare bilet la superbet,RO,Romania,Romanian,Superbet (Organization),true,false,true,true,false,false,"Sitelinks, Videos, Image pack",80,4,0.39,6,,,,5,,Lost,,https://casepariurionline.ro/verificare-bilet-superbet/,,,2024-06-15 07:02:10,
chat superbet,RO,Romania,Romanian,Superbet (Organization),true,false,false,true,false,false,"Video preview, Image pack",250,2,1.34,6,,,,10,,Lost,,https://casepariurionline.ro/contact-superbet/,,,2024-06-07 13:10:48,
cont betano,RO,Romania,Romanian,Betano (Organization),true,false,true,true,true,true,AI Overview,200,59,2.08,0,6,6,,34,10,24,,https://casepariurionline.ro/cum-iti-faci-cont-la-betano/,,https://casepariurionline.ro/cum-iti-faci-cont-la-betano/,2024-06-19 05:02:57,2026-06-16 23:36:49
agentii de pariuri,RO,Romania,Romanian,,false,false,false,true,true,false,"Local pack, Image pack",100,47,7.77,5,,,,5,,Lost,,https://casepariurionline.ro/,,,2024-05-28 08:55:46,
număr de telefon superbet,RO,Romania,Romanian,Superbet (Organization),true,false,false,true,false,false,"Local pack, Image pack, Video preview",100,0,0.70,5,,,,8,,Lost,,https://casepariurionline.ro/contact-superbet/,,,2024-06-19 09:31:12,
pariuri sportive romania,RO,Romania,Romanian,Romania (Location),false,false,false,true,true,false,"Thumbnail, Image pack",300,71,6.52,5,,,,11,,Lost,,https://casepariurionline.ro/,,,2024-06-12 11:39:32,
superbet bilet verificare,RO,Romania,Romanian,Superbet (Organization),true,false,false,true,false,false,"Sitelinks, Video preview, Image pack",90,0,0.63,5,,,,6,,Lost,,https://casepariurionline.ro/verificare-bilet-superbet/,,,2024-06-08 15:21:04,
scanare bilet superbet,RO,Romania,Romanian,Superbet (Organization),true,false,false,true,false,false,"Sitelinks, Video preview",2400,40,1.13,13,5,-8,,11,21,-10,,https://casepariurionline.ro/verificare-bilet-superbet/,,https://casepariurionline.ro/Tutoriale,2024-06-27 22:41:43,2026-06-15 02:35:52
cvc card,RO,Romania,English,,false,false,false,true,false,false,"Thumbnail, People also ask, Video preview, Knowledge panel",350,4,0.11,5,,,,7,,Lost,,https://casepariurionline.ro/ce-este-codul-cvv-cv2-cvc2-cvv2/,,,2024-06-14 04:54:14,
nr tel superbet,RO,Romania,Romanian,Superbet (Organization),true,false,false,true,false,false,"Local pack, Image pack, Video preview",100,0,0.85,5,,,,8,,Lost,,https://casepariurionline.ro/contact-superbet/,,,2024-06-14 18:28:04,
site pariuri,RO,Romania,Romanian,,false,false,true,false,true,true,"Top ads, Image pack, Bottom ads, Paid sitelinks",150,50,10.88,5,,,,6,,Lost,,https://casepariurionline.ro/,,,2024-06-13 11:40:28,
promotii pariuri,RO,Romania,Romanian,,false,false,false,true,true,false,"Image pack, Video preview, Bottom ads, Paid sitelinks",100,20,6.24,5,,,,7,,Lost,,https://casepariurionline.ro/bonus-pariuri/,,,2024-06-26 18:55:47,
suport superbet email,RO,Romania,Romanian,Superbet (Organization),true,false,false,true,false,false,"Featured snippet, Thumbnail, Image pack, Video preview",200,0,,5,,,,10,,Lost,,https://casepariurionline.ro/contact-superbet/,,,2024-06-15 23:21:30,
pariuri online superbet,RO,Romania,Romanian,Superbet (Organization),true,false,true,true,true,true,Sitelinks,100,43,2.27,,5,,,,7,New,,,,https://casepariurionline.ro/ce-inseamna-super-pariuri-superbet/,,2026-06-27 04:21:15
case de pariuri bonus fara depunere,RO,Romania,Romanian,,false,false,false,true,true,false,Sitelinks,100,59,2.41,1,5,4,,18,8,10,,https://casepariurionline.ro/bonus-pariuri/,,https://casepariurionline.ro/bonus-pariuri/,2024-06-23 09:57:14,2026-06-09 12:12:34
superbet contact nr telefon bucuresti,RO,Romania,Romanian,"Superbet (Organization), Bucharest (Location)",true,true,false,true,false,false,Local pack,900,50,1.21,28,5,-24,,9,18,-9,,https://casepariurionline.ro/contact-superbet/,,https://casepariurionline.ro/contact-superbet/,2024-06-21 20:41:04,2026-06-12 17:44:57
superbet chat live,RO,Romania,English,Superbet (Organization),true,false,true,true,false,false,Video preview,300,1,0.96,5,,,,12,,Lost,,https://casepariurionline.ro/contact-superbet/,,,2024-06-20 02:48:51,
site-uri pariuri sportive,RO,Romania,Romanian,,false,false,false,true,true,false,Video preview,100,47,8.11,4,,,,8,,Lost,,https://casepariurionline.ro/,,,2024-06-19 12:29:52,
suport superbet contact,RO,Romania,Romanian,Superbet (Organization),true,false,false,true,false,false,Video preview,900,54,,,4,,,,17,New,,,,https://casepariurionline.ro/contact-superbet/,,2026-06-20 10:17:13
fortuna casa de pariuri,RO,Romania,Romanian,Fortuna (Organization),true,false,false,true,true,false,"Sitelinks, Thumbnail, Video preview",80,4,1.16,4,,,,6,,Lost,,https://casepariurionline.ro/fortuna-descriere-si-recenzie/,,,2024-06-07 17:06:12,
casa pariurilor romania,RO,Romania,Romanian,"Casa Pariurilor (Organization), Romania (Location)",true,false,false,true,true,false,"Top ads, Paid sitelinks, Sitelinks, Video preview, Bottom ads",90,38,2.96,4,,,,7,,Lost,,https://casepariurionline.ro/,,,2024-06-26 12:18:12,
site uri de pariuri,RO,Romania,Romanian,,false,false,false,true,true,false,Image pack,90,47,7.46,4,,,,7,,Lost,,https://casepariurionline.ro/,,,2024-06-17 13:42:29,
ce inseamna sub 1.5 goluri,RO,Romania,Romanian,,false,false,false,true,false,false,"Featured snippet, People also ask, Image pack, Video preview",100,0,,4,,,,9,,Lost,,https://casepariurionline.ro/total-goluri-asiatice/,,,2024-06-14 13:17:21,
case de pariuri cu bonus,RO,Romania,Romanian,,false,false,false,true,true,false,Sitelinks,150,56,7.35,20,4,-16,,3,10,-7,,https://casepariurionline.ro/bonus-pariuri/,,https://casepariurionline.ro/bonus-pariuri/,2024-06-22 02:26:28,2026-06-10 21:57:13
contact superbet,RO,Romania,English,Superbet (Organization),true,false,false,true,false,false,"Local pack, Video preview",1000,56,5.64,67,4,-63,,7,20,-13,,https://casepariurionline.ro/contact-superbet/,,https://casepariurionline.ro/contact-superbet/,2024-06-23 06:08:56,2026-06-17 04:49:09
inregistrare fortuna,RO,Romania,Romanian,Fortuna (Organization),true,false,true,true,true,true,,150,31,0.90,12,4,-8,,5,10,-5,,https://casepariurionline.ro/efortuna-inregistrare/,,https://casepariurionline.ro/efortuna-inregistrare/,2024-06-27 15:46:19,2026-06-09 12:20:37
superbet.ro contact,RO,Romania,Romanian,Superbet.ro (Organization),true,false,false,true,false,false,"Video preview, Image pack",100,1,2.38,4,,,,8,,Lost,,https://casepariurionline.ro/contact-superbet/,,,2024-06-27 01:09:54,
ce inseamna 12 la pariuri,RO,Romania,Romanian,,false,false,false,true,false,false,"Featured snippet, Thumbnail, People also ask, Image pack",100,0,0.33,4,,,,9,,Lost,,https://casepariurionline.ro/tipurile-de-pariuri-la-fotbal/,,,2024-06-18 23:12:09,
super pariuri superbet,RO,Romania,Romanian,"Superbet (Organization), SuperPariuri (Product)",true,false,false,true,false,false,Video preview,80,43,0.70,0,4,4,,52,7,45,,https://casepariurionline.ro/contact-superbet/,,https://casepariurionline.ro/ce-inseamna-super-pariuri-superbet/,2024-06-22 18:53:14,2026-05-19 17:28:28
case de pariuri cu bonus la inregistrare,RO,Romania,Romanian,,false,false,false,true,true,false,,150,60,6.62,21,4,-18,,2,10,-8,,https://casepariurionline.ro/bonus-pariuri/,,https://casepariurionline.ro/bonus-pariuri/,2024-06-15 20:01:51,2026-06-04 05:15:13
pareri winbet,RO,Romania,Romanian,Winbet (Organization),true,false,false,true,true,false,Image pack,100,0,1.11,3,,,,9,,Lost,,https://casepariurionline.ro/pareri-winbet/,,,2024-06-08 17:55:27,
robot pariuri matematice,RO,Romania,Romanian,,false,false,false,true,false,false,Video preview,90,0,0.68,3,,,,8,,Lost,,https://casepariurionline.ro/strategia-dalembert-matematica-in-pariuri/,,,2024-06-21 14:00:41,
inregistrare betano,RO,Romania,Romanian,Betano (Organization),true,false,true,true,true,true,"Top ads, Paid sitelinks, Sitelinks, Video preview, Image pack, Bottom ads",1300,2,2.09,3,,,,20,,Lost,,https://casepariurionline.ro/cum-iti-faci-cont-la-betano/,,,2024-06-27 20:18:14,
cea mai buna casa de pariuri,RO,Romania,Romanian,,false,false,false,true,true,false,Sitelinks,150,68,3.89,12,3,-9,,4,10,-6,,https://casepariurionline.ro/,,https://casepariurionline.ro/,2024-06-10 21:31:53,2026-06-02 19:58:46
agentii betano,RO,Romania,Romanian,Betano (Organization),true,false,false,true,true,false,Image pack,100,10,1.54,3,,,,9,,Lost,,https://casepariurionline.ro/betano-descriere-si-recenzie/,,,2024-06-11 02:43:23,
case de pariuri legale ro,RO,Romania,Romanian,,false,true,false,true,true,false,Image pack,80,30,,3,,,,8,,Lost,,https://casepariurionline.ro/,,,2024-06-13 15:26:27,
case de pariuri cu bonus fara depunere,RO,Romania,Romanian,,false,false,false,true,true,false,Sitelinks,100,59,2.12,1,3,2,,10,10,,,https://casepariurionline.ro/bonus-pariuri/,,https://casepariurionline.ro/bonus-pariuri/,2024-06-16 21:27:34,2026-06-08 01:07:55
case pariuri bonus fara depunere,RO,Romania,Romanian,,false,false,false,true,true,false,Sitelinks,80,56,3.97,2,3,1,,9,8,1,,https://casepariurionline.ro/bonus-pariuri/,,https://casepariurionline.ro/bonus-pariuri/,2024-06-06 15:02:11,2026-05-25 11:46:16
cel mai bun site de pariuri,RO,Romania,Romanian,,false,false,false,true,true,false,"Featured snippet, Thumbnail, Image pack",80,40,,3,,,,9,,Lost,,https://casepariurionline.ro/,,,2024-06-09 21:50:31,
ce inseamna peste 3.5 goluri,RO,Romania,Romanian,,false,false,false,true,false,false,"Featured snippet, People also ask, Image pack, Video preview",100,0,,3,,,,10,,Lost,,https://casepariurionline.ro/tipurile-de-pariuri-la-fotbal/,,,2024-06-26 22:16:46,
pariu superbet,RO,Romania,Romanian,Superbet (Organization),true,false,true,true,true,true,"Knowledge panel, Video preview, Image pack",100,8,0.98,3,,,,10,,Lost,,https://casepariurionline.ro/pariu-sansa-superbet/,,,2024-06-23 09:55:35,
cele mai bune site-uri de pariuri,RO,Romania,Romanian,,false,false,false,true,true,false,"Featured snippet, Thumbnail, Image pack, Bottom ads, Paid sitelinks",100,43,5.91,3,,,,9,,Lost,,https://casepariurionline.ro/,,,2024-06-22 21:32:04,
cod cvv card,RO,Romania,Romanian,,false,false,false,true,false,false,"Featured snippet, Thumbnail, Video preview",90,0,0.15,3,,,,7,,Lost,,https://casepariurionline.ro/ce-este-codul-cvv-cv2-cvc2-cvv2/,,,2024-06-12 07:25:38,
autoexcludere superbet,RO,Romania,Romanian,Superbet (Organization),true,false,false,true,false,false,"Featured snippet, Thumbnail, Video preview",150,0,1.21,3,,,,11,,Lost,,https://casepariurionline.ro/stergere-cont-superbet/,,,2024-06-11 07:46:52,
cont fortuna,RO,Romania,Romanian,eFortuna (Organization),true,false,true,true,true,false,Sitelinks,350,16,1.98,0,3,3,,7,4,3,,https://casepariurionline.ro/efortuna-inregistrare/,,https://casepariurionline.ro/efortuna-inregistrare/,2024-06-23 14:38:17,2026-06-17 00:34:44
casa pariuri fortuna,RO,Romania,Romanian,"Casa Pariurilor (Organization), Fortuna (Organization)",true,false,false,true,true,false,"Sitelinks, Thumbnail, Image pack, Video preview",80,6,0.55,3,,,,8,,Lost,,https://casepariurionline.ro/fortuna-descriere-si-recenzie/,,,2024-06-22 09:53:59,
superbet chat,RO,Romania,English,Superbet (Organization),true,false,false,true,false,false,"Video preview, Image pack",150,8,1.07,3,,,,12,,Lost,,https://casepariurionline.ro/contact-superbet/,,,2024-06-20 04:33:05,
suport superbet,RO,Romania,Romanian,Superbet (Organization),true,false,true,true,false,false,Video preview,1000,47,,1,3,1,,22,20,2,,https://casepariurionline.ro/contact-superbet/,,https://casepariurionline.ro/contact-superbet/,2024-06-27 10:25:59,2026-06-07 10:41:12
stergere cont superbet,RO,Romania,Romanian,Superbet (Organization),true,false,false,true,false,true,Video preview,80,0,1.68,4,2,-2,,7,9,-2,,https://casepariurionline.ro/stergere-cont-superbet/,,https://casepariurionline.ro/stergere-cont-superbet/,2024-06-19 12:36:35,2026-06-03 05:10:25
batman pariuri sportive,RO,Romania,Romanian,Batman (Person),false,false,true,true,true,true,,700,45,1.33,2,,,,19,,Lost,,https://casepariurionline.ro/ce-inseamna-sansa-dubla-la-pariuri/,,,2024-06-26 09:46:24,
betano contact telefon,RO,Romania,Romanian,Betano (Organization),true,false,false,true,false,false,Sitelinks,700,11,0.87,0,2,2,,25,19,6,,https://casepariurionline.ro/contact-superbet/,,https://casepariurionline.ro/contact-betano/,2024-06-22 16:45:45,2026-06-24 15:17:17
chat live superbet,RO,Romania,English,Superbet (Organization),true,false,true,true,false,false,Video preview,100,1,1.29,2,,,,11,,Lost,,https://casepariurionline.ro/contact-superbet/,,,2024-06-18 19:34:42,
superbet call center,RO,Romania,English,Superbet (Organization),true,false,false,true,false,false,"Knowledge panel, Image pack",90,0,1.68,2,,,,10,,Lost,,https://casepariurionline.ro/contact-superbet/,,,2024-06-19 10:08:43,
superbet relatii clienti,RO,Romania,Romanian,Superbet (Organization),true,false,false,true,false,false,Image pack,100,1,1.01,2,,,,11,,Lost,,https://casepariurionline.ro/contact-superbet/,,,2024-06-23 06:49:52,
recuperare cont superbet,RO,Romania,Romanian,Superbet (Organization),true,false,false,true,false,false,Video preview,80,12,0.93,0,2,2,,35,10,25,,https://casepariurionline.ro/stergere-cont-superbet/,,https://casepariurionline.ro/reactivare-cont-superbet/,2024-06-10 12:59:17,2026-06-04 18:17:40
cota 2 pariuri,RO,Romania,Romanian,Cota 2 (Organization),true,false,false,true,true,false,Video preview,200,10,0.18,2,,,,15,,Lost,,https://casepariurionline.ro/strategii-de-pariere-pe-cota-2/,,,2024-06-16 12:29:13,
cote superbet,RO,Romania,Romanian,Superbet (Organization),true,false,true,true,true,true,"Sitelinks, Image pack, Video preview",450,4,0.50,2,,,,18,,Lost,,https://casepariurionline.ro/pariu-sansa-superbet/,,,2024-06-08 05:39:19,
control bilet superbet,RO,Romania,Romanian,Superbet (Organization),true,false,false,true,false,false,"Sitelinks, Video preview, Image pack",100,9,,2,,,,11,,Lost,,https://casepariurionline.ro/verificare-bilet-superbet/,,,2024-06-09 14:13:07,
winbet pareri,RO,Romania,Romanian,Winbet (Organization),true,false,false,true,false,false,"Image pack, Video preview",80,0,1.01,2,,,,10,,Lost,,https://casepariurionline.ro/pareri-winbet/,,,2024-06-27 01:34:18,
superbet meciuri,RO,Romania,Romanian,Superbet (Organization),true,false,false,true,true,false,"Sitelinks, Video preview, Image pack",300,13,0.65,2,,,,16,,Lost,,https://casepariurionline.ro/pariu-sansa-superbet/,,,2024-06-12 11:03:06,
ce este roi,RO,Romania,Romanian,,false,false,false,true,false,false,"Featured snippet, Knowledge panel, Video preview, Image pack",100,0,,2,,,,10,,Lost,,https://casepariurionline.ro/ce-este-roi/,,,2024-06-10 06:05:49,
pariu bonus,RO,Romania,Romanian,,false,false,false,true,true,false,"Video preview, Image pack",150,13,2.28,2,,,,13,,Lost,,https://casepariurionline.ro/bonus-pariuri/,,,2024-06-08 17:32:33,
casa pariuri,RO,Romania,Romanian,Casa Pariuri (Organization),true,false,false,true,true,false,"Sitelinks, Image pack, Video preview",1100,38,2.13,2,,,,3,,Lost,,https://casepariurionline.ro/,,,2024-06-23 13:35:02,
superbet cote,RO,Romania,Romanian,Superbet (Organization),true,false,true,true,true,true,"Sitelinks, Image pack, Video preview",500,4,1.10,2,,,,19,,Lost,,https://casepariurionline.ro/pariu-sansa-superbet/,,,2024-06-08 17:57:56,
live chat superbet,RO,Romania,English,Superbet (Organization),true,false,false,true,false,false,Video preview,500,47,1.10,16,2,-14,,10,19,-9,,https://casepariurionline.ro/contact-superbet/,,https://casepariurionline.ro/contact-superbet/,2024-06-27 01:02:18,2026-06-09 12:12:52
fortuna cont,RO,Romania,Romanian,Fortuna (Organization),true,false,false,true,true,false,"Sitelinks, Bottom ads, Paid sitelinks",150,42,1.98,0,2,2,,11,3,8,,https://casepariurionline.ro/efortuna-inregistrare/,,https://casepariurionline.ro/efortuna-inregistrare/,2024-06-18 20:42:34,2026-06-26 23:31:51
superbet bilet online,RO,Romania,Romanian,Superbet (Organization),true,false,true,false,true,true,"Sitelinks, Video preview, Image pack",100,2,1.07,2,,,,13,,Lost,,https://casepariurionline.ro/pariu-sansa-superbet/,,,2024-06-10 04:05:58,
numar contact superbet,RO,Romania,Romanian,Superbet (Organization),true,false,false,true,false,false,Local pack,350,57,1.42,74,2,-72,,5,19,-14,,https://casepariurionline.ro/contact-superbet/,,https://casepariurionline.ro/contact-superbet/,2024-06-27 12:18:09,2026-06-21 11:19:35
superbet bilet,RO,Romania,Romanian,Superbet (Organization),true,false,false,true,false,false,Video preview,450,5,0.72,2,,,,19,,Lost,,https://casepariurionline.ro/verificare-bilet-superbet/,,,2024-06-12 05:29:31,
casa pariurilor forum,RO,Romania,Romanian,Casa Pariurilor (Organization),true,false,false,true,false,false,"Sitelinks, Image pack",150,0,0.84,2,,,,14,,Lost,,https://casepariurionline.ro/casa-pariurilor-pareri/,,,2024-06-21 08:31:03,
betano agentii,RO,Romania,Romanian,"Betano (Organization), Betano offices (Location)",true,false,false,true,false,false,"Sitelinks, Image pack",90,4,1.40,1,,,,12,,Lost,,https://casepariurionline.ro/betano-descriere-si-recenzie/,,,2024-06-19 05:32:57,
pariaza online,RO,Romania,Romanian,,false,false,false,true,true,false,Image pack,100,74,17.53,1,,,,14,,Lost,,https://casepariurionline.ro/,,,2024-06-27 01:41:13,
superbet suport,RO,Romania,Romanian,Superbet (Organization),true,false,true,true,false,false,Video preview,600,54,,0,1,1,,30,21,9,,https://casepariurionline.ro/contact-superbet/,,https://casepariurionline.ro/contact-superbet/,2024-06-25 19:04:04,2026-06-20 05:49:54
fortuna pariuri sportive online,RO,Romania,Romanian,Fortuna (Organization),true,false,false,true,true,false,"Sitelinks, Video preview",150,34,0.53,1,,,,14,,Lost,,https://casepariurionline.ro/,,,2024-06-22 04:43:53,
scanare card superbet,RO,Romania,Romanian,Superbet (Organization),true,false,false,true,false,false,"Image pack, Video preview",1500,0,1.06,1,,,,25,,Lost,,https://casepariurionline.ro/verificare-bilet-superbet/,,,2024-06-24 19:21:53,
fortuna rezultate fotbal ieri,RO,Romania,Romanian,Fortuna (Organization),true,false,false,true,false,false,,1200,7,0.55,1,,,,24,,Lost,,https://casepariurionline.ro/tipurile-de-pariuri-la-fotbal/,,,2024-06-13 06:47:58,
cele mai bune cote la pariuri,RO,Romania,Romanian,,false,false,false,true,true,false,"Video preview, Image pack, Bottom ads, Paid sitelinks",100,12,0.91,1,,,,14,,Lost,,https://casepariurionline.ro/,,,2024-06-11 05:19:33,
pariu x,RO,Romania,Romanian,,false,false,false,true,false,false,"Sitelinks, Video preview, Image pack",150,13,0.44,1,,,,16,,Lost,,https://casepariurionline.ro/tipurile-de-pariuri-la-fotbal/,,,2024-06-15 03:45:14,
www.superbet.ro verificare bilet,RO,Romania,Romanian,Superbet (Organization),true,false,true,true,false,false,"Sitelinks, Video preview, Image pack",100,1,0.64,1,,,,14,,Lost,,https://casepariurionline.ro/verificare-bilet-superbet/,,,2024-06-26 10:07:04,
verificare bilet scanare,RO,Romania,Romanian,,false,false,false,true,false,false,Video preview,1400,25,0.43,13,1,-13,,10,26,-16,,https://casepariurionline.ro/verificare-bilet-superbet/,,https://casepariurionline.ro/verificare-bilet-superbet/,2024-06-27 00:03:06,2026-06-10 00:59:11
superbet non stop,RO,Romania,Romanian,Superbet (Organization),true,false,false,true,true,false,"Featured snippet, Thumbnail, Video preview, Image pack",200,0,,1,,,,17,,Lost,,https://casepariurionline.ro/contact-superbet/,,,2024-06-23 11:24:15,
superbet email,RO,Romania,English,Superbet (Organization),true,false,false,true,false,false,"Video preview, Image pack",150,2,0.99,1,,,,16,,Lost,,https://casepariurionline.ro/contact-superbet/,,,2024-06-23 01:41:10,
superbet club verificare bilet,RO,Romania,Romanian,Superbet Club (Organization),true,false,true,true,false,false,"Video preview, Image pack",100,0,1.42,1,,,,15,,Lost,,https://casepariurionline.ro/verificare-bilet-superbet/,,,2024-06-13 00:36:14,
pariu fotbal,RO,Romania,Romanian,,false,false,true,false,true,true,"Sitelinks, Video preview, Image pack, Bottom ads, Paid sitelinks",100,38,1.97,1,,,,15,,Lost,,https://casepariurionline.ro/tipurile-de-pariuri-la-fotbal/,,,2024-06-23 08:30:35,
ce inseamna sub 3.5 goluri,RO,Romania,Romanian,,false,false,false,true,false,false,"Featured snippet, People also ask, Image pack, Video preview",100,0,,1,,,,15,,Lost,,https://casepariurionline.ro/total-goluri-asiatice/,,,2024-06-20 17:07:04,
onjn contact,RO,Romania,Romanian,ONJN (Organization),true,false,false,true,false,false,"Sitelinks, Knowledge panel, Image pack",80,0,0.79,1,,,,14,,Lost,,https://casepariurionline.ro/unde-poti-face-o-reclamatie-unei-case-de-pariuri/,,,2024-06-25 19:21:04,
pareri superbet,RO,Romania,Romanian,Superbet (Organization),true,false,false,true,false,false,"Image pack, Video preview",100,2,2.76,1,,,,16,,Lost,,https://casepariurionline.ro/superbet-pareri/,,,2024-06-08 06:04:04,
superbet intra in cont,RO,Romania,Romanian,Superbet (Organization),true,false,true,false,false,false,Video preview,200,5,1.86,1,,,,19,,Lost,,https://casepariurionline.ro/stergere-cont-superbet/,,,2024-06-14 16:34:18,
pariuri live fortuna,RO,Romania,Romanian,Fortuna (Organization),true,false,true,true,true,true,"Sitelinks, Video preview",100,13,0.34,1,,,,17,,Lost,,https://casepariurionline.ro/ce-inseamna-pre-match/,,,2024-06-08 19:32:17,
site uri unde poti vedea meciuri live,RO,Romania,Romanian,,false,false,false,true,false,false,Video preview,90,4,0.18,1,,,,16,,Lost,,https://casepariurionline.ro/meciuri-online-gratis/,,,2024-06-06 07:46:08,
netbet pariuri online,RO,Romania,Romanian,NetBet (Organization),true,false,true,true,true,true,Image pack,90,41,,1,,,,16,,Lost,,https://casepariurionline.ro/netbet-descriere-si-recenzie/,,,2024-06-14 16:37:59,
meciuri pauza final,RO,Romania,Romanian,,false,false,false,true,false,false,Video preview,150,0,0.25,1,,,,21,,Lost,,https://casepariurionline.ro/ce-inseamna-pariul-pauza-sau-final/,,,2024-06-22 15:34:49,
email superbet,RO,Romania,English,Superbet (Organization),true,false,false,true,false,false,"Video preview, Image pack",200,1,2.36,1,,,,20,,Lost,,https://casepariurionline.ro/contact-superbet/,,,2024-06-19 08:17:58,
superbet bilete,RO,Romania,Romanian,Superbet (Organization),true,false,false,true,false,false,"Video preview, Image pack",80,4,0.99,1,,,,16,,Lost,,https://casepariurionline.ro/verificare-bilet-superbet/,,,2024-06-22 09:23:18,
player casino,RO,Romania,English,,false,false,false,true,true,false,"Top ads, Paid sitelinks, Sitelinks, Video preview, Bottom ads",24000,0,0.69,0,,,,42,,Lost,,https://casepariurionline.ro/player-pareri/,,,2024-06-27 02:23:27,
cota 2,RO,Romania,Romanian,Cota 2 (Organization),true,false,false,true,false,false,"Top stories, Thumbnail, Video preview, Image pack",1600,11,0.40,0,,,,23,,Lost,,https://casepariurionline.ro/strategii-de-pariere-pe-cota-2/,,,2024-06-23 10:11:44,
verificarea bilet superbet,RO,Romania,Romanian,Superbet (Organization),true,false,true,true,false,false,"Sitelinks, Video preview",800,45,3.23,34,0,-33,,6,27,-21,,https://casepariurionline.ro/verificare-bilet-superbet/,,https://casepariurionline.ro/verificare-bilet-superbet/,2024-06-22 15:04:34,2026-06-16 10:57:48
aplicatie superbet,RO,Romania,Romanian,Superbet (Organization),true,false,false,true,true,true,"Knowledge panel, Video preview",1600,4,1.22,0,,,,31,,Lost,,https://casepariurionline.ro/superbet-pareri/,,,2024-06-24 23:30:12,
batman pariuri,RO,Romania,Romanian,Batman (Work),false,false,false,true,true,false,Video preview,1300,3,1.47,0,,,,30,,Lost,,https://casepariurionline.ro/ce-inseamna-sansa-dubla-la-pariuri/,,,2024-06-27 00:15:16,
unibet pareri,RO,Romania,Romanian,Unibet (Organization),true,false,false,true,false,false,"Image pack, Video preview",200,3,3.62,0,,,,7,,Lost,,https://casepariurionline.ro/unibet-descriere-si-recenzie/,,,2024-06-21 17:30:41,
betano contact,RO,Romania,English,Betano (Organization),true,false,false,true,false,false,,500,4,2.08,0,0,0,,46,26,20,,https://casepariurionline.ro/contact-superbet/,,https://casepariurionline.ro/contact-betano/,2024-06-25 21:57:08,2026-06-13 13:43:50
cod superbet,RO,Romania,Romanian,Superbet (Organization),true,false,false,true,true,false,"Video preview, Image pack",350,1,2.74,0,,,,24,,Lost,,https://casepariurionline.ro/verificare-bilet-superbet/,,,2024-06-21 03:19:49,
verificarea bilet,RO,Romania,Romanian,,false,false,false,true,false,false,"Sitelinks, Video preview, Image pack",150,1,0.65,0,,,,21,,Lost,,https://casepariurionline.ro/verificare-bilet-superbet/,,,2024-06-20 16:35:35,
calculator cote pariuri,RO,Romania,Romanian,,false,false,false,true,false,false,,250,0,1.81,0,,,,23,,Lost,,https://casepariurionline.ro/strategia-1-3-2-6/,,,2024-06-26 07:54:27,
meciurionline,RO,Romania,Romanian,,false,false,false,true,false,false,"Video preview, Image pack",150,9,0.23,0,,,,11,,Lost,,https://casepariurionline.ro/meciuri-online-gratis/,,,2024-06-09 11:08:02,
pariuri tenis sigure,RO,Romania,Romanian,,false,false,false,true,true,false,Video preview,150,5,0.36,0,,,,21,,Lost,,https://casepariurionline.ro/tipurile-de-pariuri-la-tenis/,,,2024-06-11 13:11:00,
betano online,RO,Romania,English,Betano (Organization),true,false,false,true,true,false,"Top ads, Paid sitelinks, Sitelinks, Video preview, Bottom ads",300,25,1.89,0,,,,24,,Lost,,https://casepariurionline.ro/betano-descriere-si-recenzie/,,,2024-06-26 06:10:41,
live superbet,RO,Romania,English,Superbet (Organization),true,false,true,false,true,true,"Sitelinks, Video preview, Image pack",150,30,0.81,0,,,,22,,Lost,,https://casepariurionline.ro/contact-superbet/,,,2024-06-21 03:02:50,
cod bilet superbet,RO,Romania,Romanian,Superbet (Organization),true,false,false,true,false,false,"Sitelinks, Video preview, AI Overview",350,48,2.77,6,0,-6,,10,27,-17,,https://casepariurionline.ro/verificare-bilet-superbet/,,https://casepariurionline.ro/verificare-bilet-superbet/,2024-06-15 09:47:20,2026-06-05 13:20:45
contul meu superbet,RO,Romania,Romanian,Superbet (Organization),true,false,true,true,false,false,"Video preview, Image pack",90,5,0.93,0,,,,20,,Lost,,https://casepariurionline.ro/stergere-cont-superbet/,,,2024-06-11 08:24:24,
tabel combinatii pariuri sportive,RO,Romania,Romanian,,false,false,false,true,false,false,Image pack,100,0,0.53,0,,,,21,,Lost,,https://casepariurionline.ro/,,,2024-06-15 00:13:54,
casa pariurilor aplicatie online,RO,Romania,Romanian,Casa Pariurilor (Organization),true,false,false,true,true,true,"Sitelinks, Video preview",80,3,0.99,0,,,,20,,Lost,,https://casepariurionline.ro/,,,2024-06-20 22:58:29,
verificare bilet,RO,Romania,Romanian,,false,false,false,true,false,false,"Sitelinks, Videos, Image pack, Video preview",8500,0,1.64,0,,,,11,,Lost,,https://casepariurionline.ro/verificare-bilet-superbet/,,,2024-06-27 03:45:25,
mozzart pariuri online,RO,Romania,Romanian,MozzartBet (Organization),true,false,false,true,true,false,,80,2,1.35,0,,,,20,,Lost,,https://casepariurionline.ro/mozzart-bet-pareri/,,,2024-06-09 20:50:51,
furtuna pariu,RO,Romania,Romanian,Fortuna (Organization),true,false,false,true,true,false,"Sitelinks, Video preview, Image pack",100,6,0.56,0,,,,21,,Lost,,https://casepariurionline.ro/efortuna-inregistrare/,,,2024-06-15 17:08:37,
pariuri sportive sigure,RO,Romania,Romanian,,false,false,false,true,false,false,"Video preview, Image pack, Bottom ads, Paid sitelinks",150,26,1.08,0,,,,23,,Lost,,https://casepariurionline.ro/meciuri-sigure-la-pariuri/,,,2024-06-26 01:37:04,
pariu sansa progresiv superbet,RO,Romania,Romanian,"Superbet (Organization), Pariul Șansă Progresiv (Event)",true,false,false,true,false,false,Video preview,90,0,0.75,0,,,,21,,Lost,,https://casepariurionline.ro/,,,2024-06-24 06:34:28,
verificare bilete superbet,RO,Romania,Romanian,Superbet (Organization),true,false,false,true,false,false,"Sitelinks, Video preview",450,64,3.41,32,0,-32,,5,28,-23,,https://casepariurionline.ro/verificare-bilet-superbet/,,https://casepariurionline.ro/verificare-bilet-superbet/,2024-06-25 00:06:40,2026-06-20 08:25:50
casa fortuna,RO,Romania,Romanian,Casa Fortuna (Organization),true,false,false,true,false,false,"Sitelinks, Thumbnail, Videos, Image pack, Video preview",150,0,0.25,0,,,,23,,Lost,,https://casepariurionline.ro/fortuna-descriere-si-recenzie/,,,2024-06-19 17:44:38,
pariuri casa pariurilor,RO,Romania,Romanian,Casa Pariurilor (Organization),true,false,true,true,true,true,"Sitelinks, Image pack, Video preview",150,21,0.81,0,,,,24,,Lost,,https://casepariurionline.ro/,,,2024-06-23 17:30:40,
bilete superbet,RO,Romania,Romanian,Superbet (Organization),true,false,false,true,true,true,"Video preview, Image pack",400,5,1.91,0,,,,29,,Lost,,https://casepariurionline.ro/verificare-bilet-superbet/,,,2024-06-10 07:56:33,
betano ro,RO,Romania,Romanian,Betano (Organization),true,true,true,false,false,false,"Top ads, Paid sitelinks, Sitelinks, Video preview, Image pack, Bottom ads",22000,9,1.72,0,,,,47,,Lost,,https://casepariurionline.ro/betano-descriere-si-recenzie/,,,2024-06-27 00:43:40,
superbet support,RO,Romania,English,Superbet (Organization),true,false,false,true,false,false,Video preview,150,1,,0,,,,25,,Lost,,https://casepariurionline.ro/contact-superbet/,,,2024-06-25 21:58:20,
bilet castigator superbet,RO,Romania,Romanian,Superbet (Organization),true,false,false,true,false,false,"Image pack, Video preview",100,0,0.71,0,,,,22,,Lost,,https://casepariurionline.ro/verificare-bilet-superbet/,,,2024-06-27 15:37:30,
betano inregistrare,RO,Romania,Romanian,Betano (Organization),true,false,true,true,true,true,"Sitelinks, Video preview, Image pack",150,3,3.08,0,,,,26,,Lost,,https://casepariurionline.ro/cum-iti-faci-cont-la-betano/,,,2024-06-15 23:09:21,
betano pariuri sportive,RO,Romania,Romanian,Betano (Organization),true,false,true,true,true,true,"Sitelinks, Video preview, Image pack",200,12,2.08,0,,,,27,,Lost,,https://casepariurionline.ro/betano-descriere-si-recenzie/,,,2024-06-14 20:03:40,
fortuna bilet agentie,RO,Romania,Romanian,"Fortuna (Organization), Fortuna Betting Agency (Organization)",true,false,false,true,false,false,"Sitelinks, Image pack, Video preview",400,4,0.04,0,,,,31,,Lost,,https://casepariurionline.ro/fortuna-descriere-si-recenzie/,,,2024-06-24 02:31:42,
pariu sansa,RO,Romania,Romanian,Pariu Sansa (Event),true,false,false,true,false,false,"Video preview, Image pack",80,0,1.30,0,,,,7,,Lost,,https://casepariurionline.ro/pariu-sansa-superbet/,,,2024-06-22 00:35:05,
unibet aplicatie,RO,Romania,Romanian,Unibet (Organization),true,false,false,true,true,false,"Knowledge panel, Video preview",100,0,1.64,0,,,,25,,Lost,,https://casepariurionline.ro/unibet-descriere-si-recenzie/,,,2024-06-10 14:10:38,
get bet fotbal,RO,Romania,Romanian,,false,false,true,true,true,true,"Sitelinks, Image pack, Video preview",1900,0,0.61,0,,,,38,,Lost,,https://casepariurionline.ro/tipurile-de-pariuri-la-fotbal/,,,2024-06-25 13:27:07,
netbet pariuri,RO,Romania,Romanian,NetBet (Organization),true,false,true,true,true,true,"Sitelinks, Video preview, Image pack",200,5,1.56,0,,,,18,,Lost,,https://casepariurionline.ro/netbet-descriere-si-recenzie/,,,2024-06-25 13:32:53,
verificare bilet lucky six superbet,RO,Romania,Romanian,"Superbet (Organization), Lucky Six (Event)",true,false,true,true,false,false,"Image pack, Video preview",200,0,0.50,0,,,,28,,Lost,,https://casepariurionline.ro/verificare-bilet-superbet/,,,2024-06-24 12:26:14,
bonusuri fara depunere pariuri,RO,Romania,Romanian,,false,false,false,true,true,false,"Image pack, Video preview",200,7,7.27,0,,,,29,,Lost,,https://casepariurionline.ro/bonus-pariuri/,,,2024-06-15 03:47:26,
ce inseamna sistem la pariuri,RO,Romania,Romanian,,false,false,false,true,false,false,"Video preview, Image pack",150,0,0.41,0,,,,30,,Lost,,https://casepariurionline.ro/strategia-1-3-2-6/,,,2024-06-24 15:53:38,
echipa suport superbet,RO,Romania,Romanian,Superbet (Organization),true,false,false,true,false,false,"Video preview, Image pack",100,3,,0,,,,27,,Lost,,https://casepariurionline.ro/contact-superbet/,,,2024-06-07 22:57:29,
aplicatia netbet,RO,Romania,Romanian,NetBet (Organization),true,false,false,true,true,true,"Knowledge panel, Video preview",150,28,1.35,0,,,,28,,Lost,,https://casepariurionline.ro/netbet-descriere-si-recenzie/,,,2024-06-27 20:33:05,
super bet live,RO,Romania,English,Superbet (Organization),true,false,true,true,true,true,"Sitelinks, Video preview, Image pack",150,8,0.77,0,,,,29,,Lost,,https://casepariurionline.ro/contact-superbet/,,,2024-06-27 06:29:30,
oferta casa pariurilor azi,RO,Romania,Romanian,Casa Pariurilor (Organization),true,false,false,true,true,false,"Top ads, Paid sitelinks, Sitelinks, Image pack, Video preview",1000,33,0.76,0,,,,38,,Lost,,https://casepariurionline.ro/,,,2024-06-24 05:57:30,
aplicatie unibet,RO,Romania,Romanian,Unibet (Organization),true,false,false,true,true,true,"Knowledge panel, Video preview",80,0,,0,,,,27,,Lost,,https://casepariurionline.ro/unibet-descriere-si-recenzie/,,,2024-06-20 23:37:19,
unibet online,RO,Romania,English,Unibet (Organization),true,false,false,true,true,false,"Sitelinks, Image pack, Video preview",150,28,1.02,0,,,,30,,Lost,,https://casepariurionline.ro/unibet-descriere-si-recenzie/,,,2024-06-17 13:24:05,
pariu fortuna,RO,Romania,Romanian,Fortuna (Organization),true,false,true,true,true,false,"Sitelinks, Video preview, Image pack",150,2,0.71,0,,,,30,,Lost,,https://casepariurionline.ro/total-goluri-asiatice/,,,2024-06-22 04:44:54,
easy money pariuri,RO,Romania,Romanian,Easy Money (Event),false,false,false,true,false,false,"Featured snippet, Thumbnail, Video preview",80,0,1.25,0,,,,31,,Lost,,https://casepariurionline.ro/strategii-pariuri/,,,2024-06-12 08:33:06,
bilet virtual superbet,RO,Romania,Romanian,Superbet (Organization),true,false,false,true,true,false,"Sitelinks, Video preview",80,40,0.68,0,,,,28,,Lost,,https://casepariurionline.ro/verificare-bilet-superbet/,,,2024-06-19 15:14:56,
verifica bilet,RO,Romania,Romanian,,false,false,false,true,false,false,"Sitelinks, Video preview, Image pack",80,2,1.15,0,,,,27,,Lost,,https://casepariurionline.ro/verificare-bilet-superbet/,,,2024-06-14 02:04:13,
casa pariurilor excelbet,RO,Romania,Romanian,"Casa Pariurilor (Organization), ExcelBet (Organization)",true,false,false,true,true,false,"Sitelinks, Image pack",90,0,0.71,0,,,,29,,Lost,,https://casepariurionline.ro/,,,2024-06-07 08:09:12,
verificare bilet pariuri,RO,Romania,Romanian,,false,false,false,true,false,false,"Image pack, Video preview",300,0,0.87,0,,,,34,,Lost,,https://casepariurionline.ro/verificare-bilet-superbet/,,,2024-06-18 14:02:10,
bonus pariuri fara depunere,RO,Romania,Romanian,,false,false,false,true,true,false,"Video preview, Image pack",250,1,2.82,0,,,,36,,Lost,,https://casepariurionline.ro/bonus-pariuri/,,,2024-06-17 18:22:03,
fortuna pariuri agentii,RO,Romania,Romanian,"Fortuna (Organization), Fortuna betting agencies (Organization)",true,false,false,true,false,false,"Top ads, Sitelinks, Image pack, Video preview",90,2,0.75,0,,,,29,,Lost,,https://casepariurionline.ro/fortuna-descriere-si-recenzie/,,,2024-06-08 07:58:41,
winbet aplicatie,RO,Romania,Romanian,Winbet (Organization),true,false,true,true,true,true,,250,0,0.30,0,,,,34,,Lost,,https://casepariurionline.ro/pareri-winbet/,,,2024-06-19 16:37:21,
cartonase,RO,Romania,Romanian,,false,false,false,true,true,false,"Image pack, Thumbnail, Video preview",150,0,0.08,0,,,,21,,Lost,,https://casepariurionline.ro/pariuri-pe-cartonase/,,,2024-06-17 17:28:32,
campionate,RO,Romania,Romanian,,false,false,false,true,false,false,"Video preview, Image pack",800,3,0.71,0,,,,40,,Lost,,https://casepariurionline.ro/campionatele-in-care-se-marcheaza-cele-mai-multe-goluri/,,,2024-06-25 02:55:13,
pariu gratuit fara depunere,RO,Romania,Romanian,,false,false,false,true,true,false,"Video preview, Bottom ads, Paid sitelinks",150,0,3.68,0,,,,32,,Lost,,https://casepariurionline.ro/bonus-pariuri/,,,2024-06-10 05:04:08,
cat dureaza o retragere la winner,RO,Romania,Romanian,Winner (Organization),true,false,false,true,false,false,"Featured snippet, Thumbnail, Image pack",100,0,0.98,0,,,,30,,Lost,,https://casepariurionline.ro/winner-pareri/,,,2024-06-23 15:11:58,
meciuri fotbal online,RO,Romania,Romanian,,false,false,false,true,false,false,Video preview,90,17,,0,,,,33,,Lost,,https://casepariurionline.ro/meciuri-online-gratis/,,,2024-06-13 07:22:56,
ponturi sigure,RO,Romania,Romanian,,false,false,false,true,true,false,Video preview,80,28,0.27,0,,,,33,,Lost,,https://casepariurionline.ro/meciuri-sigure-la-pariuri/,,,2024-06-17 15:24:08,
pariuri sport,RO,Romania,Romanian,,false,false,false,true,true,false,"Image pack, Local pack, Bottom ads, Paid sitelinks",150,71,1.66,0,,,,33,,Lost,,https://casepariurionline.ro/,,,2024-06-07 06:23:59,
cod securitate card,RO,Romania,Romanian,,false,false,false,true,false,false,"Featured snippet, Thumbnail, People also ask, Image pack, Video preview",200,1,,0,,,,29,,Lost,,https://casepariurionline.ro/ce-este-codul-cvv-cv2-cvc2-cvv2/,,,2024-06-15 13:06:12,
la fotbal,RO,Romania,Romanian,,false,false,false,true,false,false,"Video preview, Top stories, Thumbnail, Image pack",80,51,,0,,,,31,,Lost,,https://casepariurionline.ro/tipurile-de-pariuri-la-fotbal/,,,2024-06-12 19:12:18,
agentie superbet,RO,Romania,Romanian,"Superbet (Organization), Superbet agency (Location)",true,false,false,true,false,false,"Local pack, Sitelinks, Thumbnail, Video preview, Image pack",100,0,0.65,0,,,,34,,Lost,,https://casepariurionline.ro/contact-superbet/,,,2024-06-19 18:18:37,
unibet promotii,RO,Romania,Romanian,Unibet (Organization),true,false,false,true,true,false,"Sitelinks, Image pack",150,7,2.75,0,,,,35,,Lost,,https://casepariurionline.ro/unibet-descriere-si-recenzie/,,,2024-06-22 04:45:51,
cont winner,RO,Romania,Romanian,Winner (Organization),true,false,true,false,false,false,"Image pack, Video preview",150,0,0.70,0,,,,34,,Lost,,https://casepariurionline.ro/winner-pareri/,,,2024-06-19 02:57:23,
pariuri bonus,RO,Romania,Romanian,,false,false,false,true,true,false,"Top ads, Paid sitelinks, Video preview, Image pack, Bottom ads",600,24,3.37,0,,,,5,,Lost,,https://casepariurionline.ro/bonus-pariuri/,,,2024-06-26 04:37:38,
superbet superbet,RO,Romania,Romanian,Superbet (Organization),true,false,true,false,true,true,"Sitelinks, Knowledge panel, Video preview, Image pack",400,9,0.83,0,,,,39,,Lost,,https://casepariurionline.ro/pariu-sansa-superbet/,,,2024-06-26 21:58:32,
card superbet,RO,Romania,English,Superbet Club Card (Product),true,false,false,true,false,false,Video preview,1200,0,0.83,0,,,,44,,Lost,,https://casepariurionline.ro/superbet-pareri/,,,2024-06-25 00:26:37,
promotie superbet,RO,Romania,Romanian,Superbet (Organization),true,false,false,true,true,false,"Image pack, Video preview",80,5,4.27,0,,,,32,,Lost,,https://casepariurionline.ro/pariu-sansa-superbet/,,,2024-06-08 15:49:07,
aplicatia superbet,RO,Romania,Romanian,Superbet (Product),true,false,false,true,true,true,"Knowledge panel, Video preview",500,2,1.48,0,,,,41,,Lost,,https://casepariurionline.ro/superbet-pareri/,,,2024-06-26 13:53:14,
bonus fara depunere pariuri,RO,Romania,Romanian,,false,false,false,true,true,false,"Video preview, Image pack, Bottom ads",150,1,3.52,0,,,,36,,Lost,,https://casepariurionline.ro/bonus-pariuri/,,,2024-06-18 21:51:40,
bilet superbet,RO,Romania,Romanian,Superbet (Organization),true,false,false,true,true,true,Video preview,500,45,0.88,21,0,-21,,9,40,-31,,https://casepariurionline.ro/verificare-bilet-superbet/,,https://casepariurionline.ro/verificare-bilet-superbet/,2024-06-24 01:49:18,2026-06-26 01:05:57
cote pariuri superbet,RO,Romania,Romanian,Superbet (Organization),true,false,true,true,true,true,"Image pack, Video preview",150,43,0.51,0,,,,36,,Lost,,https://casepariurionline.ro/pariu-sansa-superbet/,,,2024-06-07 13:43:50,
mr bit pariuri sportive,RO,Romania,Romanian,MrBit (Organization),true,false,true,true,true,true,"Top ads, Paid sitelinks, Sitelinks, Image pack, Video preview, Bottom ads",90,10,1.15,0,,,,34,,Lost,,https://casepariurionline.ro/mr-bit-pareri/,,,2024-06-20 19:58:32,
superbet card,RO,Romania,English,Superbet Card (Product),true,false,false,true,true,false,"Video preview, Image pack",250,0,0.75,0,,,,39,,Lost,,https://casepariurionline.ro/superbet-pareri/,,,2024-06-15 12:43:03,
bonusuri de bun venit,RO,Romania,Romanian,,false,false,false,true,true,false,"Image pack, Bottom ads, Paid sitelinks",100,11,5.32,0,,,,36,,Lost,,https://casepariurionline.ro/bonus-pariuri/,,,2024-06-14 22:02:19,
cine are cele mai multe goluri din lume,RO,Romania,Romanian,,false,false,false,true,false,false,"Featured snippet, Video preview, Image pack",100,0,,0,,,,35,,Lost,,https://casepariurionline.ro/campionatele-in-care-se-marcheaza-cele-mai-multe-goluri/,,,2024-06-23 14:50:16,
superbet pariu sansa,RO,Romania,Romanian,"Superbet (Organization), Pariu Sansa (Event)",true,false,false,true,false,false,"Video preview, Image pack",200,0,1.36,0,,,,5,,Lost,,https://casepariurionline.ro/pariu-sansa-superbet/,,,2024-06-15 08:08:56,
admiral pariuri,RO,Romania,Romanian,AdmiralBet (Organization),true,false,false,true,true,false,"Top ads, Paid sitelinks, Sitelinks, Image pack",90,4,1.32,0,,,,34,,Lost,,https://casepariurionline.ro/review-case-pariuri/page/2/,,,2024-06-24 11:09:49,
oferte pariuri sportive,RO,Romania,Romanian,,false,false,false,true,true,true,Image pack,100,50,0.92,0,,,,36,,Lost,,https://casepariurionline.ro/bonus-pariuri/,,,2024-06-17 21:49:31,
bonusuri la depunere,RO,Romania,Romanian,,false,false,false,true,true,false,"Image pack, Video preview",200,11,3.11,0,,,,39,,Lost,,https://casepariurionline.ro/bonus-pariuri/,,,2024-06-27 12:02:01,
cashout,RO,Romania,English,,false,false,false,true,false,false,"Video preview, Image pack, Knowledge panel",100,0,0.30,0,,,,21,,Lost,,https://casepariurionline.ro/cash-out-superbet/,,,2024-05-24 02:13:42,
fotbal superbet,RO,Romania,Romanian,Superbet (Organization),true,false,false,true,true,false,"Sitelinks, Video preview, Image pack",900,4,2.37,0,,,,46,,Lost,,https://casepariurionline.ro/ce-inseamna-sansa-dubla-la-pariuri/,,,2024-06-24 16:32:45,
pariuri unibet,RO,Romania,Romanian,Unibet (Organization),true,false,false,true,true,false,"Sitelinks, Image pack, Video preview, Bottom ads, Paid sitelinks",150,56,,0,,,,39,,Lost,,https://casepariurionline.ro/unibet-descriere-si-recenzie/,,,2024-06-26 07:58:43,
superbet bet,RO,Romania,English,Superbet (Organization),true,false,true,false,false,true,"Sitelinks, Video preview, Image pack",100,22,1.57,0,,,,38,,Lost,,https://casepariurionline.ro/contact-superbet/,,,2024-06-12 20:32:53,
bonusuri casa pariurilor,RO,Romania,Romanian,Casa Pariurilor (Organization),true,false,false,true,true,false,"Image pack, Video preview, Bottom ads, Paid sitelinks",100,3,2.20,0,,,,38,,Lost,,https://casepariurionline.ro/bonus-pariuri/,,,2024-06-18 20:21:26,
ce inseamna gg la pariuri,RO,Romania,Romanian,,false,false,false,true,false,false,"Featured snippet, People also ask, Image pack, Video preview",200,0,0.56,0,,,,6,,Lost,,https://casepariurionline.ro/ce-inseamna-gg3-la-pariuri/,,,2024-06-10 14:55:47,
bonusuri,RO,Romania,Romanian,,false,false,false,true,true,false,"Video preview, Image pack",350,9,1.81,0,,,,40,,Lost,,https://casepariurionline.ro/bonus-pariuri/,,,2024-06-13 18:13:51,
verificare bilet online,RO,Romania,Romanian,,false,false,false,true,false,false,,700,55,0.75,0,,,,47,,Lost,,https://casepariurionline.ro/verificare-bilet-superbet/,,,2024-06-25 11:36:57,
casa pariurilor mobile,RO,Romania,Romanian,Casa Pariurilor (Organization),true,false,true,true,true,true,Video preview,200,0,1.45,0,,,,41,,Lost,,https://casepariurionline.ro/,,,2024-06-21 08:50:20,
agentie gets bet,RO,Romania,Romanian,Get's Bet (Organization),true,false,false,true,true,false,"Image pack, Knowledge panel",150,0,,0,,,,40,,Lost,,https://casepariurionline.ro/case-de-pariuri-stradale-offline/,,,2024-06-11 18:18:57,
www efortuna ro pariuri sportive,RO,Romania,Romanian,eFortuna (Organization),true,false,true,false,false,false,"Sitelinks, Image pack, Video preview",90,2,0.35,0,,,,40,,Lost,,https://casepariurionline.ro/fortuna-descriere-si-recenzie/,,,2024-06-20 04:33:35,
superbet agentie,RO,Romania,Romanian,"Superbet (Organization), Superbet agency (Location)",true,false,false,true,false,false,"Local pack, Video preview, Image pack",100,2,1.28,0,,,,41,,Lost,,https://casepariurionline.ro/superbet-pareri/,,,2024-06-27 03:19:12,
casa parourilor,RO,Romania,Romanian,Casa Pariurilor (Organization),true,false,true,true,true,false,"Sitelinks, Video preview",150,6,1.60,0,,,,41,,Lost,,https://casepariurionline.ro/,,,2024-06-14 17:15:52,
superbet pariuri sportive fotbal,RO,Romania,Romanian,Superbet (Organization),true,false,true,false,true,true,"Sitelinks, Video preview",450,8,1.06,0,,,,47,,Lost,,https://casepariurionline.ro/ce-inseamna-sansa-dubla-la-pariuri/,,,2024-06-13 21:19:31,
pronostic fotbal,RO,Romania,Romanian,,false,false,false,true,false,false,"Video preview, Image pack",300,14,0.81,0,,,,47,,Lost,,https://casepariurionline.ro/tipurile-de-pariuri-la-fotbal/,,,2024-06-21 19:09:07,
casa pariurilor pacanele,RO,Romania,Romanian,"Casa Pariurilor (Organization), Pacanele (Product)",true,false,false,true,true,false,"Sitelinks, Video preview, Image pack",150,1,2.31,0,,,,42,,Lost,,https://casepariurionline.ro/unde-poti-face-o-reclamatie-unei-case-de-pariuri/,,,2024-06-14 20:58:01,
pariuri fotbal,RO,Romania,Romanian,,false,false,true,false,true,true,"Top stories, Thumbnail, Image pack, Video preview",350,41,2.59,0,,,,47,,Lost,,https://casepariurionline.ro/tipurile-de-pariuri-la-fotbal/,,,2024-06-23 06:17:11,
bonus casino online,RO,Romania,English,,false,false,false,true,true,false,,350,78,3.66,,0,,,,46,New,,,,https://casepariurionline.ro/bonus-pariuri/,,2026-06-15 03:28:40
casa pariurilor bonus de bun venit,RO,Romania,Romanian,Casa Pariurilor (Organization),true,false,false,true,true,false,"Featured snippet, Image pack",150,1,5.08,0,,,,43,,Lost,,https://casepariurionline.ro/bonus-pariuri/,,,2024-06-10 04:26:58,
casa pariurilor constanta,RO,Romania,Romanian,"Casa Pariurilor (Organization), Constanța (Location)",true,true,false,true,false,false,"Local pack, Image pack, Video preview",80,0,0.88,0,,,,41,,Lost,,https://casepariurionline.ro/,,,2024-06-14 05:39:24,
aplicatia betano,RO,Romania,Romanian,Betano (Organization),true,false,false,true,true,true,Video preview,90,1,2.00,0,,,,41,,Lost,,https://casepariurionline.ro/betano-descriere-si-recenzie/,,,2024-06-24 08:29:11,
superbet cont nou,RO,Romania,Romanian,Superbet (Organization),true,false,true,true,true,true,"Top ads, Paid sitelinks, Video preview, Image pack",150,10,5.91,0,,,,44,,Lost,,https://casepariurionline.ro/reactivare-cont-superbet/,,,2024-06-27 12:14:40,
campionate de fotbal,RO,Romania,Romanian,,false,false,false,true,false,false,"Image pack, Video preview, Knowledge panel",150,2,,0,,,,44,,Lost,,https://casepariurionline.ro/campionatele-in-care-se-marcheaza-cele-mai-multe-goluri/,,,2024-06-22 03:22:19,
casa. pariurilor,RO,Romania,Romanian,Casa Pariurilor (Organization),true,false,true,true,true,false,"Sitelinks, Video preview",300,5,,0,,,,47,,Lost,,https://casepariurionline.ro/,,,2024-06-21 18:48:38,
pariuri sportive casa pariurilor,RO,Romania,Romanian,Casa Pariurilor (Organization),true,false,true,true,true,true,"Sitelinks, Video preview, Image pack, Bottom ads, Paid sitelinks",80,26,0.43,0,,,,5,,Lost,,https://casepariurionline.ro/,,,2024-06-08 18:29:08,
888 sport bonus,RO,Romania,English,888 Sport (Organization),true,false,false,true,true,false,"Image pack, Video preview",200,6,2.53,0,,,,45,,Lost,,https://casepariurionline.ro/cum-iti-faci-cont-la-888sport/,,,2024-06-11 00:02:54,
unibet contact,RO,Romania,English,Unibet (Organization),true,false,false,true,false,false,"Image pack, Video preview",150,0,1.02,0,,,,45,,Lost,,https://casepariurionline.ro/unibet-descriere-si-recenzie/,,,2024-06-22 09:41:14,
betano pareri,RO,Romania,Romanian,Betano (Organization),true,false,false,true,true,false,"Image pack, Video preview",100,3,3.71,0,,,,13,,Lost,,https://casepariurionline.ro/betano-descriere-si-recenzie/,,,2024-06-25 19:42:13,
casa de pariuri fortuna,RO,Romania,Romanian,Fortuna (Organization),true,false,false,true,true,false,"Sitelinks, Thumbnail, Image pack, Video preview",80,3,0.97,0,,,,6,,Lost,,https://casepariurionline.ro/fortuna-descriere-si-recenzie/,,,2024-06-20 23:57:22,
conti casino pareri,RO,Romania,Romanian,Conti Casino (Organization),true,false,false,true,true,false,Image pack,100,0,2.95,0,,,,44,,Lost,,https://casepariurionline.ro/mr-bit-pareri/,,,2024-06-27 06:07:26,
fortuna aplicatie,RO,Romania,Romanian,Fortuna (Product),true,false,false,true,true,false,Video preview,80,0,2.26,0,,,,41,,Lost,,https://casepariurionline.ro/fortuna-descriere-si-recenzie/,,,2024-06-14 02:24:32,
superbet bilet virtual,RO,Romania,Romanian,Superbet (Organization),true,false,false,true,false,false,"Sitelinks, Video preview",100,16,0.99,0,,,,43,,Lost,,https://casepariurionline.ro/verificare-bilet-superbet/,,,2024-06-11 18:20:54,
pariuri gratuite,RO,Romania,Romanian,,false,false,false,true,true,false,"Image pack, Video preview",100,10,4.35,0,,,,44,,Lost,,https://casepariurionline.ro/bonus-pariuri/,,,2024-06-22 16:20:58,
pariuri fara depunere,RO,Romania,Romanian,,false,false,false,true,true,false,"Video preview, Image pack, Bottom ads, Paid sitelinks",150,0,2.73,0,,,,46,,Lost,,https://casepariurionline.ro/bonus-pariuri/,,,2024-06-25 17:31:22,
superbet bucurești,RO,Romania,Romanian,"Superbet (Organization), Bucharest (Location)",true,true,false,true,false,false,Local pack,400,46,0.78,0,0,0,,86,47,39,,https://casepariurionline.ro/contact-superbet/,,https://casepariurionline.ro/contact-superbet/,2024-06-20 13:39:35,2026-05-14 08:53:28
super avantaj superbet,RO,Romania,Romanian,"Superbet (Organization), Super Avantaj (Event)",true,false,false,true,true,false,"Video preview, Image pack",100,0,0.84,0,,,,45,,Lost,,https://casepariurionline.ro/pariuri-pe-cornere/,,,2024-06-21 10:20:14,
casa pariuri live,RO,Romania,Romanian,,false,false,false,true,true,false,Video preview,80,67,0.47,0,,,,44,,Lost,,https://casepariurionline.ro/ce-inseamna-pre-match/,,,2024-06-25 06:14:20,
calculator pariuri sigure,RO,Romania,Romanian,,false,false,false,true,false,false,Video preview,80,0,0.34,0,,,,44,,Lost,,https://casepariurionline.ro/strategia-1-3-2-6/,,,2024-06-12 22:13:27,
mozzart pariuri live,RO,Romania,Romanian,Mozzart Bet (Organization),true,false,true,true,true,true,"Sitelinks, Video preview",80,0,0.20,0,,,,44,,Lost,,https://casepariurionline.ro/mozzart-bet-pareri/,,,2024-06-22 12:27:38,
netbet pareri,RO,Romania,Romanian,Netbet (Organization),true,false,false,true,false,false,"Image pack, Video preview",150,2,2.49,0,,,,7,,Lost,,https://casepariurionline.ro/netbet-descriere-si-recenzie/,,,2024-06-21 12:42:46,
casa pariurilor cont,RO,Romania,Romanian,Casa Pariurilor (Organization),true,false,true,true,false,false,Image pack,250,1,1.24,0,,,,50,,Lost,,https://casepariurionline.ro/,,,2024-06-02 02:42:31,
pariori profesionisti pronosticuri,RO,Romania,Romanian,,false,false,false,true,false,false,,90,30,0.48,0,,,,45,,Lost,,https://casepariurionline.ro/tipurile-de-pariuri-la-fotbal/,,,2024-06-10 04:37:12,
super ber,RO,Romania,Romanian,Superbet (Organization),true,false,false,true,true,false,"Sitelinks, Knowledge panel, Video preview",80,11,1.50,0,,,,44,,Lost,,https://casepariurionline.ro/contact-superbet/,,,2024-06-12 11:27:27,
netbet romania,RO,Romania,English,"NetBet (Organization), Romania (Location)",true,false,false,true,true,false,"Sitelinks, Video preview",300,5,1.01,0,,,,50,,Lost,,https://casepariurionline.ro/netbet-descriere-si-recenzie/,,,2024-06-27 11:29:11,
unibet .ro,RO,Romania,,Unibet (Organization),true,false,true,true,true,false,"Sitelinks, Image pack, Video preview",150,37,0.20,0,,,,48,,Lost,,https://casepariurionline.ro/,,,2024-06-14 13:23:58,
winner pariuri sportive oferta,RO,Romania,Romanian,Winner (Organization),true,false,false,true,true,false,"Video preview, Bottom ads, Paid sitelinks",90,0,0.85,0,,,,46,,Lost,,https://casepariurionline.ro/winner-pareri/,,,2024-06-27 17:32:15,
casa pariurilor aplicatia,RO,Romania,Romanian,"Casa Pariurilor (Organization), Casa Pariurilor App (Product)",true,false,false,true,true,true,Video preview,90,0,1.08,0,,,,46,,Lost,,https://casepariurionline.ro/casa-pariurilor-pareri/,,,2024-06-19 18:30:17,
program superbet azi,RO,Romania,Romanian,Superbet (Organization),true,false,false,true,false,false,"AI Overview, Video preview",100,57,0.31,,0,,,,48,New,,,,https://casepariurionline.ro/contact-superbet/,,2026-06-15 09:27:35
player casino bonus,RO,Romania,English,Player Casino (Organization),true,false,false,true,true,false,"Image pack, Bottom ads, Paid sitelinks",200,0,1.86,0,,,,50,,Lost,,https://casepariurionline.ro/player-pareri/,,,2024-06-10 06:04:32,
aplicatie pariuri sportive,RO,Romania,Romanian,,false,false,false,true,true,false,"Knowledge panel, Videos, Image pack",200,3,4.37,0,,,,50,,Lost,,https://casepariurionline.ro/,,,2024-06-26 21:53:57,
netbet fotbal,RO,Romania,Romanian,NetBet (Organization),true,false,true,true,true,true,"Video preview, Image pack",200,0,1.60,0,,,,50,,Lost,,https://casepariurionline.ro/netbet-descriere-si-recenzie/,,,2024-06-17 23:06:30,
netbet inregistrare,RO,Romania,Romanian,NetBet (Organization),true,false,true,false,true,true,"Video preview, Image pack",200,5,4.29,0,,,,50,,Lost,,https://casepariurionline.ro/netbet-descriere-si-recenzie/,,,2024-06-13 10:28:28,
cont mozzart,RO,Romania,Romanian,Mozzart Bet (Organization),true,false,true,true,true,true,"Top ads, Paid sitelinks, Sitelinks, Image pack, Video preview, Bottom ads",200,2,2.00,0,,,,50,,Lost,,https://casepariurionline.ro/mozzart-bet-pareri/,,,2024-06-07 00:38:20,
gets bet pariuri fotbal,RO,Romania,Romanian,Get's Bet (Organization),true,false,true,true,true,true,"Image pack, Video preview",150,0,0.59,0,,,,49,,Lost,,https://casepariurionline.ro/total-goluri-asiatice/,,,2024-06-25 11:46:15,
efortuna inregistrare,RO,Romania,Romanian,eFortuna (Organization),true,false,true,true,true,true,"Top ads, Video preview, Image pack",150,5,2.66,0,,,,5,,Lost,,https://casepariurionline.ro/efortuna-inregistrare/,,,2024-06-15 21:08:10,
scor corect fotbal,RO,Romania,Romanian,,false,false,false,true,false,false,Video preview,150,0,0.48,0,,,,50,,Lost,,https://casepariurionline.ro/tipurile-de-pariuri-la-fotbal/,,,2024-06-17 17:41:58,
pariuri online,RO,Romania,Romanian,,false,false,false,true,true,true,"Image pack, Video preview, Bottom ads, Paid sitelinks",1100,71,7.78,0,,,,16,,Lost,,https://casepariurionline.ro/,,,2024-06-27 04:29:27,
goluri,RO,Romania,Romanian,,false,false,false,true,false,false,"Top stories, Thumbnail, Video preview, Knowledge panel, Image pack",150,0,0.65,0,,,,48,,Lost,,https://casepariurionline.ro/campionatele-in-care-se-marcheaza-cele-mai-multe-goluri/,,,2024-06-14 14:48:15,
super et,RO,Romania,Romanian,Superbet (Organization),true,false,false,true,true,false,"Top ads, Paid sitelinks, Sitelinks, Knowledge panel, Video preview",100,9,2.32,0,,,,49,,Lost,,https://casepariurionline.ro/contact-superbet/,,,2024-06-14 02:49:04,
retrageri superbet,RO,Romania,Romanian,Superbet (Organization),true,false,false,true,false,false,"Video preview, Thumbnail, Image pack",90,0,1.28,0,,,,50,,Lost,,https://casepariurionline.ro/superbet-pareri/,,,2024-06-13 10:53:31,
casa par,RO,Romania,Romanian,Casa Pariurilor (Organization),true,false,false,true,true,false,"Sitelinks, Thumbnail, Video preview",700,7,1.00,0,,,,26,,Lost,,https://casepariurionline.ro/,,,2024-06-26 21:41:47,
casa pariurilor live,RO,Romania,Romanian,Casa Pariurilor (Organization),true,false,false,true,true,true,"Top ads, Paid sitelinks, Videos, Video preview, Image pack",1800,50,0.82,0,,,,25,,Lost,,https://casepariurionline.ro/ce-inseamna-pre-match/,,,2024-06-27 20:39:58,
verificare superbet,RO,Romania,Romanian,Superbet (Organization),true,false,false,true,false,false,"Sitelinks, Video preview, Image pack",1700,0,1.51,0,,,,5,,Lost,,https://casepariurionline.ro/verificare-bilet-superbet/,,,2024-06-27 16:29:40,
pariu sansa superbet,RO,Romania,Romanian,"Superbet (Organization), Pariu Sansa (Event)",true,false,false,true,false,false,,300,55,1.91,0,0,0,,5,9,-4,,https://casepariurionline.ro/pariu-sansa-superbet/,,https://casepariurionline.ro/pariu-sansa-superbet/,2024-06-24 00:48:32,2026-05-20 11:04:00
pariuri mozzart,RO,Romania,Romanian,Mozzart Bet (Organization),true,false,true,true,true,true,"Image pack, Video preview",1500,2,0.04,0,,,,14,,Lost,,https://casepariurionline.ro/mozzart-bet-pareri/,,,2024-06-26 05:08:21,
casedepariurilegale,RO,Romania,Romanian,casedepariurilegale (Organization),true,false,false,true,false,false,Sitelinks,100,31,,0,0,0,,9,7,2,,https://casepariurionline.ro/,,https://casepariurionline.ro/,2024-06-27 22:10:41,2026-06-02 12:34:27
pauza final,RO,Romania,Romanian,,false,false,false,true,false,false,"Video preview, Image pack",150,0,1.23,0,,,,8,,Lost,,https://casepariurionline.ro/ce-inseamna-pariul-pauza-sau-final/,,,2024-06-27 07:25:07,
pariuri sportive,RO,Romania,Romanian,,false,false,false,true,true,false,"Thumbnail, Top stories",8500,73,3.93,0,,,,46,,Lost,,https://casepariurionline.ro/,,,2024-06-27 03:59:50,
roi,RO,Romania,Romanian,,false,false,false,true,false,false,"Knowledge card, Video preview",1200,0,0.03,0,,,,23,,Lost,,https://casepariurionline.ro/ce-este-roi/,,,2024-06-25 05:38:18,
ponturi pauza final,RO,Romania,Romanian,,false,false,false,true,false,false,Video preview,150,0,0.68,0,,,,31,,Lost,,https://casepariurionline.ro/meciuri-sigure-la-pariuri/,,,2024-06-26 22:22:50,
pariuri sportive online,RO,Romania,Romanian,,false,false,false,true,true,false,"Video preview, Image pack",900,73,6.17,0,,,,21,,Lost,,https://casepariurionline.ro/,,,2024-06-26 09:45:00,
casa pariurilor fortuna,RO,Romania,Romanian,"Casa Pariurilor (Organization), Fortuna (Organization)",true,false,false,true,true,false,"Sitelinks, Image pack, Video preview",100,4,0.55,0,,,,14,,Lost,,https://casepariurionline.ro/fortuna-descriere-si-recenzie/,,,2024-06-10 22:39:07,
casa pariurilor online,RO,Romania,Romanian,Casa Pariurilor (Organization),true,false,false,true,true,false,Sitelinks,700,6,1.82,0,,,,10,,Lost,,https://casepariurionline.ro/casa-pariurilor-pareri/,,,2024-06-27 05:46:56,
netbet pariuri sportive,RO,Romania,Romanian,NetBet (Organization),true,false,true,true,true,true,Sitelinks,400,6,1.58,0,,,,23,,Lost,,https://casepariurionline.ro/netbet-descriere-si-recenzie/,,,2024-06-26 06:07:20,
casa pariurilor aplicatie,RO,Romania,Romanian,"Casa Pariurilor (Organization), Casa Pariurilor App (Product)",true,false,false,true,true,true,Video preview,800,0,2.60,0,,,,41,,Lost,,https://casepariurionline.ro/casa-pariurilor-pareri/,,,2024-06-23 06:12:42,
suport@superbet.ro,RO,Romania,,suport@superbet.ro (Location),true,false,true,true,false,false,"Sitelinks, Image pack, Video preview",200,6,,0,,,,10,,Lost,,https://casepariurionline.ro/contact-superbet/,,,2024-06-17 18:26:43,
oferte casa pariurilor,RO,Romania,Romanian,Casa Pariurilor (Organization),true,false,false,true,true,false,"Sitelinks, Video preview",100,20,0.62,0,,,,7,,Lost,,https://casepariurionline.ro/,,,2024-06-11 15:00:30,
campionate fotbal,RO,Romania,Romanian,,false,false,false,true,false,false,"Video preview, Image pack",80,3,0.59,0,,,,39,,Lost,,https://casepariurionline.ro/campionatele-in-care-se-marcheaza-cele-mai-multe-goluri/,,,2024-06-27 01:06:40,
sirul fibonacci,RO,Romania,Romanian,Fibonacci sequence (Work),false,false,false,true,false,false,"Featured snippet, Thumbnail, Image pack, Video preview",80,0,,0,,,,34,,Lost,,https://casepariurionline.ro/strategie-bazata-pe-sirul-lui-fibonacci/,,,2024-06-19 17:46:02,
live casa pariurilor,RO,Romania,Romanian,Casa Pariurilor (Organization),true,false,true,true,true,false,Video preview,450,37,0.82,0,,,,24,,Lost,,https://casepariurionline.ro/ce-inseamna-pre-match/,,,2024-06-16 12:50:10,
pariuri,RO,Romania,Romanian,,false,false,false,true,true,false,"Thumbnail, Top stories, Image pack",700,76,6.02,0,,,,31,,Lost,,https://casepariurionline.ro/,,,2024-06-26 00:51:41,
meciuri live tenis,RO,Romania,Romanian,,false,false,false,true,false,false,"Video preview, Image pack",200,25,0.26,0,,,,31,,Lost,,https://casepariurionline.ro/meciuri-online-gratis/,,,2024-06-07 08:55:46,
mozzart pariuri,RO,Romania,Romanian,Mozzart Bet (Organization),true,false,false,true,true,false,"Top ads, Paid sitelinks, Sitelinks, Knowledge panel, Video preview",500,1,0.38,0,,,,11,,Lost,,https://casepariurionline.ro/mozzart-bet-pareri/,,,2024-06-26 16:45:19,
martingale,RO,Romania,Romanian,,false,false,false,true,false,false,"Knowledge panel, Video preview",200,4,0.21,0,,,,42,,Lost,,https://casepariurionline.ro/strategia-martingale-cea-mai-cunoscuta-strategie/,,,2024-06-12 04:46:55,
winmasters pareri,RO,Romania,Romanian,Winmasters (Organization),true,false,false,true,false,false,"Image pack, Video preview",150,0,1.42,0,,,,23,,Lost,,https://casepariurionline.ro/review-case-pariuri/page/2/,,,2024-06-10 16:38:16,
casa pariurilor pariuri sportive,RO,Romania,Romanian,Casa Pariurilor (Organization),true,false,true,true,true,true,"Sitelinks, Video preview, Image pack",350,12,1.35,0,,,,12,,Lost,,https://casepariurionline.ro/,,,2024-06-09 08:23:39,
betano pariuri,RO,Romania,Romanian,Betano (Organization),true,false,false,true,true,false,"Sitelinks, Video preview, Image pack",1900,15,1.72,0,,,,41,,Lost,,https://casepariurionline.ro/betano-descriere-si-recenzie/,,,2024-06-22 07:58:20,
pariuri sportive winner,RO,Romania,Romanian,Winner (Organization),true,false,true,true,true,true,Video preview,400,0,0.91,0,,,,43,,Lost,,https://casepariurionline.ro/winner-pareri/,,,2024-06-24 14:23:04,
robetano,RO,Romania,Romanian,Betano (Organization),true,false,true,true,true,false,"Sitelinks, Thumbnail, Video preview, Image pack",90,3,0.92,0,,,,13,,Lost,,https://casepariurionline.ro/betano-descriere-si-recenzie/,,,2024-06-19 11:51:45,
furtuna casa pariurilor,RO,Romania,Romanian,"Fortuna (Organization), Casa Pariurilor (Organization)",true,false,false,true,true,false,"Sitelinks, Video preview, Image pack",200,11,0.75,0,,,,11,,Lost,,https://casepariurionline.ro/fortuna-descriere-si-recenzie/,,,2024-06-08 17:49:35,
casa pariurilor flashscore,RO,Romania,Romanian,"Flashscore (Product), Liga II Casa Pariurilor (Work)",true,false,true,true,false,false,"Sitelinks, Video preview, Image pack",200,7,0.66,0,,,,19,,Lost,,https://casepariurionline.ro/site-uri-utile/,,,2024-06-13 06:52:33,
dnb pariuri,RO,Romania,Romanian,,false,false,false,true,false,false,"People also ask, Image pack",150,0,0.81,0,,,,20,,Lost,,https://casepariurionline.ro/ce-inseamna-sansa-dubla-la-pariuri/,,,2024-06-08 16:40:30,
casa pariurilor contact,RO,Romania,Romanian,Casa Pariurilor (Organization),true,false,false,true,false,false,"Local pack, Image pack, Video preview",350,0,1.77,0,,,,29,,Lost,,https://casepariurionline.ro/contact-superbet/,,,2024-06-09 21:08:24,
cotele mozzart,RO,Romania,Romanian,MozzartBet (Organization),true,false,false,true,true,false,"Sitelinks, Image pack, Video preview",100,0,0.17,0,,,,19,,Lost,,https://casepariurionline.ro/mozzart-bet-pareri/,,,2024-06-10 09:03:41,
superbet aplicatie,RO,Romania,Romanian,"Superbet (Organization), Superbet mobile application (Product)",true,false,false,true,true,false,"Video preview, Knowledge panel",450,4,1.69,0,,,,22,,Lost,,https://casepariurionline.ro/superbet-pareri/,,,2024-06-22 04:34:11,
superbet contact,RO,Romania,English,Superbet (Organization),true,false,false,true,false,false,Video preview,2000,58,2.55,0,0,0,,7,28,-21,,https://casepariurionline.ro/contact-superbet/,,https://casepariurionline.ro/contact-superbet/,2024-06-27 00:38:48,2026-06-20 01:44:49
casa pariur,RO,Romania,Romanian,Casa Pariurilor (Organization),true,false,false,true,true,false,"Sitelinks, Video preview, Image pack",100,20,0.55,0,,,,13,,Lost,,https://casepariurionline.ro/,,,2024-06-22 07:50:30,
uni bet,RO,Romania,Romanian,Unibet (Organization),true,false,false,true,true,false,"Sitelinks, Knowledge panel, Image pack, Video preview",900,8,0.14,0,,,,18,,Lost,,https://casepariurionline.ro/unibet-descriere-si-recenzie/,,,2024-06-27 20:04:28,
uniber,RO,Romania,Romanian,Unibet (Organization),true,false,false,true,true,false,"Sitelinks, Knowledge panel, Image pack, Video preview",300,8,0.14,0,,,,16,,Lost,,https://casepariurionline.ro/unibet-descriere-si-recenzie/,,,2024-06-18 01:08:57,
unubet,RO,Romania,Romanian,Unibet (Organization),true,false,true,true,true,true,"Sitelinks, Knowledge panel, Image pack, Video preview",150,8,1.33,0,,,,16,,Lost,,https://casepariurionline.ro/unibet-descriere-si-recenzie/,,,2024-06-14 12:25:52,
unibet.,RO,Romania,Romanian,Unibet (Organization),true,false,true,true,true,false,"Sitelinks, Knowledge panel, Image pack, Video preview",100,8,0.66,0,,,,17,,Lost,,https://casepariurionline.ro/unibet-descriere-si-recenzie/,,,2024-06-27 08:24:30,
fotbal casa pariurilor,RO,Romania,Romanian,Casa Pariurilor (Organization),true,false,false,true,true,false,"Sitelinks, Video preview, Image pack",150,46,0.30,0,,,,27,,Lost,,https://casepariurionline.ro/tipurile-de-pariuri-la-fotbal/,,,2024-06-23 09:17:26,
pariuri fortuna,RO,Romania,Romanian,Fortuna (Organization),true,false,false,true,true,false,"Sitelinks, Image pack, Video preview",700,3,0.02,0,,,,23,,Lost,,https://casepariurionline.ro/fortuna-descriere-si-recenzie/,,,2024-06-23 13:44:42,
suport@superbet,RO,Romania,,suport@superbet (Location),true,false,false,true,false,false,"Image pack, Video preview",80,2,,0,,,,18,,Lost,,https://casepariurionline.ro/contact-superbet/,,,2024-06-08 10:34:32,
superbet verificare bilet cod,RO,Romania,Romanian,Superbet (Organization),true,false,true,true,false,false,"Sitelinks, Video preview",600,58,2.39,0,0,0,,4,20,-16,,https://casepariurionline.ro/verificare-bilet-superbet/,,https://casepariurionline.ro/verificare-bilet-superbet/,2024-06-26 02:31:46,2026-06-15 19:03:47
pariu sportiv,RO,Romania,Romanian,,false,false,false,true,true,true,"Video preview, Image pack",250,72,3.93,0,,,,50,,Lost,,https://casepariurionline.ro/ce-inseamna-sansa-dubla-la-pariuri/,,,2024-06-21 03:39:55,
mozzart bet,RO,Romania,Romanian,Mozzart Bet (Organization),true,false,true,true,true,false,"Sitelinks, Video preview, Image pack",5100,9,0.41,0,,,,25,,Lost,,https://casepariurionline.ro/mozzart-bet-pareri/,,,2024-06-27 13:45:50,
efortuna online,RO,Romania,Romanian,eFortuna (Organization),true,false,false,true,true,false,"Sitelinks, Image pack, Video preview",250,8,0.01,0,,,,18,,Lost,,https://casepariurionline.ro/efortuna-inregistrare/,,,2024-06-27 21:40:20,
fortuna pariuri,RO,Romania,Romanian,Fortuna (Organization),true,false,false,true,true,false,"Sitelinks, Image pack, Video preview",4900,2,0.02,0,,,,25,,Lost,,https://casepariurionline.ro/fortuna-descriere-si-recenzie/,,,2024-06-27 03:10:58,
uinbet,RO,Romania,Romanian,Unibet (Organization),true,false,true,true,true,true,"Sitelinks, Image pack, Video preview, Knowledge panel",80,8,0.20,0,,,,19,,Lost,,https://casepariurionline.ro/unibet-descriere-si-recenzie/,,,2024-06-05 19:19:44,
cont superbet,RO,Romania,Romanian,SuperBet (Organization),true,false,true,true,true,true,"Video preview, Image pack",2200,5,2.55,0,,,,22,,Lost,,https://casepariurionline.ro/reactivare-cont-superbet/,,,2024-06-27 09:55:01,
unibey,RO,Romania,Romanian,Unibet (Organization),true,false,false,true,false,false,"Sitelinks, Knowledge panel, Image pack, Video preview",200,17,0.14,0,,,,20,,Lost,,https://casepariurionline.ro/unibet-descriere-si-recenzie/,,,2024-06-10 16:48:55,
agentie casa pariurilor,RO,Romania,Romanian,Casa Pariurilor (Organization),true,false,false,true,false,false,"Local pack, Image pack",100,7,1.34,0,,,,18,,Lost,,https://casepariurionline.ro/,,,2024-06-10 15:19:56,
fortuna bets,RO,Romania,English,Fortuna (Organization),true,false,true,true,true,true,"Sitelinks, Video preview, Image pack",100,0,0.91,0,,,,43,,Lost,,https://casepariurionline.ro/fortuna-descriere-si-recenzie/,,,2024-06-26 11:16:07,
pariu 1x2,RO,Romania,Romanian,,false,false,false,true,false,false,Video preview,80,1,1.48,0,,,,20,,Lost,,https://casepariurionline.ro/tipurile-de-pariuri-la-fotbal/,,,2024-06-12 12:54:24,
casapariurilor,RO,Romania,Romanian,,false,false,false,true,true,false,"Top ads, Paid sitelinks, Sitelinks, Local pack, Video preview, Image pack",2000,8,1.66,0,,,,22,,Lost,,https://casepariurionline.ro/casa-pariurilor-pareri/,,,2024-06-27 12:54:04,
1x2 pariuri,RO,Romania,Romanian,,false,false,false,true,false,false,"Video preview, Image pack",300,3,1.47,0,,,,17,,Lost,,https://casepariurionline.ro/tipurile-de-pariuri-la-fotbal/,,,2024-06-12 22:27:50,
unibet,RO,Romania,Romanian,Unibet (Organization),true,false,true,true,true,false,"Top ads, Paid sitelinks, Sitelinks, Knowledge panel, Image pack, Video preview",217000,9,0.14,0,,,,24,,Lost,,https://casepariurionline.ro/unibet-descriere-si-recenzie/,,,2024-06-27 10:39:05,
casa pariurilor agentii,RO,Romania,Romanian,"Casa Pariurilor (Organization), Casa Pariurilor betting agency (Organization)",true,false,false,true,false,false,"Thumbnail, Local pack, Image pack, Video preview",150,7,1.25,0,,,,16,,Lost,,https://casepariurionline.ro/,,,2024-06-17 19:54:23,
fortuna pariuri sportive oferta,RO,Romania,Romanian,Fortuna (Organization),true,false,false,true,true,false,"Sitelinks, Video preview",90,9,,0,,,,30,,Lost,,https://casepariurionline.ro/fortuna-descriere-si-recenzie/,,,2024-06-22 02:36:26,
agentii casa pariurilor,RO,Romania,Romanian,,false,false,false,true,false,false,Sitelinks,400,15,1.34,0,0,0,,15,18,-3,,https://casepariurionline.ro/,,https://casepariurionline.ro/,2024-06-27 16:48:08,2026-06-16 07:07:10
fortuna pariuri oferta,RO,Romania,Romanian,Fortuna (Organization),true,false,false,true,true,false,"Sitelinks, Image pack",250,7,0.01,0,,,,42,,Lost,,https://casepariurionline.ro/fortuna-descriere-si-recenzie/,,,2024-06-14 02:24:05,
cont casa pariurilor,RO,Romania,Romanian,Casa Pariurilor (Organization),true,false,true,true,false,false,Image pack,900,24,2.70,0,,,,42,,Lost,,https://casepariurionline.ro/,,,2024-06-24 13:10:01,
agentia casa pariurilor,RO,Romania,Romanian,Agentia Casa Pariurilor (Organization),true,false,false,true,false,false,Image pack,150,5,0.56,0,,,,20,,Lost,,https://casepariurionline.ro/,,,2024-06-11 08:03:23,
casa pariurilor .ro,RO,Romania,Romanian,Casa Pariurilor (Organization),true,false,true,true,true,false,"Sitelinks, Image pack, Video preview",150,5,,0,,,,32,,Lost,,https://casepariurionline.ro/,,,2024-06-13 16:12:00,
fortuna pariuri online,RO,Romania,Romanian,Fortuna (Organization),true,false,false,true,true,false,"Sitelinks, Video preview",150,8,2.11,0,,,,16,,Lost,,https://casepariurionline.ro/efortuna-inregistrare/,,,2024-06-23 00:47:27,
unibet pariuri,RO,Romania,Romanian,Unibet (Organization),true,false,true,true,true,true,"Sitelinks, Image pack",350,27,0.37,0,,,,21,,Lost,,https://casepariurionline.ro/unibet-descriere-si-recenzie/,,,2024-06-20 05:07:41,
casa pariurilo,RO,Romania,Romanian,Casa Pariurilor (Organization),true,false,true,true,true,false,"Sitelinks, Video preview",200,6,0.17,0,,,,50,,Lost,,https://casepariurionline.ro/casa-pariurilor-pareri/,,,2024-06-12 10:38:03,
pariuri 1 x 2,RO,Romania,Romanian,,false,false,false,true,false,false,"Sitelinks, Video preview, Image pack",150,0,0.55,0,,,,21,,Lost,,https://casepariurionline.ro/tipurile-de-pariuri-la-fotbal/,,,2024-06-24 22:44:51,
verificare bilet superbet,RO,Romania,Romanian,Superbet (Organization),true,false,false,true,false,false,"Sitelinks, Video preview",23000,49,1.21,0,0,0,,5,27,-22,,https://casepariurionline.ro/verificare-bilet-superbet/,,https://casepariurionline.ro/verificare-bilet-superbet/,2024-06-27 01:14:37,2026-06-14 13:36:55
casa pariurilor oferta,RO,Romania,Romanian,Casa Pariurilor (Organization),true,false,false,true,true,false,"Sitelinks, Bottom ads, Paid sitelinks",700,7,1.19,0,,,,32,,Lost,,https://casepariurionline.ro/,,,2024-06-25 05:02:46,
superbet verificare bilet,RO,Romania,Romanian,Superbet (Organization),true,false,true,true,false,false,"Sitelinks, Video preview, Image pack",11000,57,1.11,0,0,0,,9,27,-18,,https://casepariurionline.ro/verificare-bilet-superbet/,,https://casepariurionline.ro/verificare-bilet-superbet/,2024-06-27 13:50:31,2026-06-17 18:24:40
superbet verifica bilet,RO,Romania,Romanian,Superbet (Organization),true,false,false,true,false,false,"Sitelinks, Video preview",800,54,1.15,0,0,0,,5,25,-20,,https://casepariurionline.ro/verificare-bilet-superbet/,,https://casepariurionline.ro/verificare-bilet-superbet/,2024-06-27 18:00:35,2026-06-14 03:27:36
net bet,RO,Romania,Romanian,NetBet (Organization),true,false,false,true,true,false,"Sitelinks, Knowledge panel, Video preview, Image pack",5100,43,0.50,0,,,,44,,Lost,,https://casepariurionline.ro/netbet-descriere-si-recenzie/,,,2024-06-27 06:16:48,
superbet agentii,RO,Romania,Romanian,"Superbet (Organization), Superbet Agencies (Location)",true,false,false,true,false,false,"Sitelinks, Thumbnail, Local pack, Video preview, Image pack",500,0,0.65,0,,,,40,,Lost,,https://casepariurionline.ro/superbet-pareri/,,,2024-06-25 00:14:21,
verifica bilet superbet,RO,Romania,Romanian,Superbet (Organization),true,false,true,true,false,false,"Sitelinks, Video preview",1300,58,3.45,0,0,0,,6,28,-22,,https://casepariurionline.ro/verificare-bilet-superbet/,,https://casepariurionline.ro/verificare-bilet-superbet/,2024-06-27 14:23:10,2026-06-21 19:17:55
furtuna pariuri,RO,Romania,Romanian,Fortuna (Organization),true,false,false,true,true,false,"Top ads, Paid sitelinks, Sitelinks, Image pack, Video preview",100,3,0.07,0,,,,29,,Lost,,https://casepariurionline.ro/fortuna-descriere-si-recenzie/,,,2024-06-26 20:07:32,
mozzart cote,RO,Romania,Romanian,Mozzart Bet (Organization),true,false,false,true,true,false,"Image pack, Video preview",350,2,0.13,0,,,,26,,Lost,,https://casepariurionline.ro/mozzart-bet-pareri/,,,2024-06-24 04:50:03,
unibet live,RO,Romania,English,Unibet (Organization),true,false,true,false,true,true,"Sitelinks, Video preview, Image pack",400,24,0.09,0,,,,28,,Lost,,https://casepariurionline.ro/unibet-descriere-si-recenzie/,,,2024-06-17 17:06:49,
unibet romania,RO,Romania,English,"Unibet (Organization), Romania (Location)",true,false,false,true,false,false,"Sitelinks, Video preview, Image pack",900,7,0.28,0,,,,22,,Lost,,https://casepariurionline.ro/unibet-descriere-si-recenzie/,,,2024-06-22 06:43:58,
winner pariuri,RO,Romania,Romanian,Winner.ro (Organization),true,false,true,true,true,false,"Sitelinks, Image pack, Video preview",100,0,1.60,0,,,,28,,Lost,,https://casepariurionline.ro/winner-pareri/,,,2024-06-26 02:50:39,
agentii superbet,RO,Romania,Romanian,"Superbet (Organization), Superbet Agencies (Location)",true,false,false,true,false,false,"Local pack, Sitelinks, Thumbnail, Video preview, Image pack",250,0,1.23,0,,,,39,,Lost,,https://casepariurionline.ro/contact-superbet/,,,2024-06-18 15:22:17,
regulament superbet,RO,Romania,Romanian,"Superbet (Organization), Superbet betting rules (Work)",true,false,false,true,false,false,"Image pack, Video preview",150,0,3.86,0,,,,27,,Lost,,https://casepariurionline.ro/pariu-sansa-superbet/,,,2024-06-15 06:44:52,
agenti fortuna,RO,Romania,Romanian,The Lucky One (Work),true,false,false,true,true,true,"Sitelinks, Image pack, Video preview",150,3,0.37,0,,,,25,,Lost,,https://casepariurionline.ro/fortuna-descriere-si-recenzie/,,,2024-06-17 05:59:28,
efortuna,RO,Romania,Romanian,eFortuna (Organization),true,false,true,true,true,false,"Sitelinks, Video preview, Knowledge panel",24000,0,0.16,0,,,,31,,Lost,,https://casepariurionline.ro/efortuna-inregistrare/,,,2024-06-27 23:06:52,
superbet verificare,RO,Romania,Romanian,Superbet (Organization),true,false,true,true,false,false,"Sitelinks, Video preview",600,58,0.82,0,0,0,,5,30,-25,,https://casepariurionline.ro/verificare-bilet-superbet/,,https://casepariurionline.ro/verificare-bilet-superbet/,2024-06-24 02:39:22,2026-06-16 18:15:54
oferta fotbal casa pariurilor,RO,Romania,Romanian,Casa Pariurilor (Organization),true,false,false,true,true,false,"Sitelinks, Image pack, Video preview",100,46,0.62,0,,,,32,,Lost,,https://casepariurionline.ro/tipurile-de-pariuri-la-fotbal/,,,2024-06-12 14:17:12,
superbet cont,RO,Romania,Romanian,Superbet (Organization),true,false,true,false,false,true,"Video preview, Image pack, Bottom ads, Paid sitelinks",1800,8,2.55,0,,,,27,,Lost,,https://casepariurionline.ro/reactivare-cont-superbet/,,,2024-06-23 11:18:51,
vinbet,RO,Romania,Romanian,Winbet (Organization),true,false,false,true,true,false,"Sitelinks, Video preview",200,6,0.10,0,,,,31,,Lost,,https://casepariurionline.ro/pareri-winbet/,,,2024-06-19 17:22:10,
winibet,RO,Romania,Romanian,Winibet (Organization),true,false,true,true,true,false,"Sitelinks, Video preview",150,8,0.86,0,,,,31,,Lost,,https://casepariurionline.ro/pareri-winbet/,,,2024-06-08 05:45:37,
agentii efortuna,RO,Romania,Romanian,eFortuna (Organization),true,false,false,true,false,false,Sitelinks,150,1,0.01,0,,,,27,,Lost,,https://casepariurionline.ro/fortuna-descriere-si-recenzie/,,,2024-06-22 04:58:19,
betano aplicatie,RO,Romania,Romanian,Betano (Organization),true,false,false,true,true,true,Video preview,200,1,2.57,0,,,,44,,Lost,,https://casepariurionline.ro/betano-descriere-si-recenzie/,,,2024-06-24 01:52:01,
www superbet,RO,Romania,Romanian,Superbet (Organization),true,false,true,false,false,false,"Sitelinks, Video preview, Image pack",1400,6,1.73,0,,,,38,,Lost,,https://casepariurionline.ro/contact-superbet/,,,2024-06-22 04:56:42,
agentii fortuna,RO,Romania,Romanian,"Fortuna betting agency (Organization), Fortuna (Organization)",true,false,false,true,false,false,"Sitelinks, Local pack, Image pack",500,5,0.05,0,,,,27,,Lost,,https://casepariurionline.ro/fortuna-descriere-si-recenzie/,,,2024-06-27 23:25:03,
www casa pariurilor oferta,RO,Romania,Romanian,Casa Pariurilor (Organization),true,false,false,true,true,false,Sitelinks,100,5,0.60,0,,,,29,,Lost,,https://casepariurionline.ro/,,,2024-06-08 02:14:14,
winbwt,RO,Romania,Romanian,Winbet (Organization),true,false,false,true,true,false,"Sitelinks, Video preview",200,8,0.21,0,,,,35,,Lost,,https://casepariurionline.ro/pareri-winbet/,,,2024-06-11 02:19:53,
cota2,RO,Romania,Romanian,Cota2 (Organization),true,false,false,true,false,false,"Thumbnail, Video preview, Image pack",400,12,0.40,0,,,,36,,Lost,,https://casepariurionline.ro/strategii-de-pariere-pe-cota-2/,,,2024-06-20 12:24:10,
casa pa,RO,Romania,Romanian,Casa Pariurilor (Organization),true,false,false,true,true,false,"Sitelinks, Thumbnail, Local pack, Video preview, Image pack",100,9,1.42,0,,,,41,,Lost,,https://casepariurionline.ro/,,,2024-06-21 21:33:30,
pariu,RO,Romania,Romanian,,false,false,false,true,false,false,"Top ads, Paid sitelinks, Videos, Video preview, Image pack",300,0,1.52,0,,,,36,,Lost,,https://casepariurionline.ro/pariu-sansa-superbet/,,,2024-06-10 12:33:17,
syperbet,RO,Romania,Romanian,Superbet (Organization),true,false,false,true,true,false,"Sitelinks, Video preview, Knowledge panel",150,5,1.50,0,,,,37,,Lost,,https://casepariurionline.ro/contact-superbet/,,,2024-06-12 16:56:51,
winner pariuri sportive,RO,Romania,Romanian,Winner (Organization),true,false,false,true,true,false,"Video preview, Image pack",400,0,0.91,0,,,,35,,Lost,,https://casepariurionline.ro/winner-pareri/,,,2024-06-24 01:52:30,
winbey,RO,Romania,Romanian,Winbet (Organization),true,false,true,true,true,false,"Sitelinks, Video preview",500,8,0.21,0,,,,38,,Lost,,https://casepariurionline.ro/pareri-winbet/,,,2024-06-10 02:49:10,
casa pariurilor,RO,Romania,Romanian,Casa Pariurilor (Organization),true,false,false,true,true,false,"Top ads, Paid sitelinks, Sitelinks, Video preview",329000,4,1.33,0,,,,50,,Lost,,https://casepariurionline.ro/casa-pariurilor-pareri/,,,2024-06-27 11:53:02,
efortuna agentii,RO,Romania,Romanian,"eFortuna (Organization), eFortuna betting agencies (Location)",true,false,false,true,false,false,"Sitelinks, Image pack",200,1,0.03,0,,,,26,,Lost,,https://casepariurionline.ro/efortuna-inregistrare/,,,2024-06-25 19:15:01,
casa pariurilor ofertă,RO,Romania,Romanian,Casa Pariurilor (Organization),true,false,false,true,true,false,"Sitelinks, Image pack",200,5,1.50,0,,,,40,,Lost,,https://casepariurionline.ro/,,,2024-06-13 00:00:11,
super bet,RO,Romania,Romanian,Superbet (Organization),true,false,true,true,true,false,"Sitelinks, Video preview, Knowledge panel",21000,3,0.53,0,,,,47,,Lost,,https://casepariurionline.ro/contact-superbet/,,,2024-06-27 03:31:29,
fortuna pariuri sportive,RO,Romania,Romanian,Fortuna (Organization),true,false,false,true,true,false,"Sitelinks, Video preview, Bottom ads, Paid sitelinks",2700,3,0.01,0,,,,49,,Lost,,https://casepariurionline.ro/efortuna-inregistrare/,,,2024-06-27 21:32:28,
casa pariurior,RO,Romania,Romanian,Casa Pariurilor (Organization),true,false,false,true,false,false,"Sitelinks, Video preview",90,6,0.58,0,,,,48,,Lost,,https://casepariurionline.ro/,,,2024-06-19 17:22:14,
oricare,RO,Romania,Romanian,,false,false,false,true,false,false,"Image pack, Video preview, Knowledge panel",100,0,0.03,0,,,,42,,Lost,,https://casepariurionline.ro/ce-inseamna-castiga-oricare-din-reprize/,,,2024-06-24 22:38:22,
mozzart,RO,Romania,Romanian,Mozzart (Organization),true,false,true,true,true,false,"Sitelinks, Image pack, Video preview",15000,7,0.26,0,,,,44,,Lost,,https://casepariurionline.ro/mozzart-bet-pareri/,,,2024-06-27 13:15:16,
www.casa pariurilor oferta,RO,Romania,Romanian,"Casa Pariurilor (Organization), Casa Pariurilor offer (Product)",true,false,true,true,true,false,Video preview,90,8,0.60,0,,,,45,,Lost,,https://casepariurionline.ro/,,,2024-05-29 10:01:48,
agentii.efortuna,RO,Romania,Romanian,eFortuna betting agencies (Location),true,false,false,true,false,false,"Sitelinks, Image pack",150,1,0.01,0,,,,28,,Lost,,https://casepariurionline.ro/fortuna-descriere-si-recenzie/,,,2024-06-11 02:14:32,
efortuna pariuri sportive,RO,Romania,Romanian,eFortuna (Organization),true,false,true,true,true,true,"Sitelinks, Image pack, Video preview",300,3,0.01,0,,,,37,,Lost,,https://casepariurionline.ro/fortuna-descriere-si-recenzie/,,,2024-06-21 02:45:00,
superbet.,RO,Romania,Romanian,Superbet (Organization),true,false,true,true,true,true,"Sitelinks, Knowledge panel, Video preview",1900,6,0.53,0,,,,44,,Lost,,https://casepariurionline.ro/contact-superbet/,,,2024-06-22 03:30:19,
casa pariulor,RO,Romania,Romanian,Casa Pariurilor (Organization),true,false,true,true,true,false,"Sitelinks, Video preview",100,6,,0,,,,46,,Lost,,https://casepariurionline.ro/casa-pariurilor-pareri/,,,2024-06-10 13:55:50,
mozzartbet,RO,Romania,Romanian,Mozzartbet (Organization),true,false,true,false,true,true,"Sitelinks, Video preview",14000,8,0.41,0,,,,45,,Lost,,https://casepariurionline.ro/mozzart-bet-pareri/,,,2024-06-27 00:12:00,
sperbet,RO,Romania,Romanian,Superbet (Organization),true,false,false,true,true,false,"Sitelinks, Knowledge panel, Video preview",250,6,0.53,0,,,,44,,Lost,,https://casepariurionline.ro/contact-superbet/,,,2024-06-10 11:35:30,
fortuna agentii,RO,Romania,Romanian,"Fortuna (Organization), Fortuna Agents (Location)",true,false,false,true,false,false,"Sitelinks, Local pack, Image pack",250,13,0.01,0,,,,35,,Lost,,https://casepariurionline.ro/efortuna-inregistrare/,,,2024-06-25 04:54:12,
supert,RO,Romania,Romanian,Superbet (Organization),true,false,false,true,true,false,"Sitelinks, Video preview, Knowledge panel",100,8,0.34,0,,,,44,,Lost,,https://casepariurionline.ro/contact-superbet/,,,2024-06-16 22:51:26,
duperbet,RO,Romania,Romanian,Superbet (Organization),true,false,false,true,true,false,"Sitelinks, Videos, Video preview, Knowledge panel",80,10,2.65,0,,,,44,,Lost,,https://casepariurionline.ro/contact-superbet/,,,2024-06-24 08:04:26,
suprbet,RO,Romania,Romanian,Superbet (Organization),true,false,false,true,true,false,"Sitelinks, Knowledge panel, Video preview",300,13,,0,,,,45,,Lost,,https://casepariurionline.ro/contact-superbet/,,,2024-06-13 02:17:04,
supetbet,RO,Romania,Romanian,Superbet (Organization),true,false,false,true,true,false,"Sitelinks, Top stories, Thumbnail, Knowledge panel, Video preview",200,8,0.53,0,,,,45,,Lost,,https://casepariurionline.ro/contact-superbet/,,,2024-06-01 15:59:19,
sulerbet,RO,Romania,Romanian,Superbet (Organization),true,false,false,true,true,false,"Sitelinks, Video preview, Knowledge panel",100,8,1.51,0,,,,45,,Lost,,https://casepariurionline.ro/contact-superbet/,,,2024-06-09 18:43:07,
superbet.ro verificare bilet,RO,Romania,Romanian,Superbet (Organization),true,false,true,true,false,false,"Sitelinks, Video preview",450,48,1.53,0,0,0,,12,30,-18,,https://casepariurionline.ro/verificare-bilet-superbet/,,https://casepariurionline.ro/verificare-bilet-superbet/,2024-06-18 13:03:02,2026-06-14 05:08:49
superbt,RO,Romania,Romanian,Superbet (Organization),true,false,false,true,true,false,"Sitelinks, Knowledge panel, Video preview",250,11,0.53,0,,,,39,,Lost,,https://casepariurionline.ro/contact-superbet/,,,2024-06-09 13:05:37,
mozartbet,RO,Romania,Romanian,MozzartBet (Organization),true,false,true,false,true,true,"Sitelinks, Video preview",600,8,0.41,0,,,,46,,Lost,,https://casepariurionline.ro/mozzart-bet-pareri/,,,2024-06-23 20:40:25,
excelent bet,RO,Romania,Romanian,ExcelBet (Organization),true,false,false,true,true,false,"Sitelinks, Video preview, Image pack",300,0,0.74,0,,,,47,,Lost,,https://casepariurionline.ro/mozzart-bet-pareri/,,,2024-05-27 11:51:14,
fortuna agentie,RO,Romania,Romanian,"Fortuna (Organization), Fortuna Agency (Organization)",true,false,false,true,false,false,"Sitelinks, Image pack",90,3,0.38,0,,,,40,,Lost,,https://casepariurionline.ro/fortuna-descriere-si-recenzie/,,,2024-06-22 16:56:27,
superbe,RO,Romania,Romanian,Superbet (Organization),true,false,false,true,true,false,"Sitelinks, Knowledge panel, Video preview",800,8,1.84,0,,,,47,,Lost,,https://casepariurionline.ro/contact-superbet/,,,2024-06-25 07:53:20,
fortuna online,RO,Romania,English,Fortuna (Organization),true,false,false,true,true,false,"Sitelinks, Image pack, Video preview",1000,69,0.46,0,,,,42,,Lost,,https://casepariurionline.ro/efortuna-inregistrare/,,,2024-06-27 13:46:54,
superbey,RO,Romania,Romanian,Superbet (Organization),true,false,false,true,true,false,"Sitelinks, Video preview, Knowledge panel",1300,3,0.53,0,,,,49,,Lost,,https://casepariurionline.ro/contact-superbet/,,,2024-06-26 00:58:13,
siperbet,RO,Romania,Romanian,Siperbet (Organization),true,false,false,true,false,false,"Sitelinks, Knowledge panel, Video preview",100,13,2.65,0,,,,45,,Lost,,https://casepariurionline.ro/contact-superbet/,,,2024-06-13 04:33:48,
betnet,RO,Romania,Romanian,NetBet (Organization),true,false,true,true,true,false,"Sitelinks, Knowledge panel, Video preview, Image pack",100,42,1.66,0,,,,49,,Lost,,https://casepariurionline.ro/netbet-descriere-si-recenzie/,,,2024-06-18 09:16:44,
casa pariurilor oferta fotbal,RO,Romania,Romanian,Casa Pariurilor (Organization),true,false,false,true,true,false,"Top ads, Paid sitelinks, Sitelinks, Image pack, Video preview",200,46,1.02,0,,,,38,,Lost,,https://casepariurionline.ro/tipurile-de-pariuri-la-fotbal/,,,2024-06-14 03:49:42,
casa pari,RO,Romania,Romanian,Casa Pariurilor (Organization),true,false,true,true,true,false,"Sitelinks, Thumbnail, Video preview, Image pack, Local pack",150,3,1.65,0,,,,47,,Lost,,https://casepariurionline.ro/casa-pariurilor-pareri/,,,2024-06-13 13:51:54,
wimbet,RO,Romania,Romanian,Winbet (Organization),true,false,false,true,true,false,"Sitelinks, Video preview",200,6,0.22,0,,,,50,,Lost,,https://casepariurionline.ro/pareri-winbet/,,,2024-06-17 12:35:36,
supwrbet,RO,Romania,Romanian,Superbet (Organization),true,false,false,true,false,false,"Sitelinks, Knowledge panel, Video preview",100,11,0.86,0,,,,50,,Lost,,https://casepariurionline.ro/contact-superbet/,,,2024-06-22 10:24:10,
supertbet,RO,Romania,Romanian,Superbet (Organization),true,false,false,true,true,false,"Sitelinks, Knowledge panel, Video preview",150,8,0.53,0,,,,47,,Lost,,https://casepariurionline.ro/contact-superbet/,,,2024-06-20 11:06:28,
netbe,RO,Romania,Romanian,NetBet (Organization),true,false,false,true,true,false,"Sitelinks, Video preview, Image pack, Knowledge panel",150,42,2.25,0,,,,50,,Lost,,https://casepariurionline.ro/netbet-descriere-si-recenzie/,,,2024-06-15 22:40:16,
supeerbet,RO,Romania,Romanian,Superbet (Organization),true,false,true,true,true,false,"Sitelinks, Videos, Video preview, Knowledge panel",150,11,1.57,0,,,,41,,Lost,,https://casepariurionline.ro/contact-superbet/,,,2024-06-10 09:37:30,
superber,RO,Romania,Romanian,Superbet (Organization),true,false,false,true,true,false,"Sitelinks, Video preview, Knowledge panel",600,7,0.53,0,,,,46,,Lost,,https://casepariurionline.ro/contact-superbet/,,,2024-06-24 02:45:37,
casa parilor,RO,Romania,Romanian,Casa Pariurilor (Organization),true,false,false,true,true,false,"Sitelinks, Video preview",90,6,0.19,0,,,,46,,Lost,,https://casepariurionline.ro/,,,2024-06-09 12:39:27,
superbety,RO,Romania,Romanian,Superbet (Organization),true,false,true,true,true,false,"Sitelinks, Videos, Video preview, Knowledge panel",150,11,1.87,0,,,,43,,Lost,,https://casepariurionline.ro/contact-superbet/,,,2024-06-09 10:38:23,
superbert,RO,Romania,Romanian,Superbet (Organization),true,false,true,true,true,false,"Sitelinks, Videos, Video preview, Knowledge panel",100,13,0.53,0,,,,49,,Lost,,https://casepariurionline.ro/contact-superbet/,,,2024-06-08 11:53:03,
supebet,RO,Romania,Romanian,Superbet (Organization),true,false,false,true,true,false,"Sitelinks, Knowledge panel, Video preview",600,8,0.53,0,,,,47,,Lost,,https://casepariurionline.ro/contact-superbet/,,,2024-06-23 07:20:58,
superet,RO,Romania,Romanian,Superet (Person),false,false,false,true,false,false,"Sitelinks, Knowledge panel, Video preview",150,6,1.04,0,,,,47,,Lost,,https://casepariurionline.ro/contact-superbet/,,,2024-06-25 17:42:21,
suberbet,RO,Romania,Romanian,Superbet (Organization),true,false,false,true,true,false,"Top ads, Paid sitelinks, Sitelinks, Knowledge panel, Video preview",400,8,0.53,0,,,,45,,Lost,,https://casepariurionline.ro/contact-superbet/,,,2024-06-11 03:26:21,
e-fortuna,RO,Romania,Romanian,eFortuna (Organization),true,false,true,true,true,false,"Sitelinks, Knowledge panel, Video preview",90,12,,0,,,,47,,Lost,,https://casepariurionline.ro/efortuna-inregistrare/,,,2024-06-14 08:53:45,
