#,Keyword,Country,Difficulty,Volume,CPC,CPS,Parent Keyword,Last Update,SERP Features,Global volume,Traffic potential,Global traffic potential,First seen,Intents,Languages,SV trend (07-2024 - 06-2026),SV Forecasting trend (07-2026 - 07-2027),Category
1,fortuna,ro,58,202000,0.15,1.09,efortuna,2026-07-07 08:03:55,,1330000,42000,42000,2015-09-01,"Informational,Non-branded,Non-local",,"218856, 227151, 234438, 228321, 200199, 224030, 195278, 192446, 220191, 186505, 221309, 190048, 193831, 192750, 194012, 217913, 181088, 212114, 194490, 220401, 220289, 213808, 190771, 164234","177034, 193819, 206012, 201112, 192906, 205026, 193830, 217755, 218082, 212020, 189440, 163278",Belief; Folklore
2,fortuna casino,ro,51,43000,0.40,1.24,fortuna casino,2026-07-07 07:35:26,Sitelinks,89000,40000,45000,2015-10-08,"Informational,Commercial,Branded,Non-local",English,"29788, 26692, 29811, 31793, 29380, 40429, 33853, 31178, 47103, 37303, 40455, 35570, 43507, 44711, 36030, 41688, 38609, 44324, 48709, 41739, 42526, 53118, 47961, 39646","42909, 43413, 36762, 42364, 39109, 44784, 49114, 42017, 42753, 53345, 48125, 39755",Sports betting
3,fortuna palace,ro,51,30000,0.60,0.97,palace casino,2026-07-05 06:10:00,"Sitelinks,Local pack,Video preview,Thumbnail",32000,100,100,2015-09-25,"Informational,Navigational,Commercial,Transactional,Branded,Non-local",,"26, 39, 105, 86, 18, 2739, 12414, 14587, 14958, 13138, 10611, 27973, 43439, 32137, 33424, 38382, 35040, 35848, 29898, 20027, 20027, 20027, 20027, 20027","20027, 20027, 20027, 20027, 20027, 20027, 20027, 20027, 20027, 20027, 20027, 20027",Gambling
4,fortuna bet,ro,64,11000,0.15,1.09,efortuna.ro,2026-07-09 08:00:05,Sitelinks,14000,16000,18000,2015-09-02,"Informational,Navigational,Commercial,Branded,Non-local",,"6852, 8392, 8420, 9241, 9200, 9137, 9242, 8258, 9197, 6880, 6243, 5405, 5504, 6562, 8940, 11602, 11353, 10710, 10555, 12384, 16103, 15039, 13296, 8109","5140, 5752, 8207, 10828, 10630, 9966, 9847, 11667, 15411, 14345, 12621, 7437",Sports betting
5,verificare bilet fortuna,ro,50,9600,0.60,1.23,verificare bilet fortuna,2026-07-08 21:02:01,,9700,21000,21000,2015-09-16,"Informational,Transactional,Branded,Non-local",Romanian,"8283, 9417, 10314, 9440, 9461, 9827, 10407, 11211, 11001, 9948, 8594, 7077, 8278, 9413, 10310, 9437, 9459, 9825, 10406, 11209, 11000, 9948, 8593, 7077","8278, 9413, 10310, 9437, 9459, 9825, 10406, 11209, 11000, 9948, 8593, 7077",Sports betting
6,fortuna pariuri,ro,43,5100,0.02,1.02,efortuna.ro,2026-07-09 08:03:11,Sitelinks,5600,16000,18000,2015-09-12,"Commercial,Transactional,Non-branded,Non-local",Romanian,"4120, 4987, 5015, 5008, 5011, 4962, 4187, 4878, 5480, 4109, 4521, 2996, 3300, 3351, 4078, 5907, 5539, 8148, 6135, 7891, 6445, 4459, 3101, 1944","3447, 5182, 6888, 7125, 7562, 9365, 7625, 8960, 7542, 5408, 3996, 2842",Sports betting
7,fortuna pariuri sportive,ro,41,4800,0.01,1.07,efortuna,2026-07-07 13:10:57,,5100,42000,42000,2015-09-10,"Informational,Navigational,Commercial,Transactional,Branded,Non-local",Romanian,"3537, 4799, 3828, 4929, 5407, 6647, 5426, 7210, 4995, 4274, 3383, 2666, 3529, 4793, 3822, 4924, 5403, 6644, 5423, 7207, 4992, 4272, 3381, 2664","3528, 4791, 3821, 4923, 5402, 6643, 5422, 7206, 4992, 4271, 3381, 2664",Sports betting
8,e fortuna,ro,56,4800,0.35,1.04,fortuna,2026-07-09 03:11:33,,9700,255000,255000,2015-09-03,"Informational,Navigational,Commercial,Transactional,Branded,Non-local",Romanian,"4263, 4709, 4887, 4926, 4789, 4729, 4582, 5784, 6071, 5324, 4114, 3578, 4260, 4707, 4884, 4923, 4787, 4727, 4580, 5782, 6069, 5323, 4113, 3577","4260, 4706, 4884, 4923, 4787, 4726, 4580, 5782, 6069, 5322, 4113, 3577",Sports betting; Sports
9,fortuna palace casino,ro,57,4600,0.80,,fortuna palace,2026-07-06 21:51:32,"Sitelinks,Local pack",5100,7800,7800,2016-09-28,"Informational,Navigational,Commercial,Branded,Non-local",Romanian,"3, 4, 5, 5, 6, 61, 1230, 1328, 1587, 1392, 984, 2996, 6081, 5601, 5770, 5491, 5143, 8798, 3182, 3182, 3182, 3182, 3182, 3182","3182, 3182, 3182, 3182, 3182, 3182, 3182, 3182, 3182, 3182, 3182, 3182",Gambling
10,fortuna verificare bilet,ro,45,3000,0.90,1.09,verificare bilet fortuna,2026-07-08 08:49:32,Video preview,3100,21000,21000,2015-09-17,"Informational,Transactional,Branded,Non-local",Romanian,"2844, 3712, 4733, 3961, 4011, 3914, 3745, 4428, 4099, 3604, 2919, 2456, 2347, 3053, 3880, 3236, 3266, 3176, 3027, 3565, 3287, 2878, 2321, 1944","1849, 2394, 3027, 2511, 2521, 2437, 2309, 2703, 2476, 2153, 1723, 1433",Sports betting
11,fortuna rezultate fotbal ieri,ro,61,2700,0.60,,rezultate fotbal ieri,2026-06-22 12:26:24,,3000,8800,9800,2018-12-24,"Informational,Branded,Non-local",Romanian,"2476, 2522, 2565, 3140, 3134, 2593, 3110, 661, 4623, 676, 2071, 1978, 2577, 3826, 3136, 3814, 2601, 2552, 2794, 1018, 4369, 1162, 2600, 2472","3360, 4318, 3594, 4099, 3083, 3005, 3247, 1472, 4823, 1616, 3054, 2925",Sports news; Statistics
12,fortuna casino online,ro,61,2300,0.60,,fortuna casino,2026-06-21 00:10:31,Sitelinks,4100,35000,40000,2018-04-21,"Navigational,Commercial,Transactional,Branded,Non-local",English,"1287, 1043, 1022, 1306, 1037, 1303, 1060, 867, 989, 1308, 2466, 837, 3057, 2971, 2962, 2877, 1857, 2052, 2447, 2014, 2526, 2063, 2164, 1532","3049, 2109, 2288, 2092, 2076, 2637, 2480, 2042, 2561, 2091, 2193, 1552",Gambling
13,casino fortuna,ro,56,2200,0.10,,fortuna casino,2026-07-09 00:47:59,"Sitelinks,Local pack",12000,50000,56000,2016-07-03,"Informational,Navigational,Commercial,Transactional,Branded,Non-local",Romanian,"1577, 1343, 1594, 1590, 1579, 1990, 1983, 1558, 1965, 1594, 1614, 1325, 2021, 1598, 1590, 2340, 2269, 2598, 2820, 2393, 2491, 2307, 2175, 2009","2002, 2011, 2042, 2297, 2259, 2358, 2820, 2393, 2492, 2307, 2175, 2009",Gambling
14,fortuna games,ro,69,1800,0.45,,fortuna casino,2026-06-21 02:06:25,Sitelinks,2400,35000,40000,2016-09-11,"Informational,Navigational,Commercial,Transactional,Branded,Non-local",English,"3002, 2513, 3032, 3753, 3058, 3790, 866, 564, 950, 792, 3786, 2470, 2129, 2015, 2021, 2485, 2966, 3091, 479, 407, 389, 428, 2845, 1795","2110, 2088, 2053, 2120, 2266, 2655, 68, 58, 49, 88, 2530, 1494",Gambling
15,fortuna verificare bilet cod scurt,ro,58,1500,0.60,,verificare bilet fortuna,2026-07-06 17:17:06,,1600,21000,21000,2020-12-20,"Informational,Transactional,Branded,Non-local",Romanian,"1710, 2029, 2566, 3122, 3063, 3089, 753, 2599, 3115, 2582, 2045, 1703, 1419, 1422, 1717, 2026, 1674, 1471, 987, 1466, 1579, 1415, 1367, 1085","1106, 1292, 948, 1086, 979, 788, 325, 837, 961, 844, 820, 565",Sports betting
16,scanare bilet fortuna,ro,46,1500,0.04,,verificare bilet fortuna,2026-06-22 02:51:06,Video preview,1600,17000,17000,2017-01-21,"Informational,Transactional,Non-branded,Non-local",Romanian,"975, 1254, 1275, 1562, 1585, 1569, 1559, 1584, 1869, 1841, 1540, 1003, 1304, 1849, 1602, 1830, 1461, 1556, 1569, 1887, 1292, 1277, 1319, 1072","1060, 1258, 1154, 1277, 1250, 1272, 1345, 1582, 1366, 1350, 1315, 1068, 1057",Lottery
17,fortuna fotbal,ro,37,1200,0.03,1.08,fortuna bet,2026-07-05 21:45:25,"Sitelinks,Video preview,Image pack",1400,13000,13000,2015-10-13,"Informational,Branded,Non-local",Romanian,"728, 606, 862, 1125, 1345, 1091, 1371, 1286, 882, 596, 745, 580, 860, 865, 1087, 1076, 1497, 1630, 1605, 1644, 1335, 1352, 329, 1028","1347, 1289, 1245, 1198, 1354, 1150, 1144, 2022, 1499, 1226, 1184, 1033",Soccer
18,cafea fortuna verde,ro,0,1200,0.10,,cafea boabe fortuna verde 1 kg,2026-07-07 12:06:00,"Image pack,Shopping,Thumbnail,Bottom ads,Paid sitelinks",1300,500,500,2015-11-19,"Commercial,Transactional,Branded,Non-local",Romanian,"532, 539, 653, 651, 801, 809, 814, 933, 1213, 1202, 1188, 927, 965, 968, 1205, 1241, 1449, 1258, 1283, 1261, 1290, 1240, 1241, 1093","1132, 1193, 1261, 1241, 1344, 1249, 1286, 1263, 1291, 1241, 1242, 1094",Tea; Shopping
19,cafea fortuna,ro,0,1100,0.15,0.94,cafea fortuna,2026-06-15 03:20:57,"Sitelinks,Image pack,Knowledge panel,Top ads,Paid sitelinks,Bottom ads",1300,500,500,2015-09-02,"Informational,Commercial,Branded,Non-local",Romanian,"655, 677, 676, 825, 840, 966, 839, 968, 987, 998, 977, 806, 992, 986, 1002, 1219, 1264, 1228, 1540, 1248, 1238, 985, 1219, 1230","1273, 1237, 1227, 1303, 1303, 1239, 1279, 1264, 1258, 1300, 1313, 1231",Tea
20,fortuna palace bonus fara depunere,ro,,1100,1.00,,,,,1200,,,2024-12-29,,,"0, 0, 0, 0, 0, 55, 1845, 2241, 1852, 960, 695, 1220, 1808, 1504, 1222, 964, 855, 982, 1507, 1495, 677, 302, 135, 575","489, 416, 353, 300, 255, 217, 184, 157, 133, 113, 96, 82",
21,psv - fortuna sittard,ro,0,1100,,,psv - fortuna sittard,2026-07-03 20:32:31,People also ask,4700,200,700,2020-10-04,"Informational,Branded,Non-local",English,"0, 0, 1, 0, 1, 1, 0, 0, 0, 1, 55, 0, 0, 0, 1, 11672, 2007, 3, 37, 14, 7, 7, 7, 2",,Sports news; Soccer
22,hotel fortuna eforie nord,ro,0,1000,0.10,1.1,hotel fortuna,2026-06-30 07:34:36,Thumbnail,1100,700,700,2015-09-02,"Informational,Commercial,Transactional,Branded,Local",Romanian,"3362, 2237, 196, 47, 40, 41, 699, 605, 401, 550, 1376, 2998, 3283, 2157, 116, 7, 6, 5, 619, 526, 321, 471, 1296, 2919","3203, 2078, 37, 1, 1, 1, 540, 446, 242, 392, 1217, 2839",Short-term stays
23,pariuri sportive fortuna,ro,42,1000,0.01,1.08,efortuna,2026-07-05 03:18:03,,1100,39000,40000,2015-09-16,"Navigational,Commercial,Transactional,Non-branded,Non-local",Romanian,"634, 1307, 723, 1106, 1207, 1008, 1013, 1334, 1234, 1057, 1026, 553, 632, 1306, 722, 1105, 1206, 1007, 1013, 1333, 1234, 1057, 1026, 553","632, 1306, 722, 1105, 1206, 1007, 1013, 1333, 1234, 1057, 1026, 553",Sports betting; Sports
24,fortuna loto,ro,65,1000,0.01,1.05,loto online,2026-06-27 05:45:25,"Sitelinks,Video preview",1100,4600,4600,2015-10-03,"Informational,Commercial,Transactional,Branded,Non-local",Romanian,"1019, 1092, 1052, 976, 1004, 996, 1015, 1112, 1103, 1069, 1041, 937, 1010, 1084, 1046, 971, 1000, 993, 1012, 1110, 1101, 1067, 1040, 936","1010, 1084, 1046, 971, 1000, 993, 1012, 1110, 1101, 1067, 1040, 936",Lottery
25,agentii fortuna,ro,32,900,0.05,1.02,agentii fortuna,2026-07-04 09:50:48,Knowledge panel,900,400,400,2015-09-10,"Informational,Commercial,Branded,Non-local",Romanian,"132, 1105, 1477, 1083, 1349, 1188, 812, 1302, 874, 396, 214, 316, 19, 1142, 1513, 1119, 1385, 1224, 848, 1338, 910, 432, 250, 352","52, 1178, 1549, 1155, 1421, 1260, 884, 1374, 947, 468, 287, 389",Insurance; Company news
26,loto fortuna,ro,58,900,0.01,1.1,loto online,2026-06-27 07:06:52,"Sitelinks,Video preview",1000,4600,4600,2015-09-16,"Informational,Commercial,Transactional,Branded,Non-local",Romanian,"1193, 1124, 1377, 1665, 1155, 1190, 1369, 904, 1411, 935, 952, 732, 980, 1162, 962, 962, 705, 974, 916, 879, 1101, 848, 1172, 1118","1158, 1161, 1264, 1264, 1139, 1102, 1126, 1077, 1344, 1032, 1422, 1353",Lottery
27,fortuna bonus fara depunere,ro,55,900,1.50,,fortuna bonus fara depunere,2026-06-22 04:12:16,Sitelinks,1000,700,700,2016-09-04,"Informational,Commercial,Transactional,Branded,Non-local",Romanian,"619, 753, 737, 735, 626, 763, 908, 734, 1036, 894, 1043, 911, 823, 688, 660, 842, 876, 1157, 950, 989, 970, 1098, 1073, 898","910, 815, 787, 942, 1022, 1009, 961, 998, 977, 1105, 1078, 901",Gambling
28,fortuna login,ro,72,900,2.00,1.08,fortuna,2026-06-30 04:16:44,Sitelinks,1900,213000,218000,2016-05-17,"Navigational,Transactional,Branded,Non-local",English,"1437, 1466, 1199, 1205, 795, 1200, 1475, 754, 897, 781, 936, 636, 1151, 1156, 1128, 1415, 865, 915, 805, 656, 542, 641, 443, 563","602, 632, 610, 707, 667, 735, 775, 707, 723, 674, 685, 609",Finance; Sports betting
29,fortuna online,ro,56,800,0.45,1.14,efortuna,2026-07-05 16:43:43,,3000,39000,40000,2015-09-20,"Informational,Navigational,Commercial,Transactional,Branded,Non-local",Romanian,"904, 961, 1056, 1071, 1134, 1166, 1056, 1192, 1199, 1036, 903, 779, 727, 770, 843, 851, 897, 918, 828, 929, 930, 800, 693, 594","551, 580, 630, 632, 660, 671, 600, 667, 661, 563, 482, 409",Sports betting; Sports
30,fortuna place,ro,,800,0.60,,,,,900,,,2018-01-12,,,"9, 9, 8, 7, 7, 77, 281, 336, 350, 226, 224, 413, 763, 618, 850, 730, 1047, 1365, 1378, 1131, 643, 611, 611, 611","611, 611, 611, 611, 611, 611, 611, 611, 611, 611, 611, 611",
31,oferta fortuna,ro,48,800,0.01,1.09,fortuna bet,2026-07-06 11:54:48,,3200,13000,13000,2015-09-16,"Informational,Commercial,Non-branded,Non-local",Romanian,"588, 609, 666, 879, 865, 677, 687, 847, 692, 705, 862, 675, 1256, 1094, 901, 840, 727, 727, 902, 893, 869, 719, 574, 540","683, 667, 841, 914, 845, 274, 678, 691, 387, 314, 229, 222",Shopping
32,fortuna bilet,ro,0,700,0.01,1.02,fortuna,2026-06-27 10:07:10,Sitelinks,800,247000,253000,2015-09-30,"Commercial,Transactional,Non-branded,Non-local",Romanian,"1598, 1659, 2030, 2042, 2022, 1644, 2027, 1959, 1654, 1606, 1092, 712, 769, 745, 734, 868, 794, 867, 775, 730, 509, 601, 617, 570","741, 773, 797, 928, 984, 959, 973, 1339, 994, 967, 974, 885",Lottery
33,fortuna cafea,ro,0,700,0.15,0.61,cafea fortuna,2026-06-16 18:58:37,"Sitelinks,Image pack",800,500,500,2015-09-22,"Informational,Navigational,Commercial,Branded,Non-local",Romanian,"398, 404, 407, 501, 497, 582, 504, 582, 601, 587, 597, 493, 616, 623, 626, 792, 788, 792, 701, 689, 679, 700, 752, 658","692, 684, 716, 891, 866, 765, 719, 706, 696, 718, 771, 675",Tea
34,fortuna rotiri gratuite,ro,54,700,1.40,,fortuna casino,2026-06-20 02:45:35,,800,700,700,2018-12-04,"Informational,Commercial,Transactional,Branded,Non-local",Romanian,"236, 584, 828, 691, 563, 551, 684, 676, 840, 687, 831, 449, 444, 533, 862, 762, 574, 698, 756, 730, 838, 745, 746, 656","583, 666, 744, 740, 708, 756, 813, 787, 896, 802, 803, 713",Gambling
35,fortuna agentii,ro,42,600,0.01,1.02,fortuna,2026-06-19 21:08:28,"Sitelinks,Knowledge panel",600,229000,233000,2015-10-02,"Informational,Commercial,Branded,Local",Romanian,"433, 921, 1487, 690, 993, 814, 656, 968, 387, 271, 184, 42, 353, 840, 1401, 599, 902, 728, 573, 884, 308, 194, 109, 5","279, 762, 1319, 524, 825, 654, 501, 810, 240, 128, 43, 1, 213",Sports betting; Business
36,rezultate loto fortuna,ro,60,600,0.70,,loto online,2026-06-21 04:43:40,Sitelinks,600,4800,4800,2015-09-19,"Informational,Branded,Non-local",Romanian,"579, 800, 689, 578, 707, 587, 791, 571, 698, 577, 582, 552, 694, 553, 569, 683, 530, 479, 598, 529, 531, 453, 453, 444","484, 496, 485, 453, 479, 475, 579, 511, 512, 435, 435, 425",Lottery
37,ofertâ fortuna,ro,50,600,0.01,,fortuna,2026-06-26 00:25:25,Sitelinks,600,213000,218000,2020-07-19,"Informational,Commercial,Non-branded,Non-local",Romanian,"613, 1471, 1347, 2127, 1079, 593, 1042, 1680, 1186, 928, 411, 306, 72, 866, 779, 1585, 567, 107, 581, 1243, 771, 534, 38, 12","10, 548, 477, 1299, 296, 5, 337, 1012, 552, 326, 2, 2",Shopping
38,hotel fortuna,ro,0,600,0.15,1.04,hotel fortuna eforie nord,2026-06-17 06:05:12,"Image pack,Video preview",2100,450,450,2015-09-01,"Informational,Navigational,Branded,Local",English,"1427, 977, 325, 207, 231, 235, 467, 415, 371, 363, 755, 1285, 1407, 963, 320, 204, 227, 231, 461, 409, 366, 358, 744, 1267","1387, 949, 316, 201, 224, 228, 454, 403, 361, 353, 734, 1249",Short-term stays
39,fortuna pariuri fotbal,ro,47,600,0.01,,www.efortuna,2026-06-24 06:54:14,Sitelinks,600,3000,3100,2016-01-20,"Informational,Navigational,Commercial,Transactional,Branded,Non-local",Romanian,"8, 6, 11, 5, 17, 14, 29, 28, 14, 7, 186, 218, 293, 639, 1119, 919, 1049, 952, 359, 313, 283, 281, 213, 277",,Sports betting; Sports
40,fortuna casino login,ro,45,500,0.90,,fortuna casino,2026-06-17 13:15:35,Sitelinks,1000,40000,45000,2020-02-29,"Navigational,Transactional,Branded,Non-local",English,"83, 64, 103, 123, 59, 153, 200, 159, 423, 298, 361, 295, 414, 422, 332, 436, 416, 660, 550, 560, 603, 607, 602, 606","628, 638, 638, 676, 676, 701, 702, 712, 755, 759, 754, 758",Gambling
41,fortuna verde boabe,ro,0,500,0.10,,cafea boabe fortuna verde,2026-06-21 16:56:56,Image pack,500,350,350,2016-08-19,"Informational,Commercial,Transactional,Branded,Non-local",Romanian,"183, 190, 229, 233, 347, 283, 351, 357, 528, 182, 443, 439, 428, 360, 435, 438, 639, 537, 523, 535, 589, 490, 504, 438","428, 442, 446, 484, 666, 519, 535, 545, 597, 495, 509, 441",Tea; Shopping
42,fortuna verde,ro,0,500,0.10,,fortuna verde boabe,2026-07-08 22:58:27,Image pack,600,600,600,2015-10-14,"Commercial,Transactional,Branded,Non-local",Romanian,"255, 263, 265, 313, 323, 315, 263, 314, 477, 484, 390, 270, 331, 493, 403, 503, 570, 527, 504, 486, 568, 569, 544, 494","518, 567, 531, 571, 619, 637, 606, 583, 680, 679, 648, 586",Tea; Shopping
43,fortuna cod scurt,ro,60,500,0.60,,verificare bilet fortuna,2026-06-21 08:21:50,,500,17000,17000,2021-03-08,"Informational,Transactional,Branded,Non-local",Romanian,"459, 566, 694, 848, 845, 864, 838, 841, 1000, 461, 465, 565, 462, 323, 151, 708, 591, 601, 609, 604, 618, 503, 536, 492","473, 474, 471, 479, 443, 442, 439, 466, 464, 366, 394, 359",Sports betting
44,cafea fortuna boabe,ro,0,450,0.10,,cafea fortuna verde,2026-06-07 08:56:39,"Image pack,Bottom ads",450,500,500,2015-12-14,"Informational,Commercial,Branded,Non-local",Romanian,"148, 187, 235, 233, 290, 239, 291, 353, 364, 443, 357, 239, 364, 362, 372, 448, 587, 451, 445, 436, 502, 465, 503, 413","411, 415, 443, 452, 633, 474, 491, 481, 554, 512, 554, 455",Shopping portals
45,fortuna fotbal azi,ro,,450,0.01,,,,,450,,,2018-03-15,,,"32, 58, 45, 58, 45, 32, 45, 32, 32, 26, 32, 45, 32, 19, 26, 32, 238, 330, 496, 843, 875, 1104, 1077, 910","927, 938, 944, 960, 972, 964, 990, 1027, 1042, 1056, 1064, 1078",
46,fortuna pitesti,ro,0,450,0.60,0.68,fortuna pitesti,2026-06-21 02:45:19,Knowledge panel,450,70,70,2015-09-02,"Informational,Branded,Non-local",Romanian,"610, 628, 619, 410, 276, 344, 345, 312, 336, 510, 716, 544, 607, 697, 515, 412, 306, 361, 360, 241, 296, 531, 613, 482","536, 545, 412, 294, 203, 304, 303, 246, 317, 430, 617, 472",Soccer
47,fortuna cazino,ro,29,400,0.50,,fortuna casino,2026-05-28 19:10:44,"Sitelinks,Knowledge panel",450,32000,35000,2015-11-04,"Informational,Navigational,Commercial,Transactional,Branded,Non-local",Romanian,"244, 214, 253, 319, 314, 407, 314, 364, 685, 422, 496, 385, 361, 363, 362, 425, 353, 402, 340, 368, 567, 300, 352, 296","311, 327, 339, 391, 358, 408, 378, 396, 511, 358, 404, 352",Gambling
48,pariuri fortuna,ro,42,400,0.02,1.01,e fortuna,2026-06-12 21:33:37,,450,11000,11000,2015-09-17,"Navigational,Commercial,Transactional,Non-branded,Non-local",Romanian,"605, 716, 722, 639, 723, 726, 642, 701, 811, 613, 621, 412, 477, 476, 474, 474, 470, 433, 372, 376, 369, 272, 250, 214","350, 328, 253, 670, 930, 533, 371, 506, 307, 476, 274, 59",Sports betting
49,cont fortuna,ro,16,400,3.50,1.17,fortuna,2026-06-17 00:34:44,Sitelinks,450,237000,241000,2016-02-23,"Informational,Navigational,Commercial,Transactional,Branded,Non-local",Romanian,"458, 448, 376, 378, 440, 537, 470, 457, 656, 552, 664, 445, 395, 497, 744, 491, 346, 425, 599, 346, 248, 214, 234, 216","247, 240, 256, 313, 276, 272, 322, 314, 303, 256, 234, 215",Sports betting
50,fortuna oferta,ro,40,400,0.01,1.07,fortuna fotbal,2026-06-17 11:07:44,,4500,1500,1500,2015-09-17,"Informational,Commercial,Transactional,Branded,Non-local",Romanian,"540, 699, 817, 679, 669, 668, 588, 621, 556, 516, 414, 325, 359, 468, 551, 461, 458, 461, 410, 436, 394, 368, 298, 236","263, 345, 410, 346, 347, 352, 315, 338, 308, 290, 236, 189",Sports betting; Sports
51,fortuna casino bonus,ro,64,400,0.80,,fortuna casino,2026-06-07 11:01:38,Sitelinks,1400,8600,8900,2019-10-31,"Informational,Commercial,Branded,Non-local",English,"415, 408, 332, 400, 406, 325, 337, 330, 598, 414, 274, 395, 431, 436, 419, 330, 299, 346, 344, 442, 437, 551, 409, 416","425, 413, 414, 412, 424, 435, 441, 439, 513, 470, 472, 479",Gambling
52,cafea boabe fortuna verde,ro,0,400,0.10,,cafea boabe fortuna verde,2026-06-09 21:02:58,"Thumbnail,Image pack,Shopping",450,450,450,2016-01-17,"Informational,Commercial,Transactional,Branded,Non-local",Romanian,"171, 176, 185, 226, 278, 272, 281, 340, 409, 421, 423, 339, 344, 341, 343, 419, 622, 423, 462, 451, 447, 431, 422, 401","391, 379, 409, 484, 731, 540, 547, 533, 527, 507, 495, 470",Price comparisons; Shopping portals
53,fortuna forum,ro,47,400,2.50,,fortuna pariuri fotbal,2026-06-05 00:56:24,Sitelinks,2500,300,350,2016-09-20,"Informational,Branded,Non-local",English,"68, 90, 111, 133, 108, 105, 164, 294, 167, 106, 170, 196, 211, 312, 384, 457, 357, 358, 370, 367, 459, 598, 486, 428","405, 418, 450, 501, 510, 473, 509, 467, 487, 552, 515, 458",Sports betting; Personal sites; Sports
54,fortuna casino romania,ro,31,400,0.60,,fortuna casino,2026-06-20 07:32:54,"Sitelinks,Local pack",800,37000,42000,2019-02-06,"Informational,Navigational,Commercial,Transactional,Branded,Local",English,"214, 224, 401, 409, 422, 416, 426, 272, 327, 230, 518, 332, 564, 577, 273, 246, 418, 420, 413, 381, 382, 389, 411, 397","423, 416, 423, 424, 447, 452, 462, 430, 432, 439, 461, 448",Gambling
55,fortuna imobiliare,ro,0,400,0.40,1.2,fortuna imobiliare,2026-06-24 08:37:22,"Sitelinks,Knowledge panel",400,350,350,2015-09-08,"Informational,Navigational,Branded,Non-local",Romanian,"346, 237, 190, 297, 244, 174, 309, 303, 375, 374, 548, 442, 447, 367, 451, 474, 391, 319, 399, 387, 394, 395, 415, 391","400, 414, 393, 403, 397, 383, 419, 407, 414, 415, 436, 412",Real estate agencies
56,verificare bilete fortuna,ro,49,350,1.40,1.19,scanare bilet fortuna,2026-06-06 12:27:31,Video preview,350,700,700,2016-02-14,"Informational,Transactional,Branded,Non-local",Romanian,"205, 378, 320, 391, 479, 478, 385, 461, 483, 393, 467, 208, 266, 325, 383, 372, 309, 500, 352, 366, 410, 325, 301, 295","359, 412, 393, 334, 348, 331, 353, 368, 412, 327, 303, 297",Lottery
57,liste fortuna sittard vs psv,ro,,350,,,,,,400,,,2023-01-15,,,"0, 0, 0, 0, 0, 0, 0, 0, 0, 0, 0, 0, 0, 0, 0, 0, 0, 0, 4133, 0, 1, 0, 0, 1",,
58,liste psv vs fortuna sittard,ro,,350,,,,,,400,,,2023-11-28,,,"0, 0, 0, 0, 0, 0, 0, 0, 0, 0, 2, 0, 0, 0, 0, 3439, 677, 1, 0, 0, 0, 0, 0, 1",,
59,cafea boabe fortuna verde 1 kg selgros,ro,0,350,0.10,,cafea boabe fortuna verde 1 kg selgros,2026-06-15 07:50:49,"Image pack,Shopping,Thumbnail",350,250,250,2022-02-17,"Commercial,Transactional,Branded,Non-local",Romanian,"144, 144, 145, 182, 226, 186, 229, 229, 338, 417, 423, 273, 277, 223, 275, 271, 395, 333, 351, 344, 420, 416, 350, 201","244, 228, 317, 323, 443, 349, 362, 356, 431, 427, 361, 212",Tea; Department stores
60,pizza fortuna,ro,0,350,0.20,1.02,pizza fortuna,2026-05-25 03:12:18,"Sitelinks,Video preview",1000,500,500,2015-09-03,"Commercial,Transactional,Branded,Local",,"345, 319, 378, 242, 363, 394, 373, 358, 318, 351, 295, 360, 338, 312, 372, 235, 355, 386, 367, 351, 311, 344, 288, 352","331, 305, 365, 229, 348, 379, 360, 344, 305, 337, 282, 345",Pizzerias
61,fortuna bonus,ro,54,350,3.50,1.31,fortuna casino,2026-06-27 16:19:33,Sitelinks,2400,9600,9800,2016-02-14,"Informational,Commercial,Branded,Non-local",English,"265, 262, 265, 317, 318, 258, 225, 320, 475, 412, 340, 265, 414, 375, 338, 391, 277, 371, 405, 329, 375, 264, 347, 329","335, 318, 319, 342, 331, 337, 337, 345, 376, 360, 347, 329",Sports betting
62,fortuna palace rotiri gratuite,ro,,350,1.10,,,,,400,,,2025-01-31,,,"0, 0, 0, 0, 0, 0, 0, 378, 133, 253, 256, 992, 1015, 714, 555, 370, 251, 257, 253, 375, 202, 166, 106, 141","120, 102, 87, 74, 63, 53, 45, 38, 33, 28, 24, 20, 17",
63,fortuna rotiri gratuite fara depunere,ro,53,350,1.50,,fortuna bonus fara depunere,2026-05-23 18:43:49,Sitelinks,350,400,400,2022-01-25,"Informational,Commercial,Transactional,Non-branded,Non-local",Romanian,"127, 80, 79, 77, 98, 125, 152, 76, 122, 98, 234, 291, 345, 188, 184, 286, 423, 348, 375, 364, 385, 359, 384, 385","401, 385, 402, 410, 434, 442, 449, 451, 464, 447, 467, 474",Gambling
64,fortuna polonia,ro,56,350,0.30,,loto polonia 20 din 80,2026-05-27 18:28:07,Bottom ads,350,2200,2300,2016-07-27,"Informational,Non-branded,Non-local",Romanian,"270, 272, 268, 325, 330, 266, 318, 209, 213, 261, 316, 255, 320, 315, 263, 324, 302, 330, 363, 370, 399, 321, 337, 330","327, 319, 289, 315, 293, 330, 363, 370, 400, 321, 337, 330",Lottery
65,fortuna palace rotiri gratuite fara depunere,ro,,350,0.08,,,,,350,,,2025-01-12,,,"0, 0, 0, 0, 0, 0, 155, 162, 85, 47, 356, 446, 857, 562, 458, 304, 308, 370, 300, 196, 85, 65, 49, 40","34, 29, 25, 21, 18, 15, 13, 11, 10, 10, 10, 10",
66,fortuna sport center,ro,0,350,0.45,,fortuna sport center,2026-06-12 08:21:19,Video preview,700,30,30,2021-06-24,"Informational,Commercial,Branded,Local",English,"267, 166, 319, 309, 325, 265, 411, 397, 390, 315, 314, 261, 211, 203, 255, 377, 384, 315, 474, 382, 404, 352, 320, 294","284, 277, 348, 377, 395, 332, 494, 401, 423, 372, 340, 313",Health clubs; Business
67,cafea boabe fortuna,ro,0,350,0.15,,cafea boabe fortuna verde 1 kg,2026-06-30 09:36:11,"AI Overview,Thumbnail,Image pack",400,500,500,2016-02-23,"Commercial,Transactional,Non-branded,Non-local",Romanian,"121, 125, 156, 155, 237, 235, 239, 295, 292, 365, 366, 303, 303, 307, 308, 369, 565, 322, 426, 380, 420, 389, 397, 331","342, 348, 339, 377, 490, 395, 453, 400, 440, 404, 411, 341",Specialty foods; Shopping
68,fortuna live,ro,37,350,0.01,1.15,fortuna,2026-06-29 15:27:08,Sitelinks,10000,213000,218000,2015-09-29,"Informational,Navigational,Commercial,Transactional,Branded,Non-local",English,"456, 398, 462, 568, 385, 473, 469, 441, 574, 452, 371, 238, 488, 339, 381, 391, 269, 376, 401, 427, 392, 321, 292, 279","362, 344, 388, 392, 337, 395, 433, 461, 423, 346, 314, 300",Sports betting; Sports
69,fortuna.,ro,57,350,,0.91,fortuna,2026-06-02 21:16:56,Sitelinks,3100,249000,255000,2015-11-05,"Informational,Navigational,Commercial,Transactional,Branded,Non-local",,"131, 127, 126, 145, 128, 172, 167, 180, 303, 256, 259, 153, 262, 422, 406, 596, 653, 433, 206, 210, 192, 206, 120, 141",,Sports betting; Sports
70,loto grecia fortuna,ro,58,300,0.25,1.24,loto grecia,2026-06-20 20:39:07,,300,160000,165000,2015-11-03,"Informational,Commercial,Transactional,Branded,Non-local",Romanian,"316, 328, 352, 316, 294, 288, 333, 407, 379, 261, 220, 171, 316, 328, 353, 316, 294, 288, 333, 407, 379, 262, 220, 171","316, 328, 353, 316, 294, 288, 333, 407, 379, 262, 220, 171",Lottery
71,forum fortuna,ro,50,300,1.90,,forum fortuna,2026-06-01 05:17:14,Sitelinks,1200,250,250,2016-02-13,"Informational,Navigational,Commercial,Branded,Non-local",Romanian,"61, 76, 93, 118, 97, 96, 151, 266, 148, 97, 144, 181, 171, 266, 339, 417, 356, 352, 367, 361, 318, 221, 221, 190","491, 349, 557, 441, 385, 352, 379, 372, 328, 228, 228, 196",Sports betting; Personal sites
72,fortuna palace ro,ro,,300,,,,,,350,,,2024-12-24,,,"0, 0, 0, 0, 0, 3651, 1954, 718, 614, 360, 245, 476, 845, 439, 341, 399, 271, 301, 260, 226, 140, 97, 65, 8",,
73,acasa fortuna,ro,57,300,0.25,,efortuna.ro,2026-06-21 04:58:21,,300,4900,4900,2019-12-28,"Informational,Navigational,Commercial,Transactional,Branded,Non-local",Romanian,"431, 780, 137, 357, 195, 299, 370, 354, 409, 193, 287, 161, 166, 242, 341, 888, 198, 538, 363, 299, 86, 66, 194, 179","170, 197, 131, 166, 106, 135, 109, 187, 207, 159, 195, 180",Sports betting
74,cafea fortuna boabe 1 kg,ro,0,300,0.15,,fortuna verde boabe 1kg,2026-06-03 09:29:51,"Shopping,Thumbnail",300,10,10,2020-01-16,"Commercial,Transactional,Branded,Non-local",Romanian,"57, 61, 100, 121, 182, 152, 184, 233, 338, 341, 344, 277, 281, 282, 237, 278, 288, 286, 295, 304, 319, 321, 324, 314","317, 324, 331, 341, 359, 351, 364, 372, 390, 392, 397, 388",Tea
75,lucky six fortuna,ro,10,300,0.80,,verificare bilet lucky six fortuna,2026-06-20 08:07:42,,400,150,150,2018-03-07,"Informational,Branded,Non-local",English,"139, 35, 35, 33, 27, 42, 60, 43, 149, 150, 79, 121, 281, 150, 125, 124, 61, 123, 531, 431, 524, 424, 523, 258","389, 282, 289, 259, 297, 269, 441, 316, 341, 315, 560, 276",Lottery
76,fortuna romania,ro,0,300,0.40,0.78,fortuna,2026-07-04 19:01:28,Sitelinks,900,219000,222000,2015-09-17,"Informational,Navigational,Commercial,Transactional,Branded,Non-local",Romanian,"345, 364, 290, 406, 392, 395, 341, 314, 386, 412, 282, 259, 347, 423, 380, 253, 199, 323, 292, 313, 338, 296, 308, 306","336, 352, 337, 324, 317, 336, 333, 354, 378, 336, 349, 347",Sports betting; Sports
77,fortuna pariuri oferta,ro,40,300,0.01,1.18,fortuna,2026-06-29 23:45:27,Sitelinks,300,213000,218000,2015-10-11,"Informational,Commercial,Branded,Non-local",Romanian,"256, 320, 337, 302, 322, 342, 261, 406, 416, 266, 234, 221, 237, 301, 319, 285, 305, 326, 244, 390, 400, 251, 219, 206","223, 288, 306, 272, 292, 313, 232, 378, 389, 240, 208, 196",Sports betting; Sports
78,fortuna imobiliare piatra neamt,ro,0,300,0.20,1.33,fortuna imobiliare,2026-05-28 10:55:23,,300,100,100,2015-10-11,"Informational,Commercial,Branded,Local",Romanian,"394, 397, 326, 407, 276, 199, 774, 439, 2204, 269, 224, 325, 487, 403, 333, 240, 198, 197, 289, 273, 280, 231, 250, 253","286, 291, 273, 288, 303, 258, 345, 264, 459, 221, 246, 247",Real estate agencies
79,cafea fortuna verde boabe,ro,0,250,0.10,,fortuna verde boabe,2026-06-25 23:07:29,"Thumbnail,Shopping,Image pack",250,500,500,2019-12-01,"Informational,Commercial,Transactional,Branded,Non-local",Romanian,"51, 85, 75, 89, 115, 139, 140, 169, 207, 175, 212, 204, 215, 206, 206, 174, 311, 248, 261, 262, 272, 272, 272, 275","285, 289, 297, 303, 326, 319, 329, 330, 340, 340, 340, 343",Tea; Shopping
80,fortuna casino contact,ro,,250,1.60,,,,,250,,,2024-06-18,,,"1, 0, 0, 0, 0, 0, 49, 19, 68, 45, 20, 29, 29, 20, 40, 140, 318, 324, 325, 578, 396, 471, 138, 204",,
81,psv vs fortuna sittard,ro,,250,,,,,,14000,,,2020-10-17,,,"4, 1, 2, 0, 1, 2, 0, 0, 1, 0, 31, 1, 0, 0, 0, 2560, 430, 4, 11, 0, 1, 0, 1, 1",,
82,fortuna meridian,ro,0,250,0.10,,fortuna meridian,2026-06-30 23:53:27,Image pack,250,150,150,2016-02-24,"Informational,Navigational,Branded,Local",,"134, 146, 120, 145, 228, 275, 278, 222, 223, 628, 232, 184, 151, 234, 273, 231, 284, 279, 286, 271, 272, 316, 268, 255","254, 262, 272, 281, 300, 306, 312, 298, 299, 343, 295, 282",Events; Lottery; Leisure; Tourist destinations
83,fortuna inregistrare,ro,57,250,0.20,1.28,fortuna casino,2026-06-24 14:00:37,,250,4200,4300,2016-01-20,"Informational,Transactional,Non-branded,Non-local",Romanian,"107, 109, 76, 72, 91, 79, 60, 85, 111, 72, 91, 143, 307, 270, 432, 346, 352, 196, 199, 175, 177, 151, 137, 132","166, 178, 219, 207, 350, 211, 214, 188, 189, 162, 147, 142",Sports betting
84,fortuna meridian boabe,ro,,250,0.15,,,,,250,,,2019-01-19,,,"76, 79, 100, 131, 193, 104, 130, 158, 130, 296, 194, 156, 197, 132, 104, 128, 239, 240, 818, 366, 366, 247, 238, 392","406, 415, 410, 427, 430, 443, 483, 450, 460, 489, 479, 471",
85,fortuna cafea boabe,ro,0,250,0.10,,cafea fortuna boabe 1 kg,2026-06-20 01:53:47,Image pack,250,50,50,2017-01-03,"Informational,Commercial,Branded,Non-local",Romanian,"98, 128, 156, 127, 193, 155, 198, 196, 199, 255, 254, 208, 252, 255, 214, 215, 268, 217, 241, 235, 236, 242, 251, 233","239, 244, 239, 242, 257, 252, 261, 255, 256, 262, 272, 253",Tea
86,lorin fortuna,ro,0,250,0.06,0.87,lorin fortuna,2026-06-04 07:42:26,"Knowledge panel,Sitelinks",300,90,90,2015-09-04,"Informational,Non-branded,Non-local",,"238, 182, 202, 177, 395, 214, 258, 192, 285, 523, 253, 195, 238, 182, 203, 177, 396, 214, 258, 192, 285, 524, 253, 195","238, 182, 203, 177, 396, 214, 258, 192, 285, 524, 253, 195",Political science; History
87,fortis fortuna adiuvat,ro,0,250,,0.92,fortis fortuna adiuvat,2026-07-05 20:52:06,"AI Overview,Thumbnail,People also ask,Video preview",90000,20,20,2015-09-05,"Informational,Non-branded,Non-local",Latin,"320, 257, 259, 212, 182, 258, 215, 222, 216, 167, 141, 178, 242, 215, 235, 190, 180, 226, 257, 232, 248, 258, 237, 255","233, 216, 218, 201, 176, 167, 220, 197, 212, 224, 203, 221",Folklore
88,fortuna palace casino online,ro,,250,0.60,,,,,250,,,2025-01-06,,,"0, 0, 0, 0, 0, 0, 444, 949, 849, 831, 305, 373, 464, 311, 371, 367, 200, 200, 164, 163, 105, 89, 76, 64","55, 47, 40, 34, 29, 24, 21, 18, 15, 13, 12, 12",
89,fortuna pizza,ro,,250,0.20,0.92,,,,700,,,2015-09-25,"Informational,Navigational,Commercial,Transactional,Branded,Local",English,"296, 296, 232, 293, 293, 294, 294, 235, 358, 319, 327, 232, 233, 232, 232, 300, 295, 293, 291, 246, 263, 289, 293, 272","277, 283, 251, 269, 311, 286, 291, 245, 263, 288, 293, 272",Pizzerias
90,cafea fortuna meridian,ro,0,250,0.15,,fortuna meridian,2026-06-15 01:04:28,Image pack,250,150,150,2015-10-31,"Commercial,Transactional,Branded,Non-local",Romanian,"127, 128, 132, 166, 206, 170, 203, 253, 247, 377, 252, 202, 197, 201, 203, 245, 369, 248, 282, 269, 256, 285, 250, 234","220, 213, 234, 244, 334, 285, 295, 280, 266, 295, 258, 241",Tea; Shopping
91,cafea boabe fortuna verde 1 kg,ro,0,250,0.15,,cafea fortuna verde,2026-06-08 07:11:39,"Top ads,Paid sitelinks,Shopping,Thumbnail,Image pack",250,500,500,2019-01-16,"Commercial,Transactional,Branded,Non-local",Romanian,"70, 90, 92, 95, 176, 146, 212, 266, 264, 264, 316, 219, 264, 219, 269, 242, 395, 214, 294, 287, 263, 250, 276, 216","245, 238, 259, 248, 345, 230, 303, 295, 272, 258, 285, 225",Tea
92,fortuna palace casino bonus fara depunere,ro,56,250,1.10,,rotiri gratuite fortuna,2026-06-24 08:53:45,,300,,,2025-01-06,,,"0, 0, 0, 0, 0, 0, 151, 27, 19, 8, 33, 100, 106, 292, 370, 540, 563, 363, 133, 193, 243, 197, 159, 137",,
93,program fortuna,ro,42,250,0.50,0.99,program fortuna,2026-06-05 03:30:34,Featured snippet,250,300,300,2015-10-10,"Informational,Branded,Non-local",Romanian,"274, 275, 262, 212, 180, 600, 350, 172, 184, 409, 334, 271, 224, 236, 199, 107, 105, 443, 253, 174, 187, 260, 263, 207","171, 173, 158, 150, 176, 366, 236, 162, 174, 242, 245, 193",Sports betting
94,verifica bilet fortuna,ro,57,250,0.90,1.15,verificare bilet fortuna,2026-06-21 13:19:57,Video preview,250,17000,17000,2015-09-19,"Informational,Navigational,Branded,Non-local",Romanian,"321, 330, 336, 402, 337, 281, 330, 321, 320, 327, 282, 227, 257, 263, 280, 290, 233, 292, 259, 296, 261, 237, 228, 175","333, 283, 247, 294, 226, 192, 212, 241, 212, 191, 183, 140",Sports betting
95,bonus fara depunere fortuna,ro,42,200,3.00,,fortuna casino,2026-06-09 00:45:27,Sitelinks,250,8800,9000,2018-11-06,"Informational,Commercial,Non-branded,Non-local",Romanian,"186, 182, 179, 178, 146, 146, 150, 142, 176, 169, 145, 92, 201, 163, 145, 223, 165, 178, 259, 261, 221, 195, 203, 189","208, 205, 187, 190, 202, 208, 211, 205, 232, 193, 192, 178",Sports betting
96,bonus fortuna,ro,52,200,2.50,0.98,fortuna casino,2026-06-10 03:31:04,Sitelinks,600,8600,8900,2015-12-28,"Informational,Commercial,Branded,Non-local",Romanian,"162, 160, 157, 191, 195, 161, 146, 192, 277, 243, 210, 157, 265, 227, 185, 182, 131, 197, 199, 197, 221, 204, 197, 181","194, 182, 179, 206, 199, 201, 204, 201, 226, 208, 201, 185",Gambling
97,inregistrare fortuna,ro,31,200,0.90,,efortuna inregistrare,2026-06-09 12:20:37,,200,1000,1100,2015-11-26,"Informational,Transactional,Non-branded,Non-local",Romanian,"128, 111, 60, 70, 44, 44, 39, 33, 43, 42, 46, 41, 103, 102, 167, 145, 181, 355, 313, 239, 118, 173, 158, 141",,Sports betting
98,verificare bilet fortuna cod,ro,26,200,0.45,,verificare bilet,2026-06-02 10:00:51,"Featured snippet,Video preview",200,1800,1800,2018-12-11,"Informational,Transactional,Branded,Non-local",Romanian,"99, 102, 96, 100, 44, 37, 35, 22, 26, 27, 17, 2, 24, 22, 42, 103, 252, 325, 325, 140, 473, 347, 76, 180",,Sports betting
99,loto polonia fortuna,ro,56,200,0.25,1.15,loto online,2026-06-14 17:40:52,,200,4000,4000,2015-10-03,"Informational,Commercial,Transactional,Branded,Non-local",Romanian,"456, 465, 460, 468, 461, 477, 473, 449, 455, 375, 309, 293, 255, 199, 203, 247, 155, 207, 212, 219, 213, 178, 165, 200","207, 180, 394, 331, 298, 304, 316, 322, 310, 256, 234, 281",Lottery
100,cod promoțional fortuna,ro,,200,,,,,,200,,,2018-07-16,"Informational,Commercial,Transactional,Non-branded,Non-local",Romanian,"5, 4, 2, 5, 4, 6, 5, 4, 3, 0, 0, 3, 58, 64, 152, 204, 222, 388, 387, 273, 78, 114, 121, 168",,Sports betting
101,casa de pariuri fortuna,ro,36,200,1.00,1.4,fortuna verificare bilet,2026-06-15 16:41:35,,200,5500,5600,2015-09-14,"Informational,Commercial,Non-branded,Local",Romanian,"63, 80, 125, 96, 175, 95, 65, 76, 78, 97, 102, 79, 137, 208, 178, 212, 194, 169, 222, 238, 212, 181, 174, 163","173, 178, 193, 189, 188, 170, 222, 238, 212, 181, 174, 163",Sports betting; Business
102,fortuna fotografii,ro,,200,0.20,,,,,200,,,2023-07-14,,,"358, 279, 250, 229, 227, 227, 187, 173, 213, 177, 246, 167, 244, 161, 160, 163, 167, 169, 162, 191, 244, 194, 222, 157","243, 160, 160, 162, 166, 168, 162, 191, 244, 193, 222, 157",
103,fortuna download,ro,26,200,1.60,,fortuna casino,2026-06-28 06:34:44,,700,2300,2500,2017-03-31,"Informational,Commercial,Transactional,Branded,Non-local",English,"64, 81, 125, 98, 96, 98, 66, 61, 99, 83, 101, 99, 186, 261, 140, 134, 132, 182, 175, 385, 303, 101, 202, 197","220, 253, 246, 254, 256, 273, 257, 301, 323, 231, 226, 219",Sports betting; Add-ons
104,fortuna contact,ro,14,200,1.80,,fortuna casino online,2026-06-23 06:40:31,Local pack,250,250,250,2015-10-20,"Informational,Branded,Local",English,"173, 148, 141, 166, 146, 173, 140, 135, 239, 171, 252, 140, 153, 145, 190, 188, 178, 197, 191, 181, 191, 165, 197, 168","170, 165, 160, 198, 186, 204, 198, 188, 197, 172, 203, 175",Sports betting; Business
105,fortuna verifica bilet,ro,40,200,0.60,1.06,fortuna verificare bilet,2026-06-14 22:21:16,,200,4800,4800,2015-09-20,"Informational,Transactional,Non-branded,Non-local",Romanian,"204, 247, 248, 248, 253, 207, 241, 198, 239, 197, 203, 160, 164, 202, 165, 201, 202, 213, 220, 150, 167, 211, 155, 137","244, 226, 258, 243, 229, 216, 411, 309, 291, 253, 239, 207",Lottery
106,fortuna verde boabe 1kg,ro,0,200,0.10,,fortuna verde boabe,2026-05-27 22:24:02,"Shopping,Thumbnail,Image pack",250,350,350,2021-11-23,"Commercial,Transactional,Branded,Non-local",Romanian,"43, 34, 27, 43, 35, 47, 100, 154, 228, 156, 228, 155, 229, 232, 232, 189, 282, 152, 215, 211, 216, 204, 217, 211","223, 226, 229, 227, 232, 228, 251, 247, 251, 239, 252, 246",Tea
107,fortuna bilet agentie,ro,45,200,0.04,,fortuna,2026-06-03 03:12:34,Sitelinks,200,249000,255000,2020-07-01,"Informational,Commercial,Branded,Local",Romanian,"540, 401, 487, 447, 604, 643, 514, 511, 576, 598, 696, 602, 256, 164, 250, 117, 96, 45, 95, 174, 129, 168, 53, 86",,Sports betting; Business
108,fortuna apk,ro,38,200,0.60,0.94,fortuna download,2026-07-06 19:48:15,,900,20,20,2015-12-20,"Informational,Transactional,Non-branded,Non-local",English,"74, 114, 112, 108, 90, 138, 76, 117, 112, 186, 183, 117, 288, 349, 203, 146, 198, 162, 220, 215, 203, 185, 153, 137","154, 158, 213, 187, 181, 167, 218, 213, 201, 184, 153, 136",Add-ons
109,fortuna casino rotiri gratuite,ro,,200,1.30,,,,,250,,,2022-03-04,,,"27, 27, 35, 31, 43, 48, 133, 20, 81, 98, 150, 158, 489, 379, 156, 173, 157, 99, 124, 78, 105, 154, 115, 145",,
110,aplicația cazino fortuna,ro,39,200,,,fortuna casino,2026-06-08 11:20:27,,200,29000,33000,2022-12-11,"Navigational,Transactional,Branded,Non-local",Romanian,"0, 0, 0, 0, 0, 0, 0, 0, 0, 0, 0, 117, 319, 255, 192, 286, 207, 290, 286, 126, 19, 38, 37, 38",,Lottery; Add-ons
111,costa fortuna,ro,1,200,0.07,0.7,costa fortuna,2026-07-05 22:26:39,"AI Overview,Thumbnail,Image pack",19000,50,600,2015-09-23,"Informational,Branded,Non-local",Italian,"234, 192, 121, 111, 73, 60, 232, 158, 37, 127, 195, 235, 263, 206, 160, 61, 304, 275, 238, 227, 231, 239, 255, 259","284, 275, 269, 261, 282, 284, 304, 293, 297, 305, 321, 325",Charters
112,fortuna verificare bilete,ro,56,200,,1.03,verificare bilet fortuna,2026-07-06 19:08:20,,200,21000,21000,2016-10-03,"Informational,Transactional,Non-branded,Non-local",Romanian,"97, 92, 71, 148, 137, 93, 144, 124, 209, 187, 182, 145, 138, 107, 101, 142, 148, 258, 313, 370, 217, 170, 61, 125",,Lottery
113,fortuna palace.ro,ro,,200,,,,,,250,,,2024-12-25,,,"0, 0, 0, 0, 0, 167, 923, 133, 230, 282, 263, 448, 440, 272, 217, 254, 176, 179, 154, 126, 126, 146, 20, 20",,
114,rezultate lucky six fortuna,ro,0,200,0.80,,fortuna casino,2026-06-15 06:53:06,,200,3500,3500,2018-03-30,"Informational,Branded,Non-local",Romanian,"559, 844, 359, 378, 835, 237, 828, 961, 369, 48, 439, 917, 142, 146, 94, 111, 135, 149, 230, 224, 185, 141, 173, 223","208, 234, 174, 161, 211, 146, 235, 229, 190, 146, 178, 227",Lottery
115,fortuna conectare,ro,32,200,1.30,,fortuna casino,2026-06-15 23:45:00,,250,39000,44000,2017-04-02,"Informational,Navigational,Branded,Non-local",Romanian,"240, 318, 208, 172, 185, 324, 267, 305, 317, 216, 171, 139, 324, 201, 169, 206, 153, 252, 205, 201, 197, 186, 164, 150","160, 146, 145, 182, 266, 242, 196, 193, 191, 181, 161, 148",Sports betting
116,fortuna pariuri sportive fotbal,ro,43,200,0.01,1.02,fortuna rezultate fotbal ieri,2026-06-08 13:02:36,,200,1300,1400,2015-11-21,"Navigational,Commercial,Transactional,Branded,Non-local",Romanian,"30, 30, 29, 53, 30, 23, 39, 37, 23, 23, 56, 84, 118, 136, 137, 138, 135, 157, 196, 273, 259, 325, 236, 230","237, 247, 257, 260, 240, 244, 256, 262, 258, 241, 236, 230",Sports betting; Sports
117,fortuna pariuri online,ro,30,200,0.15,1.18,fortuna,2026-06-24 05:49:26,Sitelinks,250,213000,218000,2015-10-14,"Commercial,Transactional,Non-branded,Non-local",Romanian,"78, 232, 294, 264, 269, 211, 152, 114, 239, 142, 77, 146, 292, 156, 130, 90, 94, 179, 190, 114, 256, 380, 169, 282","240, 186, 201, 233, 284, 258, 260, 324, 358, 276, 262, 430",Sports betting; Sports
118,fortuna timisoara,ro,6,200,0.30,1.03,efortuna,2026-07-05 05:11:19,Local pack,200,39000,40000,2015-12-18,"Informational,Branded,Non-local",,"55, 45, 156, 205, 210, 156, 281, 145, 221, 203, 260, 178, 215, 331, 393, 149, 154, 170, 152, 113, 129, 84, 163, 107",,Soccer
119,verific bilet fortuna,ro,39,200,0.90,,fortuna,2026-06-16 02:26:11,,200,254000,259000,2020-02-24,"Informational,Navigational,Branded,Non-local",Romanian,"87, 196, 160, 196, 196, 196, 196, 196, 107, 47, 107, 115, 170, 301, 164, 180, 169, 131, 196, 160, 216, 214, 258, 193","201, 247, 207, 210, 230, 220, 240, 222, 200, 175, 204, 193",Sports betting
120,fortuna sport,ro,20,200,0.50,1.01,fortuna,2026-06-12 09:23:47,"Top ads,Sitelinks,Local pack,Bottom ads,Paid sitelinks",3300,243000,249000,2015-09-03,"Informational,Navigational,Commercial,Transactional,Branded,Local",Romanian,"76, 118, 146, 179, 140, 96, 160, 117, 210, 147, 230, 180, 192, 287, 315, 203, 158, 168, 197, 201, 228, 194, 188, 164","158, 214, 232, 214, 194, 159, 196, 201, 228, 194, 188, 164",Lottery; Sports betting; Sports
121,cazino fortuna,ro,38,200,1.10,,fortuna casino,2026-06-24 20:32:04,Sitelinks,200,37000,42000,2016-06-26,"Navigational,Commercial,Transactional,Branded,Non-local",Romanian,"117, 98, 118, 120, 128, 151, 160, 114, 155, 127, 120, 98, 151, 155, 172, 256, 246, 240, 227, 227, 201, 154, 159, 151","216, 176, 165, 157, 318, 243, 229, 229, 203, 156, 161, 152",Lottery
122,verificare bilet lucky six fortuna,ro,4,150,0.60,,efortuna casino,2026-06-12 05:27:35,,150,350,350,2020-01-11,"Informational,Transactional,Branded,Non-local",Romanian,"133, 86, 67, 88, 86, 88, 136, 85, 138, 206, 206, 167, 167, 163, 136, 161, 156, 114, 134, 126, 224, 193, 43, 146","153, 148, 143, 170, 155, 150, 175, 169, 189, 178, 159, 146",Lottery
123,rotiri gratuite fortuna,ro,59,150,1.70,,fortuna casino,2026-06-27 07:37:17,Sitelinks,150,800,900,2018-12-20,"Informational,Commercial,Transactional,Branded,Non-local",Romanian,"80, 68, 85, 78, 90, 93, 104, 75, 104, 67, 59, 52, 116, 97, 102, 113, 95, 249, 218, 170, 97, 115, 91, 105",,Gambling
124,audentes fortuna iuvat,ro,,150,,0.8,,,,11000,,,2015-11-13,"Informational,Non-branded,Non-local",Latin,"55, 45, 28, 9, 92, 150, 128, 752, 445, 228, 120, 28, 39, 191, 154, 142, 135, 211, 149, 165, 195, 101, 189, 176",,Literary classics; History
125,verificare bilet fortuna bet,ro,52,150,0.25,1.11,verificare bilet fortuna,2026-07-05 15:22:55,,150,21000,21000,2015-09-21,"Informational,Transactional,Non-branded,Non-local",Romanian,"86, 198, 206, 261, 225, 314, 209, 170, 221, 61, 28, 9, 36, 46, 27, 32, 56, 249, 367, 243, 178, 227, 180, 141",,Sports betting
126,fortuna bets,ro,72,150,0.90,0.93,fortuna,2026-06-11 00:43:49,"Sitelinks,Bottom ads,Paid sitelinks",350,248000,253000,2015-09-14,"Navigational,Commercial,Transactional,Branded,Non-local",English,"4, 17, 9, 2, 3, 3, 3, 3, 2, 6, 12, 5, 84, 297, 238, 165, 89, 135, 142, 125, 86, 99, 152, 118",,Sports betting
127,verificare bilet fortuna online,ro,,150,2.50,,,,,150,,,2016-02-13,,,"0, 0, 0, 0, 0, 0, 0, 0, 0, 0, 55, 81, 47, 104, 188, 133, 88, 205, 233, 246, 277, 99, 113, 146",,
128,cod promotional fortuna,ro,43,150,1.20,1.43,fortuna casino,2026-06-06 13:45:39,Sitelinks,200,8700,8900,2015-11-26,"Informational,Commercial,Non-branded,Non-local",Romanian,"90, 137, 136, 163, 163, 166, 139, 201, 294, 207, 167, 136, 257, 130, 186, 168, 126, 159, 178, 186, 173, 224, 147, 133","168, 136, 145, 152, 178, 179, 183, 187, 197, 167, 148, 133",Sports betting; Promotional giveaways
129,program fortuna azi,ro,43,150,0.70,,program fortuna,2026-06-19 10:53:52,"Featured snippet,Sitelinks",150,300,300,2015-12-25,"Informational,Branded,Local",Romanian,"39, 55, 24, 30, 24, 462, 260, 51, 72, 257, 72, 54, 44, 73, 73, 47, 97, 704, 248, 121, 143, 205, 270, 172","110, 122, 114, 111, 130, 338, 252, 126, 148, 210, 275, 177",Sports betting; Business
130,cafea fortuna verde 500g pret,ro,0,150,0.10,,fortuna verde 500g,2026-06-15 16:33:50,"Top ads,Image pack,Shopping,Thumbnail",150,10,10,2019-07-08,"Informational,Commercial,Branded,Non-local",Romanian,"63, 39, 46, 42, 41, 51, 35, 92, 139, 142, 164, 119, 131, 155, 148, 181, 210, 118, 167, 149, 121, 94, 93, 95",,Tea; Shopping
131,fortuna sittard vs psv,ro,,150,,,,,,3700,,,2021-03-06,,,"0, 0, 22, 0, 0, 0, 0, 0, 0, 0, 0, 0, 0, 0, 0, 5, 1, 0, 1530, 0, 1, 0, 1, 1",,
132,fortuna pareri,ro,,150,1.40,,,,,150,,,2015-12-10,,,"8, 9, 12, 13, 13, 7, 10, 14, 15, 7, 15, 11, 85, 107, 112, 97, 154, 136, 148, 125, 133, 123, 168, 165",,
133,fortuna cont,ro,42,150,2.00,1.26,fortuna,2026-06-26 23:31:51,"Sitelinks,Bottom ads,Paid sitelinks",200,213000,218000,2016-02-16,"Informational,Navigational,Commercial,Transactional,Branded,Non-local",Romanian,"161, 131, 140, 164, 131, 166, 131, 135, 253, 162, 248, 131, 138, 140, 166, 173, 165, 176, 172, 169, 190, 177, 180, 149","138, 125, 136, 144, 144, 154, 150, 147, 165, 153, 156, 129",Sports betting
134,oferta fortuna bet,ro,41,150,0.40,0.99,fortuna,2026-06-05 04:38:22,Sitelinks,150,249000,255000,2015-09-16,"Informational,Commercial,Branded,Non-local",Romanian,"39, 40, 33, 37, 59, 95, 126, 74, 107, 104, 141, 114, 132, 160, 203, 137, 166, 164, 114, 100, 103, 104, 64, 74",,Lottery; Sports betting
135,anvelope fortuna,ro,0,150,0.06,,anvelope fortuna,2026-07-02 00:39:01,"AI Overview,Thumbnail",150,50,50,2016-02-05,"Informational,Commercial,Transactional,Branded,Non-local",Romanian,"32, 37, 43, 64, 98, 70, 74, 70, 71, 68, 77, 77, 147, 150, 136, 225, 236, 135, 186, 110, 124, 110, 92, 71",,Accessories; Shopping
136,cafea fortuna meridian kaufland,ro,,150,0.10,,,,,150,,,2025-04-03,,,"0, 0, 0, 0, 0, 0, 0, 0, 0, 24, 18, 29, 14, 29, 23, 28, 76, 62, 588, 215, 185, 116, 133, 114",,
137,fortuna boabe 1 kg,ro,,150,0.10,,,,,150,,,2022-01-12,,,"0, 18, 22, 15, 28, 56, 58, 87, 124, 74, 110, 98, 87, 52, 103, 147, 170, 179, 198, 153, 156, 119, 135, 105",,
138,verificare bilet fortuna polonia,ro,52,150,1.20,0.62,loto polonia,2026-07-04 00:27:45,,150,378000,383000,2018-04-15,"Informational,Non-branded,Non-local",Romanian,"103, 131, 128, 157, 159, 158, 133, 125, 128, 130, 84, 101, 139, 141, 139, 178, 164, 157, 130, 308, 167, 135, 123, 112","149, 183, 370, 248, 158, 128, 134, 315, 170, 137, 124, 113",Lottery
139,fortuna pariuri verificare bilet,ro,46,150,1.20,1.04,verificare bilet fortuna,2026-07-04 22:55:55,,150,20000,20000,2015-09-26,"Informational,Transactional,Branded,Non-local",Romanian,"113, 160, 195, 186, 149, 183, 153, 205, 154, 137, 134, 93, 107, 152, 187, 178, 143, 175, 148, 197, 149, 133, 130, 90","104, 148, 182, 174, 140, 172, 145, 194, 146, 131, 128, 89",Sports betting
140,fortuna bet casino,ro,39,150,0.40,,fortuna casino,2026-06-30 16:18:44,Sitelinks,350,37000,42000,2020-01-20,"Informational,Navigational,Commercial,Transactional,Branded,Non-local",English,"62, 68, 34, 43, 64, 86, 69, 45, 36, 67, 78, 66, 441, 493, 282, 111, 60, 91, 126, 88, 87, 84, 29, 49",,Sports betting
141,casino fortuna online,ro,45,150,1.50,,fortuna casino,2026-06-10 12:12:27,Sitelinks,800,33000,38000,2017-11-16,"Informational,Commercial,Branded,Non-local",English,"77, 77, 42, 100, 73, 97, 100, 99, 191, 99, 102, 105, 243, 292, 169, 89, 79, 118, 97, 87, 88, 87, 83, 91","92, 94, 68, 88, 82, 87, 64, 57, 59, 58, 55, 64",Gambling
142,complex comercial fortuna fotografii,ro,,150,,,,,,150,,,2022-07-06,,,"0, 0, 0, 0, 0, 0, 0, 0, 0, 0, 0, 0, 0, 197, 123, 152, 78, 124, 137, 101, 126, 242, 287, 29",,
143,fortuna sittard,ro,11,150,,0.39,fortuna sittard,2026-06-27 15:57:57,"Knowledge panel,Thumbnail",153000,20,5400,2016-04-12,"Informational,Branded,Non-local",,"75, 195, 138, 131, 216, 186, 350, 458, 162, 276, 221, 35, 27, 24, 37, 51, 134, 185, 295, 552, 226, 183, 133, 77",,Sports news; Soccer
144,casa fortuna,ro,0,150,0.25,,fortuna,2026-06-27 17:30:56,"Sitelinks,Local pack",1300,213000,218000,2015-12-03,"Informational,Commercial,Branded,Local",Romanian,"58, 74, 29, 56, 72, 64, 120, 97, 90, 125, 88, 103, 143, 104, 88, 323, 272, 167, 93, 86, 47, 52, 53, 44",,Event venue; Business
145,fortuna eforie nord,ro,0,150,0.09,0.9,hotel fortuna eforie nord,2026-06-27 17:36:17,Thumbnail,200,600,600,2015-09-07,"Informational,Commercial,Transactional,Branded,Local",Romanian,"410, 333, 79, 32, 32, 26, 135, 107, 90, 109, 163, 386, 471, 312, 49, 27, 48, 29, 153, 113, 107, 137, 213, 438","487, 350, 69, 37, 53, 44, 168, 125, 117, 145, 220, 447",Short-term stays
146,cafea fortuna verde boabe 1 kg,ro,,150,,,,,,150,,,2024-01-27,,,"0, 0, 0, 0, 31, 53, 65, 83, 109, 131, 144, 57, 110, 122, 127, 158, 252, 124, 164, 177, 167, 166, 140, 107",,
147,fortuna bet verificare bilet,ro,38,150,0.40,1.19,fortuna verificare bilet,2026-06-15 23:58:14,Sitelinks,200,5500,5600,2015-09-19,"Informational,Navigational,Branded,Non-local",Romanian,"129, 143, 153, 165, 139, 145, 164, 234, 178, 137, 112, 110, 128, 142, 153, 164, 138, 145, 164, 234, 178, 137, 111, 110","128, 142, 152, 164, 138, 145, 164, 234, 178, 137, 111, 110",Sports betting
148,fortuna jocuri,ro,43,150,0.80,,fortuna casino,2026-06-24 13:20:35,Sitelinks,200,38000,42000,2019-01-18,"Informational,Non-branded,Non-local",Romanian,"276, 479, 628, 546, 312, 374, 377, 269, 293, 276, 351, 169, 208, 161, 116, 124, 84, 207, 211, 120, 148, 178, 56, 95",,Lottery; Folklore
149,fortuna arad,ro,0,150,0.60,0.73,fortuna fotbal,2026-06-11 18:14:47,"Local pack,Image pack",150,0,0,2015-09-08,"Informational,Branded,Non-local",,"129, 112, 169, 149, 163, 105, 131, 101, 157, 133, 187, 106, 144, 129, 127, 136, 107, 147, 115, 124, 117, 135, 144, 132",,Soccer
150,fortuna demo,ro,59,150,0.10,,fortuna casino,2026-06-21 05:05:42,Sitelinks,400,35000,40000,2020-03-20,"Informational,Commercial,Branded,Non-local",English,"209, 167, 316, 309, 244, 244, 312, 254, 298, 318, 165, 107, 300, 281, 168, 139, 173, 139, 126, 136, 152, 117, 106, 107","99, 116, 138, 149, 106, 81, 84, 84, 109, 70, 65, 64",Lottery
151,fortuna mobile,ro,,150,,,,,,350,,,2017-03-11,,,"2, 27, 65, 55, 56, 60, 112, 44, 106, 212, 197, 132, 159, 88, 183, 80, 67, 93, 286, 163, 112, 161, 161, 138",,
152,fortuna bet rezultate,ro,35,150,0.35,1.43,loto online,2026-07-05 02:41:20,Sitelinks,150,4400,4400,2015-09-29,"Informational,Branded,Non-local",Romanian,"199, 213, 274, 80, 274, 196, 107, 129, 364, 296, 306, 229, 256, 111, 169, 174, 131, 201, 156, 145, 179, 156, 151, 153","144, 157, 172, 165, 176, 204, 159, 147, 182, 159, 153, 156",Lottery
153,fortuna logare,ro,44,150,0.35,,fortuna,2026-06-05 13:38:01,Sitelinks,150,249000,255000,2016-05-27,"Navigational,Branded,Non-local",Romanian,"86, 172, 149, 0, 24, 20, 117, 89, 190, 225, 198, 88, 134, 197, 115, 265, 144, 172, 231, 249, 181, 68, 65, 71",,Sports betting
154,fortuna bet pariuri,ro,44,150,0.50,1.14,efortuna,2026-06-28 09:01:32,,200,44000,44000,2015-09-15,"Informational,Navigational,Commercial,Branded,Non-local",Romanian,"35, 80, 67, 53, 32, 86, 86, 123, 92, 45, 117, 57, 126, 158, 152, 122, 172, 214, 194, 111, 116, 110, 118, 109",,Sports betting; Sports
155,cafea fortuna pret,ro,,150,0.09,0.92,,,,150,,,2015-09-09,,,"9, 2, 9, 10, 13, 12, 18, 25, 29, 26, 15, 33, 98, 95, 98, 130, 162, 122, 146, 106, 165, 117, 109, 147",,
156,fortuna bet romania,ro,39,150,0.10,1.01,fortuna,2026-06-08 05:45:17,Sitelinks,200,247000,253000,2015-09-14,"Informational,Navigational,Commercial,Branded,Non-local",English,"192, 191, 189, 227, 275, 273, 161, 190, 283, 288, 201, 152, 200, 205, 63, 74, 60, 134, 141, 99, 189, 186, 117, 88","83, 90, 196, 170, 141, 110, 141, 99, 189, 186, 117, 88",Sports betting
157,pariu fortuna,ro,55,150,0.70,,fortuna,2026-06-24 13:57:48,Sitelinks,150,213000,218000,2015-11-17,"Informational,Branded,Non-local",Romanian,"37, 37, 33, 56, 21, 26, 3, 133, 121, 105, 56, 54, 163, 123, 149, 210, 143, 206, 250, 224, 23, 29, 22, 24",,Sports betting; Folklore
158,loto italia 20 90 fortuna,ro,48,150,0.30,,loto italia,2026-06-22 12:00:51,,150,5400,6100,2018-11-14,"Informational,Branded,Non-local",Italian,"298, 294, 0, 59, 148, 177, 224, 39, 0, 84, 165, 556, 438, 380, 78, 0, 64, 80, 62, 19, 20, 76, 82, 61",,Lottery
159,oferte fortuna,ro,28,150,2.50,,fortuna,2026-06-20 05:31:29,Sitelinks,150,229000,233000,2015-09-17,"Informational,Navigational,Commercial,Branded,Non-local",Romanian,"15, 22, 49, 39, 28, 25, 20, 25, 33, 31, 28, 5, 92, 98, 78, 189, 226, 268, 256, 159, 99, 110, 174, 133",,Sports betting
160,fortuna eco boutique hotel,ro,,150,0.20,,,,,200,,,2016-06-30,,,"195, 235, 131, 228, 94, 140, 247, 245, 138, 95, 95, 95, 241, 302, 166, 173, 97, 131, 164, 132, 114, 91, 85, 87",,
161,aplicația fortuna,ro,,150,0.70,,,,,150,,,2020-01-12,,,"158, 308, 224, 248, 63, 68, 158, 176, 110, 101, 161, 48, 98, 77, 83, 25, 85, 124, 144, 142, 233, 312, 228, 189",,
162,fortuna pariuri sportive online,ro,13,150,0.05,1.02,fortuna,2026-06-08 17:47:29,Sitelinks,150,248000,254000,2015-10-17,"Navigational,Commercial,Transactional,Branded,Non-local",Romanian,"5, 16, 22, 6, 6, 1, 7, 2, 9, 91, 89, 57, 147, 178, 133, 134, 154, 141, 193, 141, 183, 161, 82, 45",97,Sports betting
163,aplicatia fortuna,ro,22,150,0.60,,fortuna,2026-06-08 06:33:47,Sitelinks,150,247000,253000,2019-01-15,"Informational,Navigational,Transactional,Non-branded,Non-local",Romanian,"13, 44, 8, 10, 7, 31, 56, 31, 29, 22, 10, 3, 128, 286, 290, 240, 105, 128, 108, 89, 82, 109, 71, 64",,Add-ons
164,agenti fortuna,ro,45,150,0.35,0.99,fortuna,2026-06-20 01:42:44,Sitelinks,150,229000,233000,2015-10-01,"Informational,Non-branded,Non-local",Romanian,"76, 91, 61, 67, 95, 167, 211, 162, 124, 55, 42, 47, 188, 188, 166, 200, 164, 146, 123, 132, 105, 112, 115, 135",,Reference
165,ama fortuna sports,ro,33,150,0.20,1,echipament sportiv,2026-06-28 15:17:24,,150,300,350,2016-08-19,"Informational,Commercial,Branded,Local",,"8, 3, 5, 1, 5, 14, 8, 1, 8, 78, 88, 32, 55, 116, 219, 213, 220, 93, 90, 184, 199, 180, 114, 166",,Commercial distribution; Sporting goods
166,rotiri gratuite fara depunere fortuna,ro,55,150,1.40,,oferte casino,2026-06-04 16:39:29,Sitelinks,200,900,900,2020-04-20,"Informational,Commercial,Transactional,Branded,Non-local",Romanian,"130, 104, 125, 102, 107, 153, 152, 121, 104, 87, 138, 151, 129, 99, 91, 259, 159, 133, 258, 407, 65, 68, 101, 85",,Gambling
167,oferta fotbal fortuna,ro,26,150,0.35,,fortuna,2026-06-10 11:47:37,Sitelinks,150,248000,253000,2015-10-17,"Informational,Commercial,Transactional,Non-branded,Non-local",Romanian,"8, 13, 16, 27, 11, 22, 30, 39, 54, 67, 137, 70, 97, 112, 121, 190, 144, 170, 176, 165, 130, 176, 125, 116",,Sports betting; Soccer
168,ruota della fortuna,ro,35,150,0.25,,ruota della fortuna,2026-07-03 14:59:55,"People also ask,Videos",265000,60,25000,2019-07-28,"Informational,Branded,Non-local",Italian,"247, 410, 98, 72, 68, 149, 158, 62, 76, 137, 138, 122, 258, 599, 107, 58, 59, 271, 134, 86, 53, 94, 85, 98",,TV shows; Word games; Leisure; General reference
169,fortuna park,ro,0,100,0.20,1.14,fortuna park,2026-06-15 13:21:04,"Sitelinks,Local pack",200,40,40,2016-01-03,"Informational,Navigational,Commercial,Branded,Local",,"111, 102, 82, 86, 55, 103, 128, 67, 103, 105, 83, 105, 103, 69, 82, 81, 104, 108, 115, 98, 111, 108, 105, 104","114, 99, 94, 94, 93, 97, 119, 102, 115, 112, 109, 108",Residential sales
170,pariuri live fortuna,ro,44,100,0.35,,efortuna,2026-07-08 00:29:48,,150,42000,42000,2015-09-29,"Navigational,Transactional,Branded,Non-local",Romanian,"30, 33, 30, 32, 30, 31, 34, 29, 41, 32, 36, 43, 100, 113, 129, 108, 105, 205, 173, 131, 116, 103, 65, 86",,Sports betting; Sports
171,fortuna program,ro,21,100,0.50,0.95,program fortuna azi,2026-07-03 18:42:28,,150,70,70,2015-10-30,"Informational,Branded,Local",Romanian,"127, 124, 121, 101, 84, 267, 160, 82, 85, 198, 156, 122, 103, 114, 91, 52, 62, 217, 138, 101, 107, 144, 136, 114","98, 102, 90, 88, 111, 216, 148, 109, 115, 154, 146, 122",Sports betting; Business
172,fortuna bonus de bun venit,ro,49,100,3.00,,fortuna casino,2026-07-04 22:24:17,Sitelinks,150,9700,9900,2016-03-31,"Informational,Commercial,Branded,Non-local",Romanian,"124, 104, 103, 148, 101, 101, 62, 148, 114, 100, 59, 48, 101, 72, 93, 123, 106, 119, 129, 124, 117, 111, 107, 99","110, 88, 97, 109, 98, 118, 128, 123, 116, 110, 106, 98",Sports betting
173,fortuna meciuri,ro,30,100,0.35,,fortuna,2026-07-07 19:35:06,Sitelinks,150,214000,217000,2016-03-26,"Informational,Branded,Non-local",Romanian,"130, 145, 90, 101, 69, 86, 111, 203, 345, 224, 257, 102, 152, 162, 118, 72, 82, 159, 117, 100, 100, 116, 90, 102",,Sports news; Soccer
174,casa pariurilor fortuna,ro,36,100,0.60,,e fortuna,2026-06-14 17:28:01,,150,11000,11000,2015-09-15,"Informational,Navigational,Commercial,Transactional,Branded,Non-local",Romanian,"241, 204, 218, 222, 122, 63, 63, 91, 114, 69, 75, 29, 144, 148, 169, 182, 113, 155, 97, 76, 82, 91, 86, 77",,Sports betting
175,fortuna meridian cafea boabe 1kg,ro,,100,0.15,,,,,100,,,2020-11-01,,,"18, 22, 37, 44, 72, 40, 76, 67, 78, 102, 82, 32, 51, 52, 46, 44, 114, 98, 371, 118, 161, 74, 80, 61",,
176,cafea boabe fortuna meridian,ro,,100,0.08,,,,,100,,,2017-06-27,,,"21, 12, 55, 56, 78, 81, 122, 103, 78, 104, 117, 79, 112, 82, 72, 80, 127, 117, 285, 141, 127, 84, 103, 93",,
177,depunere minima fortuna,ro,,100,2.50,,,,,150,,,2016-02-12,,,"30, 31, 32, 31, 35, 37, 33, 34, 42, 33, 35, 37, 100, 100, 134, 137, 119, 147, 135, 109, 117, 105, 104, 146",,
178,fortuna palace casino rotiri gratuite,ro,,100,,,,,,100,,,2025-02-26,,,"0, 0, 0, 0, 0, 0, 0, 17, 111, 44, 51, 116, 380, 101, 25, 40, 71, 40, 28, 51, 142, 106, 74, 88",,
179,fortuna agentie,ro,42,100,0.40,,fortuna bet,2026-07-06 16:56:51,Knowledge panel,100,1000,1000,2015-09-19,"Informational,Commercial,Branded,Local",Romanian,"15, 28, 26, 32, 22, 41, 52, 13, 38, 24, 43, 13, 75, 90, 111, 96, 97, 78, 104, 115, 122, 102, 103, 84",,Sports betting; Business
180,jocuri fortuna,ro,39,100,0.70,,fortuna casino,2026-06-18 02:07:18,Sitelinks,100,40000,46000,2016-12-03,"Informational,Navigational,Commercial,Transactional,Non-branded,Non-local",Romanian,"115, 190, 229, 301, 141, 200, 192, 143, 153, 173, 132, 108, 176, 109, 153, 136, 41, 76, 53, 39, 53, 67, 63, 90",,Lottery
181,poziții psv vs fortuna sittard,ro,,100,,,,,,150,,,2023-05-14,,,"0, 0, 0, 0, 0, 0, 0, 0, 0, 0, 39, 0, 0, 0, 0, 1154, 245, 0, 0, 0, 0, 0, 0, 1",,
182,fortuna aplicatie,ro,22,100,2.50,0.88,fortuna,2026-06-07 15:02:28,Sitelinks,100,247000,253000,2016-05-08,"Informational,Commercial,Non-branded,Non-local",Romanian,"126, 229, 125, 224, 95, 172, 62, 93, 150, 185, 126, 92, 120, 125, 103, 107, 104, 142, 102, 101, 108, 93, 91, 81","81, 90, 125, 130, 122, 127, 101, 100, 106, 92, 90, 80",Add-ons
183,fortuna înregistrare,ro,,100,,,,,,100,,,2020-08-26,,,"33, 35, 32, 30, 35, 33, 42, 30, 32, 35, 37, 31, 61, 69, 89, 95, 131, 114, 117, 100, 81, 110, 79, 110",,
184,cronologie psv vs fortuna sittard,ro,,100,,,,,,100,,,2025-10-31,,,"0, 0, 0, 0, 0, 0, 0, 0, 0, 0, 0, 0, 0, 0, 0, 1103, 148, 0, 0, 0, 0, 0, 0, 1",,
185,fortuna pariaza in agentii,ro,,100,0.80,,,,,100,,,2017-01-18,"Informational,Commercial,Branded,Local",Romanian,"0, 0, 13, 43, 39, 29, 46, 35, 40, 24, 74, 36, 67, 92, 151, 111, 112, 124, 262, 119, 60, 47, 38, 46",,Sports betting
186,aplicatie fortuna casino,ro,42,100,1.00,,fortuna casino,2026-06-29 20:48:21,Sitelinks,150,37000,42000,2021-11-02,"Informational,Transactional,Branded,Non-local",Romanian,"59, 88, 70, 23, 15, 26, 32, 18, 81, 27, 23, 16, 37, 85, 73, 73, 83, 132, 117, 308, 106, 99, 102, 79",,Sports betting; Add-ons
187,nr contact fortuna,ro,,100,,,,,,150,,,2020-12-21,,,"54, 63, 46, 40, 71, 62, 71, 49, 64, 99, 139, 94, 99, 78, 110, 149, 134, 137, 114, 90, 97, 154, 132, 116",,
188,www fortuna,ro,64,100,0.10,1.02,efortuna,2026-06-24 16:37:52,,700,44000,44000,2015-09-17,"Navigational,Commercial,Transactional,Branded,Non-local",,"116, 94, 121, 93, 130, 106, 135, 135, 137, 140, 127, 92, 113, 91, 117, 90, 126, 103, 132, 131, 133, 136, 124, 90","110, 89, 115, 89, 124, 101, 129, 129, 131, 134, 122, 88",Sports betting; Sports
189,retragere fortuna,ro,,100,1.50,,,,,150,,,2016-05-29,,,"42, 45, 48, 49, 49, 53, 46, 46, 67, 47, 48, 54, 86, 88, 159, 85, 83, 181, 227, 97, 66, 83, 83, 80",,
190,cod bonus fortuna,ro,56,100,0.80,,fortuna casino,2026-06-24 05:51:56,Sitelinks,150,9600,9800,2015-12-31,"Informational,Commercial,Transactional,Non-branded,Non-local",Romanian,"83, 72, 74, 81, 83, 83, 104, 88, 89, 136, 80, 82, 94, 82, 84, 91, 94, 94, 117, 99, 100, 153, 89, 92","105, 91, 94, 102, 105, 104, 130, 110, 111, 169, 99, 101",Sports betting
191,zeita fortuna,ro,0,100,0.06,0.89,zeita fortuna,2026-07-05 10:27:24,"AI Overview,Thumbnail,Image pack,Video preview",100,80,80,2015-09-14,"Informational,Commercial,Transactional,Non-branded,Non-local",Romanian,"173, 142, 171, 144, 139, 119, 120, 119, 211, 138, 138, 92, 93, 76, 110, 92, 114, 95, 89, 95, 114, 92, 117, 97","92, 86, 98, 103, 119, 102, 89, 95, 113, 92, 117, 97",Sculpture; Decor; Folklore; Collectibles
192,cafea meridian fortuna,ro,,100,0.15,,,,,150,,,2020-06-24,,,"23, 33, 71, 55, 118, 95, 76, 27, 49, 64, 122, 79, 98, 88, 104, 102, 169, 102, 225, 93, 184, 84, 101, 100",,
193,palace fortuna,ro,,100,,,,,,150,,,2025-01-28,,,"0, 0, 0, 0, 0, 0, 2, 5, 79, 43, 43, 73, 149, 105, 78, 140, 259, 253, 131, 77, 51, 36, 11, 7",,
194,cod bilet fortuna,ro,50,100,,,verificare bilet fortuna,2026-07-08 17:48:52,,100,21000,21000,2016-04-23,"Informational,Navigational,Non-branded,Non-local",Romanian,"0, 0, 0, 14, 65, 69, 28, 0, 71, 173, 151, 65, 107, 123, 90, 82, 111, 181, 175, 87, 66, 80, 57, 53",,Sports betting
195,agentia fortuna,ro,21,100,0.70,0.92,fortuna imobiliare,2026-06-17 05:40:35,,100,250,250,2015-09-07,"Informational,Commercial,Branded,Local",Romanian,"19, 21, 19, 11, 1, 6, 15, 19, 11, 16, 26, 14, 85, 88, 63, 83, 121, 142, 136, 93, 78, 92, 85, 80",,Real estate agencies
196,fotbal fortuna,ro,43,100,0.02,,www.efortuna,2026-06-24 03:37:54,Sitelinks,250,3000,3100,2016-03-09,"Informational,Navigational,Commercial,Transactional,Branded,Non-local",Romanian,"113, 103, 210, 238, 249, 288, 295, 204, 246, 212, 204, 158, 183, 161, 193, 162, 123, 48, 66, 62, 99, 88, 41, 54",,Sports betting; Sports
197,hotel fortuna fotografii,ro,,100,,,,,,100,,,2023-06-13,,,"0, 0, 0, 0, 0, 0, 0, 0, 0, 0, 0, 0, 0, 104, 43, 34, 53, 18, 97, 115, 96, 103, 205, 324",,
198,fortuna bet pariuri sportive,ro,13,100,0.15,1.25,fortuna,2026-06-12 04:55:21,Sitelinks,200,243000,249000,2015-09-17,"Informational,Commercial,Branded,Non-local",Romanian,"392, 585, 398, 489, 495, 721, 718, 573, 705, 594, 218, 92, 118, 107, 189, 100, 102, 154, 154, 135, 118, 106, 118, 98","108, 90, 128, 109, 104, 118, 135, 121, 108, 99, 111, 93",Sports betting
199,bilet fortuna,ro,42,100,0.02,1.05,fortuna,2026-06-25 15:53:55,Sitelinks,150,213000,218000,2015-09-20,"Informational,Transactional,Non-branded,Non-local",Romanian,"205, 285, 784, 404, 300, 234, 262, 214, 296, 178, 120, 72, 116, 96, 145, 153, 86, 121, 230, 184, 108, 56, 23, 33",,Sports betting
200,pariuri fortuna fotbal,ro,,100,0.04,,,,,100,,,2018-05-19,,,"0, 0, 110, 78, 39, 0, 0, 25, 121, 6, 34, 11, 80, 53, 28, 88, 46, 131, 155, 195, 189, 155, 77, 71",,
201,bonusuri fortuna,ro,56,100,3.00,,fortuna casino,2026-06-26 23:25:54,Sitelinks,100,9600,9800,2015-10-30,"Informational,Commercial,Branded,Non-local",Romanian,"16, 17, 15, 22, 14, 21, 17, 9, 19, 19, 17, 7, 71, 70, 63, 59, 90, 184, 199, 120, 83, 90, 94, 80",,Sports betting
202,fortuna rendez-vous,ro,0,100,0.08,,fortuna rendez-vous,2026-07-01 20:37:11,Local pack,100,60,60,2016-03-16,"Informational,Branded,Non-local",French,"39, 48, 71, 73, 66, 54, 64, 69, 109, 117, 194, 85, 95, 88, 118, 100, 130, 135, 225, 199, 81, 65, 108, 65",80,Conventions
203,e-fortuna,ro,12,100,,1.14,fortuna,2026-06-14 17:11:44,Sitelinks,200,253000,258000,2015-09-18,"Navigational,Transactional,Branded,Non-local",,"8, 10, 12, 47, 25, 9, 9, 10, 18, 42, 57, 9, 67, 73, 63, 77, 72, 159, 180, 142, 169, 119, 145, 135",,Lottery; Sports betting
204,hotel fortuna eforie nord harta,ro,,100,,,,,,100,,,2015-12-29,,,"9, 2, 1, 6, 0, 0, 0, 0, 0, 0, 0, 3, 80, 157, 53, 31, 59, 35, 105, 121, 105, 74, 129, 221",,
205,ama fortuna sport,ro,,100,,,,,,100,,,2015-09-24,,,"0, 1, 0, 1, 7, 5, 0, 0, 2, 1, 1, 4, 2, 1, 0, 71, 215, 45, 8, 26, 312, 196, 285, 225",,
206,fortuna verificare,ro,27,100,0.90,1.07,verificare bilet fortuna,2026-07-07 18:10:12,Video preview,150,21000,21000,2016-02-11,"Informational,Transactional,Non-branded,Non-local",Romanian,"54, 46, 36, 45, 37, 37, 38, 55, 53, 43, 27, 52, 56, 70, 73, 97, 90, 85, 142, 371, 240, 105, 102, 150",,Sports betting
207,fortuna bet.ro,ro,38,100,0.45,1.12,fortuna,2026-06-26 23:13:36,Sitelinks,100,213000,218000,2015-09-15,"Informational,Navigational,Commercial,Branded,Non-local",,"118, 0, 50, 165, 191, 160, 150, 121, 145, 159, 256, 29, 68, 87, 113, 147, 90, 118, 111, 105, 78, 116, 122, 112",,Sports betting; Sports
208,bonus fortuna casino,ro,57,100,,,fortuna bonus fara depunere,2026-06-24 08:30:43,,250,,,2019-02-07,"Informational,Commercial,Transactional,Branded,Non-local",Romanian,"7, 6, 3, 4, 7, 4, 12, 5, 9, 6, 9, 4, 76, 79, 80, 64, 132, 224, 215, 153, 117, 132, 126, 109",,Gambling
209,fortuna 333 rotiri gratuite,ro,,100,2.00,,,,,100,,,2025-10-10,,,"0, 0, 0, 0, 0, 0, 0, 0, 0, 0, 0, 0, 0, 0, 0, 62, 82, 166, 217, 264, 196, 211, 62, 78",,
210,contact fortuna,ro,34,100,2.00,,fortuna casino online,2026-06-30 08:03:03,Local pack,100,300,300,2016-02-12,"Informational,Branded,Local",English,"95, 99, 87, 81, 95, 113, 104, 99, 129, 115, 154, 92, 90, 98, 188, 114, 69, 99, 99, 107, 103, 85, 74, 66","73, 111, 102, 116, 101, 91, 98, 106, 102, 84, 73, 66",Sports betting; Business
211,fortuna pariuri sportive oferta,ro,31,100,,1,fortuna,2026-06-30 08:03:42,Sitelinks,100,213000,218000,2015-09-16,"Informational,Commercial,Branded,Non-local",Romanian,"31, 34, 37, 36, 62, 150, 133, 59, 86, 73, 40, 33, 72, 83, 113, 88, 123, 166, 106, 66, 75, 97, 71, 68",,Sports betting
212,cafea fortuna verde metro,ro,0,100,0.05,,cafea fortuna verde metro,2026-07-05 02:53:54,"Shopping,Thumbnail",100,10,10,2021-11-14,"Commercial,Transactional,Branded,Non-local",Romanian,"29, 40, 37, 51, 63, 63, 73, 94, 116, 161, 132, 113, 111, 121, 77, 106, 159, 125, 107, 98, 77, 34, 28, 50",,Tea; Shopping
213,loto italia fortuna,ro,45,100,0.01,,loto italia 20/90,2026-07-02 01:00:07,,100,3500,4200,2015-11-02,"Informational,Branded,Non-local",Italian,"166, 210, 85, 49, 74, 81, 101, 51, 46, 54, 105, 114, 123, 133, 100, 162, 62, 146, 159, 82, 70, 96, 124, 94",,Lottery
214,fortuna pariuri agentii,ro,8,100,0.80,,fortuna,2026-06-07 21:10:19,Sitelinks,100,247000,253000,2016-08-20,"Informational,Branded,Non-local",Romanian,"131, 107, 96, 130, 144, 107, 97, 65, 65, 50, 75, 49, 91, 100, 85, 88, 104, 95, 124, 111, 102, 116, 66, 69",,Sports betting
215,fortuna düsseldorf,ro,53,100,0.25,0.31,fortuna düsseldorf,2026-07-01 12:59:41,"Top stories,Thumbnail,Knowledge panel,People also ask",279000,0,15000,2015-09-19,"Informational,Branded,Non-local",German,"107, 309, 340, 214, 220, 164, 223, 315, 56, 210, 89, 54, 162, 147, 17, 79, 76, 85, 63, 97, 42, 148, 384, 127",,Sports news; Soccer
216,download fortuna,ro,35,100,0.35,,fortuna casino,2026-06-21 21:48:01,,150,3300,3500,2018-04-27,"Transactional,Branded,Non-local",English,"86, 48, 66, 209, 30, 24, 32, 19, 56, 45, 41, 13, 70, 76, 70, 67, 60, 90, 98, 68, 68, 517, 68, 130",,Sports betting; Add-ons
217,fortuna bet oferta,ro,53,100,0.09,1.07,fortuna,2026-06-26 17:32:00,Sitelinks,150,213000,218000,2015-09-16,"Informational,Commercial,Branded,Non-local",Romanian,"69, 85, 170, 110, 122, 129, 99, 127, 119, 113, 79, 72, 68, 85, 170, 110, 121, 128, 99, 127, 119, 113, 78, 72","68, 85, 170, 110, 121, 128, 99, 127, 119, 113, 78, 72",Sports betting
218,pareri fortuna,ro,,100,,,,,,100,,,2015-12-04,,,"31, 35, 39, 35, 38, 38, 41, 36, 52, 41, 38, 40, 81, 87, 111, 125, 148, 151, 113, 94, 81, 62, 27, 45",,
219,fortuna aplicatie android,ro,39,100,0.20,,fortuna casino,2026-06-27 02:37:55,,150,2300,2500,2017-01-30,"Informational,Transactional,Branded,Non-local",Romanian,"40, 67, 92, 82, 139, 137, 199, 133, 162, 99, 81, 15, 66, 73, 60, 66, 68, 89, 107, 145, 188, 206, 180, 144",,Sports betting; Add-ons
220,fortuna. casino,ro,,100,,,,,,150,,,2024-05-19,,,"25, 84, 49, 100, 65, 100, 213, 133, 161, 94, 111, 107, 139, 72, 144, 216, 78, 121, 82, 63, 32, 47, 52, 94",,
221,fortuna pariuri sportive rezultate fotbal,ro,30,100,0.45,,fortuna,2026-06-03 07:56:11,Sitelinks,100,249000,255000,2016-04-28,"Informational,Commercial,Transactional,Branded,Non-local",Romanian,"79, 131, 119, 97, 87, 25, 12, 13, 13, 8, 27, 49, 21, 61, 53, 118, 145, 144, 232, 202, 121, 112, 90, 70",,Sports betting; Sports
222,e fortuna pariuri,ro,,100,,1.23,,,,100,,,2015-10-19,"Informational,Navigational,Commercial,Transactional,Branded,Non-local",Romanian,"0, 0, 0, 0, 1, 0, 0, 2, 1, 1, 10, 1, 58, 71, 66, 76, 107, 154, 213, 129, 135, 122, 128, 114",,Sports betting; Sports
223,hotel fortuna eforie nord am fost acolo,ro,0,100,0.07,1.33,hotel fortuna eforie nord,2026-05-27 02:59:33,Sitelinks,100,150,150,2015-11-08,"Informational,Commercial,Branded,Local",Romanian,"36, 75, 6, 31, 42, 23, 82, 60, 53, 44, 132, 343, 353, 165, 30, 28, 39, 24, 34, 49, 25, 24, 32, 59",,Short-term stays
224,fortuna ajax,ro,,100,,,,,,2400,,,2020-02-23,,,"0, 1, 0, 0, 0, 0, 0, 19, 0, 0, 0, 0, 0, 0, 0, 0, 0, 1, 0, 0, 204, 306, 481, 511",,
225,fortuna bonus bun venit,ro,,100,6.00,,,,,100,,,2017-03-28,,,"7, 15, 16, 24, 37, 28, 47, 27, 34, 44, 144, 47, 74, 57, 86, 119, 149, 112, 115, 120, 93, 56, 54, 79",,
226,fortuna casa de pariuri,ro,45,100,1.20,0.98,fortuna,2026-05-30 07:34:37,"Sitelinks,Video preview",100,249000,253000,2015-09-20,"Informational,Commercial,Branded,Non-local",Romanian,"21, 21, 13, 8, 26, 18, 40, 24, 17, 23, 23, 38, 110, 72, 68, 62, 130, 98, 137, 95, 89, 93, 96, 89",,Sports betting
227,program fortuna pitesti,ro,0,100,0.80,1.09,fortuna pitesti,2026-06-11 03:18:47,Knowledge panel,100,80,80,2015-09-19,"Informational,Branded,Non-local",Romanian,"156, 106, 72, 50, 49, 49, 32, 28, 23, 86, 110, 112, 110, 118, 104, 150, 61, 111, 80, 48, 61, 96, 143, 91",,Soccer
228,fortuna cod promo,ro,,100,1.20,,,,,100,,,2017-09-15,,,"53, 48, 51, 48, 60, 55, 58, 49, 54, 55, 48, 46, 76, 76, 105, 97, 80, 143, 167, 80, 125, 119, 123, 160",,
229,fortuna rendez-vous cafea boabe 1kg,ro,0,100,0.10,,cafea fortuna verde,2026-06-02 08:46:26,,100,500,500,2020-04-20,"Commercial,Transactional,Branded,Non-local",Romanian,"66, 61, 77, 97, 150, 116, 156, 149, 188, 218, 235, 186, 212, 198, 228, 117, 150, 77, 62, 39, 53, 15, 16, 23",,Tea; Shopping
230,bilete fortuna,ro,33,100,0.70,0.54,fortuna,2026-06-08 08:03:47,Sitelinks,100,247000,253000,2015-09-20,"Informational,Navigational,Transactional,Branded,Non-local",Romanian,"24, 11, 27, 52, 174, 145, 163, 80, 110, 178, 67, 15, 69, 41, 68, 89, 67, 48, 92, 96, 209, 250, 88, 98",,Sports betting
231,fortuna tg mures,ro,0,90,0.80,,fortuna,2026-06-24 23:04:08,"Local pack,Image pack",90,213000,218000,2016-02-16,"Informational,Commercial,Non-branded,Local",Romanian,"75, 70, 97, 72, 77, 84, 64, 52, 66, 99, 95, 75, 85, 61, 84, 76, 70, 101, 77, 73, 110, 82, 67, 86",,Maps; Travel
232,fortuna ploiesti,ro,,90,,,,,,90,,,2015-10-16,,,"77, 65, 39, 48, 68, 107, 79, 54, 83, 81, 75, 32, 59, 63, 87, 91, 53, 92, 119, 89, 86, 70, 124, 86",,
233,e fortuna casino,ro,59,90,1.40,,fortuna casino,2026-07-04 04:20:53,Sitelinks,150,44000,49000,2020-01-10,"Informational,Navigational,Commercial,Transactional,Branded,Non-local",Romanian,"235, 175, 290, 440, 463, 378, 130, 59, 91, 108, 67, 55, 73, 51, 30, 34, 68, 158, 167, 75, 94, 88, 98, 99",,Sports betting
234,fortuna sittard - ajax,ro,,90,,,,,,3200,,,2021-01-24,,,"0, 0, 1, 0, 0, 1, 0, 404, 1, 0, 0, 0, 0, 0, 0, 0, 0, 1021, 0, 0, 0, 0, 0, 1",,
235,fortuna pariuri oferta azi,ro,38,90,0.60,1.02,fortuna,2026-06-19 10:54:25,Sitelinks,100,229000,234000,2018-06-25,"Informational,Commercial,Transactional,Branded,Non-local",Romanian,"26, 16, 28, 37, 16, 16, 16, 35, 37, 17, 16, 18, 35, 26, 33, 27, 591, 32, 72, 65, 51, 49, 48, 29","28, 19, 51, 188, 299, 61, 79, 71, 55, 53, 52, 32",Sports betting
236,fortuna verde 500g,ro,0,90,0.04,,cafea fortuna verde,2026-06-21 19:38:31,Image pack,90,600,600,2022-01-30,"Commercial,Transactional,Branded,Non-local",Romanian,"16, 23, 18, 43, 39, 42, 78, 79, 72, 73, 99, 100, 98, 107, 84, 77, 83, 92, 55, 77, 91, 80, 59, 76",,Tea
237,loto italia keno fortuna,ro,,90,,,,,,90,,,2018-09-24,"Informational,Branded,Non-local",Romanian,"0, 0, 0, 31, 79, 46, 22, 0, 0, 0, 0, 0, 96, 67, 29, 0, 40, 137, 163, 106, 141, 130, 100, 94",,Lottery
238,verificare fortuna bilet,ro,52,90,0.40,,verificare bilet fortuna,2026-07-01 22:04:32,,90,18000,18000,2019-04-22,"Informational,Transactional,Branded,Non-local",Romanian,"66, 32, 27, 39, 13, 66, 280, 13, 18, 11, 23, 12, 20, 30, 30, 54, 55, 126, 200, 188, 183, 93, 49, 75",,Sports betting
239,fortuna rendez vous cafea boabe 1kg,ro,,90,,,,,,90,,,2025-05-25,,,"0, 0, 0, 0, 0, 0, 0, 0, 0, 0, 10, 8, 4, 0, 10, 36, 159, 103, 176, 125, 167, 100, 114, 111",,
240,verificare fortuna,ro,42,90,1.00,1.22,scanare bilet fortuna,2026-06-08 13:35:09,Video preview,90,1400,1400,2015-10-10,"Informational,Branded,Non-local",Romanian,"104, 105, 105, 134, 134, 108, 132, 134, 199, 132, 130, 48, 51, 69, 89, 91, 98, 93, 107, 90, 170, 79, 55, 87","65, 83, 80, 138, 71, 88, 101, 84, 164, 73, 49, 82",Lottery; Sports betting
241,fortuna bonusuri,ro,45,90,3.00,,fortuna casino,2026-06-27 10:07:04,"Sitelinks,Bottom ads,Paid sitelinks",100,9600,9800,2016-03-02,"Informational,Commercial,Branded,Non-local",Romanian,"3, 8, 2, 11, 3, 4, 12, 12, 23, 12, 10, 1, 57, 51, 43, 40, 64, 202, 219, 128, 64, 78, 95, 76",,Sports betting
242,cafea fortuna meridian carrefour,ro,0,90,0.04,,cafea fortuna meridian carrefour,2026-06-11 07:28:00,"Top ads,Paid sitelinks,Image pack",90,30,30,2020-10-30,"Informational,Commercial,Branded,Non-local",Romanian,"44, 35, 37, 30, 75, 57, 58, 82, 53, 108, 55, 46, 57, 69, 51, 61, 93, 61, 429, 133, 43, 19, 28, 33",,Tea
243,fortuna rezultate loto,ro,58,90,,1.09,loto online,2026-06-27 14:20:19,Sitelinks,90,4600,4600,2015-12-02,"Informational,Branded,Non-local",Romanian,"45, 18, 36, 23, 21, 9, 12, 8, 9, 21, 13, 12, 60, 47, 65, 105, 89, 110, 104, 99, 100, 112, 102, 103",,Lottery
244,casa pariuri fortuna,ro,30,90,0.60,0.94,fortuna,2026-06-05 16:28:38,Sitelinks,90,249000,255000,2015-09-21,"Informational,Navigational,Commercial,Transactional,Branded,Non-local",Romanian,"59, 51, 83, 89, 102, 63, 55, 36, 59, 55, 48, 46, 104, 92, 82, 85, 121, 83, 100, 74, 76, 84, 75, 72",,Lottery; Sports betting
245,agentii e fortuna,ro,,80,0.50,0.95,,,,80,,,2015-10-17,"Informational,Branded,Non-local",Romanian,"0, 0, 2, 11, 8, 10, 4, 2, 7, 4, 11, 12, 55, 74, 64, 87, 101, 101, 112, 81, 68, 85, 73, 62",,Sports betting
246,cafea fortuna rosie,ro,,80,0.06,,,,,80,,,2018-11-26,,,"46, 50, 46, 48, 59, 58, 74, 69, 67, 85, 99, 74, 101, 75, 63, 92, 80, 68, 91, 87, 77, 66, 66, 62",,
247,inchirieri garsoniere arad fortuna de la proprietari,ro,0,80,0.01,,inchirieri garsoniere arad fortuna de la proprietari,2026-06-17 19:55:53,,80,30,30,2021-07-03,"Informational,Commercial,Transactional,Non-branded,Local",Romanian,"224, 154, 200, 156, 139, 113, 101, 74, 89, 101, 71, 64, 81, 80, 76, 167, 103, 75, 68, 28, 47, 44, 70, 40",,Residential
248,fortuna palace 100 rotiri,ro,,80,,,,,,90,,,2025-07-23,,,"0, 0, 0, 0, 0, 0, 0, 0, 0, 0, 0, 0, 31, 98, 55, 106, 93, 128, 103, 105, 123, 91, 48, 62",,
249,descarcare aplicatie fortuna,ro,25,80,0.30,,fortuna,2026-06-15 22:26:11,,90,15000,15000,2019-05-22,"Informational,Commercial,Transactional,Branded,Non-local",Romanian,"73, 119, 130, 125, 98, 170, 110, 65, 124, 106, 84, 40, 53, 62, 55, 31, 61, 86, 112, 124, 117, 89, 56, 76",,Sports betting; Add-ons
250,verificare bilet online fortuna,ro,,80,,,,,,80,,,2016-09-24,,,"0, 0, 0, 0, 0, 0, 0, 0, 0, 0, 0, 0, 18, 24, 105, 60, 54, 135, 178, 140, 41, 131, 45, 72",,
251,fortuna .ro,ro,44,80,,0.89,www.fortuna.ro,2026-07-04 10:53:01,,200,90,150,2015-09-16,"Informational,Navigational,Commercial,Transactional,Branded,Non-local",,"797, 569, 232, 60, 30, 16, 38, 19, 25, 66, 60, 7, 54, 75, 55, 66, 84, 133, 133, 81, 87, 72, 84, 74",,Sports betting
252,verificare bilet fortuna fotbal,ro,,80,0.25,,,,,80,,,2018-03-27,"Informational,Branded,Non-local",Romanian,"0, 0, 0, 0, 0, 0, 0, 0, 0, 0, 0, 0, 0, 0, 0, 9, 98, 254, 241, 44, 164, 111, 27, 84",,Sports betting
253,apartamente de inchiriat vlaicu fortuna arad,ro,,80,,,,,,90,,,2024-08-05,,,"0, 4, 35, 25, 28, 8, 9, 31, 39, 64, 44, 85, 75, 93, 73, 103, 109, 57, 64, 64, 75, 92, 113, 61",,
254,pariaza online fortuna,ro,13,80,2.50,,fortuna,2026-06-08 12:19:54,Sitelinks,80,247000,253000,2016-04-30,"Informational,Commercial,Transactional,Branded,Non-local",Romanian,"45, 37, 43, 65, 78, 97, 25, 0, 12, 0, 0, 0, 10, 79, 108, 20, 21, 23, 114, 97, 153, 146, 118, 126",,Sports betting
255,fortuna loto rezultate,ro,59,80,,,loto online,2026-06-24 19:27:40,Sitelinks,80,4600,4600,2015-09-25,"Informational,Branded,Non-local",Romanian,"0, 0, 0, 32, 49, 43, 14, 0, 0, 0, 0, 0, 0, 92, 89, 76, 48, 109, 93, 81, 85, 174, 72, 92",,Lottery
256,rezultate loto grecia fortuna,ro,47,80,,,grecia kino,2026-06-17 01:58:00,,100,7800,8400,2015-11-17,"Informational,Branded,Non-local",Romanian,"0, 0, 0, 21, 42, 33, 4, 18, 33, 48, 25, 15, 46, 63, 86, 76, 69, 89, 87, 73, 90, 113, 81, 91",,Lottery
257,fortuna bet online,ro,72,80,,1.17,fortuna,2026-07-01 07:58:17,Sitelinks,100,213000,218000,2015-09-22,"Navigational,Transactional,Branded,Non-local",English,"40, 43, 43, 40, 42, 42, 31, 27, 32, 30, 47, 33, 70, 77, 69, 56, 97, 131, 152, 66, 53, 53, 65, 52",,Sports betting; Sports
258,casa fortuna moacsa,ro,0,80,0.15,,casa fortuna moacsa,2026-07-09 03:37:16,"Sitelinks,Video preview",80,20,20,2021-02-07,"Informational,Commercial,Transactional,Branded,Local",Romanian,"83, 130, 78, 71, 56, 45, 114, 57, 47, 64, 67, 57, 80, 115, 84, 99, 55, 36, 96, 58, 57, 82, 66, 56",,Vacation properties; Short-term stays
259,cafea boabe fortuna rendez-vous,ro,,80,,,,,,90,,,2024-12-17,,,"0, 0, 0, 0, 0, 14, 28, 27, 57, 60, 89, 54, 46, 31, 24, 83, 181, 111, 192, 146, 56, 26, 35, 31",,
260,fortuna iasi,ro,,80,0.90,0.96,,,,80,,,2015-10-23,"Informational,Commercial,Branded,Local",Romanian,"44, 34, 41, 53, 38, 34, 27, 29, 38, 28, 43, 21, 63, 78, 66, 106, 83, 93, 93, 83, 80, 73, 64, 66",,Business; Sports betting; Business
261,grecia fortuna,ro,,80,,1.14,,,,90,,,2016-01-13,"Informational,Transactional,Non-branded,Non-local",Romanian,"0, 0, 0, 0, 0, 0, 0, 0, 0, 0, 1, 0, 37, 32, 53, 85, 65, 87, 186, 140, 82, 104, 72, 81",,Lottery
262,cafea fortuna verde penny,ro,,80,,,,,,80,,,2022-10-28,,,"44, 44, 55, 74, 92, 89, 106, 109, 136, 154, 139, 84, 83, 91, 32, 69, 74, 67, 124, 141, 82, 36, 21, 38",,
263,la fortuna,ro,10,80,0.20,0.73,la fortuna,2026-06-30 04:23:14,Video preview,30000,60,350,2015-10-05,"Informational,Branded,Non-local",Spanish,"101, 133, 101, 96, 98, 101, 83, 98, 78, 66, 81, 79, 88, 88, 71, 91, 104, 78, 86, 75, 66, 61, 49, 90","60, 69, 96, 90, 101, 93, 86, 75, 66, 61, 49, 90",TV shows
264,psv eindhoven vs fortuna sittard lineups,ro,,80,,,,,,1400,,,2023-10-21,,,"0, 1, 0, 0, 0, 0, 0, 0, 0, 0, 0, 0, 0, 0, 0, 799, 197, 1, 0, 0, 0, 0, 0, 1",,
265,rezultate grecia kino fortuna,ro,,80,,,,,,80,,,2016-01-20,"Informational,Branded,Non-local",Romanian,"0, 0, 0, 0, 0, 0, 0, 0, 0, 4, 0, 0, 38, 36, 38, 77, 61, 83, 64, 71, 95, 169, 124, 118",,Lottery
266,e fortuna bet,ro,,80,1.20,1.17,,,,90,,,2015-09-16,"Informational,Navigational,Transactional,Branded,Non-local",English,"0, 0, 0, 0, 0, 1, 0, 2, 0, 0, 3, 0, 41, 55, 43, 51, 60, 110, 132, 96, 100, 101, 106, 94",,Sports betting; Sports
267,fortuna palas,ro,,80,,,,,,90,,,2025-02-09,,,"0, 0, 0, 0, 0, 0, 0, 10, 86, 35, 104, 137, 147, 96, 84, 101, 93, 93, 51, 140, 29, 21, 12, 4",,
268,fortuna ro bet,ro,,80,,,,,,80,,,2023-03-03,"Informational,Navigational,Commercial,Transactional,Branded,Non-local",,"0, 0, 0, 0, 1, 2, 41, 26, 15, 55, 50, 40, 322, 385, 200, 4, 2, 1, 0, 0, 0, 0, 0, 1",,Lottery; Sports betting
269,casino online fortuna,ro,53,80,0.35,,fortuna casino,2026-07-04 17:12:44,Sitelinks,800,44000,49000,2016-07-20,"Informational,Navigational,Commercial,Transactional,Branded,Non-local",Romanian,"55, 53, 23, 115, 75, 83, 28, 17, 13, 20, 19, 32, 36, 28, 75, 41, 64, 99, 60, 47, 107, 166, 143, 102",,Sports betting
270,fortuna bet loto,ro,,70,,0.86,,,,80,,,2015-09-23,"Informational,Commercial,Transactional,Branded,Non-local",Romanian,"0, 0, 0, 0, 0, 0, 0, 0, 7, 6, 28, 2, 49, 43, 55, 98, 70, 85, 78, 76, 61, 95, 109, 85",,Lottery
271,fortuna buzau,ro,,70,0.20,,,,,70,,,2016-04-09,"Informational,Commercial,Branded,Local",Romanian,"54, 75, 73, 44, 56, 89, 59, 52, 75, 62, 69, 60, 90, 77, 52, 56, 58, 84, 73, 62, 69, 77, 68, 64",,Business
272,audaces fortuna juvat,ro,0,70,,1.09,audaces fortuna juvat,2026-06-19 17:08:49,,1600,20,20,2015-09-13,"Informational,Non-branded,Non-local",Latin,"134, 70, 91, 75, 76, 88, 90, 89, 87, 93, 92, 71, 73, 75, 73, 86, 54, 59, 62, 56, 57, 68, 70, 65","70, 63, 63, 69, 59, 61, 59, 53, 54, 65, 67, 62",History
273,fortuna online casino,ro,29,70,1.30,,fortuna casino,2026-06-07 06:13:21,Sitelinks,1200,30000,34000,2018-10-01,"Informational,Commercial,Branded,Non-local",English,"54, 42, 44, 56, 56, 62, 61, 64, 56, 60, 63, 76, 65, 53, 55, 67, 67, 73, 72, 75, 67, 71, 75, 87","77, 65, 67, 79, 78, 84, 83, 86, 79, 82, 86, 98",Gambling
274,grecia kino fortuna,ro,59,70,0.01,1.08,grecia kino,2026-06-27 05:51:22,,80,8900,9600,2015-11-01,"Informational,Commercial,Transactional,Branded,Non-local",Romanian,"67, 82, 80, 101, 82, 156, 82, 101, 82, 122, 196, 99, 26, 25, 40, 123, 34, 52, 128, 117, 89, 67, 58, 49","32, 48, 120, 56, 51, 57, 121, 112, 86, 65, 57, 48",Lottery
275,fortuna bilet verificare,ro,43,70,0.50,,scanare bilet fortuna,2026-06-06 10:16:28,Video preview,80,700,700,2016-09-13,"Informational,Branded,Non-local",Romanian,"35, 22, 35, 61, 56, 28, 12, 12, 29, 29, 34, 26, 29, 54, 91, 84, 51, 134, 138, 63, 66, 53, 44, 46",,Lottery
276,mahjong fortuna 2,ro,,70,,,,,,2300,,,2015-09-05,"Informational,Branded,Non-local",Romanian,"66, 71, 31, 101, 93, 40, 74, 77, 87, 96, 92, 82, 55, 64, 66, 87, 95, 95, 70, 67, 91, 83, 39, 0",42,Tile games
277,psv vs. fortuna sittard,ro,,70,,,,,,2200,,,2023-05-14,,,"0, 0, 0, 0, 1, 0, 0, 0, 0, 0, 0, 0, 0, 0, 0, 383, 404, 0, 5, 0, 0, 0, 0, 1",,
278,fortuna rosie,ro,,70,,,,,,70,,,2016-10-21,,,"42, 35, 51, 46, 40, 40, 54, 50, 53, 69, 60, 53, 75, 49, 65, 62, 75, 57, 59, 59, 62, 68, 69, 64",,
279,fortuna scanare bilet,ro,44,70,0.50,,scanare bilet fortuna,2026-06-05 17:59:32,Video preview,80,700,700,2018-11-20,"Informational,Branded,Non-local",Romanian,"40, 42, 58, 41, 57, 51, 74, 40, 54, 56, 45, 28, 59, 43, 60, 74, 64, 44, 105, 110, 145, 103, 17, 61",,Sports betting
280,agentii fortuna bet,ro,,70,,0.88,,,,80,,,2015-09-20,"Informational,Commercial,Branded,Local",Romanian,"0, 0, 0, 0, 0, 0, 0, 0, 1, 0, 1, 1, 79, 56, 45, 62, 98, 91, 128, 67, 66, 69, 73, 71",,Sports betting; Business
281,fortuna game,ro,59,70,0.70,,fortuna casino,2026-06-19 15:47:39,Sitelinks,1600,36000,41000,2018-10-04,"Informational,Navigational,Commercial,Transactional,Branded,Non-local",English,"277, 156, 213, 131, 106, 162, 187, 107, 47, 116, 95, 90, 195, 205, 63, 18, 10, 68, 33, 21, 26, 22, 25, 22",,Sports betting
282,fortuna cont nou,ro,,70,2.50,,,,,70,,,2016-12-04,,,"33, 21, 31, 21, 22, 28, 28, 28, 40, 26, 160, 122, 241, 48, 26, 60, 60, 32, 66, 14, 51, 24, 28, 32",,
283,pacanele fortuna,ro,59,70,0.90,,fortuna casino,2026-06-27 20:08:21,Sitelinks,80,37000,42000,2016-03-24,"Informational,Navigational,Commercial,Transactional,Branded,Non-local",Romanian,"19, 30, 11, 0, 0, 28, 38, 6, 94, 50, 29, 53, 60, 52, 76, 40, 43, 87, 115, 62, 38, 124, 68, 58",,Lottery
284,fortuna bet ro,ro,,70,1.00,1,,,,80,,,2015-09-16,"Informational,Navigational,Commercial,Branded,Non-local",,"0, 1, 1, 3, 1, 7, 1, 0, 2, 2, 3, 1, 52, 63, 49, 62, 68, 95, 118, 66, 66, 56, 53, 53",,Sports betting
285,fortuna max,ro,,70,,,,,,80,,,2023-11-06,,,"34, 20, 20, 11, 9, 11, 21, 43, 106, 165, 254, 168, 70, 33, 16, 14, 19, 16, 19, 49, 90, 118, 157, 122",,
286,fortis fortuna adiuvat tattoo,ro,5,70,,,fortis fortuna adiuvat tattoo,2026-06-04 20:28:39,"AI Overview,Thumbnail,Video preview",7600,30,500,2017-03-17,"Informational,Non-branded,Non-local",English,"55, 40, 76, 75, 61, 96, 74, 80, 70, 48, 67, 71, 78, 106, 84, 45, 54, 73, 54, 86, 88, 50, 48, 44",,Body art; Image sharing; Sharing
287,fortuna grecia,ro,,70,,1.41,,,,80,,,2015-11-29,"Informational,Commercial,Non-branded,Non-local",Romanian,"0, 0, 0, 0, 0, 0, 0, 0, 2, 2, 0, 4, 41, 35, 49, 79, 66, 84, 82, 80, 72, 136, 85, 76",,Lottery
288,aplicatie fortuna,ro,43,70,0.60,,fortuna casino,2026-06-08 23:25:17,,90,6900,7000,2017-02-25,"Informational,Commercial,Transactional,Branded,Non-local",Romanian,"61, 59, 70, 76, 82, 77, 84, 83, 89, 71, 66, 61, 61, 59, 70, 76, 82, 77, 84, 83, 89, 71, 66, 61","61, 59, 70, 76, 82, 77, 84, 83, 89, 71, 66, 61",Sports betting; Add-ons
289,fortuna pacanele,ro,59,70,1.20,,fortuna casino,2026-06-14 15:56:10,Sitelinks,80,38000,44000,2016-03-22,"Informational,Navigational,Commercial,Transactional,Branded,Non-local",Romanian,"49, 38, 46, 34, 44, 62, 44, 40, 60, 82, 107, 51, 72, 58, 50, 75, 55, 78, 130, 101, 52, 74, 54, 56",,Lottery
290,agentia de pariuri fortuna,ro,,70,1.80,,,,,70,,,2016-03-21,,,"0, 0, 0, 2, 5, 2, 0, 3, 3, 4, 2, 1, 43, 54, 45, 70, 77, 104, 101, 86, 66, 66, 83, 66",,
291,polonia fortuna,ro,45,70,0.60,,loto polonia,2026-06-05 17:02:16,,70,176000,177000,2016-05-26,"Informational,Non-branded,Non-local",Romanian,"169, 152, 224, 326, 253, 219, 142, 107, 162, 169, 144, 123, 146, 105, 133, 153, 80, 35, 23, 0, 19, 15, 6, 17",,/Other
292,fortuna casa pariuri,ro,,70,,,,,,80,,,2015-09-26,"Informational,Navigational,Commercial,Transactional,Branded,Non-local",Romanian,"0, 0, 0, 0, 3, 2, 0, 1, 1, 4, 9, 14, 58, 57, 48, 53, 95, 102, 89, 89, 79, 65, 75, 65",,Sports betting
293,depozit fortuna,ro,0,70,,,depozit fortuna,2026-06-27 23:58:10,Local pack,80,30,30,2016-12-12,"Informational,Commercial,Branded,Local",Romanian,"53, 85, 109, 66, 154, 67, 69, 78, 99, 63, 68, 45, 91, 77, 118, 90, 81, 76, 59, 40, 60, 52, 44, 34",44,Warehousing; Commercial properties
294,hotel fortuna eforie,ro,0,70,0.08,1.01,hotel fortuna eforie nord,2026-06-16 19:58:08,Thumbnail,70,450,450,2015-09-11,"Informational,Commercial,Transactional,Branded,Local",Romanian,"184, 97, 18, 14, 8, 13, 22, 21, 36, 38, 68, 126, 241, 161, 22, 9, 17, 10, 47, 32, 21, 45, 83, 144","253, 127, 32, 2, 4, 5, 44, 29, 18, 42, 80, 140",Short-term stays
295,cod fortuna bonus,ro,,70,1.20,,,,,80,,,2022-11-23,,,"29, 35, 33, 31, 33, 32, 33, 28, 34, 36, 35, 33, 72, 64, 86, 70, 71, 80, 67, 71, 41, 48, 53, 67",,
296,pariuri fotbal fortuna,ro,,70,,,,,,70,,,2016-02-11,,,"4, 3, 6, 2, 1, 1, 2, 22, 91, 2, 5, 0, 43, 48, 47, 38, 32, 141, 129, 74, 53, 59, 61, 63",62,
297,poker fortuna,ro,,70,,,,,,300,,,2020-02-29,,,"3, 5, 2, 1, 1, 0, 0, 2, 0, 0, 0, 1, 0, 3, 87, 48, 68, 172, 131, 82, 64, 70, 63, 50",,
298,agentie fortuna,ro,40,70,0.80,0.92,fortuna online,2026-06-28 15:42:38,Local pack,80,1400,1600,2015-09-19,"Informational,Commercial,Branded,Local",Romanian,"83, 70, 84, 83, 88, 54, 72, 103, 106, 55, 70, 37, 32, 40, 74, 60, 75, 95, 95, 103, 92, 78, 111, 63","65, 74, 71, 72, 66, 63, 99, 107, 95, 80, 113, 64",Sports betting; Business
299,cod promo fortuna,ro,49,70,1.00,,fortuna casino,2026-06-04 05:40:39,,100,8600,8900,2016-01-13,"Informational,Commercial,Transactional,Branded,Non-local",Romanian,"61, 54, 72, 78, 69, 66, 84, 80, 79, 60, 57, 61, 58, 52, 70, 76, 67, 64, 81, 77, 76, 58, 54, 58","56, 50, 67, 73, 64, 62, 79, 75, 74, 56, 52, 56",Gambling
300,fortuna randevu,ro,,70,,,,,,80,,,2015-12-27,,,"11, 30, 50, 54, 51, 49, 71, 57, 99, 87, 91, 48, 74, 42, 37, 77, 86, 113, 93, 80, 67, 88, 59, 53",,
301,fortuna recenzii,ro,,70,,,,,,70,,,2017-05-11,,,"52, 43, 42, 46, 50, 43, 56, 38, 52, 33, 57, 38, 40, 66, 48, 57, 56, 69, 87, 65, 76, 77, 91, 73",,
302,hotel fortuna eforie nord contact,ro,,60,0.06,1.46,,,,70,,,2016-07-08,"Informational,Branded,Local",Romanian,"171, 204, 37, 36, 28, 20, 99, 64, 66, 80, 78, 103, 152, 155, 38, 30, 50, 8, 45, 37, 32, 49, 63, 115","145, 115, 48, 30, 34, 29, 46, 37, 33, 50, 64, 115",Business; Accommodations
303,slovacia keno fortuna,ro,20,60,0.25,,rezultate slovacia keno,2026-07-02 03:07:52,,60,800,800,2015-11-16,"Informational,Commercial,Branded,Non-local",Romanian,"0, 338, 168, 842, 1425, 1223, 1309, 1031, 1333, 128, 5, 1, 44, 43, 39, 52, 49, 71, 54, 52, 54, 84, 99, 71",,Lottery
304,eforie nord hotel fortuna,ro,0,60,0.07,0.93,hotel fortuna eforie nord,2026-06-16 19:00:57,Thumbnail,60,450,450,2015-09-02,"Informational,Commercial,Transactional,Branded,Local",,"12, 7, 4, 10, 17, 12, 31, 44, 27, 32, 61, 126, 115, 90, 34, 12, 24, 27, 30, 33, 32, 42, 62, 88",,Short-term stays
305,com fortuna,ro,,60,1.10,,,,,60,,,2017-02-02,,,"98, 88, 94, 59, 64, 36, 76, 70, 106, 65, 73, 48, 64, 78, 78, 30, 44, 38, 42, 23, 44, 87, 85, 69",81,
306,fortuna bonus casino,ro,,60,2.00,,,,,200,,,2019-04-08,,,"2, 2, 1, 2, 16, 1, 2, 0, 5, 2, 2, 1, 43, 34, 71, 51, 56, 65, 73, 61, 79, 67, 53, 50",,
307,fortuna cafea boabe 1 kg,ro,,60,,,,,,60,,,2025-09-01,,,"0, 0, 0, 0, 0, 0, 0, 0, 0, 0, 0, 0, 0, 0, 20, 47, 107, 81, 104, 89, 93, 66, 49, 53",,
308,hotel fortuna eforie nord recenzii,ro,,60,0.05,,,,,60,,,2016-07-25,,,"0, 0, 0, 0, 0, 0, 0, 0, 0, 0, 0, 3, 55, 58, 10, 20, 31, 10, 59, 69, 54, 54, 161, 99",,
309,statistici psv vs fortuna sittard,ro,,60,,,,,,60,,,2025-05-03,,,"0, 0, 0, 0, 0, 0, 0, 0, 0, 0, 1, 0, 0, 0, 0, 613, 105, 0, 0, 0, 0, 0, 0, 1",,
310,fortuna max fungicid,ro,,60,,,,,,60,,,2024-03-25,,,"22, 13, 0, 0, 0, 0, 0, 0, 66, 79, 117, 53, 48, 30, 19, 0, 0, 0, 0, 10, 91, 141, 200, 140",,
311,fortuna entertainment group,ro,32,60,,,fortuna entertainment group,2026-06-02 08:33:09,,600,10,10,2016-02-28,"Informational,Commercial,Branded,Non-local",English,"63, 42, 55, 66, 59, 57, 71, 51, 56, 63, 76, 42, 61, 75, 64, 82, 31, 27, 54, 55, 64, 78, 85, 62",,Sports betting; Company news
312,fortuna bet casa de pariuri,ro,,60,,,,,,70,,,2015-10-17,"Informational,Branded,Non-local",Romanian,"0, 0, 0, 0, 0, 0, 0, 0, 1, 0, 1, 0, 44, 50, 44, 66, 86, 87, 92, 84, 59, 64, 55, 51",,Sports betting
313,fortuna sittard vs psv eindhoven lineups,ro,,60,,,,,,1000,,,2023-01-15,,,"0, 0, 4, 0, 0, 0, 0, 0, 0, 0, 0, 0, 0, 0, 0, 0, 0, 0, 733, 0, 0, 0, 0, 1",,
314,fortuna agenti,ro,,60,0.70,,,,,60,,,2015-09-20,"Informational,Branded,Non-local",Romanian,"0, 0, 0, 6, 1, 2, 8, 4, 2, 2, 10, 5, 33, 50, 48, 42, 55, 66, 56, 66, 59, 68, 75, 56",,Sports betting
315,fortuna casino mobile,ro,,60,,,,,,60,,,2020-09-05,,,"46, 37, 31, 16, 10, 0, 0, 0, 1, 0, 0, 0, 32, 30, 40, 29, 31, 67, 64, 50, 59, 102, 109, 96",,
316,fortuna pitesti program,ro,0,60,0.25,,fortuna pitesti,2026-07-09 04:06:49,,60,150,150,2015-09-05,"Informational,Branded,Local",Romanian,"218, 246, 102, 53, 39, 44, 58, 56, 53, 106, 105, 58, 104, 47, 53, 49, 37, 38, 35, 34, 29, 96, 103, 65",,Business; Department stores
317,fortuna labilis,ro,0,60,,0.71,fortuna labilis,2026-06-27 02:20:57,"AI Overview,Thumbnail,People also ask",100,20,30,2015-09-02,"Informational,Non-branded,Non-local",Latin,"38, 18, 191, 167, 94, 79, 92, 79, 69, 57, 56, 63, 28, 14, 91, 108, 82, 43, 93, 78, 74, 50, 50, 62","24, 13, 105, 111, 80, 51, 83, 70, 66, 44, 45, 55",Literary classics; History
318,pensiunea fortuna sovata,ro,,60,,,,,,60,,,2016-06-25,,,"283, 276, 44, 15, 42, 12, 7, 0, 0, 0, 0, 29, 114, 239, 29, 62, 69, 16, 33, 8, 8, 25, 18, 17",,
319,fortuna lotto,ro,38,60,0.70,,loto online,2026-07-02 09:55:51,Sitelinks,150,4400,4400,2016-02-27,"Informational,Navigational,Transactional,Branded,Non-local",,"80, 47, 39, 39, 32, 26, 24, 19, 4, 1, 2, 1, 5, 5, 1, 1, 4, 4, 37, 253, 196, 60, 94, 94",,Lottery
320,fortuna mobile casino,ro,,60,,,,,,70,,,2020-09-19,,,"0, 0, 0, 1, 3, 0, 0, 0, 2, 0, 0, 1, 30, 31, 60, 39, 35, 62, 63, 43, 56, 106, 128, 95",,
321,fortuna sportive,ro,,60,,,,,,70,,,2016-01-22,,,"0, 0, 0, 0, 0, 0, 0, 0, 16, 48, 36, 35, 244, 241, 208, 5, 4, 0, 0, 23, 2, 2, 3, 1",,
322,conectare fortuna,ro,36,60,0.70,,fortuna casino,2026-06-19 02:14:23,,60,36000,41000,2020-01-10,"Navigational,Transactional,Branded,Non-local",Romanian,"93, 65, 0, 0, 0, 0, 0, 0, 321, 321, 0, 0, 0, 0, 0, 0, 0, 0, 0, 0, 130, 228, 183, 170",,Sports betting
323,fortuna dusseldorf,ro,49,60,3.50,0.61,fortuna dusseldorf,2026-07-05 15:52:32,Knowledge panel,27000,10,10,2015-09-27,"Informational,Navigational,Branded,Non-local",German,"119, 197, 53, 80, 51, 53, 44, 101, 34, 65, 42, 14, 33, 83, 33, 96, 51, 33, 89, 71, 85, 65, 62, 21","182, 62, 56, 57, 53, 49, 89, 72, 85, 65, 62, 22",Sports news; Soccer
324,fotbal cote pariuri fortuna,ro,,60,,,,,,60,,,2023-07-07,,,"1, 1, 0, 0, 1, 1, 0, 0, 0, 1, 0, 0, 46, 43, 39, 34, 28, 116, 103, 59, 59, 50, 70, 67",,
325,cafea fortuna 250g pret,ro,,60,,,,,,60,,,2019-10-14,,,"26, 27, 43, 46, 45, 30, 20, 30, 36, 30, 43, 36, 45, 28, 46, 53, 60, 69, 57, 77, 70, 46, 53, 41",,
326,fortuna oferte,ro,,60,0.50,,,,,60,,,2016-10-22,"Informational,Commercial,Branded,Non-local",Romanian,"16, 10, 5, 0, 0, 5, 10, 54, 44, 16, 7, 17, 52, 61, 68, 63, 69, 73, 65, 48, 47, 54, 64, 53",,Sports betting
327,fortuna verificare online,ro,,60,,,,,,60,,,2016-02-14,"Informational,Transactional,Branded,Non-local",Romanian,"0, 0, 0, 0, 0, 0, 0, 0, 0, 0, 0, 1, 17, 24, 18, 24, 40, 161, 174, 70, 24, 39, 68, 44",,Sports betting
328,fortuna hotel,ro,0,60,0.10,0.88,hotel fortuna,2026-06-26 21:40:10,"Top ads,Bottom ads",1200,700,700,2015-12-23,"Informational,Commercial,Transactional,Branded,Local",English,"2, 3, 3, 37, 23, 30, 40, 46, 25, 33, 74, 136, 140, 98, 27, 23, 35, 19, 41, 38, 34, 37, 84, 69",,Short-term stays
329,pariuri online fortuna,ro,34,60,0.45,1.38,fortuna,2026-06-07 10:41:13,Sitelinks,80,247000,253000,2015-10-21,"Informational,Navigational,Commercial,Transactional,Branded,Non-local",Romanian,"17, 42, 46, 57, 55, 58, 65, 80, 92, 69, 55, 40, 37, 43, 46, 60, 58, 60, 68, 82, 95, 71, 58, 43","40, 46, 49, 62, 60, 63, 71, 85, 98, 74, 60, 45",Sports betting
330,bonus de bun venit fortuna,ro,,60,3.50,,,,,60,,,2016-04-10,,,"16, 25, 17, 25, 27, 22, 35, 13, 19, 9, 18, 7, 44, 27, 32, 33, 88, 93, 129, 68, 32, 48, 47, 49",,
331,fortuna tenis,ro,24,60,0.60,,pariuri tenis,2026-06-02 10:54:30,Sitelinks,450,150,200,2017-05-16,"Navigational,Transactional,Branded,Non-local",Romanian,"15, 40, 21, 6, 2, 8, 6, 16, 21, 6, 13, 8, 51, 52, 49, 50, 49, 68, 65, 66, 77, 70, 81, 72",,Sports betting; Racquet sports
332,verificare cod fortuna,ro,42,60,0.40,,scanare bilet fortuna,2026-06-09 00:51:41,Video preview,60,1500,1500,2015-10-03,"Informational,Non-branded,Non-local",Romanian,"0, 0, 0, 0, 0, 0, 0, 0, 0, 0, 7, 7, 41, 44, 33, 42, 44, 107, 105, 121, 43, 109, 38, 50",,Lottery; Sports betting
333,e fortuna bonus,ro,,60,,,,,,60,,,2016-02-17,,,"7, 12, 2, 0, 0, 0, 0, 0, 0, 0, 0, 1, 10, 14, 10, 11, 41, 89, 172, 88, 84, 72, 84, 69",,
334,o fortuna,ro,22,60,0.02,0.76,o fortuna,2026-06-16 13:01:40,Knowledge panel,19000,30,6700,2015-09-20,"Informational,Branded,Non-local",Latin,"54, 55, 66, 80, 63, 78, 65, 68, 73, 70, 67, 49, 49, 51, 58, 80, 76, 65, 54, 50, 51, 57, 68, 60","49, 43, 46, 56, 50, 52, 39, 35, 37, 44, 54, 47",Classical music
335,fortuna app,ro,42,60,0.15,,fortuna pariuri sportive,2026-07-08 11:16:29,,1000,1700,1900,2019-05-24,"Informational,Transactional,Branded,Non-local",English,"32, 72, 70, 78, 73, 71, 60, 69, 71, 57, 52, 50, 47, 57, 70, 78, 73, 71, 60, 69, 71, 58, 52, 50","47, 57, 70, 78, 73, 71, 60, 69, 71, 58, 52, 50",Sports betting; Add-ons
336,cafea fortuna rendez-vous,ro,,60,,,,,,60,,,2016-01-16,,,"27, 53, 53, 80, 70, 60, 67, 78, 65, 43, 24, 37, 51, 77, 92, 96, 82, 62, 59, 58, 20, 31, 39, 24",,
337,fortuna boabe,ro,0,60,0.05,,cafea fortuna verde,2026-06-11 14:29:06,Image pack,70,600,600,2015-11-21,"Informational,Commercial,Branded,Non-local",Romanian,"51, 53, 51, 54, 56, 60, 59, 59, 61, 57, 56, 54, 55, 57, 55, 58, 60, 64, 63, 64, 65, 61, 60, 58","60, 62, 59, 63, 65, 68, 67, 68, 70, 66, 65, 63",Price comparisons
338,login fortuna,ro,57,60,,,fortuna casino,2026-07-05 10:26:46,,80,44000,49000,2016-05-13,"Navigational,Transactional,Non-branded,Non-local",English,"84, 60, 49, 85, 50, 155, 74, 45, 91, 36, 95, 44, 68, 71, 69, 60, 52, 53, 53, 59, 49, 45, 45, 50",,Sports betting
339,verificare bilet fortuna login,ro,,60,,,,,,60,,,2025-11-18,,,"0, 0, 0, 0, 0, 0, 0, 0, 0, 0, 0, 0, 0, 0, 0, 0, 11, 30, 63, 157, 152, 233, 60, 103",,
340,verificarea bilet fortuna,ro,44,60,,,verificare bilet,2026-06-06 20:31:52,"Featured snippet,Video preview",60,1800,1800,2020-01-11,"Informational,Branded,Non-local",Romanian,"117, 81, 57, 91, 76, 61, 75, 70, 139, 75, 76, 49, 57, 47, 36, 43, 27, 55, 58, 75, 95, 141, 56, 51",,Sports betting
341,bonus casino fortuna,ro,,50,1.40,,,,,90,,,2019-06-17,,,"8, 4, 9, 5, 9, 3, 11, 10, 4, 7, 4, 3, 40, 39, 49, 38, 43, 71, 66, 63, 67, 65, 42, 50",,
342,poziții fortuna sittard vs psv,ro,,50,,,,,,60,,,2023-01-15,,,"0, 0, 0, 0, 0, 0, 0, 0, 0, 0, 0, 0, 0, 0, 0, 0, 0, 0, 644, 0, 0, 0, 0, 1",,
343,fortuna verde cafea,ro,,50,0.09,,,,,50,,,2016-03-13,,,"38, 17, 19, 15, 15, 20, 39, 19, 34, 32, 48, 18, 53, 17, 31, 49, 30, 39, 59, 62, 49, 62, 45, 44",,
344,fortuna promotii,ro,,50,2.50,,,,,60,,,2016-02-15,,,"23, 34, 16, 12, 13, 15, 12, 13, 26, 16, 14, 9, 18, 25, 21, 25, 33, 131, 90, 69, 24, 35, 48, 40",,
345,fortuna casino live,ro,,50,,,,,,50,,,2020-10-21,,,"0, 2, 0, 1, 8, 1, 0, 0, 0, 2, 0, 1, 30, 29, 53, 32, 41, 63, 64, 47, 40, 61, 69, 58",,
346,fortuna mobile app,ro,,50,,,,,,50,,,2017-09-23,,,"2, 3, 0, 0, 4, 0, 0, 0, 0, 0, 0, 0, 31, 31, 42, 31, 30, 64, 69, 42, 49, 60, 67, 56",,
347,fortuna program sarbatori,ro,,50,,,,,,50,,,2015-12-22,,,"0, 0, 0, 0, 0, 94, 23, 1, 4, 21, 3, 4, 10, 12, 10, 21, 43, 152, 95, 22, 19, 99, 60, 53",,
348,egt fortuna,ro,63,50,,,egt demo,2026-07-07 11:14:08,,70,500,500,2022-02-28,"Informational,Commercial,Branded,Non-local",,"63, 23, 11, 14, 19, 14, 0, 0, 0, 0, 0, 0, 0, 0, 0, 0, 14, 75, 115, 104, 93, 97, 65, 67",,Lottery
349,fortuna live casino,ro,,50,,,,,,100,,,2020-07-22,,,"3, 6, 2, 3, 5, 2, 4, 0, 3, 1, 1, 1, 34, 33, 68, 36, 32, 63, 63, 53, 65, 62, 68, 61",,
350,verificare bilet fortuna cod scurt,ro,54,50,0.50,,fortuna verificare bilet,2026-06-17 00:52:54,,50,5900,5900,2020-12-23,"Informational,Transactional,Branded,Non-local",Romanian,"37, 46, 37, 50, 22, 22, 12, 20, 16, 12, 27, 7, 49, 44, 49, 101, 32, 23, 33, 100, 115, 36, 10, 41",,Sports betting
351,cafea fortuna meridian macinata,ro,,50,,,,,,50,,,2023-10-24,,,"6, 0, 0, 19, 27, 27, 34, 35, 23, 47, 34, 21, 15, 6, 12, 24, 26, 28, 325, 80, 42, 26, 25, 24",,
352,email fortuna,ro,,50,1.80,,,,,70,,,2020-01-10,,,"7, 8, 5, 13, 10, 9, 10, 14, 10, 31, 34, 8, 19, 13, 36, 54, 41, 61, 64, 56, 42, 56, 56, 54",,
353,fortuna palave,ro,,50,,,,,,50,,,2025-01-26,,,"0, 0, 0, 0, 0, 0, 1, 0, 3, 60, 73, 74, 89, 72, 74, 44, 40, 25, 23, 22, 20, 27, 14, 19",,
354,fortuna crema,ro,,50,,,,,,50,,,2017-03-13,,,"28, 28, 22, 27, 29, 38, 51, 38, 33, 45, 24, 32, 28, 56, 56, 42, 30, 50, 55, 65, 38, 35, 32, 42",,
355,o fortuna lyrics,ro,3,50,,1.12,o fortuna lyrics,2026-06-28 04:48:43,,5500,10,450,2015-11-26,"Informational,Non-branded,Non-local",English,"17, 14, 40, 29, 21, 21, 29, 36, 36, 28, 22, 17, 38, 39, 41, 85, 78, 61, 57, 26, 68, 49, 68, 9",,Classical music
356,pariu sansa fortuna,ro,29,50,0.80,1.12,ce inseamna pariu sansa,2026-06-05 08:19:18,"Sitelinks,People also ask",50,70,70,2015-10-09,"Informational,Commercial,Branded,Non-local",Romanian,"38, 86, 70, 86, 66, 66, 68, 85, 65, 85, 48, 19, 34, 43, 42, 54, 60, 54, 53, 68, 58, 53, 37, 27","27, 34, 52, 55, 48, 36, 44, 56, 48, 44, 30, 22",Sports betting; Expert content
357,fortuna-pariuri,ro,,50,,,,,,50,,,2015-11-26,"Informational,Navigational,Commercial,Transactional,Branded,Local",Romanian,"0, 0, 0, 0, 0, 0, 0, 0, 0, 0, 1, 0, 35, 43, 32, 47, 65, 61, 49, 51, 71, 46, 41, 37",,Sports betting
358,fortuna android,ro,,50,,,,,,250,,,2017-02-19,,,"33, 39, 34, 32, 8, 1, 4, 1, 4, 2, 3, 0, 43, 45, 43, 49, 50, 59, 59, 46, 62, 49, 42, 47",,
359,fortuna liga,ro,17,50,0.40,,cehia liga 1,2026-06-06 12:26:31,Knowledge panel,27000,40,1900,2015-09-13,"Informational,Branded,Non-local",Romanian,"27, 30, 21, 18, 24, 18, 6, 11, 38, 24, 25, 18, 25, 22, 13, 22, 24, 17, 10, 19, 60, 35, 99, 180",,Soccer
360,fortuna aplicatie mobil,ro,,50,0.60,,,,,50,,,2017-01-25,"Informational,Commercial,Transactional,Branded,Non-local",Romanian,"0, 0, 1, 2, 2, 1, 2, 1, 3, 7, 2, 7, 37, 43, 38, 45, 52, 55, 52, 44, 60, 49, 47, 46",,Sports betting
361,fortuna fara depunere,ro,58,50,1.50,,fortuna bonus fara depunere,2026-06-18 20:14:51,Sitelinks,50,350,350,2021-12-02,"Informational,Commercial,Transactional,Branded,Non-local",Romanian,"92, 52, 51, 46, 52, 64, 55, 41, 47, 23, 36, 22, 36, 22, 43, 38, 40, 44, 81, 67, 56, 64, 60, 52",,Lottery
362,fortuna experienta,ro,,50,,,,,,50,,,2020-09-11,,,"0, 0, 0, 0, 3, 0, 0, 0, 0, 0, 0, 0, 31, 37, 51, 39, 41, 63, 63, 48, 47, 65, 69, 58",,
363,fortuna oferta azi,ro,30,50,0.40,,fortuna rezultate fotbal ieri,2026-06-12 10:58:23,Sitelinks,50,1200,1300,2016-07-27,"Informational,Navigational,Commercial,Branded,Non-local",Romanian,"85, 81, 111, 60, 81, 75, 46, 74, 97, 48, 64, 11, 73, 78, 88, 30, 30, 42, 65, 19, 21, 36, 31, 31",,Sports betting; Sports
364,fortuna games casino,ro,,50,,,,,,60,,,2026-02-06,,,"0, 0, 0, 0, 0, 0, 0, 0, 0, 0, 0, 0, 0, 0, 0, 0, 0, 0, 0, 13, 51, 29, 313, 243",,
365,oferta fortuna azi,ro,40,50,0.35,,fortuna rezultate fotbal ieri,2026-06-08 12:19:25,,60,1300,1400,2019-01-12,"Informational,Commercial,Branded,Non-local",Romanian,"0, 0, 27, 42, 35, 85, 93, 60, 69, 31, 40, 41, 102, 76, 98, 6, 22, 30, 0, 0, 56, 152, 35, 40",,Sports betting
366,fortuna poker app,ro,,50,,,,,,60,,,2025-05-08,,,"0, 0, 0, 0, 0, 0, 0, 0, 0, 0, 12, 0, 0, 0, 0, 0, 6, 39, 97, 79, 27, 31, 136, 130",,
367,fortuna loto polonia 20/80,ro,37,50,0.25,,polonia multi,2026-06-06 07:33:12,,50,2300,2300,2020-01-10,"Informational,Branded,Non-local",Romanian,"55, 20, 23, 36, 63, 80, 2, 90, 27, 0, 139, 75, 62, 0, 43, 74, 68, 108, 68, 0, 20, 22, 15, 20",,Lottery
368,fortuna craiova,ro,,50,,0.82,,,,50,,,2016-01-17,"Informational,Branded,Local",Romanian,"40, 45, 35, 74, 51, 64, 31, 38, 37, 31, 52, 23, 41, 42, 45, 53, 35, 62, 48, 60, 36, 32, 36, 54",,Sports betting
369,fortuna aparate,ro,20,50,0.70,,fortuna casino,2026-06-14 18:35:11,Sitelinks,60,38000,44000,2019-06-03,"Informational,Navigational,Commercial,Transactional,Branded,Non-local",Romanian,"236, 256, 162, 113, 133, 122, 191, 151, 136, 134, 130, 59, 59, 70, 67, 65, 43, 46, 70, 43, 39, 56, 18, 30",,Sports betting
370,loto polonia 6/49 fortuna,ro,36,50,0.08,,polonia 6/49,2026-07-06 10:40:47,Sitelinks,50,1000,1000,2018-07-10,"Informational,Branded,Non-local",Romanian,"91, 115, 66, 63, 60, 0, 0, 13, 64, 37, 28, 24, 40, 41, 27, 33, 74, 91, 84, 58, 28, 41, 7, 22",,Lottery
371,program fortuna sarbatori,ro,38,50,,,program fortuna azi,2026-06-26 05:41:15,,50,70,70,2016-12-25,"Informational,Branded,Local",Romanian,"0, 0, 0, 0, 0, 42, 21, 0, 0, 0, 0, 3, 10, 13, 8, 15, 32, 184, 134, 18, 17, 89, 52, 42",,Sports betting; Business
372,fortuna alesd,ro,,50,,,,,,50,,,2020-12-17,,,"38, 57, 37, 37, 43, 37, 3, 2, 0, 1, 12, 31, 26, 14, 30, 57, 22, 94, 100, 58, 44, 58, 64, 23",49,
373,fortuna bilet online,ro,54,50,0.50,,fortuna,2026-07-03 15:19:26,Sitelinks,50,219000,223000,2016-04-21,"Informational,Transactional,Branded,Non-local",Romanian,"30, 177, 44, 0, 0, 0, 5, 20, 25, 8, 5, 2, 28, 33, 42, 35, 51, 69, 107, 31, 32, 41, 33, 42",,Sports betting
374,loto slovacia fortuna,ro,,50,,,,,,50,,,2015-11-04,"Informational,Non-branded,Non-local",Romanian,"0, 0, 0, 0, 0, 0, 0, 0, 0, 0, 0, 0, 36, 34, 39, 65, 57, 78, 45, 46, 44, 54, 54, 73",,Lottery
375,fortuna pariurilor,ro,,50,0.90,,,,,60,,,2015-09-15,,,"0, 0, 0, 2, 2, 0, 0, 1, 1, 1, 1, 2, 39, 45, 41, 47, 50, 56, 72, 60, 70, 50, 48, 53",,
376,fortuna park miercurea ciuc,ro,0,50,,1.22,ansambluri rezidentiale miercurea ciuc,2026-06-30 01:13:50,"Thumbnail,Local pack",50,200,200,2015-09-24,"Informational,Navigational,Commercial,Branded,Local",Romanian,"15, 5, 28, 15, 7, 17, 16, 23, 46, 62, 42, 41, 57, 59, 38, 46, 49, 59, 69, 30, 54, 25, 32, 41",,Residential sales; Maps; Short-term stays
377,cafea fortuna randevu,ro,,50,,,,,,50,,,2020-08-18,,,"0, 0, 0, 0, 0, 0, 0, 0, 14, 25, 40, 44, 48, 30, 42, 41, 53, 52, 63, 52, 37, 32, 38, 28",,
378,fortuna pariu,ro,24,50,1.90,0.97,fortuna,2026-06-17 15:48:30,Sitelinks,80,237000,241000,2015-09-27,"Informational,Navigational,Commercial,Transactional,Branded,Non-local",Romanian,"5, 11, 5, 3, 22, 3, 3, 2, 11, 8, 22, 15, 62, 67, 60, 69, 25, 61, 72, 40, 46, 40, 38, 42",,Lottery; Sports betting
379,www fortuna pariuri sportive,ro,25,50,0.60,1.02,fortuna,2026-07-04 00:57:58,Sitelinks,60,219000,223000,2015-09-16,"Informational,Navigational,Commercial,Transactional,Branded,Non-local",Romanian,"0, 1, 0, 0, 0, 1, 2, 0, 0, 3, 6, 0, 50, 62, 43, 52, 63, 55, 65, 51, 54, 68, 60, 49",,Sports betting; Sports
380,fortuna oferta fotbal azi,ro,,50,,,,,,50,,,2018-05-20,,,"0, 0, 0, 0, 0, 0, 0, 0, 0, 0, 0, 0, 0, 0, 0, 0, 0, 0, 28, 110, 165, 138, 83, 84",,
381,promotii fortuna,ro,,50,2.50,,,,,60,,,2016-03-13,"Informational,Commercial,Branded,Non-local",Romanian,"5, 8, 6, 14, 16, 10, 13, 10, 19, 18, 15, 3, 51, 29, 30, 25, 45, 115, 120, 63, 34, 38, 45, 43",,Gambling
382,oferta fortuna pariuri sportive,ro,,50,,,,,,60,,,2016-02-19,"Informational,Commercial,Transactional,Branded,Non-local",Romanian,"0, 0, 0, 0, 0, 0, 1, 0, 0, 1, 1, 0, 50, 61, 65, 44, 51, 57, 117, 58, 27, 29, 38, 33",,Sports betting
383,bonus dublu fortuna,ro,,50,0.60,1.23,,,,50,,,2015-10-03,"Informational,Commercial,Branded,Non-local",Romanian,"7, 7, 7, 15, 7, 16, 35, 45, 18, 45, 82, 130, 89, 23, 23, 42, 26, 35, 52, 49, 38, 44, 42, 48","35, 42, 58, 54, 51, 41, 61, 57, 45, 51, 49, 55",Sports betting
384,fortuna casino recenzie,ro,,50,,,,,,60,,,2020-12-08,,,"0, 2, 0, 0, 3, 0, 0, 0, 0, 0, 2, 0, 31, 33, 38, 50, 49, 43, 55, 38, 43, 89, 95, 75",,
385,fortuna bet oferta fotbal,ro,,50,,,,,,50,,,2015-10-03,"Informational,Commercial,Branded,Non-local",Romanian,"0, 0, 0, 0, 0, 0, 0, 0, 0, 0, 0, 14, 27, 44, 36, 26, 29, 103, 101, 48, 46, 32, 25, 26",,Sports betting; Soccer
386,fortuna păreri,ro,,50,,,,,,50,,,2020-01-19,,,"0, 0, 0, 0, 2, 0, 0, 1, 0, 1, 1, 0, 47, 42, 50, 60, 68, 109, 112, 20, 11, 24, 16, 24",,
387,verificare bilet pariuri fortuna,ro,,50,,,,,,60,,,2016-09-14,,,"0, 0, 0, 0, 0, 0, 0, 0, 0, 0, 21, 17, 63, 83, 37, 33, 15, 92, 105, 70, 37, 45, 31, 37",,
388,"fortuna,ro",ro,,50,,,,,,50,,,2015-09-01,,,"0, 0, 0, 0, 0, 0, 0, 0, 0, 0, 0, 0, 0, 0, 0, 0, 0, 0, 0, 0, 22, 116, 217, 250",,
389,bonus bun venit fortuna,ro,,50,3.50,,,,,50,,,2017-02-19,,,"24, 15, 29, 17, 34, 16, 25, 19, 14, 20, 29, 7, 21, 17, 39, 42, 49, 81, 104, 64, 51, 47, 48, 52",,
390,fortuna sibiu,ro,,50,,0.73,,,,50,,,2015-10-11,,,"12, 28, 42, 37, 44, 58, 39, 31, 25, 34, 49, 30, 35, 48, 44, 44, 38, 70, 48, 44, 49, 32, 44, 38",,
391,fortuna rotiri fara depunere,ro,,50,1.10,,,,,50,,,2023-01-24,,,"11, 15, 12, 14, 11, 11, 15, 10, 19, 18, 8, 5, 17, 27, 15, 53, 32, 121, 119, 45, 28, 33, 44, 116",,
392,pariuri sportive fortuna verificare bilet,ro,,50,,,,,,50,,,2015-11-13,,,"0, 0, 0, 0, 0, 0, 0, 0, 0, 0, 0, 0, 9, 21, 9, 28, 50, 116, 171, 63, 57, 72, 30, 41",,
393,hotel fortuna tusnad,ro,,50,0.10,1.15,,,,50,,,2015-09-07,"Informational,Branded,Local",English,"101, 132, 73, 85, 71, 36, 71, 56, 50, 37, 61, 34, 88, 89, 35, 46, 39, 39, 67, 44, 29, 28, 39, 54","79, 113, 46, 52, 37, 36, 67, 44, 29, 28, 39, 54",Accommodations
394,fortuna lucky six,ro,4,50,0.25,,lucky six fortuna,2026-06-05 22:35:12,,100,100,150,2018-04-01,"Informational,Commercial,Transactional,Branded,Non-local",English,"51, 110, 33, 46, 40, 20, 38, 28, 16, 39, 92, 75, 22, 29, 41, 20, 53, 45, 116, 76, 46, 83, 20, 38",,Lottery
395,fortuna rezultate live,ro,53,50,,,fortuna rezultate fotbal ieri,2026-06-15 16:27:28,,50,450,500,2015-11-08,"Informational,Branded,Non-local",Romanian,"0, 0, 0, 85, 118, 71, 0, 0, 0, 0, 0, 0, 0, 0, 0, 0, 10, 32, 44, 133, 127, 88, 54, 77",,Sports news; Statistics
396,program agentii fortuna,ro,50,50,0.20,1.23,program fortuna,2026-06-17 16:02:47,"Featured snippet,Sitelinks",50,300,300,2015-10-02,"Informational,Branded,Local",Romanian,"18, 21, 9, 7, 9, 85, 25, 3, 2, 17, 9, 6, 20, 32, 15, 19, 88, 115, 87, 40, 25, 59, 50, 41",,Sports betting; Business
397,fortuna recenzie,ro,,50,,,,,,100,,,2020-08-16,,,"0, 0, 1, 1, 3, 0, 0, 0, 0, 0, 0, 0, 31, 34, 49, 41, 35, 38, 43, 52, 70, 62, 70, 51",,
398,fortuna. pariuri,ro,,50,0.90,,,,,50,,,2016-03-04,,,"0, 0, 0, 0, 0, 6, 9, 10, 10, 8, 2, 0, 34, 43, 38, 45, 46, 50, 56, 49, 59, 57, 52, 42",,
399,fortuna casino bonus fara depunere,ro,,50,1.00,,,,,70,,,2021-06-20,,,"80, 123, 36, 26, 25, 13, 23, 15, 7, 1, 10, 6, 14, 15, 14, 11, 17, 78, 83, 62, 50, 157, 111, 310",,
400,e fortuna online,ro,,50,,,,,,50,,,2016-02-08,,,"0, 0, 0, 0, 0, 0, 0, 0, 0, 0, 0, 0, 8, 10, 10, 12, 12, 81, 109, 77, 75, 59, 63, 62",,
