#,Keyword,Country,Difficulty,Volume,CPC,CPS,Parent Keyword,Last Update,SERP Features,Global volume,Traffic potential,Global traffic potential,First seen,Intents,Languages,SV trend (07-2024 - 06-2026),SV Forecasting trend (07-2026 - 07-2027),Category
1,superbet,ro,66,1670000,0.70,1.09,superbet.ro,2026-06-30 14:59:52,Video preview,13260000,66000,75000,2015-09-01,"Informational,Navigational,Commercial,Transactional,Branded,Non-local",,"1984865, 2073934, 2226082, 2029487, 1797810, 1938035, 1896716, 1803366, 1841928, 1637059, 1501503, 1220436, 1318376, 1552710, 1719504, 1778380, 1718738, 1907769, 1940308, 1813187, 1781444, 1740145, 1526935, 1428384","1506276, 1669803, 1733601, 1797725, 1713691, 1795470, 1682487, 1811871, 1780258, 1739082, 1526080, 1427651",Sports betting; Sports
2,superbet club,ro,54,63000,0.45,,superbet,2026-07-06 08:11:53,Video preview,64000,151000,151000,2020-07-08,"Informational,Commercial,Branded,Non-local",,"78145, 68721, 70360, 70658, 70460, 62041, 60597, 60389, 62398, 60253, 56792, 49212, 46437, 54930, 63755, 64711, 65708, 79454, 79372, 61088, 63240, 66082, 65282, 66092","65003, 71363, 76896, 75288, 75955, 79018, 64079, 61101, 63251, 66090, 65289, 66097",Sports betting
3,club superbet,ro,49,48000,0.45,,club superbet,2026-06-22 07:19:46,Video preview,49000,67000,67000,2020-08-25,"Informational,Commercial,Branded,Non-local",Romanian,"60759, 54847, 55398, 57861, 56281, 48248, 49244, 48870, 50742, 49135, 43891, 38494, 37835, 40897, 52215, 51442, 53370, 56073, 50022, 47788, 50602, 51556, 51079, 47789","48130, 52665, 63866, 63094, 65022, 67724, 61673, 59439, 62253, 63207, 62731, 59440",Sports betting
4,verificare bilet superbet,ro,60,27000,0.70,1.33,verificare bilet superbet,2026-07-05 19:05:53,"Sitelinks,Video preview",29000,69000,70000,2015-09-02,"Informational,Navigational,Transactional,Branded,Non-local",Romanian,"27084, 35514, 36348, 41797, 37514, 33391, 35458, 32915, 30078, 27284, 23621, 20448, 23698, 24983, 32129, 31369, 27809, 27813, 28088, 31061, 29934, 26798, 24786, 21336","22571, 28375, 29070, 28358, 25119, 25100, 25326, 27981, 26942, 24097, 22266, 19149",Sports betting
5,superbet casino,ro,57,13000,0.80,1.33,casino online,2026-07-07 22:32:05,Sitelinks,36000,28000,31000,2015-12-20,"Informational,Navigational,Commercial,Transactional,Branded,Non-local",English,"13005, 12996, 15298, 15728, 13442, 16895, 14691, 14331, 14023, 13104, 11341, 10492, 10875, 11293, 12425, 13076, 13084, 16148, 13375, 13456, 12890, 11721, 11358, 10882","10981, 11406, 12538, 13189, 13197, 16261, 13488, 13568, 13003, 11833, 11471, 10995",Gambling
6,superbet verificare bilet,ro,58,13000,0.70,1.35,verificare bilet superbet,2026-07-07 07:35:16,"Sitelinks,Video preview",14000,69000,70000,2015-09-01,"Informational,Transactional,Branded,Non-local",Romanian,"11903, 15688, 16426, 18502, 16495, 14923, 15724, 14525, 13726, 11935, 10182, 8945, 10036, 14832, 15263, 15319, 13818, 13500, 13955, 15282, 14706, 13389, 12618, 10720","11753, 14762, 15193, 15252, 13759, 13445, 13900, 15224, 14652, 13342, 12574, 10684",Sports betting
7,superbet oferta,ro,59,10000,1.10,1.18,superbet.ro,2026-06-28 09:57:50,Sitelinks,11000,66000,75000,2015-09-01,"Informational,Commercial,Branded,Non-local",Romanian,"8497, 10025, 11474, 11441, 11341, 10308, 9706, 11779, 10388, 9254, 8649, 8007, 8521, 10048, 11496, 11462, 11361, 10328, 9725, 11798, 10405, 9271, 8665, 8023","8536, 10062, 11510, 11476, 11374, 10340, 9737, 11809, 10416, 9282, 8675, 8032",Sports betting
8,oferta superbet,ro,60,8600,1.10,1.04,superbet,2026-07-06 04:59:46,Sitelinks,9400,1740000,1740000,2015-09-02,"Informational,Commercial,Branded,Non-local",Romanian,"6821, 8092, 8689, 8734, 8757, 8323, 8193, 9345, 8498, 7909, 7774, 7309, 7217, 8488, 9084, 9130, 9152, 8719, 8588, 9740, 8893, 8304, 8169, 7705","7612, 8883, 9480, 9525, 9547, 9114, 8984, 10135, 9289, 8700, 8565, 8100",Sports betting
9,superbet demo,ro,46,7800,0.35,,casino online,2026-07-07 07:18:56,Sitelinks,8400,28000,31000,2018-01-26,"Informational,Branded,Non-local",English,"4686, 5477, 8036, 7665, 7321, 7331, 7851, 7882, 7858, 7430, 7776, 7579, 7250, 7783, 8144, 7890, 7594, 7613, 8128, 8165, 8137, 7714, 8058, 7863","7533, 8068, 8430, 8178, 7882, 7902, 8418, 8455, 8429, 8006, 8351, 8157",Lottery
10,oferta de azi la superbet,ro,47,6500,0.70,,superbet.ro,2026-06-27 15:47:09,"Sitelinks,AI Overview",6900,66000,75000,2020-07-17,"Informational,Commercial,Branded,Non-local",Romanian,"7238, 8085, 7773, 8203, 5996, 5854, 5663, 5729, 6489, 6181, 6878, 6243, 7049, 7895, 7584, 8014, 5806, 5664, 5474, 5539, 6299, 5992, 6689, 6053","6859, 7706, 7394, 7824, 5617, 5475, 5284, 5350, 6110, 5803, 6499, 5864",Sports betting
11,oferta de azi la superbet fotbal,ro,39,6200,1.60,,superbet,2026-07-08 00:43:59,Sitelinks,6300,1740000,1740000,2021-10-22,"Informational,Commercial,Transactional,Branded,Non-local",Romanian,"592, 4134, 4188, 3433, 840, 796, 4231, 4969, 6237, 5161, 1240, 3338, 806, 5136, 5056, 6134, 5987, 6295, 8413, 9165, 10021, 8609, 4977, 7126","5059, 9179, 9056, 9283, 8061, 7779, 9926, 10624, 11428, 9966, 6287, 8389",Sports betting; Soccer
12,club superbet ro,ro,53,6000,0.45,,superbet,2026-07-05 20:07:47,Video preview,6000,151000,151000,2020-08-26,"Informational,Navigational,Branded,Non-local",,"6150, 5333, 4514, 4130, 5735, 5878, 4733, 3646, 4273, 3795, 4026, 6127, 4906, 5551, 9706, 6399, 6759, 6901, 5757, 4670, 5297, 4819, 5050, 7151","5929, 6575, 10730, 7422, 7783, 7925, 6780, 5694, 6321, 5843, 6074, 8175",Sports betting
13,superbet login,ro,68,5900,1.00,,super bet,2026-07-08 12:15:30,Sitelinks,175000,60000,151000,2015-12-31,"Navigational,Transactional,Branded,Non-local",English,"5675, 4008, 5870, 5948, 7103, 7174, 7161, 5836, 7246, 6010, 5935, 5742, 5941, 7221, 2791, 3061, 2906, 10873, 6840, 6354, 6662, 6436, 5719, 5909","5983, 5664, 5828, 5792, 6493, 8619, 7797, 7233, 7574, 7307, 6484, 6690",Sports betting
14,superbet loto,ro,57,3600,1.70,1.19,superbet loto,2026-07-05 01:12:31,Video preview,3900,14000,14000,2015-09-01,"Informational,Commercial,Transactional,Branded,Non-local",Romanian,"3573, 3628, 3755, 3763, 3643, 3537, 3515, 3731, 3622, 3551, 3447, 3459, 3579, 3633, 3759, 3766, 3647, 3540, 3517, 3733, 3624, 3552, 3448, 3460","3580, 3634, 3760, 3767, 3647, 3540, 3518, 3734, 3624, 3553, 3448, 3460",Lottery
15,verifica bilet superbet,ro,62,3500,0.80,1.41,verificare bilet superbet,2026-07-04 02:15:29,"Sitelinks,Video preview",3600,69000,70000,2015-09-07,"Informational,Navigational,Branded,Non-local",Romanian,"2101, 2661, 2724, 3332, 2716, 3137, 3813, 3040, 2661, 2616, 2195, 2085, 2151, 3168, 3803, 3840, 3742, 3877, 4082, 4095, 3860, 3288, 3486, 3359","3392, 3772, 3841, 3632, 3312, 3413, 3766, 3741, 4370, 3610, 3616, 3489",Sports betting
16,cod bonus superbet,ro,61,3400,3.50,,superbet club,2026-07-08 13:57:25,Sitelinks,3800,13000,13000,2016-02-18,"Informational,Commercial,Branded,Non-local",Romanian,"1585, 1564, 2429, 2700, 3275, 2745, 2482, 1870, 1903, 1863, 1865, 1269, 1425, 3029, 5468, 5524, 4591, 3985, 4015, 3848, 3152, 2633, 2147, 3263","3265, 3995, 4765, 4064, 3689, 3471, 3563, 3233, 2939, 3217, 3416, 3189",Sports betting
17,oferta fotbal superbet,ro,47,3300,0.45,,superbet,2026-07-08 21:22:29,"Sitelinks,Video preview",3400,1740000,1740000,2015-09-01,"Informational,Commercial,Transactional,Branded,Non-local",Romanian,"965, 1112, 1415, 1432, 1421, 1429, 1426, 1748, 1772, 1468, 2117, 2046, 1825, 2669, 3108, 3898, 3771, 3264, 4059, 4028, 3304, 3250, 4011, 3126","3076, 3246, 3262, 3227, 3092, 3011, 3198, 3281, 3169, 2926, 2965, 2879",Sports betting; Soccer
18,oferta superbet azi,ro,52,3100,0.35,1.02,superbet,2026-07-05 20:08:43,Sitelinks,3300,1740000,1740000,2015-09-23,"Informational,Navigational,Commercial,Branded,Non-local",Romanian,"1800, 2147, 2186, 2756, 2716, 2692, 3300, 3198, 3324, 3258, 2680, 2103, 2194, 2202, 2673, 4045, 2562, 3268, 4844, 4028, 3953, 3249, 2644, 3615","3584, 3721, 3791, 4024, 3771, 3738, 4065, 4021, 4102, 3770, 3710, 3648",Sports betting; Sports
19,superbet oferta fotbal,ro,43,3000,2.50,1.05,superbet,2026-07-06 02:30:03,"Sitelinks,Video preview",3800,1740000,1740000,2016-11-15,"Informational,Commercial,Branded,Non-local",Romanian,"3793, 3900, 3865, 4759, 3839, 3802, 4669, 3833, 4667, 3883, 3799, 1993, 2628, 2620, 3026, 3742, 3624, 3185, 3251, 3331, 3281, 3019, 2771, 2944","3535, 3560, 3511, 4006, 3424, 3015, 3130, 3206, 3158, 2906, 2666, 2832",Sports betting; Sports
20,pariuri superbet,ro,56,2900,1.00,1.11,superbet,2026-07-06 02:47:17,"Sitelinks,Video preview",3200,1740000,1740000,2015-09-12,"Navigational,Commercial,Transactional,Branded,Non-local",Romanian,"1919, 1988, 2037, 2493, 2980, 3063, 3260, 3799, 3191, 2724, 2791, 2166, 2220, 2667, 3065, 3110, 3029, 3169, 3208, 3267, 3227, 2972, 3089, 2870","2943, 3087, 3127, 3191, 3188, 3130, 3221, 3278, 3238, 2982, 3098, 2879",Sports betting
21,superbet fotbal,ro,55,2800,1.50,1.16,superbet.ro,2026-06-28 01:24:33,"Sitelinks,Video preview",3200,66000,75000,2015-09-29,"Navigational,Transactional,Branded,Non-local",Romanian,"2847, 2882, 2943, 3675, 4413, 3703, 4395, 4416, 5374, 3646, 3589, 2328, 2452, 2972, 3487, 3549, 2784, 2486, 2867, 2872, 3373, 2215, 2228, 1720","2073, 2503, 2808, 3082, 2876, 2544, 2908, 2912, 3413, 2256, 2268, 1760",Sports betting; Soccer
22,superclub superbet,ro,49,2600,2.50,,club superbet,2026-06-30 20:39:55,Video preview,2600,67000,67000,2020-09-25,"Informational,Navigational,Branded,Non-local",,"1899, 1850, 1858, 2309, 2325, 1916, 1867, 2275, 1904, 1880, 1880, 1227, 1597, 1568, 2698, 2803, 2678, 3474, 3098, 3029, 2861, 2828, 2849, 2784","2775, 2925, 3028, 3124, 3245, 3308, 3097, 3028, 2861, 2827, 2848, 2783",Sports betting
23,pariuri sportive superbet,ro,46,2500,0.60,1.09,superbet.ro,2026-06-29 09:02:03,Sitelinks,2700,66000,75000,2015-10-04,"Navigational,Commercial,Transactional,Branded,Non-local",Romanian,"1473, 1816, 2781, 2447, 2327, 2132, 2082, 2435, 2387, 2119, 1702, 1912, 1789, 2199, 3358, 2946, 2794, 2552, 2486, 2900, 2835, 2511, 2012, 2255","2105, 2582, 3935, 3445, 3261, 2972, 2890, 3365, 3283, 2903, 2322, 2598",Sports betting; Sports
24,card superbet,ro,48,2400,0.80,,club superbet,2026-06-20 17:02:04,Video preview,2400,67000,67000,2016-03-31,"Informational,Commercial,Transactional,Branded,Non-local",Romanian,"1238, 1227, 1269, 1512, 1257, 1230, 1548, 1758, 2257, 1868, 2267, 1764, 1853, 2309, 2329, 2289, 2738, 2829, 2419, 2333, 2661, 2431, 2377, 2123","2248, 2357, 2683, 2862, 3042, 2537, 2439, 2348, 2676, 2442, 2386, 2129",Sports betting
25,cont superbet,ro,56,2400,1.20,1.38,superbet login,2026-06-24 19:22:44,Video preview,2500,11000,11000,2015-12-12,"Informational,Transactional,Branded,Non-local",Romanian,"1782, 1748, 2230, 2088, 2500, 2479, 2666, 2508, 2107, 1741, 1785, 1406, 1457, 1795, 2575, 3203, 2188, 2726, 2793, 3243, 2588, 2189, 2423, 2163","2124, 2153, 2261, 2553, 2634, 2638, 2747, 2602, 2609, 2397, 2338, 2091",Sports betting
26,superbet pariuri sportive,ro,33,2400,0.45,1.12,superbet,2026-06-30 15:05:45,Sitelinks,2800,1580000,1630000,2015-09-01,"Informational,Navigational,Commercial,Transactional,Branded,Non-local",Romanian,"2713, 3274, 4495, 3699, 3565, 3184, 2845, 3268, 3141, 2608, 1954, 2253, 2117, 2541, 3469, 2838, 2720, 2414, 2142, 2444, 2332, 1922, 1428, 1633","1520, 1808, 2443, 1978, 1874, 1643, 1439, 1620, 1523, 1235, 902, 1013",Sports betting; Sports
27,superbet contact,ro,58,2300,2.50,1.21,superbet contact,2026-06-20 01:44:49,Video preview,2500,7900,7900,2015-09-22,"Informational,Branded,Local",English,"1551, 1579, 1925, 2016, 2358, 2387, 2435, 2537, 2133, 1717, 1696, 1355, 1434, 1773, 2637, 3110, 2197, 2734, 2649, 2648, 2662, 2221, 2211, 2023","1979, 2272, 2433, 2679, 2785, 2564, 2650, 2649, 2663, 2222, 2212, 2023",Sports betting; Business
28,scanare bilet superbet,ro,56,2300,0.60,,verificare bilet superbet,2026-07-08 00:56:18,"Sitelinks,Video preview",2400,69000,70000,2016-11-24,"Informational,Transactional,Branded,Non-local",Romanian,"300, 2414, 3078, 2238, 2077, 2531, 2342, 1799, 2350, 1990, 2129, 1703, 1655, 2098, 2415, 2679, 2287, 2740, 2552, 2009, 2560, 2200, 2338, 1913","1864, 2308, 2625, 2889, 2497, 2950, 2761, 2219, 2770, 2410, 2548, 2123",Sports betting
29,superbet deschis acum,ro,61,2300,0.70,,superbet.ro,2026-06-29 21:05:08,,2400,66000,75000,2024-01-16,"Informational,Branded,Local",Romanian,"15, 24, 15, 24, 17, 32, 31, 16, 30, 30, 24, 31, 447, 545, 817, 694, 822, 1024, 6278, 6150, 5102, 5039, 1012, 3968",,Sports betting; Business
30,superbet pacanele gratis,ro,66,2200,0.40,,jocuri casino online gratis,2026-06-20 05:05:45,Sitelinks,2600,9900,11000,2020-02-09,"Informational,Commercial,Transactional,Branded,Non-local",Romanian,"1477, 1522, 1805, 1791, 2254, 2314, 2243, 1788, 1813, 1808, 1829, 1475, 1267, 1241, 1502, 1810, 1751, 1858, 2396, 3518, 3446, 2812, 3270, 3120","3165, 3228, 3468, 3524, 3603, 3680, 3824, 3685, 3489, 3392, 3302, 3145",Sports betting
31,superbet online,ro,70,2200,0.90,1.19,superbet casino,2026-06-27 20:08:08,,12000,18000,62000,2015-09-02,"Informational,Navigational,Commercial,Transactional,Branded,Non-local",English,"1952, 2057, 1855, 2067, 2050, 1988, 2104, 2393, 2611, 2199, 2351, 1858, 1919, 2460, 2321, 2200, 2363, 2429, 2228, 2513, 2413, 2231, 2046, 1985","2003, 2275, 2331, 2202, 2364, 2430, 2229, 2514, 2414, 2231, 2046, 1985",Sports betting
32,superbet download,ro,72,2200,1.30,1.1,superbet download,2026-06-28 03:02:22,Sitelinks,18000,2500,2800,2016-01-18,"Informational,Transactional,Branded,Non-local",English,"1475, 1669, 1850, 2399, 2304, 2834, 2585, 3129, 3435, 2677, 1982, 1768, 1340, 1529, 1714, 2261, 2169, 2698, 2451, 2995, 3302, 2545, 1851, 1637","1209, 1399, 1585, 2133, 2041, 2570, 2324, 2869, 3176, 2420, 1726, 1513",Sports betting; Add-ons
33,superbet games,ro,62,2200,1.30,,superbet casino,2026-07-02 05:02:00,"Sitelinks,Video preview",5200,3300,3300,2017-12-20,"Informational,Commercial,Transactional,Branded,Non-local",English,"3220, 2645, 3317, 3744, 3205, 3863, 4139, 2656, 2704, 2607, 2651, 2096, 1794, 1795, 2559, 2198, 2481, 2255, 2115, 2631, 2832, 1870, 1710, 1595","1100, 895, 1139, 1179, 1259, 1322, 1402, 1752, 2150, 1110, 1073, 929",Sports betting
34,program superbet,ro,60,2100,0.35,1.12,program superbet,2026-07-04 13:02:13,,2200,4100,4100,2015-09-02,"Informational,Branded,Local",Romanian,"1206, 1526, 1408, 1412, 1687, 4569, 2602, 1686, 1796, 4140, 2201, 1427, 1195, 1512, 1396, 1401, 1674, 4536, 2584, 1676, 1785, 4116, 2190, 1420","1189, 1505, 1391, 1395, 1668, 4520, 2576, 1671, 1780, 4105, 2184, 1416",Sports betting; Business
35,superbet ro,ro,59,2100,0.80,1.15,superbet,2026-07-05 12:17:03,,3200,1740000,1740000,2015-09-10,"Navigational,Transactional,Branded,Non-local",,"2445, 2420, 2571, 2390, 2389, 2497, 2972, 2355, 2488, 1947, 1899, 1726, 1865, 1902, 2174, 2227, 2165, 2237, 2303, 2247, 2187, 2021, 2025, 1994","2109, 2083, 2062, 2153, 2130, 2103, 2234, 2200, 2220, 2008, 2013, 1984",Sports betting; Sports
36,superbet.,ro,28,2100,0.50,0.96,super bet,2026-07-08 08:57:04,"Sitelinks,Video preview",9100,59000,114000,2015-09-21,"Navigational,Branded,Non-local",,"1814, 1771, 1996, 2139, 2120, 2087, 2391, 2380, 2447, 2014, 1912, 1537, 1568, 1880, 1938, 2323, 2297, 2425, 2354, 2327, 2341, 2106, 2140, 2060","2174, 2376, 2386, 2522, 2424, 2448, 2404, 2377, 2390, 2156, 2189, 2110",Sports betting
37,superbet romania,ro,57,2000,0.80,1,super bet,2026-07-05 19:09:12,Sitelinks,6000,66000,139000,2015-11-29,"Informational,Commercial,Branded,Non-local",English,"1462, 1876, 1849, 1892, 1933, 1730, 1724, 1870, 2060, 1889, 1839, 1901, 1623, 2036, 2010, 2053, 2094, 1891, 1884, 2030, 2220, 2050, 2000, 2062","1783, 2197, 2170, 2214, 2254, 2052, 2045, 2191, 2381, 2211, 2161, 2223",Sports betting; Company news
38,superbet pariuri,ro,45,1900,0.50,1.03,super bet,2026-06-17 06:31:48,,2200,88000,90000,2015-10-11,"Informational,Navigational,Commercial,Transactional,Branded,Non-local",Romanian,"1507, 1783, 1814, 2100, 2179, 1998, 1993, 2197, 2220, 1894, 1675, 1740, 1510, 1786, 1817, 2103, 2182, 2001, 1996, 2200, 2222, 1897, 1677, 1743","1512, 1789, 1819, 2105, 2185, 2004, 1999, 2203, 2225, 1900, 1680, 1745",Sports betting; Sports
39,loto superbet,ro,57,1900,1.90,1.32,superbet loto,2026-06-20 19:03:59,"Video preview,Sitelinks",2000,13000,13000,2015-09-03,"Informational,Commercial,Transactional,Branded,Non-local",Romanian,"1764, 1845, 1802, 1884, 1776, 1817, 1884, 1985, 1924, 1818, 1817, 1882, 1786, 1868, 1824, 1906, 1796, 1837, 1905, 2006, 1944, 1836, 1835, 1900","1802, 1884, 1840, 1922, 1811, 1852, 1920, 2021, 1958, 1850, 1848, 1913",Lottery
40,card superbet club,ro,57,1900,0.45,,club superbet,2026-06-19 21:40:28,Video preview,2000,67000,67000,2020-07-14,"Informational,Commercial,Branded,Non-local",English,"2526, 3006, 706, 1784, 1886, 2205, 1603, 1617, 1657, 1602, 1581, 1491, 1575, 1752, 2451, 1846, 2141, 2459, 1857, 1871, 1911, 1857, 1835, 1746","1829, 2006, 2705, 2101, 2395, 2713, 2111, 2126, 2166, 2111, 2089, 2000",Sports betting
41,eroare superbet,ro,0,1800,0.60,,eroare superbet,2026-06-24 11:38:30,Video preview,1900,1000,1000,2016-12-22,"Informational,Branded,Non-local",Romanian,"19, 26, 38, 35, 44, 19, 47, 85, 37, 27, 17, 16, 7, 15, 20102, 639, 187, 102, 126, 128, 81, 63, 10, 62",,Internet; Finance; Sports betting; Company news; Sports
42,verificare superbet,ro,63,1700,0.50,1.32,verificare bilet superbet,2026-06-21 19:16:04,"Sitelinks,Video preview",1800,70000,70000,2015-09-12,"Informational,Navigational,Branded,Non-local",Romanian,"1327, 1788, 1872, 2150, 1858, 1815, 1871, 1858, 1644, 1460, 1294, 1194, 1355, 1714, 1755, 1935, 1743, 1703, 1954, 1852, 1863, 1495, 1320, 1814","1275, 1573, 1613, 1605, 1448, 1404, 1427, 1584, 1477, 1342, 1245, 1068",Sports betting
43,www superbet,ro,73,1700,0.70,1.11,super bet,2026-07-05 02:03:00,Sitelinks,4500,67000,140000,2015-09-20,"Navigational,Transactional,Branded,Non-local",,"1787, 1782, 2190, 2255, 2263, 2226, 2285, 2200, 2302, 2241, 1830, 1441, 1518, 2255, 1781, 1812, 2115, 1754, 1793, 1760, 1448, 1222, 1484, 1255","1351, 1436, 1525, 1518, 1712, 1529, 1657, 1660, 1601, 1455, 1477, 1248",Sports betting; Sports
44,nr contact superbet online,ro,59,1700,1.60,,superbet contact,2026-06-18 20:52:06,Video preview,1900,7900,7900,2021-05-16,"Informational,Branded,Local",Romanian,"1041, 281, 415, 1944, 1966, 1955, 1909, 2302, 1936, 1236, 1229, 308, 1231, 443, 2923, 1026, 1970, 2939, 1866, 2024, 2062, 1996, 2009, 1836","2058, 1878, 2171, 2295, 2484, 2485, 2342, 2500, 2539, 2472, 2485, 2312",Sports betting; Business
45,red wizard superbet,ro,17,1700,0.50,,red wizard superbet,2026-06-28 12:45:50,,1800,800,800,2025-09-20,"Informational,Commercial,Branded,Non-local",English,"0, 0, 0, 0, 0, 0, 0, 0, 0, 0, 0, 0, 0, 0, 20477, 229, 44, 35, 27, 45, 36, 19, 2, 19",,Sports betting
46,loto polonia multi multi 20 80 rezultate superbet,ro,56,1700,0.40,,polonia multi,2026-07-04 00:44:55,"AI Overview,Thumbnail,Video preview",1700,149000,151000,2016-05-16,"Informational,Navigational,Branded,Non-local",Romanian,"1292, 1321, 1320, 1905, 1884, 2346, 1907, 1849, 2392, 2876, 2939, 2310, 2355, 1902, 1872, 1898, 1528, 1597, 1580, 1285, 1284, 1266, 1331, 1205","1267, 1250, 1199, 1352, 1275, 1274, 1268, 1279, 1401, 1327, 1392, 1266",Lottery
47,superbet club card,ro,56,1700,0.70,,superbet,2026-07-06 04:19:59,Video preview,1800,151000,151000,2020-07-18,"Informational,Commercial,Branded,Non-local",English,"1550, 1227, 1230, 1587, 1905, 1956, 491, 445, 639, 644, 1582, 453, 1905, 2263, 2228, 2284, 2714, 2304, 919, 962, 1375, 1504, 2081, 1452","2401, 2506, 2455, 2514, 2766, 2452, 1044, 1071, 1470, 1586, 2153, 1515",Sports betting
48,oferta superbet fotbal,ro,46,1600,1.60,,superbet,2026-07-04 22:22:01,"Sitelinks,Video preview",1700,1740000,1750000,2015-09-08,"Informational,Commercial,Transactional,Branded,Non-local",Romanian,"1018, 1421, 1266, 841, 1014, 1231, 1442, 1412, 1448, 1423, 1415, 1231, 1832, 2247, 2206, 1840, 1364, 1451, 1476, 1597, 1554, 1404, 1368, 1259","1305, 1328, 1277, 1225, 1151, 1162, 1186, 1315, 1275, 1132, 1099, 996",Sports betting; Soccer
49,oferta azi superbet,ro,48,1600,0.45,,superbet,2026-07-03 10:24:59,Sitelinks,1600,1740000,1740000,2016-04-04,"Informational,Commercial,Transactional,Branded,Non-local",Romanian,"30, 30, 211, 91, 91, 93, 65, 272, 1450, 967, 1178, 1227, 1253, 1885, 1895, 1877, 1860, 1912, 1906, 1554, 1902, 683, 1054, 784","802, 671, 1464, 1151, 1020, 1053, 1088, 1262, 2469, 1540, 1079, 802",Sports betting
50,superbet bonus fara depunere,ro,59,1600,4.00,,superbet casino,2026-07-03 05:06:53,,1800,8200,8500,2017-04-17,"Informational,Commercial,Transactional,Branded,Non-local",Romanian,"1593, 1579, 2433, 2284, 2736, 2696, 2462, 1845, 1917, 1544, 1289, 1290, 1170, 1434, 1976, 1841, 1891, 1715, 1861, 1531, 1622, 1566, 1494, 1446","1513, 1733, 2114, 1899, 2009, 1826, 1972, 1642, 1732, 1676, 1605, 1557",Sports betting
51,download superbet,ro,68,1600,1.10,0.97,superbet download,2026-06-29 20:42:48,,2700,2500,2800,2018-02-19,"Transactional,Branded,Non-local",English,"1152, 1280, 1360, 1423, 1646, 1850, 1325, 2021, 2375, 1350, 1402, 1363, 1196, 1323, 1403, 1475, 1694, 1893, 1362, 2070, 2423, 1393, 1445, 1406","1240, 1367, 1446, 1518, 1736, 1934, 1406, 2110, 2462, 1437, 1489, 1451",Sports betting; Add-ons
52,descarca oferta superbet,ro,49,1500,0.45,,superbet,2026-07-09 00:24:50,Sitelinks,1700,1740000,1740000,2016-04-02,"Informational,Commercial,Branded,Non-local",Romanian,"2276, 2342, 3471, 2844, 2792, 2800, 4210, 2757, 3500, 2347, 1850, 1465, 1596, 2281, 2268, 2248, 1714, 1042, 1295, 1003, 966, 855, 854, 1069","1150, 1124, 1179, 1155, 1178, 981, 1131, 1013, 974, 859, 767, 1064",Sports betting
53,superbet live,ro,59,1500,0.40,1.24,oferta de azi la superbet,2026-06-24 16:23:32,"Sitelinks,Video preview",2300,8200,8900,2015-09-03,"Navigational,Transactional,Branded,Non-local",English,"1293, 1402, 1523, 1494, 1449, 1437, 1510, 1618, 1562, 1511, 1364, 1291, 1292, 1401, 1522, 1494, 1448, 1437, 1510, 1618, 1562, 1511, 1364, 1291","1292, 1401, 1522, 1494, 1448, 1437, 1510, 1618, 1562, 1511, 1364, 1291",Sports betting; Sports
54,superbet cont,ro,59,1400,1.20,1.4,superbet login,2026-07-07 13:25:37,Video preview,1400,11000,11000,2016-04-17,"Informational,Navigational,Branded,Non-local",Romanian,"1346, 1234, 1550, 1515, 1458, 1649, 1758, 1617, 1454, 1271, 1010, 778, 1000, 1337, 2126, 1750, 1590, 1654, 1452, 1265, 1472, 1068, 1049, 1348","1439, 1442, 1631, 1689, 1810, 1849, 1906, 1781, 1821, 1883, 1634, 1498",Sports betting
55,superbet rotiri gratuite,ro,50,1300,6.00,,superbet casino,2026-07-04 23:30:32,,1500,8300,8600,2019-08-09,"Informational,Commercial,Transactional,Branded,Non-local",Romanian,"2143, 2131, 2751, 3758, 3182, 3222, 2788, 2141, 1789, 1745, 1739, 931, 1316, 1049, 1770, 1597, 1416, 1362, 1525, 1277, 1218, 1221, 1307, 1050","1093, 1107, 1361, 1462, 1345, 1266, 1429, 1181, 1122, 1125, 1211, 954",Sports betting
56,superbet verifica bilet,ro,0,1300,1.20,1.49,verificare bilet superbet,2026-07-08 09:27:32,"Sitelinks,Video preview",1400,69000,70000,2015-09-14,"Navigational,Transactional,Branded,Non-local",Romanian,"1443, 1437, 1480, 2157, 1718, 1719, 1482, 1180, 2159, 1744, 1197, 789, 1460, 1775, 2540, 1713, 1400, 964, 992, 1101, 1086, 993, 960, 834","945, 982, 999, 982, 880, 948, 953, 1061, 1046, 953, 921, 794",Sports betting
57,verificare bilete superbet,ro,64,1300,0.70,,verificare bilet superbet,2026-06-20 08:25:50,"Sitelinks,Video preview",1400,70000,70000,2015-11-01,"Informational,Navigational,Branded,Non-local",Romanian,"688, 822, 832, 834, 985, 961, 1509, 927, 1227, 969, 965, 943, 996, 1233, 952, 1232, 1703, 1566, 1581, 1587, 1265, 998, 1271, 1274","1284, 1352, 1278, 1388, 1301, 1658, 1458, 1437, 1574, 1366, 1387, 1390",Sports betting
58,superbet aplicatie,ro,67,1300,1.70,0.96,download superbet,2026-06-21 08:55:55,Video preview,1500,4600,4700,2016-04-02,"Informational,Transactional,Branded,Non-local",Romanian,"825, 525, 1607, 1210, 1938, 1476, 1227, 1229, 989, 758, 588, 552, 1059, 670, 2042, 1530, 2439, 1850, 1531, 1527, 1224, 935, 722, 676","1292, 815, 2477, 1849, 2941, 2224, 1835, 1826, 1459, 1112, 857, 800",Sports betting; Add-ons
59,superbet rezultate loto italia keno,ro,57,1200,,,italia keno,2026-07-07 12:52:07,,1200,267000,272000,2019-02-03,"Informational,Branded,Non-local",Romanian,"890, 1070, 1075, 850, 607, 229, 1109, 1350, 879, 1127, 904, 1105, 1134, 1110, 697, 1644, 1881, 1673, 895, 1133, 1143, 760, 1024, 1051","952, 939, 905, 929, 791, 662, 881, 938, 812, 822, 738, 789",Lottery
60,superbet rezultate loto,ro,58,1200,0.25,0.98,superbet loto,2026-06-22 15:07:49,"Sitelinks,Video preview",1300,13000,13000,2015-09-02,"Informational,Branded,Non-local",Romanian,"1593, 1711, 1453, 1303, 1252, 1061, 1388, 1652, 1498, 1201, 1146, 1223, 1437, 1559, 1300, 1154, 1103, 915, 1242, 1508, 1355, 1060, 1006, 1084","1299, 1423, 1165, 1020, 970, 783, 1112, 1379, 1227, 933, 881, 960",Lottery
61,club. superbet. ro,ro,53,1200,0.45,,superbet,2026-07-08 03:18:58,Video preview,1200,151000,152000,2020-08-26,"Informational,Navigational,Commercial,Branded,Non-local",,"1449, 1437, 1423, 1466, 1464, 1211, 1247, 1207, 1479, 1221, 1244, 949, 989, 1173, 1418, 1183, 1138, 1163, 1386, 1159, 1147, 1138, 1049, 1029","1028, 1045, 1446, 985, 1284, 1121, 742, 718, 979, 815, 810, 800",Sports betting
62,superbet verificare,ro,63,1200,0.60,1.47,verificare bilet superbet,2026-07-08 04:30:07,"Sitelinks,Video preview",1300,69000,70000,2015-09-19,"Informational,Transactional,Branded,Non-local",Romanian,"1609, 1851, 2077, 1935, 1658, 1448, 1588, 1881, 1628, 1295, 1120, 998, 1108, 1379, 1605, 1484, 1212, 1019, 1166, 1474, 1229, 908, 742, 630","749, 1030, 1264, 1153, 889, 705, 859, 1176, 938, 625, 466, 362",Sports betting
63,superbet contact nr telefon bucuresti,ro,60,1200,1.20,,superbet contact,2026-07-04 21:45:33,Local pack,1300,8100,8200,2021-07-27,"Informational,Branded,Local",Romanian,"689, 684, 462, 706, 711, 999, 324, 1773, 594, 1206, 862, 560, 708, 1006, 582, 2329, 1590, 1297, 1218, 1420, 1346, 1415, 1374, 1386","1394, 1436, 1396, 1698, 1643, 1611, 1532, 1734, 1660, 1728, 1688, 1700",Sports betting; Business
64,contact superbet,ro,57,1200,6.00,1.41,superbet contact,2026-07-08 19:58:32,Local pack,1300,8200,8300,2015-12-26,"Navigational,Branded,Local",English,"892, 912, 1158, 1164, 1376, 1376, 1388, 1471, 1219, 989, 946, 730, 782, 994, 1551, 1877, 1238, 1215, 1238, 1183, 1181, 1126, 1105, 953","899, 950, 1057, 1224, 1155, 1142, 1165, 1110, 1108, 1053, 1033, 880",Sports betting; Business
65,scanare card superbet,ro,58,1200,1.10,,club superbet,2026-06-29 14:50:35,Video preview,1200,67000,67000,2020-09-18,"Informational,Transactional,Branded,Non-local",Romanian,"968, 992, 1007, 1275, 1599, 1574, 1557, 1874, 1006, 1004, 987, 688, 989, 1012, 1851, 1554, 940, 1313, 1216, 1204, 1136, 1063, 1111, 1019","986, 1012, 1102, 1084, 1185, 1129, 1082, 1085, 1010, 944, 988, 901",Sports betting
66,superbet program,ro,60,1200,0.35,0.92,program superbet,2026-06-17 18:53:10,,1300,4000,4000,2015-09-09,"Informational,Branded,Local",Romanian,"639, 852, 795, 806, 989, 2621, 1520, 956, 1040, 2347, 1403, 848, 635, 847, 790, 801, 984, 2608, 1513, 951, 1035, 2337, 1397, 844","633, 844, 787, 799, 981, 2600, 1509, 948, 1032, 2332, 1393, 842",Sports betting; Business
67,superbet club.ro,ro,41,1100,0.60,,club superbet,2026-06-17 00:12:30,Video preview,1100,68000,69000,2020-09-03,"Informational,Navigational,Commercial,Branded,Non-local",,"879, 872, 879, 1389, 1410, 1383, 1429, 1628, 1164, 1172, 1412, 870, 896, 1152, 1377, 1379, 1094, 1172, 1011, 971, 926, 888, 1032, 874","891, 974, 1003, 898, 990, 918, 754, 745, 688, 667, 807, 659",Sports betting
68,superbet rezultate fotbal azi,ro,54,1100,0.45,,rezultate live,2026-06-27 03:45:04,,1200,16000,20000,2020-01-10,"Informational,Branded,Non-local",Romanian,"242, 467, 250, 200, 375, 371, 550, 540, 559, 373, 462, 359, 384, 376, 179, 558, 648, 831, 1250, 1508, 2254, 2317, 2090, 2021","2045, 2032, 1968, 2030, 2031, 2090, 2169, 2235, 2279, 2185, 2186, 2102",Sports betting; Sports news; Statistics
69,superbet verificare bilet cod,ro,58,1100,0.80,1.3,verificare bilet superbet,2026-06-15 19:03:47,"Sitelinks,Video preview",1200,69000,70000,2015-09-01,"Informational,Navigational,Branded,Non-local",Romanian,"421, 545, 425, 531, 547, 531, 810, 787, 1797, 637, 537, 425, 430, 433, 424, 531, 1833, 1765, 661, 1911, 1815, 1662, 912, 1125","1337, 1405, 1521, 2034, 1541, 1364, 1660, 1648, 1664, 1374, 932, 1144",Sports betting
70,rezultate loto superbet,ro,59,1100,0.60,1.12,superbet loto,2026-06-21 08:32:45,Video preview,1100,13000,13000,2015-09-11,"Informational,Branded,Non-local",Romanian,"3399, 1166, 898, 924, 659, 794, 1440, 1178, 1705, 1449, 1192, 1174, 1689, 1194, 1174, 1189, 1180, 689, 1082, 989, 1049, 946, 945, 939","1234, 1051, 979, 1101, 971, 853, 1040, 959, 1022, 927, 930, 927",Lottery
71,superbet fotbal azi,ro,46,1100,0.25,,superbet.ro,2026-06-29 08:57:01,"Sitelinks,Video preview",1200,66000,75000,2017-10-30,"Informational,Commercial,Branded,Non-local",Romanian,"625, 768, 629, 934, 1159, 1431, 1740, 1410, 1428, 1148, 1153, 621, 630, 773, 773, 1142, 1391, 1744, 2446, 2439, 618, 532, 625, 472","403, 374, 343, 400, 468, 519, 648, 675, 561, 533, 469, 316",Sports betting; Soccer
72,superbet inregistrare,ro,63,1100,0.40,,superbet login,2026-07-06 08:35:43,Video preview,1100,11000,11000,2016-10-03,"Navigational,Transactional,Branded,Non-local",Romanian,"1033, 1025, 1924, 2174, 2517, 2542, 1516, 455, 696, 567, 461, 1052, 1062, 883, 1045, 1288, 1029, 1337, 1333, 1080, 1054, 885, 888, 1079","1013, 1022, 1224, 1225, 1294, 1374, 1213, 1079, 1156, 1064, 1205, 1133",Sports betting
73,superbet rezultate,ro,60,1100,0.45,1.03,rezultate live,2026-07-02 03:16:47,,1100,16000,20000,2015-09-13,"Informational,Navigational,Branded,Non-local",Romanian,"1271, 1393, 1477, 1446, 1227, 1118, 1284, 1400, 1315, 1144, 1046, 1011, 1092, 1218, 1302, 1275, 1056, 951, 1118, 1237, 1153, 984, 888, 854","937, 1066, 1151, 1126, 909, 806, 975, 1095, 1013, 846, 751, 719",Sports betting; Sports
74,italia keno superbet,ro,55,1100,0.35,,superbet loto,2026-06-20 09:35:55,,1100,13000,13000,2017-06-18,"Informational,Commercial,Branded,Non-local",Romanian,"270, 211, 135, 171, 270, 614, 271, 1379, 614, 618, 618, 1118, 380, 1129, 1924, 1686, 1624, 760, 504, 928, 1409, 1387, 505, 1245","1037, 1062, 1137, 1017, 979, 1016, 1022, 1157, 1174, 904, 897, 1111",Lottery
75,suport superbet,ro,56,1100,,,superbet contact,2026-06-27 21:33:05,Video preview,1200,8000,8000,2016-11-29,"Informational,Navigational,Branded,Non-local",Romanian,"556, 691, 719, 804, 812, 808, 837, 1227, 1054, 825, 1022, 682, 601, 1065, 1313, 1088, 1025, 1325, 1161, 1175, 1195, 1080, 1026, 962","892, 1054, 1100, 1348, 1304, 1253, 1241, 1250, 1266, 1141, 1080, 1009",Sports betting
76,program superbet azi,ro,61,1100,0.45,1.16,program superbet,2026-07-09 01:37:52,,1200,4100,4100,2015-11-30,"Informational,Branded,Local",Romanian,"27, 62, 28, 28, 44, 2677, 374, 40, 78, 571, 114, 77, 25, 54, 41, 43, 89, 3883, 4306, 361, 295, 3621, 566, 887",,Sports betting; Business
77,superbet app,ro,76,1000,1.70,1.05,super bet,2026-07-03 17:11:10,,49000,67000,136000,2016-05-22,"Informational,Commercial,Transactional,Branded,Non-local",English,"1177, 1172, 1928, 1784, 2072, 2645, 1942, 1024, 1044, 1046, 1158, 820, 894, 885, 1046, 879, 1012, 1138, 1087, 1049, 1084, 943, 921, 905","851, 900, 950, 1050, 1020, 1110, 1086, 1049, 1083, 943, 921, 904",Sports betting; Add-ons
78,superbet club bonus,ro,,1000,0.45,,,,,1000,,,2025-08-26,,,"0, 0, 0, 0, 0, 0, 0, 0, 0, 0, 0, 0, 0, 25, 72, 213, 704, 1026, 1047, 1605, 1942, 2483, 2394, 2508",,
79,superbet contact whatsapp,ro,55,900,1.00,,superbet contact,2026-06-14 19:22:19,Video preview,1000,7900,7900,2020-01-12,"Informational,Branded,Non-local",English,"378, 466, 563, 838, 574, 846, 844, 856, 847, 458, 457, 303, 304, 468, 1039, 1523, 1204, 1914, 766, 715, 651, 1057, 600, 548","498, 559, 696, 766, 699, 784, 660, 692, 690, 652, 599, 548",Sports betting; Instant messaging
80,superbet eroare,ro,11,900,2.00,,superbet eroare,2026-07-06 13:15:17,Video preview,900,350,350,2021-10-08,"Informational,Branded,Non-local",Romanian,"0, 0, 0, 0, 0, 0, 0, 9, 2, 1, 1, 1, 1, 1, 9655, 262, 72, 59, 59, 72, 41, 25, 3, 34",,Sports betting
81,superbet jocuri,ro,60,900,0.60,,pacanele demo,2026-06-21 16:12:13,Bottom ads,900,12000,13000,2017-01-23,"Informational,Commercial,Transactional,Branded,Non-local",Romanian,"1871, 1024, 1726, 1823, 2284, 2340, 1729, 1042, 922, 750, 610, 601, 788, 782, 943, 966, 1052, 1007, 817, 970, 784, 770, 746, 674","705, 702, 683, 691, 723, 752, 769, 749, 733, 680, 658, 594",Lottery; Sensitive
82,superbet. ro,ro,59,900,1.30,,superbet,2026-07-08 11:37:07,,1300,1740000,1740000,2015-12-18,"Navigational,Transactional,Branded,Non-local",,"914, 903, 929, 995, 988, 1021, 1199, 924, 954, 793, 810, 777, 816, 824, 962, 967, 961, 1031, 1018, 1005, 952, 939, 915, 918","936, 932, 946, 1034, 995, 1019, 1060, 1047, 992, 978, 953, 956",Sports betting; Sports
83,fotbal superbet,ro,58,900,2.50,,superbet.ro,2026-06-30 09:37:02,"Sitelinks,Video preview",1000,66000,75000,2016-08-23,"Navigational,Commercial,Transactional,Branded,Non-local",Romanian,"821, 829, 1186, 1220, 1213, 1206, 1248, 1205, 967, 830, 841, 659, 978, 1168, 911, 1171, 885, 952, 906, 915, 858, 837, 884, 781","911, 960, 958, 1089, 1001, 1033, 988, 997, 940, 919, 966, 863",Sports betting; Soccer
84,superbet .ro,ro,61,900,0.90,,super bet,2026-07-07 01:13:50,"Sitelinks,Video preview",1200,66000,138000,2016-05-18,"Navigational,Branded,Non-local",,"902, 918, 834, 866, 944, 1000, 1126, 977, 941, 797, 837, 740, 772, 780, 956, 1038, 946, 1027, 1057, 1036, 931, 1040, 864, 950","960, 964, 969, 1034, 1005, 987, 1019, 1012, 999, 990, 1006, 983",Sports betting
85,superbet loto polonia,ro,55,900,0.80,1.06,superbet loto,2026-06-30 16:27:38,Video preview,900,13000,13000,2015-09-22,"Informational,Navigational,Commercial,Branded,Non-local",Romanian,"783, 631, 427, 498, 617, 761, 637, 511, 640, 781, 781, 510, 518, 791, 782, 1150, 912, 962, 952, 950, 959, 963, 835, 866","849, 820, 823, 910, 882, 866, 883, 920, 1012, 925, 862, 892",Lottery
86,superbet club puncte,ro,,900,0.45,,,,,900,,,2025-12-21,,,"0, 0, 0, 0, 0, 0, 0, 0, 0, 0, 0, 0, 0, 0, 0, 0, 0, 154, 719, 984, 1299, 3500, 3570, 3761",,
87,napoleon superbet,ro,,800,0.80,,,,,900,,,2021-08-17,,,"0, 0, 0, 0, 0, 0, 0, 0, 0, 0, 0, 25, 20, 29, 29, 2381, 1537, 1306, 867, 977, 848, 577, 482, 542",,
88,superbet rezultate live,ro,48,800,0.35,1.06,rezultate live,2026-06-16 08:24:04,,1100,17000,21000,2015-09-04,"Informational,Navigational,Branded,Non-local",Romanian,"757, 818, 870, 845, 873, 808, 973, 972, 915, 769, 812, 713, 757, 818, 870, 845, 873, 808, 973, 972, 915, 769, 812, 713","757, 818, 869, 845, 873, 808, 973, 972, 915, 769, 812, 713",Sports betting; Statistics
89,bug superbet,ro,,800,,,,,,900,,,2024-02-24,,,"5, 0, 1, 0, 5, 0, 0, 0, 0, 0, 0, 0, 0, 0, 7327, 1431, 356, 219, 211, 110, 114, 89, 97, 91",,
90,live chat superbet,ro,59,800,1.10,,superbet contact,2026-07-02 04:10:16,Video preview,900,8100,8200,2017-11-24,"Informational,Navigational,Branded,Non-local",English,"542, 656, 675, 828, 814, 831, 816, 953, 952, 669, 562, 439, 375, 670, 1186, 946, 783, 856, 823, 802, 828, 681, 684, 645","659, 810, 908, 803, 862, 864, 825, 804, 829, 682, 686, 647",Sports betting; Instant messaging
91,superbet oferta de azi,ro,47,800,2.50,,superbet,2026-07-04 20:24:16,Sitelinks,800,1740000,1750000,2015-10-17,"Informational,Commercial,Branded,Non-local",Romanian,"395, 318, 312, 474, 713, 865, 713, 706, 740, 734, 515, 479, 518, 626, 756, 929, 907, 951, 881, 959, 976, 843, 777, 709","792, 750, 867, 879, 927, 920, 936, 1018, 1037, 896, 825, 752",Sports betting
92,superbet card,ro,54,800,0.80,,superbet,2026-07-03 17:02:01,Video preview,800,150000,151000,2018-01-14,"Informational,Commercial,Transactional,Branded,Non-local",English,"309, 566, 694, 458, 369, 456, 371, 452, 692, 836, 690, 368, 466, 850, 822, 576, 915, 987, 869, 857, 877, 856, 872, 787","823, 870, 960, 858, 827, 835, 806, 795, 816, 795, 812, 727",Sports betting
93,superbet pariuri sportive fotbal,ro,51,800,0.50,,superbet.ro,2026-06-25 23:37:23,"Top ads,Sitelinks",800,66000,75000,2016-11-24,"Navigational,Commercial,Transactional,Branded,Non-local",Romanian,"258, 322, 581, 393, 391, 318, 476, 564, 482, 717, 253, 228, 729, 708, 384, 587, 559, 494, 600, 1015, 1297, 1888, 683, 792","877, 1079, 1223, 953, 970, 861, 1011, 1120, 1141, 1214, 938, 1080",Sports betting; Sports
94,cod bilet superbet,ro,56,800,0.90,,verificare bilet superbet,2026-07-03 21:56:24,"Sitelinks,Video preview",800,69000,70000,2015-10-06,"Informational,Commercial,Transactional,Branded,Non-local",Romanian,"271, 264, 264, 396, 327, 407, 495, 385, 405, 407, 334, 269, 329, 272, 392, 615, 271, 354, 1363, 1676, 1355, 1086, 1178, 1081","1016, 983, 960, 976, 881, 868, 913, 861, 808, 709, 662, 584",Sports betting
95,superbet apk,ro,74,800,1.00,1.03,download superbet,2026-07-07 03:59:58,,5900,2200,2500,2015-10-23,"Informational,Transactional,Branded,Non-local",,"1177, 1014, 891, 815, 2001, 873, 750, 718, 2084, 1300, 772, 665, 928, 795, 695, 632, 1544, 670, 572, 544, 1569, 972, 573, 490","678, 576, 499, 450, 1087, 467, 394, 370, 1054, 644, 374, 315",Sports betting; Add-ons
96,oferte superbet,ro,64,800,2.00,1.06,superbet,2026-07-07 20:07:19,,800,1740000,1740000,2015-10-17,"Informational,Commercial,Branded,Non-local",Romanian,"728, 713, 568, 350, 434, 611, 833, 808, 620, 619, 522, 405, 385, 632, 810, 829, 803, 1161, 889, 858, 810, 811, 849, 888","871, 914, 938, 934, 930, 997, 1070, 1031, 969, 968, 1011, 1055",Sports betting
97,meciuri azi superbet,ro,65,800,0.25,,superbet.ro,2026-06-29 09:03:08,Sitelinks,800,66000,75000,2017-01-08,"Informational,Commercial,Branded,Non-local",Romanian,"490, 608, 747, 1110, 919, 739, 1115, 1535, 1353, 1355, 910, 481, 509, 606, 729, 915, 873, 913, 1128, 1372, 607, 499, 497, 379","394, 390, 431, 533, 568, 501, 607, 669, 595, 424, 356, 288, 269",Sports betting; Soccer
98,superbet tenis,ro,9,800,1.90,,oferta de azi la superbet,2026-06-20 15:51:36,Sitelinks,800,2600,2600,2015-11-15,"Navigational,Transactional,Branded,Non-local",Romanian,"679, 558, 555, 819, 563, 303, 683, 553, 924, 932, 1225, 1163, 1229, 1167, 667, 925, 754, 208, 565, 521, 613, 571, 697, 674","645, 603, 552, 626, 532, 443, 674, 629, 722, 679, 806, 782",Sports betting; Racquet sports
99,verificarea bilet superbet,ro,61,800,3.00,,verificare bilet superbet,2026-07-08 05:14:04,"Sitelinks,Video preview",900,69000,70000,2016-03-03,"Informational,Navigational,Branded,Non-local",Romanian,"565, 624, 641, 733, 633, 832, 1052, 887, 640, 644, 567, 526, 531, 775, 966, 903, 857, 928, 881, 890, 880, 872, 911, 755","815, 1001, 963, 989, 872, 890, 988, 997, 985, 974, 1017, 842",Sports betting
100,loto polonia superbet,ro,57,800,0.90,1.2,superbet loto,2026-06-17 10:19:46,"Video preview,Image pack",900,13000,13000,2015-09-02,"Informational,Commercial,Branded,Non-local",Romanian,"1229, 827, 826, 986, 1377, 1388, 1224, 986, 997, 1006, 991, 794, 545, 674, 665, 814, 1171, 1000, 928, 868, 967, 756, 828, 834","809, 739, 762, 999, 1147, 922, 924, 863, 963, 752, 825, 831",Lottery
101,suport superbet contact,ro,54,800,,,superbet contact,2026-06-20 10:17:13,Video preview,900,7900,7900,2021-08-07,"Informational,Branded,Local",Romanian,"39, 21, 92, 215, 320, 259, 399, 479, 329, 493, 259, 260, 262, 169, 725, 1338, 744, 1329, 1076, 1088, 905, 1059, 799, 849","893, 852, 1464, 1982, 1213, 1849, 1467, 1480, 1297, 1451, 1191, 1241",Sports betting; Business
102,superbet bonus,ro,58,800,5.00,1.17,superbet club,2026-07-09 06:55:43,,3800,13000,13000,2015-11-22,"Informational,Commercial,Branded,Non-local",English,"726, 572, 912, 909, 1044, 889, 911, 883, 890, 717, 573, 396, 516, 599, 1151, 1033, 858, 993, 996, 987, 964, 788, 782, 749","742, 768, 920, 1065, 1103, 1073, 1103, 1093, 1071, 895, 889, 856",Sports betting
103,oferta superbet sambata,ro,49,700,1.80,,superbet,2026-07-08 22:46:39,Sitelinks,800,1740000,1740000,2016-11-12,"Informational,Commercial,Branded,Non-local",Romanian,"475, 593, 594, 595, 589, 576, 575, 690, 578, 472, 386, 301, 393, 594, 689, 594, 837, 1016, 843, 944, 918, 838, 763, 742","774, 899, 850, 822, 829, 775, 700, 807, 780, 704, 629, 611",Sports betting
104,pariuri fotbal superbet,ro,50,700,1.80,,superbet,2026-07-06 13:34:13,Sitelinks,800,1740000,1740000,2018-10-17,"Navigational,Transactional,Branded,Non-local",Romanian,"477, 494, 720, 610, 724, 612, 610, 580, 198, 598, 484, 389, 407, 493, 583, 598, 818, 1055, 939, 948, 866, 901, 872, 888","907, 922, 935, 927, 933, 863, 891, 903, 820, 856, 826, 843",Sports betting; Soccer
105,superbet oferta azi,ro,48,700,3.50,,superbet,2026-07-03 17:18:51,Sitelinks,700,1740000,1740000,2015-11-07,"Informational,Commercial,Transactional,Branded,Non-local",Romanian,"830, 1176, 1173, 1188, 1532, 1901, 1550, 1487, 1533, 1189, 1020, 291, 200, 558, 822, 680, 682, 874, 807, 916, 881, 760, 694, 742","799, 856, 929, 777, 735, 770, 813, 923, 887, 766, 699, 748",Sports betting; Sports
106,cod bonus superbet fara depunere,ro,63,700,3.00,,rotiri gratuite,2026-06-18 03:01:40,Sitelinks,1000,7800,8100,2021-02-24,"Informational,Commercial,Transactional,Branded,Non-local",Romanian,"345, 341, 354, 419, 498, 412, 431, 597, 497, 397, 342, 222, 272, 391, 955, 862, 745, 909, 855, 877, 839, 857, 829, 833","842, 890, 973, 948, 936, 933, 929, 951, 912, 930, 902, 906",Sports betting
107,aplicatie superbet,ro,59,700,1.10,1.16,download superbet,2026-06-21 06:11:11,Video preview,800,4600,4700,2015-09-29,"Informational,Transactional,Branded,Non-local",Romanian,"1037, 999, 1890, 2145, 2602, 3206, 1930, 586, 681, 662, 576, 545, 574, 650, 843, 672, 660, 909, 728, 684, 650, 582, 653, 646","623, 650, 716, 721, 723, 749, 683, 649, 669, 603, 648, 642",Sports betting; Add-ons
108,superbet pariuri fotbal,ro,47,700,1.70,,superbet,2026-07-07 20:44:13,Sitelinks,800,1740000,1740000,2016-03-29,"Navigational,Transactional,Branded,Non-local",Romanian,"521, 577, 620, 779, 656, 699, 767, 791, 825, 775, 622, 582, 524, 580, 623, 782, 659, 702, 770, 794, 828, 778, 625, 585","527, 583, 626, 785, 662, 705, 773, 797, 831, 781, 628, 588",Sports betting; Soccer
109,numar contact superbet,ro,57,600,1.40,,superbet contact,2026-06-21 11:19:35,Local pack,700,7900,7900,2015-10-04,"Informational,Branded,Local",Romanian,"579, 574, 729, 807, 825, 802, 825, 1029, 450, 289, 571, 563, 714, 732, 1045, 566, 461, 567, 491, 527, 444, 394, 340, 300","310, 321, 339, 400, 377, 374, 369, 360, 320, 246, 219, 165",Sports betting; Business
110,superbet logare,ro,77,600,0.80,,superbet,2026-06-28 08:03:11,Sitelinks,600,1580000,1630000,2018-07-07,"Navigational,Transactional,Branded,Non-local",Romanian,"698, 456, 372, 372, 296, 296, 375, 365, 184, 239, 187, 455, 378, 380, 699, 867, 876, 866, 1059, 462, 450, 382, 295, 354","302, 267, 226, 252, 236, 295, 347, 339, 324, 192, 157, 171",Sports betting
111,"superbet,ro",ro,59,600,,1.05,super bet,2026-07-06 12:17:51,Sitelinks,600,66000,138000,2015-09-11,"Navigational,Branded,Non-local",,"191, 230, 460, 449, 666, 689, 623, 473, 462, 333, 629, 707, 870, 819, 675, 448, 278, 372, 580, 546, 458, 476, 424, 378",,Sports betting
112,loto grecia kino superbet,ro,59,600,0.50,,superbet loto,2026-06-20 03:52:27,,600,13000,13000,2015-11-02,"Informational,Commercial,Transactional,Branded,Non-local",Romanian,"736, 168, 171, 323, 320, 393, 265, 318, 492, 399, 323, 206, 398, 399, 493, 489, 1072, 920, 1434, 481, 608, 394, 347, 270","996, 726, 549, 739, 644, 855, 1465, 492, 621, 403, 354, 275",Lottery
113,superbet suport,ro,54,600,,,superbet contact,2026-06-20 05:49:54,Video preview,700,7900,7900,2016-08-26,"Informational,Navigational,Branded,Non-local",Romanian,"401, 489, 508, 723, 724, 734, 243, 242, 873, 739, 735, 485, 501, 731, 377, 1066, 714, 354, 299, 312, 885, 723, 670, 501","486, 670, 439, 990, 738, 517, 376, 400, 972, 812, 759, 591",Sports betting; Customer
114,superbet polonia,ro,56,600,0.70,1.06,superbet loto,2026-06-22 04:42:51,Video preview,600,13000,13000,2016-03-23,"Informational,Branded,Non-local",Romanian,"517, 420, 419, 512, 740, 736, 758, 597, 622, 588, 683, 662, 413, 392, 469, 859, 688, 609, 584, 571, 595, 585, 591, 524","454, 467, 493, 597, 565, 603, 581, 567, 592, 582, 588, 520",Lottery; News
115,club superbet ro castigatori,ro,47,600,0.45,,superbet,2026-07-07 16:37:16,Video preview,600,151000,152000,2021-07-01,"Informational,Branded,Non-local",Romanian,"295, 304, 368, 373, 381, 373, 558, 666, 558, 462, 459, 302, 371, 374, 444, 463, 675, 981, 862, 798, 759, 692, 646, 591","594, 582, 539, 528, 518, 563, 548, 488, 468, 409, 378, 332",Lottery; Promotional giveaways
116,bilet superbet,ro,45,600,0.90,0.76,verificare bilet superbet,2026-06-26 01:05:57,Video preview,600,69000,70000,2015-11-14,"Commercial,Transactional,Branded,Non-local",Romanian,"556, 565, 844, 1028, 839, 1014, 1470, 1035, 1263, 857, 464, 295, 302, 456, 551, 676, 662, 564, 661, 649, 707, 592, 539, 514","510, 551, 640, 665, 640, 639, 709, 697, 758, 635, 578, 551",Sports betting; Sports
117,meciuri superbet,ro,51,600,1.20,,superbet.ro,2026-06-29 08:46:57,"Sitelinks,Video preview",700,66000,75000,2017-03-07,"Informational,Commercial,Branded,Non-local",Romanian,"773, 263, 217, 337, 512, 954, 1172, 1408, 779, 782, 954, 403, 512, 635, 632, 776, 618, 634, 771, 849, 762, 571, 564, 516","560, 591, 544, 609, 655, 701, 798, 876, 789, 598, 590, 543",Sports betting; Sports
118,bonus superbet,ro,60,600,5.00,1.08,club superbet,2026-06-20 23:51:28,Video preview,1100,13000,14000,2015-09-25,"Informational,Commercial,Branded,Non-local",Romanian,"571, 442, 682, 688, 816, 677, 694, 675, 672, 545, 428, 296, 378, 444, 849, 779, 645, 723, 718, 731, 681, 649, 585, 540","522, 527, 637, 718, 726, 684, 716, 729, 680, 647, 584, 539",Sports betting
119,clubul superbet,ro,50,600,0.45,,superbet,2026-07-06 19:03:05,Video preview,600,151000,151000,2016-10-25,"Informational,Commercial,Transactional,Branded,Non-local",Romanian,"647, 639, 538, 632, 635, 534, 638, 626, 611, 604, 510, 396, 489, 495, 591, 607, 576, 622, 618, 616, 617, 592, 565, 521","514, 530, 534, 547, 574, 544, 492, 479, 471, 442, 430, 387",Sports betting
120,rotiri gratuite superbet,ro,55,600,4.00,,rotiri gratuite,2026-06-30 06:08:33,Sitelinks,700,7400,7800,2019-03-06,"Informational,Commercial,Transactional,Branded,Non-local",Romanian,"936, 827, 1588, 1456, 548, 1693, 1615, 833, 686, 556, 546, 303, 459, 441, 731, 763, 487, 735, 629, 564, 553, 535, 555, 397","424, 402, 566, 558, 449, 538, 632, 504, 503, 481, 499, 343",Sports betting
121,superbet cod bonus,ro,61,600,4.00,,superbet casino,2026-07-01 23:16:36,Sitelinks,700,11000,11000,2020-11-16,"Informational,Commercial,Transactional,Branded,Non-local",Romanian,"323, 315, 321, 323, 389, 324, 393, 315, 387, 386, 388, 253, 256, 426, 743, 757, 667, 629, 666, 634, 636, 635, 637, 629","614, 623, 642, 639, 660, 654, 682, 650, 652, 652, 653, 646",Sports betting
122,bonus card superbet,ro,60,600,0.80,,superbet,2026-07-05 01:00:30,Video preview,600,151000,151000,2020-07-25,"Informational,Commercial,Transactional,Branded,Non-local",English,"734, 608, 749, 743, 332, 913, 922, 1046, 923, 755, 515, 501, 570, 584, 779, 517, 427, 689, 541, 618, 604, 575, 549, 546","541, 574, 589, 580, 487, 627, 520, 597, 583, 553, 527, 524",Sports betting
123,cote superbet,ro,36,500,0.50,,superbet,2026-07-03 15:18:49,Sitelinks,700,1740000,1740000,2016-02-17,"Informational,Commercial,Branded,Non-local",Romanian,"366, 292, 350, 429, 433, 295, 380, 449, 1316, 897, 679, 418, 374, 462, 461, 564, 882, 474, 464, 509, 785, 664, 478, 507","494, 525, 529, 522, 628, 501, 508, 529, 768, 557, 478, 507",Sports betting
124,superbet conectare,ro,65,500,0.70,,super bet,2026-07-03 13:37:31,Sitelinks,600,67000,136000,2018-10-12,"Navigational,Transactional,Branded,Non-local",Romanian,"825, 559, 551, 681, 671, 679, 824, 674, 559, 671, 693, 544, 468, 568, 673, 684, 444, 579, 523, 481, 520, 517, 527, 492","504, 484, 531, 580, 543, 573, 521, 480, 519, 516, 526, 492",Sports betting
125,superbet oferta fotbal azi,ro,46,500,2.50,,superbet,2026-07-04 10:06:59,"Sitelinks,Video preview",500,1740000,1750000,2016-04-24,"Informational,Commercial,Transactional,Branded,Non-local",Romanian,"551, 459, 459, 371, 306, 373, 852, 555, 574, 559, 462, 361, 311, 466, 377, 692, 818, 316, 531, 515, 650, 537, 457, 408","426, 509, 413, 505, 432, 385, 537, 521, 656, 543, 463, 414",Sports betting; Soccer
126,casino superbet,ro,58,500,1.20,,superbet casino,2026-06-21 10:56:59,Sitelinks,1200,18000,20000,2019-02-28,"Informational,Navigational,Commercial,Transactional,Branded,Non-local",,"295, 286, 357, 431, 368, 452, 473, 404, 393, 332, 327, 274, 318, 367, 366, 453, 505, 701, 611, 637, 620, 563, 540, 509","501, 504, 527, 573, 553, 626, 649, 676, 658, 597, 573, 540",Gambling
127,superbet rezultate fotbal,ro,62,500,0.20,1.19,rezultate live,2026-07-06 05:23:36,,500,16000,20000,2015-12-21,"Informational,Branded,Non-local",Romanian,"994, 1211, 1380, 1217, 1205, 996, 1222, 1184, 974, 816, 806, 516, 439, 540, 526, 530, 629, 445, 543, 442, 359, 363, 364, 359","441, 436, 459, 420, 430, 398, 447, 428, 401, 347, 333, 331",Sports betting; Statistics
128,loto grecia superbet,ro,56,500,0.80,1.05,superbet loto,2026-07-04 00:51:36,,500,14000,14000,2015-09-04,"Informational,Commercial,Branded,Non-local",Romanian,"458, 247, 254, 305, 299, 298, 319, 206, 169, 207, 261, 255, 324, 260, 254, 1296, 639, 577, 555, 466, 491, 322, 347, 266","271, 321, 311, 444, 464, 405, 242, 293, 232, 147, 128, 97",Lottery; Expert content
129,superbet demo gratis,ro,,500,0.40,,,,,600,,,2022-10-21,,,"35, 61, 59, 59, 167, 104, 108, 103, 37, 83, 50, 22, 24, 36, 35, 82, 300, 132, 383, 1190, 1039, 1305, 1193, 1083","1109, 1121, 1139, 1165, 1186, 1166, 1195, 1259, 1244, 1260, 1282, 1286",
130,superbet club aplicatie,ro,,500,0.50,,,,,500,,,2024-06-21,,,"0, 0, 0, 0, 0, 0, 0, 0, 0, 0, 0, 0, 0, 0, 24, 87, 205, 586, 594, 697, 717, 1569, 1596, 2806",,
131,superbet pariuri live,ro,61,500,0.25,,oferta de azi la superbet,2026-07-07 06:27:18,Sitelinks,500,9300,10000,2015-09-02,"Navigational,Transactional,Branded,Non-local",Romanian,"210, 323, 319, 388, 388, 385, 325, 249, 312, 203, 481, 727, 326, 394, 484, 394, 325, 375, 447, 515, 758, 511, 466, 526","478, 468, 457, 420, 456, 481, 531, 460, 576, 455, 459, 518",Sports betting; Sports
132,superbet flashscore,ro,67,500,2.00,,flashscore,2026-06-15 05:56:29,Sitelinks,600,301000,360000,2016-03-25,"Informational,Navigational,Branded,Non-local",,"162, 250, 160, 197, 304, 456, 245, 299, 460, 558, 460, 355, 464, 577, 449, 551, 541, 472, 401, 374, 476, 612, 437, 341","418, 794, 635, 564, 499, 502, 436, 407, 517, 664, 474, 369",Sports betting; Sports news; Statistics
133,superbet sport,ro,39,500,1.40,,superbet,2026-06-16 10:59:56,Sitelinks,1100,1550000,1620000,2015-09-21,"Navigational,Transactional,Branded,Non-local",Romanian,"250, 246, 202, 158, 198, 301, 248, 231, 244, 243, 303, 228, 138, 202, 369, 274, 650, 868, 612, 810, 620, 471, 554, 639","451, 407, 717, 577, 646, 762, 614, 812, 622, 471, 554, 639",Sports betting; Sports
134,superbet oferta zilei,ro,53,500,0.60,0.68,superbet oferta,2026-06-07 15:33:45,Sitelinks,500,50000,51000,2015-10-25,"Informational,Commercial,Branded,Non-local",Romanian,"63, 83, 83, 103, 143, 146, 63, 290, 291, 228, 228, 183, 234, 291, 536, 664, 428, 544, 822, 812, 670, 301, 481, 453","498, 479, 510, 577, 491, 412, 433, 478, 517, 355, 296, 288",Sports betting
135,voucher superbet,ro,54,500,1.00,,club superbet,2026-06-10 13:27:42,,600,66000,66000,2021-06-17,"Informational,Commercial,Transactional,Branded,Non-local",English,"1586, 1002, 900, 1282, 1581, 1318, 1305, 1570, 1317, 888, 860, 569, 741, 602, 997, 708, 361, 329, 280, 417, 282, 239, 227, 251","138, 145, 129, 99, 192, 204, 158, 266, 199, 114, 143, 145",Sports betting
136,superbet bucurești,ro,56,500,0.45,0.38,superbet contact,2026-06-28 19:01:59,Local pack,500,8000,8000,2016-10-11,"Informational,Branded,Local",Romanian,"537, 543, 442, 442, 450, 448, 823, 546, 673, 815, 440, 360, 371, 366, 677, 551, 438, 683, 555, 448, 445, 451, 389, 417","384, 426, 559, 578, 573, 528, 526, 456, 461, 442, 389, 417",Sports betting; Business
137,superbet agentii,ro,59,500,0.45,1,superbet agentii,2026-07-08 05:59:04,"Local pack,Thumbnail",500,2900,3000,2015-09-16,"Informational,Branded,Local",Romanian,"633, 522, 435, 543, 442, 544, 546, 530, 606, 533, 362, 286, 376, 558, 550, 457, 452, 579, 572, 628, 624, 468, 502, 490","489, 554, 620, 671, 589, 561, 590, 604, 624, 526, 502, 490",Sports betting; Business
138,ofertă superbet,ro,53,450,2.00,,super bet,2026-06-13 23:19:12,Sitelinks,450,86000,87000,2020-10-13,"Informational,Commercial,Branded,Non-local",Romanian,"581, 606, 468, 257, 301, 406, 528, 485, 399, 407, 373, 284, 236, 410, 482, 495, 467, 594, 477, 472, 455, 443, 477, 452","486, 490, 471, 479, 462, 493, 502, 494, 473, 459, 492, 464",Sports betting
139,superbet oferta biletul zilei,ro,59,450,1.30,1.35,superbet,2026-07-07 12:23:59,,600,1740000,1740000,2016-01-18,"Informational,Commercial,Branded,Non-local",Romanian,"582, 872, 872, 878, 709, 589, 719, 712, 477, 394, 388, 258, 424, 607, 606, 507, 507, 532, 536, 503, 428, 365, 374, 340","343, 374, 739, 641, 563, 476, 530, 498, 424, 363, 373, 339",Sports betting
140,verificate bilet superbet,ro,57,450,3.00,,verificare bilet superbet,2026-07-08 21:52:18,"Sitelinks,Video preview",500,69000,70000,2016-01-18,"Informational,Transactional,Branded,Non-local",Romanian,"286, 350, 366, 451, 389, 484, 618, 426, 355, 344, 300, 284, 305, 435, 526, 535, 522, 543, 512, 505, 517, 493, 492, 470","454, 538, 533, 552, 525, 526, 564, 555, 568, 541, 540, 515",Sports betting
141,superbet bilet,ro,50,450,0.70,1.16,verificare bilet superbet,2026-06-28 12:58:35,Video preview,500,69000,70000,2015-11-05,"Navigational,Transactional,Branded,Non-local",Romanian,"421, 428, 535, 787, 418, 346, 531, 416, 504, 408, 343, 268, 274, 407, 490, 516, 496, 622, 520, 537, 566, 451, 374, 305","312, 362, 417, 491, 465, 468, 439, 499, 540, 423, 354, 283",Sports betting
142,superbet rezultate fotbal ieri,ro,64,450,1.80,,rezultate fotbal ieri,2026-06-21 01:01:37,,450,8800,9700,2017-02-11,"Informational,Navigational,Branded,Non-local",Romanian,"163, 248, 167, 304, 252, 251, 251, 242, 307, 251, 203, 130, 165, 202, 242, 452, 429, 382, 697, 279, 971, 700, 646, 639","658, 685, 697, 729, 749, 761, 812, 789, 863, 824, 829, 821",Sports betting; Statistics
143,superbet rotiri gratuite fara depunere,ro,57,450,5.00,,rotiri gratuite,2026-06-28 07:44:40,Sitelinks,600,7400,7800,2020-12-09,"Informational,Commercial,Transactional,Branded,Non-local",Romanian,"536, 658, 1206, 917, 352, 1371, 1243, 820, 679, 550, 552, 300, 233, 195, 469, 524, 541, 520, 574, 466, 476, 520, 476, 410","415, 332, 432, 415, 317, 401, 467, 357, 371, 417, 376, 312",Sports betting
144,superbet bonus de bun venit,ro,51,450,7.00,,superbet casino,2026-06-05 06:10:57,Video preview,600,8200,8400,2018-05-14,"Informational,Commercial,Branded,Non-local",Romanian,"324, 217, 328, 325, 395, 330, 287, 269, 266, 216, 262, 169, 173, 268, 548, 565, 504, 515, 490, 493, 503, 483, 471, 429","416, 415, 439, 456, 476, 472, 449, 451, 463, 442, 431, 388",Sports betting
145,superbet loto aplicatie,ro,,450,2.00,,,,,500,,,2020-01-12,,,"285, 148, 124, 102, 151, 192, 232, 231, 521, 347, 287, 334, 240, 522, 419, 236, 601, 521, 486, 503, 540, 525, 545, 572","588, 617, 618, 627, 681, 687, 710, 726, 763, 749, 769, 796",
146,bingo superbet,ro,50,450,1.90,,superbet bingo,2026-06-16 17:37:57,Video preview,500,500,500,2016-02-03,"Navigational,Transactional,Branded,Non-local",,"1090, 413, 468, 453, 458, 464, 1763, 1709, 1402, 963, 282, 765, 793, 774, 188, 197, 612, 355, 392, 448, 294, 297, 109, 216","269, 208, 115, 136, 151, 142, 251, 232, 156, 123, 12, 73",Lottery
147,superbet pierdere,ro,,450,1.70,,,,,500,,,2025-09-21,,,"0, 0, 0, 0, 0, 0, 0, 0, 0, 0, 0, 0, 0, 0, 5358, 90, 19, 20, 19, 139, 25, 1, 0, 2",,
148,superbet ofertă,ro,57,450,1.10,,superbet.ro,2026-06-21 21:18:38,Sitelinks,500,66000,74000,2016-09-17,"Informational,Navigational,Commercial,Branded,Non-local",Romanian,"412, 469, 397, 402, 426, 404, 485, 502, 453, 402, 382, 272, 321, 493, 408, 490, 468, 495, 480, 527, 498, 451, 457, 393","411, 469, 482, 524, 496, 465, 509, 560, 529, 478, 485, 417",Sports betting; Sports
149,superbet azi,ro,56,450,0.45,,superbet.ro,2026-06-21 22:03:04,"Sitelinks,Video preview",450,66000,74000,2017-05-01,"Navigational,Commercial,Transactional,Branded,Non-local",Romanian,"506, 517, 295, 298, 307, 318, 309, 298, 258, 308, 302, 363, 421, 556, 310, 472, 437, 388, 580, 387, 467, 483, 478, 428","442, 473, 430, 441, 441, 471, 475, 446, 447, 439, 434, 425",Sports betting; Sports
150,superbet casino online,ro,67,450,0.60,,superbet casino,2026-06-05 02:35:30,Sitelinks,1000,16000,18000,2016-03-28,"Informational,Navigational,Commercial,Transactional,Branded,Non-local",Romanian,"1350, 922, 1105, 1101, 1372, 1378, 1393, 914, 1102, 743, 743, 491, 707, 517, 342, 384, 451, 506, 505, 374, 458, 337, 351, 361","378, 328, 313, 289, 385, 509, 484, 353, 436, 316, 329, 340",Sports betting
151,superbet apk download,ro,63,450,1.30,,aplicatie superbet,2026-06-22 14:15:31,,3900,2600,2900,2019-10-19,"Transactional,Branded,Non-local",English,"723, 722, 1114, 1226, 1223, 406, 1412, 617, 616, 638, 520, 489, 561, 484, 627, 415, 327, 450, 522, 516, 420, 354, 291, 392","397, 350, 423, 459, 431, 402, 473, 462, 454, 462, 419, 392",Sports betting; Add-ons
152,rotiri gratuite fara depunere superbet,ro,57,450,4.50,,rotiri gratuite,2026-06-14 20:39:33,,600,7400,7800,2020-12-18,"Informational,Commercial,Transactional,Branded,Non-local",Romanian,"339, 273, 423, 408, 412, 499, 521, 340, 412, 276, 280, 229, 250, 249, 513, 474, 587, 566, 575, 532, 563, 538, 560, 553","573, 586, 656, 632, 651, 656, 665, 621, 653, 628, 650, 643",Lottery
153,superbet bug,ro,,450,,,,,,500,,,2024-02-16,,,"0, 0, 0, 0, 0, 0, 0, 0, 0, 0, 0, 0, 0, 0, 4417, 490, 117, 79, 75, 39, 48, 35, 21, 32",,
154,cod bonus superbet inregistrare,ro,60,400,4.50,,superbet casino,2026-06-06 05:55:36,Sitelinks,600,8200,8400,2021-06-09,"Informational,Commercial,Transactional,Branded,Non-local",Romanian,"107, 129, 163, 155, 151, 226, 172, 153, 183, 153, 83, 83, 125, 182, 383, 483, 492, 498, 472, 464, 454, 454, 449, 437","426, 431, 455, 470, 473, 492, 459, 451, 445, 440, 431, 424",Sports betting
155,bilete superbet azi,ro,60,400,0.50,1,superbet.ro,2026-06-22 05:25:51,,450,66000,74000,2015-09-01,"Commercial,Transactional,Branded,Non-local",Romanian,"338, 428, 431, 520, 526, 527, 650, 641, 526, 430, 340, 156, 159, 222, 283, 427, 646, 531, 659, 647, 433, 347, 367, 318","318, 329, 635, 486, 479, 399, 449, 457, 462, 371, 342, 297",Lottery; Shopping
156,creare cont superbet,ro,56,400,6.00,,superbet login,2026-06-20 13:52:06,,400,10000,11000,2016-10-18,"Navigational,Transactional,Branded,Non-local",Romanian,"455, 565, 1635, 1684, 1682, 2198, 1368, 200, 309, 249, 251, 194, 174, 396, 588, 499, 504, 378, 361, 210, 374, 325, 331, 373","225, 310, 397, 433, 448, 392, 358, 207, 372, 323, 330, 372, 223",Sports betting
157,pariu sansa superbet,ro,55,400,1.90,1.13,pariu sansa superbet,2026-07-04 12:56:30,People also ask,400,1000,1000,2015-09-02,"Informational,Commercial,Branded,Non-local",Romanian,"245, 376, 668, 678, 549, 537, 696, 541, 461, 370, 302, 128, 210, 321, 474, 480, 434, 365, 402, 461, 413, 381, 319, 291","393, 334, 433, 477, 397, 361, 400, 458, 411, 380, 317, 290, 391",Sports betting; Sports
158,superbet se retrage,ro,,400,,,,,,400,,,2025-07-07,,,"0, 0, 0, 0, 0, 0, 0, 0, 0, 0, 0, 0, 4591, 38, 9, 2, 0, 0, 0, 0, 0, 0, 0, 1",,
159,superbet descarca,ro,71,400,1.30,,superbet aplicatie,2026-07-05 10:53:55,,450,4300,4400,2019-01-30,"Informational,Transactional,Branded,Non-local",Romanian,"493, 507, 1066, 917, 1420, 1430, 966, 291, 426, 580, 695, 666, 698, 687, 682, 307, 201, 210, 213, 261, 254, 209, 245, 258","246, 250, 293, 305, 329, 303, 287, 334, 312, 312, 298, 313",Sports betting; Add-ons
160,club. superbet,ro,29,400,0.45,,club superbet,2026-05-26 20:17:44,Video preview,450,61000,61000,2021-10-26,"Informational,Commercial,Branded,Non-local",,"566, 541, 460, 524, 488, 425, 504, 496, 524, 532, 400, 312, 425, 377, 419, 437, 443, 472, 435, 441, 424, 413, 379, 370","377, 386, 373, 385, 393, 380, 338, 326, 332, 309, 287, 279",Sports betting
161,superspin superbet,ro,0,400,1.50,,superspin,2026-06-26 07:41:53,Sitelinks,800,1600,1700,2020-04-03,"Informational,Navigational,Branded,Non-local",,"441, 306, 383, 353, 407, 428, 377, 394, 379, 308, 306, 226, 248, 241, 303, 472, 377, 604, 538, 509, 448, 581, 540, 500","558, 494, 441, 363, 498, 486, 502, 479, 415, 552, 508, 470",Sports betting
162,aplicația superbet,ro,66,400,1.10,,superbet aplicatie,2026-07-05 03:09:46,,450,4300,4400,2018-11-10,"Informational,Commercial,Transactional,Branded,Non-local",Romanian,"438, 462, 963, 1001, 1197, 1464, 958, 283, 347, 344, 318, 300, 330, 382, 445, 381, 359, 569, 483, 427, 403, 382, 404, 390","364, 383, 409, 377, 365, 365, 478, 399, 410, 386, 395, 381",Sports betting; Add-ons
163,super drop superbet,ro,,400,1.00,,,,,400,,,2025-03-06,,,"0, 0, 0, 0, 0, 0, 0, 0, 45, 9, 105, 247, 131, 372, 548, 559, 291, 365, 684, 546, 554, 304, 198, 370",,
164,redeschidere cont superbet,ro,0,400,4.00,,redeschidere cont superbet,2026-06-01 05:26:01,Video preview,400,350,350,2020-05-28,"Informational,Transactional,Branded,Non-local",Romanian,"132, 155, 194, 247, 200, 247, 299, 289, 364, 251, 296, 242, 250, 366, 551, 195, 447, 375, 409, 420, 433, 439, 442, 454","464, 486, 528, 509, 536, 547, 572, 582, 596, 601, 604, 616",Sports betting; General reference
165,bonus aniversar superbet,ro,55,400,0.70,,bonus aniversar casino,2026-06-22 11:51:19,,450,1500,1600,2018-04-04,"Informational,Commercial,Branded,Non-local",Romanian,"364, 374, 449, 454, 460, 313, 383, 441, 547, 365, 371, 297, 321, 319, 441, 387, 379, 380, 419, 429, 439, 400, 393, 364","365, 378, 401, 415, 415, 401, 441, 452, 461, 424, 416, 388",Sports betting
166,superbet download apk,ro,67,400,1.90,,aplicatie superbet,2026-06-19 22:48:01,,1900,2600,2900,2020-01-10,"Transactional,Branded,Non-local",English,"517, 522, 1187, 1038, 274, 329, 1205, 361, 442, 455, 302, 292, 418, 437, 470, 374, 288, 321, 433, 383, 358, 362, 362, 330","302, 330, 382, 380, 255, 236, 375, 327, 303, 307, 308, 276",Sports betting; Add-ons
167,descarca aplicatia superbet,ro,67,400,1.30,,superbet download,2026-05-26 00:17:53,Video preview,450,5600,5800,2017-09-16,"Informational,Transactional,Branded,Non-local",Romanian,"538, 547, 992, 834, 1309, 1589, 1032, 447, 370, 448, 371, 299, 332, 335, 563, 316, 292, 334, 426, 414, 421, 415, 397, 293",,Sports betting; Add-ons
168,superbet superbet,ro,31,350,0.80,,super bet,2026-07-04 20:24:28,Sitelinks,1600,67000,140000,2015-11-15,"Navigational,Transactional,Branded,Local",,"346, 341, 285, 344, 281, 423, 285, 347, 434, 424, 238, 339, 234, 786, 234, 314, 140, 361, 366, 337, 372, 372, 341, 341","330, 386, 322, 365, 361, 378, 398, 369, 403, 404, 372, 372",Sports betting; Sports
169,superbet napoleon,ro,,350,,,,,,350,,,2021-07-15,,,"0, 0, 0, 0, 0, 0, 0, 0, 0, 0, 0, 0, 0, 0, 1, 1136, 357, 474, 357, 417, 362, 391, 302, 280",,
170,superbet live chat,ro,49,350,1.60,,superbet contact,2026-06-02 13:23:38,Video preview,700,7700,7700,2017-04-25,"Informational,Branded,Non-local",English,"282, 284, 338, 417, 425, 413, 349, 428, 511, 412, 342, 270, 227, 339, 510, 509, 330, 339, 258, 282, 346, 254, 247, 270","217, 289, 359, 399, 311, 311, 230, 255, 318, 226, 220, 242",Sports betting; Instant messaging
171,loto letonia superbet,ro,38,350,1.30,,loto letonia,2026-07-04 18:07:33,AI Overview,400,2700,2700,2015-12-17,"Informational,Commercial,Transactional,Branded,Non-local",Romanian,"208, 207, 224, 278, 253, 258, 261, 216, 203, 168, 252, 294, 383, 455, 376, 477, 368, 327, 329, 309, 316, 315, 342, 343","373, 376, 353, 365, 329, 329, 330, 309, 317, 315, 343, 343",Lottery; General reference
172,suport superbet email,ro,53,350,,,superbet contact,2026-06-22 05:17:37,,400,7900,7900,2022-04-04,"Informational,Branded,Non-local",Romanian,"199, 295, 299, 301, 249, 309, 303, 365, 378, 299, 243, 199, 199, 253, 461, 459, 376, 458, 435, 446, 370, 321, 321, 278","276, 305, 310, 289, 251, 316, 299, 331, 262, 205, 200, 171",Sports betting; Email; Customer
173,superbet cazino,ro,57,350,0.80,,superbet casino,2026-06-22 10:55:58,Sitelinks,400,17000,20000,2019-10-30,"Informational,Navigational,Commercial,Transactional,Branded,Non-local",Romanian,"211, 197, 239, 286, 252, 285, 290, 274, 288, 237, 240, 195, 209, 251, 253, 286, 337, 436, 505, 403, 479, 412, 426, 418","436, 453, 468, 498, 511, 551, 553, 514, 537, 473, 489, 481",Gambling
174,login superbet,ro,55,350,1.30,,superbet,2026-06-28 09:58:10,Sitelinks,3400,1580000,1630000,2020-01-11,"Navigational,Transactional,Branded,Non-local",English,"338, 404, 281, 329, 271, 271, 274, 265, 346, 419, 314, 378, 329, 579, 572, 696, 131, 160, 648, 435, 146, 152, 238, 235","211, 230, 201, 206, 173, 185, 211, 170, 152, 152, 128, 141",Sports betting
175,cod promo superbet,ro,55,350,3.50,,superbet casino,2026-05-24 03:20:53,Sitelinks,600,8600,8800,2021-10-04,"Informational,Commercial,Transactional,Branded,Non-local",Romanian,"151, 152, 189, 231, 274, 224, 236, 223, 271, 274, 225, 149, 263, 331, 252, 281, 259, 298, 339, 475, 603, 508, 594, 589","614, 629, 635, 662, 680, 693, 709, 731, 745, 756, 765, 766",Sports betting
176,superbet fotografii,ro,,350,0.45,,,,,400,,,2024-02-16,,,"135, 160, 162, 131, 159, 162, 163, 157, 134, 100, 108, 106, 190, 503, 409, 428, 398, 457, 509, 449, 314, 311, 315, 305","338, 414, 304, 318, 314, 338, 343, 323, 288, 309, 313, 303",
177,superbet logo,ro,42,350,2.00,0.36,superbet,2026-06-28 15:04:47,Image pack,2100,1580000,1630000,2015-11-25,"Informational,Branded,Non-local",English,"296, 361, 305, 306, 296, 303, 361, 361, 449, 305, 247, 234, 361, 367, 303, 440, 288, 301, 325, 337, 382, 353, 353, 317","346, 345, 337, 344, 337, 349, 343, 355, 401, 371, 371, 335",Sports betting
178,superbet pacanele gratis demo,ro,,350,0.35,,,,,350,,,2023-04-16,,,"0, 0, 0, 0, 0, 0, 0, 0, 0, 0, 0, 0, 0, 0, 0, 0, 0, 0, 90, 741, 1022, 1023, 1031, 1107",,
179,bonus fara depunere superbet,ro,59,350,6.00,,superbet casino,2026-07-04 13:54:38,Sitelinks,450,8300,8600,2019-05-09,"Informational,Commercial,Transactional,Branded,Non-local",Romanian,"372, 449, 541, 548, 660, 546, 555, 442, 431, 343, 293, 196, 300, 250, 559, 422, 363, 362, 349, 323, 340, 338, 326, 310","301, 305, 361, 365, 388, 362, 348, 323, 339, 338, 326, 310",Sports betting
180,aplicatia superbet,ro,68,350,1.50,1.12,superbet aplicatie,2026-07-08 08:33:25,,450,4800,5000,2016-08-23,"Informational,Commercial,Transactional,Branded,Non-local",Romanian,"467, 459, 887, 945, 918, 1357, 1116, 574, 413, 618, 504, 306, 345, 341, 494, 493, 388, 362, 355, 324, 326, 313, 323, 279","266, 243, 301, 302, 261, 269, 243, 218, 217, 206, 208, 177",Sports betting; Add-ons
181,superbet bingo,ro,57,350,1.60,,superbet bingo,2026-06-21 10:26:08,Video preview,450,500,500,2016-07-25,"Informational,Navigational,Transactional,Branded,Non-local",,"348, 540, 648, 204, 429, 205, 644, 507, 538, 537, 539, 426, 535, 442, 420, 355, 275, 299, 355, 346, 345, 340, 333, 323","355, 366, 358, 322, 342, 321, 364, 354, 354, 348, 341, 331",Lottery
182,superbet meciuri,ro,43,300,0.70,,superbet,2026-07-08 07:22:14,Sitelinks,300,1740000,1740000,2016-02-25,"Navigational,Transactional,Branded,Non-local",Romanian,"152, 125, 229, 234, 151, 184, 187, 178, 187, 124, 147, 118, 129, 237, 345, 417, 334, 294, 312, 355, 317, 267, 285, 310","272, 262, 245, 289, 267, 219, 247, 292, 256, 206, 226, 252",Sports betting; Sports
183,superbet recenzii,ro,,300,1.30,,,,,300,,,2018-05-23,,,"187, 194, 235, 191, 192, 298, 291, 188, 190, 217, 158, 147, 163, 202, 240, 246, 300, 364, 356, 337, 342, 347, 345, 338","349, 361, 364, 356, 369, 383, 381, 362, 368, 372, 370, 364",
184,superbet promotii,ro,62,300,4.50,1.11,superbet club,2026-07-06 07:19:35,,350,12000,12000,2016-12-20,"Informational,Commercial,Branded,Non-local",Romanian,"180, 174, 221, 221, 224, 182, 219, 174, 218, 216, 215, 112, 206, 198, 442, 352, 244, 329, 356, 342, 373, 274, 345, 330","331, 326, 353, 317, 367, 360, 311, 331, 325, 334, 330, 317",Sports betting
185,superbet craiova,ro,1,300,0.60,0.52,superbet,2026-05-27 09:34:06,"Local pack,Sitelinks,Video preview",350,1610000,1760000,2015-09-29,"Informational,Branded,Local",,"238, 235, 365, 301, 308, 370, 366, 358, 356, 539, 244, 160, 247, 385, 372, 250, 293, 384, 381, 309, 370, 382, 329, 303","297, 317, 314, 319, 306, 321, 336, 342, 380, 353, 329, 303",Sports betting; Business
186,superbet iasi,ro,46,300,0.70,0.87,superbet,2026-06-26 22:58:44,"Local pack,Sitelinks",300,1580000,1630000,2015-09-23,"Informational,Branded,Local",Romanian,"364, 292, 291, 301, 371, 452, 372, 352, 521, 355, 296, 188, 164, 245, 290, 290, 234, 304, 364, 367, 365, 297, 278, 308","284, 264, 281, 417, 322, 319, 307, 318, 402, 300, 280, 310",Sports betting; Business
187,grecia kino superbet,ro,58,300,0.60,1.13,superbet loto,2026-06-18 02:10:34,,350,13000,13000,2015-09-13,"Informational,Commercial,Branded,Non-local",Romanian,"295, 302, 322, 310, 245, 261, 324, 352, 372, 292, 272, 243, 293, 301, 321, 309, 244, 260, 323, 351, 371, 292, 272, 242","293, 300, 320, 309, 243, 260, 323, 351, 371, 292, 272, 242",Lottery
188,superbet oferta fotbal sambata,ro,33,300,0.45,,superbet oferta,2026-06-02 15:05:28,"Sitelinks,AI Overview",350,49000,50000,2022-02-18,"Informational,Commercial,Transactional,Branded,Non-local",Romanian,"104, 134, 198, 165, 243, 251, 161, 133, 86, 104, 39, 37, 85, 66, 84, 162, 278, 253, 311, 858, 375, 374, 440, 433","422, 426, 434, 447, 479, 466, 463, 510, 468, 455, 441, 434",Sports betting; Soccer
189,superbet casino demo,ro,35,300,0.70,,superbet casino,2026-06-27 00:55:38,Sitelinks,400,18000,62000,2021-10-10,"Informational,Commercial,Branded,Non-local",English,"203, 166, 254, 212, 201, 312, 391, 173, 199, 172, 143, 166, 270, 397, 440, 332, 322, 371, 363, 255, 337, 289, 289, 279","318, 333, 338, 276, 301, 357, 349, 241, 323, 275, 275, 265",Gambling
190,superbet biletul zilei,ro,59,300,0.40,1.44,biletul zilei azi,2026-07-07 16:23:54,,350,1900,2300,2015-09-04,"Informational,Commercial,Branded,Non-local",Romanian,"206, 150, 149, 265, 505, 504, 329, 414, 504, 331, 414, 265, 212, 331, 340, 291, 290, 362, 307, 346, 437, 299, 120, 241","268, 267, 336, 370, 381, 367, 336, 369, 398, 289, 278, 241",Sports betting
191,oferta superbet tenis,ro,12,300,1.80,,oferta de azi la superbet,2026-07-08 14:34:35,Sitelinks,350,2700,2800,2016-06-24,"Informational,Commercial,Branded,Non-local",Romanian,"259, 143, 269, 178, 214, 76, 219, 258, 321, 274, 319, 258, 225, 180, 175, 407, 385, 327, 338, 364, 377, 373, 400, 395","400, 383, 401, 423, 427, 407, 433, 459, 471, 468, 494, 489",Sports betting
192,instalare superbet,ro,67,300,1.50,,superbet aplicatie,2026-06-10 08:41:10,Video preview,350,4300,4400,2020-01-11,"Informational,Transactional,Branded,Non-local",Romanian,"357, 294, 240, 236, 246, 354, 363, 291, 359, 295, 296, 436, 454, 448, 286, 295, 277, 275, 285, 270, 275, 250, 252, 248","258, 231, 224, 234, 217, 224, 226, 218, 219, 199, 199, 198",Sports betting; Add-ons
193,cazinoul meu superbet,ro,33,300,0.70,,superbet casino,2026-06-17 21:55:12,Sitelinks,300,14000,17000,2022-01-06,"Informational,Navigational,Commercial,Transactional,Branded,Non-local",Romanian,"203, 361, 369, 364, 363, 465, 466, 451, 379, 560, 454, 438, 375, 362, 299, 304, 232, 251, 282, 282, 237, 220, 217, 174","181, 177, 124, 154, 164, 132, 143, 186, 121, 123, 117, 86",Lottery
194,verificare superbet bilet,ro,57,300,3.50,,verificare bilet superbet,2026-07-08 06:16:53,"Sitelinks,Video preview",350,69000,70000,2019-03-31,"Informational,Transactional,Branded,Non-local",Romanian,"66, 63, 103, 130, 85, 103, 159, 195, 130, 128, 67, 46, 85, 132, 131, 442, 281, 497, 449, 457, 450, 428, 413, 399","416, 418, 424, 465, 435, 455, 469, 476, 469, 447, 433, 418",Sports betting
195,superbet chat live,ro,54,300,1.00,,superbet contact,2026-06-30 22:43:12,Video preview,400,8000,8000,2020-10-05,"Informational,Navigational,Branded,Non-local",English,"240, 242, 297, 358, 360, 355, 369, 440, 439, 298, 244, 191, 193, 294, 436, 437, 281, 358, 286, 319, 336, 171, 216, 234","201, 258, 327, 353, 269, 351, 328, 362, 357, 185, 204, 221",Sports betting; Instant messaging
196,superbet jocuri gratis,ro,64,300,0.45,,pacanele gratis,2026-06-16 11:03:50,,350,16000,17000,2021-09-16,"Informational,Branded,Non-local",Romanian,"395, 483, 399, 402, 398, 402, 489, 324, 214, 146, 116, 211, 151, 149, 187, 192, 227, 253, 437, 522, 514, 435, 354, 485","451, 488, 465, 473, 492, 443, 616, 561, 489, 448, 365, 497",Lottery
197,verificare castig superbet,ro,,300,,,,,,300,,,2024-10-29,,,"0, 0, 0, 28, 324, 92, 0, 0, 0, 78, 334, 349, 337, 234, 164, 81, 179, 282, 219, 267, 109, 352, 445, 395",,
198,superbet oferta zilnica,ro,55,300,0.50,1.23,superbet oferta,2026-06-21 02:33:07,Sitelinks,350,57000,65000,2015-09-22,"Informational,Navigational,Commercial,Branded,Non-local",Romanian,"381, 385, 379, 462, 472, 580, 382, 379, 383, 312, 469, 311, 319, 476, 383, 473, 312, 177, 280, 256, 258, 276, 240, 205","214, 244, 262, 280, 258, 244, 262, 242, 246, 266, 233, 200",Sports betting; Sports
199,super club superbet,ro,40,300,2.50,,club superbet,2026-05-30 10:48:50,Video preview,350,65000,66000,2021-06-13,"Informational,Commercial,Branded,Non-local",,"321, 398, 391, 592, 403, 402, 476, 390, 329, 329, 330, 310, 215, 259, 206, 258, 454, 354, 362, 346, 341, 343, 352, 342","304, 342, 305, 358, 331, 331, 339, 323, 318, 321, 330, 319",Sports betting
200,rezultate superbet,ro,54,300,1.80,1.09,meci live,2026-06-10 18:18:53,,350,10000,14000,2015-09-11,"Informational,Branded,Non-local",Romanian,"1433, 1425, 1446, 1012, 438, 355, 298, 299, 294, 345, 237, 229, 306, 436, 302, 414, 330, 303, 322, 321, 303, 255, 249, 259","306, 338, 404, 372, 324, 297, 316, 316, 300, 253, 247, 258",Sports betting
201,superbet demo egt,ro,48,300,0.35,,egt demo,2026-06-02 23:37:15,,400,4100,4200,2022-05-03,"Informational,Navigational,Branded,Non-local",English,"1273, 1282, 1283, 1304, 1291, 1578, 1575, 978, 701, 579, 471, 303, 396, 314, 379, 387, 583, 494, 410, 60, 94, 323, 108, 43","43, 32, 68, 71, 81, 78, 104, 47, 54, 63, 68, 6",Lottery
202,coduri meciuri superbet,ro,51,250,3.50,,superbet oferta,2026-05-30 08:21:13,Sitelinks,250,49000,50000,2016-02-06,"Navigational,Commercial,Transactional,Branded,Non-local",Romanian,"202, 248, 304, 163, 202, 200, 246, 245, 247, 236, 199, 241, 204, 253, 201, 250, 354, 211, 274, 222, 231, 210, 198, 199","198, 223, 241, 278, 292, 250, 286, 234, 243, 222, 210, 210",Sports betting; Sports
203,superbet club login,ro,,250,0.90,,,,,250,,,2021-10-22,,,"54, 47, 40, 42, 64, 64, 80, 80, 63, 80, 97, 80, 80, 51, 53, 156, 181, 233, 459, 465, 443, 778, 194, 470","488, 491, 507, 520, 513, 522, 551, 524, 519, 531, 542, 548",
204,verificare bilet superbet scanare,ro,48,250,1.00,,verificare bilet superbet,2026-06-20 08:33:19,"Sitelinks,Video preview,AI Overview,Thumbnail",250,70000,70000,2020-01-15,"Informational,Navigational,Branded,Non-local",Romanian,"201, 247, 369, 306, 452, 374, 379, 671, 826, 244, 373, 155, 201, 203, 203, 242, 300, 225, 234, 256, 290, 202, 228, 190","167, 171, 183, 201, 186, 150, 167, 189, 226, 139, 167, 131",Sports betting; Add-ons
205,pacanele demo superbet,ro,63,250,0.35,,pacanele gratis,2026-06-05 02:44:19,,350,18000,19000,2022-01-30,"Informational,Commercial,Branded,Non-local",Romanian,"87, 140, 138, 168, 259, 171, 205, 202, 166, 107, 107, 68, 50, 72, 88, 137, 138, 109, 265, 1288, 315, 240, 406, 378","374, 392, 408, 422, 430, 416, 424, 493, 432, 417, 435, 406",Lottery
206,superbet pariu sansa,ro,58,250,1.40,1.08,pariu sansa superbet,2026-06-18 04:50:53,People also ask,250,1000,1000,2015-09-08,"Informational,Commercial,Branded,Non-local",Romanian,"160, 283, 347, 284, 344, 286, 286, 342, 434, 284, 160, 128, 138, 174, 301, 244, 192, 173, 296, 410, 415, 187, 127, 89","106, 156, 294, 262, 180, 174, 296, 410, 415, 187, 127, 89",Sports betting; Expert content
207,superbet superspin,ro,36,250,1.90,,superspin,2026-05-26 00:15:13,Sitelinks,500,1300,1400,2020-04-04,"Informational,Commercial,Transactional,Branded,Non-local",Romanian,"473, 313, 389, 377, 377, 459, 381, 204, 215, 212, 212, 249, 231, 228, 228, 324, 253, 280, 268, 230, 355, 309, 227, 261","277, 192, 47, 40, 60, 192, 161, 124, 257, 214, 137, 175",Sports betting
208,shining crown demo superbet,ro,61,250,0.45,,shining crown,2026-06-28 14:41:45,,300,1700,1800,2021-10-13,"Informational,Navigational,Branded,Non-local",English,"390, 488, 485, 398, 388, 392, 496, 487, 381, 267, 266, 211, 448, 274, 287, 266, 339, 339, 341, 42, 56, 62, 53, 47","102, 39, 77, 60, 92, 79, 163, 54, 89, 33, 83, 48",Lottery
209,lucky six superbet,ro,2,250,1.20,1.21,lucky six superbet,2026-06-21 21:14:18,Video preview,300,200,200,2016-05-14,"Informational,Commercial,Transactional,Branded,Non-local",English,"300, 365, 242, 296, 292, 291, 300, 293, 351, 197, 241, 160, 348, 352, 281, 271, 204, 198, 301, 279, 296, 284, 267, 251","260, 263, 257, 290, 264, 259, 315, 292, 309, 298, 281, 264",Lottery
210,superbet baia mare,ro,17,250,0.60,0.69,superbet,2026-06-12 09:20:41,"Local pack,Sitelinks",250,1590000,1660000,2015-09-13,"Informational,Branded,Local",Romanian,"126, 99, 97, 126, 156, 158, 128, 150, 226, 154, 125, 99, 85, 156, 157, 193, 227, 366, 362, 306, 367, 244, 283, 286","290, 295, 363, 333, 317, 344, 323, 337, 341, 302, 287, 289",Sports betting; Business
211,chat superbet,ro,55,250,1.30,,superbet contact,2026-06-17 08:37:56,Video preview,600,7900,7900,2016-05-05,"Navigational,Transactional,Branded,Non-local",Romanian,"194, 235, 291, 287, 294, 359, 294, 418, 356, 239, 285, 151, 197, 242, 351, 427, 272, 303, 220, 291, 288, 152, 212, 160","185, 261, 340, 362, 301, 343, 258, 345, 301, 178, 238, 153",Sports betting
212,superbet rotiri fara depunere,ro,56,250,0.90,,superbet casino,2026-06-01 07:15:08,,250,7900,8300,2021-07-02,"Informational,Commercial,Transactional,Branded,Non-local",Romanian,"88, 113, 170, 178, 138, 213, 210, 134, 138, 134, 133, 110, 194, 111, 192, 218, 176, 277, 380, 318, 303, 186, 275, 290","275, 264, 273, 252, 253, 269, 255, 222, 212, 197, 189, 200",Sports betting
213,pariuri loto superbet,ro,,250,2.50,,,,,250,,,2015-11-27,"Informational,Commercial,Transactional,Branded,Non-local",Romanian,"183, 278, 422, 432, 427, 516, 514, 412, 434, 522, 288, 268, 294, 351, 238, 294, 194, 231, 210, 177, 203, 233, 150, 199","222, 251, 225, 238, 183, 228, 207, 174, 201, 231, 149, 198",Lottery; Sports betting
214,superbet casino login,ro,,250,0.90,,,,,2000,,,2023-01-16,,,"66, 49, 69, 132, 202, 202, 160, 129, 242, 251, 202, 194, 104, 105, 132, 155, 281, 367, 319, 298, 301, 286, 272, 258","242, 230, 222, 219, 220, 210, 194, 182, 187, 179, 166, 159",
215,bonus de ziua ta superbet,ro,59,250,0.80,,bonus aniversar casino,2026-06-29 14:03:54,,350,1500,1600,2018-09-11,"Informational,Commercial,Branded,Non-local",Romanian,"208, 247, 206, 244, 247, 202, 252, 236, 292, 239, 198, 162, 158, 187, 372, 296, 243, 301, 290, 293, 310, 287, 296, 272","263, 280, 306, 291, 297, 298, 309, 312, 328, 306, 315, 290",Sports betting
216,superbet - pariuri sportive,ro,,250,0.50,,,,,250,,,2025-12-30,,,"51, 63, 77, 95, 77, 77, 95, 95, 116, 116, 95, 77, 77, 116, 116, 116, 142, 106, 457, 536, 501, 323, 264, 470","463, 475, 471, 484, 477, 473, 489, 497, 494, 488, 479, 460",
217,cod promotional superbet,ro,59,250,3.50,,club superbet,2026-06-15 15:30:45,,300,14000,15000,2020-03-27,"Informational,Commercial,Transactional,Branded,Non-local",Romanian,"103, 101, 126, 152, 189, 154, 160, 160, 193, 192, 167, 106, 198, 238, 152, 167, 147, 152, 168, 318, 462, 375, 408, 393","396, 396, 382, 387, 387, 381, 380, 384, 382, 372, 363, 348",Sports betting
218,cod bonus superbet 200 rotiri,ro,,250,2.50,,,,,250,,,2023-05-15,,,"70, 98, 153, 194, 203, 198, 203, 239, 161, 131, 130, 62, 109, 111, 182, 232, 198, 214, 332, 328, 325, 305, 324, 302","351, 344, 395, 412, 367, 369, 421, 379, 341, 305, 324, 302",
219,oferta saptamanala superbet,ro,31,250,0.50,,superbet oferta,2026-06-18 22:23:39,Sitelinks,300,56000,58000,2015-12-15,"Informational,Commercial,Branded,Non-local",Romanian,"468, 483, 481, 483, 581, 703, 710, 471, 311, 206, 312, 132, 213, 174, 163, 252, 130, 261, 423, 364, 299, 211, 367, 186","239, 278, 264, 430, 398, 457, 626, 567, 502, 414, 570, 388",Sports betting; Sports
220,superbet cariere,ro,22,250,0.20,,angajare superbet,2026-05-27 09:10:05,,250,20,20,2016-07-21,"Informational,Branded,Non-local",Romanian,"128, 103, 153, 158, 132, 138, 204, 190, 189, 132, 130, 150, 194, 195, 284, 290, 231, 162, 296, 294, 298, 242, 230, 252","265, 273, 302, 293, 274, 224, 300, 310, 299, 248, 256, 277",Job
221,superbet jackpot,ro,39,250,2.50,,jackpot,2026-07-07 22:40:19,,400,500,500,2016-11-13,"Informational,Branded,Non-local",English,"177, 183, 234, 224, 229, 345, 303, 249, 164, 251, 209, 197, 180, 206, 291, 213, 157, 257, 257, 266, 228, 230, 221, 204","193, 190, 213, 213, 209, 231, 253, 262, 224, 226, 218, 201",Lottery; Company news
222,superbet fara depunere,ro,56,250,3.50,,superbet casino,2026-06-05 10:13:50,Sitelinks,350,7700,8100,2021-03-14,"Informational,Commercial,Branded,Non-local",Romanian,"226, 189, 225, 231, 286, 343, 283, 402, 274, 181, 228, 229, 203, 209, 353, 379, 255, 309, 256, 306, 204, 190, 240, 240","258, 260, 323, 322, 292, 332, 279, 329, 227, 213, 263, 263",Sports betting
223,superbet pariuri loto,ro,55,250,2.50,,superbet loto,2026-06-16 18:11:13,"Video preview,Sitelinks",300,13000,13000,2016-01-13,"Navigational,Transactional,Branded,Non-local",Romanian,"356, 526, 542, 433, 230, 345, 185, 126, 289, 436, 793, 224, 437, 288, 183, 226, 268, 295, 243, 251, 252, 255, 284, 223","238, 242, 221, 217, 173, 181, 161, 168, 173, 177, 210, 150",Lottery; Sports betting
224,patron superbet,ro,3,250,2.50,,superbet,2026-06-15 20:10:37,"AI Overview,Thumbnail,Image pack",300,85000,86000,2018-01-03,"Informational,Commercial,Branded,Non-local",Romanian,"179, 118, 122, 187, 221, 231, 231, 273, 642, 343, 340, 332, 655, 203, 194, 218, 184, 206, 172, 188, 192, 159, 187, 181","208, 166, 187, 194, 177, 189, 186, 185, 255, 207, 199, 194",Sports betting
225,biletul zilei superbet,ro,64,250,0.25,1.54,superbet,2026-07-06 09:36:16,,300,1740000,1740000,2015-09-16,"Informational,Commercial,Branded,Non-local",Romanian,"367, 456, 306, 562, 459, 555, 694, 680, 370, 246, 157, 154, 207, 168, 259, 325, 332, 238, 264, 329, 297, 242, 190, 211","217, 212, 325, 303, 280, 256, 264, 329, 296, 242, 190, 211",Sports betting; Sports
226,club superbet login,ro,,250,,,,,,300,,,2025-10-12,,,"0, 0, 0, 0, 0, 0, 0, 0, 0, 0, 0, 0, 0, 0, 0, 48, 157, 335, 164, 493, 285, 462, 481, 868",,
227,superdrop superbet,ro,,250,1.00,,,,,300,,,2025-05-11,,,"0, 0, 0, 0, 0, 0, 0, 0, 0, 0, 60, 39, 59, 140, 268, 415, 217, 341, 424, 424, 753, 113, 95, 551",,
228,superbet casino romania,ro,,250,0.90,,,,,350,,,2023-03-05,,,"3, 33, 17, 19, 70, 89, 156, 121, 87, 118, 120, 119, 355, 273, 227, 155, 187, 306, 310, 246, 211, 222, 215, 209","225, 214, 202, 194, 195, 197, 197, 184, 175, 176, 169, 164",
229,scanare card superbet club,ro,,250,0.60,,,,,250,,,2025-10-25,,,"0, 0, 0, 0, 0, 0, 0, 0, 0, 0, 0, 0, 0, 0, 0, 2, 127, 559, 571, 681, 689, 221, 220, 993",,
230,demo superbet,ro,44,250,0.40,,casino online,2026-07-07 09:08:31,Sitelinks,300,28000,31000,2021-03-03,"Informational,Commercial,Branded,Non-local",Romanian,"196, 194, 303, 368, 361, 371, 367, 358, 299, 198, 197, 192, 101, 162, 198, 242, 196, 294, 309, 305, 308, 255, 266, 259","240, 247, 256, 267, 254, 261, 295, 294, 295, 244, 254, 247",Sports betting
231,superbet gratis,ro,30,200,0.35,,superbet casino,2026-06-16 02:43:45,Sitelinks,250,14000,19000,2021-05-23,"Informational,Commercial,Transactional,Branded,Non-local",Romanian,"358, 236, 351, 429, 290, 360, 446, 347, 285, 190, 230, 118, 158, 160, 153, 194, 181, 272, 291, 248, 240, 208, 222, 218","210, 189, 214, 213, 196, 206, 251, 213, 203, 173, 186, 184",Sports betting
232,superbet chat,ro,55,200,1.00,,superbet contact,2026-06-17 04:22:19,Video preview,500,7900,7900,2016-12-04,"Informational,Navigational,Branded,Non-local",English,"144, 142, 126, 185, 179, 163, 137, 179, 199, 146, 142, 80, 117, 153, 200, 194, 113, 214, 229, 242, 185, 169, 167, 193",,Sports betting
233,jocuri superbet,ro,46,200,1.00,,pacanele gratis,2026-06-05 03:40:25,,250,18000,19000,2017-11-16,"Informational,Commercial,Branded,Non-local",Romanian,"378, 397, 253, 347, 327, 266, 317, 288, 242, 220, 233, 102, 128, 168, 164, 211, 182, 268, 236, 202, 227, 169, 166, 190",,Gambling
234,superbet oferta zilnica pdf,ro,47,200,2.50,0.43,oferta de azi la superbet,2026-06-15 11:39:03,,200,1600,1600,2015-09-23,"Informational,Branded,Non-local",Romanian,"111, 170, 174, 211, 172, 208, 175, 170, 170, 316, 209, 133, 144, 209, 166, 167, 133, 95, 220, 237, 251, 166, 189, 233","186, 243, 334, 365, 221, 281, 387, 405, 418, 333, 356, 400",Sports betting; Templates
235,rezultate lucky six superbet,ro,0,200,1.10,,lucky six rezultate,2026-06-15 13:32:21,Video preview,250,150,150,2016-12-29,"Informational,Branded,Non-local",Romanian,"458, 577, 316, 374, 309, 250, 382, 304, 379, 252, 303, 161, 210, 258, 209, 208, 167, 221, 250, 258, 289, 214, 237, 217","210, 233, 206, 214, 224, 201, 251, 259, 291, 215, 238, 219",Lottery
236,email superbet,ro,54,200,2.50,,superbet contact,2026-06-06 08:20:06,,300,2300,2400,2017-04-26,"Informational,Branded,Non-local",English,"127, 154, 192, 189, 192, 193, 236, 193, 241, 161, 191, 125, 108, 161, 294, 289, 233, 240, 228, 221, 247, 220, 214, 229","207, 191, 231, 267, 259, 244, 233, 225, 251, 223, 217, 232",Sports betting; Email
237,superbet cote,ro,18,200,0.50,,superbet oferta,2026-06-06 07:21:51,Sitelinks,250,50000,51000,2016-03-08,"Informational,Commercial,Branded,Non-local",Romanian,"302, 232, 268, 71, 410, 262, 56, 335, 173, 405, 692, 66, 58, 72, 60, 69, 99, 383, 77, 289, 555, 284, 258, 292","233, 258, 170, 273, 231, 244, 170, 229, 184, 216, 258, 292",Sports betting
238,bingo blast superbet,ro,50,200,1.30,,superbet bingo,2026-06-02 21:11:46,Video preview,250,600,600,2022-06-21,"Informational,Branded,Non-local",,"304, 486, 632, 456, 430, 582, 642, 450, 348, 381, 409, 237, 511, 610, 342, 166, 197, 30, 36, 48, 56, 61, 67, 45",,Lottery; Promotional giveaways
239,pacanele superbet,ro,27,200,0.80,,casino online,2026-05-27 00:01:06,Sitelinks,250,13000,15000,2015-11-25,"Informational,Commercial,Branded,Non-local",Romanian,"166, 155, 220, 256, 177, 276, 397, 210, 153, 94, 104, 70, 135, 94, 128, 186, 145, 261, 255, 214, 179, 236, 260, 199",,Sports betting
240,superbet pacanele,ro,32,200,0.60,,superbet casino,2026-06-16 20:24:22,Sitelinks,200,14000,18000,2018-03-13,"Informational,Navigational,Branded,Local",Romanian,"213, 149, 274, 179, 117, 166, 187, 116, 122, 84, 61, 39, 134, 127, 196, 260, 124, 270, 337, 184, 127, 160, 152, 140",,Sports betting
241,casino live superbet,ro,37,200,2.00,,live casino romania,2026-05-26 09:28:10,Sitelinks,300,1700,1800,2018-10-27,"Informational,Navigational,Commercial,Transactional,Branded,Non-local",Romanian,"247, 209, 256, 263, 393, 316, 337, 179, 316, 259, 264, 170, 240, 258, 205, 260, 168, 189, 177, 153, 178, 154, 153, 130","141, 131, 137, 170, 188, 180, 169, 146, 172, 148, 148, 125",Gambling
242,superbet near me,ro,34,200,1.30,,superbet agentii,2026-06-07 01:58:50,Local pack,250,1900,1900,2016-10-29,"Branded,Local",English,"173, 200, 158, 208, 163, 176, 153, 150, 139, 163, 145, 79, 148, 223, 187, 201, 93, 177, 201, 187, 236, 165, 163, 194",,Sports betting
243,verificare cod superbet,ro,53,200,1.40,,verificare bilet superbet,2026-06-18 02:06:56,"Sitelinks,Video preview",250,69000,70000,2015-11-22,"Informational,Commercial,Transactional,Branded,Non-local",Romanian,"177, 128, 236, 251, 258, 329, 312, 163, 198, 166, 192, 237, 63, 118, 116, 164, 93, 179, 307, 210, 120, 252, 255, 240",,Sports betting
244,superbet loto polonia 20 80,ro,,200,,,,,,200,,,2024-12-25,,,"0, 0, 0, 0, 0, 88, 73, 20, 2, 0, 0, 0, 0, 44, 60, 49, 45, 105, 201, 274, 471, 388, 412, 361",,
245,jocuri superbet care platesc,ro,30,200,1.10,,superbet jocuri,2026-06-12 10:22:15,Video preview,200,300,300,2021-11-23,"Informational,Commercial,Branded,Non-local",Romanian,"87, 68, 86, 91, 136, 138, 168, 165, 137, 86, 88, 87, 138, 91, 203, 171, 211, 217, 264, 218, 213, 176, 122, 207","247, 222, 292, 271, 297, 310, 345, 312, 309, 280, 300, 315",Lottery; Communities
246,superbet oferta saptamanala,ro,47,200,0.90,1.34,superbet.ro,2026-06-25 17:40:29,Sitelinks,200,66000,75000,2015-09-07,"Informational,Commercial,Branded,Non-local",Romanian,"57, 71, 47, 51, 85, 66, 77, 61, 6, 0, 68, 67, 77, 86, 59, 64, 100, 175, 177, 255, 302, 332, 393, 291",,Sports betting
247,superbet scanare bilet,ro,51,200,0.80,,verificare bilet superbet,2026-06-29 22:16:29,"Sitelinks,Video preview",250,69000,70000,2017-05-25,"Informational,Transactional,Branded,Non-local",Romanian,"243, 252, 373, 312, 253, 203, 313, 198, 248, 247, 198, 127, 138, 167, 297, 368, 238, 211, 219, 236, 255, 229, 207, 180","164, 181, 228, 231, 207, 198, 196, 212, 232, 205, 184, 156",Sports betting
248,recuperare cont superbet cu cnp,ro,13,200,1.90,,redeschidere cont superbet,2026-06-07 21:08:19,"Video preview,Sitelinks",200,350,350,2023-01-11,"Informational,Transactional,Branded,Non-local",Romanian,"118, 167, 175, 203, 174, 176, 199, 189, 191, 145, 147, 103, 92, 120, 217, 232, 191, 187, 263, 219, 181, 174, 149, 146",,Sports betting; Expert content
249,bonus superbet cont nou,ro,62,200,3.50,,superbet casino,2026-06-24 16:59:13,,200,11000,11000,2021-04-10,"Informational,Commercial,Transactional,Branded,Non-local",Romanian,"54, 57, 96, 57, 85, 115, 205, 101, 70, 70, 72, 52, 71, 86, 123, 228, 273, 261, 289, 153, 212, 219, 228, 195",,Sports betting
250,superbet live score,ro,50,200,0.35,,rezultate live,2026-06-15 08:44:03,Sitelinks,250,16000,20000,2017-01-14,"Informational,Navigational,Branded,Non-local",English,"118, 46, 36, 150, 199, 242, 220, 6, 86, 104, 24, 0, 59, 121, 78, 65, 60, 142, 241, 360, 320, 366, 249, 304",,Sports betting; Statistics
251,superbet wikipedia,ro,47,200,0.90,,superbet,2026-06-24 15:16:54,,400,87000,88000,2015-09-25,"Informational,Navigational,Branded,Non-local",,"167, 152, 166, 159, 169, 187, 206, 213, 274, 141, 157, 250, 572, 188, 246, 213, 82, 125, 141, 142, 114, 132, 77, 88",,Sports betting; Encyclopedias
252,superbet contact online,ro,,200,1.00,,,,,200,,,2025-08-20,,,"0, 0, 0, 0, 0, 0, 0, 0, 0, 0, 0, 0, 0, 19, 35, 196, 312, 462, 415, 310, 212, 37, 161, 77",,
253,superbet non stop,ro,60,200,,,superbet agentii,2026-06-19 23:29:01,,200,2200,2200,2016-06-19,"Informational,Branded,Local",Romanian,"89, 70, 104, 118, 133, 175, 141, 128, 111, 141, 116, 120, 131, 190, 252, 176, 128, 270, 172, 228, 233, 212, 128, 144",,Sports betting; Business
254,superbet srl,ro,48,200,1.00,,superbet srl,2026-06-06 00:46:06,Sitelinks,200,200,250,2016-04-26,"Informational,Branded,Non-local",Romanian,"125, 97, 99, 136, 129, 117, 156, 202, 125, 140, 98, 120, 257, 111, 525, 281, 129, 158, 148, 154, 136, 115, 100, 121",,Sports betting
255,superbet 1000 rotiri gratuite,ro,,200,0.70,,,,,200,,,2024-09-11,,,"0, 0, 665, 1108, 993, 529, 527, 337, 332, 88, 38, 55, 75, 70, 139, 185, 185, 322, 330, 181, 222, 204, 174, 163",,
256,numar telefon superbet,ro,56,200,1.00,,superbet contact,2026-07-08 14:25:08,Local pack,250,8200,8300,2016-03-12,"Informational,Branded,Local",Romanian,"94, 98, 113, 118, 151, 186, 175, 217, 184, 124, 121, 65, 98, 140, 229, 216, 189, 291, 274, 272, 196, 160, 139, 163",,Sports betting; Business
257,super spin superbet,ro,30,200,1.50,,superspin,2026-06-14 20:15:23,,400,1300,1300,2020-04-03,"Informational,Navigational,Commercial,Branded,Non-local",,"209, 139, 178, 172, 239, 223, 183, 163, 163, 148, 146, 115, 174, 189, 175, 223, 173, 267, 243, 224, 195, 263, 241, 228","242, 211, 190, 150, 222, 213, 219, 203, 172, 242, 219, 207",Sports betting
258,superbet loto polonia 20/80,ro,57,200,,,loto polonia,2026-06-29 12:58:52,,200,14000,15000,2018-10-21,"Informational,Branded,Non-local",Romanian,"198, 199, 155, 237, 223, 233, 270, 282, 282, 276, 162, 41, 196, 248, 215, 226, 166, 168, 119, 38, 136, 102, 272, 202",,Lottery
259,oferta superbet baschet,ro,,200,,,,,,200,,,2023-10-08,,,"67, 60, 56, 56, 126, 52, 13, 0, 27, 0, 40, 20, 3, 0, 0, 0, 0, 0, 183, 249, 560, 426, 538, 606",,
260,cazino superbet,ro,,200,0.70,,,,,200,,,2020-11-15,,,"41, 43, 52, 24, 36, 35, 34, 33, 54, 50, 72, 94, 110, 69, 109, 162, 101, 155, 158, 216, 449, 263, 396, 397","402, 398, 413, 420, 418, 423, 428, 422, 445, 424, 413, 412",
261,napoleon games superbet,ro,,200,,,,,,350,,,2021-08-24,,,"1, 0, 1, 0, 0, 1, 1, 0, 0, 0, 0, 2, 1, 9, 20, 1132, 261, 303, 183, 96, 60, 153, 141, 117",,
262,bonus superbet de ziua ta,ro,59,200,1.80,,bonus aniversar casino,2026-07-07 08:32:32,,250,1500,1500,2020-01-11,"Informational,Commercial,Transactional,Branded,Non-local",Romanian,"78, 62, 81, 93, 40, 27, 23, 38, 48, 64, 79, 52, 75, 51, 68, 81, 86, 379, 275, 214, 204, 334, 354, 297",,Sports betting
263,superbet retragere,ro,31,200,1.80,,superbet retragere,2026-06-02 23:27:47,"People also ask,Video preview",250,150,150,2016-04-24,"Informational,Transactional,Branded,Non-local",Romanian,"68, 81, 73, 80, 96, 119, 118, 101, 61, 59, 59, 31, 181, 65, 100, 55, 39, 154, 639, 178, 142, 297, 339, 243",,Sports betting; General reference
264,jackpot superbet,ro,46,200,2.50,,jackpot,2026-06-27 07:12:47,,600,500,600,2016-02-17,"Informational,Commercial,Branded,Non-local",Romanian,"209, 211, 287, 239, 243, 248, 292, 179, 185, 261, 190, 139, 160, 201, 193, 175, 177, 306, 235, 138, 137, 213, 129, 128",,Lottery; Sports betting
265,bilete superbet,ro,55,200,1.90,1.34,verificare bilet superbet,2026-07-05 11:07:35,Video preview,250,69000,70000,2015-10-26,"Commercial,Transactional,Branded,Non-local",Romanian,"221, 262, 408, 396, 326, 329, 401, 387, 266, 274, 222, 117, 127, 185, 178, 222, 256, 250, 241, 242, 244, 199, 192, 162","205, 178, 192, 211, 194, 217, 209, 209, 211, 172, 166, 139, 176",Sports betting
266,superbet superdrop,ro,,200,,,,,,200,,,2025-05-11,,,"0, 0, 0, 0, 0, 0, 0, 0, 0, 0, 45, 11, 43, 85, 134, 252, 50, 189, 214, 186, 333, 211, 255, 366",,
267,superbet wiki,ro,48,200,2.50,,superbet,2026-06-28 13:57:43,Sitelinks,350,87000,88000,2015-09-29,"Informational,Branded,Non-local",,"60, 81, 66, 76, 73, 74, 78, 77, 83, 72, 43, 99, 252, 72, 103, 74, 36, 77, 208, 434, 418, 319, 172, 200",,Sports betting; Encyclopedias
268,superbet contact sediu,ro,56,200,0.60,,superbet contact,2026-06-24 15:27:22,,250,8000,8000,2016-01-05,"Informational,Branded,Local",Romanian,"232, 234, 286, 231, 80, 151, 65, 64, 244, 84, 81, 25, 40, 106, 197, 187, 134, 160, 246, 663, 303, 294, 321, 276","263, 249, 271, 278, 255, 271, 279, 271, 250, 231, 212, 198",Sports betting; Business
269,superbet android,ro,69,200,2.00,1.15,aplicația superbet,2026-06-26 03:22:45,Sitelinks,500,2300,2500,2016-02-16,"Informational,Commercial,Branded,Non-local",,"25, 33, 835, 59, 56, 139, 866, 64, 68, 62, 49, 19, 133, 159, 120, 160, 252, 320, 319, 230, 118, 163, 119, 108",,Sports betting; Add-ons
270,5 minute rotiri gratuite superbet,ro,,200,1.70,,,,,200,,,2025-08-21,,,"0, 0, 0, 0, 0, 0, 0, 0, 0, 0, 0, 0, 0, 317, 50, 31, 261, 1067, 613, 92, 179, 5, 2, 72",,
271,agentii superbet,ro,60,200,1.20,0.73,superbet agentii,2026-06-22 13:45:06,Local pack,250,2200,2200,2015-09-26,"Informational,Branded,Local",Romanian,"262, 244, 207, 242, 200, 244, 244, 234, 268, 245, 168, 130, 185, 264, 270, 221, 218, 203, 195, 194, 204, 192, 202, 187","190, 225, 232, 311, 257, 229, 220, 219, 229, 216, 227, 210",Sports betting; Business
272,download superbet apk,ro,68,200,2.00,,aplicația superbet,2026-06-23 05:54:25,,300,2300,2500,2017-03-09,"Transactional,Branded,Non-local",English,"87, 111, 821, 49, 55, 233, 950, 158, 149, 155, 134, 112, 341, 488, 302, 105, 82, 121, 115, 123, 113, 129, 70, 109",,Sports betting; Add-ons
273,oferta pariuri superbet,ro,49,200,0.45,1.1,superbet oferta,2026-06-10 09:17:06,Sitelinks,250,50000,51000,2015-09-08,"Informational,Commercial,Branded,Non-local",Romanian,"102, 161, 126, 127, 99, 135, 142, 86, 153, 74, 45, 50, 117, 136, 167, 147, 186, 373, 326, 188, 157, 180, 155, 137",,Sports betting
274,superbet satu mare,ro,48,200,0.70,,superbet agentii,2026-05-28 20:32:08,"Local pack,Sitelinks",250,1800,1800,2015-10-27,"Informational,Branded,Local",Romanian,"187, 189, 187, 237, 241, 238, 338, 190, 226, 289, 192, 188, 243, 189, 231, 188, 180, 240, 198, 204, 218, 186, 176, 170","163, 194, 213, 185, 269, 206, 190, 196, 209, 178, 169, 163, 156",Sports betting; Business
275,superbet casino apk,ro,65,200,1.60,,superbet casino,2026-06-07 14:48:30,,600,2500,2500,2019-05-07,"Transactional,Branded,Non-local",English,"52, 50, 808, 47, 51, 131, 804, 26, 30, 25, 28, 18, 120, 121, 127, 204, 134, 309, 253, 205, 178, 339, 237, 168",,Sports betting; Add-ons
276,superbet numar de telefon,ro,56,200,0.80,,superbet contact,2026-06-20 18:47:01,Local pack,250,7900,7900,2017-01-21,"Informational,Branded,Local",Romanian,"136, 138, 141, 177, 218, 217, 216, 260, 252, 173, 145, 88, 118, 145, 267, 262, 208, 263, 253, 247, 239, 223, 216, 214","213, 213, 209, 208, 205, 204, 205, 200, 192, 178, 171, 169",Sports betting; Business
277,superbet tenis live,ro,9,200,0.40,,oferta de azi la superbet,2026-06-15 07:57:05,,250,2800,2900,2019-07-14,"Informational,Navigational,Branded,Non-local",Romanian,"44, 18, 28, 26, 34, 9, 27, 17, 36, 62, 45, 55, 63, 64, 36, 28, 35, 19, 102, 534, 527, 441, 526, 490","483, 450, 464, 467, 470, 464, 480, 526, 519, 477, 482, 500",Sports betting; Racquet sports
278,bonusuri superbet,ro,61,200,5.00,1.08,superbet casino,2026-06-29 14:40:22,,350,11000,11000,2015-10-31,"Informational,Commercial,Branded,Non-local",Romanian,"171, 128, 215, 204, 244, 210, 215, 218, 226, 164, 128, 88, 110, 131, 248, 214, 173, 198, 204, 212, 206, 203, 184, 172","159, 166, 203, 228, 237, 226, 234, 243, 236, 232, 210, 196",Sports betting
279,superbet bonus de ziua ta,ro,59,200,4.00,,bonus aniversar casino,2026-07-04 09:40:29,,200,1700,1700,2018-08-22,"Informational,Commercial,Branded,Non-local",Romanian,"187, 184, 186, 181, 182, 184, 191, 222, 228, 187, 190, 144, 153, 120, 221, 200, 163, 168, 193, 189, 196, 178, 178, 170","171, 173, 183, 185, 178, 172, 196, 193, 199, 181, 182, 174",Sports betting
280,bonus casino superbet,ro,61,200,2.50,,bonus casino superbet,2026-06-20 07:33:53,,300,40,40,2019-08-05,"Informational,Commercial,Branded,Non-local",Romanian,"207, 204, 256, 256, 259, 258, 197, 179, 307, 209, 142, 114, 318, 286, 188, 247, 208, 226, 248, 211, 205, 193, 199, 190","233, 226, 215, 236, 227, 228, 213, 205, 229, 215, 216, 207",Sports betting
281,oferta superbet duminica,ro,52,200,0.70,,oferta superbet duminica,2026-05-29 08:12:49,Sitelinks,200,70,70,2017-01-28,"Informational,Commercial,Branded,Non-local",Romanian,"407, 461, 559, 270, 247, 254, 363, 300, 95, 97, 114, 106, 146, 154, 147, 187, 110, 230, 330, 341, 278, 179, 125, 119",,Sports betting; Sports
282,nr telefon superbet,ro,59,200,1.00,,superbet contact,2026-06-30 10:05:01,Local pack,250,8000,8000,2016-03-10,"Informational,Branded,Local",Romanian,"102, 109, 115, 148, 152, 174, 186, 199, 190, 102, 135, 61, 101, 147, 178, 237, 174, 239, 252, 334, 218, 179, 154, 170",,Sports betting; Business
283,oferta săptămânală superbet,ro,,200,,,,,,200,,,2025-06-10,,,"0, 0, 0, 0, 0, 0, 0, 0, 0, 0, 0, 45, 109, 77, 99, 155, 180, 313, 399, 304, 239, 162, 57, 124",,
284,program superbet de craciun,ro,,200,,,,,,250,,,2015-12-25,,,"0, 0, 0, 0, 0, 113, 7, 0, 0, 0, 0, 0, 1, 7, 13, 28, 50, 2138, 214, 29, 25, 34, 30, 35",,
285,suport@superbet .ro,ro,,200,,,,,,200,,,2024-02-07,,,"98, 91, 117, 110, 92, 159, 248, 172, 145, 98, 100, 91, 101, 105, 236, 282, 188, 223, 233, 233, 219, 121, 153, 234",,
286,log in superbet,ro,,200,1.10,,,,,600,,,2020-02-01,,,"74, 90, 59, 75, 60, 62, 60, 61, 71, 87, 91, 116, 97, 164, 158, 72, 239, 411, 246, 160, 214, 249, 220, 241","242, 254, 255, 257, 279, 292, 285, 282, 296, 298, 306, 311",
287,superbet download android,ro,62,200,1.20,,download superbet,2026-06-20 14:09:39,Video preview,300,4600,4700,2020-07-21,"Transactional,Branded,Non-local",English,"104, 57, 28, 9, 69, 24, 61, 58, 86, 37, 24, 27, 42, 41, 32, 65, 64, 206, 230, 329, 352, 315, 249, 296",,Sports betting; Add-ons
288,cod superbet,ro,56,200,2.50,,verificare bilet superbet,2026-06-15 04:56:59,"Sitelinks,Video preview",250,69000,70000,2016-01-12,"Informational,Commercial,Transactional,Branded,Non-local",Romanian,"225, 271, 276, 339, 344, 280, 334, 275, 278, 231, 232, 183, 187, 130, 228, 277, 236, 198, 198, 212, 212, 179, 175, 162","164, 183, 176, 212, 197, 175, 175, 185, 189, 154, 151, 137",Sports betting
289,loto kaskada polonia superbet,ro,29,200,0.30,,polonia kaskada,2026-07-05 03:01:38,,200,5800,5900,2021-03-28,"Informational,Commercial,Branded,Non-local",Romanian,"67, 73, 93, 184, 227, 259, 254, 224, 295, 260, 231, 216, 313, 214, 155, 221, 165, 186, 230, 207, 217, 107, 53, 89",,Lottery
290,superbet verificare bilete,ro,53,200,4.00,1.15,verificare bilet superbet,2026-06-08 02:49:27,"Sitelinks,Video preview",200,69000,70000,2015-12-29,"Informational,Navigational,Branded,Non-local",Romanian,"138, 132, 156, 189, 129, 115, 187, 73, 88, 151, 47, 45, 88, 108, 162, 176, 238, 180, 296, 244, 252, 218, 182, 143","171, 205, 218, 214, 204, 184, 309, 253, 259, 223, 186, 145",Sports betting
291,rotiri superbet,ro,50,200,4.00,,superbet casino,2026-07-04 16:52:58,,200,8300,8600,2021-01-13,"Informational,Commercial,Branded,Non-local",Romanian,"91, 97, 192, 85, 93, 102, 145, 61, 76, 41, 33, 26, 81, 59, 122, 223, 234, 294, 243, 226, 157, 301, 197, 152",,Sports betting
292,superbet .,ro,,200,0.60,,,,,400,,,2016-01-28,,,"128, 126, 152, 160, 208, 284, 293, 255, 292, 241, 225, 120, 146, 192, 205, 242, 211, 245, 242, 246, 255, 245, 242, 224","229, 235, 237, 241, 245, 256, 253, 248, 251, 242, 240, 222",
293,numar de telefon superbet,ro,58,200,0.90,,superbet contact,2026-06-28 02:32:42,"Local pack,Bottom ads",200,8000,8000,2015-10-04,"Informational,Branded,Local",Romanian,"68, 70, 93, 115, 129, 159, 142, 181, 168, 154, 113, 84, 93, 138, 169, 200, 155, 204, 236, 265, 174, 152, 137, 143",,Sports betting; Business
294,superbet aplicatie android,ro,67,200,2.00,,download superbet,2026-06-09 00:25:58,,200,3600,3900,2016-06-07,"Informational,Transactional,Branded,Non-local",Romanian,"22, 26, 15, 18, 15, 5, 24, 26, 63, 60, 54, 26, 138, 185, 191, 201, 143, 308, 302, 200, 134, 178, 187, 157",,Sports betting; Add-ons
295,superbet drop,ro,,200,1.10,,,,,200,,,2025-09-01,,,"0, 0, 0, 0, 0, 0, 0, 0, 0, 0, 0, 0, 0, 27, 73, 280, 182, 458, 379, 522, 431, 185, 95, 196",,
296,superbet instalare,ro,70,200,1.20,,superbet aplicatie,2026-07-08 22:27:55,Video preview,300,4800,5000,2019-08-31,"Informational,Transactional,Branded,Non-local",Romanian,"162, 223, 211, 169, 203, 212, 238, 188, 274, 307, 380, 97, 220, 147, 212, 140, 86, 195, 205, 207, 171, 229, 214, 241",,Sports betting; Add-ons
297,verificare bilet lucky six superbet,ro,42,200,0.60,,verificare bilet superbet,2026-06-26 17:46:15,"Sitelinks,Video preview",250,69000,70000,2020-01-10,"Informational,Navigational,Branded,Non-local",Romanian,"82, 133, 132, 84, 64, 86, 131, 83, 86, 103, 103, 62, 86, 107, 68, 134, 158, 247, 297, 369, 445, 308, 379, 428","440, 450, 435, 455, 439, 448, 460, 457, 455, 446, 454, 433",Sports betting
298,oferta superbet hochei,ro,,200,0.45,,,,,200,,,2022-02-14,,,"0, 0, 0, 0, 0, 0, 0, 0, 0, 0, 0, 0, 0, 0, 0, 0, 44, 245, 461, 304, 430, 331, 400, 278",,
299,prosport superbet,ro,,200,,,,,,200,,,2025-09-21,,,"0, 0, 0, 0, 0, 0, 0, 0, 0, 0, 0, 0, 0, 0, 2123, 18, 6, 9, 0, 0, 0, 0, 0, 1",,
300,superbet handbal,ro,,200,,,,,,200,,,2017-04-09,,,"5, 0, 23, 76, 102, 109, 117, 55, 131, 113, 101, 71, 29, 19, 109, 113, 136, 152, 117, 141, 190, 356, 435, 394",,
301,superbet creare bilet,ro,14,200,1.00,,superbet,2026-06-26 23:44:51,"Sitelinks,Video preview",250,1580000,1630000,2017-01-09,"Navigational,Transactional,Branded,Non-local",Romanian,"109, 243, 247, 193, 71, 86, 127, 134, 38, 35, 15, 8, 27, 52, 96, 234, 163, 311, 372, 296, 71, 135, 284, 127",,Sports betting
302,superbet locatii,ro,61,200,0.45,,superbet agentii,2026-06-19 16:31:57,Local pack,200,2200,2200,2016-01-13,"Informational,Branded,Local",Romanian,"114, 112, 169, 196, 207, 166, 200, 131, 202, 170, 144, 92, 129, 180, 185, 198, 111, 187, 198, 200, 189, 183, 161, 177",,Sports betting; Business
303,superbet casino download,ro,76,200,3.00,,superbet casino,2026-06-07 06:24:11,,500,2500,2500,2020-01-10,"Commercial,Transactional,Branded,Non-local",English,"239, 297, 300, 299, 298, 362, 253, 300, 360, 251, 248, 195, 300, 262, 233, 148, 150, 174, 162, 171, 176, 146, 153, 143","143, 147, 152, 155, 157, 169, 158, 166, 172, 141, 149, 138",Casino games
304,flash super drop superbet,ro,,150,,,,,,150,,,2025-09-01,,,"0, 0, 0, 0, 0, 0, 0, 0, 0, 0, 0, 0, 0, 0, 227, 19, 382, 447, 135, 130, 69, 44, 53, 62",,
305,superbet timișoara,ro,42,150,0.70,0.19,superbet,2026-06-18 22:41:56,"Sitelinks,Knowledge panel",150,1580000,1690000,2016-02-06,"Informational,Branded,Local",Romanian,"90, 115, 136, 136, 238, 248, 208, 195, 223, 230, 162, 84, 106, 125, 154, 137, 90, 177, 95, 148, 135, 138, 97, 109",,Sports betting; Business
306,meciuri superbet azi,ro,35,150,3.50,,superbet oferta,2026-06-12 08:14:58,Sitelinks,200,51000,53000,2017-03-25,"Informational,Commercial,Transactional,Branded,Non-local",Romanian,"221, 147, 221, 227, 279, 185, 185, 215, 184, 151, 182, 143, 224, 152, 148, 143, 171, 157, 221, 260, 150, 120, 103, 82","94, 93, 110, 88, 73, 64, 151, 183, 84, 53, 42, 23",Sports betting; Soccer
307,my club superbet,ro,47,150,3.00,,club superbet,2026-06-03 16:17:54,Video preview,150,65000,66000,2021-10-10,"Informational,Navigational,Commercial,Branded,Non-local",English,"212, 171, 188, 242, 272, 225, 314, 236, 269, 318, 293, 162, 213, 192, 182, 177, 111, 169, 215, 124, 119, 41, 0, 11",,Sports betting
308,superbet oradea,ro,20,150,0.60,0.7,superbet,2026-06-04 11:56:01,"Local pack,Sitelinks",150,1610000,1760000,2015-09-04,"Informational,Navigational,Branded,Local",Romanian,"150, 179, 324, 280, 158, 189, 223, 216, 213, 264, 150, 78, 104, 152, 122, 154, 119, 158, 147, 164, 142, 147, 134, 130","133, 144, 157, 152, 139, 141, 147, 163, 141, 147, 134, 130",Sports betting; Business
309,bonus de bun venit superbet,ro,57,150,6.00,,superbet club,2026-07-04 07:32:50,Video preview,200,11000,12000,2018-02-26,"Informational,Commercial,Transactional,Branded,Non-local",Romanian,"95, 111, 170, 152, 164, 155, 152, 145, 144, 138, 149, 136, 120, 124, 141, 151, 163, 154, 152, 145, 144, 137, 149, 136","120, 124, 141, 151, 163, 154, 152, 145, 144, 137, 149, 136",Sports betting
310,superavantaj superbet,ro,11,150,3.00,,oferta de azi la superbet,2026-06-24 15:47:17,People also ask,150,600,700,2021-05-26,"Informational,Navigational,Commercial,Branded,Non-local",Romanian,"415, 871, 809, 498, 355, 255, 390, 292, 199, 182, 170, 55, 155, 167, 237, 111, 152, 146, 156, 234, 106, 112, 86, 67",,Sports betting
311,cote pariuri superbet,ro,28,150,0.50,,superbet.ro,2026-06-28 13:58:28,Sitelinks,300,66000,75000,2015-11-16,"Informational,Navigational,Commercial,Transactional,Branded,Non-local",Romanian,"10, 2, 10, 44, 33, 23, 181, 111, 140, 185, 197, 17, 125, 87, 179, 212, 116, 121, 129, 165, 157, 356, 144, 187",,Sports betting; Sports
312,cod verificare superbet,ro,60,150,0.60,,verificare bilet superbet,2026-07-03 02:47:36,"Sitelinks,Video preview",250,70000,70000,2015-11-25,"Informational,Transactional,Branded,Non-local",Romanian,"71, 186, 249, 145, 127, 178, 205, 100, 63, 135, 87, 77, 63, 100, 74, 148, 141, 262, 222, 174, 144, 146, 208, 155",,Sports betting
313,superbet galati,ro,23,150,0.80,0.66,superbet,2026-06-17 07:14:48,"Local pack,Sitelinks",150,1550000,1620000,2015-09-03,"Informational,Branded,Local",Romanian,"173, 133, 95, 118, 109, 138, 123, 113, 130, 126, 109, 44, 80, 100, 110, 116, 81, 178, 134, 179, 165, 209, 137, 164",,Sports betting; Business
314,superbet pariuri online,ro,52,150,0.40,1.11,super bet,2026-06-15 17:38:44,,200,87000,89000,2015-09-02,"Navigational,Transactional,Branded,Non-local",Romanian,"74, 89, 76, 105, 77, 45, 56, 33, 101, 92, 85, 51, 128, 183, 126, 131, 137, 142, 158, 147, 90, 215, 229, 173",,Sports betting; Sports
315,bonus bun venit superbet,ro,59,150,4.50,,superbet casino,2026-06-08 10:03:16,,200,9100,9300,2016-07-20,"Informational,Commercial,Transactional,Branded,Non-local",Romanian,"101, 103, 158, 176, 216, 216, 162, 120, 149, 121, 101, 77, 88, 128, 238, 203, 170, 172, 142, 198, 197, 129, 131, 184","176, 183, 213, 214, 220, 214, 215, 207, 205, 205, 202, 194",Sports betting
316,superbet casino rotiri gratuite,ro,,150,,,,,,150,,,2023-04-12,,,"22, 41, 31, 25, 34, 70, 105, 87, 94, 39, 29, 40, 109, 62, 97, 74, 150, 163, 309, 280, 105, 48, 110, 99",,
317,nr superbet,ro,59,150,1.00,,superbet contact,2026-06-17 05:13:07,Local pack,150,7900,7900,2020-10-12,"Informational,Commercial,Branded,Non-local",Romanian,"63, 57, 91, 90, 120, 120, 91, 140, 119, 94, 69, 59, 67, 106, 140, 159, 126, 175, 152, 184, 133, 75, 114, 104",,Sports betting
318,superbet pariuri sportive online,ro,29,150,1.80,,superbet,2026-06-21 11:22:34,Sitelinks,200,1580000,1680000,2023-06-06,"Navigational,Transactional,Branded,Non-local",Romanian,"240, 376, 470, 537, 502, 445, 411, 398, 487, 242, 139, 102, 49, 96, 104, 88, 72, 143, 273, 332, 259, 226, 219, 178",,Sports betting; Sports
319,nr contact superbet,ro,51,150,0.90,,superbet contact nr telefon bucuresti,2026-06-15 15:43:10,Featured snippet,200,350,350,2016-03-10,"Informational,Branded,Local",Romanian,"88, 83, 94, 100, 64, 92, 143, 181, 122, 91, 127, 84, 116, 84, 129, 149, 113, 190, 278, 328, 193, 145, 122, 164",,Sports betting; Business
320,superbet superdrop 2026,ro,,150,,,,,,150,,,2026-01-04,,,"0, 0, 0, 0, 0, 0, 0, 0, 0, 0, 0, 0, 0, 0, 0, 0, 0, 0, 343, 457, 383, 263, 138, 221",,
321,superbet contact telefon,ro,55,150,1.20,,superbet contact,2026-06-01 09:22:52,Local pack,200,7700,7700,2015-09-23,"Informational,Branded,Local",Romanian,"91, 93, 139, 203, 164, 162, 134, 156, 201, 131, 85, 104, 77, 117, 362, 273, 117, 193, 134, 135, 146, 117, 99, 100","99, 99, 120, 177, 148, 148, 88, 94, 105, 78, 60, 62",Sports betting; Business
322,descarca superbet,ro,60,150,1.90,,superbet download,2026-06-05 13:02:26,,200,4700,5000,2017-08-26,"Commercial,Transactional,Branded,Non-local",Romanian,"208, 269, 1021, 265, 234, 330, 1092, 287, 273, 327, 259, 135, 218, 228, 214, 157, 146, 175, 204, 156, 144, 145, 114, 84",115,Sports betting
323,superbet superclub,ro,46,150,0.90,,club superbet,2026-06-06 12:56:18,Video preview,200,65000,66000,2021-06-12,"Informational,Branded,Non-local",Romanian,"193, 129, 133, 131, 157, 127, 84, 63, 64, 196, 458, 286, 163, 108, 292, 237, 148, 174, 126, 118, 91, 108, 134, 113","90, 101, 95, 83, 106, 92, 65, 47, 33, 47, 80, 60",Gambling
324,superbet oferta pariuri,ro,54,150,4.00,,super bet,2026-06-15 06:11:33,Sitelinks,200,89000,91000,2015-09-12,"Informational,Commercial,Transactional,Branded,Non-local",Romanian,"1, 14, 4, 15, 34, 19, 27, 22, 56, 62, 71, 211, 171, 79, 59, 45, 66, 112, 296, 212, 245, 239, 143, 144",,Sports betting
325,verificare bilet superbet cod,ro,45,150,0.60,1.05,verificare bilet superbet,2026-06-08 06:08:07,"Sitelinks,Video preview",200,69000,70000,2015-10-09,"Informational,Transactional,Branded,Non-local",Romanian,"128, 132, 129, 166, 198, 200, 253, 197, 187, 124, 81, 59, 65, 94, 166, 169, 134, 206, 271, 217, 199, 165, 163, 155","159, 165, 159, 151, 130, 135, 344, 267, 180, 176, 165, 157",Sports betting
326,superbet club voucher,ro,,150,0.60,,,,,150,,,2022-07-16,,,"2, 0, 0, 23, 4, 0, 0, 0, 0, 0, 0, 0, 0, 0, 0, 0, 62, 165, 158, 135, 186, 393, 209, 394",333,
327,superbet sibiu,ro,26,150,0.50,0.65,superbet,2026-06-25 19:05:48,"Local pack,Sitelinks",150,1580000,1630000,2015-09-17,"Informational,Branded,Local",Romanian,"122, 175, 146, 151, 153, 189, 191, 147, 179, 181, 127, 94, 146, 147, 148, 124, 145, 194, 158, 161, 149, 138, 120, 108","119, 136, 131, 161, 144, 137, 139, 142, 131, 122, 105, 95",Sports betting; Business
328,pariuri sportive superbet fotbal,ro,,150,,,,,,200,,,2016-11-13,,,"0, 0, 0, 0, 0, 0, 0, 0, 79, 70, 54, 42, 73, 140, 80, 97, 99, 206, 220, 149, 238, 182, 260, 208",,
329,cod bonus superbet 2025,ro,,150,,,,,,150,,,2025-01-16,,,"0, 0, 0, 0, 0, 0, 18, 77, 136, 105, 87, 52, 66, 198, 342, 391, 303, 235, 45, 11, 8, 0, 0, 1",,
330,reclamatii superbet,ro,47,150,0.50,,reclamatii superbet,2026-06-08 22:04:58,AI Overview,150,20,20,2015-11-11,"Informational,Navigational,Branded,Non-local",Romanian,"180, 160, 175, 224, 154, 180, 243, 253, 228, 111, 168, 99, 103, 130, 229, 217, 103, 129, 155, 106, 98, 88, 96, 100",,Sports betting; Customer
331,oferta zilei superbet,ro,53,150,0.50,,superbet,2026-07-06 01:47:13,Sitelinks,150,1740000,1740000,2017-08-06,"Informational,Commercial,Branded,Non-local",Romanian,"41, 85, 140, 55, 14, 10, 31, 138, 20, 96, 230, 140, 207, 123, 101, 146, 93, 129, 196, 142, 93, 107, 108, 93",,Sports betting; Sports
332,coduri bonus superbet,ro,58,150,3.50,,superbet club,2026-06-15 05:01:26,Sitelinks,200,12000,12000,2020-11-12,"Informational,Commercial,Transactional,Branded,Non-local",Romanian,"61, 61, 88, 106, 129, 106, 86, 70, 73, 72, 72, 47, 93, 148, 239, 250, 201, 173, 175, 180, 161, 144, 167, 161","158, 164, 165, 163, 163, 158, 159, 162, 164, 163, 170, 163",Sports betting
333,superbet club verificare bilet,ro,52,150,1.00,,verificare bilet superbet,2026-07-05 23:12:43,"Sitelinks,Video preview",200,69000,70000,2022-03-20,"Informational,Navigational,Branded,Non-local",Romanian,"98, 116, 150, 123, 224, 182, 352, 180, 184, 421, 425, 179, 99, 226, 217, 54, 74, 109, 145, 83, 387, 165, 294, 257","256, 278, 282, 279, 284, 277, 287, 260, 280, 296, 303, 266",Sports betting
334,superbet meciuri azi,ro,35,150,0.45,,superbet,2026-07-04 18:50:10,Sitelinks,200,1740000,1750000,2015-09-20,"Informational,Navigational,Branded,Non-local",Romanian,"50, 124, 109, 171, 183, 155, 126, 43, 40, 71, 91, 22, 80, 127, 106, 195, 145, 134, 216, 217, 210, 139, 338, 167",,Sports betting; Soccer
335,cod superbet bonus,ro,59,150,4.50,,superbet club,2026-07-03 05:07:35,,250,11000,12000,2020-08-22,"Informational,Commercial,Transactional,Branded,Non-local",Romanian,"39, 38, 39, 39, 39, 40, 57, 88, 91, 119, 190, 39, 98, 157, 230, 343, 221, 143, 164, 159, 161, 159, 176, 159","159, 143, 145, 152, 140, 137, 139, 134, 137, 135, 152, 136",Sports betting
336,superbet shining crown demo,ro,55,150,0.60,,shining crown,2026-06-30 07:01:44,,200,1700,1800,2021-09-11,"Informational,Branded,Non-local",English,"126, 71, 127, 109, 140, 292, 204, 133, 120, 102, 120, 97, 367, 436, 205, 140, 91, 97, 81, 14, 49, 34, 118, 93",,Lottery
337,reactivare cont superbet,ro,15,150,1.90,,redeschidere cont superbet,2026-06-23 11:11:53,Video preview,200,400,400,2019-02-22,"Informational,Transactional,Branded,Non-local",Romanian,"175, 213, 234, 269, 216, 269, 257, 217, 219, 211, 158, 88, 102, 202, 270, 130, 185, 140, 141, 135, 197, 145, 112, 169",,Sports betting
338,superbet program paste,ro,57,150,,,program superbet,2026-06-05 03:34:39,,200,3900,3900,2017-04-15,"Informational,Branded,Non-local",Romanian,"57, 32, 31, 31, 31, 31, 31, 32, 35, 456, 41, 45, 248, 219, 137, 138, 134, 170, 186, 104, 82, 238, 105, 147",,Gambling
339,superbet bet,ro,61,150,1.60,,super bet,2026-06-15 09:52:15,,8400,89000,91000,2015-09-16,"Navigational,Transactional,Branded,Non-local",English,"193, 167, 94, 81, 126, 48, 117, 124, 77, 53, 35, 16, 102, 129, 121, 106, 164, 163, 113, 116, 99, 266, 176, 184",,Sports betting; Sports
340,oferta superbet fotbal azi,ro,,150,1.20,,,,,150,,,2015-09-19,,,"0, 0, 0, 0, 0, 0, 0, 0, 0, 0, 0, 0, 0, 111, 127, 28, 53, 125, 145, 138, 241, 238, 182, 216",,
341,superbet angajari,ro,24,150,0.07,1.08,superbet iasi,2026-07-07 02:02:19,,200,250,250,2015-09-09,"Informational,Transactional,Branded,Non-local",Romanian,"127, 106, 139, 133, 122, 126, 222, 144, 127, 118, 142, 129, 179, 163, 199, 194, 129, 109, 209, 188, 192, 127, 159, 154",,Job
342,superbet pitesti,ro,45,150,0.60,1.04,superbet,2026-06-29 12:19:10,"Local pack,Sitelinks",150,1580000,1630000,2015-11-17,"Informational,Branded,Local",,"92, 83, 75, 133, 105, 114, 122, 106, 108, 130, 92, 53, 93, 147, 128, 112, 110, 185, 176, 170, 118, 150, 103, 109",,Sports betting; Business
343,superbet free spins,ro,60,150,3.50,,rotiri gratuite,2026-06-27 12:15:06,,350,7400,7800,2019-11-08,"Informational,Commercial,Transactional,Branded,Non-local",English,"88, 60, 112, 60, 136, 94, 172, 127, 73, 90, 96, 71, 301, 470, 270, 86, 65, 160, 154, 100, 75, 54, 72, 60",,Sports betting
344,promotii superbet,ro,57,150,6.00,1.07,superbet casino,2026-06-07 16:03:29,,200,9100,9300,2017-02-27,"Informational,Commercial,Branded,Non-local",Romanian,"115, 114, 139, 113, 174, 137, 139, 169, 217, 268, 221, 174, 128, 101, 180, 204, 80, 132, 128, 124, 124, 144, 125, 110","96, 87, 171, 149, 144, 129, 125, 122, 123, 143, 124, 109",Sports betting
345,superbet fotbal live,ro,55,150,0.30,,rezultate live,2026-06-15 13:17:19,Sitelinks,150,16000,20000,2015-11-10,"Informational,Navigational,Branded,Non-local",Romanian,"33, 56, 32, 11, 10, 17, 23, 28, 25, 38, 33, 33, 42, 54, 47, 44, 60, 172, 215, 167, 244, 254, 148, 166",,Sports betting; Soccer
346,noua aplicatie superbet,ro,61,150,0.60,,download superbet,2026-06-11 00:56:00,,150,4800,4800,2021-09-11,"Informational,Commercial,Branded,Non-local",Romanian,"124, 114, 103, 69, 68, 101, 161, 104, 124, 107, 82, 72, 62, 94, 128, 96, 68, 171, 181, 167, 180, 120, 135, 126",,Sports betting; Add-ons
347,superbet arad,ro,42,150,0.60,1,superbet,2026-06-25 00:11:51,"Local pack,Sitelinks",150,1580000,1630000,2015-10-08,"Informational,Branded,Local",,"139, 115, 144, 127, 118, 132, 200, 166, 179, 184, 98, 72, 102, 108, 97, 105, 96, 145, 169, 151, 168, 133, 103, 115",,Sports betting; Business
348,activare cont superbet,ro,12,150,1.80,,redeschidere cont superbet,2026-06-10 02:22:05,Video preview,150,350,350,2017-04-02,"Navigational,Transactional,Branded,Non-local",Romanian,"101, 83, 114, 125, 119, 141, 119, 127, 113, 85, 81, 57, 97, 129, 141, 184, 163, 199, 169, 140, 100, 120, 91, 103",,Sports betting
349,tricou superbet,ro,1,150,0.09,,tricou superbet,2026-06-24 12:34:34,Image pack,150,10,10,2016-06-15,"Informational,Commercial,Branded,Non-local",Romanian,"157, 151, 157, 125, 127, 115, 77, 62, 97, 270, 223, 82, 117, 91, 130, 145, 106, 145, 74, 87, 133, 140, 142, 158",,Sports betting; Promotional giveaways; Athletic apparel; Sports fan gear
350,superbet sediu central,ro,,150,0.50,,,,,150,,,2016-01-05,,,"19, 23, 29, 31, 31, 20, 28, 22, 27, 13, 36, 14, 31, 32, 25, 91, 119, 232, 205, 280, 173, 109, 129, 126",,
351,superbet pariuri sportive oferta,ro,55,150,0.40,1.31,superbet,2026-07-09 09:16:09,Sitelinks,200,1740000,1740000,2015-09-13,"Informational,Commercial,Transactional,Branded,Non-local",Romanian,"296, 151, 237, 299, 362, 195, 366, 441, 678, 1257, 298, 140, 74, 54, 29, 50, 32, 155, 309, 347, 316, 177, 28, 16","136, 138, 204, 160, 228, 54, 336, 374, 343, 205, 56, 43",Sports betting; Sports
352,15 minute rotiri gratuite superbet,ro,,150,1.40,,,,,150,,,2024-11-07,,,"0, 0, 0, 0, 1121, 185, 59, 24, 47, 24, 32, 11, 4, 13, 53, 207, 144, 159, 178, 273, 209, 104, 99, 104",,
353,oferta superbet azi pdf,ro,46,150,2.50,,oferta de azi la superbet,2026-06-21 03:54:19,,150,1800,1800,2016-05-12,"Informational,Commercial,Branded,Non-local",Romanian,"187, 273, 405, 460, 372, 447, 493, 287, 341, 231, 125, 0, 239, 337, 283, 154, 124, 93, 87, 127, 108, 109, 116, 121",,Sports betting; Templates
354,sportclub superbet,ro,57,150,6.00,,club superbet,2026-06-18 11:59:19,Video preview,150,68000,69000,2021-11-14,"Informational,Navigational,Branded,Local",,"171, 270, 0, 127, 272, 297, 255, 125, 125, 191, 225, 68, 118, 209, 260, 251, 146, 284, 345, 60, 0, 148, 23, 5",,Health clubs; Sports
355,bonus superbet fara depunere,ro,63,150,5.00,,rotiri gratuite,2026-06-19 10:46:13,Sitelinks,200,7700,8100,2020-11-09,"Informational,Commercial,Transactional,Branded,Non-local",Romanian,"123, 157, 276, 226, 183, 220, 239, 182, 218, 170, 176, 96, 101, 106, 247, 143, 91, 129, 148, 105, 136, 125, 140, 104","87, 101, 200, 115, 93, 130, 148, 106, 136, 125, 140, 105",Sports betting
356,superbet brasov,ro,23,150,0.60,0.94,superbet agentii,2026-06-16 08:12:29,Local pack,150,2100,2100,2015-09-08,"Informational,Branded,Local",Romanian,"122, 149, 127, 160, 134, 131, 135, 153, 189, 155, 88, 66, 91, 109, 106, 132, 124, 164, 157, 161, 149, 151, 124, 122","114, 125, 130, 147, 140, 152, 158, 161, 149, 151, 124, 122",Sports betting; Business
357,superbet nr telefon,ro,51,150,0.80,,superbet contact,2026-06-15 05:31:00,Local pack,200,7900,7900,2016-05-14,"Informational,Branded,Local",Romanian,"55, 125, 108, 79, 73, 76, 56, 103, 93, 78, 45, 33, 42, 52, 99, 207, 79, 116, 249, 280, 271, 188, 192, 214",,Sports betting; Business
358,live superbet,ro,44,150,0.80,,oferta de azi la superbet,2026-06-18 20:08:42,Sitelinks,200,7600,8300,2016-08-11,"Navigational,Transactional,Branded,Non-local",English,"131, 106, 100, 212, 185, 116, 218, 60, 53, 87, 211, 171, 349, 292, 303, 32, 51, 105, 143, 84, 64, 53, 62, 58",,Sports betting; Sports
359,superbet pariuri sportive azi,ro,,150,,,,,,150,,,2021-04-06,,,"0, 0, 0, 0, 0, 0, 0, 1, 18, 0, 152, 54, 62, 120, 138, 180, 72, 0, 65, 183, 262, 163, 211, 153",,
360,superbet card club,ro,,150,,,,,,150,,,2020-08-28,,,"0, 0, 0, 0, 0, 0, 0, 0, 0, 0, 0, 0, 0, 0, 0, 0, 34, 305, 317, 245, 212, 202, 226, 153",,
361,superbet online casino,ro,58,150,4.50,,casino online,2026-07-07 12:33:41,Sitelinks,300,28000,31000,2020-11-19,"Informational,Navigational,Commercial,Transactional,Branded,Non-local",English,"63, 139, 255, 257, 208, 312, 256, 163, 241, 253, 108, 197, 141, 174, 211, 145, 152, 159, 171, 147, 136, 130, 117, 109","91, 93, 109, 120, 108, 118, 130, 108, 98, 92, 81, 74",Gambling
362,superbet intra in cont,ro,63,150,1.90,,superbet login,2026-07-07 05:10:57,Video preview,200,11000,11000,2018-12-29,"Informational,Navigational,Branded,Non-local",Romanian,"442, 358, 664, 124, 84, 155, 100, 47, 65, 99, 174, 161, 144, 121, 170, 110, 123, 101, 107, 101, 160, 127, 203, 189","172, 149, 199, 139, 152, 129, 136, 129, 188, 156, 231, 217",Sports betting
363,numar superbet,ro,62,150,1.20,,superbet contact,2026-07-01 11:55:09,,150,8000,8000,2019-08-21,"Informational,Branded,Local",Romanian,"83, 102, 126, 139, 121, 136, 145, 121, 127, 117, 108, 107, 106, 126, 136, 154, 136, 151, 160, 136, 142, 132, 123, 122","121, 141, 151, 169, 151, 166, 175, 151, 157, 147, 138, 137",Sports betting; Business
364,număr de telefon superbet,ro,59,150,0.70,,superbet contact,2026-06-25 21:52:45,Local pack,150,8000,8000,2020-10-27,"Informational,Branded,Local",Romanian,"70, 44, 53, 57, 55, 59, 84, 60, 77, 59, 75, 32, 62, 107, 114, 155, 142, 141, 146, 154, 116, 76, 121, 145",,Sports betting; Business
365,superbet casino live,ro,,150,0.70,,,,,250,,,2020-09-29,,,"125, 124, 238, 155, 188, 192, 174, 88, 142, 84, 89, 130, 183, 218, 117, 110, 85, 99, 171, 139, 139, 144, 95, 144","143, 141, 148, 139, 141, 152, 158, 142, 149, 157, 152, 153",
366,cine detine superbet,ro,,150,,,,,,150,,,2018-08-05,,,"51, 56, 57, 56, 63, 75, 69, 105, 302, 122, 102, 104, 251, 100, 231, 150, 79, 83, 95, 97, 114, 109, 98, 93",,
367,superbet cod bonus inregistrare,ro,,150,2.50,,,,,150,,,2021-05-31,,,"21, 20, 28, 12, 53, 62, 83, 53, 86, 68, 71, 55, 77, 89, 114, 152, 173, 158, 139, 152, 123, 99, 107, 145",,
368,cod bonus inregistrare superbet,ro,,150,3.50,,,,,150,,,2021-07-08,,,"20, 8, 4, 18, 39, 59, 56, 57, 54, 46, 51, 56, 72, 109, 134, 166, 164, 161, 145, 121, 102, 90, 108, 126",,
369,superbet braila,ro,26,150,1.00,0.98,superbet,2026-06-29 08:41:47,"Local pack,Sitelinks",150,1580000,1630000,2015-09-21,"Informational,Commercial,Branded,Local",Romanian,"103, 63, 91, 159, 76, 129, 133, 108, 128, 137, 98, 60, 96, 111, 117, 64, 78, 190, 208, 197, 159, 185, 117, 137",,Sports betting; Business
370,superbet rezultate fotbal live,ro,60,150,0.50,,rezultate live,2026-06-17 20:20:30,,200,17000,21000,2015-09-29,"Informational,Branded,Non-local",Romanian,"180, 264, 254, 207, 224, 178, 168, 327, 261, 219, 192, 62, 211, 170, 113, 229, 161, 144, 175, 224, 194, 213, 56, 100",,Sports betting; Statistics
371,superbet app download,ro,67,150,1.90,,superbet download,2026-07-02 21:46:38,,3000,1400,1500,2019-05-09,"Transactional,Branded,Non-local",English,"98, 104, 841, 98, 105, 232, 878, 90, 190, 155, 104, 79, 332, 423, 152, 112, 72, 111, 123, 128, 124, 127, 103, 111",,Sports betting; Add-ons
372,superbet contact non stop,ro,,150,,,,,,150,,,2025-12-11,,,"0, 0, 0, 0, 0, 0, 0, 0, 0, 0, 0, 0, 0, 0, 0, 0, 0, 78, 148, 312, 288, 254, 329, 366",,
373,superbet support,ro,42,150,,,superbet contact,2026-06-16 00:06:43,Video preview,350,7900,7900,2020-01-11,"Informational,Navigational,Branded,Non-local",English,"75, 100, 85, 135, 150, 144, 125, 133, 147, 118, 141, 80, 102, 131, 214, 207, 106, 186, 141, 240, 189, 133, 125, 188",150,Sports betting
374,superbet mobile,ro,69,150,1.80,1.05,superbet,2026-06-17 00:24:53,,6500,1550000,1620000,2016-03-17,"Informational,Commercial,Transactional,Branded,Non-local",English,"12, 24, 13, 15, 28, 25, 29, 10, 7, 14, 15, 7, 105, 153, 142, 157, 180, 142, 169, 125, 124, 131, 176, 136",,Sports betting; Add-ons
375,program agentii superbet,ro,61,150,0.40,1.26,program superbet,2026-06-23 03:24:52,,150,4100,4100,2016-01-02,"Informational,Branded,Local",Romanian,"32, 51, 29, 38, 62, 344, 163, 23, 50, 194, 53, 26, 46, 63, 60, 71, 152, 356, 247, 114, 80, 333, 78, 127",,Sports betting; Business
376,casino online superbet,ro,56,150,0.70,,superbet casino,2026-06-27 02:44:42,Sitelinks,250,18000,62000,2019-03-25,"Navigational,Commercial,Transactional,Branded,Non-local",Romanian,"145, 114, 273, 146, 176, 177, 163, 105, 144, 97, 119, 123, 246, 226, 58, 112, 202, 135, 156, 147, 124, 126, 118, 111","107, 101, 107, 98, 99, 115, 123, 110, 90, 91, 85, 79",Gambling
377,aplicație superbet,ro,66,150,0.90,,superbet download,2026-06-04 10:16:15,Sitelinks,200,4700,5000,2019-04-15,"Informational,Commercial,Transactional,Branded,Non-local",Romanian,"82, 79, 833, 150, 137, 239, 896, 52, 68, 83, 73, 86, 137, 143, 136, 119, 75, 206, 195, 157, 132, 162, 156, 150",,Sports betting; Add-ons
378,superbet constanta,ro,41,150,0.50,0.77,superbet agentii,2026-06-01 20:43:20,"Local pack,Sitelinks",150,2000,2000,2015-09-16,"Informational,Branded,Local",Romanian,"177, 172, 140, 146, 151, 188, 175, 138, 208, 150, 124, 93, 152, 184, 121, 112, 114, 151, 142, 130, 143, 124, 125, 122","142, 157, 134, 134, 123, 134, 141, 130, 142, 123, 125, 122",Sports betting; Business
379,oferte fotbal superbet,ro,,150,1.40,,,,,150,,,2020-02-12,"Informational,Navigational,Commercial,Branded,Non-local",Romanian,"84, 0, 0, 84, 140, 175, 156, 145, 159, 48, 0, 0, 0, 49, 144, 232, 180, 238, 127, 118, 157, 126, 124, 27",,Sports betting; Soccer
380,superbet cont nou,ro,58,150,6.00,,superbet casino,2026-06-10 23:24:11,Video preview,200,7900,8300,2018-11-11,"Informational,Commercial,Transactional,Branded,Non-local",Romanian,"117, 92, 140, 134, 119, 94, 133, 75, 96, 93, 91, 62, 84, 123, 131, 141, 111, 192, 241, 208, 123, 147, 138, 179",,Sports betting
381,fire blaze red wizard superbet,ro,,150,,,,,,150,,,2025-09-20,,,"0, 0, 0, 0, 0, 0, 0, 0, 0, 0, 0, 0, 0, 0, 1411, 43, 49, 6, 12, 2, 0, 0, 0, 1",,
382,superbet telefon,ro,61,150,1.20,,superbet contact,2026-06-27 21:11:29,Local pack,200,8000,8000,2016-04-24,"Informational,Branded,Local",Romanian,"107, 103, 134, 143, 124, 127, 119, 124, 113, 85, 81, 40, 77, 133, 169, 174, 126, 123, 125, 137, 125, 90, 91, 113",,Sports betting; Business
383,superbet loto rezultate,ro,62,150,0.60,,superbet loto,2026-07-01 09:08:10,,150,13000,13000,2015-09-17,"Informational,Branded,Non-local",Romanian,"541, 231, 154, 126, 295, 293, 303, 346, 243, 128, 129, 125, 113, 109, 109, 123, 129, 118, 184, 177, 157, 141, 162, 154","165, 149, 123, 121, 128, 117, 183, 176, 157, 141, 162, 154",Lottery
384,superbet casino jocuri & slots,ro,,150,0.60,,,,,200,,,2024-10-08,,,"0, 0, 0, 26, 36, 60, 20, 21, 13, 28, 27, 30, 58, 73, 62, 93, 95, 148, 139, 164, 344, 277, 250, 268",,
385,bonus bingo superbet,ro,59,150,4.50,,superbet bingo,2026-06-27 19:53:50,Video preview,150,500,500,2022-07-20,"Informational,Commercial,Transactional,Branded,Non-local",Romanian,"182, 236, 275, 232, 160, 181, 218, 163, 182, 152, 155, 123, 448, 465, 259, 73, 50, 34, 29, 30, 43, 28, 22, 30",,Lottery; Promotional giveaways
386,agentii superbet in apropiere,ro,,150,0.60,,,,,150,,,2016-09-09,,,"50, 119, 86, 87, 63, 79, 32, 96, 132, 137, 79, 65, 123, 158, 90, 103, 95, 137, 167, 171, 133, 202, 183, 176",,
387,oferta fotbal superbet azi,ro,24,150,0.50,,superbet oferta,2026-06-04 08:35:56,Sitelinks,200,49000,51000,2016-04-28,"Informational,Commercial,Transactional,Branded,Non-local",Romanian,"80, 143, 351, 303, 540, 402, 500, 344, 274, 112, 54, 42, 71, 29, 71, 160, 162, 277, 375, 231, 193, 81, 117, 102",,Sports betting; Soccer
388,pacanele gratis superbet,ro,54,150,0.35,,pacanele gratis,2026-06-06 04:29:59,,200,18000,19000,2018-11-19,"Informational,Commercial,Branded,Non-local",Romanian,"263, 324, 485, 194, 222, 494, 494, 321, 326, 216, 320, 205, 176, 119, 171, 145, 146, 109, 151, 156, 143, 127, 160, 138","123, 118, 145, 123, 129, 150, 150, 156, 143, 127, 159, 138",Lottery
389,superbet românia,ro,,150,0.45,,,,,200,,,2022-09-12,,,"39, 33, 69, 30, 28, 51, 21, 38, 38, 67, 47, 25, 63, 106, 102, 95, 60, 123, 147, 352, 180, 180, 135, 105",,
390,oferta superbet de azi,ro,46,150,0.45,,superbet.ro,2026-06-25 10:14:45,Sitelinks,150,66000,75000,2015-12-13,"Informational,Commercial,Branded,Non-local",Romanian,"41, 51, 18, 24, 58, 90, 122, 27, 41, 55, 123, 158, 142, 448, 297, 186, 101, 153, 111, 125, 45, 30, 25, 23",,Sports betting
391,superbet autentificare,ro,47,150,1.00,,super bet,2026-07-06 07:17:40,"Sitelinks,Video preview",200,66000,138000,2020-12-12,"Navigational,Transactional,Branded,Non-local",Romanian,"107, 37, 76, 237, 227, 202, 145, 127, 155, 35, 3, 14, 25, 163, 96, 136, 82, 222, 120, 203, 246, 252, 162, 223",,Sports betting
392,superbet nr de telefon,ro,56,150,1.00,,superbet contact,2026-06-16 02:58:50,Local pack,200,7900,7900,2020-01-12,"Informational,Branded,Local",Romanian,"170, 109, 143, 223, 226, 213, 209, 221, 276, 187, 177, 100, 167, 191, 280, 242, 221, 226, 119, 162, 106, 84, 84, 83",,Sports betting; Business
393,bilet superbet azi,ro,60,150,0.70,,superbet.ro,2026-06-27 08:50:14,,150,66000,75000,2017-03-14,"Commercial,Transactional,Branded,Non-local",Romanian,"207, 262, 580, 594, 476, 210, 167, 204, 323, 110, 51, 39, 53, 45, 62, 83, 96, 82, 148, 161, 126, 343, 343, 182","166, 179, 253, 245, 234, 155, 184, 226, 208, 192, 214, 194, 177",Sports betting
394,descarca oferta superbet pdf,ro,45,150,1.00,,oferta de azi la superbet,2026-06-02 08:09:58,Sitelinks,150,1700,1700,2021-01-11,"Informational,Transactional,Branded,Non-local",Romanian,"180, 212, 271, 303, 251, 180, 235, 143, 197, 136, 147, 89, 127, 107, 78, 147, 237, 255, 278, 165, 113, 110, 99, 89",,Sports betting; Templates
395,agentie superbet,ro,56,150,0.70,,superbet agentii,2026-06-12 06:08:01,Local pack,150,2100,2100,2015-09-24,"Informational,Branded,Local",Romanian,"119, 112, 93, 111, 105, 116, 114, 113, 129, 111, 78, 59, 86, 119, 119, 101, 90, 145, 154, 162, 170, 150, 144, 136","132, 161, 157, 174, 161, 156, 166, 174, 182, 162, 156, 149",Sports betting; Business
396,superbet napoleon games,ro,,150,1.20,,,,,250,,,2021-08-17,,,"1, 0, 0, 1, 0, 0, 1, 0, 0, 1, 0, 0, 4, 2, 6, 965, 135, 141, 142, 157, 36, 29, 13, 24",,
397,verificat bilet superbet,ro,52,150,1.40,,verificare bilet superbet,2026-06-03 09:07:06,"Sitelinks,Video preview",200,69000,70000,2016-11-28,"Informational,Navigational,Branded,Non-local",Romanian,"141, 163, 150, 124, 163, 171, 203, 140, 150, 64, 72, 88, 149, 147, 170, 125, 74, 94, 211, 185, 161, 121, 141, 132",,Sports betting
398,superbet email,ro,52,150,1.20,,superbet contact,2026-07-07 03:10:27,,300,8200,8300,2017-04-15,"Informational,Branded,Non-local",English,"93, 76, 91, 102, 106, 125, 158, 160, 143, 100, 129, 75, 78, 126, 217, 163, 133, 169, 194, 165, 159, 103, 145, 147",,Sports betting; Email
399,superbet oferta tenis,ro,,150,0.70,,,,,150,,,2020-02-08,,,"59, 87, 58, 68, 0, 0, 0, 0, 0, 0, 0, 0, 160, 275, 160, 135, 71, 20, 180, 120, 101, 89, 176, 143",,
400,superbet bonus aniversar,ro,56,150,1.80,,bonus aniversar casino,2026-07-03 06:40:22,,200,1700,1700,2018-07-01,"Informational,Commercial,Branded,Non-local",Romanian,"83, 83, 90, 86, 85, 69, 96, 52, 63, 58, 67, 39, 135, 162, 171, 147, 104, 257, 233, 130, 113, 177, 192, 166",,Sports betting
401,baschet superbet,ro,,150,,,,,,150,,,2016-11-08,,,"0, 0, 0, 0, 0, 0, 0, 0, 78, 127, 164, 145, 110, 96, 164, 134, 103, 183, 175, 153, 101, 113, 102, 104",,
402,superbet loto grecia,ro,58,150,0.45,,superbet loto,2026-06-30 12:14:53,,350,13000,13000,2015-11-02,"Informational,Branded,Non-local",Romanian,"407, 250, 229, 235, 153, 170, 177, 129, 144, 105, 129, 120, 23, 39, 61, 97, 113, 69, 93, 133, 359, 200, 206, 224",,Lottery; Sports betting
403,superbet games apk,ro,71,150,2.00,,superbet,2026-06-28 07:32:56,Sitelinks,200,7000,7000,2019-09-27,"Informational,Transactional,Branded,Non-local",English,"72, 58, 799, 42, 48, 172, 839, 45, 48, 52, 63, 47, 280, 442, 70, 70, 61, 124, 122, 122, 60, 99, 77, 80",,Sports betting; Add-ons
404,superbet loto polonia multi,ro,56,150,,,superbet loto,2026-06-30 07:20:55,,150,13000,13000,2016-01-10,"Informational,Branded,Non-local",Romanian,"314, 112, 115, 119, 99, 101, 94, 76, 94, 91, 107, 96, 119, 118, 134, 143, 108, 117, 199, 187, 108, 91, 113, 135",,Lottery
405,nr de telefon superbet,ro,59,100,0.80,,superbet contact,2026-06-18 21:53:29,Local pack,150,7900,7900,2020-03-21,"Informational,Branded,Local",Romanian,"78, 99, 100, 97, 97, 93, 85, 107, 119, 81, 58, 36, 64, 81, 113, 146, 98, 146, 146, 159, 127, 73, 71, 94",,Sports betting; Business; Customer
406,rezultate superbet cehia keno,ro,,100,,,,,,100,,,2025-11-10,,,"0, 0, 0, 0, 0, 0, 0, 0, 0, 0, 0, 0, 0, 0, 0, 0, 36, 71, 234, 217, 208, 220, 111, 119",,
407,program superbet de paste,ro,56,100,,1.07,program superbet,2026-06-21 09:03:35,,100,4100,4100,2016-04-30,"Informational,Branded,Local",Romanian,"0, 0, 0, 0, 0, 0, 0, 0, 0, 612, 3, 1, 13, 19, 10, 16, 45, 83, 55, 38, 28, 794, 61, 165",,Sports betting; Business
408,bonus ziua ta superbet,ro,57,100,1.50,,bonus aniversar casino,2026-06-14 20:28:36,People also ask,150,1500,1600,2018-05-02,"Informational,Commercial,Branded,Non-local",Romanian,"99, 109, 95, 99, 94, 91, 108, 93, 91, 86, 84, 112, 99, 109, 95, 99, 93, 91, 108, 93, 91, 86, 84, 112","99, 108, 95, 99, 93, 91, 108, 93, 91, 86, 84, 112",Sports betting
409,oferta meciuri superbet,ro,,100,,,,,,100,,,2016-01-23,,,"0, 0, 0, 0, 0, 0, 0, 0, 0, 0, 0, 0, 30, 81, 89, 116, 128, 162, 151, 146, 141, 66, 69, 64",,
410,pariuri online superbet,ro,43,100,2.50,,superbet,2026-06-27 04:21:15,Sitelinks,150,1580000,1630000,2015-10-22,"Navigational,Commercial,Transactional,Branded,Non-local",Romanian,"29, 33, 30, 31, 32, 31, 54, 60, 56, 39, 60, 45, 93, 92, 114, 95, 128, 139, 159, 129, 81, 76, 98, 74",,Sports betting
411,jocuri 777 gratis superbet,ro,,100,,,,,,100,,,2025-01-23,,,"0, 0, 0, 0, 0, 0, 8, 18, 27, 32, 36, 35, 10, 7, 2, 13, 43, 155, 693, 131, 65, 42, 0, 6",,
412,777 rotiri superbet,ro,53,100,4.50,,777 rotiri superbet,2026-06-05 05:12:29,Sitelinks,150,80,100,2021-10-20,"Informational,Commercial,Branded,Non-local",Romanian,"101, 39, 879, 80, 60, 151, 900, 86, 98, 90, 147, 118, 127, 87, 78, 92, 80, 102, 176, 94, 93, 71, 58, 59",,Gambling
413,pariuri superbet azi,ro,,100,0.60,,,,,100,,,2020-01-13,,,"0, 0, 0, 0, 13, 80, 62, 65, 79, 2, 1, 0, 0, 47, 133, 137, 83, 44, 101, 120, 240, 81, 69, 131",,
414,superbet cod bonus fara depunere,ro,,100,,,,,,150,,,2023-12-03,,,"10, 10, 0, 8, 36, 44, 38, 44, 48, 36, 41, 36, 64, 69, 103, 117, 184, 136, 119, 82, 94, 99, 88, 114",,
415,superbet game,ro,66,100,0.90,,pacanele gratis,2026-06-17 11:44:53,,450,9200,10000,2019-10-13,"Informational,Navigational,Transactional,Branded,Non-local",English,"153, 183, 113, 118, 68, 91, 112, 55, 46, 81, 64, 66, 84, 80, 64, 151, 87, 114, 221, 233, 110, 89, 69, 84",,Lottery
416,oferte pariuri superbet,ro,54,100,0.40,,super bet,2026-06-16 15:25:19,Sitelinks,150,88000,90000,2016-10-01,"Informational,Navigational,Commercial,Transactional,Branded,Non-local",Romanian,"35, 36, 38, 28, 24, 42, 38, 32, 51, 73, 30, 30, 43, 83, 194, 152, 70, 165, 157, 141, 72, 207, 95, 97",,Sports betting; Sports
417,superbet baschet,ro,,100,1.00,,,,,150,,,2016-02-08,,,"70, 72, 57, 132, 159, 119, 133, 106, 89, 77, 164, 140, 124, 71, 77, 114, 129, 88, 96, 55, 145, 95, 129, 159",,
418,superbet slatina,ro,30,100,0.45,0.51,superbet,2026-06-26 14:08:37,"Local pack,Sitelinks",150,1580000,1630000,2015-09-15,"Informational,Navigational,Branded,Local",,"85, 54, 62, 61, 96, 139, 94, 89, 111, 155, 95, 51, 53, 116, 113, 100, 51, 177, 105, 151, 156, 117, 81, 106",,Sports betting; Business
419,old superbet,ro,66,100,1.30,,superbet,2026-06-29 11:16:44,Sitelinks,200,1580000,1630000,2019-11-23,"Informational,Navigational,Commercial,Transactional,Branded,Non-local",English,"241, 158, 215, 173, 142, 164, 131, 144, 142, 151, 98, 65, 110, 104, 69, 91, 67, 120, 97, 108, 105, 125, 51, 117",,Sports betting; Sports
420,oferta superbet joi,ro,31,100,0.50,,superbet.ro,2026-06-30 06:29:36,"Sitelinks,AI Overview",150,66000,75000,2015-11-26,"Informational,Commercial,Branded,Non-local",Romanian,"330, 442, 548, 260, 262, 270, 296, 145, 157, 112, 74, 66, 239, 147, 146, 117, 95, 82, 119, 100, 107, 54, 26, 50",,Sports betting
421,superbet club football,ro,,100,,,,,,100,,,2025-11-24,,,"0, 0, 0, 0, 0, 0, 0, 0, 0, 0, 0, 0, 0, 0, 0, 0, 4, 54, 76, 133, 173, 314, 225, 313",,
422,superbet bilet online,ro,38,100,0.90,,super bet,2026-07-05 19:34:14,"Sitelinks,Video preview",150,66000,139000,2016-09-03,"Navigational,Transactional,Branded,Non-local",Romanian,"37, 33, 15, 39, 13, 13, 29, 20, 34, 33, 43, 9, 54, 80, 120, 105, 77, 97, 102, 199, 186, 127, 105, 110",,Sports betting
423,superbet login mobile login,ro,,100,1.40,,,,,9900,,,2020-09-14,,,"45, 191, 243, 198, 185, 246, 244, 197, 270, 165, 143, 138, 163, 341, 320, 342, 115, 10, 9, 4, 15, 5, 9, 11",,
424,superbet facebook,ro,,100,1.20,,,,,200,,,2015-10-18,,,"7, 1, 7, 29, 143, 42, 98, 101, 15, 10, 22, 9, 16, 47, 65, 56, 59, 215, 218, 149, 119, 168, 78, 153",,
425,chat live superbet,ro,55,100,1.30,,superbet contact,2026-06-17 10:16:13,Video preview,150,7900,7900,2020-06-30,"Informational,Navigational,Branded,Non-local",English,"115, 104, 112, 162, 177, 213, 193, 230, 233, 169, 120, 118, 82, 93, 138, 128, 70, 134, 106, 168, 109, 65, 68, 93",,Sports betting
426,superbet call center,ro,47,100,1.70,,superbet contact,2026-06-08 09:15:38,,150,7600,7600,2016-09-06,"Informational,Branded,Non-local",English,"61, 49, 66, 100, 104, 68, 83, 88, 83, 50, 63, 25, 51, 66, 139, 121, 80, 117, 99, 119, 101, 87, 70, 103",,Gambling
427,superbet cash,ro,,100,,,,,,100,,,2020-02-09,,,"3, 0, 1, 0, 0, 0, 0, 0, 0, 0, 0, 0, 0, 2, 1, 0, 1, 3, 208, 265, 262, 171, 206, 167",,
428,40 rotiri gratuite superbet,ro,12,100,3.00,,40 rotiri gratuite superbet,2026-07-04 17:58:26,,150,30,30,2020-09-17,"Informational,Commercial,Transactional,Branded,Non-local",Romanian,"105, 122, 110, 159, 172, 160, 181, 169, 102, 61, 60, 70, 114, 106, 110, 102, 61, 121, 114, 96, 91, 85, 105, 79",,Sports betting
429,aparate superbet,ro,24,100,0.50,,superbet casino,2026-06-21 09:59:49,Sitelinks,150,18000,20000,2017-07-01,"Informational,Navigational,Transactional,Branded,Non-local",Romanian,"75, 96, 163, 95, 79, 194, 230, 74, 69, 83, 54, 33, 74, 66, 135, 80, 35, 51, 100, 108, 173, 180, 175, 157",,Lottery
430,program superbet agentii,ro,,100,0.45,,,,,150,,,2017-03-12,,,"37, 83, 35, 72, 89, 521, 381, 64, 109, 473, 162, 74, 45, 81, 70, 58, 162, 319, 180, 38, 34, 168, 75, 72",,
431,ofertă pariuri superbet,ro,,100,,,,,,100,,,2025-03-01,,,"0, 0, 0, 0, 0, 0, 0, 0, 160, 88, 0, 0, 0, 0, 0, 0, 0, 0, 0, 281, 295, 305, 227, 214",,
432,superbet login online,ro,,100,,,,,,450,,,2021-01-07,,,"34, 8, 23, 13, 7, 3, 6, 6, 33, 95, 131, 102, 116, 132, 17, 9, 3, 15, 44, 19, 130, 235, 244, 184",,
433,superbet bacau,ro,0,100,0.50,0.81,superbet,2026-06-04 05:29:17,"Local pack,Sitelinks",100,1610000,1760000,2015-10-18,"Branded,Local",Romanian,"136, 207, 320, 208, 134, 113, 130, 123, 110, 132, 72, 70, 74, 90, 109, 110, 107, 112, 89, 93, 140, 109, 100, 82","74, 85, 90, 114, 83, 87, 76, 80, 119, 92, 85, 70",Sports betting; Business
434,superbet cod verificare,ro,60,100,0.35,,verificare bilet superbet,2026-07-06 20:07:48,"Sitelinks,Video preview",150,69000,70000,2016-09-29,"Informational,Navigational,Branded,Non-local",Romanian,"194, 148, 228, 213, 4, 15, 31, 23, 20, 28, 7, 3, 12, 18, 19, 27, 25, 131, 301, 188, 96, 110, 206, 183",,Sports betting
435,superbet contact telefon email,ro,,100,0.90,,,,,100,,,2024-09-21,,,"0, 0, 7, 21, 21, 21, 23, 18, 27, 33, 24, 18, 32, 21, 38, 75, 51, 69, 123, 370, 217, 170, 121, 121",,
436,superbet ro pariuri sportive,ro,50,100,0.80,,super bet,2026-06-16 14:48:58,,150,88000,90000,2015-10-10,"Navigational,Transactional,Branded,Non-local",Romanian,"28, 32, 34, 30, 33, 31, 36, 33, 58, 86, 103, 112, 185, 162, 130, 114, 112, 113, 59, 85, 94, 81, 92, 67",,Sports betting; Sports
437,descarcare superbet,ro,68,100,1.80,,superbet aplicatie,2026-06-07 04:02:04,"Sitelinks,Video preview",150,4300,4400,2020-01-10,"Commercial,Transactional,Branded,Non-local",Romanian,"103, 112, 824, 85, 86, 204, 892, 120, 119, 133, 123, 63, 98, 75, 71, 119, 78, 108, 160, 121, 110, 124, 75, 84",,Sports betting
438,verificare bilet superbet verificare bilet,ro,,100,0.30,,,,,150,,,2021-05-31,,,"155, 164, 195, 204, 251, 428, 443, 86, 67, 40, 39, 106, 107, 297, 361, 107, 55, 89, 93, 44, 47, 41, 49, 49","58, 81, 92, 88, 65, 67, 74, 25, 28, 22, 30, 30",
439,echipa suport superbet,ro,48,100,,,superbet contact,2026-06-05 06:09:14,,150,7700,7700,2016-04-14,"Informational,Branded,Non-local",Romanian,"53, 78, 56, 100, 80, 82, 63, 93, 83, 100, 71, 35, 78, 81, 140, 140, 115, 136, 115, 161, 141, 88, 62, 83",,Gambling
440,lista agentii superbet,ro,,100,,,,,,100,,,2018-08-23,,,"59, 93, 69, 59, 80, 106, 77, 74, 22, 87, 69, 45, 121, 136, 112, 84, 106, 125, 113, 71, 89, 99, 49, 58",,
441,superbet bilete,ro,35,100,1.00,,verificare bilet superbet,2026-07-02 10:58:59,Video preview,150,70000,70000,2016-02-03,"Informational,Transactional,Branded,Non-local",Romanian,"50, 95, 223, 254, 154, 258, 137, 118, 102, 55, 55, 23, 71, 73, 71, 63, 55, 75, 113, 125, 141, 83, 123, 225",,Sports betting
442,superbet cluj,ro,42,100,0.70,0.95,club superbet,2026-06-17 03:35:59,Local pack,150,68000,69000,2015-09-09,"Informational,Branded,Local",Romanian,"137, 132, 136, 141, 113, 115, 116, 138, 242, 134, 115, 71, 96, 143, 99, 114, 113, 145, 111, 127, 131, 111, 120, 114","122, 133, 131, 155, 133, 117, 112, 128, 132, 112, 121, 115",Sports betting; Business
443,1000 rotiri superbet,ro,,100,,,,,,100,,,2024-09-15,,,"0, 0, 229, 402, 537, 430, 409, 137, 131, 43, 20, 12, 6, 0, 85, 107, 105, 282, 257, 66, 107, 149, 142, 115",,
444,pariuri sportive superbet azi,ro,,100,,,,,,100,,,2025-06-29,,,"0, 0, 0, 0, 0, 0, 0, 0, 0, 0, 0, 3, 12, 30, 14, 100, 115, 130, 72, 159, 180, 179, 162, 92",,
445,aparate demo superbet,ro,,100,0.35,,,,,100,,,2022-06-16,,,"47, 61, 92, 61, 39, 60, 95, 73, 59, 56, 22, 6, 16, 18, 20, 52, 37, 26, 129, 199, 201, 285, 87, 211",,
446,oferta superbet astazi,ro,,100,1.40,,,,,100,,,2017-02-20,"Informational,Commercial,Branded,Non-local",Romanian,"0, 0, 0, 0, 0, 0, 0, 0, 0, 0, 0, 0, 0, 5, 6, 81, 217, 327, 399, 107, 23, 13, 2, 2",,Sports betting; Sports
447,verific bilet superbet,ro,60,100,3.50,,verificare bilet superbet,2026-06-25 23:35:46,"Sitelinks,Video preview",100,69000,70000,2015-11-09,"Informational,Navigational,Branded,Non-local",Romanian,"53, 69, 66, 77, 104, 76, 68, 61, 51, 51, 49, 65, 84, 126, 151, 122, 155, 121, 76, 77, 93, 58, 55, 118","155, 86, 87, 127, 161, 126, 80, 80, 97, 61, 58, 122",Sports betting
448,superbet verificarebilet,ro,,100,,,,,,100,,,2017-05-07,,,"0, 0, 0, 0, 0, 0, 0, 0, 79, 68, 87, 71, 103, 79, 90, 82, 63, 90, 108, 92, 106, 101, 83, 97",,
449,program superbet sarbatori,ro,57,100,,1.16,program superbet,2026-06-12 01:29:25,AI Overview,150,3800,3900,2015-12-25,"Informational,Branded,Non-local",Romanian,"71, 71, 71, 71, 75, 139, 96, 71, 71, 84, 71, 71, 73, 74, 73, 75, 82, 242, 256, 78, 76, 165, 90, 84",,Gambling
450,superbet agentie,ro,56,100,0.60,,superbet agentii,2026-06-04 23:17:31,"Local pack,Sitelinks",150,2000,2000,2016-08-13,"Informational,Branded,Local",Romanian,"76, 100, 78, 100, 104, 101, 100, 119, 123, 86, 90, 45, 53, 95, 115, 91, 61, 107, 146, 149, 176, 137, 101, 136",,Sports betting; Business
451,superbet grecia kino,ro,59,100,0.25,2.23,superbet loto,2026-07-07 12:37:33,,200,14000,14000,2015-09-02,"Informational,Commercial,Branded,Non-local",Romanian,"87, 83, 26, 101, 50, 44, 57, 82, 175, 125, 86, 35, 43, 128, 129, 66, 54, 298, 134, 128, 98, 118, 90, 112",,Lottery
452,telefon superbet,ro,58,100,1.20,,superbet contact,2026-06-25 07:38:07,Local pack,150,8000,8000,2015-12-26,"Informational,Branded,Local",Romanian,"85, 100, 99, 126, 96, 81, 82, 87, 105, 71, 76, 30, 59, 64, 123, 139, 108, 108, 145, 135, 128, 77, 79, 100",,Sports betting; Business
453,mail superbet,ro,,100,1.40,,,,,100,,,2016-11-03,,,"53, 32, 80, 86, 83, 68, 119, 111, 119, 94, 70, 54, 43, 63, 146, 105, 98, 105, 146, 133, 111, 99, 96, 102",,
454,superbet cazinoul meu,ro,59,100,1.20,,casino online,2026-07-03 10:39:05,Sitelinks,150,35000,37000,2022-01-12,"Informational,Navigational,Commercial,Transactional,Branded,Non-local",Romanian,"206, 159, 185, 127, 288, 221, 202, 188, 142, 95, 78, 119, 170, 228, 59, 56, 49, 91, 73, 116, 76, 176, 167, 146",,Gambling
455,super avantaj superbet,ro,10,100,0.80,,oferta de azi la superbet,2026-06-18 21:54:30,People also ask,150,600,600,2021-05-03,"Informational,Commercial,Branded,Non-local",Romanian,"18, 44, 264, 257, 221, 148, 264, 200, 138, 98, 115, 27, 88, 110, 123, 108, 89, 110, 108, 194, 84, 85, 66, 51",,Sports betting; Sports
456,autoexcludere superbet,ro,35,100,1.20,,autoexcludere superbet,2026-06-21 18:00:05,People also ask,150,150,150,2019-05-21,"Informational,Transactional,Branded,Non-local",Romanian,"132, 132, 120, 215, 171, 166, 336, 318, 276, 205, 176, 104, 101, 96, 123, 161, 126, 153, 138, 112, 112, 78, 83, 83",,Sports betting; Compulsive gambling
457,pariu superbet,ro,47,100,1.00,,superbet.ro,2026-06-24 12:50:27,,150,66000,75000,2019-10-05,"Informational,Navigational,Commercial,Transactional,Branded,Non-local",Romanian,"264, 212, 234, 245, 152, 189, 153, 190, 250, 96, 97, 40, 173, 146, 131, 161, 128, 99, 88, 117, 80, 169, 103, 77",,Sports betting; Sports
458,rotiri fara depunere superbet,ro,56,100,4.00,,superbet casino,2026-06-04 15:43:56,,150,7700,8100,2021-11-06,"Informational,Commercial,Transactional,Branded,Non-local",Romanian,"92, 85, 87, 99, 139, 89, 113, 60, 75, 57, 45, 41, 72, 68, 91, 126, 105, 183, 157, 158, 154, 133, 115, 119",,Sports betting
459,bonus superbet casino,ro,63,100,7.00,,club superbet,2026-06-22 07:14:35,,150,13000,14000,2020-01-10,"Informational,Commercial,Branded,Non-local",English,"9, 13, 17, 20, 36, 28, 34, 21, 6, 19, 11, 9, 59, 62, 93, 78, 112, 167, 188, 119, 108, 91, 55, 77",,Gambling
460,superbet arena giulești,ro,1,100,0.80,,stadion giulesti,2026-07-07 17:17:44,"Knowledge panel,Image pack",100,1000,1000,2023-08-28,"Informational,Branded,Non-local",Romanian,"336, 394, 258, 122, 169, 124, 84, 137, 89, 44, 27, 20, 12, 361, 89, 351, 225, 20, 30, 25, 39, 21, 11, 16",,Geographic reference; Soccer
461,superbet eforie nord,ro,51,100,0.60,,superbet eforie nord,2026-07-03 12:53:51,Knowledge panel,150,20,20,2015-11-28,"Informational,Navigational,Branded,Local",Romanian,"388, 595, 115, 73, 52, 31, 48, 31, 10, 19, 20, 137, 488, 597, 89, 10, 21, 11, 49, 32, 10, 20, 20, 138","491, 595, 89, 10, 22, 12, 49, 32, 10, 20, 20, 139",Sports betting; Business; Travel
462,cod bonus superbet rotiri gratuite,ro,63,100,4.00,,rotiri gratuite,2026-06-17 20:43:51,Sitelinks,150,7800,8100,2022-01-16,"Informational,Commercial,Transactional,Branded,Non-local",Romanian,"175, 118, 221, 219, 284, 188, 225, 184, 150, 78, 101, 48, 69, 91, 143, 196, 149, 115, 157, 131, 106, 88, 124, 106","137, 123, 160, 167, 146, 116, 158, 132, 107, 88, 124, 106",Lottery
463,superbet ploiesti,ro,36,100,0.60,,superbet,2026-06-18 15:39:57,"Local pack,Sitelinks",150,1550000,1660000,2015-09-13,"Informational,Branded,Local",Romanian,"46, 31, 27, 69, 56, 54, 50, 49, 30, 85, 65, 27, 89, 104, 118, 96, 65, 130, 103, 126, 116, 123, 101, 100",,Sports betting; Business
464,bilete castigatoare superbet,ro,28,100,0.90,1.08,castiguri superbet,2026-06-05 21:14:27,"Image pack,Video preview",150,80,80,2015-12-03,"Informational,Branded,Non-local",Romanian,"124, 96, 170, 186, 130, 114, 156, 157, 141, 106, 105, 68, 85, 118, 110, 110, 122, 139, 173, 137, 131, 92, 45, 86",,Sports betting
465,nr tel superbet,ro,55,100,0.90,,superbet contact,2026-06-16 18:39:24,Local pack,150,7900,7900,2016-05-16,"Informational,Branded,Local",Romanian,"40, 53, 66, 60, 100, 97, 76, 89, 87, 71, 58, 34, 84, 109, 117, 129, 118, 89, 138, 143, 117, 109, 76, 93",,Sports betting; Business
466,franciza superbet,ro,31,100,0.30,1.48,franciza superbet,2026-06-25 10:09:00,Sitelinks,150,60,60,2015-09-27,"Informational,Commercial,Branded,Non-local",Romanian,"139, 119, 144, 144, 139, 96, 123, 143, 142, 123, 107, 80, 93, 102, 119, 136, 96, 93, 127, 112, 103, 90, 84, 111","105, 101, 112, 111, 103, 95, 127, 112, 103, 90, 84, 111",Business formation; Sports betting
467,loterii superbet,ro,59,100,4.50,,superbet loto,2026-07-02 18:35:24,"Video preview,Knowledge panel",150,14000,14000,2020-01-11,"Informational,Commercial,Branded,Non-local",Romanian,"876, 1114, 594, 201, 141, 247, 225, 250, 466, 288, 269, 212, 191, 139, 136, 148, 134, 92, 90, 43, 47, 61, 96, 63",,Lottery; General reference
468,superbet liga 1,ro,,100,0.30,,,,,150,,,2016-11-04,,,"39, 41, 25, 27, 30, 40, 30, 29, 23, 32, 32, 6, 40, 27, 25, 14, 16, 113, 116, 271, 274, 203, 185, 150",,
469,super drop superbet 2026,ro,,100,,,,,,100,,,2026-01-04,,,"0, 0, 0, 0, 0, 0, 0, 0, 0, 0, 0, 0, 0, 0, 0, 0, 0, 0, 279, 352, 250, 158, 83, 148",,
470,retrageri superbet,ro,45,100,1.30,,superbet retragere,2026-07-08 04:14:17,"Video preview,People also ask",100,100,100,2016-05-02,"Informational,Transactional,Branded,Non-local",Romanian,"60, 50, 59, 70, 68, 105, 76, 68, 61, 48, 59, 47, 43, 49, 108, 47, 39, 160, 161, 146, 139, 74, 86, 77",,Sports betting; General reference
471,superbet bilet virtual,ro,38,100,1.00,,superbet,2026-06-28 05:38:37,"Sitelinks,Video preview",100,1580000,1630000,2015-09-01,"Informational,Navigational,Commercial,Transactional,Branded,Non-local",Romanian,"69, 98, 124, 144, 128, 115, 125, 129, 87, 51, 35, 16, 19, 110, 79, 106, 103, 107, 143, 237, 129, 43, 74, 85",,Sports betting
472,superbet cont nou bonus,ro,60,100,5.00,,superbet casino,2026-06-04 16:08:29,Bottom ads,150,8200,8400,2018-10-01,"Informational,Commercial,Transactional,Branded,Non-local",Romanian,"53, 48, 46, 53, 123, 49, 69, 52, 40, 38, 60, 23, 37, 46, 65, 66, 112, 84, 177, 182, 158, 115, 93, 112",,Sports betting
473,superbet orar,ro,57,100,0.90,,program superbet,2026-06-04 00:36:52,,150,3900,3900,2015-12-14,"Informational,Branded,Local",Romanian,"51, 57, 67, 68, 57, 125, 89, 48, 60, 107, 71, 45, 79, 99, 133, 103, 104, 162, 105, 75, 62, 106, 72, 76",,Sports betting; Business
474,superbet rezultate loto grecia kino,ro,58,100,0.60,,superbet loto,2026-07-04 17:38:20,,150,14000,14000,2016-02-24,"Informational,Branded,Non-local",Romanian,"849, 747, 507, 194, 147, 145, 219, 176, 214, 245, 301, 125, 130, 107, 122, 128, 78, 104, 67, 61, 135, 161, 95, 109",,Lottery
475,cont superbet gratis,ro,54,100,2.00,,cont superbet,2026-06-09 20:37:13,"Video preview,Sitelinks",150,6600,6900,2021-11-13,"Informational,Commercial,Transactional,Branded,Non-local",Romanian,"58, 60, 50, 66, 89, 53, 81, 74, 58, 42, 22, 16, 24, 26, 17, 37, 41, 19, 85, 107, 235, 205, 265, 254",,Sports betting
476,bonus loialitate superbet,ro,,100,,,,,,100,,,2021-01-12,,,"0, 0, 9, 18, 43, 22, 36, 26, 31, 22, 24, 10, 53, 44, 50, 92, 103, 122, 126, 116, 167, 127, 144, 119",,
477,bingo superspin superbet,ro,,100,,,,,,100,,,2023-01-22,,,"0, 0, 14, 6, 7, 38, 79, 96, 226, 194, 180, 190, 236, 197, 194, 244, 92, 7, 2, 3, 0, 0, 0, 1",,
478,superbet relatii clienti,ro,60,100,1.00,,superbet contact,2026-06-22 14:36:16,,150,7900,7900,2016-03-02,"Informational,Branded,Local",Romanian,"70, 74, 99, 146, 110, 91, 73, 61, 82, 85, 90, 50, 77, 111, 151, 167, 97, 169, 124, 90, 77, 45, 38, 59",,Sports betting; Business
479,castiguri superbet,ro,17,100,1.00,,bilete castigatoare superbet,2026-07-07 11:32:23,Video preview,100,100,100,2016-02-11,"Informational,Branded,Non-local",Romanian,"24, 35, 35, 26, 34, 42, 64, 25, 50, 24, 24, 24, 19, 21, 678, 101, 41, 32, 61, 45, 40, 32, 19, 34",,Sports betting; Company news
480,roata superbet,ro,50,100,1.50,,superspin,2026-07-08 15:02:48,Sitelinks,150,1200,1300,2020-04-09,"Informational,Commercial,Transactional,Branded,Non-local",Romanian,"60, 81, 155, 81, 108, 151, 162, 113, 143, 77, 80, 81, 95, 95, 99, 163, 111, 130, 133, 177, 150, 80, 94, 89",,Sports betting
481,bilet castigator superbet,ro,32,100,0.70,0.61,verificare bilet superbet,2026-06-29 07:54:31,Video preview,150,69000,70000,2015-10-31,"Informational,Transactional,Branded,Non-local",Romanian,"111, 95, 71, 112, 69, 60, 80, 91, 81, 66, 71, 50, 31, 58, 76, 108, 114, 165, 159, 175, 139, 98, 126, 115",,Sports betting
482,superbet arena,ro,1,100,1.40,,stadion giulesti,2026-06-28 16:46:51,"Image pack,Knowledge panel",300,1000,1000,2019-11-26,"Informational,Branded,Non-local",Romanian,"168, 93, 97, 62, 35, 42, 29, 38, 63, 58, 84, 66, 77, 107, 54, 110, 127, 137, 167, 151, 165, 149, 87, 76",,Maps; Soccer
483,bonus cod superbet,ro,,100,3.50,,,,,100,,,2022-10-14,,,"0, 0, 0, 0, 34, 46, 40, 33, 45, 42, 40, 33, 64, 82, 103, 100, 155, 118, 116, 71, 79, 93, 77, 79",,
484,superspin casino live superbet,ro,,100,1.10,,,,,100,,,2021-12-24,,,"26, 19, 29, 41, 25, 6, 0, 0, 34, 46, 76, 41, 48, 59, 47, 42, 28, 92, 268, 275, 252, 61, 74, 87",,
485,pareri superbet,ro,39,100,3.00,,pareri superbet,2026-06-24 04:41:45,Sitelinks,150,80,80,2016-01-09,"Informational,Commercial,Branded,Non-local",Romanian,"41, 33, 29, 47, 39, 42, 66, 60, 55, 21, 21, 14, 82, 98, 90, 102, 142, 175, 232, 170, 107, 113, 100, 97",,Sports betting; Communities
486,superbet oferte,ro,64,100,0.90,,superbet oferta,2026-06-19 18:46:24,,150,56000,65000,2017-01-17,"Informational,Commercial,Transactional,Branded,Non-local",Romanian,"70, 103, 93, 100, 124, 119, 121, 84, 52, 60, 41, 19, 44, 57, 64, 76, 63, 169, 171, 118, 50, 139, 195, 101",,Sports betting
487,oferta superbet pdf,ro,39,100,3.00,,superbet.ro,2026-06-28 00:35:47,,150,66000,75000,2015-09-23,"Informational,Transactional,Branded,Non-local",Romanian,"160, 141, 185, 189, 251, 250, 174, 159, 233, 258, 246, 137, 213, 216, 218, 200, 114, 63, 81, 70, 76, 42, 32, 46",,Sports betting; Templates
488,promotie superbet,ro,62,100,4.50,1.15,superbet club,2026-07-04 15:28:12,Sitelinks,100,11000,12000,2017-03-30,"Informational,Commercial,Branded,Non-local",Romanian,"30, 13, 17, 10, 17, 37, 20, 16, 13, 20, 24, 8, 29, 32, 52, 108, 97, 178, 184, 118, 117, 84, 83, 101",,Sports betting
489,superbet open now,ro,,100,,,,,,700,,,2024-02-09,,,"71, 61, 75, 90, 92, 81, 64, 69, 24, 43, 92, 43, 47, 106, 79, 70, 75, 132, 180, 80, 170, 189, 124, 135",,
490,contul meu superbet,ro,21,100,0.90,,cont superbet,2026-07-03 13:38:59,Video preview,100,500,500,2020-03-17,"Informational,Navigational,Branded,Non-local",Romanian,"75, 53, 30, 35, 39, 53, 23, 98, 71, 42, 39, 58, 92, 155, 67, 61, 27, 196, 112, 86, 148, 55, 93, 70",,Sports betting
491,pariu sansa progresiv superbet,ro,57,90,0.80,,pariu sansa superbet,2026-06-26 06:56:43,People also ask,100,1000,1000,2024-01-17,"Informational,Commercial,Branded,Non-local",Romanian,"84, 110, 173, 207, 121, 113, 127, 125, 113, 94, 67, 17, 68, 79, 68, 91, 91, 115, 145, 123, 100, 63, 55, 52",,Sports betting
492,actualizare superbet,ro,68,90,0.90,,superbet aplicatie,2026-06-10 12:29:27,,100,4300,4400,2018-02-03,"Informational,Commercial,Branded,Non-local",Romanian,"116, 110, 112, 94, 74, 130, 149, 107, 119, 140, 112, 44, 113, 156, 184, 68, 33, 70, 62, 48, 59, 59, 62, 93",,Sports betting
493,retragere superbet card,ro,24,90,1.10,,card superbet,2026-06-26 15:58:58,"Featured snippet,Video preview",100,500,500,2018-11-19,"Informational,Transactional,Branded,Non-local",Romanian,"77, 71, 57, 90, 85, 80, 59, 62, 73, 44, 50, 48, 39, 73, 54, 46, 63, 214, 174, 131, 90, 65, 77, 52",66,Checking; Sports betting; General reference
494,superbet owner,ro,,90,,,,,,200,,,2020-01-31,,,"44, 27, 36, 43, 53, 46, 47, 84, 163, 83, 41, 39, 227, 61, 149, 102, 52, 49, 63, 54, 64, 58, 61, 60",,
495,retragere superbet,ro,32,90,1.00,1.24,retragere superbet,2026-06-06 20:53:38,"Video preview,AI Overview,Thumbnail",100,100,100,2016-02-29,"Informational,Branded,Non-local",Romanian,"134, 112, 96, 115, 137, 132, 126, 124, 105, 99, 100, 82, 77, 73, 72, 92, 110, 109, 101, 101, 81, 77, 77, 61","55, 53, 51, 72, 90, 90, 82, 83, 63, 59, 60, 44",Gambling
496,asistenta superbet,ro,,90,1.50,,,,,90,,,2020-06-04,,,"46, 47, 60, 79, 63, 89, 107, 87, 58, 45, 40, 32, 23, 48, 74, 84, 54, 75, 86, 96, 53, 109, 148, 192",,
497,impozit superbet,ro,0,90,1.20,,impozit superbet,2026-06-12 19:59:30,,100,60,60,2015-10-18,"Informational,Branded,Non-local",Romanian,"69, 121, 136, 151, 126, 127, 131, 122, 92, 96, 66, 36, 55, 81, 86, 80, 86, 85, 118, 143, 76, 99, 41, 76",,Planning; Sports betting
498,40 burning demo superbet,ro,,90,,,,,,100,,,2024-05-15,,,"38, 26, 29, 46, 91, 222, 170, 120, 152, 141, 101, 67, 121, 82, 69, 124, 152, 139, 157, 12, 18, 53, 107, 9",,
499,verificare bilet superbet dupa cod,ro,57,90,3.50,,verificare bilet superbet,2026-06-20 10:34:22,"Sitelinks,Video preview,AI Overview",100,70000,70000,2015-11-10,"Informational,Navigational,Branded,Non-local",Romanian,"29, 41, 21, 35, 42, 61, 42, 19, 22, 71, 50, 29, 38, 45, 27, 56, 53, 107, 144, 78, 32, 169, 208, 156",,Sports betting
500,bonus aniversar superbet 2025,ro,,90,,,,,,90,,,2025-01-31,,,"0, 0, 0, 0, 0, 0, 1, 47, 67, 47, 40, 27, 67, 96, 105, 192, 191, 219, 89, 42, 28, 11, 2, 4",,
501,handbal superbet,ro,,90,,,,,,90,,,2025-09-06,,,"0, 0, 0, 0, 0, 0, 0, 0, 0, 0, 0, 0, 0, 0, 154, 98, 140, 229, 267, 221, 0, 0, 0, 1",,
502,superbet 777 demo,ro,,90,,,,,,150,,,2022-02-02,,,"0, 57, 81, 133, 77, 57, 42, 54, 55, 0, 0, 0, 0, 3, 10, 23, 14, 21, 344, 506, 80, 13, 3, 7",,
503,superbet romania login,ro,,90,,,,,,100,,,2024-08-19,,,"0, 36, 45, 47, 85, 27, 0, 0, 9, 7, 26, 59, 41, 57, 219, 105, 60, 83, 278, 79, 12, 20, 52, 31",,
504,superbet ceo,ro,,90,,,,,,200,,,2018-05-10,,,"30, 23, 33, 22, 28, 22, 42, 62, 83, 53, 63, 43, 322, 57, 116, 111, 44, 41, 76, 54, 69, 47, 49, 43",,
505,recuperare cont superbet,ro,12,90,0.90,,redeschidere cont superbet,2026-06-04 18:17:40,Video preview,100,350,350,2017-12-28,"Informational,Transactional,Branded,Non-local",Romanian,"78, 78, 85, 113, 104, 88, 104, 95, 90, 76, 75, 41, 56, 73, 74, 129, 93, 112, 77, 106, 101, 54, 64, 72",,Sports betting
506,superbet casino recenzie,ro,,90,,,,,,150,,,2023-11-14,,,"0, 0, 0, 0, 2, 0, 0, 0, 0, 1, 1, 0, 203, 131, 103, 152, 164, 151, 141, 8, 13, 10, 1, 8",,
507,aparate gratis superbet,ro,42,90,0.45,,superbet casino,2026-06-12 00:46:32,Sitelinks,100,17000,21000,2022-12-16,"Informational,Navigational,Branded,Non-local",Romanian,"101, 70, 55, 179, 92, 120, 85, 68, 46, 25, 35, 12, 59, 24, 14, 32, 11, 27, 147, 559, 84, 41, 54, 59",,Gambling
508,cont nou superbet,ro,56,90,5.00,,rotiri gratuite,2026-06-15 16:40:39,Video preview,100,7700,8100,2020-05-17,"Informational,Commercial,Transactional,Branded,Non-local",Romanian,"56, 30, 101, 59, 52, 64, 112, 37, 62, 60, 51, 36, 38, 58, 94, 100, 40, 122, 115, 110, 89, 77, 83, 108",,Sports betting
509,superbet com,ro,60,90,1.20,,superbet,2026-06-21 08:16:17,Sitelinks,1600,1580000,1680000,2017-02-12,"Navigational,Transactional,Branded,Non-local",,"9, 19, 19, 10, 12, 61, 66, 48, 36, 43, 48, 23, 46, 86, 69, 48, 39, 81, 136, 106, 144, 114, 77, 97",,Sports betting; Sports
510,verificare bilet la superbet,ro,53,90,0.40,,verificare bilet superbet,2026-06-28 10:26:04,"Sitelinks,Video preview",100,69000,70000,2017-09-10,"Informational,Navigational,Branded,Non-local",Romanian,"220, 149, 125, 105, 145, 134, 183, 80, 82, 69, 44, 74, 28, 67, 93, 87, 74, 127, 96, 79, 93, 110, 109, 99",,Sports betting
511,superbet bilet verificare,ro,49,90,0.60,,verificare bilet superbet,2026-06-15 02:54:25,"Sitelinks,Video preview",100,69000,70000,2017-09-22,"Informational,Transactional,Branded,Non-local",Romanian,"22, 35, 17, 59, 17, 31, 39, 40, 31, 51, 35, 22, 36, 55, 116, 85, 69, 130, 141, 155, 109, 62, 75, 80",,Sports betting
512,superbet rotiri gratuite 2026,ro,,90,,,,,,100,,,2026-01-09,,,"0, 0, 0, 0, 0, 0, 0, 0, 0, 0, 0, 0, 0, 0, 0, 0, 0, 0, 109, 311, 179, 198, 198, 178",,
513,superbet stiri,ro,,90,,,,,,100,,,2020-05-14,,,"3, 75, 103, 78, 80, 49, 61, 111, 75, 63, 57, 12, 146, 18, 759, 51, 24, 31, 8, 13, 15, 9, 2, 2",,
514,40 shining crown bell link superbet,ro,44,90,,,40 shining crown bell link demo,2026-07-02 02:09:58,,100,600,600,2023-10-31,"Informational,Commercial,Transactional,Branded,Non-local",English,"23, 41, 40, 62, 112, 41, 22, 14, 32, 33, 41, 15, 67, 117, 91, 148, 170, 218, 193, 67, 41, 1, 0, 2",,Sports betting
515,superbet bonusuri,ro,61,90,4.00,,superbet club,2026-07-06 22:55:17,Bottom ads,100,12000,12000,2016-01-17,"Informational,Commercial,Branded,Non-local",Romanian,"25, 27, 36, 36, 42, 33, 27, 21, 37, 44, 32, 12, 51, 55, 57, 78, 42, 201, 202, 94, 81, 79, 89, 79",,Sports betting
516,win for life superbet,ro,41,90,0.20,0.92,superbet loto,2026-06-26 14:16:47,,100,13000,13000,2015-09-09,"Informational,Commercial,Branded,Non-local",English,"449, 337, 13, 6, 15, 17, 10, 19, 33, 31, 59, 93, 147, 105, 69, 141, 104, 165, 68, 47, 40, 53, 47, 54",,Lottery
517,superprono superbet,ro,0,90,1.70,,superprono,2026-06-10 18:35:44,,100,150,150,2020-11-09,"Informational,Commercial,Branded,Non-local",Romanian,"44, 81, 88, 111, 104, 88, 585, 149, 239, 121, 186, 104, 148, 25, 86, 24, 31, 8, 26, 47, 332, 162, 74, 112",,Sports betting
518,retragere online superbet,ro,24,90,1.90,,card superbet,2026-07-04 09:08:48,"Video preview,People also ask",100,450,450,2018-04-19,"Informational,Transactional,Branded,Non-local",Romanian,"37, 45, 47, 64, 75, 54, 48, 64, 36, 35, 48, 26, 46, 48, 50, 45, 53, 188, 179, 160, 76, 65, 57, 58",,Sports betting; General reference
519,verificare bilet superbet online,ro,57,90,,0.92,verificare bilet superbet,2026-06-10 03:52:29,"Sitelinks,Video preview",100,69000,70000,2015-09-19,"Informational,Navigational,Branded,Non-local",Romanian,"45, 42, 65, 65, 62, 76, 81, 72, 65, 56, 66, 68, 74, 67, 102, 100, 94, 114, 120, 105, 93, 80, 93, 95","102, 92, 139, 136, 126, 152, 158, 137, 122, 103, 120, 122",Sports betting
520,superbet creare cont,ro,56,90,5.00,,superbet login,2026-06-20 04:36:52,,100,10000,11000,2016-10-27,"Informational,Transactional,Branded,Non-local",Romanian,"50, 63, 38, 57, 46, 45, 50, 44, 34, 38, 47, 27, 54, 61, 77, 80, 114, 128, 188, 112, 64, 77, 85, 75",,Sports betting
521,superbet log in,ro,56,90,1.00,,oferta de azi la superbet,2026-07-03 02:38:25,"Bottom ads,Paid sitelinks",900,7500,8300,2017-01-22,"Navigational,Transactional,Branded,Non-local",English,"186, 136, 213, 190, 223, 218, 236, 188, 217, 187, 74, 61, 201, 85, 104, 89, 76, 74, 82, 68, 79, 70, 58, 62","80, 61, 72, 67, 72, 75, 73, 60, 70, 62, 49, 53",Sports betting
522,superbet jocuri demo,ro,45,90,0.60,,pacanele gratis,2026-07-04 14:55:21,,100,19000,20000,2020-01-10,"Informational,Commercial,Branded,Non-local",Romanian,"162, 117, 161, 140, 115, 152, 216, 138, 93, 59, 51, 61, 60, 103, 73, 66, 120, 107, 84, 69, 127, 86, 87, 107",,Lottery
523,polonia keno superbet,ro,,90,,,,,,90,,,2019-08-14,"Informational,Branded,Non-local",Romanian,"0, 0, 0, 0, 0, 0, 0, 0, 0, 0, 0, 0, 0, 0, 0, 0, 0, 3, 27, 56, 27, 59, 453, 462",,Lottery
524,superbet buzau,ro,20,90,1.90,0.82,superbet buzau,2026-06-17 07:10:36,Local pack,100,10,10,2015-12-18,"Informational,Commercial,Branded,Local",Romanian,"70, 93, 75, 103, 89, 155, 120, 110, 76, 115, 77, 33, 68, 81, 48, 68, 76, 113, 109, 157, 88, 109, 82, 92",,Sports betting; Business
525,fan club superbet,ro,46,90,0.70,,club superbet,2026-06-03 09:01:36,Video preview,100,65000,66000,2021-11-04,"Informational,Commercial,Branded,Non-local",Romanian,"150, 156, 146, 137, 159, 233, 207, 106, 164, 112, 0, 26, 0, 28, 28, 34, 28, 92, 112, 71, 163, 139, 119, 258",,Sports betting
526,superbet polonia multi,ro,60,90,0.40,,superbet loto,2026-07-06 07:49:09,,100,14000,14000,2015-10-10,"Informational,Branded,Non-local",Romanian,"71, 72, 81, 63, 66, 38, 6, 0, 0, 0, 0, 0, 0, 35, 90, 111, 63, 90, 107, 80, 103, 81, 174, 123",,Lottery
527,agenții superbet,ro,56,90,0.80,,superbet agentii,2026-06-06 08:22:23,Local pack,100,1900,1900,2015-12-26,"Informational,Branded,Non-local",Romanian,"8, 12, 0, 0, 19, 27, 31, 26, 21, 23, 18, 12, 32, 49, 42, 38, 39, 199, 197, 132, 76, 117, 118, 100",,Gambling
528,superbet retragere online,ro,43,90,1.30,,superbet card,2026-06-18 09:29:51,"AI Overview,Thumbnail,Video preview",100,350,350,2016-03-20,"Informational,Transactional,Branded,Non-local",Romanian,"62, 69, 49, 107, 103, 97, 91, 96, 70, 43, 39, 29, 33, 55, 66, 69, 36, 155, 171, 134, 104, 76, 78, 77",,Sports betting; General reference
529,win for life 10 20 superbet,ro,,90,,,,,,90,,,2025-11-24,,,"0, 0, 0, 0, 0, 0, 0, 0, 0, 0, 0, 0, 0, 0, 0, 0, 13, 30, 71, 99, 185, 419, 216, 169",,
530,control bilet superbet,ro,52,90,,,verificare bilet superbet,2026-06-09 23:06:54,"Sitelinks,Video preview",100,69000,70000,2016-02-15,"Informational,Branded,Non-local",Romanian,"176, 207, 212, 146, 115, 289, 232, 174, 94, 46, 61, 43, 71, 108, 44, 115, 75, 135, 192, 194, 71, 18, 16, 25",,Sports betting
531,superbet focsani,ro,43,90,1.20,,superbet agentii,2026-06-20 01:50:34,Local pack,100,2200,2200,2015-11-28,"Informational,Branded,Local",Romanian,"49, 67, 70, 84, 61, 97, 73, 58, 59, 106, 66, 56, 57, 90, 89, 69, 57, 129, 97, 99, 85, 78, 72, 67",,Sports betting; Business
532,flashscore superbet,ro,79,90,,,flashscore,2026-06-16 22:49:34,Sitelinks,100,266000,317000,2016-05-14,"Informational,Navigational,Commercial,Transactional,Branded,Non-local",,"0, 15, 101, 88, 122, 112, 137, 82, 86, 83, 35, 225, 54, 80, 89, 67, 55, 56, 89, 54, 66, 92, 66, 61",,Sports betting; Statistics
533,meciuri maine superbet,ro,30,90,0.40,,superbet oferta,2026-06-06 04:15:31,Sitelinks,100,50000,51000,2016-04-10,"Informational,Navigational,Commercial,Branded,Non-local",Romanian,"104, 82, 62, 58, 78, 99, 70, 62, 59, 65, 79, 33, 64, 81, 79, 99, 68, 127, 103, 99, 88, 90, 64, 58",,Sports betting; Soccer
534,angajari superbet,ro,1,80,0.04,,superbet iasi,2026-07-05 00:59:54,Sitelinks,100,200,200,2016-09-03,"Informational,Branded,Non-local",Romanian,"51, 48, 57, 49, 49, 48, 130, 58, 58, 45, 59, 63, 92, 64, 77, 109, 51, 65, 91, 107, 93, 64, 64, 61",,Job
535,superbet aplicatie mobil,ro,,80,,,,,,100,,,2018-09-11,,,"0, 0, 0, 0, 0, 1, 0, 0, 1, 0, 0, 1, 43, 57, 41, 51, 98, 143, 172, 74, 61, 70, 70, 58",,
536,superbet program agentii,ro,60,80,0.70,,program superbet,2026-07-05 14:40:38,,90,4100,4100,2015-09-15,"Informational,Branded,Local",Romanian,"8, 13, 16, 17, 14, 44, 39, 11, 12, 50, 8, 7, 19, 32, 24, 31, 38, 205, 176, 80, 47, 93, 93, 80",,Sports betting; Business
537,superbet bonus inregistrare,ro,60,80,5.00,,superbet casino,2026-06-09 07:06:25,Sitelinks,100,7600,8000,2019-08-09,"Informational,Commercial,Transactional,Branded,Non-local",Romanian,"45, 39, 60, 68, 56, 65, 116, 38, 58, 38, 56, 26, 54, 30, 42, 40, 73, 135, 148, 118, 81, 72, 74, 79",,Sports betting
538,stergere cont superbet,ro,0,80,1.70,,stergere cont superbet,2026-06-03 05:10:25,Video preview,100,70,70,2016-11-27,"Informational,Transactional,Branded,Non-local",Romanian,"115, 95, 99, 115, 126, 123, 121, 113, 128, 102, 94, 55, 71, 89, 110, 100, 72, 91, 88, 76, 68, 69, 36, 69",,Sports betting; General reference
539,superbet careers,ro,,80,,,,,,500,,,2020-01-13,,,"29, 36, 35, 53, 55, 34, 43, 56, 52, 46, 42, 45, 67, 40, 68, 59, 47, 65, 88, 94, 101, 89, 84, 96",,
540,superbet live casino,ro,,80,1.50,,,,,100,,,2020-09-15,,,"45, 52, 45, 46, 47, 49, 66, 34, 36, 37, 34, 17, 57, 61, 65, 76, 53, 95, 126, 100, 80, 96, 83, 87",,
541,superbet suport email,ro,,80,,,,,,100,,,2023-03-25,,,"45, 23, 68, 50, 76, 70, 68, 87, 92, 60, 68, 57, 77, 70, 112, 93, 80, 82, 71, 78, 90, 51, 62, 62",,
542,schema superbet,ro,,80,,,,,,80,,,2024-12-30,,,"0, 0, 0, 0, 0, 3, 72, 9, 30, 15, 12, 3, 0, 0, 309, 210, 97, 129, 116, 45, 11, 12, 1, 2",,
543,superbet bistrita,ro,42,80,0.60,,superbet agentii,2026-07-02 19:48:30,Local pack,80,2600,2600,2015-09-29,"Informational,Branded,Local",Romanian,"52, 69, 46, 72, 72, 83, 72, 50, 68, 71, 54, 34, 62, 65, 53, 95, 39, 84, 99, 116, 125, 73, 64, 89",,Sports betting; Business
544,jackpot club superbet,ro,,80,,,,,,80,,,2025-05-13,,,"0, 0, 0, 0, 0, 0, 0, 0, 0, 0, 22, 14, 15, 0, 3, 54, 58, 136, 121, 106, 89, 143, 91, 128",,
545,superbet lista firme,ro,,80,,,,,,90,,,2020-01-19,,,"47, 27, 32, 42, 54, 37, 57, 55, 44, 45, 32, 46, 139, 25, 317, 110, 35, 46, 39, 35, 48, 29, 31, 54",,
546,superbet contul meu,ro,43,80,2.00,,cont superbet,2026-07-04 08:09:23,Video preview,100,600,600,2018-05-03,"Informational,Navigational,Branded,Non-local",Romanian,"203, 133, 55, 69, 62, 138, 81, 51, 117, 63, 50, 48, 61, 45, 34, 38, 27, 38, 60, 141, 120, 168, 105, 128",,Sports betting
547,egt superbet,ro,43,80,0.90,,egt,2026-06-24 10:28:18,,100,8300,8500,2022-01-16,"Informational,Commercial,Branded,Non-local",,"32, 48, 70, 64, 78, 152, 212, 192, 140, 140, 109, 85, 82, 97, 82, 96, 65, 112, 90, 54, 72, 84, 17, 8",,Sports betting
548,superbet rotiri gratuite 2025,ro,,80,,,,,,80,,,2025-01-07,,,"0, 0, 0, 0, 0, 0, 90, 154, 133, 121, 159, 85, 136, 119, 181, 138, 121, 126, 31, 6, 1, 0, 0, 1",,
549,app superbet,ro,75,80,2.50,,superbet download,2026-07-08 04:13:06,,2500,2500,2800,2018-11-09,"Informational,Commercial,Transactional,Branded,Non-local",English,"39, 55, 819, 66, 58, 138, 838, 35, 33, 47, 44, 16, 65, 68, 76, 96, 35, 112, 145, 115, 99, 81, 61, 68",,Sports betting; Add-ons
550,superbet reghin,ro,41,80,1.00,,superbet agentii,2026-06-10 01:21:48,Local pack,100,1900,1900,2020-01-10,"Informational,Branded,Local",,"21, 16, 28, 13, 32, 46, 39, 25, 30, 36, 24, 12, 5, 9, 29, 18, 13, 59, 54, 42, 55, 27, 227, 327",,Sports betting; Business
551,superbet club 50 lei,ro,,80,,,,,,80,,,2023-06-27,,,"28, 15, 8, 0, 0, 0, 0, 0, 0, 0, 0, 0, 0, 0, 0, 0, 0, 48, 55, 68, 130, 170, 217, 257",,
552,rezultate superbet verificare bilet,ro,,80,,,,,,100,,,2015-11-25,"Informational,Navigational,Branded,Non-local",Romanian,"0, 0, 0, 0, 0, 0, 0, 3, 20, 26, 16, 6, 23, 19, 23, 35, 84, 125, 195, 169, 92, 69, 79, 79",,Sports betting
553,club superbet scanare bilet,ro,,80,0.50,,,,,80,,,2022-02-22,"Informational,Transactional,Branded,Non-local",Romanian,"124, 319, 325, 321, 287, 281, 333, 247, 163, 111, 6, 0, 0, 6, 0, 0, 1, 170, 140, 81, 0, 15, 100, 337",,Sports betting
554,locuri de munca superbet,ro,,80,0.05,,,,,80,,,2015-09-11,,,"48, 42, 59, 61, 70, 65, 116, 55, 73, 59, 53, 47, 60, 58, 55, 72, 79, 74, 113, 80, 68, 80, 136, 95",,
555,casa de pariuri superbet,ro,60,80,1.60,,superbet,2026-07-02 22:07:07,,100,1740000,1740000,2016-03-13,"Informational,Commercial,Branded,Local",Romanian,"12, 22, 5, 3, 9, 16, 9, 22, 41, 43, 45, 12, 27, 110, 57, 24, 44, 56, 74, 91, 63, 65, 201, 116",,Sports betting; Business
556,verifica superbet,ro,53,80,0.90,,verificare bilet superbet,2026-06-05 00:27:53,"Sitelinks,Video preview",90,69000,70000,2017-06-18,"Informational,Transactional,Branded,Non-local",Romanian,"51, 31, 27, 68, 109, 119, 148, 141, 176, 102, 20, 12, 45, 57, 46, 41, 30, 56, 58, 91, 102, 93, 143, 150",,Sports betting
557,supersocial superbet,ro,3,80,1.30,,oferta de azi la superbet fotbal,2026-06-14 11:07:52,Video preview,700,300,300,2020-10-28,"Informational,Branded,Non-local",,"26, 26, 28, 52, 27, 27, 54, 32, 28, 18, 21, 17, 37, 62, 49, 70, 44, 75, 92, 183, 182, 53, 47, 95",,Sports betting; Social networks
558,superbet cont online,ro,,80,,,,,,100,,,2016-06-10,"Informational,Commercial,Transactional,Branded,Non-local",Romanian,"5, 0, 0, 0, 0, 0, 7, 2, 3, 7, 6, 1, 32, 34, 33, 43, 59, 164, 201, 107, 36, 59, 83, 62",,Sports betting
559,superbet asistenta,ro,54,80,1.30,,superbet contact,2026-07-06 16:09:10,Video preview,100,8200,8300,2017-02-20,"Informational,Branded,Non-local",Romanian,"56, 36, 64, 66, 84, 71, 60, 76, 64, 42, 40, 26, 30, 40, 68, 65, 32, 59, 115, 150, 77, 75, 98, 123",,Sports betting; Customer
560,ponturi pariuri superbet,ro,,80,0.30,,,,,100,,,2015-12-21,,,"0, 0, 0, 5, 47, 1, 0, 0, 26, 17, 90, 57, 124, 124, 115, 63, 52, 24, 54, 96, 84, 29, 62, 88",,
561,suport@superbet,ro,54,80,,,superbet contact,2026-06-20 22:43:22,Video preview,100,7900,7900,2016-04-28,"Informational,Branded,Non-local",,"74, 46, 71, 105, 100, 92, 37, 63, 137, 123, 123, 61, 68, 47, 72, 35, 43, 38, 111, 154, 107, 73, 75, 77",,Sports betting; Email
562,kino grecia superbet,ro,,80,,,,,,100,,,2015-09-14,,,"0, 0, 0, 0, 0, 45, 89, 181, 117, 247, 81, 104, 67, 60, 32, 35, 34, 52, 162, 167, 120, 47, 99, 65",,
563,superbet suport clienti,ro,,80,,,,,,100,,,2018-02-16,,,"23, 18, 36, 52, 74, 37, 35, 51, 50, 31, 35, 24, 21, 40, 53, 83, 110, 125, 136, 123, 44, 62, 51, 67",,
564,superbet cod bilet,ro,,80,1.30,,,,,150,,,2016-02-10,,,"47, 80, 96, 152, 104, 128, 131, 83, 77, 115, 95, 63, 63, 73, 84, 69, 75, 101, 140, 93, 85, 46, 65, 57",,
565,live casino superbet,ro,,80,4.50,,,,,100,,,2020-10-06,,,"68, 78, 79, 111, 116, 93, 134, 44, 34, 53, 59, 37, 77, 58, 73, 62, 52, 96, 129, 72, 101, 78, 89, 73",,
566,comision retragere superbet,ro,36,80,1.40,,impozit superbet,2026-06-15 16:41:03,Sitelinks,100,30,30,2020-06-27,"Informational,Branded,Non-local",Romanian,"66, 73, 84, 92, 74, 55, 91, 60, 59, 58, 48, 25, 41, 82, 103, 73, 41, 90, 76, 118, 102, 58, 66, 72",,Sports betting; Reference
567,superbet program sarbatori,ro,60,80,,1.24,program superbet,2026-06-25 19:31:27,,100,4000,4100,2015-12-25,"Informational,Branded,Local",Romanian,"0, 0, 4, 5, 5, 142, 50, 3, 2, 91, 4, 0, 16, 19, 14, 28, 58, 423, 176, 27, 25, 129, 58, 51",,Sports betting; Business
568,cod bonus superbet 2024,ro,,80,,,,,,100,,,2024-01-31,,,"42, 39, 49, 35, 60, 78, 42, 31, 42, 34, 35, 42, 62, 68, 101, 109, 109, 120, 102, 84, 64, 42, 0, 34",,
569,superbet rotiri gratuite fara depunere 2025,ro,,80,,,,,,80,,,2025-01-29,,,"0, 0, 0, 0, 0, 0, 19, 49, 22, 28, 18, 41, 61, 36, 145, 107, 273, 135, 82, 39, 29, 2, 0, 2",,
570,pariu sistem superbet,ro,0,80,0.70,,ce inseamna sistem la pariuri,2026-07-07 17:27:52,,100,350,350,2015-10-17,"Informational,Commercial,Branded,Non-local",Romanian,"58, 52, 91, 83, 83, 68, 88, 91, 62, 55, 46, 22, 58, 54, 74, 118, 88, 91, 87, 79, 114, 65, 69, 62",,Sports betting; General reference
571,supercoins superbet,ro,,80,,,,,,800,,,2025-06-30,,,"0, 0, 0, 0, 0, 0, 0, 0, 0, 0, 0, 7, 80, 124, 81, 270, 59, 42, 40, 53, 38, 86, 46, 48",,
572,verificare card superbet,ro,,80,1.10,,,,,80,,,2017-02-18,,,"31, 31, 29, 34, 44, 49, 41, 50, 66, 41, 36, 9, 39, 63, 35, 39, 25, 28, 51, 84, 59, 184, 256, 106",,
573,superbet patron,ro,,80,,,,,,90,,,2019-04-15,,,"50, 35, 35, 41, 53, 56, 57, 88, 161, 70, 73, 69, 207, 63, 141, 125, 33, 47, 42, 42, 43, 50, 34, 38",,
574,download superbet app,ro,72,80,3.50,,superbet.ro,2026-06-05 02:44:53,,1000,1500,1900,2016-12-07,"Transactional,Branded,Non-local",English,"21, 23, 30, 29, 30, 32, 39, 48, 41, 86, 59, 58, 269, 327, 58, 45, 29, 31, 92, 14, 22, 17, 22, 18",,Sports betting; Add-ons
575,loto cehia superbet,ro,,80,,,,,,80,,,2024-10-13,,,"0, 0, 0, 119, 99, 108, 88, 97, 62, 98, 47, 55, 60, 54, 46, 70, 55, 52, 32, 43, 101, 127, 127, 150",,
576,rise of ra superbet,ro,,80,,,,,,100,,,2021-01-08,"Informational,Commercial,Transactional,Branded,Non-local",English,"0, 0, 0, 0, 0, 0, 0, 0, 0, 0, 0, 0, 37, 34, 42, 87, 71, 93, 73, 82, 70, 110, 153, 139",,Lottery
577,program superbet paste,ro,60,80,,1.25,program superbet,2026-07-08 20:57:02,,100,4100,4100,2016-04-29,"Informational,Branded,Local",Romanian,"0, 0, 0, 0, 0, 0, 0, 0, 0, 889, 6, 2, 9, 13, 9, 19, 36, 57, 45, 34, 23, 670, 37, 138",,Sports betting; Business
578,superbet drop 2026,ro,,80,,,,,,80,,,2026-01-04,,,"0, 0, 0, 0, 0, 0, 0, 0, 0, 0, 0, 0, 0, 0, 0, 0, 0, 0, 133, 95, 262, 314, 159, 212",,
579,bilet virtual superbet,ro,38,80,0.70,,superbet,2026-06-28 13:49:07,"Sitelinks,Video preview",100,1580000,1630000,2015-10-20,"Informational,Commercial,Transactional,Branded,Non-local",Romanian,"26, 27, 50, 81, 95, 104, 204, 162, 93, 107, 94, 29, 35, 30, 57, 44, 77, 165, 163, 131, 112, 46, 34, 51",,Sports betting
580,superbet egt,ro,44,80,0.70,,egt demo,2026-06-02 07:45:08,Video preview,100,4100,4200,2021-03-17,"Informational,Commercial,Transactional,Branded,Non-local",,"233, 369, 358, 416, 477, 436, 420, 285, 223, 157, 110, 59, 71, 83, 84, 94, 79, 56, 98, 102, 80, 74, 52, 51",,Sports betting
581,bonus aniversar superbet 2026,ro,,80,,,,,,90,,,2026-01-15,,,"0, 0, 0, 0, 0, 0, 0, 0, 0, 0, 0, 0, 0, 0, 0, 0, 0, 0, 91, 175, 210, 214, 202, 179",,
582,verifică bilet superbet,ro,,80,1.40,,,,,100,,,2020-01-10,"Informational,Navigational,Branded,Non-local",Romanian,"60, 74, 59, 6, 34, 26, 91, 59, 50, 19, 25, 0, 0, 26, 73, 56, 50, 69, 140, 183, 156, 85, 92, 102",,Sports betting
583,schimbare email superbet,ro,,80,1.90,,,,,80,,,2022-11-15,,,"46, 46, 73, 55, 72, 64, 69, 78, 120, 62, 62, 37, 36, 57, 77, 102, 44, 84, 119, 90, 86, 50, 87, 104",,
584,superbet program de sarbatori,ro,,80,,,,,,100,,,2015-12-25,"Informational,Branded,Local",Romanian,"0, 0, 0, 0, 0, 68, 42, 2, 1, 9, 1, 0, 8, 11, 10, 34, 30, 195, 120, 38, 22, 453, 37, 104",,Sports betting; Seasonal events
585,superbet super drop,ro,,80,,,,,,80,,,2025-07-10,,,"0, 0, 0, 0, 0, 0, 0, 0, 0, 0, 0, 0, 23, 56, 118, 243, 37, 37, 87, 76, 96, 62, 37, 69",,
586,cariere superbet,ro,,80,0.07,,,,,80,,,2016-07-23,,,"31, 26, 36, 43, 37, 31, 82, 83, 79, 32, 36, 41, 54, 61, 61, 85, 85, 81, 113, 70, 75, 84, 104, 103",,
587,verificare cod bilet superbet,ro,48,80,0.50,1.05,verificare bilet superbet,2026-06-14 09:42:11,"Sitelinks,AI Overview,Video preview",100,69000,70000,2015-09-19,"Informational,Navigational,Branded,Non-local",Romanian,"31, 84, 69, 50, 59, 54, 55, 43, 31, 13, 19, 21, 34, 35, 27, 97, 45, 109, 112, 108, 63, 58, 91, 113",,Sports betting
588,super pariuri superbet,ro,52,80,0.70,,super pariuri superbet,2026-06-27 08:20:38,Video preview,100,40,40,2021-03-23,"Informational,Commercial,Branded,Non-local",Romanian,"90, 38, 49, 69, 43, 47, 53, 72, 80, 59, 35, 20, 35, 51, 40, 65, 123, 140, 135, 77, 126, 74, 71, 83",,Sports betting; Sports
589,sacha dragic superbet,ro,,80,1.10,,,,,200,,,2019-05-23,,,"89, 29, 36, 49, 57, 58, 26, 38, 43, 45, 38, 29, 162, 95, 32, 64, 57, 49, 89, 106, 99, 81, 65, 65",,
590,paguba superbet,ro,,80,,,,,,80,,,2025-09-21,,,"0, 0, 0, 0, 0, 0, 0, 0, 0, 0, 0, 0, 0, 0, 864, 78, 8, 11, 3, 0, 0, 0, 0, 1",,
591,superbet suceava,ro,39,80,0.60,,superbet,2026-06-25 21:39:52,"Local pack,Sitelinks",100,1580000,1630000,2015-09-11,"Informational,Branded,Local",Romanian,"67, 60, 52, 76, 104, 87, 92, 90, 80, 112, 56, 26, 40, 83, 69, 50, 60, 132, 106, 92, 79, 92, 70, 82",,Sports betting; Business
592,superbet aparate,ro,10,80,0.80,,superbet casino,2026-06-10 03:03:49,Sitelinks,100,15000,18000,2017-04-13,"Informational,Commercial,Branded,Non-local",Romanian,"78, 100, 124, 150, 114, 145, 143, 109, 72, 68, 50, 21, 94, 53, 56, 64, 73, 129, 100, 71, 56, 78, 55, 70",,Gambling
593,superbet lucky six,ro,1,80,1.30,,lucky six superbet,2026-07-09 04:26:59,Video preview,100,200,200,2018-02-01,"Informational,Branded,Non-local",English,"60, 46, 63, 63, 63, 44, 80, 63, 61, 63, 63, 47, 71, 82, 100, 78, 60, 65, 105, 92, 93, 89, 80, 66","63, 60, 77, 66, 64, 80, 105, 92, 93, 89, 80, 66",Lottery; General reference
594,ceo superbet,ro,,80,,,,,,150,,,2017-03-08,,,"24, 17, 29, 23, 30, 26, 50, 23, 31, 28, 33, 24, 191, 69, 112, 81, 24, 48, 168, 61, 73, 68, 33, 47",,
595,inregistrare superbet,ro,61,80,3.00,,superbet login,2026-06-21 18:10:50,Video preview,100,11000,11000,2019-09-11,"Informational,Commercial,Transactional,Branded,Non-local",Romanian,"90, 53, 112, 51, 33, 51, 103, 32, 22, 26, 28, 10, 37, 44, 45, 72, 63, 157, 154, 84, 69, 94, 123, 86",,Sports betting
596,program superbet 26 decembrie,ro,,80,,,,,,80,,,2016-12-26,,,"0, 0, 0, 0, 0, 345, 6, 1, 2, 0, 0, 0, 0, 0, 0, 0, 0, 761, 120, 7, 7, 0, 0, 2",,
597,patronul superbet,ro,1,70,,,superbet,2026-07-05 07:25:24,"AI Overview,Thumbnail,Image pack",90,8100,8600,2015-09-01,"Informational,Branded,Non-local",Romanian,"33, 20, 21, 37, 47, 51, 43, 64, 154, 66, 86, 55, 163, 49, 117, 205, 19, 27, 34, 38, 28, 29, 21, 21",,Business; Sports betting; Company news; Quotations
598,aplicatie android superbet,ro,,70,,,,,,90,,,2018-07-24,,,"0, 0, 0, 0, 0, 1, 0, 1, 1, 0, 0, 0, 43, 52, 45, 62, 62, 129, 144, 82, 59, 68, 70, 57",,
599,superbet non stop bucuresti,ro,,70,,,,,,70,,,2016-06-16,,,"39, 41, 64, 65, 64, 58, 55, 44, 102, 61, 86, 25, 42, 59, 92, 65, 76, 94, 63, 78, 83, 76, 77, 63",,
600,superbet cod,ro,56,70,1.30,,verificare bilet superbet,2026-06-16 20:06:35,Sitelinks,100,69000,70000,2015-09-19,"Informational,Navigational,Branded,Non-local",Romanian,"47, 81, 89, 132, 112, 70, 68, 90, 106, 83, 100, 38, 41, 64, 57, 81, 48, 65, 119, 89, 63, 71, 73, 66",,Sports betting
601,superbet resita,ro,0,70,1.10,,super bet,2026-07-03 04:50:31,"Local pack,Sitelinks",80,67000,136000,2015-11-18,"Informational,Branded,Local",Romanian,"52, 30, 57, 42, 29, 67, 51, 78, 40, 110, 40, 33, 34, 48, 73, 44, 34, 69, 82, 74, 109, 95, 58, 67",,Sports betting; Business
602,superbet cote fotbal,ro,,70,,,,,,100,,,2017-05-01,,,"0, 0, 0, 0, 0, 0, 0, 0, 0, 0, 0, 0, 12, 33, 12, 72, 21, 94, 155, 96, 75, 88, 113, 113",,
603,orar superbet,ro,61,70,0.70,1.05,program superbet,2026-06-26 14:07:48,,90,4000,4100,2015-10-19,"Informational,Branded,Local",Romanian,"35, 35, 35, 28, 32, 209, 116, 25, 26, 179, 33, 14, 32, 35, 26, 28, 49, 213, 136, 42, 42, 149, 49, 64",,Sports betting; Business
604,superbet verifica,ro,55,70,1.00,,verificare bilet superbet,2026-06-30 15:43:44,"Sitelinks,Video preview",90,69000,70000,2016-01-22,"Informational,Transactional,Branded,Non-local",Romanian,"2, 0, 0, 10, 17, 7, 0, 0, 19, 13, 13, 28, 51, 124, 73, 72, 50, 66, 111, 76, 34, 50, 71, 42",,Sports betting
605,superbet alba iulia,ro,57,70,1.00,,superbet agentii,2026-07-03 12:37:02,Local pack,90,2600,2600,2015-10-23,"Informational,Branded,Local",Romanian,"54, 56, 53, 57, 47, 43, 57, 46, 54, 45, 42, 18, 42, 62, 49, 99, 69, 88, 72, 88, 68, 64, 60, 56",,Sports betting; Business
606,superbet online login,ro,,70,0.70,,,,,2000,,,2017-11-12,,,"89, 75, 73, 100, 80, 54, 47, 74, 80, 48, 75, 42, 54, 62, 188, 153, 90, 73, 55, 46, 88, 14, 7, 22",,
607,superbet oferta saptamanala pdf,ro,44,70,,,oferta de azi la superbet,2026-06-09 20:59:34,,90,1700,1700,2015-09-25,"Informational,Branded,Non-local",Romanian,"72, 76, 65, 51, 56, 92, 85, 62, 59, 65, 140, 91, 113, 107, 71, 73, 59, 37, 36, 36, 40, 23, 55, 60",,Sports betting
608,relatii clienti superbet,ro,51,70,1.00,,superbet contact,2026-06-07 15:43:07,,90,7600,7600,2018-06-27,"Informational,Branded,Non-local",Romanian,"54, 40, 62, 75, 63, 126, 73, 88, 84, 59, 53, 19, 75, 84, 70, 100, 44, 81, 81, 77, 61, 41, 41, 49",,Gambling
609,superbet contact email,ro,,70,1.40,,,,,100,,,2021-04-07,,,"19, 34, 28, 40, 39, 50, 42, 69, 55, 54, 75, 46, 30, 57, 101, 81, 65, 67, 81, 77, 82, 72, 60, 61",,
610,loterii internationale superbet,ro,,70,,,,,,70,,,2016-10-19,,,"0, 0, 0, 0, 0, 0, 0, 0, 0, 0, 0, 0, 0, 0, 0, 0, 43, 69, 34, 40, 157, 217, 170, 178",,
611,bonus superbet 100 lei,ro,58,70,2.50,,bonus aniversar casino,2026-06-19 21:17:51,,100,1500,1600,2019-04-06,"Informational,Commercial,Transactional,Branded,Non-local",Romanian,"45, 36, 84, 30, 33, 47, 112, 30, 25, 28, 18, 7, 32, 27, 22, 41, 51, 75, 53, 35, 61, 93, 161, 143",,Sports betting
612,reclama superbet,ro,0,70,1.60,,reclama superbet,2026-06-07 10:06:45,"Image pack,Video preview",90,40,40,2019-08-29,"Informational,Branded,Non-local",Romanian,"126, 53, 73, 86, 76, 128, 103, 90, 133, 93, 79, 69, 117, 85, 102, 85, 59, 69, 51, 74, 45, 35, 61, 52",,Gambling
613,cash out superbet,ro,17,70,1.10,,cashout,2026-06-15 15:48:35,People also ask,250,90,90,2016-10-20,"Informational,Branded,Non-local",English,"67, 63, 128, 138, 136, 106, 90, 111, 110, 84, 64, 28, 45, 46, 53, 66, 82, 78, 73, 91, 93, 51, 36, 58",,Sports betting; General reference
614,superbet rotiri,ro,54,70,7.00,,superbet casino,2026-07-06 07:25:12,,90,7600,7900,2020-12-20,"Informational,Commercial,Transactional,Branded,Non-local",Romanian,"182, 130, 211, 145, 138, 111, 194, 91, 75, 64, 60, 38, 61, 62, 81, 87, 70, 68, 82, 59, 69, 47, 56, 55",,Sports betting
615,superbet club ro,ro,53,70,0.70,,club superbet,2026-06-27 13:11:51,,80,67000,67000,2020-09-02,"Informational,Commercial,Branded,Non-local",,"69, 33, 83, 31, 6, 8, 68, 22, 3, 0, 0, 0, 0, 12, 58, 78, 52, 118, 51, 68, 118, 65, 94, 105",,Sports betting
616,jocuri de noroc superbet,ro,,70,,,,,,70,,,2025-08-04,,,"0, 0, 0, 0, 0, 0, 0, 0, 0, 0, 0, 0, 0, 84, 59, 44, 79, 132, 93, 35, 133, 92, 42, 86",,
617,bonus zi de nastere superbet,ro,58,70,1.20,,bonus aniversar casino,2026-06-12 06:15:22,,90,1500,1600,2020-01-10,"Informational,Commercial,Branded,Non-local",Romanian,"61, 57, 56, 51, 60, 58, 84, 70, 94, 73, 61, 31, 56, 41, 46, 85, 73, 73, 80, 71, 66, 85, 64, 66",,Sports betting
618,superbet verificate bilet,ro,49,70,0.50,,verificare bilet superbet,2026-06-24 14:31:34,"Sitelinks,Video preview",90,69000,70000,2019-03-22,"Informational,Transactional,Branded,Non-local",Romanian,"98, 127, 231, 287, 142, 62, 65, 24, 51, 54, 43, 47, 114, 143, 118, 55, 135, 21, 22, 30, 39, 32, 34, 48",,Sports betting
619,aplicatie superbet android,ro,65,70,1.20,,superbet aplicatie,2026-07-06 00:55:58,Video preview,100,4300,4400,2017-08-17,"Informational,Transactional,Branded,Non-local",Romanian,"10, 12, 771, 12, 14, 110, 766, 5, 7, 11, 12, 6, 40, 44, 41, 76, 49, 156, 184, 75, 35, 62, 65, 54",,Sports betting; Add-ons
620,descarcă superbet,ro,71,70,1.10,,superbet aplicatie,2026-07-06 02:06:20,,90,4300,4400,2020-10-20,"Transactional,Branded,Non-local",Romanian,"29, 54, 90, 60, 50, 65, 54, 68, 64, 47, 32, 30, 59, 54, 70, 84, 36, 78, 85, 90, 55, 94, 102, 75",,Sports betting
621,superdrop superbet 5 minute,ro,,70,,,,,,70,,,2025-08-21,,,"0, 0, 0, 0, 0, 0, 0, 0, 0, 0, 0, 0, 0, 66, 32, 33, 32, 44, 340, 70, 142, 65, 35, 58",,
622,superbet slobozia,ro,34,70,1.70,,superbet,2026-07-06 22:33:51,Local pack,90,1610000,1760000,2015-09-23,"Informational,Branded,Local",,"49, 43, 42, 42, 55, 84, 57, 27, 35, 62, 39, 32, 51, 47, 70, 44, 42, 88, 88, 58, 69, 103, 75, 69",,Sports betting; Business
623,grup superbet,ro,48,70,,,superbet,2026-07-08 22:46:54,,70,151000,152000,2020-09-29,"Informational,Commercial,Branded,Non-local",Romanian,"276, 156, 82, 49, 48, 136, 183, 98, 89, 73, 0, 0, 0, 0, 66, 76, 66, 141, 98, 89, 71, 12, 9, 138",,Sports betting; Company news
624,superbet târgoviște,ro,47,70,1.20,,superbet agentii,2026-06-25 10:22:14,Local pack,90,2200,2200,2017-04-17,"Informational,Branded,Local",Romanian,"73, 56, 39, 62, 67, 101, 79, 68, 100, 76, 61, 31, 39, 56, 57, 89, 46, 104, 89, 75, 70, 105, 47, 64",,Sports betting; Business
625,superbet contact number,ro,,70,1.40,,,,,150,,,2019-01-03,"Informational,Branded,Local",English,"33, 40, 32, 39, 33, 42, 19, 40, 42, 25, 17, 18, 23, 31, 48, 72, 56, 112, 125, 103, 134, 60, 53, 69",,Sports betting; Business
626,oferta zilnica superbet,ro,51,70,0.90,,super bet,2026-06-16 14:14:52,Sitelinks,90,87000,89000,2015-12-15,"Informational,Commercial,Branded,Non-local",Romanian,"64, 30, 141, 94, 102, 91, 96, 94, 78, 32, 15, 28, 57, 23, 134, 87, 95, 84, 89, 87, 71, 25, 8, 21","50, 16, 128, 80, 88, 78, 83, 81, 65, 19, 2, 15",Sports betting; Sports
627,depunere superbet,ro,18,70,2.00,,superbet card,2026-06-08 09:59:00,Video preview,90,350,350,2016-03-05,"Informational,Transactional,Branded,Non-local",Romanian,"33, 23, 38, 32, 29, 34, 32, 30, 39, 38, 35, 15, 23, 36, 49, 58, 68, 105, 183, 82, 56, 47, 62, 54",,Gambling
628,cod bonus superbet 2026,ro,,70,,,,,,80,,,2026-01-07,,,"0, 0, 0, 0, 0, 0, 0, 0, 0, 0, 0, 0, 0, 0, 0, 0, 0, 0, 171, 186, 170, 82, 94, 189",,
629,superbet mobil,ro,,70,1.50,1.1,,,,200,,,2016-03-22,"Informational,Transactional,Branded,Non-local",Romanian,"2, 11, 1, 1, 1, 2, 3, 0, 5, 12, 11, 0, 58, 70, 56, 74, 78, 74, 71, 65, 76, 78, 67, 65",,Sports betting; Add-ons
630,oferta superbet vineri,ro,36,70,0.50,,superbet.ro,2026-07-01 21:14:32,Sitelinks,90,66000,75000,2016-11-11,"Informational,Commercial,Branded,Non-local",Romanian,"169, 175, 201, 172, 249, 187, 178, 141, 63, 37, 53, 34, 88, 66, 66, 70, 63, 57, 62, 57, 73, 68, 55, 64",,Sports betting; Sports
631,regulament superbet,ro,19,70,4.00,1.05,regulament superbet,2026-06-07 01:18:59,,90,200,200,2015-09-09,"Informational,Branded,Non-local",Romanian,"140, 111, 140, 142, 144, 110, 142, 140, 92, 69, 52, 50, 53, 90, 110, 71, 69, 56, 68, 67, 64, 59, 54, 48","53, 58, 77, 72, 72, 70, 76, 75, 72, 66, 60, 53",Sports betting; Templates
632,support superbet,ro,,70,,,,,,150,,,2019-07-22,,,"31, 36, 43, 55, 58, 67, 63, 58, 72, 46, 57, 34, 33, 49, 95, 66, 37, 59, 87, 90, 95, 59, 44, 83",,
633,aplicație superbet android,ro,69,70,1.40,,superbet aplicatie,2026-06-09 13:50:15,Video preview,100,4300,4400,2022-05-13,"Informational,Commercial,Transactional,Branded,Non-local",Romanian,"176, 201, 131, 136, 122, 151, 193, 147, 103, 115, 81, 41, 104, 110, 105, 107, 45, 110, 88, 32, 24, 31, 40, 36",,Sports betting
634,superbet cote azi,ro,,70,,,,,,90,,,2018-11-18,"Informational,Navigational,Commercial,Transactional,Branded,Non-local",Romanian,"56, 6, 0, 0, 0, 0, 0, 0, 0, 0, 0, 0, 0, 12, 23, 47, 43, 28, 27, 55, 165, 265, 106, 136",,Sports betting; Sports
635,eroare superbet red wizard,ro,,70,,,,,,70,,,2025-09-22,,,"0, 0, 0, 0, 0, 0, 0, 0, 0, 0, 0, 0, 0, 0, 836, 11, 7, 2, 0, 0, 0, 0, 0, 1",,
636,jocuri cu speciale superbet,ro,61,70,1.10,,cumpara speciala,2026-07-02 12:15:49,,100,150,150,2021-10-12,"Informational,Commercial,Transactional,Branded,Non-local",Romanian,"44, 48, 41, 53, 60, 71, 75, 64, 96, 58, 58, 50, 43, 59, 58, 89, 76, 91, 86, 72, 66, 74, 52, 67",,Lottery
637,superbet program sarbatori 2025,ro,,70,,,,,,70,,,2025-12-23,,,"0, 0, 0, 0, 0, 0, 0, 0, 0, 0, 0, 0, 0, 0, 0, 0, 0, 714, 141, 1, 2, 22, 1, 2",,
638,my super drop superbet,ro,,70,,,,,,70,,,2025-09-23,,,"0, 0, 0, 0, 0, 0, 0, 0, 0, 0, 0, 0, 0, 0, 18, 52, 145, 26, 120, 173, 104, 115, 64, 66",,
639,bet builder superbet,ro,57,70,1.50,,betbuilder,2026-07-05 12:44:38,Video preview,150,200,200,2022-11-24,"Informational,Commercial,Transactional,Branded,Non-local",English,"80, 173, 230, 194, 72, 144, 181, 152, 258, 221, 178, 61, 58, 73, 81, 73, 110, 68, 72, 71, 58, 20, 25, 71",,Sports betting; Sports
640,superbet pregatire bilet,ro,,70,,,,,,80,,,2025-01-30,,,"0, 0, 0, 0, 0, 0, 28, 48, 51, 13, 0, 0, 0, 0, 0, 35, 178, 185, 167, 87, 128, 59, 0, 9",,
641,jocuri cu miza 0.01 superbet,ro,,70,,,,,,90,,,2024-02-25,,,"117, 68, 77, 85, 92, 173, 94, 106, 128, 84, 65, 57, 69, 42, 108, 136, 50, 62, 57, 49, 75, 57, 40, 50",,
642,superbet verificare bilet castigator,ro,59,70,0.30,1.02,verificare bilet superbet,2026-06-25 18:33:42,"Sitelinks,Video preview",90,69000,70000,2015-11-27,"Informational,Transactional,Branded,Non-local",Romanian,"0, 0, 0, 0, 0, 0, 0, 0, 0, 0, 4, 5, 28, 43, 45, 64, 126, 93, 103, 110, 63, 74, 77, 68",,Sports betting
643,superbet demo shining crown,ro,61,70,0.40,,shining crown,2026-06-30 19:10:55,,90,1700,1800,2021-12-15,"Informational,Branded,Non-local",English,"54, 31, 52, 73, 90, 109, 43, 35, 34, 32, 59, 33, 79, 43, 56, 81, 63, 163, 122, 33, 21, 47, 54, 46",,Lottery
644,google superbet,ro,,70,,,,,,100,,,2015-12-26,,,"4, 40, 77, 38, 56, 196, 277, 215, 91, 34, 16, 28, 13, 26, 81, 105, 123, 101, 136, 104, 41, 41, 33, 29",,
645,inchidere cont superbet,ro,1,70,2.50,,stergere cont superbet,2026-06-14 16:11:00,Video preview,90,70,70,2017-02-14,"Informational,Transactional,Branded,Non-local",Romanian,"73, 79, 86, 89, 88, 74, 93, 89, 75, 76, 67, 39, 56, 64, 92, 61, 46, 60, 55, 81, 67, 65, 48, 69",,Sports betting; Expert content
646,superbet apps,ro,63,70,1.60,,download superbet,2026-06-16 09:10:17,,200,4400,4500,2020-01-10,"Informational,Transactional,Branded,Non-local",English,"8, 12, 10, 4, 2, 6, 13, 10, 7, 26, 192, 8, 53, 64, 59, 67, 62, 98, 79, 67, 77, 80, 70, 66",,Sports betting; Add-ons
647,cote castigare liga 1 superbet,ro,,70,,,,,,90,,,2024-03-11,,,"39, 50, 56, 33, 46, 49, 39, 86, 151, 67, 23, 3, 33, 164, 141, 96, 41, 78, 52, 63, 92, 55, 51, 41",,
648,superbet promotie,ro,60,70,1.80,,superbet casino,2026-06-10 10:35:24,,90,9100,9300,2016-10-08,"Informational,Commercial,Branded,Non-local",Romanian,"14, 35, 31, 22, 46, 37, 55, 12, 14, 34, 24, 16, 35, 55, 59, 53, 50, 132, 122, 77, 49, 55, 61, 67",,Gambling
649,superbet casino app,ro,,70,1.60,,,,,800,,,2019-09-18,,,"15, 31, 11, 16, 24, 16, 12, 13, 11, 16, 16, 11, 41, 44, 82, 48, 48, 83, 96, 57, 78, 78, 77, 68",,
650,pariuri virtuale superbet,ro,,70,,,,,,90,,,2019-01-22,"Informational,Navigational,Commercial,Transactional,Branded,Non-local",Romanian,"0, 0, 8, 1, 4, 1, 4, 0, 1, 1, 1, 1, 52, 79, 88, 51, 65, 124, 128, 71, 50, 40, 15, 27",,Sports betting; Sports
651,superbet oferta pdf,ro,44,70,1.20,,oferta de azi la superbet,2026-06-19 22:48:08,,100,1800,1800,2015-09-15,"Informational,Commercial,Branded,Non-local",Romanian,"22, 35, 42, 49, 55, 31, 41, 20, 34, 37, 112, 49, 71, 80, 80, 93, 99, 62, 64, 48, 45, 59, 60, 50",,Sports betting; Templates
652,superbet autoexcludere,ro,,70,1.00,,,,,90,,,2019-02-06,,,"37, 45, 52, 85, 58, 70, 144, 112, 99, 94, 86, 47, 55, 39, 75, 89, 60, 70, 89, 99, 71, 43, 41, 62",,
653,superbet timisoara,ro,54,70,1.40,0.6,superbet timisoara,2026-06-21 13:32:09,Local pack,90,10,10,2015-09-03,"Informational,Branded,Local",Romanian,"44, 52, 60, 102, 96, 62, 50, 64, 100, 67, 55, 23, 59, 66, 85, 53, 51, 65, 72, 64, 91, 47, 67, 72",,Sports betting; Business
654,superbet aplicație,ro,62,70,1.30,,superbet aplicatie,2026-07-08 00:43:41,,90,4800,5000,2019-11-11,"Informational,Transactional,Branded,Non-local",Romanian,"22, 36, 28, 27, 23, 48, 46, 40, 36, 33, 57, 12, 48, 59, 58, 65, 49, 116, 119, 61, 50, 70, 109, 61",,Sports betting; Add-ons
655,superbet mail,ro,,70,1.40,,,,,150,,,2016-04-03,,,"40, 38, 57, 57, 67, 65, 80, 69, 80, 40, 53, 37, 49, 54, 83, 94, 63, 70, 75, 95, 82, 43, 60, 67",,
656,superbet activare cont,ro,14,70,2.50,,redeschidere cont superbet,2026-06-17 01:18:53,Video preview,90,350,350,2018-09-29,"Informational,Transactional,Branded,Non-local",Romanian,"49, 60, 39, 85, 83, 64, 73, 64, 89, 90, 73, 50, 48, 64, 68, 75, 34, 53, 73, 77, 62, 51, 54, 75",,Sports betting; General reference
657,superbet depunere,ro,,70,1.70,,,,,90,,,2015-12-26,,,"29, 31, 28, 34, 28, 21, 26, 18, 24, 28, 49, 24, 31, 40, 28, 51, 51, 122, 173, 91, 45, 58, 55, 54",,
658,superbet],ro,42,70,0.50,1.2,superbet,2026-06-14 09:32:47,Sitelinks,250,1560000,1620000,2015-09-24,"Navigational,Transactional,Branded,Non-local",,"48, 51, 57, 59, 58, 59, 71, 73, 71, 57, 63, 48, 49, 60, 62, 73, 71, 72, 68, 77, 73, 61, 63, 57","61, 66, 67, 69, 65, 68, 68, 78, 73, 61, 63, 57",Sports betting; Sports
659,superbet football,ro,,70,,,,,,100,,,2020-02-20,,,"121, 45, 49, 7, 10, 21, 0, 0, 1, 15, 2, 1, 2, 7, 3, 8, 3, 1, 6, 18, 105, 203, 365, 196",,
660,anulare autoexcludere superbet,ro,,70,,,,,,70,,,2023-11-22,,,"47, 40, 57, 94, 108, 102, 141, 122, 146, 141, 91, 65, 59, 75, 124, 100, 43, 70, 75, 56, 70, 43, 45, 45",,
661,300 rotiri gratuite fara depunere superbet,ro,,70,,,,,,70,,,2025-10-05,,,"0, 0, 0, 0, 0, 0, 0, 0, 0, 0, 0, 0, 0, 0, 0, 13, 69, 92, 195, 229, 44, 46, 54, 56",,
662,call center superbet,ro,46,70,0.70,,superbet contact,2026-06-02 08:56:56,,90,7700,7700,2016-02-27,"Informational,Branded,Local",English,"34, 36, 26, 54, 66, 56, 59, 62, 58, 44, 50, 19, 40, 39, 88, 95, 61, 90, 82, 77, 71, 43, 47, 62",,Sports betting; Business
663,ce inseamna super avantaj la superbet,ro,10,70,1.00,,oferta de azi la superbet,2026-06-19 03:05:11,People also ask,70,600,600,2021-08-16,"Informational,Commercial,Branded,Non-local",Romanian,"84, 110, 155, 106, 72, 34, 73, 61, 44, 39, 29, 4, 37, 51, 74, 80, 77, 79, 89, 110, 83, 61, 48, 58",,Sports betting; Sports
664,supergigi superbet,ro,,70,,,,,,80,,,2025-02-16,,,"0, 0, 0, 0, 0, 0, 0, 12, 8, 5, 0, 0, 0, 21, 22, 31, 16, 15, 60, 417, 168, 79, 31, 69",,
665,deblocare cont superbet,ro,1,70,1.30,,deblocare cont superbet,2026-07-06 12:50:59,Video preview,90,30,30,2020-11-05,"Informational,Transactional,Branded,Non-local",Romanian,"56, 83, 83, 106, 109, 124, 124, 121, 116, 111, 100, 61, 64, 107, 103, 85, 65, 55, 65, 66, 43, 39, 38, 37",,Sports betting; General reference
666,superbet cote pariuri,ro,,60,0.30,,,,,90,,,2016-03-08,,,"17, 1, 0, 0, 0, 0, 0, 0, 0, 0, 22, 2, 12, 19, 29, 58, 33, 121, 93, 81, 83, 97, 74, 65",,
667,bonusuri superbet casino,ro,,60,,,,,,100,,,2021-02-25,,,"2, 3, 7, 5, 5, 0, 6, 3, 8, 4, 1, 1, 201, 111, 54, 35, 45, 65, 64, 54, 73, 18, 2, 5",,
668,superbet tg mures,ro,34,60,1.40,,superbet agentii,2026-06-27 08:36:46,Local pack,60,2200,2200,2016-06-09,"Informational,Branded,Local",Romanian,"58, 40, 28, 62, 55, 72, 63, 63, 49, 55, 62, 40, 53, 39, 51, 32, 36, 106, 67, 97, 54, 94, 38, 48",,Sports betting; Business
669,superbet casa de pariuri,ro,,60,,,,,,80,,,2016-05-09,,,"0, 0, 1, 3, 2, 5, 4, 4, 4, 5, 2, 2, 39, 51, 37, 46, 44, 49, 52, 56, 85, 86, 90, 64",,
670,biletul zilei superbet azi,ro,,60,0.35,,,,,80,,,2018-08-08,"Informational,Branded,Non-local",Romanian,"0, 0, 0, 0, 0, 0, 10, 41, 41, 29, 30, 29, 26, 30, 20, 35, 38, 39, 95, 80, 98, 76, 64, 60",,Sports betting; Sports
671,superbet retail sa,ro,,60,,,,,,60,,,2025-07-18,,,"0, 0, 0, 0, 0, 0, 0, 0, 0, 0, 0, 0, 5, 5, 0, 6, 43, 41, 110, 103, 112, 89, 77, 109",,
672,adresa de email superbet,ro,,60,,,,,,60,,,2018-10-15,,,"25, 11, 14, 34, 50, 36, 45, 47, 38, 39, 40, 30, 31, 29, 69, 55, 33, 45, 74, 74, 56, 56, 51, 80",,
673,program sarbatori superbet,ro,57,60,,0.97,program superbet,2026-06-10 18:18:10,,80,3800,3800,2015-12-22,"Informational,Branded,Non-local",Romanian,"0, 0, 0, 0, 0, 297, 62, 2, 0, 54, 1, 0, 10, 15, 11, 16, 39, 282, 128, 24, 19, 90, 41, 41",,Gambling
674,joaca double play superbet,ro,,60,,,,,,100,,,2020-09-05,,,"1, 0, 1, 1, 3, 0, 0, 0, 0, 1, 0, 0, 60, 64, 71, 32, 31, 65, 62, 53, 72, 87, 84, 78",,
675,superbet lugoj,ro,32,60,1.10,,superbet,2026-06-21 06:57:31,"Local pack,Sitelinks",80,1580000,1680000,2015-09-11,"Informational,Branded,Local",,"47, 30, 54, 41, 42, 83, 75, 90, 75, 54, 30, 23, 35, 65, 53, 54, 30, 83, 59, 62, 89, 92, 38, 61",,Sports betting; Business
676,superbet contact nr telefon,ro,55,60,1.30,,superbet contact,2026-06-02 03:06:19,Local pack,90,7700,7700,2020-07-06,"Informational,Branded,Local",Romanian,"23, 30, 31, 19, 15, 26, 42, 27, 45, 32, 29, 13, 57, 83, 81, 82, 62, 59, 56, 48, 73, 56, 60, 51",,Sports betting; Business
677,oferta superbet marti,ro,35,60,0.70,,superbet oferta,2026-06-18 23:52:23,Sitelinks,90,56000,58000,2015-09-23,"Informational,Commercial,Branded,Non-local",Romanian,"240, 283, 208, 120, 141, 168, 194, 107, 45, 45, 39, 32, 54, 53, 102, 110, 85, 37, 54, 62, 43, 38, 40, 32",,Sports betting; Sports
678,superbet numar telefon,ro,61,60,1.00,,superbet contact,2026-06-22 14:54:52,,80,7900,7900,2017-08-10,"Informational,Branded,Local",Romanian,"15, 18, 15, 39, 34, 40, 44, 46, 40, 77, 77, 44, 46, 66, 85, 95, 61, 77, 49, 46, 38, 27, 17, 31",,Sports betting; Business; Customer
679,program superbet 1 decembrie,ro,,60,,1.31,,,,60,,,2015-11-30,"Informational,Branded,Local",Romanian,"0, 0, 0, 0, 105, 95, 6, 1, 0, 0, 0, 0, 0, 0, 0, 0, 268, 277, 82, 11, 11, 11, 8, 3",,Sports betting; Business
680,număr telefon superbet,ro,,60,,,,,,60,,,2020-11-11,,,"0, 0, 0, 22, 44, 41, 40, 27, 25, 44, 37, 9, 22, 42, 57, 66, 35, 74, 74, 89, 75, 55, 55, 64",,
681,program superbet craciun,ro,,60,,,,,,80,,,2015-12-23,,,"0, 0, 0, 0, 0, 1892, 131, 4, 0, 0, 0, 1, 13, 12, 11, 18, 69, 343, 105, 35, 16, 40, 33, 31",,
682,echipa de suport superbet,ro,55,60,,,superbet contact,2026-06-26 20:43:57,,70,8000,8000,2019-09-09,"Informational,Branded,Non-local",Romanian,"38, 39, 38, 44, 50, 55, 49, 89, 52, 44, 64, 38, 50, 52, 96, 81, 46, 65, 66, 79, 53, 42, 29, 66",,Sports betting; Customer
683,impozit pariuri superbet,ro,0,60,0.80,,impozit superbet,2026-06-20 17:13:50,People also ask,90,60,60,2016-09-07,"Informational,Commercial,Branded,Non-local",Romanian,"35, 37, 92, 101, 23, 20, 19, 15, 19, 21, 26, 36, 78, 130, 111, 84, 34, 19, 53, 63, 65, 41, 38, 37",,Planning; Sports betting; Public policy; Fiscal policy news
684,superbet valcea,ro,52,60,0.50,,superbet,2026-06-17 00:15:11,"Local pack,Sitelinks",80,1550000,1620000,2015-09-05,"Informational,Branded,Local",Romanian,"34, 28, 35, 63, 44, 76, 47, 37, 37, 55, 57, 33, 46, 44, 62, 50, 37, 68, 82, 67, 51, 61, 36, 45",,Sports betting; Business
685,superbet 5 minute rotiri gratuite,ro,,60,,,,,,60,,,2025-08-21,,,"0, 0, 0, 0, 0, 0, 0, 0, 0, 0, 0, 0, 0, 44, 13, 22, 88, 161, 265, 26, 67, 2, 0, 3",,
686,retragere superbet agentie,ro,30,60,0.90,,retragere superbet agentie,2026-06-26 16:09:04,"People also ask,Video preview",80,100,100,2017-08-08,"Informational,Transactional,Branded,Local",Romanian,"49, 62, 54, 81, 70, 86, 80, 62, 45, 26, 22, 23, 28, 34, 38, 37, 27, 60, 66, 118, 82, 85, 62, 66",,Sports betting; General reference
687,superbet download app,ro,,60,2.00,,,,,450,,,2018-10-06,,,"36, 59, 59, 60, 52, 55, 76, 51, 38, 28, 16, 25, 55, 57, 52, 63, 60, 64, 51, 54, 71, 61, 46, 49",,
688,lucky six superbet live,ro,6,60,,,lucky six superbet,2026-07-03 00:57:29,Video preview,80,200,200,2019-01-07,"Informational,Transactional,Branded,Non-local",English,"14, 36, 9, 5, 14, 32, 46, 33, 47, 25, 17, 19, 35, 35, 32, 56, 35, 77, 104, 63, 63, 77, 106, 83",,Lottery
689,superbet program azi,ro,,60,0.30,,,,,90,,,2016-09-19,"Informational,Branded,Local",Romanian,"0, 0, 0, 0, 0, 16, 33, 0, 0, 36, 7, 7, 6, 10, 9, 20, 34, 165, 172, 64, 21, 149, 76, 56",,Sports betting; Business
690,case de pariuri superbet,ro,,60,,,,,,80,,,2019-01-28,,,"0, 0, 0, 0, 2, 4, 3, 2, 2, 2, 2, 2, 37, 53, 41, 54, 68, 64, 48, 51, 62, 88, 71, 64",,
691,superbet ro casino,ro,,60,,,,,,200,,,2023-08-29,,,"2, 9, 21, 7, 6, 16, 101, 34, 35, 59, 53, 40, 275, 202, 51, 10, 8, 21, 32, 18, 19, 47, 21, 25",,
692,aviator superbet,ro,11,60,3.50,,aviator demo,2026-06-24 11:14:58,,300,250,250,2016-02-05,"Informational,Commercial,Transactional,Branded,Non-local",,"48, 49, 43, 66, 62, 60, 131, 51, 70, 42, 38, 19, 50, 78, 47, 77, 37, 68, 35, 64, 64, 48, 42, 45",,Sports betting
693,superbet live fotbal,ro,56,60,0.30,,rezultate live,2026-07-02 13:19:39,Sitelinks,90,17000,21000,2017-09-18,"Navigational,Transactional,Branded,Non-local",Romanian,"44, 28, 2, 0, 0, 0, 0, 1, 11, 40, 39, 12, 40, 48, 64, 80, 61, 91, 69, 79, 53, 34, 70, 77",,Sports betting; Soccer
694,superbet cadou de ziua ta,ro,59,60,1.50,,bonus aniversar casino,2026-07-08 13:03:53,,90,1500,1500,2020-10-09,"Informational,Commercial,Transactional,Branded,Non-local",Romanian,"70, 77, 55, 62, 70, 62, 67, 52, 65, 40, 71, 30, 38, 38, 45, 72, 75, 110, 71, 39, 35, 63, 59, 57",,Sports betting
695,superbet zalau,ro,40,60,1.50,,superbet zalau,2026-07-04 19:39:38,Local pack,80,10,10,2015-10-24,"Informational,Branded,Local",Romanian,"45, 42, 33, 56, 65, 45, 67, 30, 34, 56, 43, 20, 29, 48, 60, 36, 36, 80, 62, 63, 54, 69, 71, 70",,Sports betting; Business
696,superbet contact clienti,ro,,60,,,,,,60,,,2021-01-14,,,"0, 0, 0, 0, 0, 8, 0, 0, 0, 0, 0, 0, 0, 41, 9, 123, 148, 118, 78, 31, 101, 20, 6, 52",,
697,superbet eurovision,ro,39,60,,,pariuri eurovision,2026-06-09 21:39:59,,80,70,70,2017-05-13,"Informational,Commercial,Branded,Non-local",English,"9, 4, 0, 0, 0, 0, 0, 0, 0, 0, 89, 0, 1, 0, 0, 0, 0, 0, 0, 0, 57, 94, 580, 223",,Sports betting
698,rezultate live superbet,ro,55,60,0.45,,rezultate live,2026-06-24 06:51:46,,80,16000,20000,2015-09-22,"Informational,Navigational,Commercial,Branded,Non-local",Romanian,"36, 68, 65, 47, 48, 33, 43, 24, 37, 27, 13, 3, 71, 55, 45, 34, 34, 29, 50, 49, 103, 74, 85, 86",,Sports betting; Statistics
699,superbet roata,ro,50,60,1.50,,superspin,2026-06-08 04:36:29,Sitelinks,70,1300,1300,2020-04-06,"Informational,Commercial,Branded,Non-local",Romanian,"52, 95, 46, 39, 42, 102, 46, 63, 84, 55, 23, 22, 42, 66, 32, 71, 40, 75, 61, 50, 71, 60, 39, 62",,Lottery
700,shining crown superbet,ro,53,60,1.00,,shining crown,2026-06-21 17:48:13,,90,1700,1800,2020-01-10,"Informational,Commercial,Transactional,Branded,Non-local",English,"50, 27, 40, 26, 64, 75, 74, 26, 25, 21, 35, 29, 95, 48, 53, 60, 25, 45, 39, 17, 57, 51, 106, 87",,Sports betting
701,card superbet club card,ro,,60,,,,,,60,,,2025-11-02,,,"0, 0, 0, 0, 0, 0, 0, 0, 0, 0, 0, 0, 0, 0, 0, 0, 19, 17, 92, 70, 42, 23, 223, 245",,
702,program superbet duminica,ro,,60,,,,,,70,,,2015-10-04,,,"8, 20, 10, 4, 46, 32, 32, 11, 15, 41, 17, 19, 20, 32, 22, 35, 65, 136, 99, 47, 28, 44, 93, 48",,
703,superbet besix,ro,,60,,1.14,,,,70,,,2015-12-01,"Informational,Commercial,Branded,Non-local",,"0, 0, 0, 0, 0, 0, 0, 0, 0, 0, 1, 0, 38, 31, 37, 67, 65, 84, 49, 29, 28, 37, 88, 107",,Lottery; General reference
704,verificare cont superbet,ro,56,60,1.90,,superbet verificare cont,2026-06-16 00:18:07,,90,50,50,2016-08-26,"Informational,Transactional,Branded,Non-local",Romanian,"69, 67, 71, 56, 45, 23, 40, 30, 41, 36, 33, 20, 30, 42, 47, 54, 53, 123, 100, 84, 39, 34, 53, 45",,Sports betting; General reference
705,superbet pariuri sportive verificare bilet,ro,49,60,,1.19,verificare bilet superbet,2026-06-17 01:30:37,"Sitelinks,Video preview",80,69000,70000,2015-09-19,"Informational,Navigational,Branded,Non-local",Romanian,"7, 17, 8, 42, 32, 30, 9, 4, 9, 10, 9, 2, 20, 22, 23, 27, 39, 99, 115, 83, 60, 56, 90, 70",,Sports betting
706,bonus aniversar superbet conditii,ro,,60,,,,,,60,,,2020-06-25,,,"28, 38, 53, 35, 37, 31, 86, 60, 85, 39, 47, 37, 31, 48, 49, 82, 69, 80, 78, 46, 32, 45, 54, 42",,
707,program superbet de sărbători,ro,,60,,,,,,60,,,2020-01-15,,,"0, 0, 0, 0, 0, 129, 55, 3, 0, 0, 0, 0, 0, 0, 0, 0, 0, 332, 91, 0, 0, 239, 2, 11",,
708,superbet botoșani,ro,3,60,1.50,,superbet,2026-06-04 14:34:00,"Local pack,Sitelinks",80,1610000,1760000,2018-09-14,"Informational,Branded,Local",Romanian,"38, 20, 36, 44, 56, 49, 60, 45, 58, 92, 45, 27, 26, 40, 61, 53, 40, 83, 69, 63, 55, 82, 31, 45",,Sports betting; Business
709,superbet calarasi,ro,8,60,0.90,,super bet,2026-07-08 15:42:31,"Local pack,Sitelinks",60,60000,151000,2015-09-02,"Informational,Branded,Local",Romanian,"35, 39, 41, 36, 58, 66, 86, 43, 56, 70, 35, 35, 34, 47, 55, 43, 37, 81, 95, 79, 64, 74, 36, 49",,Sports betting; Business
710,superbet telegram,ro,,60,,,,,,250,,,2021-10-23,,,"6, 6, 15, 14, 29, 26, 33, 22, 25, 11, 17, 6, 8, 11, 122, 117, 81, 58, 52, 127, 36, 23, 17, 25",,
711,fratele ursulei superbet,ro,,60,,,,,,60,,,2024-11-22,,,"0, 0, 0, 0, 28, 5, 17, 12, 246, 80, 138, 17, 211, 96, 208, 112, 23, 11, 8, 13, 17, 5, 1, 8",,
712,oferta superbet miercuri,ro,31,60,0.80,,superbet.ro,2026-06-30 07:38:20,"Sitelinks,AI Overview,Thumbnail",80,66000,75000,2016-09-29,"Informational,Commercial,Branded,Non-local",Romanian,"152, 127, 61, 54, 65, 52, 73, 75, 39, 40, 28, 17, 58, 61, 71, 47, 34, 39, 58, 56, 64, 81, 63, 52",,Sports betting; Sports
713,superbet pareri,ro,31,60,2.00,,pareri superbet,2026-06-12 20:17:59,Sitelinks,100,80,80,2015-10-21,"Informational,Commercial,Branded,Non-local",Romanian,"60, 62, 57, 61, 62, 69, 75, 66, 66, 65, 64, 68, 59, 60, 55, 59, 60, 67, 74, 65, 64, 64, 63, 66","57, 58, 53, 57, 58, 65, 72, 63, 63, 62, 61, 65",Sports betting; Communities
714,20 dazzling superbet,ro,,60,,,,,,80,,,2020-07-07,"Informational,Commercial,Transactional,Branded,Non-local",English,"0, 0, 0, 0, 0, 0, 0, 0, 0, 0, 1, 0, 42, 36, 36, 65, 53, 77, 69, 71, 69, 82, 81, 97",,Sports betting
715,superbet sign up,ro,,60,,,,,,500,,,2020-02-01,,,"1, 5, 4, 7, 12, 13, 20, 13, 3, 6, 9, 4, 5, 10, 10, 10, 21, 56, 81, 83, 90, 104, 119, 108",,
716,pariuri live superbet,ro,53,60,0.45,,oferta de azi la superbet,2026-06-26 05:05:04,Sitelinks,90,8200,8900,2015-10-15,"Navigational,Transactional,Branded,Non-local",Romanian,"5, 8, 24, 19, 13, 14, 10, 7, 12, 15, 10, 3, 44, 40, 30, 27, 22, 83, 103, 84, 78, 78, 88, 64",,Sports betting; Sports
717,tenis superbet,ro,11,60,1.70,,oferta de azi la superbet,2026-06-19 11:02:03,Sitelinks,80,2600,2600,2017-06-10,"Navigational,Transactional,Branded,Non-local",Romanian,"95, 61, 42, 33, 39, 8, 72, 64, 53, 72, 89, 120, 113, 105, 41, 55, 11, 33, 44, 36, 43, 40, 80, 93","87, 82, 60, 56, 42, 21, 79, 63, 72, 59, 83, 93",Sports betting; Racquet sports
718,superbet tulcea,ro,44,60,1.40,,superbet tulcea,2026-06-26 05:14:17,Local pack,80,10,10,2015-11-29,"Informational,Branded,Local",,"65, 43, 30, 38, 49, 66, 59, 39, 62, 82, 46, 24, 63, 51, 45, 41, 26, 63, 66, 71, 67, 86, 42, 54",,Sports betting; Business
719,meciurile de azi superbet,ro,43,60,,,superbet oferta,2026-06-08 05:15:29,Sitelinks,80,50000,51000,2019-02-14,"Informational,Navigational,Commercial,Transactional,Branded,Non-local",Romanian,"2, 0, 0, 196, 289, 332, 267, 0, 0, 0, 0, 0, 3, 29, 22, 85, 70, 166, 126, 122, 67, 29, 13, 22",,Sports betting
720,hot streak superbet,ro,,60,,,,,,60,,,2025-06-15,,,"0, 0, 0, 0, 0, 0, 0, 0, 0, 0, 0, 82, 56, 66, 53, 70, 29, 50, 96, 54, 42, 69, 27, 34",,
721,superbet loto italia,ro,60,60,0.35,,superbet loto,2026-06-21 07:58:49,,80,13000,13000,2016-05-03,"Informational,Commercial,Branded,Non-local",Romanian,"37, 33, 20, 7, 0, 0, 0, 15, 0, 4, 0, 16, 20, 42, 75, 35, 29, 41, 39, 73, 142, 42, 100, 84",,Lottery; General reference
722,superbet cifra de afaceri,ro,,60,0.02,,,,,60,,,2017-04-08,,,"32, 37, 54, 39, 33, 83, 51, 49, 43, 38, 32, 26, 64, 28, 295, 73, 25, 35, 28, 30, 25, 30, 23, 32",,
723,superbet verificare bilet cod scurt,ro,,60,,,,,,60,,,2025-11-06,,,"0, 0, 0, 0, 0, 0, 0, 0, 0, 0, 0, 0, 0, 0, 0, 0, 70, 166, 141, 74, 96, 94, 67, 56",,
724,loto ungaria 6 45 superbet,ro,20,60,0.40,,loto ungaria 6/45,2026-06-26 22:51:35,Sitelinks,90,250,250,2020-08-02,"Informational,Commercial,Branded,Non-local",Romanian,"96, 87, 38, 66, 78, 55, 95, 90, 84, 44, 58, 70, 59, 85, 86, 56, 74, 56, 52, 62, 52, 53, 41, 36",,Lottery
725,superbet sports betting,ro,,60,,,,,,150,,,2023-11-14,,,"0, 0, 0, 0, 0, 0, 0, 0, 0, 0, 0, 0, 6, 6, 7, 3, 9, 18, 163, 202, 147, 77, 20, 50",,
726,superbet firma,ro,,60,,,,,,80,,,2017-01-06,,,"36, 36, 40, 44, 38, 42, 35, 46, 42, 27, 27, 33, 58, 21, 212, 107, 18, 19, 27, 44, 45, 33, 35, 31",,
727,superbet loto polonia rezultate,ro,59,60,0.40,,superbet loto,2026-06-18 11:22:22,Sitelinks,80,13000,13000,2015-10-19,"Informational,Branded,Non-local",Romanian,"112, 143, 143, 173, 98, 60, 86, 90, 219, 147, 214, 159, 111, 55, 18, 38, 15, 33, 37, 77, 20, 81, 26, 41",,Lottery
728,cont online superbet,ro,,60,5.00,,,,,80,,,2016-03-03,"Informational,Navigational,Commercial,Transactional,Branded,Non-local",Romanian,"9, 5, 0, 0, 0, 0, 0, 0, 0, 3, 6, 0, 19, 39, 20, 39, 45, 98, 153, 69, 48, 35, 75, 105",,Sports betting
729,sansa superbet,ro,58,60,0.70,1.23,pariu sansa superbet,2026-07-07 02:37:45,,80,1000,1000,2015-10-17,"Informational,Commercial,Branded,Non-local",Romanian,"45, 95, 140, 131, 105, 94, 121, 85, 90, 73, 66, 24, 69, 83, 62, 78, 74, 50, 49, 74, 49, 45, 30, 30",,Sports betting; General reference
730,superbet bucuresti,ro,53,60,0.70,0.53,superbet contact,2026-06-05 00:49:47,Sitelinks,80,7700,7700,2015-09-04,"Informational,Branded,Local",Romanian,"37, 33, 37, 60, 67, 31, 62, 51, 68, 57, 52, 24, 50, 46, 49, 50, 32, 69, 69, 75, 59, 71, 53, 69",,Sports betting; Business
731,loto polonia superbet rezultate,ro,60,60,,,superbet loto,2026-06-18 09:32:55,,90,13000,13000,2015-11-12,"Informational,Branded,Non-local",Romanian,"28, 0, 0, 40, 59, 41, 28, 29, 57, 28, 55, 19, 7, 19, 26, 32, 38, 38, 53, 77, 86, 149, 118, 103",,Lottery
732,superbet piatra neamt,ro,45,60,1.20,,superbet agentii,2026-06-22 01:47:15,Local pack,80,2200,2200,2015-11-25,"Informational,Branded,Local",Romanian,"51, 41, 53, 51, 40, 60, 81, 62, 77, 86, 35, 28, 57, 50, 37, 46, 31, 50, 97, 93, 69, 70, 44, 58",,Sports betting; Business
733,superbet',ro,36,60,,1.23,superbet,2026-06-23 09:18:40,Sitelinks,150,1570000,1670000,2015-11-08,"Navigational,Transactional,Branded,Non-local",,"54, 29, 40, 92, 68, 106, 38, 60, 74, 85, 58, 39, 32, 45, 62, 57, 46, 76, 63, 61, 67, 35, 58, 58",,Sports betting; Sports
734,salarii superbet,ro,0,60,1.10,,salarii superbet,2026-07-02 00:26:18,"AI Overview,Thumbnail,Sitelinks",80,80,80,2015-09-09,"Informational,Branded,Non-local",Romanian,"62, 45, 63, 67, 45, 97, 129, 75, 89, 56, 55, 45, 59, 72, 74, 64, 76, 39, 58, 45, 70, 60, 40, 60",,Human; Planning
735,retragere bani superbet,ro,31,60,1.60,,retragere superbet,2026-06-15 00:02:05,"AI Overview,Thumbnail,Video preview",90,150,150,2016-03-10,"Informational,Transactional,Branded,Non-local",Romanian,"59, 37, 52, 64, 58, 69, 48, 62, 27, 23, 23, 23, 31, 44, 46, 48, 36, 109, 141, 87, 53, 56, 62, 56",,Sports betting; General reference
736,forum superbet,ro,,60,1.40,,,,,80,,,2015-11-03,,,"14, 14, 23, 20, 23, 18, 29, 19, 52, 18, 13, 25, 10, 23, 271, 108, 49, 34, 33, 39, 45, 27, 21, 33",,
737,card club superbet,ro,47,60,0.70,,club superbet,2026-06-17 21:58:14,Video preview,80,68000,69000,2020-07-23,"Informational,Commercial,Branded,Non-local",Romanian,"128, 103, 83, 88, 97, 70, 63, 41, 98, 105, 115, 29, 7, 40, 64, 114, 54, 91, 33, 38, 37, 78, 67, 106",,Sports betting
738,superbet casino bonus fara depunere,ro,,60,3.00,,,,,90,,,2021-06-15,,,"48, 76, 54, 56, 50, 55, 82, 63, 26, 20, 19, 15, 8, 10, 17, 24, 48, 94, 120, 95, 91, 75, 39, 61",,
739,nu poti efectua retrageri superbet,ro,30,60,1.10,,nu poti efectua retrageri superbet,2026-06-15 20:57:49,Video preview,60,80,80,2021-04-08,"Informational,Transactional,Branded,Non-local",Romanian,"59, 49, 57, 81, 111, 100, 89, 86, 96, 54, 53, 33, 56, 71, 106, 58, 52, 76, 60, 61, 60, 35, 18, 13",23,Sports betting; Expert content
740,logare superbet,ro,,60,1.10,,,,,80,,,2018-12-18,"Navigational,Transactional,Branded,Non-local",Romanian,"270, 163, 164, 150, 136, 20, 27, 36, 44, 24, 161, 41, 57, 138, 69, 112, 36, 49, 54, 35, 36, 67, 36, 37",,Sports betting
741,program agentie superbet,ro,57,60,0.40,,program superbet,2026-06-02 09:28:58,Local pack,80,3800,3800,2016-05-03,"Informational,Branded,Local",Romanian,"8, 4, 0, 0, 0, 29, 36, 10, 29, 54, 15, 24, 19, 42, 32, 22, 36, 114, 122, 67, 40, 106, 69, 64",,Sports betting; Business
742,joc clopotei superbet,ro,,60,,,,,,60,,,2024-07-23,,,"8, 23, 6, 15, 39, 46, 56, 37, 52, 38, 39, 23, 41, 36, 52, 64, 65, 97, 101, 116, 65, 20, 6, 5",,
743,superbet beach please,ro,,60,,,,,,70,,,2025-05-14,,,"0, 0, 0, 0, 0, 0, 0, 0, 0, 0, 18, 105, 626, 15, 2, 0, 0, 0, 0, 0, 0, 0, 0, 1",,
744,slotul double play superbet,ro,,60,,,,,,70,,,2020-09-20,,,"0, 0, 0, 1, 5, 0, 0, 0, 0, 0, 0, 0, 32, 34, 79, 29, 40, 66, 61, 56, 72, 87, 89, 77",,
745,superbet download ios,ro,55,60,1.00,,superbet app,2026-06-17 04:58:54,,500,900,1000,2019-05-16,"Informational,Transactional,Branded,Non-local",English,"37, 43, 29, 28, 22, 34, 43, 40, 39, 37, 49, 20, 35, 50, 45, 49, 72, 80, 66, 67, 51, 44, 46, 44",,Sports betting; Add-ons
746,apk superbet,ro,68,60,1.60,,superbet,2026-06-08 01:24:52,"Sitelinks,Video preview",500,88000,89000,2016-12-01,"Informational,Commercial,Transactional,Branded,Non-local",English,"40, 40, 806, 52, 41, 139, 819, 50, 56, 55, 51, 20, 69, 56, 120, 58, 42, 66, 73, 56, 39, 48, 43, 39",,Sports betting
747,superbet red wizard,ro,,60,,,,,,70,,,2025-09-20,,,"0, 0, 0, 0, 0, 0, 0, 0, 0, 0, 0, 0, 0, 0, 739, 16, 10, 8, 0, 0, 0, 0, 0, 1",,
748,superbet apk download uptodown,ro,,60,,,,,,80,,,2024-06-04,,,"0, 0, 0, 9, 11, 31, 34, 42, 31, 62, 58, 46, 61, 29, 63, 36, 44, 87, 95, 90, 66, 68, 39, 58",,
749,superbet giurgiu,ro,32,60,1.20,,superbet,2026-06-07 10:25:49,"Local pack,Sitelinks",80,1600000,1760000,2015-10-01,"Informational,Branded,Local",Romanian,"83, 122, 97, 50, 63, 58, 45, 41, 61, 67, 38, 35, 29, 55, 60, 46, 32, 72, 100, 84, 72, 71, 50, 58",,Sports betting
750,superbet bonus bun venit,ro,55,60,4.00,,superbet casino,2026-06-08 02:39:19,Video preview,80,9100,9300,2019-01-04,"Informational,Commercial,Transactional,Branded,Non-local",Romanian,"27, 41, 38, 32, 57, 52, 92, 38, 40, 33, 23, 19, 47, 38, 66, 68, 48, 58, 64, 60, 53, 45, 48, 69",,Sports betting
751,oferta superbet duminica fotbal,ro,40,60,0.25,,superbet.ro,2026-06-27 08:21:59,Sitelinks,90,66000,75000,2022-11-12,"Informational,Commercial,Transactional,Branded,Non-local",Romanian,"44, 50, 89, 47, 40, 51, 71, 48, 29, 52, 28, 6, 13, 6, 19, 13, 25, 27, 58, 74, 79, 144, 121, 181",,Sports betting; Soccer
752,presedinte superbet,ro,,60,,,,,,60,,,2023-03-15,,,"4, 0, 0, 0, 5, 5, 55, 72, 150, 20, 54, 24, 570, 35, 31, 15, 6, 1, 0, 0, 0, 1, 0, 1",,
753,superbet jobs,ro,,60,0.08,,,,,200,,,2017-01-13,,,"39, 30, 59, 50, 22, 27, 68, 35, 39, 23, 33, 28, 54, 47, 61, 61, 31, 37, 81, 78, 67, 56, 64, 53",,
754,superbet verificare cont,ro,58,60,1.00,,superbet verificare cont,2026-06-18 15:33:29,,90,50,50,2020-01-12,"Informational,Branded,Non-local",Romanian,"71, 124, 92, 87, 100, 91, 83, 84, 72, 34, 22, 15, 39, 41, 65, 48, 80, 118, 109, 73, 45, 46, 18, 27",,Sports betting; Expert content
755,contact superbet email,ro,,60,,,,,,60,,,2024-02-22,,,"15, 6, 2, 14, 20, 26, 46, 53, 61, 44, 40, 27, 29, 40, 72, 65, 72, 74, 66, 76, 40, 49, 63, 70",,
756,shining crown clover chance superbet,ro,,50,0.60,,,,,70,,,2023-10-30,,,"99, 120, 85, 29, 17, 36, 11, 0, 1, 28, 10, 0, 26, 24, 40, 89, 166, 104, 29, 52, 15, 7, 0, 2",,
757,superbet verificare identitate,ro,,50,0.90,,,,,70,,,2016-07-19,,,"0, 0, 0, 12, 24, 13, 25, 23, 10, 18, 21, 8, 32, 41, 27, 29, 49, 82, 102, 53, 33, 39, 43, 39",,
758,superbet caracal,ro,40,50,1.30,,superbet agentii,2026-06-05 03:40:19,Knowledge panel,60,2000,2000,2016-02-14,"Informational,Branded,Local",,"23, 36, 20, 28, 31, 56, 43, 49, 35, 47, 18, 20, 28, 37, 40, 38, 32, 77, 71, 58, 59, 57, 29, 38",,Sports betting; Business
759,superbet angajari online,ro,,50,,,,,,50,,,2024-04-04,,,"26, 19, 38, 52, 38, 13, 50, 20, 41, 30, 32, 13, 12, 8, 33, 57, 53, 49, 114, 93, 62, 31, 29, 33",,
760,promoții superbet,ro,61,50,1.20,,superbet casino,2026-06-25 10:10:17,,70,11000,11000,2019-10-24,"Informational,Commercial,Branded,Non-local",Romanian,"4, 2, 6, 1, 4, 0, 2, 1, 2, 12, 5, 3, 41, 41, 54, 45, 54, 79, 83, 55, 56, 30, 10, 32",,Sports betting
761,cota 1 superbet,ro,,50,0.80,,,,,70,,,2017-01-20,,,"48, 25, 40, 62, 103, 62, 90, 52, 97, 42, 51, 37, 47, 45, 61, 73, 66, 47, 74, 65, 27, 13, 13, 3",,
762,pariuri sportive superbet program,ro,,50,,,,,,70,,,2017-10-07,,,"0, 0, 0, 0, 0, 0, 0, 0, 0, 0, 0, 0, 9, 17, 8, 21, 51, 64, 102, 86, 33, 59, 63, 49",,
763,superbet multi polonia,ro,,50,,,,,,70,,,2020-01-25,,,"80, 73, 88, 86, 109, 112, 78, 108, 12, 0, 0, 0, 0, 41, 84, 143, 83, 140, 128, 25, 0, 0, 0, 1",,
764,program de lucru superbet,ro,,50,0.35,,,,,70,,,2016-03-28,,,"0, 0, 0, 0, 0, 43, 37, 4, 2, 42, 6, 5, 10, 15, 11, 24, 63, 127, 143, 48, 28, 74, 35, 41",,
765,abon superbet,ro,0,50,1.70,,abon,2026-06-05 17:37:19,Video preview,70,600,600,2022-12-20,"Informational,Commercial,Transactional,Branded,Non-local",Romanian,"50, 55, 83, 74, 80, 84, 55, 37, 44, 46, 48, 22, 22, 39, 42, 66, 33, 61, 62, 68, 62, 31, 38, 31",,Digital wallets; Sports betting
766,scaneaza bilet superbet,ro,40,50,0.80,,verificare bilet superbet,2026-06-12 04:57:43,"Sitelinks,Video preview,AI Overview",70,69000,70000,2021-09-21,"Informational,Navigational,Branded,Non-local",Romanian,"60, 45, 59, 62, 103, 75, 81, 60, 71, 56, 34, 26, 43, 51, 39, 48, 33, 30, 53, 70, 37, 31, 42, 43",,Sports betting
767,superbet whatsapp,ro,56,50,1.90,,superbet contact,2026-06-14 17:27:04,,150,7900,7900,2018-10-03,"Informational,Branded,Non-local",,"44, 33, 37, 54, 64, 68, 62, 49, 36, 41, 24, 19, 33, 47, 56, 61, 39, 52, 42, 52, 57, 34, 22, 37",,Sports betting; Instant messaging
768,superbet reclama,ro,0,50,0.90,,reclama superbet,2026-06-28 04:51:38,"Video preview,Image pack",70,40,40,2020-03-25,"Informational,Commercial,Branded,Non-local",Romanian,"49, 32, 40, 59, 49, 56, 43, 50, 62, 70, 56, 58, 52, 37, 45, 55, 35, 37, 54, 41, 44, 35, 33, 39",,Commercials; Marketing; Sports betting; Company news; Ethics
769,superbet verificare bilet online,ro,,50,,1.08,,,,80,,,2015-09-29,"Informational,Transactional,Branded,Non-local",Romanian,"0, 0, 0, 0, 0, 0, 0, 14, 5, 0, 4, 6, 25, 21, 13, 15, 35, 149, 83, 53, 46, 31, 61, 46",,Sports betting
770,superbet bonus de bun venit fara depunere,ro,64,50,4.00,,superbet casino,2026-07-05 19:01:23,Sitelinks,80,7600,7900,2021-11-25,"Informational,Commercial,Transactional,Branded,Non-local",Romanian,"18, 37, 20, 26, 20, 39, 26, 28, 22, 22, 25, 15, 38, 37, 32, 46, 57, 49, 67, 80, 61, 59, 48, 50",,Sports betting
771,probleme superbet,ro,,50,,,,,,50,,,2016-02-29,,,"18, 21, 24, 10, 16, 21, 31, 18, 32, 14, 15, 6, 1, 4, 245, 33, 21, 42, 47, 62, 26, 22, 16, 38",,
772,program superbet craiova,ro,47,50,0.70,,program superbet,2026-06-07 05:53:51,Knowledge panel,70,3900,3900,2015-11-30,"Informational,Branded,Local",Romanian,"14, 19, 19, 0, 0, 19, 10, 5, 7, 18, 11, 1, 18, 23, 23, 34, 73, 132, 111, 46, 24, 63, 49, 52",,Gambling
773,cod verificare bilet superbet,ro,,50,,,,,,70,,,2016-08-20,,,"0, 0, 0, 0, 0, 0, 0, 0, 0, 1, 0, 0, 22, 19, 17, 24, 34, 107, 99, 94, 50, 46, 56, 51",,
774,superbet meciuri live,ro,,50,0.30,,,,,60,,,2015-11-05,,,"44, 83, 32, 47, 21, 11, 0, 0, 0, 0, 2, 16, 16, 22, 29, 19, 43, 54, 23, 35, 99, 239, 41, 103",,
775,pariuri superbet live,ro,,50,,,,,,70,,,2017-03-05,,,"0, 0, 0, 0, 0, 0, 0, 0, 0, 0, 0, 1, 22, 56, 42, 41, 14, 109, 92, 71, 39, 68, 61, 49",,
776,superbet brazil,ro,,50,,,,,,800,,,2023-10-02,,,"33, 39, 40, 17, 35, 26, 53, 65, 39, 62, 63, 96, 107, 65, 62, 35, 34, 40, 27, 50, 43, 32, 25, 36",,
777,verificare bilet fotbal superbet,ro,,50,,,,,,70,,,2016-12-17,,,"0, 0, 0, 0, 0, 0, 0, 0, 0, 0, 9, 0, 13, 11, 10, 26, 50, 86, 176, 76, 58, 37, 42, 44",,
778,descărcare superbet,ro,,50,1.10,,,,,60,,,2020-01-16,"Informational,Commercial,Transactional,Branded,Non-local",Romanian,"15, 35, 29, 28, 8, 27, 47, 34, 31, 30, 32, 17, 38, 42, 37, 46, 21, 55, 40, 42, 56, 49, 63, 48",,Sports betting
779,superbet depunere minima,ro,,50,3.00,,,,,70,,,2016-04-03,,,"11, 8, 10, 7, 0, 0, 0, 0, 0, 0, 5, 2, 17, 29, 19, 28, 26, 186, 100, 53, 25, 37, 38, 35",,
780,meci amanat superbet,ro,0,50,0.80,1.74,meci amanat superbet,2026-07-07 03:21:16,,70,30,30,2015-11-15,"Informational,Branded,Non-local",Romanian,"30, 21, 51, 42, 78, 55, 88, 34, 87, 38, 31, 23, 12, 22, 34, 35, 52, 60, 204, 116, 25, 8, 9, 10",,Sports betting; Sports
781,superbet in apropiere,ro,,50,0.60,,,,,70,,,2020-01-11,,,"36, 43, 35, 57, 48, 55, 39, 36, 39, 37, 30, 23, 44, 59, 47, 37, 32, 39, 58, 53, 56, 51, 48, 57",,
782,pariuri sportive live superbet,ro,,50,,,,,,70,,,2016-02-22,,,"0, 0, 0, 0, 0, 0, 0, 0, 0, 0, 0, 1, 13, 22, 12, 18, 37, 90, 120, 73, 100, 64, 48, 55",,
783,superbet hunedoara,ro,48,50,1.30,,superbet agentii,2026-06-06 19:16:35,"Local pack,Sitelinks",70,1900,1900,2015-09-12,"Informational,Branded,Local",,"35, 44, 36, 38, 43, 51, 38, 36, 40, 77, 25, 21, 34, 67, 55, 37, 23, 55, 40, 46, 62, 66, 35, 45",,Sports betting; Business
784,superbet alexandria,ro,48,50,0.90,,program superbet,2026-06-14 22:36:38,Local pack,60,600,600,2015-12-20,"Informational,Branded,Local",,"29, 36, 33, 26, 35, 68, 49, 40, 49, 49, 26, 21, 25, 44, 51, 27, 22, 76, 58, 61, 47, 62, 32, 38",,Sports betting; Business
785,coduri superbet,ro,55,50,2.50,,superbet casino,2026-06-10 04:51:23,"Video preview,Sitelinks",80,9100,9300,2015-10-25,"Informational,Commercial,Branded,Non-local",Romanian,"28, 63, 56, 64, 44, 45, 63, 45, 42, 39, 39, 15, 47, 52, 67, 80, 55, 46, 64, 67, 43, 43, 44, 44",,Sports betting; Promotional giveaways
786,suport clienți superbet,ro,,50,,,,,,70,,,2022-08-24,,,"19, 29, 42, 58, 49, 54, 45, 46, 55, 36, 36, 29, 36, 40, 62, 49, 48, 65, 57, 74, 45, 44, 39, 40",,
787,bonus casino live superbet,ro,,50,1.60,,,,,80,,,2020-04-20,"Informational,Commercial,Transactional,Branded,Non-local",Romanian,"26, 33, 44, 52, 61, 30, 70, 38, 67, 40, 58, 40, 37, 33, 56, 40, 43, 34, 108, 70, 50, 51, 28, 37",,Sports betting
788,aircash superbet,ro,,50,,,,,,50,,,2022-12-31,,,"10, 17, 27, 15, 61, 36, 24, 22, 56, 71, 61, 28, 33, 41, 41, 56, 67, 44, 59, 70, 68, 47, 36, 50",,
789,bile superbet,ro,,50,1.30,,,,,50,,,2017-01-05,"Informational,Commercial,Transactional,Branded,Non-local",Romanian,"35, 41, 44, 46, 39, 66, 54, 48, 79, 42, 59, 20, 20, 30, 51, 66, 41, 64, 60, 66, 48, 45, 38, 49",,Sports betting; Sports
790,superbet vaslui,ro,17,50,1.10,,superbet,2026-06-15 21:57:02,"Local pack,Sitelinks",70,1550000,1620000,2015-12-03,"Informational,Branded,Local",,"25, 25, 26, 28, 26, 52, 44, 36, 46, 63, 73, 30, 30, 48, 56, 48, 24, 65, 51, 80, 86, 56, 44, 54",,Sports betting; Business
791,program superbet azi 2026,ro,,50,,,,,,50,,,2026-02-01,,,"0, 0, 0, 0, 0, 0, 0, 0, 0, 0, 0, 0, 0, 0, 0, 0, 0, 0, 0, 9, 1, 331, 207, 137",,
792,creare bilet superbet,ro,14,50,1.70,,super bet,2026-07-03 18:40:26,"Sitelinks,Video preview",70,67000,136000,2016-03-16,"Informational,Transactional,Branded,Non-local",Romanian,"80, 79, 86, 145, 68, 95, 101, 38, 31, 38, 34, 49, 11, 27, 34, 50, 23, 14, 26, 45, 103, 56, 61, 97",,Sports betting; Sports
793,sediu superbet,ro,41,50,,,superbet wikipedia,2026-06-14 19:52:07,"Image pack,Knowledge panel",70,200,200,2016-04-08,"Informational,Branded,Local",Romanian,"29, 36, 62, 74, 57, 57, 77, 59, 70, 48, 62, 27, 36, 45, 62, 72, 52, 61, 39, 67, 60, 44, 43, 51",,Sports betting; Business
794,superbet nr contact,ro,,50,1.40,,,,,50,,,2016-03-07,,,"19, 22, 29, 35, 42, 31, 49, 48, 48, 39, 27, 13, 0, 13, 49, 46, 28, 63, 70, 94, 101, 61, 63, 68",,
795,pariu supersansa superbet,ro,,50,,,,,,80,,,2019-02-07,,,"0, 0, 0, 0, 0, 0, 0, 0, 0, 0, 0, 0, 17, 21, 16, 45, 16, 161, 85, 27, 21, 41, 143, 61",,
796,cont vip superbet,ro,0,50,3.50,,cont vip superbet,2026-06-09 10:50:59,,70,30,30,2021-03-01,"Informational,Commercial,Branded,Non-local",Romanian,"91, 61, 68, 110, 104, 107, 115, 69, 98, 102, 65, 56, 40, 68, 86, 44, 42, 58, 77, 59, 41, 34, 11, 26",,Sports betting
797,superbet polonia multi multi 20/80,ro,51,50,0.45,,polonia multi,2026-06-06 01:40:35,,70,17000,17000,2015-10-13,"Informational,Branded,Non-local",Romanian,"402, 364, 253, 147, 256, 365, 380, 257, 145, 0, 12, 93, 68, 57, 22, 15, 41, 79, 21, 12, 12, 25, 81, 60",,Lottery
798,pariuri sportive fotbal superbet,ro,,50,,,,,,70,,,2016-03-26,,,"0, 0, 0, 0, 1, 2, 4, 0, 4, 0, 0, 1, 8, 15, 9, 10, 29, 59, 90, 64, 89, 70, 140, 69",,
799,superbet arcane,ro,,50,,,,,,50,,,2025-03-09,,,"0, 0, 0, 0, 0, 0, 0, 0, 384, 22, 3, 36, 72, 40, 42, 55, 44, 69, 18, 39, 32, 21, 29, 50",,
800,număr de contact superbet,ro,,50,,,,,,50,,,2023-12-05,,,"0, 0, 0, 0, 0, 11, 5, 5, 12, 0, 0, 0, 0, 0, 41, 72, 52, 75, 87, 87, 61, 55, 47, 45",,
801,program superbet sarbatori 2025,ro,,50,,,,,,50,,,2025-12-22,,,"0, 0, 0, 0, 0, 0, 0, 0, 0, 0, 0, 0, 0, 0, 0, 0, 0, 478, 115, 0, 0, 0, 0, 1",,
802,program de paste superbet,ro,,50,,1.1,,,,70,,,2016-04-29,"Informational,Branded,Local",Romanian,"0, 0, 0, 0, 0, 0, 0, 0, 0, 297, 1, 0, 8, 18, 8, 9, 49, 49, 75, 35, 27, 275, 43, 73",,Sports betting; Seasonal events
803,irina superbet,ro,,50,,,,,,70,,,2024-11-22,,,"0, 0, 0, 0, 2, 0, 1, 41, 89, 43, 50, 28, 37, 72, 109, 133, 55, 63, 47, 26, 13, 1, 0, 2",,
804,pariu online superbet,ro,,50,2.50,,,,,60,,,2015-12-02,"Navigational,Transactional,Branded,Non-local",Romanian,"0, 0, 0, 0, 0, 0, 8, 0, 0, 0, 0, 0, 0, 17, 121, 109, 97, 142, 100, 5, 0, 0, 0, 1",,Sports betting; Sports
805,plinko superbet,ro,,50,2.50,,,,,90,,,2022-01-12,,,"43, 81, 117, 174, 129, 149, 178, 141, 138, 98, 28, 26, 22, 37, 14, 27, 6, 26, 18, 157, 114, 111, 47, 65",,
806,superbet betano,ro,,50,,,,,,350,,,2024-01-28,,,"8, 8, 6, 7, 6, 8, 24, 6, 22, 9, 11, 11, 15, 10, 36, 38, 53, 55, 75, 65, 56, 70, 61, 34",,
807,superbet voluntari,ro,47,50,0.35,,superbet agentii,2026-06-14 01:17:27,Local pack,70,2100,2100,2017-06-04,"Informational,Branded,Local",Romanian,"32, 27, 17, 28, 35, 42, 33, 35, 36, 47, 41, 18, 39, 49, 39, 43, 45, 66, 52, 46, 49, 44, 37, 48",,Sports betting; Business
808,superbet ios,ro,71,50,1.50,,superbet app,2026-06-22 11:57:26,,200,900,1000,2017-12-11,"Informational,Commercial,Transactional,Branded,Non-local",,"16, 15, 13, 16, 13, 12, 14, 8, 8, 9, 18, 7, 33, 34, 32, 47, 57, 98, 121, 64, 40, 44, 41, 33",,Sports betting; Add-ons
809,program superbet bucuresti,ro,60,50,,,program superbet,2026-07-07 06:59:48,Knowledge panel,70,4100,4100,2015-12-26,"Informational,Branded,Local",Romanian,"0, 0, 0, 0, 0, 0, 0, 0, 0, 2, 5, 7, 15, 22, 19, 20, 67, 92, 125, 48, 39, 35, 33, 37",,Sports betting; Business
810,double play superbet online,ro,,50,,,,,,70,,,2022-08-22,,,"1, 0, 0, 0, 4, 0, 0, 0, 0, 0, 0, 0, 31, 41, 46, 34, 29, 60, 62, 48, 38, 56, 60, 52",,
811,superbet jocuri casino live,ro,,50,,,,,,70,,,2022-01-24,,,"0, 1, 0, 2, 3, 0, 0, 2, 1, 1, 0, 0, 33, 33, 48, 34, 30, 63, 67, 64, 60, 60, 74, 59",,
812,logo superbet,ro,,50,,,,,,400,,,2018-07-02,,,"42, 25, 28, 45, 42, 30, 27, 54, 73, 40, 54, 27, 61, 41, 34, 53, 32, 50, 39, 46, 46, 31, 42, 50",,
813,comision depunere superbet,ro,,50,1.70,,,,,80,,,2016-05-23,,,"0, 0, 0, 0, 0, 0, 0, 0, 5, 62, 40, 10, 33, 28, 41, 35, 45, 140, 129, 79, 24, 30, 35, 32",,
814,depunere minima superbet,ro,35,50,2.50,,card superbet,2026-07-03 23:23:22,People also ask,70,450,450,2016-03-16,"Informational,Transactional,Branded,Non-local",Romanian,"25, 32, 24, 29, 39, 22, 26, 29, 24, 23, 20, 7, 27, 28, 26, 37, 41, 107, 116, 51, 43, 48, 46, 47",,Sports betting
815,superbet bonus casino,ro,,50,4.00,,,,,80,,,2020-04-13,,,"30, 29, 39, 43, 55, 40, 90, 40, 21, 18, 17, 10, 36, 18, 22, 27, 29, 40, 41, 75, 97, 67, 55, 73",,
816,stiri superbet,ro,,50,,,,,,50,,,2018-01-18,,,"0, 0, 0, 0, 0, 0, 0, 13, 6, 7, 0, 0, 65, 15, 469, 20, 5, 15, 0, 0, 0, 0, 0, 1",,
817,superliga bingo superbet,ro,,50,,,,,,50,,,2025-04-28,,,"0, 0, 0, 0, 0, 0, 0, 0, 0, 6, 39, 2, 37, 37, 46, 60, 54, 51, 58, 137, 114, 20, 3, 10",,
818,superbet roman,ro,60,50,0.90,,superbet roman,2026-06-21 23:48:15,Local pack,70,10,10,2017-04-19,"Informational,Navigational,Commercial,Transactional,Branded,Non-local",Romanian,"41, 39, 49, 42, 35, 48, 68, 44, 36, 41, 36, 20, 33, 54, 50, 52, 31, 60, 69, 52, 53, 79, 38, 53",,Sports betting; Sports
819,superbet forum,ro,41,50,0.80,,pareri superbet,2026-06-11 13:58:29,Sitelinks,90,80,80,2015-09-30,"Informational,Branded,Non-local",English,"15, 12, 20, 22, 15, 20, 36, 35, 36, 21, 14, 10, 14, 16, 116, 51, 39, 46, 56, 40, 26, 46, 45, 43",,Sports betting
820,superbet adventure,ro,,50,,,,,,100,,,2023-03-18,,,"6, 34, 24, 25, 12, 23, 37, 24, 22, 32, 21, 17, 55, 52, 27, 40, 20, 45, 49, 76, 45, 73, 59, 66",,
821,număr contact superbet,ro,,50,,,,,,60,,,2020-11-24,,,"0, 3, 16, 27, 16, 24, 17, 12, 15, 6, 5, 11, 3, 12, 52, 64, 40, 75, 82, 96, 84, 42, 47, 59",,
822,jackpot cards superbet,ro,17,50,1.50,,jackpot,2026-06-14 10:48:26,,70,600,600,2017-08-16,"Informational,Commercial,Transactional,Branded,Non-local",English,"36, 29, 92, 41, 47, 53, 116, 44, 40, 40, 33, 25, 36, 40, 39, 37, 46, 64, 52, 51, 41, 57, 42, 33",,Lottery
823,oferta pariuri sportive superbet,ro,43,50,0.45,,super bet,2026-06-15 08:05:05,"Sitelinks,AI Overview,Thumbnail",100,89000,91000,2017-04-18,"Informational,Commercial,Transactional,Branded,Non-local",Romanian,"46, 87, 54, 33, 35, 37, 45, 60, 55, 34, 34, 36, 58, 76, 41, 36, 38, 40, 49, 65, 59, 37, 37, 39","63, 82, 45, 39, 41, 43, 53, 70, 64, 40, 39, 42",Sports betting
824,joc cu clopotei superbet,ro,,50,,,,,,50,,,2025-07-21,,,"0, 0, 0, 0, 0, 0, 0, 0, 0, 0, 0, 0, 11, 34, 35, 66, 51, 92, 96, 64, 47, 29, 18, 58",,
825,rezultate fotbal superbet,ro,61,50,0.40,,rezultate live,2026-06-18 12:49:16,,80,17000,21000,2015-09-14,"Informational,Navigational,Branded,Non-local",Romanian,"37, 132, 179, 102, 49, 40, 42, 33, 34, 24, 28, 17, 44, 39, 42, 28, 56, 134, 13, 54, 70, 81, 49, 49",,Sports betting; Statistics
826,superbet păreri,ro,,50,,,,,,70,,,2020-04-14,,,"0, 0, 0, 4, 2, 1, 1, 1, 0, 0, 0, 0, 42, 40, 41, 62, 54, 88, 116, 33, 11, 24, 17, 19",,
827,club superbet ro verificare bilet,ro,57,50,0.45,,club superbet,2026-06-19 23:24:42,Video preview,70,67000,67000,2022-11-30,"Informational,Navigational,Transactional,Branded,Non-local",Romanian,"290, 309, 288, 212, 145, 137, 135, 132, 102, 6, 10, 8, 18, 30, 16, 28, 39, 157, 126, 50, 31, 34, 49, 41",,Sports betting
828,superbet aplicația,ro,65,50,1.80,,download superbet,2026-07-01 00:45:28,Video preview,80,4900,5000,2020-08-07,"Informational,Transactional,Branded,Non-local",Romanian,"2, 5, 5, 12, 0, 0, 0, 4, 3, 12, 14, 4, 20, 17, 38, 19, 8, 19, 21, 24, 9, 333, 96, 94",,Sports betting; Add-ons
829,superbet ambulante,ro,,50,,,,,,50,,,2025-07-21,,,"0, 0, 0, 0, 0, 0, 0, 0, 0, 0, 0, 0, 616, 7, 1, 4, 0, 0, 0, 0, 0, 0, 0, 1",,
830,verificare bilet online superbet,ro,,50,0.70,,,,,70,,,2015-09-25,,,"0, 0, 0, 0, 0, 0, 0, 0, 0, 1, 3, 3, 13, 20, 14, 26, 49, 156, 114, 33, 30, 27, 38, 36",,
831,superbet cs2,ro,,50,,,,,,150,,,2024-03-06,,,"0, 6, 8, 8, 0, 3, 30, 58, 36, 49, 23, 36, 12, 97, 14, 39, 46, 61, 25, 49, 91, 25, 36, 77",,
832,games superbet,ro,61,50,1.00,,casino online,2026-07-08 01:22:40,,80,28000,31000,2019-11-28,"Informational,Navigational,Transactional,Branded,Non-local",English,"77, 69, 811, 56, 74, 141, 858, 38, 27, 13, 13, 73, 116, 115, 30, 34, 20, 26, 27, 36, 11, 26, 21, 20",,Sports betting
833,număr de telefon de la superbet,ro,,50,,,,,,60,,,2023-03-02,,,"24, 32, 12, 2, 14, 24, 43, 30, 49, 21, 28, 36, 85, 42, 48, 41, 36, 51, 60, 73, 50, 31, 35, 43",,
834,superbet group,ro,60,50,,,superbet,2026-07-08 06:54:54,,450,8000,8500,2017-09-14,"Informational,Commercial,Branded,Non-local",,"28, 34, 67, 25, 47, 19, 24, 72, 42, 35, 22, 39, 78, 23, 43, 36, 32, 57, 63, 65, 67, 55, 25, 37",,Business; Finance; Sports betting; Company news
835,superbet deva,ro,46,50,0.90,,program superbet,2026-06-16 05:01:20,Local pack,70,3800,3900,2015-10-04,"Informational,Branded,Local",,"43, 26, 40, 54, 61, 74, 66, 60, 60, 51, 46, 21, 61, 43, 38, 52, 24, 65, 65, 69, 69, 72, 30, 57",,Sports betting; Business
836,superbet photos,ro,,50,,,,,,70,,,2022-08-10,,,"8, 33, 15, 8, 5, 12, 12, 9, 10, 7, 16, 10, 20, 96, 73, 47, 34, 50, 71, 60, 61, 45, 31, 46",,
837,rezultate grecia kino superbet,ro,58,50,,0.93,superbet loto,2026-06-14 21:48:28,,70,13000,13000,2015-09-26,"Informational,Branded,Non-local",Romanian,"91, 59, 83, 169, 77, 56, 105, 110, 105, 0, 3, 5, 13, 33, 65, 97, 82, 100, 90, 57, 0, 16, 64, 17",,Lottery
838,pariu sansa superbet online,ro,,50,0.60,,,,,70,,,2016-04-09,,,"18, 22, 28, 33, 13, 14, 39, 19, 17, 17, 10, 6, 17, 20, 16, 34, 64, 72, 138, 71, 32, 40, 52, 50",,
839,web mobile superbet,ro,,50,,,,,,50,,,2025-01-22,,,"0, 0, 0, 0, 0, 0, 8, 32, 26, 11, 0, 3, 0, 2, 38, 49, 77, 60, 82, 133, 59, 32, 25, 33",,
840,superbet mangalia,ro,35,50,1.70,,superbet,2026-06-30 09:22:32,Local pack,60,1580000,1630000,2015-09-07,"Informational,Branded,Local",Romanian,"64, 87, 55, 24, 36, 36, 46, 24, 19, 40, 29, 31, 63, 74, 24, 25, 24, 84, 34, 49, 38, 34, 29, 43",,Sports betting; Business
841,pariuri sportive superbet verificare bilet,ro,,50,,,,,,70,,,2015-10-18,"Informational,Navigational,Branded,Non-local",Romanian,"0, 0, 0, 0, 0, 0, 0, 0, 0, 0, 0, 0, 9, 12, 11, 34, 46, 97, 91, 45, 47, 38, 84, 34",53,Sports betting
842,dauna superbet,ro,,50,,,,,,50,,,2025-09-21,,,"0, 0, 0, 0, 0, 0, 0, 0, 0, 0, 0, 0, 0, 0, 552, 20, 1, 0, 0, 0, 0, 0, 0, 1",,
843,superbet descarcare,ro,62,50,2.00,,download superbet,2026-06-21 23:24:33,Video preview,80,4600,4700,2020-01-10,"Informational,Transactional,Branded,Non-local",Romanian,"21, 47, 19, 29, 19, 69, 50, 45, 30, 27, 43, 28, 51, 54, 69, 42, 39, 54, 49, 48, 63, 43, 42, 42",,Sports betting; Add-ons
844,superbet spin,ro,34,50,1.30,,superspin,2026-06-02 11:26:37,Sitelinks,150,1300,1400,2020-04-05,"Informational,Commercial,Branded,Non-local",English,"121, 85, 151, 103, 93, 158, 201, 53, 58, 51, 69, 31, 62, 62, 35, 59, 28, 41, 45, 72, 67, 52, 66, 49",,Sports betting
845,superbet cod promotional,ro,,50,,,,,,70,,,2020-05-20,,,"0, 0, 0, 0, 0, 0, 0, 0, 0, 0, 0, 0, 11, 13, 10, 16, 21, 105, 104, 56, 46, 65, 67, 80",,
846,magic jackpot superbet,ro,,50,1.30,,,,,90,,,2016-02-17,"Informational,Commercial,Branded,Non-local",,"0, 0, 0, 0, 0, 0, 2, 4, 5, 17, 8, 8, 80, 71, 86, 24, 80, 39, 24, 28, 28, 15, 16, 59",,Lottery
847,agentii superbet bucuresti,ro,59,50,0.90,1,superbet agentii,2026-06-04 05:55:08,Local pack,70,2000,2000,2015-10-20,"Informational,Branded,Local",Romanian,"34, 26, 40, 66, 58, 47, 67, 44, 37, 64, 71, 33, 24, 33, 40, 39, 56, 37, 70, 52, 67, 47, 28, 53",,Sports betting; Business
848,despre superbet,ro,,50,,,,,,60,,,2015-09-10,,,"0, 0, 0, 7, 6, 20, 10, 15, 10, 9, 6, 3, 25, 20, 25, 33, 24, 99, 99, 60, 38, 36, 55, 39",,
849,verificare bilet loto superbet,ro,,50,,,,,,50,,,2018-06-05,,,"50, 49, 56, 57, 45, 49, 43, 37, 41, 32, 45, 34, 26, 34, 30, 28, 69, 69, 72, 44, 31, 51, 42, 47",,
850,bug superbet 20 septembrie,ro,,50,,,,,,50,,,2025-09-21,,,"0, 0, 0, 0, 0, 0, 0, 0, 0, 0, 0, 0, 0, 0, 621, 8, 6, 4, 0, 0, 0, 2, 0, 3",,
851,redeschidere cont superbet dupa autoexcludere,ro,,50,,,,,,50,,,2025-10-20,,,"0, 0, 0, 0, 0, 0, 0, 0, 0, 0, 0, 0, 0, 0, 0, 18, 54, 71, 71, 83, 87, 86, 97, 86",,
852,locatii superbet,ro,,50,1.50,,,,,50,,,2015-12-31,,,"33, 29, 43, 31, 59, 41, 57, 46, 45, 49, 42, 31, 56, 70, 42, 42, 31, 75, 55, 45, 42, 43, 28, 35",,
853,superbet mobile app,ro,,50,,,,,,100,,,2020-01-10,,,"0, 2, 1, 0, 5, 0, 2, 3, 0, 0, 2, 0, 33, 31, 51, 40, 37, 67, 67, 60, 61, 61, 64, 59",,
854,superbet web,ro,,50,2.00,,,,,80,,,2015-11-15,,,"89, 54, 26, 32, 32, 38, 24, 30, 56, 27, 27, 10, 21, 17, 49, 28, 29, 69, 97, 100, 59, 31, 29, 55",,
855,suport superbet ro,ro,,50,13.00,,,,,80,,,2020-01-11,"Informational,Branded,Local",Romanian,"0, 0, 0, 0, 16, 19, 23, 35, 47, 23, 26, 12, 30, 24, 29, 23, 24, 40, 51, 71, 56, 78, 102, 90",,Sports betting; Business
856,rezultate superbet fotbal,ro,58,50,0.50,,flashscore,2026-06-16 09:44:03,,70,271000,322000,2015-11-26,"Informational,Branded,Non-local",Romanian,"11, 0, 0, 0, 0, 0, 0, 0, 0, 0, 0, 13, 57, 72, 78, 106, 57, 80, 57, 16, 0, 0, 0, 1",,Sports betting; Soccer
857,casa pariurilor superbet,ro,,50,0.30,,,,,80,,,2015-10-08,,,"0, 0, 0, 0, 0, 0, 0, 0, 0, 2, 8, 9, 24, 46, 24, 40, 54, 103, 100, 61, 34, 39, 60, 50",,
858,superbet oferta de astazi,ro,40,50,1.00,,superbet.ro,2026-06-30 08:05:54,Sitelinks,70,66000,75000,2016-10-04,"Informational,Commercial,Branded,Non-local",Romanian,"123, 148, 133, 148, 222, 322, 213, 206, 156, 108, 44, 42, 42, 42, 25, 30, 51, 85, 74, 87, 38, 33, 58, 37",,Sports betting
859,oferta superbet la casino,ro,,50,,,,,,70,,,2024-03-17,,,"0, 1, 0, 0, 2, 0, 0, 0, 0, 0, 0, 0, 32, 31, 45, 32, 40, 62, 63, 51, 54, 59, 70, 58",,
860,superbet aplicatie download,ro,62,50,1.60,,superbet aplicatie,2026-07-04 17:02:12,,70,4200,4400,2019-02-12,"Informational,Transactional,Branded,Non-local",Romanian,"62, 29, 13, 28, 21, 95, 44, 65, 39, 41, 29, 15, 30, 35, 27, 35, 27, 41, 72, 47, 73, 70, 86, 73",,Sports betting; Add-ons
861,pariu sportive superbet,ro,,50,1.20,,,,,80,,,2017-06-24,,,"16, 19, 11, 11, 4, 5, 9, 1, 3, 3, 1, 3, 46, 55, 37, 60, 53, 62, 82, 51, 50, 55, 54, 46",,
862,jocuri demo superbet,ro,56,50,0.70,,pacanele gratis,2026-07-08 15:36:33,,70,18000,19000,2021-12-16,"Informational,Commercial,Branded,Non-local",Romanian,"77, 44, 52, 123, 153, 145, 88, 73, 30, 35, 22, 6, 6, 14, 19, 31, 38, 16, 42, 111, 139, 108, 39, 59",,Sports betting
863,costum superbet,ro,,50,,,,,,50,,,2025-09-27,,,"0, 0, 0, 0, 0, 0, 0, 0, 0, 0, 0, 0, 0, 0, 267, 233, 62, 41, 19, 17, 0, 0, 0, 1",,
864,castig superbet,ro,8,50,1.70,,bilete castigatoare superbet,2026-06-20 17:53:37,"Video preview,Image pack",80,100,100,2016-02-11,"Informational,Navigational,Branded,Non-local",Romanian,"33, 40, 40, 49, 43, 38, 51, 45, 35, 36, 30, 10, 22, 35, 230, 55, 24, 41, 36, 52, 43, 37, 16, 31",,Sports betting
865,care joc plateste cel mai bine superbet,ro,,50,,,,,,50,,,2024-01-23,,,"31, 51, 44, 60, 63, 80, 83, 52, 63, 44, 58, 29, 43, 37, 56, 57, 36, 56, 59, 55, 39, 30, 27, 36",,
866,drop superbet,ro,,50,,,,,,50,,,2025-09-25,,,"0, 0, 0, 0, 0, 0, 0, 0, 0, 0, 0, 0, 0, 0, 9, 111, 27, 50, 109, 114, 74, 39, 32, 55",,
867,superbet tg jiu,ro,17,50,1.70,,superbet,2026-06-03 15:07:25,"Local pack,Sitelinks",70,1610000,1760000,2016-02-12,"Branded,Local",Romanian,"47, 32, 51, 48, 49, 86, 66, 39, 48, 58, 21, 30, 33, 47, 40, 50, 39, 58, 64, 90, 60, 71, 36, 50",,Sports betting; Business
