Keyword,Country,Location,Language,Entities,Branded,Local,Navigational,Informational,Commercial,Transactional,SERP features,Volume,KD,CPC,Previous organic traffic,Current organic traffic,Organic traffic change,Current paid traffic,Previous position,Current position,Position change,Previous position kind,Previous URL,Current position kind,Current URL,Previous date,Current date
casino online romania,RO,Romania,Romanian,Romania (Location),false,true,false,true,true,true,,22000,81,2.89,53,11065,11012,,13,1,12,,https://legalbet.ro/cazinouri/,,https://legalbet.ro/cazinouri/,2024-06-27 12:46:18,2026-06-24 11:16:58
cazinouri online,RO,Romania,Romanian,,false,false,false,true,true,true,Video preview,38000,82,2.76,22,3900,3877,,18,4,14,,https://legalbet.ro/cazinouri/,,https://legalbet.ro/cazinouri/,2024-06-27 02:16:26,2026-06-16 02:34:45
don casino,RO,Romania,Romanian,Don Casino (Organization),true,false,false,true,true,false,Sitelinks,33000,56,1.04,7,3088,3081,,25,4,21,,https://legalbet.ro/feedback/don-sport/,,https://legalbet.ro/cazinouri/doncasino/,2024-06-27 11:41:32,2026-06-22 11:28:16
seven casino,RO,Romania,English,Seven Casino (Organization),true,false,true,true,true,false,"Sitelinks, Knowledge panel",25000,74,0.52,32,2914,2882,,21,3,18,,https://legalbet.ro/bonus/seven-casino-2800-de-lei-si-720-de-rotiri-gratuite-bonus-de-bun-venit/,,https://legalbet.ro/cazinouri/seven-casino/,2024-06-27 03:52:23,2026-06-14 20:07:23
cazinouri noi,RO,Romania,Romanian,,false,false,false,true,true,false,,7400,77,0.97,146,2684,2538,,4,1,3,,https://legalbet.ro/cazinouri/,,https://legalbet.ro/cazinouri/,2024-06-27 13:45:03,2026-06-22 01:42:43
casino online nou,RO,Romania,Romanian,,false,false,false,true,true,false,,6800,73,2.21,65,2483,2418,,5,1,4,,https://legalbet.ro/cazinouri/,,https://legalbet.ro/cazinouri/,2024-06-25 00:22:35,2026-06-21 22:00:12
prowin casino,RO,Romania,Romanian,ProWin (Organization),true,false,false,true,true,false,Sitelinks,13000,0,0.50,,2158,,,,2,New,,,,https://legalbet.ro/cazinouri/prowin-casino/,,2026-06-20 13:16:25
fotbal azi,RO,Romania,Romanian,,false,false,false,true,false,false,"Top stories, Thumbnail, Video preview",16000,61,0.33,2,1825,1823,,15,3,12,,https://legalbet.ro/centrul-de-pariere/astazi/,,https://legalbet.ro/centrul-de-pariere/astazi/,2024-06-27 01:41:18,2026-06-21 14:15:26
magic jackpot,RO,Romania,English,Magic Jackpot (Organization),true,false,false,true,true,false,"Sitelinks, Video preview",18000,58,1.38,2,1797,1795,,35,4,31,,https://legalbet.ro/cazinouri/magic-jackpot/,,https://legalbet.ro/scoala-de-cazino/aplicatie-magic-jackpot/,2024-06-27 10:00:07,2026-06-16 02:22:03
royal casino,RO,Romania,English,Royal Casino (Organization),true,false,false,true,true,true,"Sitelinks, Video preview",25000,42,0.57,,1720,,,,2,New,,,,https://legalbet.ro/cazinouri/royal-casino/,,2026-06-21 01:59:28
top casino,RO,Romania,English,,false,false,false,true,true,false,"Sitelinks, Video preview",4400,74,1.98,54,1599,1546,,4,1,3,,https://legalbet.ro/cazinouri/,,https://legalbet.ro/cazinouri/,2024-06-07 07:18:53,2026-06-22 09:02:40
total bet,RO,Romania,English,TotalBet (Organization),true,false,true,true,true,false,Sitelinks,20000,61,0.77,0,1512,1512,,13,2,11,,https://legalbet.ro/scoala-pariurilor/recenzia-casei-de-pariuri-totalbet/,,https://legalbet.ro/scoala-pariurilor/recenzia-casei-de-pariuri-totalbet/,2024-06-27 19:23:09,2026-06-18 03:10:40
lasvegas,RO,Romania,Romanian,Las Vegas (Location),false,true,false,true,false,false,Sitelinks,46000,86,0.70,,1502,,,,4,New,,,,https://legalbet.ro/cazinouri/las-vegas/,,2026-06-17 17:13:38
rotiri gratuite fara depunere 2025,RO,Romania,Romanian,,false,false,false,true,true,false,Sitelinks,18000,67,2.01,,1365,,,,5,New,,,,https://legalbet.ro/cazinouri/rotiri-gratuite/,,2026-06-22 12:08:06
max win casino,RO,Romania,English,Max Win Casino (Organization),true,false,false,true,true,false,Sitelinks,11000,47,0.56,,1335,,,,3,New,,,,https://legalbet.ro/cazinouri/maxwin-casino/,,2026-06-21 17:05:53
ponturi pariuri,RO,Romania,Romanian,,false,false,false,true,false,false,,9100,58,0.66,455,1250,795,,11,6,5,,https://legalbet.ro/ponturi/,,https://legalbet.ro/ponturi/ponturile-de-astazi/,2024-06-27 18:42:40,2026-06-16 01:42:12
las vegas casino,RO,Romania,English,Las Vegas (Location),false,true,false,true,true,false,"Sitelinks, Video preview",33000,38,0.74,,1177,,,,2,New,,,,https://legalbet.ro/cazinouri/las-vegas/,,2026-06-20 09:58:56
las vegas.ro,RO,Romania,Romanian,Las Vegas Casino (Organization),true,false,true,false,true,true,"Sitelinks, Video preview",9700,57,0.87,86,1144,1058,,14,3,11,,https://legalbet.ro/feedback/las-vegas/,,https://legalbet.ro/cazinouri/las-vegas/,2024-06-27 14:46:22,2026-06-16 15:58:50
rotiri gratuite fara depunere,RO,Romania,Romanian,,false,false,false,true,true,false,Sitelinks,67000,69,2.60,,1115,,,,15,New,,,,https://legalbet.ro/cazinouri/rotiri-gratuite/,,2026-06-16 13:34:16
lady casino,RO,Romania,English,Lady Casino (Organization),true,false,true,true,true,true,Sitelinks,18000,56,0.43,,1058,,,,6,New,,,,https://legalbet.ro/cazinouri/lady-casino/,,2026-06-20 23:19:14
cazinouri online noi,RO,Romania,Romanian,,false,false,false,true,true,false,Sitelinks,7100,68,1.48,52,1035,983,,5,2,3,,https://legalbet.ro/cazinouri/,,https://legalbet.ro/cazinouri/,2024-06-25 02:11:25,2026-06-22 12:07:32
ce meciuri sunt azi,RO,Romania,Romanian,,false,false,false,true,false,false,,7300,59,0.21,1056,1024,-32,,3,2,1,,https://legalbet.ro/centrul-de-pariere/astazi/,,https://legalbet.ro/centrul-de-pariere/astazi/,2024-06-26 18:37:50,2026-06-22 01:45:14
maxwin casino,RO,Romania,Romanian,Maxwin Casino (Organization),true,false,false,true,true,false,Sitelinks,8300,27,0.56,,974,,,,3,New,,,,https://legalbet.ro/cazinouri/maxwin-casino/,,2026-06-17 08:53:41
one casino,RO,Romania,English,One Casino (Organization),true,false,true,true,true,false,"Sitelinks, Knowledge panel",25000,54,0.69,,957,,,,8,New,,,,https://legalbet.ro/cazinouri/one-casino/,,2026-06-26 23:54:19
cazinouri noi romania,RO,Romania,Romanian,Romania (Location),false,false,false,true,true,false,Sitelinks,6400,72,1.18,63,941,878,,5,2,3,,https://legalbet.ro/cazinouri/,,https://legalbet.ro/cazinouri/,2024-06-25 03:19:36,2026-06-21 00:59:29
royal slots,RO,Romania,English,Royal Slots (Organization),true,false,false,true,true,false,Sitelinks,7600,61,0.91,,889,,,,3,New,,,,https://legalbet.ro/cazinouri/royal-casino/,,2026-06-24 17:56:24
meci azi ora 22,RO,Romania,Romanian,,false,false,false,true,false,false,,2300,59,0.11,593,848,256,,4,1,3,,https://legalbet.ro/centrul-de-pariere/astazi/,,https://legalbet.ro/centrul-de-pariere/astazi/,2024-06-22 10:12:06,2026-06-15 14:41:06
cazinouri online romania,RO,Romania,Romanian,Romania (Location),false,false,false,true,true,false,Video preview,7200,83,2.26,54,841,787,,9,3,6,,https://legalbet.ro/cazinouri/,,https://legalbet.ro/cazinouri/,2024-06-24 22:44:11,2026-06-17 01:05:12
cazinouri noi 2025,RO,Romania,Romanian,,false,false,false,true,true,false,Sitelinks,2100,71,0.83,,821,,,,1,New,,,,https://legalbet.ro/cazinouri/,,2026-06-20 22:05:47
max win,RO,Romania,,MaxWin (Organization),true,false,false,true,true,false,Sitelinks,11000,2,0.76,,820,,,,5,New,,,,https://legalbet.ro/cazinouri/maxwin-casino/,,2026-06-16 15:05:17
lista cazinouri online romania,RO,Romania,Romanian,,false,true,false,true,true,false,,5100,73,1.47,128,755,626,,2,2,,,https://legalbet.ro/cazinouri/,,https://legalbet.ro/cazinouri/,2024-06-24 11:56:00,2026-06-17 14:23:58
conti casino,RO,Romania,Romanian,Conti Casino (Organization),true,false,false,true,true,false,Sitelinks,24000,59,0.55,5,727,722,,34,9,25,,https://legalbet.ro/cazinouri/conti-cazino/,,https://legalbet.ro/cazinouri/conti-cazino/,2024-06-27 06:43:03,2026-06-20 05:05:10
cazino romania,RO,Romania,Romanian,"Cazino (Organization), Romania (Location)",true,false,false,true,true,false,,6000,82,4.47,19,710,691,,9,3,6,,https://legalbet.ro/cazinouri/,,https://legalbet.ro/cazinouri/,2024-06-16 18:02:49,2026-06-22 00:58:53
top cazinouri online,RO,Romania,Romanian,,false,false,false,true,true,false,Video preview,4600,73,3.18,55,681,626,,6,2,4,,https://legalbet.ro/cazinouri/,,https://legalbet.ro/cazinouri/,2024-06-22 09:38:53,2026-06-18 04:57:09
legalbet,RO,Romania,Romanian,Legalbet (Organization),true,false,false,true,false,false,Sitelinks,700,41,0.99,310,665,355,,1,1,,,https://legalbet.ro/,,https://legalbet.ro/,2024-06-20 06:33:23,2026-06-13 07:27:15
maxwin ro,RO,Romania,Romanian,MaxWin Casino (Organization),true,false,false,true,true,false,"Sitelinks, Video preview",4400,35,0.55,,641,,,,2,New,,,,https://legalbet.ro/cazinouri/maxwin-casino/,,2026-06-17 22:57:12
topbet,RO,Romania,Romanian,TopBet (Organization),true,false,false,true,true,false,Sitelinks,12000,5,0.95,,630,,,,2,New,,,,https://legalbet.ro/feedback/topbet/,,2026-06-14 10:54:17
red sevens,RO,Romania,English,RedSevens (Organization),true,false,false,true,true,false,"Sitelinks, Local pack",6700,30,0.65,0,629,629,,29,4,25,,https://legalbet.ro/case-de-pariuri/red-sevens/,,https://legalbet.ro/cazinouri/red-sevens/,2024-06-21 23:50:12,2026-06-24 18:56:58
casino nou romania,RO,Romania,Romanian,Romania (Location),false,false,false,true,true,false,Sitelinks,6600,74,1.28,76,623,547,,4,4,,,https://legalbet.ro/cazinouri/,,https://legalbet.ro/cazinouri/,2024-06-26 19:22:57,2026-06-21 17:36:38
meci fotbal azi,RO,Romania,Romanian,,false,false,false,true,false,false,,2500,60,0.07,148,604,456,,6,1,5,,https://legalbet.ro/centrul-de-pariere/astazi/,,https://legalbet.ro/centrul-de-pariere/astazi/,2024-06-26 03:03:12,2026-06-21 13:24:46
top casino online,RO,Romania,English,,false,false,false,true,true,false,Sitelinks,4100,65,4.37,91,604,513,,5,2,3,,https://legalbet.ro/cazinouri/,,https://legalbet.ro/cazinouri/,2024-06-23 02:46:23,2026-06-20 19:16:16
bonus fara depunere 2025,RO,Romania,Romanian,,false,false,false,true,true,false,Sitelinks,9200,71,2.04,,555,,,,6,New,,,,https://legalbet.ro/cazinouri/rotiri-gratuite/,,2026-06-16 14:00:26
conti cazino,RO,Romania,Romanian,Conti Cazino (Organization),true,false,true,true,true,true,Sitelinks,14000,57,,93,554,461,,21,8,13,,https://legalbet.ro/cazinouri/conti-cazino/,,https://legalbet.ro/cazinouri/conti-cazino/,2024-06-27 21:19:55,2026-06-17 08:08:43
cazinouri romania,RO,Romania,Romanian,Romania (Location),false,false,false,true,true,false,Sitelinks,4100,82,2.45,28,518,490,,7,3,4,,https://legalbet.ro/cazinouri/,,https://legalbet.ro/cazinouri/,2024-06-22 20:17:19,2026-06-22 08:00:12
victory bet,RO,Romania,English,Victory Bet (Organization),true,false,true,true,true,false,Sitelinks,13000,61,0.63,,516,,,,8,New,,,,https://legalbet.ro/feedback/victorybet/,,2026-06-21 16:58:43
cazinouri noi online,RO,Romania,Romanian,,false,false,false,true,true,false,,1400,74,0.95,46,507,461,,4,1,3,,https://legalbet.ro/cazinouri/,,https://legalbet.ro/cazinouri/,2024-06-18 17:20:22,2026-06-16 05:57:41
meci romania azi,RO,Romania,Romanian,Romania (Location),false,false,false,true,false,false,Video preview,12000,59,0.40,0,506,506,,70,4,66,,https://legalbet.ro/centrul-de-pariere/astazi/,,https://legalbet.ro/centrul-de-pariere/astazi/,2024-06-23 16:31:16,2026-06-20 23:18:18
32 rosu,RO,Romania,Romanian,32Rosu (Organization),true,false,false,true,true,false,"Sitelinks, Bottom ads",6200,0,1.13,,499,,,,5,New,,,,https://legalbet.ro/cazinouri/32rosu-casino/,,2026-06-19 02:16:22
swiper casino,RO,Romania,English,Swiper Casino (Organization),true,false,false,true,true,false,"Sitelinks, Knowledge panel, Video preview",3400,1,1.27,,495,,,,2,New,,,,https://legalbet.ro/cazinouri/swiper-casino/,,2026-06-24 12:26:59
joker casino,RO,Romania,English,Joker Casino (Organization),true,false,false,true,true,false,Sitelinks,16000,26,1.00,,493,,,,9,New,,,,https://legalbet.ro/cazinouri/joker-casino/,,2026-06-19 23:19:42
recenzii casino,RO,Romania,Romanian,,false,false,false,true,true,false,,2700,52,,,476,,,,3,New,,,,https://legalbet.ro/feedback/,,2026-06-14 18:22:50
top casino romania,RO,Romania,English,Romania (Location),false,true,false,true,true,false,,1300,75,2.63,27,468,441,,5,1,4,,https://legalbet.ro/cazinouri/,,https://legalbet.ro/cazinouri/,2024-06-10 21:48:43,2026-06-19 05:03:51
casino online,RO,Romania,English,,false,false,false,true,true,false,Video preview,45000,83,3.12,7,458,451,,26,15,11,,https://legalbet.ro/cazinouri/,,https://legalbet.ro/cazinouri/,2024-06-27 16:43:20,2026-06-19 04:48:04
totogaming casino,RO,Romania,Romanian,TotoGaming (Organization),true,false,true,true,true,true,"Image pack, Video preview",9500,0,0.62,455,,,,7,,Lost,,https://legalbet.ro/cazinouri/toto-gaming/,,,2024-06-27 13:56:31,
casino bonus fara depunere,RO,Romania,Romanian,,false,false,false,true,true,false,,9100,66,1.98,0,436,436,,93,7,86,,https://legalbet.ro/bonus/sets/fara-depunere-pariuri/,,https://legalbet.ro/cazinouri/bonusuri-fara-depunere/,2024-06-27 03:33:44,2026-06-24 21:15:14
12x bet,RO,Romania,Romanian,12xbet (Organization),true,false,true,true,true,true,"Sitelinks, Bottom ads, Paid sitelinks",5800,0,0.50,,432,,,,5,New,,,,https://legalbet.ro/cazinouri/12xbet-casino/,,2026-06-18 02:11:53
meci azi,RO,Romania,Romanian,,false,false,false,true,false,false,"Top stories, Thumbnail",9500,61,0.03,3249,399,-2849,,2,4,-2,,https://legalbet.ro/centrul-de-pariere/astazi/,,https://legalbet.ro/centrul-de-pariere/astazi/,2024-06-27 06:29:53,2026-06-18 05:22:28
meci azi romania,RO,Romania,Romanian,Romania (Location),false,false,false,true,false,false,Video preview,7100,61,0.16,303,394,91,,5,5,,,https://legalbet.ro/centrul-de-pariere/astazi/,,https://legalbet.ro/centrul-de-pariere/astazi/,2024-06-16 05:07:17,2026-06-15 01:21:26
totogaming ro,RO,Romania,Romanian,TotoGaming (Organization),true,false,true,true,true,true,"Sitelinks, Video preview, Image pack",6300,0,0.76,388,,,,6,,Lost,,https://legalbet.ro/case-de-pariuri/toto-gaming/,,,2024-06-27 04:12:41,
meci,RO,Romania,Romanian,,false,false,false,true,false,false,"Top stories, Thumbnail, Video preview, Image pack",6700,57,0.05,0,385,385,,93,3,90,,https://legalbet.ro/centrul-de-pariere/astazi/,,https://legalbet.ro/centrul-de-pariere/astazi/,2024-06-27 00:37:08,2026-06-16 13:59:51
top casino online romania,RO,Romania,English,Romania (Location),false,true,false,true,true,false,Video preview,1000,70,3.35,13,379,366,,5,1,4,,https://legalbet.ro/cazinouri/,,https://legalbet.ro/cazinouri/,2024-06-11 06:08:12,2026-06-20 09:37:43
meciuri fotbal azi,RO,Romania,Romanian,,false,false,false,true,false,false,Video preview,9500,59,0.07,782,359,-423,,3,4,-1,,https://legalbet.ro/centrul-de-pariere/astazi/,,https://legalbet.ro/centrul-de-pariere/astazi/,2024-06-27 20:33:25,2026-06-18 02:10:53
top cazinouri online romania,RO,Romania,Romanian,Romania (Location),false,true,false,true,true,false,Video preview,1000,68,1.71,,346,,,,1,New,,,,https://legalbet.ro/cazinouri/,,2026-06-17 11:08:10
verificare bilet casa pariurilor cod scurt,RO,Romania,Romanian,Casa Pariurilor (Organization),true,false,true,true,false,false,,3400,38,0.78,73,330,257,,8,4,4,,https://legalbet.ro/scoala-pariurilor/casa-pariurilor-verificare-bilet-online/,,https://legalbet.ro/scoala-pariurilor/casa-pariurilor-verificare-bilet-online/,2024-06-27 18:34:05,2026-06-17 01:49:59
bonus fara depunere casino,RO,Romania,Romanian,,false,false,false,true,true,false,Sitelinks,3700,72,2.65,0,324,324,,84,7,77,,https://legalbet.ro/bonus/sets/fara-depunere-pariuri/,,https://legalbet.ro/cazinouri/bonusuri-fara-depunere/,2024-06-26 22:56:59,2026-06-21 21:59:59
meci fotbal azi romania,RO,Romania,Romanian,Romania (Location),false,false,false,true,false,false,Video preview,3400,62,0.15,82,318,236,,11,4,7,,https://legalbet.ro/centrul-de-pariere/astazi/,,https://legalbet.ro/centrul-de-pariere/astazi/,2024-06-25 01:14:08,2026-06-22 04:55:38
arminbet,RO,Romania,Romanian,ArminBet (Organization),true,false,false,true,true,false,,300,23,0.85,0,317,317,,3,1,2,,https://legalbet.ro/scoala-pariurilor/recenzie-armin-bet/,,https://legalbet.ro/scoala-pariurilor/recenzie-armin-bet/,2024-06-20 19:49:08,2026-05-28 23:38:12
top online casino,RO,Romania,English,,false,false,false,true,true,true,Video preview,800,73,5.12,14,308,294,,6,1,5,,https://legalbet.ro/cazinouri/,,https://legalbet.ro/cazinouri/,2024-06-07 20:51:48,2026-06-27 05:15:33
player casino,RO,Romania,English,,false,false,false,true,true,false,Sitelinks,15000,51,0.69,239,302,62,,14,11,3,,https://legalbet.ro/alegerea-editorului/player-casino-ce-promotii-ai-cum-le-obtii-si-cum-le/,,https://legalbet.ro/alegerea-editorului/player-casino-ce-promotii-ai-cum-le-obtii-si-cum-le/,2024-06-27 02:23:27,2026-06-21 19:18:38
casino romania,RO,Romania,English,Romania (Location),false,false,false,true,true,false,Sitelinks,3500,83,2.75,23,301,278,,13,4,9,,https://legalbet.ro/cazinouri/,,https://legalbet.ro/cazinouri/,2024-06-21 03:35:42,2026-06-22 01:02:40
888 sport,RO,Romania,Romanian,888 Sport (Organization),true,false,true,true,true,false,Video preview,6500,55,1.40,358,291,-67,,7,8,-1,,https://legalbet.ro/feedback/888-sport/,,https://legalbet.ro/case-de-pariuri/888-sport/,2024-06-27 03:38:45,2026-06-24 16:59:12
casino online romania nou,RO,Romania,Romanian,Romania (Location),false,true,false,true,true,false,,2500,78,1.46,22,290,268,,5,3,2,,https://legalbet.ro/cazinouri/,,https://legalbet.ro/cazinouri/,2024-06-23 04:59:47,2026-06-19 22:38:15
ce meciuri se joaca azi,RO,Romania,Romanian,,false,false,false,true,false,false,Video preview,2300,59,0.20,519,289,-230,,2,2,,,https://legalbet.ro/centrul-de-pariere/astazi/,,https://legalbet.ro/centrul-de-pariere/astazi/,2024-06-27 23:53:28,2026-06-16 17:20:37
top cazinouri,RO,Romania,Romanian,,false,false,false,true,true,false,"Top ads, Bottom ads, Paid sitelinks, Video preview",800,65,4.19,10,286,277,,5,1,4,,https://legalbet.ro/cazinouri/,,https://legalbet.ro/cazinouri/,2024-06-16 16:05:30,2026-06-14 10:43:02
cazinouri online bonus fara depunere,RO,Romania,Romanian,,false,false,false,true,true,false,Sitelinks,3800,71,2.33,0,283,283,,38,5,33,,https://legalbet.ro/scoala-de-cazino/bonus-fara-rulaj/,,https://legalbet.ro/cazinouri/bonusuri-fara-depunere/,2024-06-06 22:57:24,2026-06-24 07:16:53
777 casino romania,RO,Romania,English,"777 Casino (Organization), Romania (Location)",true,false,false,true,true,false,Sitelinks,3000,60,1.24,0,282,282,,79,4,75,,https://legalbet.ro/cazinouri/bonusuri/bonusuri-la-inregistrare/,,https://legalbet.ro/cazinouri/777-casino/,2024-06-24 12:00:47,2026-06-18 04:44:51
mr bit,RO,Romania,,MrBit (Organization),true,false,false,true,true,false,"Top ads, Paid sitelinks, Sitelinks, Knowledge panel, Video preview, Image pack",22000,2,0.32,280,,,,13,,Lost,,https://legalbet.ro/cazinouri/mr-bit-casino/,,,2024-06-27 20:55:54,
mr play,RO,Romania,,Mr. Play (Organization),true,false,false,true,true,false,Sitelinks,3600,0,0.87,,274,,,,5,New,,,,https://legalbet.ro/cazinouri/mrplay-casino/,,2026-06-16 15:36:30
cazino fara depunere,RO,Romania,Romanian,,false,false,false,true,true,false,,4500,71,1.51,0,273,273,,72,6,66,,https://legalbet.ro/cazinouri/bonusuri/,,https://legalbet.ro/cazinouri/bonusuri-fara-depunere/,2024-06-12 09:32:58,2026-06-26 03:58:02
las vegas,RO,Romania,Romanian,Las Vegas (Location),false,true,false,true,false,false,"Sitelinks, Video preview, Thumbnail",27000,87,1.12,,269,,,,11,New,,,,https://legalbet.ro/cazinouri/las-vegas/,,2026-06-20 17:35:23
power bet pariuri sportive,RO,Romania,Romanian,,false,false,false,true,false,false,Sitelinks,5100,41,0.36,,269,,,,7,New,,,,https://legalbet.ro/case-de-pariuri/powerbet/,,2026-06-22 01:21:18
la ce ora este meciul din seara asta,RO,Romania,Romanian,,false,false,false,true,false,false,,700,59,0.10,735,269,-466,,2,1,1,,https://legalbet.ro/centrul-de-pariere/astazi/,,https://legalbet.ro/centrul-de-pariere/astazi/,2024-06-27 12:44:43,2026-06-26 05:47:07
la ce ora joaca romania azi si pe ce program,RO,Romania,Romanian,Romania (Location),false,false,false,true,false,false,,11000,51,,,266,,,,10,New,,,,https://legalbet.ro/centrul-de-pariere/astazi/,,2026-06-17 11:41:50
meciuri fotbal azi romania,RO,Romania,Romanian,Romania (Location),false,true,false,true,false,false,,3500,59,0.15,43,264,221,,14,5,9,,https://legalbet.ro/centrul-de-pariere/astazi/,,https://legalbet.ro/centrul-de-pariere/astazi/,2024-06-24 18:54:41,2026-06-21 12:42:10
meciuri maine,RO,Romania,Romanian,,false,false,false,true,false,false,,700,48,0.26,402,259,-143,,1,1,,,https://legalbet.ro/centrul-de-pariere/maine/,,https://legalbet.ro/centrul-de-pariere/maine/,2024-06-24 04:30:47,2026-06-26 01:07:32
meciuri de fotbal azi,RO,Romania,Romanian,,false,false,false,true,false,false,,1900,59,0.07,111,257,146,,6,2,4,,https://legalbet.ro/centrul-de-pariere/astazi/,,https://legalbet.ro/centrul-de-pariere/astazi/,2024-06-23 23:47:52,2026-06-21 12:15:30
casinouri online,RO,Romania,Romanian,,false,false,false,true,true,true,Sitelinks,2700,83,2.85,8,254,245,,16,4,12,,https://legalbet.ro/cazinouri/,,https://legalbet.ro/cazinouri/,2024-06-14 15:11:44,2026-06-21 17:37:46
netbet pareri,RO,Romania,Romanian,Netbet (Organization),true,false,false,true,false,false,,200,18,2.49,206,248,42,,1,1,,,https://legalbet.ro/feedback/netbet/,,https://legalbet.ro/feedback/netbet/,2024-06-21 12:42:46,2026-06-17 11:47:00
bet7 casino,RO,Romania,Romanian,Bet7 Casino (Organization),true,false,true,true,true,true,Sitelinks,2100,47,0.47,,245,,,,3,New,,,,https://legalbet.ro/cazinouri/bet7-casino/,,2026-06-20 09:59:16
manhattan casino,RO,Romania,English,Manhattan Casino (Organization),true,true,false,true,true,false,Sitelinks,3200,28,1.13,14,243,229,,7,5,2,,https://legalbet.ro/bonus/manhattan-casino-250-rotiri-gratuite-la-slotul-the-dog-house/,,https://legalbet.ro/cazinouri/manhattan/,2024-06-27 08:57:18,2026-06-21 22:01:15
power bet fotbal,RO,Romania,Romanian,Powerbet (Organization),true,false,true,true,true,true,Sitelinks,2300,72,0.48,,236,,,,4,New,,,,https://legalbet.ro/case-de-pariuri/powerbet/,,2026-06-16 02:17:34
favbet,RO,Romania,Romanian,Favbet (Organization),true,false,false,true,true,false,"Sitelinks, Top stories, Video preview, Image pack, Bottom ads, Paid sitelinks",13000,0,2.36,233,,,,2,,Lost,Top stories,https://legalbet.ro/feedback/favbet/,,,2024-06-27 01:47:32,
lasvegas ro,RO,Romania,Romanian,LasVegas.ro (Organization),true,true,false,true,true,false,Sitelinks,1900,53,0.87,77,229,152,,8,3,5,,https://legalbet.ro/feedback/las-vegas/,,https://legalbet.ro/cazinouri/las-vegas/,2024-06-27 10:02:44,2026-06-14 00:11:50
casino online noi,RO,Romania,Romanian,,false,false,false,true,true,false,,1500,78,1.97,16,227,211,,5,2,3,,https://legalbet.ro/cazinouri/,,https://legalbet.ro/cazinouri/,2024-06-21 07:24:03,2026-06-15 15:57:22
casino nou,RO,Romania,Romanian,,false,false,false,true,true,true,,2400,80,1.06,35,223,188,,5,4,1,,https://legalbet.ro/cazinouri/,,https://legalbet.ro/cazinouri/,2024-06-27 05:11:17,2026-06-16 03:50:32
cazinouri,RO,Romania,Romanian,,false,false,false,true,true,true,,4400,76,2.67,12,223,211,,8,4,4,,https://legalbet.ro/cazinouri/,,https://legalbet.ro/cazinouri/,2024-06-27 17:16:15,2026-06-17 14:48:24
las vegas.ro casino,RO,Romania,Romanian,Las Vegas.ro (Organization),true,false,true,true,true,true,Sitelinks,1800,55,0.77,12,216,204,,17,3,14,,https://legalbet.ro/feedback/las-vegas/,,https://legalbet.ro/cazinouri/las-vegas/,2024-06-22 02:43:18,2026-06-15 02:55:00
winner ro,RO,Romania,Romanian,Winner Casino (Organization),true,true,false,true,true,false,"Sitelinks, Image pack, Video preview",2800,0,0.67,207,,,,5,,Lost,,https://legalbet.ro/feedback/winner/,,,2024-06-27 21:10:25,
888 casino,RO,Romania,Romanian,888 Casino (Organization),true,false,true,true,true,true,"Sitelinks, Knowledge panel, Video preview",120000,8,1.16,206,,,,23,,Lost,,https://legalbet.ro/cazinouri/888casino/,,,2024-06-27 20:42:35,
pariuri sportive total bet ro,RO,Romania,Romanian,TotalBet (Organization),true,false,true,true,true,true,Sitelinks,1400,54,0.84,125,205,79,,6,2,4,,https://legalbet.ro/scoala-pariurilor/total-bet/,,https://legalbet.ro/scoala-pariurilor/recenzia-casei-de-pariuri-totalbet/,2024-06-25 04:22:00,2026-06-09 15:00:03
unibet pareri,RO,Romania,Romanian,Unibet (Organization),true,false,false,true,false,false,Sitelinks,250,30,3.62,171,201,31,,1,1,,,https://legalbet.ro/feedback/unibet/,,https://legalbet.ro/feedback/unibet/,2024-06-21 17:30:41,2026-05-29 01:33:04
top cazino,RO,Romania,Romanian,,false,false,false,true,true,false,Video preview,500,68,1.98,5,199,194,,5,1,4,,https://legalbet.ro/cazinouri/,,https://legalbet.ro/cazinouri/,2024-06-19 08:02:38,2026-05-19 00:25:54
cashpot casino,RO,Romania,English,CashPot Casino (Organization),true,false,true,true,true,true,,6300,57,0.33,115,193,77,,10,9,1,,https://legalbet.ro/cazinouri/cashpot/,,https://legalbet.ro/cazinouri/cashpot/,2024-06-27 18:20:27,2026-06-21 07:45:06
getsbet.ro,RO,Romania,,GetsBet (Organization),true,false,true,true,false,false,Sitelinks,5900,0,0.60,0,192,192,,6,2,4,Top stories,https://legalbet.ro/feedback/gets-bet/,,https://legalbet.ro/feedback/gets-bet/,2024-06-27 14:35:27,2026-06-27 04:13:42
top 10 cazinouri online,RO,Romania,Romanian,,false,false,false,true,true,true,Sitelinks,500,64,6.25,7,191,184,,6,1,5,,https://legalbet.ro/cazinouri/,,https://legalbet.ro/cazinouri/,2024-06-11 04:27:45,2026-06-19 19:17:00
rotiri fara depunere 2025,RO,Romania,Romanian,,false,false,false,true,true,false,,1900,73,2.30,,186,,,,4,New,,,,https://legalbet.ro/cazinouri/rotiri-gratuite/,,2026-06-21 21:03:32
casino fara depunere,RO,Romania,Romanian,,false,false,false,true,true,false,,9200,73,1.64,0,182,182,,85,11,74,,https://legalbet.ro/cazinouri/bonusuri/bonusuri-fara-depunere/,,https://legalbet.ro/cazinouri/rotiri-gratuite/,2024-06-27 21:52:07,2026-06-17 18:23:42
ce meciuri se joaca azi in liga 1,RO,Romania,Romanian,Liga 1 (Event),true,false,false,true,false,false,,2400,57,0.12,134,181,47,,8,5,3,,https://legalbet.ro/centrul-de-pariere/astazi/,,https://legalbet.ro/centrul-de-pariere/astazi/,2024-06-24 16:01:07,2026-06-21 04:18:20
casinouri noi,RO,Romania,Romanian,,false,false,false,true,true,false,Sitelinks,500,79,0.97,10,177,167,,4,1,3,,https://legalbet.ro/cazinouri/,,https://legalbet.ro/cazinouri/,2024-06-09 16:14:38,2026-05-20 22:16:05
gets bets,RO,Romania,English,GetsBet (Organization),true,false,false,true,true,false,"Sitelinks, Video preview",4000,36,0.43,0,174,174,,19,2,17,,https://legalbet.ro/scoala-pariurilor/aplicatie-gets-bet/,,https://legalbet.ro/feedback/gets-bet/,2024-06-27 01:18:53,2026-06-22 02:14:11
32 rosu casino,RO,Romania,Romanian,32Roșu Casino (Organization),true,false,true,true,true,true,Sitelinks,2200,9,1.26,,162,,,,5,New,,,,https://legalbet.ro/cazinouri/32rosu-casino/,,2026-06-13 22:55:10
32rosu,RO,Romania,Romanian,32Rosu (Organization),true,false,false,true,true,false,Sitelinks,3100,0,1.29,,161,,,,2,New,,,,https://legalbet.ro/cazinouri/32rosu-casino/,,2026-06-22 07:16:16
casino romania online,RO,Romania,English,Romania (Location),false,false,false,true,true,false,,1400,83,2.18,8,160,152,,11,3,8,,https://legalbet.ro/cazinouri/,,https://legalbet.ro/cazinouri/,2024-06-08 00:21:08,2026-06-20 05:19:30
fortuna casino,RO,Romania,Romanian,Fortuna Casino (Organization),true,false,true,true,true,true,"Top ads, Paid sitelinks, Sitelinks, Knowledge panel, Video preview, Bottom ads",29000,17,0.53,160,,,,14,,Lost,,https://legalbet.ro/feedback/fortuna/,,,2024-06-27 08:47:17,
cele mai noi cazinouri online,RO,Romania,Romanian,,false,false,false,true,true,false,Sitelinks,1100,75,0.67,14,159,145,,5,2,3,,https://legalbet.ro/cazinouri/,,https://legalbet.ro/cazinouri/,2024-06-08 19:05:53,2026-06-21 11:09:38
bonus la inregistrare,RO,Romania,Romanian,,false,false,false,true,true,false,,1000,63,3.48,34,158,124,,6,3,3,,https://legalbet.ro/cazinouri/bonusuri/bonusuri-la-inregistrare/,,https://legalbet.ro/cazinouri/bonusuri/bonusuri-la-inregistrare/,2024-06-24 20:33:56,2026-06-14 22:27:32
case pariuri online,RO,Romania,Romanian,,false,false,false,true,true,false,Sitelinks,1500,76,4.65,98,157,59,,5,5,,,https://legalbet.ro/case-de-pariuri-licentiate/,,https://legalbet.ro/case-de-pariuri-licentiate/,2024-06-24 11:22:51,2026-06-21 13:12:39
top 10 casino,RO,Romania,English,,false,false,false,true,true,false,"Featured snippet, Video preview",1100,68,3.25,2,155,153,,6,2,4,,https://legalbet.ro/cazinouri/,,https://legalbet.ro/cazinouri/,2024-06-22 12:39:16,2026-06-21 19:19:21
winbet casino,RO,Romania,English,Winbet Casino (Organization),true,false,false,true,true,false,"Sitelinks, Video preview, Image pack",4000,1,0.22,155,,,,8,,Lost,,https://legalbet.ro/feedback/winbet/,,,2024-06-27 08:26:37,
fotbal tv azi,RO,Romania,Romanian,,false,false,false,true,false,false,Video preview,2400,55,0.06,0,153,153,,76,7,69,,https://legalbet.ro/centrul-de-pariere/maine/,,https://legalbet.ro/centrul-de-pariere/astazi/,2024-06-22 00:19:25,2026-06-22 14:57:25
cazinouri online romania noi,RO,Romania,Romanian,Romania (Location),false,true,false,true,true,false,,1000,72,1.40,,151,,,,2,New,,,,https://legalbet.ro/cazinouri/,,2026-06-16 19:24:26
mr play casino,RO,Romania,English,Mr. Play (Organization),true,false,true,true,true,true,Sitelinks,2500,28,0.73,,150,,,,6,New,,,,https://legalbet.ro/cazinouri/mrplay-casino/,,2026-06-17 08:19:14
ponturi pariuri azi,RO,Romania,Romanian,,false,false,false,true,false,false,,3900,58,0.51,2,150,148,,13,6,7,,https://legalbet.ro/ponturi/,,https://legalbet.ro/ponturi/ponturile-de-astazi/,2024-06-27 07:41:08,2026-06-26 01:06:23
bonus de bun venit,RO,Romania,Romanian,,false,false,false,true,true,false,Featured snippet,1100,64,5.32,19,149,129,,7,3,4,,https://legalbet.ro/cazinouri/bonusuri/bonusuri-la-inregistrare/,,https://legalbet.ro/cazinouri/bonusuri/bonusuri-la-inregistrare/,2024-06-24 07:32:24,2026-06-13 16:38:26
casino online top,RO,Romania,English,,false,false,false,true,true,false,Video preview,400,62,3.68,6,144,138,,5,1,4,,https://legalbet.ro/cazinouri/,,https://legalbet.ro/cazinouri/,2024-06-26 00:48:58,2026-06-06 07:36:58
meciuri azi la tv,RO,Romania,Romanian,,false,false,false,true,false,false,,4500,59,0.03,0,142,142,,48,10,38,,https://legalbet.ro/centrul-de-pariere/astazi/,,https://legalbet.ro/centrul-de-pariere/astazi/,2024-06-27 22:21:48,2026-06-08 09:06:56
las vegas ro,RO,Romania,Romanian,Las Vegas.ro (Organization),true,true,false,true,true,false,Sitelinks,1200,60,1.26,27,141,114,,10,3,7,,https://legalbet.ro/feedback/las-vegas/,,https://legalbet.ro/cazinouri/las-vegas/,2024-06-27 21:42:52,2026-06-14 21:09:19
las vegas rotiri gratuite,RO,Romania,Romanian,Las Vegas (Organization),true,true,false,true,true,false,,900,56,0.80,2,137,135,,25,2,23,,https://legalbet.ro/bonus/las-vegas-casino-200-de-rotiri-gratuite-la-verificarea-contului/,,https://legalbet.ro/cazinouri/las-vegas/,2024-06-27 15:53:20,2026-06-07 11:04:48
us lecce,RO,Romania,English,US Lecce (Organization),true,false,false,true,false,false,"Top stories, Thumbnail, Knowledge panel, Video preview, Image pack",1100,42,,,137,,,,1,New,,,Top stories,https://legalbet.ro/centrul-de-pariere/sassuolo-lecce-17-05-2026/,,2026-05-17 18:53:35
cazinouri fara depunere,RO,Romania,Romanian,,false,false,false,true,true,false,Bottom ads,8600,70,1.51,0,136,136,,62,12,50,,https://legalbet.ro/cazinouri/bonusuri/bonusuri-fara-depunere/,,https://legalbet.ro/cazinouri/rotiri-gratuite/,2024-06-23 23:22:04,2026-06-21 17:38:13
zinx,RO,Romania,,Zinx Casino (Product),true,false,false,true,true,true,Knowledge panel,2500,0,,,132,,,,2,New,,,,https://legalbet.ro/cazinouri/zinx-casino/,,2026-06-14 23:45:28
bonus casino fara depunere,RO,Romania,Romanian,,false,false,false,true,true,false,,5300,73,2.55,0,131,131,,37,10,27,,https://legalbet.ro/bonus/,,https://legalbet.ro/cazinouri/rotiri-gratuite/,2024-06-24 11:37:05,2026-06-16 13:26:17
verificare bilet gets bet fotbal,RO,Romania,Romanian,Get's Bet (Organization),true,false,true,true,false,false,"Sitelinks, Video preview",2700,42,0.96,29,130,101,,14,7,7,,https://legalbet.ro/scoala-pariurilor/casa-de-pariuri-gets-bet-depuneri-si-retrageri/,,https://legalbet.ro/scoala-pariurilor/getsbet-verificare-bilet-online/,2024-06-25 11:33:41,2026-06-10 04:04:09
winmasters pareri,RO,Romania,Romanian,Winmasters (Organization),true,false,false,true,false,false,Sitelinks,150,8,1.42,128,129,1,,1,1,,,https://legalbet.ro/feedback/winmasters/,,https://legalbet.ro/feedback/winmasters/,2024-06-10 16:38:16,2026-05-28 04:05:44
pariuri mozzart,RO,Romania,Romanian,Mozzart Bet (Organization),true,false,true,true,true,true,,600,44,0.04,0,128,128,,23,2,21,,https://legalbet.ro/feedback/mozzart/,,https://legalbet.ro/feedback/mozzart/,2024-06-26 05:08:21,2026-06-22 13:59:46
rotiri fara depunere,RO,Romania,Romanian,,false,false,false,true,true,false,,13000,74,2.72,0,127,127,,67,14,53,,https://legalbet.ro/bonus/stanleybet-cazino-120-de-rotiri-fara-depunere/,,https://legalbet.ro/cazinouri/rotiri-gratuite/,2024-06-27 20:29:49,2026-06-17 18:18:23
bonusuri fara depunere,RO,Romania,Romanian,,false,false,false,true,true,false,,2900,73,2.87,0,124,124,,70,10,60,,https://legalbet.ro/cazinouri/bonusuri/bonusuri-fara-depunere/,,https://legalbet.ro/cazinouri/rotiri-gratuite/,2024-06-27 03:08:06,2026-06-13 02:54:45
ce meciuri sunt astăzi,RO,Romania,Romanian,,false,false,false,true,false,false,,800,58,0.21,167,122,-45,,2,2,,,https://legalbet.ro/centrul-de-pariere/astazi/,,https://legalbet.ro/centrul-de-pariere/astazi/,2024-06-12 19:59:08,2026-06-09 12:20:43
ultra bet,RO,Romania,Romanian,Ultra Bet (Organization),true,false,false,true,true,false,Sitelinks,4900,4,0.87,,119,,,,10,New,,,,https://legalbet.ro/cazinouri/ultrabet-casino/,,2026-06-15 09:39:33
fotbal astazi,RO,Romania,Romanian,,false,false,false,true,false,false,Video preview,900,61,0.33,90,117,27,,5,2,3,,https://legalbet.ro/centrul-de-pariere/astazi/,,https://legalbet.ro/centrul-de-pariere/astazi/,2024-06-26 18:36:25,2026-06-16 16:27:02
casino manhattan,RO,Romania,English,Manhattan (Location),false,true,false,true,false,false,"Sitelinks, People also ask, Knowledge panel",3000,25,1.11,3,116,114,,14,8,6,,https://legalbet.ro/bonus/manhattan-casino-250-rotiri-gratuite-la-slotul-the-dog-house/,,https://legalbet.ro/cazinouri/manhattan/,2024-06-26 03:14:50,2026-06-09 08:25:04
gets bet,RO,Romania,Romanian,GetsBet (Organization),true,false,true,true,true,false,Sitelinks,44000,48,0.43,0,116,116,,10,3,7,,https://legalbet.ro/feedback/gets-bet/,,https://legalbet.ro/feedback/gets-bet/,2024-06-27 00:42:56,2026-06-22 01:44:04
las vegas casino romania,RO,Romania,English,"Las Vegas Casino (Organization), Romania (Location)",true,false,false,true,true,false,"Sitelinks, Local pack, Video preview",800,64,0.68,0,115,115,,56,3,53,,https://legalbet.ro/cazinouri/las-vegas/,,https://legalbet.ro/cazinouri/las-vegas/,2024-06-24 23:28:03,2026-06-07 09:05:51
meciul de azi,RO,Romania,Romanian,,false,false,false,true,false,false,Image pack,1800,59,0.05,239,113,-126,,4,3,1,,https://legalbet.ro/centrul-de-pariere/astazi/,,https://legalbet.ro/centrul-de-pariere/astazi/,2024-06-26 00:34:01,2026-06-18 02:25:31
casino online rotiri gratuite fara depunere,RO,Romania,Romanian,,false,false,false,true,true,false,,1200,72,3.10,,113,,,,4,New,,,,https://legalbet.ro/cazinouri/rotiri-gratuite/,,2026-06-18 20:08:46
betano pareri,RO,Romania,Romanian,Betano (Organization),true,false,false,true,true,false,Sitelinks,150,27,3.71,72,112,40,,1,1,,,https://legalbet.ro/feedback/betano/,,https://legalbet.ro/feedback/betano/,2024-06-25 19:42:13,2026-06-09 04:22:15
rotiri gratuite fara depunere 2026,RO,Romania,,,false,false,false,false,false,false,,4500,68,1.79,,111,,,,10,New,,,,https://legalbet.ro/cazinouri/rotiri-gratuite/,,2026-06-21 10:42:01
vbet ro,RO,Romania,Romanian,VBET (Organization),true,true,true,true,true,false,Sitelinks,3600,63,0.86,,110,,,,9,New,,,,https://legalbet.ro/feedback/victorybet/,,2026-06-22 01:44:33
superbet casino,RO,Romania,English,Superbet Casino (Organization),true,false,false,true,true,false,"Sitelinks, Knowledge panel, Video preview",13000,1,2.07,109,,,,16,,Lost,,https://legalbet.ro/feedback/superbet/,,,2024-06-27 18:00:06,
totogaming romania,RO,Romania,English,"Totogaming (Organization), Romania (Location)",true,false,true,true,true,false,Sitelinks,1400,58,0.76,13,107,95,,21,5,16,,https://legalbet.ro/case-de-pariuri/toto-gaming/,,https://legalbet.ro/cazinouri/toto-gaming/,2024-06-24 16:38:20,2026-06-13 00:45:57
pariuri plus,RO,Romania,Romanian,PariuriPlus (Organization),true,false,true,true,true,false,,5400,32,0.86,,106,,,,11,New,,,,https://legalbet.ro/feedback/pariuriplus/,,2026-06-18 03:03:59
cel mai bun casino online,RO,Romania,Romanian,,false,false,false,true,true,false,Video preview,700,62,,2,106,104,,11,2,9,,https://legalbet.ro/cazinouri/,,https://legalbet.ro/cazinouri/,2024-06-19 18:18:12,2026-06-14 02:40:04
fortuna verificare bilet cod scurt,RO,Romania,Romanian,Fortuna (Organization),true,false,false,true,false,false,,1100,53,0.64,16,106,90,,14,4,10,,https://legalbet.ro/scoala-pariurilor/fortuna-bet-verificare-bilet-online/,,https://legalbet.ro/scoala-pariurilor/fortuna-bet-verificare-bilet-online/,2024-06-24 18:47:28,2026-06-14 07:51:26
platinum casino bonus fara depunere,RO,Romania,Romanian,Platinum Casino (Organization),true,false,false,true,true,false,,900,48,1.00,305,105,-200,,1,3,-2,,https://legalbet.ro/cazinouri/platinum-casino/,,https://legalbet.ro/cazinouri/platinum-casino/,2024-06-24 08:52:49,2026-06-15 11:20:04
fotbal maine,RO,Romania,Romanian,,false,true,false,true,false,false,,300,53,0.29,122,103,-19,,1,1,,,https://legalbet.ro/centrul-de-pariere/maine/,,https://legalbet.ro/centrul-de-pariere/maine/,2024-06-27 21:23:48,2026-06-07 07:58:47
scanare bilet fortuna,RO,Romania,Romanian,Fortuna (Organization),true,false,false,true,false,false,Video preview,1300,46,0.23,1,102,101,,26,5,21,,https://legalbet.ro/scoala-pariurilor/fortuna-bet-verificare-bilet-online/,,https://legalbet.ro/scoala-pariurilor/fortuna-bet-verificare-bilet-online/,2024-06-25 12:55:44,2026-06-22 02:51:06
betmen pariuri,RO,Romania,Romanian,Betmen (Organization),true,false,true,true,true,true,Sitelinks,1300,45,,,101,,,,5,New,,,,https://legalbet.ro/case-de-pariuri/betmen/,,2026-06-16 19:03:35
casino nou online,RO,Romania,Romanian,,false,false,false,true,true,false,,1100,80,1.02,12,100,88,,5,4,1,,https://legalbet.ro/cazinouri/,,https://legalbet.ro/cazinouri/,2024-06-20 22:58:59,2026-06-16 13:15:09
casino million,RO,Romania,English,Million Casino (Organization),true,false,false,true,true,false,"Sitelinks, Local pack",1000,59,1.13,0,98,98,,77,4,73,,https://legalbet.ro/alegerea-editorului/million-casino-toate-bonusurile-si-promotiile-din-2024/,,https://legalbet.ro/cazinouri/million/,2024-06-26 12:12:35,2026-06-16 01:00:28
get bet pariuri sportive,RO,Romania,Romanian,Get's Bet (Organization),true,false,true,true,true,true,"Sitelinks, Video preview",2200,56,0.76,10,97,87,,14,9,5,,https://legalbet.ro/case-de-pariuri/gets-bet/,,https://legalbet.ro/feedback/gets-bet/,2024-06-22 19:42:23,2026-06-21 02:03:06
meci romania azi pe ce program,RO,Romania,Romanian,Romania (Location),false,false,false,true,false,false,Video preview,2400,55,0.70,0,95,95,,75,8,67,,https://legalbet.ro/centrul-de-pariere/astazi/,,https://legalbet.ro/centrul-de-pariere/astazi/,2024-06-26 10:40:05,2026-06-18 02:54:28
fav bet,RO,Romania,Romanian,Favbet (Organization),true,false,false,true,true,false,Sitelinks,1000,43,2.36,0,93,93,,55,4,51,,https://legalbet.ro/feedback/favbet/,,https://legalbet.ro/feedback/favbet/,2024-06-25 05:04:55,2026-06-15 23:08:06
ce meciuri de fotbal sunt azi,RO,Romania,Romanian,,false,false,false,true,false,false,,600,60,0.09,63,93,30,,2,2,,,https://legalbet.ro/centrul-de-pariere/astazi/,,https://legalbet.ro/centrul-de-pariere/astazi/,2024-06-14 02:32:14,2026-06-04 04:46:25
free spins fara depunere,RO,Romania,Romanian,,false,false,false,true,true,false,,600,69,2.45,0,92,92,,84,2,82,,https://legalbet.ro/cazinouri/rotiri-gratuite/,,https://legalbet.ro/cazinouri/rotiri-gratuite/,2024-06-08 07:12:14,2026-06-05 21:31:08
cazino nou,RO,Romania,Romanian,,false,false,false,true,true,false,,600,73,1.76,8,91,84,,5,2,3,,https://legalbet.ro/cazinouri/,,https://legalbet.ro/cazinouri/,2024-06-11 10:34:50,2026-06-21 20:18:10
meci astazi,RO,Romania,Romanian,,false,false,false,true,false,false,,1100,60,0.03,114,91,-23,,5,3,2,,https://legalbet.ro/centrul-de-pariere/astazi/,,https://legalbet.ro/centrul-de-pariere/astazi/,2024-06-26 22:44:22,2026-06-20 10:19:27
meci de fotbal azi,RO,Romania,Romanian,,false,false,false,true,false,false,Video preview,800,59,0.07,135,91,-44,,4,2,2,,https://legalbet.ro/centrul-de-pariere/astazi/,,https://legalbet.ro/centrul-de-pariere/astazi/,2024-06-26 03:12:30,2026-06-22 12:22:56
110 rotiri gratuite fara depunere,RO,Romania,Romanian,,false,false,false,true,true,false,,1900,73,1.37,0,91,91,,94,7,87,,https://legalbet.ro/centrul-de-pariere/argentina-canada-21-06-2024/,,https://legalbet.ro/cazinouri/rotiri-gratuite/,2024-06-26 00:52:57,2026-06-20 18:12:58
cazino online nou,RO,Romania,Romanian,,false,false,false,true,true,false,,800,80,2.21,5,90,85,,5,3,2,,https://legalbet.ro/cazinouri/,,https://legalbet.ro/cazinouri/,2024-06-08 12:11:29,2026-05-27 11:19:31
online casino romania,RO,Romania,English,Romania (Location),false,false,false,true,true,false,,1000,83,2.89,9,90,81,,9,4,5,,https://legalbet.ro/cazinouri/,,https://legalbet.ro/cazinouri/,2024-06-19 05:49:57,2026-06-20 07:20:27
slotv casino,RO,Romania,Romanian,SlotV Casino (Organization),true,false,false,true,true,false,"Sitelinks, Image pack",2900,0,0.69,90,,,,9,,Lost,,https://legalbet.ro/cazinouri/slotv-casino/,,,2024-06-24 12:20:25,
case pariuri romania,RO,Romania,Romanian,Romania (Location),false,false,false,true,true,false,"Top ads, Paid sitelinks, Sitelinks",300,72,8.06,17,89,71,,4,1,3,,https://legalbet.ro/case-de-pariuri-licentiate/,,https://legalbet.ro/case-de-pariuri-licentiate/,2024-06-24 02:03:12,2026-05-16 19:39:07
elite slots,RO,Romania,English,Elite Slots (Organization),true,false,false,true,true,false,"Sitelinks, Video preview",17000,0,0.61,89,,,,17,,Lost,,https://legalbet.ro/cazinouri/elite-slots/,,,2024-06-27 15:28:39,
fortuna palace casino,RO,Romania,English,Fortuna Palace Casino (Organization),true,false,false,true,true,false,Local pack,8800,60,0.49,,89,,,,15,New,,,,https://legalbet.ro/cazinouri/fortuna-palace/,,2026-06-21 21:14:05
stanleybet verificare bilet,RO,Romania,Romanian,Stanleybet (Organization),true,false,false,true,false,false,Sitelinks,350,7,0.17,1,89,87,,5,2,3,,https://legalbet.ro/scoala-pariurilor/stanleybet-verificare-bilet-online/,,https://legalbet.ro/scoala-pariurilor/stanleybet-verificare-bilet-online/,2024-06-26 23:40:28,2026-06-08 12:46:36
pareri betano,RO,Romania,Romanian,Betano (Organization),true,false,false,true,true,false,Sitelinks,150,31,2.18,88,88,0,,1,1,,,https://legalbet.ro/feedback/betano/,,https://legalbet.ro/feedback/betano/,2024-06-11 06:28:44,2026-05-24 00:10:24
excelbet casino,RO,Romania,English,ExcelBet (Organization),true,false,true,true,true,true,Sitelinks,1200,61,0.67,1,87,86,,24,5,19,,https://legalbet.ro/cazinouri/excelbet-casino/,,https://legalbet.ro/cazinouri/excelbet-casino/,2024-06-23 02:31:05,2026-06-16 16:48:51
casino noi romania,RO,Romania,Romanian,Romania (Location),false,false,false,true,true,false,,600,77,0.97,17,86,69,,5,2,3,,https://legalbet.ro/cazinouri/,,https://legalbet.ro/cazinouri/,2024-06-17 03:19:09,2026-06-10 13:17:14
player pariuri,RO,Romania,Romanian,Player (Organization),true,false,false,true,true,false,Sitelinks,700,48,0.24,8,86,78,,6,4,2,,https://legalbet.ro/case-de-pariuri/player/,,https://legalbet.ro/feedback/player/,2024-06-12 19:10:54,2026-05-28 05:22:27
rotiri gratuite fara depunere fara verificare,RO,Romania,Romanian,,false,false,false,true,true,false,,1400,71,1.85,0,85,85,,34,6,28,,https://legalbet.ro/scoala-de-cazino/bonus-fara-rulaj/,,https://legalbet.ro/cazinouri/rotiri-gratuite/,2024-06-22 11:23:04,2026-06-07 19:06:44
meciuri astăzi,RO,Romania,Romanian,,false,false,false,true,false,false,Video preview,700,59,0.03,54,84,30,,7,3,4,,https://legalbet.ro/centrul-de-pariere/astazi/,,https://legalbet.ro/centrul-de-pariere/astazi/,2024-06-19 21:51:04,2026-06-21 09:18:31
win 2,RO,Romania,Romanian,Win 2 (Organization),true,false,false,true,true,false,Sitelinks,2200,43,0.55,0,84,84,,93,8,85,,https://legalbet.ro/feedback/win2/,,https://legalbet.ro/bonus/sets/win2-fara-depunere/,2024-06-27 06:20:30,2026-06-26 02:25:38
bonus bun venit,RO,Romania,Romanian,Bonus Bun Venit (Event),true,false,false,true,true,false,Video preview,600,66,7.62,65,84,18,,5,2,3,,https://legalbet.ro/cazinouri/bonusuri/bonusuri-la-inregistrare/,,https://legalbet.ro/cazinouri/bonusuri/bonusuri-la-inregistrare/,2024-06-19 05:32:56,2026-06-24 13:45:46
meciuri azi fotbal,RO,Romania,Romanian,,false,false,false,true,false,false,Video preview,2500,60,0.06,73,83,11,,3,3,,,https://legalbet.ro/centrul-de-pariere/astazi/,,https://legalbet.ro/centrul-de-pariere/astazi/,2024-06-27 07:40:10,2026-06-17 18:16:41
red casino,RO,Romania,,,false,false,false,false,false,false,Sitelinks,900,52,0.98,,83,,,,4,New,,,,https://legalbet.ro/cazinouri/red-sevens/,,2026-06-15 23:07:37
cele mai bune case de pariuri online,RO,Romania,Romanian,,false,false,false,true,true,false,Sitelinks,600,68,3.14,22,82,60,,7,4,3,,https://legalbet.ro/case-de-pariuri-licentiate/,,https://legalbet.ro/case-de-pariuri-licentiate/,2024-06-17 06:41:29,2026-06-10 18:37:55
fortuna palace,RO,Romania,Romanian,Fortuna Palace (Organization),true,false,false,true,true,false,"Sitelinks, Video preview",23000,47,0.39,,82,,,,18,New,,,,https://legalbet.ro/cazinouri/fortuna-palace/,,2026-06-18 02:56:34
siteuri pacanele,RO,Romania,Romanian,,false,false,false,true,false,false,,250,83,5.07,12,82,70,,3,1,2,,https://legalbet.ro/cazinouri/,,https://legalbet.ro/cazinouri/,2024-06-22 12:42:58,2026-05-30 03:43:11
espanyol,RO,Romania,Spanish,RCD Espanyol (Organization),true,false,false,true,false,false,"Top stories, Thumbnail, Knowledge panel",350,34,0.11,,82,,,,1,New,,,Top stories,https://legalbet.ro/centrul-de-pariere/espanyol-athletic-bilbao-13-05-2026/,,2026-05-12 16:17:31
case de pariuri,RO,Romania,Romanian,,false,false,false,true,true,false,Sitelinks,800,74,5.83,64,81,17,,5,4,1,,https://legalbet.ro/case-de-pariuri-licentiate/,,https://legalbet.ro/case-de-pariuri-licentiate/,2024-06-24 22:25:31,2026-06-16 17:35:22
ponturi baschet,RO,Romania,Romanian,,false,false,false,true,true,false,,300,1,0.93,54,80,27,,5,4,1,,https://legalbet.ro/ponturi/sportul-baschet/,,https://legalbet.ro/ponturi/sportul-baschet/,2024-06-24 23:49:01,2026-06-27 02:59:36
red seven,RO,Romania,,RedSevens (Organization),true,false,false,true,true,false,"Sitelinks, Video preview",1700,31,0.65,,80,,,,7,New,,,,https://legalbet.ro/cazinouri/red-sevens/,,2026-06-02 07:43:18
meciurile de maine,RO,Romania,Romanian,,false,false,false,true,false,false,,200,25,0.18,91,80,-11,,1,1,,,https://legalbet.ro/centrul-de-pariere/maine/,,https://legalbet.ro/centrul-de-pariere/maine/,2024-06-19 13:14:15,2026-05-28 02:35:25
casino online romania bonus fara depunere,RO,Romania,Romanian,Romania (Location),false,false,false,true,true,false,Sitelinks,700,76,2.04,0,78,78,,37,3,34,,https://legalbet.ro/cazinouri/,,https://legalbet.ro/cazinouri/,2024-06-27 22:05:06,2026-06-13 15:03:45
888 casino pareri,RO,Romania,Romanian,888 Casino (Organization),true,false,false,true,false,false,,200,56,3.81,32,78,46,,2,1,1,,https://legalbet.ro/complaints/888-sport/,,https://legalbet.ro/feedback/888-sport/,2024-06-07 00:29:57,2026-06-07 20:43:22
rotiri gratuite fara rulaj,RO,Romania,Romanian,,false,false,false,true,true,false,,1000,68,2.76,1,78,77,,22,5,17,,https://legalbet.ro/scoala-de-cazino/bonus-fara-rulaj/,,https://legalbet.ro/cazinouri/bonusuri/fara-rulaj/,2024-06-08 02:32:50,2026-06-21 11:21:11
fotbal astăzi,RO,Romania,Romanian,,false,false,false,true,false,false,Video preview,700,59,0.33,142,78,-64,,3,3,,,https://legalbet.ro/centrul-de-pariere/astazi/,,https://legalbet.ro/centrul-de-pariere/astazi/,2024-06-27 04:39:56,2026-06-15 14:03:26
don ro,RO,Romania,Romanian,Don.ro (Organization),true,false,false,true,true,false,"Top ads, Paid sitelinks, Sitelinks, Image pack, Video preview",5900,0,1.27,77,,,,13,,Lost,,https://legalbet.ro/feedback/don-sport/,,,2024-06-26 19:25:59,
casa pariurilor fotografii,RO,Romania,Romanian,Casa Pariurilor (Organization),true,false,false,true,false,false,"Sitelinks, Knowledge panel",600,18,1.24,,75,,,,3,New,,,,https://legalbet.ro/feedback/casa-pariurilor/,,2026-05-28 05:37:59
magnum casino,RO,Romania,English,Magnum Casino (Organization),true,false,false,true,true,false,Sitelinks,1000,59,1.20,1,74,73,,24,5,19,,https://legalbet.ro/cazinouri/magnum-casino/,,https://legalbet.ro/cazinouri/magnum-casino/,2024-06-23 20:39:46,2026-06-15 13:01:54
cel mai nou casino online,RO,Romania,Romanian,,false,false,false,true,true,true,"Top ads, Paid sitelinks, Sitelinks",200,79,,15,72,57,,5,1,4,,https://legalbet.ro/cazinouri/,,https://legalbet.ro/cazinouri/,2024-06-10 12:59:59,2026-05-26 07:25:33
la ce ora e meciul azi,RO,Romania,Romanian,,false,false,false,true,false,false,,200,60,,23,71,48,,3,1,2,,https://legalbet.ro/centrul-de-pariere/astazi/,,https://legalbet.ro/centrul-de-pariere/astazi/,2024-06-17 16:07:04,2026-06-13 16:51:52
bonus pariuri fara depunere,RO,Romania,Romanian,,false,false,false,true,true,false,Sitelinks,350,59,2.82,42,71,29,,4,3,1,,https://legalbet.ro/bonus/sets/fara-depunere-pariuri/,,https://legalbet.ro/bonus/sets/freebet/,2024-06-17 18:22:03,2026-05-22 18:05:41
casinouri,RO,Romania,Romanian,,false,false,false,true,true,false,Knowledge panel,500,79,2.56,14,71,57,,7,2,5,,https://legalbet.ro/cazinouri/,,https://legalbet.ro/cazinouri/,2024-06-25 12:56:39,2026-06-06 08:56:59
meciuri fotbal maine,RO,Romania,Romanian,,false,false,false,true,false,false,,200,31,0.21,80,70,-9,,1,1,,,https://legalbet.ro/centrul-de-pariere/maine/,,https://legalbet.ro/centrul-de-pariere/maine/,2024-06-19 21:52:31,2026-06-03 15:08:18
million casino,RO,Romania,English,Million Casino (Organization),true,false,false,true,true,false,"Top ads, Paid sitelinks, Sitelinks, Video preview",46000,0,1.13,70,,,,21,,Lost,,https://legalbet.ro/bonus/million-cazino-200-de-runde-gratuite-la-verificarea-contului/,,,2024-06-27 23:51:42,
meciurile din seara asta,RO,Romania,Romanian,,false,false,false,true,false,false,,200,61,0.08,70,70,0,,1,1,,,https://legalbet.ro/centrul-de-pariere/astazi/,,https://legalbet.ro/centrul-de-pariere/astazi/,2024-06-08 08:34:55,2026-06-21 22:59:38
pareri unibet,RO,Romania,Romanian,Unibet (Organization),true,false,false,true,true,false,Sitelinks,150,23,2.73,70,70,0,,1,1,,,https://legalbet.ro/feedback/unibet/,,https://legalbet.ro/feedback/unibet/,2024-06-07 16:55:52,2026-06-19 23:35:35
lista cazinouri online,RO,Romania,Romanian,,false,false,false,true,true,false,,500,59,3.04,24,70,46,,3,2,1,,https://legalbet.ro/cazinouri/,,https://legalbet.ro/cazinouri/,2024-06-13 11:36:58,2026-06-10 04:18:11
get's bet casino,RO,Romania,English,Get's Bet (Organization),true,false,true,true,true,true,Sitelinks,500,58,0.18,24,70,46,,7,2,5,,https://legalbet.ro/feedback/gets-bet/,,https://legalbet.ro/feedback/gets-bet/,2024-06-04 20:47:23,2026-06-20 10:50:49
top case de pariuri,RO,Romania,Romanian,,false,false,false,true,true,false,Sitelinks,150,62,6.43,14,70,56,,4,1,3,,https://legalbet.ro/case-de-pariuri-licentiate/,,https://legalbet.ro/case-de-pariuri-licentiate/,2024-06-08 18:38:22,2026-05-21 06:49:54
pacanele noi,RO,Romania,Romanian,,false,false,false,true,true,false,,200,69,2.10,0,69,69,,15,1,14,,https://legalbet.ro/cazinouri/,,https://legalbet.ro/cazinouri/,2024-06-17 14:12:52,2026-06-23 11:57:00
cele mai bune case de pariuri,RO,Romania,Romanian,,false,false,false,true,true,false,,150,67,5.83,3,69,66,,7,1,6,,https://legalbet.ro/case-de-pariuri-licentiate/,,https://legalbet.ro/case-de-pariuri-licentiate/,2024-06-15 00:34:34,2026-06-19 22:15:36
get's bet pariuri sportive,RO,Romania,Romanian,Get's Bet (Organization),true,false,true,true,true,true,Sitelinks,2100,56,0.76,1,69,68,,21,9,12,,https://legalbet.ro/case-de-pariuri/gets-bet/,,https://legalbet.ro/feedback/gets-bet/,2024-06-23 18:58:36,2026-06-22 02:23:50
bonusuri casino fara depunere,RO,Romania,Romanian,,false,false,false,true,true,false,Sitelinks,600,70,2.55,0,68,68,,34,3,31,,https://legalbet.ro/bonus/,,https://legalbet.ro/cazinouri/bonusuri-fara-depunere/,2024-06-18 18:10:49,2026-06-21 05:44:15
roata norocului casino,RO,Romania,Romanian,Wheel of Fortune (Event),true,false,false,true,true,false,,1400,52,0.61,1,67,66,,23,7,16,,https://legalbet.ro/cazinouri/sets/cazinouri-cu-roata-norocului-online-gratis/,,https://legalbet.ro/cazinouri/sets/roata-norocului/,2024-06-25 21:31:04,2026-06-10 06:17:27
pronosticuri fotbal maine,RO,Romania,Romanian,,false,false,false,true,false,true,,400,40,0.23,71,67,-4,,4,4,,,https://legalbet.ro/ponturi/maine/,,https://legalbet.ro/ponturi/maine/,2024-06-23 13:14:21,2026-05-23 17:53:14
win2 ro,RO,Romania,Romanian,Win2.ro (Organization),true,false,false,true,true,false,Sitelinks,2300,53,0.59,234,67,-168,,2,10,-8,Top stories,https://legalbet.ro/feedback/win2/,,https://legalbet.ro/bonus/sets/win2-fara-depunere/,2024-06-26 00:42:49,2026-06-20 17:21:56
new casino,RO,Romania,English,,false,false,false,true,true,false,"Top ads, Paid sitelinks",200,72,3.00,,66,,,,1,New,,,,https://legalbet.ro/cazinouri/,,2026-05-26 13:10:42
pacanele romania,RO,Romania,Romanian,Romania (Location),false,false,false,true,true,false,,600,80,3.06,2,66,65,,10,3,7,,https://legalbet.ro/cazinouri/,,https://legalbet.ro/cazinouri/,2024-06-23 09:57:42,2026-06-16 19:45:27
bonusuri case de pariuri,RO,Romania,Romanian,,false,false,false,true,true,false,Sitelinks,350,61,5.46,16,66,50,,2,2,,,https://legalbet.ro/rating-bonus/,,https://legalbet.ro/rating-bonus/,2024-06-24 22:03:05,2026-05-20 08:30:06
get bet pariuri,RO,Romania,Romanian,Get's Bet (Organization),true,false,true,true,true,true,"Sitelinks, Video preview",700,61,0.82,3,66,63,,15,4,11,,https://legalbet.ro/case-de-pariuri/gets-bet/,,https://legalbet.ro/feedback/gets-bet/,2024-06-25 22:54:04,2026-06-27 01:45:36
romania meci azi,RO,Romania,Romanian,Romania (Location),false,false,false,true,false,false,Video preview,1900,59,0.13,1,65,64,,26,5,21,,https://legalbet.ro/centrul-de-pariere/astazi/,,https://legalbet.ro/centrul-de-pariere/astazi/,2024-06-19 14:33:06,2026-06-15 12:41:15
case pariuri noi,RO,Romania,Romanian,,false,false,false,true,true,false,Sitelinks,200,73,1.95,7,65,58,,3,1,2,,https://legalbet.ro/case-de-pariuri-licentiate/,,https://legalbet.ro/case-de-pariuri-licentiate/,2024-06-07 10:15:08,2026-06-02 05:37:25
cazinouri online care platesc,RO,Romania,Romanian,,false,false,false,true,true,false,"Bottom ads, Video preview",600,16,1.99,0,65,65,,29,3,26,,https://legalbet.ro/cazinouri/,,https://legalbet.ro/cazinouri/sets/care-platesc/,2024-06-10 12:09:48,2026-06-10 11:13:11
instalare casa pariurilor,RO,Romania,Romanian,Casa Pariurilor (Organization),true,false,false,true,true,true,"Image pack, Video preview",2200,0,0.82,65,,,,10,,Lost,,https://legalbet.ro/scoala-pariurilor/pariuri-de-pe-mobil-la-casa-pariurilor-pas-cu-pas-despre-instalarea-aplicatiei-de-android-apk-si-ios/,,,2024-06-24 05:02:04,
meciuri,RO,Romania,Romanian,,false,false,false,true,false,false,"Top stories, Thumbnail, Video preview",3800,65,0.12,35,65,30,,13,11,2,,https://legalbet.ro/centrul-de-pariere/astazi/,,https://legalbet.ro/centrul-de-pariere/astazi/,2024-06-27 12:33:36,2026-06-14 02:54:43
poziții rayo vallecano,RO,Romania,Romanian,Rayo Vallecano (Organization),true,false,false,true,false,false,"Image pack, Video preview",700,0,,64,,,,4,,Lost,,https://legalbet.ro/centrul-de-pariere/echipe/rayo-vallecano/,,,2024-06-14 11:49:27,
meciuri la tv azi,RO,Romania,Romanian,,false,false,false,true,false,false,Sitelinks,1300,59,0.30,,64,,,,8,New,,,,https://legalbet.ro/centrul-de-pariere/astazi/,,2026-06-12 16:37:01
las vegas bonus fara depunere,RO,Romania,Romanian,Las Vegas (Location),false,true,false,true,true,false,Sitelinks,500,45,1.61,0,64,64,,33,3,30,,https://legalbet.ro/bonus/las-vegas-casino-333-rotiri-fara-depunere-fara-rulaj/,,https://legalbet.ro/cazinouri/las-vegas/,2024-06-23 23:20:12,2026-06-05 16:51:20
vegas casino,RO,Romania,English,Las Vegas (Location),false,true,false,true,true,false,"Local pack, Video preview",700,68,1.33,,64,,,,4,New,,,,https://legalbet.ro/cazinouri/las-vegas/,,2026-06-07 07:14:26
fortuna cod scurt,RO,Romania,Romanian,Fortuna (Organization),true,false,false,true,false,false,,500,60,0.63,6,63,58,,14,3,11,,https://legalbet.ro/scoala-pariurilor/fortuna-bet-verificare-bilet-online/,,https://legalbet.ro/scoala-pariurilor/fortuna-bet-verificare-bilet-online/,2024-06-25 19:03:00,2026-06-21 08:21:50
casinouri romania,RO,Romania,Romanian,Romania (Location),false,false,false,true,true,false,Knowledge panel,450,80,2.45,6,63,57,,5,2,3,,https://legalbet.ro/cazinouri/,,https://legalbet.ro/cazinouri/,2024-06-08 10:31:18,2026-05-29 01:43:19
billion casino,RO,Romania,English,Bilion Casino (Organization),true,false,false,true,true,false,Sitelinks,2500,0,0.87,,63,,,,10,New,,,,https://legalbet.ro/bonus/bilion-casino-50-ron-fara-depunere-la-verificare-cont/,,2026-06-20 13:18:52
royal casino.ro,RO,Romania,,Royal Casino (Organization),true,false,true,true,false,false,,700,51,0.92,,63,,,,4,New,,,,https://legalbet.ro/cazinouri/royal-casino/,,2026-06-12 23:07:47
redseven casino,RO,Romania,English,RedSevens (Organization),true,false,false,true,true,false,"Sitelinks, Local pack, Bottom ads, Paid sitelinks",500,50,0.57,0,63,63,,36,3,33,,https://legalbet.ro/complaints/red-sevens/,,https://legalbet.ro/cazinouri/red-sevens/,2024-06-20 21:09:25,2026-06-09 22:56:03
site uri pariuri sportive,RO,Romania,Romanian,,false,false,false,true,true,false,Sitelinks,150,77,8.11,20,62,42,,3,1,2,,https://legalbet.ro/case-de-pariuri-licentiate/,,https://legalbet.ro/case-de-pariuri-licentiate/,2024-06-13 23:55:27,2026-06-01 20:55:21
pronosticuri sportive,RO,Romania,Romanian,,false,false,false,true,false,false,,500,59,0.40,8,62,54,,11,7,4,,https://legalbet.ro/ponturi/,,https://legalbet.ro/ponturi/,2024-06-26 21:17:26,2026-06-08 01:05:16
bonus fara depunere la inregistrare,RO,Romania,Romanian,,false,false,false,true,true,false,,1300,70,2.02,0,62,62,,35,7,28,,https://legalbet.ro/cazinouri/bonusuri/bonusuri-la-inregistrare/,,https://legalbet.ro/cazinouri/bonusuri-fara-depunere/,2024-06-20 17:36:13,2026-06-22 01:10:10
new casino romania,RO,Romania,English,Romania (Location),false,false,false,true,true,false,,150,73,1.40,8,62,54,,7,1,6,,https://legalbet.ro/cazinouri/,,https://legalbet.ro/cazinouri/,2024-06-22 05:55:19,2026-06-10 07:16:31
totogaming bonus fara depunere,RO,Romania,Romanian,Totogaming (Organization),true,false,false,true,true,false,,2300,57,0.80,10,62,52,,19,10,9,,https://legalbet.ro/cazinouri/toto-gaming/,,https://legalbet.ro/bonus/sets/toto-gaming-fara-depunere/,2024-06-26 16:34:43,2026-06-07 09:53:58
luck casino pareri,RO,Romania,Romanian,Luck Casino (Organization),true,false,false,true,false,false,"Top ads, Sitelinks, People also ask",150,47,1.12,10,61,51,,6,1,5,,https://legalbet.ro/cazinouri/luck-casino/,,https://legalbet.ro/feedback/luck-com/,2024-06-07 13:49:28,2026-05-19 06:46:17
maxwin,RO,Romania,Romanian,MaxWin (Organization),true,false,false,true,true,false,Sitelinks,23000,0,0.76,,61,,,,3,New,,,,https://legalbet.ro/cazinouri/maxwin-casino/,,2026-06-20 17:04:16
casino online bonus,RO,Romania,English,,false,false,false,true,true,false,,800,79,3.17,4,61,57,,8,5,3,,https://legalbet.ro/cazinouri/bonusuri/bonusuri-la-inregistrare/,,https://legalbet.ro/cazinouri/,2024-06-24 21:19:03,2026-06-21 01:20:02
totogaming casino online,RO,Romania,English,TotoGaming (Organization),true,false,true,true,true,true,Image pack,1300,0,0.62,61,,,,7,,Lost,,https://legalbet.ro/cazinouri/toto-gaming/,,,2024-06-13 03:07:30,
când joacă,RO,Romania,Romanian,,false,false,false,true,false,false,,150,59,0.10,2,61,59,,13,1,12,,https://legalbet.ro/centrul-de-pariere/astazi/,,https://legalbet.ro/centrul-de-pariere/astazi/,2024-06-24 19:58:57,2026-05-27 13:24:51
ce meci e azi,RO,Romania,Romanian,,false,false,false,true,false,false,,600,59,0.08,170,61,-109,,3,3,,,https://legalbet.ro/centrul-de-pariere/astazi/,,https://legalbet.ro/centrul-de-pariere/astazi/,2024-06-20 17:03:45,2026-06-11 08:14:44
luck casino,RO,Romania,English,Luck Casino (Organization),true,false,false,true,true,false,"Sitelinks, Thumbnail, Knowledge panel, Image pack, Video preview, Bottom ads, Paid sitelinks",23000,1,0.67,60,,,,20,,Lost,,https://legalbet.ro/cazinouri/luck-casino/,,,2024-06-27 02:45:05,
cele mai bune cazinouri online,RO,Romania,Romanian,,false,false,false,true,true,false,"Bottom ads, Paid sitelinks, Video preview",1000,75,5.47,25,60,35,,7,6,1,,https://legalbet.ro/cazinouri/,,https://legalbet.ro/cazinouri/,2024-06-12 16:51:30,2026-06-14 05:40:34
jocuri casino online,RO,Romania,Romanian,,false,false,false,true,true,true,,1100,81,2.52,0,60,60,,31,7,24,,https://legalbet.ro/cazinouri/,,https://legalbet.ro/cazinouri/,2024-06-08 22:16:58,2026-06-05 15:52:37
bonus fara rulaj,RO,Romania,Romanian,,false,false,false,true,true,false,,1000,65,4.33,1,60,59,,21,6,15,,https://legalbet.ro/scoala-de-cazino/bonus-fara-rulaj/,,https://legalbet.ro/cazinouri/bonusuri/fara-rulaj/,2024-06-16 12:51:41,2026-06-08 06:33:48
cazinouri licentiate romania,RO,Romania,Romanian,Romania (Location),false,false,false,true,true,false,,500,61,2.05,19,60,40,,4,3,1,,https://legalbet.ro/cazinouri/,,https://legalbet.ro/cazinouri/,2024-06-24 13:00:20,2026-06-07 10:40:58
top case pariuri,RO,Romania,Romanian,,false,false,false,true,true,false,,300,57,4.67,23,59,37,,5,2,3,,https://legalbet.ro/case-de-pariuri-licentiate/,,https://legalbet.ro/case-de-pariuri-licentiate/,2024-06-11 23:09:14,2026-06-13 05:38:08
meciuri maine fotbal,RO,Romania,Romanian,,false,false,false,true,false,false,,150,32,0.25,69,59,-10,,1,1,,,https://legalbet.ro/centrul-de-pariere/maine/,,https://legalbet.ro/centrul-de-pariere/maine/,2024-06-18 13:24:20,2026-05-19 03:12:59
casino online fara depunere,RO,Romania,Romanian,,false,false,false,true,true,false,,5800,75,1.59,0,59,59,,85,14,71,,https://legalbet.ro/cazinouri/bonusuri/bonusuri-fara-depunere/,,https://legalbet.ro/cazinouri/rotiri-gratuite/,2024-06-23 16:11:48,2026-06-16 14:36:31
vivabet casino,RO,Romania,English,Vivabet (Organization),true,false,false,true,true,false,Sitelinks,2900,58,0.47,,58,,,,11,New,,,,https://legalbet.ro/cazinouri/vivabet-casino/,,2026-06-22 01:45:11
free spin fara depunere,RO,Romania,Romanian,,false,false,false,true,true,false,,500,69,2.45,0,57,57,,99,3,96,,https://legalbet.ro/bonus/sets/conti-cazino/,,https://legalbet.ro/cazinouri/rotiri-gratuite/,2024-06-19 17:43:17,2026-06-07 18:10:05
case pariuri,RO,Romania,Romanian,,false,false,false,true,true,false,Sitelinks,800,73,5.46,67,57,-10,,4,5,-1,,https://legalbet.ro/case-de-pariuri-licentiate/,,https://legalbet.ro/case-de-pariuri-licentiate/,2024-06-23 05:54:33,2026-06-12 03:39:28
las vegas casino ro,RO,Romania,Romanian,Las Vegas Casino (Organization),true,true,false,true,true,false,Sitelinks,500,61,1.02,0,56,56,,21,3,18,,https://legalbet.ro/cazinouri/las-vegas/,,https://legalbet.ro/cazinouri/las-vegas/,2024-06-23 14:45:08,2026-05-23 22:11:30
ce meciuri sunt mâine,RO,Romania,Romanian,,false,false,false,true,false,false,,150,38,0.07,65,56,-9,,1,1,,,https://legalbet.ro/centrul-de-pariere/maine/,,https://legalbet.ro/centrul-de-pariere/maine/,2024-06-06 15:50:34,2026-06-18 23:45:10
ponturi fotbal azi,RO,Romania,Romanian,,false,false,false,true,false,false,,1700,57,0.49,89,56,-33,,9,12,-3,,https://legalbet.ro/ponturi/sportul-fotbal/,,https://legalbet.ro/ponturi/ponturile-de-astazi/,2024-06-24 13:55:31,2026-06-08 00:48:32
get.s bet,RO,Romania,Romanian,GetsBet (Organization),true,false,true,true,true,false,"Sitelinks, Video preview",400,41,,12,55,43,,6,2,4,,https://legalbet.ro/feedback/gets-bet/,,https://legalbet.ro/feedback/gets-bet/,2024-06-19 22:25:24,2026-06-24 13:48:44
cazino online romania,RO,Romania,Romanian,Romania (Location),false,true,false,true,true,true,Video preview,450,83,4.55,6,55,49,,9,3,6,,https://legalbet.ro/cazinouri/,,https://legalbet.ro/cazinouri/,2024-06-21 02:06:14,2026-06-17 14:35:00
powerbet ro,RO,Romania,Romanian,Powerbet (Organization),true,false,true,true,true,false,Sitelinks,700,51,0.54,,55,,,,5,New,,,,https://legalbet.ro/case-de-pariuri/powerbet/,,2026-06-12 14:45:02
bonus fara depunere pariuri,RO,Romania,Romanian,,false,false,false,true,true,false,Sitelinks,250,60,3.52,17,55,38,,4,2,2,,https://legalbet.ro/bonus/sets/fara-depunere-pariuri/,,https://legalbet.ro/bonus/sets/freebet/,2024-06-18 21:51:40,2026-05-22 20:52:20
casino napoleon,RO,Romania,,,false,false,false,false,false,false,Sitelinks,900,42,0.74,,55,,,,6,New,,,,https://legalbet.ro/cazinouri/napoleon-casino/,,2026-06-11 03:03:48
case de pariuri noi,RO,Romania,Romanian,,false,false,false,true,true,false,Sitelinks,450,65,2.08,25,54,29,,3,3,,,https://legalbet.ro/case-de-pariuri-licentiate/,,https://legalbet.ro/case-de-pariuri-licentiate/,2024-06-13 23:58:31,2026-06-15 18:07:43
rotiri gratuite la inregistrare,RO,Romania,Romanian,,false,false,false,true,true,false,,1100,74,3.11,0,54,54,,87,7,80,,https://legalbet.ro/bonus/stanleybet-cazino-120-de-rotiri-fara-depunere/,,https://legalbet.ro/cazinouri/rotiri-gratuite/,2024-06-22 18:46:19,2026-06-01 07:23:32
sportingbet pareri,RO,Romania,Romanian,Sportingbet (Organization),true,false,false,true,false,false,Sitelinks,150,47,2.50,54,54,0,,1,1,,,https://legalbet.ro/feedback/sportingbet/,,https://legalbet.ro/feedback/sportingbet/,2024-06-27 09:20:49,2026-05-23 20:37:22
las vegas romania,RO,Romania,English,"Las Vegas (Organization), Romania (Location)",true,true,false,true,true,false,"Sitelinks, Video preview",600,60,0.86,0,54,54,,72,4,68,,https://legalbet.ro/feedback/las-vegas/,,https://legalbet.ro/cazinouri/las-vegas/,2024-06-26 22:31:28,2026-06-10 11:10:01
bonus pariuri sportive,RO,Romania,Romanian,,false,false,false,true,true,false,Sitelinks,400,64,6.58,32,54,21,,2,4,-2,,https://legalbet.ro/rating-bonus/,,https://legalbet.ro/rating-bonus/,2024-06-14 06:07:27,2026-05-23 11:13:17
cine joaca in seara asta fotbal,RO,Romania,Romanian,,false,false,false,true,false,false,,450,59,0.06,104,53,-51,,8,3,5,,https://legalbet.ro/centrul-de-pariere/astazi/,,https://legalbet.ro/centrul-de-pariere/astazi/,2024-06-23 02:52:10,2026-06-15 21:42:15
poziții psg,RO,Romania,Romanian,Paris Saint-Germain (Organization),true,false,false,true,false,false,"Image pack, Video preview",500,1,,53,,,,4,,Lost,,https://legalbet.ro/centrul-de-pariere/echipe/paris-saint-germain/,,,2024-06-27 05:34:27,
fotbal azi la tv,RO,Romania,Romanian,,false,false,false,true,false,false,"Top stories, Thumbnail, Video preview",30000,56,0.03,0,52,52,,65,9,56,,https://legalbet.ro/centrul-de-pariere/astazi/,,https://legalbet.ro/centrul-de-pariere/astazi/,2024-06-27 01:43:46,2026-06-20 23:17:46
ponturi alin,RO,Romania,Romanian,Alin (Person),false,false,false,true,false,false,,900,29,0.75,,52,,,,6,New,,,,https://legalbet.ro/ponturi/,,2026-06-15 16:20:51
ce meciuri sunt în seara asta,RO,Romania,Romanian,,false,false,false,true,false,false,,350,59,0.18,43,51,8,,2,2,,,https://legalbet.ro/centrul-de-pariere/astazi/,,https://legalbet.ro/centrul-de-pariere/astazi/,2024-06-22 00:30:27,2026-06-10 13:03:49
ponturi pariuri sportive,RO,Romania,Romanian,,false,false,false,true,false,false,Video preview,450,67,0.58,4,50,46,,17,7,10,,https://legalbet.ro/ponturi/,,https://legalbet.ro/ponturi/,2024-06-25 17:34:19,2026-06-17 13:40:27
ponturi tenis azi,RO,Romania,Romanian,,false,false,false,true,true,true,,800,4,0.93,38,50,12,,10,10,,,https://legalbet.ro/ponturi/sportul-tenis/,,https://legalbet.ro/ponturi/sportul-tenis/,2024-06-09 08:47:09,2026-06-05 10:27:14
verificare bilet gets bet,RO,Romania,Romanian,GetsBet (Organization),true,false,false,true,false,false,"Sitelinks, Video preview",900,50,0.95,133,50,-83,,7,7,,,https://legalbet.ro/scoala-pariurilor/casa-de-pariuri-gets-bet-depuneri-si-retrageri/,,https://legalbet.ro/scoala-pariurilor/getsbet-verificare-bilet-online/,2024-06-27 23:20:20,2026-06-05 03:30:36
bonus fara depunere 2024,RO,Romania,Romanian,,false,false,false,true,true,false,Sitelinks,4900,75,1.33,14,50,36,,21,14,7,,https://legalbet.ro/cazinouri/bonusuri/bonusuri-fara-depunere/,,https://legalbet.ro/cazinouri/rotiri-gratuite/,2024-06-27 08:06:46,2026-06-21 09:56:32
cash pot,RO,Romania,English,,false,false,false,true,true,false,,2000,56,0.64,0,49,49,,46,10,36,,https://legalbet.ro/cazinouri/cashpot/,,https://legalbet.ro/cazinouri/cashpot/,2024-06-23 10:41:59,2026-06-21 02:57:54
wacko casino,RO,Romania,English,Wacko Casino (Organization),true,false,true,true,true,false,,400,53,0.67,,49,,,,3,New,,,,https://legalbet.ro/cazinouri/wacko-casino/,,2026-06-11 08:26:00
get bet casino,RO,Romania,English,Get's Bet Casino (Organization),true,false,true,true,true,false,"Sitelinks, Video preview",1200,6,0.18,48,,,,8,,Lost,,https://legalbet.ro/cazinouri/gets-bet/,,,2024-06-24 14:01:54,
top case pariuri online,RO,Romania,Romanian,,false,false,false,true,true,false,Sitelinks,250,64,6.37,9,48,39,,4,2,2,,https://legalbet.ro/case-de-pariuri-licentiate/,,https://legalbet.ro/case-de-pariuri-licentiate/,2024-06-22 06:33:33,2026-05-21 04:48:14
10 pariuri,RO,Romania,Romanian,10pariuri (Organization),true,false,false,true,false,false,Sitelinks,3500,69,1.68,0,48,48,,25,8,17,,https://legalbet.ro/ponturi/maine/,,https://legalbet.ro/ponturi/maine/,2024-06-27 08:35:38,2026-06-19 01:38:53
poziții juventus,RO,Romania,Romanian,Juventus (Organization),true,false,false,true,false,false,Image pack,300,0,,47,,,,2,,Lost,,https://legalbet.ro/centrul-de-pariere/echipe/juventus/,,,2024-06-27 13:41:17,
bonus fara depunere,RO,Romania,Romanian,,false,false,false,true,true,false,,48000,72,2.33,0,47,47,,84,12,72,,https://legalbet.ro/bonus/sets/fara-depunere-pariuri/,,https://legalbet.ro/cazinouri/rotiri-gratuite/,2024-06-27 18:58:49,2026-06-16 03:38:05
win2 casino,RO,Romania,Romanian,Win2 Casino (Organization),true,false,false,true,true,false,"Sitelinks, Bottom ads",1200,51,0.41,402,47,-355,,3,8,-5,Top stories,https://legalbet.ro/feedback/win2/,,https://legalbet.ro/bonus/sets/win2-fara-depunere/,2024-06-27 06:21:16,2026-06-26 03:59:03
cazinou nou,RO,Romania,Romanian,,false,false,false,true,true,false,,400,80,1.35,7,47,40,,5,3,2,,https://legalbet.ro/cazinouri/,,https://legalbet.ro/cazinouri/,2024-06-25 01:14:29,2026-06-19 22:35:03
las vegas ro casino,RO,Romania,Romanian,Las Vegas Casino (Organization),true,true,false,true,true,false,Sitelinks,400,60,0.77,0,47,47,,17,3,14,,https://legalbet.ro/feedback/las-vegas/,,https://legalbet.ro/cazinouri/las-vegas/,2024-06-21 13:34:01,2026-06-02 22:35:08
ce meciuri sunt azi la tv,RO,Romania,Romanian,,false,false,false,true,false,false,,1000,59,0.04,0,47,47,,66,7,59,,https://legalbet.ro/centrul-de-pariere/maine/,,https://legalbet.ro/centrul-de-pariere/astazi/,2024-06-18 20:53:29,2026-06-21 05:44:27
cod bilet stanleybet,RO,Romania,Romanian,Stanleybet (Organization),true,false,false,true,false,false,Video preview,600,12,0.64,67,47,-20,,4,4,,,https://legalbet.ro/scoala-pariurilor/stanleybet-verificare-bilet-online/,,https://legalbet.ro/scoala-pariurilor/stanleybet-verificare-bilet-online/,2024-06-26 19:47:18,2026-06-06 08:50:55
meciuri de fotbal azi la tv,RO,Romania,Romanian,,false,false,false,true,false,false,,1200,58,0.03,4,47,43,,17,8,9,,https://legalbet.ro/centrul-de-pariere/astazi/,,https://legalbet.ro/centrul-de-pariere/astazi/,2024-06-10 20:41:24,2026-06-20 09:02:48
red sevens casino,RO,Romania,English,Red Sevens (Organization),true,false,true,true,true,false,"Sitelinks, Local pack",400,23,0.57,0,46,46,,23,4,19,,https://legalbet.ro/case-de-pariuri/red-sevens/,,https://legalbet.ro/cazinouri/red-sevens/,2024-06-21 12:41:43,2026-06-27 01:56:44
betfair pareri,RO,Romania,Romanian,Betfair (Organization),true,false,false,true,false,false,Sitelinks,100,9,2.79,11,46,35,,2,1,1,,https://legalbet.ro/feedback/betfair/,,https://legalbet.ro/feedback/betfair/,2024-06-11 15:56:47,2026-06-19 15:39:22
cazinouri noi fara depunere,RO,Romania,Romanian,,false,false,false,true,true,false,,5700,71,0.93,0,46,46,,44,15,29,,https://legalbet.ro/cazinouri/bonusuri/,,https://legalbet.ro/cazinouri/rotiri-gratuite/,2024-06-11 13:16:29,2026-06-16 03:06:45
winner pareri,RO,Romania,Romanian,Winner (betting agency) (Organization),true,false,false,true,true,false,Sitelinks,100,45,1.11,16,45,29,,2,1,1,,https://legalbet.ro/feedback/winner/,,https://legalbet.ro/feedback/winner/,2024-06-14 19:24:45,2026-06-15 13:02:51
scanare bilet casa pariurilor,RO,Romania,Romanian,Casa Pariurilor (Organization),true,false,false,true,false,false,,2200,39,0.86,3,45,42,,10,11,-1,Image pack,https://legalbet.ro/scoala-pariurilor/casa-pariurilor-verificare-bilet-online/,,https://legalbet.ro/scoala-pariurilor/casa-pariurilor-verificare-bilet-online/,2024-06-26 17:34:42,2026-06-26 02:55:04
conti casino pareri,RO,Romania,Romanian,Conti Casino (Organization),true,false,false,true,true,false,,100,53,2.95,45,45,0,,1,1,,,https://legalbet.ro/feedback/conticazino/,,https://legalbet.ro/feedback/conticazino/,2024-06-27 06:07:26,2026-05-29 18:25:02
getsbet pariuri,RO,Romania,,,false,false,false,false,false,false,Sitelinks,1400,57,,,45,,,,9,New,,,,https://legalbet.ro/feedback/gets-bet/,,2026-06-20 22:06:12
yoji casino,RO,Romania,Romanian,Yoji Casino (Organization),true,false,false,true,true,false,Video preview,600,52,0.88,335,45,-290,,9,5,4,,https://legalbet.ro/cazinouri/yoji/,,https://legalbet.ro/cazinouri/yoji/,2024-06-27 16:41:26,2026-06-10 21:27:32
luck bet,RO,Romania,English,,false,false,false,true,true,false,Sitelinks,400,54,0.62,1,44,43,,16,3,13,,https://legalbet.ro/cazinouri/luck-casino/,,https://legalbet.ro/cazinouri/luck-casino/,2024-06-09 23:53:44,2026-06-02 11:55:44
biletul zilei cota mare,RO,Romania,Romanian,Daily Lottery Ticket (Product),true,false,false,true,false,false,Video preview,700,64,0.24,54,44,-9,,7,6,1,,https://legalbet.ro/biletul-zilei/,,https://legalbet.ro/biletul-zilei/,2024-06-26 18:47:14,2026-06-20 00:52:59
ce meciuri avem azi,RO,Romania,Romanian,,false,false,false,true,false,false,,100,57,0.07,18,44,26,,2,1,1,,https://legalbet.ro/centrul-de-pariere/astazi/,,https://legalbet.ro/centrul-de-pariere/astazi/,2024-06-27 09:20:17,2026-06-26 18:36:41
casino online bonus fara depunere,RO,Romania,Romanian,,false,false,false,true,true,false,,6800,72,1.63,0,44,44,,57,16,41,,https://legalbet.ro/cazinouri/bonusuri/bonusuri-la-inregistrare/,,https://legalbet.ro/cazinouri/rotiri-gratuite/,2024-06-25 08:02:43,2026-06-17 16:39:31
ce inseamna peste 0.5 goluri,RO,Romania,Romanian,,false,false,false,true,false,false,"AI Overview, Sitelinks, People also ask",100,0,,0,44,44,,36,1,35,,https://legalbet.ro/case-de-pariuri/sets/handicap-asiatic/,,https://legalbet.ro/scoala-pariurilor/total-goluri-peste-sub-0-5/,2024-06-09 19:43:21,2026-06-21 00:35:16
totogaming bonus,RO,Romania,English,TotoGaming (Organization),true,false,false,true,true,false,,900,56,0.86,,44,,,,7,New,,,,https://legalbet.ro/bonus/sets/toto-gaming/,,2026-06-26 03:27:31
victorybet,RO,Romania,Romanian,Victorybet (Organization),true,false,false,true,true,false,Sitelinks,17000,60,0.68,,44,,,,3,New,,,,https://legalbet.ro/cazinouri/victorybet-casino/,,2026-06-22 14:57:37
bonus inregistrare,RO,Romania,Romanian,,false,false,false,true,true,false,,300,69,5.54,7,43,36,,7,2,5,,https://legalbet.ro/cazinouri/bonusuri/bonusuri-la-inregistrare/,,https://legalbet.ro/cazinouri/bonusuri/bonusuri-la-inregistrare/,2024-06-25 21:12:11,2026-05-28 03:43:24
site uri de pariuri,RO,Romania,Romanian,,false,false,false,true,true,false,Sitelinks,100,76,7.46,33,43,10,,1,1,,,https://legalbet.ro/case-de-pariuri-licentiate/,,https://legalbet.ro/case-de-pariuri-licentiate/,2024-06-17 13:42:29,2026-06-21 01:48:33
ce meciuri se joaca azi la euro,RO,Romania,Romanian,UEFA European Championship (Event),true,false,false,true,false,false,,350,54,0.09,78,43,-35,,14,3,11,,https://legalbet.ro/centrul-de-pariere/astazi/,,https://legalbet.ro/centrul-de-pariere/astazi/,2024-06-20 09:32:59,2026-05-17 12:28:44
casino top 10,RO,Romania,English,,false,false,false,true,true,false,"Video preview, People also ask",100,62,10.54,3,43,40,,10,1,9,,https://legalbet.ro/cazinouri/,,https://legalbet.ro/cazinouri/,2024-06-27 16:11:13,2026-05-30 03:53:44
meciuri de fotbal astăzi,RO,Romania,Romanian,,false,false,false,true,false,false,,300,57,0.18,28,43,14,,5,2,3,,https://legalbet.ro/centrul-de-pariere/astazi/,,https://legalbet.ro/centrul-de-pariere/astazi/,2024-06-24 03:17:20,2026-06-24 12:39:57
site-uri pariuri sportive,RO,Romania,Romanian,,false,false,false,true,true,false,Sitelinks,100,77,8.11,17,42,25,,2,1,1,,https://legalbet.ro/case-de-pariuri-licentiate/,,https://legalbet.ro/case-de-pariuri-licentiate/,2024-06-19 12:29:52,2026-06-04 06:13:22
poziții tottenham,RO,Romania,Romanian,Tottenham Hotspur (Organization),true,false,false,true,false,false,"Image pack, Video preview",600,0,,42,,,,5,,Lost,,https://legalbet.ro/centrul-de-pariere/echipe/tottenham-hotspur/,,,2024-06-27 10:30:24,
meciuri azi romania,RO,Romania,Romanian,Romania (Location),false,false,false,true,false,false,Video preview,1400,60,0.16,16,42,26,,11,5,6,,https://legalbet.ro/centrul-de-pariere/astazi/,,https://legalbet.ro/centrul-de-pariere/astazi/,2024-06-26 02:12:19,2026-06-02 20:32:46
hotspins casino,RO,Romania,English,Hot Spins (Organization),true,false,false,true,true,false,Sitelinks,350,55,0.37,,42,,,,3,New,,,,https://legalbet.ro/cazinouri/hot-spins/,,2026-06-16 19:46:00
romania casino online,RO,Romania,English,Romania (Location),false,true,false,true,true,true,,350,83,2.89,2,42,40,,11,3,8,,https://legalbet.ro/cazinouri/,,https://legalbet.ro/cazinouri/,2024-06-24 02:54:34,2026-06-18 19:43:39
cazino player,RO,Romania,,,false,false,false,false,false,false,Sitelinks,600,55,1.36,,42,,,,5,New,,,,https://legalbet.ro/alegerea-editorului/player-casino-jocuri-de-cazino-cu-specific-de-iarna/,,2026-06-02 08:05:38
meciuri in seara asta,RO,Romania,Romanian,,false,false,false,true,false,false,,350,61,0.06,130,41,-88,,2,3,-1,,https://legalbet.ro/centrul-de-pariere/astazi/,,https://legalbet.ro/centrul-de-pariere/astazi/,2024-06-19 01:54:02,2026-05-29 10:01:46
pareri winbet,RO,Romania,Romanian,Winbet (Organization),true,false,false,true,true,false,,100,24,1.11,41,41,0,,1,1,,,https://legalbet.ro/feedback/winbet/,,https://legalbet.ro/feedback/winbet/,2024-06-08 17:55:27,2026-06-09 22:36:27
ponturi pariuri maine,RO,Romania,Romanian,,false,true,false,true,false,false,,250,65,0.33,38,41,3,,2,3,-1,,https://legalbet.ro/ponturi/maine/,,https://legalbet.ro/ponturi/maine/,2024-06-23 19:00:18,2026-06-09 09:43:58
bonus de bun venit fara depunere,RO,Romania,Romanian,,false,false,false,true,true,false,,1000,72,4.70,0,41,41,,85,10,75,,https://legalbet.ro/cazinouri/bonusuri/bonusuri-la-inregistrare/,,https://legalbet.ro/cazinouri/rotiri-gratuite/,2024-06-25 02:10:04,2026-06-11 05:02:41
mozzartbet ro,RO,Romania,Romanian,Mozzart Bet (Organization),true,false,true,true,true,false,"Sitelinks, Image pack, Video preview, Bottom ads, Paid sitelinks",500,1,0.59,41,,,,5,,Lost,,https://legalbet.ro/complaints/mozzart/,,,2024-06-06 20:11:53,
biletul zilei pariu sigur,RO,Romania,Romanian,"Pariu Sigur (Organization), Daily Ticket (Event)",true,false,false,true,false,false,"Sitelinks, Video preview",600,61,0.30,17,41,24,,11,9,2,,https://legalbet.ro/biletul-zilei/,,https://legalbet.ro/ponturi/ponturile-de-astazi/,2024-06-23 14:29:04,2026-06-16 06:57:28
rotiri gratuite la verificare,RO,Romania,Romanian,,false,false,false,true,true,false,Sitelinks,700,73,2.78,,40,,,,6,New,,,,https://legalbet.ro/cazinouri/rotiri-gratuite/,,2026-06-17 21:03:11
biletul zilei de maine,RO,Romania,Romanian,Biletul Zilei (Event),true,false,false,true,false,false,,100,60,0.26,45,40,-4,,1,1,,,https://legalbet.ro/ponturi/maine/,,https://legalbet.ro/ponturi/maine/,2024-06-25 20:23:42,2026-06-25 16:52:33
bonus pariuri,RO,Romania,Romanian,,false,false,false,true,true,false,,400,69,6.25,27,40,13,,4,5,-1,,https://legalbet.ro/rating-bonus/,,https://legalbet.ro/rating-bonus/,2024-06-11 09:08:41,2026-06-24 11:50:30
top case de pariuri online,RO,Romania,Romanian,,false,false,false,true,true,false,Sitelinks,200,57,8.63,5,40,35,,5,2,3,,https://legalbet.ro/case-de-pariuri-licentiate/,,https://legalbet.ro/case-de-pariuri-licentiate/,2024-06-23 17:31:32,2026-06-13 09:50:54
power bet verificare bilet,RO,Romania,Romanian,PowerBet (Organization),true,false,false,true,false,false,Sitelinks,700,56,0.49,,39,,,,6,New,,,,https://legalbet.ro/case-de-pariuri/powerbet/,,2026-06-09 23:09:11
betfair casino,RO,Romania,English,Betfair Casino (Organization),true,false,false,true,true,false,"Sitelinks, Knowledge panel, Video preview",800,43,1.36,39,,,,8,,Lost,,https://legalbet.ro/cazinouri/betfair/,,,2024-06-25 17:34:35,
stanleybet aplicatie,RO,Romania,Romanian,"Stanleybet (Organization), Stanleybet mobile application (Product)",true,false,false,false,true,true,"Knowledge panel, Video preview",400,2,0.17,39,,,,4,,Lost,,https://legalbet.ro/scoala-pariurilor/aplicatie-stanleybet-ghid-complet-pentru-pariuri-de-pe-mobil/,,,2024-06-25 00:56:39,
cazinouri noi in romania,RO,Romania,Romanian,Romania (Location),false,true,false,true,true,false,,100,77,2.50,8,39,31,,5,1,4,,https://legalbet.ro/cazinouri/,,https://legalbet.ro/cazinouri/,2024-06-11 17:22:26,2026-06-10 19:20:11
depunere minima 10 lei online,RO,Romania,Romanian,,false,false,false,true,true,false,Sitelinks,250,38,2.36,0,39,39,,25,2,23,,https://legalbet.ro/alegerea-editorului/depunerea-minima-la-toate-casele-de-pariuri-online/,,https://legalbet.ro/cazinouri/sets/depunere-minima-10-lei/,2024-06-24 03:25:56,2026-06-25 22:04:47
lasvegas casino,RO,Romania,English,Las Vegas (Location),false,true,false,true,true,false,"Sitelinks, Local pack",350,64,0.74,,39,,,,4,New,,,,https://legalbet.ro/cazinouri/las-vegas/,,2026-06-14 15:52:46
ce meciuri se joaca azi romania,RO,Romania,Romanian,Romania (Location),false,false,false,true,false,false,,350,54,0.22,206,39,-167,,3,3,,,https://legalbet.ro/centrul-de-pariere/astazi/,,https://legalbet.ro/centrul-de-pariere/astazi/,2024-06-27 07:46:05,2026-05-23 22:17:19
cazinouri noi online romania,RO,Romania,Romanian,Romania (Location),false,true,false,true,true,false,,350,77,0.96,19,39,20,,5,3,2,,https://legalbet.ro/cazinouri/,,https://legalbet.ro/cazinouri/,2024-06-24 20:44:40,2026-06-10 15:07:53
power bet ro,RO,Romania,Romanian,Powerbet (Organization),true,false,true,true,true,false,Sitelinks,600,61,0.57,,39,,,,6,New,,,,https://legalbet.ro/case-de-pariuri/powerbet/,,2026-06-16 11:14:01
favbet pareri,RO,Romania,Romanian,Favbet (Organization),true,false,false,true,true,false,Sitelinks,100,23,2.02,19,38,20,,2,1,1,,https://legalbet.ro/feedback/favbet/,,https://legalbet.ro/feedback/favbet/,2024-06-13 22:05:33,2026-06-08 23:52:08
pareri superbet,RO,Romania,Romanian,Superbet (Organization),true,false,false,true,false,false,Sitelinks,100,39,2.76,45,38,-6,,1,1,,,https://legalbet.ro/feedback/superbet/,,https://legalbet.ro/feedback/superbet/,2024-06-08 06:04:04,2026-06-24 04:41:45
amicale internaționale,RO,Romania,Romanian,,false,false,false,true,false,false,,1000,0,,19,38,19,,15,8,7,,https://legalbet.ro/centrul-de-pariere/turnee/meciuri-amicale/,,https://legalbet.ro/centrul-de-pariere/turnee/meciuri-amicale/,2024-06-19 00:51:42,2026-06-20 18:20:09
mozzart casino,RO,Romania,Romanian,Mozzart Casino (Organization),true,false,true,true,true,true,Video preview,1700,2,0.41,38,,,,12,,Lost,,https://legalbet.ro/feedback/mozzart/,,,2024-06-26 01:49:47,
meciuri de azi,RO,Romania,Romanian,,false,false,false,true,false,false,,600,61,0.05,110,38,-72,,7,5,2,,https://legalbet.ro/centrul-de-pariere/astazi/,,https://legalbet.ro/centrul-de-pariere/astazi/,2024-06-26 07:36:20,2026-06-09 09:20:31
meciul din seara asta,RO,Romania,Romanian,,false,false,false,true,false,false,,400,60,0.08,87,38,-50,,2,3,-1,,https://legalbet.ro/centrul-de-pariere/astazi/,,https://legalbet.ro/centrul-de-pariere/astazi/,2024-06-11 13:05:49,2026-06-09 05:48:12
mozzart verificare bilet fotbal,RO,Romania,Romanian,Mozzartbet (Organization),true,false,false,true,false,false,Sitelinks,100,50,,1,38,36,,13,1,12,,https://legalbet.ro/scoala-pariurilor/verificare-bilet-online-mozzartbet/,,https://legalbet.ro/scoala-pariurilor/verificare-bilet-online-mozzartbet/,2024-06-26 02:39:22,2026-06-15 02:39:56
magic jackpot casino,RO,Romania,English,Magic Jackpot Casino (Organization),true,false,true,true,true,true,Sitelinks,450,56,1.83,0,38,38,,49,5,44,,https://legalbet.ro/cazinouri/magic-jackpot/,,https://legalbet.ro/scoala-de-cazino/aplicatie-magic-jackpot/,2024-06-27 23:07:29,2026-06-13 03:46:05
bonus de ziua ta betano,RO,Romania,Romanian,"Betano (Organization), Birthday Bonus (Event)",true,false,false,true,true,false,"Sitelinks, People also ask",100,54,1.98,12,37,25,,3,1,2,,https://legalbet.ro/bonus/bonus-de-ziua-ta-betano/,,https://legalbet.ro/bonus/bonus-de-ziua-ta-betano/,2024-06-13 05:26:12,2026-05-20 22:17:51
te1 total bet,RO,Romania,Romanian,TotalBet (Organization),true,false,false,true,true,false,Sitelinks,500,49,0.82,,37,,,,5,New,,,,https://legalbet.ro/scoala-pariurilor/recenzia-casei-de-pariuri-totalbet/,,2026-06-15 00:14:23
romania casino,RO,Romania,English,Romania (Location),false,false,false,true,true,false,"Local pack, Thumbnail",500,82,2.63,3,37,34,,9,5,4,,https://legalbet.ro/cazinouri/,,https://legalbet.ro/cazinouri/,2024-06-07 10:05:32,2026-06-17 03:45:33
favbet romania,RO,Romania,English,"Favbet (Organization), Romania (Location)",true,false,true,true,true,false,Sitelinks,350,26,2.84,1,37,36,,17,4,13,,https://legalbet.ro/alegerea-editorului/romania-ucraina-ponturi-si-cote-la-pariuri/,,https://legalbet.ro/feedback/favbet/,2024-06-09 03:46:03,2026-05-27 14:53:21
manhattan casino rotiri gratuite,RO,Romania,Romanian,Manhattan Casino (Organization),true,false,false,true,true,false,Image pack,150,0,1.09,36,,,,2,,Lost,,https://legalbet.ro/bonus/manhattan-casino-250-rotiri-gratuite-la-slotul-the-dog-house/,,,2024-06-21 09:37:56,
red seven casino,RO,Romania,English,Red Seven Casino (Organization),true,false,true,true,true,false,Sitelinks,300,35,0.57,,36,,,,3,New,,,,https://legalbet.ro/cazinouri/red-sevens/,,2026-05-21 03:50:15
meci in seara asta,RO,Romania,Romanian,,false,false,false,true,false,false,Video preview,400,59,0.06,143,36,-107,,2,3,-1,,https://legalbet.ro/centrul-de-pariere/astazi/,,https://legalbet.ro/centrul-de-pariere/astazi/,2024-06-10 20:57:51,2026-06-08 05:09:24
case de pariuri romania,RO,Romania,Romanian,Romania (Location),false,false,false,true,true,false,Sitelinks,350,74,5.41,28,36,8,,4,4,,,https://legalbet.ro/case-de-pariuri-licentiate/,,https://legalbet.ro/case-de-pariuri-licentiate/,2024-06-08 13:06:11,2026-05-29 09:10:23
cota 2 azi,RO,Romania,Romanian,Cota 2 (Event),true,false,false,true,true,true,,400,3,0.24,30,36,5,,9,10,-1,,https://legalbet.ro/ponturi/cota-2/,,https://legalbet.ro/ponturi/cota-2/,2024-06-17 05:19:34,2026-05-25 03:09:17
rotiri gratuite azi,RO,Romania,Romanian,,false,false,false,true,true,false,Sitelinks,250,68,0.78,0,36,36,,67,2,65,,https://legalbet.ro/cazinouri/rotiri-gratuite/,,https://legalbet.ro/cazinouri/rotiri-gratuite/,2024-06-11 21:44:16,2026-05-26 22:45:48
cod promotional million casino,RO,Romania,Romanian,Million Casino (Organization),true,false,false,true,true,false,Sitelinks,600,58,,0,36,36,,31,6,25,,https://legalbet.ro/bonus/million-casino-70-rotiri-gratuite-fara-depunere/,,https://legalbet.ro/bonus/sets/million/,2024-06-11 01:36:31,2026-06-21 07:50:47
oferta completa casa pariurilor fotbal,RO,Romania,Romanian,Casa Pariurilor (Organization),true,false,false,true,true,false,"Sitelinks, Video preview",700,51,0.59,5,36,31,,21,7,14,,https://legalbet.ro/rating-oferta/,,https://legalbet.ro/case-de-pariuri/sets/fotbal/,2024-06-27 22:47:13,2026-06-11 05:19:45
get's bet pariuri,RO,Romania,Romanian,Get's Bet (Organization),true,false,true,true,true,true,Sitelinks,450,45,1.23,1,36,35,,15,5,10,,https://legalbet.ro/feedback/gets-bet/,,https://legalbet.ro/feedback/gets-bet/,2024-06-11 09:44:47,2026-06-10 21:42:25
pronosticuri pariuri,RO,Romania,Romanian,,false,false,false,true,false,false,,400,59,0.66,16,36,19,,12,8,4,,https://legalbet.ro/ponturi/,,https://legalbet.ro/ponturi/,2024-06-27 00:49:42,2026-06-27 05:31:25
pawer bet,RO,Romania,Romanian,Powerbet (Organization),true,false,true,true,true,false,Sitelinks,400,46,0.52,,35,,,,4,New,,,,https://legalbet.ro/feedback/powerbet/,,2026-06-10 04:41:41
gets bet online,RO,Romania,English,GetsBet (Organization),true,false,false,true,true,false,"Sitelinks, Image pack, Video preview",1000,2,0.26,35,,,,9,,Lost,,https://legalbet.ro/feedback/gets-bet/,,,2024-06-24 01:30:05,
free spins casino,RO,Romania,English,,false,false,false,true,true,false,"Sitelinks, People also ask",900,68,2.33,,35,,,,8,New,,,,https://legalbet.ro/cazinouri/rotiri-gratuite/,,2026-06-06 02:25:12
siteuri pariuri sportive,RO,Romania,Romanian,,false,false,false,true,true,false,,100,77,8.11,11,35,24,,3,1,2,,https://legalbet.ro/case-de-pariuri-licentiate/,,https://legalbet.ro/case-de-pariuri-licentiate/,2024-06-11 02:34:26,2026-06-22 00:42:10
meci azi fotbal,RO,Romania,Romanian,,false,false,false,true,false,false,"Top stories, Thumbnail, Video preview",300,61,,41,35,-6,,7,2,5,,https://legalbet.ro/centrul-de-pariere/astazi/,,https://legalbet.ro/centrul-de-pariere/astazi/,2024-06-16 12:25:35,2026-06-22 00:40:47
cazino online,RO,Romania,Romanian,Cazino (Organization),true,false,false,true,true,true,"Top ads, Paid sitelinks, Bottom ads, Video preview",8100,82,3.12,2,34,33,,25,15,10,,https://legalbet.ro/cazinouri/,,https://legalbet.ro/cazinouri/,2024-06-26 23:57:13,2026-06-20 13:23:56
meci de fotbal,RO,Romania,Romanian,,false,false,false,true,false,false,"Top stories, Thumbnail",250,57,0.03,2,34,32,,15,1,14,,https://legalbet.ro/centrul-de-pariere/astazi/,,https://legalbet.ro/centrul-de-pariere/astazi/,2024-06-18 10:58:11,2026-05-19 07:52:39
player cazino,RO,Romania,Romanian,Cazino (Organization),true,false,false,true,true,false,Sitelinks,300,49,0.69,4,34,30,,14,3,11,,https://legalbet.ro/alegerea-editorului/player-casino-ce-promotii-ai-cum-le-obtii-si-cum-le/,,https://legalbet.ro/cazinouri/player/,2024-06-20 23:49:23,2026-05-21 23:22:46
cazinouri romania online,RO,Romania,Romanian,Romania (Location),false,false,false,true,true,false,Sitelinks,350,82,2.20,5,34,29,,8,4,4,,https://legalbet.ro/cazinouri/,,https://legalbet.ro/cazinouri/,2024-06-26 00:59:55,2026-06-21 06:27:40
ce meci este in seara asta,RO,Romania,Romanian,,false,false,false,true,false,false,,300,61,0.06,167,34,-133,,2,2,,,https://legalbet.ro/centrul-de-pariere/astazi/,,https://legalbet.ro/centrul-de-pariere/astazi/,2024-06-13 21:22:03,2026-06-10 04:12:14
ponturi,RO,Romania,Romanian,,false,false,false,true,false,false,Video preview,600,60,0.27,1,34,32,,24,9,15,,https://legalbet.ro/ponturi/ponturile-de-astazi/,,https://legalbet.ro/ponturi/ponturile-de-astazi/,2024-06-23 02:43:42,2026-06-22 08:59:48
cele mai bune casino online,RO,Romania,Romanian,,false,false,false,true,true,false,Sitelinks,450,77,4.62,4,33,30,,7,5,2,,https://legalbet.ro/cazinouri/,,https://legalbet.ro/cazinouri/,2024-06-20 11:52:59,2026-05-29 07:15:10
victory bet casino,RO,Romania,English,Victory Bet (Organization),true,false,false,true,true,false,Sitelinks,1000,60,0.38,,33,,,,9,New,,,,https://legalbet.ro/feedback/victorybet/,,2026-06-21 02:03:52
bonusuri de bun venit,RO,Romania,Romanian,,false,false,false,true,true,false,,350,64,5.32,11,33,22,,4,4,,,https://legalbet.ro/cazinouri/bonusuri/bonusuri-la-inregistrare/,,https://legalbet.ro/cazinouri/bonusuri/bonusuri-la-inregistrare/,2024-06-14 22:02:19,2026-06-09 23:40:27
netbet ro casino,RO,Romania,Romanian,NetBet (Organization),true,false,true,true,true,true,"Sitelinks, Image pack, Video preview",1700,30,0.79,33,,,,11,,Lost,,https://legalbet.ro/feedback/netbet/,,,2024-06-27 06:24:59,
redsevens,RO,Romania,Romanian,RedSevens (Organization),true,false,true,true,true,false,Sitelinks,14000,33,0.64,0,33,33,,17,3,14,,https://legalbet.ro/feedback/red-sevens/,,https://legalbet.ro/cazinouri/red-sevens/,2024-06-27 15:14:06,2026-06-21 20:49:02
aplicatia gets bet,RO,Romania,Romanian,GetsBet (Organization),true,false,false,true,true,true,Sitelinks,250,47,0.19,44,33,-12,,5,3,2,,https://legalbet.ro/scoala-pariurilor/aplicatie-gets-bet/,,https://legalbet.ro/case-de-pariuri-licentiate/gets-bet/aplicatie/,2024-06-23 16:03:33,2026-06-12 21:06:06
cazinouri online licentiate,RO,Romania,Romanian,,false,false,false,true,true,false,Sitelinks,200,66,3.40,8,33,24,,4,2,2,,https://legalbet.ro/cazinouri/,,https://legalbet.ro/cazinouri/,2024-06-19 23:02:42,2026-06-16 19:53:28
azi fotbal la tv,RO,Romania,Romanian,,false,false,false,true,false,false,Video preview,800,58,0.11,0,33,33,,84,8,76,,https://legalbet.ro/centrul-de-pariere/astazi/,,https://legalbet.ro/centrul-de-pariere/astazi/,2024-06-14 23:24:28,2026-06-09 20:24:07
get’s bet,RO,Romania,English,Get's Bet (Organization),true,false,true,true,true,false,"Sitelinks, Video preview",250,11,,3,32,29,,9,3,6,,https://legalbet.ro/feedback/gets-bet/,,https://legalbet.ro/feedback/gets-bet/,2024-05-29 21:09:55,2026-06-10 19:06:47
runde gratuite fara depunere,RO,Romania,Romanian,,false,false,false,true,true,false,Sitelinks,350,71,2.42,,32,,,,4,New,,,,https://legalbet.ro/cazinouri/rotiri-gratuite/,,2026-05-27 19:32:37
betano bonus de ziua ta,RO,Romania,Romanian,Betano (Organization),true,false,false,true,true,false,Sitelinks,90,53,2.13,11,32,21,,3,1,2,,https://legalbet.ro/bonus/bonus-de-ziua-ta-betano/,,https://legalbet.ro/bonus/bonus-de-ziua-ta-betano/,2024-06-22 00:34:59,2026-05-21 08:08:01
pariuri fara depunere,RO,Romania,Romanian,,false,false,false,true,true,false,Sitelinks,350,63,2.73,18,31,14,,3,4,-1,,https://legalbet.ro/bonus/sets/fara-depunere-pariuri/,,https://legalbet.ro/bonus/sets/fara-depunere-pariuri/,2024-06-25 17:31:22,2026-05-24 04:09:11
las vegas casino bonus fara depunere,RO,Romania,Romanian,Las Vegas Casino (Organization),true,true,false,true,true,false,"Top ads, Paid sitelinks, Sitelinks",200,50,1.23,0,31,31,,30,3,27,,https://legalbet.ro/bonus/las-vegas-casino-111-rotiri-fara-depunere-fara-rulaj/,,https://legalbet.ro/cazinouri/las-vegas/,2024-06-20 04:02:58,2026-05-21 12:13:15
ponturi pariuri experti,RO,Romania,Romanian,,false,false,false,true,false,false,Video preview,600,66,0.28,75,31,-44,,8,10,-2,,https://legalbet.ro/ponturi/,,https://legalbet.ro/ponturi/,2024-06-23 06:21:34,2026-06-05 10:41:58
bonus casino online,RO,Romania,English,,false,false,false,true,true,false,,350,78,3.66,6,31,25,,10,4,6,,https://legalbet.ro/cazinouri/bonusuri/bonusuri-la-inregistrare/,,https://legalbet.ro/cazinouri/,2024-06-10 20:21:00,2026-06-15 03:28:40
manhattan casino 250 rotiri,RO,Romania,Romanian,Manhattan Casino (Organization),true,false,false,true,true,false,Image pack,150,0,,31,,,,2,,Lost,,https://legalbet.ro/bonus/manhattan-casino-250-rotiri-gratuite-la-slotul-the-dog-house/,,,2024-06-25 02:23:09,
hot spin,RO,Romania,English,Hot Spins (Organization),true,false,false,true,true,false,,1600,55,0.72,,31,,,,11,New,,,,https://legalbet.ro/cazinouri/hot-spins/,,2026-06-14 10:40:31
pariuri sportive total bet,RO,Romania,Romanian,Total Bet (Organization),true,false,true,true,true,true,Sitelinks,400,58,0.67,0,31,31,,37,6,31,,https://legalbet.ro/ponturi/cota-2-fotbal-11-06-2024-razvan-marinescu/,,https://legalbet.ro/scoala-pariurilor/recenzia-casei-de-pariuri-totalbet/,2024-06-10 21:29:24,2026-06-13 02:38:43
magnumbet casino,RO,Romania,English,Magnumbet (Organization),true,false,true,true,true,true,Sitelinks,500,53,,0,31,31,,45,6,39,,https://legalbet.ro/bonus/magnumbet-casino-3300-de-lei-si-700-de-rotiri-bonus-de-bun-venit/,,https://legalbet.ro/cazinouri/magnum-casino/,2024-06-08 08:07:15,2026-06-02 13:24:12
bonus aniversar betano,RO,Romania,Romanian,Betano (Organization),true,false,false,true,true,false,,200,52,1.40,16,31,14,,2,2,,,https://legalbet.ro/bonus/bonus-de-ziua-ta-betano/,,https://legalbet.ro/bonus/bonus-de-ziua-ta-betano/,2024-06-19 19:07:58,2026-06-15 07:20:17
la ce oră joacă,RO,Romania,Romanian,,false,false,false,true,false,false,,80,59,,10,30,21,,3,1,2,,https://legalbet.ro/centrul-de-pariere/astazi/,,https://legalbet.ro/centrul-de-pariere/astazi/,2024-06-20 15:11:37,2026-06-20 13:11:58
biletul zilei azi,RO,Romania,Romanian,Biletul Zilei (Work),true,false,false,true,false,false,Video preview,600,64,0.27,10,30,20,,11,11,,,https://legalbet.ro/biletul-zilei/,,https://legalbet.ro/ponturi/ponturile-de-astazi/,2024-06-07 13:32:04,2026-06-13 11:40:35
meciuri mâine,RO,Romania,Romanian,,false,false,false,true,false,false,,80,47,0.09,34,30,-4,,1,1,,,https://legalbet.ro/centrul-de-pariere/maine/,,https://legalbet.ro/centrul-de-pariere/maine/,2024-06-15 06:49:57,2026-06-09 19:51:34
rotiri gratuite la validarea contului,RO,Romania,Romanian,,false,false,false,true,true,false,Sitelinks,600,68,2.34,0,30,29,,22,7,15,,https://legalbet.ro/bonus/conticasino-ai-148-de-rotiri-gratuite-la-verificarea-contului/,,https://legalbet.ro/cazinouri/rotiri-gratuite/,2024-06-11 22:02:46,2026-05-28 21:40:49
pacanele rotiri gratuite,RO,Romania,Romanian,,false,false,false,true,true,true,,1000,74,1.98,,30,,,,9,New,,,,https://legalbet.ro/cazinouri/rotiri-gratuite/,,2026-06-21 21:04:04
meciuri pauza final,RO,Romania,Romanian,,false,false,false,true,false,false,Sitelinks,150,0,0.25,2,30,28,,16,3,13,,https://legalbet.ro/ponturi/pauza-final/,,https://legalbet.ro/ponturi/pauza-final/?page=4,2024-06-22 15:34:49,2026-06-24 18:33:49
ponturi sigure azi,RO,Romania,Romanian,,false,false,false,true,false,false,,150,61,0.36,6,29,23,,11,4,7,,https://legalbet.ro/ponturi/ponturile-de-astazi/,,https://legalbet.ro/ponturi/ponturile-de-astazi/,2024-06-12 12:45:56,2026-06-16 04:57:51
bonus aniversar casino,RO,Romania,Romanian,,false,false,false,true,true,false,,4600,61,1.11,12,29,17,,10,16,-6,,https://legalbet.ro/bonus/sets/bonus-de-ziua-ta/,,https://legalbet.ro/bonus/sets/bonus-de-ziua-ta/,2024-06-24 18:45:43,2026-06-27 05:45:59
siteuri casino,RO,Romania,Romanian,,false,false,false,true,true,false,,200,81,7.30,15,29,14,,5,2,3,,https://legalbet.ro/cazinouri/,,https://legalbet.ro/cazinouri/,2024-06-15 12:08:53,2026-06-07 06:40:37
cu cine joaca romania azi,RO,Romania,Romanian,Romania (Location),false,false,false,true,false,false,"Image pack, Video preview",500,59,,1,29,28,,24,6,18,,https://legalbet.ro/centrul-de-pariere/astazi/,,https://legalbet.ro/centrul-de-pariere/astazi/,2024-06-23 22:28:33,2026-06-12 19:27:31
poziții atalanta,RO,Romania,Romanian,Atalanta (Organization),true,false,false,true,false,false,"Image pack, Video preview",350,1,,29,,,,5,,Lost,,https://legalbet.ro/centrul-de-pariere/echipe/atalanta/,,,2024-06-24 03:16:52,
total bet.ro pariuri sportive,RO,Romania,Romanian,TotalBet (Organization),true,false,true,true,true,false,Sitelinks,400,41,0.84,51,29,-22,,3,5,-2,,https://legalbet.ro/scoala-pariurilor/total-bet/,,https://legalbet.ro/scoala-pariurilor/recenzia-casei-de-pariuri-totalbet/,2024-05-25 00:49:47,2026-05-23 20:25:21
free bet fara depunere,RO,Romania,Romanian,,false,false,false,true,true,true,Sitelinks,300,45,2.27,28,29,1,,4,4,,,https://legalbet.ro/bonus/sets/fara-depunere-pariuri/,,https://legalbet.ro/bonus/sets/freebet/,2024-06-18 15:09:38,2026-05-19 17:32:08
excelbet bonus fara depunere,RO,Romania,Romanian,Excelbet (Organization),true,false,false,true,true,false,,500,53,0.68,0,29,29,,29,6,23,,https://legalbet.ro/bonus/,,https://legalbet.ro/bonus/sets/excelbet-fara-depunere/,2024-06-13 21:34:23,2026-06-10 09:11:21
casino online cu bonus fara depunere,RO,Romania,Romanian,,false,false,false,true,true,false,,250,77,1.97,0,29,29,,79,3,76,,https://legalbet.ro/cazinouri/bonusuri/bonusuri-la-inregistrare/,,https://legalbet.ro/cazinouri/,2024-06-25 09:57:41,2026-05-28 20:03:44
casino rotiri gratuite fara depunere,RO,Romania,Romanian,,false,false,false,true,true,false,Sitelinks,1800,72,2.89,0,28,28,,99,12,87,,https://legalbet.ro/bonus/manhattan-casino-250-rotiri-gratuite-la-slotul-the-dog-house/,,https://legalbet.ro/cazinouri/rotiri-gratuite/,2024-06-21 05:54:30,2026-06-08 01:03:40
ponturi fotbal maine 10pariuri,RO,Romania,Romanian,10pariuri (Organization),true,true,false,true,false,false,,200,59,0.28,22,28,6,,4,2,2,,https://legalbet.ro/ponturi/maine/,,https://legalbet.ro/ponturi/maine/,2024-06-26 02:30:46,2026-06-06 21:35:39
pariu gratuit fara depunere,RO,Romania,Romanian,,false,false,false,true,true,false,Bottom ads,450,47,3.68,7,28,21,,7,6,1,,https://legalbet.ro/bonus/sets/fara-depunere-pariuri/,,https://legalbet.ro/bonus/sets/freebet/,2024-06-10 05:04:08,2026-06-10 15:12:08
stanleybet casino,RO,Romania,English,Stanleybet (Organization),true,false,false,true,true,false,"Sitelinks, Image pack, Video preview",900,2,0.32,28,,,,9,,Lost,,https://legalbet.ro/cazinouri/stanleybet/,,,2024-06-11 14:36:54,
poziții atlético madrid,RO,Romania,Romanian,Atlético Madrid (Organization),true,false,false,true,false,false,"Image pack, Video preview",200,1,,28,,,,3,,Lost,,https://legalbet.ro/centrul-de-pariere/echipe/atletico-madrid/,,,2024-06-25 16:28:06,
pronosticuri tenis,RO,Romania,Romanian,,false,false,false,true,false,false,,200,3,0.70,8,28,20,,9,6,3,,https://legalbet.ro/ponturi/sportul-tenis/,,https://legalbet.ro/ponturi/sportul-tenis/,2024-06-15 19:36:59,2026-05-15 08:44:40
ponturi baschet azi,RO,Romania,Romanian,,false,false,false,true,false,false,,150,1,0.70,22,28,6,,5,4,1,,https://legalbet.ro/ponturi/sportul-baschet/,,https://legalbet.ro/ponturi/sportul-baschet/,2024-06-14 17:46:07,2026-06-15 14:04:59
winbet pareri,RO,Romania,Romanian,Winbet (Organization),true,false,false,true,false,false,,80,29,1.01,28,28,0,,1,1,,,https://legalbet.ro/feedback/winbet/,,https://legalbet.ro/feedback/winbet/,2024-06-27 01:34:18,2026-05-22 14:35:19
toate cazinourile online din romania,RO,Romania,Romanian,Romania (Location),false,true,false,true,true,false,Sitelinks,350,76,1.27,13,27,15,,4,5,-1,,https://legalbet.ro/cazinouri/,,https://legalbet.ro/cazinouri/,2024-06-21 09:17:28,2026-06-05 06:52:56
excelbet rotiri gratuite fara depunere,RO,Romania,Romanian,ExcelBet (Organization),true,false,false,true,true,false,,1100,52,0.95,0,27,27,,32,10,22,,https://legalbet.ro/bonus/,,https://legalbet.ro/bonus/sets/excelbet-fara-depunere/,2024-06-08 02:56:11,2026-06-21 15:50:57
cazinouri rotiri gratuite,RO,Romania,Romanian,,false,false,false,true,true,false,,600,73,3.00,,27,,,,7,New,,,,https://legalbet.ro/cazinouri/rotiri-gratuite/,,2026-06-07 04:22:07
manhattan casino online,RO,Romania,English,Manhattan Casino (Organization),true,false,false,true,true,true,Sitelinks,350,12,0.96,6,27,21,,8,5,3,,https://legalbet.ro/bonus/manhattan-casino-250-rotiri-gratuite-la-slotul-the-dog-house/,,https://legalbet.ro/cazinouri/manhattan/,2024-06-11 13:51:38,2026-05-14 07:51:46
mozzart,RO,Romania,Romanian,Mozzart (Organization),true,false,true,true,true,false,"Image pack, Video preview",11000,54,0.26,0,27,27,,19,3,16,,https://legalbet.ro/feedback/mozzart/,,https://legalbet.ro/cazinouri/mozzart/,2024-06-27 13:15:16,2026-06-17 01:28:15
cine joacă azi,RO,Romania,Romanian,,false,false,false,true,false,false,,200,54,0.07,17,27,10,,4,2,2,,https://legalbet.ro/centrul-de-pariere/astazi/,,https://legalbet.ro/centrul-de-pariere/astazi/,2024-06-21 16:48:14,2026-05-22 06:48:26
las vegas pariuri,RO,Romania,Romanian,Las Vegas (Location),false,true,false,true,true,false,,250,56,1.83,7,27,20,,12,5,7,,https://legalbet.ro/feedback/las-vegas/,,https://legalbet.ro/feedback/las-vegas/,2024-06-23 20:30:53,2026-06-21 06:28:33
scanare bilet stanleybet,RO,Romania,Romanian,Stanleybet (Organization),true,false,false,true,false,false,"Sitelinks, Video preview",200,5,0.50,59,27,-32,,4,2,2,,https://legalbet.ro/scoala-pariurilor/stanleybet-verificare-bilet-online/,,https://legalbet.ro/scoala-pariurilor/stanleybet-verificare-bilet-online/,2024-06-27 16:53:42,2026-05-19 20:27:28
ioji casino,RO,Romania,Romanian,Yoji Casino (Organization),true,false,false,true,true,false,"Sitelinks, Video preview",1000,52,0.88,58,27,-31,,4,10,-6,,https://legalbet.ro/bonus/yoji-casino-50-de-rotiri-gratuite-la-verificarea-contului/,,https://legalbet.ro/bonus/yoji-casino-50-de-rotiri-gratuite-la-verificarea-contului/,2024-06-24 03:37:32,2026-06-03 09:59:49
gs bet verificare bilet,RO,Romania,Romanian,Get's Bet (Organization),true,false,false,true,false,false,"Sitelinks, Video preview",150,41,0.76,,27,,,,3,New,,,,https://legalbet.ro/scoala-pariurilor/getsbet-verificare-bilet-online/,,2026-05-20 22:42:17
fara depunere,RO,Romania,Romanian,,false,false,false,true,true,false,,4200,74,2.20,0,27,27,,81,16,65,,https://legalbet.ro/bonus/sets/fara-depunere-pariuri/,,https://legalbet.ro/bonus/sets/fara-depunere-pariuri/,2024-06-27 02:37:15,2026-06-17 12:22:07
400 rotiri gratuite fara depunere,RO,Romania,Romanian,,false,false,false,true,true,false,Sitelinks,1700,34,1.74,1,27,26,,18,12,6,,https://legalbet.ro/bonus/betanocasino-400-rotiri-gratuite-fara-depunere/,,https://legalbet.ro/bonus/casa-pariurilor-casino-400-rotiri-gratuite-fara-depunere-la-verificare/,2024-06-27 00:31:53,2026-06-17 10:16:30
cazinouri legale,RO,Romania,Romanian,,false,false,false,true,true,false,Sitelinks,200,74,2.63,11,27,16,,3,2,1,,https://legalbet.ro/cazinouri/,,https://legalbet.ro/cazinouri/,2024-06-23 03:38:22,2026-06-16 20:24:33
oferta fotbal total bet,RO,Romania,Romanian,TotalBet (Organization),true,false,false,true,true,false,"Sitelinks, Video preview",250,58,0.34,28,27,-2,,7,4,3,,https://legalbet.ro/scoala-pariurilor/total-bet/,,https://legalbet.ro/scoala-pariurilor/recenzia-casei-de-pariuri-totalbet/,2024-06-26 00:18:36,2026-06-13 05:30:02
rotiri fara rulaj,RO,Romania,Romanian,,false,false,false,true,true,false,,600,57,4.00,1,27,26,,21,7,14,,https://legalbet.ro/scoala-de-cazino/bonus-fara-rulaj/,,https://legalbet.ro/cazinouri/bonusuri/fara-rulaj/,2024-06-23 12:46:43,2026-06-06 13:51:07
casa pariurilor conectare,RO,Romania,Romanian,Casa Pariurilor (Organization),true,false,true,false,false,false,Image pack,450,15,1.19,26,,,,6,,Lost,,https://legalbet.ro/feedback/casa-pariurilor/,,,2024-06-22 22:29:57,
retragere netbet,RO,Romania,Romanian,NetBet (Organization),true,false,false,true,false,false,,150,0,0.64,18,26,9,,4,3,1,,https://legalbet.ro/scoala-pariurilor/casa-de-pariuri-netbet-depuneri-si-retrageri/,,https://legalbet.ro/complaints/netbet/,2024-06-12 08:56:39,2026-05-20 14:11:02
cine joaca azi,RO,Romania,Romanian,,false,false,false,true,false,false,,300,59,0.07,157,26,-131,,2,2,,,https://legalbet.ro/centrul-de-pariere/astazi/,,https://legalbet.ro/centrul-de-pariere/astazi/,2024-06-13 08:51:53,2026-06-25 23:47:42
las vegas online casino,RO,Romania,English,Las Vegas (Location),false,true,false,true,true,false,,250,79,1.21,,26,,,,3,New,,,,https://legalbet.ro/cazinouri/las-vegas/,,2026-06-20 10:09:36
ce meciuri de fotbal sunt astăzi,RO,Romania,Romanian,,false,false,false,true,false,false,,150,61,0.07,27,26,0,,2,2,,,https://legalbet.ro/centrul-de-pariere/astazi/,,https://legalbet.ro/centrul-de-pariere/astazi/,2024-06-16 15:54:02,2026-06-10 02:35:31
player casino bonus fara depunere,RO,Romania,Romanian,Player Casino (Organization),true,false,false,true,true,false,Sitelinks,300,51,0.92,0,26,26,,37,4,33,,https://legalbet.ro/alegerea-editorului/player-casino-ce-promotii-ai-cum-le-obtii-si-cum-le/,,https://legalbet.ro/bonus/player-222-rotiri-gratuite-fr-depunere/,2024-06-26 12:02:05,2026-05-28 01:30:20
bonus case de pariuri,RO,Romania,Romanian,,false,false,false,true,true,false,Sitelinks,200,62,5.46,10,26,16,,2,2,,,https://legalbet.ro/rating-bonus/,,https://legalbet.ro/rating-bonus/,2024-06-15 23:25:25,2026-06-22 03:14:59
rotiri gratuite,RO,Romania,Romanian,,false,false,false,true,true,false,,14000,71,2.74,,26,,,,23,New,,,,https://legalbet.ro/cazinouri/rotiri-gratuite/,,2026-06-21 10:43:50
cash pot casino,RO,Romania,English,CashPot Casino (Organization),true,false,false,true,true,false,Sitelinks,450,22,0.65,10,26,16,,10,6,4,,https://legalbet.ro/cazinouri/cashpot/,,https://legalbet.ro/cazinouri/cashpot/,2024-06-22 09:54:33,2026-05-28 06:33:01
cote fotbal azi,RO,Romania,Romanian,,false,false,false,true,true,true,Image pack,150,28,0.18,26,,,,2,,Lost,,https://legalbet.ro/centrul-de-pariere/,,,2024-06-12 15:39:44,
meci fotbal,RO,Romania,Romanian,,false,false,false,true,false,false,"Top stories, Thumbnail",700,67,0.10,12,26,13,,13,5,8,,https://legalbet.ro/centrul-de-pariere/astazi/,,https://legalbet.ro/centrul-de-pariere/astazi/,2024-06-23 22:40:15,2026-06-17 17:43:31
bingo bonus fara depunere,RO,Romania,Romanian,,false,false,false,true,true,false,,800,61,0.79,5,26,21,,9,9,,,https://legalbet.ro/cazinouri/bingo/,,https://legalbet.ro/cazinouri/rotiri-gratuite/,2024-06-12 03:33:23,2026-06-10 03:35:13
pariu sansa progresiv,RO,Romania,Romanian,Progressive Chance Bet (Event),true,false,false,true,false,false,,250,46,,,26,,,,5,New,,,,https://legalbet.ro/alegerea-editorului/pariu-sansa-superbet/,,2026-05-21 17:57:59
predictii pariuri,RO,Romania,Romanian,,false,false,false,true,false,false,,350,59,0.42,46,25,-20,,7,9,-2,,https://legalbet.ro/ponturi/,,https://legalbet.ro/ponturi/,2024-06-26 02:57:57,2026-06-02 20:58:20
winbet aplicatie,RO,Romania,Romanian,Winbet (Organization),true,false,true,true,true,true,,250,0,0.30,25,,,,4,,Lost,,https://legalbet.ro/scoala-pariurilor/aplicatie-winbet/,,,2024-06-19 16:37:21,
las vegas cazino,RO,Romania,Romanian,Las Vegas (Location),false,true,false,true,false,false,"Sitelinks, People also ask, Knowledge panel, Video preview",200,57,,,25,,,,5,New,,,,https://legalbet.ro/cazinouri/las-vegas/,,2026-06-09 12:13:09
acasa fortuna,RO,Romania,Romanian,Acasa Fortuna (Organization),true,false,false,true,true,false,,250,57,0.23,3,25,23,,18,4,14,,https://legalbet.ro/bonus/fortuna-sport-bonus-de-bun-venit-de-150-lei-50-lei-la-verificare/,,https://legalbet.ro/feedback/fortuna/,2024-06-09 10:27:21,2026-06-21 04:58:21
meciu,RO,Romania,Romanian,,false,false,false,true,false,false,,200,60,0.14,17,25,8,,4,3,1,,https://legalbet.ro/centrul-de-pariere/astazi/,,https://legalbet.ro/centrul-de-pariere/astazi/,2024-06-10 01:38:23,2026-06-15 01:49:34
casa pariurilor fotbal azi,RO,Romania,Romanian,Casa Pariurilor (Organization),true,false,false,true,true,true,"Image pack, Video preview",1800,32,0.57,25,,,,13,,Lost,,https://legalbet.ro/centrul-de-pariere/,,,2024-06-27 04:29:54,
cazinouri online legale in romania,RO,Romania,Romanian,Romania (Location),false,true,false,true,true,false,"Featured snippet, Sitelinks",200,79,1.62,9,25,16,,2,3,-1,,https://legalbet.ro/cazinouri/,,https://legalbet.ro/cazinouri/,2024-06-09 10:55:38,2026-05-22 15:45:48
ponturi peste 2.5 goluri azi,RO,Romania,Romanian,,false,false,false,true,false,false,,800,39,1.00,2,25,23,,17,9,8,,https://legalbet.ro/ponturi/sportul-fotbal/,,https://legalbet.ro/ponturi/,2024-06-21 10:19:54,2026-06-14 21:08:39
mr bit casino,RO,Romania,,MrBit Casino (Organization),true,false,false,true,true,false,"Sitelinks, Video preview, Image pack",2500,2,0.51,25,,,,14,,Lost,,https://legalbet.ro/cazinouri/mr-bit-casino/,,,2024-06-25 21:39:32,
fotbal astăzi la tv,RO,Romania,Romanian,,false,false,false,true,false,false,Video preview,800,58,0.03,0,25,25,,32,9,23,,https://legalbet.ro/centrul-de-pariere/astazi/,,https://legalbet.ro/centrul-de-pariere/astazi/,2024-06-13 22:39:56,2026-06-20 07:12:47
mr bit bonus fara depunere,RO,Romania,Romanian,MrBit (Organization),true,false,false,true,true,false,,400,50,1.70,0,25,25,,50,6,44,,https://legalbet.ro/cazinouri/mr-bit-casino/,,https://legalbet.ro/bonus/mr-bit-casino-100-rotiri-gratuite-fara-depunere/,2024-06-07 03:08:11,2026-06-13 09:42:30
stanleybet verificare bilet fotbal,RO,Romania,Romanian,Stanleybet (Organization),true,false,true,true,false,false,Video preview,350,14,0.42,59,25,-34,,4,5,-1,,https://legalbet.ro/scoala-pariurilor/stanleybet-verificare-bilet-online/,,https://legalbet.ro/scoala-pariurilor/stanleybet-verificare-bilet-online/,2024-06-19 03:18:17,2026-06-05 22:01:31
rotiri gratuite la verificarea contului,RO,Romania,Romanian,,false,false,false,true,true,false,,600,69,3.23,0,25,24,,27,8,19,,https://legalbet.ro/bonus/conticazino-151-de-rotiri-gratuite-la-verificarea-contului/,,https://legalbet.ro/cazinouri/rotiri-gratuite/,2024-06-16 07:51:40,2026-06-17 21:21:25
las vegas bonus,RO,Romania,English,Las Vegas (Location),false,true,false,true,true,false,Sitelinks,150,57,1.78,,24,,,,2,New,,,,https://legalbet.ro/cazinouri/las-vegas/,,2026-06-07 06:34:11
biletul zilei sigur 100,RO,Romania,Romanian,Daily Ticket (Event),false,false,false,true,false,false,Video preview,450,65,0.23,39,24,-15,,7,7,,,https://legalbet.ro/biletul-zilei/,,https://legalbet.ro/biletul-zilei/,2024-06-25 14:09:37,2026-06-27 02:54:35
ponturi meciuri azi,RO,Romania,Romanian,,false,false,false,true,false,false,,150,60,0.45,39,24,-14,,8,4,4,,https://legalbet.ro/ponturi/ponturile-de-astazi/,,https://legalbet.ro/ponturi/ponturile-de-astazi/,2024-06-23 01:57:56,2026-06-21 03:59:17
case de pariuri cu bonus,RO,Romania,Romanian,,false,false,false,true,true,false,Sitelinks,150,56,7.35,26,24,-2,,2,2,,,https://legalbet.ro/rating-bonus/,,https://legalbet.ro/rating-bonus/,2024-06-22 02:26:28,2026-06-10 21:57:13
site uri pacanele,RO,Romania,Romanian,,false,false,false,true,true,false,,150,80,6.12,19,24,5,,3,2,1,,https://legalbet.ro/cazinouri/,,https://legalbet.ro/cazinouri/,2024-06-17 18:09:33,2026-06-04 09:38:52
casino bonus de bun venit,RO,Romania,Romanian,,false,false,false,true,true,false,,300,67,4.04,11,24,13,,5,5,,,https://legalbet.ro/cazinouri/bonusuri/bonusuri-la-inregistrare/,,https://legalbet.ro/cazinouri/bonusuri/bonusuri-la-inregistrare/,2024-06-20 00:46:08,2026-06-02 22:14:48
cazinou online,RO,Romania,Romanian,,false,false,false,true,true,true,,200,80,3.92,1,24,23,,22,3,19,,https://legalbet.ro/cazinouri/,,https://legalbet.ro/cazinouri/,2024-06-14 04:54:26,2026-06-14 13:29:21
depunere minima 10 lei,RO,Romania,Romanian,,false,false,false,true,true,false,Sitelinks,150,8,0.37,0,24,24,,34,2,32,,https://legalbet.ro/alegerea-editorului/depunerea-minima-la-toate-casele-de-pariuri-online/,,https://legalbet.ro/cazinouri/sets/depunere-minima-10-lei/,2024-06-10 16:34:03,2026-05-22 22:10:11
site uri ponturi pariuri sportive,RO,Romania,Romanian,,false,false,false,true,false,false,,300,64,0.36,5,24,19,,8,5,3,,https://legalbet.ro/ponturi/,,https://legalbet.ro/ponturi/,2024-06-22 04:56:31,2026-06-16 08:40:19
fotbal european azi,RO,Romania,Romanian,,false,false,false,true,false,false,,150,46,0.17,0,24,24,,33,2,31,,https://legalbet.ro/centrul-de-pariere/astazi/,,https://legalbet.ro/centrul-de-pariere/astazi/,2024-06-09 05:28:32,2026-05-19 06:24:39
cazino bonus fara depunere,RO,Romania,Romanian,,false,false,false,true,true,false,Sitelinks,250,72,1.98,0,24,24,,62,4,58,,https://legalbet.ro/bonus/,,https://legalbet.ro/cazinouri/bonusuri-fara-depunere/,2024-06-09 13:38:43,2026-06-24 21:54:47
prowin,RO,Romania,Romanian,ProWin (Organization),true,false,false,true,false,false,"Sitelinks, Knowledge panel",9100,19,0.17,,24,,,,3,New,,,,https://legalbet.ro/cazinouri/prowin-casino/,,2026-06-17 11:55:44
casinos online,RO,Romania,English,,false,false,false,true,true,true,"Video preview, Image pack",1500,46,3.12,24,,,,12,,Lost,,https://legalbet.ro/cazinouri/,,,2024-06-14 04:23:47,
forum fortuna,RO,Romania,Romanian,Fortuna (Organization),true,false,false,true,false,false,Sitelinks,200,50,1.92,8,24,15,,3,3,,,https://legalbet.ro/feedback/fortuna/,,https://legalbet.ro/feedback/fortuna/,2024-06-09 02:51:45,2026-06-01 05:17:14
fotbal romania azi,RO,Romania,Romanian,Romania (Location),false,false,false,true,false,false,Video preview,2000,61,0.20,1,24,22,,26,11,15,,https://legalbet.ro/centrul-de-pariere/astazi/,,https://legalbet.ro/centrul-de-pariere/astazi/,2024-06-25 20:12:59,2026-06-02 15:53:56
table pe bani,RO,Romania,Romanian,,false,false,false,true,true,false,Sitelinks,100,0,4.52,1,24,23,,19,3,16,,https://legalbet.ro/alegerea-editorului/joaca-table-online-la-totogaming-pe-bani-reali/,,https://legalbet.ro/alegerea-editorului/joaca-table-online-la-totogaming-pe-bani-reali/,2024-06-10 12:47:41,2026-05-26 14:18:24
don .ro,RO,Romania,,Don.ro (Organization),true,false,true,true,true,false,"Sitelinks, Video preview",1900,59,1.27,,24,,,,13,New,,,,https://legalbet.ro/feedback/don-sport/,,2026-06-22 04:15:01
meciuri maine romania,RO,Romania,Romanian,Romania (Location),false,false,false,true,false,false,,200,55,0.20,79,23,-55,,1,3,-2,,https://legalbet.ro/centrul-de-pariere/maine/,,https://legalbet.ro/centrul-de-pariere/maine/,2024-06-17 00:43:54,2026-05-28 19:43:07
ponturi premier league,RO,Romania,Romanian,Premier League (Event),true,false,false,true,false,false,Sitelinks,150,0,,10,23,14,,6,2,4,,https://legalbet.ro/ponturi/sportul-fotbal/england-premier-league/,,https://legalbet.ro/ponturi/sportul-fotbal/england-premier-league/,2024-06-19 23:22:31,2026-06-04 07:39:40
meci maine,RO,Romania,Romanian,,false,false,false,true,false,false,,150,54,0.17,188,23,-165,,1,2,-1,,https://legalbet.ro/centrul-de-pariere/maine/,,https://legalbet.ro/centrul-de-pariere/maine/,2024-06-18 03:20:36,2026-05-20 03:24:34
platinum casino online,RO,Romania,English,Platinum Casino (Organization),true,false,false,true,true,true,,150,63,1.55,8,23,16,,7,2,5,,https://legalbet.ro/cazinouri/platinum-casino/,,https://legalbet.ro/cazinouri/platinum-casino/,2024-06-27 22:09:31,2026-06-21 22:03:27
meciurile,RO,Romania,Romanian,,false,false,false,true,false,false,"Top stories, Thumbnail, Video preview, Image pack",400,8,0.02,23,,,,3,,Lost,,https://legalbet.ro/centrul-de-pariere/astazi/,,,2024-06-27 13:19:21,
site uri casino,RO,Romania,Romanian,,false,false,true,true,false,false,,150,82,7.30,15,23,8,,4,2,2,,https://legalbet.ro/cazinouri/,,https://legalbet.ro/cazinouri/,2024-06-24 16:34:42,2026-05-27 03:39:56
ponturi pariuri azi fotbal,RO,Romania,Romanian,,false,false,false,true,false,false,,300,56,0.32,2,23,22,,14,7,7,,https://legalbet.ro/ponturi/,,https://legalbet.ro/ponturi/ponturile-de-astazi/,2024-06-13 22:04:00,2026-06-20 15:12:30
casa pariurilor.,RO,Romania,Romanian,Casa Pariurilor (Organization),true,false,false,true,true,false,"Sitelinks, Local pack",200,19,,4,23,19,,12,4,8,,https://legalbet.ro/feedback/casa-pariurilor/,,https://legalbet.ro/feedback/casa-pariurilor/,2024-06-24 07:43:43,2026-06-15 15:01:42
pronosticuri fotbal,RO,Romania,Romanian,,false,false,false,true,false,false,Video preview,1300,58,0.43,0,23,23,,48,15,33,,https://legalbet.ro/ponturi/sportul-fotbal/,,https://legalbet.ro/ponturi/sportul-fotbal/,2024-06-27 05:59:41,2026-06-24 18:58:23
maxbet ro,RO,Romania,Romanian,Maxbet.ro (Organization),true,false,true,true,true,false,"Sitelinks, Video preview, Image pack, Bottom ads, Paid sitelinks",1700,1,1.64,23,,,,13,,Lost,,https://legalbet.ro/feedback/maxbet/,,,2024-06-25 19:21:58,
casinou,RO,Romania,Romanian,,false,false,false,true,true,false,,200,70,2.56,0,23,23,,70,4,66,,https://legalbet.ro/cazinouri/,,https://legalbet.ro/cazinouri/,2024-06-15 10:37:59,2026-05-22 01:50:43
online casinos romania,RO,Romania,English,Romania (Location),false,true,false,true,true,true,,400,79,2.89,4,23,19,,8,6,2,,https://legalbet.ro/cazinouri/,,https://legalbet.ro/cazinouri/,2024-06-18 02:01:04,2026-06-16 16:38:52
agentii pariuri online,RO,Romania,Romanian,,false,false,false,true,true,false,Sitelinks,250,74,3.55,8,23,14,,5,4,1,,https://legalbet.ro/case-de-pariuri-licentiate/,,https://legalbet.ro/case-de-pariuri-licentiate/,2024-06-24 18:03:05,2026-06-26 07:11:39
meci diseara,RO,Romania,Romanian,,false,false,false,true,false,false,,200,61,0.19,23,23,-1,,2,2,,,https://legalbet.ro/centrul-de-pariere/astazi/,,https://legalbet.ro/centrul-de-pariere/astazi/,2024-05-29 08:07:46,2026-06-16 23:10:55
pronosticuri fotbal azi,RO,Romania,Romanian,,false,false,false,true,true,false,,1300,57,0.49,18,23,4,,14,13,1,,https://legalbet.ro/ponturi/sportul-fotbal/,,https://legalbet.ro/ponturi/ponturile-de-astazi/,2024-06-23 02:52:40,2026-06-12 12:19:11
predictii sportive,RO,Romania,Romanian,,false,false,false,true,false,false,,150,59,0.32,11,22,11,,8,5,3,,https://legalbet.ro/ponturi/,,https://legalbet.ro/ponturi/,2024-05-26 16:53:19,2026-06-15 19:36:06
cont casa pariurilor,RO,Romania,Romanian,Casa Pariurilor (Organization),true,false,true,true,false,false,Sitelinks,500,17,2.70,0,22,22,,35,3,32,,https://legalbet.ro/scoala-pariurilor/primul-pariu-la-casa-pariurilor/,,https://legalbet.ro/scoala-pariurilor/primul-pariu-la-casa-pariurilor/,2024-06-24 13:10:01,2026-06-14 00:49:47
poziții sc braga,RO,Romania,Romanian,SC Braga (Organization),true,false,false,true,false,false,"Image pack, Video preview",200,0,,22,,,,3,,Lost,,https://legalbet.ro/centrul-de-pariere/echipe/sporting-braga/,,,2024-06-12 20:05:33,
casa pariurilor forum,RO,Romania,Romanian,Casa Pariurilor (Organization),true,false,false,true,false,false,,150,17,0.84,22,22,0,,2,2,,,https://legalbet.ro/feedback/casa-pariurilor/,,https://legalbet.ro/feedback/casa-pariurilor/,2024-06-21 08:31:03,2026-05-30 00:20:00
fortuna bilet agentie,RO,Romania,Romanian,"Fortuna (Organization), Fortuna Betting Agency (Organization)",true,false,false,true,false,false,Sitelinks,150,45,0.04,5,22,17,,14,2,12,,https://legalbet.ro/case-de-pariuri/fortuna/,,https://legalbet.ro/scoala-pariurilor/fortuna-bet-verificare-bilet-online/,2024-06-24 02:31:42,2026-06-03 03:12:34
cea mai buna casa de pariuri online,RO,Romania,Romanian,,false,false,false,true,true,false,Top ads,150,67,7.55,7,22,15,,7,2,5,,https://legalbet.ro/case-de-pariuri-licentiate/,,https://legalbet.ro/case-de-pariuri-licentiate/,2024-06-09 05:28:12,2026-05-26 00:49:48
las vegas rotiri gratuite fara depunere,RO,Romania,Romanian,Las Vegas (Location),false,true,false,true,true,false,Sitelinks,200,53,2.01,0,22,22,,39,3,36,,https://legalbet.ro/bonus/las-vegas-casino-111-rotiri-fara-depunere-fara-rulaj/,,https://legalbet.ro/cazinouri/las-vegas/,2024-06-15 18:49:19,2026-05-20 08:34:29
conturi casino,RO,Romania,Romanian,,false,false,false,true,true,false,,250,81,1.83,0,22,22,,85,4,81,,https://legalbet.ro/cazinouri/bonusuri/bonusuri-la-inregistrare/,,https://legalbet.ro/cazinouri/,2024-06-24 03:30:23,2026-06-02 22:14:04
ce meciuri se joacă astăzi,RO,Romania,Romanian,,false,false,false,true,false,false,,150,58,0.02,22,22,0,,2,2,,,https://legalbet.ro/centrul-de-pariere/astazi/,,https://legalbet.ro/centrul-de-pariere/astazi/,2024-06-22 04:52:45,2026-06-21 14:07:20
pariuri gratuite,RO,Romania,Romanian,,false,false,false,true,true,false,Sitelinks,300,61,4.35,3,22,19,,10,5,5,,https://legalbet.ro/bonus/sets/fara-depunere-pariuri/,,https://legalbet.ro/bonus/sets/freebet/,2024-06-22 16:20:58,2026-06-17 19:24:19
poziții brentford,RO,Romania,Romanian,Brentford FC (Organization),true,false,false,true,false,false,"Knowledge panel, Video preview",200,1,,22,,,,3,,Lost,,https://legalbet.ro/centrul-de-pariere/echipe/brentford/,,,2024-06-06 17:24:41,
cazinouri online fara depunere,RO,Romania,Romanian,,false,false,false,true,true,false,,1700,72,1.83,0,22,22,,63,13,50,,https://legalbet.ro/cazinouri/bonusuri/bonusuri-fara-depunere/,,https://legalbet.ro/cazinouri/rotiri-gratuite/,2024-06-22 23:42:54,2026-06-13 20:43:45
cazinouri online rotiri gratuite fara depunere,RO,Romania,Romanian,,false,false,false,true,true,false,Sitelinks,300,75,1.90,,21,,,,5,New,,,,https://legalbet.ro/cazinouri/rotiri-gratuite/,,2026-05-14 15:20:52
meciuri fotbal azi la tv,RO,Romania,Romanian,,false,false,false,true,false,false,,600,60,0.22,1,21,21,,22,8,14,,https://legalbet.ro/centrul-de-pariere/astazi/,,https://legalbet.ro/centrul-de-pariere/astazi/,2024-06-27 06:47:57,2026-06-21 01:45:34
cele mai bune sloturi online,RO,Romania,Romanian,,false,false,false,true,true,false,"Top ads, Paid sitelinks",200,62,3.55,0,21,21,,25,3,22,,https://legalbet.ro/cazinouri/sloturi/,,https://legalbet.ro/cazinouri/,2024-06-27 08:51:22,2026-06-21 09:57:36
total bet pariuri sportive fotbal,RO,Romania,Romanian,TotalBet (Organization),true,false,true,true,true,true,"Sitelinks, Video preview",450,46,0.57,2,21,19,,11,7,4,,https://legalbet.ro/scoala-pariurilor/recenzia-casei-de-pariuri-totalbet/,,https://legalbet.ro/scoala-pariurilor/recenzia-casei-de-pariuri-totalbet/,2024-06-19 09:03:10,2026-05-17 09:00:53
ce meciuri sunt astazi,RO,Romania,Romanian,,false,false,false,true,false,false,,150,61,0.04,21,21,0,,2,2,,,https://legalbet.ro/centrul-de-pariere/astazi/,,https://legalbet.ro/centrul-de-pariere/astazi/,2024-06-19 06:52:06,2026-06-13 01:22:34
fotbalazi,RO,Romania,Romanian,,false,false,false,true,true,false,,150,58,0.15,4,21,17,,10,2,8,,https://legalbet.ro/centrul-de-pariere/astazi/,,https://legalbet.ro/centrul-de-pariere/astazi/,2024-06-24 00:37:42,2026-06-17 04:53:25
casinos romania,RO,Romania,English,Romania (Location),false,false,false,true,true,false,"Local pack, Sitelinks",200,81,8.29,11,21,10,,6,4,2,,https://legalbet.ro/cazinouri/,,https://legalbet.ro/cazinouri/,2024-06-23 16:07:35,2026-05-29 06:17:44
case de pariuri sportive,RO,Romania,Romanian,,false,false,false,true,true,false,"Sitelinks, Local pack",250,75,5.20,7,21,14,,4,3,1,,https://legalbet.ro/case-de-pariuri-licentiate/,,https://legalbet.ro/case-de-pariuri-licentiate/,2024-06-22 14:12:56,2026-06-20 09:36:16
las vegas bonus de bun venit,RO,Romania,Romanian,Las Vegas (Location),false,true,false,true,true,false,Sitelinks,150,49,1.78,0,21,21,,19,2,17,,https://legalbet.ro/bonus/las-vegas-casino-bonus-de-bun-venit-de-pana-la-3000-de-lei/,,https://legalbet.ro/cazinouri/las-vegas/,2024-06-22 14:36:16,2026-06-07 16:37:43
case de pariuri cu bonus la inregistrare,RO,Romania,Romanian,,false,false,false,true,true,false,,150,60,6.62,18,21,3,,3,2,1,,https://legalbet.ro/rating-bonus/,,https://legalbet.ro/rating-bonus/,2024-06-15 20:01:51,2026-06-04 05:15:13
oferta casa pariurilor azi,RO,Romania,Romanian,Casa Pariurilor (Organization),true,false,false,true,true,false,"Top ads, Paid sitelinks, Sitelinks, Image pack, Video preview",1000,33,0.76,21,,,,11,,Lost,,https://legalbet.ro/centrul-de-pariere/maine/,,,2024-06-24 05:57:30,
meciuri de fotbal,RO,Romania,Romanian,,false,false,false,true,false,false,,350,59,0.03,58,21,-37,,4,5,-1,,https://legalbet.ro/centrul-de-pariere/astazi/,,https://legalbet.ro/centrul-de-pariere/astazi/,2024-06-12 09:34:42,2026-06-14 01:20:49
bilet castigator stanleybet,RO,Romania,Romanian,Stanleybet (Organization),true,false,false,true,false,false,Sitelinks,150,0,0.51,1,21,19,,14,2,12,,https://legalbet.ro/scoala-pariurilor/stanleybet-verificare-bilet-online/,,https://legalbet.ro/scoala-pariurilor/stanleybet-verificare-bilet-online/,2024-06-10 06:42:12,2026-06-14 21:25:33
ce meciuri se joaca azi in champions league,RO,Romania,Romanian,"UEFA Champions League matches (Event), UEFA Champions League (Event)",true,false,false,true,false,false,,200,54,1.06,2,21,19,,22,4,18,,https://legalbet.ro/centrul-de-pariere/maine/,,https://legalbet.ro/centrul-de-pariere/astazi/,2024-06-19 20:04:24,2026-05-19 16:40:29
tipseri,RO,Romania,Romanian,,false,false,false,true,false,false,Video preview,150,30,0.28,21,,,,4,,Lost,,https://legalbet.ro/expert/,,,2024-06-12 11:04:44,
casa pariurilor deschis acum,RO,Romania,Romanian,Casa Pariurilor (Organization),true,false,false,true,false,false,"Sitelinks, Knowledge panel",1300,16,1.02,,21,,,,12,New,,,,https://legalbet.ro/case-de-pariuri-licentiate/casa-pariurilor/aplicatie/,,2026-06-18 02:54:21
meciuri din superliga,RO,Romania,Romanian,Superliga (Event),true,false,false,true,false,false,"Video preview, Image pack",2500,7,0.60,21,,,,15,,Lost,,https://legalbet.ro/centrul-de-pariere/turnee/liga-i/,,,2024-06-27 03:25:40,
playgg casino,RO,Romania,English,PlayGG (Organization),true,false,true,true,true,true,"Top ads, Sitelinks",200,35,2.22,,21,,,,3,New,,,,https://legalbet.ro/cazinouri/playgg-casino/,,2026-05-27 18:16:23
total bet .ro,RO,Romania,Romanian,TotalBet (Organization),true,false,true,false,false,false,Sitelinks,150,56,0.77,13,21,7,,4,2,2,,https://legalbet.ro/scoala-pariurilor/recenzia-casei-de-pariuri-totalbet/,,https://legalbet.ro/scoala-pariurilor/recenzia-casei-de-pariuri-totalbet/,2024-06-25 08:21:23,2026-06-23 13:02:20
poziții superliga,RO,Romania,Romanian,Superliga (Event),true,false,false,true,false,false,"Image pack, Video preview",3900,29,1.65,21,,,,17,,Lost,,https://legalbet.ro/centrul-de-pariere/turnee/liga-i/,,,2024-06-26 06:15:05,
predictii fotbal azi,RO,Romania,Romanian,,false,false,false,true,false,false,,350,58,0.53,12,21,8,,11,10,1,,https://legalbet.ro/ponturi/sportul-fotbal/,,https://legalbet.ro/ponturi/sportul-fotbal/,2024-06-27 23:16:46,2026-06-18 23:02:24
betano cash,RO,Romania,English,Betano (Organization),true,false,false,true,true,true,,350,0,2.11,1,20,19,,19,6,13,,https://legalbet.ro/scoala-pariurilor/betano-cash-out/,,https://legalbet.ro/scoala-pariurilor/casa-de-pariuri-betano-depuneri-i-retrageri/,2024-06-15 14:23:34,2026-05-18 06:16:01
bilet casa pariurilor,RO,Romania,Romanian,Casa Pariurilor (Organization),true,false,false,true,false,false,"Sitelinks, Video preview",150,21,0.64,5,20,15,,8,2,6,,https://legalbet.ro/scoala-pariurilor/casa-pariurilor-verificare-bilet-online/,,https://legalbet.ro/scoala-pariurilor/casa-pariurilor-verificare-bilet-online/,2024-06-01 09:58:37,2026-05-30 05:12:19
betano bonus fara depunere,RO,Romania,Romanian,Betano (Organization),true,false,false,true,true,false,"Sitelinks, Video preview",2000,44,2.06,0,20,20,,43,14,29,,https://legalbet.ro/bonus/betano-casino-300-de-rotiri-gratuite-fara-depunere-la-nregistrare/,,https://legalbet.ro/bonus/sets/betano/,2024-06-25 20:27:06,2026-06-15 15:57:03
cazinouri licentiate in romania,RO,Romania,Romanian,Romania (Location),false,true,false,true,true,false,,150,65,2.65,12,20,8,,4,2,2,,https://legalbet.ro/cazinouri/,,https://legalbet.ro/cazinouri/,2024-06-19 04:44:25,2026-05-24 10:06:00
pariuri online romania,RO,Romania,Romanian,Romania (Location),false,false,false,true,true,false,Sitelinks,700,81,7.05,26,20,-6,,6,10,-4,,https://legalbet.ro/case-de-pariuri-licentiate/,,https://legalbet.ro/case-de-pariuri-licentiate/,2024-05-30 03:41:09,2026-06-08 09:55:11
poziții ferencváros,RO,Romania,Romanian,Ferencváros (Organization),true,false,false,true,false,false,Image pack,150,1,,20,,,,3,,Lost,,https://legalbet.ro/centrul-de-pariere/echipe/Ferencvarosi/,,,2024-06-20 12:16:29,
poziții juventus vs ac milan,RO,Romania,Romanian,"Juventus (Organization), AC Milan (Organization)",true,false,false,true,false,false,"Video preview, Image pack",150,1,,20,,,,3,,Lost,,https://legalbet.ro/centrul-de-pariere/echipe/juventus/,,,2024-06-13 19:55:32,
cote pariuri fotbal,RO,Romania,Romanian,,false,false,false,true,true,true,Image pack,300,44,0.35,20,,,,6,,Lost,,https://legalbet.ro/centrul-de-pariere/,,,2024-06-12 01:20:21,
www. publicwin.ro,RO,Romania,,PublicWin (Organization),true,false,true,true,false,false,,150,18,1.54,10,20,10,,5,2,3,,https://legalbet.ro/feedback/publicwin/,,https://legalbet.ro/feedback/publicwin/,2024-06-19 16:36:19,2026-05-27 13:04:17
manhattan casino bonus fara depunere,RO,Romania,Romanian,Manhattan Casino (Organization),true,false,false,true,true,false,Sitelinks,1600,40,,43,20,-23,,1,13,-12,,https://legalbet.ro/bonus/manhattan-casino-250-rotiri-gratuite-la-slotul-the-dog-house/,,https://legalbet.ro/cazinouri/manhattan/,2024-06-25 12:03:17,2026-06-26 22:10:50
freebet,RO,Romania,English,,false,false,false,true,true,false,,150,58,2.99,11,20,9,,6,2,4,,https://legalbet.ro/bonus/sets/freebet/,,https://legalbet.ro/bonus/sets/freebet/,2024-06-16 06:50:01,2026-06-24 08:01:18
mozzartbet romania,RO,Romania,Romanian,"MozzartBet (Organization), Romania (Location)",true,false,true,true,true,true,,150,41,1.31,0,20,20,,45,3,42,,https://legalbet.ro/feedback/mozzart/,,https://legalbet.ro/feedback/mozzart/,2024-06-20 11:05:42,2026-06-26 18:42:03
poziții nottingham forest vs manchester united,RO,Romania,Romanian,"Nottingham Forest (Organization), Manchester United (Organization)",true,false,false,true,false,false,"Video preview, Image pack",200,1,,20,,,,5,,Lost,,https://legalbet.ro/centrul-de-pariere/echipe/nottingham-forest/,,,2024-06-19 13:40:22,
poziții fc basel,RO,Romania,Romanian,FC Basel (Organization),true,false,false,true,false,false,Image pack,150,0,,20,,,,3,,Lost,,https://legalbet.ro/centrul-de-pariere/echipe/basel/,,,2024-05-31 04:27:30,
pronosticuri,RO,Romania,Romanian,,false,false,false,true,false,false,Video preview,400,57,0.41,0,20,20,,61,10,51,,https://legalbet.ro/ponturi/sportul-fotbal/,,https://legalbet.ro/ponturi/,2024-06-22 15:55:33,2026-06-07 19:21:05
transmisii fotbal azi la tv,RO,Romania,Romanian,,false,false,false,true,false,false,,800,55,0.28,0,19,19,,67,10,57,,https://legalbet.ro/centrul-de-pariere/astazi/,,https://legalbet.ro/centrul-de-pariere/astazi/,2024-06-13 21:33:42,2026-06-15 18:22:35
aplicație winner bet,RO,Romania,Romanian,Winner Bet (Product),true,false,false,true,true,false,Sitelinks,100,0,1.08,19,,,,2,,Lost,,https://legalbet.ro/scoala-pariurilor/aplicatie-winner/,,,2024-06-25 01:20:15,
rotiri gratuite fara depunere las vegas,RO,Romania,Romanian,Las Vegas (Location),false,true,false,true,true,false,Sitelinks,150,54,3.29,1,19,18,,16,3,13,,https://legalbet.ro/bonus/las-vegas-casino-333-rotiri-fara-depunere-fara-rulaj/,,https://legalbet.ro/cazinouri/las-vegas/,2024-06-21 00:00:23,2026-06-03 22:27:03
poziții serie a,RO,Romania,Romanian,Serie A (Event),true,false,false,true,false,false,"Video preview, Image pack",400,3,,19,,,,7,,Lost,,https://legalbet.ro/centrul-de-pariere/turnee/serie-a/,,,2024-06-27 01:06:17,
easy money pariuri,RO,Romania,Romanian,Easy Money (Event),false,false,false,true,false,false,"Sitelinks, Video preview",80,0,1.25,12,19,7,,4,2,2,,https://legalbet.ro/scoala-pariurilor/strategia-easy-money/,,https://legalbet.ro/scoala-pariurilor/strategia-easy-money/,2024-06-12 08:33:06,2026-05-23 20:50:40
www total bet,RO,Romania,Romanian,,false,false,true,false,true,true,Sitelinks,150,58,0.59,16,19,3,,5,3,2,,https://legalbet.ro/scoala-pariurilor/recenzia-casei-de-pariuri-totalbet/,,https://legalbet.ro/scoala-pariurilor/recenzia-casei-de-pariuri-totalbet/,2024-06-23 04:20:10,2026-06-09 20:46:05
poziții red bull salzburg,RO,Romania,Romanian,Red Bull Salzburg (Organization),true,false,false,true,false,false,Image pack,150,0,,19,,,,3,,Lost,,https://legalbet.ro/centrul-de-pariere/echipe/red-bull-salzburg/,,,2024-06-23 07:07:04,
ce meci este azi,RO,Romania,Romanian,,false,false,false,true,false,false,,150,59,0.07,19,19,0,,3,3,,,https://legalbet.ro/centrul-de-pariere/astazi/,,https://legalbet.ro/centrul-de-pariere/astazi/,2024-06-26 00:21:40,2026-06-15 03:46:58
table online pe bani,RO,Romania,Romanian,,false,false,false,true,true,true,Sitelinks,80,0,2.69,1,19,18,,16,2,14,,https://legalbet.ro/alegerea-editorului/joaca-table-online-la-totogaming-pe-bani-reali/,,https://legalbet.ro/alegerea-editorului/joaca-table-online-la-totogaming-pe-bani-reali/,2024-06-10 21:10:44,2026-06-18 02:11:45
winner casino,RO,Romania,English,Winner Casino (Organization),true,false,true,true,false,false,"Image pack, Video preview",5700,4,0.71,19,,,,19,,Lost,,https://legalbet.ro/feedback/winner/,,,2024-06-27 09:28:27,
bonusuri pariuri,RO,Romania,Romanian,,false,false,false,true,true,false,Sitelinks,200,65,6.25,11,19,8,,2,5,-3,,https://legalbet.ro/rating-bonus/,,https://legalbet.ro/rating-bonus/,2024-06-06 15:20:00,2026-06-14 23:00:23
el dorado casino,RO,Romania,English,Eldorado Casino (Organization),true,false,false,true,true,false,Local pack,150,53,1.05,8,19,11,,7,4,3,,https://legalbet.ro/cazinouri/eldorado/,,https://legalbet.ro/cazinouri/eldorado/,2024-06-26 20:38:15,2026-06-17 08:00:30
fortuna bonus fara depunere,RO,Romania,Romanian,Fortuna Casino (Organization),true,false,false,true,true,false,Sitelinks,900,55,1.52,2,19,17,,21,11,10,,https://legalbet.ro/bonus/fortuna-sport-bonus-de-bun-venit-de-150-lei-50-lei-la-verificare/,,https://legalbet.ro/bonus/sets/fortuna/,2024-06-23 00:14:54,2026-06-22 04:12:16
strategie cota 2,RO,Romania,Romanian,,false,false,false,true,false,false,,150,0,,19,19,0,,2,2,,,https://legalbet.ro/scoala-pariurilor/strategie-cota-2-cota-3/,,https://legalbet.ro/scoala-pariurilor/strategie-cota-2-cota-3/,2024-06-27 12:37:43,2026-06-25 02:52:29
fotbal la tv astazi,RO,Romania,Romanian,,false,false,false,true,false,false,,350,48,0.22,,19,,,,7,New,,,,https://legalbet.ro/centrul-de-pariere/astazi/,,2026-05-20 05:26:16
million casino romania,RO,Romania,English,"Million Casino (Organization), Romania (Location)",true,false,false,true,true,false,Local pack,300,52,1.44,0,19,19,,72,6,66,,https://legalbet.ro/cazinouri/million/,,https://legalbet.ro/cazinouri/million/,2024-06-10 19:04:34,2026-05-13 10:29:02
poziții newcastle united vs manchester united,RO,Romania,Romanian,"Newcastle United (Organization), Manchester United (Organization)",true,false,false,true,false,false,"Videos, Image pack, Video preview",200,1,,18,,,,5,,Lost,,https://legalbet.ro/centrul-de-pariere/echipe/manchester-united/,,,2024-06-20 06:31:01,
ponturi pariuri baschet,RO,Romania,Romanian,,false,false,false,true,true,false,,150,1,,15,18,4,,5,4,1,,https://legalbet.ro/ponturi/sportul-baschet/,,https://legalbet.ro/ponturi/sportul-baschet/,2024-06-07 02:15:04,2026-06-26 15:19:18
verificare bilet stanleybet dupa cod,RO,Romania,Romanian,Stanleybet (Organization),true,false,false,true,false,false,"Sitelinks, Video preview",150,0,0.29,59,18,-41,,6,2,4,,https://legalbet.ro/scoala-pariurilor/stanleybet-verificare-bilet-online/,,https://legalbet.ro/scoala-pariurilor/stanleybet-verificare-bilet-online/,2024-06-25 23:47:47,2026-05-21 16:20:26
calculator cote,RO,Romania,Romanian,,false,false,false,true,false,false,,150,0,1.20,0,18,18,,32,4,28,,https://legalbet.ro/scoala-pariurilor/tipuri-de-cote/,,https://legalbet.ro/scoala-pariurilor/calculator-pariuri/,2024-06-21 13:53:28,2026-06-07 08:27:46
elit casino,RO,Romania,Romanian,Elite Casino (Organization),true,false,false,true,true,false,"Sitelinks, Thumbnail, Video preview, Image pack",300,0,1.16,18,,,,6,,Lost,,https://legalbet.ro/cazinouri/elite-slots/,,,2024-06-24 21:24:37,
www total bet.ro,RO,Romania,Romanian,TotalBet (Organization),true,false,true,false,false,false,Sitelinks,150,47,1.00,4,18,14,,10,3,7,,https://legalbet.ro/scoala-pariurilor/total-bet/,,https://legalbet.ro/scoala-pariurilor/recenzia-casei-de-pariuri-totalbet/,2024-06-15 05:04:27,2026-05-23 10:09:28
las vegas rotiri,RO,Romania,Romanian,Las Vegas (Location),false,true,false,true,true,false,"Sitelinks, Bottom ads",200,56,1.74,0,18,18,,26,4,22,,https://legalbet.ro/bonus/las-vegas-casino-111-rotiri-fara-depunere-fara-rulaj/,,https://legalbet.ro/cazinouri/las-vegas/,2024-06-26 10:51:18,2026-06-24 12:02:47
www.total bet,RO,Romania,,TotalBet (Organization),true,false,true,false,false,false,Sitelinks,250,52,0.84,0,18,18,,23,5,18,,https://legalbet.ro/scoala-pariurilor/recenzia-casei-de-pariuri-totalbet/,,https://legalbet.ro/scoala-pariurilor/recenzia-casei-de-pariuri-totalbet/,2024-06-23 23:17:06,2026-05-28 14:20:00
meciurile de astăzi,RO,Romania,Romanian,,false,false,false,true,false,false,,250,59,0.18,91,18,-73,,3,5,-2,,https://legalbet.ro/centrul-de-pariere/astazi/,,https://legalbet.ro/centrul-de-pariere/astazi/,2024-06-20 23:18:17,2026-05-28 07:55:38
rotiri gratuite fara depunere si fara rulaj,RO,Romania,Romanian,,false,false,false,true,true,false,Sitelinks,400,68,4.19,0,18,18,,24,7,17,,https://legalbet.ro/scoala-de-cazino/bonus-fara-rulaj/,,https://legalbet.ro/cazinouri/rotiri-gratuite/,2024-06-08 18:07:47,2026-06-12 17:29:25
poziții girona fc vs atlético madrid,RO,Romania,Romanian,"Girona FC (Organization), Atlético Madrid (Organization)",true,false,false,true,false,false,"Videos, Video preview, Image pack",100,0,,18,,,,4,,Lost,,https://legalbet.ro/centrul-de-pariere/girona-atletico-madrid-03-01-2024/,,,2024-06-17 03:13:45,
bonus fara depunere las vegas,RO,Romania,Romanian,Las Vegas (Location),false,true,false,true,true,false,Sitelinks,150,55,3.38,0,18,18,,31,3,28,,https://legalbet.ro/bonus/las-vegas-casino-111-rotiri-fara-depunere-fara-rulaj/,,https://legalbet.ro/cazinouri/las-vegas/,2024-06-12 08:19:12,2026-06-16 00:00:06
excelbet pariuri sportive,RO,Romania,Romanian,ExcelBet (Organization),true,false,true,true,true,true,Sitelinks,250,0,0.60,0,18,18,,33,5,28,,https://legalbet.ro/case-de-pariuri/excelbet/,,https://legalbet.ro/case-de-pariuri/excelbet/,2024-06-18 12:58:47,2026-05-22 04:32:01
sloturi online bonus fara depunere,RO,Romania,Romanian,,false,false,false,true,true,false,Sitelinks,200,76,1.79,0,18,18,,32,4,28,,https://legalbet.ro/cazinouri/bonusuri/bonusuri-la-inregistrare/,,https://legalbet.ro/cazinouri/,2024-06-19 19:10:01,2026-06-02 16:24:51
poziții manchester united,RO,Romania,Romanian,Manchester United (Organization),true,false,false,true,false,false,"Image pack, Video preview",250,3,,18,,,,5,,Lost,,https://legalbet.ro/centrul-de-pariere/echipe/manchester-united/,,,2024-06-27 06:43:50,
rotiri gratuite las vegas,RO,Romania,Romanian,Las Vegas (Organization),true,true,false,true,true,false,Sitelinks,150,59,2.60,0,18,18,,28,3,25,,https://legalbet.ro/bonus/las-vegas-casino-111-rotiri-fara-depunere-fara-rulaj/,,https://legalbet.ro/cazinouri/las-vegas/,2024-06-26 03:04:23,2026-06-26 05:20:41
biletul zilei fotbal sigur,RO,Romania,Romanian,Daily Ticket (Organization),true,false,false,true,false,false,,150,62,0.27,24,18,-6,,6,7,-1,,https://legalbet.ro/biletul-zilei/,,https://legalbet.ro/biletul-zilei/,2024-06-07 16:00:21,2026-06-18 22:41:23
fotbal meciuri azi,RO,Romania,Romanian,,false,false,false,true,false,false,,200,55,0.41,15,18,3,,7,4,3,,https://legalbet.ro/centrul-de-pariere/astazi/,,https://legalbet.ro/centrul-de-pariere/astazi/,2024-06-22 22:38:28,2026-05-23 19:58:52
baumbet bonus,RO,Romania,Romanian,Baumbet (Organization),true,false,false,true,true,false,,200,54,1.40,10,18,7,,8,4,4,,https://legalbet.ro/bonus/baumbet-bonus-dublu-pentru-un-bilet-format-din-15-meciuri/,,https://legalbet.ro/feedback/baumbet/,2024-06-14 22:04:04,2026-06-15 07:38:50
cazinouri online rotiri gratuite,RO,Romania,Romanian,,false,false,false,true,true,false,Sitelinks,350,76,2.09,0,18,18,,64,7,57,,https://legalbet.ro/cazinouri/,,https://legalbet.ro/cazinouri/rotiri-gratuite/,2024-06-08 00:54:53,2026-06-10 16:10:54
cazinou,RO,Romania,Romanian,,false,false,false,true,true,false,Video preview,4200,78,2.01,0,18,18,,53,15,38,,https://legalbet.ro/cazinouri/,,https://legalbet.ro/cazinouri/,2024-06-25 17:36:09,2026-06-26 02:25:21
cazinouri noi cu bonus fara depunere,RO,Romania,Romanian,,false,false,false,true,true,false,Sitelinks,200,76,1.00,0,18,18,,52,4,48,,https://legalbet.ro/cazinouri/,,https://legalbet.ro/cazinouri/,2024-06-20 13:14:03,2026-06-21 18:54:25
pacanele fara depunere,RO,Romania,Romanian,Pacanele (Product),false,false,false,true,true,false,,3500,70,2.07,,17,,,,18,New,,,,https://legalbet.ro/cazinouri/rotiri-gratuite/,,2026-06-16 10:26:04
azi meciuri,RO,Romania,Romanian,,false,false,false,true,false,false,,150,59,0.05,22,17,-4,,2,3,-1,,https://legalbet.ro/centrul-de-pariere/astazi/,,https://legalbet.ro/centrul-de-pariere/astazi/,2024-06-19 03:49:25,2026-06-14 21:12:45
elite slot,RO,Romania,Romanian,Elite Slots (Organization),true,false,false,true,true,false,Sitelinks,350,44,0.61,1,17,16,,21,7,14,,https://legalbet.ro/cazinouri/elite-slots/,,https://legalbet.ro/cazinouri/elite-slots/,2024-06-27 18:25:38,2026-06-09 11:44:21
publicwin,RO,Romania,,PublicWin (Organization),true,false,false,true,true,false,"Sitelinks, Video preview, Image pack",18000,0,0.83,17,,,,3,,Lost,,https://legalbet.ro/feedback/publicwin/,,,2024-06-27 17:57:50,
betfair ro,RO,Romania,Romanian,Betfair (Organization),true,true,true,true,true,false,Sitelinks,200,46,1.90,2,17,15,,14,4,10,,https://legalbet.ro/feedback/betfair/,,https://legalbet.ro/feedback/betfair/,2024-06-18 14:43:33,2026-05-23 14:23:45
casa pariurilor rezultate verificare bilet,RO,Romania,Romanian,Casa Pariurilor (Organization),true,false,true,true,false,false,Sitelinks,80,12,1.01,0,17,17,,8,2,6,,https://legalbet.ro/scoala-pariurilor/casa-pariurilor-verificare-bilet-online/,,https://legalbet.ro/scoala-pariurilor/casa-pariurilor-verificare-bilet-online/,2024-06-19 12:20:41,2026-05-18 04:03:30
poziții ajax amsterdam,RO,Romania,Romanian,Ajax Amsterdam (Organization),true,true,false,true,false,false,"Image pack, Video preview",200,0,,17,,,,4,,Lost,,https://legalbet.ro/centrul-de-pariere/echipe/ajax/,,,2024-06-12 22:24:14,
player bonus fara depunere,RO,Romania,Romanian,Player Bonus (Event),true,false,false,true,true,false,Sitelinks,350,59,1.72,0,17,17,,30,7,23,,https://legalbet.ro/bonus/player-75-ron-free-bet-fara-rulaj/,,https://legalbet.ro/bonus/player-222-rotiri-gratuite-fr-depunere/,2024-06-24 23:55:17,2026-06-24 12:03:07
azi meci,RO,Romania,Romanian,,false,false,false,true,false,false,,150,59,0.09,21,17,-4,,2,3,-1,,https://legalbet.ro/centrul-de-pariere/astazi/,,https://legalbet.ro/centrul-de-pariere/astazi/,2024-06-08 10:59:41,2026-06-16 09:13:14
casino cu rotiri gratuite fara depunere,RO,Romania,Romanian,,false,false,false,true,true,false,Sitelinks,350,72,2.42,,17,,,,7,New,,,,https://legalbet.ro/cazinouri/rotiri-gratuite/,,2026-05-26 04:48:22
poziții dinamo kiev,RO,Romania,Romanian,FC Dynamo Kyiv (Organization),true,false,false,true,false,false,"Image pack, Video preview",150,0,,17,,,,3,,Lost,,https://legalbet.ro/centrul-de-pariere/echipe/dynamo-kyiv/,,,2024-06-22 15:37:49,
poziții galatasaray,RO,Romania,Romanian,Galatasaray (Organization),true,false,false,true,false,false,"Image pack, Video preview",200,0,,17,,,,4,,Lost,,https://legalbet.ro/centrul-de-pariere/echipe/galatasaray/,,,2024-06-27 16:56:41,
100 rotiri gratuite betano,RO,Romania,Romanian,Betano (Organization),true,false,false,true,true,false,Bottom ads,150,34,3.56,0,17,17,,49,3,46,,https://legalbet.ro/bonus/sets/betano-casino/,,https://legalbet.ro/bonus/betano-pariu-gratuit-100-lei-100-rotiri-gratuite-pentru-verificare/,2024-06-16 07:14:11,2026-06-21 14:27:57
fortuna forum,RO,Romania,English,Fortuna (Organization),true,false,false,true,false,false,Sitelinks,150,47,,42,17,-25,,4,3,1,,https://legalbet.ro/feedback/fortuna/,,https://legalbet.ro/feedback/fortuna/,2024-06-08 19:29:26,2026-06-05 00:56:24
casino licentiate romania,RO,Romania,English,Romania (Location),false,false,false,true,false,false,,100,59,3.29,9,17,8,,4,2,2,,https://legalbet.ro/cazinouri/,,https://legalbet.ro/cazinouri/,2024-06-16 21:56:19,2026-06-12 07:36:23
poziții young boys,RO,Romania,Romanian,BSC Young Boys (Organization),true,false,false,true,false,false,,200,0,,17,,,,4,,Lost,,https://legalbet.ro/centrul-de-pariere/echipe/young-boys/,,,2024-06-15 02:44:57,
poziții fiorentina,RO,Romania,Romanian,ACF Fiorentina (Organization),true,false,false,true,false,false,"Image pack, Video preview",100,1,,17,,,,2,,Lost,,https://legalbet.ro/centrul-de-pariere/echipe/fiorentina/,,,2024-06-24 15:46:25,
cod bonus casino,RO,Romania,Romanian,,false,false,false,true,true,false,Sitelinks,300,45,1.23,,17,,,,6,New,,,,https://legalbet.ro/bonus/sets/promotii/,,2026-06-07 12:55:48
meciu de azi,RO,Romania,Romanian,,false,false,false,true,false,false,,150,59,0.08,13,17,3,,4,3,1,,https://legalbet.ro/centrul-de-pariere/astazi/,,https://legalbet.ro/centrul-de-pariere/astazi/,2024-06-21 13:36:20,2026-06-24 13:15:50
get's bets,RO,Romania,English,Get's Bet (Organization),true,false,true,true,true,false,Video preview,200,25,0.31,0,17,16,,21,4,17,,https://legalbet.ro/feedback/gets-bet/,,https://legalbet.ro/feedback/gets-bet/,2024-06-25 00:24:55,2026-05-20 01:17:06
coduri bonus,RO,Romania,Romanian,,false,false,false,true,true,false,Sitelinks,150,53,1.52,0,17,17,,84,3,81,,https://legalbet.ro/bonus/sets/promotii/,,https://legalbet.ro/bonus/sets/promotii/,2024-06-18 22:18:34,2026-06-15 14:12:56
cazino las vegas,RO,Romania,Romanian,Las Vegas (Location),false,true,false,true,true,false,"Sitelinks, Knowledge panel",100,69,0.56,0,17,16,,25,2,23,,https://legalbet.ro/cazinouri/las-vegas/,,https://legalbet.ro/cazinouri/las-vegas/,2024-06-09 13:07:36,2026-05-29 06:38:00
bonus las vegas,RO,Romania,English,Las Vegas (Location),false,true,false,true,true,false,Sitelinks,200,50,1.19,0,17,16,,32,4,28,,https://legalbet.ro/bonus/las-vegas-casino-bonus-de-bun-venit-de-pana-la-3000-de-lei/,,https://legalbet.ro/cazinouri/las-vegas/,2024-06-07 22:08:25,2026-05-27 05:34:27
poziții borussia dortmund,RO,Romania,Romanian,Borussia Dortmund (Organization),true,false,false,true,false,false,"Knowledge panel, Video preview",450,0,,17,,,,8,,Lost,,https://legalbet.ro/centrul-de-pariere/echipe/borussia-dortmund/,,,2024-06-25 15:46:33,
casino seven,RO,Romania,English,,false,false,false,true,true,false,Local pack,100,66,1.08,0,16,16,,28,3,25,,https://legalbet.ro/cazinouri/seven-casino/,,https://legalbet.ro/cazinouri/seven-casino/,2024-06-20 19:22:56,2026-06-07 06:32:57
ponturi gg azi,RO,Romania,Romanian,,false,false,false,true,false,false,Video preview,400,19,0.29,16,,,,8,,Lost,,https://legalbet.ro/ponturi/ponturile-de-astazi/,,,2024-06-27 03:28:34,
gets bet aplicatie,RO,Romania,Romanian,"Get's Bet (Organization), Get's Bet mobile application (Product)",true,false,true,true,true,true,Sitelinks,150,30,0.90,11,16,5,,5,3,2,,https://legalbet.ro/scoala-pariurilor/aplicatie-gets-bet/,,https://legalbet.ro/case-de-pariuri-licentiate/gets-bet/aplicatie/,2024-06-20 01:10:01,2026-05-21 14:38:55
rotiri gratuite fara depunere cazinouri noi,RO,Romania,Romanian,,false,false,false,true,true,false,Sitelinks,500,73,2.01,,16,,,,9,New,,,,https://legalbet.ro/cazinouri/rotiri-gratuite/,,2026-06-20 21:22:23
bonus casino romania,RO,Romania,English,Romania (Location),false,false,false,true,true,false,,150,74,1.65,0,16,16,,25,4,21,,https://legalbet.ro/cazinouri/bonusuri/bonusuri-la-inregistrare/,,https://legalbet.ro/cazinouri/,2024-06-20 01:40:39,2026-06-16 19:51:58
aplicatie gets bet,RO,Romania,Romanian,GetsBet (Organization),true,false,false,true,true,true,Sitelinks,150,38,0.78,10,16,6,,6,4,2,,https://legalbet.ro/scoala-pariurilor/aplicatie-gets-bet/,,https://legalbet.ro/case-de-pariuri-licentiate/gets-bet/aplicatie/,2024-06-11 01:27:36,2026-06-08 12:06:55
las vegas casinos,RO,Romania,English,Las Vegas (Location),false,true,false,true,false,false,"People also ask, Thumbnail, Knowledge panel, Top stories",150,77,0.74,,16,,,,4,New,,,,https://legalbet.ro/cazinouri/las-vegas/,,2026-06-18 23:13:18
case pariuri online romania,RO,Romania,Romanian,Romania (Location),false,true,false,true,true,false,Sitelinks,150,73,6.27,12,16,4,,5,5,,,https://legalbet.ro/case-de-pariuri-licentiate/,,https://legalbet.ro/case-de-pariuri-licentiate/,2024-06-12 10:41:49,2026-06-27 00:23:05
casino fortuna,RO,Romania,Romanian,Fortuna Casino (Organization),true,false,false,true,true,false,"Sitelinks, Thumbnail, Video preview, Image pack",1600,22,0.12,16,,,,14,,Lost,,https://legalbet.ro/feedback/fortuna/,,,2024-06-23 23:41:35,
scanare bilet gets bet,RO,Romania,Romanian,GetsBet (Organization),true,false,true,true,false,false,Video preview,700,48,1.08,15,16,1,,9,10,-1,,https://legalbet.ro/scoala-pariurilor/getsbet-verificare-bilet-online/,,https://legalbet.ro/scoala-pariurilor/getsbet-verificare-bilet-online/,2024-06-19 21:27:26,2026-06-24 14:15:43
download superbet,RO,Romania,English,Superbet (Product),true,false,false,false,true,true,Video preview,1800,60,1.55,3,16,13,,21,14,7,,https://legalbet.ro/scoala-pariurilor/superbet-aplicatie-ghid-complet-pentru-pariuri-de-pe-mobil/,,https://legalbet.ro/case-de-pariuri-licentiate/superbet/aplicatie/,2024-06-26 19:07:15,2026-06-09 11:26:58
las vegas. ro,RO,Romania,Romanian,Las Vegas (Location),false,true,false,true,false,false,Sitelinks,150,40,0.87,3,16,13,,11,3,8,,https://legalbet.ro/feedback/las-vegas/,,https://legalbet.ro/cazinouri/las-vegas/,2024-05-28 02:19:05,2026-06-16 12:04:20
cont winner,RO,Romania,Romanian,Winner (Organization),true,false,true,false,false,false,Sitelinks,150,14,0.70,1,16,15,,14,3,11,,https://legalbet.ro/complaints/winner/,,https://legalbet.ro/complaints/winner/,2024-06-19 02:57:23,2026-06-04 04:47:43
las.vegas casino,RO,Romania,English,Las Vegas (Location),false,true,false,true,true,false,"Sitelinks, Knowledge panel",150,68,,,16,,,,3,New,,,,https://legalbet.ro/cazinouri/las-vegas/,,2026-06-04 03:09:10
888 sports,RO,Romania,English,888sport (Organization),true,false,true,true,true,false,"Thumbnail, Knowledge panel, Image pack, Video preview",250,43,2.06,16,,,,6,,Lost,,https://legalbet.ro/case-de-pariuri/888-sport/,,,2024-06-14 16:05:38,
elite casino,RO,Romania,English,Elite Casino (Organization),true,false,false,true,true,false,"Sitelinks, Video preview",2600,0,0.55,16,,,,17,,Lost,,https://legalbet.ro/cazinouri/elite-slots/,,,2024-06-27 23:55:53,
casă pariurilor,RO,Romania,Romanian,Casa Pariurilor (Organization),true,false,false,true,true,false,Sitelinks,150,16,1.61,2,16,14,,7,3,4,,https://legalbet.ro/feedback/casa-pariurilor/,,https://legalbet.ro/feedback/casa-pariurilor/,2024-06-23 14:37:49,2026-05-17 00:44:23
lista casino online romania,RO,Romania,Romanian,Romania (Location),false,true,false,true,true,false,,150,68,3.00,20,16,-4,,2,3,-1,,https://legalbet.ro/cazinouri/,,https://legalbet.ro/cazinouri/,2024-06-16 22:24:55,2026-06-08 12:15:41
poziții olympique lyon,RO,Romania,Romanian,Olympique Lyon (Organization),true,false,false,true,false,false,"Image pack, Video preview",90,1,,16,,,,2,,Lost,,https://legalbet.ro/centrul-de-pariere/echipe/lyon/,,,2024-06-27 09:55:48,
reclamatii superbet,RO,Romania,Romanian,Superbet (Organization),true,false,false,true,false,false,AI Overview,150,47,0.50,17,16,-2,,3,3,,,https://legalbet.ro/complaints/superbet/,,https://legalbet.ro/complaints/superbet/,2024-06-17 08:39:51,2026-06-08 22:04:58
cazinouri online cu bonus fara depunere,RO,Romania,Romanian,,false,false,false,true,true,false,Sitelinks,300,73,2.65,0,16,16,,44,8,36,,https://legalbet.ro/cazinouri/bonusuri/bonusuri-la-inregistrare/,,https://legalbet.ro/cazinouri/rotiri-gratuite/,2024-06-26 18:11:51,2026-05-27 15:21:22
coduri bonus casino fara depunere,RO,Romania,Romanian,,false,false,false,true,true,false,Sitelinks,150,64,0.96,,16,,,,4,New,,,,https://legalbet.ro/bonus/sets/promotii/,,2026-06-14 17:37:43
care este urmatorul turneu de tenis feminin,RO,Romania,Romanian,,false,false,false,true,false,false,,800,1,0.29,,16,,,,11,New,,,,https://legalbet.ro/alegerea-editorului/calendarul-turneelor-wta-in-2026/,,2026-06-15 01:42:05
cazino bonus,RO,Romania,Romanian,,false,false,false,true,true,false,Local pack,350,74,2.60,0,16,16,,50,7,43,,https://legalbet.ro/bonus/,,https://legalbet.ro/cazinouri/,2024-06-09 00:55:27,2026-06-21 01:40:17
cazinouri bonus fara depunere,RO,Romania,Romanian,,false,false,false,true,true,false,Sitelinks,600,67,2.40,0,16,16,,40,10,30,,https://legalbet.ro/bonus/,,https://legalbet.ro/cazinouri/bonusuri-fara-depunere/,2024-06-17 23:53:41,2026-06-20 03:15:52
verificare bilet online,RO,Romania,Romanian,,false,false,false,true,false,false,Video preview,800,20,0.75,0,16,16,,41,11,30,,https://legalbet.ro/scoala-pariurilor/fortuna-bet-verificare-bilet-online/,,https://legalbet.ro/scoala-pariurilor/verificare-bilet-pariuri/,2024-06-25 11:36:57,2026-06-11 03:01:01
superbet download,RO,Romania,English,Superbet (Product),true,false,false,false,true,true,Video preview,1900,0,1.76,15,,,,15,,Lost,,https://legalbet.ro/scoala-pariurilor/superbet-aplicatie-ghid-complet-pentru-pariuri-de-pe-mobil/,,,2024-06-27 11:37:47,
total casino,RO,Romania,English,Total Casino (Organization),true,false,false,true,true,false,,200,52,1.17,,15,,,,5,New,,,,https://legalbet.ro/cazinouri/totalbet-casino/,,2026-06-22 12:03:43
biletul zilei lavinia,RO,Romania,Romanian,"Lavinia (Person), Daily Ticket (Event)",false,false,false,true,false,false,,600,61,0.31,,15,,,,11,New,,,,https://legalbet.ro/ponturi/ponturile-de-astazi/,,2026-06-21 19:34:16
pronosticuri liga 1,RO,Romania,Romanian,Liga 1 (Event),true,false,false,true,true,false,,100,4,,10,15,6,,4,2,2,,https://legalbet.ro/ponturi/sportul-fotbal/liga-i/,,https://legalbet.ro/ponturi/sportul-fotbal/liga-i/,2024-06-20 13:34:00,2026-05-28 20:32:39
site-uri casino,RO,Romania,Romanian,,false,false,false,true,true,false,,100,80,7.30,8,15,8,,5,2,3,,https://legalbet.ro/cazinouri/,,https://legalbet.ro/cazinouri/,2024-06-17 11:31:22,2026-05-29 16:04:37
poziții sevilla fc vs real madrid,RO,Romania,Romanian,"Sevilla FC (Organization), Real Madrid (Organization)",true,false,false,true,false,false,"Videos, Video preview, Image pack",150,1,,15,,,,4,,Lost,,https://legalbet.ro/centrul-de-pariere/echipe/sevilla/,,,2024-06-12 06:44:15,
jocuri online casino,RO,Romania,Romanian,,false,false,false,true,true,true,"Top ads, Paid sitelinks, Bottom ads",700,82,2.52,0,15,15,,33,10,23,,https://legalbet.ro/cazinouri/,,https://legalbet.ro/cazinouri/,2024-06-18 17:30:27,2026-06-08 09:16:30
meci acum,RO,Romania,Romanian,,false,false,false,true,false,false,"Top stories, Thumbnail",350,62,0.06,36,15,-21,,7,4,3,,https://legalbet.ro/centrul-de-pariere/astazi/,,https://legalbet.ro/centrul-de-pariere/astazi/,2024-06-06 18:14:29,2026-06-12 02:44:49
12xbet ro,RO,Romania,Romanian,12xbet (Organization),true,false,false,true,true,false,Sitelinks,250,1,0.49,,15,,,,6,New,,,,https://legalbet.ro/cazinouri/12xbet-casino/,,2026-06-20 09:57:25
getsbet casino,RO,Romania,English,GetsBet Casino (Organization),true,false,true,true,true,true,,2400,61,0.18,28,15,-13,,15,16,-1,,https://legalbet.ro/feedback/gets-bet/,,https://legalbet.ro/cazinouri/gets-bet/,2024-06-25 12:00:52,2026-06-10 02:53:40
toate meciurile de azi,RO,Romania,Romanian,,false,false,false,true,false,false,,400,59,0.37,2,15,13,,4,3,1,,https://legalbet.ro/centrul-de-pariere/astazi/,,https://legalbet.ro/centrul-de-pariere/astazi/,2024-06-11 02:58:05,2026-06-19 20:07:45
meciuri pariuri sportive,RO,Romania,Romanian,,false,false,true,false,true,true,"Sitelinks, Video preview, Image pack",450,41,0.81,15,,,,10,,Lost,,https://legalbet.ro/centrul-de-pariere/maine/,,,2024-06-26 07:46:27,
meciuri azi champions league,RO,Romania,Romanian,UEFA Champions League (Event),true,false,false,true,false,false,,200,59,1.26,0,15,15,,23,4,19,,https://legalbet.ro/centrul-de-pariere/astazi/,,https://legalbet.ro/centrul-de-pariere/astazi/,2024-05-29 02:09:52,2026-06-18 02:13:00
bonus sport fara depunere,RO,Romania,Romanian,,false,false,false,true,true,false,Sitelinks,150,56,4.32,15,15,0,,3,4,-1,,https://legalbet.ro/bonus/sets/fara-depunere-pariuri/,,https://legalbet.ro/bonus/sets/fara-depunere-pariuri/,2024-06-07 08:35:34,2026-06-12 10:52:23
bonusul de bun venit,RO,Romania,Romanian,,false,false,false,true,true,false,,150,55,5.32,3,15,12,,6,4,2,,https://legalbet.ro/cazinouri/bonusuri/bonusuri-la-inregistrare/,,https://legalbet.ro/cazinouri/bonusuri/bonusuri-la-inregistrare/,2024-06-18 03:40:49,2026-06-04 09:22:17
ce meciuri se joacă azi,RO,Romania,Romanian,,false,false,false,true,false,false,,100,61,0.20,36,15,-21,,2,2,,,https://legalbet.ro/centrul-de-pariere/astazi/,,https://legalbet.ro/centrul-de-pariere/astazi/,2024-06-08 20:07:11,2026-06-01 10:50:05
verificare stanleybet,RO,Romania,Romanian,Stanleybet (Organization),true,false,true,true,false,false,Sitelinks,100,0,0.43,8,15,7,,5,2,3,,https://legalbet.ro/scoala-pariurilor/stanleybet-verificare-bilet-online/,,https://legalbet.ro/scoala-pariurilor/stanleybet-verificare-bilet-online/,2024-06-27 12:49:03,2026-06-11 01:26:48
las vegas online,RO,Romania,English,Las Vegas (Location),false,true,false,true,true,false,Sitelinks,450,73,1.20,0,15,15,,26,4,22,,https://legalbet.ro/feedback/las-vegas/,,https://legalbet.ro/cazinouri/las-vegas/,2024-06-27 09:43:35,2026-06-20 17:38:56
freebet fara depunere,RO,Romania,Romanian,,false,false,false,true,true,false,Sitelinks,150,55,2.27,21,15,-6,,4,4,,,https://legalbet.ro/bonus/sets/fara-depunere-pariuri/,,https://legalbet.ro/bonus/sets/freebet/,2024-06-10 06:18:35,2026-06-05 14:04:20
pariuri casa pariurilor,RO,Romania,Romanian,Casa Pariurilor (Organization),true,false,true,true,true,true,Sitelinks,150,33,0.81,6,15,8,,8,4,4,,https://legalbet.ro/feedback/casa-pariurilor/,,https://legalbet.ro/feedback/casa-pariurilor/,2024-06-23 17:30:40,2026-05-25 10:50:25
totogaming. ro,RO,Romania,,TotoGaming (Organization),true,false,true,true,true,false,"Sitelinks, Video preview, Image pack",200,0,,15,,,,5,,Lost,,https://legalbet.ro/case-de-pariuri/toto-gaming/,,,2024-06-22 16:27:24,
cazinouri cu rotiri gratuite,RO,Romania,Romanian,,false,false,false,true,true,false,"Top ads, Paid sitelinks",400,73,2.07,0,15,15,,83,8,75,,https://legalbet.ro/cazinouri/bonusuri/bonusuri-la-inregistrare/,,https://legalbet.ro/cazinouri/rotiri-gratuite/,2024-06-19 11:57:36,2026-06-10 04:59:42
poziții man city vs west ham,RO,Romania,Romanian,"Manchester City (Organization), West Ham (Organization)",true,false,false,true,false,false,"Video preview, Image pack",100,3,,15,,,,3,,Lost,,https://legalbet.ro/centrul-de-pariere/manchester-city-west-ham-19-05-2024/,,,2024-06-09 03:10:01,
m.gets bet,RO,Romania,,,false,false,true,false,false,false,Sitelinks,150,40,0.75,0,15,15,,37,3,34,,https://legalbet.ro/alegerea-editorului/ponturi-germania-vs-ungaria-cote-la-pariuri-pentru-euro/,,https://legalbet.ro/feedback/gets-bet/,2024-06-15 17:05:08,2026-06-03 09:50:41
oferte power bet,RO,Romania,Romanian,Powerbet (Organization),true,false,false,true,true,false,Sitelinks,250,46,0.67,,15,,,,6,New,,,,https://legalbet.ro/case-de-pariuri/powerbet/,,2026-06-07 15:18:23
las vegas .ro,RO,Romania,Romanian,Las Vegas (Location),false,true,false,true,true,false,Sitelinks,150,48,,0,15,15,,36,3,33,,https://legalbet.ro/feedback/las-vegas/,,https://legalbet.ro/cazinouri/las-vegas/,2024-06-23 09:39:52,2026-06-04 14:29:12
casino romania bonus fara depunere,RO,Romania,Romanian,Romania (Location),false,false,false,true,true,false,,200,72,2.10,0,15,15,,37,5,32,,https://legalbet.ro/bonus/,,https://legalbet.ro/cazinouri/,2024-06-11 04:58:47,2026-06-20 14:12:26
ponturi pariuri champions league,RO,Romania,Romanian,UEFA Champions League (Event),true,false,false,true,true,false,,150,8,,8,15,7,,7,4,3,,https://legalbet.ro/ponturi/sportul-fotbal/champions-league/,,https://legalbet.ro/ponturi/sportul-fotbal/champions-league/,2024-06-25 07:42:44,2026-06-08 02:27:11
agentii de pariuri,RO,Romania,Romanian,,false,false,false,true,true,false,"Local pack, Sitelinks",150,75,7.77,7,14,8,,4,3,1,,https://legalbet.ro/case-de-pariuri-licentiate/,,https://legalbet.ro/case-de-pariuri-licentiate/,2024-05-28 08:55:46,2026-06-15 23:30:29
las vegas rotiri fara depunere,RO,Romania,Romanian,Las Vegas (Location),false,true,false,true,true,false,Sitelinks,200,60,2.13,0,14,14,,36,5,31,,https://legalbet.ro/bonus/las-vegas-casino-111-rotiri-fara-depunere-fara-rulaj/,,https://legalbet.ro/cazinouri/las-vegas/,2024-06-08 07:36:47,2026-06-20 09:38:19
ce inseamna 1x2 la pariuri,RO,Romania,Romanian,,false,false,false,true,false,false,"AI Overview, Thumbnail, Bottom ads",100,0,0.26,26,14,-12,,5,6,-1,,https://legalbet.ro/scoala-pariurilor/pariuri-1x2/,,https://legalbet.ro/scoala-pariurilor/pariuri-1x2/,2024-06-08 03:19:39,2026-06-25 18:39:07
stiri csu craiova 3 minute,RO,Romania,Romanian,"CSU Craiova (Organization), Craiova (Location)",true,true,false,true,false,false,Video preview,3500,1,0.05,,14,,,,18,New,,,,https://legalbet.ro/stiri/62025081-228240-marian-iancu-reactie-dupa-ce-universitatea-craiova/,,2026-06-16 15:44:37
casa. pariurilor,RO,Romania,Romanian,Casa Pariurilor (Organization),true,false,true,true,true,false,"Sitelinks, Local pack",150,22,,17,14,-3,,6,5,1,,https://legalbet.ro/feedback/casa-pariurilor/,,https://legalbet.ro/feedback/casa-pariurilor/,2024-06-21 18:48:38,2026-05-28 17:50:09
poziții beşiktaş,RO,Romania,Romanian,Beşiktaş (Organization),true,false,false,true,false,false,"Video preview, Image pack",100,0,,14,,,,3,,Lost,,https://legalbet.ro/centrul-de-pariere/echipe/besiktas-j-k/,,,2024-06-26 18:19:16,
unibet retragere,RO,Romania,Romanian,Unibet (Organization),true,false,false,true,false,false,"Sitelinks, Video preview, People also ask",100,0,1.82,9,14,5,,5,3,2,,https://legalbet.ro/scoala-pariurilor/casa-de-pariuri-unibet-depuneri-si-retrageri/,,https://legalbet.ro/scoala-pariurilor/casa-de-pariuri-unibet-depuneri-si-retrageri/,2024-06-10 23:11:09,2026-05-21 00:00:05
pariuri baschet,RO,Romania,Romanian,,false,false,true,false,true,true,,300,0,0.67,2,14,12,,11,7,4,,https://legalbet.ro/ponturi/sportul-baschet/,,https://legalbet.ro/ponturi/sportul-baschet/,2024-06-08 14:42:24,2026-06-08 06:05:44
descarca oferta superbet,RO,Romania,Romanian,Superbet (Organization),true,false,false,false,true,true,Sitelinks,1400,66,1.31,0,14,14,,34,14,20,,https://legalbet.ro/scoala-pariurilor/superbet-aplicatie-ghid-complet-pentru-pariuri-de-pe-mobil/,,https://legalbet.ro/case-de-pariuri-licentiate/superbet/aplicatie/,2024-06-27 03:12:42,2026-06-17 17:37:45
jocuri fără depunere,RO,Romania,Romanian,,false,false,false,true,true,false,,350,73,,,14,,,,8,New,,,,https://legalbet.ro/cazinouri/rotiri-gratuite/,,2026-05-26 17:02:26
meciuri romania azi,RO,Romania,Romanian,Romania (Location),false,false,false,true,false,false,,150,59,0.05,11,14,3,,5,4,1,,https://legalbet.ro/centrul-de-pariere/astazi/,,https://legalbet.ro/centrul-de-pariere/astazi/,2024-06-12 17:24:21,2026-06-20 07:49:37
free spins romania,RO,Romania,English,Romania (Location),false,false,false,true,true,false,,100,65,4.10,0,14,14,,20,2,18,,https://legalbet.ro/cazinouri/rotiri-gratuite/,,https://legalbet.ro/cazinouri/rotiri-gratuite/,2024-06-14 04:25:12,2026-06-20 00:17:01
favbet casino,RO,Romania,English,Favbet (Organization),true,false,true,true,true,false,Sitelinks,200,60,1.55,2,14,12,,13,6,7,,https://legalbet.ro/cazinouri/favbet/,,https://legalbet.ro/cazinouri/favbet/,2024-06-09 09:29:35,2026-06-19 05:08:07
hot spins,RO,Romania,English,Hot Spins (Organization),true,false,false,true,true,false,Sitelinks,300,59,0.83,,14,,,,7,New,,,,https://legalbet.ro/cazinouri/hot-spins/,,2026-06-21 06:44:43
casino cu bonus fara depunere,RO,Romania,Romanian,,false,false,false,true,true,false,,900,76,2.18,0,14,14,,73,12,61,,https://legalbet.ro/bonus/sets/fara-depunere-pariuri/,,https://legalbet.ro/cazinouri/rotiri-gratuite/,2024-06-11 21:50:25,2026-06-08 02:48:53
gets bet pariaza in agentii,RO,Romania,Romanian,Get's Bet (Organization),true,false,false,true,true,false,Sitelinks,200,6,1.10,14,,,,5,,Lost,,https://legalbet.ro/scoala-pariurilor/casa-de-pariuri-gets-bet-depuneri-si-retrageri/,,,2024-06-26 20:33:31,
biletul zilei tenis,RO,Romania,Romanian,Daily Ticket (Event),false,false,false,true,false,false,,200,4,0.33,10,14,4,,11,8,3,,https://legalbet.ro/ponturi/sportul-tenis/,,https://legalbet.ro/ponturi/sportul-tenis/,2024-06-09 14:37:03,2026-06-18 22:57:50
cazinouri rotiri gratuite fara depunere,RO,Romania,Romanian,,false,false,false,true,true,false,Sitelinks,300,72,3.87,0,14,14,,96,7,89,,https://legalbet.ro/cazinouri/bonusuri/bonusuri-fara-depunere/,,https://legalbet.ro/cazinouri/rotiri-gratuite/,2024-06-12 04:10:06,2026-05-25 03:25:24
rotiri gratuite fara depunere la inregistrare,RO,Romania,Romanian,,false,false,false,true,true,false,,350,74,3.22,0,14,14,,63,8,55,,https://legalbet.ro/cazinouri/bonusuri/bonusuri-fara-depunere/,,https://legalbet.ro/cazinouri/rotiri-gratuite/,2024-06-23 05:19:42,2026-06-09 15:00:21
calculator cote pariuri,RO,Romania,Romanian,,false,false,false,true,false,false,,150,0,1.81,0,14,14,,37,4,33,,https://legalbet.ro/scoala-pariurilor/tipuri-de-cote/,,https://legalbet.ro/scoala-pariurilor/calculator-pariuri/,2024-06-26 07:54:27,2026-06-24 07:49:31
gets bet verificare bilet live,RO,Romania,Romanian,GetsBet (Organization),true,false,true,true,false,false,"Sitelinks, Video preview",900,55,0.79,0,14,14,,24,12,12,,https://legalbet.ro/scoala-pariurilor/getsbet-verificare-bilet-online/,,https://legalbet.ro/scoala-pariurilor/getsbet-verificare-bilet-online/,2024-06-10 00:33:22,2026-06-05 19:19:51
publicwin bonus fara depunere,RO,Romania,Romanian,PublicWin (Organization),true,false,false,true,true,false,Sitelinks,300,59,0.99,1,14,13,,20,7,13,,https://legalbet.ro/bonus/sets/bonus-publicwin/,,https://legalbet.ro/bonus/,2024-06-21 05:49:00,2026-06-25 02:51:22
scanare bilet total bet,RO,Romania,Romanian,Total Bet (Organization),true,false,false,true,false,false,Sitelinks,200,48,0.91,,14,,,,5,New,,,,https://legalbet.ro/scoala-pariurilor/recenzia-casei-de-pariuri-totalbet/,,2026-05-18 20:30:57
meciurile de astazi,RO,Romania,Romanian,,false,false,false,true,false,false,,200,52,,21,14,-8,,3,5,-2,,https://legalbet.ro/centrul-de-pariere/astazi/,,https://legalbet.ro/centrul-de-pariere/astazi/,2024-06-12 23:34:36,2026-05-25 22:49:58
total bet ro,RO,Romania,Romanian,TotalBet (Organization),true,false,true,false,false,false,Sitelinks,90,43,0.86,31,14,-17,,4,2,2,,https://legalbet.ro/scoala-pariurilor/total-bet/,,https://legalbet.ro/scoala-pariurilor/recenzia-casei-de-pariuri-totalbet/,2024-06-18 23:02:53,2026-06-12 12:17:03
don casino romania,RO,Romania,English,"Don Casino (Organization), Romania (Location)",true,false,true,true,true,true,Sitelinks,100,38,,0,14,13,,24,3,21,,https://legalbet.ro/cazinouri/doncasino/,,https://legalbet.ro/cazinouri/doncasino/,2024-06-17 21:36:57,2026-05-20 02:03:33
poziții real valladolid,RO,Romania,Romanian,Real Valladolid (Organization),true,false,false,true,false,false,,150,4,,14,,,,4,,Lost,,https://legalbet.ro/centrul-de-pariere/echipe/valladolid/,,,2024-06-20 08:36:51,
pronostic fotbal,RO,Romania,Romanian,,false,false,false,true,false,false,"Video preview, Image pack",300,14,0.81,14,,,,9,,Lost,,https://legalbet.ro/ponturi/sportul-fotbal/,,,2024-06-21 19:09:07,
poziții newcastle united vs chelsea,RO,Romania,Romanian,"Newcastle United (Organization), Chelsea (Organization)",true,false,false,true,false,false,"Image pack, Video preview",150,1,,14,,,,5,,Lost,,https://legalbet.ro/centrul-de-pariere/echipe/newcastle/,,,2024-06-27 02:12:38,
bonus pariuri online,RO,Romania,Romanian,,false,false,false,true,true,false,Sitelinks,150,67,9.57,6,14,7,,3,4,-1,,https://legalbet.ro/rating-bonus/,,https://legalbet.ro/rating-bonus/,2024-06-22 16:53:07,2026-06-14 23:41:24
toto casino romania,RO,Romania,Romanian,"TotoGaming (Organization), Romania (Location)",true,false,false,true,true,false,Sitelinks,150,58,1.13,11,14,3,,15,4,11,,https://legalbet.ro/case-de-pariuri/toto-gaming/,,https://legalbet.ro/cazinouri/toto-gaming/,2024-06-26 03:04:11,2026-06-12 17:10:30
bonus fără rulaj,RO,Romania,Romanian,,false,false,false,true,true,false,Sitelinks,200,64,4.33,0,13,13,,18,6,12,,https://legalbet.ro/scoala-de-cazino/bonus-fara-rulaj/,,https://legalbet.ro/cazinouri/bonusuri/fara-rulaj/,2024-06-24 12:18:32,2026-06-20 12:08:49
casa pariurilor bonus fara depunere,RO,Romania,Romanian,,false,false,false,true,true,false,,1200,54,1.60,1,13,13,,28,14,14,,https://legalbet.ro/bonus/casa-pariurilor-bonus-rotiri-gratuite/,,https://legalbet.ro/bonus/casa-pariurilor-casino-400-rotiri-gratuite-fara-depunere-la-verificare/,2024-06-23 07:18:48,2026-06-12 04:09:08
bonusuri pariuri sportive,RO,Romania,Romanian,,false,false,false,true,true,false,Sitelinks,90,64,5.62,13,13,0,,2,2,,,https://legalbet.ro/rating-bonus/,,https://legalbet.ro/rating-bonus/,2024-06-12 08:01:33,2026-06-04 16:42:09
meci seara asta,RO,Romania,Romanian,,false,false,false,true,false,false,,90,61,,13,13,0,,2,2,,,https://legalbet.ro/centrul-de-pariere/astazi/,,https://legalbet.ro/centrul-de-pariere/astazi/,2024-06-10 22:25:30,2026-06-04 18:58:16
poziții ac milan vs lazio,RO,Romania,Romanian,"AC Milan (Organization), Lazio (Organization)",true,false,false,true,false,false,"Image pack, Video preview",150,1,,13,,,,5,,Lost,,https://legalbet.ro/centrul-de-pariere/echipe/latcio/,,,2024-06-19 12:26:40,
retragere unibet,RO,Romania,Romanian,Unibet (Organization),true,false,false,true,false,false,"Sitelinks, Video preview",150,0,1.77,7,13,6,,7,4,3,,https://legalbet.ro/scoala-pariurilor/casa-de-pariuri-unibet-depuneri-si-retrageri/,,https://legalbet.ro/scoala-pariurilor/casa-de-pariuri-unibet-depuneri-si-retrageri/,2024-06-07 20:55:32,2026-06-25 14:05:17
bonus de bun venit casino,RO,Romania,Romanian,,false,false,false,true,true,false,,150,68,5.75,4,13,9,,6,5,1,,https://legalbet.ro/cazinouri/bonusuri/bonusuri-la-inregistrare/,,https://legalbet.ro/cazinouri/bonusuri/bonusuri-la-inregistrare/,2024-06-09 14:50:04,2026-06-26 15:25:06
bonusuri case pariuri,RO,Romania,Romanian,,false,false,false,true,true,false,Sitelinks,90,57,4.32,13,13,0,,2,2,,,https://legalbet.ro/rating-bonus/,,https://legalbet.ro/rating-bonus/,2024-06-23 13:30:26,2026-06-14 20:55:05
poziții aston villa vs arsenal,RO,Romania,Romanian,"Aston Villa (Organization), Arsenal (Organization)",true,false,false,true,false,false,"Videos, Image pack",200,2,,13,,,,7,,Lost,,https://legalbet.ro/centrul-de-pariere/arsenal-aston-villa-13-04-2024/,,,2024-06-17 17:13:07,
baumbet bilet,RO,Romania,Romanian,Baum.bet (Organization),true,false,true,true,false,false,Sitelinks,200,39,0.72,4,13,9,,7,4,3,,https://legalbet.ro/bonus/baumbet-bonus-dublu-pentru-un-bilet-format-din-15-meciuri/,,https://legalbet.ro/scoala-pariurilor/casa-de-pariuri-baumbet-depuneri-i-retrageri/,2024-06-18 16:40:33,2026-05-21 07:32:49
casino conti,RO,Romania,Romanian,Conti Casino (Organization),true,false,false,true,true,false,Sitelinks,150,53,1.58,0,13,13,,30,5,25,,https://legalbet.ro/bonus/bonus-de-bun-venit-conti-cazino/,,https://legalbet.ro/cazinouri/conti-cazino/,2024-06-16 13:12:41,2026-05-15 15:34:47
poziții man city,RO,Romania,Romanian,Manchester City (Organization),true,false,false,true,false,false,"Image pack, Video preview",350,1,,13,,,,11,,Lost,,https://legalbet.ro/centrul-de-pariere/echipe/manchester-city/,,,2024-06-27 03:48:08,
yoji casino romania,RO,Romania,English,"Yoji Casino (Organization), Romania (Location)",true,false,false,true,true,false,Video preview,150,56,1.23,1,13,12,,18,5,13,,https://legalbet.ro/cazinouri/yoji/,,https://legalbet.ro/cazinouri/yoji/,2024-06-10 19:08:11,2026-06-09 05:40:19
million casino 50 rotiri gratuite fara depunere,RO,Romania,Romanian,Million Casino (Organization),true,false,true,true,true,true,,200,59,0.92,3,13,10,,11,6,5,,https://legalbet.ro/bonus/million-cazino-200-de-runde-gratuite-la-verificarea-contului/,,https://legalbet.ro/bonus/million-cazino-200-de-runde-gratuite-la-verificarea-contului/,2024-06-21 22:05:13,2026-06-18 05:02:34
frank sport,RO,Romania,,Frank (Person),false,false,false,true,true,false,Sitelinks,150,0,1.98,11,13,2,,7,4,3,,https://legalbet.ro/case-de-pariuri/frank-sport/,,https://legalbet.ro/feedback/frank-sport/,2024-06-07 17:55:32,2026-06-10 15:56:36
meciuri diseara,RO,Romania,Romanian,,false,false,false,true,false,false,,90,59,0.07,32,13,-19,,1,2,-1,,https://legalbet.ro/centrul-de-pariere/astazi/,,https://legalbet.ro/centrul-de-pariere/astazi/,2024-06-26 07:54:44,2026-06-17 06:19:59
cazinouri online straine,RO,Romania,Romanian,,false,false,false,true,true,false,Sitelinks,250,23,0.81,0,13,13,,71,7,64,,https://legalbet.ro/centrul-de-pariere/astazi/,,https://legalbet.ro/cazinouri/sets/straine/,2024-06-27 00:09:51,2026-05-14 14:32:36
winbet bonus,RO,Romania,English,Winbet (Organization),true,false,false,true,true,false,Sitelinks,800,65,0.56,0,13,13,,40,12,28,,https://legalbet.ro/bonus/sets/bonus-winbet/,,https://legalbet.ro/bonus/sets/bonus-winbet/,2024-06-23 13:37:11,2026-06-20 00:26:48
meciuri din campionatul european de fotbal,RO,Romania,Romanian,UEFA European Championship (Event),true,false,false,true,false,false,"Top stories, Thumbnail, Video preview, Image pack",809000,4,0.22,13,,,,43,,Lost,,https://legalbet.ro/centrul-de-pariere/turnee/uefa-euro/,,,2024-06-26 01:02:05,
eldorado casino bonus fara depunere,RO,Romania,Romanian,Eldorado Casino (Organization),true,false,false,true,true,false,,150,46,0.95,0,13,12,,23,5,18,,https://legalbet.ro/cazinouri/eldorado/,,https://legalbet.ro/cazinouri/eldorado/,2024-06-15 04:44:24,2026-05-21 04:32:40
meciuri tv azi,RO,Romania,Romanian,,false,false,false,true,false,false,,400,59,0.62,,13,,,,9,New,,,,https://legalbet.ro/centrul-de-pariere/astazi/,,2026-06-11 08:20:01
pariuri sportive ponturi,RO,Romania,Romanian,,false,false,false,true,false,false,,200,57,0.65,2,13,11,,11,6,5,,https://legalbet.ro/ponturi/,,https://legalbet.ro/ponturi/,2024-06-22 19:27:20,2026-05-21 13:18:09
ponturi fotbal gratis,RO,Romania,Romanian,,false,false,false,true,false,false,,150,58,0.26,34,13,-22,,4,7,-3,,https://legalbet.ro/ponturi/sportul-fotbal/,,https://legalbet.ro/ponturi/sportul-fotbal/,2024-06-13 01:12:47,2026-06-10 01:57:32
poziții ogc nice,RO,Romania,Romanian,OGC Nice (Organization),true,false,false,true,false,false,Image pack,150,1,,13,,,,4,,Lost,,https://legalbet.ro/centrul-de-pariere/echipe/strasbourg/,,,2024-06-25 03:00:03,
casino bonus,RO,Romania,English,,false,false,false,true,true,false,Sitelinks,4800,75,2.60,0,13,13,,34,16,18,,https://legalbet.ro/cazinouri/bonusuri/bonusuri-la-inregistrare/,,https://legalbet.ro/bonus/,2024-06-27 23:51:00,2026-06-15 04:36:19
casino with bonus,RO,Romania,English,,false,false,false,true,true,false,Top ads,150,80,4.61,0,12,12,,34,4,30,,https://legalbet.ro/cazinouri/bonusuri/bonusuri-la-inregistrare/,,https://legalbet.ro/cazinouri/bonusuri/bonusuri-la-inregistrare/,2024-06-18 08:10:18,2026-05-27 02:04:55
eldorado casino online,RO,Romania,English,Eldorado Casino (Organization),true,false,false,true,true,false,,90,55,1.88,8,12,4,,4,2,2,,https://legalbet.ro/cazinouri/eldorado/,,https://legalbet.ro/cazinouri/eldorado/,2024-06-22 15:30:17,2026-06-14 11:57:46
meciuri în seara asta,RO,Romania,Romanian,,false,false,false,true,false,false,,100,57,0.08,16,12,-3,,2,3,-1,,https://legalbet.ro/centrul-de-pariere/astazi/,,https://legalbet.ro/centrul-de-pariere/astazi/,2024-06-17 02:02:16,2026-05-25 22:02:34
getsbet verificare bilet,RO,Romania,Romanian,GetSbet (Organization),true,false,true,true,false,false,Sitelinks,150,26,0.70,2,12,10,,9,5,4,,https://legalbet.ro/scoala-pariurilor/getsbet-verificare-bilet-online/,,https://legalbet.ro/scoala-pariurilor/getsbet-verificare-bilet-online/,2024-06-20 02:05:57,2026-05-18 19:39:07
gets bet casino,RO,Romania,English,GetsBet Casino (Organization),true,false,false,true,true,false,"Sitelinks, Image pack, Video preview",2800,7,0.18,12,,,,18,,Lost,,https://legalbet.ro/bonus/gets-bet-casino-200-de-rotiri-gratuite-la-verificarea-contului/,,,2024-06-27 11:57:14,
pacanele rotiri gratuite fara depunere,RO,Romania,Romanian,,false,false,false,true,true,false,,250,68,2.51,,12,,,,7,New,,,,https://legalbet.ro/cazinouri/rotiri-gratuite/,,2026-05-26 18:35:51
poziții șahtior donețk,RO,Romania,Romanian,Shakhtar Donetsk (Organization),true,false,false,true,false,false,"Knowledge panel, Video preview",100,0,,12,,,,3,,Lost,,https://legalbet.ro/centrul-de-pariere/echipe/shakhtar-donetsk/,,,2024-06-24 14:25:26,
yoji casino bonus fara depunere,RO,Romania,Romanian,Yoji Casino (Organization),true,false,false,true,true,false,,150,56,0.93,14,12,-2,,5,4,1,,https://legalbet.ro/bonus/yoji-casino-50-de-rotiri-gratuite-la-verificarea-contului/,,https://legalbet.ro/cazinouri/yoji/,2024-06-27 15:46:36,2026-05-28 06:23:00
siteuri pariuri,RO,Romania,Romanian,,false,false,false,true,true,false,,150,75,8.15,13,12,-1,,3,5,-2,,https://legalbet.ro/case-de-pariuri-licentiate/,,https://legalbet.ro/case-de-pariuri-licentiate/,2024-06-10 09:16:45,2026-06-07 06:02:42
ce inseamna sub 3.5 goluri,RO,Romania,Romanian,,false,false,false,true,false,false,AI Overview,100,0,,0,12,12,,53,3,50,,https://legalbet.ro/scoala-pariurilor/cum-pariem-pe-suturi-pe-poarta-la-fotbal/,,https://legalbet.ro/scoala-pariurilor/total-goluri-peste-sub-3-5/,2024-06-20 17:07:04,2026-05-27 20:21:32
poziții primeira liga,RO,Romania,Romanian,Primeira Liga (Event),true,false,false,true,false,false,Image pack,100,0,,12,,,,5,,Lost,,https://legalbet.ro/centrul-de-pariere/echipe/sporting-cp/,,,2024-06-26 05:06:24,
888 casino 25 lei,RO,Romania,Romanian,888 Casino (Organization),true,false,false,true,true,false,,800,60,,22,12,-10,,6,12,-6,,https://legalbet.ro/bonus/888-cazino-25-lei-bonus-fr-depunere-la-inregistrare/,,https://legalbet.ro/bonus/888-cazino-25-lei-bonus-fr-depunere-la-inregistrare/,2024-06-25 23:32:58,2026-06-18 03:54:35
meciuri de fotbal astazi,RO,Romania,Romanian,,false,false,false,true,false,false,,100,56,,8,12,4,,5,3,2,,https://legalbet.ro/centrul-de-pariere/astazi/,,https://legalbet.ro/centrul-de-pariere/astazi/,2024-06-22 04:16:07,2026-05-23 14:23:42
meciuri maine superbet,RO,Romania,Romanian,Superbet (Organization),true,false,false,true,true,false,Sitelinks,80,30,0.39,3,12,9,,8,2,6,,https://legalbet.ro/centrul-de-pariere/maine/,,https://legalbet.ro/centrul-de-pariere/maine/,2024-06-10 09:40:08,2026-06-06 04:15:31
agentii winner,RO,Romania,Romanian,Winner (Organization),true,false,false,true,true,false,"Local pack, Sitelinks",150,37,0.72,0,12,12,,30,5,25,,https://legalbet.ro/complaints/winner/,,https://legalbet.ro/feedback/winner/,2024-06-09 20:45:34,2026-06-11 00:00:10
meciuri fotbal astazi,RO,Romania,Romanian,,false,false,false,true,false,false,,150,60,0.07,8,12,4,,6,4,2,,https://legalbet.ro/centrul-de-pariere/astazi/,,https://legalbet.ro/centrul-de-pariere/astazi/,2024-06-06 23:06:46,2026-06-10 23:18:13
slot online romania,RO,Romania,Romanian,Romania (Location),false,true,false,true,true,false,,150,81,11.02,3,12,9,,11,4,7,,https://legalbet.ro/cazinouri/,,https://legalbet.ro/cazinouri/,2024-06-11 21:23:21,2026-06-17 17:52:29
free bet,RO,Romania,English,,false,false,false,true,true,false,Sitelinks,200,60,2.99,18,12,-6,,5,6,-1,,https://legalbet.ro/bonus/sets/freebet/,,https://legalbet.ro/bonus/sets/freebet/,2024-06-13 02:38:02,2026-06-17 23:13:00
bonusuri fara depunere pariuri,RO,Romania,Romanian,,false,false,false,true,true,false,Sitelinks,200,63,7.27,24,12,-13,,3,6,-3,,https://legalbet.ro/bonus/sets/fara-depunere-pariuri/,,https://legalbet.ro/bonus/sets/fara-depunere-pariuri/,2024-06-15 03:47:26,2026-06-10 15:17:37
bonus bun venit betano,RO,Romania,Romanian,Betano (Organization),true,false,false,true,true,false,Sitelinks,200,49,2.51,1,12,11,,20,6,14,,https://legalbet.ro/bonus/betano-bonus-pentru-clienti-noi-100-pna-la-500-ron-la-prima-depunere/,,https://legalbet.ro/bonus/betano-bonus-pentru-clienti-noi-100-pna-la-500-ron-la-prima-depunere/,2024-06-19 19:47:32,2026-06-02 09:48:27
gets bet pariuri sportive,RO,Romania,Romanian,Get's Bet (Organization),true,false,true,true,true,true,Sitelinks,4500,57,0.99,0,12,12,,41,20,21,,https://legalbet.ro/centrul-de-pariere/maine/,,https://legalbet.ro/case-de-pariuri/gets-bet/,2024-06-26 15:17:38,2026-06-17 20:50:19
get. bet,RO,Romania,English,Get's Bet (Organization),true,false,true,true,true,false,"Sitelinks, Video preview",100,9,0.55,2,12,10,,11,3,8,,https://legalbet.ro/case-de-pariuri/gets-bet/,,https://legalbet.ro/feedback/gets-bet/,2024-06-15 12:23:18,2026-06-01 23:00:14
mozzart pariuri cote,RO,Romania,Romanian,Mozzart Bet (Organization),true,false,false,true,true,false,Featured snippet,100,26,0.53,1,12,10,,13,3,10,,https://legalbet.ro/feedback/mozzart/,,https://legalbet.ro/feedback/mozzart/,2024-06-26 18:44:28,2026-06-20 05:16:24
ce inseamna peste 3.5 goluri,RO,Romania,Romanian,,false,false,false,true,false,false,AI Overview,100,0,,0,12,12,,44,4,40,,https://legalbet.ro/scoala-pariurilor/cum-pariem-pe-suturi-pe-poarta-la-fotbal/,,https://legalbet.ro/scoala-pariurilor/total-goluri-peste-sub-3-5/,2024-06-26 22:16:46,2026-06-26 00:34:50
meciurile de azi fotbal,RO,Romania,Romanian,,false,false,false,true,false,false,,100,62,0.20,6,12,6,,6,3,3,,https://legalbet.ro/centrul-de-pariere/astazi/,,https://legalbet.ro/centrul-de-pariere/astazi/,2024-06-18 15:20:07,2026-05-29 23:18:41
case de pariuri legale ro,RO,Romania,Romanian,,false,true,false,true,true,false,Sitelinks,80,40,,8,12,4,,4,2,2,,https://legalbet.ro/case-de-pariuri-licentiate/,,https://legalbet.ro/case-de-pariuri-licentiate/,2024-06-13 15:26:27,2026-06-08 00:28:00
cazinouri online romania cu bonus fara depunere,RO,Romania,Romanian,Romania (Location),false,false,false,true,true,false,,80,77,4.22,0,12,12,,33,2,31,,https://legalbet.ro/cazinouri/bonusuri/bonusuri-la-inregistrare/,,https://legalbet.ro/cazinouri/,2024-06-15 23:27:38,2026-05-28 14:19:19
pariuri sportive online romania,RO,Romania,Romanian,Romania (Location),false,false,false,true,true,true,,250,81,11.08,15,12,-3,,7,9,-2,,https://legalbet.ro/case-de-pariuri-licentiate/,,https://legalbet.ro/case-de-pariuri-licentiate/,2024-06-25 09:50:25,2026-06-04 03:25:04
luck pariuri,RO,Romania,Romanian,,false,false,false,true,true,false,"Sitelinks, Video preview, Image pack",200,0,1.93,12,,,,6,,Lost,,https://legalbet.ro/case-de-pariuri/luck-com/,,,2024-06-24 17:40:47,
aplicatie pariuri sportive,RO,Romania,Romanian,,false,false,false,true,true,false,,200,46,4.37,15,12,-3,,5,6,-1,,https://legalbet.ro/case-de-pariuri-optimizate-pentru-mobil/,,https://legalbet.ro/aplicatii-pariuri-sportive/,2024-06-26 21:53:57,2026-06-16 08:22:51
stanleybet rotiri gratuite,RO,Romania,Romanian,Stanleybet (Organization),true,false,false,true,true,false,Sitelinks,700,52,0.97,17,12,-5,,9,12,-3,,https://legalbet.ro/bonus/stanleybet-cazino-120-de-rotiri-fara-depunere/,,https://legalbet.ro/bonus/stanleybet-pariu-gratuit-fara-depunere-50-lei/,2024-06-24 21:24:00,2026-06-20 05:46:02
poziții fenerbahçe,RO,Romania,Romanian,Fenerbahçe (Organization),true,false,false,true,false,false,"Image pack, Video preview",200,0,,12,,,,6,,Lost,,https://legalbet.ro/centrul-de-pariere/echipe/fenerbahce/,,,2024-06-26 14:50:43,
ghet bet,RO,Romania,Romanian,GetsBet (Organization),true,false,true,true,true,false,"Sitelinks, Video preview",100,31,1.32,2,11,10,,12,3,9,,https://legalbet.ro/bonus/getsbet-sport-40-de-lei-freebet-la-verificarea-contului/,,https://legalbet.ro/feedback/gets-bet/,2024-06-17 12:33:17,2026-06-03 15:01:06
top 10 casino online,RO,Romania,English,,false,false,false,true,true,true,,250,35,6.56,11,,,,7,,Lost,,https://legalbet.ro/cazinouri/,,,2024-06-13 06:16:42,
vladislav blănuță,RO,Romania,Romanian,Vladislav Blănuță (Person),false,false,false,true,false,false,"Top stories, Thumbnail, Knowledge panel, Image pack, Video preview",21000,1,,,11,,,,27,New,,,,https://legalbet.ro/stiri/62025072-242897-vladislav-blanuta-isi-va-decide-viitorul-la-dinamo/,,2026-06-15 11:10:45
poziții sepsi,RO,Romania,Romanian,Sepsi (Organization),true,false,false,true,false,false,"Video preview, Image pack",100,0,,11,,,,3,,Lost,,https://legalbet.ro/centrul-de-pariere/echipe/sepsi-osk-sfantu-gheorghe/,,,2024-06-26 00:19:03,
netbet depunere minima,RO,Romania,Romanian,NetBet (Organization),true,false,false,true,false,false,,100,0,,11,11,0,,3,3,,,https://legalbet.ro/scoala-pariurilor/casa-de-pariuri-netbet-depuneri-si-retrageri/,,https://legalbet.ro/scoala-pariurilor/casa-de-pariuri-netbet-depuneri-si-retrageri/,2024-06-26 02:49:14,2026-05-28 08:20:36
total. bet,RO,Romania,Romanian,Totalbet (Organization),true,false,true,true,true,false,Sitelinks,100,47,,2,11,9,,11,3,8,,https://legalbet.ro/scoala-pariurilor/recenzia-casei-de-pariuri-totalbet/,,https://legalbet.ro/scoala-pariurilor/recenzia-casei-de-pariuri-totalbet/,2024-06-14 14:24:57,2026-05-26 07:34:38
pariuri sportive romania,RO,Romania,Romanian,Romania (Location),false,false,false,true,true,false,Sitelinks,500,81,6.52,3,11,9,,14,10,4,,https://legalbet.ro/case-de-pariuri-licentiate/,,https://legalbet.ro/case-de-pariuri-licentiate/,2024-06-12 11:39:32,2026-06-16 01:05:46
verificare bilet fortuna bet,RO,Romania,Romanian,Fortuna (Organization),true,false,false,true,false,false,,100,60,0.25,0,11,11,,21,4,17,,https://legalbet.ro/scoala-pariurilor/fortuna-bet-verificare-bilet-online/,,https://legalbet.ro/scoala-pariurilor/fortuna-bet-verificare-bilet-online/,2024-06-08 05:13:35,2026-05-26 10:37:47
stanleybet bonus fara depunere,RO,Romania,Romanian,Stanleybet (Organization),true,false,false,true,true,false,"Image pack, Video preview",350,0,1.25,11,,,,9,,Lost,,https://legalbet.ro/bonus/stanleybet-cazino-120-de-rotiri-fara-depunere/,,,2024-06-22 14:12:06,
casa pariuri online,RO,Romania,Romanian,Casa Pariurilor (Organization),true,false,false,true,true,false,Sitelinks,100,69,5.91,1,11,11,,9,4,5,,https://legalbet.ro/case-de-pariuri-licentiate/,,https://legalbet.ro/case-de-pariuri-licentiate/,2024-06-08 11:06:22,2026-06-08 12:32:27
verificare bilet fortuna cod,RO,Romania,Romanian,Fortuna (Organization),true,false,false,true,false,false,"Featured snippet, Video preview",100,26,0.43,2,11,9,,12,4,8,,https://legalbet.ro/scoala-pariurilor/fortuna-bet-verificare-bilet-online/,,https://legalbet.ro/scoala-pariurilor/fortuna-bet-verificare-bilet-online/,2024-06-22 10:32:03,2026-06-02 10:00:51
baumbet casino,RO,Romania,Romanian,Baumbet (Organization),true,false,true,true,true,false,"Sitelinks, Knowledge panel",200,61,1.42,2,11,10,,15,6,9,,https://legalbet.ro/cazinouri/baumbet/,,https://legalbet.ro/scoala-pariurilor/casa-de-pariuri-baumbet-depuneri-i-retrageri/,2024-06-08 15:53:42,2026-06-06 02:45:14
ponturi bune.ro,RO,Romania,Romanian,,false,false,false,true,false,false,,150,62,1.18,0,11,11,,10,5,5,,https://legalbet.ro/ponturi/,,https://legalbet.ro/ponturi/,2024-06-19 02:25:08,2026-06-16 12:53:49
meciuri euro 2024,RO,Romania,Romanian,UEFA Euro 2024 (Event),true,false,false,true,false,false,"Knowledge panel, Top stories, Thumbnail, Videos, Video preview",716000,2,,11,,,,43,,Lost,,https://legalbet.ro/centrul-de-pariere/turnee/uefa-euro/,,,2024-06-27 03:57:26,
ce inseamna sub 4.5 goluri,RO,Romania,Romanian,,false,false,false,true,false,false,"AI Overview, Thumbnail, People also ask",150,0,,0,11,11,,26,6,20,,https://legalbet.ro/scoala-pariurilor/cum-pariem-pe-suturi-pe-poarta-la-fotbal/,,https://legalbet.ro/scoala-pariurilor/total-goluri-peste-sub-0-5/,2024-06-24 16:44:09,2026-06-07 19:48:49
poziții torino fc,RO,Romania,Romanian,Torino FC (Organization),true,false,false,true,false,false,Image pack,150,2,,11,,,,6,,Lost,,https://legalbet.ro/centrul-de-pariere/echipe/torino/,,,2024-06-17 20:59:10,
cote pariuri sportive azi,RO,Romania,Romanian,,false,false,false,true,true,true,,250,64,2.13,2,11,9,,4,7,-3,,https://legalbet.ro/centrul-de-pariere/,,https://legalbet.ro/ponturi/ponturile-de-astazi/,2024-06-09 16:27:40,2026-06-21 23:10:20
poziții lazio,RO,Romania,Romanian,SS Lazio (Organization),true,false,false,true,false,false,"Image pack, Video preview",80,1,,11,,,,3,,Lost,,https://legalbet.ro/centrul-de-pariere/echipe/latcio/,,,2024-06-27 06:22:58,
casa pariurile,RO,Romania,Romanian,Casa Pariurilor (Organization),true,false,false,true,true,false,Sitelinks,150,22,1.81,0,11,11,,19,4,15,,https://legalbet.ro/feedback/casa-pariurilor/,,https://legalbet.ro/feedback/casa-pariurilor/,2024-06-12 03:20:24,2026-06-07 21:50:29
pariuri formula 1,RO,Romania,Romanian,Formula 1 (Event),true,false,true,false,true,true,"Image pack, Video preview",200,0,0.82,11,,,,9,,Lost,,https://legalbet.ro/case-de-pariuri/sets/case-de-pariuri-f1/,,,2024-06-12 12:48:07,
rotiri gratuite fara depunere instant,RO,Romania,Romanian,,false,false,false,true,true,false,Sitelinks,200,73,3.27,0,11,11,,77,6,71,,https://legalbet.ro/cazinouri/bonusuri/bonusuri-fara-depunere/,,https://legalbet.ro/cazinouri/rotiri-gratuite/,2024-06-14 05:54:35,2026-06-07 05:34:57
fotbal azi la tv romania,RO,Romania,Romanian,Romania (Location),false,false,false,true,false,false,,200,57,,0,11,11,,97,6,91,,https://legalbet.ro/centrul-de-pariere/astazi/,,https://legalbet.ro/centrul-de-pariere/astazi/,2024-06-13 08:18:34,2026-05-29 01:40:08
casino fără depunere,RO,Romania,Romanian,,false,false,false,true,true,false,,450,74,1.96,0,11,11,,82,10,72,,https://legalbet.ro/cazinouri/bonusuri/bonusuri-fara-depunere/,,https://legalbet.ro/cazinouri/rotiri-gratuite/,2024-06-23 19:44:42,2026-06-11 08:46:34
cel mai sigur site de predictii fotbal,RO,Romania,Romanian,,false,false,false,true,false,false,,250,49,,0,11,11,,36,7,29,,https://legalbet.ro/ponturi/ponturile-de-astazi/,,https://legalbet.ro/ponturi/sportul-fotbal/,2024-06-08 21:58:54,2026-06-08 01:17:16
case pariuri bonus fara depunere,RO,Romania,Romanian,,false,false,false,true,true,false,Sitelinks,80,56,3.97,12,11,-1,,4,2,2,,https://legalbet.ro/bonus/sets/fara-depunere-pariuri/,,https://legalbet.ro/bonus/sets/fara-depunere-pariuri/,2024-06-06 15:02:11,2026-05-25 11:46:16
gets bets fotbal,RO,Romania,Romanian,Get's Bet (Organization),true,false,false,true,true,false,"Sitelinks, Video preview",350,48,,1,11,10,,19,9,10,,https://legalbet.ro/bonus/gets-bet-bonus-de-bun-venit-de-pana-la-600-de-lei/,,https://legalbet.ro/case-de-pariuri/gets-bet/,2024-06-26 16:47:09,2026-06-16 12:46:28
ce inseamna sub 2.5 goluri,RO,Romania,Romanian,,false,false,false,true,false,false,"AI Overview, Thumbnail, People also ask",150,0,0.11,0,11,11,,70,1,69,,https://legalbet.ro/alegerea-editorului/ce-este-contra-la-pariuri-si-cand-trebuie-sa-o-folosim/,AI Overview,https://legalbet.ro/scoala-pariurilor/total-goluri-peste-sub-2-5/,2024-06-18 13:07:49,2026-06-03 05:48:04
cazinouri online cu rotiri gratuite,RO,Romania,Romanian,,false,false,false,true,true,false,"Top ads, Paid sitelinks",150,77,2.82,0,11,11,,74,5,69,,https://legalbet.ro/cazinouri/,,https://legalbet.ro/cazinouri/rotiri-gratuite/,2024-06-20 03:41:37,2026-05-15 05:49:02
power bet.ro,RO,Romania,Romanian,Powerbet (Organization),true,false,true,true,false,false,Sitelinks,150,32,0.57,,11,,,,5,New,,,,https://legalbet.ro/case-de-pariuri/powerbet/,,2026-05-25 17:00:52
aplicatie maxbet,RO,Romania,Romanian,Maxbet (Organization),true,false,false,false,true,true,Knowledge panel,150,0,,11,,,,5,,Lost,,https://legalbet.ro/scoala-pariurilor/aplicatie-maxbet/,,,2024-06-13 18:58:25,
yoji bonus fara depunere,RO,Romania,Romanian,Yoji Casino (Organization),true,false,false,true,true,false,Sitelinks,100,56,,3,11,8,,5,4,1,,https://legalbet.ro/bonus/yoji-casino-50-de-rotiri-gratuite-la-verificarea-contului/,,https://legalbet.ro/cazinouri/yoji/,2024-06-18 12:36:59,2026-06-09 08:20:06
bonusuri fara rulaj,RO,Romania,Romanian,,false,false,false,true,true,false,Sitelinks,200,65,2.36,0,11,11,,22,6,16,,https://legalbet.ro/scoala-de-cazino/bonus-fara-rulaj/,,https://legalbet.ro/cazinouri/bonusuri/fara-rulaj/,2024-06-27 18:31:45,2026-06-01 17:29:27
site pariuri sportive,RO,Romania,Romanian,,false,false,false,true,true,false,Sitelinks,200,78,13.64,9,11,1,,5,7,-2,,https://legalbet.ro/case-de-pariuri-licentiate/,,https://legalbet.ro/case-de-pariuri-licentiate/,2024-06-09 01:32:40,2026-06-06 04:28:19
poziții real madrid,RO,Romania,Romanian,Real Madrid (Organization),true,false,false,true,false,false,"Knowledge panel, Videos, Video preview",350,1,,11,,,,9,,Lost,,https://legalbet.ro/centrul-de-pariere/echipe/real-madrid/,,,2024-06-27 04:30:19,
players casino,RO,Romania,English,,false,false,false,true,true,true,Knowledge panel,200,51,0.69,0,11,10,,23,6,17,,https://legalbet.ro/alegerea-editorului/player-casino-ce-promotii-ai-cum-le-obtii-si-cum-le/,,https://legalbet.ro/cazinouri/player/,2024-06-27 11:29:28,2026-05-18 10:13:20
m casa pariurilor,RO,Romania,Romanian,Casa Pariurilor (Organization),true,false,true,true,false,false,"Sitelinks, Image pack, Video preview",100,11,0.77,11,,,,4,,Lost,,https://legalbet.ro/feedback/casa-pariurilor/,,,2024-06-22 10:25:41,
roata casino,RO,Romania,Romanian,Wheel of Fortune (Event),false,false,false,true,true,false,,300,55,0.34,0,11,11,,35,8,27,,https://legalbet.ro/cazinouri/sets/cazinouri-cu-roata-norocului-online-gratis/,,https://legalbet.ro/cazinouri/sets/roata-norocului/,2024-06-22 04:50:47,2026-06-27 04:36:30
faradepunere,RO,Romania,Romanian,,false,false,false,true,true,false,,300,72,2.20,0,11,11,,74,8,66,,https://legalbet.ro/bonus/sets/fara-depunere-pariuri/,,https://legalbet.ro/cazinouri/rotiri-gratuite/,2024-06-19 20:41:27,2026-06-02 21:35:05
cele mai bune cote la pariuri,RO,Romania,Romanian,,false,false,false,true,true,false,Sitelinks,90,44,0.91,43,11,-32,,1,3,-2,,https://legalbet.ro/rating-cote/,,https://legalbet.ro/rating-cote/,2024-06-11 05:19:33,2026-06-12 01:28:39
meciuri azi euro,RO,Romania,Romanian,UEFA European Championship (Event),true,false,false,true,false,false,,100,60,,1,11,10,,17,4,13,,https://legalbet.ro/centrul-de-pariere/astazi/,,https://legalbet.ro/centrul-de-pariere/astazi/,2024-06-22 04:21:08,2026-06-16 11:21:03
chas pot,RO,Romania,Romanian,CashPot (Organization),true,false,false,true,true,false,Knowledge panel,1100,27,0.64,3,11,8,,14,14,,,https://legalbet.ro/cazinouri/cashpot/,,https://legalbet.ro/cazinouri/cashpot/,2024-06-08 15:33:13,2026-06-10 12:03:20
poziții fc augsburg,RO,Romania,Romanian,FC Augsburg (Organization),true,false,false,true,false,false,Image pack,100,1,,11,,,,4,,Lost,,https://legalbet.ro/centrul-de-pariere/echipe/augsburg/,,,2024-06-19 23:02:50,
rotiri fara depunere 2024,RO,Romania,Romanian,,false,false,false,true,true,false,Sitelinks,200,70,2.85,0,11,10,,21,6,15,,https://legalbet.ro/cazinouri/bonusuri/bonusuri-fara-depunere/,,https://legalbet.ro/cazinouri/rotiri-gratuite/,2024-06-18 01:26:17,2026-05-29 12:43:48
cote castigare liga 1,RO,Romania,Romanian,Liga 1 (Event),false,false,false,true,true,false,,200,5,0.23,0,11,10,,22,6,16,,https://legalbet.ro/centrul-de-pariere/turnee/liga-i/,,https://legalbet.ro/centrul-de-pariere/turnee/liga-i/,2024-06-16 16:54:34,2026-06-07 16:03:58
magic pot casino,RO,Romania,English,Magic Jackpot Casino (Organization),true,false,false,true,true,true,Sitelinks,150,54,0.49,0,11,11,,43,5,38,,https://legalbet.ro/cazinouri/magic-jackpot/,,https://legalbet.ro/cazinouri/magic-jackpot/,2024-06-23 16:52:02,2026-06-10 21:33:03
casino online rotiri fara depunere,RO,Romania,Romanian,,false,false,false,true,true,false,Sitelinks,150,71,5.12,,11,,,,5,New,,,,https://legalbet.ro/cazinouri/rotiri-gratuite/,,2026-06-15 21:52:23
verificare bilete,RO,Romania,Romanian,,false,false,false,true,false,false,Video preview,800,25,0.68,,11,,,,13,New,,,,https://legalbet.ro/scoala-pariurilor/verificare-bilet-pariuri/,,2026-06-11 01:47:51
bonus fara depunere sport,RO,Romania,Romanian,,false,false,false,true,true,false,Sitelinks,200,60,2.49,17,11,-6,,4,6,-2,,https://legalbet.ro/bonus/sets/fara-depunere-pariuri/,,https://legalbet.ro/bonus/sets/freebet/,2024-06-20 15:45:05,2026-06-26 01:06:37
bonus fara depunere 2026,RO,Romania,Romanian,,false,false,false,true,true,false,,2100,70,1.69,,11,,,,17,New,,,,https://legalbet.ro/cazinouri/rotiri-gratuite/,,2026-06-21 11:18:54
ce inseamna sub 1.5 goluri,RO,Romania,Romanian,,false,false,false,true,false,false,"Sitelinks, People also ask",100,0,,0,11,11,,34,4,30,,https://legalbet.ro/scoala-pariurilor/explicatia-termenului-de-gg-la-pariuri-sportive/,,https://legalbet.ro/scoala-pariurilor/total-goluri-peste-sub-1-5/,2024-06-14 13:17:21,2026-06-24 10:39:09
sweet bonanza,RO,Romania,English,Sweet Bonanza (Product),true,false,false,true,true,false,Video preview,800,34,1.94,0,11,11,,55,13,42,,https://legalbet.ro/scoala-de-cazino/sweet-bonanza-un-joc-de-casino-foarte-tentant/,,https://legalbet.ro/jocuri-cazinouri-gratis/sweet-bonanza/,2024-06-24 08:19:25,2026-06-24 10:12:56
888 sport bonus,RO,Romania,English,888 Sport (Organization),true,false,false,true,true,false,,200,52,2.53,2,11,9,,15,6,9,,https://legalbet.ro/case-de-pariuri/888-sport/,,https://legalbet.ro/case-de-pariuri/888-sport/,2024-06-11 00:02:54,2026-05-17 09:00:11
pariuri live fortuna,RO,Romania,Romanian,Fortuna (Organization),true,false,true,true,true,true,"Sitelinks, Video preview",100,13,0.34,11,,,,4,,Lost,,https://legalbet.ro/case-de-pariuri/fortuna/,,,2024-06-08 19:32:17,
meciuri de astazi,RO,Romania,Romanian,,false,false,false,true,false,false,,150,59,0.11,38,11,-27,,4,5,-1,,https://legalbet.ro/centrul-de-pariere/astazi/,,https://legalbet.ro/centrul-de-pariere/astazi/,2024-06-21 03:50:51,2026-06-06 18:19:33
get's bet,RO,Romania,,Get's Bet (Organization),true,false,true,true,true,false,Sitelinks,6400,45,0.43,0,11,11,,8,3,5,,https://legalbet.ro/feedback/gets-bet/,,https://legalbet.ro/feedback/gets-bet/,2024-06-27 23:18:30,2026-06-21 07:47:51
biletul zilei superbet,RO,Romania,Romanian,"Superbet (Organization), Daily Betting Ticket (Product)",true,false,false,true,true,false,Video preview,350,30,0.25,10,,,,10,,Lost,,https://legalbet.ro/biletul-zilei/,,,2024-06-26 10:43:04,
winner aplicatie,RO,Romania,Romanian,"Winner (Product), Winner App (Product)",true,false,false,true,true,false,"Sitelinks, Image pack",100,0,1.53,10,,,,4,,Lost,,https://legalbet.ro/scoala-pariurilor/aplicatie-winner/,,,2024-06-20 12:05:09,
meciuri amicale azi la tv,RO,Romania,Romanian,,false,false,false,true,false,false,Video preview,150,21,,3,10,8,,12,6,6,,https://legalbet.ro/centrul-de-pariere/turnee/meciuri-amicale/,,https://legalbet.ro/centrul-de-pariere/turnee/meciuri-amicale/,2024-06-19 16:02:02,2026-06-18 20:40:10
poziții campionatul european de fotbal,RO,Romania,Romanian,UEFA European Championship (Event),true,false,false,true,false,false,"Video preview, Image pack",1630000,2,0.16,10,,,,47,,Lost,,https://legalbet.ro/centrul-de-pariere/echipe/estonia/,,,2024-06-27 10:33:50,
stanleybet rezultate,RO,Romania,Romanian,Stanleybet (Organization),true,false,false,true,false,false,,250,33,0.67,0,10,10,,59,8,51,,https://legalbet.ro/ponturi/biletul-zilei-cota-3-euro-2024-24-06-2024-nsavin/,,https://legalbet.ro/scoala-pariurilor/stanleybet-verificare-bilet-online/,2024-06-23 06:49:23,2026-05-26 11:33:39
get's bet verificare bilet,RO,Romania,Romanian,Get's Bet (Organization),true,false,false,true,false,false,,150,43,0.78,3,10,7,,12,5,7,,https://legalbet.ro/scoala-pariurilor/casa-de-pariuri-gets-bet-depuneri-si-retrageri/,,https://legalbet.ro/scoala-pariurilor/getsbet-verificare-bilet-online/,2024-06-09 16:27:24,2026-06-15 02:44:20
magic jackpot romania,RO,Romania,English,"Magic Jackpot (Organization), Romania (Location)",true,false,false,true,true,false,Video preview,200,68,1.98,,10,,,,7,New,,,,https://legalbet.ro/cazinouri/magic-jackpot/,,2026-05-24 10:22:49
million casino bonus,RO,Romania,English,Million Casino (Organization),true,false,false,true,true,false,Sitelinks,500,57,,0,10,10,,26,11,15,,https://legalbet.ro/bonus/million-cazino-200-de-runde-gratuite-la-verificarea-contului/,,https://legalbet.ro/bonus/sets/million/,2024-06-26 23:16:01,2026-06-21 04:44:49
powerbet verificare bilet,RO,Romania,Romanian,Powerbet (Organization),true,false,false,true,false,false,Sitelinks,350,32,0.37,,10,,,,9,New,,,,https://legalbet.ro/case-de-pariuri/powerbet/,,2026-06-01 05:49:14
cazino rotiri gratuite,RO,Romania,Romanian,,false,false,false,true,true,false,Sitelinks,350,74,3.00,,10,,,,9,New,,,,https://legalbet.ro/cazinouri/rotiri-gratuite/,,2026-06-12 02:31:36
royalcasino,RO,Romania,,Royal Casino (Organization),true,false,false,true,true,false,Video preview,3900,59,0.57,,10,,,,3,New,,,,https://legalbet.ro/cazinouri/royal-casino/,,2026-06-20 23:02:42
biletul zilei baschet,RO,Romania,Romanian,Biletul Zilei (Work),true,false,false,true,false,false,,90,2,0.51,4,10,6,,6,5,1,,https://legalbet.ro/ponturi/sportul-baschet/,,https://legalbet.ro/ponturi/sportul-baschet/,2024-06-24 09:10:34,2026-06-09 02:50:22
loto betano,RO,Romania,Romanian,Betano (Organization),true,false,false,true,false,false,Sitelinks,1000,4,1.21,0,10,10,,34,14,20,,https://legalbet.ro/alegerea-editorului/descopera-cea-mai-complexa-oferta-de-loterii-2/,,https://legalbet.ro/alegerea-editorului/descopera-cea-mai-complexa-oferta-de-loterii-2/,2024-06-25 14:25:45,2026-06-21 01:42:41
casino.romania,RO,Romania,Romanian,Romania (Location),false,false,false,true,true,false,,150,84,7.30,5,10,5,,9,6,3,,https://legalbet.ro/cazinouri/,,https://legalbet.ro/cazinouri/,2024-06-15 02:16:05,2026-06-04 21:16:34
rotiri gratuite cu depunere,RO,Romania,Romanian,,false,false,false,true,true,false,Sitelinks,150,72,3.42,,10,,,,5,New,,,,https://legalbet.ro/cazinouri/rotiri-gratuite/,,2026-05-25 16:47:55
cele mai bune site-uri de pariuri,RO,Romania,Romanian,,false,false,false,true,true,false,Sitelinks,100,71,5.91,7,10,3,,5,5,,,https://legalbet.ro/case-de-pariuri-licentiate/,,https://legalbet.ro/case-de-pariuri-licentiate/,2024-06-22 21:32:04,2026-05-22 06:46:47
mozzart pariuri live,RO,Romania,Romanian,Mozzart Bet (Organization),true,false,true,true,true,true,,80,34,0.20,0,10,10,,27,4,23,,https://legalbet.ro/case-de-pariuri/mozzart/,,https://legalbet.ro/feedback/mozzart/,2024-06-22 12:27:38,2026-06-10 10:08:01
totalbet.ro pariuri sportive,RO,Romania,Romanian,TotalBet (Organization),true,false,true,true,true,false,Sitelinks,90,54,0.76,3,10,7,,9,3,6,,https://legalbet.ro/scoala-pariurilor/recenzia-casei-de-pariuri-totalbet/,,https://legalbet.ro/scoala-pariurilor/recenzia-casei-de-pariuri-totalbet/,2024-06-23 17:21:26,2026-06-26 04:30:16
case pariuri sportive,RO,Romania,Romanian,,false,false,false,true,true,false,"Sitelinks, Local pack",100,77,5.94,11,10,-1,,4,7,-3,,https://legalbet.ro/case-de-pariuri-licentiate/,,https://legalbet.ro/case-de-pariuri-licentiate/,2024-06-20 02:31:14,2026-06-06 20:38:06
redseven,RO,Romania,,,false,false,false,false,false,false,"Top ads, Paid sitelinks, Sitelinks, Thumbnail, Video preview",1600,23,,,10,,,,16,New,,,,https://legalbet.ro/cazinouri/red-sevens/,,2026-05-20 13:24:28
poziții liverpool vs fulham,RO,Romania,Romanian,Liverpool vs Fulham (Event),false,false,false,true,false,false,"Video preview, Image pack",150,0,,10,,,,6,,Lost,,https://legalbet.ro/centrul-de-pariere/echipe/liverpool/,,,2024-06-24 12:14:41,
fotbal meciuri,RO,Romania,Romanian,,false,false,false,true,false,false,,250,63,0.05,2,10,8,,16,8,8,,https://legalbet.ro/centrul-de-pariere/astazi/,,https://legalbet.ro/centrul-de-pariere/astazi/,2024-06-23 16:48:14,2026-06-05 20:27:34
ofertâ fortuna,RO,Romania,Romanian,Fortuna (Organization),true,false,false,true,true,false,"Sitelinks, Image pack, Video preview, Bottom ads, Paid sitelinks",1000,2,0.01,10,,,,14,,Lost,,https://legalbet.ro/case-de-pariuri/fortuna/,,,2024-06-27 06:28:30,
ponturi 100 sigure,RO,Romania,Romanian,,false,false,false,true,false,false,,200,58,0.29,24,10,-14,,7,7,,,https://legalbet.ro/ponturi/,,https://legalbet.ro/ponturi/,2024-06-24 09:33:15,2026-05-26 17:22:08
scanare bilet superbet,RO,Romania,Romanian,Superbet (Organization),true,false,false,true,false,false,"Sitelinks, Video preview",2400,40,1.13,0,10,10,,44,18,26,,https://legalbet.ro/scoala-pariurilor/superbet-verificare-bilet-online/,,https://legalbet.ro/,2024-06-27 22:41:43,2026-06-15 02:35:52
cea mai buna casa de pariuri,RO,Romania,Romanian,,false,false,false,true,true,false,Sitelinks,150,68,3.89,6,10,4,,7,5,2,,https://legalbet.ro/case-de-pariuri-licentiate/,,https://legalbet.ro/case-de-pariuri-licentiate/,2024-06-10 21:31:53,2026-06-02 19:58:46
cod bonus maxbet,RO,Romania,Romanian,MaxBet (Organization),true,false,false,true,true,false,"Video preview, Sitelinks",1000,53,1.52,0,10,10,,77,17,60,,https://legalbet.ro/bonus/betano-124-rotiri-gratuite-24-lei-freebet-fara-depunere-la-euro-2024/,,https://legalbet.ro/bonus/sets/bonus-maxbet/,2024-06-23 07:36:13,2026-06-09 06:26:28
ce inseamna peste 1.5 goluri,RO,Romania,Romanian,,false,false,false,true,false,false,"AI Overview, Thumbnail",100,0,0.21,0,10,10,,48,1,47,,https://legalbet.ro/scoala-pariurilor/explicatia-termenului-de-gg-la-pariuri-sportive/,AI Overview,https://legalbet.ro/scoala-pariurilor/total-goluri-peste-sub-1-5/,2024-06-24 06:52:59,2026-05-20 11:56:14
las vegas casino online romania,RO,Romania,English,"Las Vegas (Location), Romania (Location)",false,true,false,true,true,false,"Sitelinks, Video preview",80,59,1.21,0,10,10,,31,3,28,,https://legalbet.ro/cazinouri/,,https://legalbet.ro/cazinouri/las-vegas/,2024-06-25 22:35:31,2026-06-16 09:50:57
casino free spins fara depunere,RO,Romania,Romanian,,false,false,false,true,true,false,,100,69,5.10,0,10,10,,79,4,75,,https://legalbet.ro/cazinouri/rotiri-gratuite/,,https://legalbet.ro/cazinouri/rotiri-gratuite/,2024-06-18 04:28:54,2026-06-07 15:44:50
cat e scorul la meciul din seara asta,RO,Romania,Romanian,,false,false,false,true,false,false,Sitelinks,100,57,,0,10,9,,18,4,14,,https://legalbet.ro/centrul-de-pariere/astazi/,,https://legalbet.ro/centrul-de-pariere/astazi/,2024-06-20 18:51:44,2026-05-23 00:55:41
spinuri gratuite fara depunere,RO,Romania,Romanian,,false,false,false,true,true,false,Sitelinks,200,69,3.90,,10,,,,7,New,,,,https://legalbet.ro/cazinouri/rotiri-gratuite/,,2026-06-02 16:33:53
pariuri biletul zilei,RO,Romania,Romanian,Daily Ticket (Event),false,false,false,true,false,false,,200,63,0.54,3,10,7,,15,9,6,,https://legalbet.ro/biletul-zilei/,,https://legalbet.ro/biletul-zilei/,2024-06-25 20:50:44,2026-05-21 15:21:17
pariuri romania,RO,Romania,Romanian,Romania (Location),false,false,false,true,true,false,,350,82,10.14,6,10,4,,9,10,-1,,https://legalbet.ro/case-de-pariuri-licentiate/,,https://legalbet.ro/case-de-pariuri-licentiate/,2024-06-21 05:36:44,2026-05-28 08:39:16
sloturi online romania,RO,Romania,Romanian,Romania (Location),false,true,false,true,true,false,Sitelinks,250,83,4.91,3,10,7,,9,8,1,,https://legalbet.ro/cazinouri/,,https://legalbet.ro/cazinouri/,2024-06-11 19:41:02,2026-06-06 01:00:38
ponturi tenis,RO,Romania,Romanian,,false,false,false,true,true,false,,1400,3,0.79,5,10,4,,10,9,1,,https://legalbet.ro/ponturi/sportul-tenis/,,https://legalbet.ro/ponturi/sportul-tenis/,2024-06-26 12:19:33,2026-06-21 21:54:46
predictii fotbal,RO,Romania,Romanian,,false,false,false,true,false,false,,1300,58,0.35,31,10,-21,,11,15,-4,,https://legalbet.ro/ponturi/sportul-fotbal/,,https://legalbet.ro/ponturi/sportul-fotbal/,2024-06-25 19:48:27,2026-06-09 13:49:47
ponturi pariuri tenis,RO,Romania,Romanian,,false,false,false,true,true,false,"Top stories, Thumbnail",200,2,0.82,8,10,2,,11,9,2,,https://legalbet.ro/ponturi/sportul-tenis/,,https://legalbet.ro/ponturi/sportul-tenis/,2024-06-11 06:28:50,2026-05-13 12:17:20
ponturi maine,RO,Romania,Romanian,,false,false,false,true,false,false,,80,48,1.16,35,10,-25,,1,3,-2,,https://legalbet.ro/ponturi/maine/,,https://legalbet.ro/ponturi/maine/,2024-06-17 11:00:44,2026-06-04 09:55:07
best online casinos,RO,Romania,English,,false,false,false,true,true,false,"People also ask, Video preview",150,83,4.40,,10,,,,6,New,,,,https://legalbet.ro/cazinouri/,,2026-05-23 05:06:57
royal casino bonus fara depunere,RO,Romania,Romanian,Royal Casino (Organization),true,false,false,true,true,false,,250,55,0.91,,10,,,,8,New,,,,https://legalbet.ro/bonus/royal-casino-rotiri-gratuite-n-fiecare-luni/,,2026-06-20 08:30:04
pariuri nba,RO,Romania,Romanian,NBA (Organization),true,false,false,true,true,true,"Top stories, Thumbnail",150,1,2.83,1,10,8,,12,5,7,,https://legalbet.ro/ponturi/sportul-baschet/nba/,,https://legalbet.ro/ponturi/sportul-baschet/nba/,2024-06-12 04:23:29,2026-06-05 19:22:04
888 bet,RO,Romania,Romanian,888 (Organization),true,false,true,true,true,true,"Video preview, Image pack",350,62,0.90,10,,,,9,,Lost,,https://legalbet.ro/feedback/888-sport/,,,2024-06-09 23:21:12,
mozzart pariuri online,RO,Romania,Romanian,MozzartBet (Organization),true,false,false,true,true,false,Sitelinks,80,24,1.35,2,10,8,,11,3,8,,https://legalbet.ro/feedback/mozzart/,,https://legalbet.ro/feedback/mozzart/,2024-06-09 20:50:51,2026-06-07 13:48:00
maxbet bonus fara depunere,RO,Romania,Romanian,Maxbet (Organization),true,false,false,true,true,false,Sitelinks,1200,58,1.75,0,10,10,,71,15,56,,https://legalbet.ro/bonus/sets/bonus-maxbet/,,https://legalbet.ro/bonus/maxbet-casino-150-rotiri-gratuite-fara-depunere-la-verificare/,2024-06-27 13:00:56,2026-06-06 05:39:41
get bet online,RO,Romania,English,,false,false,true,false,true,true,"Top ads, Paid sitelinks, Sitelinks",300,2,0.26,10,,,,9,,Lost,,https://legalbet.ro/feedback/gets-bet/,,,2024-06-27 14:32:28,
casa parourilor,RO,Romania,Romanian,Casa Pariurilor (Organization),true,false,true,true,true,false,"Sitelinks, Video preview",150,6,1.60,10,,,,5,,Lost,,https://legalbet.ro/feedback/casa-pariurilor/,,,2024-06-14 17:15:52,
pariuri sportive sigure,RO,Romania,Romanian,,false,false,false,true,false,false,,150,61,1.08,9,10,1,,6,6,,,https://legalbet.ro/ponturi/,,https://legalbet.ro/ponturi/,2024-06-26 01:37:04,2026-06-17 11:09:01
meciurile de fotbal de azi,RO,Romania,Romanian,,false,false,false,true,false,false,Knowledge panel,150,59,0.10,15,10,-5,,3,5,-2,,https://legalbet.ro/centrul-de-pariere/astazi/,,https://legalbet.ro/centrul-de-pariere/astazi/,2024-06-14 08:46:17,2026-06-09 19:26:05
aplicatie betano,RO,Romania,Romanian,Betano (Organization),true,false,false,true,true,true,Video preview,600,1,3.27,10,,,,12,,Lost,,https://legalbet.ro/scoala-pariurilor/aplicatie-betano-ghid-complet-pentru-pariuri-de-pe-mobil/,,,2024-06-24 18:18:45,
poziții eredivisie,RO,Romania,Romanian,Eredivisie (Event),true,false,false,true,false,false,Image pack,250,0,,10,,,,10,,Lost,,https://legalbet.ro/centrul-de-pariere/echipe/psv/,,,2024-06-27 18:41:04,
meciuri de azi fotbal,RO,Romania,Romanian,,false,false,false,true,false,false,,100,58,0.11,6,9,3,,6,4,2,,https://legalbet.ro/centrul-de-pariere/astazi/,,https://legalbet.ro/centrul-de-pariere/astazi/,2024-06-21 04:04:39,2026-06-26 20:11:30
casa pariurilor romania,RO,Romania,Romanian,"Casa Pariurilor (Organization), Romania (Location)",true,false,false,true,true,false,Sitelinks,200,22,2.96,3,9,7,,9,7,2,,https://legalbet.ro/case-de-pariuri-licentiate/,,https://legalbet.ro/case-de-pariuri-licentiate/casa-pariurilor/aplicatie/,2024-06-26 12:18:12,2026-06-24 05:41:36
betano retragere,RO,Romania,Romanian,Betano (Organization),true,false,false,true,false,true,Video preview,150,0,0.75,2,9,8,,13,5,8,,https://legalbet.ro/scoala-pariurilor/casa-de-pariuri-betano-depuneri-i-retrageri/,,https://legalbet.ro/scoala-pariurilor/casa-de-pariuri-betano-depuneri-i-retrageri/,2024-06-08 04:06:46,2026-06-23 11:11:58
pontul zilei fotbal,RO,Romania,Romanian,Pontul Zilei (Organization),true,false,false,true,false,false,,90,58,0.48,0,9,9,,27,7,20,,https://legalbet.ro/ponturi/maine/,,https://legalbet.ro/ponturi/maine/,2024-06-11 20:57:45,2026-06-16 23:29:22
adrian soare comentator,RO,Romania,Romanian,Adrian Soare (Person),false,false,false,true,false,false,"Image pack, Video preview",150,0,,9,,,,5,,Lost,,https://legalbet.ro/alegerea-editorului/interviu-cu-adrian-soare-despre-fotbal-si-pasiune/,,,2024-06-11 15:03:41,
cazinouri online internationale,RO,Romania,Romanian,,false,false,false,true,true,false,Sitelinks,100,58,0.70,0,9,9,,24,4,20,,https://legalbet.ro/cazinouri/,,https://legalbet.ro/cazinouri/,2024-06-09 21:21:47,2026-06-02 23:37:33
betmen .ro,RO,Romania,,BetMen (Organization),true,false,true,false,false,false,Sitelinks,1200,58,0.78,,9,,,,15,New,,,,https://legalbet.ro/bonus/,,2026-06-20 19:56:02
jocuri care platesc bine,RO,Romania,Romanian,,false,false,false,true,true,false,Video preview,200,38,0.51,0,9,9,,27,7,20,,https://legalbet.ro/cazinouri/sloturi/,,https://legalbet.ro/cazinouri/sloturi/,2024-06-07 05:15:56,2026-06-22 08:07:01
king casino.ro,RO,Romania,,King Casino (Organization),true,false,true,true,true,false,,200,25,0.77,,9,,,,7,New,,,,https://legalbet.ro/cazinouri/king-casino/,,2026-06-17 18:11:15
ponturi pariuri fotbal,RO,Romania,Romanian,,false,false,false,true,true,false,,300,54,0.37,1,9,8,,15,10,5,,https://legalbet.ro/ponturi/,,https://legalbet.ro/ponturi/maine/,2024-06-09 23:05:52,2026-05-18 15:34:48
lasvegas.ro bonus,RO,Romania,Romanian,Las Vegas Casino Online (Organization),true,false,false,true,true,false,Sitelinks,100,54,1.06,0,9,9,,19,4,15,,https://legalbet.ro/feedback/las-vegas/,,https://legalbet.ro/cazinouri/las-vegas/,2024-06-14 00:58:03,2026-06-07 01:00:21
coduri promotionale casino,RO,Romania,Romanian,,false,false,false,true,true,false,,100,52,1.99,,9,,,,4,New,,,,https://legalbet.ro/bonus/sets/promotii/,,2026-06-12 00:27:56
ce inseamna handicap,RO,Romania,Romanian,,false,false,false,true,false,false,"Featured snippet, Knowledge panel, People also ask, Video preview, Image pack",150,0,,9,,,,6,,Lost,,https://legalbet.ro/scoala-pariurilor/handicapul-european/,,,2024-06-27 11:23:12,
bonus de bun venit betano,RO,Romania,Romanian,Betano (Organization),true,false,false,true,true,false,Sitelinks,200,49,1.21,1,9,8,,16,7,9,,https://legalbet.ro/bonus/betano-bonus-pentru-clienti-noi-100-pna-la-500-ron-la-prima-depunere/,,https://legalbet.ro/bonus/betano-bonus-pentru-clienti-noi-100-pna-la-500-ron-la-prima-depunere/,2024-06-10 10:06:07,2026-05-29 14:10:09
player casino bonus,RO,Romania,English,Player Casino (Organization),true,false,false,true,true,false,Sitelinks,250,40,1.86,0,9,9,,28,8,20,,https://legalbet.ro/alegerea-editorului/player-casino-ce-promotii-ai-cum-le-obtii-si-cum-le/,,https://legalbet.ro/bonus/player-casino-222-rotiri-gratuite-fara-depunere/,2024-06-10 06:04:32,2026-05-23 16:07:30
retragere casa pariurilor,RO,Romania,Romanian,Casa Pariurilor (Organization),true,false,false,true,false,true,,150,0,0.72,13,9,-3,,5,6,-1,,https://legalbet.ro/scoala-pariurilor/casa-pariurilor-depuneri-i-retrageri/,,https://legalbet.ro/scoala-pariurilor/casa-pariurilor-depuneri-i-retrageri/,2024-06-08 14:02:24,2026-06-26 02:50:51
cazinouri fără rulaj,RO,Romania,Romanian,,false,false,false,true,true,false,Sitelinks,100,57,3.52,0,9,9,,17,5,12,,https://legalbet.ro/scoala-de-cazino/bonus-fara-rulaj/,,https://legalbet.ro/cazinouri/bonusuri/fara-rulaj/,2024-06-24 03:51:11,2026-06-21 23:41:38
frank casino,RO,Romania,,Frank Casino (Organization),true,false,false,true,true,false,"Top ads, Paid sitelinks, Sitelinks, Knowledge panel, Image pack, Video preview",17000,7,0.77,9,,,,27,,Lost,,https://legalbet.ro/cazinouri/frank-casino/,,,2024-06-27 11:45:05,
pronosticuri meciuri azi,RO,Romania,Romanian,,false,false,false,true,true,false,,100,57,0.45,10,9,-1,,10,5,5,,https://legalbet.ro/ponturi/ponturile-de-astazi/,,https://legalbet.ro/ponturi/ponturile-de-astazi/,2024-06-19 21:19:47,2026-06-09 21:20:19
case de pariuri bonus fara depunere,RO,Romania,Romanian,,false,false,false,true,true,false,Sitelinks,100,59,2.41,19,9,-10,,3,5,-2,,https://legalbet.ro/bonus/sets/fara-depunere-pariuri/,,https://legalbet.ro/bonus/sets/fara-depunere-pariuri/,2024-06-23 09:57:14,2026-06-09 12:12:34
meciuri de astăzi,RO,Romania,Romanian,,false,false,false,true,false,false,,80,56,0.08,6,9,3,,5,3,2,,https://legalbet.ro/centrul-de-pariere/astazi/,,https://legalbet.ro/centrul-de-pariere/astazi/,2024-06-17 20:20:47,2026-06-11 22:32:48
casino in romania,RO,Romania,English,,false,true,false,true,true,false,"Thumbnail, Image pack",80,55,7.53,9,,,,3,,Lost,,https://legalbet.ro/cazinouri/,,,2024-06-18 05:29:44,
cazinouri cu rotiri gratuite fara depunere,RO,Romania,Romanian,,false,false,false,true,true,false,Sitelinks,300,73,2.78,0,9,9,,72,9,63,,https://legalbet.ro/cazinouri/bonusuri/bonusuri-fara-depunere/,,https://legalbet.ro/cazinouri/rotiri-gratuite/,2024-06-20 18:45:26,2026-06-06 12:44:03
bonus fara depunere player,RO,Romania,Romanian,Player (Organization),true,false,false,true,true,false,Sitelinks,150,50,8.11,0,9,9,,33,6,27,,https://legalbet.ro/alegerea-editorului/25-lei-gratis-la-winmasters-fara-depunere-si-o-super/,,https://legalbet.ro/bonus/player-222-rotiri-gratuite-fr-depunere/,2024-06-16 00:55:19,2026-05-20 05:08:24
winner site vechi,RO,Romania,Romanian,Winner (Organization),true,false,true,true,false,false,Sitelinks,100,50,0.33,4,9,5,,8,4,4,,https://legalbet.ro/complaints/winner/,,https://legalbet.ro/complaints/winner/,2024-06-26 01:06:25,2026-06-25 20:38:33
magic jackpot.ro,RO,Romania,,Magic Jackpot (Organization),true,false,true,true,true,false,Sitelinks,100,54,1.45,0,9,9,,35,5,30,,https://legalbet.ro/cazinouri/magic-jackpot/,,https://legalbet.ro/cazinouri/magic-jackpot/,2024-06-21 01:14:18,2026-06-02 10:50:59
bonus 888 sport,RO,Romania,English,888 Sport (Organization),true,false,false,true,true,false,,100,59,3.50,2,9,7,,13,5,8,,https://legalbet.ro/case-de-pariuri/888-sport/,,https://legalbet.ro/case-de-pariuri/888-sport/,2024-06-09 03:52:41,2026-05-28 06:03:21
king casino bonus,RO,Romania,English,King Casino (Organization),true,false,false,true,true,false,Sitelinks,200,16,2.54,,9,,,,7,New,,,,https://legalbet.ro/cazinouri/king-casino/,,2026-06-16 20:38:11
rotiri gratuite la inregistrare fara depunere,RO,Romania,Romanian,,false,false,false,true,true,false,,350,72,3.87,,9,,,,10,New,,,,https://legalbet.ro/cazinouri/rotiri-gratuite/,,2026-06-20 16:58:20
jocuri cazinouri,RO,Romania,Romanian,,false,false,false,true,true,false,,350,82,3.04,0,9,9,,28,10,18,,https://legalbet.ro/cazinouri/,,https://legalbet.ro/cazinouri/,2024-06-09 17:13:19,2026-06-13 02:23:22
totalbet fotbal,RO,Romania,Romanian,TotalBet (Organization),true,false,false,true,true,false,"Sitelinks, Video preview",80,51,,5,9,4,,6,3,3,,https://legalbet.ro/scoala-pariurilor/recenzia-casei-de-pariuri-totalbet/,,https://legalbet.ro/scoala-pariurilor/recenzia-casei-de-pariuri-totalbet/,2024-06-12 00:35:54,2026-06-02 21:07:18
cine joaca azi fotbal,RO,Romania,Romanian,,false,false,false,true,false,false,,80,60,,9,9,0,,3,3,,,https://legalbet.ro/centrul-de-pariere/astazi/,,https://legalbet.ro/centrul-de-pariere/astazi/,2024-06-13 04:12:27,2026-06-16 18:40:40
azi fotbal,RO,Romania,Romanian,,false,false,false,true,false,false,,80,62,0.19,2,9,8,,11,3,8,,https://legalbet.ro/centrul-de-pariere/astazi/,,https://legalbet.ro/centrul-de-pariere/astazi/,2024-06-26 07:43:41,2026-06-14 20:33:42
verifica bilet gets bet,RO,Romania,Romanian,Get's Bet (Organization),true,false,true,false,false,true,"Sitelinks, Video preview",100,51,0.33,0,9,9,,24,5,19,,https://legalbet.ro/scoala-pariurilor/getsbet-verificare-bilet-online/,,https://legalbet.ro/scoala-pariurilor/getsbet-verificare-bilet-online/,2024-06-21 03:16:47,2026-06-07 13:20:29
superbet bilet online,RO,Romania,Romanian,Superbet (Organization),true,false,true,false,true,true,"Sitelinks, Video preview",100,28,1.07,0,9,9,,25,4,21,,https://legalbet.ro/complaints/superbet/,,https://legalbet.ro/scoala-pariurilor/superbet-verificare-bilet-online/,2024-06-10 04:05:58,2026-05-27 01:49:02
winmasters bonus de bun venit,RO,Romania,Romanian,Winmasters (Organization),true,false,false,true,true,false,"Featured snippet, Image pack",150,0,3.81,9,,,,7,,Lost,,https://legalbet.ro/bonus/sets/bonus-winmasters/,,,2024-06-19 19:09:43,
ponturi pariuri cote mari,RO,Romania,Romanian,,false,false,false,true,true,false,,200,52,0.42,6,9,3,,9,7,2,,https://legalbet.ro/ponturi/,,https://legalbet.ro/ponturi/,2024-06-14 01:16:07,2026-05-15 04:19:21
rotiri gratis,RO,Romania,Romanian,,false,false,false,true,true,false,,450,74,3.36,,9,,,,11,New,,,,https://legalbet.ro/cazinouri/rotiri-gratuite/,,2026-06-16 20:41:58
winbet download,RO,Romania,English,Winbet (Product),true,false,false,false,true,true,Video preview,100,0,1.16,9,,,,4,,Lost,,https://legalbet.ro/scoala-pariurilor/aplicatie-winbet/,,,2024-06-10 09:03:04,
meci azi bucuresti,RO,Romania,Romanian,Bucharest (Location),false,true,false,true,false,false,,200,58,,17,9,-8,,4,7,-3,,https://legalbet.ro/centrul-de-pariere/astazi/,,https://legalbet.ro/centrul-de-pariere/astazi/,2024-06-12 22:40:10,2026-06-05 15:02:07
ponturi pariuri europa league,RO,Romania,Romanian,Europa League (Event),true,false,false,true,true,false,,150,1,0.41,10,9,-1,,6,6,,,https://legalbet.ro/ponturi/sportul-fotbal/league-europe/,,https://legalbet.ro/ponturi/sportul-fotbal/league-europe/,2024-06-12 21:22:25,2026-06-15 00:22:30
eldorado slots,RO,Romania,English,"Eldorado Casino (Organization), Eldorado Slots (Product)",true,false,false,true,true,false,"People also ask, Video preview, Bottom ads",90,56,0.89,9,9,0,,4,4,,,https://legalbet.ro/cazinouri/eldorado/,,https://legalbet.ro/cazinouri/eldorado/,2024-06-18 03:10:55,2026-06-25 14:48:24
getsbet aplicatie,RO,Romania,Romanian,GetsBet (Organization),true,false,false,true,true,true,Sitelinks,90,52,0.90,7,9,2,,5,4,1,,https://legalbet.ro/scoala-pariurilor/aplicatie-gets-bet/,,https://legalbet.ro/case-de-pariuri-licentiate/gets-bet/aplicatie/,2024-06-09 22:56:52,2026-06-25 16:34:05
poziții süper lig,RO,Romania,Romanian,Super Lig (Event),true,false,false,true,false,false,Image pack,1200,0,,9,,,,17,,Lost,,https://legalbet.ro/centrul-de-pariere/echipe/besiktas-j-k/,,,2024-06-27 02:03:01,
10 pariuri alin,RO,Romania,Romanian,"10pariuri.ro (Organization), Alin (Person)",true,false,false,true,false,false,,350,37,1.11,,9,,,,10,New,,,,https://legalbet.ro/ponturi/,,2026-05-20 15:17:46
ponturile zilei,RO,Romania,Romanian,,false,false,false,true,false,false,,150,59,0.59,1,9,8,,11,6,5,,https://legalbet.ro/ponturi/maine/,,https://legalbet.ro/ponturi/maine/,2024-06-27 17:45:43,2026-05-21 10:11:33
casa pariurilor inregistrare,RO,Romania,Romanian,Casa Pariurilor (Organization),true,false,true,true,true,true,,100,30,2.69,3,9,6,,10,5,5,,https://legalbet.ro/scoala-pariurilor/primul-pariu-la-casa-pariurilor/,,https://legalbet.ro/scoala-pariurilor/primul-pariu-la-casa-pariurilor/,2024-06-20 01:08:48,2026-05-22 07:08:46
publicwin contact,RO,Romania,English,Publicwin (Organization),true,false,false,true,false,false,,100,0,0.14,0,9,8,,18,5,13,,https://legalbet.ro/case-de-pariuri/publicwin/,,https://legalbet.ro/feedback/publicwin/,2024-06-14 04:12:31,2026-06-04 15:34:39
maxbet aplicatie,RO,Romania,Romanian,Maxbet (Organization),true,false,false,false,true,true,"Sitelinks, Video preview, Knowledge panel",100,1,1.90,9,,,,5,,Lost,,https://legalbet.ro/scoala-pariurilor/aplicatie-maxbet/,,,2024-06-10 09:29:37,
total bet.ro nou,RO,Romania,Romanian,TotalBet (Organization),true,false,true,true,true,false,Sitelinks,100,55,0.48,0,9,9,,29,5,24,Image pack,https://legalbet.ro/scoala-pariurilor/recenzia-casei-de-pariuri-totalbet/,,https://legalbet.ro/scoala-pariurilor/recenzia-casei-de-pariuri-totalbet/,2024-06-15 16:06:36,2026-06-24 05:47:35
betano liga 1,RO,Romania,Romanian,"Betano (Organization), Liga 1 (Event)",true,false,false,true,true,false,,150,5,1.48,0,9,9,,27,6,21,,https://legalbet.ro/centrul-de-pariere/turnee/liga-i/,,https://legalbet.ro/centrul-de-pariere/turnee/liga-i/,2024-06-17 18:38:41,2026-05-26 06:29:17
sportingbet ro,RO,Romania,Romanian,Sportingbet (Organization),true,false,true,true,true,true,"Sitelinks, Image pack, Video preview, Bottom ads, Paid sitelinks",200,0,1.53,9,,,,7,,Lost,,https://legalbet.ro/feedback/sportingbet/,,,2024-06-22 15:29:45,
power bet pariuri,RO,Romania,Romanian,Powerbet (Organization),true,false,true,true,true,false,Sitelinks,200,34,0.55,,9,,,,7,New,,,,https://legalbet.ro/feedback/powerbet/,,2026-06-07 07:02:13
predictii pariuri sportive,RO,Romania,Romanian,,false,false,false,true,false,false,,80,61,0.54,6,9,3,,8,6,2,,https://legalbet.ro/ponturi/,,https://legalbet.ro/ponturi/,2024-06-27 16:45:10,2026-06-08 00:08:02
total bet fotbal pariuri,RO,Romania,Romanian,TotalBet (Organization),true,false,false,true,true,false,Sitelinks,90,51,0.55,9,9,0,,4,4,,,https://legalbet.ro/scoala-pariurilor/recenzia-casei-de-pariuri-totalbet/,,https://legalbet.ro/scoala-pariurilor/recenzia-casei-de-pariuri-totalbet/,2024-06-19 23:18:00,2026-06-08 21:00:15
las vegas casino bonus,RO,Romania,English,Las Vegas (Location),false,true,false,true,true,false,Sitelinks,90,41,1.99,0,9,8,,24,4,20,,https://legalbet.ro/bonus/las-vegas-casino-bonus-de-bun-venit-de-pana-la-3000-de-lei/,,https://legalbet.ro/cazinouri/las-vegas/,2024-06-09 12:39:04,2026-05-30 08:54:27
poziții chelsea,RO,Romania,Romanian,Chelsea FC (Organization),true,false,false,true,false,false,,100,0,,9,,,,5,,Lost,,https://legalbet.ro/centrul-de-pariere/echipe/chelsea/,,,2024-06-23 13:41:43,
cota 2 zilnica,RO,Romania,Romanian,Cota 2 (Event),false,false,false,true,true,false,,200,6,1.94,7,9,1,,11,9,2,,https://legalbet.ro/ponturi/cota-2/,,https://legalbet.ro/ponturi/cota-2/,2024-06-09 06:46:53,2026-05-23 18:10:28
magnum pariuri,RO,Romania,Romanian,Magnumbet (Organization),true,false,false,true,true,false,Sitelinks,90,0,0.63,9,,,,5,,Lost,,https://legalbet.ro/alegerea-editorului/trei-pariuri-cu-care-poti-da-lovitura-la-euro-2024-cote/,,,2024-06-11 13:14:29,
lasvegas cazino,RO,Romania,Romanian,Las Vegas (Location),false,true,false,true,true,false,"Sitelinks, Knowledge panel, Video preview",90,52,1.84,,9,,,,4,New,,,,https://legalbet.ro/cazinouri/las-vegas/,,2026-05-19 13:56:48
casa pariurilo,RO,Romania,Romanian,Casa Pariurilor (Organization),true,false,true,true,true,false,"Sitelinks, Local pack",200,16,0.17,0,8,8,,35,4,31,,https://legalbet.ro/scoala-pariurilor/primul-pariu-la-casa-pariurilor/,,https://legalbet.ro/feedback/casa-pariurilor/,2024-06-12 10:38:03,2026-05-19 18:41:34
seven casino 77 rotiri gratuite,RO,Romania,Romanian,Seven Casino (Organization),true,false,false,true,true,false,,150,61,1.57,1,8,7,,14,6,8,,https://legalbet.ro/bonus/seven-casino-77-rotiri-gratuite-fr-depunere-la-verificarea-contului/,,https://legalbet.ro/bonus/seven-casino-77-rotiri-gratuite-fr-depunere-la-verificarea-contului/,2024-06-22 05:14:52,2026-06-09 20:14:31
poziții sepsi vs „u” cluj,RO,Romania,Romanian,"Sepsi (Organization), Cluj (Location)",true,true,false,true,false,false,"Video preview, Image pack",200,3,,8,,,,7,,Lost,,https://legalbet.ro/centrul-de-pariere/sepsi-osk-sfantu-gheorghe-universitatea-cluj-24-02-2024/,,,2024-06-23 07:29:15,
ghet s bet,RO,Romania,Romanian,Get's Bet (Organization),true,false,false,true,true,false,"Sitelinks, Knowledge panel, Video preview, Image pack, Bottom ads, Paid sitelinks",200,3,0.75,8,,,,8,,Lost,,https://legalbet.ro/case-de-pariuri/gets-bet/,,,2024-06-10 07:01:31,
rotiri gratuite de bun venit,RO,Romania,Romanian,,false,false,false,true,true,false,,200,71,2.48,0,8,8,,74,7,67,,https://legalbet.ro/bonus/publicwin-cazino-500-de-rotiri-gratuite-fara-rulaj-bonus-de-bun-venit/,,https://legalbet.ro/cazinouri/rotiri-gratuite/,2024-06-09 04:53:02,2026-06-01 23:33:13
bonus rotiri gratuite fara depunere,RO,Romania,Romanian,,false,false,false,true,true,false,,200,72,4.79,,8,,,,7,New,,,,https://legalbet.ro/cazinouri/rotiri-gratuite/,,2026-05-27 23:33:55
case de pariuri online romania,RO,Romania,Romanian,Romania (Location),false,true,false,true,true,false,Sitelinks,150,74,6.01,12,8,-3,,5,8,-3,,https://legalbet.ro/case-de-pariuri-licentiate/,,https://legalbet.ro/case-de-pariuri-licentiate/,2024-06-14 10:46:54,2026-05-20 21:44:23
cod bonus stanleybet,RO,Romania,Romanian,Stanleybet (Organization),true,false,false,true,true,false,Sitelinks,200,58,1.90,0,8,8,,47,8,39,,https://legalbet.ro/bonus/betano-124-rotiri-gratuite-24-lei-freebet-fara-depunere-la-euro-2024/,,https://legalbet.ro/bonus/sets/stanleybet/,2024-06-21 10:45:34,2026-06-17 20:29:24
coduri rotiri gratuite,RO,Romania,Romanian,,false,false,false,true,true,false,Sitelinks,90,62,2.22,,8,,,,4,New,,,,https://legalbet.ro/bonus/sets/promotii/,,2026-06-24 09:16:40
fortuna rotiri gratuite,RO,Romania,Romanian,Fortuna Casino (Organization),true,false,false,true,true,false,,500,54,1.41,0,8,8,,70,12,58,,https://legalbet.ro/bonus/sets/fortuna-casino/,,https://legalbet.ro/bonus/sets/fortuna/,2024-06-25 11:57:43,2026-06-20 02:45:35
sloturi fara depunere,RO,Romania,Romanian,,false,false,false,true,true,false,,200,72,2.69,0,8,8,,74,8,66,,https://legalbet.ro/cazinouri/bonusuri/bonusuri-fara-depunere/,,https://legalbet.ro/cazinouri/rotiri-gratuite/,2024-06-21 16:07:25,2026-05-23 08:47:06
pariuri azi,RO,Romania,Romanian,,false,false,false,true,false,false,,200,55,0.88,0,8,8,,22,8,14,,https://legalbet.ro/ponturi/ponturile-de-astazi/,,https://legalbet.ro/ponturi/,2024-06-20 13:04:01,2026-05-23 22:08:17
verificare bilet stanleybet,RO,Romania,Romanian,Stanleybet (Organization),true,false,false,true,false,false,Video preview,600,19,0.17,3,8,6,,5,4,1,,https://legalbet.ro/scoala-pariurilor/stanleybet-verificare-bilet-online/,,https://legalbet.ro/scoala-pariurilor/stanleybet-verificare-bilet-online/,2024-06-26 20:26:47,2026-06-26 04:01:13
pawor bet.ro,RO,Romania,Romanian,Powerbet (Organization),true,false,true,true,true,false,,100,76,0.57,,8,,,,5,New,,,,https://legalbet.ro/case-de-pariuri/powerbet/,,2026-06-10 05:20:29
casino milion,RO,Romania,Romanian,Million Casino (Organization),true,false,false,true,true,false,"Sitelinks, Local pack",90,59,3.42,0,8,8,,48,4,44,,https://legalbet.ro/bonus/million-casino-70-rotiri-gratuite-fara-depunere/,,https://legalbet.ro/cazinouri/million/,2024-05-29 12:29:59,2026-06-07 05:55:36
peste 2.5 goluri,RO,Romania,Romanian,,false,false,false,true,false,false,"AI Overview, Thumbnail",250,0,0.91,,8,,,,10,New,,,,https://legalbet.ro/scoala-pariurilor/total-goluri-peste-sub-2-5/,,2026-06-21 02:41:41
jocuri cazino online,RO,Romania,Romanian,,false,false,false,true,true,true,,250,82,3.55,0,8,8,,31,9,22,,https://legalbet.ro/cazinouri/,,https://legalbet.ro/cazinouri/,2024-06-18 13:58:08,2026-06-24 19:10:36
magic jakpot,RO,Romania,Romanian,Magic Jackpot (Organization),true,false,false,true,true,false,"Sitelinks, Knowledge panel, Video preview",90,61,1.40,0,8,8,,34,4,30,,https://legalbet.ro/cazinouri/magic-jackpot/,,https://legalbet.ro/scoala-de-cazino/aplicatie-magic-jackpot/,2024-06-16 03:43:30,2026-06-17 20:21:23
bonus sport,RO,Romania,Romanian,Bonus Sport (Organization),true,false,true,true,true,false,"Image pack, Video preview",100,5,0.13,8,,,,5,,Lost,,https://legalbet.ro/rating-bonus/,,,2024-06-09 20:15:26,
pariuri online stanleybet,RO,Romania,Romanian,Stanleybet (Organization),true,false,true,true,true,true,Sitelinks,100,0,0.06,0,8,8,,20,5,15,,https://legalbet.ro/scoala-pariurilor/casa-de-pariuri-stanleybet-depuneri-i-retrageri/,,https://legalbet.ro/case-de-pariuri/stanleybet/,2024-06-09 07:48:18,2026-05-27 08:01:11
winbet app,RO,Romania,English,Winbet App (Product),true,false,true,true,true,true,Video preview,150,0,1.14,8,,,,6,,Lost,,https://legalbet.ro/scoala-pariurilor/aplicatie-winbet/,,,2024-06-11 01:39:17,
jocuri fara depunere,RO,Romania,Romanian,,false,false,false,true,true,false,,2000,74,2.18,0,8,8,,84,18,66,,https://legalbet.ro/cazinouri/bonusuri/bonusuri-fara-depunere/,,https://legalbet.ro/cazinouri/rotiri-gratuite/,2024-06-26 03:09:49,2026-06-06 07:49:47
80 rotiri fara depunere,RO,Romania,Romanian,80 Free Spins (Event),false,false,false,true,true,false,Sitelinks,1600,0,1.21,0,8,8,,53,17,36,,https://legalbet.ro/bonus/,,https://legalbet.ro/cazinouri/rotiri-gratuite/,2024-06-14 05:17:00,2026-06-09 16:46:30
casino online rotiri gratuite,RO,Romania,Romanian,,false,false,false,true,true,false,,500,77,2.03,,8,,,,12,New,,,,https://legalbet.ro/cazinouri/rotiri-gratuite/,,2026-06-22 01:18:31
pariuri gratis,RO,Romania,Romanian,,false,false,false,true,true,false,Sitelinks,150,67,0.99,0,8,8,,20,6,14,,https://legalbet.ro/bonus/sets/fara-depunere-pariuri/,,https://legalbet.ro/bonus/sets/freebet/,2024-06-18 14:44:59,2026-06-19 12:53:06
bonus fara depunere si fara rulaj,RO,Romania,Romanian,,false,false,false,true,true,false,Sitelinks,150,69,3.34,1,8,7,,17,6,11,,https://legalbet.ro/scoala-de-cazino/bonus-fara-rulaj/,,https://legalbet.ro/cazinouri/rotiri-gratuite/,2024-06-16 02:03:32,2026-05-22 11:23:24
casino online cu rotiri gratuite fara depunere,RO,Romania,Romanian,,false,false,false,true,true,false,Bottom ads,150,73,3.86,0,8,8,,81,6,75,,https://legalbet.ro/scoala-de-cazino/rotiri-gratuite-fara-depunere/,,https://legalbet.ro/cazinouri/rotiri-gratuite/,2024-06-17 02:28:42,2026-06-05 17:52:50
poziții psg vs olympique marseille,RO,Romania,Romanian,"Paris Saint-Germain (Organization), Olympique Marseille (Organization)",true,false,false,true,false,false,"Videos, Video preview, Image pack",100,0,,8,,,,6,,Lost,,https://legalbet.ro/centrul-de-pariere/echipe/marseille/,,,2024-06-15 16:36:57,
bile power bet,RO,Romania,Romanian,,false,false,true,true,true,false,Sitelinks,150,31,0.73,,8,,,,6,New,,,,https://legalbet.ro/case-de-pariuri/powerbet/,,2026-05-28 03:27:44
casa pariurilor rotiri gratuite,RO,Romania,Romanian,Casa Pariurilor (Organization),true,false,false,true,true,false,Sitelinks,900,61,1.63,4,8,4,,17,15,2,,https://legalbet.ro/bonus/casa-pariurilor-bonus-rotiri-gratuite/,,https://legalbet.ro/bonus/sets/casa-pariurilor/,2024-06-25 16:15:39,2026-06-21 17:09:27
seven cazino,RO,Romania,Romanian,Seven Casino (Organization),true,false,false,true,true,false,Knowledge panel,150,64,1.26,0,8,8,,46,6,40,,https://legalbet.ro/bonus/seven-casino-2800-de-lei-si-720-de-rotiri-gratuite-bonus-de-bun-venit/,,https://legalbet.ro/cazinouri/seven-casino/,2024-06-10 08:54:02,2026-06-02 22:05:08
ponturi handbal azi,RO,Romania,Romanian,,false,false,false,true,false,false,,200,0,0.34,1,8,7,,11,8,3,,https://legalbet.ro/ponturi/sportul-handbal/,,https://legalbet.ro/ponturi/sportul-handbal/,2024-06-07 13:03:26,2026-05-15 04:02:08
don,RO,Romania,,,false,false,false,true,false,false,"Sitelinks, Bottom ads, Paid sitelinks, Video preview",1300,41,1.72,,8,,,,5,New,,,,https://legalbet.ro/feedback/don-sport/,,2026-06-12 19:52:05
martingale,RO,Romania,Romanian,,false,false,false,true,false,false,,200,3,0.21,2,8,6,,6,4,2,,https://legalbet.ro/scoala-pariurilor/strategia-martingale/,,https://legalbet.ro/scoala-pariurilor/strategia-martingale/,2024-06-12 04:46:55,2026-05-19 11:12:10
calculator pariuri sigure,RO,Romania,Romanian,,false,false,false,true,false,false,,80,0,0.34,0,8,8,,68,4,64,,https://legalbet.ro/centrul-de-pariere/astazi/,,https://legalbet.ro/scoala-pariurilor/calculator-pariuri/,2024-06-12 22:13:27,2026-06-26 18:53:09
gets bet apk,RO,Romania,English,"Get's Bet (Organization), Get's Bet APK (Product)",true,false,false,false,true,true,,80,1,1.03,8,,,,4,,Lost,,https://legalbet.ro/scoala-pariurilor/aplicatie-gets-bet/,,,2024-06-22 16:01:27,
cazinouri romania bonus fara depunere,RO,Romania,Romanian,,false,true,false,true,true,false,,80,76,2.97,0,8,8,,68,4,64,,https://legalbet.ro/cazinouri/bonusuri/bonusuri-fara-depunere/,,https://legalbet.ro/cazinouri/,2024-06-21 21:21:02,2026-05-21 13:28:31
conte cazino,RO,Romania,Romanian,Conti Cazino (Organization),true,false,true,true,true,true,Sitelinks,150,53,,,8,,,,7,New,,,,https://legalbet.ro/cazinouri/conti-cazino/,,2026-05-20 07:42:20
bonus efbet,RO,Romania,English,Efbet (Organization),true,false,false,true,true,false,,150,49,3.96,1,8,7,,14,6,8,,https://legalbet.ro/bonus/efbet-casino-4000-de-lei-bonus-de-bun-venit/,,https://legalbet.ro/cazinouri/efbet/,2024-06-15 00:41:56,2026-05-26 13:42:18
seven.ro,RO,Romania,,,false,false,true,false,false,false,Sitelinks,150,54,,0,8,8,,27,2,25,,https://legalbet.ro/complaints/seven/,,https://legalbet.ro/cazinouri/seven-casino/,2024-06-24 00:51:05,2026-05-26 21:04:18
verificare fortuna bilet,RO,Romania,Romanian,Fortuna (Organization),true,false,false,true,false,false,Video preview,80,54,0.39,0,8,7,,17,4,13,,https://legalbet.ro/scoala-pariurilor/fortuna-bet-verificare-bilet-online/,,https://legalbet.ro/scoala-pariurilor/fortuna-bet-verificare-bilet-online/,2024-06-25 19:50:28,2026-05-22 21:46:52
superbet. ro,RO,Romania,,Superbet (Organization),true,false,true,false,false,false,"Top ads, Paid sitelinks, Sitelinks, Video preview, Bottom ads",900,4,1.27,8,,,,15,,Lost,,https://legalbet.ro/complaints/superbet/,,,2024-06-27 15:09:29,
sub 2.5 goluri,RO,Romania,Romanian,,false,false,false,true,false,false,"AI Overview, Thumbnail",150,0,,0,8,8,,72,7,65,,https://legalbet.ro/alegerea-editorului/campionate-din-europa-in-care-se-marcheaza-des-sub-2-5/,,https://legalbet.ro/scoala-pariurilor/total-goluri-peste-sub-2-5/,2024-06-26 22:38:29,2026-06-15 10:14:06
oferte rotiri gratuite fara depunere,RO,Romania,Romanian,,false,false,false,true,true,false,,100,69,5.81,0,8,8,,96,5,91,,https://legalbet.ro/bonus/stanleybet-cazino-120-de-rotiri-fara-depunere/,,https://legalbet.ro/cazinouri/rotiri-gratuite/,2024-06-08 20:57:55,2026-05-26 16:09:28
rotiri gratuite fără depunere,RO,Romania,Romanian,,false,false,false,true,true,false,,1500,73,2.88,,8,,,,17,New,,,,https://legalbet.ro/cazinouri/rotiri-gratuite/,,2026-06-21 10:07:02
promotii pariuri,RO,Romania,Romanian,,false,false,false,true,true,false,Sitelinks,200,60,6.24,15,8,-7,,2,8,-6,,https://legalbet.ro/rating-bonus/,,https://legalbet.ro/rating-bonus/,2024-06-26 18:55:47,2026-05-22 17:57:54
efbet casino,RO,Romania,English,Efbet (Organization),true,false,true,true,true,true,"Sitelinks, Local pack, Video preview",800,0,1.32,8,,,,16,,Lost,,https://legalbet.ro/feedback/efbet/,,,2024-06-25 10:47:31,
biletul zilei handbal,RO,Romania,Romanian,Biletul Zilei (Work),true,false,false,true,true,false,,80,0,,3,8,5,,9,4,5,,https://legalbet.ro/ponturi/sportul-handbal/,,https://legalbet.ro/ponturi/sportul-handbal/,2024-06-13 14:06:04,2026-06-16 13:40:31
meciuri maine liga 1,RO,Romania,Romanian,Liga 1 (Event),true,false,false,true,false,false,,100,55,0.29,43,8,-35,,1,5,-4,,https://legalbet.ro/centrul-de-pariere/maine/,,https://legalbet.ro/centrul-de-pariere/maine/,2024-06-15 02:16:34,2026-06-06 03:29:49
bonus seven casino,RO,Romania,English,Seven Casino (Organization),true,false,false,true,true,false,,150,56,2.00,0,8,8,,27,7,20,,https://legalbet.ro/bonus/seven-casino-2800-de-lei-si-720-de-rotiri-gratuite-bonus-de-bun-venit/,,https://legalbet.ro/cazinouri/seven-casino/,2024-06-21 06:58:50,2026-06-15 05:29:01
instalare superbet,RO,Romania,Romanian,Superbet (Product),true,false,false,true,false,false,Video preview,250,67,1.50,2,8,5,,16,9,7,,https://legalbet.ro/scoala-pariurilor/superbet-aplicatie-ghid-complet-pentru-pariuri-de-pe-mobil/,,https://legalbet.ro/case-de-pariuri-licentiate/superbet/aplicatie/,2024-06-12 05:25:24,2026-06-10 08:41:10
bonus aniversar,RO,Romania,Romanian,,false,false,false,true,true,false,,900,52,0.80,4,8,4,,13,15,-2,,https://legalbet.ro/bonus/sets/bonus-de-ziua-ta/,,https://legalbet.ro/bonus/bonus-de-ziua-ta-betano/,2024-06-14 00:33:10,2026-06-14 08:07:30
las vegas fara depunere,RO,Romania,Romanian,Las Vegas (Location),false,true,false,true,true,false,Sitelinks,80,54,0.92,0,8,8,,27,4,23,,https://legalbet.ro/bonus/las-vegas-casino-333-rotiri-fara-depunere-fara-rulaj/,,https://legalbet.ro/cazinouri/las-vegas/,2024-06-21 22:06:59,2026-05-29 06:58:03
magnum bet casino,RO,Romania,English,Magnum Bet Casino (Organization),true,false,true,true,true,true,,100,55,1.27,0,8,8,,36,5,31,,https://legalbet.ro/cazinouri/magnum-casino/,,https://legalbet.ro/cazinouri/magnum-casino/,2024-06-17 10:58:51,2026-06-04 15:29:30
poziții fc barcelona vs athletic bilbao,RO,Romania,Romanian,"FC Barcelona (Organization), Athletic Bilbao (Organization)",true,false,false,true,false,false,"Videos, Image pack, Video preview",150,1,,8,,,,9,,Lost,,https://legalbet.ro/centrul-de-pariere/athletic-bilbao-barcelona-03-03-2024/,,,2024-06-22 18:05:52,
casa pariurilor 321 rotiri gratuite,RO,Romania,Romanian,"Casa Pariurilor (Organization), 321 free spins (Event)",true,false,false,true,true,false,Image pack,100,0,0.91,8,,,,6,,Lost,,https://legalbet.ro/bonus/casa-pariurilor-bonus-rotiri-gratuite/,,,2024-06-09 10:32:45,
poziții liverpool,RO,Romania,Romanian,Liverpool FC (Organization),true,false,false,true,false,false,"Image pack, Video preview",300,1,,8,,,,10,,Lost,,https://legalbet.ro/centrul-de-pariere/echipe/liverpool/,,,2024-06-27 00:31:30,
pariuri esports,RO,Romania,Romanian,,false,false,true,false,true,true,Image pack,150,0,2.37,8,,,,6,,Lost,,https://legalbet.ro/rating-cybersport/,,,2024-06-14 05:41:04,
vivabet ro,RO,Romania,Romanian,Vivabet (Organization),true,false,true,true,true,false,Sitelinks,1100,64,0.56,,8,,,,16,New,,,,https://legalbet.ro/cazinouri/vivabet-casino/,,2026-06-26 06:28:02
etapa viitoare,RO,Romania,Romanian,Etapa viitoare (Work),true,false,false,true,false,false,"Image pack, Video preview",450,33,0.14,,8,,,,12,New,,,,https://legalbet.ro/centrul-de-pariere/astazi/,,2026-06-25 23:36:58
cod bonus game world,RO,Romania,English,Game World Casino (Organization),true,false,false,true,true,false,,150,48,0.76,1,7,6,,18,7,11,,https://legalbet.ro/bonus/gameworld-casino-50-rotiri-gratuite-fara-depunere-la-descarcarea-aplicatiei/,,https://legalbet.ro/bonus/game-world-casino-bonus-de-bun-venit-de-3500-de-lei-si-300-rotiri-gratuite/,2024-06-06 21:38:34,2026-05-19 06:41:58
pariuri ponturi,RO,Romania,Romanian,,false,false,false,true,false,false,"Top stories, Thumbnail",150,60,0.50,5,7,2,,11,9,2,Top stories,https://legalbet.ro/centrul-de-pariere/argentina-ecuador-10-06-2024/,,https://legalbet.ro/ponturi/,2024-06-09 23:54:22,2026-05-30 07:05:20
ponturi cota 2,RO,Romania,Romanian,Cota 2 (Organization),true,false,false,true,true,false,"Top stories, Thumbnail, Video preview",100,13,0.25,7,,,,6,,Lost,,https://legalbet.ro/ponturi/cota-2/,,,2024-06-19 20:04:05,
gets bet fotbal,RO,Romania,Romanian,Get's Bet (Organization),true,false,false,true,true,false,"Sitelinks, Video preview",8600,62,0.91,2,7,6,,28,25,3,,https://legalbet.ro/centrul-de-pariere/maine/,,https://legalbet.ro/case-de-pariuri/gets-bet/,2024-06-27 05:23:55,2026-06-21 04:18:32
aplicatie stanleybet,RO,Romania,Romanian,Stanleybet (Organization),true,false,false,true,true,true,Knowledge panel,100,2,0.61,7,,,,5,,Lost,,https://legalbet.ro/scoala-pariurilor/aplicatie-stanleybet-ghid-complet-pentru-pariuri-de-pe-mobil/,,,2024-06-20 22:59:39,
ce inseamna handicap la pariuri,RO,Romania,Romanian,,false,false,false,true,false,false,"Featured snippet, Thumbnail, Video preview, Knowledge panel",200,0,0.08,7,,,,9,,Lost,,https://legalbet.ro/scoala-pariurilor/handicapul-european/,,,2024-05-29 06:47:33,
reclamatii jocuri de noroc,RO,Romania,Romanian,,false,false,false,true,false,false,"AI Overview, Thumbnail",150,24,1.40,2,7,5,,13,8,5,,https://legalbet.ro/complaints/all/,,https://legalbet.ro/complaints/all/,2024-06-12 01:40:18,2026-06-21 16:41:59
meci astazi romania,RO,Romania,Romanian,Romania (Location),false,false,false,true,false,false,,100,58,0.04,11,7,-4,,3,5,-2,,https://legalbet.ro/centrul-de-pariere/astazi/,,https://legalbet.ro/centrul-de-pariere/astazi/,2024-06-10 16:51:35,2026-06-12 20:08:34
winner .ro,RO,Romania,,Winner.ro (Organization),true,false,true,true,false,false,"Sitelinks, Video preview, Bottom ads, Paid sitelinks",300,3,2.54,7,,,,10,,Lost,,https://legalbet.ro/feedback/winner/,,,2024-06-07 23:43:28,
case de pariuri cu bonus fara depunere,RO,Romania,Romanian,,false,false,false,true,true,false,Sitelinks,100,59,2.12,9,7,-1,,2,6,-4,,https://legalbet.ro/bonus/sets/fara-depunere-pariuri/,,https://legalbet.ro/bonus/sets/fara-depunere-pariuri/,2024-06-16 21:27:34,2026-06-08 01:07:55
fara depunere.ro,RO,Romania,Romanian,FaraDepunere.ro (Organization),true,false,true,true,true,false,,600,73,2.20,,7,,,,13,New,,,,https://legalbet.ro/%E2%AD%90,,2026-06-13 14:06:07
bonus la depunere fara rulaj,RO,Romania,Romanian,,false,false,false,true,true,false,Sitelinks,200,65,2.56,0,7,7,,24,8,16,,https://legalbet.ro/scoala-de-cazino/bonus-fara-rulaj/,,https://legalbet.ro/cazinouri/bonusuri/fara-rulaj/,2024-06-15 17:03:22,2026-06-07 12:22:29
get s,RO,Romania,,,false,false,false,true,false,false,Sitelinks,100,34,0.26,0,7,7,,28,5,23,,https://legalbet.ro/feedback/gets-bet/,,https://legalbet.ro/case-de-pariuri-licentiate/gets-bet/aplicatie/,2024-06-19 09:27:42,2026-06-04 03:12:44
p0wer bet,RO,Romania,Romanian,Powerbet (Organization),true,false,true,true,true,false,Sitelinks,100,63,0.79,,7,,,,6,New,,,,https://legalbet.ro/case-de-pariuri/powerbet/,,2026-06-09 04:48:34
predicții fotbal,RO,Romania,Romanian,,false,false,false,true,false,false,"Video preview, Image pack",450,13,0.28,7,,,,12,,Lost,,https://legalbet.ro/ponturi/sportul-fotbal/,,,2024-06-26 09:13:56,
meciuri acum,RO,Romania,Romanian,,false,false,false,true,false,false,,80,0,0.27,9,7,-2,,3,4,-1,,https://legalbet.ro/centrul-de-pariere/astazi/,,https://legalbet.ro/Centrul,2024-06-10 12:21:08,2026-06-25 22:02:07
poziții bayer leverkusen vs bayern,RO,Romania,Romanian,"Bayer Leverkusen (Organization), Bayern Munich (Organization)",true,false,false,true,false,false,"Image pack, Video preview",100,2,,7,,,,6,,Lost,,https://legalbet.ro/centrul-de-pariere/echipe/bayer-04/,,,2024-06-20 22:11:06,
meciuri azi live,RO,Romania,Romanian,,false,false,false,true,false,false,,300,53,0.21,0,7,7,,55,10,45,,https://legalbet.ro/centrul-de-pariere/maine/,,https://legalbet.ro/centrul-de-pariere/astazi/,2024-06-25 22:58:45,2026-05-14 16:00:42
win2 bonus fara depunere,RO,Romania,Romanian,Win2 (Organization),true,false,false,true,true,false,,250,51,0.74,,7,,,,9,New,,,,https://legalbet.ro/bonus/win2-casino-bonus-fr-depunere-222-rotiri-gratuite/,,2026-05-20 16:44:31
cod bilet fortuna,RO,Romania,Romanian,Fortuna (Organization),true,false,false,true,false,false,Video preview,100,33,,2,7,5,,12,6,6,,https://legalbet.ro/scoala-pariurilor/fortuna-bet-verificare-bilet-online/,,https://legalbet.ro/scoala-pariurilor/fortuna-bet-verificare-bilet-online/,2024-06-21 14:22:13,2026-05-29 17:25:54
retrageri betano,RO,Romania,Romanian,Betano (Organization),true,false,false,true,false,true,Sitelinks,100,0,2.41,1,7,6,,15,5,10,,https://legalbet.ro/scoala-pariurilor/casa-de-pariuri-betano-depuneri-i-retrageri/,,https://legalbet.ro/scoala-pariurilor/casa-de-pariuri-betano-depuneri-i-retrageri/,2024-06-21 04:48:39,2026-06-18 16:31:09
power. bet,RO,Romania,English,PowerBet (Organization),true,false,true,true,true,false,"Sitelinks, Bottom ads, Paid sitelinks",100,46,,,7,,,,5,New,,,,https://legalbet.ro/feedback/powerbet/,,2026-05-29 02:12:26
meci napoli azi,RO,Romania,Romanian,Napoli (Organization),true,false,false,true,false,false,"Video preview, Image pack",90,0,,7,,,,5,,Lost,,https://legalbet.ro/centrul-de-pariere/echipe/napoli/,,,2024-06-12 16:28:34,
jocuri de noroc cu rotiri gratuite,RO,Romania,Romanian,,false,false,false,true,true,false,,300,73,1.74,,7,,,,10,New,,,,https://legalbet.ro/cazinouri/rotiri-gratuite/,,2026-06-09 06:37:36
cont pariuri sportive,RO,Romania,Romanian,,false,false,false,true,true,false,Image pack,100,61,10.02,7,,,,6,,Lost,,https://legalbet.ro/case-de-pariuri-licentiate/,,,2024-06-09 13:24:10,
casa pariurilor download,RO,Romania,Romanian,Casa Pariurilor (Organization),true,false,false,false,true,true,Video preview,900,0,1.65,7,,,,16,,Lost,,https://legalbet.ro/scoala-pariurilor/pariuri-de-pe-mobil-la-casa-pariurilor-pas-cu-pas-despre-instalarea-aplicatiei-de-android-apk-si-ios/,,,2024-06-22 08:49:12,
ponturi bundesliga,RO,Romania,Romanian,Bundesliga (Event),true,false,false,true,false,false,Sitelinks,80,0,,2,7,5,,11,4,7,,https://legalbet.ro/ponturi/sportul-fotbal/bundesliga/,,https://legalbet.ro/ponturi/sportul-fotbal/bundesliga/,2024-06-21 07:39:20,2026-06-03 01:58:57
sport 888,RO,Romania,Romanian,888 Sport (Organization),true,false,true,true,true,true,Sitelinks,100,60,2.11,6,7,1,,8,6,2,,https://legalbet.ro/feedback/888-sport/,,https://legalbet.ro/case-de-pariuri/888-sport/,2024-06-27 08:48:40,2026-06-21 16:03:30
casa pariurilor aplicatie online,RO,Romania,Romanian,Casa Pariurilor (Organization),true,false,false,true,true,true,"Sitelinks, Video preview",80,3,0.99,7,,,,5,,Lost,,https://legalbet.ro/scoala-pariurilor/pariuri-de-pe-mobil-la-casa-pariurilor-pas-cu-pas-despre-instalarea-aplicatiei-de-android-apk-si-ios/,,,2024-06-20 22:58:29,
conti casino 50 rotiri gratuite,RO,Romania,Romanian,"Conti Casino (Organization), 50 Free Spins (Event)",true,false,false,true,true,false,,100,46,1.23,6,7,1,,7,6,1,,https://legalbet.ro/bonus/sets/conti-cazino/,,https://legalbet.ro/bonus/conti-cazino-50-de-rotiri-gratuite-n-fiecare-vineri/,2024-06-26 02:43:37,2026-06-15 23:25:27
totalbet verificare bilet,RO,Romania,Romanian,TotalBet (Organization),true,false,false,true,false,false,Sitelinks,100,57,0.60,,7,,,,6,New,,,,https://legalbet.ro/scoala-pariurilor/recenzia-casei-de-pariuri-totalbet/,,2026-06-10 15:20:57
betmen rotiri gratuite,RO,Romania,Romanian,"BetMen (Organization), BetMen free spins (Product)",true,false,false,true,true,true,,600,51,1.48,,7,,,,14,New,,,,https://legalbet.ro/bonus/betmen-casino-miercurea-rotirilor-100-rotiri-gratuite-la-shining-crown/,,2026-05-23 15:45:24
bonusuri casino online,RO,Romania,Romanian,,false,false,false,true,true,false,Sitelinks,90,76,3.66,1,7,6,,12,5,7,,https://legalbet.ro/cazinouri/bonusuri/bonusuri-la-inregistrare/,,https://legalbet.ro/cazinouri/,2024-06-14 22:20:24,2026-06-23 09:43:16
elite slots casino,RO,Romania,English,Elite Slots (Organization),true,false,true,true,true,false,"Sitelinks, Video preview, Image pack",350,0,0.76,7,,,,11,,Lost,,https://legalbet.ro/cazinouri/elite-slots/,,,2024-06-22 07:32:00,
bonus cazinou,RO,Romania,Romanian,,false,false,false,true,true,false,Sitelinks,200,68,5.15,0,7,7,,36,8,28,,https://legalbet.ro/cazinouri/bonusuri/bonusuri-la-inregistrare/,,https://legalbet.ro/cazinouri/bonusuri/bonusuri-la-inregistrare/,2024-06-21 16:51:57,2026-06-15 05:59:01
verificare bilet get's bet,RO,Romania,Romanian,Get's Bet (Organization),true,false,true,true,false,false,Video preview,90,43,0.58,,7,,,,5,New,,,,https://legalbet.ro/scoala-pariurilor/getsbet-verificare-bilet-online/,,2026-05-28 03:52:00
powerbet. ro,RO,Romania,,Powerbet (Organization),true,false,true,true,false,false,Sitelinks,90,37,0.80,,7,,,,5,New,,,,https://legalbet.ro/case-de-pariuri/powerbet/,,2026-06-03 04:16:25
oferte casino,RO,Romania,Romanian,,false,false,false,true,true,false,,5000,69,4.92,,7,,,,23,New,,,,https://legalbet.ro/cazinouri/rotiri-gratuite/,,2026-06-21 22:03:05
betfair bonus fara depunere,RO,Romania,Romanian,Betfair (Organization),true,false,false,true,true,false,Sitelinks,300,50,0.69,1,7,6,,19,10,9,,https://legalbet.ro/bonus/sets/bonus-betfair/,,https://legalbet.ro/bonus/sets/betfair-fara-depunere/,2024-06-12 12:38:10,2026-05-27 06:39:17
bonus casino,RO,Romania,English,,false,false,false,true,true,false,Sitelinks,6700,78,3.85,0,7,7,,41,24,17,,https://legalbet.ro/bonus/,,https://legalbet.ro/bonus/,2024-06-23 19:19:59,2026-06-21 13:17:31
la ce ora este meciul cu steaua in seara asta,RO,Romania,Romanian,Steaua București (Organization),true,false,false,true,false,false,"Video preview, Image pack",500,6,0.20,7,,,,13,,Lost,,https://legalbet.ro/centrul-de-pariere/astazi/,,,2024-06-06 13:31:19,
pariu bonus,RO,Romania,Romanian,,false,false,false,true,true,false,,150,58,2.28,8,7,-2,,6,7,-1,,https://legalbet.ro/rating-bonus/,,https://legalbet.ro/rating-bonus/,2024-06-08 17:32:33,2026-05-19 17:54:48
win 2 casino,RO,Romania,English,Win2 Casino (Organization),true,false,false,true,true,false,"Sitelinks, Image pack",90,11,1.39,7,,,,5,,Lost,,https://legalbet.ro/cazinouri/win2/,,,2024-06-07 19:46:22,
winmasters bonus,RO,Romania,English,Winmasters (Organization),true,false,false,true,true,false,Image pack,450,0,0.22,7,,,,12,,Lost,,https://legalbet.ro/bonus/sets/bonus-winmasters/,,,2024-06-14 02:28:33,
cazinouri noi bonus fara depunere,RO,Romania,Romanian,,false,false,false,true,true,false,Sitelinks,800,74,0.91,2,7,5,,17,15,2,,https://legalbet.ro/cazinouri/bonusuri/,,https://legalbet.ro/cazinouri/rotiri-gratuite/,2024-06-07 23:54:16,2026-06-20 20:58:17
efbet bonus,RO,Romania,English,Efbet (Organization),true,false,false,true,true,true,,90,51,4.72,0,7,7,,27,5,22,,https://legalbet.ro/bonus/,,https://legalbet.ro/cazinouri/efbet/,2024-06-12 09:40:08,2026-06-15 15:31:52
aplicatii pariuri sportive,RO,Romania,Romanian,,false,false,false,true,true,false,Sitelinks,150,65,15.56,12,7,-5,,5,7,-2,,https://legalbet.ro/case-de-pariuri-optimizate-pentru-mobil/,,https://legalbet.ro/aplicatii-pariuri-sportive/,2024-06-15 18:41:06,2026-06-03 21:04:59
bilete castigatoare winner,RO,Romania,Romanian,Winner (Event),true,false,false,true,false,false,"Image pack, Sitelinks",150,24,0.52,9,7,-3,,7,8,-1,,https://legalbet.ro/scoala-pariurilor/verificare-bilet-winner/,,https://legalbet.ro/scoala-pariurilor/verificare-bilet-winner/,2024-06-25 02:24:34,2026-05-20 05:20:53
poziții bundesliga,RO,Romania,Romanian,Bundesliga (Event),true,false,false,true,false,false,Image pack,250,2,,7,,,,10,,Lost,,https://legalbet.ro/centrul-de-pariere/echipe/wolfsburg/,,,2024-06-27 22:00:50,
pont pariuri,RO,Romania,Romanian,,false,false,false,true,false,false,,150,63,0.57,1,7,6,,15,8,7,,https://legalbet.ro/ponturi/,,https://legalbet.ro/ponturi/ponturile-de-astazi/,2024-06-15 16:41:25,2026-06-16 19:01:59
meciurile de azi la tv,RO,Romania,Romanian,,false,false,false,true,false,false,"Top stories, Thumbnail",250,58,0.08,0,7,7,,70,10,60,,https://legalbet.ro/alegerea-editorului/cine-transmite-euro-2024-in-romania-la-tv-sau-online/,,https://legalbet.ro/centrul-de-pariere/astazi/,2024-06-23 20:41:45,2026-06-25 19:00:42
888 casino bonus fara depunere,RO,Romania,Romanian,888 Casino (Organization),true,false,false,true,true,false,Sitelinks,2000,64,1.15,5,7,1,,16,19,-3,,https://legalbet.ro/bonus/888-cazino-25-lei-bonus-fr-depunere-la-inregistrare/,,https://legalbet.ro/alegerea-editorului/incepe-ti-aventura-la-888-casino-cu-88-de-rotiri/,2024-06-24 22:03:20,2026-06-20 19:03:41
fotbal european azi la tv,RO,Romania,Romanian,,false,false,false,true,false,false,,100,60,,0,7,7,,72,6,66,,https://legalbet.ro/centrul-de-pariere/astazi/,,https://legalbet.ro/centrul-de-pariere/astazi/,2024-06-25 03:17:56,2026-06-14 11:30:04
winmasters retragere,RO,Romania,Romanian,Winmasters (Organization),true,false,false,true,false,true,Sitelinks,100,0,1.14,5,7,1,,7,6,1,,https://legalbet.ro/scoala-pariurilor/casa-de-pariuri-winmasters-depuneri-si-retrageri/,,https://legalbet.ro/scoala-pariurilor/casa-de-pariuri-winmasters-depuneri-si-retrageri/,2024-06-12 09:57:50,2026-06-03 08:57:32
cod bonus,RO,Romania,Romanian,,false,false,false,true,true,false,,200,54,1.52,,7,,,,9,New,,,,https://legalbet.ro/bonus/sets/promotii/,,2026-05-30 01:04:21
bingo superbet,RO,Romania,Romanian,Superbet (Organization),true,false,false,true,true,false,Video preview,600,1,1.89,7,,,,15,,Lost,,https://legalbet.ro/centrul-de-pariere/argentina-canada-21-06-2024/,,,2024-06-19 17:09:45,
lucky 7,RO,Romania,English,Lucky 7 (Organization),true,false,false,true,false,false,"Sitelinks, Knowledge panel",600,62,0.72,,7,,,,7,New,,,,https://legalbet.ro/feedback/lucky-seven/,,2026-06-15 12:56:10
maxbet rotiri gratuite,RO,Romania,Romanian,MaxBet (Organization),true,false,false,true,true,false,Sitelinks,600,55,2.11,0,7,6,,36,14,22,,https://legalbet.ro/bonus/maxbet-cazino-350-de-rotiri-gratuite-la-verificarea-contului/,,https://legalbet.ro/bonus/maxbet-casino-150-rotiri-gratuite-fara-depunere-la-verificare/,2024-06-26 13:45:56,2026-06-07 07:38:26
biletul zilei la fotbal,RO,Romania,Romanian,Daily Ticket (Event),false,false,false,true,true,false,,100,61,0.40,2,6,5,,15,10,5,,https://legalbet.ro/biletul-zilei/,,https://legalbet.ro/biletul-zilei/,2024-06-11 14:02:12,2026-06-10 20:23:48
pariu fortuna,RO,Romania,Romanian,Fortuna (Organization),true,false,true,true,true,false,Sitelinks,150,55,0.71,11,6,-4,,5,7,-2,,https://legalbet.ro/scoala-pariurilor/primul-pariu-la-fortuna/,,https://legalbet.ro/case-de-pariuri/fortuna/,2024-06-22 04:44:54,2026-06-24 13:57:48
poziții vfb stuttgart,RO,Romania,Romanian,VfB Stuttgart (Organization),true,false,false,true,false,false,"Image pack, Video preview",90,0,,6,,,,5,,Lost,,https://legalbet.ro/centrul-de-pariere/echipe/stuttgart/,,,2024-06-11 20:47:48,
fotbal de azi,RO,Romania,Romanian,,false,false,false,true,false,false,,90,60,0.27,4,6,2,,7,5,2,,https://legalbet.ro/centrul-de-pariere/astazi/,,https://legalbet.ro/centrul-de-pariere/astazi/,2024-06-19 00:37:12,2026-06-03 22:35:43
paypal cazinouri,RO,Romania,Romanian,PayPal (Organization),true,false,false,true,true,false,Sitelinks,90,39,,0,6,6,,32,5,27,,https://legalbet.ro/scoala-de-cazino/ce-metode-alternative-exista-atunci-cand-nu-poti-sa-folosesti-paypal-casino-ca-metoda-de-plata-in-romania/,,https://legalbet.ro/cazinouri/sets/paypal/,2024-06-21 13:51:16,2026-06-14 09:39:37
pariu formula 1,RO,Romania,Romanian,Formula 1 (Event),true,false,false,false,true,true,"Image pack, Video preview",150,0,1.23,6,,,,8,,Lost,,https://legalbet.ro/case-de-pariuri/sets/case-de-pariuri-f1/,,,2024-06-21 05:22:15,
bonusuri cazinouri,RO,Romania,Romanian,,false,false,false,true,true,false,"Image pack, Bottom ads",100,37,0.54,6,,,,7,,Lost,,https://legalbet.ro/cazinouri/bonusuri/bonusuri-la-inregistrare/,,,2024-06-13 12:58:55,
winner verificare bilet fotbal,RO,Romania,Romanian,Winner (Organization),true,false,true,true,false,false,,100,52,0.46,4,6,3,,9,6,3,,https://legalbet.ro/scoala-pariurilor/recenzia-casei-de-pariuri-winnerbet/,,https://legalbet.ro/scoala-pariurilor/verificare-bilet-winner/,2024-06-15 02:17:31,2026-06-05 18:21:08
get bet cont,RO,Romania,English,,false,false,true,false,true,true,"Sitelinks, Video preview",100,42,1.14,0,6,6,,37,6,31,,https://legalbet.ro/bonus/gets-bet-50-de-lei-freebet-si-200-de-rotiri-gratuite-la-euro-2024/,,https://legalbet.ro/scoala-pariurilor/primul-pariu-la-gets-bet/,2024-06-25 04:40:16,2026-05-22 00:42:25
meciuri azi superbet,RO,Romania,Romanian,Superbet (Organization),true,false,true,true,true,true,"Video preview, Image pack",600,3,1.61,6,,,,14,,Lost,,https://legalbet.ro/centrul-de-pariere/maine/,,,2024-06-26 09:27:59,
următorul meci fcsb,RO,Romania,Romanian,FCSB (Organization),true,false,false,true,false,false,"Video preview, Image pack",150,13,,6,,,,8,,Lost,,https://legalbet.ro/centrul-de-pariere/echipe/FCSB/,,,2024-06-19 03:44:37,
rotiri gratuite 2024,RO,Romania,Romanian,,false,false,false,true,true,false,,150,69,,0,6,6,,26,7,19,,https://legalbet.ro/cazinouri/bonusuri/bonusuri-fara-depunere/,,https://legalbet.ro/cazinouri/rotiri-gratuite/,2024-06-16 10:41:08,2026-06-09 17:37:15
casa de pariuri excelbet,RO,Romania,Romanian,Excelbet (Organization),true,false,false,true,true,false,Sitelinks,150,42,1.20,2,6,4,,13,8,5,,https://legalbet.ro/case-de-pariuri/excelbet/,,https://legalbet.ro/case-de-pariuri/excelbet/,2024-06-10 14:25:02,2026-05-30 12:30:04
player casino rotiri gratuite,RO,Romania,Romanian,Player Casino (Organization),true,false,false,true,true,false,,150,59,1.78,0,6,6,,41,8,33,,https://legalbet.ro/alegerea-editorului/player-casino-ce-promotii-ai-cum-le-obtii-si-cum-le/,,https://legalbet.ro/bonus/player-casino-222-rotiri-gratuite-fara-depunere/,2024-06-20 18:45:17,2026-06-18 05:06:21
rezultatele meciurilor de azi,RO,Romania,Romanian,,false,false,false,true,false,false,Top ads,200,57,0.14,1,6,5,,16,9,7,,https://legalbet.ro/centrul-de-pariere/astazi/,,https://legalbet.ro/centrul-de-pariere/astazi/,2024-06-11 21:35:08,2026-05-13 22:55:19
aplicatie sportingbet,RO,Romania,Romanian,Sportingbet (Organization),true,false,false,true,true,true,"Video preview, Sitelinks",80,36,2.19,10,6,-4,,3,5,-2,,https://legalbet.ro/scoala-pariurilor/aplicatie-sportingbet/,,https://legalbet.ro/scoala-pariurilor/aplicatie-sportingbet/,2024-06-20 17:33:26,2026-05-22 17:49:01
promoti cazino,RO,Romania,Romanian,,false,false,false,true,true,false,,80,73,2.09,0,6,6,,33,5,28,,https://legalbet.ro/bonus/,,https://legalbet.ro/cazinouri/,2024-06-19 00:03:36,2026-06-20 14:32:43
winnerbet,RO,Romania,,WinnerBet (Organization),true,false,true,true,true,false,"Video preview, Image pack",300,6,0.96,6,,,,2,,Lost,,https://legalbet.ro/scoala-pariurilor/recenzia-casei-de-pariuri-winnerbet/,,,2024-06-22 16:22:09,
aplicatie superbet,RO,Romania,Romanian,Superbet (Organization),true,false,false,true,true,true,Video preview,700,59,1.22,17,6,-11,,14,15,-1,,https://legalbet.ro/scoala-pariurilor/superbet-aplicatie-ghid-complet-pentru-pariuri-de-pe-mobil/,,https://legalbet.ro/case-de-pariuri-licentiate/superbet/aplicatie/,2024-06-24 23:30:12,2026-06-21 06:11:11
lasvegascasino,RO,Romania,English,Las Vegas Casino (Organization),true,true,false,true,true,false,"Sitelinks, Knowledge panel, Video preview",100,55,0.44,,6,,,,2,New,,,,https://legalbet.ro/cazinouri/las-vegas/,,2026-05-28 12:56:29
liste us lecce vs ssc napoli,RO,Romania,Romanian,"US Lecce (Organization), SSC Napoli (Organization)",true,false,false,true,false,false,"Image pack, Video preview",80,0,,6,,,,5,,Lost,,https://legalbet.ro/centrul-de-pariere/napoli-lecce-26-05-2024/,,,2024-06-15 19:19:46,
casa pariurilor app,RO,Romania,Romanian,Casa Pariurilor (Organization),true,false,true,true,true,true,Video preview,500,0,3.66,6,,,,13,,Lost,,https://legalbet.ro/scoala-pariurilor/pariuri-de-pe-mobil-la-casa-pariurilor-pas-cu-pas-despre-instalarea-aplicatiei-de-android-apk-si-ios/,,,2024-06-26 13:45:06,
gets bet app,RO,Romania,English,Get's Bet app (Product),true,false,false,true,true,true,,150,55,1.12,10,6,-3,,5,7,-2,,https://legalbet.ro/scoala-pariurilor/aplicatie-gets-bet/,,https://legalbet.ro/case-de-pariuri-licentiate/gets-bet/aplicatie/,2024-06-26 15:29:12,2026-05-27 21:16:44
rotiri gratuite la înregistrare,RO,Romania,Romanian,,false,false,false,true,true,false,,150,72,,,6,,,,8,New,,,,https://legalbet.ro/cazinouri/rotiri-gratuite/,,2026-06-18 03:16:35
winner bet pariuri sportive,RO,Romania,Romanian,Winner (Organization),true,false,false,true,true,false,"Sitelinks, Bottom ads",100,30,2.44,4,6,2,,7,3,4,,https://legalbet.ro/scoala-pariurilor/recenzia-casei-de-pariuri-winnerbet/,,https://legalbet.ro/scoala-pariurilor/recenzia-casei-de-pariuri-winnerbet/,2024-06-10 23:55:31,2026-05-23 10:26:13
pariuri sportive get's bet,RO,Romania,Romanian,Get's Bet (Organization),true,false,true,true,true,true,Sitelinks,200,52,1.35,,6,,,,9,New,,,,https://legalbet.ro/feedback/gets-bet/,,2026-06-17 10:06:12
program seria a,RO,Romania,Romanian,Serie A (Event),true,false,false,true,false,false,"Video preview, Image pack",150,3,,6,,,,7,,Lost,,https://legalbet.ro/centrul-de-pariere/turnee/serie-a/,,,2024-06-22 04:58:58,
meci bucuresti azi,RO,Romania,Romanian,Bucharest (Location),false,true,false,true,false,false,,150,60,0.08,12,6,-6,,4,7,-3,,https://legalbet.ro/centrul-de-pariere/astazi/,,https://legalbet.ro/centrul-de-pariere/astazi/,2024-06-08 22:26:27,2026-06-18 22:19:19
verificare cont casa pariurilor,RO,Romania,Romanian,Casa Pariurilor (Organization),true,false,false,true,false,true,,150,0,0.89,3,6,4,,12,8,4,,https://legalbet.ro/scoala-pariurilor/primul-pariu-la-casa-pariurilor/,,https://legalbet.ro/scoala-pariurilor/primul-pariu-la-casa-pariurilor/,2024-06-20 13:26:51,2026-05-28 10:26:22
unibet pariuri sportive,RO,Romania,Romanian,Unibet (Organization),true,false,true,true,true,false,Sitelinks,600,42,0.28,,6,,,,14,New,,,,https://legalbet.ro/case-de-pariuri/unibet/,,2026-06-11 00:21:44
site pariuri,RO,Romania,Romanian,,false,false,true,false,true,true,"Top ads, Image pack, Bottom ads, Paid sitelinks",150,50,10.88,6,,,,5,,Lost,,https://legalbet.ro/case-de-pariuri-licentiate/,,,2024-06-13 11:40:28,
poziții fc u craiova 1948,RO,Romania,Romanian,FC U Craiova 1948 (Organization),true,false,false,true,false,false,"Knowledge panel, Video preview",200,0,,6,,,,9,,Lost,,https://legalbet.ro/centrul-de-pariere/echipe/fc_craiova_1948/,,,2024-06-24 03:28:52,
poziții bayern munchen,RO,Romania,Romanian,FC Bayern Munich (Organization),true,false,false,true,false,false,"Image pack, Video preview",100,1,,6,,,,7,,Lost,,https://legalbet.ro/centrul-de-pariere/echipe/bayern-munchen/,,,2024-06-18 23:34:38,
verificarea bilet superbet,RO,Romania,Romanian,Superbet (Organization),true,false,true,true,false,false,"Sitelinks, Video preview",800,45,3.23,,6,,,,15,New,,,,https://legalbet.ro/scoala-pariurilor/superbet-verificare-bilet-online/,,2026-06-16 10:57:48
aplicația superbet,RO,Romania,Romanian,Superbet (Product),true,false,true,true,true,true,"Video preview, Image pack",600,2,2.11,6,,,,14,,Lost,,https://legalbet.ro/scoala-pariurilor/superbet-aplicatie-ghid-complet-pentru-pariuri-de-pe-mobil/,,,2024-06-27 08:08:31,
winbet ro,RO,Romania,Romanian,Winbet (Organization),true,false,false,true,true,false,"Sitelinks, Video preview",5600,7,0.28,6,,,,24,,Lost,,https://legalbet.ro/feedback/winbet/,,,2024-06-27 02:41:55,
magic jackpot contact,RO,Romania,English,Magic Jackpot Casino (Organization),true,false,false,true,false,false,,150,37,2.02,0,6,6,,51,7,44,,https://legalbet.ro/cazinouri/magic-jackpot/,,https://legalbet.ro/cazinouri/magic-jackpot/,2024-06-25 04:30:41,2026-05-26 23:45:15
rotiri gratuite instant,RO,Romania,Romanian,,false,false,false,true,true,true,Sitelinks,80,72,2.75,0,6,6,,63,5,58,,https://legalbet.ro/bonus/betanocasino-400-rotiri-gratuite-fara-depunere/,,https://legalbet.ro/cazinouri/rotiri-gratuite/,2024-06-13 04:51:47,2026-06-15 22:02:24
888 casino 88 rotiri,RO,Romania,Romanian,888 Casino (Organization),true,false,false,true,true,false,,300,64,0.69,6,6,0,,13,11,2,,https://legalbet.ro/bonus/sets/888-casino/,,https://legalbet.ro/alegerea-editorului/incepe-ti-aventura-la-888-casino-cu-88-de-rotiri/,2024-06-22 12:08:25,2026-06-19 02:28:52
cota 2 pariuri,RO,Romania,Romanian,Cota 2 (Organization),true,false,false,true,true,false,Video preview,200,10,0.18,6,,,,10,,Lost,,https://legalbet.ro/ponturi/cota-2/,,,2024-06-16 12:29:13,
superbet apk,RO,Romania,English,Superbet (Organization),true,false,false,false,true,true,,800,71,1.50,8,6,-2,,16,15,1,,https://legalbet.ro/scoala-pariurilor/superbet-aplicatie-ghid-complet-pentru-pariuri-de-pe-mobil/,,https://legalbet.ro/case-de-pariuri-licentiate/superbet/aplicatie/,2024-06-25 02:07:04,2026-06-13 21:47:43
meciuri azi,RO,Romania,Romanian,,false,false,false,true,false,false,"Video preview, Image pack",54000,59,0.03,0,6,6,,33,6,27,,https://legalbet.ro/centrul-de-pariere/,,https://legalbet.ro/centrul-de-pariere/astazi/,2024-06-27 22:40:36,2026-06-21 20:13:20
superbet logare,RO,Romania,Romanian,Superbet (Organization),true,false,true,false,false,true,"Sitelinks, Video preview",500,9,0.86,6,,,,13,,Lost,,https://legalbet.ro/complaints/superbet/,,,2024-06-22 05:09:05,
meci real madrid azi,RO,Romania,Romanian,Real Madrid (Organization),true,false,false,true,false,false,"Video preview, Image pack",300,3,2.55,6,,,,8,,Lost,,https://legalbet.ro/centrul-de-pariere/echipe/real-madrid/,,,2024-06-24 11:42:26,
cote eurovision,RO,Romania,French,Eurovision Song Contest (Event),true,false,false,true,true,false,,80,44,,0,6,6,,29,5,24,,https://legalbet.ro/case-de-pariuri/sets/eurovision/,,https://legalbet.ro/case-de-pariuri/sets/eurovision/,2024-06-14 10:11:06,2026-06-23 14:18:47
player ro,RO,Romania,Romanian,Player Casino (Organization),true,false,false,true,true,false,"Sitelinks, Video preview",2800,0,0.96,6,,,,21,,Lost,,https://legalbet.ro/feedback/player/,,,2024-06-27 22:55:53,
poziții werder bremen,RO,Romania,Romanian,SV Werder Bremen (Organization),true,false,false,true,false,false,Image pack,90,1,,6,,,,6,,Lost,,https://legalbet.ro/centrul-de-pariere/echipe/werder/,,,2024-06-26 08:21:12,
verificare bilet winner bet,RO,Romania,Romanian,Winner Bet (Organization),true,false,false,true,false,false,,100,59,0.42,0,6,6,,22,7,15,,https://legalbet.ro/scoala-pariurilor/verificare-bilet-winner/,,https://legalbet.ro/scoala-pariurilor/verificare-bilet-winner/,2024-06-25 15:02:19,2026-06-18 19:15:59
ponturi bune biletul zilei,RO,Romania,Romanian,Daily Ticket (Product),true,false,false,true,false,false,,100,60,0.27,0,6,6,,24,7,17,,https://legalbet.ro/ponturi/,,https://legalbet.ro/ponturi/maine/,2024-06-10 18:46:35,2026-05-26 05:24:45
win2 casino romania,RO,Romania,English,"Win2 Casino (Organization), Romania (Location)",true,false,true,true,true,true,"Sitelinks, Video preview",90,0,,6,,,,6,,Lost,,https://legalbet.ro/cazinouri/win2/,,,2024-06-08 03:40:34,
poziții chelsea vs newcastle united,RO,Romania,Romanian,"Chelsea (Organization), Newcastle United (Organization)",true,false,false,true,false,false,"Image pack, Video preview",100,1,,6,,,,7,,Lost,,https://legalbet.ro/centrul-de-pariere/echipe/newcastle/,,,2024-06-26 05:16:26,
cat dureaza o retragere la winner,RO,Romania,Romanian,Winner (Organization),true,false,false,true,false,false,,100,7,0.98,4,6,2,,9,6,3,,https://legalbet.ro/complaints/winner/,,https://legalbet.ro/complaints/winner/,2024-06-23 15:11:58,2026-06-07 06:56:30
ponturi tenis astazi,RO,Romania,Romanian,,false,false,false,true,false,false,,100,3,0.70,2,6,4,,11,6,5,,https://legalbet.ro/ponturi/sportul-tenis/,,https://legalbet.ro/ponturi/sportul-tenis/,2024-06-05 08:29:44,2026-06-02 07:08:56
casa pariurilor cont,RO,Romania,Romanian,Casa Pariurilor (Organization),true,false,true,true,false,false,Image pack,250,1,1.24,6,,,,11,,Lost,,https://legalbet.ro/scoala-pariurilor/primul-pariu-la-casa-pariurilor/,,,2024-06-02 02:42:31,
meci de fotbal azi romania,RO,Romania,Romanian,Romania (Location),false,false,false,true,false,false,,80,62,0.17,6,6,0,,5,5,,,https://legalbet.ro/centrul-de-pariere/astazi/,,https://legalbet.ro/centrul-de-pariere/astazi/,2024-06-10 22:10:54,2026-06-21 15:32:52
pariu gratuit,RO,Romania,Romanian,,false,false,false,true,true,false,,80,41,2.85,2,6,4,,10,5,5,,https://legalbet.ro/bonus/sets/fara-depunere-pariuri/,,https://legalbet.ro/bonus/sets/fara-depunere-pariuri/,2024-06-14 10:03:56,2026-06-15 19:40:22
888sport bonus,RO,Romania,English,888sport (Organization),true,false,false,true,true,false,,100,63,1.45,1,6,5,,15,6,9,,https://legalbet.ro/case-de-pariuri/888-sport/,,https://legalbet.ro/case-de-pariuri/888-sport/,2024-06-26 07:07:20,2026-05-19 22:20:55
tipseri profesionisti,RO,Romania,Romanian,,false,false,false,true,false,false,,100,59,,12,6,-6,,4,6,-2,,https://legalbet.ro/expert/,,https://legalbet.ro/expert/,2024-06-06 07:40:30,2026-06-07 12:04:58
pariuri sigure,RO,Romania,Romanian,,false,false,false,true,false,false,,150,64,1.07,0,6,6,,27,8,19,,https://legalbet.ro/ponturi/,,https://legalbet.ro/ponturi/,2024-06-10 14:57:12,2026-05-25 13:43:47
admiral bonus,RO,Romania,English,AdmiralBet (Organization),true,false,false,true,true,false,Sitelinks,150,60,1.42,0,6,6,,32,8,24,,https://legalbet.ro/bonus/sets/bonus-admiral/,,https://legalbet.ro/bonus/admiral-150-ron-freebet-la-inregistrare-plus-200-crestere-profit/,2024-06-13 11:15:29,2026-06-21 01:25:29
winner bet online,RO,Romania,English,Winner Bet (Organization),true,false,false,true,true,false,Sitelinks,100,12,2.64,6,,,,7,,Lost,,https://legalbet.ro/scoala-pariurilor/recenzia-casei-de-pariuri-winnerbet/,,,2024-06-24 19:07:14,
poziții man city vs fulham,RO,Romania,Romanian,"Manchester City (Organization), Fulham (Organization)",true,false,false,true,false,false,"Videos, Image pack",100,1,,6,,,,8,,Lost,,https://legalbet.ro/centrul-de-pariere/echipe/manchester-city/,,,2024-06-22 04:43:07,
superbet bilet virtual,RO,Romania,Romanian,Superbet (Organization),true,false,false,true,false,false,"Sitelinks, Video preview",100,8,0.99,1,6,5,,15,6,9,,https://legalbet.ro/complaints/superbet/,,https://legalbet.ro/scoala-pariurilor/superbet-verificare-bilet-online/,2024-06-11 18:20:54,2026-05-20 00:44:47
meci duminica,RO,Romania,Romanian,,false,false,false,true,false,false,Video preview,200,58,0.06,,6,,,,9,New,,,,https://legalbet.ro/centrul-de-pariere/astazi/,,2026-06-15 09:54:14
bilete pariuri azi,RO,Romania,Romanian,,false,false,false,true,true,false,"Video preview, Image pack",150,33,0.54,6,,,,8,,Lost,,https://legalbet.ro/biletul-zilei/,,,2024-06-07 03:57:45,
verificare bilet totalbet,RO,Romania,Romanian,TotalBet (Organization),true,false,false,true,false,false,Sitelinks,90,54,0.33,1,6,4,,12,6,6,,https://legalbet.ro/scoala-pariurilor/recenzia-casei-de-pariuri-totalbet/,,https://legalbet.ro/scoala-pariurilor/recenzia-casei-de-pariuri-totalbet/,2024-06-11 17:58:29,2026-06-15 14:47:05
poziții alavés,RO,Romania,Romanian,Deportivo Alavés (Organization),true,false,false,true,false,false,Image pack,150,2,,6,,,,8,,Lost,,https://legalbet.ro/centrul-de-pariere/alaves-atletico-madrid-21-04-2024/,,,2024-06-22 04:46:15,
poziții brentford vs man city,RO,Romania,Romanian,"Brentford (Organization), Manchester City (Organization)",true,false,false,true,false,false,"Video preview, Image pack",100,0,,6,,,,7,,Lost,,https://legalbet.ro/centrul-de-pariere/brentford-manchester-city-05-02-2024/,,,2024-06-13 18:36:33,
site uri casino bonus fara depunere,RO,Romania,Romanian,,false,false,false,true,true,false,Sitelinks,150,75,3.64,0,6,6,,74,8,66,,https://legalbet.ro/alegerea-editorului/25-lei-gratis-la-winmasters-fara-depunere-si-o-super/,,https://legalbet.ro/cazinouri/rotiri-gratuite/,2024-06-15 13:27:45,2026-05-23 11:09:27
admiral casino bonus,RO,Romania,English,Admiral Casino (Organization),true,false,false,true,true,false,,200,59,1.65,0,6,6,,37,9,28,,https://legalbet.ro/bonus/admiral-casino-bonus-de-bun-venit-de-pana-la-5000-de-lei/,,https://legalbet.ro/bonus/sets/bonus-admiral/,2024-06-23 04:50:48,2026-06-11 13:04:49
f1 pariuri,RO,Romania,Romanian,Formula 1 (Event),true,false,true,false,true,true,"Image pack, Video preview",100,0,0.81,6,,,,7,,Lost,,https://legalbet.ro/case-de-pariuri/sets/case-de-pariuri-f1/,,,2024-06-19 08:57:16,
cod bonus seven casino,RO,Romania,English,Seven Casino (Organization),true,false,false,true,true,false,,150,55,0.77,0,6,6,,40,8,32,,https://legalbet.ro/bonus/seven-casino-2800-de-lei-si-720-de-rotiri-gratuite-bonus-de-bun-venit/,,https://legalbet.ro/cazinouri/seven-casino/,2024-06-24 22:23:19,2026-06-09 06:56:28
fortuna casa de pariuri,RO,Romania,Romanian,Fortuna (Organization),true,false,false,true,true,false,"Sitelinks, Video preview",80,45,1.16,6,6,0,,5,5,,,https://legalbet.ro/case-de-pariuri/fortuna/,,https://legalbet.ro/feedback/fortuna/,2024-06-07 17:06:12,2026-05-30 07:34:37
bonus admiral,RO,Romania,English,AdmiralBet (Organization),true,false,false,true,true,false,,100,52,1.43,0,6,6,,35,7,28,,https://legalbet.ro/bonus/sets/bonus-admiral/,,https://legalbet.ro/bonus/sets/bonus-admiral/,2024-06-21 03:47:30,2026-06-08 20:23:32
rotiri gratuite fara depunere 2024,RO,Romania,Romanian,,false,false,false,true,true,false,Sitelinks,90,71,2.25,5,6,1,,25,6,19,,https://legalbet.ro/cazinouri/bonusuri/bonusuri-fara-depunere/,,https://legalbet.ro/cazinouri/rotiri-gratuite/,2024-06-24 17:04:47,2026-05-20 22:44:51
verificare bilet baumbet,RO,Romania,Romanian,Baumbet (Organization),true,false,true,true,false,false,Sitelinks,100,46,0.54,2,6,3,,13,7,6,,https://legalbet.ro/scoala-pariurilor/baumbet-verificare-bilet-online/,,https://legalbet.ro/scoala-pariurilor/baumbet-verificare-bilet-online/,2024-06-16 05:06:38,2026-06-10 03:30:53
stanleybet cod bonus,RO,Romania,English,Stanleybet (Organization),true,false,false,true,true,false,,200,58,2.73,0,6,6,,51,9,42,,https://legalbet.ro/centrul-de-pariere/,,https://legalbet.ro/bonus/sets/stanleybet/,2024-06-18 22:29:07,2026-06-17 07:52:06
jocuri online cazino,RO,Romania,Romanian,,false,false,false,true,true,true,,150,82,4.02,0,5,5,,42,8,34,,https://legalbet.ro/cazinouri/,,https://legalbet.ro/cazinouri/,2024-06-11 17:33:37,2026-06-24 19:57:43
win2 rotiri gratuite,RO,Romania,Romanian,Win2 (Organization),true,false,false,true,true,false,,200,51,,0,5,5,,32,9,23,,https://legalbet.ro/cazinouri/win2/,,https://legalbet.ro/bonus/win2-casino-bonus-fr-depunere-222-rotiri-gratuite/,2024-06-21 09:22:03,2026-05-21 04:07:39
pariuri 888,RO,Romania,Romanian,888 (Organization),true,false,false,true,true,false,,200,43,2.14,9,5,-4,,9,9,,,https://legalbet.ro/scoala-pariurilor/casa-de-pariuri-888-sport-depuneri-si-retrageri/,,https://legalbet.ro/case-de-pariuri/888-sport/,2024-06-14 01:45:40,2026-05-19 23:06:45
verificare bilete superbet,RO,Romania,Romanian,Superbet (Organization),true,false,false,true,false,false,"Sitelinks, Video preview",450,64,3.41,0,5,5,,25,13,12,,https://legalbet.ro/scoala-pariurilor/superbet-verificare-bilet-online/,,https://legalbet.ro/scoala-pariurilor/superbet-verificare-bilet-online/,2024-06-25 00:06:40,2026-06-20 08:25:50
magic jackpot pareri,RO,Romania,Romanian,Magic Jackpot (Organization),true,false,false,true,false,false,Sitelinks,90,56,1.95,1,5,4,,8,6,2,,https://legalbet.ro/cazinouri/magic-jackpot/,,https://legalbet.ro/cazinouri/magic-jackpot/,2024-06-24 21:18:08,2026-06-09 22:44:39
betmen.ro pariuri,RO,Romania,Romanian,BetMen (Organization),true,false,true,true,true,true,Sitelinks,90,20,0.60,,5,,,,6,New,,,,https://legalbet.ro/case-de-pariuri/betmen/,,2026-05-27 09:06:04
program tv meciuri fotbal azi,RO,Romania,Romanian,,false,false,false,true,false,false,,200,50,0.01,0,5,5,,69,10,59,,https://legalbet.ro/centrul-de-pariere/maine/,,https://legalbet.ro/centrul-de-pariere/astazi/,2024-06-23 01:48:54,2026-05-23 23:33:21
casa pariurilor mobile,RO,Romania,Romanian,Casa Pariurilor (Organization),true,false,true,true,true,true,Video preview,200,0,1.45,5,,,,9,,Lost,,https://legalbet.ro/scoala-pariurilor/pariuri-de-pe-mobil-la-casa-pariurilor-pas-cu-pas-despre-instalarea-aplicatiei-de-android-apk-si-ios/,,,2024-06-21 08:50:20,
superbet mobile,RO,Romania,English,Superbet (Organization),true,false,true,true,true,true,"Video preview, Image pack",100,1,1.75,5,,,,7,,Lost,,https://legalbet.ro/scoala-pariurilor/superbet-aplicatie-ghid-complet-pentru-pariuri-de-pe-mobil/,,,2024-06-08 07:00:34,
bonus bun venit fara depunere,RO,Romania,Romanian,,false,false,false,true,true,false,,200,69,4.15,0,5,5,,89,10,79,,https://legalbet.ro/cazinouri/bonusuri/bonusuri-fara-depunere/,,https://legalbet.ro/cazinouri/rotiri-gratuite/,2024-06-14 21:50:19,2026-05-19 08:17:48
bonus 888sport,RO,Romania,English,888sport (Organization),true,false,false,true,true,false,,90,67,1.45,2,5,3,,10,6,4,,https://legalbet.ro/case-de-pariuri/888-sport/,,https://legalbet.ro/case-de-pariuri/888-sport/,2024-06-06 17:02:27,2026-06-05 23:58:33
rotiri gratuite fara depunere casa pariurilor,RO,Romania,Romanian,,false,false,false,true,true,false,"Image pack, Video preview",200,0,1.98,5,,,,9,,Lost,,https://legalbet.ro/bonus/casa-pariurilor-bonus-rotiri-gratuite/,,,2024-06-25 03:58:26,
publicwin bonus,RO,Romania,English,PublicWin (Organization),true,false,false,true,true,false,,150,57,1.15,1,5,4,,16,9,7,,https://legalbet.ro/bonus/sets/bonus-publicwin/,,https://legalbet.ro/bonus/,2024-06-06 10:08:10,2026-06-02 06:12:52
meci aseara,RO,Romania,Romanian,,false,false,false,true,false,false,,150,60,0.38,0,5,5,,83,9,74,,https://legalbet.ro/centrul-de-pariere/astazi/,,https://legalbet.ro/centrul-de-pariere/astazi/,2024-06-23 08:54:40,2026-06-14 16:34:45
poziții southampton fc,RO,Romania,Romanian,Southampton FC (Organization),true,false,false,true,false,false,Image pack,150,1,,5,,,,8,,Lost,,https://legalbet.ro/centrul-de-pariere/echipe/southampton/,,,2024-06-22 16:14:30,
netbet ro,RO,Romania,Romanian,NetBet (Organization),true,false,true,true,true,false,"Sitelinks, Image pack, Video preview",1100,3,0.73,5,,,,17,,Lost,,https://legalbet.ro/feedback/netbet/,,,2024-06-24 19:33:43,
biletul zilei alin,RO,Romania,Romanian,"Alin (Person), Biletul Zilei (Event)",true,false,false,true,false,false,,150,53,,,5,,,,9,New,,,,https://legalbet.ro/ponturi/maine/,,2026-06-23 07:43:46
program stanleybet de sarbatori,RO,Romania,Romanian,Stanleybet (Organization),true,false,false,true,false,false,Sitelinks,90,20,,4,5,2,,8,6,2,,https://legalbet.ro/alegerea-editorului/stanleybet-program-sarbatori-de-iarna-2022-2023/,,https://legalbet.ro/alegerea-editorului/stanleybet-program-sarbatori-de-iarna-2022-2023/,2024-06-13 11:32:51,2026-06-24 06:25:42
superliga meciuri,RO,Romania,Romanian,Superliga (Event),true,false,false,true,false,false,"Knowledge panel, Video preview",400,7,0.61,5,,,,13,,Lost,,https://legalbet.ro/centrul-de-pariere/turnee/liga-i/,,,2024-06-27 06:02:24,
mozzart bet,RO,Romania,Romanian,Mozzart Bet (Organization),true,false,true,true,true,false,,7300,53,0.41,0,5,5,,20,4,16,,https://legalbet.ro/feedback/mozzart/,,https://legalbet.ro/feedback/mozzart/,2024-06-27 13:45:50,2026-06-16 17:06:11
pe ce program joaca romania azi,RO,Romania,Romanian,Romania (Location),false,false,false,true,false,false,"Top stories, Thumbnail, Knowledge panel",17000,4,0.09,5,,,,28,,Lost,,https://legalbet.ro/centrul-de-pariere/astazi/,,,2024-06-27 06:35:17,
stanleybet rotiri fara depunere,RO,Romania,Romanian,Stanleybet (Organization),true,false,false,true,true,false,"Video preview, Image pack",150,0,1.17,5,,,,9,,Lost,,https://legalbet.ro/bonus/stanleybet-cazino-120-de-rotiri-fara-depunere/,,,2024-06-20 02:58:42,
handicap pariuri,RO,Romania,Romanian,,false,false,false,true,false,false,AI Overview,150,0,0.65,7,5,-1,,9,11,-2,,https://legalbet.ro/scoala-pariurilor/handicapul-european/,,https://legalbet.ro/scoala-pariurilor/handicapul-asiatic/,2024-06-08 11:46:17,2026-05-23 18:34:42
verificare casa pariurilor,RO,Romania,Romanian,Casa Pariurilor (Organization),true,false,false,true,false,false,,150,12,0.68,1,5,4,,15,9,6,,https://legalbet.ro/scoala-pariurilor/casa-pariurilor-verificare-bilet-online/,,https://legalbet.ro/scoala-pariurilor/primul-pariu-la-casa-pariurilor/,2024-06-19 21:49:00,2026-06-26 02:42:37
casa pariuri fortuna,RO,Romania,Romanian,"Casa Pariurilor (Organization), Fortuna (Organization)",true,false,false,true,true,false,Sitelinks,80,30,0.55,5,5,0,,5,5,,,https://legalbet.ro/case-de-pariuri/fortuna/,,https://legalbet.ro/feedback/fortuna/,2024-06-22 09:53:59,2026-06-05 16:28:38
pariul zilei,RO,Romania,Romanian,Daily Bet (Event),false,false,false,true,false,false,"Top stories, Thumbnail, Video preview, Image pack",300,36,0.28,5,,,,15,,Lost,,https://legalbet.ro/biletul-zilei/,,,2024-06-27 00:31:47,
jocuri casino fara depunere,RO,Romania,Romanian,,false,false,false,true,true,false,,200,73,2.86,0,5,5,,83,10,73,,https://legalbet.ro/cazinouri/bonusuri/bonusuri-fara-depunere/,,https://legalbet.ro/cazinouri/rotiri-gratuite/,2024-06-27 08:02:50,2026-05-25 22:36:25
cote pariuri sportive,RO,Romania,Romanian,,false,false,true,true,true,true,"Image pack, Video preview",200,43,0.70,5,,,,10,,Lost,,https://legalbet.ro/rating-cote/,,,2024-06-12 07:24:45,
program superbet sarbatori,RO,Romania,Romanian,Superbet (Organization),true,false,false,true,false,false,AI Overview,200,57,,1,5,4,,16,11,5,,https://legalbet.ro/alegerea-editorului/superbet-program-sarbatori-de-iarna-2022-2023/,,https://legalbet.ro/alegerea-editorului/program-sarbatori-superbet/,2024-06-21 10:57:00,2026-06-12 01:29:25
verificare bilete winner,RO,Romania,Romanian,Winner (Organization),true,false,false,true,false,false,,100,56,0.13,1,5,4,,15,7,8,,https://legalbet.ro/scoala-pariurilor/verificare-bilet-winner/,,https://legalbet.ro/scoala-pariurilor/verificare-bilet-winner/,2024-06-18 22:09:41,2026-06-19 14:05:51
descarca aplicatia superbet,RO,Romania,Romanian,Superbet (Organization),true,false,false,false,true,true,"Sitelinks, Video preview",600,6,1.30,5,,,,15,,Lost,,https://legalbet.ro/scoala-pariurilor/superbet-aplicatie-ghid-complet-pentru-pariuri-de-pe-mobil/,,,2024-06-25 15:51:32,
meciurile de tenis de azi,RO,Romania,Romanian,,false,false,false,true,false,false,"Image pack, Video preview",9200,7,0.30,5,,,,27,,Lost,,https://legalbet.ro/centrul-de-pariere/astazi/,,,2024-06-27 01:07:10,
agentie gets bet,RO,Romania,Romanian,Get's Bet (Organization),true,false,false,true,true,false,"Image pack, Knowledge panel",150,0,,5,,,,8,,Lost,,https://legalbet.ro/scoala-pariurilor/casa-de-pariuri-gets-bet-depuneri-si-retrageri/,,,2024-06-11 18:18:57,
bonusuri fara depunere casino,RO,Romania,Romanian,,false,false,false,true,true,false,Sitelinks,200,74,3.18,0,5,5,,54,10,44,,https://legalbet.ro/cazinouri/bonusuri/,,https://legalbet.ro/cazinouri/rotiri-gratuite/,2024-06-11 17:32:56,2026-05-29 05:36:05
superbet aplicatie android,RO,Romania,Romanian,"Superbet (Organization), Android (Product)",true,false,false,true,true,true,,150,67,1.96,3,5,2,,12,9,3,,https://legalbet.ro/scoala-pariurilor/superbet-aplicatie-ghid-complet-pentru-pariuri-de-pe-mobil/,,https://legalbet.ro/case-de-pariuri-licentiate/superbet/aplicatie/,2024-06-16 23:56:14,2026-06-09 00:25:58
casino nou bonus fara depunere,RO,Romania,Romanian,,false,false,false,true,true,false,,1000,73,0.76,0,5,5,,84,17,67,,https://legalbet.ro/cazinouri/bonusuri/bonusuri-fara-depunere/,,https://legalbet.ro/cazinouri/rotiri-gratuite/,2024-06-23 03:45:46,2026-06-10 23:16:55
seven casino rotiri gratuite,RO,Romania,Romanian,Seven Casino (Organization),true,false,false,true,true,false,,200,57,0.99,0,5,5,,21,10,11,,https://legalbet.ro/bonus/seven-casino-77-rotiri-gratuite-fr-depunere-la-verificarea-contului/,,https://legalbet.ro/cazinouri/seven-casino/,2024-06-27 16:32:39,2026-05-22 14:08:57
cote pariuri fotbal azi,RO,Romania,Romanian,,false,false,false,true,true,true,,400,60,0.27,70,5,-65,,2,13,-11,,https://legalbet.ro/centrul-de-pariere/,,https://legalbet.ro/ponturi/maine/,2024-06-21 13:24:44,2026-06-02 15:21:22
cashpot rotiri gratuite,RO,Romania,Romanian,CashPot (Organization),true,false,false,true,true,false,,400,59,0.70,0,5,5,,54,13,41,,https://legalbet.ro/cazinouri/cashpot/,,https://legalbet.ro/cazinouri/rotiri-gratuite/,2024-06-25 12:17:26,2026-06-12 04:13:04
bonus rotiri fara depunere,RO,Romania,Romanian,,false,false,false,true,true,false,,250,74,5.05,0,5,5,,75,11,64,,https://legalbet.ro/cazinouri/bonusuri/bonusuri-fara-depunere/,,https://legalbet.ro/cazinouri/rotiri-gratuite/,2024-06-22 17:39:45,2026-06-12 11:56:11
seven bet,RO,Romania,Romanian,Seven Bet (Organization),true,false,true,true,true,false,"Image pack, Video preview",500,0,0.52,5,,,,14,,Lost,,https://legalbet.ro/feedback/seven/,,,2024-06-21 02:57:29,
skrill cazinouri,RO,Romania,Romanian,Skrill (Product),true,false,false,true,true,false,,80,0,0.74,0,5,5,,45,6,39,,https://legalbet.ro/case-de-pariuri/sets/skrill/,,https://legalbet.ro/cazinouri/sets/skrill/,2024-06-25 11:58:19,2026-06-08 05:31:04
scor corect fotbal,RO,Romania,Romanian,,false,false,false,true,false,false,,150,33,0.48,3,5,2,,10,8,2,,https://legalbet.ro/scoala-pariurilor/pariuri-scor-corect-fotbal/,,https://legalbet.ro/scoala-pariurilor/pariuri-scor-corect-fotbal/,2024-06-17 17:41:58,2026-05-30 09:53:51
poziții liga 1,RO,Romania,Romanian,Liga 1 (Event),true,false,false,true,false,false,"Image pack, Video preview",82000,28,1.03,5,,,,37,,Lost,,https://legalbet.ro/centrul-de-pariere/turnee/liga-i/,,,2024-06-27 04:29:34,
casa de pariuri online,RO,Romania,Romanian,Casa Pariurilor (Organization),true,false,false,true,true,true,"Bottom ads, Paid sitelinks",300,81,8.02,15,5,-10,,5,10,-5,,https://legalbet.ro/case-de-pariuri-licentiate/,,https://legalbet.ro/case-de-pariuri-licentiate/,2024-06-17 22:39:58,2026-06-14 23:56:35
rotiri fara depunere si fara rulaj,RO,Romania,Romanian,,false,false,false,true,true,false,,200,65,4.87,0,5,5,,26,10,16,,https://legalbet.ro/scoala-de-cazino/bonus-fara-rulaj/,,https://legalbet.ro/cazinouri/rotiri-gratuite/,2024-06-14 12:00:42,2026-05-30 01:29:35
bilet virtual superbet,RO,Romania,Romanian,Superbet (Organization),true,false,false,true,true,false,"Sitelinks, Video preview",80,6,0.68,0,5,5,,27,6,21,,https://legalbet.ro/feedback/superbet/,,https://legalbet.ro/scoala-pariurilor/superbet-verificare-bilet-online/,2024-06-19 15:14:56,2026-05-20 21:04:04
poziții sevilla fc,RO,Romania,Romanian,Sevilla FC (Organization),true,false,false,true,false,false,Knowledge panel,80,0,,5,,,,7,,Lost,,https://legalbet.ro/centrul-de-pariere/echipe/sevilla/,,,2024-06-24 10:19:57,
meciuri din feyenoord,RO,Romania,Romanian,Feyenoord (Organization),true,false,false,true,false,false,"Video preview, Image pack",150,0,,5,,,,9,,Lost,,https://legalbet.ro/centrul-de-pariere/echipe/feyenoord/,,,2024-06-22 03:44:50,
efortuna casino,RO,Romania,Romanian,eFortuna Casino (Organization),true,false,true,true,true,true,"Sitelinks, Image pack, Video preview",1500,6,0.47,5,,,,19,,Lost,,https://legalbet.ro/feedback/fortuna/,,,2024-06-23 22:01:35,
spinuri fara depunere,RO,Romania,Romanian,,false,false,false,true,true,true,Sitelinks,100,69,3.68,,5,,,,7,New,,,,https://legalbet.ro/cazinouri/rotiri-gratuite/,,2026-06-12 06:27:04
seven rotiri gratuite,RO,Romania,Romanian,Seven Pounds (Work),true,false,false,true,false,false,,150,60,1.61,0,5,5,,22,9,13,,https://legalbet.ro/bonus/seven-casino-77-rotiri-gratuite-fr-depunere-la-verificarea-contului/,,https://legalbet.ro/cazinouri/seven-casino/,2024-06-25 23:00:34,2026-06-02 02:31:02
poziții al fateh vs al-nassr,RO,Romania,Romanian,"Al Fateh (Organization), Al-Nassr (Organization)",true,false,false,true,false,false,"Video preview, Image pack",200,0,,5,,,,10,,Lost,,https://legalbet.ro/centrul-de-pariere/al-nassr-al-hilal-16-05-2024/,,,2024-06-08 03:47:42,
pariuri eurovision,RO,Romania,Romanian,Eurovision Song Contest (Event),true,false,false,true,true,true,"Bottom ads, Paid sitelinks",100,0,,1,5,4,,17,8,9,,https://legalbet.ro/case-de-pariuri/sets/eurovision/,,https://legalbet.ro/case-de-pariuri/sets/eurovision/,2024-06-27 11:19:14,2026-05-25 21:42:02
bonus de ziua ta,RO,Romania,Romanian,,false,false,false,true,true,false,,450,61,0.86,5,5,0,,13,14,-1,,https://legalbet.ro/bonus/bonus-de-ziua-ta-betano/,,https://legalbet.ro/bonus/bonus-de-ziua-ta-betano/,2024-05-28 03:08:34,2026-06-27 03:45:39
rotiri gratuite fara depunere fara rulaj,RO,Romania,Romanian,,false,false,false,true,true,false,Bottom ads,400,72,3.78,0,5,5,,39,13,26,,https://legalbet.ro/alegerea-editorului/25-lei-gratis-la-winmasters-fara-depunere-si-o-super/,,https://legalbet.ro/cazinouri/rotiri-gratuite/,2024-06-12 17:35:51,2026-06-10 14:34:46
eldorado casino 120 rotiri gratuite,RO,Romania,Romanian,Eldorado Casino (Organization),true,false,false,true,true,false,,80,54,1.43,0,5,5,,31,6,25,,https://legalbet.ro/bonus/stanleybet-cazino-120-de-rotiri-fara-depunere/,,https://legalbet.ro/cazinouri/eldorado/,2024-06-19 18:56:08,2026-06-23 09:11:19
meciuri amicale între cluburi,RO,Romania,Romanian,,false,false,false,true,false,false,"Knowledge panel, Image pack, Video preview",400,0,,5,,,,13,,Lost,,https://legalbet.ro/centrul-de-pariere/turnee/cluburi-de-meciuri-amicale/,,,2024-06-24 05:15:08,
bonus fara depunere cazino,RO,Romania,Romanian,,false,false,false,true,true,false,Sitelinks,150,74,5.82,0,5,5,,62,9,53,,https://legalbet.ro/bonus/,,https://legalbet.ro/cazinouri/rotiri-gratuite/,2024-06-16 02:43:16,2026-05-19 18:32:38
meci liverpool azi,RO,Romania,Romanian,Liverpool (Organization),true,false,false,true,false,false,"Video preview, Image pack",150,1,,5,,,,6,,Lost,,https://legalbet.ro/centrul-de-pariere/echipe/liverpool/,,,2024-06-22 17:54:32,
pariuri pro,RO,Romania,Romanian,,false,false,false,true,false,false,,100,56,1.43,0,5,5,,56,7,49,,https://legalbet.ro/ponturi/,,https://legalbet.ro/ponturi/,2024-06-15 13:26:43,2026-06-24 18:23:30
player rotiri gratuite,RO,Romania,Romanian,,false,false,false,true,false,false,Sitelinks,150,53,1.28,0,5,5,,39,9,30,,https://legalbet.ro/alegerea-editorului/cele-mai-noi-jocuri-de-la-player-casino/,,https://legalbet.ro/bonus/player-222-rotiri-gratuite-fr-depunere/,2024-06-20 21:50:34,2026-06-10 10:37:36
rotiri fără depunere,RO,Romania,Romanian,,false,false,false,true,true,false,Sitelinks,700,73,2.72,0,5,5,,97,16,81,,https://legalbet.ro/cazinouri/rotiri-gratuite/,,https://legalbet.ro/cazinouri/rotiri-gratuite/,2024-06-16 15:17:06,2026-06-14 01:22:05
poziții fc köln,RO,Romania,Romanian,1. FC Köln (Organization),true,false,false,true,false,false,"Image pack, Video preview",90,1,,5,,,,7,,Lost,,https://legalbet.ro/centrul-de-pariere/echipe/keln/,,,2024-06-14 03:19:10,
poziții manchester united vs wolves,RO,Romania,Romanian,"Manchester United (Organization), Wolverhampton Wanderers (Organization)",true,false,false,true,false,false,"Videos, Image pack",150,2,,5,,,,9,,Lost,,https://legalbet.ro/centrul-de-pariere/manchester-united-wolverhampton-wanderers-13-05-2023/,,,2024-06-24 01:09:33,
fortuna bonus de bun venit,RO,Romania,Romanian,Fortuna (Organization),true,false,false,true,true,false,"Featured snippet, Thumbnail, Video preview, Image pack, Bottom ads, Paid sitelinks",100,0,2.86,5,,,,9,,Lost,,https://legalbet.ro/bonus/fortuna-sport-bonus-de-bun-venit-de-150-lei-50-lei-la-verificare/,,,2024-06-15 05:36:14,
888sport romania,RO,Romania,English,"888sport (Organization), Romania (Location)",true,false,true,true,true,true,,100,61,,0,5,5,,24,8,16,,https://legalbet.ro/feedback/888-sport/,,https://legalbet.ro/feedback/888-sport/,2024-06-27 15:13:32,2026-05-22 04:51:27
favbet bonus,RO,Romania,English,Favbet (Organization),true,false,false,true,true,false,"Video preview, Image pack",90,0,2.96,5,,,,8,,Lost,,https://legalbet.ro/bonus/sets/bonus-favbet/,,,2024-06-15 08:14:34,
superbet instalare,RO,Romania,Romanian,Superbet (Organization),true,false,false,false,true,true,"Sitelinks, Video preview",200,69,1.18,1,5,3,,16,10,6,,https://legalbet.ro/scoala-pariurilor/superbet-aplicatie-ghid-complet-pentru-pariuri-de-pe-mobil/,,https://legalbet.ro/case-de-pariuri-licentiate/superbet/aplicatie/,2024-05-29 19:11:07,2026-05-25 22:27:42
casino winbet,RO,Romania,English,Winbet (Organization),true,false,true,true,true,true,"Sitelinks, Video preview",100,4,0.60,5,,,,7,,Lost,,https://legalbet.ro/feedback/winbet/,,,2024-06-23 10:14:07,
ponturi pariuri sportive fotbal azi,RO,Romania,Romanian,,false,false,false,true,true,false,"Sitelinks, Video preview, Image pack",100,28,0.45,5,,,,14,,Lost,,https://legalbet.ro/ponturi/,,,2024-06-13 02:30:11,
cote fotbal,RO,Romania,Romanian,,false,false,false,true,true,true,,150,51,0.44,8,5,-3,,4,9,-5,,https://legalbet.ro/centrul-de-pariere/,,https://legalbet.ro/centrul-de-pariere/,2024-06-08 20:27:44,2026-05-26 15:08:29
fara depunere casino,RO,Romania,Romanian,,false,false,false,true,true,false,,200,74,3.94,0,5,5,,91,10,81,,https://legalbet.ro/bonus/sets/fara-depunere-pariuri/,,https://legalbet.ro/cazinouri/rotiri-gratuite/,2024-06-24 23:06:51,2026-06-07 07:22:59
bonusuri la depunere,RO,Romania,Romanian,,false,false,false,true,true,false,"Image pack, Video preview",200,11,3.11,5,,,,11,,Lost,,https://legalbet.ro/rating-bonus/,,,2024-06-27 12:02:01,
bonusuri,RO,Romania,Romanian,,false,false,false,true,true,false,,700,70,1.81,1,5,4,,17,12,5,,https://legalbet.ro/cazinouri/bonusuri/bonusuri-la-inregistrare/,,https://legalbet.ro/bonus/,2024-06-13 18:13:51,2026-06-15 09:02:13
magnum bet 50 rotiri,RO,Romania,Romanian,Magnum Bet (Organization),true,false,false,true,true,false,Sitelinks,150,57,0.89,0,5,4,,26,9,17,,https://legalbet.ro/cazinouri/magnum-casino/,,https://legalbet.ro/cazinouri/magnum-casino/,2024-06-20 04:03:20,2026-06-26 16:37:45
winboss casino,RO,Romania,Romanian,WinBoss Casino (Organization),true,false,false,true,true,false,"Sitelinks, Video preview, Image pack",1700,0,0.76,5,,,,20,,Lost,,https://legalbet.ro/cazinouri/winboss/,,,2024-06-22 01:40:01,
meciuri amicale internaționale,RO,Romania,Romanian,,false,false,false,true,false,false,"Videos, Image pack, Video preview",100,0,,5,,,,7,,Lost,,https://legalbet.ro/centrul-de-pariere/turnee/meciuri-amicale/,,,2024-06-11 14:18:56,
fotbal azi romania,RO,Romania,Romanian,Romania (Location),false,false,false,true,false,false,,150,60,0.04,,5,,,,5,New,,,,https://legalbet.ro/centrul-de-pariere/astazi/,,2026-05-21 20:53:30
baumbet,RO,Romania,Romanian,Baum.bet (Organization),true,false,false,true,true,false,Sitelinks,3100,46,1.21,0,5,5,,8,3,5,,https://legalbet.ro/feedback/baumbet/,,https://legalbet.ro/feedback/baumbet/,2024-06-26 07:32:20,2026-06-14 19:55:56
biletul zilei pariuri,RO,Romania,Romanian,Daily Ticket (Event),false,false,false,true,false,false,,200,57,0.26,1,5,4,,13,10,3,,https://legalbet.ro/biletul-zilei/,,https://legalbet.ro/biletul-zilei/,2024-06-15 14:05:50,2026-05-19 06:45:56
100 rotiri gratuite fara depunere,RO,Romania,Romanian,,false,false,false,true,true,false,,2100,64,1.74,0,5,4,,27,21,6,,https://legalbet.ro/bonus/manhattan-casino-250-rotiri-gratuite-la-slotul-the-dog-house/,,https://legalbet.ro/cazinouri/rotiri-gratuite/,2024-06-24 09:59:23,2026-06-12 01:42:39
bilet superbet,RO,Romania,Romanian,Superbet (Organization),true,false,false,true,true,true,Video preview,500,45,0.88,,4,,,,13,New,,,,https://legalbet.ro/scoala-pariurilor/superbet-verificare-bilet-online/,,2026-06-26 01:05:57
poziții union berlin,RO,Romania,Romanian,1. FC Union Berlin (Organization),true,false,false,true,false,false,Image pack,100,0,,4,,,,10,,Lost,,https://legalbet.ro/centrul-de-pariere/echipe/sporting-braga/,,,2024-06-14 17:46:06,
sport bonus,RO,Romania,English,Sport&Bonus (Organization),true,false,false,true,true,false,"Top ads, Paid sitelinks, Thumbnail, Image pack, Video preview",600,0,0.13,4,,,,15,,Lost,,https://legalbet.ro/bonus/gets-bet-sport-bonus-de-bun-venit-special-in-perioada-euro-2024/,,,2024-06-22 20:34:19,
poziții premier league,RO,Romania,Romanian,Premier League (Event),true,false,false,true,false,false,Knowledge panel,450,2,0.52,4,,,,14,,Lost,,https://legalbet.ro/centrul-de-pariere/turnee/premier-league/,,,2024-06-27 17:03:51,
verificare bilet mozzart,RO,Romania,Romanian,Mozzartbet (Organization),true,false,false,true,false,false,Sitelinks,80,43,0.01,0,4,4,,16,2,14,,https://legalbet.ro/scoala-pariurilor/verificare-bilet-online-mozzartbet/,,https://legalbet.ro/scoala-pariurilor/verificare-bilet-online-mozzartbet/,2024-06-25 13:27:36,2026-05-22 07:13:58
fortuna apk,RO,Romania,English,Fortuna (Product),true,false,false,false,true,true,Video preview,100,0,0.62,4,,,,7,,Lost,,https://legalbet.ro/scoala-pariurilor/aplicatie-fortuna-ghid-complet-pentru-pariuri-de-pe-mobil/,,,2024-06-12 22:13:55,
statistici fotbal pronosticuri,RO,Romania,Romanian,,false,false,false,true,true,false,,150,54,0.22,0,4,4,,28,10,18,,https://legalbet.ro/centrul-de-pariere/echipe/botosani/,,https://legalbet.ro/ponturi/sportul-fotbal/,2024-06-13 22:13:47,2026-06-06 09:34:45
betano online,RO,Romania,English,Betano (Organization),true,false,false,true,true,false,"Top ads, Paid sitelinks, Sitelinks, Video preview, Bottom ads",300,25,1.89,4,,,,12,,Lost,,https://legalbet.ro/feedback/betano/,,,2024-06-26 06:10:41,
jocuri cu rotiri gratuite,RO,Romania,Romanian,,false,false,false,true,true,false,,150,73,2.85,,4,,,,9,New,,,,https://legalbet.ro/cazinouri/rotiri-gratuite/,,2026-05-29 22:47:02
netbet bonus fara depunere,RO,Romania,Romanian,NetBet (Organization),true,false,false,true,true,false,,1300,50,1.48,0,4,4,,48,19,29,,https://legalbet.ro/bonus/netbet-bonus-fara-depunere/,,https://legalbet.ro/bonus/netbet-casino-100-rotiri-gratuite-fara-depunere/,2024-06-22 04:02:21,2026-06-15 06:41:24
stanleybet casino online,RO,Romania,English,Stanleybet (Organization),true,false,true,true,true,true,"Sitelinks, Image pack",150,2,0.32,4,,,,10,,Lost,,https://legalbet.ro/cazinouri/stanleybet/,,,2024-06-16 00:59:33,
pariu sansa progresiv superbet,RO,Romania,Romanian,"Superbet (Organization), Pariul Șansă Progresiv (Event)",true,false,false,true,false,false,People also ask,90,57,0.75,0,4,4,,44,7,37,,https://legalbet.ro/alegerea-editorului/pariu-sansa-superbet/,,https://legalbet.ro/alegerea-editorului/pariu-sansa-superbet/,2024-06-24 06:34:28,2026-06-26 06:56:43
betano. ro,RO,Romania,,Betano.ro (Organization),true,false,true,false,false,false,"Sitelinks, Image pack, Video preview",1300,21,1.72,4,,,,19,,Lost,,https://legalbet.ro/feedback/betano/,,,2024-06-25 21:30:26,
getsbet fotbal,RO,Romania,Romanian,Getsbet (Organization),true,false,true,true,true,true,Video preview,2100,60,,0,4,4,,36,21,15,,https://legalbet.ro/bonus/gets-bet-sport-bonus-de-bun-venit-special-in-perioada-euro-2024/,,https://legalbet.ro/case-de-pariuri/gets-bet/,2024-06-08 15:35:29,2026-06-25 23:59:35
agentii pariuri sportive,RO,Romania,Romanian,,false,false,false,true,true,false,"Local pack, Sitelinks",200,80,4.57,14,4,-9,,5,10,-5,,https://legalbet.ro/case-de-pariuri-licentiate/,,https://legalbet.ro/case-de-pariuri-licentiate/,2024-06-15 03:58:34,2026-06-27 02:07:52
bonusuri fără depunere,RO,Romania,Romanian,,false,false,false,true,true,false,,200,72,3.25,0,4,4,,70,10,60,,https://legalbet.ro/cazinouri/bonusuri/bonusuri-fara-depunere/,,https://legalbet.ro/cazinouri/rotiri-gratuite/,2024-06-18 20:48:44,2026-06-09 08:15:35
poziții fcsb,RO,Romania,Romanian,FCSB (Organization),true,false,false,true,false,false,"Video preview, Image pack",450,13,1.21,4,,,,14,,Lost,,https://legalbet.ro/centrul-de-pariere/echipe/FCSB/,,,2024-06-27 03:46:34,
vlad cazino rotiri gratuite fara depunere,RO,Romania,Romanian,Vlad Cazino (Organization),true,false,false,true,true,false,"Sitelinks, Video preview",1000,57,1.38,0,4,4,,83,18,65,,https://legalbet.ro/alegerea-editorului/olanda-are-nevoie-de-un-egal-cu-austria-pentru-a-fi/,,https://legalbet.ro/bonus/sets/vlad-cazino/,2024-06-26 17:20:55,2026-06-16 02:39:10
maxbet download,RO,Romania,English,MaxBet (Organization),true,false,false,false,true,true,"Sitelinks, Video preview",100,35,1.61,4,,,,9,,Lost,,https://legalbet.ro/scoala-pariurilor/aplicatie-maxbet/,,,2024-06-23 09:21:19,
win2 casino bonus fara depunere,RO,Romania,Romanian,Win2 Casino (Organization),true,false,false,true,true,false,,150,51,1.11,0,4,4,,24,9,15,,https://legalbet.ro/cazinouri/win2/,,https://legalbet.ro/bonus/win2-casino-bonus-fr-depunere-222-rotiri-gratuite/,2024-06-15 19:55:23,2026-05-19 07:16:28
tabel combinatii pariuri sportive,RO,Romania,Romanian,,false,false,false,true,false,false,Image pack,100,0,0.53,3,4,2,,10,8,2,,https://legalbet.ro/scoala-pariurilor/ghid-pariuri-sportive/,,https://legalbet.ro/scoala-pariurilor/calculator-pariuri/,2024-06-15 00:13:54,2026-06-20 12:49:28
verificare gets bet,RO,Romania,Romanian,Get's Bet (Organization),true,false,true,true,false,false,Image pack,150,0,0.46,4,,,,9,,Lost,,https://legalbet.ro/scoala-pariurilor/casa-de-pariuri-gets-bet-depuneri-si-retrageri/,,,2024-06-10 06:17:22,
rotiri gratuite fara verificare,RO,Romania,Romanian,,false,false,false,true,true,false,Sitelinks,150,73,2.22,0,4,4,,83,9,74,,https://legalbet.ro/scoala-de-cazino/bonus-fara-rulaj/,,https://legalbet.ro/cazinouri/rotiri-gratuite/,2024-06-14 14:49:45,2026-06-20 16:16:24
casa pariurilor bonus fara depunere 100 lei,RO,Romania,Romanian,,false,false,false,true,true,false,Sitelinks,150,47,1.32,0,4,4,,22,9,13,,https://legalbet.ro/bonus/sets/casa-pariurilor-casino/,,https://legalbet.ro/bonus/casa-pariurilor-pariu-gratuit-100-lei-pentru-inregistrare-si-depunere/,2024-06-07 16:44:11,2026-05-28 06:19:54
cashpot casino online,RO,Romania,English,CashPot (Organization),true,false,true,true,true,true,"Sitelinks, Video preview, Image pack",150,2,0.61,4,,,,10,,Lost,,https://legalbet.ro/cazinouri/cashpot/,,,2024-06-23 09:18:36,
oferta excelbet,RO,Romania,Romanian,ExcelBet (Organization),true,false,false,true,true,false,Sitelinks,90,24,0.62,0,4,4,,35,7,28,,https://legalbet.ro/centrul-de-pariere/maine/,,https://legalbet.ro/case-de-pariuri/excelbet/,2024-06-18 19:41:08,2026-06-09 18:08:32
max bet bonus,RO,Romania,English,MaxBet (Organization),true,false,false,true,true,false,Sitelinks,100,56,4.30,0,4,4,,51,8,43,,https://legalbet.ro/feedback/maxbet/,,https://legalbet.ro/bonus/sets/bonus-maxbet/,2024-06-13 04:55:53,2026-06-15 10:58:58
echipa națională de fotbal a camerunului,RO,Romania,Romanian,Cameroon national football team (Organization),true,false,false,true,false,false,"Knowledge panel, Image pack, Video preview",150,1,,4,,,,10,,Lost,,https://legalbet.ro/centrul-de-pariere/echipe/cameroon/,,,2024-06-20 02:50:48,
poziții uefa nations league,RO,Romania,Romanian,UEFA Nations League (Event),true,false,false,true,false,false,Image pack,250,4,,4,,,,12,,Lost,,https://legalbet.ro/centrul-de-pariere/turnee/nations-league/,,,2024-06-27 03:26:55,
gets bet download,RO,Romania,English,Get's Bet (Organization),true,false,false,false,true,true,Sitelinks,150,54,1.06,8,4,-4,,7,10,-3,,https://legalbet.ro/scoala-pariurilor/aplicatie-gets-bet/,,https://legalbet.ro/case-de-pariuri-licentiate/gets-bet/aplicatie/,2024-05-30 08:02:46,2026-06-16 11:12:47
888 casino app,RO,Romania,English,888 Casino (Organization),true,false,false,true,true,true,,150,45,3.30,0,4,4,,23,9,14,,https://legalbet.ro/scoala-pariurilor/aplicatie-888casino/,,https://legalbet.ro/scoala-pariurilor/aplicatie-888casino/,2024-06-23 20:36:15,2026-06-15 03:34:48
ponturi tenis sigure azi,RO,Romania,Romanian,,false,false,false,true,false,true,,100,5,0.58,4,4,0,,9,8,1,,https://legalbet.ro/ponturi/sportul-tenis/,,https://legalbet.ro/ponturi/sportul-tenis/,2024-06-19 17:18:38,2026-06-25 15:29:46
oferta de azi la superbet fotbal,RO,Romania,Romanian,Superbet (Organization),true,false,false,true,true,true,"Video preview, Image pack",2200,4,1.57,4,,,,22,,Lost,,https://legalbet.ro/centrul-de-pariere/astazi/,,,2024-06-27 09:25:40,
pronostic fotbal azi,RO,Romania,Romanian,,false,false,false,true,false,false,,150,57,0.30,3,4,1,,11,10,1,,https://legalbet.ro/ponturi/sportul-fotbal/,,https://legalbet.ro/ponturi/sportul-fotbal/,2024-06-13 20:25:57,2026-06-18 15:08:20
poziții fc voluntari,RO,Romania,Romanian,FC Voluntari (Organization),true,false,false,true,false,false,"Image pack, Video preview",90,1,,4,,,,7,,Lost,,https://legalbet.ro/centrul-de-pariere/echipe/voluntari/,,,2024-06-27 04:52:24,
sport 888 live,RO,Romania,English,888 (Organization),true,false,true,false,true,true,Video preview,150,6,0.57,4,,,,9,,Lost,,https://legalbet.ro/case-de-pariuri/888-sport/,,,2024-06-23 12:59:34,
bonus fara depunere instant,RO,Romania,Romanian,,false,false,false,true,true,false,Sitelinks,150,73,4.21,0,4,4,,27,10,17,,https://legalbet.ro/cazinouri/bonusuri/bonusuri-fara-depunere/,,https://legalbet.ro/cazinouri/rotiri-gratuite/,2024-06-20 11:24:29,2026-05-28 09:19:24
casa pariurilor bonus de bun venit,RO,Romania,Romanian,Casa Pariurilor (Organization),true,false,false,true,true,false,"Featured snippet, Image pack",150,1,5.08,4,,,,10,,Lost,,https://legalbet.ro/bonus/casa-pariurilor-casino-pn-la-2-100-de-lei-si-500-rotiri-bonus-de-bun-venit/,,,2024-06-10 04:26:58,
lista meciuri,RO,Romania,Romanian,,false,false,false,true,false,false,,80,62,,6,4,-2,,5,7,-2,,https://legalbet.ro/centrul-de-pariere/astazi/,,https://legalbet.ro/centrul-de-pariere/astazi/,2024-06-09 21:27:46,2026-06-14 16:27:56
cazinouri online sigure,RO,Romania,Romanian,,false,false,false,true,true,false,,80,81,,0,4,4,,61,7,54,,https://legalbet.ro/cazinouri/,,https://legalbet.ro/cazinouri/,2024-06-10 02:28:21,2026-06-05 05:21:48
777 rotiri gratuite,RO,Romania,Romanian,,false,false,false,true,true,false,,150,32,5.24,1,4,3,,18,10,8,,https://legalbet.ro/bonus/player-casino-bonus-de-bun-venit-de-2-000-de-lei-i-777-de-rotiri-gratuite/,,https://legalbet.ro/bonus/player-casino-777-rotiri-gratuite-fara-depunere/,2024-06-19 22:29:29,2026-05-25 17:10:35
betano loto,RO,Romania,Romanian,"Betano (Organization), Loto (Event)",true,false,false,true,false,false,Sitelinks,600,19,1.25,7,4,-3,,19,16,3,,https://legalbet.ro/alegerea-editorului/jackpoturi-pe-loterii-internationale-exclusiv-la-betano/,,https://legalbet.ro/alegerea-editorului/jackpoturi-pe-loterii-internationale-exclusiv-la-betano/,2024-06-27 05:38:06,2026-06-13 01:20:16
888 bonus fara depunere,RO,Romania,Romanian,888 Casino (Organization),true,false,false,true,true,false,"Video preview, Image pack",150,0,1.18,4,,,,10,,Lost,,https://legalbet.ro/bonus/888-cazino-25-lei-bonus-fr-depunere-la-inregistrare/,,,2024-06-19 22:29:57,
favbet bonus fara depunere,RO,Romania,Romanian,Favbet (Organization),true,false,false,true,true,false,,350,59,1.52,1,4,3,,19,14,5,,https://legalbet.ro/bonus/sets/bonus-favbet/,,https://legalbet.ro/bonus/favbet-casino-300-rotiri-gratuite-la-verificarea-contului/,2024-06-11 23:38:00,2026-06-24 08:24:43
poziții leicester city,RO,Romania,Romanian,Leicester City (Organization),true,false,false,true,false,false,Image pack,80,1,,4,,,,7,,Lost,,https://legalbet.ro/centrul-de-pariere/echipe/leicester-city/,,,2024-06-26 17:06:38,
sloturi,RO,Romania,Romanian,,false,false,false,true,true,false,,1000,75,2.01,0,4,4,,25,19,6,,https://legalbet.ro/cazinouri/sloturi/,,https://legalbet.ro/jocuri-cazinouri-gratis/sets/sloturi/,2024-06-24 21:53:13,2026-06-15 05:50:14
site pronosticuri fotbal,RO,Romania,Romanian,,false,false,false,true,false,false,,150,58,0.31,3,4,1,,11,9,2,,https://legalbet.ro/ponturi/sportul-fotbal/,,https://legalbet.ro/ponturi/sportul-fotbal/,2024-06-07 09:20:23,2026-06-20 13:55:05
predictii pariuri biletul zilei,RO,Romania,Romanian,Daily Betting Ticket (Product),true,false,false,true,false,false,,100,65,1.08,0,4,4,,21,8,13,,https://legalbet.ro/ponturi/,,https://legalbet.ro/ponturi/maine/,2024-06-26 05:34:10,2026-06-21 01:18:07
super bet online,RO,Romania,English,Superbet (Organization),true,false,true,true,true,true,"Sitelinks, Video preview",150,11,2.36,4,,,,10,,Lost,,https://legalbet.ro/feedback/superbet/,,,2024-06-23 05:18:49,
sportingbet bonus fara depunere,RO,Romania,Romanian,Sportingbet (Organization),true,false,false,true,true,false,"Image pack, Bottom ads, Paid sitelinks",150,0,2.19,4,,,,9,,Lost,,https://legalbet.ro/bonus/sets/bonus-sportingbet/,,,2024-06-23 22:46:45,
getbet,RO,Romania,,GetsBet (Organization),true,false,false,true,true,false,Sitelinks,1600,49,0.43,0,4,4,,11,3,8,,https://legalbet.ro/feedback/gets-bet/,,https://legalbet.ro/feedback/gets-bet/,2024-06-27 02:21:07,2026-06-22 06:19:05
jocuri cu rotiri gratuite fara depunere,RO,Romania,Romanian,,false,false,false,true,true,false,,150,69,3.07,0,4,4,,81,9,72,,https://legalbet.ro/cazinouri/rotiri-gratuite/,,https://legalbet.ro/cazinouri/rotiri-gratuite/,2024-06-11 16:20:09,2026-05-16 11:52:28
don casino bonus fara depunere,RO,Romania,Romanian,Don Casino (Organization),true,false,false,true,true,false,"Image pack, Video preview, Bottom ads, Paid sitelinks",200,0,1.12,4,,,,11,,Lost,,https://legalbet.ro/cazinouri/doncasino/,,,2024-06-20 03:20:07,
cod bonus stanleybet fara depunere,RO,Romania,Romanian,Stanleybet (Organization),true,false,false,true,true,false,Sitelinks,80,55,0.91,0,4,4,,22,7,15,,https://legalbet.ro/bonus/stanleybet-cazino-120-de-rotiri-fara-depunere/,,https://legalbet.ro/bonus/stanleybet-pariu-gratuit-fara-depunere-50-lei/,2024-06-21 20:58:49,2026-05-30 03:38:37
agentii pariuri,RO,Romania,Romanian,,false,false,false,true,true,false,"Local pack, Sitelinks",150,82,6.12,9,4,-5,,5,11,-6,,https://legalbet.ro/case-de-pariuri-licentiate/,,https://legalbet.ro/case-de-pariuri-licentiate/,2024-06-11 12:02:22,2026-05-27 23:03:33
efortuna bonus de bun venit,RO,Romania,Romanian,eFortuna (Organization),true,false,false,true,true,false,Video preview,150,0,4.32,4,,,,10,,Lost,,https://legalbet.ro/bonus/fortuna-sport-bonus-de-bun-venit-de-150-lei-50-lei-la-verificare/,,,2024-06-08 03:25:10,
superbet flashscore,RO,Romania,,"Superbet (Organization), Flashscore (Product)",true,false,true,true,false,false,"Sitelinks, Image pack, Video preview",250,34,2.16,4,,,,12,,Lost,,https://legalbet.ro/complaints/superbet/,,,2024-06-13 12:55:59,
888 pariuri,RO,Romania,Romanian,888 Sport (Organization),true,false,false,true,true,false,,150,49,3.39,9,4,-5,,7,10,-3,,https://legalbet.ro/feedback/888-sport/,,https://legalbet.ro/case-de-pariuri/888-sport/,2024-06-24 21:06:37,2026-06-05 04:11:07
lord of ocean gratis,RO,Romania,Romanian,Lord of the Ocean (Work),true,false,false,false,false,false,,100,24,,,4,,,,8,New,,,,https://legalbet.ro/jocuri-cazinouri-gratis/lord-of-the-ocean/,,2026-06-02 11:01:15
mozzart bet casino,RO,Romania,English,Mozzart Bet (Organization),true,false,true,true,true,false,"Top ads, Paid sitelinks, Video preview, Bottom ads",200,5,2.41,4,,,,11,,Lost,,https://legalbet.ro/feedback/mozzart/,,,2024-06-13 13:08:21,
furtuna pariu,RO,Romania,Romanian,Fortuna (Organization),true,false,false,true,true,false,"Sitelinks, Video preview, Image pack",100,6,0.56,4,,,,8,,Lost,,https://legalbet.ro/case-de-pariuri/fortuna/,,,2024-06-15 17:08:37,
meciuri duminica,RO,Romania,Romanian,,false,false,false,true,false,false,,100,60,0.21,0,4,4,,35,8,27,,https://legalbet.ro/centrul-de-pariere/maine/,,https://legalbet.ro/centrul-de-pariere/astazi/,2024-06-26 23:08:09,2026-06-16 15:03:28
oferte casino rotiri gratuite,RO,Romania,Romanian,,false,false,false,true,true,false,Sitelinks,100,71,2.82,0,4,4,,100,8,92,,https://legalbet.ro/cazinouri/bonusuri/bonusuri-la-inregistrare/,,https://legalbet.ro/cazinouri/rotiri-gratuite/,2024-06-25 07:35:45,2026-06-22 01:57:30
pariuri liga 1,RO,Romania,Romanian,Liga 1 (Event),false,false,false,true,true,true,,100,9,1.17,8,4,-4,,3,8,-5,,https://legalbet.ro/centrul-de-pariere/turnee/liga-i/,,https://legalbet.ro/centrul-de-pariere/turnee/liga-i/,2024-06-15 00:45:56,2026-05-27 06:39:06
predictii handbal,RO,Romania,Romanian,,false,false,false,true,true,false,,150,0,0.79,3,4,1,,11,10,1,,https://legalbet.ro/ponturi/sportul-handbal/,,https://legalbet.ro/ponturi/sportul-handbal/,2024-06-26 21:35:09,2026-05-27 18:51:36
program fotbal azi,RO,Romania,Romanian,,false,false,false,true,false,false,,90,58,,0,4,4,,64,7,57,,https://legalbet.ro/centrul-de-pariere/astazi/,,https://legalbet.ro/centrul-de-pariere/astazi/,2024-06-11 22:40:53,2026-05-29 09:23:11
bilete pariuri sportive,RO,Romania,Romanian,,false,false,true,false,true,true,"Video preview, Image pack",200,33,1.17,4,,,,14,,Lost,,https://legalbet.ro/biletul-zilei/,,,2024-06-08 05:21:24,
promotii cazino,RO,Romania,Romanian,,false,false,false,true,true,false,,150,68,2.09,0,4,4,,85,10,75,,https://legalbet.ro/alegerea-editorului/player-casino-ce-promotii-ai-cum-le-obtii-si-cum-le/,,https://legalbet.ro/cazinouri/rotiri-gratuite/,2024-06-20 05:50:23,2026-05-27 03:40:26
rotiri gratuite maxbet,RO,Romania,Romanian,MaxBet (Organization),true,false,false,true,true,false,Video preview,450,58,1.94,0,4,4,,60,15,45,,https://legalbet.ro/bonus/maxbet-cazino-2000-de-lei-si-200-de-rotiri-gratuite-bonus-de-bun-venit/,,https://legalbet.ro/bonus/maxbet-casino-150-rotiri-gratuite-fara-depunere-la-verificare/,2024-06-22 22:17:35,2026-06-14 20:00:00
nitro casino bonus fara depunere,RO,Romania,Romanian,Nitro Casino (Organization),true,false,false,true,true,false,Sitelinks,80,47,1.00,1,4,3,,14,7,7,,https://legalbet.ro/cazinouri/nitro-casino/,,https://legalbet.ro/cazinouri/nitro-casino/,2024-06-15 14:26:11,2026-06-15 04:19:49
las vegas bet,RO,Romania,English,Las Vegas (Location),false,true,false,true,true,false,,100,76,0.78,,4,,,,8,New,,,,https://legalbet.ro/feedback/las-vegas/,,2026-05-27 19:40:17
ponturi hochei azi,RO,Romania,Romanian,,false,false,false,true,false,false,,150,0,0.64,9,4,-5,,8,10,-2,,https://legalbet.ro/ponturi/sportul-hochei/,,https://legalbet.ro/ponturi/sportul-hochei/,2024-06-22 22:51:29,2026-05-28 18:49:52
0316308777,RO,Romania,,0316308777 (Location),false,false,false,true,false,false,,200,0,,4,,,,11,,Lost,,https://legalbet.ro/case-de-pariuri/winbet/,,,2024-06-09 05:32:27,
ponturi pauza final azi,RO,Romania,Romanian,,false,false,false,true,false,false,,150,0,1.03,0,4,4,,7,4,3,,https://legalbet.ro/ponturi/pauza-final/,,https://legalbet.ro/ponturi/pauza-final/?page=4,2024-06-19 11:44:32,2026-05-28 06:28:35
seven ro,RO,Romania,Romanian,Seven Sports (Organization),true,false,true,true,false,false,,250,65,,0,4,3,,20,12,8,,https://legalbet.ro/complaints/seven/,,https://legalbet.ro/cazinouri/seven-casino/,2024-06-19 06:12:50,2026-05-22 01:01:05
get bet oferta fotbal azi,RO,Romania,Romanian,Get's Bet (Organization),true,false,false,true,true,true,"Sitelinks, Image pack, Video preview",800,2,0.63,4,,,,18,,Lost,,https://legalbet.ro/centrul-de-pariere/maine/,,,2024-06-26 22:46:16,
meciuri saptamana asta,RO,Romania,Romanian,,false,false,false,true,false,false,,80,61,0.20,2,4,2,,10,7,3,,https://legalbet.ro/centrul-de-pariere/astazi/,,https://legalbet.ro/centrul-de-pariere/astazi/,2024-06-25 22:14:10,2026-06-16 04:09:20
poziții fc barcelona,RO,Romania,Romanian,FC Barcelona (Organization),true,false,false,true,false,false,Knowledge panel,100,2,,4,,,,9,,Lost,,https://legalbet.ro/centrul-de-pariere/echipe/barcelona/,,,2024-06-27 01:17:58,
poziții man city vs leeds united,RO,Romania,Romanian,"Manchester City (Organization), Leeds United (Organization)",true,false,false,true,false,false,"Video preview, Image pack",100,0,,4,,,,9,,Lost,,https://legalbet.ro/centrul-de-pariere/manchester-united-leeds-united-17-09-2022/,,,2024-03-28 14:32:39,
meci azi rapid,RO,Romania,Romanian,Rapid București (Organization),true,false,false,true,false,false,"Video preview, Image pack",100,13,,4,,,,9,,Lost,,https://legalbet.ro/centrul-de-pariere/echipe/rapid-bucuresti/,,,2024-06-08 23:54:52,
meciul de fotbal,RO,Romania,Romanian,,false,false,false,true,false,false,"Top stories, Thumbnail",80,58,0.24,0,4,3,,12,3,9,,https://legalbet.ro/centrul-de-pariere/astazi/,,https://legalbet.ro/centrul-de-pariere/astazi/,2024-06-19 20:40:45,2026-06-16 14:55:05
cel mai bun site de pariuri,RO,Romania,Romanian,,false,false,false,true,true,false,"Featured snippet, Thumbnail, Image pack",80,40,,4,,,,8,,Lost,,https://legalbet.ro/case-de-pariuri-licentiate/,,,2024-06-09 21:50:31,
netbet rotiri gratuite,RO,Romania,Romanian,NetBet (Organization),true,false,false,true,true,false,,900,55,1.62,0,4,4,,44,18,26,,https://legalbet.ro/bonus/netbet-casino-200-de-rotiri-gratuite-si-o-speciala-de-50-de-lei/,,https://legalbet.ro/bonus/netbet-casino-100-rotiri-gratuite-fara-depunere/,2024-06-24 02:07:48,2026-06-08 12:38:16
winmasters casino,RO,Romania,Romanian,Winmasters (Organization),true,false,true,true,true,true,"Sitelinks, Image pack, Video preview",1000,1,0.15,4,,,,19,,Lost,,https://legalbet.ro/cazinouri/winmasters/,,,2024-06-26 11:08:10,
poziții liverpool vs west ham,RO,Romania,Romanian,"Liverpool (Organization), West Ham (Organization)",true,false,false,true,false,false,Video preview,150,0,,4,,,,12,,Lost,,https://legalbet.ro/centrul-de-pariere/echipe/west-ham/,,,2024-06-24 01:15:32,
meci la tv azi,RO,Romania,Romanian,,false,false,false,true,false,false,,100,57,,0,4,4,,91,9,82,,https://legalbet.ro/centrul-de-pariere/astazi/,,https://legalbet.ro/centrul-de-pariere/astazi/,2024-06-10 08:52:58,2026-06-09 01:39:22
pariuri tenis sigure,RO,Romania,Romanian,,false,false,false,true,true,false,,150,4,0.36,3,4,1,,11,10,1,,https://legalbet.ro/ponturi/sportul-tenis/,,https://legalbet.ro/ponturi/sportul-tenis/,2024-06-11 13:11:00,2026-06-14 15:00:08
rotiri gratuite casino,RO,Romania,Romanian,,false,false,false,true,true,false,Sitelinks,700,75,2.31,0,4,4,,81,17,64,,https://legalbet.ro/bonus/yoji-casino-50-de-rotiri-gratuite-la-verificarea-contului/,,https://legalbet.ro/cazinouri/rotiri-gratuite/,2024-06-10 08:49:40,2026-06-13 03:03:04
poziții aston villa vs manchester united,RO,Romania,Romanian,"Aston Villa (Organization), Manchester United (Organization)",true,false,false,true,false,false,"Videos, Image pack, Video preview",100,1,,4,,,,11,,Lost,,https://legalbet.ro/centrul-de-pariere/echipe/aston-villa/,,,2024-06-19 05:23:17,
winner pariuri sportive oferta,RO,Romania,Romanian,Winner (Organization),true,false,false,true,true,false,,90,46,0.85,2,4,1,,10,8,2,,https://legalbet.ro/scoala-pariurilor/recenzia-casei-de-pariuri-winnerbet/,,https://legalbet.ro/scoala-pariurilor/recenzia-casei-de-pariuri-winnerbet/,2024-06-27 17:32:15,2026-06-02 04:45:16
pariloto live,RO,Romania,Romanian,Pariloto (Organization),true,false,false,true,true,false,Image pack,150,41,2.10,4,,,,10,,Lost,,https://legalbet.ro/centrul-de-pariere/maine/,,,2024-06-13 08:14:28,
cod bonus superbet,RO,Romania,Romanian,Superbet (Organization),true,false,false,true,true,false,,3200,62,3.62,,3,,,,24,New,,,,https://legalbet.ro/bonus/sets/superbet/,,2026-06-21 22:01:57
casino fara depunere minima,RO,Romania,Romanian,,false,false,false,true,true,false,Sitelinks,90,71,3.88,0,3,3,,25,8,17,,https://legalbet.ro/scoala-de-cazino/bonus-fara-rulaj/,,https://legalbet.ro/cazinouri/rotiri-gratuite/,2024-06-25 23:21:34,2026-05-27 10:21:47
program superbet de paste,RO,Romania,Romanian,"Superbet (Organization), Easter (Event)",true,false,false,true,false,false,"Featured snippet, Image pack",90,0,,3,,,,8,,Lost,,https://legalbet.ro/alegerea-editorului/program-case-pariuri-paste-2024/,,,2024-05-27 12:42:38,
meciul zilei,RO,Romania,Romanian,Match of the Day (Work),true,false,false,true,true,false,,80,62,0.22,0,3,3,,23,9,14,,https://legalbet.ro/biletul-zilei/,,https://legalbet.ro/ponturi/ponturile-de-astazi/,2024-06-25 14:35:15,2026-06-18 20:56:45
get's bet oferta,RO,Romania,Romanian,Get's Bet (Organization),true,false,false,true,true,false,"Sitelinks, Image pack, Video preview",200,0,0.78,3,,,,12,,Lost,,https://legalbet.ro/case-de-pariuri/gets-bet/,,,2024-06-22 11:13:21,
getsbet.ro pariuri sportive,RO,Romania,Romanian,GetsBet (Organization),true,false,true,true,true,true,"Sitelinks, Image pack",150,2,1.49,3,,,,10,,Lost,,https://legalbet.ro/case-de-pariuri/gets-bet/,,,2024-06-09 07:01:26,
meci botosani azi,RO,Romania,Romanian,FC Botoșani (Organization),true,true,false,true,false,false,"Video preview, Image pack",100,2,,3,,,,9,,Lost,,https://legalbet.ro/centrul-de-pariere/echipe/botosani/,,,2024-06-20 07:16:58,
scor corect azi,RO,Romania,Romanian,,false,false,false,true,false,false,,100,19,0.52,0,3,3,,25,9,16,,https://legalbet.ro/scoala-pariurilor/pariuri-scor-corect-fotbal/,,https://legalbet.ro/scoala-pariurilor/pariuri-scor-corect-fotbal/,2024-06-17 19:06:53,2026-06-23 08:19:40
ponturi pariuri fotbal azi,RO,Romania,Romanian,,false,false,false,true,true,false,"Video preview, Image pack",90,27,0.40,3,,,,13,,Lost,,https://legalbet.ro/ponturi/ponturile-de-astazi/,,,2024-06-10 11:55:23,
totalbet,RO,Romania,Romanian,TotalBet (Organization),true,false,false,true,false,false,Sitelinks,3600,53,0.77,0,3,3,,20,3,17,,https://legalbet.ro/scoala-pariurilor/total-bet/,,https://legalbet.ro/scoala-pariurilor/recenzia-casei-de-pariuri-totalbet/,2024-06-27 15:12:24,2026-06-17 05:02:51
fcsb silkeborg,RO,Romania,Romanian,"FCSB (Organization), Silkeborg (Organization)",true,false,false,true,false,false,"Knowledge panel, Video preview, Image pack",2000,0,0.25,3,,,,22,,Lost,,https://legalbet.ro/centrul-de-pariere/fcsb-silkeborg-13-10-2022/,,,2024-06-13 13:42:25,
bonus inregistrare fara depunere,RO,Romania,Romanian,,false,false,false,true,true,false,,100,73,4.56,0,3,3,,48,9,39,,https://legalbet.ro/cazinouri/bonusuri/,,https://legalbet.ro/cazinouri/rotiri-gratuite/,2024-06-14 15:27:23,2026-05-20 07:26:16
bilete fortuna,RO,Romania,Romanian,Fortuna (Organization),true,false,false,true,true,false,Sitelinks,90,33,0.72,0,3,3,,45,5,40,,https://legalbet.ro/complaints/fortuna/,,https://legalbet.ro/scoala-pariurilor/fortuna-bet-verificare-bilet-online/,2024-06-20 11:24:29,2026-06-08 08:03:47
meciuri din serie a,RO,Romania,Romanian,Serie A (Event),true,false,false,true,false,false,"Video preview, Image pack",90,1,0.02,3,,,,8,,Lost,,https://legalbet.ro/centrul-de-pariere/turnee/serie-a/,,,2024-06-27 03:13:51,
oferta get's bet,RO,Romania,Romanian,GetsBet (Organization),true,false,false,true,true,false,"Sitelinks, Video preview, Image pack",250,0,0.75,3,,,,13,,Lost,,https://legalbet.ro/case-de-pariuri/gets-bet/,,,2024-06-18 08:46:16,
luck com,RO,Romania,,,false,false,true,true,true,false,"Sitelinks, Image pack, Video preview",150,1,0.89,3,,,,11,,Lost,,https://legalbet.ro/case-de-pariuri/luck-com/,,,2024-06-21 00:41:34,
lucky casino,RO,Romania,English,Lucky Casino (Organization),true,false,false,true,true,false,"Sitelinks, Knowledge panel, Image pack, Video preview",3800,0,0.68,3,,,,25,,Lost,,https://legalbet.ro/cazinouri/luck-casino/,,,2024-06-24 22:28:32,
cod bonus winner fara depunere,RO,Romania,Romanian,Winner (Organization),true,false,false,true,true,false,Sitelinks,100,56,1.50,0,3,3,,57,9,48,,https://legalbet.ro/bonus/sets/fara-depunere-pariuri/,,https://legalbet.ro/bonus/107-freespins-winner-casino/,2024-06-14 02:26:41,2026-05-27 08:49:52
royal,RO,Romania,English,,false,false,false,true,false,false,"Thumbnail, Video preview, Image pack",2700,37,0.67,,3,,,,9,New,,,,https://legalbet.ro/cazinouri/royal-casino/,,2026-06-20 22:31:22
totogaming.ro casino,RO,Romania,Romanian,TotoGaming (Organization),true,false,true,true,true,false,"Sitelinks, Image pack, Video preview",80,0,,3,,,,8,,Lost,,https://legalbet.ro/cazinouri/toto-gaming/,,,2024-06-13 17:45:43,
netbet aplicatie,RO,Romania,Romanian,NetBet (Organization),true,false,false,true,true,true,Sitelinks,100,0,1.72,9,3,-5,,3,7,-4,,https://legalbet.ro/scoala-pariurilor/aplicatie-netbet-ghid-complet-pentru-pariuri-de-pe-mobil/,,https://legalbet.ro/case-de-pariuri-licentiate/netbet/aplicatie/,2024-06-26 18:55:49,2026-06-02 10:02:54
superbet superbet,RO,Romania,Romanian,Superbet (Organization),true,false,true,false,true,true,"Sitelinks, Knowledge panel, Video preview, Image pack",400,9,0.83,3,,,,15,,Lost,,https://legalbet.ro/feedback/superbet/,,,2024-06-26 21:58:32,
pariuri handicap,RO,Romania,Romanian,,false,false,false,true,false,false,"Video preview, Image pack",100,0,0.92,3,,,,9,,Lost,,https://legalbet.ro/scoala-pariurilor/handicapul-european/,,,2024-06-23 04:24:04,
888 pariuri sportive,RO,Romania,Romanian,888 Sport (Organization),true,false,true,true,true,true,,100,46,1.92,3,3,0,,7,9,-2,,https://legalbet.ro/feedback/888-sport/,,https://legalbet.ro/case-de-pariuri/888-sport/,2024-06-07 08:43:28,2026-05-21 18:50:59
max bet casino,RO,Romania,English,MaxBet Casino (Organization),true,false,false,true,true,false,"Sitelinks, Knowledge panel, Local teaser, Video preview",400,6,1.01,3,,,,16,,Lost,,https://legalbet.ro/feedback/maxbet/,,,2024-06-25 00:34:00,
live chat superbet,RO,Romania,English,Superbet (Organization),true,false,false,true,false,false,Video preview,500,47,1.10,0,3,3,,35,16,19,,https://legalbet.ro/feedback/superbet/,,https://legalbet.ro/complaints/superbet/,2024-06-27 01:02:18,2026-06-09 12:12:52
conti casino online,RO,Romania,Romanian,Conti Casino (Organization),true,false,true,true,true,true,Sitelinks,80,53,0.66,1,3,3,,19,8,11,,https://legalbet.ro/cazinouri/conti-cazino/,,https://legalbet.ro/cazinouri/conti-cazino/,2024-06-21 02:01:10,2026-05-20 17:22:31
netbet.ro sport,RO,Romania,Romanian,NetBet.ro (Organization),true,false,true,true,true,true,Sitelinks,150,31,3.23,3,,,,11,,Lost,,https://legalbet.ro/scoala-pariurilor/aplicatie-netbet-ghid-complet-pentru-pariuri-de-pe-mobil/,,,2024-06-18 14:50:06,
agenții efortuna,RO,Romania,Romanian,"Efortuna (Organization), Efortuna betting agencies (Location)",true,false,false,true,false,false,"Sitelinks, Image pack",150,3,0.76,3,,,,11,,Lost,,https://legalbet.ro/feedback/fortuna/,,,2024-06-20 06:11:49,
don. ro,RO,Romania,Romanian,Don.ro (Organization),true,false,false,true,true,false,"Top ads, Paid sitelinks, Sitelinks, Image pack, Video preview",200,0,1.27,3,,,,12,,Lost,,https://legalbet.ro/feedback/don-sport/,,,2024-06-26 19:06:36,
program tv fotbal azi,RO,Romania,Romanian,,false,false,false,true,false,false,,150,55,,0,3,3,,73,10,63,,https://legalbet.ro/centrul-de-pariere/astazi/,,https://legalbet.ro/centrul-de-pariere/astazi/,2024-06-18 05:01:46,2026-06-20 13:49:06
cine a castigat meciul de fotbal de aseara,RO,Romania,Romanian,,false,false,false,true,false,false,"Image pack, Video preview",7100,26,0.34,3,,,,28,,Lost,,https://legalbet.ro/centrul-de-pariere/astazi/,,,2024-06-27 09:14:03,
casa pariurilor aplicatie,RO,Romania,Romanian,"Casa Pariurilor (Organization), Casa Pariurilor App (Product)",true,false,false,true,true,true,Sitelinks,700,20,2.60,0,3,3,,43,8,35,,https://legalbet.ro/scoala-pariurilor/pariuri-de-pe-mobil-la-casa-pariurilor-pas-cu-pas-despre-instalarea-aplicatiei-de-android-apk-si-ios/,,https://legalbet.ro/case-de-pariuri-licentiate/casa-pariurilor/aplicatie/,2024-06-23 06:12:42,2026-06-15 20:57:41
meciuri euro 2024 azi,RO,Romania,Romanian,Euro 2024 (Event),false,false,false,true,false,false,"Video preview, Sitelinks",80,3,0.09,0,3,3,,26,8,18,,https://legalbet.ro/centrul-de-pariere/turnee/uefa-euro/,,https://legalbet.ro/centrul-de-pariere/astazi/,2024-06-27 00:55:50,2026-05-23 13:19:30
agentie de pariuri,RO,Romania,Romanian,,false,false,false,true,true,false,"Local pack, Sitelinks",80,78,2.82,4,3,-1,,7,9,-2,,https://legalbet.ro/case-de-pariuri-licentiate/,,https://legalbet.ro/case-de-pariuri-licentiate/,2024-06-11 12:48:45,2026-05-21 11:42:07
bilete gets bet,RO,Romania,Romanian,Get's Bet (Organization),true,false,false,true,true,true,"Sitelinks, Image pack, Video preview",100,0,0.56,3,,,,9,,Lost,,https://legalbet.ro/scoala-pariurilor/getsbet-verificare-bilet-online/,,,2024-06-19 08:49:37,
ponturi liga campionilor,RO,Romania,Romanian,UEFA Champions League (Event),true,false,false,true,true,false,,100,3,0.63,6,3,-3,,6,9,-3,,https://legalbet.ro/ponturi/sportul-fotbal/champions-league/,,https://legalbet.ro/ponturi/sportul-fotbal/champions-league/,2024-06-13 03:16:10,2026-06-05 03:54:50
magnum bet rotiri gratuite,RO,Romania,Romanian,Magnum Bet (Organization),true,false,false,true,true,false,Sitelinks,100,45,2.23,0,3,3,,32,9,23,,https://legalbet.ro/cazinouri/magnum-casino/,,https://legalbet.ro/cazinouri/magnum-casino/,2024-06-15 01:47:38,2026-06-07 01:39:51
aplicatia fortuna,RO,Romania,Romanian,Fortuna (Product),true,false,false,true,true,true,Video preview,150,0,0.62,3,,,,10,,Lost,,https://legalbet.ro/scoala-pariurilor/aplicatie-fortuna-ghid-complet-pentru-pariuri-de-pe-mobil/,,,2024-06-26 22:30:55,
mozzartbet casino,RO,Romania,Romanian,Mozzartbet (Organization),true,false,true,true,true,true,"Top ads, Paid sitelinks, Video preview, Bottom ads",250,2,0.53,3,,,,13,,Lost,,https://legalbet.ro/feedback/mozzart/,,,2024-06-27 14:48:26,
aplicatia netbet,RO,Romania,Romanian,NetBet (Organization),true,false,false,true,true,true,,150,58,1.35,15,3,-12,,3,10,-7,,https://legalbet.ro/scoala-pariurilor/aplicatie-netbet-ghid-complet-pentru-pariuri-de-pe-mobil/,,https://legalbet.ro/case-de-pariuri-licentiate/netbet/aplicatie/,2024-06-27 20:33:05,2026-05-27 04:44:23
million casino bonus fara depunere,RO,Romania,Romanian,Million Casino (Organization),true,false,false,true,true,false,Image pack,600,0,1.17,3,,,,17,,Lost,,https://legalbet.ro/bonus/million-cazino-200-de-runde-gratuite-la-verificarea-contului/,,,2024-06-09 08:28:07,
stanleybet rotiri gratuite fara depunere,RO,Romania,Romanian,Stanleybet (Organization),true,false,false,true,true,false,"Video preview, Image pack",100,0,4.70,3,,,,9,,Lost,,https://legalbet.ro/bonus/stanleybet-cazino-120-de-rotiri-fara-depunere/,,,2024-06-16 23:31:13,
agentie pariuri sportive,RO,Romania,Romanian,,false,false,false,true,true,false,"Local pack, Sitelinks",100,79,2.45,11,3,-8,,3,10,-7,,https://legalbet.ro/case-de-pariuri-licentiate/,,https://legalbet.ro/case-de-pariuri-licentiate/,2024-06-20 23:35:11,2026-06-07 12:20:01
cod bilet casa pariurilor,RO,Romania,Romanian,Casa Pariurilor (Organization),true,false,false,true,false,false,Video preview,350,24,0.89,22,3,-19,,8,15,-7,,https://legalbet.ro/scoala-pariurilor/casa-pariurilor-verificare-bilet-online/,,https://legalbet.ro/scoala-pariurilor/casa-pariurilor-verificare-bilet-online/,2024-06-24 18:34:26,2026-06-11 03:41:31
meciuri din champions league,RO,Romania,Romanian,UEFA Champions League (Event),true,false,false,true,false,false,"Video preview, Image pack",450,2,1.03,3,,,,16,,Lost,,https://legalbet.ro/centrul-de-pariere/turnee/champions-league/,,,2024-06-27 04:10:08,
pariuri sportive azi,RO,Romania,Romanian,,false,false,false,true,true,true,,100,61,0.54,1,3,2,,13,9,4,,https://legalbet.ro/ponturi/ponturile-de-astazi/,,https://legalbet.ro/ponturi/ponturile-de-astazi/,2024-06-15 14:30:09,2026-06-07 12:53:03
magicjackpot bonus,RO,Romania,English,MagicJackpot (Organization),true,false,false,true,true,false,Sitelinks,100,57,1.17,0,3,3,,71,9,62,,https://legalbet.ro/cazinouri/magic-jackpot/,,https://legalbet.ro/cazinouri/magic-jackpot/,2024-06-17 20:10:13,2026-06-09 20:12:56
coduri bonus stanleybet,RO,Romania,Romanian,Stanleybet (Organization),true,false,false,true,true,true,Sitelinks,100,55,0.65,0,3,3,,42,10,32,,https://legalbet.ro/centrul-de-pariere/france-canada-09-06-2024/,,https://legalbet.ro/bonus/sets/stanleybet/,2024-06-09 20:41:00,2026-05-29 23:08:24
superbet download apk,RO,Romania,English,Superbet (Organization),true,false,false,false,false,true,"Sitelinks, Video preview",700,4,1.91,3,,,,18,,Lost,,https://legalbet.ro/scoala-pariurilor/superbet-aplicatie-ghid-complet-pentru-pariuri-de-pe-mobil/,,,2024-06-24 14:33:18,
poziții everton vs man city,RO,Romania,Romanian,Everton vs Manchester City (Event),true,false,false,true,false,false,"Videos, Image pack",100,2,,3,,,,10,,Lost,,https://legalbet.ro/centrul-de-pariere/manchester-city-everton-10-02-2024/,,,2024-06-22 21:58:26,
adrian soare biografie,RO,Romania,Romanian,Adrian Soare (Person),false,false,false,true,false,false,Video preview,100,0,,3,,,,9,,Lost,,https://legalbet.ro/alegerea-editorului/interviu-cu-adrian-soare-despre-fotbal-si-pasiune/,,,2024-06-10 10:28:46,
cod bonus winner,RO,Romania,Romanian,Winner Casino (Organization),true,false,false,true,true,false,Sitelinks,100,58,1.16,0,3,3,,66,9,57,,https://legalbet.ro/case-de-pariuri/winner/,,https://legalbet.ro/bonus/107-freespins-winner-casino/,2024-06-27 02:08:35,2026-06-10 21:33:46
bonus fara depunere casa pariurilor,RO,Romania,Romanian,Casa Pariurilor (Organization),true,false,false,true,true,false,Sitelinks,100,54,3.26,0,3,3,,24,10,14,,https://legalbet.ro/bonus/sets/casa-pariurilor-fara-depunere/,,https://legalbet.ro/bonus/casa-pariurilor-casino-400-rotiri-gratuite-fara-depunere-la-verificare/,2024-06-20 18:48:43,2026-06-16 23:41:51
maxbet pariuri,RO,Romania,Romanian,Maxbet (Organization),true,false,true,true,true,true,"Top ads, Paid sitelinks, Sitelinks, Image pack, Video preview",450,1,2.25,3,,,,17,,Lost,,https://legalbet.ro/case-de-pariuri/maxbet/,,,2024-06-17 16:29:56,
bonus de ziua ta casino,RO,Romania,Romanian,,false,false,false,true,true,false,,600,60,0.85,2,3,1,,12,17,-5,,https://legalbet.ro/bonus/sets/bonus-de-ziua-ta/,,https://legalbet.ro/bonus/sets/bonus-de-ziua-ta/,2024-06-19 05:35:10,2026-06-20 13:38:42
poziții cupa mondială,RO,Romania,Romanian,World Cup (Event),false,false,false,true,false,false,"Image pack, Video preview",13000,4,,3,,,,31,,Lost,,https://legalbet.ro/centrul-de-pariere/echipe/ecuador/,,,2024-06-11 11:37:58,
pariuri f1,RO,Romania,Romanian,Formula 1 (Event),true,false,false,false,true,true,"Image pack, Video preview",80,0,0.80,3,,,,8,,Lost,,https://legalbet.ro/case-de-pariuri/sets/case-de-pariuri-f1/,,,2024-06-23 08:53:39,
cod bonus las vegas fara depunere,RO,Romania,Romanian,Las Vegas (Location),false,true,false,true,true,false,,80,52,2.65,0,3,3,,46,8,38,,https://legalbet.ro/bonus/las-vegas-casino-333-rotiri-fara-depunere-fara-rulaj/,,https://legalbet.ro/bonus/sets/las-vegas/,2024-06-17 23:41:11,2026-06-02 03:56:06
casa pariurilor excelbet,RO,Romania,Romanian,"Casa Pariurilor (Organization), ExcelBet (Organization)",true,false,false,true,true,false,,90,59,0.71,4,3,-1,,8,9,-1,,https://legalbet.ro/case-de-pariuri/excelbet/,,https://legalbet.ro/case-de-pariuri/excelbet/,2024-06-07 08:09:12,2026-06-12 15:10:41
poziții bayern,RO,Romania,Romanian,Bayern Munich (Organization),true,false,false,true,false,false,"Image pack, Video preview",90,1,,3,,,,9,,Lost,,https://legalbet.ro/centrul-de-pariere/echipe/bayern-munchen/,,,2024-06-27 21:54:04,
ponturi azi fotbal,RO,Romania,Romanian,,false,false,false,true,false,false,"Video preview, Image pack",200,24,0.34,3,,,,13,,Lost,,https://legalbet.ro/ponturi/sportul-fotbal/,,,2024-06-14 11:40:18,
ro betano,RO,Romania,Romanian,Betano (Organization),true,false,true,true,true,false,"Top ads, Paid sitelinks, Sitelinks, Video preview, Image pack, Bottom ads",1400,36,1.72,3,,,,21,,Lost,,https://legalbet.ro/feedback/betano/,,,2024-06-26 17:25:27,
baumbet bilet virtual,RO,Romania,Romanian,Baum.Bet (Organization),true,false,false,true,true,false,Sitelinks,200,56,0.67,,3,,,,8,New,,,,https://legalbet.ro/scoala-pariurilor/casa-de-pariuri-baumbet-depuneri-i-retrageri/,,2026-06-20 05:09:11
poziții fluminense,RO,Romania,Romanian,Fluminense Football Club (Organization),true,false,false,true,false,false,Image pack,200,0,,3,,,,12,,Lost,,https://legalbet.ro/centrul-de-pariere/turnee/cupa-libertadores/,,,2024-06-15 19:04:18,
pariuri handbal,RO,Romania,Romanian,,false,false,true,false,true,true,,100,1,0.33,0,3,3,,20,10,10,,https://legalbet.ro/ponturi/sportul-handbal/,,https://legalbet.ro/ponturi/sportul-handbal/,2024-06-25 01:49:59,2026-05-27 03:25:39
get bet fotbal,RO,Romania,Romanian,,false,false,true,true,true,true,Video preview,3300,63,0.61,0,3,3,,55,25,30,,https://legalbet.ro/case-de-pariuri/gets-bet/,,https://legalbet.ro/case-de-pariuri/gets-bet/,2024-06-25 13:27:07,2026-06-24 21:17:15
bingo online romania,RO,Romania,English,Romania (Location),false,true,false,true,true,false,Sitelinks,80,22,8.19,2,3,1,,8,8,,,https://legalbet.ro/cazinouri/bingo/,,https://legalbet.ro/cazinouri/bingo/,2024-06-09 10:05:52,2026-06-21 14:15:44
predictii pariuri fotbal azi,RO,Romania,Romanian,,false,false,false,true,true,false,,100,57,0.53,2,3,1,,12,10,2,,https://legalbet.ro/ponturi/sportul-fotbal/,,https://legalbet.ro/ponturi/sportul-fotbal/,2024-06-12 03:57:37,2026-06-26 20:55:20
las,RO,Romania,Romanian,,false,false,false,true,false,false,"Image pack, Video preview",600,49,1.13,,3,,,,15,New,,,,https://legalbet.ro/cazinouri/las-vegas/,,2026-06-21 18:06:04
cod rotiri gratuite,RO,Romania,Romanian,,false,false,false,true,true,false,,90,67,2.12,,3,,,,9,New,,,,https://legalbet.ro/bonus/sets/promotii/,,2026-06-12 00:52:49
aplicatia superbet,RO,Romania,Romanian,Superbet (Product),true,false,false,true,true,true,"Knowledge panel, Video preview",500,2,1.48,3,,,,17,,Lost,,https://legalbet.ro/scoala-pariurilor/superbet-aplicatie-ghid-complet-pentru-pariuri-de-pe-mobil/,,,2024-06-26 13:53:14,
retragere superbet,RO,Romania,Romanian,Superbet (Organization),true,false,false,true,false,false,"Video preview, AI Overview, Thumbnail",80,32,0.99,0,3,3,,40,10,30,,https://legalbet.ro/complaints/superbet/,,https://legalbet.ro/scoala-pariurilor/casa-de-pariuri-superbet-depuneri-i-retrageri/,2024-06-21 20:40:45,2026-06-06 20:53:38
pariuri sportive fotbal,RO,Romania,Romanian,,false,false,true,false,true,true,,350,67,1.53,0,3,2,,25,15,10,,https://legalbet.ro/centrul-de-pariere/,,https://legalbet.ro/centrul-de-pariere/,2024-05-30 18:00:35,2026-06-25 21:53:13
superbet rezultate fotbal,RO,Romania,Romanian,Superbet (Organization),true,false,false,true,false,false,Image pack,1000,23,0.98,3,,,,20,,Lost,,https://legalbet.ro/centrul-de-pariere/maine/,,,2024-06-27 20:32:05,
poziții national league,RO,Romania,Romanian,National League (Event),true,false,false,true,false,false,Image pack,150,11,,3,,,,11,,Lost,,https://legalbet.ro/centrul-de-pariere/echipe/georgia/,,,2024-06-22 16:32:43,
program stanleybet azi,RO,Romania,Romanian,Stanleybet (Organization),true,false,false,true,false,false,Sitelinks,100,25,,5,3,-3,,7,10,-3,,https://legalbet.ro/alegerea-editorului/stanleybet-program-sarbatori-de-iarna-2022-2023/,,https://legalbet.ro/alegerea-editorului/stanleybet-program-sarbatori-de-iarna-2022-2023/,2024-06-26 17:52:42,2026-06-09 05:49:07
superbet cote,RO,Romania,Romanian,Superbet (Organization),true,false,true,true,true,true,"Sitelinks, Image pack, Video preview",500,4,1.10,3,,,,17,,Lost,,https://legalbet.ro/feedback/superbet/,,,2024-06-08 17:57:56,
pariuri super bet,RO,Romania,Romanian,Superbet (Organization),true,false,true,true,true,true,"Top ads, Paid sitelinks, Image pack, Video preview",700,52,0.44,3,,,,18,,Lost,,https://legalbet.ro/case-de-pariuri/superbet/,,,2024-06-23 09:06:30,
fortuna bet casino,RO,Romania,English,Fortuna Bet Casino (Organization),true,false,true,true,true,true,"Sitelinks, Image pack, Knowledge panel",150,9,0.38,3,,,,12,,Lost,,https://legalbet.ro/feedback/fortuna/,,,2024-06-10 23:18:56,
cazinouri cu bonus fara depunere,RO,Romania,Romanian,,false,false,false,true,true,false,,700,74,1.69,0,3,3,,69,18,51,,https://legalbet.ro/bonus/million-cazino-300-de-rotiri-gratuite-la-verificarea-contului/,,https://legalbet.ro/cazinouri/rotiri-gratuite/,2024-06-22 04:51:44,2026-06-14 10:55:36
agentii gets bet,RO,Romania,Romanian,Get's Bet (Organization),true,false,false,true,false,false,"Knowledge panel, Image pack, Video preview",100,0,0.48,3,,,,10,,Lost,,https://legalbet.ro/scoala-pariurilor/casa-de-pariuri-gets-bet-depuneri-si-retrageri/,,,2024-06-16 16:08:05,
suport casa pariurilor,RO,Romania,Romanian,Casa Pariurilor (Organization),true,false,false,true,false,false,"Featured snippet, Image pack, Video preview",150,0,,3,,,,12,,Lost,,https://legalbet.ro/scoala-pariurilor/primul-pariu-la-casa-pariurilor/,,,2024-06-23 18:07:21,
bilet pariuri azi,RO,Romania,Romanian,,false,false,false,true,false,false,"Video preview, Image pack",100,34,0.31,3,,,,12,,Lost,,https://legalbet.ro/biletul-zilei/,,,2024-06-10 11:28:53,
biletul zilei de azi,RO,Romania,Romanian,Daily Ticket (Event),false,false,false,true,false,false,Video preview,100,31,0.26,3,,,,13,,Lost,,https://legalbet.ro/biletul-zilei/,,,2024-06-24 18:03:07,
bani fara depunere,RO,Romania,Romanian,,false,false,false,true,true,false,Sitelinks,100,75,4.00,0,3,3,,57,10,47,,https://legalbet.ro/bonus/sets/fara-depunere-pariuri/,,https://legalbet.ro/cazinouri/rotiri-gratuite/,2024-06-21 15:54:35,2026-06-02 08:31:52
program superbet paste,RO,Romania,Romanian,Superbet (Organization),true,false,false,true,false,false,,80,56,,,3,,,,9,New,,,,https://legalbet.ro/alegerea-editorului/program-sarbatori-superbet/,,2026-06-01 19:17:17
retragere superbet card,RO,Romania,Romanian,Superbet (Organization),true,false,false,true,false,true,"Featured snippet, Video preview",90,24,1.12,0,3,3,,31,9,22,,https://legalbet.ro/complaints/superbet/,,https://legalbet.ro/scoala-pariurilor/casa-de-pariuri-superbet-depuneri-i-retrageri/,2024-06-24 18:52:19,2026-06-26 15:58:58
seven casino bonus fara depunere,RO,Romania,Romanian,Seven Casino (Organization),true,false,false,true,true,false,,90,59,1.15,0,3,3,,32,9,23,,https://legalbet.ro/bonus/seven-casino-77-rotiri-gratuite-fr-depunere-la-verificarea-contului/,,https://legalbet.ro/cazinouri/seven-casino/,2024-06-19 09:21:03,2026-06-18 22:47:55
biletul zilei pariuri sportive,RO,Romania,Romanian,Daily Ticket (Event),false,false,false,true,false,false,"Sitelinks, Video preview",150,33,0.57,3,,,,15,,Lost,,https://legalbet.ro/biletul-zilei/,,,2024-06-25 16:28:15,
bonusuri aniversare,RO,Romania,Romanian,,false,false,false,true,true,false,"Image pack, Video preview",80,0,0.82,3,,,,9,,Lost,,https://legalbet.ro/bonus/sets/bonus-de-ziua-ta/,,,2024-06-26 00:28:47,
bonus fara depunere stanleybet,RO,Romania,Romanian,Stanleybet (Organization),true,false,false,true,true,false,"Image pack, Video preview",90,0,1.21,3,,,,9,,Lost,,https://legalbet.ro/bonus/stanleybet-cazino-120-de-rotiri-fara-depunere/,,,2024-06-12 20:45:47,
casa pariurilor sport,RO,Romania,Romanian,Casa Pariurilor (Organization),true,false,false,true,true,false,"Sitelinks, Image pack, Video preview",100,54,1.31,3,,,,11,,Lost,,https://legalbet.ro/feedback/casa-pariurilor/,,,2024-06-18 21:49:09,
jocuri noroc online,RO,Romania,Romanian,,false,false,false,true,true,false,Sitelinks,100,82,1.63,,3,,,,10,New,,,,https://legalbet.ro/cazinouri/,,2026-06-12 14:45:33
magic jackpot 20 rotiri,RO,Romania,Romanian,Magic Jackpot (Organization),true,false,false,true,true,false,,100,48,0.94,,3,,,,10,New,,,,https://legalbet.ro/scoala-de-cazino/aplicatie-magic-jackpot/,,2026-06-09 06:55:19
bonus fara depunere romania,RO,Romania,Romanian,Romania (Location),false,true,false,true,true,false,,100,72,4.40,0,3,3,,54,10,44,,https://legalbet.ro/cazinouri/bonusuri/bonusuri-fara-depunere/,,https://legalbet.ro/cazinouri/rotiri-gratuite/,2024-06-19 10:23:16,2026-06-08 17:48:28
casino platinum,RO,Romania,English,Platinum Casino (Organization),true,false,false,true,false,false,Thumbnail,80,47,1.37,0,3,3,,26,5,21,,https://legalbet.ro/cazinouri/platinum-casino/,,https://legalbet.ro/cazinouri/platinum-casino/,2024-06-13 17:28:35,2026-06-11 18:23:58
meci csu craiova,RO,Romania,Romanian,"Universitatea Craiova (Organization), Craiova (Location)",true,true,false,true,false,false,"Video preview, Image pack",200,1,,3,,,,13,,Lost,,https://legalbet.ro/centrul-de-pariere/echipe/universitatea-craiova/,,,2024-06-24 10:10:56,
ponturi meciuri azi fotbal,RO,Romania,Romanian,,false,false,false,true,true,false,,80,58,0.26,2,3,1,,11,9,2,,https://legalbet.ro/ponturi/sportul-fotbal/,,https://legalbet.ro/ponturi/ponturile-de-astazi/,2024-06-23 00:01:15,2026-06-16 15:20:12
netbet romania,RO,Romania,English,"NetBet (Organization), Romania (Location)",true,false,false,true,true,false,"Sitelinks, Video preview",300,5,1.01,3,,,,14,,Lost,,https://legalbet.ro/feedback/netbet/,,,2024-06-27 11:29:11,
retragere online superbet,RO,Romania,Romanian,Superbet (Organization),true,false,false,true,false,true,"AI Overview, Video preview",80,33,1.87,0,2,2,,30,10,20,,https://legalbet.ro/complaints/superbet/,,https://legalbet.ro/scoala-pariurilor/casa-de-pariuri-superbet-depuneri-i-retrageri/,2024-06-19 12:11:44,2026-05-26 03:45:00
pariuri box,RO,Romania,Romanian,,false,false,false,true,true,true,"Image pack, Video preview",100,0,1.34,2,,,,12,,Lost,,https://legalbet.ro/case-de-pariuri/sets/case-de-pariuri-box/,,,2024-06-25 12:22:54,
bonus online casino,RO,Romania,English,,false,false,false,true,true,false,Image pack,100,30,,2,,,,10,,Lost,,https://legalbet.ro/cazinouri/bonusuri/bonusuri-la-inregistrare/,,,2024-06-26 03:20:47,
netbet roata norocului,RO,Romania,Romanian,"NetBet (Organization), Wheel of Fortune (Event)",true,false,false,true,true,false,,80,32,,,2,,,,9,New,,,,https://legalbet.ro/cazinouri/sets/roata-norocului/,,2026-06-02 03:57:16
aparate fara depunere,RO,Romania,Romanian,,false,false,false,true,true,false,,1200,72,2.29,,2,,,,21,New,,,,https://legalbet.ro/cazinouri/rotiri-gratuite/,,2026-06-13 23:44:29
cazino furtuna,RO,Romania,Romanian,Fortuna Casino (Organization),true,false,false,true,true,false,"Sitelinks, Thumbnail, Video preview, Image pack, Bottom ads, Paid sitelinks",300,8,1.92,2,,,,15,,Lost,,https://legalbet.ro/feedback/fortuna/,,,2024-06-09 00:27:44,
verificare bilet powerbet,RO,Romania,Romanian,Powerbet (Organization),true,false,false,true,false,false,,300,40,0.39,,2,,,,15,New,,,,https://legalbet.ro/case-de-pariuri/powerbet/,,2026-05-15 00:08:29
dinamo faru,RO,Romania,Romanian,"Dinamo București (Organization), Farul Constanța (Organization)",true,false,false,true,false,false,"Video preview, Image pack",100,0,,2,,,,11,,Lost,,https://legalbet.ro/centrul-de-pariere/farul-dinamo-bucuresti-10-02-2024/,,,2024-06-18 01:07:50,
casa pariurilor bonus,RO,Romania,Romanian,Casa Pariurilor (Organization),true,false,false,true,true,false,,300,50,3.11,0,2,2,,34,15,19,,https://legalbet.ro/bonus/casa-pariurilor-casino-pn-la-2-100-de-lei-si-500-rotiri-bonus-de-bun-venit/,,https://legalbet.ro/bonus/sets/casa-pariurilor/,2024-06-18 13:02:57,2026-06-12 13:00:54
cote superbet,RO,Romania,Romanian,Superbet (Organization),true,false,true,true,true,true,"Sitelinks, Image pack, Video preview",450,4,0.50,2,,,,17,,Lost,,https://legalbet.ro/feedback/superbet/,,,2024-06-08 05:39:19,
baumbet verificare bilet,RO,Romania,Romanian,Baum.Bet (Organization),true,false,true,true,false,false,Sitelinks,80,46,0.78,3,2,0,,10,7,3,,https://legalbet.ro/scoala-pariurilor/baumbet-verificare-bilet-online/,,https://legalbet.ro/scoala-pariurilor/baumbet-verificare-bilet-online/,2024-06-21 17:30:53,2026-06-11 14:32:22
superbet descarca,RO,Romania,Romanian,Superbet (Organization),true,false,false,false,true,true,"Sitelinks, Video preview, Top stories",600,6,1.80,2,,,,18,,Lost,,https://legalbet.ro/scoala-pariurilor/superbet-aplicatie-ghid-complet-pentru-pariuri-de-pe-mobil/,,,2024-06-24 03:56:52,
cota 3 azi,RO,Romania,Romanian,,false,false,false,true,false,false,,80,50,,1,2,2,,15,9,6,,https://legalbet.ro/biletul-zilei/,,https://legalbet.ro/ponturi/ponturile-de-astazi/,2024-06-11 17:03:16,2026-06-26 22:45:16
botosani–csu craiova,RO,Romania,Romanian,"CS Universitatea Craiova (Organization), Botoșani (Location), Craiova (Location)",true,true,false,true,false,false,"Video preview, Image pack",100,0,,2,,,,10,,Lost,,https://legalbet.ro/centrul-de-pariere/botosani-universitatea-craiova-17-02-2024/,,,2024-06-09 17:07:51,
oferte cazino,RO,Romania,Romanian,,false,false,false,true,true,false,,100,73,4.25,,2,,,,10,New,,,,https://legalbet.ro/cazinouri/rotiri-gratuite/,,2026-05-26 03:07:30
casa pariurilor aplicatie android,RO,Romania,Romanian,"Casa Pariurilor (Organization), Casa Pariurilor Android App (Product)",true,false,false,false,true,true,Video preview,200,0,0.90,2,,,,12,,Lost,,https://legalbet.ro/scoala-pariurilor/pariuri-de-pe-mobil-la-casa-pariurilor-pas-cu-pas-despre-instalarea-aplicatiei-de-android-apk-si-ios/,,,2024-06-24 14:37:46,
fortuna cazino,RO,Romania,Romanian,Fortuna Casino (Organization),true,false,false,true,true,false,"Top ads, Paid sitelinks, Sitelinks, Video preview",250,11,0.53,2,,,,14,,Lost,,https://legalbet.ro/feedback/fortuna/,,,2024-06-14 13:46:44,
gets bet rotiri gratuite,RO,Romania,Romanian,Get's Bet (Organization),true,false,false,true,true,false,"Image pack, Video preview",500,0,0.19,2,,,,18,,Lost,,https://legalbet.ro/bonus/gets-bet-casino-200-de-rotiri-gratuite-la-verificarea-contului/,,,2024-06-13 08:59:14,
ponturi hunter maine,RO,Romania,Romanian,"Ponturi Hunter (Organization), Maine (Location)",true,true,false,true,false,false,"Sitelinks, Image pack",80,17,0.81,2,,,,9,,Lost,,https://legalbet.ro/ponturi/maine/,,,2024-06-23 01:31:01,
poziții man city vs arsenal,RO,Romania,Romanian,"Manchester City (Organization), Arsenal (Organization)",true,false,false,true,false,false,"Video preview, Image pack",90,0,,2,,,,11,,Lost,,https://legalbet.ro/centrul-de-pariere/echipe/manchester-united/,,,2024-06-15 16:49:50,
echipa națională de fotbal a georgiei,RO,Romania,Romanian,Georgia national football team (Organization),false,false,false,true,false,false,"Knowledge panel, Image pack, Video preview",13000,0,,2,,,,32,,Lost,,https://legalbet.ro/centrul-de-pariere/echipe/georgia/,,,2024-06-10 17:18:58,
rotiri gratuite fara depunere 2021,RO,Romania,Romanian,,false,false,false,true,true,false,Sitelinks,80,71,,0,2,2,,35,9,26,,https://legalbet.ro/alegerea-editorului/ai-339-de-rotiri-gratuite-la-superbet-de-sarbatori/,,https://legalbet.ro/cazinouri/rotiri-gratuite/,2024-06-23 08:06:29,2026-05-24 14:30:36
superbet oferta fotbal azi,RO,Romania,Romanian,Superbet (Organization),true,false,true,true,true,true,"Top ads, Paid sitelinks, Video preview, Image pack",500,4,2.51,2,,,,18,,Lost,,https://legalbet.ro/centrul-de-pariere/maine/,,,2024-06-24 04:43:47,
princess casino rotiri gratuite,RO,Romania,Romanian,Princess Casino (Organization),true,false,false,true,true,false,,1100,67,1.78,0,2,2,,33,21,12,,https://legalbet.ro/cazinouri/princess-casino/,,https://legalbet.ro/bonus/princess-casino-3-000-ron-i-600-rotiri-gratuite/,2024-06-25 21:53:23,2026-06-13 13:35:38
cel mai bun casino online forum,RO,Romania,Romanian,,false,false,false,true,true,false,Sitelinks,90,61,,0,2,2,,17,10,7,,https://legalbet.ro/feedback/superbet/,,https://legalbet.ro/cazinouri/,2024-06-15 08:00:42,2026-06-16 17:32:42
gets bet bonus fara depunere,RO,Romania,Romanian,Get's Bet Casino (Organization),true,false,false,true,true,false,,450,55,0.96,1,2,2,,24,17,7,,https://legalbet.ro/bonus/gets-bet-casino-200-de-rotiri-gratuite-la-verificarea-contului/,,https://legalbet.ro/bonus/gets-bet-cazino-40-rotiri-fr-depunere-pe-1-leu/,2024-06-15 11:48:27,2026-06-05 00:49:33
meci manchester city azi,RO,Romania,Romanian,Manchester City (Organization),true,false,false,true,false,false,"Video preview, Image pack",100,3,,2,,,,11,,Lost,,https://legalbet.ro/centrul-de-pariere/echipe/manchester-city/,,,2024-06-24 07:13:40,
betano rotiri gratuite,RO,Romania,Romanian,Betano (Organization),true,false,false,true,true,false,Video preview,2000,52,2.10,0,2,2,,44,24,20,,https://legalbet.ro/bonus/betano-casino-444-rotiri-gratuite-fara-depunere/,,https://legalbet.ro/bonus/betano-casino-700-rotiri-gratuite-la-inregistrare/,2024-06-27 22:03:36,2026-06-22 15:05:06
maxbet casino online,RO,Romania,English,Maxbet (Organization),true,false,true,true,true,true,Video preview,150,0,1.88,2,,,,13,,Lost,,https://legalbet.ro/cazinouri/maxbet/,,,2024-06-11 06:28:52,
fortuna aplicatie android,RO,Romania,Romanian,"Fortuna (Product), Android (Product)",true,false,false,true,true,true,Video preview,90,0,0.21,2,,,,10,,Lost,,https://legalbet.ro/scoala-pariurilor/aplicatie-fortuna-ghid-complet-pentru-pariuri-de-pe-mobil/,,,2024-06-13 00:01:57,
betfair bonus,RO,Romania,English,Betfair (Organization),true,false,false,true,true,true,"Image pack, Video preview",100,4,0.66,2,,,,10,,Lost,,https://legalbet.ro/bonus/sets/bonus-betfair/,,,2024-06-19 17:09:49,
superbet ro pariuri sportive,RO,Romania,Romanian,Superbet (Organization),true,false,true,true,true,true,,100,7,0.83,2,,,,11,,Lost,,https://legalbet.ro/case-de-pariuri/superbet/,,,2024-06-09 20:54:25,
oferta superbet fotbal,RO,Romania,Romanian,Superbet (Organization),true,false,false,true,true,false,"Sitelinks, Image pack, Video preview",800,2,1.63,2,,,,20,,Lost,,https://legalbet.ro/centrul-de-pariere/maine/,,,2024-06-22 05:04:54,
bilbao - sevilla,RO,Romania,Romanian,"Bilbao (Location), Seville (Location)",false,true,false,true,false,false,"Top ads, Paid sitelinks, Video preview, Thumbnail",150,0,1.26,2,,,,13,,Lost,,https://legalbet.ro/centrul-de-pariere/athletic-bilbao-sevilla-19-05-2024/,,,2024-06-22 20:27:53,
seven casino rotiri gratuite fara depunere,RO,Romania,Romanian,Seven Casino (Organization),true,false,false,true,true,false,,90,61,1.27,0,2,2,,23,10,13,,https://legalbet.ro/bonus/seven-casino-77-rotiri-gratuite-fr-depunere-la-verificarea-contului/,,https://legalbet.ro/cazinouri/seven-casino/,2024-06-05 13:35:56,2026-06-16 13:07:14
ce inseamna sansa dubla,RO,Romania,Romanian,,false,false,false,true,false,false,"AI Overview, Thumbnail, People also ask",90,12,0.20,9,2,-7,,4,11,-7,,https://legalbet.ro/scoala-pariurilor/pariuri-1x2/,,https://legalbet.ro/scoala-pariurilor/pariuri-1x2/,2024-06-23 23:02:58,2026-06-18 18:03:01
get's bet download,RO,Romania,English,Get's Bet (Organization),true,false,false,false,true,true,Sitelinks,90,59,1.06,5,2,-3,,6,10,-4,,https://legalbet.ro/scoala-pariurilor/aplicatie-gets-bet/,,https://legalbet.ro/case-de-pariuri-licentiate/gets-bet/aplicatie/,2024-06-07 09:50:32,2026-06-21 00:54:15
retrageri superbet,RO,Romania,Romanian,Superbet (Organization),true,false,false,true,false,false,Video preview,90,43,1.28,0,2,2,,27,10,17,,https://legalbet.ro/complaints/superbet/,,https://legalbet.ro/scoala-pariurilor/casa-de-pariuri-superbet-depuneri-i-retrageri/,2024-06-13 10:53:31,2026-05-29 15:48:09
ce inseamna gg la pariuri,RO,Romania,Romanian,,false,false,false,true,false,false,"AI Overview, Thumbnail, People also ask",150,0,0.56,24,2,-22,,2,4,-2,,https://legalbet.ro/scoala-pariurilor/explicatia-termenului-de-gg-la-pariuri-sportive/,,https://legalbet.ro/scoala-pariurilor/explicatia-termenului-de-gg-la-pariuri-sportive/,2024-06-10 14:55:47,2026-05-29 03:50:06
meciuri superliga,RO,Romania,Romanian,Superliga (Event),true,false,false,true,false,false,"Video preview, Image pack",150,20,0.68,2,,,,13,,Lost,,https://legalbet.ro/centrul-de-pariere/turnee/liga-i/,,,2024-06-24 06:06:39,
sportingbet casino,RO,Romania,English,Sportingbet (Organization),true,false,false,true,true,false,"Video preview, Image pack",100,1,1.35,2,,,,11,,Lost,,https://legalbet.ro/cazinouri/sportingbet/,,,2024-06-08 10:14:09,
fortuna bonus,RO,Romania,Romanian,Fortuna (Organization),true,false,false,true,true,false,Video preview,200,0,2.66,2,,,,14,,Lost,,https://legalbet.ro/bonus/sets/bonus-fortuna/,,,2024-06-19 07:52:28,
superbet app,RO,Romania,English,Superbet (Product),true,false,false,true,true,true,Bottom ads,1000,62,1.67,3,2,-1,,22,18,4,,https://legalbet.ro/scoala-pariurilor/superbet-aplicatie-ghid-complet-pentru-pariuri-de-pe-mobil/,,https://legalbet.ro/case-de-pariuri-licentiate/superbet/aplicatie/,2024-06-26 19:47:50,2026-06-07 18:10:16
meciuri premier league azi,RO,Romania,Romanian,Premier League (Event),true,false,false,true,false,false,"Video preview, Image pack",250,1,0.23,2,,,,15,,Lost,,https://legalbet.ro/centrul-de-pariere/turnee/premier-league/,,,2024-06-26 23:33:15,
winner bonus fara depunere,RO,Romania,Romanian,Winner Casino (Organization),true,false,false,true,true,false,,600,57,2.07,0,2,2,,61,19,42,,https://legalbet.ro/bonus/107-freespins-winner-casino/,,https://legalbet.ro/bonus/107-freespins-winner-casino/,2024-06-26 13:24:17,2026-06-08 09:52:33
ghets bet,RO,Romania,Romanian,GetsBet (Organization),true,false,true,true,true,false,"Sitelinks, Knowledge panel, Image pack, Video preview",100,1,,2,,,,11,,Lost,,https://legalbet.ro/feedback/gets-bet/,,,2024-06-08 09:16:19,
card superbet,RO,Romania,English,Superbet Club Card (Product),true,false,false,true,false,false,Video preview,1200,0,0.83,2,,,,22,,Lost,,https://legalbet.ro/complaints/superbet/,,,2024-06-25 00:26:37,
pont tenis,RO,Romania,Romanian,,false,false,false,true,false,false,,80,3,1.44,5,2,-3,,10,10,,,https://legalbet.ro/ponturi/sportul-tenis/,,https://legalbet.ro/ponturi/sportul-tenis/,2024-06-09 04:42:25,2026-05-26 16:49:15
casa pariuri live,RO,Romania,Romanian,,false,false,false,true,true,false,,80,62,0.47,0,2,2,,27,10,17,,https://legalbet.ro/rating-live/,,https://legalbet.ro/rating-live/,2024-06-25 06:14:20,2026-06-14 18:10:49
meciuri super liga,RO,Romania,Romanian,Superliga (Event),true,false,false,true,false,false,"Image pack, Video preview",150,13,0.27,2,,,,12,,Lost,,https://legalbet.ro/centrul-de-pariere/turnee/liga-i/,,,2024-06-22 21:43:18,
betano.com romania,RO,Romania,English,"betano.com (Organization), Romania (Location)",true,false,true,true,true,false,"Sitelinks, Video preview",2300,19,0.99,2,,,,25,,Lost,,https://legalbet.ro/case-de-pariuri/betano/,,,2024-06-25 01:32:02,
validare opta,RO,Romania,Romanian,Opta (Organization),true,false,false,true,false,false,Image pack,1200,4,1.62,2,,,,22,,Lost,,https://legalbet.ro/scoala-pariurilor/cum-pariem-pe-suturi-pe-poarta-la-fotbal/,,,2024-06-26 22:32:28,
cod bonus gets bet fara depunere,RO,Romania,Romanian,Get's Bet (Organization),true,false,false,true,true,false,Sitelinks,80,57,1.06,0,2,2,,26,10,16,,https://legalbet.ro/bonus/sets/gets-bet-casino/,,https://legalbet.ro/bonus/gets-bet-cazino-40-rotiri-fr-depunere-pe-1-leu/,2024-06-07 02:47:41,2026-06-16 07:31:14
cazinoul meu superbet,RO,Romania,Romanian,"Superbet (Organization), My Casino (Product)",true,false,true,true,true,true,"Image pack, Video preview",150,2,0.67,2,,,,12,,Lost,,https://legalbet.ro/feedback/superbet/,,,2024-06-07 08:49:02,
aplicație casa pariurilor,RO,Romania,Romanian,Casa Pariurilor (Organization),true,false,false,true,true,true,Video preview,200,1,1.89,2,,,,14,,Lost,,https://legalbet.ro/scoala-pariurilor/pariuri-de-pe-mobil-la-casa-pariurilor-pas-cu-pas-despre-instalarea-aplicatiei-de-android-apk-si-ios/,,,2024-06-26 18:09:18,
fortuna meciuri,RO,Romania,Romanian,Fortuna (Organization),true,false,false,true,true,false,"Sitelinks, Image pack",150,0,0.33,2,,,,12,,Lost,,https://legalbet.ro/alegerea-editorului/25-lei-gratis-la-winmasters-fara-depunere-si-o-super/,,,2024-06-12 22:32:53,
contact magic jackpot,RO,Romania,English,Magic Jackpot (Organization),true,false,false,true,false,false,,80,66,1.67,0,2,2,,41,10,31,,https://legalbet.ro/cazinouri/magic-jackpot/,,https://legalbet.ro/cazinouri/magic-jackpot/,2024-06-19 01:19:31,2026-06-16 17:51:55
netbet. ro,RO,Romania,,NetBet (Organization),true,false,true,false,false,false,"Sitelinks, Video preview, Image pack, Bottom ads",150,7,,2,,,,13,,Lost,,https://legalbet.ro/feedback/netbet/,,,2024-06-07 22:48:29,
publicwin casino,RO,Romania,English,PublicWin (Organization),true,false,true,true,true,true,Image pack,200,0,1.02,2,,,,14,,Lost,,https://legalbet.ro/feedback/publicwin/,,,2024-06-14 13:13:40,
meciuri champions league azi,RO,Romania,Romanian,UEFA Champions League (Event),true,false,false,true,false,false,,1200,59,1.26,0,2,2,,13,5,8,,https://legalbet.ro/centrul-de-pariere/turnee/champions-league/,,https://legalbet.ro/centrul-de-pariere/astazi/,2024-06-24 04:07:12,2026-06-22 12:46:03
elvir koljic,RO,Romania,,Elvir Koljic (Person),false,false,false,true,false,false,"Knowledge panel, Image pack, Video preview",600,0,,,2,,,,19,New,,,,https://legalbet.ro/stiri/62025091-229896-elvir-koljic-pleaca-de-la-rapid-iar-marius-sumudic/,,2026-06-07 22:15:52
meci azi dinamo,RO,Romania,Romanian,Dinamo București (Organization),true,false,false,true,false,false,"Video preview, Image pack",150,16,,2,,,,13,,Lost,,https://legalbet.ro/centrul-de-pariere/echipe/dinamo-bucuresti/,,,2024-06-17 20:05:58,
poziții arsenal vs man city,RO,Romania,Romanian,"Arsenal (Organization), Manchester City (Organization)",true,false,false,true,false,false,"Videos, Video preview, Image pack",200,1,,2,,,,14,,Lost,,https://legalbet.ro/centrul-de-pariere/arsenal-manchester-city-18-10-2022/,,,2024-06-22 20:17:37,
get's bet online,RO,Romania,English,GetsBet (Organization),true,false,true,true,true,true,"Sitelinks, Video preview, Image pack",150,1,1.12,2,,,,14,,Lost,,https://legalbet.ro/feedback/gets-bet/,,,2024-06-18 21:47:35,
player ro casino,RO,Romania,Romanian,Player.ro (Organization),true,false,true,true,true,true,"Sitelinks, Video preview, Bottom ads, Paid sitelinks",100,0,,2,,,,12,,Lost,,https://legalbet.ro/alegerea-editorului/player-casino-ce-promotii-ai-cum-le-obtii-si-cum-le/,,,2024-06-23 16:46:07,
betfair pariuri,RO,Romania,Romanian,Betfair (Organization),true,false,true,true,true,true,,90,16,5.36,0,2,2,,14,10,4,,https://legalbet.ro/case-de-pariuri/betfair/,,https://legalbet.ro/scoala-pariurilor/primul-pariu-la-betfair/,2024-06-20 04:51:53,2026-05-23 09:40:36
meci rapid azi,RO,Romania,Romanian,FC Rapid București (Organization),true,false,false,true,false,false,"Video preview, Image pack",150,8,0.05,2,,,,13,,Lost,,https://legalbet.ro/centrul-de-pariere/echipe/rapid-bucuresti/,,,2024-06-22 14:54:00,
bilet zilei,RO,Romania,Romanian,,false,false,false,true,false,false,Video preview,80,36,0.25,2,,,,13,,Lost,,https://legalbet.ro/biletul-zilei/,,,2024-06-15 04:33:08,
bonus la depunere,RO,Romania,Romanian,,false,false,false,true,true,false,Sitelinks,700,57,5.92,0,2,2,,31,20,11,,https://legalbet.ro/cazinouri/bonusuri/bonusuri-la-inregistrare/,,https://legalbet.ro/cazinouri/bonusuri/bonusuri-la-inregistrare/,2024-06-15 13:44:28,2026-06-21 21:25:04
biletul zilei,RO,Romania,Romanian,Daily Ticket (Event),false,false,false,true,false,false,Video preview,900,64,0.39,0,2,2,,32,13,19,,https://legalbet.ro/biletul-zilei/,,https://legalbet.ro/ponturi/ponturile-de-astazi/,2024-06-27 08:05:56,2026-06-24 18:59:02
superbet retragere online,RO,Romania,Romanian,Superbet (Organization),true,false,false,true,false,true,"AI Overview, Thumbnail, Video preview",80,43,1.29,0,2,2,,32,11,21,,https://legalbet.ro/complaints/superbet/,,https://legalbet.ro/scoala-pariurilor/casa-de-pariuri-superbet-depuneri-i-retrageri/,2024-06-10 20:26:38,2026-06-18 09:29:51
casapariurilor casino,RO,Romania,Romanian,Casa Pariurilor (Organization),true,false,false,true,true,false,"Sitelinks, Image pack, Video preview",450,1,,2,,,,18,,Lost,,https://legalbet.ro/bonus/casa-pariurilor-casino-pn-la-2-100-de-lei-si-500-rotiri-bonus-de-bun-venit/,,,2024-06-08 13:46:06,
casino sportingbet,RO,Romania,English,Sportingbet (Organization),true,false,true,true,true,false,Video preview,150,0,6.54,2,,,,13,,Lost,,https://legalbet.ro/cazinouri/sportingbet/,,,2024-06-18 15:19:40,
magicjackpot,RO,Romania,Romanian,Magic Jackpot (Organization),true,false,false,true,true,false,Sitelinks,14000,67,1.61,0,2,2,,45,4,41,,https://legalbet.ro/cazinouri/magic-jackpot/,,https://legalbet.ro/cazinouri/magic-jackpot/,2024-06-27 07:03:09,2026-06-20 01:45:03
casa pariuri sportive,RO,Romania,Romanian,,false,false,false,true,true,false,"Thumbnail, Image pack",350,40,1.60,2,,,,17,,Lost,,https://legalbet.ro/case-de-pariuri-licentiate/,,,2024-06-23 19:32:57,
grecia kino betano,RO,Romania,Romanian,"Betano (Organization), Grecia Kino (Event)",true,false,false,true,false,false,"Video preview, Image pack",300,2,5.76,2,,,,16,,Lost,,https://legalbet.ro/alegerea-editorului/descopera-cea-mai-complexa-oferta-de-loterii-2/,,,2024-06-24 08:51:52,
ce inseamna cash out,RO,Romania,Romanian,,false,false,false,true,false,false,"Featured snippet, Image pack",100,0,,2,,,,12,,Lost,,https://legalbet.ro/scoala-pariurilor/optiunea-cash-out-sau-inchidere-pariu/,,,2024-06-08 17:57:03,
10 pariuri tenis,RO,Romania,Romanian,10pariuri.ro (Organization),true,false,false,true,false,false,"Sitelinks, Video preview",100,12,0.21,2,,,,11,,Lost,,https://legalbet.ro/ponturi/sportul-tenis/,,,2024-06-26 02:40:21,
pariuri cupa mondiala,RO,Romania,Romanian,FIFA World Cup (Event),true,false,false,true,true,true,"Top stories, Thumbnail",80,1,,9,2,-7,,3,10,-7,,https://legalbet.ro/centrul-de-pariere/turnee/campionatul-mondial-2022-uefa/,,https://legalbet.ro/case-de-pariuri/sets/cupa-mondiala/,2024-06-15 19:23:06,2026-06-06 09:13:57
verificare bilet scanare,RO,Romania,Romanian,,false,false,false,true,false,false,Video preview,1400,25,0.43,,2,,,,23,New,,,,https://legalbet.ro/scoala-pariurilor/superbet-verificare-bilet-online/,,2026-06-10 00:59:11
www efortuna ro pariuri sportive,RO,Romania,Romanian,eFortuna (Organization),true,false,true,false,false,false,"Sitelinks, Image pack, Video preview",90,2,0.35,2,,,,12,,Lost,,https://legalbet.ro/feedback/fortuna/,,,2024-06-20 04:33:35,
casa pariurilor jocuri,RO,Romania,Romanian,Casa Pariurilor (Organization),true,false,false,true,true,false,"Top ads, Paid sitelinks, Sitelinks, Image pack, Video preview, Bottom ads",2700,1,1.19,2,,,,26,,Lost,,https://legalbet.ro/feedback/casa-pariurilor/,,,2024-06-27 22:34:47,
betano rotiri gratuite fara depunere,RO,Romania,Romanian,Betano (Organization),true,false,false,true,true,false,Video preview,600,54,2.08,0,2,2,,38,19,19,,https://legalbet.ro/bonus/betano-casino-444-rotiri-gratuite-fara-depunere/,,https://legalbet.ro/bonus/sets/betano/,2024-05-29 20:45:09,2026-06-20 12:27:22
aplicatia betano,RO,Romania,Romanian,Betano (Organization),true,false,false,true,true,true,Video preview,90,1,2.00,2,,,,11,,Lost,,https://legalbet.ro/scoala-pariurilor/aplicatie-betano-ghid-complet-pentru-pariuri-de-pe-mobil/,,,2024-06-24 08:29:11,
batman pariuri sportive,RO,Romania,Romanian,Batman (Person),false,false,true,true,true,true,Sitelinks,450,53,1.33,,2,,,,18,New,,,,https://legalbet.ro/case-de-pariuri/betmen/,,2026-06-20 13:18:52
netbet download,RO,Romania,English,NetBet (Organization),true,false,false,false,true,true,Video preview,80,2,1.77,2,,,,10,,Lost,,https://legalbet.ro/scoala-pariurilor/aplicatie-netbet-ghid-complet-pentru-pariuri-de-pe-mobil/,,,2024-06-13 08:30:10,
poziții bologna fc,RO,Romania,Romanian,Bologna FC (Organization),true,false,false,true,false,false,Image pack,80,3,,2,,,,10,,Lost,,https://legalbet.ro/centrul-de-pariere/echipe/bologna/,,,2024-06-18 12:20:23,
don.ro casino,RO,Romania,Romanian,Don.ro (Organization),true,false,false,true,true,false,"Sitelinks, Video preview",600,0,1.18,2,,,,19,,Lost,,https://legalbet.ro/feedback/don-sport/,,,2024-06-24 04:22:29,
net bet casino,RO,Romania,English,NetBet Casino (Organization),true,false,false,true,true,false,"Sitelinks, Image pack, Video preview",250,37,0.62,2,,,,15,,Lost,,https://legalbet.ro/feedback/netbet/,,,2024-06-26 09:10:27,
pariuri sportive winner,RO,Romania,Romanian,Winner (Organization),true,false,true,true,true,true,Sitelinks,300,25,0.91,0,2,2,,9,6,3,,https://legalbet.ro/scoala-pariurilor/recenzia-casei-de-pariuri-winnerbet/,,https://legalbet.ro/scoala-pariurilor/recenzia-casei-de-pariuri-winnerbet/,2024-06-24 14:23:04,2026-05-21 02:16:16
oferta fotbal superbet azi,RO,Romania,Romanian,Superbet (Organization),true,false,true,true,true,true,"Video preview, Image pack",150,10,0.53,2,,,,13,,Lost,,https://legalbet.ro/centrul-de-pariere/maine/,,,2024-06-22 18:57:10,
pariuri gets bet,RO,Romania,Romanian,Get's Bet (Organization),true,false,true,true,true,true,"Sitelinks, Video preview",100,0,0.81,2,,,,12,,Lost,,https://legalbet.ro/scoala-pariurilor/casa-de-pariuri-gets-bet-depuneri-si-retrageri/,,,2024-06-10 17:03:26,
bonus casino de ziua ta,RO,Romania,Romanian,,false,false,false,true,true,false,Image pack,200,0,1.72,2,,,,14,,Lost,,https://legalbet.ro/bonus/sets/bonus-de-ziua-ta/,,,2024-06-14 09:29:50,
bonus fara depunere casino nou,RO,Romania,Romanian,,false,false,false,true,true,false,,1300,75,0.93,0,2,2,,71,23,48,,https://legalbet.ro/alegerea-editorului/cote-de-top-la-winmasters-pentru-intalnirea-dintre/,,https://legalbet.ro/cazinouri/rotiri-gratuite/,2024-06-19 22:23:30,2026-06-08 10:43:58
poziții empoli fc,RO,Romania,Romanian,Empoli FC (Organization),true,false,false,true,false,false,Knowledge panel,200,0,,2,,,,15,,Lost,,https://legalbet.ro/centrul-de-pariere/milan-empoli-10-03-2024/,,,2024-06-10 14:01:18,
casino fara depunere bonus,RO,Romania,Romanian,,false,false,false,true,true,false,,500,75,2.55,0,2,2,,53,20,33,,https://legalbet.ro/bonus/betano-casino-888-de-rotiri-gratuite-fara-depunere-la-verificarea-contului/,,https://legalbet.ro/cazinouri/,2024-06-07 00:01:09,2026-06-07 21:30:03
vlad cazino rotiri gratuite,RO,Romania,Romanian,Vlad Cazino (Organization),true,false,false,true,true,false,"Sitelinks, Video preview",450,56,1.57,0,2,2,,53,18,35,,https://legalbet.ro/cazinouri/vlad-cazino/,,https://legalbet.ro/bonus/sets/vlad-cazino/,2024-06-25 05:53:00,2026-06-10 13:25:44
onjn reclamatii,RO,Romania,Romanian,National Office for Judicial Administration (Organization),true,false,false,true,false,false,Video preview,150,0,,2,,,,13,,Lost,,https://legalbet.ro/complaint/14126601/,,,2024-06-15 15:23:39,
rapid meci azi,RO,Romania,Romanian,Rapid București (Organization),true,false,false,true,false,false,"Video preview, Image pack",150,13,,2,,,,13,,Lost,,https://legalbet.ro/centrul-de-pariere/echipe/rapid-bucuresti/,,,2024-06-23 01:32:06,
csu craiova–farul constanța,RO,Romania,Romanian,"CSU Craiova (Organization), Farul Constanța (Organization)",true,false,false,true,false,false,Video preview,100,1,,2,,,,12,,Lost,,https://legalbet.ro/centrul-de-pariere/universitatea-craiova-farul-13-04-2024/,,,2024-06-25 22:04:40,
unibet. ro,RO,Romania,,Unibet Romania (Organization),true,false,true,true,true,false,"Sitelinks, Image pack, Video preview",400,43,,2,,,,18,,Lost,,https://legalbet.ro/feedback/unibet/,,,2024-06-20 23:43:48,
betfair aplicatie,RO,Romania,Romanian,Betfair (Organization),true,false,false,true,true,true,"Video preview, Knowledge panel",150,0,,2,,,,13,,Lost,,https://legalbet.ro/scoala-pariurilor/aplicatie-betfair-ghid-complet-pentru-pariuri-de-pe-mobil/,,,2024-06-08 20:38:46,
netbet.ro casino,RO,Romania,Romanian,NetBet (Organization),true,false,true,true,true,true,"Sitelinks, Image pack, Video preview",600,39,0.72,2,,,,20,,Lost,,https://legalbet.ro/feedback/netbet/,,,2024-06-23 15:32:36,
casino luck,RO,Romania,English,Luck Casino (Organization),true,false,false,true,true,false,"Sitelinks, Image pack, Video preview, Knowledge panel",600,0,0.68,2,,,,20,,Lost,,https://legalbet.ro/cazinouri/luck-casino/,,,2024-06-22 20:55:22,
betano.ro aplicatie,RO,Romania,Romanian,"Betano.ro (Organization), Betano App (Product)",true,false,true,true,true,true,Video preview,150,3,0.71,2,,,,14,,Lost,,https://legalbet.ro/scoala-pariurilor/aplicatie-betano-ghid-complet-pentru-pariuri-de-pe-mobil/,,,2024-06-08 00:11:19,
maxbet sport,RO,Romania,English,MaxBet (Organization),true,false,false,true,true,false,"Top ads, Paid sitelinks, Video preview, Image pack",100,2,1.33,2,,,,13,,Lost,,https://legalbet.ro/case-de-pariuri/maxbet/,,,2024-06-24 23:34:11,
maxbet apk,RO,Romania,English,Maxbet (Organization),true,false,false,true,false,false,Video preview,90,1,2.29,2,,,,11,,Lost,,https://legalbet.ro/scoala-pariurilor/aplicatie-maxbet/,,,2024-06-13 01:24:05,
bit casino,RO,Romania,English,MrBit (Organization),true,false,false,true,true,false,Video preview,100,10,1.46,2,,,,12,,Lost,,https://legalbet.ro/cazinouri/mr-bit-casino/,,,2024-06-14 02:19:42,
winbet. ro,RO,Romania,,Winbet (Organization),true,false,true,true,false,false,"Sitelinks, Video preview",150,6,0.25,2,,,,14,,Lost,,https://legalbet.ro/feedback/winbet/,,,2024-06-24 13:08:53,
casa pariurilor,RO,Romania,Romanian,Casa Pariurilor (Organization),true,false,false,true,true,false,"Sitelinks, Knowledge panel, Video preview",266000,64,1.33,0,2,2,,11,6,5,,https://legalbet.ro/feedback/casa-pariurilor/,,https://legalbet.ro/feedback/casa-pariurilor/,2024-06-27 11:53:02,2026-06-21 16:59:41
favbet rotiri gratuite,RO,Romania,Romanian,Favbet (Organization),true,false,false,true,true,false,,400,55,1.04,2,2,0,,17,18,-1,,https://legalbet.ro/bonus/favbet-bonus-de-bun-venit-1000-de-lei-cash-100-rotiri-gratuite-si-100-de-lei-pariu-fara-risc/,,https://legalbet.ro/bonus/favbet-casino-300-rotiri-gratuite-la-verificarea-contului/,2024-06-08 07:16:21,2026-06-05 08:10:51
download casa pariurilor,RO,Romania,Romanian,Casa Pariurilor (Organization),true,false,false,false,false,false,,150,0,1.65,2,,,,15,,Lost,,https://legalbet.ro/scoala-pariurilor/pariuri-de-pe-mobil-la-casa-pariurilor-pas-cu-pas-despre-instalarea-aplicatiei-de-android-apk-si-ios/,,,2024-06-25 16:43:05,
unibet app,RO,Romania,English,Unibet (Organization),true,false,true,true,true,true,"Knowledge panel, Video preview",200,1,3.26,2,,,,14,,Lost,,https://legalbet.ro/scoala-pariurilor/unibet-aplicatie-ghid-complet-pentru-pariuri-de-pe-mobil/,,,2024-06-16 12:00:11,
cate reprize are un meci de hochei,RO,Romania,Romanian,,false,false,false,true,false,false,"Featured snippet, Thumbnail, People also ask, Image pack, Video preview",200,0,,2,,,,14,,Lost,,https://legalbet.ro/scoala-pariurilor/ce-si-cum-pariezi-hochei-pe-gheata/,,,2024-06-20 17:17:10,
poziții al-hilal vs al-nassr,RO,Romania,Romanian,"Al-Hilal (Organization), Al-Nassr (Organization)",true,false,false,true,false,false,"Video preview, Image pack",100,0,,2,,,,13,,Lost,,https://legalbet.ro/ponturi/biletul-zilei-cota-3-din-fotbal-31-05-2024-marco-birlan/,,,2024-06-17 16:33:25,
fcsb dinamo scor,RO,Romania,Romanian,"FCSB (Organization), Dinamo București (Organization)",true,false,false,true,false,false,"Video preview, Image pack",100,4,,2,,,,12,,Lost,,https://legalbet.ro/centrul-de-pariere/fcsb-dinamo-bucuresti-22-07-2023/,,,2024-06-21 07:26:06,
download fortuna,RO,Romania,English,Fortuna (Organization),true,false,false,false,true,true,Video preview,100,0,0.35,2,,,,12,,Lost,,https://legalbet.ro/scoala-pariurilor/aplicatie-fortuna-ghid-complet-pentru-pariuri-de-pe-mobil/,,,2024-06-09 13:49:28,
urmatorul meci fcsb,RO,Romania,Romanian,FCSB (Organization),true,false,false,true,false,false,"Video preview, Image pack",100,13,0.11,2,,,,12,,Lost,,https://legalbet.ro/centrul-de-pariere/echipe/FCSB/,,,2024-06-15 23:38:41,
million casino rotiri gratuite fără depunere,RO,Romania,Romanian,Million Casino (Organization),true,false,false,true,true,false,Image pack,200,0,,2,,,,15,,Lost,,https://legalbet.ro/bonus/million-cazino-200-de-runde-gratuite-la-verificarea-contului/,,,2024-06-14 16:56:48,
pariu box,RO,Romania,Romanian,,false,false,true,false,true,true,"Thumbnail, Image pack, Video preview",100,0,0.78,2,,,,13,,Lost,,https://legalbet.ro/case-de-pariuri/sets/case-de-pariuri-box/,,,2024-06-10 10:49:22,
totogaming.ro,RO,Romania,,TotoGaming (Organization),true,false,true,true,true,false,"Sitelinks, Video preview",600,38,0.76,0,2,2,,12,3,9,,https://legalbet.ro/case-de-pariuri/toto-gaming/,,https://legalbet.ro/feedback/toto-gaming/,2024-06-27 13:54:30,2026-06-16 20:46:10
frank casino bonus fara depunere,RO,Romania,Romanian,Frank Casino (Organization),true,false,false,true,true,false,Sitelinks,450,48,1.06,0,2,2,,60,19,41,,https://legalbet.ro/alegerea-editorului/cote-de-top-la-winmasters-pentru-scotia-vs-ungaria/,,https://legalbet.ro/bonus/sets/frank-fara-depunere/,2024-06-22 21:01:43,2026-06-13 17:17:55
poziții ligue 1,RO,Romania,Romanian,Ligue 1 (Event),true,false,false,true,false,false,Image pack,250,13,1.03,2,,,,17,,Lost,,https://legalbet.ro/centrul-de-pariere/echipe/lyon/,,,2024-06-27 08:13:48,
public win,RO,Romania,English,PublicWin (Organization),true,false,false,true,true,false,,450,61,1.85,1,2,0,,3,3,,,https://legalbet.ro/feedback/publicwin/,,https://legalbet.ro/feedback/publicwin/,2024-06-26 17:32:34,2026-06-20 12:30:09
oferta superbet sambata,RO,Romania,Romanian,Superbet (Organization),true,false,false,true,true,false,"Sitelinks, Video preview",350,6,1.83,1,,,,18,,Lost,,https://legalbet.ro/centrul-de-pariere/maine/,,,2024-06-21 19:19:16,
bonus fortuna,RO,Romania,Romanian,Fortuna (Organization),true,false,false,true,true,false,"Video preview, Image pack",150,0,2.66,1,,,,13,,Lost,,https://legalbet.ro/bonus/fortuna-sport-bonus-de-bun-venit-de-150-lei-50-lei-la-verificare/,,,2024-06-24 14:09:22,
bonusuri aniversare casino,RO,Romania,Romanian,,false,false,false,true,true,false,"Image pack, Video preview",90,0,1.08,1,,,,12,,Lost,,https://legalbet.ro/bonus/sets/bonus-de-ziua-ta/,,,2024-06-20 19:56:53,
casino online bani reali,RO,Romania,Romanian,,false,false,false,true,true,true,Image pack,200,7,5.93,1,,,,15,,Lost,,https://legalbet.ro/scoala-de-cazino/casino-pe-bani-reali/,,,2024-06-23 15:38:00,
aplicația betano,RO,Romania,Romanian,Betano (Organization),true,false,false,true,true,true,Video preview,150,2,0.94,1,,,,14,,Lost,,https://legalbet.ro/scoala-pariurilor/aplicatie-betano-ghid-complet-pentru-pariuri-de-pe-mobil/,,,2024-06-14 21:53:35,
meci uta azi,RO,Romania,Romanian,UTA Arad (Organization),true,false,false,true,false,false,"Video preview, Image pack",200,2,3.81,1,,,,15,,Lost,,https://legalbet.ro/centrul-de-pariere/echipe/uta-arad/,,,2024-06-21 18:46:26,
descarca superbet,RO,Romania,Romanian,Superbet (Organization),true,false,false,false,true,true,"Sitelinks, Video preview",200,3,1.88,1,,,,15,,Lost,,https://legalbet.ro/scoala-pariurilor/superbet-aplicatie-ghid-complet-pentru-pariuri-de-pe-mobil/,,,2024-06-23 03:44:07,
pariori profesionisti pronosticuri,RO,Romania,Romanian,,false,false,false,true,false,false,,90,30,0.48,1,,,,14,,Lost,,https://legalbet.ro/ponturi/,,,2024-06-10 04:37:12,
nitro casino,RO,Romania,English,Nitro Casino (Organization),true,false,true,true,true,true,"Video preview, Image pack",200,4,0.82,1,,,,16,,Lost,,https://legalbet.ro/cazinouri/nitro-casino/,,,2024-06-23 07:01:55,
winmasters cod bonus,RO,Romania,English,Winmasters (Organization),true,false,false,true,true,false,"Featured snippet, Video preview, Image pack",150,0,1.70,1,,,,15,,Lost,,https://legalbet.ro/bonus/sets/bonus-winmasters/,,,2024-06-19 22:56:07,
casa pariurilor biletul zilei,RO,Romania,Romanian,Casa Pariurilor (Organization),true,false,false,true,true,false,"Image pack, Video preview",80,25,0.28,1,,,,11,,Lost,,https://legalbet.ro/biletul-zilei/,,,2024-06-17 03:56:47,
888 casino rotiri gratuite,RO,Romania,Romanian,888 Casino (Organization),true,false,false,true,true,false,"Sitelinks, Video preview",350,67,1.35,0,1,1,,27,18,9,,https://legalbet.ro/bonus/sets/888-casino/,,https://legalbet.ro/alegerea-editorului/incepe-ti-aventura-la-888-casino-cu-88-de-rotiri/,2024-06-27 16:07:01,2026-06-18 19:38:51
888 casino bonus,RO,Romania,English,888 Casino (Organization),true,false,false,true,true,false,Sitelinks,500,67,0.88,1,1,1,,27,20,7,,https://legalbet.ro/bonus/888-cazino-25-lei-bonus-fr-depunere-la-inregistrare/,,https://legalbet.ro/bonus/sets/888casino/,2024-06-24 06:46:36,2026-06-06 14:01:23
stanleybet bonus,RO,Romania,English,Stanleybet (Organization),true,false,false,true,true,true,"Video preview, Image pack",80,0,0.84,1,,,,12,,Lost,,https://legalbet.ro/bonus/stanleybet-cazino-120-de-rotiri-fara-depunere/,,,2024-06-22 04:54:33,
get bet verificare bilet,RO,Romania,Romanian,,false,false,false,true,false,false,Sitelinks,900,54,0.95,0,1,1,,12,4,8,,https://legalbet.ro/scoala-pariurilor/aplicatie-gets-bet/,,https://legalbet.ro/scoala-pariurilor/getsbet-verificare-bilet-online/,2024-06-26 19:33:39,2026-06-18 21:40:08
superbet android,RO,Romania,English,"Superbet (Product), Android (Product)",true,false,false,true,true,true,Video preview,150,2,2.08,1,,,,15,,Lost,,https://legalbet.ro/scoala-pariurilor/superbet-aplicatie-ghid-complet-pentru-pariuri-de-pe-mobil/,,,2024-06-26 07:50:19,
maxbet app,RO,Romania,English,Maxbet (Organization),true,false,false,true,true,true,"Sitelinks, Knowledge panel, Video preview",90,0,1.92,1,,,,12,,Lost,,https://legalbet.ro/scoala-pariurilor/aplicatie-maxbet/,,,2024-06-19 15:08:46,
meciuri televizate azi,RO,Romania,Romanian,,false,false,false,true,false,false,"Video preview, Image pack",300,9,0.68,1,,,,18,,Lost,,https://legalbet.ro/centrul-de-pariere/astazi/,,,2024-06-13 03:43:14,
meci arsenal azi,RO,Romania,Romanian,Arsenal (Organization),true,false,false,true,false,false,"Image pack, Video preview",100,2,,1,,,,13,,Lost,,https://legalbet.ro/centrul-de-pariere/echipe/arsenal/,,,2024-06-19 15:27:00,
meci psg azi,RO,Romania,Romanian,PSG (Organization),true,false,false,true,false,false,"Video preview, Image pack",100,2,,1,,,,13,,Lost,,https://legalbet.ro/centrul-de-pariere/echipe/paris-saint-germain/,,,2024-06-07 02:30:42,
bonus zi de nastere,RO,Romania,Romanian,,false,false,false,true,true,false,,80,0,0.81,1,,,,13,,Lost,,https://legalbet.ro/bonus/sets/bonus-de-ziua-ta/,,,2024-06-10 16:38:29,
unibet aplicatie,RO,Romania,Romanian,Unibet (Organization),true,false,false,true,true,false,"Knowledge panel, Video preview",100,0,1.64,1,,,,13,,Lost,,https://legalbet.ro/scoala-pariurilor/unibet-aplicatie-ghid-complet-pentru-pariuri-de-pe-mobil/,,,2024-06-10 14:10:38,
l1160652w000306,RO,Romania,,L1160652W000306 (Product),true,false,false,true,false,false,"Sitelinks, Image pack",1600,0,0.86,1,,,,25,,Lost,,https://legalbet.ro/scoala-pariurilor/primul-pariu-la-casa-pariurilor/,,,2024-06-24 13:23:07,
get sbet,RO,Romania,Romanian,GetsBet (Organization),true,false,true,true,true,false,"Sitelinks, Knowledge panel, Video preview, Image pack",80,0,0.63,1,,,,12,,Lost,,https://legalbet.ro/scoala-pariurilor/aplicatie-gets-bet/,,,2024-06-23 00:12:48,
fcsb - csu craiova,RO,Romania,Romanian,"FCSB (Organization), CSU Craiova (Organization)",true,false,false,true,false,false,"Video preview, Image pack",800,0,,1,,,,17,,Lost,,https://legalbet.ro/centrul-de-pariere/fcsb-universitatea-craiova-06-04-2024/,,,2024-06-19 09:23:58,
mihai mironica,RO,Romania,Romanian,Mihai Mironică (Person),false,false,false,true,false,false,"Thumbnail, Videos, Knowledge panel, Video preview, Image pack",150,0,,1,,,,12,,Lost,,https://legalbet.ro/expert/mihai-mironica/,,,2024-05-25 14:31:03,
admiral casino romania,RO,Romania,English,"Admiral Casino (Organization), Romania (Location)",true,false,false,true,false,false,"Sitelinks, Thumbnail, Image pack, Video preview, Bottom ads",150,3,0.25,1,,,,15,,Lost,,https://legalbet.ro/alegerea-editorului/25-lei-gratis-la-winmasters-fara-depunere-si-o-super/,,,2024-06-13 22:09:00,
bilete superbet azi,RO,Romania,Romanian,Superbet (Organization),true,false,true,true,true,true,"Video preview, Image pack",450,18,0.31,1,,,,19,,Lost,,https://legalbet.ro/biletul-zilei/,,,2024-06-16 14:22:25,
vegas,RO,Romania,,Las Vegas (Location),false,true,false,true,false,false,"Sitelinks, Video preview, Image pack",700,84,0.07,,1,,,,16,New,,,,https://legalbet.ro/cazinouri/las-vegas/,,2026-06-13 00:42:09
activare cont superbet,RO,Romania,Romanian,Superbet (Organization),true,false,false,true,false,true,"Video preview, Image pack",150,0,1.79,1,,,,14,,Lost,,https://legalbet.ro/scoala-pariurilor/primul-pariu-la-superbet/,,,2024-06-09 23:19:33,
10 lei,RO,Romania,Romanian,10 lei (Product),true,false,false,true,false,false,"Image pack, Video preview",2300,0,0.03,,1,,,,21,New,,,,https://legalbet.ro/cazinouri/sets/depunere-minima-10-lei/,,2026-06-15 06:31:11
cate reprize sunt la hochei,RO,Romania,Romanian,,false,false,false,true,false,false,"Featured snippet, Thumbnail, People also ask, Image pack",100,0,,1,,,,11,,Lost,,https://legalbet.ro/scoala-pariurilor/ce-si-cum-pariezi-hochei-pe-gheata/,,,2024-06-27 13:37:14,
meci atletico madrid,RO,Romania,Romanian,Atlético Madrid (Organization),true,false,false,true,false,false,"Video preview, Image pack",150,1,,1,,,,15,,Lost,,https://legalbet.ro/centrul-de-pariere/echipe/atletico-madrid/,,,2024-06-24 16:40:30,
million casino rotiri gratuite fara depunere,RO,Romania,Romanian,Million Casino (Organization),true,false,false,true,true,false,"Image pack, Bottom ads, Paid sitelinks",200,0,1.16,1,,,,16,,Lost,,https://legalbet.ro/bonus/million-cazino-200-de-runde-gratuite-la-verificarea-contului/,,,2024-06-21 22:40:35,
poziții fulham,RO,Romania,Romanian,Fulham (Organization),true,false,false,true,false,false,"Image pack, Video preview",100,0,,1,,,,14,,Lost,,https://legalbet.ro/centrul-de-pariere/fulham-manchester-city-11-05-2024/,,,2024-06-07 18:13:09,
efortuna bonus,RO,Romania,Romanian,eFortuna (Organization),true,false,false,true,true,false,"Image pack, Video preview, Bottom ads, Paid sitelinks",150,0,3.17,1,,,,13,,Lost,,https://legalbet.ro/bonus/fortuna-sport-bonus-de-bun-venit-de-150-lei-50-lei-la-verificare/,,,2024-06-22 23:41:38,
toto gaming,RO,Romania,Romanian,TotoGaming (Organization),true,false,false,true,true,false,"Sitelinks, Knowledge panel, Video preview",2800,0,0.79,1,,,,28,,Lost,,https://legalbet.ro/cazinouri/toto-gaming/,,,2024-06-23 11:24:35,
pokerstars 50 rotiri,RO,Romania,Romanian,PokerStars (Organization),true,false,false,true,true,false,Image pack,100,0,1.02,1,,,,14,,Lost,,https://legalbet.ro/bonus/pokerstars-50-rotiri-gratuite-la-casino/,,,2024-06-26 02:31:47,
descarca aplicatia betano,RO,Romania,Romanian,Betano (Organization),true,false,false,false,true,true,Video preview,80,1,1.87,1,,,,12,,Lost,,https://legalbet.ro/scoala-pariurilor/aplicatie-betano-ghid-complet-pentru-pariuri-de-pe-mobil/,,,2024-06-20 08:29:00,
bonus sportingbet,RO,Romania,English,Sportingbet (Organization),true,false,false,true,true,false,"Video preview, Image pack",150,0,,1,,,,16,,Lost,,https://legalbet.ro/bonus/sportingbet-casino-bonus-de-bun-venit-de-700-de-lei/,,,2024-06-26 17:16:05,
dinamo bukarest–farul constanța,RO,Romania,Romanian,"FC Dinamo București (Organization), FC Farul Constanța (Organization)",true,false,false,true,false,false,"Video preview, Image pack",100,0,,1,,,,14,,Lost,,https://legalbet.ro/centrul-de-pariere/farul-dinamo-bucuresti-10-02-2024/,,,2024-06-11 23:37:56,
meciuri superbet azi,RO,Romania,Romanian,Superbet (Organization),true,false,true,true,true,true,"Video preview, Image pack",100,1,3.62,1,,,,14,,Lost,,https://legalbet.ro/centrul-de-pariere/maine/,,,2024-06-07 05:27:51,
furtuna cazinou,RO,Romania,Romanian,Fortuna Casino (Organization),true,false,false,true,true,false,"Sitelinks, Video preview",80,14,1.00,1,,,,12,,Lost,,https://legalbet.ro/feedback/fortuna/,,,2024-06-15 04:21:16,
aparate online romania,RO,Romania,Romanian,Romania (Location),false,false,false,true,true,false,"Image pack, Bottom ads",100,59,0.65,1,,,,13,,Lost,,https://legalbet.ro/cazinouri/,,,2024-06-21 17:46:24,
maxbet cazino,RO,Romania,Romanian,"Maxbet (Organization), Cazino (Organization)",true,false,true,true,true,true,"Video preview, Knowledge panel",450,1,1.46,1,,,,20,,Lost,,https://legalbet.ro/cazinouri/maxbet/,,,2024-06-12 01:41:00,
app superbet,RO,Romania,English,Superbet (Product),true,false,true,true,true,true,"Sitelinks, Knowledge panel, Video preview",80,7,2.70,1,,,,12,,Lost,,https://legalbet.ro/scoala-pariurilor/superbet-aplicatie-ghid-complet-pentru-pariuri-de-pe-mobil/,,,2024-06-24 17:34:19,
casa pariurilor aplicatia,RO,Romania,Romanian,"Casa Pariurilor (Organization), Casa Pariurilor App (Product)",true,false,false,true,true,true,Video preview,90,0,1.08,1,,,,13,,Lost,,https://legalbet.ro/scoala-pariurilor/pariuri-de-pe-mobil-la-casa-pariurilor-pas-cu-pas-despre-instalarea-aplicatiei-de-android-apk-si-ios/,,,2024-06-19 18:30:17,
meciuri de azi liga 1,RO,Romania,Romanian,Liga 1 (Event),true,false,false,true,false,false,"Video preview, Image pack",100,20,0.14,1,,,,13,,Lost,,https://legalbet.ro/centrul-de-pariere/turnee/liga-i/,,,2024-06-08 11:04:43,
netbet cazino,RO,Romania,Romanian,"NetBet (Organization), NetBet Casino (Organization)",true,false,true,true,true,true,"Sitelinks, Image pack, Video preview",150,37,1.44,1,,,,15,,Lost,,https://legalbet.ro/feedback/netbet/,,,2024-06-27 02:16:33,
meciuri liga 1 azi,RO,Romania,Romanian,Liga 1 (Event),true,false,false,true,false,false,"Video preview, Image pack",400,15,0.58,1,,,,16,,Lost,,https://legalbet.ro/centrul-de-pariere/astazi/,,,2024-06-27 20:57:33,
maxbet verificare cont,RO,Romania,Romanian,MaxBet (Organization),true,false,false,true,false,false,Image pack,80,0,1.27,1,,,,12,,Lost,,https://legalbet.ro/complaints/maxbet/,,,2024-06-15 14:59:24,
black jack reguli,RO,Romania,Romanian,Blackjack (Event),false,false,false,true,false,false,"Image pack, Video preview",200,1,0.22,1,,,,8,,Lost,Image pack,https://legalbet.ro/alegerea-editorului/ghid-blackjack-sau-21/,,,2024-06-22 17:40:31,
poziții genk,RO,Romania,Romanian,KRC Genk (Organization),true,false,false,true,false,false,Image pack,80,0,,1,,,,12,,Lost,,https://legalbet.ro/centrul-de-pariere/echipe/Ferencvarosi/,,,2024-06-20 09:43:28,
dazzling,RO,Romania,English,,false,false,false,true,false,false,Knowledge card,90,0,1.93,,1,,,,7,New,,,,https://legalbet.ro/scoala-de-cazino/5-dazzling-hot-cum-si-unde-poti-juca-si-castiga/,,2026-05-21 13:17:56
fortuna inregistrare,RO,Romania,Romanian,Fortuna (Organization),true,false,true,true,true,true,"Video preview, Image pack",100,3,0.22,1,,,,14,,Lost,,https://legalbet.ro/scoala-pariurilor/primul-pariu-la-fortuna/,,,2024-06-20 09:40:47,
sport and bonus,RO,Romania,English,Sport&Bonus (Organization),true,false,false,true,true,false,"Videos, Video preview",200,0,0.09,1,,,,16,,Lost,,https://legalbet.ro/bonus/publicwin-sport-200-bonus-la-sport-pana-la-2000-lei-bonus-de-bun-venit/,,,2024-06-12 03:57:29,
scor cfr u cluj,RO,Romania,Romanian,"CFR Cluj (Organization), Cluj (Location)",true,true,false,true,false,false,"Video preview, Image pack",150,4,0.21,1,,,,15,,Lost,,https://legalbet.ro/centrul-de-pariere/cfr-kluj-universitatea-cluj-20-12-2023/,,,2024-06-12 20:02:23,
meciuri din europa league,RO,Romania,Romanian,Europa League (Event),true,false,false,true,false,false,"Video preview, Image pack",250,5,0.36,1,,,,17,,Lost,,https://legalbet.ro/centrul-de-pariere/turnee/europa-league/,,,2024-06-27 20:28:15,
mallorca - bilbao,RO,Romania,Romanian,"Mallorca (Location), Bilbao (Location)",false,true,false,true,false,false,"Top ads, Paid sitelinks, Thumbnail, Videos, Image pack",200,0,,1,,,,16,,Lost,,https://legalbet.ro/centrul-de-pariere/athletic-bilbao-mallorca-06-04-2024/,,,2024-06-13 02:50:45,
77 rotiri gratuite,RO,Romania,Romanian,,false,false,false,true,true,false,"Video preview, Image pack",100,0,2.26,1,,,,15,,Lost,,https://legalbet.ro/bonus/seven-casino-77-rotiri-gratuite-fr-depunere-la-verificarea-contului/,,,2024-06-27 20:48:08,
meciuri azi europa league,RO,Romania,Romanian,Europa League (Event),true,false,false,true,false,false,"Video preview, Image pack",250,2,0.91,1,,,,16,,Lost,,https://legalbet.ro/centrul-de-pariere/astazi/,,,2024-06-08 02:02:36,
poziții bodø/glimt,RO,Romania,Romanian,FK Bodø/Glimt (Organization),true,false,false,true,false,false,"Video preview, Image pack",80,0,,1,,,,15,,Lost,,https://legalbet.ro/centrul-de-pariere/echipe/brugge/,,,2024-06-17 21:34:07,
bonus stanleybet,RO,Romania,English,Stanleybet (Organization),true,false,false,true,true,false,Image pack,90,0,0.92,1,,,,13,,Lost,,https://legalbet.ro/bonus/stanleybet-cazino-120-de-rotiri-fara-depunere/,,,2024-06-12 04:16:35,
rotiri gratuite winmasters,RO,Romania,Romanian,Winmasters (Organization),true,false,false,true,true,false,"Featured snippet, Image pack, Video preview",150,0,2.46,1,,,,16,,Lost,,https://legalbet.ro/bonus/winmasters-cazino-200-de-rotiri-gratuite-n-plus-doar-cu-legalbet/,,,2024-06-18 21:49:36,
pontul zilei,RO,Romania,Romanian,,false,false,false,true,false,false,Video preview,1800,64,0.78,0,1,1,,30,8,22,,https://legalbet.ro/ponturi/maine/,,https://legalbet.ro/ponturi/maine/,2024-06-27 19:44:36,2026-06-16 07:43:50
cota 2,RO,Romania,Romanian,Cota 2 (Organization),true,false,false,true,false,false,"Image pack, Video preview",1500,29,0.40,19,1,-17,,12,20,-8,,https://legalbet.ro/ponturi/cota-2/,,https://legalbet.ro/ponturi/cota-2/,2024-06-23 10:11:44,2026-06-06 07:24:15
biletul zilei casa pariurilor,RO,Romania,Romanian,"Casa Pariurilor (Organization), Daily Betting Ticket (Product)",true,false,false,true,true,false,"Video preview, Image pack",90,33,0.31,1,,,,9,,Lost,,https://legalbet.ro/biletul-zilei/,,,2024-06-15 14:25:14,
gets bet bonus,RO,Romania,English,GetsBet (Organization),true,false,false,true,true,false,"Image pack, Video preview",300,0,0.18,1,,,,19,,Lost,,https://legalbet.ro/bonus/getsbet-sport-40-de-lei-freebet-la-verificarea-contului/,,,2024-06-17 10:51:36,
princes cazino,RO,Romania,Romanian,Princess Casino (Organization),true,false,false,true,true,false,"Sitelinks, Knowledge panel, Video preview",90,1,1.40,1,,,,13,,Lost,,https://legalbet.ro/cazinouri/princess-casino/,,,2024-06-06 12:03:42,
casa pariurilor android,RO,Romania,Romanian,"Casa Pariurilor (Organization), Android (Product)",true,false,false,false,true,true,Video preview,150,0,1.20,1,,,,15,,Lost,,https://legalbet.ro/scoala-pariurilor/pariuri-de-pe-mobil-la-casa-pariurilor-pas-cu-pas-despre-instalarea-aplicatiei-de-android-apk-si-ios/,,,2024-06-10 14:33:29,
casino casa pariurilor,RO,Romania,Romanian,Casa Pariurilor (Organization),true,false,false,true,true,false,"Sitelinks, Image pack, Video preview",1100,0,0.89,1,,,,24,,Lost,,https://legalbet.ro/bonus/casa-pariurilor-casino-pn-la-2-100-de-lei-si-500-rotiri-bonus-de-bun-venit/,,,2024-06-26 13:47:41,
pariuri sportive gets bet,RO,Romania,Romanian,Get's Bet (Organization),true,false,true,true,true,true,"Sitelinks, Video preview",250,2,1.13,1,,,,18,,Lost,,https://legalbet.ro/case-de-pariuri/gets-bet/,,,2024-06-22 04:30:55,
winner casino romania,RO,Romania,English,"Winner Casino (Organization), Romania (Location)",true,false,false,true,false,false,"Sitelinks, Video preview",400,2,1.61,1,,,,20,,Lost,,https://legalbet.ro/cazinouri/winner/,,,2024-06-14 03:16:39,
bonus conti casino,RO,Romania,English,Conti Casino (Organization),true,false,false,true,true,false,"Image pack, Video preview",250,0,0.91,1,,,,18,,Lost,,https://legalbet.ro/bonus/bonus-de-bun-venit-conti-cazino/,,,2024-06-07 14:37:30,
real madrid azi,RO,Romania,Romanian,Real Madrid (Organization),true,false,false,true,false,false,"Video preview, Image pack",80,6,,1,,,,13,,Lost,,https://legalbet.ro/centrul-de-pariere/echipe/real-madrid/,,,2024-06-24 02:17:10,
getsbet rotiri gratuite,RO,Romania,Romanian,Get's Bet (Organization),true,false,false,true,true,false,"Image pack, Video preview, Bottom ads",400,0,0.88,1,,,,20,,Lost,,https://legalbet.ro/bonus/gets-bet-casino-200-de-rotiri-gratuite-la-verificarea-contului/,,,2024-06-14 21:29:03,
statistici „u” cluj vs uta arad,RO,Romania,Romanian,"U Cluj (Organization), UTA Arad (Organization), Arad (Location)",true,true,false,true,false,false,"Image pack, Video preview",100,0,,1,,,,14,,Lost,,https://legalbet.ro/ponturi/u-cluj-vs-uta-arad-pronosticuri-fotbal-superliga-romaniei-30-03-2023-nsavin/,,,2024-06-27 00:33:21,
ponturi fotbal,RO,Romania,Romanian,,false,false,false,true,false,false,,800,54,0.43,0,1,1,,14,10,4,,https://legalbet.ro/ponturi/sportul-fotbal/,,https://legalbet.ro/ponturi/maine/,2024-06-24 12:58:12,2026-06-09 11:46:03
mr bit.ro,RO,Romania,,MrBit (Organization),true,false,true,true,true,false,"Top ads, Paid sitelinks, Sitelinks, Image pack, Video preview, Bottom ads",200,2,2.17,1,,,,17,,Lost,,https://legalbet.ro/cazinouri/mr-bit-casino/,,,2024-06-16 18:58:05,
mozzartbet bonus,RO,Romania,Romanian,MozzartBet (Organization),true,false,false,true,true,true,"Image pack, Video preview",200,1,1.94,1,,,,17,,Lost,,https://legalbet.ro/bonus/sets/mozzart-bet/,,,2024-06-21 17:59:22,
poziții newcastle united vs arsenal,RO,Romania,Romanian,"Newcastle United (Organization), Arsenal (Organization)",true,false,false,true,false,false,"Image pack, Video preview",100,1,,1,,,,15,,Lost,,https://legalbet.ro/centrul-de-pariere/turnee/premier-league/,,,2024-06-18 20:07:14,
bonus de bun venit superbet,RO,Romania,Romanian,Superbet (Organization),true,false,false,true,true,false,"Top ads, Paid sitelinks, Video preview, Image pack, Bottom ads",200,4,6.47,1,,,,17,,Lost,,https://legalbet.ro/bonus/bonus-de-bun-venit/,,,2024-06-26 12:49:39,
rezultate fotbal ieri stanleybet,RO,Romania,Romanian,Stanleybet (Organization),true,false,false,true,false,false,,250,1,0.29,1,,,,19,,Lost,,https://legalbet.ro/centrul-de-pariere/maine/,,,2024-06-15 03:59:56,
scor meci uta azi,RO,Romania,Romanian,UTA Arad (Organization),true,false,false,true,false,false,"Video preview, Image pack",150,2,,1,,,,16,,Lost,,https://legalbet.ro/centrul-de-pariere/uta-arad-fc_craiova_1948-11-05-2024/,,,2024-06-21 08:22:04,
meciuri liga1,RO,Romania,Romanian,Liga 1 (Event),true,false,false,true,false,false,"Video preview, Image pack",200,20,0.24,1,,,,13,,Lost,,https://legalbet.ro/centrul-de-pariere/turnee/liga-i/,,,2024-06-09 04:00:59,
vlad cazino app,RO,Romania,Romanian,"Vlad Cazino (Product), Vlad Cazino app (Product)",true,false,true,true,true,true,"Knowledge panel, Video preview",200,2,2.18,1,,,,17,,Lost,,https://legalbet.ro/scoala-de-cazino/aplicatie-vlad-cazino/,,,2024-06-14 17:13:18,
bilet pariuri,RO,Romania,Romanian,,false,false,false,true,true,false,"Top stories, Thumbnail, Image pack, Video preview",200,36,0.56,1,,,,19,,Lost,,https://legalbet.ro/biletul-zilei/,,,2024-06-20 21:19:58,
sepsi poli iasi,RO,Romania,Romanian,"Poli Iasi (Organization), Iasi (Location)",true,true,false,true,false,false,"Video preview, Image pack",100,0,,1,,,,15,,Lost,,https://legalbet.ro/centrul-de-pariere/sepsi-osk-sfantu-gheorghe-politehnica-iasi-19-01-2024/,,,2024-06-10 14:00:30,
getsbet pariuri sportive,RO,Romania,Romanian,GetSbet (Organization),true,false,true,true,true,true,Sitelinks,1400,53,0.93,10,1,-9,,7,26,-19,,https://legalbet.ro/case-de-pariuri/gets-bet/,,https://legalbet.ro/case-de-pariuri/gets-bet/,2024-06-18 22:31:20,2026-06-20 22:07:52
poziții al-nassr vs al khaleej,RO,Romania,Romanian,"Al-Nassr (Organization), Al Khaleej (Organization)",true,false,false,true,false,false,"Videos, Image pack",150,0,,1,,,,16,,Lost,,https://legalbet.ro/ponturi/biletul-zilei-cota-3-din-fotbal-31-05-2024-marco-birlan/,,,2024-06-18 07:38:48,
impozit castig pariuri,RO,Romania,Romanian,,false,false,false,true,false,false,"Featured snippet, Thumbnail, Video preview, Image pack",100,0,,1,,,,15,,Lost,,https://legalbet.ro/scoala-pariurilor/legea-pariurilor-online-impozitul-pe-castiguri/,,,2024-06-10 15:01:42,
fortuna aplicatie,RO,Romania,Romanian,Fortuna (Product),true,false,false,true,true,false,Video preview,80,0,2.26,1,,,,12,,Lost,,https://legalbet.ro/scoala-pariurilor/aplicatie-fortuna-ghid-complet-pentru-pariuri-de-pe-mobil/,,,2024-06-14 02:24:32,
siyabonga ngezana,RO,Romania,,Siyabonga Ngezana (Person),false,false,false,true,false,false,"Knowledge panel, Top stories, Thumbnail, Image pack, Video preview",2700,1,,,1,,,,29,New,,,,https://legalbet.ro/stiri/62026041-274340-siyabonga-ngezana-a-explicat-de-ce-a-ascuns-accide/,,2026-06-21 11:18:33
graovac,RO,Romania,,Daniel Graovac (Person),false,false,false,true,false,false,"Knowledge panel, Image pack, Video preview",1400,0,,,1,,,,26,New,,,,https://legalbet.ro/stiri/62025060-206747-daniel-graovac-va-pleca-de-la-fcsb-in-vara-avem-ci/,,2026-05-19 16:33:47
meciuri „u” cluj vs cfr cluj,RO,Romania,Romanian,"CFR Cluj (Organization), Cluj (Location)",true,true,false,true,false,false,"Video preview, Image pack",200,1,,1,,,,17,,Lost,,https://legalbet.ro/centrul-de-pariere/cfr-kluj-universitatea-cluj-20-12-2023/,,,2024-06-25 09:08:22,
superbet cazino,RO,Romania,Romanian,Superbet Casino (Organization),true,false,false,true,true,false,"Sitelinks, Knowledge panel, Video preview",250,2,1.19,1,,,,19,,Lost,,https://legalbet.ro/feedback/superbet/,,,2024-06-21 06:36:19,
coduri meciuri superbet,RO,Romania,Romanian,Superbet (Organization),true,false,false,true,true,true,"Sitelinks, Image pack, Video preview",200,7,3.35,1,,,,18,,Lost,,https://legalbet.ro/centrul-de-pariere/maine/,,,2024-06-11 21:50:25,
50 rotiri gratuite fara depunere,RO,Romania,Romanian,,false,false,false,true,true,false,"Top ads, Paid sitelinks, Image pack, Bottom ads",200,3,2.89,1,,,,17,,Lost,,https://legalbet.ro/bonus/million-cazino-200-de-runde-gratuite-la-verificarea-contului/,,,2024-06-11 14:55:37,
oferta get bet,RO,Romania,Romanian,Get's Bet (Organization),true,false,false,true,true,false,"Sitelinks, Image pack",450,0,0.83,1,,,,21,,Lost,,https://legalbet.ro/case-de-pariuri/gets-bet/,,,2024-06-26 20:47:56,
aplicatie fortuna casino,RO,Romania,Romanian,Fortuna Casino (Organization),true,false,false,true,true,true,"Video preview, Knowledge panel",90,0,1.03,1,,,,14,,Lost,,https://legalbet.ro/scoala-pariurilor/aplicatie-fortuna-ghid-complet-pentru-pariuri-de-pe-mobil/,,,2024-06-26 09:40:15,
betano pariuri sportive,RO,Romania,Romanian,Betano (Organization),true,false,true,true,true,true,"Sitelinks, Video preview, Image pack",200,12,2.08,1,,,,17,,Lost,,https://legalbet.ro/case-de-pariuri/betano/,,,2024-06-14 20:03:40,
betano .ro,RO,Romania,,Betano (Organization),true,false,true,false,false,false,"Sitelinks, Top stories, Image pack, Video preview",300,53,1.72,1,,,,20,,Lost,,https://legalbet.ro/,,,2024-06-08 16:44:56,
superbet biletul zilei,RO,Romania,Romanian,"Superbet (Organization), Daily Bet Ticket (Product)",true,false,false,true,true,false,"Video preview, Image pack",150,24,0.38,1,,,,18,,Lost,,https://legalbet.ro/biletul-zilei/,,,2024-06-15 13:42:16,
online casinos,RO,Romania,English,,false,false,false,true,true,true,Image pack,450,54,2.83,1,,,,21,,Lost,,https://legalbet.ro/cazinouri/,,,2024-05-27 23:43:32,
poziții celtic fc,RO,Romania,Romanian,Celtic FC (Organization),true,false,false,true,false,false,Image pack,80,0,,1,,,,15,,Lost,,https://legalbet.ro/centrul-de-pariere/echipe/red-bull-salzburg/,,,2024-06-12 13:55:29,
oferte superbet,RO,Romania,Romanian,Superbet (Organization),true,false,false,true,true,false,Sitelinks,900,62,2.19,0,1,1,,71,24,47,,https://legalbet.ro/alegerea-editorului/revendicati-oferta-de-pe-superbet-200-rotiri-gratuite/,,https://legalbet.ro/bonus/sets/superbet/,2024-06-25 00:13:06,2026-06-16 15:43:34
download superbet app,RO,Romania,English,Superbet app (Product),true,false,false,false,true,true,"Sitelinks, Video preview",90,3,3.64,1,,,,14,,Lost,,https://legalbet.ro/scoala-pariurilor/superbet-aplicatie-ghid-complet-pentru-pariuri-de-pe-mobil/,,,2024-06-24 20:28:27,
aplicația cazino fortuna,RO,Romania,Romanian,"Fortuna Casino (Organization), Fortuna (Organization)",true,false,false,true,true,true,,200,2,,1,,,,17,,Lost,,https://legalbet.ro/scoala-pariurilor/aplicatie-fortuna-ghid-complet-pentru-pariuri-de-pe-mobil/,,,2024-06-19 23:11:51,
winmasters bonus fara depunere,RO,Romania,Romanian,Winmasters (Organization),true,false,false,true,true,false,,500,47,0.23,1,1,-1,,20,22,-2,,https://legalbet.ro/bonus/sets/bonus-winmasters/,,https://legalbet.ro/bonus/winmasters-bonus-fara-depunere/,2024-06-09 10:09:19,2026-06-09 11:42:55
casino efbet,RO,Romania,English,Efbet Casino (Organization),true,false,false,true,true,false,"Sitelinks, Local pack, Thumbnail, Image pack",90,0,2.68,1,,,,15,,Lost,,https://legalbet.ro/feedback/efbet/,,,2024-06-14 00:28:47,
rotiri,RO,Romania,Romanian,,false,false,false,true,true,false,,2000,72,2.02,,1,,,,28,New,,,,https://legalbet.ro/cazinouri/rotiri-gratuite/,,2026-06-20 01:42:42
milion cazino,RO,Romania,Romanian,Million Casino (Organization),true,false,false,true,true,false,"Sitelinks, Video preview",800,0,,1,,,,24,,Lost,,https://legalbet.ro/bonus/million-cazino-200-de-runde-gratuite-la-verificarea-contului/,,,2024-06-24 19:29:56,
meci manchester united,RO,Romania,Romanian,Manchester United (Organization),true,false,false,true,false,false,"Video preview, Image pack",150,1,0.09,1,,,,17,,Lost,,https://legalbet.ro/centrul-de-pariere/echipe/manchester-united/,,,2024-06-19 01:05:36,
pronosticuri fotbal astazi,RO,Romania,Romanian,,false,false,false,true,false,false,Video preview,90,18,0.18,1,,,,14,,Lost,,https://legalbet.ro/ponturi/sportul-fotbal/,,,2024-06-12 08:48:51,
casa pariurilor pacanele,RO,Romania,Romanian,"Casa Pariurilor (Organization), Pacanele (Product)",true,false,false,true,true,false,"Sitelinks, Video preview, Image pack",150,1,2.31,1,,,,16,,Lost,,https://legalbet.ro/feedback/casa-pariurilor/,,,2024-06-14 20:58:01,
poziții al ettifaq vs al-nassr,RO,Romania,Romanian,"Al-Ettifaq (Organization), Al-Nassr (Organization)",true,false,false,true,false,false,"Video preview, Image pack",150,0,,1,,,,16,,Lost,,https://legalbet.ro/centrul-de-pariere/arsenal-aston-villa-13-04-2024/,,,2024-06-10 02:59:17,
meciuri.liga 1,RO,Romania,Romanian,Liga 1 (Event),true,false,false,true,false,false,"Video preview, Image pack",100,20,,1,,,,15,,Lost,,https://legalbet.ro/centrul-de-pariere/turnee/liga-i/,,,2024-06-09 03:24:36,
meciuri superbet,RO,Romania,Romanian,Superbet (Organization),true,false,false,true,true,false,"Sitelinks, Video preview, Image pack",600,6,1.17,1,,,,23,,Lost,,https://legalbet.ro/alegerea-editorului/pariu-sansa-superbet/,,,2024-06-14 05:36:03,
efortuna bonus fara depunere,RO,Romania,Romanian,eFortuna (Organization),true,false,false,true,true,false,Image pack,150,0,1.12,1,,,,17,,Lost,,https://legalbet.ro/bonus/fortuna-sport-bonus-de-bun-venit-de-150-lei-50-lei-la-verificare/,,,2024-06-10 14:15:47,
liste farul constanța vs csu craiova,RO,Romania,Romanian,"Farul Constanța (Organization), CS Universitatea Craiova (Organization)",true,false,false,true,false,false,"Video preview, Image pack",100,1,,1,,,,17,,Lost,,https://legalbet.ro/ponturi/farul-constanta-vs-csu-craiova-ponturi-fotbal-karbacher/,,,2024-06-10 22:50:29,
milion.ro bonus fara depunere,RO,Romania,Romanian,Million Casino (Organization),true,false,false,true,true,false,"Image pack, Video preview, Bottom ads, Paid sitelinks",300,0,,1,,,,20,,Lost,,https://legalbet.ro/bonus/million-cazino-200-de-runde-gratuite-la-verificarea-contului/,,,2024-06-14 04:43:43,
casa pariurlor,RO,Romania,Romanian,Casa Pariurilor (Organization),true,false,false,true,true,false,"Sitelinks, Local pack",150,22,1.77,0,1,1,,22,4,18,,https://legalbet.ro/feedback/casa-pariurilor/,,https://legalbet.ro/feedback/casa-pariurilor/,2024-06-08 17:32:22,2026-06-11 21:59:30
csu cfr,RO,Romania,Romanian,CSU CFR (Event),false,false,false,true,false,false,"Video preview, Image pack",150,0,,1,,,,16,,Lost,,https://legalbet.ro/centrul-de-pariere/universitatea-craiova-cfr-kluj-27-04-2024/,,,2024-06-12 15:03:09,
casino mozzart,RO,Romania,Romanian,Mozzart Casino (Organization),true,false,false,true,true,false,"Image pack, Video preview",100,3,0.72,1,,,,15,,Lost,,https://legalbet.ro/feedback/mozzart/,,,2024-06-10 08:10:14,
stanleybet online,RO,Romania,English,Stanleybet (Organization),true,false,false,true,true,false,"Sitelinks, Image pack, Video preview",350,0,0.89,1,,,,8,,Lost,,https://legalbet.ro/feedback/stanleybet/,,,2024-06-24 21:53:12,
poziții cehia 1. liga,RO,Romania,Romanian,Czech 1. Liga (Event),true,false,false,true,false,false,"Image pack, Video preview",150,2,,1,,,,17,,Lost,,https://legalbet.ro/centrul-de-pariere/czech-republic-turkey-26-06-2024/,,,2024-06-27 09:06:19,
fcsb universitatea cluj,RO,Romania,Romanian,"FCSB (Organization), FC Universitatea Cluj (Organization)",true,false,false,true,false,false,"Video preview, Image pack",200,0,0.22,1,,,,18,,Lost,,https://legalbet.ro/centrul-de-pariere/universitatea-cluj-fcsb-17-02-2024/,,,2024-06-20 08:56:02,
155 rotiri gratuite fara depunere,RO,Romania,Romanian,155 Free Spins (Event),false,false,false,true,true,false,,2300,33,1.39,18,1,-17,,8,29,-21,,https://legalbet.ro/bonus/conti-casino-155-rotiri-gratuite-la-verificarea-contului/,,https://legalbet.ro/bonus/conti-casino-155-rotiri-gratuite-la-verificarea-contului/,2024-06-20 10:35:09,2026-06-10 19:47:45
superbet oferta fotbal sambata,RO,Romania,Romanian,Superbet (Organization),true,false,true,true,true,true,"Sitelinks, Image pack, Video preview",100,5,0.28,1,,,,16,,Lost,,https://legalbet.ro/centrul-de-pariere/maine/,,,2024-06-25 04:27:33,
casino efortuna,RO,Romania,Romanian,eFortuna (Organization),true,false,true,true,true,true,"Sitelinks, Knowledge panel, Video preview, Image pack",150,7,1.18,1,,,,18,,Lost,,https://legalbet.ro/feedback/fortuna/,,,2024-06-26 12:16:32,
oferta superbet duminica,RO,Romania,Romanian,Superbet (Organization),true,false,false,true,true,false,"Sitelinks, Video preview, Image pack",200,1,0.68,1,,,,18,,Lost,,https://legalbet.ro/centrul-de-pariere/maine/,,,2024-06-27 16:26:01,
uta arad vs. dinamo bucurești,RO,Romania,Romanian,"UTA Arad (Organization), Dinamo București (Organization)",true,false,false,true,false,false,"Video preview, Image pack",100,0,,1,,,,16,,Lost,,https://legalbet.ro/centrul-de-pariere/dinamo-bucuresti-uta-arad-18-05-2024/,,,2024-06-15 08:18:13,
fara depunere fara rulaj,RO,Romania,Romanian,,false,false,false,true,true,false,"Video preview, Image pack",100,12,4.00,1,,,,16,,Lost,,https://legalbet.ro/scoala-de-cazino/bonus-fara-rulaj/,,,2024-06-07 17:24:21,
efbet cazino,RO,Romania,Romanian,"efbet (Organization), efbet casino (Organization)",true,false,true,true,true,true,"Sitelinks, Video preview",90,0,2.37,1,,,,15,,Lost,,https://legalbet.ro/feedback/efbet/,,,2024-06-17 07:54:30,
casa pariurilor scanare bilet,RO,Romania,Romanian,Casa Pariurilor (Organization),true,false,true,true,false,false,"Video preview, Image pack",100,0,0.67,1,,,,15,,Lost,,https://legalbet.ro/scoala-pariurilor/casa-pariurilor-verificare-bilet-online/,,,2024-06-09 01:32:06,
poziții ac monza,RO,Romania,Romanian,AC Monza (Organization),true,false,false,true,false,false,"Video preview, Knowledge panel",80,0,,1,,,,16,,Lost,,https://legalbet.ro/centrul-de-pariere/inter-juventus-04-02-2024/,,,2024-06-27 06:20:16,
jocuri superbet care platesc,RO,Romania,Romanian,Superbet (Organization),true,false,false,true,false,false,"Video preview, Image pack",200,0,1.76,1,,,,18,,Lost,,https://legalbet.ro/feedback/superbet/,,,2024-06-18 06:45:38,
gameworld bonus fara depunere,RO,Romania,Romanian,Game World Casino (Organization),true,false,false,true,true,false,"Image pack, Video preview",150,0,1.18,1,,,,17,,Lost,,https://legalbet.ro/centrul-de-pariere/panama-united-states-28-06-2024/,,,2024-06-27 09:56:44,
pariuri sportive fotbal azi,RO,Romania,Romanian,,false,false,false,true,true,true,"Video preview, Image pack",100,39,0.63,1,,,,16,,Lost,,https://legalbet.ro/centrul-de-pariere/astazi/,,,2024-06-12 04:14:29,
netbet sports,RO,Romania,English,NetBet (Organization),true,false,false,true,true,false,"Sitelinks, Video preview",200,30,0.43,1,,,,18,,Lost,,https://legalbet.ro/scoala-pariurilor/aplicatie-netbet-ghid-complet-pentru-pariuri-de-pe-mobil/,,,2024-06-27 13:36:17,
real madrid - villarreal,RO,Romania,Romanian,"Real Madrid (Organization), Villarreal (Organization)",true,false,false,true,false,false,"Video preview, Image pack",300,0,,1,,,,20,,Lost,,https://legalbet.ro/centrul-de-pariere/villarreal-real-madrid-19-05-2024/,,,2024-06-24 20:05:00,
rotiri gratuite casa pariurilor,RO,Romania,Romanian,Casa Pariurilor (Organization),true,false,false,true,true,false,"Image pack, Video preview",150,0,4.32,1,,,,17,,Lost,,https://legalbet.ro/bonus/casa-pariurilor-bonus-rotiri-gratuite/,,,2024-06-19 11:49:52,
dinamo bucurești vs. farul constanța,RO,Romania,Romanian,"Dinamo București (Organization), Farul Constanța (Organization)",true,false,false,true,false,false,"Video preview, Image pack",150,0,0.43,1,,,,17,,Lost,,https://legalbet.ro/centrul-de-pariere/farul-dinamo-bucuresti-10-02-2024/,,,2024-06-24 10:16:10,
craiova azi meci,RO,Romania,Romanian,Craiova (Location),false,true,false,true,false,false,"Video preview, Image pack",100,2,,1,,,,16,,Lost,,https://legalbet.ro/centrul-de-pariere/echipe/universitatea-craiova/,,,2024-06-26 16:34:08,
real madrid meci,RO,Romania,Romanian,Real Madrid (Organization),true,false,false,true,false,false,"Video preview, Image pack",800,2,0.09,1,,,,20,,Lost,,https://legalbet.ro/centrul-de-pariere/echipe/real-madrid/,,,2024-06-20 19:20:58,
www.getsbet.ro verificare bilet,RO,Romania,Romanian,,false,false,true,false,false,true,,150,0,0.68,1,,,,19,,Lost,,https://legalbet.ro/scoala-pariurilor/primul-pariu-la-gets-bet/,,,2024-06-18 09:03:31,
oferte pariuri sportive,RO,Romania,Romanian,,false,false,false,true,true,true,Image pack,100,50,0.92,1,,,,16,,Lost,,https://legalbet.ro/rating-bonus/,,,2024-06-17 21:49:31,
magic bet,RO,Romania,English,Magic Bet (Organization),true,false,false,true,true,false,"Top ads, Paid sitelinks, Video preview, Image pack, Bottom ads",200,5,0.73,1,,,,18,,Lost,,https://legalbet.ro/cazinouri/magic-jackpot/,,,2024-06-07 13:26:18,
al raed - al ittihad,RO,Romania,Arabic,"Al-Raed (Organization), Al-Ittihad (Organization)",true,false,false,true,false,false,"Thumbnail, Video preview, Image pack",90,0,,1,,,,15,,Lost,,https://legalbet.ro/centrul-de-pariere/al-ittihad-al-raed-23-12-2023/,,,2024-06-19 16:31:31,
casino online superbet,RO,Romania,English,Superbet (Organization),true,false,true,true,true,true,"Sitelinks, Video preview, Knowledge panel",150,2,0.73,1,,,,17,,Lost,,https://legalbet.ro/feedback/superbet/,,,2024-06-09 23:22:02,
oferta fortuna bet,RO,Romania,Romanian,Fortuna Bet (Organization),true,false,false,true,true,false,"Sitelinks, Image pack, Video preview",150,12,0.39,1,,,,4,,Lost,,https://legalbet.ro/case-de-pariuri/fortuna/,,,2024-06-21 04:21:27,
case de pariuri online,RO,Romania,Romanian,,false,false,false,true,true,false,,350,72,4.50,26,1,-25,,5,23,-18,,https://legalbet.ro/case-de-pariuri-licentiate/,,https://legalbet.ro/,2024-06-26 17:43:30,2026-06-13 03:12:20
echipa fcsb azi,RO,Romania,Romanian,FCSB (Organization),true,false,false,true,false,false,"Image pack, Video preview",350,16,0.77,1,,,,21,,Lost,,https://legalbet.ro/centrul-de-pariere/echipe/FCSB/,,,2024-06-27 02:10:33,
aplicatie unibet,RO,Romania,Romanian,Unibet (Organization),true,false,false,true,true,true,"Knowledge panel, Video preview",80,0,,1,,,,15,,Lost,,https://legalbet.ro/scoala-pariurilor/unibet-aplicatie-ghid-complet-pentru-pariuri-de-pe-mobil/,,,2024-06-20 23:37:19,
serie a meciuri,RO,Romania,Romanian,Serie A (Event),true,false,false,true,false,false,"Video preview, Image pack",200,1,,1,,,,18,,Lost,,https://legalbet.ro/centrul-de-pariere/turnee/serie-a/,,,2024-06-09 00:25:46,
cfr cluj azi,RO,Romania,Romanian,CFR Cluj (Organization),true,false,false,true,false,false,"Knowledge panel, Top stories, Thumbnail, Video preview",150,21,,1,,,,18,,Lost,,https://legalbet.ro/centrul-de-pariere/echipe/cfr-kluj/,,,2024-06-14 16:21:14,
betano. com,RO,Romania,,Betano (Organization),true,false,true,true,true,false,"Sitelinks, Video preview",700,8,1.93,1,,,,25,,Lost,,https://legalbet.ro/case-de-pariuri/betano/,,,2024-06-24 11:38:33,
oferte casa pariurilor ro,RO,Romania,Romanian,Casa Pariurilor (Organization),true,false,false,true,true,false,"Top ads, Sitelinks, Image pack, Video preview",500,6,1.57,1,,,,23,,Lost,,https://legalbet.ro/case-de-pariuri/casa-pariurilor/,,,2024-06-27 11:53:11,
super bet casino,RO,Romania,English,Superbet Casino (Organization),true,false,true,true,true,true,"Sitelinks, Knowledge panel, Video preview",150,1,1.66,1,,,,17,,Lost,,https://legalbet.ro/feedback/superbet/,,,2024-06-12 10:06:24,
meciuri azi liga 1,RO,Romania,Romanian,Liga 1 (Event),true,false,false,true,false,false,"Video preview, Image pack",1000,23,0.49,1,,,,10,,Lost,,https://legalbet.ro/centrul-de-pariere/astazi/,,,2024-06-27 14:26:34,
uta arad–csu craiova,RO,Romania,Romanian,"UTA Arad (Organization), CSU Craiova (Organization)",true,false,false,true,false,false,"Video preview, Image pack",100,0,,1,,,,16,,Lost,,https://legalbet.ro/centrul-de-pariere/uta-arad-fc_craiova_1948-11-05-2024/,,,2024-06-11 13:48:28,
meci dinamo azi,RO,Romania,Romanian,Dinamo București (Organization),true,false,false,true,false,false,"Video preview, Image pack",150,11,0.20,1,,,,13,,Lost,,https://legalbet.ro/centrul-de-pariere/echipe/dinamo-bucuresti/,,,2024-06-25 10:21:31,
vlad cazino bonus,RO,Romania,Romanian,Vlad Cazino (Organization),true,false,false,true,true,false,Sitelinks,350,60,2.12,0,1,1,,29,21,8,,https://legalbet.ro/bonus/vlad-cazino-bonus-de-bun-venit-de-1500-de-lei/,,https://legalbet.ro/bonus/sets/vlad-cazino/,2024-06-23 09:51:14,2026-06-24 15:49:27
betano android,RO,Romania,English,"Betano (Organization), Android (Product)",true,false,false,true,true,true,"Sitelinks, Video preview",150,0,0.97,1,,,,17,,Lost,,https://legalbet.ro/scoala-pariurilor/aplicatie-betano-ghid-complet-pentru-pariuri-de-pe-mobil/,,,2024-06-25 15:08:49,
bonus fara depunere cazinouri noi,RO,Romania,Romanian,,false,false,false,true,true,false,,250,74,1.29,0,1,1,,39,20,19,,https://legalbet.ro/bonus/,,https://legalbet.ro/cazinouri/rotiri-gratuite/,2024-06-18 22:59:49,2026-06-05 07:08:37
egt superbet,RO,Romania,Romanian,"EGT (Organization), Superbet (Organization)",true,false,false,true,true,false,"Video preview, Image pack",90,3,0.86,1,,,,15,,Lost,,https://legalbet.ro/feedback/superbet/,,,2024-06-15 15:29:42,
bonus la prima depunere,RO,Romania,Romanian,,false,false,false,true,true,false,Image pack,80,4,4.54,1,,,,15,,Lost,,https://legalbet.ro/rating-bonus/,,,2024-06-18 00:28:05,
frank casino romania,RO,Romania,English,"Frank Casino (Organization), Romania (Location)",true,false,false,true,true,false,"Sitelinks, Video preview, Image pack",300,3,0.80,1,,,,21,,Lost,,https://legalbet.ro/cazinouri/frank-casino/,,,2024-06-09 21:05:26,
program champions league,RO,Romania,English,UEFA Champions League (Event),true,false,false,true,false,false,"Video preview, Image pack",100,2,0.09,1,,,,12,,Lost,,https://legalbet.ro/centrul-de-pariere/turnee/champions-league/,,,2024-06-26 02:41:44,
get bets pariuri sportive,RO,Romania,Romanian,Get's Bet (Organization),true,false,true,true,true,true,"Sitelinks, Image pack, Video preview, Bottom ads, Paid sitelinks",200,3,0.99,1,,,,19,,Lost,,https://legalbet.ro/case-de-pariuri/gets-bet/,,,2024-06-25 22:15:32,
bonus prima depunere,RO,Romania,Romanian,,false,false,false,true,true,false,Image pack,80,4,7.41,1,,,,15,,Lost,,https://legalbet.ro/rating-bonus/,,,2024-06-19 07:38:57,
mironica,RO,Romania,Romanian,Mihai Mironică (Person),false,false,false,true,false,false,"Image pack, Video preview, Knowledge panel",1000,0,,1,,,,21,,Lost,,https://legalbet.ro/expert/mihai-mironica/,,,2024-06-20 10:06:09,
www.mozzart.ro pariuri sportive,RO,Romania,Romanian,Mozzart Bet (Organization),true,false,true,true,true,false,"Video preview, Image pack",150,1,0.93,1,,,,18,,Lost,,https://legalbet.ro/feedback/mozzart/,,,2024-06-10 06:08:25,
inregistrare fortuna,RO,Romania,Romanian,Fortuna (Organization),true,false,true,true,true,true,"Video preview, Image pack",150,5,0.90,1,,,,18,,Lost,,https://legalbet.ro/scoala-pariurilor/primul-pariu-la-fortuna/,,,2024-06-27 15:46:19,
maxbet pariuri sportive,RO,Romania,Romanian,MaxBet (Organization),true,false,true,true,true,true,"Sitelinks, Video preview, Image pack, Bottom ads",150,2,0.74,1,,,,16,,Lost,,https://legalbet.ro/case-de-pariuri/maxbet/,,,2024-06-17 18:36:02,
poziții cs universitatea craiova,RO,Romania,Romanian,"Universitatea Craiova (Organization), Craiova (Location)",true,true,false,true,false,false,"Knowledge panel, Video preview",200,5,,1,,,,19,,Lost,,https://legalbet.ro/centrul-de-pariere/echipe/universitatea-craiova/,,,2024-06-27 03:38:13,
farul constanța–csu craiova,RO,Romania,Romanian,"Farul Constanța (Organization), CSU Craiova (Organization)",true,false,false,true,false,false,"Video preview, Image pack",150,1,,1,,,,18,,Lost,,https://legalbet.ro/centrul-de-pariere/farul-universitatea-craiova-18-05-2024/,,,2024-06-09 21:47:56,
fcsb meci azi,RO,Romania,Romanian,FCSB (Organization),true,false,false,true,false,false,"Video preview, Image pack",150,20,0.20,1,,,,14,,Lost,,https://legalbet.ro/centrul-de-pariere/echipe/FCSB/,,,2024-06-27 20:55:50,
888 casino download,RO,Romania,English,888 Casino (Organization),true,false,false,false,true,true,Video preview,250,1,1.75,1,,,,20,,Lost,,https://legalbet.ro/scoala-pariurilor/aplicatie-888casino/,,,2024-06-12 04:02:09,
superbet egt,RO,Romania,Romanian,"Superbet (Organization), EGT Digital (Organization)",true,false,false,true,true,false,"Video preview, Image pack",80,3,0.68,1,,,,15,,Lost,,https://legalbet.ro/feedback/superbet/,,,2024-06-19 17:28:06,
meciuri românia,RO,Romania,Romanian,Romania (Location),false,false,false,true,false,false,"Top stories, Thumbnail, Video preview, Image pack",150,8,0.05,1,,,,18,,Lost,,https://legalbet.ro/centrul-de-pariere/astazi/,,,2024-06-13 16:48:35,
bonus bun venit superbet,RO,Romania,Romanian,Superbet (Organization),true,false,false,true,true,true,"Top ads, Paid sitelinks, Videos, Image pack, Video preview, Bottom ads",200,6,5.41,1,,,,19,,Lost,,https://legalbet.ro/bonus/bonus-de-bun-venit/,,,2024-06-24 21:20:40,
mozzart bet bonus,RO,Romania,English,Mozzart Bet (Organization),true,false,false,true,true,false,"Image pack, Video preview, Bottom ads, Paid sitelinks",200,2,1.94,1,,,,19,,Lost,,https://legalbet.ro/bonus/sets/mozzart-bet/,,,2024-06-21 05:51:13,
ce inseamna x2 la pariuri,RO,Romania,Romanian,,false,false,false,true,false,false,"Featured snippet, People also ask, Image pack, Video preview",150,0,0.95,1,,,,18,,Lost,,https://legalbet.ro/scoala-pariurilor/pariuri-1x2/,,,2024-06-26 12:36:37,
"totogaming,ro",RO,Romania,Romanian,TotoGaming (Organization),true,false,true,true,true,false,"Sitelinks, Video preview, Image pack",4900,0,,1,,,,4,,Lost,,https://legalbet.ro/case-de-pariuri/toto-gaming/,,,2024-06-20 14:11:41,
vlad cazinou,RO,Romania,Romanian,Vlad Cazino (Organization),true,false,true,true,true,true,"Sitelinks, Video preview, Knowledge panel",150,1,0.58,1,,,,18,,Lost,,https://legalbet.ro/bonus/vlad-cazino-bonus-de-bun-venit-de-1500-de-lei/,,,2024-06-08 07:44:45,
mozzart bet romania,RO,Romania,English,"Mozzart Bet (Organization), Romania (Location)",true,false,false,true,true,false,"Sitelinks, Video preview, Bottom ads, Paid sitelinks",150,1,0.96,1,,,,18,,Lost,,https://legalbet.ro/feedback/mozzart/,,,2024-06-12 08:07:31,
stiri csu craiova telekom,RO,Romania,Romanian,"CSU Craiova (Organization), Telekom (Organization)",true,true,false,true,false,false,"Image pack, Video preview",300,4,,1,,,,21,,Lost,,https://legalbet.ro/centrul-de-pariere/farul-universitatea-craiova-18-05-2024/,,,2024-06-19 08:43:28,
poziții hoffenheim,RO,Romania,Romanian,TSG 1899 Hoffenheim (Organization),true,false,false,true,false,false,Image pack,100,2,,1,,,,17,,Lost,,https://legalbet.ro/centrul-de-pariere/echipe/stuttgart/,,,2024-06-07 17:34:23,
superbet bonus de bun venit,RO,Romania,Romanian,Superbet (Organization),true,false,false,true,true,false,"Video preview, Image pack",250,6,6.83,1,,,,21,,Lost,,https://legalbet.ro/bonus/bonus-de-bun-venit/,,,2024-06-16 06:19:47,
bonus fara depunere fortuna,RO,Romania,Romanian,Fortuna Casino (Organization),true,false,false,true,true,false,"Image pack, Video preview",200,0,2.19,1,,,,19,,Lost,,https://legalbet.ro/bonus/fortuna-sport-bonus-de-bun-venit-de-150-lei-50-lei-la-verificare/,,,2024-06-09 09:31:23,
fc botosani hermannstadt,RO,Romania,Romanian,"FC Botoșani (Organization), FC Hermannstadt (Organization)",true,false,false,true,false,false,"Video preview, Image pack",100,0,,1,,,,17,,Lost,,https://legalbet.ro/centrul-de-pariere/afc-hermannstadt-botosani-20-04-2024/,,,2024-06-12 01:39:51,
poziții uta arad vs csu craiova,RO,Romania,Romanian,"UTA Arad (Organization), CS Universitatea Craiova (Organization)",true,false,false,true,false,false,"Video preview, Image pack",150,3,,1,,,,18,,Lost,,https://legalbet.ro/centrul-de-pariere/uta-arad-fc_craiova_1948-16-10-2021/,,,2024-06-19 22:51:51,
meciuri real madrid vs fc barcelona,RO,Romania,Romanian,"Real Madrid (Organization), FC Barcelona (Organization)",true,false,false,true,false,false,Video preview,250,1,0.12,1,,,,20,,Lost,,https://legalbet.ro/centrul-de-pariere/real-madrid-barcelona-21-04-2024/,,,2024-06-08 06:14:33,
voluntari - fcsb,RO,Romania,Romanian,"FC Voluntari (Organization), FCSB (Organization)",true,false,false,true,false,false,Video preview,1000,1,,1,,,,24,,Lost,,https://legalbet.ro/centrul-de-pariere/voluntari-fcsb-28-02-2024/,,,2024-06-27 07:40:30,
online gets bet,RO,Romania,English,GetsBet (Organization),true,false,false,true,true,false,"Sitelinks, Video preview, Bottom ads, Paid sitelinks",90,2,1.28,1,,,,16,,Lost,,https://legalbet.ro/feedback/gets-bet/,,,2024-06-08 02:36:06,
sepsi fcsb,RO,Romania,Romanian,"Sepsi OSK (Organization), FCSB (Organization)",true,false,false,true,false,false,Video preview,300,1,0.22,1,,,,19,,Lost,,https://legalbet.ro/centrul-de-pariere/sepsi-osk-sfantu-gheorghe-fcsb-27-04-2024/,,,2024-06-27 10:59:32,
50 de rotiri gratuite fara depunere,RO,Romania,Romanian,,false,false,false,true,true,false,,2100,33,1.16,0,1,1,,40,30,10,,https://legalbet.ro/bonus/million-cazino-200-de-runde-gratuite-la-verificarea-contului/,,https://legalbet.ro/cazinouri/rotiri-gratuite/,2024-06-24 12:28:04,2026-06-15 16:44:41
admiral bonus fara depunere,RO,Romania,Romanian,Admiral (Organization),true,false,false,true,true,false,Image pack,300,0,1.07,1,,,,21,,Lost,,https://legalbet.ro/bonus/admiral-casino-bonus-fara-depunere/,,,2024-05-28 06:34:14,
cote pariuri superbet,RO,Romania,Romanian,Superbet (Organization),true,false,true,true,true,true,"Image pack, Video preview",150,43,0.51,1,,,,18,,Lost,,https://legalbet.ro/rating-cote/,,,2024-06-07 13:43:50,
game world bonus fara depunere,RO,Romania,Romanian,Game World Casino (Organization),true,false,false,true,true,false,Video preview,200,0,0.43,1,,,,20,,Lost,,https://legalbet.ro/bonus/sets/game-world-fara-depunere/,,,2024-06-23 16:21:25,
spin casino,RO,Romania,English,Spin Casino (Organization),true,false,false,true,true,false,"Sitelinks, Video preview",59000,0,0.45,1,,,,45,,Lost,,https://legalbet.ro/cazinouri/spin-casino/,,,2024-06-27 11:38:37,
mrbit ro,RO,Romania,Romanian,MrBit (Organization),true,false,false,true,true,false,"Sitelinks, Thumbnail, Video preview, Image pack",90,7,1.60,1,,,,16,,Lost,,https://legalbet.ro/cazinouri/mr-bit-casino/,,,2024-06-13 09:26:37,
platinum casino,RO,Romania,English,Platinum Casino (Organization),true,false,false,true,false,false,Knowledge panel,250,58,1.16,0,1,1,,21,3,18,,https://legalbet.ro/cazinouri/platinum-casino/,,https://legalbet.ro/cazinouri/platinum-casino/,2024-06-22 00:48:53,2026-06-24 07:38:28
meciurile de azi,RO,Romania,Romanian,,false,false,false,true,false,false,"Image pack, Video preview",2500,60,0.07,2,1,-1,,6,6,,,https://legalbet.ro/centrul-de-pariere/astazi/,,https://legalbet.ro/centrul-de-pariere/astazi/,2024-06-24 13:49:43,2026-06-13 23:19:46
hotspins,RO,Romania,Romanian,Hot Spins (Organization),true,false,false,true,true,false,Sitelinks,4400,58,0.62,,1,,,,4,New,,,,https://legalbet.ro/cazinouri/hot-spins/,,2026-06-17 14:23:13
totalbet.ro,RO,Romania,,TotalBet (Organization),true,false,true,false,false,false,Sitelinks,250,36,0.93,0,1,1,,14,3,11,,https://legalbet.ro/scoala-pariurilor/recenzia-casei-de-pariuri-totalbet/,,https://legalbet.ro/scoala-pariurilor/recenzia-casei-de-pariuri-totalbet/,2024-05-24 16:45:03,2026-06-10 12:39:39
betano bonus de bun venit,RO,Romania,Romanian,Betano (Organization),true,false,false,true,true,false,Image pack,250,3,2.09,1,,,,21,,Lost,,https://legalbet.ro/bonus/betano-bonus-pentru-clienti-noi-100-pna-la-500-ron-la-prima-depunere/,,,2024-06-15 14:39:13,
meciuri din real sociedad,RO,Romania,Romanian,Real Sociedad (Organization),true,false,false,true,false,false,"Video preview, Image pack",150,0,,1,,,,18,,Lost,,https://legalbet.ro/centrul-de-pariere/echipe/real-sociedad/,,,2024-06-15 13:16:16,
meciul de azi fcsb,RO,Romania,Romanian,FCSB (Organization),true,false,false,true,false,false,"Video preview, Image pack",150,19,0.13,1,,,,19,,Lost,,https://legalbet.ro/centrul-de-pariere/echipe/FCSB/,,,2024-06-22 13:15:26,
million bonus fara depunere,RO,Romania,Romanian,Million Casino Bonus (Event),true,false,false,true,true,false,"Sitelinks, Image pack, Video preview",200,0,1.43,1,,,,21,,Lost,,https://legalbet.ro/bonus/million-cazino-300-de-rotiri-gratuite-la-verificarea-contului/,,,2024-06-22 10:23:46,
luck,RO,Romania,English,,false,false,false,true,false,false,"Sitelinks, Knowledge card, Video preview, Image pack, Bottom ads, Paid sitelinks",3000,1,0.79,1,,,,24,,Lost,,https://legalbet.ro/cazinouri/luck-casino/,,,2024-06-27 12:31:25,
book of ra,RO,Romania,English,Book of Ra (Work),true,false,false,true,true,false,"People also ask, Video preview, Bottom ads, Paid sitelinks, Thumbnail",1400,50,1.68,,1,,,,20,New,,,,https://legalbet.ro/jocuri-cazinouri-gratis/book-of-ra/,,2026-06-27 00:47:30
unibet casino online,RO,Romania,English,Unibet (Organization),true,false,true,true,true,true,"Sitelinks, Video preview, Image pack",200,26,0.81,1,,,,20,,Lost,,https://legalbet.ro/feedback/unibet/,,,2024-06-25 10:42:37,
unibet contact,RO,Romania,English,Unibet (Organization),true,false,false,true,false,false,"Image pack, Video preview",150,0,1.02,1,,,,19,,Lost,,https://legalbet.ro/feedback/unibet/,,,2024-06-22 09:41:14,
cod bonus winmasters,RO,Romania,Romanian,Winmasters (Organization),true,false,false,true,true,false,"Featured snippet, Thumbnail, Video preview",150,0,0.61,1,,,,20,,Lost,,https://legalbet.ro/bonus/sets/bonus-winmasters/,,,2024-06-17 05:38:51,
meci fcsb azi,RO,Romania,Romanian,FCSB (Organization),true,false,false,true,false,false,"Video preview, Image pack",150,16,0.20,1,,,,14,,Lost,,https://legalbet.ro/centrul-de-pariere/echipe/FCSB/,,,2024-06-27 02:01:51,
betano ro,RO,Romania,Romanian,Betano (Organization),true,true,true,false,false,false,"Top ads, Paid sitelinks, Sitelinks, Video preview, Image pack, Bottom ads",22000,9,1.72,1,,,,41,,Lost,,https://legalbet.ro/alegerea-editorului/jackpoturi-pe-loterii-internationale-exclusiv-la-betano/,,,2024-06-27 00:43:40,
dinamo craiova scor,RO,Romania,Romanian,"Dinamo București (Organization), Craiova (Location)",true,true,false,true,false,false,"Video preview, Image pack",100,1,,1,,,,18,,Lost,,https://legalbet.ro/centrul-de-pariere/fc_craiova_1948-dinamo-bucuresti-03-02-2024/,,,2024-06-08 14:38:59,
meciurile champions league,RO,Romania,Romanian,UEFA Champions League (Event),true,false,false,true,false,false,"Video preview, Image pack",80,12,,1,,,,16,,Lost,,https://legalbet.ro/centrul-de-pariere/turnee/champions-league/,,,2024-06-16 19:55:44,
gameworld casino,RO,Romania,English,GameWorld Casino (Organization),true,false,true,true,true,true,"Sitelinks, Knowledge panel, Video preview",1200,0,0.20,1,,,,28,,Lost,,https://legalbet.ro/cazinouri/game-world/,,,2024-06-19 14:04:37,
aplicație superbet,RO,Romania,Romanian,Superbet (Organization),true,false,false,true,true,true,"Knowledge panel, Video preview",150,2,0.92,1,,,,18,,Lost,,https://legalbet.ro/scoala-pariurilor/superbet-aplicatie-ghid-complet-pentru-pariuri-de-pe-mobil/,,,2024-06-27 20:35:33,
mihai mironică,RO,Romania,Romanian,Mihai Mironică (Person),false,false,false,true,false,false,"Video preview, Knowledge panel",800,0,,1,,,,20,,Lost,,https://legalbet.ro/expert/mihai-mironica/,,,2024-06-23 06:35:36,
mozzart rotiri gratuite,RO,Romania,Romanian,Mozzart Bet (Organization),true,false,false,true,true,false,"Image pack, Video preview",150,1,0.86,1,,,,19,,Lost,,https://legalbet.ro/bonus/mozzart-casino-deschizi-cont-si-iei-50-de-rotiri-gratuite/,,,2024-06-23 03:41:39,
fcsb azi meci,RO,Romania,Romanian,FCSB (Organization),true,false,false,true,false,false,"Video preview, Image pack",80,17,,1,,,,16,,Lost,,https://legalbet.ro/centrul-de-pariere/echipe/FCSB/,,,2024-06-15 07:27:22,
slotv casino romania,RO,Romania,English,"SlotV Casino (Organization), Romania (Location)",true,false,false,true,true,false,"Sitelinks, Video preview, Bottom ads",80,2,1.91,1,,,,16,,Lost,,https://legalbet.ro/cazinouri/slotv-casino/,,,2024-06-22 01:37:35,
meciuri din ssc napoli,RO,Romania,Romanian,SSC Napoli (Organization),true,false,false,true,false,false,"Sitelinks, Bottom ads, Paid sitelinks",1000,0,,0,1,0,,13,27,-14,,https://legalbet.ro/centrul-de-pariere/echipe/napoli/,,https://legalbet.ro/ponturi/cota-2-fotbal-11-05-2026-karbacher/,2024-06-15 09:33:21,2026-05-13 12:59:42
unibet casino romania,RO,Romania,English,"Unibet Casino (Organization), Romania (Location)",true,false,false,true,true,false,"Sitelinks, Video preview, Image pack, Bottom ads, Paid sitelinks",80,0,0.89,1,,,,16,,Lost,,https://legalbet.ro/feedback/unibet/,,,2024-06-24 19:57:12,
biletul zilei fotbal,RO,Romania,Romanian,Biletul Zilei (Event),true,false,false,true,false,false,,900,61,0.35,0,1,1,,16,10,6,,https://legalbet.ro/biletul-zilei/,,https://legalbet.ro/ponturi/maine/,2024-06-23 16:24:55,2026-06-22 13:03:25
rezultate stanleybet,RO,Romania,Romanian,Stanleybet (Organization),true,false,false,true,true,false,Sitelinks,100,39,0.94,0,1,1,,43,6,37,,https://legalbet.ro/scoala-pariurilor/stanleybet-verificare-bilet-online/,,https://legalbet.ro/scoala-pariurilor/stanleybet-verificare-bilet-online/,2024-06-10 03:32:49,2026-05-24 07:18:24
game world 50 rotiri gratuite,RO,Romania,Romanian,Game World (Organization),true,false,false,true,true,false,"Sitelinks, Image pack, Video preview",100,0,1.28,1,,,,18,,Lost,,https://legalbet.ro/bonus/gameworld-casino-50-rotiri-gratuite-fara-depunere-la-descarcarea-aplicatiei/,,,2024-06-12 16:03:47,
poziții valencia cf,RO,Romania,Romanian,Valencia CF (Organization),true,false,false,true,false,false,"Video preview, Image pack",150,0,,1,,,,18,,Lost,,https://legalbet.ro/centrul-de-pariere/echipe/valencia/,,,2024-06-12 15:47:38,
milion.ro casino,RO,Romania,Romanian,Million Casino (Organization),true,false,true,true,true,true,"Sitelinks, Image pack, Video preview",300,0,,1,,,,22,,Lost,,https://legalbet.ro/alegerea-editorului/cele-mai-bune-cinci-sloturi-de-la-million-casino/,,,2024-06-12 16:57:48,
favbet 30 rotiri gratuite,RO,Romania,Romanian,Favbet (Organization),true,false,false,true,true,false,"Image pack, Bottom ads, Paid sitelinks",100,0,1.79,1,,,,18,,Lost,,https://legalbet.ro/bonus/sets/favbet-casino/,,,2024-06-14 06:51:59,
oferta gets bet,RO,Romania,Romanian,GetsBet (Organization),true,false,false,true,true,false,"Sitelinks, Image pack",700,0,0.88,1,,,,26,,Lost,,https://legalbet.ro/case-de-pariuri/gets-bet/,,,2024-06-23 08:58:53,
meci petrolul azi,RO,Romania,Romanian,FC Petrolul (Organization),true,false,false,true,false,false,"Video preview, Image pack",200,1,,1,,,,19,,Lost,,https://legalbet.ro/centrul-de-pariere/petrolul-ocelul-11-05-2024/,,,2024-06-16 14:26:14,
888 cazino,RO,Romania,Romanian,888 Casino (Organization),true,false,true,true,true,true,"Sitelinks, Knowledge panel, Video preview",600,8,1.11,1,,,,25,,Lost,,https://legalbet.ro/cazinouri/888casino/,,,2024-06-27 23:36:21,
bonusuri fortuna,RO,Romania,Romanian,Fortuna (Organization),true,false,false,true,true,false,"Sitelinks, Image pack, Video preview",90,1,3.01,1,,,,17,,Lost,,https://legalbet.ro/bonus/sets/bonus-fortuna/,,,2024-06-10 20:55:56,
flashscore superbet,RO,Romania,English,"Flashscore (Organization), Superbet (Organization)",true,false,false,true,false,false,"Image pack, Video preview",80,26,,1,,,,16,,Lost,,https://legalbet.ro/complaints/superbet/,,,2024-06-07 00:24:43,
romania meciuri,RO,Romania,Romanian,Romania (Location),false,false,false,true,false,false,"Video preview, Image pack",18000,3,0.13,1,,,,36,,Lost,,https://legalbet.ro/centrul-de-pariere/astazi/,,,2024-06-27 21:44:55,
free spin casino,RO,Romania,English,,false,false,false,true,true,false,,450,72,1.79,,0,,,,24,New,,,,https://legalbet.ro/bonus/spin-casino-la-5-000-ron1-000-rotiri-gratuite/,,2026-06-12 15:53:23
verificare bilet bet,RO,Romania,Romanian,,false,false,false,true,false,false,Video preview,450,52,0.76,0,0,0,,72,25,47,,https://legalbet.ro/case-de-pariuri/vivabet/,,https://legalbet.ro/scoala-pariurilor/superbet-verificare-bilet-online/,2024-06-27 13:00:22,2026-06-26 07:57:19
superbet casino online,RO,Romania,English,Superbet (Organization),true,false,false,true,true,false,"Sitelinks, Image pack, Video preview",1100,19,0.59,0,,,,28,,Lost,,https://legalbet.ro/feedback/superbet/,,,2024-06-23 16:32:55,
meciuri din tottenham,RO,Romania,Romanian,Tottenham Hotspur FC (Organization),true,false,false,true,false,false,"Video preview, Image pack",350,1,0.62,0,,,,23,,Lost,,https://legalbet.ro/centrul-de-pariere/echipe/tottenham-hotspur/,,,2024-06-27 01:18:52,
fortuna pariuri agentii,RO,Romania,Romanian,"Fortuna (Organization), Fortuna betting agencies (Organization)",true,false,false,true,false,false,"Top ads, Sitelinks, Image pack, Video preview",90,2,0.75,0,,,,17,,Lost,,https://legalbet.ro/feedback/fortuna/,,,2024-06-08 07:58:41,
princess casino apk download,RO,Romania,English,Princess Casino (Organization),true,false,false,false,true,true,,200,0,2.29,0,,,,20,,Lost,,https://legalbet.ro/scoala-de-cazino/aplicatie-princess-casino/,,,2024-06-26 16:38:20,
magnum bet verificare bilet,RO,Romania,Romanian,Magnum Bet (Organization),true,false,false,true,false,false,Sitelinks,100,0,0.50,0,,,,20,,Lost,,https://legalbet.ro/case-de-pariuri/favbet/,,,2024-06-26 21:10:04,
oferta fotbal stanleybet,RO,Romania,Romanian,Stanleybet (Organization),true,false,false,true,true,false,"Sitelinks, Image pack",90,1,0.54,0,,,,17,,Lost,,https://legalbet.ro/centrul-de-pariere/maine/,,,2024-06-13 04:04:01,
liste as roma vs ac milan,RO,Romania,Romanian,"AS Roma (Organization), AC Milan (Organization)",true,false,false,true,false,false,"Video preview, Image pack",200,0,,0,,,,20,,Lost,,https://legalbet.ro/alegerea-editorului/as-roma-vs-ac-milan-ponturi-si-pronosticuri-uefa-europa/,,,2024-06-10 17:43:20,
casino superbet,RO,Romania,Romanian,Superbet Casino (Organization),true,false,false,true,true,false,"Sitelinks, Video preview, Image pack, Knowledge panel",350,4,1.19,0,,,,23,,Lost,,https://legalbet.ro/feedback/superbet/,,,2024-06-09 06:57:53,
superbet oferta zilnica,RO,Romania,Romanian,Superbet (Organization),true,false,false,true,true,false,Image pack,300,8,0.54,0,,,,23,,Lost,,https://legalbet.ro/alegerea-editorului/superbet-ofera-super-bonusuri-si-promotii/,,,2024-06-17 19:52:15,
excelbet azi,RO,Romania,Romanian,Excelbet (Organization),true,false,true,true,true,false,Image pack,200,0,,0,,,,21,,Lost,,https://legalbet.ro/complaints/excelbet/,,,2024-06-13 08:51:40,
meciul fcsb de azi,RO,Romania,Romanian,FCSB (Organization),true,false,false,true,false,false,"Video preview, Image pack",90,22,0.08,0,,,,17,,Lost,,https://legalbet.ro/centrul-de-pariere/echipe/FCSB/,,,2024-06-23 14:50:09,
get's bet fotbal,RO,Romania,Romanian,Get's Bet (Organization),true,false,true,true,true,true,"Sitelinks, Image pack, Video preview",200,0,0.61,0,,,,21,,Lost,,https://legalbet.ro/case-de-pariuri/gets-bet/,,,2024-06-13 00:30:31,
ce inseamna sistem la pariuri,RO,Romania,Romanian,,false,false,false,true,false,false,"Video preview, Image pack",150,0,0.41,0,,,,21,,Lost,,https://legalbet.ro/alegerea-editorului/nu-intelegi-pariurile-tip-sistem-aici-iti-explicam/,,,2024-06-24 15:53:38,
superbet inregistrare,RO,Romania,Romanian,Superbet (Organization),true,false,true,false,true,true,"Top ads, Video preview, Image pack",1000,8,0.61,0,,,,28,,Lost,,https://legalbet.ro/scoala-pariurilor/primul-pariu-la-superbet/,,,2024-06-27 04:49:23,
bilete pariuri online,RO,Romania,Romanian,,false,false,true,false,true,true,"Video preview, Image pack",90,45,0.81,0,,,,17,,Lost,,https://legalbet.ro/biletul-zilei/,,,2024-06-21 04:11:48,
superbet bet,RO,Romania,English,Superbet (Organization),true,false,true,false,false,true,"Sitelinks, Video preview, Image pack",100,22,1.57,0,,,,18,,Lost,,https://legalbet.ro/feedback/superbet/,,,2024-06-12 20:32:53,
al nassr–al-shabab,RO,Romania,,"Al-Nassr (Organization), Al-Shabab (Organization)",true,false,false,true,false,false,"Video preview, Image pack",100,0,,0,,,,18,,Lost,,https://legalbet.ro/centrul-de-pariere/al-shabab-riyadh-al-nassr-22-02-2024/,,,2024-06-06 03:38:23,
meciuri din premier league,RO,Romania,Romanian,Premier League (Event),true,false,false,true,false,false,"Video preview, Image pack",200,0,0.25,0,,,,21,,Lost,,https://legalbet.ro/centrul-de-pariere/turnee/premier-league/,,,2024-06-27 07:50:47,
winmaster casino,RO,Romania,Romanian,Winmasters (Organization),true,false,true,true,true,true,"Video preview, Image pack",400,1,0.15,0,,,,24,,Lost,,https://legalbet.ro/feedback/winmasters/,,,2024-06-08 18:52:53,
m.casa pariurilor,RO,Romania,Romanian,"CasaPariurilor (Organization), m.casa (Product)",true,false,true,false,true,true,"Sitelinks, Video preview, Image pack",500,12,1.21,0,,,,3,,Lost,,https://legalbet.ro/feedback/casa-pariurilor/,,,2024-06-24 22:11:38,
total goluri asiatice,RO,Romania,Romanian,,false,false,false,true,false,false,People also ask,200,0,0.71,0,,,,21,,Lost,,https://legalbet.ro/alegerea-editorului/liniile-asiatice-la-fotbal-pe-intelesul-tuturor/,,,2024-06-09 11:06:47,
mr bit pariuri sportive,RO,Romania,Romanian,MrBit (Organization),true,false,true,true,true,true,"Top ads, Paid sitelinks, Sitelinks, Image pack, Video preview, Bottom ads",90,10,1.15,0,,,,17,,Lost,,https://legalbet.ro/case-de-pariuri/mr-bit/,,,2024-06-20 19:58:32,
bingo unibet,RO,Romania,,Unibet (Organization),true,false,true,false,false,true,"Sitelinks, Image pack",90,0,1.93,0,,,,17,,Lost,,https://legalbet.ro/feedback/unibet/,,,2024-06-22 21:20:50,
meci real madrid azi live,RO,Romania,Romanian,Real Madrid (Organization),true,false,false,true,false,false,"Video preview, Image pack",700,6,0.05,0,,,,26,,Lost,,https://legalbet.ro/centrul-de-pariere/manchester-city-real-madrid-16-04-2024/,,,2024-06-24 06:33:43,
fortuna casino online,RO,Romania,English,Fortuna Casino (Organization),true,false,false,true,true,false,"Sitelinks, Video preview, Image pack, Bottom ads, Paid sitelinks",1000,22,0.55,0,,,,28,,Lost,,https://legalbet.ro/feedback/fortuna/,,,2024-06-27 00:52:43,
dinamo cfr,RO,Romania,Romanian,"Dinamo București (Organization), CFR Cluj (Organization)",true,false,false,true,false,false,Video preview,100,0,0.02,0,,,,17,,Lost,,https://legalbet.ro/centrul-de-pariere/cfr-kluj-dinamo-bucuresti-24-02-2024/,,,2024-06-27 09:58:09,
mrbit casino,RO,Romania,Romanian,MrBit Casino (Organization),true,false,false,true,true,false,"Sitelinks, Thumbnail, Image pack, Video preview",150,4,1.56,0,,,,20,,Lost,,https://legalbet.ro/cazinouri/mr-bit-casino/,,,2024-06-02 04:42:45,
poziții man city vs everton,RO,Romania,Romanian,"Manchester City (Organization), Everton (Organization)",true,false,false,true,false,false,"Videos, Video preview, Image pack",80,2,,0,,,,17,,Lost,,https://legalbet.ro/centrul-de-pariere/everton-manchester-city-13-05-2023/,,,2024-06-22 16:42:44,
netbet pariuri online,RO,Romania,Romanian,NetBet (Organization),true,false,true,true,true,true,Image pack,90,41,,0,,,,17,,Lost,,https://legalbet.ro/scoala-pariurilor/aplicatie-netbet-ghid-complet-pentru-pariuri-de-pe-mobil/,,,2024-06-14 16:37:59,
verificare cod superbet,RO,Romania,Romanian,Superbet (Organization),true,false,true,true,false,false,"Sitelinks, Videos, Image pack",150,0,1.37,0,,,,20,,Lost,,https://legalbet.ro/scoala-pariurilor/superbet-verificare-bilet-online/,,,2024-06-08 02:28:58,
fcsb azi,RO,Romania,Romanian,FCSB (Organization),true,false,false,true,false,false,"Video preview, Image pack",80,4,0.03,0,,,,9,,Lost,,https://legalbet.ro/centrul-de-pariere/echipe/FCSB/,,,2024-06-23 05:25:32,
superbet download android,RO,Romania,English,"Superbet (Product), Android (Product)",true,false,false,false,true,true,Video preview,100,0,,0,,,,18,,Lost,,https://legalbet.ro/scoala-pariurilor/superbet-aplicatie-ghid-complet-pentru-pariuri-de-pe-mobil/,,,2024-06-19 21:14:40,
vlad cazino bonus de bun venit,RO,Romania,Romanian,Vlad Cazino (Organization),true,false,false,true,true,false,Image pack,100,3,1.88,0,,,,18,,Lost,,https://legalbet.ro/bonus/vlad-cazino-bonus-de-bun-venit-de-1500-de-lei/,,,2024-06-09 22:58:51,
cazinouri internationale cu bonus fara depunere,RO,Romania,Romanian,,false,false,false,true,true,false,Sitelinks,1500,60,0.97,0,0,0,,47,30,17,,https://legalbet.ro/cazinouri/,,https://legalbet.ro/cazinouri/rotiri-gratuite/,2024-06-23 16:10:04,2026-06-07 17:29:25
betano casino romania,RO,Romania,English,"Betano (Organization), Romania (Location)",true,false,true,true,true,true,"Sitelinks, Video preview, Image pack, Bottom ads, Paid sitelinks",150,19,1.45,0,,,,20,,Lost,,https://legalbet.ro/feedback/betano/,,,2024-06-26 02:58:05,
888casino bonus fara depunere,RO,Romania,Romanian,888casino (Organization),true,false,false,true,true,false,"Image pack, Video preview",100,1,3.83,0,,,,18,,Lost,,https://legalbet.ro/bonus/888-cazino-25-lei-bonus-fr-depunere-la-inregistrare/,,,2024-06-27 18:58:10,
meci fcsb,RO,Romania,Romanian,FCSB (Organization),true,false,false,true,false,false,"Top stories, Thumbnail, Video preview, Image pack",1600,5,0.20,0,,,,25,,Lost,,https://legalbet.ro/centrul-de-pariere/echipe/FCSB/,,,2024-06-27 08:34:15,
meciuri laliga,RO,Romania,Romanian,La Liga (Event),true,false,false,true,false,false,"Video preview, Image pack",150,1,,0,,,,19,,Lost,,https://legalbet.ro/centrul-de-pariere/turnee/la-liga/,,,2024-06-24 17:56:31,
rezultat real madrid,RO,Romania,Romanian,Real Madrid (Organization),true,false,false,true,false,false,"Video preview, Image pack",300,2,,0,,,,23,,Lost,,https://legalbet.ro/centrul-de-pariere/real-madrid-barcelona-21-04-2024/,,,2024-06-09 04:27:46,
poziții cfr cluj,RO,Romania,Romanian,CFR Cluj (Organization),true,false,false,true,false,false,"Video preview, Image pack",150,0,,0,,,,19,,Lost,,https://legalbet.ro/centrul-de-pariere/echipe/cfr-kluj/,,,2024-06-27 04:50:37,
superbet card,RO,Romania,English,Superbet Card (Product),true,false,false,true,true,false,"Video preview, Image pack",250,0,0.75,0,,,,22,,Lost,,https://legalbet.ro/complaints/superbet/,,,2024-06-15 12:43:03,
cont maxbet,RO,Romania,Romanian,MaxBet (Organization),true,false,true,true,false,false,"Image pack, Video preview, Bottom ads, Paid sitelinks",80,0,4.73,0,,,,17,,Lost,,https://legalbet.ro/complaints/maxbet/,,,2024-05-29 05:59:41,
dinamo bukarest–hermannstadt,RO,Romania,Romanian,"FC Dinamo București (Organization), Hermannstadt (Organization)",true,false,false,true,false,false,"Thumbnail, Video preview, Image pack",200,0,,0,,,,21,,Lost,,https://legalbet.ro/centrul-de-pariere/afc-hermannstadt-dinamo-bucuresti-17-03-2024/,,,2024-06-13 19:07:54,
meci bayern munchen,RO,Romania,Romanian,FC Bayern Munich (Organization),true,false,false,true,false,false,"Knowledge panel, Video preview",150,0,0.05,0,,,,19,,Lost,,https://legalbet.ro/centrul-de-pariere/echipe/bayern-munchen/,,,2024-06-22 12:33:20,
power bet,RO,Romania,English,PowerBet (Organization),true,false,false,true,true,false,Sitelinks,17000,57,0.56,,0,,,,6,New,,,,https://legalbet.ro/case-de-pariuri/powerbet/,,2026-06-20 03:14:57
cod bonus winmaster,RO,Romania,Romanian,Winmasters (Organization),true,false,false,true,true,false,"Image pack, Video preview",100,0,,0,,,,19,,Lost,,https://legalbet.ro/bonus/sets/bonus-winmasters/,,,2024-06-06 06:10:59,
don.ro bonus fara depunere,RO,Romania,Romanian,Don.ro (Organization),true,false,false,true,true,false,"Image pack, Bottom ads, Paid sitelinks",250,4,0.87,0,,,,22,,Lost,,https://legalbet.ro/cazinouri/doncasino/,,,2024-06-09 11:45:27,
luck cazino,RO,Romania,Romanian,Luck Casino (Organization),true,false,false,true,true,false,"Top ads, Paid sitelinks, Sitelinks, Knowledge panel, Thumbnail, Video preview, Image pack, Bottom ads",150,1,0.67,0,,,,20,,Lost,,https://legalbet.ro/cazinouri/luck-casino/,,,2024-06-23 19:50:05,
meci galatasaray,RO,Romania,Romanian,Galatasaray (Organization),true,false,false,true,false,false,"Video preview, Image pack",150,0,,0,,,,21,,Lost,,https://legalbet.ro/centrul-de-pariere/echipe/galatasaray/,,,2024-06-08 13:24:46,
meci alcaraz azi,RO,Romania,Romanian,Carlos Alcaraz (Person),false,false,false,true,false,false,"Video preview, Image pack",1100,0,,0,,,,29,,Lost,,https://legalbet.ro/alegerea-editorului/roland-garros-2023-carlos-alcaraz-incearca-sa-il/,,,2024-06-25 00:39:03,
bonusuri casa pariurilor,RO,Romania,Romanian,Casa Pariurilor (Organization),true,false,false,true,true,false,"Image pack, Video preview, Bottom ads, Paid sitelinks",100,3,2.20,0,,,,19,,Lost,,https://legalbet.ro/rating-bonus/,,,2024-06-18 20:21:26,
winner rotiri gratuite,RO,Romania,Romanian,Winner (Organization),true,false,false,true,true,false,Sitelinks,600,57,1.81,0,0,0,,64,26,38,,https://legalbet.ro/bonus/107-freespins-winner-casino/,,https://legalbet.ro/bonus/107-freespins-winner-casino/,2024-06-26 10:25:45,2026-06-16 06:18:35
ce inseamna 1x la pariuri,RO,Romania,Romanian,,false,false,false,true,false,false,"Featured snippet, People also ask, Image pack, Video preview",200,0,0.34,0,,,,22,,Lost,,https://legalbet.ro/scoala-pariurilor/pariuri-1x2/,,,2024-06-13 23:29:18,
casinos,RO,Romania,English,,false,false,false,true,true,true,"Thumbnail, Image pack, Bottom ads, Paid sitelinks",350,49,2.56,0,,,,24,,Lost,,https://legalbet.ro/cazinouri/,,,2024-06-25 08:32:45,
magnumbet ro,RO,Romania,Romanian,Magnumbet (Organization),true,false,true,true,true,false,"Sitelinks, Thumbnail, Image pack",80,0,1.74,0,,,,17,,Lost,,https://legalbet.ro/complaints/magnumbet/,,,2024-06-15 07:43:48,
winmaster cod bonus,RO,Romania,English,Winmasters (Organization),true,false,false,true,true,false,Featured snippet,150,0,1.70,0,,,,21,,Lost,,https://legalbet.ro/bonus/sets/bonus-winmasters/,,,2024-06-15 23:56:30,
luck casino romania,RO,Romania,English,"Luck Casino (Organization), Romania (Location)",true,false,false,true,true,false,"Sitelinks, Thumbnail, Video preview, Image pack",350,1,1.64,0,,,,24,,Lost,,https://legalbet.ro/cazinouri/luck-casino/,,,2024-06-27 08:24:48,
cod bilet superbet,RO,Romania,Romanian,Superbet (Organization),true,false,false,true,false,false,"Sitelinks, Video preview, AI Overview",350,48,2.77,,0,,,,25,New,,,,https://legalbet.ro/scoala-pariurilor/superbet-verificare-bilet-online/,,2026-06-05 13:20:45
cazino fortuna,RO,Romania,Romanian,Fortuna Casino (Organization),true,false,false,true,true,false,"Sitelinks, Thumbnail, Video preview, Image pack",100,5,1.08,0,,,,19,,Lost,,https://legalbet.ro/feedback/fortuna/,,,2024-06-17 15:18:54,
game world rotiri gratuite,RO,Romania,Romanian,Game World Casino (Organization),true,false,false,true,true,false,"Image pack, Video preview",200,0,1.04,0,,,,21,,Lost,,https://legalbet.ro/bonus/game-world-casino-100-de-rotiri-gratuite-la-verificarea-identitatii/,,,2024-06-20 12:18:50,
gets bet rotiri gratuite fara depunere,RO,Romania,Romanian,Get's Bet (Organization),true,false,false,true,true,false,"Image pack, Video preview",150,0,1.70,0,,,,21,,Lost,,https://legalbet.ro/bonus/gets-bet-casino-200-de-rotiri-gratuite-la-verificarea-contului/,,,2024-06-07 07:46:43,
fotbal pariuri sportive,RO,Romania,Romanian,,false,false,true,false,true,true,"Top stories, Thumbnail, Image pack",100,40,,0,,,,19,,Lost,Top stories,https://legalbet.ro/alegerea-editorului/cota-3-fotbal-euro-2024-22-06-2024/,,,2024-06-23 21:18:34,
spania georgia,RO,Romania,Romanian,"Spain (Location), Georgia (Location)",false,false,false,true,false,false,"Thumbnail, Video preview",45000,0,0.03,0,,,,45,,Lost,,https://legalbet.ro/alegerea-editorului/georgia-vs-spania-cote-la-pariuri-ponturi-si-informatii/,,,2024-06-13 13:55:33,
poziții rapid bucureşti vs fc hermannstadt,RO,Romania,Romanian,"Rapid București (Organization), FC Hermannstadt (Organization)",true,false,false,true,false,false,"Video preview, Image pack",100,2,,0,,,,21,,Lost,,https://legalbet.ro/centrul-de-pariere/rapid-bucuresti-afc-hermannstadt-17-02-2024/,,,2024-06-09 23:35:53,
conectare casa pariurilor,RO,Romania,Romanian,Casa Pariurilor (Organization),true,false,true,false,false,true,"Image pack, Video preview",350,45,0.75,0,,,,24,,Lost,,https://legalbet.ro/feedback/casa-pariurilor/,,,2024-06-24 23:12:42,
winner,RO,Romania,English,Winner (Organization),true,false,false,true,true,false,"Sitelinks, Video preview",60000,44,0.76,0,0,0,,37,5,32,,https://legalbet.ro/feedback/winner/,,https://legalbet.ro/feedback/winner/,2024-06-27 16:12:31,2026-06-17 15:51:32
frank casino online,RO,Romania,English,Frank Casino (Organization),true,false,true,true,true,true,Video preview,90,4,1.01,0,,,,18,,Lost,,https://legalbet.ro/cazinouri/frank-casino/,,,2024-06-07 21:41:44,
winmasters rotiri gratuite fara depunere,RO,Romania,Romanian,Winmasters (Organization),true,false,false,true,true,false,"Featured snippet, Thumbnail, Image pack, Bottom ads, Paid sitelinks",150,0,0.19,0,,,,21,,Lost,,https://legalbet.ro/bonus/winmasters-cazino-200-de-rotiri-gratuite-n-plus-doar-cu-legalbet/,,,2024-06-24 15:56:24,
poziții fcu 1948 craiova fotbal club,RO,Romania,Romanian,FCU 1948 Craiova (Organization),true,true,false,true,false,false,"Video preview, Image pack",150,0,,0,,,,20,,Lost,,https://legalbet.ro/centrul-de-pariere/echipe/fc_craiova_1948/,,,2024-06-26 04:21:41,
superbet cazinoul meu,RO,Romania,Romanian,"Superbet (Organization), My Casino (Location)",true,false,true,true,false,false,"Video preview, Image pack",100,19,1.20,0,,,,19,,Lost,,https://legalbet.ro/feedback/superbet/,,,2024-06-23 22:02:06,
meci real madrid,RO,Romania,Romanian,Real Madrid (Organization),true,false,false,true,false,false,"Top stories, Thumbnail, Knowledge panel, Video preview",900,2,0.09,0,,,,25,,Lost,,https://legalbet.ro/centrul-de-pariere/echipe/real-madrid/,,,2024-06-23 19:47:18,
sepsi–u cluj,RO,Romania,Romanian,"Sepsi (Organization), U Cluj (Organization)",true,false,false,true,false,false,"Video preview, Image pack",150,0,,0,,,,20,,Lost,,https://legalbet.ro/centrul-de-pariere/sepsi-osk-sfantu-gheorghe-universitatea-cluj-24-02-2024/,,,2024-06-21 21:50:29,
get s bet,RO,Romania,,Get S Bet (Organization),true,false,true,true,true,false,"Sitelinks, Video preview",900,15,0.75,0,0,0,,8,3,5,,https://legalbet.ro/feedback/gets-bet/,,https://legalbet.ro/feedback/gets-bet/,2024-06-23 06:46:26,2026-06-09 23:37:56
luck casino rotiri gratuite,RO,Romania,Romanian,Luck Casino (Organization),true,false,false,true,true,false,"Image pack, Video preview",250,0,0.86,0,,,,23,,Lost,,https://legalbet.ro/bonus/luck-casino-25-de-rotiri-gratuite-fara-rulaj-la-validarea-contului/,,,2024-06-12 23:43:25,
mister bit,RO,Romania,,Mr Bit (Organization),true,false,false,true,true,false,"Sitelinks, Image pack, Video preview, Knowledge panel",150,5,0.48,0,,,,21,,Lost,,https://legalbet.ro/cazinouri/mr-bit-casino/,,,2024-06-22 09:44:35,
frank cazino,RO,Romania,Romanian,Frank Casino (Organization),true,false,false,true,true,false,"Top ads, Paid sitelinks, Knowledge panel, Video preview, Image pack, Bottom ads",150,1,0.75,0,,,,20,,Lost,,https://legalbet.ro/cazinouri/frank-casino/,,,2024-06-06 14:44:56,
elche - sevilla,RO,Romania,Spanish,"Sevilla (Organization), Elche (Location)",true,false,false,true,false,false,"Thumbnail, Video preview, Image pack",150,0,,0,,,,21,,Lost,,https://legalbet.ro/centrul-de-pariere/elche-sevilla-24-05-2023/,,,2024-06-20 02:54:34,
redeschidere cont superbet,RO,Romania,Romanian,Superbet (Organization),true,false,false,true,false,false,"Video preview, Image pack",150,0,3.85,0,,,,22,,Lost,,https://legalbet.ro/complaint/14198541/,,,2024-06-13 18:07:49,
pacanele superbet,RO,Romania,Romanian,Superbet (Organization),true,false,false,true,false,false,"Sitelinks, Video preview, Image pack",150,1,0.79,0,,,,21,,Lost,,https://legalbet.ro/feedback/superbet/,,,2024-06-22 14:48:14,
betano cazino,RO,Romania,Romanian,"Betano (Organization), Cazino (Organization)",true,false,true,true,true,true,"Sitelinks, Image pack, Video preview",150,2,1.19,0,,,,21,,Lost,,https://legalbet.ro/cazinouri/betano/,,,2024-06-09 04:01:19,
elite slots rotiri gratuite,RO,Romania,Romanian,Elite Slots (Organization),true,false,false,true,true,false,"Image pack, Video preview, Bottom ads, Paid sitelinks",150,0,1.23,0,,,,21,,Lost,,https://legalbet.ro/cazinouri/elite-slots/,,,2024-06-12 05:19:53,
sloturi online,RO,Romania,Romanian,,false,false,false,true,true,false,Image pack,600,42,5.07,0,,,,29,,Lost,,https://legalbet.ro/cazinouri/,,,2024-06-25 03:21:09,
la liga program,RO,Romania,Romanian,LaLiga (Event),true,false,false,true,false,false,Image pack,100,21,0.22,0,,,,15,,Lost,,https://legalbet.ro/centrul-de-pariere/turnee/la-liga/,,,2024-06-11 02:51:47,
meciuri astazi,RO,Romania,Romanian,,false,false,false,true,false,false,,4000,59,0.03,2,0,-2,,5,6,-1,,https://legalbet.ro/centrul-de-pariere/astazi/,,https://legalbet.ro/centrul-de-pariere/astazi/,2024-06-22 05:46:17,2026-06-11 05:03:04
uta azi,RO,Romania,Romanian,UTA Arad (Organization),true,false,false,true,false,false,"Video preview, Image pack",150,2,,0,,,,21,,Lost,,https://legalbet.ro/centrul-de-pariere/echipe/uta-arad/,,,2024-06-14 23:39:18,
cod promo frank casino,RO,Romania,Romanian,Frank Casino (Organization),true,false,false,true,true,false,Sitelinks,200,56,1.00,,0,,,,22,New,,,,https://legalbet.ro/bonus/sets/frank-fara-depunere/,,2026-06-21 03:49:43
pariuri sportive online,RO,Romania,Romanian,,false,false,false,true,true,false,Sitelinks,900,81,6.17,0,0,0,,22,7,15,,https://legalbet.ro/case-de-pariuri-licentiate/,,https://legalbet.ro/case-de-pariuri-licentiate/,2024-06-26 09:45:00,2026-06-19 01:08:00
castiguri superbet,RO,Romania,Romanian,Superbet (Organization),true,false,false,true,false,false,"Video preview, Image pack",90,0,0.99,0,,,,19,,Lost,,https://legalbet.ro/feedback/superbet/,,,2024-06-08 15:11:28,
meciuri din brentford,RO,Romania,Romanian,Brentford (Organization),true,false,false,true,false,false,Video preview,80,0,,0,,,,18,,Lost,,https://legalbet.ro/centrul-de-pariere/echipe/brentford/,,,2024-06-22 17:44:03,
scor fcsb azi,RO,Romania,Romanian,FC Steaua București (Organization),true,false,false,true,false,false,"Video preview, Image pack",80,7,0.68,0,,,,19,,Lost,,https://legalbet.ro/centrul-de-pariere/echipe/FCSB/,,,2024-06-09 09:13:11,
torino - fiorentina,RO,Romania,Italian,"Torino (Organization), Fiorentina (Organization)",true,false,false,true,false,false,"Video preview, Thumbnail, Image pack",100,0,,0,,,,19,,Lost,,https://legalbet.ro/centrul-de-pariere/torino-fiorentina-02-03-2024/,,,2024-06-25 04:42:52,
meciuri fotbal azi liga 1,RO,Romania,Romanian,Liga 1 (Event),true,false,false,true,false,false,"Video preview, Image pack",200,24,0.30,0,,,,22,,Lost,,https://legalbet.ro/centrul-de-pariere/turnee/liga-i/,,,2024-06-23 20:55:18,
urmatorul meci romania,RO,Romania,Romanian,Romania (Location),false,false,false,true,false,false,"Top stories, Thumbnail, Video preview, Image pack",11000,0,0.04,0,,,,40,,Lost,,https://legalbet.ro/centrul-de-pariere/astazi/,,,2024-06-20 03:12:13,
betfair online,RO,Romania,English,Betfair (Organization),true,false,false,true,true,false,"Sitelinks, Video preview",150,69,,0,,,,21,,Lost,,https://legalbet.ro/scoala-pariurilor/primul-pariu-la-betfair/,,,2024-06-21 04:59:02,
cod promo las vegas,RO,Romania,Romanian,Las Vegas (Location),false,true,false,true,true,false,Video preview,2200,0,1.50,0,,,,33,,Lost,,https://legalbet.ro/bonus/las-vegas-casino-333-rotiri-fara-depunere-fara-rulaj/,,,2024-06-22 09:10:51,
sepsi u cluj,RO,Romania,Romanian,"Sepsi (Organization), U Cluj (Organization)",true,false,false,true,false,false,"Video preview, Image pack",100,0,0.55,0,,,,20,,Lost,,https://legalbet.ro/centrul-de-pariere/sepsi-osk-sfantu-gheorghe-universitatea-cluj-24-02-2024/,,,2024-06-23 09:51:08,
bonus fara depunere fara rulaj,RO,Romania,Romanian,,false,false,false,true,true,false,"Top ads, Paid sitelinks, Image pack, Bottom ads",100,17,3.54,0,,,,19,,Lost,,https://legalbet.ro/scoala-de-cazino/bonus-fara-rulaj/,,,2024-06-07 14:10:05,
napoli - atalanta,RO,Romania,Romanian,"Napoli (Organization), Atalanta (Organization)",true,false,false,true,false,false,"Video preview, Image pack",200,0,,0,,,,22,,Lost,,https://legalbet.ro/centrul-de-pariere/napoli-atalanta-30-03-2024/,,,2024-06-08 20:47:48,
ierarhia mainilor de poker,RO,Romania,Romanian,,false,false,false,true,false,false,"Featured snippet, Thumbnail",150,3,0.77,0,,,,21,,Lost,,https://legalbet.ro/alegerea-editorului/ierarhia-mainilor-la-poker/,,,2024-06-15 01:05:45,
getsbet bonus fara depunere,RO,Romania,Romanian,GetsBet (Organization),true,false,false,true,true,false,"Top ads, Image pack",300,0,0.19,0,,,,24,,Lost,,https://legalbet.ro/bonus/gets-bet-casino-200-de-rotiri-gratuite-la-verificarea-contului/,,,2024-06-26 12:54:14,
cashpot 77 rotiri,RO,Romania,Romanian,CashPot (Organization),true,false,false,true,true,false,"Top ads, Video preview, Bottom ads, Paid sitelinks",100,0,1.06,0,,,,20,,Lost,,https://legalbet.ro/bonus/seven-casino-77-rotiri-gratuite-fr-depunere-la-verificarea-contului/,,,2024-06-27 10:40:11,
maxbet. ro,RO,Romania,,Maxbet.ro (Organization),true,false,true,true,false,false,"Sitelinks, Video preview, Image pack",100,1,2.51,0,,,,20,,Lost,,https://legalbet.ro/feedback/maxbet/,,,2024-06-08 02:38:04,
pariuri betano,RO,Romania,Romanian,Betano (Organization),true,false,true,true,true,true,"Sitelinks, Video preview, Image pack",90,22,0.91,0,,,,19,,Lost,,https://legalbet.ro/case-de-pariuri/betano/,,,2024-06-15 05:13:06,
meciuri ucl azi,RO,Romania,Romanian,UEFA Champions League (Event),true,false,false,true,false,false,"Image pack, Video preview",200,6,0.77,0,,,,20,,Lost,,https://legalbet.ro/centrul-de-pariere/turnee/champions-league/,,,2024-06-24 22:46:24,
impozit pariuri,RO,Romania,Romanian,,false,false,false,true,false,false,"Featured snippet, Video preview, Image pack",300,1,1.32,0,,,,25,,Lost,,https://legalbet.ro/scoala-pariurilor/legea-pariurilor-online-impozitul-pe-castiguri/,,,2024-06-13 11:12:50,
statistici manchester united vs tottenham,RO,Romania,Romanian,"Manchester United (Organization), Tottenham Hotspur (Organization)",true,false,false,true,false,false,"Video preview, Image pack",150,0,,0,,,,21,,Lost,,https://legalbet.ro/centrul-de-pariere/manchester-united-tottenham-hotspur-14-01-2024/,,,2024-06-21 02:26:02,
neteller romania,RO,Romania,Romanian,"Neteller (Organization), Romania (Location)",true,false,false,true,false,false,"Top ads, Paid sitelinks, Image pack",100,0,0.09,0,,,,19,,Lost,,https://legalbet.ro/case-de-pariuri/sets/neteller/,,,2024-06-11 15:35:12,
u cluj meci azi,RO,Romania,Romanian,U Cluj (Organization),true,false,false,true,false,false,Video preview,100,5,,0,,,,20,,Lost,,https://legalbet.ro/centrul-de-pariere/echipe/universitatea-cluj/,,,2024-06-21 08:23:23,
poziții fc dinamo bucurești,RO,Romania,Romanian,FC Dinamo București (Organization),true,false,false,true,false,false,"Video preview, Image pack",500,3,,0,,,,27,,Lost,,https://legalbet.ro/centrul-de-pariere/echipe/dinamo-bucuresti/,,,2024-06-27 10:02:22,
pariuri 10,RO,Romania,Romanian,,false,false,false,true,false,false,"Sitelinks, Video preview, Image pack",150,41,1.43,0,,,,21,,Lost,,https://legalbet.ro/centrul-de-pariere/maine/,,,2024-06-20 18:25:16,
casa pariurilor rotiri gratuite fara depunere,RO,Romania,Romanian,Casa Pariurilor (Organization),true,false,false,true,true,false,"Image pack, Bottom ads, Paid sitelinks",150,0,3.62,0,,,,21,,Lost,,https://legalbet.ro/bonus/casa-pariurilor-bonus-rotiri-gratuite/,,,2024-06-08 12:09:59,
athletic bilbao barcelona,RO,Romania,English,"Athletic Bilbao (Organization), FC Barcelona (Organization)",true,false,false,true,false,false,"Video preview, Image pack",80,0,0.14,0,,,,15,,Lost,,https://legalbet.ro/centrul-de-pariere/athletic-bilbao-barcelona-03-03-2024/,,,2024-06-07 08:50:22,
bonusuri betano casino,RO,Romania,Romanian,Betano (Organization),true,false,false,true,true,false,"Image pack, Video preview, Bottom ads, Paid sitelinks",100,6,1.62,0,,,,20,,Lost,,https://legalbet.ro/bonus/,,,2024-06-23 10:46:04,
recuperare cont superbet cu cnp,RO,Romania,Romanian,Superbet (Organization),true,false,true,true,false,false,"Videos, Image pack",150,0,1.89,0,,,,22,,Lost,,https://legalbet.ro/case-de-pariuri/toto-gaming/,,,2024-06-20 05:58:46,
casa casino,RO,Romania,Romanian,Casa Casino (Organization),true,false,false,true,true,true,"Top ads, Paid sitelinks, Sitelinks, Image pack, Video preview",500,48,1.53,0,,,,27,,Lost,,https://legalbet.ro/bonus/casa-pariurilor-casino-pn-la-2-100-de-lei-si-500-rotiri-bonus-de-bun-venit/,,,2024-06-22 20:22:23,
jocuri din care scoti bani reali forum,RO,Romania,Romanian,,false,false,false,true,false,false,"Video preview, Image pack",150,0,0.10,0,,,,22,,Lost,,https://legalbet.ro/feedback/netbet/,,,2024-06-18 11:40:25,
agentii stanleybet,RO,Romania,Romanian,"Stanleybet (Organization), Stanleybet offices (Location)",true,false,false,true,false,false,"Local pack, Image pack",400,1,0.07,0,,,,26,,Lost,,https://legalbet.ro/scoala-pariurilor/casa-de-pariuri-stanleybet-depuneri-i-retrageri/,,,2024-06-24 23:41:13,
winbet casino online,RO,Romania,English,Winbet (Organization),true,false,true,true,true,true,"Sitelinks, Video preview",150,2,0.01,0,,,,21,,Lost,,https://legalbet.ro/cazinouri/winbet/,,,2024-06-07 20:35:08,
meciuri sambata,RO,Romania,Romanian,,false,false,false,true,false,false,"Image pack, Video preview",150,3,0.17,0,,,,21,,Lost,,https://legalbet.ro/centrul-de-pariere/maine/,,,2024-06-12 22:52:39,
netbet casino romania,RO,Romania,English,"NetBet (Organization), Romania (Location)",true,false,true,true,true,false,"Sitelinks, Video preview, Image pack",250,3,0.23,0,,,,24,,Lost,,https://legalbet.ro/feedback/netbet/,,,2024-06-13 04:56:56,
meci champions league azi pro tv,RO,Romania,Romanian,Pro TV (Organization),true,false,false,true,false,false,"Video preview, Image pack",1200,8,0.24,0,,,,31,,Lost,,https://legalbet.ro/centrul-de-pariere/astazi/,,,2024-06-19 16:03:13,
poziții fc metz,RO,Romania,Romanian,FC Metz (Organization),true,false,false,true,false,false,Image pack,100,0,,0,,,,22,,Lost,,https://legalbet.ro/centrul-de-pariere/echipe/lyon/,,,2024-06-15 15:15:16,
cod bonus gets bet,RO,Romania,English,GetsBet (Organization),true,false,false,true,true,false,"Featured snippet, Video preview",350,0,0.98,0,,,,26,,Lost,,https://legalbet.ro/bonus/sets/gets-bet-casino/,,,2024-06-25 17:20:51,
poziții rangers,RO,Romania,Romanian,Rangers FC (Organization),true,false,false,true,false,false,"Image pack, Video preview",150,0,,0,,,,23,,Lost,,https://legalbet.ro/centrul-de-pariere/echipe/psv/,,,2024-06-19 04:53:04,
totalbet.,RO,Romania,Romanian,TotalBet (Organization),true,false,true,false,false,false,Sitelinks,100,52,,0,0,0,,17,3,14,,https://legalbet.ro/scoala-pariurilor/total-bet/,,https://legalbet.ro/scoala-pariurilor/recenzia-casei-de-pariuri-totalbet/,2024-06-26 17:49:30,2026-06-04 21:24:26
winner. ro,RO,Romania,,Winner.ro (Organization),true,false,true,true,false,false,"Sitelinks, Image pack, Video preview",400,0,0.67,0,,,,26,,Lost,,https://legalbet.ro/feedback/winner/,,,2024-06-23 12:25:17,
princess casino aplicatie,RO,Romania,Romanian,Princess Casino (Organization),true,false,false,true,true,false,"Video preview, Knowledge panel",200,0,1.41,0,,,,23,,Lost,,https://legalbet.ro/scoala-de-cazino/aplicatie-princess-casino/,,,2024-06-25 11:14:21,
poziții europa league,RO,Romania,Romanian,UEFA Europa League (Event),true,false,false,true,false,false,"Image pack, Video preview",100,2,,0,,,,20,,Lost,,https://legalbet.ro/alegerea-editorului/ponturi-germania-vs-danemarca-cote-la-pariuri-pentru/,,,2024-06-27 20:39:30,
program meciuri superliga,RO,Romania,Romanian,Superliga (Event),true,false,false,true,false,false,Image pack,150,7,,0,,,,21,,Lost,,https://legalbet.ro/centrul-de-pariere/turnee/liga-i/,,,2024-06-15 18:47:54,
superbet bonus de ziua ta,RO,Romania,Romanian,"Superbet (Organization), Birthday Bonus (Event)",true,false,false,true,true,false,"Image pack, Video preview",250,0,3.91,0,,,,24,,Lost,,https://legalbet.ro/bonus/sets/bonus-de-ziua-ta/,,,2024-06-19 04:55:11,
stanley mega puncte,RO,Romania,Romanian,Stanley Mega Puncte (Event),true,false,false,true,true,false,,600,0,0.01,0,,,,28,,Lost,,https://legalbet.ro/feedback/stanleybet/,,,2024-06-22 15:41:28,
cont betano,RO,Romania,Romanian,Betano (Organization),true,false,true,true,true,true,"Sitelinks, Image pack, Video preview",400,0,2.08,0,,,,26,,Lost,,https://legalbet.ro/complaints/betano/,,,2024-06-19 05:02:57,
superbet rezultate fotbal ieri,RO,Romania,Romanian,Superbet (Organization),true,false,false,true,false,false,"Sitelinks, Image pack",200,18,0.59,0,,,,23,,Lost,,https://legalbet.ro/centrul-de-pariere/maine/,,,2024-06-19 01:00:34,
real madrid–villarreal,RO,Romania,English,"Real Madrid (Organization), Villarreal (Organization)",true,false,false,true,false,false,"Video preview, Image pack",150,0,,0,,,,22,,Lost,,https://legalbet.ro/centrul-de-pariere/villarreal-real-madrid-19-05-2024/,,,2024-06-22 18:17:57,
fc botosani fcsb,RO,Romania,Romanian,"FC Botoșani (Organization), FCSB (Organization)",true,false,false,true,false,false,"Video preview, Image pack",200,0,0.12,0,,,,23,,Lost,,https://legalbet.ro/centrul-de-pariere/fcsb-botosani-24-02-2024/,,,2024-06-09 21:43:43,
club superbet ro castigatori,RO,Romania,Romanian,Superbet Club (Organization),true,false,false,true,false,false,Video preview,300,0,0.47,0,,,,25,,Lost,,https://legalbet.ro/alegerea-editorului/superbet-are-super-promotii-in-perioada-euro-2021/,,,2024-06-26 05:13:51,
finala snooker azi,RO,Romania,Romanian,,false,false,false,true,false,false,Video preview,6700,0,,0,,,,39,,Lost,,https://legalbet.ro/ponturi/sportul-snooker/,,,2024-06-27 23:52:14,
meciul,RO,Romania,Romanian,,false,false,false,true,false,false,"Top stories, Thumbnail, Video preview, Image pack",1000,3,0.03,0,,,,27,,Lost,,https://legalbet.ro/centrul-de-pariere/astazi/,,,2024-06-12 03:51:24,
meciuri cupa angliei azi,RO,Romania,Romanian,FA Cup (Event),true,false,false,true,false,false,"Image pack, Video preview",150,0,,0,,,,22,,Lost,,https://legalbet.ro/centrul-de-pariere/turnee/super-cup-england/,,,2024-06-11 01:07:51,
fcsb vs. farul constanța,RO,Romania,Romanian,"FCSB (Organization), FC Farul Constanța (Organization)",true,false,false,true,false,false,"Video preview, Image pack",600,0,0.42,0,,,,28,,Lost,,https://legalbet.ro/centrul-de-pariere/fcsb-farul-03-02-2024/,,,2024-06-24 18:28:40,
pariu superbet,RO,Romania,Romanian,Superbet (Organization),true,false,true,true,true,true,"Knowledge panel, Video preview, Image pack",100,8,0.98,0,,,,21,,Lost,,https://legalbet.ro/scoala-pariurilor/primul-pariu-la-superbet/,,,2024-06-23 09:55:35,
meci ac milan,RO,Romania,Romanian,AC Milan (Organization),true,false,false,true,false,false,"Video preview, Image pack",150,1,,0,,,,22,,Lost,,https://legalbet.ro/centrul-de-pariere/echipe/milan/,,,2024-06-22 11:30:19,
scor fcsb cfr cluj,RO,Romania,Romanian,"FCSB (Organization), CFR Cluj (Organization)",true,false,false,true,false,false,"Video preview, Image pack",90,1,,0,,,,20,,Lost,,https://legalbet.ro/centrul-de-pariere/cfr-kluj-fcsb-28-08-2021/,,,2024-06-08 23:41:51,
sport netbet,RO,Romania,English,NetBet (Organization),true,false,true,true,true,true,"Sitelinks, Video preview",100,31,1.81,0,,,,21,,Lost,,https://legalbet.ro/scoala-pariurilor/aplicatie-netbet-ghid-complet-pentru-pariuri-de-pe-mobil/,,,2024-06-14 00:03:59,
888 betting,RO,Romania,English,888 Sport (Organization),true,false,false,true,true,false,"Image pack, Video preview",90,80,1.67,0,,,,20,,Lost,,https://legalbet.ro/feedback/888-sport/,,,2024-06-19 12:15:22,
dinamo vs farul,RO,Romania,Romanian,"Dinamo (Organization), Farul Constanța (Organization)",true,false,false,true,false,false,"Video preview, Image pack",90,0,,0,,,,20,,Lost,,https://legalbet.ro/centrul-de-pariere/farul-dinamo-bucuresti-10-02-2024/,,,2024-06-09 10:48:02,
fcsb meci,RO,Romania,Romanian,FCSB (Organization),true,false,false,true,false,false,"Top stories, Thumbnail, Video preview, Image pack",1600,6,0.21,0,,,,31,,Lost,,https://legalbet.ro/centrul-de-pariere/echipe/FCSB/,,,2024-06-27 08:59:59,
liste athletic bilbao vs atlético madrid,RO,Romania,French,"Athletic Bilbao (Organization), Atlético Madrid (Organization)",true,false,false,true,false,false,,80,0,,0,,,,20,,Lost,,https://legalbet.ro/centrul-de-pariere/athletic-bilbao-atletico-madrid-29-02-2024-1/,,,2024-06-23 05:52:56,
stanleybet cont,RO,Romania,Romanian,Stanleybet (Organization),true,false,true,false,false,false,"Image pack, Video preview",90,0,0.54,0,,,,20,,Lost,,https://legalbet.ro/scoala-pariurilor/primul-pariu-la-stanleybet/,,,2024-06-26 08:09:51,
bonus fara depunere gets bet,RO,Romania,Romanian,Get's Bet (Organization),true,false,false,true,true,false,Image pack,90,0,1.37,0,,,,20,,Lost,,https://legalbet.ro/bonus/sets/gets-bet-fara-depunere/,,,2024-06-15 17:59:47,
conti casino bonus fara depunere,RO,Romania,Romanian,Conti Casino (Organization),true,false,false,true,true,false,"Image pack, Video preview",700,0,1.09,0,,,,29,,Lost,,https://legalbet.ro/bonus/sets/conti-fara-depunere/,,,2024-06-23 01:50:09,
verifica bilet fortuna,RO,Romania,Romanian,Fortuna (Organization),true,false,false,true,false,false,Video preview,200,57,0.90,0,0,0,,21,4,17,,https://legalbet.ro/scoala-pariurilor/fortuna-bet-verificare-bilet-online/,,https://legalbet.ro/scoala-pariurilor/fortuna-bet-verificare-bilet-online/,2024-06-25 18:53:19,2026-06-21 13:19:57
casa fortuna,RO,Romania,Romanian,Casa Fortuna (Organization),true,false,false,true,false,false,"Sitelinks, Thumbnail, Videos, Image pack, Video preview",150,0,0.25,0,,,,22,,Lost,,https://legalbet.ro/case-de-pariuri/fortuna/,,,2024-06-19 17:44:38,
mr bit bonus,RO,Romania,English,MrBit (Organization),true,false,false,true,true,false,Image pack,150,1,1.75,0,,,,22,,Lost,,https://legalbet.ro/cazinouri/mr-bit-casino/,,,2024-06-13 01:55:18,
verificare bilet total bet,RO,Romania,Romanian,Total Bet (Organization),true,false,false,true,false,false,"Sitelinks, Video preview",500,61,0.81,,0,,,,4,New,,,,https://legalbet.ro/scoala-pariurilor/recenzia-casei-de-pariuri-totalbet/,,2026-06-20 01:44:29
casino live superbet,RO,Romania,English,Superbet (Organization),true,false,true,true,true,true,"Sitelinks, Video preview, Image pack",300,4,2.19,0,,,,26,,Lost,,https://legalbet.ro/feedback/superbet/,,,2024-05-31 06:18:57,
meci u cluj cfr,RO,Romania,Romanian,"FC Universitatea Cluj (Organization), CFR 1907 Cluj (Organization)",true,true,false,true,false,false,"Video preview, Image pack",100,1,,0,,,,21,,Lost,,https://legalbet.ro/centrul-de-pariere/cfr-kluj-universitatea-cluj-20-12-2023/,,,2024-06-11 10:12:10,
rezultate meciuri amicale intercluburi,RO,Romania,Romanian,,false,false,false,true,false,false,Image pack,200,0,,0,,,,24,,Lost,,https://legalbet.ro/centrul-de-pariere/turnee/serie-a/,,,2024-06-12 22:59:19,
stanleybet agentii,RO,Romania,Romanian,"Stanleybet (Organization), Stanleybet agency (Location)",true,false,false,true,false,false,"Knowledge panel, Local pack, Image pack",250,0,0.03,0,,,,24,,Lost,,https://legalbet.ro/scoala-pariurilor/casa-de-pariuri-stanleybet-depuneri-i-retrageri/,,,2024-06-08 04:10:36,
descarcare superbet,RO,Romania,Romanian,Superbet (Organization),true,false,false,false,true,true,Video preview,100,4,1.75,0,,,,21,,Lost,,https://legalbet.ro/scoala-pariurilor/superbet-aplicatie-ghid-complet-pentru-pariuri-de-pe-mobil/,,,2024-06-25 04:43:13,
champions league meciuri,RO,Romania,Romanian,UEFA Champions League (Event),true,false,false,true,false,false,"Video preview, Image pack",100,9,0.22,0,,,,15,,Lost,,https://legalbet.ro/centrul-de-pariere/turnee/champions-league/,,,2024-06-27 13:46:03,
excelbet pariuri,RO,Romania,Romanian,Excelbet (Organization),true,false,false,true,true,false,"Sitelinks, Image pack",150,0,0.64,0,,,,23,,Lost,,https://legalbet.ro/centrul-de-pariere/moldova-ukraine-11-06-2024/,,,2024-06-10 13:44:12,
sevenbet,RO,Romania,Romanian,Seven Bet (Organization),true,false,true,true,true,false,Video preview,90,0,0.85,0,,,,3,,Lost,,https://legalbet.ro/case-de-pariuri/seven/,,,2024-06-17 13:23:32,
meciuri manchester city,RO,Romania,Romanian,Manchester City (Organization),true,false,false,true,false,false,"Video preview, Image pack",90,1,0.13,0,,,,20,,Lost,,https://legalbet.ro/centrul-de-pariere/echipe/manchester-city/,,,2024-06-17 18:45:09,
betano pariuri live,RO,Romania,Romanian,Betano (Organization),true,false,false,true,true,false,"Sitelinks, Video preview",150,18,0.37,0,,,,22,,Lost,,https://legalbet.ro/case-de-pariuri/betano/,,,2024-06-25 09:38:12,
pariuri bonus,RO,Romania,Romanian,,false,false,false,true,true,false,"Top ads, Paid sitelinks, Video preview, Image pack, Bottom ads",600,24,3.37,0,,,,4,,Lost,,https://legalbet.ro/rating-bonus/,,,2024-06-26 04:37:38,
meciuri liga 1 fotbal,RO,Romania,Romanian,Liga 1 (Event),true,false,false,true,false,false,"Image pack, Video preview",150,23,,0,,,,22,,Lost,,https://legalbet.ro/centrul-de-pariere/turnee/liga-i/,,,2024-06-25 15:52:43,
superbet cod bonus,RO,Romania,Romanian,Superbet (Organization),true,false,false,true,true,true,Sitelinks,600,57,4.22,,0,,,,29,New,,,,https://legalbet.ro/bonus/sets/superbet/,,2026-06-07 10:15:24
verificate bilet superbet,RO,Romania,Romanian,Superbet (Organization),true,false,false,true,false,false,"Sitelinks, Video preview, Image pack",300,0,3.23,0,,,,26,,Lost,,https://legalbet.ro/scoala-pariurilor/superbet-verificare-bilet-online/,,,2024-06-19 10:34:02,
bonus bingo superbet,RO,Romania,English,Superbet (Organization),true,false,false,true,true,false,Video preview,150,0,4.48,0,,,,24,,Lost,,https://legalbet.ro/ponturi/daniil-medvedev-vs-nuno-borges-pronosticuri-tenis-halle-open-marian/,,,2024-06-17 00:42:52,
pokerstars rotiri gratuite,RO,Romania,Romanian,PokerStars (Organization),true,false,false,true,true,false,"Image pack, Bottom ads, Paid sitelinks",80,0,1.62,0,,,,20,,Lost,,https://legalbet.ro/bonus/pokerstars-50-rotiri-gratuite-la-casino/,,,2024-06-24 16:15:46,
csu craiova - fcsb,RO,Romania,Romanian,"CSU Craiova (Organization), FCSB (Organization)",true,false,false,true,false,false,"Video preview, Image pack",400,0,,0,,,,24,,Lost,,https://legalbet.ro/centrul-de-pariere/universitatea-craiova-fcsb-27-01-2024/,,,2024-06-14 03:11:57,
impozit pariuri sportive,RO,Romania,Romanian,,false,false,false,true,false,false,"Featured snippet, Video preview, Image pack",250,0,0.02,0,,,,25,,Lost,,https://legalbet.ro/scoala-pariurilor/legea-pariurilor-online-impozitul-pe-castiguri/,,,2024-06-22 11:12:30,
liste „u” cluj vs farul constanța,RO,Romania,Romanian,"U Cluj (Organization), Farul Constanța (Organization)",true,false,false,true,false,false,"Video preview, Image pack",150,1,,0,,,,23,,Lost,,https://legalbet.ro/centrul-de-pariere/uta-arad-farul-16-12-2023/,,,2024-06-13 09:05:12,
poziții champions league,RO,Romania,Romanian,UEFA Champions League (Event),true,false,false,true,false,false,"Videos, Image pack",200,11,1.22,0,,,,25,,Lost,,https://legalbet.ro/centrul-de-pariere/echipe/porto/,,,2024-06-27 21:39:21,
bonus gets bet,RO,Romania,English,GetsBet (Organization),true,false,false,true,true,false,"Featured snippet, Thumbnail, Video preview",150,0,1.40,0,,,,24,,Lost,,https://legalbet.ro/bonus/gets-bet-bonus-de-bun-venit-de-pana-la-600-de-lei/,,,2024-06-12 23:02:11,
fotbal dinamo rapid,RO,Romania,Romanian,"FC Dinamo București (Organization), FC Rapid București (Organization)",true,false,false,true,false,false,"Top stories, Thumbnail, Video preview, Image pack",200,1,0.17,0,,,,24,,Lost,,https://legalbet.ro/centrul-de-pariere/dinamo-bucuresti-rapid-bucuresti-27-01-2024/,,,2024-06-13 06:36:02,
lasvegas.ro,RO,Romania,Romanian,Las Vegas Casino (Organization),true,false,true,true,true,true,"Sitelinks, Video preview",1600,45,0.87,0,0,0,,16,4,12,,https://legalbet.ro/feedback/las-vegas/,,https://legalbet.ro/cazinouri/las-vegas/,2024-06-27 09:33:55,2026-06-26 01:05:25
superbet pacanele gratis,RO,Romania,Romanian,Superbet (Organization),true,false,true,true,false,false,"Sitelinks, Video preview, Bottom ads, Paid sitelinks",1500,2,0.85,0,,,,33,,Lost,,https://legalbet.ro/cazinouri/superbet/,,,2024-06-25 06:17:33,
bonusuri betano,RO,Romania,Romanian,Betano (Organization),true,false,false,true,true,false,"Image pack, Video preview",200,5,3.17,0,,,,24,,Lost,,https://legalbet.ro/bonus/bonus-de-ziua-ta-betano/,,,2024-06-07 20:00:12,
suedia allsvenskan,RO,Romania,Romanian,"Allsvenskan (Event), Sweden (Location)",true,false,false,true,false,false,"Sitelinks, Knowledge panel, Video preview",1300,0,,0,,,,34,,Lost,,https://legalbet.ro/centrul-de-pariere/country/se/,,,2024-06-24 04:22:39,
cashpot romania,RO,Romania,English,CashPot (Organization),true,false,false,true,true,false,"Sitelinks, Video preview, Image pack, Knowledge panel",200,30,0.50,0,,,,24,,Lost,,https://legalbet.ro/cazinouri/cashpot/,,,2024-06-10 15:01:21,
getsbet rotiri gratuite fara depunere,RO,Romania,Romanian,Get's Bet (Organization),true,false,false,true,true,false,"Top ads, Featured snippet, Thumbnail, Image pack, Bottom ads, Paid sitelinks",90,0,1.72,0,,,,21,,Lost,,https://legalbet.ro/bonus/gets-bet-casino-200-de-rotiri-gratuite-la-verificarea-contului/,,,2024-06-26 15:57:06,
fortuna bet rezultate,RO,Romania,Romanian,Fortuna Bet (Organization),true,false,false,true,false,false,"Sitelinks, Image pack",250,9,0.34,0,,,,26,,Lost,,https://legalbet.ro/scoala-pariurilor/fortuna-bet-verificare-bilet-online/,,,2024-06-12 12:06:49,
winners bet,RO,Romania,English,Winner Bet (Organization),true,false,false,true,true,false,"Video preview, Image pack",100,24,1.51,0,,,,18,,Lost,,https://legalbet.ro/scoala-pariurilor/recenzia-casei-de-pariuri-winnerbet/,,,2024-06-17 07:21:26,
poziții al-hilal,RO,Romania,Romanian,Al-Hilal SFC (Organization),true,false,false,true,false,false,,250,0,,0,,,,25,,Lost,,https://legalbet.ro/centrul-de-pariere/turnee/saudi-pro-league/,,,2024-06-23 08:48:14,
player. ro,RO,Romania,,Player.ro (Organization),true,false,true,false,false,false,"Sitelinks, Video preview",100,0,,0,,,,21,,Lost,,https://legalbet.ro/feedback/player/,,,2024-06-16 14:47:21,
verificare bilet magnum bet,RO,Romania,Romanian,Magnum Bet (Organization),true,false,false,true,false,false,"Sitelinks, Image pack",100,0,1.21,0,,,,22,,Lost,,https://legalbet.ro/alegerea-editorului/2-promotii-mozzartbet-in-perioada-euro-2024/,,,2024-06-14 09:42:55,
excelbet,RO,Romania,Romanian,ExcelBet (Organization),true,false,false,true,true,false,Sitelinks,3200,32,0.61,0,0,0,,27,4,23,,https://legalbet.ro/complaints/excelbet/,,https://legalbet.ro/case-de-pariuri/excelbet/,2024-06-27 10:59:21,2026-06-25 00:01:00
rezultat meci petrolul azi,RO,Romania,Romanian,Petrolul Ploiești (Organization),true,false,false,true,false,false,"Video preview, Image pack",200,1,,0,,,,24,,Lost,,https://legalbet.ro/centrul-de-pariere/petrolul-voluntari-06-04-2024/,,,2024-06-19 03:28:05,
winbet rotiri gratuite,RO,Romania,Romanian,Winbet (Organization),true,false,false,true,true,false,,600,54,0.87,1,0,0,,26,29,-3,,https://legalbet.ro/cazinouri/winbet/,,https://legalbet.ro/bonus/winbet-casino-fara-depunere-500-sau-50-de-rotiri-gratuite/,2024-06-26 19:11:27,2026-06-16 02:11:53
meciuri din fc porto,RO,Romania,Romanian,FC Porto (Organization),true,false,false,true,false,false,"Image pack, Video preview",150,0,,0,,,,23,,Lost,,https://legalbet.ro/centrul-de-pariere/echipe/porto/,,,2024-06-27 17:09:52,
betano jocuri,RO,Romania,Romanian,Betano (Organization),true,false,false,true,false,false,"Sitelinks, Videos, Video preview",100,0,1.05,0,,,,21,,Lost,,https://legalbet.ro/alegerea-editorului/cele-mai-noi-10-jocuri-la-betano-casino/,,,2024-06-24 20:55:20,
ponturi bune,RO,Romania,Romanian,,false,false,false,true,false,false,Video preview,1100,64,0.81,0,0,0,,11,5,6,,https://legalbet.ro/ponturi/,,https://legalbet.ro/ponturi/,2024-06-27 13:33:53,2026-06-09 09:44:20
roata superbet,RO,Romania,Romanian,"Superbet (Organization), Super Spin Wheel (Event)",true,false,false,true,true,false,"Sitelinks, Video preview, Image pack",100,0,1.50,0,,,,22,,Lost,,https://legalbet.ro/feedback/superbet/,,,2024-06-16 20:40:24,
creare cont superbet,RO,Romania,Romanian,Superbet (Organization),true,false,true,true,true,true,"Top ads, Video preview, Image pack",600,3,6.23,0,,,,29,,Lost,,https://legalbet.ro/scoala-pariurilor/primul-pariu-la-superbet/,,,2024-06-23 05:22:08,
netbet pariuri,RO,Romania,Romanian,NetBet (Organization),true,false,true,true,true,true,"Sitelinks, Video preview, Image pack",200,5,1.56,0,,,,16,,Lost,,https://legalbet.ro/scoala-pariurilor/aplicatie-netbet-ghid-complet-pentru-pariuri-de-pe-mobil/,,,2024-06-25 13:32:53,
csu craiova cfr cluj,RO,Romania,Romanian,"Universitatea Craiova (Organization), CFR Cluj (Organization)",true,false,false,true,false,false,"Video preview, Image pack",80,0,,0,,,,18,,Lost,,https://legalbet.ro/centrul-de-pariere/universitatea-craiova-cfr-kluj-27-04-2024/,,,2024-06-27 23:26:13,
bonus fara depunere conti casino,RO,Romania,Romanian,Conti Casino (Organization),true,false,false,true,true,false,"Image pack, Video preview",200,0,0.94,0,,,,24,,Lost,,https://legalbet.ro/bonus/sets/conti-fara-depunere/,,,2024-06-20 11:15:53,
superliga greacă,RO,Romania,Romanian,Greek Super League (Event),true,false,false,true,false,false,"Knowledge panel, Video preview, Image pack",200,0,2.03,0,,,,24,,Lost,,https://legalbet.ro/ponturi/sportul-fotbal/superleague-greece/,,,2024-06-20 01:29:51,
csu craiova fcsb,RO,Romania,Romanian,"CSU Craiova (Organization), FCSB (Organization)",true,false,false,true,false,false,"Video preview, Image pack",150,0,,0,,,,22,,Lost,,https://legalbet.ro/centrul-de-pariere/universitatea-craiova-fcsb-11-05-2024/,,,2024-05-29 23:13:33,
betfair sport,RO,Romania,English,Betfair (Organization),true,false,false,true,true,false,"Sitelinks, Top stories, Video preview",150,39,1.19,0,,,,23,,Lost,,https://legalbet.ro/feedback/betfair/,,,2024-06-24 19:16:30,
rotiri gratuite fara depunere gets bet,RO,Romania,Romanian,Get's Bet (Organization),true,false,false,true,true,false,Image pack,80,0,3.14,0,,,,21,,Lost,,https://legalbet.ro/bonus/gets-bet-casino-200-de-rotiri-gratuite-la-verificarea-contului/,,,2024-06-15 15:56:09,
meciuri europa league,RO,Romania,Romanian,UEFA Europa League (Event),true,false,false,true,false,false,"Videos, Image pack, Video preview",700,2,0.94,0,,,,25,,Lost,,https://legalbet.ro/centrul-de-pariere/turnee/europa-league/,,,2024-06-26 13:54:37,
game world casino bonus fara depunere,RO,Romania,Romanian,Game World Casino (Organization),true,false,false,true,true,false,"Image pack, Video preview",150,0,0.17,0,,,,25,,Lost,,https://legalbet.ro/bonus/sets/game-world-fara-depunere/,,,2024-06-16 07:03:34,
furtuna casino,RO,Romania,Romanian,Fortuna Casino (Organization),true,false,true,true,true,true,"Top ads, Paid sitelinks, Sitelinks, Knowledge panel, Video preview",200,18,0.53,0,,,,25,,Lost,,https://legalbet.ro/feedback/fortuna/,,,2024-06-09 23:37:25,
pariuri tenis,RO,Romania,Romanian,,false,false,true,false,true,true,"Top stories, Thumbnail, Video preview, Image pack",250,12,0.83,0,,,,27,,Lost,,https://legalbet.ro/ponturi/sportul-tenis/,,,2024-06-07 00:59:56,
pariuri online superbet,RO,Romania,Romanian,Superbet (Organization),true,false,true,true,true,true,"Top ads, Paid sitelinks, Sitelinks, Video preview",100,13,2.27,0,,,,22,,Lost,,https://legalbet.ro/feedback/superbet/,,,2024-06-27 03:01:37,
pariaza online,RO,Romania,Romanian,,false,false,false,true,true,false,Image pack,100,74,17.53,0,,,,23,,Lost,,https://legalbet.ro/case-de-pariuri-licentiate/,,,2024-06-27 01:41:13,
suoer bet,RO,Romania,Romanian,Superbet (Organization),true,false,false,true,true,false,"Sitelinks, Knowledge panel, Video preview",150,13,1.06,0,,,,23,,Lost,,https://legalbet.ro/feedback/superbet/,,,2024-06-15 01:10:00,
bonus fara depunere superbet,RO,Romania,Romanian,Superbet (Organization),true,false,false,true,true,false,"Video preview, Image pack",500,2,5.86,0,,,,29,,Lost,,https://legalbet.ro/bonus/sets/bonus-superbet/,,,2024-06-24 06:35:41,
ce inseamna gg,RO,Romania,Romanian,,false,false,false,true,false,false,"AI Overview, Thumbnail, People also ask, Sitelinks, Video preview",90,0,0.08,4,0,-3,,3,5,-2,,https://legalbet.ro/scoala-pariurilor/explicatia-termenului-de-gg-la-pariuri-sportive/,,https://legalbet.ro/scoala-pariurilor/explicatia-termenului-de-gg-la-pariuri-sportive/,2024-06-11 10:49:10,2026-06-08 12:03:44
meciuri ac milan,RO,Romania,Romanian,AC Milan (Organization),true,false,false,true,false,false,"Video preview, Image pack",100,0,,0,,,,23,,Lost,,https://legalbet.ro/centrul-de-pariere/echipe/milan/,,,2024-06-27 19:43:52,
meci italia azi,RO,Romania,Romanian,Italy (Location),false,false,false,true,false,false,"Top stories, Thumbnail, Image pack",2000,1,0.23,0,,,,35,,Lost,,https://legalbet.ro/centrul-de-pariere/italy-turkey-04-06-2024/,,,2024-06-16 20:36:29,
josé mourinho echipe antrenate,RO,Romania,Romanian,José Mourinho (Person),false,false,false,true,false,false,"Thumbnail, Knowledge panel, Image pack",800,1,,0,,,,25,,Lost,,https://legalbet.ro/alegerea-editorului/as-roma-bayer-leverkusen-cote-la-pariuri-si-statistici/,,,2024-06-25 08:26:02,
rapid bukarest–hermannstadt,RO,Romania,English,"FC Rapid București (Organization), Bukarest–Hermannstadt (Event)",true,false,false,true,false,false,"Video preview, Thumbnail, Image pack",150,0,,0,,,,23,,Lost,,https://legalbet.ro/centrul-de-pariere/rapid-bucuresti-afc-hermannstadt-17-02-2024/,,,2024-06-10 17:54:37,
superbet autentificare,RO,Romania,Romanian,Superbet (Organization),true,false,true,false,false,true,"Top ads, Paid sitelinks, Sitelinks, Image pack, Video preview",150,7,0.98,0,,,,23,,Lost,,https://legalbet.ro/feedback/superbet/,,,2024-06-25 10:00:49,
superbet bonus fara depunere,RO,Romania,Romanian,Superbet (Organization),true,false,false,true,true,false,"Featured snippet, Video preview, Image pack",1600,2,3.80,0,,,,34,,Lost,,https://legalbet.ro/bonus/sets/bonus-superbet/,,,2024-06-25 22:27:38,
cod verificare superbet,RO,Romania,Romanian,Superbet (Organization),true,false,true,true,false,false,"Sitelinks, Video preview, Image pack",150,0,0.55,0,,,,23,,Lost,,https://legalbet.ro/scoala-pariurilor/superbet-verificare-bilet-online/,,,2024-06-15 08:49:36,
cod bonus player,RO,Romania,Romanian,Player (Organization),true,false,false,true,true,false,"Image pack, Video preview",150,0,1.12,0,,,,23,,Lost,,https://legalbet.ro/bonus/player-casino-bonus-de-bun-venit-de-2-000-de-lei-i-777-de-rotiri-gratuite/,,,2024-06-19 12:49:22,
scor craiova fcsb,RO,Romania,Romanian,"FCSB (Organization), Craiova (Location)",true,true,false,true,false,false,"Video preview, Image pack",100,1,,0,,,,23,,Lost,,https://legalbet.ro/centrul-de-pariere/universitatea-craiova-fcsb-27-01-2024/,,,2024-06-16 04:26:29,
meciuri din vfb stuttgart,RO,Romania,Romanian,VfB Stuttgart (Organization),true,true,false,true,false,false,"Image pack, Video preview",80,0,,0,,,,21,,Lost,,https://legalbet.ro/centrul-de-pariere/echipe/stuttgart/,,,2024-06-12 00:02:30,
superbet pacanele,RO,Romania,Romanian,Superbet (Organization),true,false,false,true,true,false,"Sitelinks, Knowledge panel, Video preview",150,3,0.56,0,,,,24,,Lost,,https://legalbet.ro/feedback/superbet/,,,2024-06-23 04:29:55,
www gets bet,RO,Romania,English,,false,false,true,true,true,false,"Sitelinks, Video preview, Image pack",200,1,1.08,0,,,,25,,Lost,,https://legalbet.ro/complaints/gets-bet/,,,2024-06-21 17:57:34,
poziții csu craiova vs fcsb,RO,Romania,Romanian,"CSU Craiova (Organization), FCSB (Organization)",true,false,false,true,false,false,"People also ask, Video preview, Image pack",80,1,,0,,,,22,,Lost,,https://legalbet.ro/centrul-de-pariere/echipe/universitatea-craiova/,,,2024-06-27 20:56:49,
etapa viitoare liga 1 fotbal,RO,Romania,Romanian,Liga 1 (Event),true,false,false,true,false,false,"Video preview, Image pack",150,16,,0,,,,23,,Lost,,https://legalbet.ro/centrul-de-pariere/turnee/liga-i/,,,2024-06-17 06:28:42,
bonusuri unibet,RO,Romania,Romanian,Unibet (Organization),true,false,false,true,true,false,"Sitelinks, Image pack, Bottom ads, Paid sitelinks",150,4,3.38,0,,,,23,,Lost,,https://legalbet.ro/feedback/unibet/,,,2024-06-23 00:25:54,
winmasters 50 rotiri,RO,Romania,Romanian,Winmasters (Organization),true,false,false,true,true,false,Image pack,150,0,0.91,0,,,,23,,Lost,,https://legalbet.ro/bonus/winmasters-cazino-200-de-rotiri-gratuite-n-plus-doar-cu-legalbet/,,,2024-06-14 08:24:36,
rezultat arsenal,RO,Romania,Romanian,Arsenal (Organization),true,false,false,true,false,false,"Video preview, Image pack",80,2,,0,,,,21,,Lost,,https://legalbet.ro/centrul-de-pariere/arsenal-everton-19-05-2024/,,,2024-06-25 21:10:19,
city real,RO,Romania,Romanian,Real Madrid (Organization),true,false,false,true,false,false,"Thumbnail, Video preview",200,2,0.07,0,,,,25,,Lost,,https://legalbet.ro/centrul-de-pariere/manchester-city-real-madrid-16-04-2024/,,,2024-06-27 14:02:48,
agentii betano bucuresti,RO,Romania,Romanian,"Betano betting agencies (Location), Bucharest (Location)",true,true,false,true,false,false,"Knowledge panel, Image pack",150,2,1.66,0,,,,23,,Lost,,https://legalbet.ro/case-de-pariuri-licentiate/,,,2024-06-13 23:09:12,
cfr azi,RO,Romania,Romanian,CFR Cluj (Organization),true,false,false,true,false,false,"Video preview, Image pack",150,25,,0,,,,23,,Lost,,https://legalbet.ro/centrul-de-pariere/echipe/cfr-kluj/,,,2024-06-17 05:50:33,
ponturi pariuri sportive forum,RO,Romania,Romanian,,false,false,false,true,true,false,Video preview,150,9,0.18,0,,,,26,,Lost,,https://legalbet.ro/feedback/mozzart/,,,2024-06-09 02:20:16,
agentii casa pariurilor,RO,Romania,Romanian,,false,false,false,true,false,false,Sitelinks,400,15,1.34,0,0,0,,11,3,8,,https://legalbet.ro/scoala-pariurilor/primul-pariu-la-casa-pariurilor/,,https://legalbet.ro/scoala-pariurilor/primul-pariu-la-casa-pariurilor/,2024-06-27 16:48:08,2026-06-16 07:07:10
bingo online gratis,RO,Romania,Romanian,,false,false,false,true,false,false,"Video preview, Bottom ads, Paid sitelinks",150,0,0.13,0,,,,23,,Lost,,https://legalbet.ro/cazinouri/bingo/,,,2024-06-08 19:13:07,
unibet bonus de bun venit,RO,Romania,Romanian,Unibet (Organization),true,false,false,true,true,false,Image pack,100,6,3.09,0,,,,22,,Lost,,https://legalbet.ro/bonus/unibet-sport-bonus-de-bun-venit-de-300-de-lei-cash-si-200-de-rotiri-gratuite/,,,2024-06-15 17:53:07,
„u” cluj vs cfr cluj,RO,Romania,Romanian,"U Cluj (Organization), CFR Cluj (Organization)",true,false,false,true,false,false,"Video preview, Image pack",150,1,,0,,,,24,,Lost,,https://legalbet.ro/centrul-de-pariere/cfr-kluj-universitatea-cluj-20-12-2023/,,,2024-06-27 05:05:17,
fortuna bonusuri,RO,Romania,Romanian,Fortuna (Organization),true,false,false,true,true,false,"Sitelinks, Video preview",80,1,2.93,0,,,,21,,Lost,,https://legalbet.ro/bonus/fortuna-sport-bonus-de-bun-venit-de-150-lei-50-lei-la-verificare/,,,2024-06-15 23:45:25,
mr bet bonus fara depunere,RO,Romania,Romanian,Mr Bet (Organization),true,false,false,true,true,false,,200,1,4.18,0,,,,25,,Lost,,https://legalbet.ro/cazinouri/mr-bit-casino/,,,2024-06-13 10:27:14,
superbet retragere,RO,Romania,Romanian,Superbet (Organization),true,false,false,true,false,false,"Video preview, Image pack",150,0,1.83,0,,,,24,,Lost,,https://legalbet.ro/complaints/superbet/,,,2024-06-08 06:50:49,
cashpot online,RO,Romania,English,CashPot (Organization),true,false,false,true,false,false,"Sitelinks, Video preview, Image pack",150,48,0.48,0,,,,24,,Lost,,https://legalbet.ro/cazinouri/,,,2024-06-19 19:22:16,
online casino bonus,RO,Romania,English,,false,false,false,true,true,false,"Sitelinks, Video preview, Image pack",250,35,3.17,0,,,,27,,Lost,,https://legalbet.ro/cazinouri/bonusuri/bonusuri-la-inregistrare/,,,2024-06-17 08:14:56,
lazio - juventus,RO,Romania,Romanian,"Lazio (Organization), Juventus (Organization)",true,false,false,true,false,false,"Video preview, Image pack",100,0,0.21,0,,,,23,,Lost,,https://legalbet.ro/centrul-de-pariere/latcio-juventus-24-04-2024/,,,2024-06-26 16:14:27,
meci djokovici azi live,RO,Romania,Romanian,Novak Djokovic (Person),false,false,false,true,false,false,Video preview,1100,0,,0,,,,33,,Lost,,https://legalbet.ro/ponturi/novak-djokovic-vs-casper-ruud-pronosticuri-tenis-monte-carlo-marian/,,,2024-06-24 16:08:12,
poziții trabzonspor,RO,Romania,Romanian,Trabzonspor (Organization),true,false,false,true,false,false,Image pack,150,0,,0,,,,24,,Lost,,https://legalbet.ro/centrul-de-pariere/echipe/basel/,,,2024-06-10 07:46:04,
clasamente jucători fcsb vs csu craiova,RO,Romania,Romanian,"FCSB (Organization), CS Universitatea Craiova (Organization)",true,false,false,true,false,false,"Videos, Video preview, Image pack",150,0,,0,,,,25,,Lost,,https://legalbet.ro/centrul-de-pariere/universitatea-craiova-fcsb-27-01-2024/,,,2024-06-09 15:59:57,
dinamo cfr cluj,RO,Romania,Romanian,"Dinamo (Organization), CFR Cluj (Organization)",true,false,false,true,false,false,"Video preview, Image pack",100,0,0.81,0,,,,22,,Lost,,https://legalbet.ro/centrul-de-pariere/cfr-kluj-dinamo-bucuresti-24-02-2024/,,,2024-06-25 02:07:58,
getsbet online,RO,Romania,English,GTSBET (Product),true,false,true,false,true,true,"Top ads, Paid sitelinks, Sitelinks, Image pack",200,2,0.26,0,,,,26,,Lost,,https://legalbet.ro/feedback/gets-bet/,,,2024-06-25 16:58:12,
sepsi - cfr cluj,RO,Romania,Romanian,"Sepsi OSK (Organization), CFR Cluj (Organization)",true,false,false,true,false,false,"Video preview, Image pack",250,2,,0,,,,26,,Lost,,https://legalbet.ro/centrul-de-pariere/sepsi-osk-sfantu-gheorghe-cfr-kluj-30-03-2024/,,,2024-06-27 21:49:04,
biletul zilei com,RO,Romania,Romanian,Daily Betting Tips (Organization),true,false,true,true,false,false,"Sitelinks, Video preview",80,38,0.33,0,,,,21,,Lost,,https://legalbet.ro/biletul-zilei/,,,2024-06-14 05:27:56,
georgia - spania,RO,Romania,Romanian,"Georgia (Location), Spain (Location)",false,false,false,true,false,false,"Top stories, Thumbnail, Video preview, Image pack",6400,0,,0,,,,41,,Lost,,https://legalbet.ro/alegerea-editorului/georgia-vs-spania-cote-la-pariuri-ponturi-si-informatii/,,,2024-06-27 11:11:15,
fortuna casino romania,RO,Romania,English,"Fortuna Casino (Organization), Romania (Location)",true,false,true,true,true,true,"Sitelinks, Video preview, Image pack, Knowledge panel",200,7,0.64,0,,,,25,,Lost,,https://legalbet.ro/feedback/fortuna/,,,2024-06-08 05:09:31,
scor meci craiova,RO,Romania,Romanian,Craiova (Location),false,true,false,true,false,false,"Video preview, Image pack",100,1,,0,,,,23,,Lost,,https://legalbet.ro/centrul-de-pariere/universitatea-craiova-fcsb-11-05-2024/,,,2024-06-23 19:28:44,
actualizare superbet,RO,Romania,Romanian,Superbet (Organization),true,false,false,true,true,false,"Video preview, Image pack",90,2,0.85,0,,,,22,,Lost,,https://legalbet.ro/complaints/superbet/,,,2024-06-15 02:11:57,
rares ilie,RO,Romania,Romanian,Rareș Ilie (Person),false,false,false,true,false,false,"Top stories, Thumbnail, Knowledge panel, Video preview, Image pack",500,0,,,0,,,,30,New,,,,https://legalbet.ro/stiri/62026001-267464-daniel-pancu-vrea-sa-il-readuca-pe-rares-ilie-la-r/,,2026-06-12 01:59:27
uta arad dinamo,RO,Romania,Romanian,"UTA Arad (Organization), Dinamo București (Organization)",true,false,false,true,false,false,Video preview,100,0,0.03,0,,,,23,,Lost,,https://legalbet.ro/centrul-de-pariere/dinamo-bucuresti-uta-arad-18-05-2024/,,,2024-06-19 02:45:13,
pacanele bonus fara depunere,RO,Romania,Romanian,Pacanele (Product),false,false,false,true,true,false,,450,70,1.88,0,0,0,,43,29,14,,https://legalbet.ro/cazinouri/bonusuri/,,https://legalbet.ro/cazinouri/rotiri-gratuite/,2024-06-13 00:16:07,2026-06-12 20:53:48
scor juventus,RO,Romania,Romanian,Juventus (Organization),true,false,false,true,false,false,"Image pack, Video preview",90,0,,0,,,,22,,Lost,,https://legalbet.ro/centrul-de-pariere/juventus-monza-26-05-2024/,,,2024-06-14 13:21:59,
csu rapid,RO,Romania,Romanian,FC Rapid București (Organization),true,false,false,true,false,false,"Video preview, Image pack",150,1,,0,,,,25,,Lost,,https://legalbet.ro/centrul-de-pariere/rapid-bucuresti-universitatea-craiova-04-05-2024/,,,2024-06-23 02:20:23,
winboss bonus fara depunere,RO,Romania,Romanian,WinBoss (Organization),true,false,false,true,true,false,"Image pack, Video preview",1000,0,1.01,0,,,,33,,Lost,,https://legalbet.ro/bonus/winboss-bonus-fara-depunere/,,,2024-06-23 19:27:04,
cod bonus conti casino,RO,Romania,Romanian,Conti Casino (Organization),true,false,false,true,true,false,"Image pack, Video preview",150,0,0.79,0,,,,25,,Lost,,https://legalbet.ro/bonus/sets/conti-cazino/,,,2024-06-27 12:19:51,
meciuri din allsvenskan,RO,Romania,Romanian,Allsvenskan (Event),true,false,false,true,false,false,"Image pack, Video preview",150,0,,0,,,,25,,Lost,,https://legalbet.ro/ponturi/sportul-fotbal/allsvenskan/,,,2024-06-19 13:25:58,
liga1 meciuri,RO,Romania,Romanian,Liga 1 (Event),true,false,false,true,false,false,"Video preview, Image pack",200,20,0.68,0,,,,20,,Lost,,https://legalbet.ro/centrul-de-pariere/turnee/liga-i/,,,2024-06-12 09:21:00,
pariuri fotbal,RO,Romania,Romanian,,false,false,true,false,true,true,"Top stories, Thumbnail, Image pack, Video preview",350,41,2.59,0,,,,29,,Lost,,https://legalbet.ro/centrul-de-pariere/,,,2024-06-23 06:17:11,
conticazino login,RO,Romania,Romanian,ContiCazino (Organization),true,false,true,false,false,false,"Sitelinks, Image pack",800,0,0.29,0,,,,34,,Lost,,https://legalbet.ro/centrul-de-pariere/argentina-canada-21-06-2024/,,,2024-06-19 12:15:00,
meci napoli,RO,Romania,Romanian,Napoli (Organization),true,false,false,true,false,false,"Video preview, Image pack",150,1,,0,,,,25,,Lost,,https://legalbet.ro/centrul-de-pariere/echipe/napoli/,,,2024-06-22 17:10:33,
gets bet agentii,RO,Romania,Romanian,Get's Bet (Organization),true,false,false,true,false,false,"Local pack, Thumbnail, Image pack, Video preview",250,0,1.32,0,,,,28,,Lost,,https://legalbet.ro/alegerea-editorului/gets-bet-program-sarbatori-pascale/,,,2024-06-09 14:36:42,
bonus 888 casino,RO,Romania,English,888 Casino (Organization),true,false,false,true,true,false,"Sitelinks, Image pack, Bottom ads, Paid sitelinks",150,2,2.07,0,,,,25,,Lost,,https://legalbet.ro/bonus/888-cazino-25-lei-bonus-fr-depunere-la-inregistrare/,,,2024-06-22 13:47:12,
fortuna casino bonus,RO,Romania,English,Fortuna Casino (Organization),true,false,false,true,true,false,"Video preview, Image pack",350,0,0.80,0,,,,28,,Lost,,https://legalbet.ro/bonus/fortuna-sport-bonus-de-bun-venit-de-150-lei-50-lei-la-verificare/,,,2024-06-10 10:53:02,
winner bonus,RO,Romania,English,Winner (Organization),true,false,false,true,true,false,"Video preview, Image pack",150,0,3.40,0,,,,25,,Lost,,https://legalbet.ro/bonus/sets/bonus-winner/,,,2024-06-25 10:02:07,
andrei bendeac,RO,Romania,Romanian,Andrei Bendeac (Person),false,false,false,true,false,false,"Top stories, Thumbnail, Image pack, Video preview",250,0,,,0,,,,24,New,,,,https://legalbet.ro/stiri/62026021-270990-andrei-bendeac-a-fost-numit-in-functia-de-analist/,,2026-06-14 05:57:52
rezultat psg,RO,Romania,Romanian,Paris Saint-Germain (Organization),true,false,false,true,false,false,"Video preview, Image pack",100,5,,0,,,,24,,Lost,,https://legalbet.ro/centrul-de-pariere/paris-saint-germain-borussia-dortmund-07-05-2024/,,,2024-06-27 04:30:34,
fotbal astazi liga 1,RO,Romania,Romanian,Liga 1 (Event),true,false,false,true,false,false,"Image pack, Video preview",100,20,0.12,0,,,,23,,Lost,,https://legalbet.ro/centrul-de-pariere/turnee/liga-i/,,,2024-06-24 23:22:59,
poziții al-nassr,RO,Romania,Romanian,Al-Nassr FC (Organization),true,false,false,true,false,false,"Image pack, Video preview",400,0,,0,,,,29,,Lost,,https://legalbet.ro/centrul-de-pariere/turnee/saudi-pro-league/,,,2024-06-27 03:25:52,
meciuri din la liga,RO,Romania,Romanian,La Liga (Event),true,false,false,true,false,false,"Image pack, Video preview",100,3,2.03,0,,,,23,,Lost,,https://legalbet.ro/centrul-de-pariere/astazi/,,,2024-06-27 12:27:23,
roma - sassuolo,RO,Romania,Romanian,"AS Roma (Organization), Sassuolo (Organization)",true,false,false,true,false,false,"Video preview, Thumbnail, Image pack",150,0,,0,,,,24,,Lost,,https://legalbet.ro/centrul-de-pariere/roma-sassuolo-17-03-2024/,,,2024-06-22 04:50:55,
meciuri din liga 1,RO,Romania,Romanian,Liga 1 (Event),true,false,false,true,false,false,"Video preview, Image pack",14000,12,0.35,0,,,,45,,Lost,,https://legalbet.ro/centrul-de-pariere/astazi/,,,2024-06-27 01:54:25,
meciuri tenis live azi,RO,Romania,Romanian,,false,false,false,true,false,false,"Video preview, Image pack",11000,11,0.18,0,,,,44,,Lost,,https://legalbet.ro/centrul-de-pariere/astazi/,,,2024-06-27 14:11:59,
bonusuri fara depunere 2024,RO,Romania,Romanian,,false,false,false,true,true,false,"Top ads, Paid sitelinks, Video preview, Image pack",150,33,0.76,0,,,,24,,Lost,,https://legalbet.ro/cazinouri/bonusuri/bonusuri-fara-depunere/,,,2024-06-16 12:17:57,
superbet bilet verificare,RO,Romania,Romanian,Superbet (Organization),true,false,false,true,false,false,"Sitelinks, Video preview, Image pack",90,0,0.63,0,,,,22,,Lost,,https://legalbet.ro/scoala-pariurilor/superbet-verificare-bilet-online/,,,2024-06-08 15:21:04,
aplicatie casa pariurilor,RO,Romania,Romanian,Casa Pariurilor (Organization),true,false,false,true,true,false,Sitelinks,1200,39,1.89,0,0,0,,13,14,-1,,https://legalbet.ro/scoala-pariurilor/pariuri-de-pe-mobil-la-casa-pariurilor-pas-cu-pas-despre-instalarea-aplicatiei-de-android-apk-si-ios/,,https://legalbet.ro/case-de-pariuri-licentiate/casa-pariurilor/aplicatie/,2024-06-27 11:29:50,2026-06-07 08:22:01
www casa pariurilor ro oferta,RO,Romania,Romanian,Casa Pariurilor (Organization),true,false,true,true,true,false,"Sitelinks, Video preview, Bottom ads, Paid sitelinks",80,46,1.04,0,,,,22,,Lost,,https://legalbet.ro/scoala-pariurilor/primul-pariu-la-casa-pariurilor/,,,2024-06-11 12:49:16,
la ce ora joaca sorana cirstea azi,RO,Romania,Romanian,Sorana Cirstea (Person),false,false,false,true,false,false,"Image pack, Video preview",2400,2,,0,,,,37,,Lost,,https://legalbet.ro/alegerea-editorului/roland-garros-2023-cu-cine-joaca-sorana-cirstea-irina/,,,2024-06-22 02:44:21,
fcsb fc botosani,RO,Romania,Romanian,"FCSB (Organization), FC Botoșani (Organization)",true,false,false,true,false,false,"Video preview, Image pack",150,0,,0,,,,24,,Lost,,https://legalbet.ro/centrul-de-pariere/fcsb-botosani-24-02-2024/,,,2024-06-17 04:51:31,
meci cfr u cluj,RO,Romania,Romanian,"CFR Cluj (Organization), Cluj (Location)",true,true,false,true,false,false,"Video preview, Image pack",150,0,,0,,,,25,,Lost,,https://legalbet.ro/centrul-de-pariere/cfr-kluj-universitatea-cluj-20-12-2023/,,,2024-06-23 22:05:13,
meciuri napoli,RO,Romania,Romanian,Napoli (Organization),true,false,false,true,false,false,"Videos, Image pack, Video preview",80,0,,0,,,,22,,Lost,,https://legalbet.ro/centrul-de-pariere/echipe/napoli/,,,2024-06-26 23:44:07,
poziții superliga serbiei,RO,Romania,Romanian,Serbian SuperLiga (Event),true,false,false,true,false,false,Image pack,150,1,,0,,,,27,,Lost,,https://legalbet.ro/centrul-de-pariere/denmark-england-20-06-2024-1/,,,2024-06-25 19:48:10,
fotbal u cluj dinamo,RO,Romania,Romanian,"U Cluj (Organization), Dinamo (Organization)",true,false,false,true,false,false,"Video preview, Image pack",150,0,0.22,0,,,,24,,Lost,,https://legalbet.ro/centrul-de-pariere/universitatea-cluj-dinamo-bucuresti-11-05-2024/,,,2024-06-12 11:31:19,
cand joaca alcaraz,RO,Romania,Romanian,Carlos Alcaraz (Person),false,false,false,true,false,false,"Image pack, Video preview",600,0,,0,,,,31,,Lost,,https://legalbet.ro/alegerea-editorului/us-open-2023-la-ce-ore-joaca-romancele-in-primul-tur/,,,2024-06-10 00:22:48,
scor farul,RO,Romania,Romanian,Farul Constanța (Organization),true,false,false,true,false,false,"Video preview, Image pack",150,1,2.65,0,,,,25,,Lost,,https://legalbet.ro/centrul-de-pariere/rapid-bucuresti-farul-16-03-2024/,,,2024-06-22 16:46:57,
meciuri europa league azi la tv,RO,Romania,Romanian,Europa League (Event),true,false,false,true,false,false,"Video preview, Videos, Image pack",1800,4,0.01,0,,,,36,,Lost,,https://legalbet.ro/centrul-de-pariere/maine/,,,2024-06-23 04:27:29,
efbet bonus fara depunere,RO,Romania,Romanian,Efbet (Organization),true,false,false,true,true,false,Featured snippet,150,0,0.79,0,,,,26,,Lost,,https://legalbet.ro/bonus/sets/fara-depunere-pariuri/,,,2024-06-15 04:11:48,
casa pariurilor casino online,RO,Romania,Romanian,Casa Pariurilor (Organization),true,false,false,true,true,true,"Sitelinks, Video preview, Bottom ads, Paid sitelinks",100,1,0.87,0,,,,23,,Lost,,https://legalbet.ro/feedback/casa-pariurilor/,,,2024-06-22 05:12:45,
ponturi handbal,RO,Romania,Romanian,,false,false,false,true,true,true,,300,0,0.82,0,0,0,,13,8,5,,https://legalbet.ro/ponturi/sportul-handbal/,,https://legalbet.ro/ponturi/sportul-handbal/,2024-06-23 06:27:44,2026-06-17 01:58:57
meci uta,RO,Romania,Romanian,UTA Arad (Organization),true,false,false,true,false,false,"Video preview, Image pack",250,2,0.74,0,,,,27,,Lost,,https://legalbet.ro/centrul-de-pariere/echipe/uta-arad/,,,2024-06-24 04:47:55,
verificare bilet superbet cod,RO,Romania,Romanian,Superbet (Organization),true,false,false,true,false,false,"Sitelinks, Videos, Image pack",100,0,0.56,0,,,,23,,Lost,,https://legalbet.ro/scoala-pariurilor/superbet-verificare-bilet-online/,,,2024-06-12 23:45:27,
bonus superbet de ziua ta,RO,Romania,Romanian,Bonus de ziua ta (Event),true,false,false,true,true,false,"Image pack, Video preview",150,0,1.78,0,,,,25,,Lost,,https://legalbet.ro/bonus/sets/bonus-de-ziua-ta/,,,2024-06-14 08:04:23,
pokerstars casino ro,RO,Romania,Romanian,PokerStars (Organization),true,false,true,true,true,true,"Sitelinks, Video preview, Bottom ads, Paid sitelinks",350,35,0.70,0,,,,29,,Lost,,https://legalbet.ro/cazinouri/pokerstars/,,,2024-06-23 19:29:58,
unibet download,RO,Romania,English,Unibet (Organization),true,false,false,false,true,true,Video preview,90,4,2.56,0,,,,23,,Lost,,https://legalbet.ro/scoala-pariurilor/unibet-aplicatie-ghid-complet-pentru-pariuri-de-pe-mobil/,,,2024-06-15 14:19:44,
poziții slavia praga,RO,Romania,Romanian,SK Slavia Prague (Organization),true,false,false,true,false,false,"Image pack, Video preview",200,0,,0,,,,26,,Lost,,https://legalbet.ro/centrul-de-pariere/echipe/Sheriff/,,,2024-06-24 11:40:42,
uta arad–dinamo bukarest,RO,Romania,Romanian,"UTA Arad (Organization), Dinamo București (Organization)",true,false,false,true,false,false,"Video preview, Image pack",80,0,,0,,,,22,,Lost,,https://legalbet.ro/centrul-de-pariere/dinamo-bucuresti-uta-arad-18-05-2024/,,,2024-06-10 03:55:37,
magnum bet oferta,RO,Romania,Romanian,Magnum Bet (Organization),true,false,false,true,true,false,"Sitelinks, Image pack",150,0,0.84,0,,,,25,,Lost,,https://legalbet.ro/case-de-pariuri/magnumbet/,,,2024-06-09 00:09:17,
maxbet romania,RO,Romania,English,"Maxbet (Organization), Romania (Location)",true,false,false,true,true,false,"Image pack, Video preview",500,2,1.63,0,,,,30,,Lost,,https://legalbet.ro/feedback/maxbet/,,,2024-06-12 04:22:42,
poziții girona fc,RO,Romania,Romanian,Girona FC (Organization),true,false,false,true,false,false,"Knowledge panel, Video preview",700,1,,0,,,,32,,Lost,,https://legalbet.ro/centrul-de-pariere/echipe/real-betis/,,,2024-06-27 03:35:26,
descarca casa pariurilor,RO,Romania,Romanian,Casa Pariurilor (Organization),true,false,false,false,true,true,,80,0,1.83,0,,,,23,,Lost,,https://legalbet.ro/scoala-pariurilor/aplicatie-fortuna-ghid-complet-pentru-pariuri-de-pe-mobil/,,,2024-06-27 19:17:17,
verificare bilet fortuna,RO,Romania,Romanian,Fortuna (Organization),true,false,false,true,false,false,,7200,39,0.90,0,0,0,,18,6,12,,https://legalbet.ro/scoala-pariurilor/fortuna-bet-verificare-bilet-online/,,https://legalbet.ro/scoala-pariurilor/fortuna-bet-verificare-bilet-online/,2024-06-27 22:02:24,2026-06-16 02:54:16
super pariuri superbet,RO,Romania,Romanian,"Superbet (Organization), SuperPariuri (Product)",true,false,false,true,false,false,"Video preview, People also ask, Image pack",80,0,0.70,0,,,,22,,Lost,,https://legalbet.ro/scoala-pariurilor/primul-pariu-la-superbet/,,,2024-06-22 18:53:14,
40 rotiri gratuite superbet,RO,Romania,Romanian,Superbet (Organization),true,false,false,true,true,false,"Video preview, Bottom ads, Paid sitelinks",90,0,3.24,0,,,,23,,Lost,,https://legalbet.ro/bonus/superbet-200-rotiri-gratuite-40-lei-freebet-si-alte-bonusuri-world-cup/,,,2024-06-11 08:51:05,
rezultatul fcsb,RO,Romania,Romanian,FCSB (Organization),true,false,false,true,false,false,"Video preview, Image pack",100,7,,0,,,,24,,Lost,,https://legalbet.ro/centrul-de-pariere/fcsb-dinamo-bucuresti-22-07-2023/,,,2024-06-08 16:00:24,
franța ligue 1,RO,Romania,Romanian,"Ligue 1 (Event), France (Location)",true,false,false,true,false,false,"Sitelinks, Image pack, Video preview",5100,2,2.67,0,,,,41,,Lost,,https://legalbet.ro/centrul-de-pariere/country/fr/,,,2024-06-27 18:01:45,
meciuri din atlético madrid,RO,Romania,Romanian,Atlético Madrid (Organization),true,false,false,true,false,false,"Video preview, Image pack",150,2,,0,,,,25,,Lost,,https://legalbet.ro/centrul-de-pariere/echipe/atletico-madrid/,,,2024-06-24 12:31:34,
oferta pariuri sportive,RO,Romania,Romanian,,false,false,false,true,true,false,"Image pack, Video preview",150,51,0.92,0,,,,25,,Lost,,https://legalbet.ro/rating-oferta/,,,2024-06-07 09:46:07,
casino betano,RO,Romania,English,Betano (Organization),true,false,true,true,true,true,"Video preview, Image pack",450,13,1.55,0,,,,30,,Lost,,https://legalbet.ro/cazinouri/betano/,,,2024-06-11 12:51:07,
meciuri de tenis azi,RO,Romania,Romanian,,false,false,false,true,false,false,"Video preview, Image pack",200,7,,0,,,,27,,Lost,,https://legalbet.ro/centrul-de-pariere/astazi/,,,2024-06-26 16:15:33,
100 rotiri gratuite,RO,Romania,Romanian,,false,false,false,true,true,false,"Top ads, Paid sitelinks, Image pack",100,0,2.75,0,,,,24,,Lost,,https://legalbet.ro/bonus/manhattan-casino-250-rotiri-gratuite-la-slotul-the-dog-house/,,,2024-06-20 20:17:34,
magnum casino bonus fara depunere,RO,Romania,Romanian,Magnum Casino (Organization),true,false,false,true,true,false,"Featured snippet, Thumbnail, Sitelinks, Image pack, Bottom ads, Paid sitelinks",150,0,0.88,0,,,,26,,Lost,,https://legalbet.ro/bonus/,,,2024-06-26 00:35:36,
pariuri sportive polonia,RO,Romania,Romanian,Polonia Multi Loto (Work),true,false,false,true,true,false,"Thumbnail, Image pack, Video preview",100,4,0.37,0,,,,24,,Lost,,https://legalbet.ro/centrul-de-pariere/poland-austria-21-06-2024/,,,2024-06-20 20:01:04,
meciuri amicale europa,RO,Romania,Romanian,Europe (Location),false,false,false,true,false,false,Video preview,200,0,,0,,,,26,,Lost,,https://legalbet.ro/centrul-de-pariere/turnee/meciuri-amicale/,,,2024-06-19 08:11:56,
superbet rezultate fotbal azi,RO,Romania,Romanian,Superbet (Organization),true,false,false,true,true,true,Image pack,200,12,1.92,0,,,,27,,Lost,,https://legalbet.ro/centrul-de-pariere/maine/,,,2024-05-28 03:24:53,
meciuri manchester united,RO,Romania,Romanian,Manchester United (Organization),true,false,false,true,false,false,"Video preview, Image pack",90,2,0.08,0,,,,23,,Lost,,https://legalbet.ro/centrul-de-pariere/echipe/manchester-united/,,,2024-06-08 06:47:06,
cand joaca djokovic azi,RO,Romania,Romanian,Novak Djokovic (Person),false,false,false,true,false,false,Image pack,600,0,,0,,,,32,,Lost,,https://legalbet.ro/ponturi/novak-djokovic-vs-casper-ruud-pronosticuri-tenis-monte-carlo-marian/,,,2024-06-27 06:59:43,
ponturi azi,RO,Romania,Romanian,,false,false,false,true,false,false,,300,59,0.79,0,0,0,,13,9,4,,https://legalbet.ro/ponturi/ponturile-de-astazi/,,https://legalbet.ro/ponturi/,2024-06-23 08:59:03,2026-06-02 15:21:09
meciuri champions league,RO,Romania,Romanian,UEFA Champions League (Event),true,false,false,true,false,false,"Video preview, Image pack",500,9,0.49,0,,,,13,,Lost,,https://legalbet.ro/centrul-de-pariere/turnee/champions-league/,,,2024-06-27 12:43:24,
biletul zilei fotbal azi,RO,Romania,Romanian,Biletul Zilei (Organization),true,false,false,true,false,false,,100,63,0.45,0,0,0,,14,8,6,,https://legalbet.ro/biletul-zilei/,,https://legalbet.ro/biletul-zilei/,2024-06-10 10:56:18,2026-06-20 07:19:10
meci real,RO,Romania,Romanian,Real Madrid (Organization),true,false,false,true,false,false,"Top stories, Thumbnail, Video preview, Image pack",250,0,0.12,0,,,,28,,Lost,,https://legalbet.ro/centrul-de-pariere/echipe/real-madrid/,,,2024-06-14 09:54:45,
românia u21 vs. spania u21,RO,Romania,Romanian,"Romania U21 (Organization), Spain U21 (Organization)",false,false,false,true,false,false,"Video preview, Image pack",150,0,,0,,,,25,,Lost,,https://legalbet.ro/alegerea-editorului/romania-u21-vs-spania-u21-cote-la-pariuri-ponturi-si/,,,2024-06-24 21:08:12,
elite slots bonus fara depunere,RO,Romania,Romanian,"Elite Slots (Organization), Elite Slots bonus without deposit (Product)",true,false,false,true,true,true,"Image pack, Video preview, Bottom ads, Paid sitelinks",150,0,1.03,0,,,,26,,Lost,,https://legalbet.ro/cazinouri/elite-slots/,,,2024-06-15 00:30:47,
meciuri din lazio,RO,Romania,Romanian,Lazio (Organization),true,false,false,true,false,false,"Video preview, Image pack",150,0,,0,,,,25,,Lost,,https://legalbet.ro/centrul-de-pariere/echipe/latcio/,,,2024-06-23 02:30:25,
fcsb - rapid bucureşti,RO,Romania,Romanian,"FCSB (Organization), FC Rapid București (Organization)",true,true,false,true,false,false,"Video preview, Image pack",800,0,,0,,,,33,,Lost,,https://legalbet.ro/centrul-de-pariere/fcsb-rapid-bucuresti-20-04-2024/,,,2024-06-27 05:54:21,
agenti fortuna,RO,Romania,Romanian,The Lucky One (Work),true,false,false,true,true,true,Sitelinks,150,45,0.37,0,0,0,,26,3,23,,https://legalbet.ro/feedback/fortuna/,,https://legalbet.ro/feedback/fortuna/,2024-06-17 05:59:28,2026-06-20 01:42:44
dinamo bucurești - rapid bucureşti,RO,Romania,Romanian,"Dinamo București (Organization), Rapid București (Organization)",true,true,false,true,false,false,"Video preview, Image pack",80,0,,0,,,,23,,Lost,,https://legalbet.ro/centrul-de-pariere/dinamo-bucuresti-rapid-bucuresti-27-01-2024/,,,2024-06-27 09:55:05,
winmasters rotiri gratuite,RO,Romania,Romanian,Winmasters (Organization),true,false,false,true,true,false,"Image pack, Video preview",150,0,0.50,0,,,,26,,Lost,,https://legalbet.ro/bonus/winmasters-bonus-fara-depunere/,,,2024-06-08 07:09:17,
ac milan meciuri,RO,Romania,Romanian,AC Milan (Organization),true,false,false,true,false,false,"Video preview, Image pack",150,2,0.05,0,,,,25,,Lost,,https://legalbet.ro/centrul-de-pariere/echipe/milan/,,,2024-06-18 21:51:49,
888 poker download,RO,Romania,English,888poker (Product),true,false,false,false,false,true,Video preview,150,9,2.55,0,,,,26,,Lost,,https://legalbet.ro/scoala-pariurilor/aplicatie-888-poker/,,,2024-06-19 19:35:08,
betano com,RO,Romania,,Betano (Organization),true,false,true,true,true,false,"Top ads, Paid sitelinks, Sitelinks, Video preview, Bottom ads",300,14,1.45,0,,,,29,,Lost,,https://legalbet.ro/case-de-pariuri/betano/,,,2024-06-27 13:19:32,
hermannstadt - botoşani,RO,Romania,Romanian,"FC Hermannstadt (Organization), FC Botoșani (Organization)",true,false,false,true,false,false,"Thumbnail, Video preview, Image pack",250,0,,0,,,,28,,Lost,,https://legalbet.ro/centrul-de-pariere/afc-hermannstadt-botosani-20-04-2024/,,,2024-06-27 16:59:15,
poziții uta arad vs fc hermannstadt,RO,Romania,Romanian,"UTA Arad (Organization), FC Hermannstadt (Organization)",true,false,false,true,false,false,"Video preview, Image pack",100,1,,0,,,,24,,Lost,,https://legalbet.ro/centrul-de-pariere/echipe/uta-arad/,,,2024-06-23 06:37:18,
dinamo azi,RO,Romania,Romanian,Dinamo București (Organization),true,false,false,true,false,false,"Top stories, Thumbnail, Video preview, Image pack",150,19,,0,,,,21,,Lost,,https://legalbet.ro/centrul-de-pariere/echipe/dinamo-bucuresti/,,,2024-06-14 04:42:01,
la ce ora joaca romania,RO,Romania,Romanian,Romania (Location),false,false,false,true,false,false,"Top stories, Thumbnail, Videos, Image pack, Video preview",100,4,,0,,,,23,,Lost,,https://legalbet.ro/centrul-de-pariere/astazi/,,,2024-06-23 16:41:42,
superbet fotbal azi,RO,Romania,Romanian,Superbet (Organization),true,false,true,true,true,true,"Video preview, Image pack",250,3,2.78,0,,,,29,,Lost,,https://legalbet.ro/centrul-de-pariere/,,,2024-06-16 11:22:41,
luck casino bonus fara depunere,RO,Romania,Romanian,Luck Casino (Organization),true,false,false,true,true,false,,250,67,0.99,0,0,0,,44,28,16,,https://legalbet.ro/bonus/luck-casino-25-de-rotiri-gratuite-fara-rulaj-la-validarea-contului/,,https://legalbet.ro/bonus/luck-casino-pana-la-400-rotiri-gratuite-la-validare/,2024-06-09 10:48:53,2026-06-27 04:43:13
conti cazino cod bonus,RO,Romania,Romanian,Conti Cazino (Organization),true,false,false,true,true,false,"Image pack, Video preview",100,0,,0,,,,24,,Lost,,https://legalbet.ro/bonus/sets/conti-cazino/,,,2024-06-15 01:07:38,
meci dinamo craiova,RO,Romania,Romanian,"Dinamo București (Organization), Craiova (Location)",true,true,false,true,false,false,"Video preview, Image pack",100,0,0.21,0,,,,25,,Lost,,https://legalbet.ro/centrul-de-pariere/fc_craiova_1948-dinamo-bucuresti-20-04-2024/,,,2024-06-06 09:35:17,
frank casino ro,RO,Romania,Romanian,Frank Casino (Organization),true,false,false,true,true,false,Video preview,100,5,1.35,0,,,,25,,Lost,,https://legalbet.ro/feedback/frank-sport/,,,2024-06-27 05:49:46,
cod gets bet,RO,Romania,English,GetsBet (Organization),true,false,false,true,true,false,"Image pack, Video preview",150,0,0.74,0,,,,26,,Lost,,https://legalbet.ro/bonus/sets/gets-bet-casino/,,,2024-06-24 15:44:22,
craiova farul constanța,RO,Romania,Romanian,"Farul Constanța (Organization), Craiova (Location)",true,true,false,true,false,false,"Thumbnail, Video preview, Image pack",100,0,,0,,,,25,,Lost,,https://legalbet.ro/centrul-de-pariere/farul-fc_craiova_1948-27-01-2024/,,,2024-06-16 09:33:04,
cehia 1 liga clasament,RO,Romania,Romanian,"Czech First League (Event), Czech First League standings (Event)",true,false,false,true,false,false,Image pack,100,0,,0,,,,25,,Lost,,https://legalbet.ro/alegerea-editorului/cehia-vs-turcia-cehii-au-nevoie-de-victorie-turcii-sunt/,,,2024-06-26 07:18:05,
la ce oră joacă steaua,RO,Romania,Romanian,Steaua București (Organization),true,false,false,true,false,false,Video preview,150,1,,0,,,,26,,Lost,,https://legalbet.ro/centrul-de-pariere/astazi/,,,2024-06-07 15:27:36,
unibet.ro casino,RO,Romania,Romanian,Unibet.ro (Organization),true,false,true,true,true,true,"Sitelinks, Video preview, Image pack",250,32,,0,,,,28,,Lost,,https://legalbet.ro/cazinouri/unibet/,,,2024-06-20 03:14:46,
bonus cu depunere,RO,Romania,Romanian,,false,false,false,true,true,false,Image pack,100,9,5.94,0,,,,25,,Lost,,https://legalbet.ro/cazinouri/bonusuri/bonusuri-la-inregistrare/,,,2024-06-17 10:40:49,
bonus fara depunere 2022,RO,Romania,Romanian,,false,false,false,true,true,false,"Image pack, Bottom ads, Paid sitelinks",150,37,2.77,0,,,,26,,Lost,,https://legalbet.ro/cazinouri/bonusuri/bonusuri-fara-depunere/,,,2024-06-22 08:18:12,
petrolul poli iasi,RO,Romania,Romanian,"Petrolul Ploiești (Organization), Poli Iași (Organization), Iasi (Location)",true,true,false,true,false,false,"Video preview, Image pack",80,0,,0,,,,23,,Lost,,https://legalbet.ro/centrul-de-pariere/politehnica-iasi-petrolul-18-05-2024/,,,2024-06-11 19:26:16,
mozzartbet contact,RO,Romania,English,MozzartBet (Organization),true,false,false,true,false,false,"Image pack, Video preview",100,0,0.12,0,,,,24,,Lost,,https://legalbet.ro/complaints/mozzart/,,,2024-06-11 03:20:26,
program agentii superbet,RO,Romania,Romanian,"Superbet (Organization), Superbet Agencies (Location)",true,false,false,true,false,false,Image pack,150,0,0.41,0,,,,26,,Lost,,https://legalbet.ro/alegerea-editorului/superbet-program-sarbatori-de-iarna-2022-2023/,,,2024-06-08 10:10:20,
elit slot,RO,Romania,Romanian,Elite Slots (Organization),true,false,false,true,true,false,"Sitelinks, Video preview, Bottom ads, Paid sitelinks",100,0,1.20,0,,,,25,,Lost,,https://legalbet.ro/cazinouri/elite-slots/,,,2024-06-19 09:22:25,
vlad cazino autentificare,RO,Romania,Romanian,Vlad Cazino (Organization),true,false,true,false,false,false,"Video preview, Image pack",600,23,0.80,0,,,,32,,Lost,,https://legalbet.ro/bonus/vlad-cazino-bonus-de-bun-venit-de-1500-de-lei/,,,2024-06-10 13:49:39,
la ce oră joacă românia,RO,Romania,Romanian,Romania (Location),false,false,false,true,false,false,"Top stories, Thumbnail, Image pack, Video preview",2100,2,,0,,,,38,,Lost,,https://legalbet.ro/centrul-de-pariere/astazi/,,,2024-06-14 09:28:58,
super et,RO,Romania,Romanian,Superbet (Organization),true,false,false,true,true,false,"Top ads, Paid sitelinks, Sitelinks, Knowledge panel, Video preview",100,9,2.32,0,,,,23,,Lost,,https://legalbet.ro/feedback/superbet/,,,2024-06-14 02:49:04,
poziții fc petrolul ploiești,RO,Romania,Romanian,FC Petrolul Ploiești (Organization),true,false,false,true,false,false,"Image pack, Video preview",150,1,,0,,,,26,,Lost,,https://legalbet.ro/centrul-de-pariere/echipe/petrolul/,,,2024-06-24 18:05:04,
slot v,RO,Romania,Romanian,SlotV (Organization),true,false,false,true,true,false,"Sitelinks, Image pack, Video preview",500,0,1.25,0,,,,32,,Lost,,https://legalbet.ro/alegerea-editorului/cele-mai-tari-jocuri-de-la-slot-v-casino/,,,2024-06-18 03:27:51,
faru fcsb,RO,Romania,Romanian,"Farul Constanța (Organization), FCSB (Organization)",true,false,false,true,false,false,"Video preview, Image pack",200,0,0.28,0,,,,27,,Lost,,https://legalbet.ro/centrul-de-pariere/fcsb-farul-03-02-2024/,,,2024-06-26 19:32:16,
cont gets bet,RO,Romania,Romanian,GetsBet (Organization),true,false,true,true,true,true,"Image pack, Video preview",150,0,1.97,0,,,,26,,Lost,,https://legalbet.ro/scoala-pariurilor/casa-de-pariuri-gets-bet-depuneri-si-retrageri/,,,2024-06-13 15:51:07,
botoșani vs cfr cluj,RO,Romania,Romanian,"CFR Cluj (Organization), Botoșani (Location)",true,true,false,true,false,false,"Video preview, Image pack",150,0,,0,,,,26,,Lost,,https://legalbet.ro/centrul-de-pariere/botosani-cfr-kluj-21-01-2024/,,,2024-06-27 03:23:11,
super ber,RO,Romania,Romanian,Superbet (Organization),true,false,false,true,true,false,"Sitelinks, Knowledge panel, Video preview",80,11,1.50,0,,,,23,,Lost,,https://legalbet.ro/feedback/superbet/,,,2024-06-12 11:27:27,
bonus fara depunere maxbet,RO,Romania,Romanian,MaxBet (Organization),true,false,false,true,true,false,"Image pack, Bottom ads, Paid sitelinks",200,2,3.18,0,,,,27,,Lost,,https://legalbet.ro/centrul-de-pariere/argentina-canada-21-06-2024/,,,2024-06-19 09:55:22,
superbet meciuri azi,RO,Romania,Romanian,Superbet (Organization),true,false,true,true,true,true,"Video preview, Image pack",150,3,0.45,0,,,,26,,Lost,,https://legalbet.ro/centrul-de-pariere/maine/,,,2024-06-15 13:33:40,
pariuri excelbet,RO,Romania,Romanian,ExcelBet (Organization),true,false,false,true,true,false,Sitelinks,90,0,0.55,0,0,0,,39,5,34,,https://legalbet.ro/centrul-de-pariere/argentina-ecuador-10-06-2024/,,https://legalbet.ro/case-de-pariuri/excelbet/,2024-06-08 23:49:07,2026-05-20 20:03:11
superbet meciuri,RO,Romania,Romanian,Superbet (Organization),true,false,false,true,true,false,"Sitelinks, Video preview, Image pack",300,13,0.65,0,,,,29,,Lost,,https://legalbet.ro/alegerea-editorului/pariu-sansa-superbet/,,,2024-06-12 11:03:06,
winmaster bonus fara depunere,RO,Romania,Romanian,Winmasters (Organization),true,false,false,true,true,false,"Featured snippet, Thumbnail, Image pack, Video preview",150,0,0.23,0,,,,27,,Lost,,https://legalbet.ro/bonus/winmasters-bonus-fara-depunere/,,,2024-06-17 14:49:06,
rezultat u cluj,RO,Romania,Romanian,U Cluj (Organization),true,true,false,true,false,false,"Video preview, Image pack",150,1,,0,,,,27,,Lost,,https://legalbet.ro/centrul-de-pariere/ocelul-universitatea-cluj-20-04-2024/,,,2024-06-16 13:52:34,
gets bet pariuri fotbal,RO,Romania,Romanian,Get's Bet (Organization),true,false,true,true,true,true,"Image pack, Video preview",150,0,0.59,0,,,,26,,Lost,,https://legalbet.ro/case-de-pariuri/gets-bet/,,,2024-06-25 11:46:15,
meci cfr,RO,Romania,Romanian,CFR Cluj (Organization),true,false,false,true,false,false,"Video preview, Image pack",300,1,0.29,0,,,,26,,Lost,,https://legalbet.ro/centrul-de-pariere/echipe/cfr-kluj/,,,2024-06-26 00:46:53,
meci fotbal azi pro tv,RO,Romania,Romanian,Pro TV (Organization),true,false,false,true,false,false,"Top stories, Thumbnail, Video preview",15000,6,0.14,0,,,,47,,Lost,,https://legalbet.ro/centrul-de-pariere/astazi/,,,2024-06-27 18:51:42,
poziții aston villa vs tottenham,RO,Romania,Romanian,"Aston Villa F.C. (Organization), Tottenham Hotspur F.C. (Organization)",true,false,false,true,false,false,"Videos, Image pack",90,0,,0,,,,24,,Lost,,https://legalbet.ro/centrul-de-pariere/arsenal-aston-villa-13-04-2024/,,,2024-06-21 00:40:34,
roma vs torino,RO,Romania,Romanian,Roma vs Torino (Event),false,false,false,true,false,false,"Video preview, Image pack",90,0,,0,,,,24,,Lost,,https://legalbet.ro/ponturi/as-roma-vs-torino-ponturi-fotbal-serie-a-26-02-2024-nsavin/,,,2024-06-08 06:11:28,
fcsb faru,RO,Romania,Romanian,"FCSB (Organization), Farul Constanța (Organization)",true,false,false,true,true,true,"Video preview, Image pack",150,3,,0,,,,26,,Lost,,https://legalbet.ro/centrul-de-pariere/farul-fcsb-23-10-2021/,,,2024-06-26 01:40:50,
win2bet,RO,Romania,Romanian,Win2bet (Organization),true,false,false,true,true,false,Sitelinks,700,59,,,0,,,,4,New,,,,https://legalbet.ro/feedback/win2/,,2026-06-15 17:00:31
scor rapid craiova,RO,Romania,Romanian,"Rapid București (Organization), Craiova (Location)",true,true,false,true,false,false,"Video preview, Image pack",80,3,,0,,,,25,,Lost,,https://legalbet.ro/centrul-de-pariere/universitatea-craiova-rapid-bucuresti-04-03-2024/,,,2024-06-14 17:20:32,
fcsb vs uta,RO,Romania,Romanian,"FCSB (Organization), UTA Arad (Organization)",true,false,false,true,false,false,"Video preview, Image pack",150,0,0.40,0,,,,27,,Lost,,https://legalbet.ro/centrul-de-pariere/fcsb-uta-arad-22-01-2024/,,,2024-06-26 02:47:33,
csu craiova meciuri,RO,Romania,Romanian,Universitatea Craiova (Organization),true,false,false,true,false,false,Video preview,200,1,0.68,0,,,,25,,Lost,,https://legalbet.ro/centrul-de-pariere/echipe/universitatea-craiova/,,,2024-06-23 23:35:36,
ponturi bune fotbal,RO,Romania,Romanian,,false,false,false,true,false,false,,200,62,0.45,0,0,0,,13,6,7,,https://legalbet.ro/ponturi/,,https://legalbet.ro/ponturi/,2024-06-24 18:26:44,2026-06-08 04:50:53
statistici „u” cluj vs farul constanța,RO,Romania,Romanian,"FC Universitatea Cluj (Organization), Farul Constanța (Organization)",true,false,false,true,false,false,"Video preview, Image pack",100,0,,0,,,,26,,Lost,,https://legalbet.ro/centrul-de-pariere/farul-cfr-kluj-20-04-2024/,,,2024-06-19 10:41:36,
mozzart bonus fara depunere,RO,Romania,Romanian,Mozzart Bet (Organization),true,false,false,true,true,false,"Video preview, Image pack, Bottom ads, Paid sitelinks",200,0,0.97,0,,,,28,,Lost,,https://legalbet.ro/bonus/mozzart-casino-200-de-rotiri-gratuite-la-inregistrare/,,,2024-06-13 17:58:46,
casino princess,RO,Romania,English,Casino Princess (Product),true,false,false,true,false,false,"Sitelinks, Thumbnail, Image pack, Video preview",500,4,1.51,0,,,,32,,Lost,,https://legalbet.ro/cazinouri/princess-casino/,,,2024-06-18 12:23:04,
promotii betano,RO,Romania,Romanian,Betano (Organization),true,false,false,true,true,false,"Sitelinks, Image pack, Bottom ads, Paid sitelinks",200,7,2.09,0,,,,28,,Lost,,https://legalbet.ro/tag/betano-stiri-promotii-bonusuri/?page=2,,,2024-06-14 11:13:57,
meciuri din newcastle united,RO,Romania,Romanian,Newcastle United (Organization),true,false,false,true,false,false,"Video preview, Image pack",150,0,,0,,,,27,,Lost,,https://legalbet.ro/centrul-de-pariere/echipe/newcastle/,,,2024-06-08 03:53:42,
okto cash,RO,Romania,Romanian,OKTO.CASH (Product),true,false,false,true,false,false,"Sitelinks, Video preview",250,0,1.03,,0,,,,29,New,,,,https://legalbet.ro/cazinouri/sets/okto-cash/,,2026-06-09 17:23:18
cashpot 200 rotiri,RO,Romania,Romanian,CashPot (Organization),true,false,false,true,true,false,"Image pack, Video preview",200,0,0.71,0,,,,28,,Lost,,https://legalbet.ro/cazinouri/cashpot/,,,2024-06-26 09:03:46,
www.superbet.ro verificare bilet,RO,Romania,Romanian,Superbet (Organization),true,false,true,true,false,false,"Sitelinks, Video preview, Image pack",100,1,0.64,0,,,,25,,Lost,,https://legalbet.ro/complaints/superbet/,,,2024-06-26 10:07:04,
betano conectare,RO,Romania,Romanian,Betano (Organization),true,false,true,false,false,false,"Sitelinks, Video preview, Image pack",150,10,1.17,0,,,,27,,Lost,,https://legalbet.ro/feedback/betano/,,,2024-06-15 06:57:06,
admiral pariuri,RO,Romania,Romanian,AdmiralBet (Organization),true,false,false,true,true,false,"Top ads, Paid sitelinks, Sitelinks, Image pack",90,4,1.32,0,,,,24,,Lost,,https://legalbet.ro/case-de-pariuri/admiral/,,,2024-06-24 11:09:49,
888 rotiri gratuite,RO,Romania,Romanian,888 Casino (Organization),true,false,false,true,true,false,"Image pack, Video preview, Bottom ads, Paid sitelinks",250,0,1.97,0,,,,29,,Lost,,https://legalbet.ro/bonus/sets/888-casino/,,,2024-06-23 01:06:26,
genoa - empoli,RO,Romania,Romanian,"Genoa (Organization), Empoli (Organization)",true,false,false,true,false,false,"Video preview, Thumbnail",150,0,,0,,,,27,,Lost,,https://legalbet.ro/centrul-de-pariere/genoa-empoli-02-12-2023/,,,2024-06-25 18:47:22,
player casino online,RO,Romania,English,Player Casino (Organization),true,false,false,true,true,false,"Sitelinks, Video preview",100,1,4.67,0,,,,26,,Lost,,https://legalbet.ro/alegerea-editorului/cele-mai-noi-jocuri-de-la-player-casino/,,,2024-06-13 11:39:16,
meciuri din scottish premiership,RO,Romania,Romanian,Scottish Premiership (Event),true,false,false,true,false,false,Image pack,100,0,,0,,,,26,,Lost,,https://legalbet.ro/ponturi/sportul-fotbal/scottish-premiership/,,,2024-06-20 21:30:49,
cu cine joaca romania,RO,Romania,Romanian,Romania (Location),false,false,false,true,false,false,"Top stories, Thumbnail, Video preview, Image pack",200,3,0.17,0,,,,28,,Lost,,https://legalbet.ro/centrul-de-pariere/astazi/,,,2024-06-25 20:14:12,
conti bonus fara depunere,RO,Romania,Romanian,Conti Casino Bonus (Event),true,false,false,true,true,false,"Video preview, Image pack",200,0,0.98,0,,,,28,,Lost,,https://legalbet.ro/bonus/sets/conti-fara-depunere/,,,2024-06-09 10:37:50,
pe ce canal joaca romania,RO,Romania,Romanian,Romania (Location),false,false,false,true,false,false,"Video preview, Image pack",600,2,,0,,,,33,,Lost,,https://legalbet.ro/centrul-de-pariere/astazi/,,,2024-06-13 16:24:51,
cu cine joaca rapid azi,RO,Romania,Romanian,FC Rapid București (Organization),true,false,false,true,false,false,"Image pack, Video preview",450,14,0.45,0,,,,32,,Lost,,https://legalbet.ro/centrul-de-pariere/echipe/rapid-bucuresti/,,,2024-06-25 20:27:33,
fortuna agentie,RO,Romania,Romanian,"Fortuna (Organization), Fortuna Agency (Organization)",true,false,false,true,false,false,"Sitelinks, Local pack",90,41,0.38,0,0,0,,18,4,14,,https://legalbet.ro/feedback/fortuna/,,https://legalbet.ro/feedback/fortuna/,2024-06-22 16:56:27,2026-05-27 22:09:59
meci azi steaua,RO,Romania,Romanian,Steaua București (Organization),true,false,false,true,false,false,"Video preview, Image pack",150,11,0.13,0,,,,23,,Lost,,https://legalbet.ro/centrul-de-pariere/echipe/FCSB/,,,2024-06-26 15:27:37,
bonus aniversar superbet,RO,Romania,Romanian,"Superbet (Organization), Aniversar Bonus (Event)",true,false,false,true,true,false,"Image pack, Video preview",350,0,0.72,0,,,,31,,Lost,,https://legalbet.ro/bonus/sets/bonus-superbet/,,,2024-06-11 05:27:49,
real madrid meciuri,RO,Romania,Romanian,Real Madrid (Organization),true,false,false,true,false,false,"Knowledge panel, Video preview",500,2,0.07,0,,,,29,,Lost,,https://legalbet.ro/centrul-de-pariere/echipe/real-madrid/,,,2024-06-25 01:38:30,
blanuta,RO,Romania,Romanian,Vladislav Blănuță (Person),false,false,false,true,false,false,"Knowledge panel, Video preview, Thumbnail, Image pack",4200,0,,,0,,,,42,New,,,,https://legalbet.ro/stiri/62026041-274243-vladislav-blanuta-pleaca-de-la-dinamo-kiev-iar-fos/,,2026-06-17 19:02:05
uta arad vs. fcsb,RO,Romania,Romanian,"UTA Arad (Organization), FCSB (Organization)",true,false,false,true,false,false,"Video preview, Image pack",350,0,0.58,0,,,,31,,Lost,,https://legalbet.ro/centrul-de-pariere/fcsb-uta-arad-22-01-2024/,,,2024-06-23 12:14:20,
superbet jackpot,RO,Romania,English,Superbet (Organization),true,false,false,true,true,false,Video preview,150,4,2.28,0,,,,27,,Lost,,https://legalbet.ro/feedback/superbet/,,,2024-06-13 15:23:02,
oferte pariuri superbet,RO,Romania,Romanian,Superbet (Organization),true,false,false,true,true,false,"Sitelinks, Video preview, Image pack, Bottom ads, Paid sitelinks",100,13,0.42,0,,,,26,,Lost,,https://legalbet.ro/rating-bonus/,,,2024-06-25 21:48:32,
favbet cod promo,RO,Romania,Romanian,Favbet (Organization),true,false,false,true,true,true,"Image pack, Video preview",300,0,1.37,0,,,,30,,Lost,,https://legalbet.ro/bonus/sets/bonus-favbet/,,,2024-06-21 02:35:10,
gets bet cod bonus,RO,Romania,English,"GetsBet (Organization), cod bonus (Event)",true,false,false,true,true,true,"Featured snippet, Thumbnail, Image pack, Video preview",100,0,0.42,0,,,,26,,Lost,,https://legalbet.ro/bonus/sets/gets-bet-casino/,,,2024-06-21 06:31:36,
win2 bonus,RO,Romania,English,Win2 (Organization),true,false,false,true,true,false,"Image pack, Video preview",100,0,0.99,0,,,,26,,Lost,,https://legalbet.ro/feedback/win2/,,,2024-06-26 19:34:38,
program casa pariurilor azi,RO,Romania,Romanian,Casa Pariurilor (Organization),true,false,false,true,false,false,Video preview,80,1,0.31,0,,,,25,,Lost,,https://legalbet.ro/centrul-de-pariere/turnee/copa-america/,,,2024-06-08 05:51:22,
darius olaru,RO,Romania,Romanian,Darius Olaru (Person),false,false,false,true,false,false,"Top stories, Thumbnail, Video preview, Knowledge panel, Image pack",6700,0,,,0,,,,42,New,,,,https://legalbet.ro/stiri/62026090-265905-darius-olaru-poate-pleca-de-la-fcsb-gigi-becali-it/,,2026-06-17 18:16:48
magnum bet bonus fara depunere,RO,Romania,Romanian,Magnum Bet (Organization),true,false,false,true,true,false,,200,0,0.90,0,,,,29,,Lost,,https://legalbet.ro/cazinouri/magnum-casino/,,,2024-06-27 19:41:01,
casa pariurilor descarca,RO,Romania,Romanian,Casa Pariurilor (Organization),true,false,false,false,true,true,Video preview,100,1,1.27,0,,,,26,,Lost,,https://legalbet.ro/scoala-pariurilor/pariuri-de-pe-mobil-la-casa-pariurilor-pas-cu-pas-despre-instalarea-aplicatiei-de-android-apk-si-ios/,,,2024-06-17 16:51:31,
rezultat meci,RO,Romania,Romanian,,false,false,false,true,false,false,"Sitelinks, Video preview, Image pack",200,40,0.30,0,,,,28,,Lost,,https://legalbet.ro/centrul-de-pariere/fcsb-botosani-24-02-2024/,,,2024-06-13 20:30:14,
botoşani vs. dinamo bucurești,RO,Romania,Romanian,"Dinamo București (Organization), Botoșani (Location)",true,true,false,true,false,false,"Video preview, Image pack",200,0,,0,,,,28,,Lost,,https://legalbet.ro/centrul-de-pariere/botosani-dinamo-bucuresti-27-04-2024/,,,2024-06-23 04:46:26,
cont mozzart,RO,Romania,Romanian,Mozzart Bet (Organization),true,false,true,true,true,true,"Top ads, Paid sitelinks, Sitelinks, Image pack, Video preview, Bottom ads",200,2,2.00,0,,,,28,,Lost,,https://legalbet.ro/scoala-pariurilor/primul-pariu-la-mozzart-bet/,,,2024-06-07 00:38:20,
betano.com casino,RO,Romania,English,betano.com (Organization),true,false,true,true,true,true,"Sitelinks, Video preview, Image pack",300,12,1.22,0,,,,30,,Lost,,https://legalbet.ro/cazinouri/betano/,,,2024-06-09 09:06:28,
meci sepsi,RO,Romania,Romanian,Sepsi OSK (Organization),true,false,false,true,false,false,Video preview,90,3,0.01,0,,,,25,,Lost,,https://legalbet.ro/centrul-de-pariere/echipe/sepsi-osk-sfantu-gheorghe/,,,2024-06-26 14:59:53,
bonus depunere,RO,Romania,Romanian,,false,false,false,true,true,false,Image pack,200,11,6.09,0,,,,29,,Lost,,https://legalbet.ro/cazinouri/bonusuri/bonusuri-la-inregistrare/,,,2024-06-24 22:41:58,
cashpot bonus fara depunere,RO,Romania,Romanian,CashPot (Organization),true,false,false,true,true,false,"Video preview, Bottom ads, Paid sitelinks",1000,0,0.73,0,,,,36,,Lost,,https://legalbet.ro/cazinouri/cashpot/,,,2024-06-24 16:02:55,
pariuri sportive tenis,RO,Romania,Romanian,,false,false,true,false,true,true,"Top ads, Paid sitelinks, Top stories, Thumbnail, Video preview, Image pack, Bottom ads",90,7,0.51,0,,,,26,,Lost,,https://legalbet.ro/scoala-pariurilor/3-tipuri-de-pariuri-profitabile-pe-tenis/,,,2024-06-27 19:19:23,
fotbal dinamo azi,RO,Romania,Romanian,Dinamo București (Organization),true,false,false,true,false,false,"Image pack, Video preview",150,19,,0,,,,28,,Lost,,https://legalbet.ro/centrul-de-pariere/echipe/dinamo-bucuresti/,,,2024-06-20 13:16:17,
luck.ro,RO,Romania,,,false,false,true,false,true,false,"Sitelinks, Top stories, Image pack, Video preview, Bottom ads, Paid sitelinks",90,0,0.88,0,,,,3,,Lost,Top stories,https://legalbet.ro/cazinouri/luck-casino/,,,2024-06-25 09:32:35,
azi snooker,RO,Romania,Romanian,,false,false,false,true,false,false,Video preview,500,0,,0,,,,33,,Lost,,https://legalbet.ro/ponturi/sportul-snooker/,,,2024-06-27 10:20:25,
pariuri online,RO,Romania,Romanian,,false,false,false,true,true,true,,1100,77,7.78,0,0,0,,23,11,12,,https://legalbet.ro/case-de-pariuri-licentiate/,,https://legalbet.ro/case-de-pariuri-licentiate/,2024-06-27 04:29:27,2026-06-21 11:36:33
autoexcludere superbet,RO,Romania,Romanian,Superbet (Organization),true,false,false,true,false,false,"Featured snippet, Thumbnail, Video preview",150,0,1.21,0,,,,27,,Lost,,https://legalbet.ro/complaints/superbet/,,,2024-06-11 07:46:52,
seven,RO,Romania,English,,false,false,false,true,false,false,"Knowledge panel, Image pack",700,74,0.51,,0,,,,11,New,,,,https://legalbet.ro/cazinouri/seven-casino/,,2026-06-10 12:19:33
pariuri sportive telegram,RO,Romania,Romanian,Telegram (Organization),true,false,false,true,false,false,"Video preview, Image pack",100,0,0.77,0,,,,27,,Lost,,https://legalbet.ro/ponturi/slovenia-vs-danemarca-ponturi-la-pariuri-euro-2024-16062024-cristian-mihala/,,,2024-06-11 17:38:24,
casino in online,RO,Romania,English,,false,false,false,true,true,true,Image pack,150,50,9.24,0,,,,28,,Lost,,https://legalbet.ro/cazinouri/,,,2024-06-12 12:37:58,
chelsea meci,RO,Romania,Romanian,Chelsea (Organization),true,false,false,true,false,false,"Video preview, Image pack",150,0,,0,,,,27,,Lost,,https://legalbet.ro/centrul-de-pariere/echipe/chelsea/,,,2024-06-10 04:04:13,
gets bet oferta fotbal,RO,Romania,Romanian,Get's Bet (Organization),true,false,false,true,true,false,"Image pack, Video preview",200,0,0.92,0,,,,29,,Lost,,https://legalbet.ro/scoala-pariurilor/casa-de-pariuri-gets-bet-depuneri-si-retrageri/,,,2024-06-07 15:46:39,
voluntari - sepsi,RO,Romania,Romanian,"FC Voluntari (Organization), Sepsi OSK Sf. Gheorghe (Organization)",true,false,false,true,false,false,Video preview,200,2,,,0,,,,29,New,,,,https://legalbet.ro/stiri/dioszegi-devastat-dupa-esecul-cu-voluntari-sepsi-joaca/,,2026-06-22 13:06:33
roma - milan,RO,Romania,Romanian,"AS Roma (Organization), AC Milan (Organization)",true,false,false,true,false,false,"Video preview, Thumbnail, Image pack",300,1,,0,,,,31,,Lost,,https://legalbet.ro/centrul-de-pariere/roma-milan-18-04-2024/,,,2024-06-27 16:33:43,
gestbet,RO,Romania,Romanian,Gestbet (Person),false,false,false,true,false,false,Sitelinks,150,41,0.91,0,0,0,,10,3,7,,https://legalbet.ro/feedback/gets-bet/,,https://legalbet.ro/feedback/gets-bet/,2024-06-26 13:19:44,2026-06-21 20:03:30
casapariurilor bonus,RO,Romania,Romanian,Casa Pariurilor (Organization),true,false,false,true,true,false,"Video preview, Image pack",100,3,2.37,0,,,,26,,Lost,,https://legalbet.ro/bonus/casa-pariurilor-casino-pn-la-2-100-de-lei-si-500-rotiri-bonus-de-bun-venit/,,,2024-06-10 05:30:36,
107 rotiri seven casino,RO,Romania,Romanian,Seven Casino (Organization),true,false,false,true,true,false,,400,0,1.13,0,,,,32,,Lost,,https://legalbet.ro/bonus/107-freespins-winner-casino/,,,2024-06-18 23:50:08,
ce inseamna 2+ la pariuri,RO,Romania,Romanian,,false,false,false,true,false,false,People also ask,90,0,0.40,0,,,,25,,Lost,,https://legalbet.ro/scoala-pariurilor/pariuri-1x2/,,,2024-06-23 08:06:33,
botosani meci,RO,Romania,Romanian,FC Botoșani (Organization),true,true,false,true,false,false,"Video preview, Image pack",400,0,16.69,0,,,,32,,Lost,,https://legalbet.ro/centrul-de-pariere/echipe/botosani/,,,2024-05-28 00:51:46,
game world 127 rotiri,RO,Romania,Romanian,Game World Casino (Organization),true,false,false,true,true,false,"Video preview, Image pack",90,0,0.71,0,,,,28,,Lost,,https://legalbet.ro/centrul-de-pariere/spain-andorra-05-06-2024/,,,2024-06-11 14:31:32,
publicwin.ro,RO,Romania,,PublicWin (Organization),true,false,true,true,false,false,,200,43,0.89,0,0,0,,7,3,4,,https://legalbet.ro/feedback/publicwin/,,https://legalbet.ro/feedback/publicwin/,2024-06-11 00:45:02,2026-06-10 11:42:05
meci psg,RO,Romania,Romanian,Paris Saint-Germain (Organization),true,false,false,true,false,false,"Video preview, Image pack",100,4,0.07,0,,,,27,,Lost,,https://legalbet.ro/centrul-de-pariere/paris-saint-germain-barcelona-10-04-2024/,,,2024-06-22 01:47:26,
agentie betano,RO,Romania,Romanian,Betano (Organization),true,false,false,true,true,false,"Featured snippet, Thumbnail, Sitelinks, Image pack, Bottom ads, Paid sitelinks",100,6,1.54,0,,,,27,,Lost,,https://legalbet.ro/complaints/betano/,,,2024-06-27 11:01:22,
bonusuri superbet,RO,Romania,Romanian,Superbet (Organization),true,false,false,true,true,false,"Video preview, Image pack",200,4,5.25,0,,,,29,,Lost,,https://legalbet.ro/bonus/sets/bonus-superbet/,,,2024-06-26 13:25:48,
200 de rotiri gratuite,RO,Romania,Romanian,,false,false,false,true,true,false,"Image pack, Video preview, Bottom ads, Paid sitelinks",100,0,3.48,0,,,,27,,Lost,,https://legalbet.ro/bonus/netbet-casino-200-de-rotiri-gratuite-si-o-speciala-de-50-de-lei/,,,2024-06-26 12:47:08,
city real madrid,RO,Romania,English,Real Madrid (Organization),true,false,false,true,false,false,Video preview,150,1,0.13,0,,,,28,,Lost,,https://legalbet.ro/centrul-de-pariere/manchester-city-real-madrid-16-04-2024/,,,2024-06-23 14:54:00,
iasi sepsi,RO,Romania,Romanian,"Sepsi OSK (Organization), Iași (Location)",true,true,false,true,false,false,"Video preview, Image pack",200,0,,0,,,,29,,Lost,,https://legalbet.ro/centrul-de-pariere/sepsi-osk-sfantu-gheorghe-politehnica-iasi-19-01-2024/,,,2024-06-12 07:21:48,
biletul zilei cota 2,RO,Romania,Romanian,Cota 2 (Product),true,false,false,true,false,false,"Video preview, Image pack",100,12,0.21,0,,,,14,,Lost,,https://legalbet.ro/ponturi/cota-2/,,,2024-06-13 04:56:02,
meciuri din man city,RO,Romania,Romanian,Manchester City (Organization),true,false,false,true,false,false,"Video preview, Image pack",300,5,,0,,,,31,,Lost,,https://legalbet.ro/centrul-de-pariere/manchester-city-inter-10-06-2023-final/,,,2024-06-22 12:49:13,
al ettifaq - al-hilal,RO,Romania,,"Al-Ettifaq (Organization), Al-Hilal (Organization)",true,false,false,true,false,false,"Thumbnail, Video preview, Image pack",100,0,,0,,,,26,,Lost,,https://legalbet.ro/centrul-de-pariere/al-ettifaq-al-hilal-22-02-2024/,,,2024-06-13 03:54:59,
jackpot superbet,RO,Romania,English,Superbet (Organization),true,false,false,true,true,false,Video preview,200,4,2.28,0,,,,29,,Lost,,https://legalbet.ro/feedback/superbet/,,,2024-06-11 18:50:00,
fotbal gets bet,RO,Romania,Romanian,Get's Bet (Organization),true,false,false,true,true,false,"Sitelinks, Image pack, Video preview",300,0,0.57,0,,,,32,,Lost,,https://legalbet.ro/feedback/gets-bet/,,,2024-06-23 13:05:06,
fotbal real madrid barcelona,RO,Romania,Romanian,"Real Madrid (Organization), FC Barcelona (Organization)",true,false,false,true,false,false,"Video preview, Image pack",80,0,,0,,,,25,,Lost,,https://legalbet.ro/centrul-de-pariere/real-madrid-barcelona-21-04-2024/,,,2024-06-21 14:26:17,
goluri asiatice,RO,Romania,Romanian,,false,false,false,true,false,false,"Image pack, Video preview",450,0,0.52,0,,,,34,,Lost,,https://legalbet.ro/alegerea-editorului/liniile-asiatice-la-fotbal-pe-intelesul-tuturor/,,,2024-06-24 04:21:35,
meci craiova fcsb,RO,Romania,Romanian,"FCSB (Organization), Craiova (Location)",true,true,false,true,false,false,"Video preview, Image pack",150,1,,0,,,,28,,Lost,,https://legalbet.ro/centrul-de-pariere/universitatea-craiova-fcsb-11-05-2024/,,,2024-06-08 10:18:41,
meciuri fcsb vs farul constanța,RO,Romania,Romanian,"FCSB (Organization), Farul Constanța (Organization), Constanța (Location)",true,true,false,true,false,false,"Video preview, Image pack",100,0,,0,,,,27,,Lost,,https://legalbet.ro/centrul-de-pariere/fcsb-farul-03-02-2024/,,,2024-06-22 01:18:31,
meci rapid,RO,Romania,Romanian,Rapid (Organization),true,false,false,true,false,false,"Video preview, Image pack",5700,4,0.12,0,,,,42,,Lost,,https://legalbet.ro/centrul-de-pariere/echipe/rapid-bucuresti/,,,2024-06-27 18:23:32,
poli iasi meci azi,RO,Romania,Romanian,Poli Iași (Organization),true,true,false,true,false,false,"Video preview, Image pack",150,3,0.53,0,,,,29,,Lost,,https://legalbet.ro/centrul-de-pariere/politehnica-iasi-rapid-bucuresti-24-02-2024/,,,2024-06-27 03:10:30,
atlético madrid–real sociedad,RO,Romania,Spanish,"Atlético Madrid (Organization), Real Sociedad (Organization)",true,false,false,true,false,false,"Video preview, Image pack",200,0,,0,,,,29,,Lost,,https://legalbet.ro/centrul-de-pariere/real-sociedad-atletico-madrid-26-05-2024/,,,2024-06-15 17:18:48,
lyon - psg,RO,Romania,Romanian,"Lyon (Organization), Paris Saint-Germain (Organization)",true,false,false,true,false,false,"Video preview, Image pack",90,0,,0,,,,26,,Lost,,https://legalbet.ro/centrul-de-pariere/lyon-paris-saint-germain-25-05-2024/,,,2024-06-22 09:41:32,
bonusuri cazino,RO,Romania,Romanian,,false,false,false,true,true,false,Image pack,100,33,5.54,0,,,,27,,Lost,,https://legalbet.ro/cazinouri/bonusuri/,,,2024-06-10 07:49:39,
mozzart bet bonus fara depunere,RO,Romania,Romanian,Mozzart Bet (Organization),true,false,false,true,true,false,"Featured snippet, Thumbnail, Image pack, Video preview, Bottom ads, Paid sitelinks",100,1,1.11,0,,,,27,,Lost,,https://legalbet.ro/bonus/mozzart-casino-deschizi-cont-si-iei-50-de-rotiri-gratuite/,,,2024-06-09 07:31:30,
csu dinamo,RO,Romania,Romanian,"CSU (Organization), Dinamo Bucuresti (Organization)",true,false,false,true,false,false,"Video preview, Image pack",200,0,,0,,,,29,,Lost,,https://legalbet.ro/centrul-de-pariere/fc_craiova_1948-dinamo-bucuresti-20-04-2024/,,,2024-06-09 07:00:18,
cod promo favbet,RO,Romania,Romanian,Favbet (Organization),true,false,false,true,true,true,"Video preview, Image pack",250,0,2.59,0,,,,31,,Lost,,https://legalbet.ro/bonus/sets/bonus-favbet/,,,2024-06-21 10:34:22,
meciuri cfr cluj vs rapid bucureşti,RO,Romania,Romanian,"CFR Cluj (Organization), Rapid București (Organization)",true,false,false,true,false,false,"Video preview, Image pack",150,0,,0,,,,29,,Lost,,https://legalbet.ro/centrul-de-pariere/cfr-kluj-rapid-bucuresti-10-02-2024/,,,2024-06-12 12:42:46,
u cluj azi,RO,Romania,Romanian,U Cluj (Organization),true,false,false,true,false,false,"Video preview, Image pack",100,8,,0,,,,27,,Lost,,https://legalbet.ro/centrul-de-pariere/echipe/universitatea-cluj/,,,2024-06-20 01:07:06,
verificat bilet superbet,RO,Romania,Romanian,Superbet (Organization),true,false,false,true,false,false,"Video preview, Image pack",150,0,1.44,0,,,,28,,Lost,,https://legalbet.ro/scoala-pariurilor/superbet-verificare-bilet-online/,,,2024-06-08 16:12:16,
azi fotbal liga 1,RO,Romania,Romanian,Liga 1 (Event),true,false,false,true,false,false,"Image pack, Video preview",100,24,,0,,,,27,,Lost,,https://legalbet.ro/centrul-de-pariere/turnee/liga-i/,,,2024-06-08 15:43:39,
casa pariurilor craiova,RO,Romania,Romanian,"Casa Pariurilor (Organization), Craiova (Location)",true,true,false,true,false,false,"Local pack, Video preview, Image pack",80,0,0.49,0,,,,27,,Lost,,https://legalbet.ro/centrul-de-pariere/echipe/universitatea-craiova/,,,2024-06-24 02:18:40,
oțelul vs. dinamo bucurești,RO,Romania,Romanian,"Oțelul Galați (Organization), Dinamo Bucharest (Organization)",true,false,false,true,false,false,"Video preview, Image pack",150,0,,0,,,,28,,Lost,,https://legalbet.ro/centrul-de-pariere/ocelul-dinamo-bucuresti-06-04-2024/,,,2024-06-25 10:21:35,
napoli meci,RO,Romania,Romanian,Napoli (Organization),true,false,false,true,false,false,"Video preview, Image pack",200,1,,0,,,,30,,Lost,,https://legalbet.ro/centrul-de-pariere/echipe/napoli/,,,2024-06-26 23:52:11,
magic casino online,RO,Romania,English,Magic Casino (Organization),true,false,false,true,true,false,,150,2,5.74,0,,,,29,,Lost,,https://legalbet.ro/cazinouri/magic-jackpot/,,,2024-06-25 01:52:33,
program fotbal liga 1,RO,Romania,Romanian,Liga 1 (Event),true,false,false,true,false,false,"Video preview, Image pack",200,23,1.32,0,,,,26,,Lost,,https://legalbet.ro/centrul-de-pariere/turnee/liga-i/,,,2024-06-09 02:03:25,
shabab iasi,RO,Romania,Romanian,Shabab (Organization),true,true,false,true,true,false,"Thumbnail, Video preview",800,0,,0,,,,36,,Lost,,https://legalbet.ro/centrul-de-pariere/politehnica-iasi-fc_craiova_1948-06-04-2024/,,,2024-06-18 07:11:46,
meciurile zilei,RO,Romania,Romanian,,false,false,false,true,false,false,Sitelinks,200,62,0.05,1,0,-1,,4,5,-1,,https://legalbet.ro/centrul-de-pariere/astazi/,,https://legalbet.ro/centrul-de-pariere/astazi/,2024-06-12 16:06:35,2026-05-30 09:13:13
când joacă sorana cîrstea,RO,Romania,Romanian,Sorana Cîrstea (Person),false,false,false,true,false,false,"Image pack, Video preview",150,1,,0,,,,29,,Lost,,https://legalbet.ro/alegerea-editorului/sorana-cirstea-iga-swiatek-in-sferturi-la-indian-wells/,,,2024-06-12 09:01:49,
indianul. com,RO,Romania,,Indianul.com (Organization),true,false,true,true,false,false,Sitelinks,200,3,,0,,,,30,,Lost,,https://legalbet.ro/ponturi/luciano-darderi-vs-sumit-nagal-pronosticuri-tenis-perugia-open-marian/,,,2024-06-17 07:09:33,
voucher superbet,RO,Romania,Romanian,Superbet (Organization),true,false,false,true,true,false,Video preview,2300,0,0.99,0,,,,41,,Lost,,https://legalbet.ro/complaints/superbet/,,,2024-06-24 20:21:15,
cine transmite cfr cluj azi,RO,Romania,Romanian,CFR Cluj (Organization),true,false,false,true,false,false,Video preview,200,0,,0,,,,30,,Lost,,https://legalbet.ro/centrul-de-pariere/echipe/cfr-kluj/,,,2024-06-24 06:32:52,
winner casino online,RO,Romania,English,Winner Casino (Organization),true,false,true,true,true,true,,100,1,1.45,0,,,,27,,Lost,,https://legalbet.ro/cazinouri/winner/,,,2024-06-12 00:39:02,
fotbal azi liga 1,RO,Romania,Romanian,Liga 1 (Event),true,false,false,true,false,false,"Image pack, Video preview",250,20,0.07,0,,,,31,,Lost,,https://legalbet.ro/centrul-de-pariere/turnee/liga-i/,,,2024-06-27 20:42:06,
fotbal azi fcsb,RO,Romania,Romanian,FCSB (Organization),true,false,false,true,false,false,"Video preview, Image pack",150,16,,0,,,,29,,Lost,,https://legalbet.ro/centrul-de-pariere/echipe/FCSB/,,,2024-06-08 08:18:26,
rezultat liverpool,RO,Romania,Romanian,Liverpool FC (Organization),true,false,false,true,false,false,"Video preview, Image pack",90,3,,0,,,,27,,Lost,,https://legalbet.ro/centrul-de-pariere/liverpool-wolverhampton-wanderers-19-05-2024/,,,2024-06-12 18:01:25,
juventus meci,RO,Romania,Romanian,Juventus (Organization),true,false,false,true,false,false,"Video preview, Image pack",100,0,,0,,,,27,,Lost,,https://legalbet.ro/centrul-de-pariere/echipe/juventus/,,,2024-06-22 12:56:42,
liste poli iași vs sepsi,RO,Romania,Romanian,"Poli Iași (Organization), Sepsi (Organization)",true,true,false,true,false,false,"Image pack, Video preview",200,1,,0,,,,30,,Lost,,https://legalbet.ro/centrul-de-pariere/politehnica-iasi-rapid-bucuresti-24-02-2024/,,,2024-06-15 02:23:48,
superbet relatii clienti,RO,Romania,Romanian,Superbet (Organization),true,false,false,true,false,false,Image pack,100,1,1.01,0,,,,28,,Lost,,https://legalbet.ro/scoala-pariurilor/primul-pariu-la-superbet/,,,2024-06-23 06:49:52,
rapid dinamo,RO,Romania,Romanian,"FC Rapid București (Organization), Dinamo (Organization)",true,false,false,true,false,false,Video preview,100,0,1.78,0,,,,25,,Lost,,https://legalbet.ro/centrul-de-pariere/dinamo-bucuresti-rapid-bucuresti-27-01-2024/,,,2024-06-27 15:02:42,
meciuri tottenham,RO,Romania,Romanian,Tottenham Hotspur (Organization),true,false,false,true,false,false,"Video preview, Image pack",90,2,,0,,,,27,,Lost,,https://legalbet.ro/centrul-de-pariere/echipe/tottenham-hotspur/,,,2024-06-15 02:44:18,
cfr ucluj,RO,Romania,Romanian,"CFR Cluj (Organization), Universitatea Cluj (Organization)",true,false,false,true,false,false,"Video preview, Image pack",90,0,1.05,0,,,,27,,Lost,,https://legalbet.ro/centrul-de-pariere/cfr-kluj-universitatea-cluj-20-12-2023/,,,2024-06-08 07:15:41,
pariuri sportive oferta,RO,Romania,Romanian,,false,false,false,true,true,true,"Image pack, Video preview",80,50,1.12,0,,,,26,,Lost,,https://legalbet.ro/rating-oferta/,,,2024-06-14 03:53:25,
al nassr–al-ahli,RO,Romania,,"Al-Nassr (Organization), Al-Ahli (Organization)",true,false,false,true,false,false,"Video preview, Image pack",90,0,,0,,,,27,,Lost,,https://legalbet.ro/centrul-de-pariere/al-nassr-al-ahli-jeddah-21-09-2023-1/,,,2024-03-29 03:33:48,
liste oțelul galați vs poli iași,RO,Romania,Romanian,"Oțelul Galați (Organization), Poli Iași (Organization)",true,true,false,true,false,false,Image pack,200,1,,0,,,,30,,Lost,,https://legalbet.ro/centrul-de-pariere/politehnica-iasi-rapid-bucuresti-24-02-2024/,,,2024-06-11 22:42:39,
gameworld rotiri gratuite,RO,Romania,Romanian,Game World Casino (Organization),true,false,false,true,true,false,Video preview,150,0,1.05,0,,,,29,,Lost,,https://legalbet.ro/bonus/game-world-casino-100-de-rotiri-gratuite-la-verificarea-identitatii/,,,2024-06-18 11:34:02,
pariuri fotbal azi,RO,Romania,Romanian,,false,false,false,true,true,true,"Video preview, Image pack",200,32,0.56,0,,,,31,,Lost,,https://legalbet.ro/ponturi/sportul-fotbal/,,,2024-06-21 17:46:01,
csu craiova telekom,RO,Romania,Romanian,"Universitatea Craiova (Organization), Telekom Sport (Organization)",true,false,false,true,false,false,,80,5,,0,,,,27,,Lost,,https://legalbet.ro/centrul-de-pariere/universitatea-craiova-politehnica-iasi-16-12-2023/,,,2024-06-25 23:50:30,
fotbal24 live,RO,Romania,Romanian,Futbol24 (Organization),true,false,false,true,false,false,"Sitelinks, Video preview",150,8,1.52,0,,,,29,,Lost,,https://legalbet.ro/ponturi/sportul-fotbal/uefa-euro/,,,2024-06-13 19:46:19,
superbet jocuri gratis,RO,Romania,Romanian,Superbet (Organization),true,false,false,true,true,false,"Sitelinks, Video preview",450,0,0.67,0,,,,34,,Lost,,https://legalbet.ro/cazinouri/superbet/,,,2024-06-18 15:11:18,
meciuri din cupa mondială,RO,Romania,Romanian,World Cup (Event),false,false,false,true,false,false,"Videos, Video preview, Image pack",1000,2,,0,,,,38,,Lost,,https://legalbet.ro/centrul-de-pariere/astazi/,,,2024-06-24 21:26:35,
excelbet 111 rotiri gratuite,RO,Romania,Romanian,ExcelBet (Organization),true,false,false,true,true,false,Image pack,150,0,1.01,0,,,,31,,Lost,,https://legalbet.ro/bonus/player-bonus-suplimentar-de-30-de-lei-free-bet-sau-111-rotiri-gratuite/,,,2024-06-15 03:03:01,
meciuri din csu craiova,RO,Romania,Romanian,"CS Universitatea Craiova (Organization), Craiova (Location)",true,true,false,true,false,false,"Video preview, Image pack",600,3,7.22,0,,,,36,,Lost,,https://legalbet.ro/centrul-de-pariere/universitatea-craiova-fcsb-11-05-2024/,,,2024-06-27 20:03:52,
betstars,RO,Romania,Romanian,BetStars (Organization),true,false,false,true,true,false,"Image pack, Video preview",400,0,1.96,0,,,,4,,Lost,,https://legalbet.ro/case-de-pariuri/betstars/,,,2024-06-06 09:30:54,
bonus instant fara depunere,RO,Romania,Romanian,,false,false,false,true,true,false,Image pack,100,38,3.34,0,,,,28,,Lost,,https://legalbet.ro/cazinouri/bonusuri/bonusuri-fara-depunere/,,,2024-06-22 04:33:39,
fcu craiova meciuri,RO,Romania,Romanian,FC U Craiova 1948 (Organization),true,true,false,true,false,false,"Video preview, Image pack",150,3,,0,,,,29,,Lost,,https://legalbet.ro/centrul-de-pariere/echipe/fc_craiova_1948/,,,2024-06-24 07:32:33,
superbet creare cont,RO,Romania,Romanian,Superbet (Organization),true,false,true,false,true,true,"Sitelinks, Video preview, Image pack",90,7,5.41,0,,,,27,,Lost,,https://legalbet.ro/scoala-pariurilor/primul-pariu-la-superbet/,,,2024-06-21 00:41:19,
12xbet,RO,Romania,,12xBet (Organization),true,false,false,true,true,true,Sitelinks,350,0,0.42,,0,,,,4,New,,,,https://legalbet.ro/cazinouri/12xbet-casino/,,2026-06-21 16:59:08
meciuri tenis azi,RO,Romania,Romanian,,false,false,false,true,false,false,"Video preview, Image pack",350,9,,0,,,,34,,Lost,,https://legalbet.ro/ponturi/sportul-tenis/,,,2024-06-23 00:16:15,
fotbal liga 1 azi,RO,Romania,Romanian,Liga 1 (Event),true,false,false,true,false,false,Video preview,150,31,0.46,0,,,,29,,Lost,,https://legalbet.ro/centrul-de-pariere/turnee/liga-i/,,,2024-06-27 21:57:44,
fortuna verificare,RO,Romania,Romanian,Fortuna (Organization),true,false,false,true,false,false,Video preview,150,26,0.92,0,0,0,,21,4,17,,https://legalbet.ro/scoala-pariurilor/fortuna-bet-verificare-bilet-online/,,https://legalbet.ro/scoala-pariurilor/fortuna-bet-verificare-bilet-online/,2024-06-24 10:30:59,2026-05-28 17:24:58
rotiri gratuite unibet,RO,Romania,Romanian,Unibet (Organization),true,false,false,true,true,false,Image pack,80,0,2.43,0,,,,27,,Lost,,https://legalbet.ro/cazinouri/unibet/,,,2024-06-09 01:51:05,
excelent bet,RO,Romania,Romanian,ExcelBet (Organization),true,false,false,true,true,false,Sitelinks,400,0,0.74,0,0,0,,58,4,54,,https://legalbet.ro/complaints/excelbet/,,https://legalbet.ro/bonus/sets/excelbet-fara-depunere/,2024-05-27 11:51:14,2026-05-21 11:46:51
meciuri csu craiova,RO,Romania,Romanian,"Universitatea Craiova (Organization), Craiova (Location)",true,true,false,true,false,false,"Video preview, Image pack",100,1,,0,,,,28,,Lost,,https://legalbet.ro/centrul-de-pariere/universitatea-craiova-fcsb-11-05-2024/,,,2024-06-09 20:12:15,
wfl 10/20,RO,Romania,Romanian,Win for Life 10/20 (Event),true,false,false,true,false,false,Thumbnail,1500,0,0.49,0,,,,40,,Lost,,https://legalbet.ro/alegerea-editorului/loteria-win-for-life-1020-te-asteapta-cu-extrageri/,,,2024-06-22 08:14:25,
cazino vlad,RO,Romania,Romanian,Vlad Cazino (Organization),true,false,true,true,true,true,"Sitelinks, Thumbnail, Video preview, Image pack",150,5,2.73,0,,,,29,,Lost,,https://legalbet.ro/cazinouri/vlad-cazino/,,,2024-06-17 02:06:30,
cod bonus getsbet,RO,Romania,Romanian,GetsBet (Organization),true,false,false,true,true,false,"Video preview, Image pack",200,0,0.97,0,,,,31,,Lost,,https://legalbet.ro/bonus/sets/gets-bet-casino/,,,2024-06-11 19:20:13,
betano romania casino,RO,Romania,English,"Betano (Organization), Romania (Location)",true,false,false,true,true,false,"Sitelinks, Video preview, Bottom ads",150,12,2.13,0,,,,30,,Lost,,https://legalbet.ro/feedback/betano/,,,2024-06-20 16:06:38,
contact unibet,RO,Romania,English,Unibet (Organization),true,false,false,true,false,false,Image pack,100,0,1.05,0,,,,29,,Lost,,https://legalbet.ro/feedback/unibet/,,,2024-06-22 03:12:28,
live superbet,RO,Romania,English,Superbet (Organization),true,false,true,false,true,true,"Sitelinks, Video preview, Image pack",150,30,0.81,0,,,,30,,Lost,,https://legalbet.ro/feedback/superbet/,,,2024-06-21 03:02:50,
oferta superbet de azi,RO,Romania,Romanian,Superbet (Organization),true,false,false,true,true,false,"Video preview, Image pack",150,1,0.47,0,,,,30,,Lost,,https://legalbet.ro/centrul-de-pariere/maine/,,,2024-06-26 15:30:23,
meciuri din ligue 1,RO,Romania,Romanian,Ligue 1 (Event),true,false,false,true,false,false,"Video preview, Image pack",500,5,0.42,0,,,,35,,Lost,,https://legalbet.ro/centrul-de-pariere/turnee/ligue-1/,,,2024-06-27 01:15:06,
maxbet 350 rotiri,RO,Romania,Romanian,MaxBet (Organization),true,false,false,true,true,false,"Video preview, Image pack, Bottom ads",500,0,0.63,0,,,,35,,Lost,,https://legalbet.ro/bonus/maxbet-cazino-350-de-rotiri-gratuite-la-verificarea-contului/,,,2024-06-25 21:27:49,
sepsi cfr cluj,RO,Romania,Romanian,"Sepsi (Organization), CFR Cluj (Organization)",true,false,false,true,false,false,"Video preview, Image pack",300,2,,0,,,,31,,Lost,,https://legalbet.ro/centrul-de-pariere/sepsi-osk-sfantu-gheorghe-cfr-kluj-30-03-2024/,,,2024-06-23 14:48:07,
meci u cluj azi,RO,Romania,Romanian,FC Universitatea Cluj (Organization),true,false,false,true,false,false,"Video preview, Image pack",200,5,,0,,,,31,,Lost,,https://legalbet.ro/centrul-de-pariere/echipe/universitatea-cluj/,,,2024-06-15 11:51:33,
bonus betano fara depunere,RO,Romania,Romanian,Betano no deposit bonus (Event),true,false,false,true,true,false,"Image pack, Video preview",150,3,1.23,0,,,,30,,Lost,,https://legalbet.ro/bonus/betano-casino-300-de-rotiri-gratuite-fara-depunere-la-nregistrare/,,,2024-06-22 21:47:28,
bonusuri cazino fara depunere,RO,Romania,Romanian,,false,false,false,true,true,false,Image pack,200,33,3.47,0,,,,31,,Lost,,https://legalbet.ro/cazinouri/bonusuri/bonusuri-la-inregistrare/,,,2024-06-24 20:51:24,
reactivare cont superbet,RO,Romania,Romanian,Superbet (Organization),true,false,true,true,false,false,"Video preview, Image pack",150,0,2.28,0,,,,30,,Lost,,https://legalbet.ro/complaint/2016627/,,,2024-06-24 07:35:19,
romania fotbal azi,RO,Romania,Romanian,Romania (Location),false,false,false,true,false,false,"Video preview, Image pack",150,25,0.05,0,,,,30,,Lost,,https://legalbet.ro/centrul-de-pariere/astazi/,,,2024-06-24 01:50:03,
dinamo bucurești vs. botoşani,RO,Romania,Romanian,"Dinamo București (Organization), Botoșani (Location)",true,true,false,true,false,false,"Video preview, Image pack",150,0,0.09,0,,,,30,,Lost,,https://legalbet.ro/centrul-de-pariere/botosani-dinamo-bucuresti-27-04-2024/,,,2024-06-26 12:27:21,
statistici real madrid vs villarreal,RO,Romania,Romanian,"Real Madrid (Organization), Villarreal (Organization)",true,false,false,true,false,false,"Video preview, Image pack",150,0,,0,,,,30,,Lost,,https://legalbet.ro/centrul-de-pariere/villarreal-real-madrid-19-05-2024/,,,2024-06-23 10:33:37,
campionatul italiei clasament,RO,Romania,Romanian,Serie A (Event),true,false,false,true,false,false,"Sitelinks, Image pack, Video preview",200,2,,0,,,,31,,Lost,,https://legalbet.ro/centrul-de-pariere/turnee/serie-a/,,,2024-06-24 05:02:59,
superbet online casino,RO,Romania,English,Superbet (Organization),true,false,true,true,true,true,"Video preview, Image pack, Bottom ads, Paid sitelinks",200,7,4.30,0,,,,31,,Lost,,https://legalbet.ro/feedback/superbet/,,,2024-06-26 01:36:34,
botoşani - fcsb,RO,Romania,Romanian,"FCSB (Organization), Botoșani (Location)",true,true,false,true,false,false,"Video preview, Image pack",1400,0,,0,,,,40,,Lost,,https://legalbet.ro/centrul-de-pariere/fcsb-botosani-24-02-2024/,,,2024-06-27 21:24:58,
spin.ro casino,RO,Romania,Romanian,Spin.ro Casino (Organization),true,false,true,true,true,true,"Sitelinks, Video preview",13000,13,0.44,0,,,,50,,Lost,,https://legalbet.ro/feedback/spin/,,,2024-06-27 00:46:08,
fortuna sport,RO,Romania,Romanian,Fortuna Sport (Organization),true,false,false,true,true,false,"Video preview, Image pack",80,11,0.52,0,,,,14,,Lost,,https://legalbet.ro/bonus/fortuna-sport-bonus-de-bun-venit-de-150-lei-50-lei-la-verificare/,,,2024-06-13 02:33:53,
win 2 bonus fara depunere,RO,Romania,Romanian,Win2 (Organization),true,false,false,true,true,false,"Image pack, Video preview, Bottom ads, Paid sitelinks",700,0,0.74,0,,,,37,,Lost,,https://legalbet.ro/cazinouri/win2/,,,2024-06-22 07:27:29,
u cluj hermannstadt,RO,Romania,Romanian,"U Cluj (Organization), Hermannstadt (Organization)",true,false,false,true,false,false,"Video preview, Image pack",700,1,0.38,0,,,,35,,Lost,,https://legalbet.ro/centrul-de-pariere/afc-hermannstadt-universitatea-cluj-06-04-2024/,,,2024-06-26 05:39:38,
stanleybet ro,RO,Romania,Romanian,Stanleybet (Organization),true,false,true,true,true,false,"Sitelinks, Image pack, Video preview",700,0,0.37,0,,,,35,,Lost,,https://legalbet.ro/complaints/stanleybet/,,,2024-06-25 15:35:53,
rezultate live fotbal azi,RO,Romania,Romanian,,false,false,false,true,false,false,"Sitelinks, Image pack",200,44,0.11,0,,,,31,,Lost,,https://legalbet.ro/centrul-de-pariere/maine/,,,2024-06-17 03:17:40,
rapid vs hermannstadt,RO,Romania,English,"Rapid București (Organization), Hermannstadt (Organization)",true,false,false,true,false,false,"Video preview, Image pack",90,0,,0,,,,28,,Lost,,https://legalbet.ro/centrul-de-pariere/rapid-bucuresti-afc-hermannstadt-17-02-2024/,,,2024-06-13 07:57:14,
sevilla - las palmas,RO,Romania,Spanish,"Sevilla (Location), Las Palmas (Location)",false,true,false,true,false,false,"Videos, Image pack, Video preview",150,0,,0,,,,31,,Lost,,https://legalbet.ro/centrul-de-pariere/las-palmas-sevilla-14-04-2024/,,,2024-06-20 09:06:50,
superbet live chat,RO,Romania,English,Superbet (Organization),true,false,true,true,false,false,Video preview,500,1,1.58,0,,,,36,,Lost,,https://legalbet.ro/feedback/superbet/,,,2024-06-26 11:13:43,
echipa suport superbet,RO,Romania,Romanian,Superbet (Organization),true,false,false,true,false,false,"Video preview, Image pack",100,3,,0,,,,29,,Lost,,https://legalbet.ro/feedback/superbet/,,,2024-06-07 22:57:29,
program europa league,RO,Romania,English,Europa League (Event),true,false,false,true,false,false,"Video preview, Image pack",200,2,,0,,,,28,,Lost,,https://legalbet.ro/centrul-de-pariere/turnee/europa-league/,,,2024-06-17 03:10:38,
la ce ora joaca fcsb azi,RO,Romania,Romanian,FCSB (Organization),true,false,false,true,false,false,"Video preview, Image pack",500,12,0.22,0,,,,36,,Lost,,https://legalbet.ro/centrul-de-pariere/echipe/FCSB/,,,2024-06-23 03:02:04,
pauza final,RO,Romania,Romanian,,false,false,false,true,false,false,People also ask,150,0,1.23,0,0,0,,21,4,17,,https://legalbet.ro/ponturi/pauza-final/,,https://legalbet.ro/ponturi/pauza-final/?page=4,2024-06-27 07:25:07,2026-05-22 01:32:50
champions league azi,RO,Romania,Romanian,UEFA Champions League (Event),true,false,false,true,false,false,"Video preview, Image pack",80,9,1.64,0,,,,23,,Lost,,https://legalbet.ro/ponturi/sportul-fotbal/champions-league/,,,2024-06-08 02:31:23,
botoşani - cfr cluj,RO,Romania,Romanian,"CFR Cluj (Organization), Botoșani (Location)",true,true,false,true,false,false,"Video preview, Image pack",100,1,,0,,,,29,,Lost,,https://legalbet.ro/centrul-de-pariere/botosani-cfr-kluj-21-01-2024/,,,2024-06-27 14:51:08,
win for life 10 20,RO,Romania,English,Win for Life 10/20 (Event),true,false,false,true,false,false,"Image pack, Video preview",350,0,0.35,0,,,,34,,Lost,,https://legalbet.ro/alegerea-editorului/loteria-win-for-life-1020-te-asteapta-cu-extrageri/,,,2024-06-21 08:49:40,
meciuri din coppa italia,RO,Romania,Romanian,Coppa Italia (Event),true,false,false,true,false,false,"Image pack, Video preview",1500,0,,,0,,,,41,New,,,,https://legalbet.ro/stiri/62026040-257441-cristi-chivu-isi-prelungeste-contractul-cu-inter-m/,,2026-06-11 00:34:54
botoşani vs. „u” cluj,RO,Romania,Romanian,"FC Universitatea Cluj (Organization), Botoșani (Location)",true,true,false,true,false,false,"Video preview, Image pack",100,0,,0,,,,30,,Lost,,https://legalbet.ro/ponturi/universitatea-cluj-vs-fc-botosani-ponturi-pariuri-fotbal-play-out-superliga-romaniei-15-03-2024-karbacher/,,,2024-06-26 09:23:44,
bayern meci,RO,Romania,Romanian,Bayern Munich (Organization),true,false,false,true,false,false,"Video preview, Image pack",80,0,,0,,,,28,,Lost,,https://legalbet.ro/centrul-de-pariere/echipe/bayern-munchen/,,,2024-06-14 04:24:25,
meci rapid craiova,RO,Romania,Romanian,"Rapid București (Organization), Craiova (Location)",true,true,false,true,false,false,"Video preview, Image pack",150,0,,0,,,,30,,Lost,,https://legalbet.ro/centrul-de-pariere/universitatea-craiova-rapid-bucuresti-04-03-2024/,,,2024-06-26 18:50:43,
fcsb vs rapid,RO,Romania,Romanian,"FCSB (Organization), FC Rapid București (Organization)",true,false,false,true,false,false,"Video preview, People also ask, Image pack",200,0,0.20,0,,,,33,,Lost,,https://legalbet.ro/centrul-de-pariere/fcsb-rapid-bucuresti-20-04-2024/,,,2024-06-27 09:43:25,
game world casino,RO,Romania,English,Game World Casino (Organization),true,false,false,true,true,false,"Sitelinks, Knowledge panel, Thumbnail, Video preview",900,0,0.13,0,,,,39,,Lost,,https://legalbet.ro/bonus/game-world-casino-100-de-rotiri-gratuite-la-verificarea-identitatii/,,,2024-06-27 16:32:09,
princess casino rotiri,RO,Romania,Romanian,Princess Casino (Organization),true,false,false,true,true,false,"Top ads, Paid sitelinks, Image pack, Video preview, Bottom ads",80,6,1.12,0,,,,28,,Lost,,https://legalbet.ro/cazinouri/princess-casino/,,,2024-06-23 21:24:40,
stanleybet download,RO,Romania,English,Stanleybet (Organization),true,false,false,false,true,true,,80,1,0.68,0,,,,28,,Lost,,https://legalbet.ro/scoala-pariurilor/aplicatie-stanleybet-ghid-complet-pentru-pariuri-de-pe-mobil/,,,2024-06-11 05:57:58,
poziții poli iași,RO,Romania,Romanian,"Poli Iași (Organization), Iasi (Location)",true,true,false,true,false,false,"Knowledge panel, Video preview",200,5,,0,,,,32,,Lost,,https://legalbet.ro/centrul-de-pariere/politehnica-iasi-fc_craiova_1948-06-04-2024/,,,2024-06-26 07:06:28,
meci astazi fcsb,RO,Romania,Romanian,FCSB (Organization),true,false,false,true,false,false,"Video preview, Image pack",100,15,,0,,,,29,,Lost,,https://legalbet.ro/centrul-de-pariere/echipe/FCSB/,,,2024-06-15 21:41:16,
superprono superbet,RO,Romania,Romanian,"Superbet (Organization), Superprono (Event)",true,false,false,true,true,false,"Sitelinks, Video preview, Image pack",100,0,1.71,0,,,,29,,Lost,,https://legalbet.ro/complaints/superbet/,,,2024-06-27 23:08:55,
meciuri fcsb vs oțelul galați,RO,Romania,Romanian,"FCSB (Organization), Oțelul Galați (Organization), Galați (Location)",true,true,false,true,false,false,"Video preview, Image pack",200,0,,0,,,,32,,Lost,,https://legalbet.ro/centrul-de-pariere/fcsb-ocelul-02-12-2023/,,,2024-06-18 21:12:53,
maxbet pacanele,RO,Romania,Romanian,Maxbet (Organization),true,false,true,true,true,true,Video preview,200,0,1.32,0,,,,32,,Lost,,https://legalbet.ro/alegerea-editorului/cinci-bonusuri-si-jocuri-de-la-maxbet-pentru-2024/,,,2024-06-19 19:31:38,
bet 888,RO,Romania,English,888 (Organization),true,false,false,true,true,false,"Video preview, Image pack",100,52,3.31,0,,,,29,,Lost,,https://legalbet.ro/feedback/888-sport/,,,2024-06-22 17:53:49,
scor steaua azi,RO,Romania,Romanian,Steaua București (Organization),true,false,false,true,false,false,"Video preview, Image pack",150,4,,0,,,,26,,Lost,,https://legalbet.ro/centrul-de-pariere/echipe/FCSB/,,,2024-06-08 22:39:33,
joc casino online,RO,Romania,Romanian,,false,false,false,true,true,true,"Top ads, Paid sitelinks, Top stories, Thumbnail, Image pack, Bottom ads",80,55,4.32,0,,,,28,,Lost,,https://legalbet.ro/cazinouri/,,,2024-06-20 11:40:17,
program.liga 1,RO,Romania,Romanian,Liga 1 (Event),true,false,false,true,false,false,"Video preview, Image pack",200,15,0.25,0,,,,32,,Lost,,https://legalbet.ro/centrul-de-pariere/turnee/liga-i/,,,2024-06-23 14:08:43,
pronosticuri azi,RO,Romania,Romanian,,false,false,false,true,false,false,"Top ads, Video preview, Image pack",400,24,0.48,0,,,,15,,Lost,,https://legalbet.ro/ponturi/sportul-fotbal/,,,2024-06-26 20:40:09,
getafe - sevilla,RO,Romania,Romanian,"Getafe (Organization), Sevilla (Organization)",true,false,false,true,false,false,"Video preview, Thumbnail, Image pack",100,0,,0,,,,30,,Lost,,https://legalbet.ro/centrul-de-pariere/getafe-sevilla-31-03-2024/,,,2024-06-14 01:23:44,
fotbal craiova azi,RO,Romania,Romanian,Craiova (Location),false,true,false,true,false,false,Video preview,100,3,0.26,0,,,,29,,Lost,,https://legalbet.ro/centrul-de-pariere/echipe/universitatea-craiova/,,,2024-06-11 10:26:35,
ierarhie poker,RO,Romania,Romanian,,false,false,false,true,false,false,Image pack,100,3,0.59,0,,,,29,,Lost,,https://legalbet.ro/alegerea-editorului/ierarhia-mainilor-la-poker/,,,2024-06-19 19:20:46,
politehnica iaşi vs sepsi,RO,Romania,Romanian,"Politehnica Iași (Organization), Sepsi OSK (Organization)",true,true,false,true,false,false,"Videos, Video preview, Image pack",100,0,,0,,,,29,,Lost,,https://legalbet.ro/centrul-de-pariere/sepsi-osk-sfantu-gheorghe-politehnica-iasi-19-01-2024/,,,2024-06-14 01:26:04,
best casino,RO,Romania,English,,false,false,false,true,true,false,"Image pack, Video preview",100,45,1.43,0,,,,30,,Lost,,https://legalbet.ro/cazinouri/,,,2024-06-15 14:50:21,
barcelona - celta vigo,RO,Romania,Romanian,"Barcelona (Organization), Celta Vigo (Organization)",true,false,false,true,false,false,"Video preview, Thumbnail, Image pack",100,0,0.10,0,,,,29,,Lost,,https://legalbet.ro/centrul-de-pariere/celta-barcelona-18-02-2024/,,,2024-06-24 17:20:47,
live chat princess casino,RO,Romania,English,Princess Casino (Organization),true,false,false,true,false,false,"Image pack, Video preview",200,0,0.67,0,,,,32,,Lost,,https://legalbet.ro/cazinouri/princess-casino/,,,2024-06-11 04:57:57,
scor manchester city,RO,Romania,Romanian,Manchester City (Organization),true,false,false,true,false,false,"Image pack, Video preview",100,4,,0,,,,31,,Lost,,https://legalbet.ro/centrul-de-pariere/manchester-city-liverpool-01-04-2023/,,,2024-06-24 00:55:11,
rotiri gratuite superbet,RO,Romania,Romanian,Superbet (Organization),true,false,false,true,true,false,"Image pack, Video preview, Bottom ads, Paid sitelinks",900,1,4.20,0,,,,39,,Lost,,https://legalbet.ro/bonus/superbet-casino-350-de-rotiri-gratuite-la-verificarea-contului/,,,2024-06-27 03:49:51,
winmasters casino bonus,RO,Romania,English,Winmasters Casino (Organization),true,false,false,true,true,false,"Image pack, Video preview",200,0,3.48,0,,,,32,,Lost,,https://legalbet.ro/bonus/winmasters-cazino-200-de-rotiri-gratuite-n-plus-doar-cu-legalbet/,,,2024-06-19 12:30:05,
gets bet verificare bilet,RO,Romania,Romanian,Getsbet (Organization),true,false,false,true,false,false,Video preview,1100,50,0.95,3,0,-3,,5,8,-3,,https://legalbet.ro/scoala-pariurilor/casa-de-pariuri-gets-bet-depuneri-si-retrageri/,,https://legalbet.ro/scoala-pariurilor/getsbet-verificare-bilet-online/,2024-06-27 08:24:42,2026-06-07 17:40:26
www.vlad cazino.ro,RO,Romania,Romanian,VladCazino (Organization),true,false,true,true,true,true,"Sitelinks, Video preview",100,9,0.79,0,,,,30,,Lost,,https://legalbet.ro/cazinouri/vlad-cazino/,,,2024-06-17 04:13:08,
magnum bet aplicatie,RO,Romania,Romanian,Magnum Bet (Organization),true,false,false,true,true,false,"Sitelinks, Video preview",100,0,1.72,0,,,,30,,Lost,,https://legalbet.ro/case-de-pariuri/magnumbet/,,,2024-06-25 03:26:12,
cote pariuri tenis,RO,Romania,Romanian,,false,false,false,true,true,true,"Image pack, Video preview",90,9,0.27,0,,,,29,,Lost,,https://legalbet.ro/case-de-pariuri/sets/case-de-pariuri-tenis/,,,2024-06-10 20:13:35,
rezultat final fcsb,RO,Romania,Romanian,FCSB (Organization),true,false,false,true,false,false,"Knowledge panel, Video preview",90,4,,0,,,,29,,Lost,,https://legalbet.ro/centrul-de-pariere/fcsb-farul-03-02-2024/,,,2024-06-21 01:41:17,
princess casino app,RO,Romania,English,Princess Casino (Organization),true,false,false,true,true,true,"Video preview, Knowledge panel",100,1,2.73,0,,,,30,,Lost,,https://legalbet.ro/scoala-de-cazino/aplicatie-princess-casino/,,,2024-06-27 10:55:00,
dinamo bucurești vs. oțelul,RO,Romania,Romanian,"Dinamo București (Organization), Oțelul Galați (Organization)",true,false,false,true,false,false,"Video preview, Image pack",200,0,0.71,0,,,,32,,Lost,,https://legalbet.ro/centrul-de-pariere/ocelul-dinamo-bucuresti-06-04-2024/,,,2024-06-11 21:12:29,
extragere cehia keno,RO,Romania,Romanian,Cehia Keno (Event),true,false,false,true,false,false,"Sitelinks, Image pack",700,0,0.38,0,,,,38,,Lost,,https://legalbet.ro/alegerea-editorului/descopera-cea-mai-complexa-oferta-de-loterii-2/,,,2024-06-26 22:37:48,
superbet rotiri gratuite,RO,Romania,Romanian,Superbet (Organization),true,false,false,true,true,false,"Video preview, Image pack",2500,1,5.85,0,,,,44,,Lost,,https://legalbet.ro/bonus/superbet-casino-350-de-rotiri-gratuite-la-verificarea-contului/,,,2024-06-27 02:04:06,
fortuna pariuri sportive rezultate fotbal,RO,Romania,Romanian,Fortuna (Organization),true,false,true,true,false,false,Video preview,100,11,0.44,0,,,,30,,Lost,,https://legalbet.ro/centrul-de-pariere/maine/,,,2024-06-20 11:23:25,
meciuri champions league azi la tv,RO,Romania,Romanian,Champions League matches (Event),true,false,false,true,false,false,Video preview,100,2,0.16,0,,,,30,,Lost,,https://legalbet.ro/centrul-de-pariere/maine/,,,2024-06-20 20:49:11,
cota2 ro,RO,Romania,Romanian,Cota2 (Organization),true,false,false,true,true,false,"Sitelinks, Thumbnail, Video preview, Image pack",90,3,0.63,0,,,,29,,Lost,,https://legalbet.ro/ponturi/cota-2/,,,2024-06-21 06:07:13,
gambling casinos online,RO,Romania,English,,false,false,false,true,true,true,Image pack,100,53,9.59,0,,,,30,,Lost,,https://legalbet.ro/cazinouri/,,,2024-06-07 05:42:36,
meci sepsi azi live,RO,Romania,Romanian,Sepsi OSK (Organization),true,false,false,true,false,false,Video preview,100,3,0.02,0,,,,31,,Lost,,https://legalbet.ro/centrul-de-pariere/fcsb-sepsi-osk-sfantu-gheorghe-10-02-2024/,,,2024-06-09 08:58:44,
pariu tenis,RO,Romania,Romanian,,false,false,false,false,true,true,"Video preview, Image pack, Bottom ads, Paid sitelinks",150,6,0.47,0,,,,32,,Lost,,https://legalbet.ro/case-de-pariuri/sets/case-de-pariuri-tenis/,,,2024-06-17 22:51:26,
chat superbet,RO,Romania,Romanian,Superbet (Organization),true,false,false,true,false,false,"Video preview, Image pack",250,2,1.34,0,,,,34,,Lost,,https://legalbet.ro/feedback/superbet/,,,2024-06-07 13:10:48,
meciuri din ac milan,RO,Romania,Romanian,AC Milan (Organization),true,false,false,true,false,false,"Video preview, Image pack",100,2,0.04,0,,,,30,,Lost,,https://legalbet.ro/centrul-de-pariere/echipe/milan/,,,2024-06-24 10:39:20,
princess casino apk,RO,Romania,English,Princess Casino (Organization),true,false,false,false,true,true,Video preview,150,0,2.21,0,,,,32,,Lost,,https://legalbet.ro/scoala-de-cazino/aplicatie-princess-casino/,,,2024-06-15 07:11:06,
scor hermannstadt,RO,Romania,Romanian,FC Hermannstadt (Organization),true,false,false,true,false,false,"Video preview, Image pack",150,1,,0,,,,32,,Lost,,https://legalbet.ro/centrul-de-pariere/afc-hermannstadt-politehnica-iasi-11-05-2024/,,,2024-06-15 02:16:44,
casino maxbet,RO,Romania,English,Maxbet (Organization),true,false,true,true,true,true,"Sitelinks, Knowledge panel",100,0,2.24,0,,,,30,,Lost,,https://legalbet.ro/feedback/maxbet/,,,2024-06-14 17:12:16,
fortuna polonia,RO,Romania,Romanian,"Fortuna (Organization), Polonia Multi Multi (Event)",true,false,false,true,false,false,"Video preview, Image pack, Thumbnail, Bottom ads, Paid sitelinks",400,10,0.31,0,,,,36,,Lost,,https://legalbet.ro/centrul-de-pariere/france-poland-25-06-2024/,,,2024-06-24 20:10:52,
meciuri echipa nationala,RO,Romania,Romanian,Romania national football team (Organization),true,false,false,true,false,false,"Top stories, Thumbnail, Video preview, Image pack",200,7,0.03,0,,,,32,,Lost,,https://legalbet.ro/centrul-de-pariere/astazi/,,,2024-06-21 18:58:09,
bonus unibet,RO,Romania,English,Unibet (Organization),true,false,false,true,true,false,"Image pack, Video preview",300,4,2.69,0,,,,35,,Lost,,https://legalbet.ro/bonus/unibet-sport-bonus-de-bun-venit-de-300-de-lei-cash-si-200-de-rotiri-gratuite/,,,2024-06-07 10:04:57,
superbet intra in cont,RO,Romania,Romanian,Superbet (Organization),true,false,true,false,false,false,Video preview,200,5,1.86,0,,,,33,,Lost,,https://legalbet.ro/complaints/superbet/,,,2024-06-14 16:34:18,
nr contact superbet online,RO,Romania,Romanian,Superbet (Organization),true,false,false,true,false,false,Video preview,900,0,1.63,0,,,,40,,Lost,,https://legalbet.ro/feedback/superbet/,,,2024-06-26 22:25:16,
liga i azi,RO,Romania,Romanian,Liga I (Event),true,false,false,true,false,false,"Video preview, Image pack",200,31,,0,,,,33,,Lost,,https://legalbet.ro/centrul-de-pariere/turnee/liga-i/,,,2024-06-14 19:37:22,
oferte winner,RO,Romania,Romanian,Winner (Organization),true,false,false,true,true,false,Image pack,200,0,,0,,,,33,,Lost,,https://legalbet.ro/scoala-pariurilor/recenzia-casei-de-pariuri-winnerbet/,,,2024-06-09 17:08:10,
princess casino ro,RO,Romania,Romanian,Princess Casino (Organization),true,false,false,true,true,false,"Sitelinks, Video preview",150,1,0.77,0,,,,31,,Lost,,https://legalbet.ro/cazinouri/princess-casino/,,,2024-06-09 14:06:43,
super bet live,RO,Romania,English,Superbet (Organization),true,false,true,true,true,true,"Sitelinks, Video preview, Image pack",150,8,0.77,0,,,,32,,Lost,,https://legalbet.ro/feedback/superbet/,,,2024-06-27 06:29:30,
betano oferta de bun venit,RO,Romania,Romanian,Betano (Organization),true,false,false,true,true,true,Featured snippet,100,4,1.04,0,,,,31,,Lost,,https://legalbet.ro/bonus/betano-bonus-pentru-clienti-noi-100-pna-la-500-ron-la-prima-depunere/,,,2024-06-13 13:32:08,
furtuna cazino,RO,Romania,Romanian,Fortuna Casino (Organization),true,false,false,true,true,false,"Sitelinks, Video preview, Knowledge panel",100,12,1.01,0,,,,31,,Lost,,https://legalbet.ro/feedback/fortuna/,,,2024-06-22 12:54:37,
cod princess casino,RO,Romania,English,Cod Princess Casino (Product),true,false,true,true,true,true,Sitelinks,150,6,2.56,0,,,,32,,Lost,,https://legalbet.ro/cazinouri/princess-casino/,,,2024-06-22 18:01:07,
betfair.ro,RO,Romania,,Betfair Romania (Organization),true,false,true,true,true,false,Sitelinks,200,42,1.92,0,0,0,,14,4,10,,https://legalbet.ro/feedback/betfair/,,https://legalbet.ro/feedback/betfair/,2024-06-20 08:44:25,2026-06-21 15:34:04
100 rotiri gratuite unibet,RO,Romania,Romanian,Unibet (Organization),true,false,false,true,true,false,"Image pack, Bottom ads",350,0,1.23,0,,,,36,,Lost,,https://legalbet.ro/cazinouri/unibet/,,,2024-06-23 15:57:26,
unibet bonus,RO,Romania,English,Unibet (Organization),true,false,false,true,true,false,Image pack,350,7,2.69,0,,,,36,,Lost,,https://legalbet.ro/bonus/unibet-sport-bonus-de-bun-venit-de-300-de-lei-cash-si-200-de-rotiri-gratuite/,,,2024-06-16 03:12:38,
meciuri rugby azi,RO,Romania,Romanian,,false,false,false,true,false,false,Video preview,100,3,,0,,,,30,,Lost,,https://legalbet.ro/ponturi/sportul-rugbi/,,,2024-06-26 19:08:46,
meciuri din juventus,RO,Romania,Romanian,Juventus (Organization),true,false,false,true,false,false,"Video preview, Image pack",90,0,,0,,,,30,,Lost,,https://legalbet.ro/centrul-de-pariere/echipe/juventus/,,,2024-06-22 05:21:43,
luck casino aplicatie,RO,Romania,Romanian,Luck Casino (Organization),true,false,false,true,true,true,"Knowledge panel, Video preview",80,0,2.00,0,,,,29,,Lost,,https://legalbet.ro/cazinouri/luck-casino/,,,2024-06-12 09:43:27,
maxbet baneasa,RO,Romania,Romanian,"MaxBet Baneasa (Location), Baneasa (Location)",true,true,false,true,false,false,,80,0,0.56,0,,,,29,,Lost,,https://legalbet.ro/feedback/maxbet/,,,2024-06-24 18:40:50,
fcsb botosani,RO,Romania,Romanian,"FCSB (Organization), Botoșani (Location)",true,true,false,true,false,false,"Video preview, Image pack",200,0,0.19,0,,,,30,,Lost,,https://legalbet.ro/centrul-de-pariere/fcsb-botosani-24-02-2024/,,,2024-06-24 16:52:23,
ce inseamna goluri asiatice,RO,Romania,Romanian,,false,false,false,true,false,false,,150,0,0.79,0,,,,32,,Lost,,https://legalbet.ro/alegerea-editorului/liniile-asiatice-la-fotbal-pe-intelesul-tuturor/,,,2024-06-21 05:50:25,
rezultate fotbal italia seria a,RO,Romania,Romanian,"Serie A (Event), Italy (Location)",true,false,false,true,false,false,"Sitelinks, Image pack, Video preview",100,4,,0,,,,31,,Lost,,https://legalbet.ro/centrul-de-pariere/turnee/serie-a/,,,2024-06-13 10:55:05,
celta vigo - barcelona,RO,Romania,Romanian,"Celta Vigo (Organization), Barcelona (Organization)",true,false,false,true,false,false,"Video preview, Image pack",90,0,,0,,,,30,,Lost,,https://legalbet.ro/centrul-de-pariere/celta-barcelona-18-02-2024/,,,2024-06-25 18:08:05,
elite slots 111 rotiri gratuite,RO,Romania,Romanian,Elite Slots (Organization),true,false,false,true,true,false,"Sitelinks, Image pack",250,3,1.04,0,,,,36,,Lost,,https://legalbet.ro/alegerea-editorului/25-lei-gratis-la-winmasters-fara-depunere-si-o-super/,,,2024-06-14 00:36:29,
loto grecia 20/80,RO,Romania,Romanian,"Lotto Greece 20/80 (Event), 20/80 (Event)",true,false,false,true,false,false,"Sitelinks, Video preview",4900,2,0.61,0,,,,49,,Lost,,https://legalbet.ro/alegerea-editorului/loteria-grecia-kino-2080-te-asteapta-cu-extrageri/,,,2024-06-27 19:14:43,
meciuri din fc voluntari,RO,Romania,Romanian,FC Voluntari (Organization),true,false,false,true,false,false,"Video preview, Image pack",150,1,,0,,,,32,,Lost,,https://legalbet.ro/centrul-de-pariere/echipe/voluntari/,,,2024-06-22 16:20:24,
ponturi pariuri telegram,RO,Romania,Romanian,Telegram (Organization),true,false,false,true,false,false,"Video preview, Image pack",90,1,,0,,,,30,,Lost,,https://legalbet.ro/ponturi/new-york-red-bulls-vs-nashville-sc-ponturi-fotbal-serie-a-16-06-2024-nsavin/,,,2024-06-15 06:33:38,
pariuri matematice,RO,Romania,Romanian,,false,false,false,true,false,false,Video preview,150,0,0.91,0,,,,32,,Lost,,https://legalbet.ro/scoala-pariurilor/criteriul-kelly/,,,2024-06-14 18:47:36,
meci fcsb craiova,RO,Romania,Romanian,"FCSB (Organization), Craiova (Location)",true,true,false,true,false,false,"Video preview, Image pack",200,1,,0,,,,34,,Lost,,https://legalbet.ro/centrul-de-pariere/fcsb-universitatea-craiova-06-04-2024/,,,2024-06-23 05:28:36,
scor steaua dinamo,RO,Romania,Romanian,"FC Steaua București (Organization), FC Dinamo București (Organization)",true,false,false,true,false,false,"Video preview, Image pack",90,4,,0,,,,27,,Lost,,https://legalbet.ro/centrul-de-pariere/fcsb-dinamo-bucuresti-22-07-2023/,,,2024-06-25 19:32:55,
5 dazzling,RO,Romania,,5 Dazzling Hot (Product),true,false,false,true,true,false,"Thumbnail, Video preview, Image pack",200,0,1.07,0,,,,35,,Lost,,https://legalbet.ro/scoala-de-cazino/5-dazzling-hot-cum-si-unde-poti-juca-si-castiga/,,,2024-06-12 20:52:28,
inregistrare betano,RO,Romania,Romanian,Betano (Organization),true,false,true,true,true,true,"Top ads, Paid sitelinks, Sitelinks, Video preview, Image pack, Bottom ads",1300,2,2.09,0,,,,42,,Lost,,https://legalbet.ro/scoala-pariurilor/primul-pariu-la-betano/,,,2024-06-27 20:18:14,
loto netbet,RO,Romania,Romanian,NetBet Loto (Product),true,false,false,true,true,false,"Sitelinks, Image pack, Video preview",1000,0,1.81,0,,,,41,,Lost,,https://legalbet.ro/alegerea-editorului/jackpoturi-pe-loterii-internationale-exclusiv-la-betano/,,,2024-06-25 20:01:12,
superbet rezultate fotbal live,RO,Romania,Romanian,Superbet (Organization),true,false,false,true,false,false,"Video preview, Image pack",150,16,0.50,0,,,,33,,Lost,,https://legalbet.ro/centrul-de-pariere/maine/,,,2024-05-28 22:56:39,
fc uta,RO,Romania,Romanian,FC UTA Arad (Organization),true,false,false,true,false,false,"Top stories, Thumbnail, Knowledge panel",200,9,,,0,,,,3,New,,,Top stories,https://legalbet.ro/centrul-de-pariere/unirea-04-slobozia-uta-arad-16-05-2026/,,2026-05-17 10:48:13
liga 1 turcia,RO,Romania,Romanian,"Turkish Super League (Event), Turkey (Location)",true,false,false,true,false,false,"Sitelinks, Top stories, Thumbnail, Video preview, Image pack",90,0,1.05,0,,,,29,,Lost,,https://legalbet.ro/alegerea-editorului/cehia-vs-turcia-cehii-au-nevoie-de-victorie-turcii-sunt/,,,2024-06-26 11:17:48,
clasamente jucători rapid bucureşti vs fcsb,RO,Romania,Romanian,"FC Rapid București (Organization), FCSB (Organization)",true,true,false,true,false,false,"Videos, Image pack",150,2,,0,,,,33,,Lost,,https://legalbet.ro/centrul-de-pariere/astazi/,,,2024-06-08 06:40:08,
fcsb west ham,RO,Romania,Romanian,"FCSB (Organization), West Ham United (Organization)",true,false,false,true,false,false,"Video preview, Image pack",100,0,,0,,,,31,,Lost,,https://legalbet.ro/centrul-de-pariere/fcsb-west-ham-03-11-2022/,,,2024-06-20 19:34:31,
toto casino ro,RO,Romania,Romanian,TotoGaming Casino (Organization),true,false,false,true,true,false,"Image pack, Video preview",150,1,1.11,0,,,,32,,Lost,,https://legalbet.ro/case-de-pariuri/toto-gaming/,,,2024-06-14 03:15:58,
conti cazinou,RO,Romania,Romanian,ContiCazino (Organization),true,false,true,true,true,true,"Sitelinks, Thumbnail, Image pack, Video preview",80,0,0.98,0,,,,30,,Lost,,https://legalbet.ro/cazinouri/conti-cazino/,,,2024-06-09 08:42:09,
invarte roata casino,RO,Romania,Romanian,,false,false,false,true,true,true,"Video preview, Image pack",150,0,1.84,0,,,,32,,Lost,,https://legalbet.ro/bonus/bonus-zilnic-fara-depunere-la-stanleybet-casino-roata-norocului-invarte-gratis-zilnic-si-castiga-mega-premii/,,,2024-06-17 02:45:35,
oferta total bet,RO,Romania,Romanian,Totalbet (Organization),true,false,false,true,true,false,Sitelinks,200,46,1.29,0,0,0,,5,3,2,,https://legalbet.ro/scoala-pariurilor/recenzia-casei-de-pariuri-totalbet/,,https://legalbet.ro/scoala-pariurilor/recenzia-casei-de-pariuri-totalbet/,2024-06-03 05:36:06,2026-05-19 21:52:33
pariuri unibet,RO,Romania,Romanian,Unibet (Organization),true,false,false,true,true,false,"Sitelinks, Image pack, Video preview, Bottom ads, Paid sitelinks",150,56,,0,,,,33,,Lost,,https://legalbet.ro/feedback/unibet/,,,2024-06-26 07:58:43,
rapid bukarest–uta arad,RO,Romania,Romanian,"FC Rapid București (Organization), Bukarest–Uta (Event), Arad (Location)",true,false,false,true,false,false,"Video preview, Thumbnail, Sitelinks, Image pack",150,0,,0,,,,33,,Lost,,https://legalbet.ro/centrul-de-pariere/rapid-bucuresti-uta-arad-28-02-2024/,,,2024-06-16 01:17:18,
hochei pe gheață,RO,Romania,Romanian,Ice Hockey (Event),false,false,false,true,false,false,"People also ask, Knowledge panel, Video preview",150,12,,0,,,,32,,Lost,,https://legalbet.ro/scoala-pariurilor/ce-si-cum-pariezi-hochei-pe-gheata/,,,2024-06-13 14:03:40,
fotbal superliga,RO,Romania,Romanian,Superliga (Event),true,false,false,true,false,false,"Top stories, Thumbnail, Video preview, Image pack",2800,33,0.75,0,,,,46,,Lost,,https://legalbet.ro/centrul-de-pariere/turnee/liga-i/,,,2024-06-27 22:21:19,
scor dinamo azi,RO,Romania,Romanian,Dinamo București (Organization),true,false,false,true,false,false,"Video preview, Image pack",150,1,0.76,0,,,,30,,Lost,,https://legalbet.ro/centrul-de-pariere/dinamo-bucuresti-politehnica-iasi-13-04-2024/,,,2024-06-25 22:04:41,
winner free spins,RO,Romania,English,Winner Casino (Organization),true,false,false,true,true,false,Video preview,80,0,4.02,0,,,,30,,Lost,,https://legalbet.ro/bonus/107-freespins-winner-casino/,,,2024-06-12 13:28:41,
rezultat cfr cluj,RO,Romania,Romanian,CFR Cluj (Organization),true,false,false,true,false,false,"Video preview, Image pack",200,7,,0,,,,34,,Lost,,https://legalbet.ro/centrul-de-pariere/cfr-kluj-universitatea-cluj-20-12-2023/,,,2024-06-21 02:47:35,
superbet chat live,RO,Romania,English,Superbet (Organization),true,false,true,true,false,false,Video preview,300,1,0.96,0,,,,36,,Lost,,https://legalbet.ro/feedback/superbet/,,,2024-06-20 02:48:51,
win for life cote,RO,Romania,Romanian,Win for Life (Event),true,false,false,true,false,false,"Featured snippet, Video preview",250,0,0.18,0,,,,35,,Lost,,https://legalbet.ro/alegerea-editorului/loteria-win-for-life-1020-te-asteapta-cu-extrageri/,,,2024-06-13 02:33:06,
fortuna verificare bilet,RO,Romania,Romanian,Fortuna (Organization),true,false,false,true,false,false,,1700,58,0.91,0,0,0,,16,5,11,,https://legalbet.ro/scoala-pariurilor/fortuna-bet-verificare-bilet-online/,,https://legalbet.ro/scoala-pariurilor/fortuna-bet-verificare-bilet-online/,2024-06-27 16:03:45,2026-06-21 13:14:57
pariuri tenis live,RO,Romania,Romanian,,false,false,false,true,true,true,Image pack,200,12,0.33,0,,,,34,,Lost,,https://legalbet.ro/alegerea-editorului/cea-mai-buna-strategie-pariuri-live-tenis/,,,2024-06-22 20:28:19,
meci uta azi ora,RO,Romania,Romanian,UTA Arad (Organization),true,false,false,true,false,false,"Image pack, Video preview",80,1,0.13,0,,,,30,,Lost,,https://legalbet.ro/centrul-de-pariere/uta-arad-fc_craiova_1948-11-05-2024/,,,2024-06-24 18:55:22,
superliga liga 1,RO,Romania,Romanian,SuperLiga Liga 1 (Event),true,false,false,true,false,false,"Knowledge panel, Video preview",150,28,,0,,,,33,,Lost,,https://legalbet.ro/centrul-de-pariere/turnee/liga-i/,,,2024-06-16 02:55:49,
csu craiova–uta arad,RO,Romania,Romanian,"CSU Craiova (Organization), UTA Arad (Organization)",true,false,false,true,false,false,"Video preview, Image pack",100,0,,0,,,,32,,Lost,,https://legalbet.ro/centrul-de-pariere/uta-arad-fc_craiova_1948-11-05-2024/,,,2024-06-26 11:56:32,
conference league meciuri,RO,Romania,Romanian,"UEFA Europa Conference League (Event), UEFA Conference League matches (Event)",true,false,false,true,false,false,"Video preview, Image pack",250,0,0.10,0,,,,35,,Lost,,https://legalbet.ro/centrul-de-pariere/brazil-costa-rica-25-06-2024/,,,2024-06-25 17:02:45,
maxbet constanta,RO,Romania,Romanian,"Maxbet (Organization), Constanța (Location)",true,true,false,true,false,false,"Local pack, Image pack, Video preview, Bottom ads",80,0,1.01,0,,,,31,,Lost,,https://legalbet.ro/feedback/maxbet/,,,2024-06-11 21:41:33,
sport fotbal liga 1,RO,Romania,Romanian,Liga 1 (Event),true,false,false,true,false,false,"Top stories, Thumbnail, Video preview, Image pack, Knowledge panel",200,21,,0,,,,34,,Lost,,https://legalbet.ro/centrul-de-pariere/turnee/liga-i/,,,2024-06-08 20:06:45,
poziții sepsi vs poli iași,RO,Romania,Romanian,Sepsi vs Poli Iași (Event),false,false,false,true,false,false,"Video preview, Image pack",200,1,,0,,,,34,,Lost,,https://legalbet.ro/centrul-de-pariere/politehnica-iasi-rapid-bucuresti-24-02-2024/,,,2024-04-01 03:26:16,
betano fara depunere,RO,Romania,Romanian,Betano (Organization),true,false,false,true,true,false,"Video preview, Image pack",150,3,1.08,0,,,,33,,Lost,,https://legalbet.ro/bonus/betano-casino-444-rotiri-gratuite-fara-depunere/,,,2024-06-10 15:46:21,
meciuri man city vs real madrid,RO,Romania,Romanian,"Manchester City (Organization), Real Madrid (Organization)",true,false,false,true,false,false,"Video preview, Image pack",100,0,,0,,,,32,,Lost,,https://legalbet.ro/centrul-de-pariere/manchester-city-real-madrid-16-04-2024/,,,2024-06-22 05:02:14,
cine transmite meciul fcsb de azi,RO,Romania,Romanian,FCSB (Organization),true,false,false,true,false,false,"Image pack, Video preview",200,1,0.10,0,,,,34,,Lost,,https://legalbet.ro/centrul-de-pariere/echipe/FCSB/,,,2024-06-24 19:54:12,
uta arad craiova,RO,Romania,Romanian,"UTA Arad (Organization), Craiova (Location)",true,true,false,true,false,false,"Video preview, Image pack",100,0,,0,,,,32,,Lost,,https://legalbet.ro/centrul-de-pariere/uta-arad-fc_craiova_1948-16-10-2021/,,,2024-06-11 08:17:35,
stanleybet program,RO,Romania,English,Stanleybet (Organization),true,false,false,true,false,false,Sitelinks,150,13,0.38,0,0,0,,9,8,1,,https://legalbet.ro/alegerea-editorului/stanleybet-program-sarbatori-de-iarna-2022-2023/,,https://legalbet.ro/alegerea-editorului/stanleybet-program-sarbatori-de-iarna-2022-2023/,2024-06-20 12:28:13,2026-06-14 17:13:58
david kiki,RO,Romania,,David Kiki (Person),false,false,false,true,false,false,"Knowledge panel, Thumbnail, Image pack, Video preview",2100,0,,,0,,,,45,New,,,,https://legalbet.ro/stiri/62026011-269352-david-kiki-va-pleca-de-la-fcsb-gigi-becali-suntem/,,2026-06-14 08:42:15
seven casino online,RO,Romania,English,Seven Casino (Organization),true,false,false,true,true,true,"Sitelinks, Video preview",200,1,0.74,0,,,,35,,Lost,,https://legalbet.ro/cazinouri/seven-casino/,,,2024-06-17 05:03:07,
royalslots,RO,Romania,Romanian,Royal Slots (Organization),true,false,false,true,true,false,Sitelinks,3200,56,0.93,,0,,,,5,New,,,,https://legalbet.ro/cazinouri/royal-casino/,,2026-06-22 14:04:06
cashpot bonus,RO,Romania,English,CashPot.ro (Organization),true,false,false,true,true,false,"Sitelinks, Image pack, Video preview",200,0,0.67,0,,,,35,,Lost,,https://legalbet.ro/cazinouri/cashpot/,,,2024-06-17 21:46:11,
fotbal universitatea craiova azi,RO,Romania,Romanian,Universitatea Craiova (Organization),true,false,false,true,false,false,"Video preview, Image pack",90,5,,0,,,,31,,Lost,,https://legalbet.ro/centrul-de-pariere/universitatea-craiova-sepsi-osk-sfantu-gheorghe-25-05-2024/,,,2024-06-11 03:14:28,
la ce ora joaca irina begu azi,RO,Romania,Romanian,Irina Begu (Person),false,false,false,true,false,false,"Video preview, Image pack",400,1,,0,,,,38,,Lost,,https://legalbet.ro/alegerea-editorului/roland-garros-2023-cu-cine-joaca-sorana-cirstea-irina/,,,2024-06-23 16:11:35,
meciuri din manchester united,RO,Romania,Romanian,Manchester United (Organization),true,false,false,true,false,false,"Video preview, Image pack",150,1,,0,,,,34,,Lost,,https://legalbet.ro/centrul-de-pariere/echipe/manchester-united/,,,2024-06-26 11:17:15,
meciuri conference league,RO,Romania,Romanian,UEFA Conference League (Event),true,false,false,true,false,false,"Videos, Image pack, Video preview",150,0,0.13,0,,,,33,,Lost,,https://legalbet.ro/centrul-de-pariere/turnee/europa-conference-league/,,,2024-06-23 13:06:29,
ce inseamna x la pariuri,RO,Romania,Romanian,,false,false,false,true,false,false,"Featured snippet, Thumbnail, People also ask, Image pack, Video preview",150,0,0.33,0,,,,34,,Lost,,https://legalbet.ro/scoala-pariurilor/pariuri-1x2/,,,2024-06-08 12:41:46,
meciuri din west ham,RO,Romania,Romanian,West Ham United (Organization),true,false,false,true,false,false,"Image pack, Video preview",150,0,,0,,,,34,,Lost,,https://legalbet.ro/alegerea-editorului/west-ham-united-fcsb-cote-la-pariuri-si-statistici/,,,2024-06-07 08:09:19,
superbet chat,RO,Romania,English,Superbet (Organization),true,false,false,true,false,false,"Video preview, Image pack",150,8,1.07,0,,,,34,,Lost,,https://legalbet.ro/feedback/superbet/,,,2024-06-20 04:33:05,
meci manchester united azi live,RO,Romania,Romanian,Manchester United (Organization),true,false,false,true,false,false,"Video preview, Image pack",100,0,,0,,,,32,,Lost,,https://legalbet.ro/centrul-de-pariere/echipe/manchester-united/,,,2024-06-07 18:35:45,
meci uta azi live,RO,Romania,Romanian,UTA Arad (Organization),true,false,false,true,false,false,"Video preview, Image pack",250,0,0.01,0,,,,36,,Lost,,https://legalbet.ro/centrul-de-pariere/echipe/uta-arad/,,,2024-06-27 11:58:01,
steaua meci azi,RO,Romania,Romanian,Steaua București (Organization),true,false,false,true,false,false,"Video preview, Image pack",100,8,0.73,0,,,,29,,Lost,,https://legalbet.ro/centrul-de-pariere/echipe/FCSB/,,,2024-06-11 12:36:38,
rezultat chelsea,RO,Romania,Romanian,Chelsea (Organization),true,false,false,true,false,false,Image pack,100,2,,0,,,,32,,Lost,,https://legalbet.ro/centrul-de-pariere/chelsea-everton-15-04-2024/,,,2024-06-26 09:47:28,
craiova cfr,RO,Romania,Romanian,"CFR Călători (Organization), Craiova (Location)",true,true,false,true,false,false,"Video preview, Thumbnail, Image pack",200,0,0.14,0,,,,32,,Lost,,https://legalbet.ro/centrul-de-pariere/universitatea-craiova-cfr-kluj-27-04-2024/,,,2024-06-24 02:19:00,
uta arad farul constanța,RO,Romania,Romanian,"UTA Arad (Organization), Farul Constanța (Organization)",true,false,false,true,false,false,"Video preview, Image pack",100,0,,0,,,,32,,Lost,,https://legalbet.ro/centrul-de-pariere/uta-arad-farul-16-12-2023/,,,2024-06-15 11:26:12,
poziții echipa națională de fotbal a angliei,RO,Romania,Romanian,England national football team (Organization),false,false,false,true,false,false,"Image pack, Video preview",100,2,,0,,,,32,,Lost,,https://legalbet.ro/centrul-de-pariere/echipe/england/,,,2024-06-12 21:37:30,
maxbet.ro casino,RO,Romania,Romanian,Maxbet.ro (Organization),true,false,true,true,true,true,"Sitelinks, Image pack",150,0,1.43,0,,,,33,,Lost,,https://legalbet.ro/feedback/maxbet/,,,2024-06-18 11:02:19,
winbet online,RO,Romania,English,Winbet (Organization),true,false,true,true,true,true,"Sitelinks, Video preview",150,2,0.50,0,,,,34,,Lost,,https://legalbet.ro/feedback/winbet/,,,2024-06-23 18:40:03,
888 casino 300 rotiri,RO,Romania,Romanian,888 Casino (Organization),true,false,false,true,true,false,,200,5,3.32,0,,,,35,,Lost,,https://legalbet.ro/bonus/888-casino-2000-de-lei-si-300-de-rotiri-gratuite-bonus-de-bun-venit/,,,2024-06-22 21:00:05,
meci fcsb rapid,RO,Romania,Romanian,"FCSB (Organization), Rapid (Organization)",true,false,false,true,false,false,"Video preview, Image pack",200,1,0.18,0,,,,35,,Lost,,https://legalbet.ro/centrul-de-pariere/fcsb-rapid-bucuresti-20-04-2024/,,,2024-06-26 02:07:13,
aplicatii cu bonus la inregistrare,RO,Romania,Romanian,,false,false,false,true,true,false,"Video preview, Image pack",150,0,4.72,0,,,,34,,Lost,,https://legalbet.ro/scoala-de-cazino/joaca-te-la-un-casino-online-de-top-de-oriunde-te-ai-afla-descarca-acum-casino-app/,,,2024-06-07 05:17:38,
superbet bonusuri,RO,Romania,Romanian,Superbet (Organization),true,false,false,true,true,false,"Video preview, Image pack",80,4,4.01,0,,,,31,,Lost,,https://legalbet.ro/bonus/sets/bonus-superbet/,,,2024-06-24 22:06:49,
unibet bonus fara depunere,RO,Romania,Romanian,Unibet (Organization),true,false,false,true,true,false,Image pack,400,0,1.41,0,,,,38,,Lost,,https://legalbet.ro/bonus/sets/bonus-unibet/,,,2024-06-20 00:52:20,
poziții panathinaikos,RO,Romania,Romanian,Panathinaikos FC (Organization),true,false,false,true,false,false,"Image pack, Video preview",100,0,,0,,,,33,,Lost,,https://legalbet.ro/centrul-de-pariere/echipe/sporting-braga/,,,2024-06-17 15:37:57,
betano cont,RO,Romania,Romanian,Betano (Organization),true,false,true,true,true,true,"Top ads, Paid sitelinks, Sitelinks, Video preview, Image pack, Bottom ads",80,7,1.00,0,,,,31,,Lost,,https://legalbet.ro/complaints/betano/,,,2024-06-26 16:59:25,
hermannstadt–u cluj,RO,Romania,Romanian,"FC Hermannstadt (Organization), FC Universitatea Cluj (Organization)",true,false,false,true,false,false,"Video preview, Image pack",150,1,,0,,,,34,,Lost,,https://legalbet.ro/centrul-de-pariere/afc-hermannstadt-universitatea-cluj-06-04-2024/,,,2024-06-18 14:08:38,
pariuri sportive unibet,RO,Romania,Romanian,Unibet (Organization),true,false,true,true,true,true,Image pack,200,18,0.28,0,,,,35,,Lost,,https://legalbet.ro/feedback/unibet/,,,2024-06-22 18:33:09,
yojicasino,RO,Romania,Romanian,Yojica (Organization),true,false,false,true,true,false,"Sitelinks, Video preview",150,53,2.96,0,0,0,,19,4,15,,https://legalbet.ro/cazinouri/yoji/,,https://legalbet.ro/cazinouri/yoji/,2024-06-26 02:47:08,2026-06-26 14:21:33
fcsb ucv,RO,Romania,Romanian,"FCSB (Organization), Universitatea Craiova (Organization)",true,false,false,true,false,false,"Video preview, Image pack",100,3,,0,,,,33,,Lost,,https://legalbet.ro/centrul-de-pariere/fcsb-universitatea-craiova-06-04-2024/,,,2024-06-23 03:22:29,
scor botosani,RO,Romania,Romanian,FC Botoșani (Organization),true,true,false,true,false,false,"Video preview, Image pack",150,0,,0,,,,34,,Lost,,https://legalbet.ro/centrul-de-pariere/afc-hermannstadt-botosani-20-04-2024/,,,2024-06-18 06:20:46,
princess casino bonus,RO,Romania,English,Princess Casino (Organization),true,false,false,true,true,false,"Sitelinks, Image pack, Video preview",600,8,1.54,0,,,,40,,Lost,,https://legalbet.ro/cazinouri/princess-casino/,,,2024-06-23 08:55:10,
princess casino download,RO,Romania,English,Princess Casino (Organization),true,false,false,false,true,true,Video preview,300,0,2.04,0,,,,37,,Lost,,https://legalbet.ro/scoala-de-cazino/aplicatie-princess-casino/,,,2024-06-25 13:34:20,
la ce ora joaca rapid azi,RO,Romania,Romanian,FC Rapid (Organization),true,false,false,true,false,false,"Image pack, Video preview",150,5,,0,,,,34,,Lost,,https://legalbet.ro/centrul-de-pariere/cfr-kluj-rapid-bucuresti-10-02-2024/,,,2024-06-18 09:10:26,
table online cu prietenii,RO,Romania,Romanian,,false,false,false,true,false,false,"Image pack, Video preview",80,0,,0,,,,31,,Lost,,https://legalbet.ro/alegerea-editorului/joaca-table-online-la-totogaming-pe-bani-reali/,,,2024-06-23 01:59:56,
casino international online,RO,Romania,English,,false,false,false,true,true,true,,80,31,3.44,0,,,,31,,Lost,,https://legalbet.ro/cazinouri/,,,2024-06-15 05:09:16,
las vegas cod promo,RO,Romania,Romanian,Las Vegas (Location),false,true,false,true,true,false,"Video preview, Image pack",450,0,1.59,0,,,,39,,Lost,,https://legalbet.ro/bonus/las-vegas-casino-333-rotiri-fara-depunere-fara-rulaj/,,,2024-06-21 05:23:16,
admiral rotiri gratuite,RO,Romania,Romanian,Admiral (Organization),true,false,false,true,true,false,Image pack,200,0,3.60,0,,,,35,,Lost,,https://legalbet.ro/bonus/admiral-casino-bonus-fara-depunere/,,,2024-06-13 05:31:33,
meciuri farul constanța vs cfr cluj,RO,Romania,Romanian,"Farul Constanța (Organization), CFR Cluj (Organization)",true,false,false,true,false,false,"Video preview, Image pack",90,1,,0,,,,32,,Lost,,https://legalbet.ro/centrul-de-pariere/farul-cfr-kluj-20-04-2024/,,,2024-06-09 18:21:05,
cluj dinamo,RO,Romania,Romanian,"Dinamo București (Organization), Cluj (Location)",true,true,false,true,false,false,"Video preview, Thumbnail, Image pack",150,0,0.22,0,,,,30,,Lost,,https://legalbet.ro/centrul-de-pariere/universitatea-cluj-dinamo-bucuresti-11-05-2024/,,,2024-06-16 09:22:46,
jocuri pragmatic play,RO,Romania,Romanian,Pragmatic Play (Organization),true,false,false,true,false,false,"Video preview, Image pack",200,3,0.51,0,,,,35,,Lost,,https://legalbet.ro/alegerea-editorului/top-8-jocuri-de-pacanele-lansate-de-pragmatic-play-in/,,,2024-06-16 01:48:41,
dumfries,RO,Romania,,Denzel Dumfries (Person),false,false,false,true,false,false,"Top stories, Thumbnail, Knowledge panel, Image pack, Video preview",2800,9,,,0,,,,38,New,,,,https://legalbet.ro/stiri/62026040-256282-denzel-dumfries-a-trecut-vizita-medicala-si-va-sem/,,2026-06-21 13:14:18
gsbet.ro,RO,Romania,,GetsBet (Organization),true,false,true,false,false,false,Sitelinks,150,32,0.76,,0,,,,4,New,,,,https://legalbet.ro/feedback/gets-bet/,,2026-06-03 21:35:07
winmasters romania,RO,Romania,English,"Winmasters (Organization), Romania (Location)",true,false,true,true,true,false,"Sitelinks, Image pack, Video preview",150,4,0.25,0,,,,34,,Lost,,https://legalbet.ro/alegerea-editorului/olanda-vs-franta-les-bleus-cu-7-victorii-in-ultimele-8/,,,2024-06-22 02:56:13,
fortuna pariuri verificare bilet,RO,Romania,Romanian,Fortuna (Organization),true,false,true,true,false,false,Video preview,150,46,1.23,0,0,0,,16,4,12,,https://legalbet.ro/scoala-pariurilor/fortuna-bet-verificare-bilet-online/,,https://legalbet.ro/scoala-pariurilor/fortuna-bet-verificare-bilet-online/,2024-06-10 08:22:15,2026-05-26 18:05:25
statistici farul constanța vs cfr cluj,RO,Romania,Romanian,"Farul Constanța (Organization), CFR Cluj (Organization)",true,false,false,true,false,false,"Video preview, Image pack",150,0,,0,,,,35,,Lost,,https://legalbet.ro/centrul-de-pariere/farul-cfr-kluj-20-04-2024/,,,2024-06-08 15:50:50,
bingo romania,RO,Romania,English,Romania (Location),false,false,false,true,true,false,"Thumbnail, Image pack, Video preview, Bottom ads, Paid sitelinks",150,0,1.19,0,,,,32,,Lost,,https://legalbet.ro/cazinouri/bingo/,,,2024-06-12 18:54:12,
bonus fara depunere cashpot,RO,Romania,Romanian,CashPot (Organization),true,false,false,true,true,false,"Video preview, Bottom ads, Paid sitelinks",100,0,0.89,0,,,,33,,Lost,,https://legalbet.ro/cazinouri/cashpot/,,,2024-06-07 05:13:46,
betano .com,RO,Romania,,Betano (Organization),true,false,true,true,false,false,"Top ads, Paid sitelinks, Video preview, Bottom ads",150,30,1.56,0,,,,34,,Lost,,https://legalbet.ro/case-de-pariuri/betano/,,,2024-06-27 05:56:18,
cat tine un meci de fotbal,RO,Romania,Romanian,,false,false,false,true,false,false,"Featured snippet, People also ask, Video preview, Image pack",1600,0,,0,,,,45,,Lost,,https://legalbet.ro/centrul-de-pariere/astazi/,,,2024-06-26 09:23:52,
casa pariurilor rezultate azi,RO,Romania,Romanian,Casa Pariurilor (Organization),true,false,false,true,false,false,"Video preview, Image pack",200,20,,0,,,,36,,Lost,,https://legalbet.ro/centrul-de-pariere/turnee/meciuri-amicale/,,,2024-06-10 16:25:46,
win for life 10 din 20,RO,Romania,Romanian,Win for Life 10/20 (Event),true,false,false,true,false,false,"Sitelinks, Image pack",400,0,,0,,,,39,,Lost,,https://legalbet.ro/alegerea-editorului/loteria-win-for-life-1020-te-asteapta-cu-extrageri/,,,2024-06-19 13:37:46,
seven bonus fara depunere,RO,Romania,Romanian,Seven Casino (Organization),true,false,false,true,true,false,"Image pack, Video preview",150,0,1.02,0,,,,34,,Lost,,https://legalbet.ro/bonus/seven-casino-77-rotiri-gratuite-fr-depunere-la-verificarea-contului/,,,2024-06-19 07:13:01,
meci milan,RO,Romania,Romanian,AC Milan (Organization),true,false,false,true,false,false,"Video preview, Image pack",90,1,0.12,0,,,,32,,Lost,,https://legalbet.ro/centrul-de-pariere/echipe/milan/,,,2024-06-13 00:19:37,
sepsi cfr,RO,Romania,Romanian,"Sepsi (Organization), CFR Cluj (Organization)",true,false,false,true,false,false,"Video preview, Image pack",100,1,,0,,,,28,,Lost,,https://legalbet.ro/centrul-de-pariere/sepsi-osk-sfantu-gheorghe-cfr-kluj-30-03-2024/,,,2024-06-23 22:23:50,
jocuri cu bani reali paypal,RO,Romania,Romanian,PayPal (Organization),true,false,false,true,true,false,Video preview,80,0,1.05,0,,,,32,,Lost,,https://legalbet.ro/scoala-de-cazino/ce-metode-alternative-exista-atunci-cand-nu-poti-sa-folosesti-paypal-casino-ca-metoda-de-plata-in-romania/,,,2024-06-09 18:10:02,
meciuri din al ittihad,RO,Romania,Romanian,Al-Ittihad (Organization),true,false,false,true,false,false,"Image pack, Video preview",100,0,,0,,,,33,,Lost,,https://legalbet.ro/centrul-de-pariere/al-khaleej-al-ittihad-16-05-2024/,,,2024-06-26 19:23:48,
bonus fara depunere mozzart,RO,Romania,Romanian,Mozzartbet (Organization),true,false,false,true,true,false,"Video preview, Image pack",90,0,0.63,0,,,,33,,Lost,,https://legalbet.ro/bonus/sets/mozzart-fara-depunere/,,,2024-06-09 17:38:21,
fotbal olanda liga 2,RO,Romania,Romanian,"Eerste Divisie (Event), Netherlands (Location)",true,false,false,true,false,false,"Sitelinks, Video preview, Image pack",80,0,,0,,,,33,,Lost,,https://legalbet.ro/ponturi/olanda-vs-canada-pariul-zilei-meciuri-amicale-06-06-2024-razvan-marinescu/,,,2024-06-08 18:32:43,
uta vs fcsb,RO,Romania,Romanian,UTA Arad vs FCSB (Event),false,false,false,true,false,false,"Video preview, Image pack",80,2,,0,,,,32,,Lost,,https://legalbet.ro/centrul-de-pariere/fcsb-uta-arad-22-01-2024/,,,2024-06-17 01:18:13,
fortuna rezultate fotbal ieri,RO,Romania,Romanian,Fortuna (Organization),true,false,false,true,false,false,,1200,7,0.55,0,,,,44,,Lost,,https://legalbet.ro/case-de-pariuri/fortuna/,,,2024-06-13 06:47:58,
superbet oferta pariuri,RO,Romania,Romanian,Superbet (Organization),true,false,false,true,true,false,"Image pack, Video preview",150,6,,0,,,,34,,Lost,,https://legalbet.ro/case-de-pariuri/superbet/,,,2024-06-09 03:04:51,
cel mai bun joc de pacanele online,RO,Romania,Romanian,,false,false,false,true,true,false,"Video preview, Image pack",100,3,,0,,,,33,,Lost,,https://legalbet.ro/cazinouri/,,,2024-06-19 15:49:52,
u cluj–uta arad,RO,Romania,Romanian,"FC Universitatea Cluj (Organization), UTA Arad (Organization)",true,false,false,true,false,false,"Video preview, Image pack",150,0,,0,,,,34,,Lost,,https://legalbet.ro/centrul-de-pariere/universitatea-cluj-uta-arad-30-03-2024/,,,2024-06-20 11:57:09,
statistici rapid bucureşti vs cfr cluj,RO,Romania,Romanian,"Rapid București (Organization), CFR Cluj (Organization)",true,true,false,true,false,false,"Video preview, Image pack",150,0,,0,,,,35,,Lost,,https://legalbet.ro/centrul-de-pariere/rapid-bucuresti-cfr-kluj-06-04-2024/,,,2024-06-23 02:12:36,
contul meu superbet,RO,Romania,Romanian,Superbet (Organization),true,false,true,true,false,false,"Video preview, Image pack",90,5,0.93,0,,,,33,,Lost,,https://legalbet.ro/feedback/superbet/,,,2024-06-11 08:24:24,
„u” cluj vs. uta arad,RO,Romania,Romanian,"FC Universitatea Cluj (Organization), UTA Arad (Organization)",true,false,false,true,false,false,"Video preview, Image pack",100,0,,0,,,,33,,Lost,,https://legalbet.ro/ponturi/u-cluj-vs-uta-arad-pronosticuri-fotbal-superliga-romaniei-30-03-2023-nsavin/,,,2024-06-08 21:26:14,
chat live superbet,RO,Romania,English,Superbet (Organization),true,false,true,true,false,false,Video preview,100,1,1.29,0,,,,34,,Lost,,https://legalbet.ro/feedback/superbet/,,,2024-06-18 19:34:42,
rezultatul meciului fcsb,RO,Romania,Romanian,FCSB (Organization),true,false,false,true,false,false,"Video preview, Image pack",150,5,,0,,,,35,,Lost,,https://legalbet.ro/centrul-de-pariere/fcsb-cfr-kluj-18-05-2024/,,,2024-06-19 18:41:02,
fotbal azi craiova,RO,Romania,Romanian,Craiova (Location),false,true,false,true,false,false,"Video preview, Image pack",80,2,,0,,,,33,,Lost,,https://legalbet.ro/centrul-de-pariere/echipe/universitatea-craiova/,,,2024-05-28 05:15:41,
daniel oprița,RO,Romania,Romanian,Daniel Oprița (Person),false,false,false,true,false,false,"Top stories, Thumbnail, Knowledge panel, Image pack, Video preview",800,1,,,0,,,,40,New,,,,https://legalbet.ro/stiri/62026050-259397-daniel-oprita-negociaza-cu-o-echipa-din-liga-2-e-g/,,2026-06-25 03:06:43
verificare bilet lucky six fortuna,RO,Romania,Romanian,"Fortuna (Organization), Lucky Six (Event)",true,false,false,true,false,false,Image pack,200,0,0.57,0,,,,36,,Lost,,https://legalbet.ro/scoala-pariurilor/verificare-bilet-pariuri/,,,2024-06-26 21:45:10,
contact superbet,RO,Romania,English,Superbet (Organization),true,false,false,true,false,false,"Image pack, Video preview",1100,0,5.64,0,,,,45,,Lost,,https://legalbet.ro/complaints/superbet/,,,2024-06-23 06:08:56,
rezultate fotbal europa league,RO,Romania,Romanian,UEFA Europa League (Event),true,false,false,true,false,false,"Sitelinks, Video preview, Image pack",150,2,,0,,,,34,,Lost,,https://legalbet.ro/centrul-de-pariere/turnee/europa-league/,,,2024-06-19 12:15:15,
cumpara paysafecard online,RO,Romania,Romanian,PaysafeCard (Product),true,false,false,false,true,true,"Top ads, Image pack, Video preview",500,0,0.30,0,,,,40,,Lost,,https://legalbet.ro/case-de-pariuri/sets/paysafecard/,,,2024-06-26 04:13:48,
universitatea craiova vs. farul constanța,RO,Romania,Romanian,"Universitatea Craiova (Organization), Farul Constanța (Organization)",true,false,false,true,false,false,"Video preview, Image pack",150,0,,0,,,,35,,Lost,,https://legalbet.ro/centrul-de-pariere/universitatea-craiova-farul-21-01-2024/,,,2024-06-24 05:55:32,
poziții anderlecht,RO,Romania,Romanian,RSC Anderlecht (Organization),true,false,false,true,false,false,"Image pack, Video preview",90,0,,0,,,,33,,Lost,,https://legalbet.ro/centrul-de-pariere/echipe/az-alkmaar/,,,2024-06-23 11:57:13,
magnum bet rotiri gratuite fara depunere,RO,Romania,Romanian,Magnumbet (Organization),true,false,false,true,true,false,Image pack,100,0,1.32,0,,,,34,,Lost,,https://legalbet.ro/cazinouri/magnum-casino/,,,2024-06-21 06:23:34,
meciuri din dfb-pokal,RO,Romania,Romanian,DFB-Pokal (Event),true,false,false,true,false,false,"Video preview, Image pack",100,0,,0,,,,34,,Lost,,https://legalbet.ro/centrul-de-pariere/turnee/dfb-pokal/,,,2024-06-25 00:40:36,
bonus winner,RO,Romania,English,Winner Casino (Organization),true,false,false,true,true,false,"Image pack, Video preview",150,0,3.47,0,,,,35,,Lost,,https://legalbet.ro/bonus/sets/bonus-winner/,,,2024-06-14 01:40:53,
conticazino rotiri gratuite,RO,Romania,Romanian,Conti Cazino (Organization),true,false,false,true,true,false,"Top ads, Paid sitelinks, Image pack",400,0,,0,,,,40,,Lost,,https://legalbet.ro/bonus/conticazino-185-de-rotiri-gratuite-la-verificarea-identitii/,,,2024-06-23 11:22:34,
meciuri bundesliga,RO,Romania,Romanian,Bundesliga (Event),true,false,false,true,false,false,"Video preview, Image pack",150,1,,0,,,,35,,Lost,,https://legalbet.ro/centrul-de-pariere/turnee/bundesliga/,,,2024-06-12 14:43:33,
bournemouth - leicester,RO,Romania,English,"Leicester City (Organization), Bournemouth (Location)",true,true,false,true,false,false,"Video preview, Image pack",100,0,,0,,,,34,,Lost,,https://legalbet.ro/centrul-de-pariere/bournemouth-leicester-city-28-02-2024/,,,2024-06-20 12:27:18,
bonus casa pariurilor,RO,Romania,Romanian,Casa Pariurilor (Organization),true,false,false,true,true,false,"Video preview, Image pack",300,1,3.11,0,,,,39,,Lost,,https://legalbet.ro/rating-bonus/,,,2024-06-15 03:58:34,
cfr vs u,RO,Romania,Romanian,CFR 1907 Cluj (Organization),true,false,false,true,false,false,"Video preview, Image pack",90,0,,0,,,,33,,Lost,,https://legalbet.ro/centrul-de-pariere/cfr-kluj-universitatea-cluj-20-12-2023/,,,2024-06-27 02:32:32,
predictii tenis azi,RO,Romania,Romanian,,false,false,false,true,true,true,,80,3,0.56,0,0,0,,9,8,1,,https://legalbet.ro/ponturi/sportul-tenis/,,https://legalbet.ro/ponturi/sportul-tenis/,2024-06-26 01:40:37,2026-06-17 11:28:58
pariuri la tenis,RO,Romania,Romanian,,false,false,true,false,true,true,"Top stories, Thumbnail, Video preview, Image pack",150,7,,0,,,,36,,Lost,,https://legalbet.ro/case-de-pariuri/sets/case-de-pariuri-tenis/,,,2024-06-24 00:07:58,
rapid meci,RO,Romania,Romanian,FC Rapid București (Organization),true,false,false,true,false,false,"Video preview, Knowledge panel",90,3,3.48,0,,,,33,,Lost,,https://legalbet.ro/centrul-de-pariere/echipe/rapid-bucuresti/,,,2024-06-25 05:13:59,
uta arad games,RO,Romania,English,UTA Arad (Organization),true,false,false,true,false,false,"Video preview, Image pack",90,7,,0,,,,33,,Lost,,https://legalbet.ro/centrul-de-pariere/echipe/uta-arad/,,,2024-06-14 23:23:05,
pe ce program joaca fcsb azi in europa league,RO,Romania,Romanian,"FCSB (Organization), Europa League (Event)",true,false,false,true,false,false,,100,2,0.57,0,,,,34,,Lost,,https://legalbet.ro/centrul-de-pariere/astazi/,,,2024-06-26 16:48:30,
predictii tenis,RO,Romania,Romanian,,false,false,false,true,true,false,"Video preview, Image pack",500,7,0.84,0,,,,10,,Lost,,https://legalbet.ro/ponturi/sportul-tenis/,,,2024-06-24 15:19:18,
statistici real madrid vs rayo vallecano,RO,Romania,Romanian,"Real Madrid (Organization), Rayo Vallecano (Organization)",true,false,false,true,false,false,"Video preview, Image pack",150,0,,0,,,,36,,Lost,,https://legalbet.ro/alegerea-editorului/real-madrid-vs-vallecano-cote-la-pariuri-ponturi-si/,,,2024-06-18 13:13:04,
poziții fc voluntari vs sepsi,RO,Romania,Romanian,"FC Voluntari (Organization), Sepsi (Organization)",true,false,false,true,false,false,"Video preview, Image pack",150,0,,0,,,,36,,Lost,,https://legalbet.ro/centrul-de-pariere/universitatea-craiova-sepsi-osk-sfantu-gheorghe-25-05-2024/,,,2024-06-17 20:59:47,
gets bet contact,RO,Romania,English,Get's Bet (Organization),true,false,false,true,false,false,"Featured snippet, Thumbnail, Image pack, Video preview",200,0,0.47,0,,,,36,,Lost,,https://legalbet.ro/complaints/gets-bet/,,,2024-06-11 16:34:44,
cotele mozzart,RO,Romania,Romanian,MozzartBet (Organization),true,false,false,true,true,false,,100,12,0.17,0,0,0,,25,5,20,,https://legalbet.ro/case-de-pariuri/mozzart/,,https://legalbet.ro/feedback/mozzart/,2024-06-10 09:03:41,2026-06-16 11:02:41
gameworld.ro rotiri gratuite,RO,Romania,Romanian,Gameworld.ro (Organization),true,false,false,true,true,false,"Video preview, Image pack",80,0,1.04,0,,,,33,,Lost,,https://legalbet.ro/bonus/game-world-casino-100-de-rotiri-gratuite-la-verificarea-identitatii/,,,2024-06-15 13:42:22,
rezultat uta,RO,Romania,Romanian,UTA Arad (Organization),true,false,false,true,false,false,"Knowledge panel, Video preview",150,2,,0,,,,35,,Lost,,https://legalbet.ro/centrul-de-pariere/uta-arad-fc_craiova_1948-11-05-2024/,,,2024-06-26 05:07:53,
poziții la liga,RO,Romania,Romanian,LaLiga (Event),true,false,false,true,false,false,"Video preview, Image pack",400,12,0.76,0,,,,40,,Lost,,https://legalbet.ro/centrul-de-pariere/turnee/liga-i/,,,2024-06-25 06:15:05,
jocuri de cazinou,RO,Romania,Romanian,,false,false,false,true,true,false,"Image pack, Video preview",100,61,1.22,0,,,,34,,Lost,,https://legalbet.ro/cazinouri/,,,2024-06-09 16:39:25,
agentii betano,RO,Romania,Romanian,Betano (Organization),true,false,false,true,true,false,Image pack,100,10,1.54,0,,,,34,,Lost,,https://legalbet.ro/complaints/betano/,,,2024-06-11 02:43:23,
win for life 1/20,RO,Romania,English,Win for Life 10/20 (Event),true,false,false,true,false,false,Image pack,1000,0,0.19,0,,,,44,,Lost,,https://legalbet.ro/alegerea-editorului/loteria-win-for-life-1020-te-asteapta-cu-extrageri/,,,2024-06-24 07:21:11,
total bet fotbal,RO,Romania,Romanian,Totalbet (Organization),true,false,false,true,true,false,"Sitelinks, Video preview",90,42,0.55,0,0,0,,5,4,1,,https://legalbet.ro/scoala-pariurilor/recenzia-casei-de-pariuri-totalbet/,,https://legalbet.ro/scoala-pariurilor/recenzia-casei-de-pariuri-totalbet/,2024-06-09 09:04:36,2026-06-05 21:59:24
atlético madrid - real sociedad,RO,Romania,Spanish,"Atlético Madrid (Organization), Real Sociedad (Organization)",true,false,false,true,false,false,"Video preview, Image pack",250,0,,0,,,,38,,Lost,,https://legalbet.ro/centrul-de-pariere/real-sociedad-atletico-madrid-26-05-2024/,,,2024-06-27 08:14:13,
sepsi bodo glimt,RO,Romania,Romanian,"Sepsi (Organization), Bodo/Glimt (Organization)",true,false,false,true,false,false,"Video preview, Image pack",100,0,,0,,,,34,,Lost,,https://legalbet.ro/centrul-de-pariere/sepsi-osk-sfantu-gheorghe-bod-glimt-24-08-2023/,,,2024-06-20 01:36:26,
pariuri casino,RO,Romania,Romanian,,false,false,false,true,true,true,"Video preview, Image pack, Local pack",100,44,1.44,0,,,,34,,Lost,,https://legalbet.ro/cazinouri/,,,2024-06-16 13:31:30,
conti casino.ro,RO,Romania,Romanian,Conti Cazino (Organization),true,false,true,true,true,true,"Video preview, Bottom ads",100,0,0.50,0,,,,34,,Lost,,https://legalbet.ro/bonus/bonus-de-bun-venit-conti-cazino/,,,2024-06-13 16:44:36,
uta arad vs. farul constanța,RO,Romania,Romanian,"UTA Arad (Organization), Farul Constanța (Organization)",true,false,false,true,false,false,"Video preview, Image pack",150,0,,0,,,,35,,Lost,,https://legalbet.ro/centrul-de-pariere/uta-arad-farul-16-12-2023/,,,2024-06-17 16:59:02,
казино онлайн,RO,Romania,Russian,,false,false,false,true,true,true,Image pack,200,48,1.48,0,,,,37,,Lost,,https://legalbet.ro/cazinouri/,,,2024-06-15 17:26:39,
farul constanța vs cfr cluj,RO,Romania,Romanian,"Farul Constanța (Organization), CFR Cluj (Organization)",true,false,false,true,false,false,"Video preview, Image pack",200,0,,0,,,,37,,Lost,,https://legalbet.ro/centrul-de-pariere/farul-cfr-kluj-02-03-2024/,,,2024-06-12 22:43:56,
winboss bonus,RO,Romania,English,WinBoss (Organization),true,false,false,true,true,false,"Image pack, Video preview",80,1,1.87,0,,,,33,,Lost,,https://legalbet.ro/bonus/winboss-bonus-de-bun-venit-3000-de-lei-si-500-rotiri-gratuite/,,,2024-06-20 06:35:25,
uta arad meciuri,RO,Romania,Romanian,UTA Arad (Organization),true,false,false,true,false,false,"Video preview, Image pack",150,1,0.75,0,,,,35,,Lost,,https://legalbet.ro/centrul-de-pariere/fcsb-uta-arad-22-01-2024/,,,2024-06-22 01:58:32,
fortuna pariuri sportive online,RO,Romania,Romanian,Fortuna (Organization),true,false,false,true,true,false,"Sitelinks, Video preview",150,34,0.53,0,,,,36,,Lost,,https://legalbet.ro/feedback/fortuna/,,,2024-06-22 04:43:53,
las vegas casino cod promo,RO,Romania,Romanian,Las Vegas Casino (Organization),true,true,false,true,true,false,"Featured snippet, Video preview, Image pack",150,0,0.14,0,,,,36,,Lost,,https://legalbet.ro/bonus/las-vegas-casino-333-rotiri-fara-depunere-fara-rulaj/,,,2024-06-08 15:55:34,
fotbal liga 1 etapa viitoare,RO,Romania,Romanian,Liga 1 (Event),true,false,false,true,false,false,Video preview,80,16,,0,,,,33,,Lost,,https://legalbet.ro/centrul-de-pariere/turnee/liga-i/,,,2024-06-07 18:28:03,
grecia keno,RO,Romania,Romanian,Grecia Kino (Event),true,false,false,true,false,false,"Sitelinks, Image pack, Video preview",200,5,0.19,0,,,,39,,Lost,,https://legalbet.ro/alegerea-editorului/loteria-grecia-kino-2080-te-asteapta-cu-extrageri/,,,2024-06-27 14:38:23,
winbet bonus de bun venit,RO,Romania,Romanian,Winbet (Organization),true,false,false,true,true,true,"Sitelinks, Image pack",100,0,2.33,0,,,,34,,Lost,,https://legalbet.ro/cazinouri/winbet/,,,2024-06-20 19:15:36,
rotiri gratuite winboss,RO,Romania,Romanian,Winboss (Organization),true,false,false,true,true,false,"Image pack, Video preview",100,1,1.66,0,,,,35,,Lost,,https://legalbet.ro/bonus/winboss-bonus-de-bun-venit-3000-de-lei-si-500-rotiri-gratuite/,,,2024-06-23 03:49:50,
meci cluj azi,RO,Romania,Romanian,Cluj (Location),false,true,false,true,false,false,"Video preview, Image pack",100,6,0.37,0,,,,34,,Lost,,https://legalbet.ro/centrul-de-pariere/echipe/cfr-kluj/,,,2024-06-23 02:08:46,
ucv fcsb,RO,Romania,Romanian,"Universitatea Craiova (Organization), FCSB (Organization)",true,false,false,true,false,false,"Video preview, Image pack",200,0,,0,,,,38,,Lost,,https://legalbet.ro/centrul-de-pariere/fcsb-universitatea-craiova-06-04-2024/,,,2024-06-19 19:28:39,
winboss rotiri gratuite,RO,Romania,Romanian,Winboss (Organization),true,false,false,true,true,false,"Image pack, Video preview",100,0,1.02,0,,,,34,,Lost,,https://legalbet.ro/bonus/winboss-casino-6000-de-lei-si-600-de-rotiri-gratuite-bonus-de-bun-venit/,,,2024-06-12 00:32:22,
meci botosani,RO,Romania,Romanian,FC Botosani (Organization),true,true,false,true,false,false,"Video preview, Image pack",90,1,0.79,0,,,,29,,Lost,,https://legalbet.ro/centrul-de-pariere/echipe/botosani/,,,2024-06-09 04:21:35,
portugalia vs spania,RO,Romania,Romanian,"Portugal (Location), Spain (Location)",false,false,false,true,false,false,Video preview,4600,0,,0,0,0,,70,48,22,,https://legalbet.ro/alegerea-editorului/portugalia-vs-spania-cote-la-pariuri-ponturi-si/,,https://legalbet.ro/alegerea-editorului/portugalia-vs-spania-cote-la-pariuri-ponturi-si/,2024-06-22 04:28:41,2026-06-09 15:11:41
mr bit rotiri gratuite,RO,Romania,Romanian,MrBit (Organization),true,false,false,true,true,false,"Image pack, Video preview, Bottom ads, Paid sitelinks",450,0,1.28,0,,,,41,,Lost,,https://legalbet.ro/cazinouri/mr-bit-casino/,,,2024-06-17 06:52:09,
magnum bet contact,RO,Romania,English,Magnum Bet (Organization),true,false,false,true,false,false,Image pack,100,0,0.32,0,,,,35,,Lost,,https://legalbet.ro/centrul-de-pariere/romania-liechtenstein-07-06-2024/,,,2024-06-06 12:53:32,
fc botosani cfr cluj,RO,Romania,Romanian,"FC Botosani (Organization), CFR Cluj (Organization)",true,false,false,true,false,false,"Video preview, Image pack",150,1,,0,,,,35,,Lost,,https://legalbet.ro/centrul-de-pariere/botosani-cfr-kluj-21-01-2024/,,,2024-06-24 19:20:47,
cehia liga 1,RO,Romania,Romanian,Czech First League (Event),true,false,false,true,false,false,"Image pack, Video preview, Knowledge panel",150,0,2.15,0,,,,36,,Lost,,https://legalbet.ro/centrul-de-pariere/portugal-czech-republic-18-06-2024-1/,,,2024-06-24 19:24:56,
mozzartbet bonus fara depunere,RO,Romania,Romanian,Mozzartbet (Organization),true,false,false,true,true,false,"Video preview, Image pack",150,0,0.60,0,,,,37,,Lost,,https://legalbet.ro/centrul-de-pariere/argentina-canada-21-06-2024/,,,2024-06-19 15:24:34,
optimi champions league,RO,Romania,Romanian,UEFA Champions League (Event),true,false,false,true,false,false,"Video preview, Image pack",150,3,,0,,,,35,,Lost,,https://legalbet.ro/centrul-de-pariere/turnee/champions-league/,,,2024-06-26 07:36:59,
cod bonus player casino,RO,Romania,Romanian,,false,false,false,true,true,false,Image pack,250,0,0.99,0,,,,39,,Lost,,https://legalbet.ro/alegerea-editorului/player-casino-ce-promotii-ai-cum-le-obtii-si-cum-le/,,,2024-06-15 23:47:32,
real valencia,RO,Romania,Romanian,"Real Madrid (Organization), Valencia (Organization)",true,false,false,true,false,false,"Thumbnail, Video preview, Image pack",200,0,0.14,0,,,,34,,Lost,,https://legalbet.ro/centrul-de-pariere/valencia-real-madrid-02-03-2024/,,,2024-06-07 10:31:26,
rapid vs fcsb,RO,Romania,Romanian,"Rapid București (Organization), FCSB (Organization)",true,false,false,true,false,false,"Video preview, Image pack",150,0,0.24,0,,,,37,,Lost,,https://legalbet.ro/centrul-de-pariere/fcsb-rapid-bucuresti-20-04-2024/,,,2024-06-24 19:31:15,
online best casino,RO,Romania,English,,false,false,false,true,true,false,"People also ask, Video preview",90,45,10.82,0,,,,34,,Lost,,https://legalbet.ro/cazinouri/,,,2024-06-19 21:38:34,
u cluj steaua,RO,Romania,Romanian,"FC U Cluj (Organization), FC Steaua București (Organization)",true,false,false,true,false,false,"Video preview, Image pack",150,0,,0,,,,35,,Lost,,https://legalbet.ro/centrul-de-pariere/universitatea-cluj-fcsb-17-02-2024/,,,2024-06-09 07:42:31,
netbet contact,RO,Romania,English,NetBet (Organization),true,false,false,true,false,false,"Featured snippet, Image pack, Video preview",350,0,2.74,0,,,,40,,Lost,,https://legalbet.ro/feedback/netbet/,,,2024-06-27 04:18:01,
getsbet cod bonus,RO,Romania,English,GetsBet (Organization),true,false,false,true,true,true,"Featured snippet, Image pack, Video preview",100,0,1.21,0,,,,35,,Lost,,https://legalbet.ro/bonus/sets/gets-bet-casino/,,,2024-06-16 16:45:46,
statistici la liga,RO,Romania,Romanian,LaLiga (Event),true,false,false,true,false,false,Image pack,350,0,,0,,,,40,,Lost,,https://legalbet.ro/centrul-de-pariere/turnee/la-liga/,,,2024-06-22 12:13:06,
casino 888,RO,Romania,Romanian,888 Casino (Organization),true,false,true,true,true,true,"Sitelinks, Video preview",2300,38,1.18,0,,,,49,,Lost,,https://legalbet.ro/cazinouri/888casino/,,,2024-06-26 23:12:25,
rezultat universitatea craiova,RO,Romania,Romanian,CS Universitatea Craiova (Organization),true,true,false,true,false,false,"Video preview, Image pack",100,0,,0,,,,35,,Lost,,https://legalbet.ro/centrul-de-pariere/universitatea-craiova-rapid-bucuresti-04-03-2024/,,,2024-06-13 18:42:05,
liste uta arad vs cfr cluj,RO,Romania,Romanian,"UTA Arad (Organization), CFR Cluj (Organization)",true,false,false,true,false,false,Image pack,150,0,,0,,,,37,,Lost,,https://legalbet.ro/centrul-de-pariere/uta-arad-farul-16-12-2023/,,,2024-06-20 01:05:38,
conticasino.ro,RO,Romania,,Conticazino (Organization),true,false,true,true,true,false,,80,58,1.16,0,0,0,,22,4,18,,https://legalbet.ro/feedback/conticazino/,,https://legalbet.ro/cazinouri/conti-cazino/,2024-06-09 12:00:34,2026-06-21 19:03:38
nantes - monaco,RO,Romania,Romanian,"Nantes (Location), Monaco (Location)",true,true,false,true,false,false,"Video preview, Thumbnail, Image pack",90,0,,0,,,,34,,Lost,,https://legalbet.ro/centrul-de-pariere/monaco-nantes-18-05-2024/,,,2024-06-10 19:07:57,
fortuna bet verificare bilet,RO,Romania,Romanian,Fortuna Bet (Organization),true,false,true,true,false,false,Sitelinks,90,38,0.89,0,0,0,,17,5,12,,https://legalbet.ro/scoala-pariurilor/fortuna-bet-verificare-bilet-online/,,https://legalbet.ro/scoala-pariurilor/fortuna-bet-verificare-bilet-online/,2024-06-11 00:52:17,2026-06-15 23:58:14
statistici sepsi vs „u” cluj,RO,Romania,Romanian,"Sepsi (Organization), Cluj (Location)",true,true,false,true,false,false,"Video preview, Image pack",80,1,,0,,,,34,,Lost,,https://legalbet.ro/centrul-de-pariere/universitatea-craiova-sepsi-osk-sfantu-gheorghe-25-05-2024/,,,2024-06-14 06:43:30,
meciuri din psg,RO,Romania,Romanian,Paris Saint-Germain (Organization),true,false,false,true,false,false,"Video preview, Image pack",200,1,,0,,,,38,,Lost,,https://legalbet.ro/centrul-de-pariere/echipe/paris-saint-germain/,,,2024-06-27 09:24:29,
888casino bonus,RO,Romania,English,888 Casino (Organization),true,false,false,true,true,true,"Top ads, Paid sitelinks, Image pack, Video preview",200,3,0.88,0,,,,38,,Lost,,https://legalbet.ro/bonus/888-cazino-25-lei-bonus-fr-depunere-la-inregistrare/,,,2024-06-11 10:31:05,
frank casino rotiri gratuite,RO,Romania,Romanian,Frank Casino (Organization),true,false,false,true,true,true,"Image pack, Video preview",300,1,1.49,0,,,,40,,Lost,,https://legalbet.ro/cazinouri/frank-casino/,,,2024-06-13 17:04:23,
printess casino,RO,Romania,Romanian,Princess Casino (Organization),true,false,false,true,true,false,"Sitelinks, Thumbnail, Knowledge panel, Video preview, Image pack, Bottom ads, Paid sitelinks",80,1,2.35,0,,,,34,,Lost,,https://legalbet.ro/cazinouri/princess-casino/,,,2024-06-20 15:02:39,
8888 casino,RO,Romania,,,false,false,true,true,true,true,"Top ads, Sitelinks, Video preview, Bottom ads, Paid sitelinks",250,51,0.86,0,,,,39,,Lost,,https://legalbet.ro/complaints/888-sport/,,,2024-06-27 17:49:05,
888 ro,RO,Romania,,888.ro (Product),true,false,true,false,false,true,"Sitelinks, Video preview",100,36,0.95,0,,,,35,,Lost,,https://legalbet.ro/feedback/888-sport/,,,2024-06-12 16:40:49,
bonus unibet casino,RO,Romania,English,Unibet Casino (Organization),true,false,false,true,true,false,Video preview,150,4,2.21,0,,,,37,,Lost,,https://legalbet.ro/cazinouri/unibet/,,,2024-06-19 16:40:41,
raspunsuri wow,RO,Romania,Romanian,,false,false,false,true,false,false,"Video preview, Image pack",150,4,,0,,,,36,,Lost,,https://legalbet.ro/case-de-pariuri/pariuriplus/,,,2024-06-08 08:16:13,
program liga 1 la fotbal,RO,Romania,Romanian,Liga 1 (Event),true,false,false,true,false,false,"Image pack, Video preview",200,26,,0,,,,38,,Lost,,https://legalbet.ro/centrul-de-pariere/turnee/liga-i/,,,2024-06-25 07:43:22,
fcsb uta arad live,RO,Romania,Romanian,"FCSB (Organization), UTA Arad (Organization)",true,false,false,true,false,false,"Video preview, Image pack",80,0,0.20,0,,,,34,,Lost,,https://legalbet.ro/centrul-de-pariere/fcsb-uta-arad-22-01-2024/,,,2024-06-16 12:50:46,
oferte cazinouri fara depunere,RO,Romania,Romanian,,false,false,false,true,true,false,Image pack,100,35,,0,,,,35,,Lost,,https://legalbet.ro/cazinouri/bonusuri/,,,2024-06-11 09:16:52,
betano contact telefon,RO,Romania,Romanian,Betano (Organization),true,false,false,true,false,false,"Featured snippet, Thumbnail, Image pack, Video preview",400,0,0.87,0,,,,41,,Lost,,https://legalbet.ro/complaints/betano/,,,2024-06-22 16:45:45,
pontul nostru,RO,Romania,Romanian,Pontul Nostru (Organization),true,true,false,true,false,false,"Sitelinks, Video preview",1900,0,1.47,0,,,,50,,Lost,,https://legalbet.ro/ponturi/croatia-vs-italia-pronosticuri-euro-2024-pentru-24-06-2024-razvan-marinescu/,,,2024-06-23 17:51:18,
pontul nostru ro,RO,Romania,Romanian,Pontul Nostru (Organization),true,false,true,true,false,false,"Sitelinks, Video preview, Image pack",200,0,1.33,0,,,,38,,Lost,,https://legalbet.ro/ponturi/scotia-vs-ungaria-ponturi-pariuri-campionatul-european-pentru-23-06-2024-nsavin/,,,2024-06-22 06:53:48,
player.ro bonus fara depunere,RO,Romania,Romanian,Player.ro (Organization),true,false,false,true,true,false,"Top ads, Paid sitelinks, Image pack",200,0,1.30,0,,,,38,,Lost,,https://legalbet.ro/alegerea-editorului/player-casino-ce-promotii-ai-cum-le-obtii-si-cum-le/,,,2024-06-23 20:08:49,
liste uta arad vs oțelul galați,RO,Romania,Romanian,"UTA Arad (Organization), Oțelul Galați (Organization)",true,false,false,true,false,false,"Videos, Image pack",200,0,,0,,,,38,,Lost,,https://legalbet.ro/ponturi/fc-uta-arad-vs-otelul-galati-predictii-fotbal-play-out-superliga-romaniei-25-04-2024-karbacher/,,,2024-06-09 00:41:18,
girona - valencia,RO,Romania,Romanian,"Girona (Location), Valencia (Location)",false,true,false,true,false,false,"Video preview, Image pack, Thumbnail",150,0,,0,,,,37,,Lost,,https://legalbet.ro/centrul-de-pariere/valencia-girona-19-05-2024/,,,2024-06-15 06:37:14,
betano inregistrare,RO,Romania,Romanian,Betano (Organization),true,false,true,true,true,true,"Sitelinks, Video preview, Image pack",150,3,3.08,0,,,,37,,Lost,,https://legalbet.ro/scoala-pariurilor/primul-pariu-la-betano/,,,2024-06-15 23:09:21,
rez fotbal azi,RO,Romania,Romanian,,false,false,false,true,false,false,"Sitelinks, Image pack, Video preview",250,25,0.47,0,,,,39,,Lost,,https://legalbet.ro/centrul-de-pariere/maine/,,,2024-06-15 07:18:13,
verificare bilete fortuna,RO,Romania,Romanian,Fortuna (Organization),true,false,false,true,false,false,Video preview,300,49,1.41,0,0,0,,15,4,11,,https://legalbet.ro/scoala-pariurilor/fortuna-bet-verificare-bilet-online/,,https://legalbet.ro/scoala-pariurilor/fortuna-bet-verificare-bilet-online/,2024-06-22 06:46:33,2026-06-06 12:27:31
meciuri din bayern,RO,Romania,Romanian,FC Bayern Munich (Organization),true,false,false,true,false,false,"Video preview, Image pack",100,0,,0,,,,36,,Lost,,https://legalbet.ro/centrul-de-pariere/echipe/bayern-munchen/,,,2024-06-24 02:02:23,
statistici „u” cluj vs fc botoșani,RO,Romania,Romanian,"U Cluj (Organization), FC Botoșani (Organization)",true,false,false,true,false,false,"Video preview, Image pack",150,0,,0,,,,37,,Lost,,https://legalbet.ro/centrul-de-pariere/botosani-dinamo-bucuresti-16-12-2023/,,,2024-06-13 00:13:32,
betano promotii,RO,Romania,Romanian,Betano (Organization),true,false,false,true,true,false,"Image pack, Video preview",150,3,0.86,0,,,,37,,Lost,,https://legalbet.ro/tag/betano-stiri-promotii-bonusuri/?page=2,,,2024-06-10 02:58:08,
meciuri cupe europene echipe romanesti,RO,Romania,Romanian,Romanian football teams (Organization),false,false,false,true,false,false,"Videos, Video preview",80,0,0.37,0,,,,34,,Lost,,https://legalbet.ro/centrul-de-pariere/astazi/,,,2024-06-24 12:49:51,
cod bonus netbet,RO,Romania,Romanian,NetBet (Organization),true,false,false,true,true,true,"Video preview, Image pack",250,2,1.30,0,,,,40,,Lost,,https://legalbet.ro/bonus/sets/bonus-netbet/,,,2024-06-26 12:16:34,
cota 3,RO,Romania,Romanian,,false,false,false,true,false,false,,150,0,0.84,0,0,0,,6,4,2,,https://legalbet.ro/scoala-pariurilor/strategie-cota-2-cota-3/,,https://legalbet.ro/scoala-pariurilor/strategie-cota-2-cota-3/,2024-06-15 14:09:40,2026-06-09 04:47:58
casa pariurilor verificare bilet,RO,Romania,Romanian,Casa Pariurilor (Organization),true,false,false,true,false,false,,2200,42,0.94,0,0,0,,18,7,11,,https://legalbet.ro/scoala-pariurilor/casa-pariurilor-verificare-bilet-online/,,https://legalbet.ro/scoala-pariurilor/casa-pariurilor-verificare-bilet-online/,2024-06-27 09:33:49,2026-06-17 18:15:57
cod promo las vegas rotiri gratuite,RO,Romania,Romanian,Las Vegas (Location),false,true,false,true,true,false,"Featured snippet, Image pack, Video preview",350,0,1.43,0,,,,41,,Lost,,https://legalbet.ro/bonus/las-vegas-casino-333-rotiri-fara-depunere-fara-rulaj/,,,2024-06-19 04:09:56,
scor fcsb craiova,RO,Romania,Romanian,"FCSB (Organization), Craiova (Location)",true,true,false,true,false,false,"Video preview, Image pack",100,2,,0,,,,36,,Lost,,https://legalbet.ro/centrul-de-pariere/fcsb-universitatea-craiova-06-04-2024/,,,2024-06-19 20:18:28,
super be,RO,Romania,Romanian,Superbet (Organization),true,false,false,true,true,false,"Sitelinks, Knowledge panel, Image pack, Local pack, Video preview, Bottom ads, Paid sitelinks",80,3,1.20,0,,,,33,,Lost,,https://legalbet.ro/feedback/superbet/,,,2024-06-07 06:19:46,
efortuna contact,RO,Romania,Romanian,Efortuna (Organization),true,false,false,true,false,false,"Featured snippet, Image pack",90,0,0.44,0,,,,35,,Lost,,https://legalbet.ro/case-de-pariuri/fortuna/,,,2024-06-25 15:29:46,
farul constanța vs. cfr cluj,RO,Romania,Romanian,"FC Farul Constanța (Organization), CFR Cluj (Organization)",true,false,false,true,false,false,"Video preview, Image pack",100,0,,0,,,,36,,Lost,,https://legalbet.ro/centrul-de-pariere/farul-cfr-kluj-02-03-2024/,,,2024-06-11 04:14:15,
meci barcelona,RO,Romania,Romanian,FC Barcelona (Organization),true,false,false,true,false,false,"Video preview, Image pack",150,0,0.10,0,,,,31,,Lost,,https://legalbet.ro/centrul-de-pariere/echipe/barcelona/,,,2024-06-26 02:19:50,
superbet fara depunere,RO,Romania,Romanian,Superbet (Organization),true,false,false,true,true,false,"Videos, Image pack, Video preview",200,2,3.44,0,,,,38,,Lost,,https://legalbet.ro/bonus/sets/bonus-superbet/,,,2024-06-19 05:40:41,
las vegas casino online,RO,Romania,English,Las Vegas (Location),false,true,false,true,true,true,,2100,12,1.21,0,,,,49,,Lost,,https://legalbet.ro/feedback/las-vegas/,,,2024-06-27 03:07:14,
ponturi bune azi,RO,Romania,Romanian,,false,false,false,true,false,false,,200,56,0.74,0,0,0,,20,5,15,,https://legalbet.ro/ponturi/,,https://legalbet.ro/ponturi/,2024-06-08 23:10:32,2026-05-16 21:57:43
superbet bonus aniversar,RO,Romania,Romanian,"Superbet (Organization), Superbet Anniversary Bonus (Event)",true,false,false,true,true,false,"Image pack, Video preview",150,0,1.76,0,,,,37,,Lost,,https://legalbet.ro/bonus/sets/bonus-superbet/,,,2024-06-16 01:02:58,
fotbal liga 1 romania rezultate clasament,RO,Romania,Romanian,"Liga 1 (Event), Romania (Location)",true,false,false,true,false,false,Video preview,150,24,,0,,,,37,,Lost,,https://legalbet.ro/centrul-de-pariere/turnee/liga-i/,,,2024-06-24 01:08:01,
meci iasi,RO,Romania,Romanian,Iasi (Location),false,true,false,true,false,false,"Video preview, Image pack",100,1,0.23,0,,,,33,,Lost,,https://legalbet.ro/centrul-de-pariere/politehnica-iasi-rapid-bucuresti-24-02-2024/,,,2024-06-15 12:38:49,
liste „u” cluj vs fc hermannstadt,RO,Romania,Romanian,"U Cluj (Organization), FC Hermannstadt (Organization)",true,false,false,true,false,false,Image pack,200,2,,0,,,,39,,Lost,,https://legalbet.ro/alegerea-editorului/fcsb-u-cluj-cote-la-pariuri-si-statistici/,,,2024-06-16 23:45:22,
888 casino romania,RO,Romania,English,"888 Casino (Organization), Romania (Location)",true,false,true,true,true,true,"Sitelinks, Video preview",900,54,1.04,0,,,,45,,Lost,,https://legalbet.ro/cazinouri/,,,2024-06-25 13:06:18,
meci dinamo,RO,Romania,Romanian,Dinamo București (Organization),true,false,false,true,false,false,"Video preview, Image pack",500,2,0.29,0,,,,39,,Lost,,https://legalbet.ro/centrul-de-pariere/echipe/dinamo-bucuresti/,,,2024-06-26 09:38:29,
patron superbet,RO,Romania,Romanian,Superbet (Organization),true,false,false,true,false,false,"Featured snippet, Image pack, Video preview",150,0,2.62,0,,,,38,,Lost,,https://legalbet.ro/feedback/superbet/,,,2024-06-27 00:50:55,
bonus gratuit fara depunere,RO,Romania,Romanian,,false,false,false,true,true,false,Image pack,90,33,4.16,0,,,,35,,Lost,,https://legalbet.ro/bonus/sets/fara-depunere-pariuri/,,,2024-06-21 12:46:30,
betano online casino,RO,Romania,English,Betano (Organization),true,false,false,true,true,false,"Sitelinks, Video preview",150,2,0.83,0,,,,38,,Lost,,https://legalbet.ro/feedback/betano/,,,2024-06-15 10:18:37,
anna cori retur,RO,Romania,Romanian,Anna Cori (Organization),true,false,false,true,false,false,Thumbnail,150,0,0.47,0,,,,38,,Lost,,https://legalbet.ro/ponturi/iga-swiatek-vs-marketa-vondrousova-pronosticuri-tenis-french-open-04062024-marian/,,,2024-06-10 06:54:28,
roma vs,RO,Romania,Romanian,AS Roma (Organization),true,false,false,true,false,false,"Video preview, Image pack",90,0,,0,,,,35,,Lost,,https://legalbet.ro/alegerea-editorului/as-roma-vs-ac-milan-ponturi-si-pronosticuri-uefa-europa/,,,2024-06-16 04:22:45,
unibet sport,RO,Romania,English,Unibet (Organization),true,false,false,true,true,false,"Sitelinks, Image pack, Video preview",100,42,1.14,0,,,,37,,Lost,,https://legalbet.ro/bonus/unibet-sport-bonus-de-bun-venit-de-300-de-lei-cash-si-200-de-rotiri-gratuite/,,,2024-06-14 03:59:35,
meci bayern,RO,Romania,Romanian,Bayern Munich (Organization),true,false,false,true,false,false,"Video preview, Image pack",150,2,0.08,0,,,,37,,Lost,,https://legalbet.ro/centrul-de-pariere/echipe/bayern-munchen/,,,2024-06-24 18:33:51,
pacanele betano,RO,Romania,Romanian,Betano (Organization),true,false,true,true,false,false,"Sitelinks, Video preview, Image pack, Bottom ads, Paid sitelinks",100,4,2.32,0,,,,36,,Lost,,https://legalbet.ro/cazinouri/betano/,,,2024-06-12 22:12:06,
meciuri din atalanta,RO,Romania,Romanian,Atalanta (Organization),true,false,false,true,false,false,"Image pack, Video preview",90,0,,0,,,,35,,Lost,,https://legalbet.ro/centrul-de-pariere/echipe/atalanta/,,,2024-06-16 20:09:38,
frank casino rotiri gratuite fara depunere,RO,Romania,Romanian,Frank Casino (Organization),true,false,false,true,true,false,"Featured snippet, Image pack",150,1,1.04,0,,,,37,,Lost,,https://legalbet.ro/alegerea-editorului/25-lei-gratis-la-winmasters-fara-depunere-si-o-super/,,,2024-06-13 18:05:48,
real girona,RO,Romania,Romanian,Girona FC (Organization),true,false,false,true,false,false,"Thumbnail, Video preview, Image pack",80,0,,0,,,,35,,Lost,,https://legalbet.ro/centrul-de-pariere/real-madrid-girona-11-02-2024/,,,2024-06-16 10:01:03,
betano rotiri gratuite la inregistrare,RO,Romania,Romanian,Betano (Organization),true,false,false,true,true,false,"Featured snippet, Video preview, Image pack, Bottom ads, Paid sitelinks",150,2,1.02,0,,,,37,,Lost,,https://legalbet.ro/bonus/betano-casino-300-de-rotiri-gratuite-fara-depunere-la-nregistrare/,,,2024-06-18 19:02:35,
vin2 casino,RO,Romania,Romanian,Win2 Casino (Organization),true,false,false,true,true,false,"Sitelinks, Video preview",300,0,,0,,,,41,,Lost,,https://legalbet.ro/cazinouri/win2/,,,2024-06-22 07:54:11,
meciuri liga 1,RO,Romania,Romanian,Liga 1 (Event),true,false,false,true,false,false,"Video preview, Image pack",3000,15,0.81,0,,,,16,,Lost,,https://legalbet.ro/centrul-de-pariere/turnee/liga-i/,,,2024-06-27 03:07:53,
meciuri din bayer leverkusen,RO,Romania,Romanian,Bayer Leverkusen (Organization),true,false,false,true,false,false,"Image pack, Video preview",80,0,,0,,,,35,,Lost,,https://legalbet.ro/centrul-de-pariere/echipe/bayer-04/,,,2024-06-23 14:01:03,
statistici psg vs olympique marseille,RO,Romania,Romanian,"Paris Saint-Germain (Organization), Olympique de Marseille (Organization)",true,false,false,true,false,false,"Video preview, Image pack",100,0,,0,,,,36,,Lost,,https://legalbet.ro/centrul-de-pariere/echipe/marseille/,,,2024-06-22 06:53:10,
fortuna verifica bilet,RO,Romania,Romanian,Fortuna (Organization),true,false,false,true,false,false,,200,40,0.91,0,0,0,,13,5,8,,https://legalbet.ro/scoala-pariurilor/fortuna-bet-verificare-bilet-online/,,https://legalbet.ro/scoala-pariurilor/fortuna-bet-verificare-bilet-online/,2024-06-11 06:56:47,2026-06-14 22:21:16
meci iga swiatek azi,RO,Romania,Romanian,Iga Swiatek (Person),false,false,false,true,false,false,Video preview,300,0,,0,,,,41,,Lost,,https://legalbet.ro/alegerea-editorului/sorana-cirstea-iga-swiatek-in-sferturi-la-indian-wells/,,,2024-06-11 21:09:20,
robot pariuri sportive,RO,Romania,Romanian,,false,false,false,true,false,false,Video preview,150,0,0.53,0,,,,38,,Lost,,https://legalbet.ro/case-de-pariuri/spin/,,,2024-06-23 15:02:40,
jocuri de noroc cu bani reali,RO,Romania,Romanian,,false,false,false,true,true,true,"Featured snippet, Thumbnail, Image pack, Video preview",150,5,0.87,0,,,,38,,Lost,,https://legalbet.ro/scoala-de-cazino/casino-pe-bani-reali/,,,2024-06-27 01:15:36,
meciul de aseara scor,RO,Romania,Romanian,,false,false,false,true,false,false,"Sitelinks, Image pack, Video preview",300,32,0.16,0,,,,41,,Lost,,https://legalbet.ro/centrul-de-pariere/astazi/,,,2024-06-18 17:42:11,
dinamo meci,RO,Romania,Romanian,Dinamo București (Organization),true,false,false,true,false,false,"Video preview, Image pack",100,2,0.04,0,,,,32,,Lost,,https://legalbet.ro/centrul-de-pariere/echipe/dinamo-bucuresti/,,,2024-06-27 17:34:07,
pariuri sport,RO,Romania,Romanian,,false,false,false,true,true,false,"Image pack, Local pack, Bottom ads, Paid sitelinks",150,71,1.66,0,,,,38,,Lost,,https://legalbet.ro/case-de-pariuri-licentiate/,,,2024-06-07 06:23:59,
winbet rotiri gratuite fara depunere,RO,Romania,Romanian,Winbet (Organization),true,false,false,true,true,false,"Image pack, Bottom ads, Paid sitelinks",200,0,3.04,0,,,,39,,Lost,,https://legalbet.ro/cazinouri/winbet/,,,2024-06-12 02:31:25,
petrolul–u cluj,RO,Romania,Romanian,"Petrolul Ploiești (Organization), U Cluj (Organization)",true,false,false,true,false,false,"Video preview, Image pack",150,0,,0,,,,38,,Lost,,https://legalbet.ro/centrul-de-pariere/universitatea-cluj-petrolul-13-04-2024/,,,2024-06-09 13:10:51,
poziții fc hermannstadt,RO,Romania,Romanian,FC Hermannstadt (Organization),true,false,false,true,false,false,"Knowledge panel, Video preview",150,1,,0,,,,39,,Lost,,https://legalbet.ro/centrul-de-pariere/rapid-bucuresti-afc-hermannstadt-17-02-2024/,,,2024-06-27 16:26:10,
liste cfr cluj vs uta arad,RO,Romania,Romanian,"CFR Cluj (Organization), UTA Arad (Organization)",true,false,false,true,false,false,"Image pack, Video preview",100,0,,0,,,,37,,Lost,,https://legalbet.ro/centrul-de-pariere/echipe/uta-arad/,,,2024-06-19 21:13:58,
win2.ro,RO,Romania,,Win2.ro (Organization),true,false,true,true,false,false,"Sitelinks, Video preview",1100,9,0.59,0,0,0,,5,5,,,https://legalbet.ro/feedback/win2/,,https://legalbet.ro/feedback/win2/,2024-06-27 18:07:00,2026-06-09 19:55:14
dinamo steaua 7-0,RO,Romania,Romanian,Dinamo București vs Steaua București (Event),false,false,false,true,false,false,"Video preview, Image pack",150,1,,0,,,,38,,Lost,,https://legalbet.ro/centrul-de-pariere/fcsb-dinamo-bucuresti-22-07-2023/,,,2024-06-27 05:12:04,
aplicatia casa pariurilor,RO,Romania,Romanian,Casa Pariurilor (Organization),true,false,true,false,true,true,"Image pack, Video preview",250,2,1.89,0,,,,40,,Lost,,https://legalbet.ro/scoala-pariurilor/casa-pariurilor-depuneri-i-retrageri/,,,2024-06-16 21:07:31,
jocuri bingo gratis,RO,Romania,Romanian,,false,false,false,true,false,false,Image pack,300,0,0.81,0,,,,41,,Lost,,https://legalbet.ro/cazinouri/bingo/,,,2024-06-25 21:16:00,
bonus superbet fara depunere,RO,Romania,Romanian,Superbet (Organization),true,false,false,true,true,false,"Video preview, Image pack, Bottom ads, Paid sitelinks",200,2,5.02,0,,,,40,,Lost,,https://legalbet.ro/bonus/sets/bonus-superbet/,,,2024-06-25 12:24:24,
roma milan,RO,Romania,Romanian,"AS Roma (Organization), AC Milan (Organization)",true,false,false,true,false,false,"Video preview, Thumbnail, Image pack",200,1,0.10,0,,,,34,,Lost,,https://legalbet.ro/centrul-de-pariere/roma-milan-18-04-2024/,,,2024-06-24 05:46:07,
oţelul fcsb,RO,Romania,Romanian,"Oțelul Galați (Organization), FCSB (Organization)",true,false,false,true,false,false,"Video preview, Image pack",100,0,,0,,,,37,,Lost,,https://legalbet.ro/centrul-de-pariere/fcsb-ocelul-02-12-2023/,,,2024-06-24 01:15:47,
scor fcsb rapid,RO,Romania,Romanian,"FCSB (Organization), Rapid București (Organization)",true,false,false,true,false,false,"Video preview, Image pack",150,2,0.34,0,,,,38,,Lost,,https://legalbet.ro/centrul-de-pariere/fcsb-rapid-bucuresti-20-04-2024/,,,2024-06-17 13:38:24,
meci poli iasi,RO,Romania,Romanian,Poli Iași (Organization),true,true,false,true,false,false,"Video preview, Image pack",150,6,0.60,0,,,,39,,Lost,,https://legalbet.ro/centrul-de-pariere/dinamo-bucuresti-politehnica-iasi-13-04-2024/,,,2024-06-23 21:29:06,
cfr cluj fc botoșani,RO,Romania,Romanian,"CFR Cluj (Organization), FC Botoșani (Organization)",true,false,false,true,false,false,"Video preview, Image pack",150,0,,0,,,,39,,Lost,,https://legalbet.ro/centrul-de-pariere/botosani-cfr-kluj-21-01-2024/,,,2024-06-08 11:44:08,
excelbet online,RO,Romania,English,ExcelBet (Organization),true,false,false,true,true,false,"Image pack, Video preview, Bottom ads, Paid sitelinks",100,0,0.74,0,,,,37,,Lost,,https://legalbet.ro/complaints/excelbet/,,,2024-05-29 11:30:57,
dinamo rapid,RO,Romania,Romanian,"Dinamo București (Organization), FC Rapid 1923 (Organization)",true,false,false,true,false,false,Video preview,100,0,0.11,0,,,,35,,Lost,,https://legalbet.ro/centrul-de-pariere/dinamo-bucuresti-rapid-bucuresti-27-01-2024/,,,2024-06-27 10:53:45,
meciuri din farul constanța,RO,Romania,Romanian,"FC Farul Constanța (Organization), Constanța (Location)",true,true,false,true,false,false,"Video preview, Image pack",400,0,,0,,,,43,,Lost,,https://legalbet.ro/centrul-de-pariere/farul-dinamo-bucuresti-10-02-2024/,,,2024-06-27 22:03:29,
rotiri gratuite fara depunere 2022,RO,Romania,Romanian,,false,false,false,true,true,false,,80,31,0.83,0,,,,36,,Lost,,https://legalbet.ro/cazinouri/rotiri-gratuite/,,,2024-06-27 17:40:41,
bilet superbet azi,RO,Romania,Romanian,Superbet (Organization),true,false,false,true,true,false,"Image pack, Video preview",150,18,0.44,0,,,,39,,Lost,,https://legalbet.ro/biletul-zilei/,,,2024-06-26 04:06:51,
hochei pe gheata,RO,Romania,Romanian,Ice Hockey (Event),false,false,false,true,false,false,"Knowledge panel, Video preview",90,10,0.27,0,,,,34,,Lost,,https://legalbet.ro/scoala-pariurilor/ce-si-cum-pariezi-hochei-pe-gheata/,,,2024-06-20 20:25:51,
total bet verificare bilet,RO,Romania,Romanian,Total Bet (Organization),true,false,false,true,false,false,"Sitelinks, Video preview",800,58,0.57,0,0,0,,7,5,2,,https://legalbet.ro/scoala-pariurilor/recenzia-casei-de-pariuri-totalbet/,,https://legalbet.ro/scoala-pariurilor/recenzia-casei-de-pariuri-totalbet/,2024-06-24 17:42:56,2026-06-14 19:21:49
conticazino cod bonus,RO,Romania,Romanian,Conti Cazino (Organization),true,false,false,true,true,false,"Image pack, Video preview",150,0,0.86,0,,,,38,,Lost,,https://legalbet.ro/bonus/sets/conti-cazino/,,,2024-06-20 12:41:41,
online cazino,RO,Romania,Romanian,,false,false,false,true,true,true,Image pack,200,46,2.83,0,,,,40,,Lost,,https://legalbet.ro/cazinouri/,,,2024-06-14 09:33:10,
oferta stanleybet fotbal,RO,Romania,Romanian,Stanleybet (Organization),true,false,false,true,true,false,"Image pack, Video preview",100,0,0.27,0,,,,38,,Lost,,https://legalbet.ro/case-de-pariuri/stanleybet/,,,2024-06-06 08:34:05,
bonus la verificarea contului,RO,Romania,Romanian,,false,false,false,true,true,false,Image pack,100,28,1.71,0,,,,38,,Lost,,https://legalbet.ro/bonus/,,,2024-06-11 04:38:50,
florin maxim,RO,Romania,Romanian,Florin Maxim (Person),false,false,false,true,false,false,"Video preview, Knowledge panel, Image pack",200,0,,,0,,,,34,New,,,,https://legalbet.ro/stiri/62025011-216266-florin-maxim-a-ramas-fara-contract-la-corvinul-hun/,,2026-05-27 02:05:30
când are meci fcsb,RO,Romania,Romanian,FCSB (Organization),true,false,false,true,false,false,"Video preview, Image pack",150,21,,0,,,,39,,Lost,,https://legalbet.ro/centrul-de-pariere/echipe/FCSB/,,,2024-06-07 21:19:46,
sorana cîrstea meci azi,RO,Romania,Romanian,Sorana Cîrstea (Person),false,false,false,true,false,false,"Video preview, Image pack",150,1,,0,,,,40,,Lost,,https://legalbet.ro/alegerea-editorului/sorana-cirstea-aryna-sabalenka-in-sferturi-la-miami/,,,2024-06-15 07:32:03,
ultrabet,RO,Romania,Romanian,Ultrabet (Organization),true,false,false,true,true,false,Sitelinks,18000,39,0.52,,0,,,,6,New,,,,https://legalbet.ro/cazinouri/ultrabet-casino/,,2026-06-20 05:04:32
cod promo casa pariurilor,RO,Romania,Romanian,Casa Pariurilor (Organization),true,false,false,true,true,true,"Image pack, Video preview",100,0,,0,,,,39,,Lost,,https://legalbet.ro/bonus/casa-pariurilor-bonus-rotiri-gratuite/,,,2024-06-18 22:36:32,
rotiri gratuite betano,RO,Romania,Romanian,Betano (Organization),true,false,false,true,true,false,"Video preview, Image pack",350,2,2.08,0,,,,43,,Lost,,https://legalbet.ro/bonus/betano-casino-300-de-rotiri-gratuite-fara-depunere-la-nregistrare/,,,2024-06-13 18:24:03,
meciuri din rapid bucureşti,RO,Romania,Romanian,"FC Rapid București (Organization), Bucharest (Location)",true,true,false,true,false,false,"Video preview, Image pack",150,4,2.90,0,,,,39,,Lost,,https://legalbet.ro/centrul-de-pariere/echipe/rapid-bucuresti/,,,2024-06-27 18:15:18,
unde să urmăresc rapid bucureşti vs fcsb,RO,Romania,Romanian,"FC Rapid București (Organization), FCSB (Organization)",true,false,false,true,false,false,"Featured snippet, Videos, Image pack",150,7,,0,,,,39,,Lost,,https://legalbet.ro/centrul-de-pariere/astazi/,,,2024-06-12 23:57:38,
vlad cazino pareri,RO,Romania,Romanian,Vlad Cazino (Organization),true,false,false,true,true,false,Image pack,80,0,3.11,0,,,,36,,Lost,,https://legalbet.ro/cazinouri/vlad-cazino/,,,2024-06-15 01:37:08,
meci sabalenka azi,RO,Romania,Romanian,Aryna Sabalenka (Person),false,false,false,true,false,false,Video preview,200,0,,0,,,,41,,Lost,,https://legalbet.ro/ponturi/daria-kasatkina-vs-aryna-sabalenka-pronosticuri-tenis-berlin-open-19062024-marian/,,,2024-06-20 02:44:58,
cfr cluj vs. botoşani,RO,Romania,Romanian,"CFR Cluj (Organization), Botoșani (Location)",true,true,false,true,false,false,"Video preview, Image pack",150,0,5.38,0,,,,39,,Lost,,https://legalbet.ro/centrul-de-pariere/botosani-cfr-kluj-21-01-2024/,,,2024-06-14 03:38:31,
freiburg - bayer,RO,Romania,German,"Freiburg (Organization), Bayer 04 Leverkusen (Organization)",true,true,false,true,false,false,"Thumbnail, Video preview, Image pack",90,0,,0,,,,37,,Lost,,https://legalbet.ro/centrul-de-pariere/freiburg-bayern-munchen-01-03-2024/,,,2024-06-23 03:25:12,
betano agentii,RO,Romania,Romanian,"Betano (Organization), Betano offices (Location)",true,false,false,true,false,false,"Sitelinks, Image pack",90,4,1.40,0,,,,38,,Lost,,https://legalbet.ro/case-de-pariuri/betano/,,,2024-06-19 05:32:57,
fiorentina - juventus,RO,Romania,Romanian,"ACF Fiorentina (Organization), Juventus (Organization)",true,false,false,true,false,false,"Video preview, Image pack",150,0,,0,,,,40,,Lost,,https://legalbet.ro/centrul-de-pariere/juventus-fiorentina-07-04-2024/,,,2024-06-25 12:00:38,
unibet bonuses,RO,Romania,English,Unibet (Organization),true,false,false,true,true,false,"People also ask, Image pack",100,13,1.83,0,,,,38,,Lost,,https://legalbet.ro/bonus/unibet-sport-bonus-de-bun-venit-de-300-de-lei-cash-si-200-de-rotiri-gratuite/,,,2024-06-21 06:35:18,
casa pariului,RO,Romania,Romanian,Casa Pariurilor (Organization),true,false,false,true,true,false,Sitelinks,150,22,1.47,0,0,0,,10,4,6,,https://legalbet.ro/feedback/casa-pariurilor/,,https://legalbet.ro/feedback/casa-pariurilor/,2024-06-24 10:37:41,2026-06-12 10:13:39
u cluj–botosani,RO,Romania,Romanian,"U Cluj (Organization), Botosani (Location)",true,true,false,true,false,false,"Video preview, Image pack",150,0,,0,,,,39,,Lost,,https://legalbet.ro/centrul-de-pariere/universitatea-cluj-botosani-15-03-2024/,,,2024-06-25 06:37:34,
cand incepe liga 1,RO,Romania,Romanian,Liga 1 (Event),true,false,false,true,false,false,Image pack,2200,2,,0,,,,50,,Lost,,https://legalbet.ro/centrul-de-pariere/astazi/,,,2024-06-24 12:47:09,
bonus fara depunere netbet,RO,Romania,Romanian,NetBet (Organization),true,false,false,true,true,false,"Featured snippet, Thumbnail, Video preview",90,4,1.94,0,,,,37,,Lost,,https://legalbet.ro/bonus/netbet-bonus-fara-depunere/,,,2024-06-11 14:48:39,
u cluj fcsb live,RO,Romania,Romanian,"FC Universitatea Cluj (Organization), FCSB (Organization)",true,false,false,true,false,false,"Video preview, Image pack",150,0,,0,,,,40,,Lost,,https://legalbet.ro/centrul-de-pariere/universitatea-cluj-fcsb-17-02-2024/,,,2024-06-11 05:57:44,
clasamente jucători cfr cluj vs fcsb,RO,Romania,Romanian,"CFR Cluj (Organization), FCSB (Organization)",true,false,false,true,false,false,"Videos, Video preview, Image pack",100,3,,0,,,,40,,Lost,,https://legalbet.ro/centrul-de-pariere/astazi/,,,2024-06-25 04:07:23,
cod bonus casa pariurilor,RO,Romania,Romanian,Casa Pariurilor (Organization),true,false,false,true,true,false,"Image pack, Video preview",100,0,0.91,0,,,,39,,Lost,,https://legalbet.ro/bonus/casa-pariurilor-casino-pn-la-2-100-de-lei-si-500-rotiri-bonus-de-bun-venit/,,,2024-06-19 17:07:16,
numar contact superbet,RO,Romania,Romanian,Superbet (Organization),true,false,false,true,false,false,"Local pack, Image pack, Video preview",800,0,1.42,0,,,,48,,Lost,,https://legalbet.ro/feedback/superbet/,,,2024-06-27 12:18:09,
bonus la validarea contului,RO,Romania,Romanian,,false,false,false,true,true,false,Image pack,100,25,2.46,0,,,,38,,Lost,,https://legalbet.ro/cazinouri/bonusuri/bonusuri-la-inregistrare/,,,2024-06-25 01:51:56,
program superliga,RO,Romania,Romanian,Superliga (Event),true,false,false,true,false,false,"Image pack, Video preview",250,21,1.22,0,,,,42,,Lost,,https://legalbet.ro/centrul-de-pariere/turnee/liga-i/,,,2024-06-24 17:24:02,
scor real madrid,RO,Romania,Romanian,Real Madrid (Organization),true,false,false,true,false,false,"Video preview, Image pack",100,4,,0,,,,32,,Lost,,https://legalbet.ro/centrul-de-pariere/real-madrid-barcelona-21-04-2024/,,,2024-06-22 02:47:46,
petrolul botosani,RO,Romania,Romanian,"Petrolul Ploiești (Organization), Botoșani (Location)",true,true,false,true,false,false,"Video preview, Image pack",100,0,0.37,0,,,,38,,Lost,,https://legalbet.ro/centrul-de-pariere/petrolul-botosani-04-05-2024/,,,2024-06-21 21:55:39,
cashout,RO,Romania,English,,false,false,false,true,false,false,"Video preview, Image pack, Knowledge panel",100,0,0.30,0,,,,22,,Lost,,https://legalbet.ro/scoala-pariurilor/optiunea-cash-out-sau-inchidere-pariu/,,,2024-05-24 02:13:42,
meciuri de box azi,RO,Romania,Romanian,,false,false,false,true,false,false,"Video preview, Image pack",100,2,,0,,,,38,,Lost,,https://legalbet.ro/ponturi/sportul-box/,,,2024-06-14 18:53:29,
e fortuna casino,RO,Romania,Romanian,eFortuna Casino (Organization),true,false,true,true,true,true,"Sitelinks, Image pack, Video preview",80,8,1.36,0,,,,37,,Lost,,https://legalbet.ro/case-de-pariuri/fortuna/,,,2024-06-17 16:57:02,
meciuri din uta arad,RO,Romania,Romanian,UTA Arad (Organization),true,false,false,true,false,false,"AI Overview, Thumbnail, Image pack, Video preview",250,1,2.63,0,0,0,,90,43,47,,https://legalbet.ro/centrul-de-pariere/astazi/,,https://legalbet.ro/stiri/62026061-277298-mino-sota-si-a-prelungit-contractul-cu-uta-arad-am/,2024-06-27 18:25:27,2026-06-16 22:36:10
farul cfr cluj,RO,Romania,Romanian,Farul Constanța (Organization),true,false,false,true,false,false,"Video preview, Image pack",200,0,0.54,0,,,,41,,Lost,,https://legalbet.ro/centrul-de-pariere/cfr-kluj-farul-25-05-2024/,,,2024-06-22 02:12:54,
super liga româniei,RO,Romania,Romanian,Superliga Romania (Event),true,false,false,true,false,false,"Knowledge panel, Image pack, Video preview",200,36,1.06,0,,,,41,,Lost,,https://legalbet.ro/centrul-de-pariere/turnee/liga-i/,,,2024-06-22 04:26:01,
meciuri din parma calcio 1913,RO,Romania,Romanian,Parma Calcio 1913 (Organization),true,false,false,true,false,false,"Image pack, Video preview",150,0,,0,,,,39,,Lost,,https://legalbet.ro/alegerea-editorului/belgia-romania-ponturi-si-cote-la-pariuri/,,,2024-06-23 01:16:25,
silviu tudor samuila,RO,Romania,Romanian,Silviu Tudor Samuila (Person),false,false,false,true,false,false,"Image pack, Video preview",150,0,,0,,,,37,,Lost,,https://legalbet.ro/ponturi/astana-dinamo-zagreb-pont-din-conference-league-tudor-silviu-samuila/,,,2024-05-27 03:59:28,
bonusuri casino,RO,Romania,Romanian,,false,false,false,true,true,false,Image pack,700,33,3.85,0,,,,47,,Lost,,https://legalbet.ro/bonus/,,,2024-06-22 19:07:16,
meci azi arena nationala,RO,Romania,Romanian,Arena Națională (Location),false,false,false,true,false,false,"Image pack, Video preview",200,9,0.05,0,,,,41,,Lost,,https://legalbet.ro/centrul-de-pariere/fcsb-botosani-24-02-2024/,,,2024-06-14 17:26:27,
emma raducanu meci azi,RO,Romania,Romanian,Emma Raducanu (Person),false,false,false,true,false,false,Video preview,200,0,,0,,,,41,,Lost,,https://legalbet.ro/ponturi/emma-raducanu-vs-angelique-kerber-pronosticuri-tenis-stuttgart-17042024-marian/,,,2024-06-01 07:30:07,
conti casino rotiri gratuite,RO,Romania,Romanian,Conti Casino (Organization),true,false,false,true,true,false,Image pack,300,0,0.38,0,,,,43,,Lost,,https://legalbet.ro/bonus/conti-cazino-121-de-rotiri-gratuite-fara-depunere/,,,2024-06-14 06:01:32,
meciuri fc hermannstadt vs fcsb,RO,Romania,Romanian,"FC Hermannstadt (Organization), FCSB (Organization)",true,false,false,true,false,false,"Video preview, Image pack",150,0,,0,,,,40,,Lost,,https://legalbet.ro/alegerea-editorului/fcsb-fc-hermannstadt-cote-la-pariuri-i-statistici/,,,2024-06-14 09:06:35,
fortuna verificare bilete,RO,Romania,Romanian,Fortuna (Organization),true,false,false,true,false,false,Video preview,200,52,,0,0,0,,11,5,6,,https://legalbet.ro/scoala-pariurilor/fortuna-bet-verificare-bilet-online/,,https://legalbet.ro/scoala-pariurilor/fortuna-bet-verificare-bilet-online/,2024-06-12 11:44:20,2026-05-22 20:54:35
meciuri din poli iași,RO,Romania,Romanian,"FC Poli Iași (Organization), Iași (Location)",true,true,false,true,false,false,"Video preview, Image pack",200,0,0.92,0,,,,42,,Lost,,https://legalbet.ro/centrul-de-pariere/politehnica-iasi-rapid-bucuresti-24-02-2024/,,,2024-06-27 16:59:14,
poziții 3. liga,RO,Romania,Romanian,3. Liga (Event),true,false,false,true,false,false,"Image pack, Video preview",200,5,,0,,,,41,,Lost,,https://legalbet.ro/centrul-de-pariere/turnee/liga-i/,,,2024-06-18 22:53:17,
poli iasi meci,RO,Romania,Romanian,Poli Iași (Organization),true,true,false,true,false,false,"Video preview, Image pack",90,5,,0,,,,38,,Lost,,https://legalbet.ro/centrul-de-pariere/dinamo-bucuresti-politehnica-iasi-13-04-2024/,,,2024-06-20 03:01:35,
bonus la inregistrare fara depunere,RO,Romania,Romanian,,false,false,false,true,true,false,Image pack,100,36,3.25,0,,,,39,,Lost,,https://legalbet.ro/cazinouri/bonusuri/,,,2024-06-15 15:14:41,
superbet email,RO,Romania,English,Superbet (Organization),true,false,false,true,false,false,"Video preview, Image pack",150,2,0.99,0,,,,40,,Lost,,https://legalbet.ro/complaints/superbet/,,,2024-06-23 01:41:10,
super liga de fotbal,RO,Romania,Romanian,Superliga (Event),true,false,false,true,false,false,"Knowledge panel, Top stories, Thumbnail, Video preview, Image pack",90,31,,0,,,,38,,Lost,,https://legalbet.ro/centrul-de-pariere/turnee/liga-i/,,,2024-06-17 02:40:23,
wacko,RO,Romania,Romanian,Wacko Casino (Organization),true,false,false,true,true,false,Sitelinks,150,49,,,0,,,,4,New,,,,https://legalbet.ro/cazinouri/wacko-casino/,,2026-06-25 02:53:47
statistici man city vs manchester united,RO,Romania,Romanian,"Manchester City (Organization), Manchester United (Organization)",true,false,false,true,false,false,"People also ask, Video preview, Image pack",150,0,,0,,,,40,,Lost,,https://legalbet.ro/centrul-de-pariere/echipe/manchester-united/,,,2024-06-15 23:51:47,
dazzling hot,RO,Romania,English,5 Dazzling Hot (Product),true,false,false,true,true,false,Video preview,150,0,1.18,0,,,,41,,Lost,,https://legalbet.ro/scoala-de-cazino/5-dazzling-hot-cum-si-unde-poti-juca-si-castiga/,,,2024-06-10 05:39:53,
cod paysafecard 25 lei,RO,Romania,Romanian,PaysafeCard (Product),true,false,false,false,true,true,"Video preview, Image pack",150,0,0.08,0,,,,40,,Lost,,https://legalbet.ro/case-de-pariuri/sets/paysafecard/,,,2024-06-23 03:23:05,
internet casino,RO,Romania,English,,false,false,false,true,true,true,Image pack,150,51,7.34,0,,,,40,,Lost,,https://legalbet.ro/cazinouri/,,,2024-06-13 17:02:41,
meci steaua azi,RO,Romania,Romanian,Steaua București (Organization),true,false,false,true,false,false,Video preview,350,12,0.11,0,,,,19,,Lost,,https://legalbet.ro/centrul-de-pariere/echipe/FCSB/,,,2024-06-24 08:07:15,
efortuna verificare bilet,RO,Romania,Romanian,efortuna (Organization),true,false,true,true,false,false,Video preview,150,50,1.06,0,0,0,,17,4,13,,https://legalbet.ro/scoala-pariurilor/fortuna-bet-verificare-bilet-online/,,https://legalbet.ro/scoala-pariurilor/fortuna-bet-verificare-bilet-online/,2024-06-23 18:09:19,2026-06-05 22:46:57
winner online,RO,Romania,English,Winner (Organization),true,false,false,true,true,false,"Sitelinks, Video preview",150,2,2.06,0,,,,41,,Lost,,https://legalbet.ro/scoala-pariurilor/recenzia-casei-de-pariuri-winnerbet/,,,2024-06-14 06:02:18,
casino million online,RO,Romania,English,Million Casino (Organization),true,false,false,true,true,true,"Sitelinks, Image pack, Bottom ads, Paid sitelinks",250,0,1.89,0,,,,43,,Lost,,https://legalbet.ro/alegerea-editorului/cele-mai-bune-cinci-sloturi-de-la-million-casino/,,,2024-06-24 22:10:34,
la ce ora joaca craiova azi,RO,Romania,Romanian,Craiova (Location),false,true,false,true,false,false,"Image pack, Video preview",150,4,0.40,0,,,,40,,Lost,,https://legalbet.ro/centrul-de-pariere/universitatea-craiova-farul-21-01-2024/,,,2024-06-19 19:47:21,
superbet agentie,RO,Romania,Romanian,"Superbet (Organization), Superbet agency (Location)",true,false,false,true,false,false,"Local pack, Video preview, Image pack",100,2,1.28,0,,,,40,,Lost,,https://legalbet.ro/feedback/superbet/,,,2024-06-27 03:19:12,
fcsb - voluntari,RO,Romania,Romanian,"FCSB (Organization), FC Voluntari (Organization)",true,false,false,true,false,false,"Video preview, Image pack",900,0,,0,,,,44,,Lost,,https://legalbet.ro/centrul-de-pariere/voluntari-fcsb-28-02-2024/,,,2024-06-25 04:02:23,
uta arad–u cluj,RO,Romania,Romanian,"UTA Arad (Organization), U Cluj (Organization)",true,false,false,true,false,false,"Video preview, Image pack",150,0,,0,,,,40,,Lost,,https://legalbet.ro/centrul-de-pariere/universitatea-cluj-uta-arad-30-03-2024/,,,2024-06-19 08:06:06,
program eurosport 1 maine,RO,Romania,Romanian,"Eurosport 1 (Organization), maine (Location)",true,true,false,true,false,false,Video preview,150,0,,0,,,,41,,Lost,,https://legalbet.ro/centrul-de-pariere/astazi/,,,2024-06-11 16:15:42,
bonus fara depunere unibet,RO,Romania,Romanian,Unibet (Organization),true,false,false,true,true,false,,100,0,4.97,0,,,,39,,Lost,,https://legalbet.ro/bonus/sets/bonus-unibet/,,,2024-06-20 19:28:01,
casa pariurior,RO,Romania,Romanian,Casa Pariurilor (Organization),true,false,false,true,false,false,"Sitelinks, Local pack",90,18,0.58,0,0,0,,18,6,12,,https://legalbet.ro/feedback/casa-pariurilor/,,https://legalbet.ro/feedback/casa-pariurilor/,2024-06-19 17:22:14,2026-05-26 16:55:34
suport superbet email,RO,Romania,Romanian,Superbet (Organization),true,false,false,true,false,false,"Featured snippet, Thumbnail, Image pack, Video preview",200,0,,0,,,,42,,Lost,,https://legalbet.ro/complaints/superbet/,,,2024-06-15 23:21:30,
agentia casa pariurilor,RO,Romania,Romanian,Agentia Casa Pariurilor (Organization),true,false,false,true,false,false,Sitelinks,150,18,0.56,0,0,0,,12,4,8,,https://legalbet.ro/scoala-pariurilor/primul-pariu-la-casa-pariurilor/,,https://legalbet.ro/scoala-pariurilor/primul-pariu-la-casa-pariurilor/,2024-06-11 08:03:23,2026-05-29 03:10:08
liste sepsi vs fc botoșani,RO,Romania,Romanian,Sepsi OSK vs FC Botoșani (Event),false,false,false,true,false,false,"Image pack, Video preview",150,0,,0,,,,41,,Lost,,https://legalbet.ro/centrul-de-pariere/fcsb-botosani-24-02-2024/,,,2024-06-19 19:51:30,
jocuri de cazino,RO,Romania,Romanian,,false,false,false,true,true,false,"Video preview, Image pack",200,59,1.40,0,,,,44,,Lost,,https://legalbet.ro/cazinouri/,,,2024-06-25 20:04:28,
email superbet,RO,Romania,English,Superbet (Organization),true,false,false,true,false,false,"Video preview, Image pack",200,1,2.36,0,,,,42,,Lost,,https://legalbet.ro/complaints/superbet/,,,2024-06-19 08:17:58,
fotbal romania azi la tv,RO,Romania,Romanian,Romania (Location),false,false,false,true,false,false,"Video preview, Image pack",100,9,,0,,,,39,,Lost,,https://legalbet.ro/centrul-de-pariere/astazi/,,,2024-06-20 07:32:29,
botosani meciuri,RO,Romania,Romanian,FC Botoșani (Organization),true,true,false,true,false,false,"Video preview, Image pack",80,1,,0,,,,38,,Lost,,https://legalbet.ro/centrul-de-pariere/fcsb-botosani-24-02-2024/,,,2024-06-27 01:08:31,
suport superbet,RO,Romania,Romanian,Superbet (Organization),true,false,true,true,false,false,"Image pack, Video preview",700,2,,0,,,,48,,Lost,,https://legalbet.ro/complaints/superbet/,,,2024-06-27 10:25:59,
tenis feminin azi,RO,Romania,Romanian,,false,false,false,true,false,false,"Image pack, Video preview",400,9,,0,,,,47,,Lost,,https://legalbet.ro/ponturi/angelique-kerber-vs-diana-shnaider-pronosticuri-tenis-bad-homburg-open-24062024-marian/,,,2024-06-25 17:34:16,
unibet bonusuri,RO,Romania,Romanian,Unibet (Organization),true,false,false,true,true,false,"Sitelinks, Image pack",100,3,1.83,0,,,,40,,Lost,,https://legalbet.ro/alegerea-editorului/25-lei-gratis-la-winmasters-fara-depunere-si-o-super/,,,2024-06-13 19:24:39,
agentie superbet,RO,Romania,Romanian,"Superbet (Organization), Superbet agency (Location)",true,false,false,true,false,false,"Local pack, Sitelinks, Thumbnail, Video preview, Image pack",100,0,0.65,0,,,,41,,Lost,,https://legalbet.ro/scoala-pariurilor/primul-pariu-la-superbet/,,,2024-06-19 18:18:37,
win for life superbet,RO,Romania,English,"Superbet (Organization), Win for Life (Event)",true,false,false,true,false,false,"Image pack, Video preview",90,0,0.20,0,,,,38,,Lost,,https://legalbet.ro/alegerea-editorului/loteria-win-for-life-1020-te-asteapta-cu-extrageri/,,,2024-06-09 09:36:31,
pacanele gratis 77777,RO,Romania,Romanian,,false,false,false,true,false,false,Video preview,500,66,0.47,,0,,,,49,New,,,,https://legalbet.ro/cazinouri/,,2026-06-10 23:07:29
maxbet bonus,RO,Romania,English,MaxBet (Organization),true,false,false,true,true,false,"Top ads, Paid sitelinks, Image pack, Bottom ads",600,2,1.66,0,,,,45,,Lost,,https://legalbet.ro/case-de-pariuri/maxbet/,,,2024-06-24 17:12:35,
superbet orar,RO,Romania,Romanian,Superbet (Organization),true,false,false,true,false,false,"Local pack, Image pack, Video preview",90,0,0.87,0,,,,40,,Lost,,https://legalbet.ro/alegerea-editorului/program-sarbatori-superbet/,,,2024-06-22 06:09:22,
pariuri polonia,RO,Romania,Romanian,Polonia Multi (Event),true,false,false,true,true,true,"Thumbnail, Video preview, Image pack",200,1,0.27,0,,,,42,,Lost,,https://legalbet.ro/centrul-de-pariere/poland-estonia-21-03-2024-1/,,,2024-06-09 22:58:58,
fortuna bet.ro,RO,Romania,Romanian,Fortuna (Organization),true,false,true,true,true,false,"Sitelinks, Image pack, Video preview",100,4,0.43,0,,,,4,,Lost,,https://legalbet.ro/case-de-pariuri/fortuna/,,,2024-06-09 03:22:10,
rezultate fotbal champions league,RO,Romania,Romanian,UEFA Champions League (Event),true,false,false,true,false,false,"Image pack, Video preview",150,5,,0,,,,41,,Lost,,https://legalbet.ro/centrul-de-pariere/turnee/champions-league/,,,2024-06-09 02:37:44,
mozzart casino bonus,RO,Romania,English,Mozzart Casino (Organization),true,false,false,true,true,false,"Video preview, Image pack, Bottom ads, Paid sitelinks",100,2,0.44,0,,,,40,,Lost,,https://legalbet.ro/bonus/sets/mozzart-bet/,,,2024-06-13 00:14:21,
casa pariurilor cod promotional,RO,Romania,Romanian,Casa Pariurilor (Organization),true,false,false,true,true,false,"Image pack, Video preview, Bottom ads, Paid sitelinks",100,0,1.70,0,,,,40,,Lost,,https://legalbet.ro/bonus/casa-pariurilor-bonus-rotiri-gratuite/,,,2024-06-21 20:04:12,
program liga i,RO,Romania,Romanian,Liga I (Event),true,false,false,true,false,false,"Video preview, Image pack",80,22,,0,,,,37,,Lost,,https://legalbet.ro/centrul-de-pariere/turnee/liga-i/,,,2024-06-12 23:58:58,
unibet online,RO,Romania,English,Unibet (Organization),true,false,false,true,true,false,"Sitelinks, Image pack, Video preview",150,28,1.02,0,,,,41,,Lost,,https://legalbet.ro/feedback/unibet/,,,2024-06-17 13:24:05,
franța vs,RO,Romania,Romanian,France (Location),false,false,false,true,false,false,"Video preview, Image pack",100,1,,0,,,,40,,Lost,,https://legalbet.ro/alegerea-editorului/franta-vs-irlanda-statistici-cote-si-pronosticuri/,,,2024-06-13 13:46:50,
elite slots 101 rotiri,RO,Romania,Romanian,"Elite Slots (Organization), 101 Free Spins (Event)",true,false,false,true,true,true,"Sitelinks, Image pack, Bottom ads, Paid sitelinks",90,0,0.69,0,,,,42,,Lost,,https://legalbet.ro/alegerea-editorului/spania-vs-italia-cote-la-pariuri-predictii-si/,,,2024-06-19 08:52:02,
ce inseamna 12 la pariuri,RO,Romania,Romanian,,false,false,false,true,false,false,"Featured snippet, Thumbnail, People also ask, Image pack",100,0,0.33,0,,,,40,,Lost,,https://legalbet.ro/scoala-pariurilor/pariuri-1x2/,,,2024-06-18 23:12:09,
cat tine un meci de baschet,RO,Romania,Romanian,,false,false,false,true,false,false,"Featured snippet, People also ask, Image pack, Video preview",100,0,,0,,,,40,,Lost,,https://legalbet.ro/centrul-de-pariere/astazi/,,,2024-06-02 04:33:51,
dinamo vs botosani,RO,Romania,Romanian,"Dinamo Bucuresti (Organization), Botosani (Location)",true,true,false,true,false,false,"Video preview, Image pack",150,0,,0,,,,41,,Lost,,https://legalbet.ro/centrul-de-pariere/botosani-dinamo-bucuresti-27-04-2024/,,,2024-06-25 17:36:57,
unde să urmăresc cfr cluj vs fcsb,RO,Romania,Romanian,CFR Cluj vs FCSB (Event),false,false,false,true,false,false,"Videos, Image pack",150,2,,0,,,,41,,Lost,,https://legalbet.ro/centrul-de-pariere/astazi/,,,2024-06-18 12:18:14,
superbet suport,RO,Romania,Romanian,Superbet (Organization),true,false,true,true,false,false,Image pack,500,2,,0,,,,48,,Lost,,https://legalbet.ro/complaints/superbet/,,,2024-06-25 19:04:04,
cat a fost scorul la meciul de aseara,RO,Romania,Romanian,,false,false,false,true,false,false,Video preview,150,22,0.22,0,,,,42,,Lost,,https://legalbet.ro/centrul-de-pariere/astazi/,,,2024-06-26 18:40:30,
retur anna cori,RO,Romania,Romanian,Anna Cori (Organization),true,false,false,true,false,false,"Thumbnail, Image pack",150,0,0.23,0,,,,41,,Lost,,https://legalbet.ro/ponturi/iga-swiatek-vs-marketa-vondrousova-pronosticuri-tenis-french-open-04062024-marian/,,,2024-06-11 18:45:14,
nr tel superbet,RO,Romania,Romanian,Superbet (Organization),true,false,false,true,false,false,"Local pack, Image pack, Video preview",100,0,0.85,0,,,,41,,Lost,,https://legalbet.ro/feedback/superbet/,,,2024-06-14 18:28:04,
pe ce post joaca romania azi,RO,Romania,Romanian,Romania (Location),false,false,false,true,false,false,Image pack,150,3,,0,,,,42,,Lost,,https://legalbet.ro/centrul-de-pariere/astazi/,,,2024-06-14 02:41:30,
casino online free spins,RO,Romania,English,,false,false,false,true,true,false,"Bottom ads, Paid sitelinks",100,22,5.78,0,,,,40,,Lost,,https://legalbet.ro/cazinouri/rotiri-gratuite/,,,2024-06-11 03:40:21,
betano pariuri,RO,Romania,Romanian,Betano (Organization),true,false,false,true,true,false,"Sitelinks, Video preview, Image pack",1900,15,1.72,0,,,,15,,Lost,,https://legalbet.ro/case-de-pariuri/betano/,,,2024-06-22 07:58:20,
casino vlad,RO,Romania,Romanian,Vlad Cazino (Organization),true,false,false,true,true,false,"Sitelinks, Video preview, Image pack",80,4,2.24,0,,,,39,,Lost,,https://legalbet.ro/cazinouri/vlad-cazino/,,,2024-06-16 10:47:41,
bonus mr bit,RO,Romania,English,MrBit (Organization),true,false,false,true,true,false,Image pack,150,1,1.46,0,,,,41,,Lost,,https://legalbet.ro/cazinouri/mr-bit-casino/,,,2024-06-07 00:34:01,
betano casino online,RO,Romania,English,Betano (Organization),true,false,true,true,true,true,"Sitelinks, Video preview",250,2,1.68,0,,,,44,,Lost,,https://legalbet.ro/feedback/betano/,,,2024-06-11 09:52:30,
meciuri din al-hilal,RO,Romania,Romanian,Al-Hilal (Organization),true,false,false,true,false,false,"Video preview, Image pack",150,0,,0,,,,41,,Lost,,https://legalbet.ro/centrul-de-pariere/al-hilal-al-tai-23-05-2024/,,,2024-06-26 05:26:48,
bonus de ziua ta superbet,RO,Romania,Romanian,"Superbet (Organization), Birthday Bonus (Event)",true,false,false,true,true,false,Image pack,250,0,0.77,0,,,,46,,Lost,,https://legalbet.ro/centrul-de-pariere/belarus-israel-11-06-2024/,,,2024-06-10 04:31:27,
franța liga 1 clasament,RO,Romania,Romanian,"Ligue 1 (Event), France (Location)",true,false,false,true,false,false,Image pack,100,1,,0,,,,40,,Lost,,https://legalbet.ro/centrul-de-pariere/turnee/ligue-1/,,,2024-06-18 04:30:47,
anglia efl cup,RO,Romania,Romanian,"EFL Cup (Event), England (Location)",true,false,false,true,false,false,"Knowledge panel, Image pack, Video preview",100,0,,0,,,,41,,Lost,,https://legalbet.ro/centrul-de-pariere/turnee/league-cup/,,,2024-06-09 00:24:29,
vlad cazino.ro,RO,Romania,Romanian,"Vlad Cazino.ro (Organization), cazino.ro (Organization)",true,false,false,true,true,false,"Sitelinks, Video preview",450,10,1.11,0,,,,47,,Lost,,https://legalbet.ro/cazinouri/vlad-cazino/,,,2024-06-25 07:58:13,
meci craiova rapid,RO,Romania,Romanian,"Rapid București (Organization), Craiova (Location)",true,true,false,true,false,false,"Video preview, Image pack",150,2,0.16,0,,,,42,,Lost,,https://legalbet.ro/centrul-de-pariere/rapid-bucuresti-universitatea-craiova-20-05-2023/,,,2024-06-14 07:36:53,
betano.ro casino,RO,Romania,Romanian,Betano.ro (Organization),true,false,true,true,true,true,"Top ads, Paid sitelinks, Sitelinks, Video preview, Image pack",200,12,1.78,0,,,,43,,Lost,,https://legalbet.ro/cazinouri/betano/,,,2024-06-24 10:03:34,
real madrid – barcelone,RO,Romania,French,"Real Madrid (Organization), FC Barcelona (Organization)",true,false,false,true,false,false,Video preview,90,2,,0,,,,40,,Lost,,https://legalbet.ro/centrul-de-pariere/real-madrid-barcelona-14-01-2024/,,,2024-06-08 21:56:54,
superbet non stop,RO,Romania,Romanian,Superbet (Organization),true,false,false,true,true,false,"Featured snippet, Thumbnail, Video preview, Image pack",200,0,,0,,,,43,,Lost,,https://legalbet.ro/feedback/superbet/,,,2024-06-23 11:24:15,
getafe - valencia,RO,Romania,Romanian,"Getafe (Organization), Valencia (Organization)",true,false,false,true,false,false,"Video preview, Thumbnail, Image pack",200,0,,0,,,,43,,Lost,,https://legalbet.ro/centrul-de-pariere/getafe-valencia-08-12-2023/,,,2024-06-15 02:38:16,
barcelona sc,RO,Romania,Romanian,Barcelona Sporting Club (Organization),true,false,false,true,false,false,"Video preview, Knowledge panel",150,1,,0,,,,38,,Lost,,https://legalbet.ro/centrul-de-pariere/echipe/barcelona-sc-guayaquil/,,,2024-06-20 07:39:33,
paysafecard 50 lei,RO,Romania,Romanian,PaysafeCard (Product),true,false,false,false,true,true,"Thumbnail, Image pack, Video preview",90,0,0.20,0,,,,38,,Lost,,https://legalbet.ro/case-de-pariuri/sets/paysafecard/,,,2024-06-08 02:05:08,
fcsb u cluj live,RO,Romania,Romanian,"FCSB (Organization), CFR Cluj (Organization)",true,false,false,true,false,false,"Video preview, Image pack",90,0,0.14,0,,,,40,,Lost,,https://legalbet.ro/centrul-de-pariere/universitatea-cluj-fcsb-17-02-2024/,,,2024-06-24 04:14:16,
cand joaca sorana cîrstea,RO,Romania,Romanian,Sorana Cîrstea (Person),false,false,false,true,false,false,"Image pack, Video preview",150,2,,0,,,,42,,Lost,,https://legalbet.ro/alegerea-editorului/us-open-2023-la-ce-ore-joaca-romancele-in-primul-tur/,,,2024-06-23 20:58:10,
liga1 program,RO,Romania,Romanian,Liga 1 (Event),true,false,false,true,false,false,"Video preview, Image pack",150,27,0.04,0,,,,40,,Lost,,https://legalbet.ro/centrul-de-pariere/turnee/liga-i/,,,2024-06-14 17:24:01,
olanda u21,RO,Romania,Romanian,Netherlands U21 (Organization),false,false,false,true,false,false,"Knowledge panel, Video preview, Image pack",200,0,,0,,,,43,,Lost,,https://legalbet.ro/ponturi/belgia-u21-olanda-u21-ponturi-la-pariuri-euro-u21-cristian-mihala/,,,2024-06-07 00:52:17,
liste uta arad vs fc hermannstadt,RO,Romania,Romanian,"UTA Arad (Organization), FC Hermannstadt (Organization)",true,false,false,true,false,false,"Video preview, Image pack",90,0,,0,,,,40,,Lost,,https://legalbet.ro/centrul-de-pariere/uta-arad-farul-16-12-2023/,,,2024-06-26 09:29:21,
rezultate total bet,RO,Romania,Romanian,TotalBet (Organization),true,false,false,true,false,false,,90,0,0.79,0,,,,40,,Lost,,https://legalbet.ro/scoala-pariurilor/recenzia-casei-de-pariuri-totalbet/,,,2024-06-14 23:32:49,
casa pariurilor bistrita,RO,Romania,Romanian,"Casa Pariurilor (Organization), Bistrita (Location)",true,true,false,true,false,false,"Local pack, Sitelinks, Image pack, Video preview",90,38,1.56,0,,,,41,,Lost,,https://legalbet.ro/scoala-pariurilor/primul-pariu-la-casa-pariurilor/,,,2024-06-21 21:48:05,
etapa viitoare liga 1,RO,Romania,Romanian,Liga 1 (Event),true,false,false,true,false,false,"Video preview, Image pack",600,12,0.17,0,,,,49,,Lost,,https://legalbet.ro/centrul-de-pariere/astazi/,,,2024-06-27 20:15:46,
cod promotie 888 casino,RO,Romania,Romanian,888 Casino (Organization),true,false,false,true,true,true,"Video preview, Image pack",150,2,1.10,0,,,,43,,Lost,,https://legalbet.ro/bonus/sets/888-casino-fara-depunere/,,,2024-06-18 01:37:58,
program liga 1 azi,RO,Romania,Romanian,Liga 1 (Event),true,false,false,true,false,false,"Video preview, Image pack",90,14,,0,,,,40,,Lost,,https://legalbet.ro/centrul-de-pariere/turnee/liga-i/,,,2024-06-27 11:40:31,
meciuri liga 1 live,RO,Romania,Romanian,Liga 1 (Event),true,false,false,true,false,false,Video preview,150,29,0.20,0,,,,43,,Lost,,https://legalbet.ro/centrul-de-pariere/astazi/,,,2024-06-27 04:38:38,
case spania,RO,Romania,Romanian,Spain (Location),false,false,false,true,true,false,"Thumbnail, Video preview",150,0,0.05,0,,,,42,,Lost,,https://legalbet.ro/alegerea-editorului/prezentarea-loturilor-euro-2024-spania/,,,2024-06-12 04:22:19,
pariuri live fotbal,RO,Romania,Romanian,,false,false,false,false,true,true,"Top stories, Thumbnail, Image pack, Video preview",80,43,1.54,0,,,,40,,Lost,Top stories,https://legalbet.ro/alegerea-editorului/danemarca-anglia-ponturi-cote-pariuri-euro-2024/,,,2024-06-18 15:15:06,
scor corect,RO,Romania,Romanian,,false,false,false,true,false,false,,200,17,0.43,0,0,0,,11,5,6,,https://legalbet.ro/scoala-pariurilor/pariuri-scor-corect-fotbal/,,https://legalbet.ro/scoala-pariurilor/pariuri-scor-corect-fotbal/,2024-06-23 13:18:50,2026-06-18 04:46:38
cum sa faci banii,RO,Romania,Romanian,,false,false,false,true,false,false,Video preview,80,0,0.12,0,,,,41,,Lost,,https://legalbet.ro/scoala-pariurilor/cum-sa-faci-bani-online-din-pariuri-sportive/,,,2024-06-24 02:09:36,
clasament liga 1 franța,RO,Romania,Romanian,"Ligue 1 (Event), France (Location)",true,false,false,true,false,false,"Image pack, Video preview",150,1,,0,,,,42,,Lost,,https://legalbet.ro/centrul-de-pariere/turnee/ligue-1/,,,2024-06-21 09:56:17,
oferta pariuri sportive superbet,RO,Romania,Romanian,Superbet (Organization),true,false,false,true,true,false,"Sitelinks, Image pack",150,3,0.47,0,,,,43,,Lost,,https://legalbet.ro/centrul-de-pariere/maine/,,,2024-06-18 20:51:15,
la ce ora joaca dinamo azi,RO,Romania,Romanian,Dinamo București (Organization),true,false,false,true,false,false,"Image pack, Video preview",600,11,0.28,0,,,,49,,Lost,,https://legalbet.ro/centrul-de-pariere/ocelul-dinamo-bucuresti-06-04-2024/,,,2024-06-23 09:46:32,
nr contact superbet,RO,Romania,Romanian,Superbet (Organization),true,false,false,true,false,false,"Image pack, Video preview",150,0,1.31,0,,,,43,,Lost,,https://legalbet.ro/feedback/superbet/,,,2024-06-09 11:40:46,
program la liga,RO,Romania,Romanian,La Liga (Event),true,false,false,true,false,false,"Video preview, Image pack",80,11,0.42,0,,,,35,,Lost,,https://legalbet.ro/centrul-de-pariere/turnee/la-liga/,,,2024-06-15 17:14:14,
winbet bonus fara depunere,RO,Romania,Romanian,Winbet (Organization),true,false,false,true,true,false,,800,54,0.84,,0,,,,50,New,,,,https://legalbet.ro/bonus/sets/bonus-winbet/,,2026-06-09 22:13:55
gest bets,RO,Romania,Romanian,GetsBet (Organization),true,false,false,true,true,false,"Sitelinks, Video preview, Image pack",400,2,1.01,0,,,,47,,Lost,,https://legalbet.ro/feedback/gets-bet/,,,2024-06-25 12:31:44,
casino unibet,RO,Romania,English,Unibet (Organization),true,false,true,true,true,true,"Sitelinks, Image pack, Video preview",200,49,0.28,0,,,,44,,Lost,,https://legalbet.ro/feedback/unibet/,,,2024-06-12 04:24:49,
www.total bet.ro,RO,Romania,Romanian,TotalBet (Organization),true,false,true,false,false,false,Sitelinks,300,65,1.00,0,0,0,,5,4,1,,https://legalbet.ro/scoala-pariurilor/total-bet/,,https://legalbet.ro/scoala-pariurilor/recenzia-casei-de-pariuri-totalbet/,2024-06-26 21:38:29,2026-06-09 12:30:08
super avancronica,RO,Romania,Romanian,Super Avancronica (Event),true,false,false,true,false,false,"Thumbnail, Video preview",150,6,,0,,,,43,,Lost,,https://legalbet.ro/expert/nicu/,,,2024-06-19 03:14:43,
casa pariurilor sportive,RO,Romania,Romanian,Casa Pariurilor (Organization),true,false,false,true,true,false,Sitelinks,350,33,1.22,0,0,0,,17,6,11,,https://legalbet.ro/feedback/casa-pariurilor/,,https://legalbet.ro/feedback/casa-pariurilor/,2024-06-15 03:40:53,2026-05-24 10:23:45
rapid vs cfr cluj,RO,Romania,Romanian,"Rapid București (Organization), CFR Cluj (Organization)",true,false,false,true,false,false,"Video preview, Image pack",100,0,0.64,0,,,,41,,Lost,,https://legalbet.ro/centrul-de-pariere/rapid-bucuresti-cfr-kluj-06-04-2024/,,,2024-06-27 01:55:19,
superliga româniei la fotbal,RO,Romania,Romanian,Romanian Superliga (Event),true,false,false,true,false,false,"Image pack, Video preview",150,31,,0,,,,43,,Lost,,https://legalbet.ro/centrul-de-pariere/turnee/liga-i/,,,2024-06-20 03:52:57,
conti casino bonus,RO,Romania,English,Conti Casino (Organization),true,false,false,true,true,false,"Image pack, Video preview",150,0,0.50,0,,,,44,,Lost,,https://legalbet.ro/bonus/sets/conti-fara-depunere/,,,2024-06-16 20:31:46,
slovacia keno 20/80,RO,Romania,Romanian,Slovacia Keno 20/80 (Event),true,false,false,true,false,false,,700,0,0.17,,0,,,,50,New,,,,https://legalbet.ro/alegerea-editorului/descopera-cea-mai-complexa-oferta-de-loterii-2/,,2026-06-03 10:34:31
sepsi vs,RO,Romania,Romanian,Sepsi OSK (Organization),true,false,false,true,false,false,Video preview,80,6,,0,,,,41,,Lost,,https://legalbet.ro/centrul-de-pariere/echipe/sepsi-osk-sfantu-gheorghe/,,,2024-06-08 14:34:47,
statistici arsenal fc vs man city,RO,Romania,Romanian,"Arsenal FC (Organization), Manchester City (Organization)",true,false,false,true,false,false,"Videos, Image pack",150,0,,0,,,,43,,Lost,,https://legalbet.ro/alegerea-editorului/manchester-city-real-madrid-ponturi-si-cote-la-pariuri/,,,2024-06-16 06:32:41,
spania italia,RO,Romania,Romanian,"Spain (Location), Italy (Location)",false,false,false,true,false,false,"Top stories, Thumbnail, Video preview, Image pack",90,0,0.02,0,,,,37,,Lost,,https://legalbet.ro/centrul-de-pariere/spain-italy-20-06-2024-1/,,,2024-06-23 09:51:05,
m.efortuna,RO,Romania,,m.efortuna (Organization),true,false,true,false,true,true,"Sitelinks, Video preview, Image pack",350,4,0.01,0,,,,5,,Lost,,https://legalbet.ro/complaints/fortuna/,,,2024-06-27 23:37:40,
fotbal u cluj rapid,RO,Romania,Romanian,"FC Universitatea Cluj (Organization), FC Rapid București (Organization)",true,false,false,true,false,false,"Video preview, Image pack",100,0,3.70,0,,,,42,,Lost,,https://legalbet.ro/centrul-de-pariere/rapid-bucuresti-universitatea-cluj-25-11-2023/,,,2024-06-10 07:50:53,
calendar craciun casino,RO,Romania,Romanian,,false,false,false,true,true,false,,90,0,,0,,,,41,,Lost,,https://legalbet.ro/bonus/betano-cazino-cadouri-zilnice-pn-la-crciun-i-alte-premii-uriase/,,,2024-06-19 21:17:34,
fotbal superliga românia,RO,Romania,Romanian,"Superliga (Event), Romania (Location)",true,false,false,true,false,false,"Video preview, Image pack, Knowledge panel",150,31,0.89,0,,,,43,,Lost,,https://legalbet.ro/centrul-de-pariere/turnee/liga-i/,,,2024-06-17 06:57:36,
bet romania,RO,Romania,English,"BET (Romanian stock market index) (Work), Romania (Location)",true,true,false,true,true,true,"Image pack, Bottom ads, Paid sitelinks",150,69,3.89,0,,,,44,,Lost,,https://legalbet.ro/,,,2024-06-09 10:06:31,
dinamo kiev,RO,Romania,Romanian,FC Dinamo Kiev (Organization),true,false,false,true,false,false,"Video preview, Knowledge panel",350,30,2.76,0,,,,41,,Lost,,https://legalbet.ro/centrul-de-pariere/echipe/dynamo-kyiv/,,,2024-06-23 04:40:23,
cfr scor,RO,Romania,Romanian,CFR Cluj (Organization),true,false,false,true,false,false,"Knowledge panel, Video preview",150,2,,0,,,,43,,Lost,,https://legalbet.ro/centrul-de-pariere/rapid-bucuresti-cfr-kluj-06-04-2024/,,,2024-06-27 21:52:44,
inter atletico,RO,Romania,Romanian,"Inter (Organization), Atlético Madrid (Organization)",true,false,false,true,false,false,"Video preview, Image pack",150,5,,0,,,,43,,Lost,,https://legalbet.ro/centrul-de-pariere/atletico-madrid-inter-13-03-2024/,,,2024-06-16 12:38:04,
mozzart romania,RO,Romania,Romanian,"Mozzart (Organization), Romania (Location)",true,false,false,true,true,false,"Sitelinks, Video preview, Image pack",150,0,0.65,0,,,,44,,Lost,,https://legalbet.ro/feedback/mozzart/,,,2024-06-14 02:09:10,
liverpool scor,RO,Romania,English,Liverpool (Organization),true,false,false,true,false,false,"Image pack, Video preview",90,2,,0,,,,41,,Lost,,https://legalbet.ro/centrul-de-pariere/liverpool-aston-villa-03-09-2023/,,,2024-06-22 14:28:38,
fcsb - dinamo,RO,Romania,Romanian,"FCSB (Organization), Dinamo (Organization)",true,false,false,true,false,false,"Video preview, Image pack",100,1,,0,,,,40,,Lost,,https://legalbet.ro/centrul-de-pariere/fcsb-dinamo-bucuresti-22-07-2023/,,,2024-06-22 03:55:25,
pokerstars sports,RO,Romania,English,PokerStars Sports (Organization),true,false,false,true,true,false,"Sitelinks, Image pack, Video preview",90,0,1.78,0,,,,41,,Lost,,https://legalbet.ro/case-de-pariuri/betstars/,,,2024-06-19 02:16:42,
rapid uta,RO,Romania,Romanian,"Rapid București (Organization), UTA Arad (Organization)",true,false,false,true,false,false,Video preview,200,0,,0,,,,42,,Lost,,https://legalbet.ro/centrul-de-pariere/rapid-bucuresti-uta-arad-28-02-2024/,,,2024-06-27 20:20:35,
uta arad vs fcsb lineups,RO,Romania,English,"UTA Arad (Organization), FCSB (Organization)",true,false,false,true,false,false,"Video preview, Image pack",100,0,,0,,,,42,,Lost,,https://legalbet.ro/centrul-de-pariere/fcsb-uta-arad-22-01-2024/,,,2024-06-23 19:22:50,
program stanleybet,RO,Romania,Romanian,Stanleybet (Organization),true,false,false,true,false,false,"Image pack, Video preview",150,0,0.38,0,,,,13,,Lost,,https://legalbet.ro/alegerea-editorului/stanleybet-program-sarbatori-de-iarna-2022-2023/,,,2024-06-25 02:21:55,
bonus frank casino,RO,Romania,English,Frank Casino (Organization),true,false,false,true,true,false,"Video preview, Image pack",80,3,3.09,0,,,,41,,Lost,,https://legalbet.ro/cazinouri/frank-casino/,,,2024-06-11 03:51:46,
retragere princess casino,RO,Romania,Romanian,Princess Casino (Organization),true,false,false,true,false,true,"Image pack, Video preview",150,0,0.74,0,,,,43,,Lost,,https://legalbet.ro/complaint/2013527/,,,2024-06-22 03:57:51,
cfr cluj fcsb,RO,Romania,Romanian,"CFR Cluj (Organization), FCSB (Organization)",true,false,false,true,false,false,Video preview,200,0,0.13,0,,,,43,,Lost,,https://legalbet.ro/centrul-de-pariere/cfr-kluj-fcsb-13-04-2024/,,,2024-06-23 06:46:11,
win for life loto,RO,Romania,English,Win for Life (Event),true,false,false,true,false,false,"Image pack, Video preview",150,0,0.40,0,,,,43,,Lost,,https://legalbet.ro/alegerea-editorului/loteria-win-for-life-1020-te-asteapta-cu-extrageri/,,,2024-06-24 20:00:09,
meci craiova azi live,RO,Romania,Romanian,Craiova (Location),false,true,false,true,false,false,Video preview,100,3,0.41,0,,,,40,,Lost,,https://legalbet.ro/centrul-de-pariere/universitatea-craiova-rapid-bucuresti-04-03-2024/,,,2024-06-09 10:50:24,
meciuri din süper lig,RO,Romania,Romanian,Süper Lig (Event),true,false,false,true,false,false,"Video preview, Image pack",100,0,,0,,,,43,,Lost,,https://legalbet.ro/alegerea-editorului/programul-etapei-a-18-a-din-sper-lig-i-cotele-oferite-de-netbet/,,,2024-06-26 01:32:24,
meci farul,RO,Romania,Romanian,Farul Constanța (Organization),true,false,false,true,false,false,"Top stories, Thumbnail, Video preview, Image pack",100,0,0.59,0,,,,42,,Lost,,https://legalbet.ro/centrul-de-pariere/fcsb-farul-03-02-2024/,,,2024-06-24 18:32:06,
meci farul constanta azi live,RO,Romania,Romanian,Farul Constanța (Organization),true,false,false,true,false,false,Video preview,150,1,0.21,0,,,,44,,Lost,,https://legalbet.ro/centrul-de-pariere/farul-fcsb-23-10-2021/,,,2024-06-26 18:42:58,
liga 1 fotbal românia,RO,Romania,Romanian,"Liga 1 (Event), Romania (Location)",true,false,false,true,false,false,Video preview,150,28,0.30,0,,,,44,,Lost,,https://legalbet.ro/centrul-de-pariere/turnee/liga-i/,,,2024-06-27 17:40:38,
poziții hermannstadt,RO,Romania,Romanian,AFC Hermannstadt (Organization),true,false,false,true,false,false,"Knowledge panel, Video preview",200,1,,0,,,,45,,Lost,,https://legalbet.ro/centrul-de-pariere/rapid-bucuresti-afc-hermannstadt-17-02-2024/,,,2024-06-21 09:55:11,
jocuri casino sloturi,RO,Romania,Romanian,,false,false,false,true,true,false,Image pack,200,42,,0,,,,45,,Lost,,https://legalbet.ro/cazinouri/,,,2024-06-25 19:15:43,
superbet.ro contact,RO,Romania,Romanian,Superbet.ro (Organization),true,false,false,true,false,false,"Video preview, Image pack",100,1,2.38,0,,,,42,,Lost,,https://legalbet.ro/feedback/superbet/,,,2024-06-27 01:09:54,
bonus maxbet fara depunere,RO,Romania,Romanian,MaxBet (Organization),true,false,false,true,true,false,Image pack,90,2,1.47,0,,,,42,,Lost,,https://legalbet.ro/alegerea-editorului/25-lei-gratis-la-winmasters-fara-depunere-si-o-super/,,,2024-06-15 15:22:52,
superliga program,RO,Romania,Romanian,Superliga (Event),true,false,false,true,false,false,"Video preview, Image pack",80,13,0.94,0,,,,41,,Lost,,https://legalbet.ro/centrul-de-pariere/turnee/liga-i/,,,2024-06-25 23:34:57,
statistici rapid bucureşti vs farul constanța,RO,Romania,Romanian,"Rapid București (Organization), Farul Constanța (Organization)",true,true,false,true,false,false,"Video preview, Image pack",150,0,,0,,,,44,,Lost,,https://legalbet.ro/centrul-de-pariere/echipe/rapid-bucuresti/,,,2024-06-25 15:25:55,
clasament grand slam barbati,RO,Romania,Romanian,Grand Slam (Event),false,false,false,true,false,false,Video preview,150,2,,0,,,,44,,Lost,,https://legalbet.ro/alegerea-editorului/turneul-campionilor-la-tenis-iar-castiga-djokovic/,,,2024-06-25 17:31:42,
meciuri din sepsi,RO,Romania,Romanian,Sepsi Sf. Gheorghe (Organization),true,false,false,true,false,false,"Video preview, Image pack",90,2,,0,,,,42,,Lost,,https://legalbet.ro/centrul-de-pariere/echipe/sepsi-osk-sfantu-gheorghe/,,,2024-06-27 02:06:42,
meciuri amicale,RO,Romania,Romanian,,false,false,false,true,false,false,Video preview,600,0,0.13,0,0,0,,21,7,14,,https://legalbet.ro/centrul-de-pariere/turnee/meciuri-amicale/,,https://legalbet.ro/centrul-de-pariere/turnee/meciuri-amicale/,2024-06-22 21:07:11,2026-06-27 03:37:04
rez europa league,RO,Romania,Romanian,Europa League (Event),true,false,false,true,false,false,"Video preview, Image pack",100,5,0.09,0,,,,43,,Lost,,https://legalbet.ro/centrul-de-pariere/maine/,,,2024-06-21 18:54:48,
casa pariurilor baia mare,RO,Romania,Romanian,"Casa Pariurilor (Organization), Baia Mare (Location)",true,true,false,true,false,false,"Local pack, Sitelinks, Thumbnail, Video preview, Image pack",90,0,1.65,0,,,,38,,Lost,,https://legalbet.ro/complaints/casa-pariurilor/,,,2024-06-07 20:30:24,
uta arad hermannstadt,RO,Romania,Romanian,"UTA Arad (Organization), FC Hermannstadt (Organization)",true,false,false,true,false,false,"Video preview, Image pack",150,0,,0,,,,44,,Lost,,https://legalbet.ro/centrul-de-pariere/uta-arad-afc-hermannstadt-13-04-2024/,,,2024-06-22 04:25:26,
meciuri amicale intercluburi,RO,Romania,Romanian,,false,false,false,true,false,false,"Image pack, Video preview",100,0,,0,,,,42,,Lost,,https://legalbet.ro/centrul-de-pariere/turnee/meciuri-amicale/,,,2024-06-24 17:44:21,
cod promotional las vegas casino,RO,Romania,Romanian,Las Vegas Casino (Organization),true,true,false,true,true,false,"Video preview, Image pack",200,0,1.15,0,,,,45,,Lost,,https://legalbet.ro/bonus/sets/las-vegas-casino/,,,2024-06-08 23:50:01,
cod promotional las vegas,RO,Romania,Romanian,Las Vegas (Location),false,true,false,true,true,false,"Featured snippet, Video preview, Image pack",200,0,0.58,0,,,,46,,Lost,,https://legalbet.ro/bonus/las-vegas-casino-333-rotiri-fara-depunere-fara-rulaj/,,,2024-06-17 20:06:04,
oferta pariuri,RO,Romania,Romanian,,false,false,false,true,true,false,"Image pack, Video preview, Bottom ads, Paid sitelinks",90,47,5.66,0,,,,42,,Lost,,https://legalbet.ro/rating-oferta/,,,2024-06-16 20:15:33,
cod bonus las vegas,RO,Romania,Romanian,Las Vegas (Location),false,true,false,true,true,false,Video preview,250,0,1.29,0,,,,47,,Lost,,https://legalbet.ro/bonus/sets/las-vegas-casino/,,,2024-06-26 20:41:07,
betano.ro live,RO,Romania,Romanian,Betano.ro (Organization),true,false,true,false,true,true,"Video preview, Image pack",150,15,1.07,0,,,,44,,Lost,,https://legalbet.ro/case-de-pariuri/betano/,,,2024-06-09 09:10:37,
farul constanța universitatea craiova,RO,Romania,Romanian,"Farul Constanța (Organization), Universitatea Craiova (Organization)",true,false,false,true,false,false,"Video preview, Image pack",80,1,,0,,,,42,,Lost,,https://legalbet.ro/centrul-de-pariere/farul-universitatea-craiova-18-05-2024/,,,2024-06-11 16:34:08,
scor meci,RO,Romania,Romanian,,false,false,false,true,false,false,"Sitelinks, Top stories, Thumbnail, Video preview, Image pack",200,13,0.21,0,,,,43,,Lost,,https://legalbet.ro/centrul-de-pariere/dinamo-bucuresti-rapid-bucuresti-27-01-2024/,,,2024-06-21 13:14:16,
150 rotiri winner,RO,Romania,Romanian,Winner (Organization),true,false,false,true,true,false,,80,0,1.56,0,,,,42,,Lost,,https://legalbet.ro/bonus/sets/winner-casino/,,,2024-06-26 18:02:43,
vlad casino.ro,RO,Romania,Romanian,Vlad Cazino (Organization),true,false,true,true,true,false,"Sitelinks, Video preview",80,7,0.58,0,,,,42,,Lost,,https://legalbet.ro/cazinouri/vlad-cazino/,,,2024-06-15 02:19:10,
meciuri baschet azi cluj,RO,Romania,Romanian,Cluj-Napoca (Location),false,true,false,true,false,false,Video preview,150,0,,0,,,,45,,Lost,,https://legalbet.ro/centrul-de-pariere/astazi/,,,2024-06-20 19:01:09,
promotii casino fara depunere,RO,Romania,Romanian,,false,false,false,true,true,false,"Image pack, Bottom ads, Paid sitelinks",150,35,4.30,0,,,,44,,Lost,,https://legalbet.ro/cazinouri/bonusuri/,,,2024-06-12 17:19:20,
las vegas verificare card,RO,Romania,Romanian,Las Vegas (Location),false,true,false,true,false,true,"Image pack, Video preview",200,0,1.19,0,,,,46,,Lost,,https://legalbet.ro/complaints/maxbet/,,,2024-06-24 20:16:24,
farul constanța vs. „u” cluj,RO,Romania,Romanian,"Farul Constanța (Organization), FC Universitatea Cluj (Organization)",true,false,false,true,false,false,"Video preview, Image pack",100,0,,0,,,,44,,Lost,,https://legalbet.ro/centrul-de-pariere/farul-cfr-kluj-20-04-2024/,,,2024-06-22 04:46:31,
steaua dinamo azi,RO,Romania,Romanian,"Steaua (Organization), Dinamo București (Organization)",true,false,false,true,false,false,"Video preview, Image pack",100,0,,0,,,,41,,Lost,,https://legalbet.ro/centrul-de-pariere/fcsb-dinamo-bucuresti-22-07-2023/,,,2024-06-22 19:46:39,
meci sorana cîrstea azi,RO,Romania,Romanian,Sorana Cîrstea (Person),false,false,false,true,false,false,"Image pack, Video preview",100,1,,0,,,,43,,Lost,,https://legalbet.ro/alegerea-editorului/sorana-cirstea-aryna-sabalenka-in-sferturi-la-miami/,,,2024-06-10 14:57:47,
liga 1 program,RO,Romania,Romanian,Liga 1 (Event),true,false,false,true,false,false,"Video preview, Image pack",2700,15,0.04,0,,,,47,,Lost,,https://legalbet.ro/centrul-de-pariere/turnee/liga-i/,,,2024-06-27 08:21:10,
60 rotiri gratuite fara depunere,RO,Romania,Romanian,,false,false,false,true,true,false,,400,9,1.24,0,,,,49,,Lost,,https://legalbet.ro/bonus/million-cazino-300-de-rotiri-gratuite-la-verificarea-contului/,,,2024-06-15 15:10:56,
fortuna romania,RO,Romania,Romanian,"Fortuna (Organization), Romania (Location)",true,false,false,true,true,false,"Sitelinks, Thumbnail, Image pack, Video preview",500,1,0.42,0,,,,49,,Lost,,https://legalbet.ro/feedback/fortuna/,,,2024-06-24 21:03:39,
meci sorana azi,RO,Romania,Romanian,Sorana Cirstea (Person),false,false,false,true,false,false,"Image pack, Video preview",80,2,,0,,,,42,,Lost,,https://legalbet.ro/alegerea-editorului/sorana-cirstea-iga-swiatek-in-sferturi-la-indian-wells/,,,2024-06-22 18:38:10,
bonus cazino fara depunere,RO,Romania,Romanian,,false,false,false,true,true,false,Image pack,150,33,2.55,0,,,,45,,Lost,,https://legalbet.ro/bonus/,,,2024-06-14 20:39:13,
winboss casino bonus fara depunere,RO,Romania,Romanian,WinBoss Casino (Organization),true,false,false,true,true,false,"Image pack, Video preview",200,0,0.97,0,,,,46,,Lost,,https://legalbet.ro/bonus/winboss-bonus-fara-depunere/,,,2024-06-15 01:56:34,
farul constanța–botosani,RO,Romania,Romanian,"FC Farul Constanța (Organization), Botoșani (Location)",true,false,false,true,false,false,"Video preview, Image pack",100,0,,0,,,,44,,Lost,,https://legalbet.ro/centrul-de-pariere/botosani-farul-09-03-2024/,,,2024-06-19 14:58:23,
meciuri italia,RO,Romania,Romanian,Italy (Location),false,false,false,true,false,false,"Video preview, Image pack",200,2,,0,,,,46,,Lost,,https://legalbet.ro/centrul-de-pariere/turnee/serie-a/,,,2024-06-07 21:43:26,
rotiri gratuite netbet,RO,Romania,Romanian,NetBet (Organization),true,false,false,true,true,false,"Image pack, Video preview",100,3,4.67,0,,,,44,,Lost,,https://legalbet.ro/bonus/netbet-casino-200-de-rotiri-gratuite-si-o-speciala-de-50-de-lei/,,,2024-06-22 23:29:19,
craiova cluj meci,RO,Romania,Romanian,"Craiova (Location), Cluj (Location)",false,true,false,true,false,false,"Video preview, Image pack",150,1,,0,,,,45,,Lost,,https://legalbet.ro/centrul-de-pariere/universitatea-craiova-cfr-kluj-27-04-2024/,,,2024-06-15 04:52:41,
fotbal liga i azi,RO,Romania,Romanian,Liga I (Event),true,false,false,true,false,false,"Video preview, Image pack",150,39,,0,,,,46,,Lost,,https://legalbet.ro/centrul-de-pariere/astazi/,,,2024-06-16 15:51:39,
real madrid city,RO,Romania,English,Real Madrid City (Location),true,false,false,true,false,false,"Video preview, Image pack",150,6,0.13,0,,,,45,,Lost,,https://legalbet.ro/centrul-de-pariere/manchester-city-real-madrid-16-04-2024/,,,2024-06-25 08:39:05,
fotbal azi la pro tv,RO,Romania,Romanian,Pro TV (Organization),true,false,false,true,false,false,"Top stories, Thumbnail, Video preview",600,21,,0,,,,49,,Lost,,https://legalbet.ro/centrul-de-pariere/astazi/,,,2024-06-24 02:13:11,
meciuri din cupa angliei,RO,Romania,Romanian,FA Cup (Event),true,false,false,true,false,false,"Image pack, Video preview",150,0,,0,,,,45,,Lost,,https://legalbet.ro/centrul-de-pariere/turnee/super-cup-england/,,,2024-06-23 15:28:42,
campionate fotbal europa,RO,Romania,Romanian,Europe (Location),false,false,false,true,false,false,"Video preview, Image pack",90,1,,0,,,,43,,Lost,,https://legalbet.ro/centrul-de-pariere/astazi/,,,2024-06-14 15:27:13,
superbet oferta de azi,RO,Romania,Romanian,Superbet (Organization),true,false,false,true,true,false,"Image pack, Video preview",300,4,2.55,0,,,,49,,Lost,,https://legalbet.ro/centrul-de-pariere/astazi/,,,2024-06-23 16:23:14,
cod bonus mozzart,RO,Romania,Romanian,MozzartBet (Organization),true,false,false,true,true,false,"Image pack, Video preview",150,0,1.63,0,,,,45,,Lost,,https://legalbet.ro/bonus/mozzart-casino-200-de-rotiri-gratuite-la-inregistrare/,,,2024-06-09 11:57:39,
liga 1 franța,RO,Romania,Romanian,"Ligue 1 (Event), France (Location)",true,false,false,true,false,false,"Image pack, Video preview, Knowledge panel",150,1,,0,,,,46,,Lost,,https://legalbet.ro/centrul-de-pariere/turnee/ligue-1/,,,2024-06-08 11:58:26,
barcelona - valencia,RO,Romania,Romanian,"Barcelona (Location), Valencia (Location)",false,true,false,true,false,false,"Videos, Thumbnail",700,0,,0,,,,48,,Lost,,https://legalbet.ro/centrul-de-pariere/barcelona-valencia-28-04-2024/,,,2024-06-21 13:48:30,
fotbal fcsb universitatea craiova,RO,Romania,Romanian,"FCSB (Organization), Universitatea Craiova (Organization)",true,false,false,true,false,false,"Video preview, Image pack",150,0,,0,,,,45,,Lost,,https://legalbet.ro/centrul-de-pariere/fcsb-universitatea-craiova-06-04-2024/,,,2024-06-23 03:50:49,
jocuri gratis casino,RO,Romania,Romanian,,false,false,false,true,false,false,"Video preview, Image pack",80,31,0.75,0,,,,43,,Lost,,https://legalbet.ro/scoala-de-cazino/jocuri-de-casino-gratis/,,,2024-06-24 18:15:52,
paysafecard 50 lei gratuit,RO,Romania,Romanian,Paysafecard (Product),true,false,false,true,false,false,Video preview,200,0,1.15,0,,,,47,,Lost,,https://legalbet.ro/case-de-pariuri/sets/paysafecard/,,,2024-06-14 19:43:46,
jocuri pragmatic,RO,Romania,Romanian,Pragmatic Play (Organization),true,false,false,true,false,false,"Video preview, Image pack",100,1,1.22,0,,,,44,,Lost,,https://legalbet.ro/alegerea-editorului/top-8-jocuri-de-pacanele-lansate-de-pragmatic-play-in/,,,2024-06-14 01:25:41,
slotv bonus fara depunere,RO,Romania,Romanian,SlotV (Organization),true,false,false,true,true,false,Image pack,150,0,0.77,0,,,,46,,Lost,,https://legalbet.ro/cazinouri/slotv-casino/,,,2024-06-15 21:04:48,
paysafecard 100 lei,RO,Romania,Romanian,PaysafeCard (Product),true,false,false,false,true,true,"Thumbnail, Image pack, Video preview",80,0,0.10,0,,,,42,,Lost,,https://legalbet.ro/case-de-pariuri/sets/paysafecard/,,,2024-06-23 18:41:53,
bonus fara depunere betano,RO,Romania,Romanian,Betano (Organization),true,false,false,true,true,false,"Videos, Image pack",250,3,2.11,0,,,,48,,Lost,,https://legalbet.ro/bonus/,,,2024-06-13 00:02:57,
cehia 12/60,RO,Romania,Romanian,Cehia Keno 12/60 (Event),true,false,false,true,false,false,"Sitelinks, Thumbnail, Image pack",400,0,0.69,0,,,,50,,Lost,,https://legalbet.ro/alegerea-editorului/descopera-cea-mai-complexa-oferta-de-loterii-2/,,,2024-06-23 11:54:22,
manchester city–chelsea,RO,Romania,English,"Manchester City (Organization), Chelsea (Organization)",true,false,false,true,false,false,"Video preview, Image pack",200,11,,0,,,,47,,Lost,,https://legalbet.ro/centrul-de-pariere/manchester-city-chelsea-20-04-2024/,,,2024-06-23 06:41:26,
fcsb farul constanta,RO,Romania,Romanian,"FCSB (Organization), Farul Constanța (Organization)",true,false,false,true,false,false,"Video preview, Image pack",150,0,,0,,,,46,,Lost,,https://legalbet.ro/centrul-de-pariere/fcsb-farul-03-02-2024/,,,2024-06-23 03:50:19,
player 111 rotiri,RO,Romania,Romanian,"Player (Organization), 111 Free Spins (Event)",true,false,false,true,true,false,"Top ads, Image pack",100,0,3.78,0,,,,45,,Lost,,https://legalbet.ro/alegerea-editorului/player-casino-ce-promotii-ai-cum-le-obtii-si-cum-le/,,,2024-06-21 17:19:53,
meciuri germania azi,RO,Romania,Romanian,Germany (Location),false,false,false,true,false,false,Image pack,100,3,0.12,0,,,,45,,Lost,,https://legalbet.ro/ponturi/biletul-zilei-cota-3-din-fotbal-14-06-2024-marco-birlan/,,,2024-06-12 00:36:30,
casa pariurilor fortuna,RO,Romania,Romanian,"Casa Pariurilor (Organization), Fortuna (Organization)",true,false,false,true,true,false,"Sitelinks, Image pack, Video preview",100,4,0.55,0,,,,7,,Lost,,https://legalbet.ro/case-de-pariuri/fortuna/,,,2024-06-10 22:39:07,
pontul nostru.ro,RO,Romania,Romanian,Pontul Nostru (Organization),true,false,true,false,false,false,"Sitelinks, Video preview, Image pack",100,0,1.33,0,,,,45,,Lost,,https://legalbet.ro/ponturi/cehia-vs-turcia-ponturi-pariuri-euro-2024-26-06-2024-nsavin/,,,2024-06-27 04:00:54,
88 casino,RO,Romania,Romanian,888 Casino (Organization),true,false,true,true,true,true,"Sitelinks, Image pack, Video preview",250,50,1.89,0,,,,48,,Lost,,https://legalbet.ro/bonus/sets/888-casino/,,,2024-06-26 21:25:55,
universitatea craiova farul constanța,RO,Romania,Romanian,"Universitatea Craiova (Organization), Farul Constanța (Organization)",true,false,false,true,false,false,"Video preview, Image pack",150,0,,0,,,,46,,Lost,,https://legalbet.ro/centrul-de-pariere/universitatea-craiova-farul-21-01-2024/,,,2024-06-19 23:43:57,
liste fc botoșani vs cfr cluj,RO,Romania,Romanian,"FC Botoșani (Organization), CFR Cluj (Organization)",true,false,false,true,false,false,"Image pack, Video preview",100,1,,0,,,,45,,Lost,,https://legalbet.ro/ponturi/fc-botosani-vs-fc-voluntari-predictii-fotbal-play-out-superliga-romaniei-04-05-2024-karbacher/,,,2024-06-21 16:36:23,
maxbet 350 rotiri gratuite,RO,Romania,Romanian,MaxBet (Organization),true,false,false,true,true,false,"Image pack, Video preview",100,0,1.62,0,,,,45,,Lost,,https://legalbet.ro/bonus/maxbet-cazino-350-de-rotiri-gratuite-la-verificarea-contului/,,,2024-06-25 07:27:54,
anglia cupa ligii,RO,Romania,Romanian,"Carabao Cup (Event), England (Location)",true,true,false,true,false,false,"Sitelinks, Knowledge panel, Video preview",150,1,,0,,,,46,,Lost,,https://legalbet.ro/centrul-de-pariere/turnee/league-cup/,,,2024-06-21 22:56:09,
peste 2 5 goluri,RO,Romania,Romanian,,false,false,false,true,false,false,"Featured snippet, Thumbnail, People also ask, Video preview",90,0,,0,,,,44,,Lost,,https://legalbet.ro/centrul-de-pariere/portugal-croatia-08-06-2024/,,,2024-06-07 10:35:17,
netbet rotiri fara depunere,RO,Romania,Romanian,NetBet (Organization),true,false,false,true,true,false,"Image pack, Bottom ads, Paid sitelinks",100,4,1.54,0,,,,45,,Lost,,https://legalbet.ro/bonus/netbet-bonus-fara-depunere/,,,2024-05-27 14:02:13,
admiral casino online,RO,Romania,English,Admiral Casino (Organization),true,false,false,true,true,false,"Sitelinks, Video preview, Image pack",150,29,0.33,0,,,,46,,Lost,,https://legalbet.ro/alegerea-editorului/promotii-de-paste-de-la-admiral-casino/,,,2024-06-17 20:15:27,
echipa națională de fotbal a luxemburgului,RO,Romania,Romanian,Luxembourg national football team (Organization),true,false,false,true,false,false,"Video preview, Image pack, Knowledge panel",90,0,,0,,,,44,,Lost,,https://legalbet.ro/centrul-de-pariere/luxembourg-slovakia-16-10-2023-1/,,,2024-05-26 20:14:36,
farul sepsi,RO,Romania,Romanian,"Farul (Organization), Sepsi (Organization)",true,false,false,true,false,false,Video preview,90,0,,0,,,,44,,Lost,,https://legalbet.ro/centrul-de-pariere/farul-sepsi-osk-sfantu-gheorghe-11-05-2024/,,,2024-06-27 12:48:42,
jocuri de cazino gratis,RO,Romania,Romanian,,false,false,false,true,false,false,Image pack,100,26,0.51,0,,,,47,,Lost,,https://legalbet.ro/scoala-de-cazino/jocuri-de-casino-gratis/,,,2024-06-13 16:33:17,
verificare bilet,RO,Romania,Romanian,,false,false,false,true,false,false,"Sitelinks, Video preview",7100,40,1.64,,0,,,,16,New,,,,https://legalbet.ro/scoala-pariurilor/superbet-verificare-bilet-online/,,2026-06-20 19:53:54
rezultate fotbal liga campionilor,RO,Romania,Romanian,UEFA Champions League (Event),true,false,false,true,false,false,"Video preview, Image pack",100,12,,0,,,,45,,Lost,,https://legalbet.ro/centrul-de-pariere/turnee/champions-league/,,,2024-06-17 20:16:51,
meciuri champions league live,RO,Romania,Romanian,UEFA Champions League (Event),true,false,false,true,false,false,"Video preview, Image pack",150,1,,0,,,,47,,Lost,,https://legalbet.ro/centrul-de-pariere/astazi/,,,2024-06-17 23:42:41,
tenis sorana cirstea azi live,RO,Romania,Romanian,Sorana Cirstea (Person),false,false,false,true,false,false,Video preview,100,2,,0,,,,45,,Lost,,https://legalbet.ro/ponturi/anna-blinkova-vs-sorana-cirstea-pronosticuri-tenis-french-open-28052024-marian/,,,2024-05-29 10:09:37,
dice & roll,RO,Romania,English,Dice & Roll (Work),true,false,false,true,false,false,"Video preview, Image pack",150,1,0.43,0,,,,46,,Lost,,https://legalbet.ro/alegerea-editorului/totul-despre-slotul-dice-roll-de-la-egt/,,,2024-06-19 09:04:45,
conticazino,RO,Romania,Romanian,Conticazino (Organization),true,false,false,true,true,false,Sitelinks,63000,59,0.86,0,0,0,,10,7,3,,https://legalbet.ro/feedback/conticazino/,,https://legalbet.ro/cazinouri/conti-cazino/,2024-06-27 15:25:48,2026-06-16 20:28:05
fc botoșani dinamo,RO,Romania,Romanian,"FC Botoșani (Organization), Dinamo București (Organization)",true,false,false,true,false,false,"Video preview, Image pack",100,0,,0,,,,45,,Lost,,https://legalbet.ro/centrul-de-pariere/botosani-dinamo-bucuresti-27-04-2024/,,,2024-06-23 22:48:24,
clasament turcia,RO,Romania,Romanian,Turkey (Location),false,false,false,true,false,false,"Image pack, Video preview",700,0,0.68,0,,,,34,,Lost,,https://legalbet.ro/alegerea-editorului/cehia-vs-turcia-cehii-au-nevoie-de-victorie-turcii-sunt/,,,2024-06-27 18:59:44,
betano fotbal,RO,Romania,Romanian,Betano (Organization),true,false,true,true,true,true,"Video preview, Image pack",100,11,0.42,0,,,,38,,Lost,Image pack,https://legalbet.ro/alegerea-editorului/top-8-jocuri-cu-fotbal-pe-care-sa-le-joci-la-betano/,,,2024-05-29 05:00:08,
cazino jocuri gratis,RO,Romania,Romanian,Cazino (Organization),true,false,false,true,false,false,Image pack,100,26,,0,,,,45,,Lost,,https://legalbet.ro/scoala-de-cazino/jocuri-de-casino-gratis/,,,2024-06-13 12:40:10,
meciuri psg vs bayern,RO,Romania,Romanian,"Paris Saint-Germain (Organization), Bayern Munich (Organization)",true,false,false,true,false,false,"Video preview, Image pack",150,0,,0,,,,47,,Lost,,https://legalbet.ro/centrul-de-pariere/turnee/champions-league/,,,2024-06-25 09:45:02,
fotbal cfr cluj fcsb,RO,Romania,Romanian,"CFR Cluj (Organization), FCSB (Organization)",true,false,false,true,false,false,"Video preview, Image pack",100,1,,0,,,,45,,Lost,,https://legalbet.ro/centrul-de-pariere/cfr-kluj-fcsb-13-04-2024/,,,2024-06-27 09:21:27,
poziții farul constanța vs fc hermannstadt,RO,Romania,Romanian,"FCV Farul Constanța (Organization), FC Hermannstadt (Organization)",true,false,false,true,false,false,"Video preview, Image pack",150,0,,0,,,,47,,Lost,,https://legalbet.ro/centrul-de-pariere/afc-hermannstadt-dinamo-bucuresti-17-03-2024/,,,2024-06-21 07:09:09,
betfair app,RO,Romania,English,Betfair (Organization),true,false,false,true,true,true,"People also ask, Video preview, Image pack, Knowledge panel",100,3,2.69,0,,,,45,,Lost,,https://legalbet.ro/scoala-pariurilor/aplicatie-betfair-ghid-complet-pentru-pariuri-de-pe-mobil/,,,2024-06-13 04:28:44,
meciuri fotbal online,RO,Romania,Romanian,,false,false,false,true,false,false,Video preview,90,17,,0,,,,48,,Lost,,https://legalbet.ro/centrul-de-pariere/,,,2024-06-13 07:22:56,
meciuri franta,RO,Romania,Romanian,France (Location),false,false,false,true,false,false,"Image pack, Video preview",80,0,,0,,,,44,,Lost,,https://legalbet.ro/centrul-de-pariere/maine/,,,2024-06-20 10:37:55,
fotbal superliga româniei,RO,Romania,Romanian,"Superliga (Event), Romania (Location)",true,false,false,true,false,false,"Sitelinks, Top stories, Thumbnail, Video preview",200,34,,0,,,,48,,Lost,,https://legalbet.ro/centrul-de-pariere/turnee/liga-i/,,,2024-06-25 19:00:20,
arena nationala meci azi,RO,Romania,Romanian,National Arena (Location),false,false,false,true,false,false,"Image pack, Video preview",100,10,,0,,,,46,,Lost,,https://legalbet.ro/centrul-de-pariere/fcsb-botosani-24-02-2024/,,,2024-06-27 20:50:21,
rotiri gratuite fara depunere betano,RO,Romania,Romanian,Betano (Organization),true,false,false,true,true,false,"Featured snippet, Video preview, Image pack",250,2,2.09,0,,,,49,,Lost,,https://legalbet.ro/bonus/betano-casino-444-rotiri-gratuite-fara-depunere/,,,2024-06-26 14:07:02,
e fortuna,RO,Romania,Romanian,eFortuna (Organization),true,false,true,true,true,false,"Sitelinks, Image pack, Video preview",3700,7,0.29,0,,,,7,,Lost,,https://legalbet.ro/case-de-pariuri/fortuna/,,,2024-06-27 03:05:38,
wolverhampton - brighton,RO,Romania,English,"Wolverhampton (Location), Brighton (Location)",false,true,false,true,false,false,"Thumbnail, Video preview, Image pack",150,0,,0,,,,47,,Lost,,https://legalbet.ro/centrul-de-pariere/wolverhampton-wanderers-brighton-and-hove-albion-28-02-2024/,,,2024-06-20 10:57:40,
totalbet pariuri sportive,RO,Romania,Romanian,TotalBet (Organization),true,false,true,true,true,true,Sitelinks,300,24,0.78,0,0,0,,7,5,2,,https://legalbet.ro/scoala-pariurilor/recenzia-casei-de-pariuri-totalbet/,,https://legalbet.ro/scoala-pariurilor/recenzia-casei-de-pariuri-totalbet/,2024-06-25 06:37:07,2026-05-22 14:21:27
netbet inregistrare,RO,Romania,Romanian,NetBet (Organization),true,false,true,false,true,true,"Video preview, Image pack",200,5,4.29,0,,,,48,,Lost,,https://legalbet.ro/scoala-pariurilor/primul-pariu-la-netbet/,,,2024-06-13 10:28:28,
retragere bani paysafecard,RO,Romania,Romanian,Paysafecard (Product),true,false,false,true,false,false,Video preview,100,0,0.21,0,,,,46,,Lost,,https://legalbet.ro/scoala-pariurilor/casa-de-pariuri-fortuna-depuneri-si-retrageri/,,,2024-06-16 12:58:12,
fotbal suedia,RO,Romania,Romanian,Sweden (Location),false,false,false,true,false,false,"Sitelinks, Knowledge panel, Video preview",100,0,,0,,,,44,,Lost,,https://legalbet.ro/centrul-de-pariere/echipe/sweden/,,,2024-06-06 22:45:11,
u craiova botosani,RO,Romania,Romanian,"Universitatea Craiova (Organization), Botoșani (Location)",true,true,false,true,false,false,"Video preview, Image pack",150,0,,0,,,,47,,Lost,,https://legalbet.ro/centrul-de-pariere/botosani-universitatea-craiova-17-02-2024/,,,2024-06-19 02:45:03,
pokerstars bonus de bun venit,RO,Romania,Romanian,PokerStars (Organization),true,false,false,true,true,false,"Image pack, Video preview",90,0,4.96,0,,,,45,,Lost,,https://legalbet.ro/cazinouri/pokerstars/,,,2024-06-23 17:21:59,
meciuri fotbal,RO,Romania,Romanian,,false,false,false,true,false,false,"Top stories, Thumbnail, Video preview",700,62,0.10,2,0,-2,,4,7,-3,,https://legalbet.ro/centrul-de-pariere/astazi/,,https://legalbet.ro/centrul-de-pariere/astazi/,2024-06-27 05:15:34,2026-06-11 00:20:39
cod promotional casa pariurilor,RO,Romania,Romanian,Casa Pariurilor (Organization),true,false,false,true,true,false,"Bottom ads, Paid sitelinks",200,1,3.37,0,,,,49,,Lost,,https://legalbet.ro/rating-bonus/,,,2024-05-28 01:22:48,
roata norocului online,RO,Romania,Romanian,,false,false,false,true,false,false,"Video preview, Image pack",150,0,0.50,0,,,,47,,Lost,,https://legalbet.ro/cazinouri/sets/cazinouri-cu-roata-norocului-online-gratis/,,,2024-06-18 19:53:51,
jaqueline adina cristian,RO,Romania,,Jaqueline Adina Cristian (Person),false,false,false,true,false,false,"Knowledge panel, Video preview",200,4,,0,,,,46,,Lost,,https://legalbet.ro/ponturi/jaqueline-cristian-vs-eva-lys-pronosticuri-tenis-bari-open-marian/,,,2024-06-07 02:59:59,
real vs atletico,RO,Romania,English,"Real Madrid (Organization), Atlético Madrid (Organization)",true,false,false,true,false,false,"People also ask, Video preview, Image pack",150,5,,0,,,,43,,Lost,,https://legalbet.ro/centrul-de-pariere/real-madrid-atletico-madrid-04-02-2024/,,,2024-06-20 15:57:07,
ce este paysafecard,RO,Romania,Romanian,Paysafecard (Product),true,false,false,true,false,false,"Knowledge panel, Video preview",100,1,0.15,0,,,,47,,Lost,,https://legalbet.ro/alegerea-editorului/ce-este-paysafecard-si-cum-il-putem-folosi-la-pariuri/,,,2024-06-27 04:11:58,
sevilla - getafe,RO,Romania,Romanian,"Sevilla (Organization), Getafe (Organization)",true,false,false,true,false,false,"Thumbnail, Video preview, Image pack",150,0,,0,,,,48,,Lost,,https://legalbet.ro/centrul-de-pariere/getafe-sevilla-31-03-2024/,,,2024-06-12 14:29:00,
la fotbal,RO,Romania,Romanian,,false,false,false,true,false,false,"Video preview, Top stories, Thumbnail, Image pack",80,51,,0,,,,45,,Lost,,https://legalbet.ro/centrul-de-pariere/maine/,,,2024-06-12 19:12:18,
pariuri sportive,RO,Romania,Romanian,,false,false,false,true,true,false,Video preview,4300,79,3.93,0,0,0,,33,28,5,,https://legalbet.ro/case-de-pariuri-licentiate/,,https://legalbet.ro/case-de-pariuri-licentiate/,2024-06-27 03:59:50,2026-06-22 14:57:13
numar superbet,RO,Romania,Romanian,Superbet (Organization),true,false,false,true,false,false,"Image pack, Video preview",200,1,1.18,0,,,,49,,Lost,,https://legalbet.ro/feedback/superbet/,,,2024-06-15 05:55:34,
plenty on twenty,RO,Romania,English,Plenty on Twenty (Product),true,false,false,true,false,false,"Bottom ads, Paid sitelinks",200,20,0.77,,0,,,,8,New,,,,https://legalbet.ro/jocuri-cazinouri-gratis/plenty-on-twenty/,,2026-05-22 00:16:28
cfr rapid scor,RO,Romania,Romanian,"CFR Cluj (Organization), Rapid București (Organization)",true,false,false,true,false,false,Video preview,150,2,,0,,,,47,,Lost,,https://legalbet.ro/centrul-de-pariere/cfr-kluj-rapid-bucuresti-11-05-2024/,,,2024-06-10 22:14:56,
franta ligue 1,RO,Romania,Romanian,"Ligue 1 (Event), France (Location)",true,false,false,true,false,false,"Sitelinks, Image pack, Video preview",1300,1,2.67,0,,,,29,,Lost,,https://legalbet.ro/centrul-de-pariere/country/fr/,,,2024-06-27 19:56:51,
elveția super league,RO,Romania,Romanian,"Elveția Super League (Event), Swiss Super League (Event)",true,false,false,true,false,false,"Sitelinks, Image pack, Video preview, Knowledge panel",100,0,,0,,,,46,,Lost,,https://legalbet.ro/alegerea-editorului/cota-3-fotbal-euro-2024-15-06-2024/,,,2024-06-15 01:29:51,
casedepariurilegale,RO,Romania,Romanian,casedepariurilegale (Organization),true,false,false,true,false,false,Sitelinks,100,31,,0,0,0,,6,5,1,,https://legalbet.ro/case-de-pariuri-licentiate/,,https://legalbet.ro/,2024-06-27 22:10:41,2026-06-02 12:34:27
fotbal.azi,RO,Romania,Romanian,,false,false,false,true,false,false,"Top stories, Thumbnail",100,65,0.15,0,0,0,,12,5,7,,https://legalbet.ro/centrul-de-pariere/astazi/,,https://legalbet.ro/centrul-de-pariere/astazi/,2024-06-25 05:47:45,2026-06-15 22:22:00
meciuri poli iasi,RO,Romania,Romanian,"Poli Iași (Organization), Iași (Location)",true,true,false,true,false,false,"Video preview, Image pack",150,2,0.60,0,,,,49,,Lost,,https://legalbet.ro/centrul-de-pariere/dinamo-bucuresti-politehnica-iasi-13-04-2024/,,,2024-06-17 04:47:54,
player cod bonus,RO,Romania,English,Player (Organization),true,false,false,true,true,false,"Image pack, Video preview",100,0,0.84,0,,,,47,,Lost,,https://legalbet.ro/bonus/player-casino-bonus-de-bun-venit-de-2-000-de-lei-i-777-de-rotiri-gratuite/,,,2024-06-12 03:10:00,
winner pariuri,RO,Romania,Romanian,Winner.ro (Organization),true,false,true,true,true,false,"Sitelinks, Image pack, Video preview",100,0,1.60,0,,,,5,,Lost,,https://legalbet.ro/scoala-pariurilor/recenzia-casei-de-pariuri-winnerbet/,,,2024-06-26 02:50:39,
numar telefon superbet,RO,Romania,Romanian,Superbet (Organization),true,false,false,true,false,false,"Local pack, Image pack, Video preview",200,0,0.85,0,,,,50,,Lost,,https://legalbet.ro/complaints/superbet/,,,2024-06-16 04:27:30,
superbet com,RO,Romania,,Superbet (Organization),true,false,true,true,true,false,"Sitelinks, Video preview, Image pack, Bottom ads, Paid sitelinks",80,3,1.16,0,,,,45,,Lost,,https://legalbet.ro/feedback/superbet/,,,2024-06-19 07:03:52,
meciuri.azi,RO,Romania,Romanian,,false,false,false,true,false,false,,100,59,,0,0,0,,9,5,4,,https://legalbet.ro/centrul-de-pariere/astazi/,,https://legalbet.ro/centrul-de-pariere/astazi/,2024-06-22 01:37:47,2026-06-23 10:38:28
us open rezultate feminin,RO,Romania,Romanian,US Open (Event),true,false,false,true,false,false,"Video preview, Image pack",200,7,,0,,,,49,,Lost,,https://legalbet.ro/ponturi/iga-swiatek-vs-cori-coco-gauff-pronosticuri-tenis-french-open-marian/,,,2024-06-12 13:46:37,
rapid bucureşti vs. cfr cluj,RO,Romania,Romanian,"Rapid București (Organization), CFR Cluj (Organization)",true,false,false,true,false,false,"Video preview, Image pack",250,0,,0,,,,50,,Lost,,https://legalbet.ro/centrul-de-pariere/rapid-bucuresti-cfr-kluj-06-04-2024/,,,2024-06-23 19:04:56,
rapid scor,RO,Romania,Romanian,FC Rapid București (Organization),true,false,false,true,false,false,"Video preview, Image pack",90,2,,0,,,,46,,Lost,,https://legalbet.ro/centrul-de-pariere/dinamo-bucuresti-rapid-bucuresti-27-01-2024/,,,2024-06-26 07:25:08,
superliga romania fotbal,RO,Romania,Romanian,"Superliga Romania (Event), Romania (Location)",true,false,false,true,false,false,"Knowledge panel, Video preview",150,35,,0,,,,48,,Lost,,https://legalbet.ro/centrul-de-pariere/turnee/liga-i/,,,2024-06-17 05:59:10,
milan - roma,RO,Romania,Romanian,"AC Milan (Organization), AS Roma (Organization)",true,false,false,true,false,false,"Thumbnail, Video preview",200,1,,0,,,,49,,Lost,,https://legalbet.ro/centrul-de-pariere/roma-milan-18-04-2024/,,,2024-06-24 14:45:14,
meci ilie oana azi,RO,Romania,Romanian,Ilie Oana (Location),false,false,false,true,false,false,"Image pack, Video preview",200,0,,0,,,,49,,Lost,,https://legalbet.ro/centrul-de-pariere/petrolul-universitatea-cluj-16-07-2023/,,,2024-06-23 05:24:38,
slovan bratislava,RO,Romania,Romanian,SK Slovan Bratislava (Organization),true,false,false,true,false,false,"Thumbnail, Video preview, Image pack, Knowledge panel",350,8,,0,,,,49,,Lost,,https://legalbet.ro/centrul-de-pariere/slovan-bratislava-lille-09-11-2023-1/,,,2024-06-24 11:22:10,
superbet game,RO,Romania,English,Superbet (Organization),true,false,false,true,true,false,"Sitelinks, Knowledge panel, Video preview",100,4,1.65,0,,,,47,,Lost,,https://legalbet.ro/feedback/superbet/,,,2024-06-24 01:08:33,
napoli ac milan,RO,Romania,Romanian,"Napoli (Organization), AC Milan (Organization)",true,false,false,true,false,false,"Video preview, Image pack",150,0,,0,,,,48,,Lost,,https://legalbet.ro/centrul-de-pariere/milan-napoli-11-02-2024/,,,2024-06-13 17:19:44,
cirstea ostapenko,RO,Romania,Romanian,"Sorana Cirstea (Person), Jelena Ostapenko (Person)",false,false,false,true,false,false,Video preview,90,0,,0,,,,47,,Lost,,https://legalbet.ro/ponturi/sorana-cirstea-jelena-ostapenko-pronosticuri-tenis-adelaide-marian/,,,2024-06-15 23:29:48,
conference league tragere la sorti,RO,Romania,Romanian,UEFA Conference League (Event),true,false,false,true,false,false,"People also ask, Image pack, Video preview",90,0,,0,,,,46,,Lost,,https://legalbet.ro/alegerea-editorului/misiune-dificila-pentru-cfr-cluj-in-grupele-conference/,,,2024-06-22 18:16:22,
bilete castigatoare superbet,RO,Romania,Romanian,Superbet (Organization),true,false,false,true,false,false,"Video preview, Image pack",100,0,0.65,0,,,,48,,Lost,,https://legalbet.ro/biletul-zilei/,,,2024-06-19 23:33:07,
ce inseamna fifa,RO,Romania,Romanian,FIFA (Organization),true,false,false,true,false,false,"Featured snippet, Knowledge panel, Video preview, Image pack",100,0,,0,,,,47,,Lost,,https://legalbet.ro/scoala-pariurilor/pariurile-pe-jocul-fifa-ce-trebuie-sa-stii/,,,2024-06-25 21:57:48,
număr de telefon superbet,RO,Romania,Romanian,Superbet (Organization),true,false,false,true,false,false,"Local pack, Image pack, Video preview",100,0,0.70,0,,,,48,,Lost,,https://legalbet.ro/complaints/superbet/,,,2024-06-19 09:31:12,
pokerstars bonus fara depunere,RO,Romania,Romanian,PokerStars (Organization),true,false,false,true,true,false,"Image pack, Video preview, Bottom ads, Paid sitelinks",150,0,2.33,0,,,,48,,Lost,,https://legalbet.ro/bonus/pokerstars-50-rotiri-gratuite-la-casino/,,,2024-06-24 09:40:19,
slotv rotiri gratuite,RO,Romania,Romanian,SlotV (Organization),true,false,false,true,true,false,Image pack,150,0,1.74,0,,,,48,,Lost,,https://legalbet.ro/cazinouri/slotv-casino/,,,2024-06-10 17:32:31,
meci u cluj azi live,RO,Romania,Romanian,FC U Cluj (Organization),true,false,false,true,false,false,"Video preview, Image pack",150,0,0.02,0,,,,49,,Lost,,https://legalbet.ro/centrul-de-pariere/universitatea-cluj-fcsb-17-02-2024/,,,2024-06-12 12:52:52,
meciuri din cehia 1. liga,RO,Romania,Romanian,"1. Liga (Event), Czech Republic (Location)",true,false,false,true,false,false,Image pack,100,0,,0,,,,47,,Lost,,https://legalbet.ro/centrul-de-pariere/czech-republic-moldova-20-11-2023/,,,2024-06-23 04:37:03,
cod promotional unibet,RO,Romania,Romanian,Unibet (Organization),true,false,false,true,true,false,"Image pack, Video preview",150,1,1.90,0,,,,50,,Lost,,https://legalbet.ro/alegerea-editorului/bonusuri-si-promotii-la-unibet/,,,2024-06-12 16:51:34,
betano rotiri,RO,Romania,Romanian,Betano (Organization),true,false,false,true,true,false,"Video preview, Image pack, Bottom ads, Paid sitelinks",80,1,0.93,0,,,,46,,Lost,,https://legalbet.ro/bonus/betano-casino-888-de-rotiri-gratuite-fara-depunere-la-verificarea-contului/,,,2024-06-11 04:22:19,
cod promo mr bit fara depunere,RO,Romania,Romanian,Mr Bit (Organization),true,false,false,true,true,false,Video preview,150,0,1.13,0,,,,48,,Lost,,https://legalbet.ro/bonus/sets/fara-depunere-pariuri/,,,2024-06-15 22:16:35,
netbet rotiri gratuite fara depunere,RO,Romania,Romanian,NetBet (Organization),true,false,false,true,true,false,"Image pack, Video preview",200,3,1.47,0,,,,50,,Lost,,https://legalbet.ro/bonus/netbet-bonus-fara-depunere/,,,2024-06-14 21:13:07,
casino winner,RO,Romania,English,Winner (Organization),true,false,false,true,true,false,Image pack,150,2,1.55,0,,,,49,,Lost,,https://legalbet.ro/cazinouri/winner/,,,2024-06-12 04:56:39,
control bilet superbet,RO,Romania,Romanian,Superbet (Organization),true,false,false,true,false,false,"Sitelinks, Video preview, Image pack",100,9,,0,,,,47,,Lost,,https://legalbet.ro/scoala-pariurilor/superbet-verificare-bilet-online/,,,2024-06-09 14:13:07,
atletico inter,RO,Romania,Romanian,"Atlético Madrid (Organization), Inter (Organization)",true,false,false,true,false,false,"Video preview, Image pack",200,2,,0,,,,50,,Lost,,https://legalbet.ro/centrul-de-pariere/atletico-madrid-inter-13-03-2024/,,,2024-06-13 17:47:55,
informații despre fotbal,RO,Romania,Romanian,,false,false,false,true,false,false,"Featured snippet, Thumbnail, Knowledge panel, Video preview",150,11,,0,,,,49,,Lost,,https://legalbet.ro/centrul-de-pariere/astazi/,,,2024-06-11 16:54:40,
fotbal cfr fcsb,RO,Romania,Romanian,"FC CFR 1907 Cluj (Organization), FCSB (Organization)",true,false,false,true,false,false,"Top stories, Thumbnail, Video preview, Image pack",150,2,,0,,,,49,,Lost,,https://legalbet.ro/centrul-de-pariere/fcsb-cfr-kluj-13-05-2023/,,,2024-05-27 12:40:11,
cfr cluj vs. farul constanța,RO,Romania,Romanian,"CFR Cluj (Organization), Farul Constanța (Organization)",true,false,false,true,false,false,"Video preview, Image pack",100,0,,0,,,,48,,Lost,,https://legalbet.ro/centrul-de-pariere/farul-cfr-kluj-20-04-2024/,,,2024-06-20 21:16:17,
fcsb cand joaca,RO,Romania,Romanian,FCSB (Organization),true,false,false,true,false,false,"Video preview, Image pack",200,0,,0,,,,50,,Lost,,https://legalbet.ro/centrul-de-pariere/astazi/,,,2024-06-11 08:51:19,
ce înseamnă dublu,RO,Romania,Romanian,,false,false,false,true,false,false,"Video preview, Image pack",100,0,,0,,,,48,,Lost,,https://legalbet.ro/bonus/sets/bonus-dublu/,,,2024-06-27 12:30:23,
beturi ro,RO,Romania,Romanian,Beturi.ro (Organization),true,true,false,true,true,false,"Sitelinks, Video preview, Thumbnail, Image pack",150,15,0.29,0,,,,50,,Lost,,https://legalbet.ro/centrul-de-pariere/maine/,,,2024-06-19 10:14:56,
jocuri cu sloturi,RO,Romania,Romanian,,false,false,false,true,true,false,Image pack,90,44,2.69,0,,,,47,,Lost,,https://legalbet.ro/cazinouri/sloturi/,,,2024-06-22 04:43:09,
cod bonus mr bit,RO,Romania,Romanian,MrBit (Organization),true,false,false,true,true,false,"Video preview, Image pack",80,0,1.26,0,,,,47,,Lost,,https://legalbet.ro/cazinouri/mr-bit-casino/,,,2024-06-15 02:16:44,
hermannstadt petrolul,RO,Romania,Romanian,"Hermannstadt (Organization), Petrolul (Organization)",true,false,false,true,false,false,"Thumbnail, Video preview, Image pack",150,0,1.72,0,,,,49,,Lost,,https://legalbet.ro/centrul-de-pariere/afc-hermannstadt-petrolul-10-02-2024/,,,2024-06-12 22:46:29,
winner rotiri gratuite fara depunere,RO,Romania,Romanian,Winner Casino (Organization),true,false,false,true,true,false,"Image pack, Video preview",80,0,2.70,0,,,,47,,Lost,,https://legalbet.ro/bonus/107-freespins-winner-casino/,,,2024-06-07 00:28:45,
al nassr meci live,RO,Romania,Romanian,Al Nassr (Organization),true,false,false,true,false,false,Video preview,80,0,0.01,0,,,,47,,Lost,,https://legalbet.ro/alegerea-editorului/prezentarea-loturilor-euro-2024-spania/,,,2024-06-10 18:54:42,
portugalia elvetia,RO,Romania,Romanian,"Portugal (Location), Switzerland (Location)",false,false,false,true,false,false,"Thumbnail, Videos, Image pack, Video preview",150,0,,0,,,,47,,Lost,,https://legalbet.ro/centrul-de-pariere/portugal-switzerland-06-12-2022/,,,2024-06-24 00:24:42,
craiova meci,RO,Romania,Romanian,Craiova (Location),false,true,false,true,false,false,"Top stories, Thumbnail, Video preview, Image pack",350,0,0.87,0,,,,49,,Lost,,https://legalbet.ro/centrul-de-pariere/universitatea-craiova-rapid-bucuresti-04-03-2024/,,,2024-06-26 05:28:26,
promotie superbet,RO,Romania,Romanian,Superbet (Organization),true,false,false,true,true,false,"Image pack, Video preview",80,5,4.27,0,,,,46,,Lost,,https://legalbet.ro/bonus/superbet-casino-250-de-rotiri-gratuite-la-verificarea-contului/,,,2024-06-08 15:49:07,
uta arad rapid,RO,Romania,Romanian,"UTA Arad (Organization), Rapid București (Organization)",true,false,false,true,false,false,"Video preview, Image pack",80,0,,0,,,,47,,Lost,,https://legalbet.ro/centrul-de-pariere/rapid-bucuresti-uta-arad-28-02-2024/,,,2024-06-08 18:16:29,
fulham tottenham,RO,Romania,English,"Fulham (Organization), Tottenham Hotspur (Organization)",true,false,false,true,false,false,"Video preview, Thumbnail, Image pack",80,0,,0,,,,47,,Lost,,https://legalbet.ro/centrul-de-pariere/fulham-tottenham-hotspur-16-03-2024/,,,2024-06-24 02:53:07,
statistici cs universitatea craiova vs farul constanța,RO,Romania,Romanian,"CS Universitatea Craiova (Organization), Farul Constanța (Organization)",true,false,false,true,false,false,"Featured snippet, Video preview, Image pack",150,0,,0,,,,50,,Lost,,https://legalbet.ro/ponturi/farul-constanta-vs-csu-craiova-ponturi-fotbal-karbacher/,,,2024-06-25 00:08:54,
bundesliga meciuri,RO,Romania,Romanian,Bundesliga (Event),true,false,false,true,false,false,"Video preview, Image pack",80,0,,0,,,,47,,Lost,,https://legalbet.ro/centrul-de-pariere/turnee/bundesliga/,,,2024-06-13 14:34:29,
liga 1 românia fotbal,RO,Romania,Romanian,"Superliga Romania (Event), Romania (Location)",true,false,false,true,false,false,"Knowledge panel, Video preview",150,43,,0,,,,50,,Lost,,https://legalbet.ro/centrul-de-pariere/maine/,,,2024-06-20 16:08:42,
fortuna bilet,RO,Romania,Romanian,Fortuna (Organization),true,false,false,true,true,true,"Sitelinks, Video preview",600,26,0.01,0,0,0,,11,5,6,,https://legalbet.ro/complaints/fortuna/,,https://legalbet.ro/scoala-pariurilor/fortuna-bet-verificare-bilet-online/,2024-06-27 16:00:37,2026-06-07 20:10:01
cine televizeaza fcsb,RO,Romania,Romanian,FCSB (Organization),true,false,false,true,false,false,"Video preview, Image pack",150,1,0.02,0,,,,50,,Lost,,https://legalbet.ro/centrul-de-pariere/astazi/,,,2024-06-19 05:32:17,
faze eliminatorii champions league,RO,Romania,Romanian,UEFA Champions League (Event),true,false,false,true,false,false,"Image pack, Video preview",100,0,2.34,0,,,,49,,Lost,,https://legalbet.ro/ponturi/biletul-zilei-cota-3-21-02-2024-cristian-mihala/,,,2024-06-19 20:28:57,
contact 888 casino,RO,Romania,English,888 Casino (Organization),true,false,false,true,false,false,"Image pack, Video preview",150,0,1.39,0,,,,50,,Lost,,https://legalbet.ro/cazinouri/888casino/,,,2024-06-25 15:10:58,
pe ce post se transmite meciul fcsb,RO,Romania,Romanian,FCSB match (Event),false,false,false,true,false,false,,150,0,0.16,0,,,,50,,Lost,,https://legalbet.ro/centrul-de-pariere/astazi/,,,2024-06-27 14:52:28,
superbet online,RO,Romania,English,Superbet (Organization),true,false,true,false,true,true,"Sitelinks, Video preview, Bottom ads, Paid sitelinks",1800,7,1.47,0,,,,13,,Lost,,https://legalbet.ro/feedback/superbet/,,,2024-06-27 18:12:14,
unibet cod bonus,RO,Romania,Romanian,Unibet (Organization),true,false,false,true,true,false,"Video preview, Image pack",150,2,1.67,0,,,,50,,Lost,,https://legalbet.ro/alegerea-editorului/bonusuri-si-promotii-la-unibet/,,,2024-06-18 03:42:12,
fotbal steaua azi,RO,Romania,Romanian,"Steaua București (Organization), FCSB (Organization)",true,false,false,true,false,false,"Image pack, Video preview",150,24,1.48,0,,,,49,,Lost,,https://legalbet.ro/centrul-de-pariere/echipe/FCSB/,,,2024-06-11 13:45:39,
petrolul vs. rapid bucureşti,RO,Romania,Romanian,"Petrolul Ploiești (Organization), FC Rapid București (Organization)",true,false,false,true,false,false,"Video preview, Image pack",90,0,,0,,,,48,,Lost,,https://legalbet.ro/centrul-de-pariere/petrolul-rapid-bucuresti-16-12-2023/,,,2024-06-20 11:26:01,
rapid bucureşti vs farul constanța,RO,Romania,Romanian,"FC Rapid București (Organization), FC Farul Constanța (Organization)",true,true,false,true,false,false,"Video preview, Image pack",80,0,0.20,0,,,,48,,Lost,,https://legalbet.ro/ponturi/farul-constanta-vs-rapid-bucuresti-pariuri-fotbal-play-off-superliga-romaniei-24-04-2024-karbacher/,,,2024-06-16 06:43:06,
rezultate fotbal azi europa,RO,Romania,Romanian,Europe (Location),false,false,false,true,false,false,Image pack,100,6,,0,,,,49,,Lost,,https://legalbet.ro/centrul-de-pariere/turnee/europa-league/,,,2024-06-18 04:49:35,
lucky casino romania,RO,Romania,English,"Luck Casino (Organization), Romania (Location)",true,false,false,true,true,false,"Sitelinks, Video preview, Image pack",150,1,4.94,0,,,,50,,Lost,,https://legalbet.ro/cazinouri/luck-casino/,,,2024-06-11 13:02:39,
cont paysafecard,RO,Romania,Romanian,Paysafecard (Product),true,false,true,true,false,false,"Sitelinks, Videos, Image pack",80,3,0.21,0,,,,48,,Lost,,https://legalbet.ro/case-de-pariuri/sets/paysafecard/,,,2024-06-16 10:35:51,
casapariurilor.ro login,RO,Romania,Romanian,Casa Pariurilor (Organization),true,false,true,false,false,true,Image pack,90,9,1.45,0,,,,50,,Lost,,https://legalbet.ro/centrul-de-pariere/brazil-costa-rica-25-06-2024/,,,2024-06-26 20:16:30,
meci universitatea craiova,RO,Romania,Romanian,"Universitatea Craiova (Organization), Craiova (Location)",true,true,false,true,false,false,"Top stories, Thumbnail, Knowledge panel, Video preview",80,3,0.03,0,,,,44,,Lost,,https://legalbet.ro/centrul-de-pariere/universitatea-craiova-rapid-bucuresti-04-03-2024/,,,2024-06-26 20:28:02,
liģa 1,RO,Romania,Latvian,Liga 1 (Event),true,false,false,true,false,false,"Video preview, Knowledge panel",150,32,,0,,,,50,,Lost,,https://legalbet.ro/centrul-de-pariere/turnee/liga-i/,,,2024-06-08 00:40:24,
pariu fotbal,RO,Romania,Romanian,,false,false,true,false,true,true,"Sitelinks, Video preview, Image pack, Bottom ads, Paid sitelinks",100,38,1.97,0,,,,49,,Lost,,https://legalbet.ro/centrul-de-pariere/,,,2024-06-23 08:30:35,
meciuri din bayern munchen,RO,Romania,Romanian,Bayern Munich (Organization),true,false,false,true,false,false,"Video preview, Image pack",100,0,,0,,,,49,,Lost,,https://legalbet.ro/centrul-de-pariere/bayern-munchen-arsenal-16-04-2024/,,,2024-06-20 12:45:06,
clasament bundesliga 2,RO,Romania,Romanian,2. Bundesliga (Event),true,false,false,true,false,false,Image pack,80,0,,0,,,,45,,Lost,,https://legalbet.ro/ponturi/cota-2-fotbal-12-06-2024-karbacher/,,,2024-06-12 01:00:06,
stanleybet pariuri sportive,RO,Romania,Romanian,Stanleybet (Organization),true,false,true,true,true,true,"Sitelinks, Image pack, Knowledge panel",600,0,0.27,0,,,,25,,Lost,,https://legalbet.ro/case-de-pariuri/stanleybet/,,,2024-06-17 01:48:16,
sepsi steaua,RO,Romania,Romanian,"Sepsi (Organization), Steaua București (Organization)",true,false,false,true,false,false,"Video preview, Image pack",100,1,,0,,,,45,,Lost,,https://legalbet.ro/centrul-de-pariere/fcsb-sepsi-osk-sfantu-gheorghe-06-05-2023/,,,2024-06-25 08:32:50,
pariuriplus,RO,Romania,Romanian,PariuriPlus (Organization),true,false,true,true,true,false,,24000,47,0.48,,0,,,,7,New,,,,https://legalbet.ro/feedback/pariuriplus/,,2026-06-14 20:10:56
nr superbet,RO,Romania,Romanian,Superbet (Organization),true,false,false,true,false,false,"Featured snippet, Video preview, Image pack",100,1,0.87,0,,,,50,,Lost,,https://legalbet.ro/complaints/superbet/,,,2024-06-10 07:27:47,
superbet slatina,RO,Romania,Romanian,"Superbet (Organization), Slatina (Location)",true,true,false,true,false,false,"Local pack, Sitelinks, Thumbnail, Image pack",100,0,1.93,0,,,,47,,Lost,,https://legalbet.ro/centrul-de-pariere/astazi/,,,2024-06-19 15:25:07,
betano casino bonus,RO,Romania,English,Betano Casino (Organization),true,false,false,true,true,false,"Image pack, Video preview",100,5,1.27,0,,,,49,,Lost,,https://legalbet.ro/bonus/,,,2024-06-27 15:19:36,
craiova rapid live,RO,Romania,Romanian,"Rapid (Organization), Craiova (Location)",true,true,false,true,false,false,"Video preview, Image pack",80,1,,0,,,,48,,Lost,,https://legalbet.ro/centrul-de-pariere/universitatea-craiova-rapid-bucuresti-04-03-2024/,,,2024-06-17 13:08:48,
u cluj farul constanța,RO,Romania,Romanian,"U Cluj (Organization), Farul Constanța (Organization)",true,false,false,true,false,false,"Video preview, Image pack",100,0,,0,,,,50,,Lost,,https://legalbet.ro/centrul-de-pariere/cfr-kluj-farul-25-05-2024/,,,2024-06-10 20:04:21,
jucători copa del rey,RO,Romania,Romanian,Copa del Rey (Event),true,false,false,true,false,false,"Knowledge panel, Image pack",100,0,,0,,,,50,,Lost,,https://legalbet.ro/ponturi/arandina-barcelona-ponturi-copa-del-rey-06-01-2024-marco-birlan/,,,2024-06-22 10:55:15,
craiova dinamo,RO,Romania,Romanian,"Dinamo București (Organization), Craiova (Location)",true,true,false,true,false,false,"Video preview, Thumbnail, Image pack",80,0,0.61,0,,,,32,,Lost,,https://legalbet.ro/centrul-de-pariere/fc_craiova_1948-dinamo-bucuresti-20-04-2024/,,,2024-06-27 16:39:56,
noua aplicatie superbet,RO,Romania,Romanian,Superbet (Organization),true,false,false,true,true,true,"Sitelinks, Video preview",100,3,1.37,0,,,,50,,Lost,,https://legalbet.ro/scoala-pariurilor/superbet-aplicatie-ghid-complet-pentru-pariuri-de-pe-mobil/,,,2024-06-22 02:50:43,
romania liechtenstein,RO,Romania,Romanian,"Romania (Location), Liechtenstein (Location)",false,false,false,true,false,false,"Thumbnail, Video preview, Knowledge panel, Image pack",100,5,,0,,,,48,,Lost,,https://legalbet.ro/centrul-de-pariere/romania-liechtenstein-07-06-2024/,,,2024-06-27 04:12:51,
rezultate cupa uefa,RO,Romania,Romanian,UEFA Europa League (Event),true,false,false,true,false,false,"Image pack, Video preview",80,1,,0,,,,46,,Lost,,https://legalbet.ro/centrul-de-pariere/turnee/europa-league/,,,2024-06-12 16:55:26,
tbet,RO,Romania,English,,false,false,false,true,false,false,,400,39,1.38,,0,,,,7,New,,,,https://legalbet.ro/scoala-pariurilor/recenzia-casei-de-pariuri-totalbet/,,2026-06-09 12:22:53
dnb pariuri,RO,Romania,Romanian,,false,false,false,true,false,false,"People also ask, Image pack",150,0,0.81,0,,,,7,,Lost,,https://legalbet.ro/scoala-pariurilor/ce-seminifica-pariul-dnb/,,,2024-06-08 16:40:30,
contact stanleybet,RO,Romania,English,Stanleybet (Organization),true,false,true,true,false,false,Image pack,90,0,0.23,0,,,,49,,Lost,,https://legalbet.ro/complaints/stanleybet/,,,2024-06-27 10:12:23,
jocuri casa pariurilor,RO,Romania,Romanian,Casa Pariurilor (Organization),true,false,false,true,true,false,"Sitelinks, Image pack, Video preview",90,3,0.59,0,,,,49,,Lost,,https://legalbet.ro/complaints/casa-pariurilor/,,,2024-06-14 01:04:04,
rapid bucureşti vs. farul constanța,RO,Romania,Romanian,"FC Rapid București (Organization), FC Farul Constanța (Organization)",true,false,false,true,false,false,"Video preview, Image pack",100,0,0.20,0,,,,50,,Lost,,https://legalbet.ro/ponturi/farul-constanta-vs-rapid-bucuresti-pariuri-fotbal-play-off-superliga-romaniei-24-04-2024-karbacher/,,,2024-06-26 00:22:02,
fcsb dinamo,RO,Romania,Romanian,"FCSB (Organization), Dinamo (Organization)",true,false,false,true,false,false,"Video preview, Top stories, Thumbnail, Image pack",250,1,0.13,0,,,,41,,Lost,,https://legalbet.ro/centrul-de-pariere/fcsb-dinamo-bucuresti-22-07-2023/,,,2024-06-27 20:05:48,
casa pariurilor live,RO,Romania,Romanian,Casa Pariurilor (Organization),true,false,false,true,true,true,"Top ads, Paid sitelinks, Videos, Video preview, Image pack",1800,50,0.82,0,,,,23,,Lost,,https://legalbet.ro/rating-live/,,,2024-06-27 20:39:58,
slots gratis,RO,Romania,Romanian,,false,false,false,true,false,false,"Knowledge panel, Video preview, Image pack",80,33,0.45,0,,,,49,,Lost,,https://legalbet.ro/scoala-de-cazino/casino-slots/,,,2024-06-19 23:50:18,
constanta craiova,RO,Romania,Romanian,"Constanța (Location), Craiova (Location)",false,true,false,true,false,false,"Thumbnail, Video preview, Image pack",100,0,0.28,0,,,,48,,Lost,,https://legalbet.ro/centrul-de-pariere/farul-universitatea-craiova-18-05-2024/,,,2024-06-14 05:11:00,
meci chindia azi,RO,Romania,Romanian,Chindia Târgoviște (Organization),true,false,false,true,false,false,"Video preview, Image pack",80,0,,0,,,,49,,Lost,,https://legalbet.ro/centrul-de-pariere/chindia-targoviste-voluntari-03-04-2021/,,,2024-06-09 14:18:38,
fotbal live liga 1,RO,Romania,Romanian,Liga 1 (Event),true,false,false,true,false,false,Video preview,80,43,0.02,0,,,,49,,Lost,,https://legalbet.ro/centrul-de-pariere/astazi/,,,2024-06-22 07:46:23,
meciuri liga 2 azi la tv,RO,Romania,Romanian,Liga 2 (Event),false,false,false,true,false,false,Video preview,100,6,,0,,,,50,,Lost,,https://legalbet.ro/centrul-de-pariere/astazi/,,,2024-05-30 01:43:47,
bilet fortuna,RO,Romania,Romanian,Fortuna (Organization),true,false,false,true,true,true,Sitelinks,100,42,0.65,0,0,0,,30,5,25,,https://legalbet.ro/complaints/fortuna/,,https://legalbet.ro/scoala-pariurilor/fortuna-bet-verificare-bilet-online/,2024-06-24 07:03:46,2026-06-25 15:53:55
anna cori ro,RO,Romania,Romanian,Anna Cori (Organization),true,false,false,true,true,false,Sitelinks,100,0,,0,,,,50,,Lost,,https://legalbet.ro/ponturi/iga-swiatek-vs-marketa-vondrousova-pronosticuri-tenis-french-open-04062024-marian/,,,2024-06-06 08:55:59,
cfr sepsi,RO,Romania,Romanian,"CFR Cluj (Organization), Sepsi OSK (Organization)",true,false,false,true,false,false,"Video preview, Image pack",100,1,,0,,,,47,,Lost,,https://legalbet.ro/centrul-de-pariere/sepsi-osk-sfantu-gheorghe-cfr-kluj-30-03-2024/,,,2024-06-24 18:42:37,
rennes psg,RO,Romania,Romanian,"Rennes (Organization), Paris Saint-Germain (Organization)",true,true,false,true,false,false,"Video preview, Image pack",100,0,,0,,,,48,,Lost,,https://legalbet.ro/centrul-de-pariere/paris-saint-germain-rennes-03-04-2024/,,,2024-06-11 06:46:34,
rezultat meci romania,RO,Romania,Romanian,Romania (Location),false,false,false,true,false,false,"Top stories, Thumbnail, Video preview, Image pack",100,3,0.76,0,,,,48,,Lost,,https://legalbet.ro/centrul-de-pariere/romania-columbia-26-03-2024/,,,2024-06-08 09:56:29,
casa pariurilor .ro,RO,Romania,Romanian,Casa Pariurilor (Organization),true,false,true,true,true,false,Sitelinks,150,22,,0,0,0,,7,7,,,https://legalbet.ro/feedback/casa-pariurilor/,,https://legalbet.ro/case-de-pariuri-licentiate/casa-pariurilor/aplicatie/,2024-06-13 16:12:00,2026-06-24 18:03:56
meci u,RO,Romania,Romanian,U Cluj (Organization),true,false,false,true,false,false,"Video preview, Image pack",80,1,,0,,,,50,,Lost,,https://legalbet.ro/centrul-de-pariere/universitatea-cluj-rapid-bucuresti-23-07-2023/,,,2024-06-13 14:31:28,
grecia kino 20/80 live,RO,Romania,Romanian,Grecia Kino 20/80 (Event),true,false,false,true,false,false,,800,53,0.13,,0,,,,33,New,,,,https://legalbet.ro/alegerea-editorului/loteria-grecia-kino-2080-te-asteapta-cu-extrageri/,,2026-06-12 20:47:27
casa de pariuri,RO,Romania,Romanian,Casa Pariurilor (Organization),true,false,false,true,true,false,"Sitelinks, Knowledge panel",1200,69,2.96,0,0,0,,6,8,-2,,https://legalbet.ro/case-de-pariuri-licentiate/,,https://legalbet.ro/case-de-pariuri-licentiate/,2024-06-25 00:12:13,2026-06-21 11:09:32
ioana cosma,RO,Romania,Romanian,Ioana Cosma (Person),false,false,false,true,false,false,"Image pack, Thumbnail, Video preview",4100,0,,0,,,,49,,Lost,,https://legalbet.ro/expert/ioana-cosma/,,,2024-06-24 15:17:48,
139 euro in lei,RO,Romania,English,,false,false,false,true,false,false,Image pack,150,0,,0,,,,46,,Lost,,https://legalbet.ro/alegerea-editorului/25-lei-gratis-la-winmasters-fara-depunere-si-o-super/,,,2024-06-19 12:21:23,
win2ro,RO,Romania,,Win2.ro (Organization),true,false,false,true,true,false,Sitelinks,600,38,,0,0,0,,6,6,,,https://legalbet.ro/feedback/win2/,,https://legalbet.ro/bonus/win2-casino-bonus-fr-depunere-222-rotiri-gratuite/,2024-06-23 00:24:49,2026-06-26 02:55:06
powerbet,RO,Romania,Romanian,Powerbet (Organization),true,false,true,true,true,false,"Sitelinks, Video preview",56000,13,0.57,,0,,,,6,New,,,,https://legalbet.ro/feedback/powerbet/,,2026-05-06 10:00:20
ladycasino,RO,Romania,Romanian,LadyCasino (Organization),true,false,true,true,true,true,Sitelinks,500,57,0.46,,0,,,,6,New,,,,https://legalbet.ro/cazinouri/lady-casino/,,2026-06-20 04:28:52
meciuri cfr,RO,Romania,Romanian,CFR Cluj (Organization),true,false,false,true,false,false,"Video preview, Knowledge panel",200,2,0.20,0,,,,49,,Lost,,https://legalbet.ro/centrul-de-pariere/echipe/cfr-kluj/,,,2024-06-24 08:41:23,
sporting bet,RO,Romania,English,Sportingbet (Organization),true,false,false,true,true,false,"Sitelinks, Video preview, Image pack, Knowledge panel",800,1,1.24,0,,,,9,,Lost,,https://legalbet.ro/feedback/sportingbet/,,,2024-06-27 06:28:23,
calculator sistem pariuri,RO,Romania,Romanian,,false,false,false,true,false,false,Video preview,100,0,0.41,0,,,,41,,Lost,,https://legalbet.ro/alegerea-editorului/cum-se-calculeaza-castigul-de-pe-un-bilet-de-pariuri/,,,2024-06-18 04:28:06,
liga 1 meciuri,RO,Romania,Romanian,Liga 1 (Event),true,false,false,true,false,false,"Knowledge panel, Video preview",900,20,1.05,0,,,,20,,Lost,,https://legalbet.ro/centrul-de-pariere/turnee/liga-i/,,,2024-06-26 17:47:00,
1450 euro in lei,RO,Romania,English,,false,false,false,true,false,false,Image pack,350,0,,0,,,,49,,Lost,,https://legalbet.ro/alegerea-editorului/trei-pariuri-cu-care-poti-da-lovitura-la-euro-2024-cote/,,,2024-06-17 00:31:21,
meciuri cupa mondiala,RO,Romania,Romanian,FIFA World Cup (Event),true,false,false,true,false,false,"Video preview, Image pack",100,1,,0,,,,50,,Lost,,https://legalbet.ro/centrul-de-pariere/astazi/,,,2024-06-17 17:41:59,
powerbet.ro,RO,Romania,,Powerbet.ro (Organization),true,false,true,true,false,false,Sitelinks,300,0,0.54,,0,,,,6,New,,,,https://legalbet.ro/complaints/powerbet/,,2026-05-20 23:52:10
total bet pariuri sportive,RO,Romania,Romanian,TotalBet (Organization),true,false,true,true,true,false,Sitelinks,800,55,0.67,0,0,0,,9,6,3,,https://legalbet.ro/scoala-pariurilor/recenzia-casei-de-pariuri-totalbet/,,https://legalbet.ro/scoala-pariurilor/recenzia-casei-de-pariuri-totalbet/,2024-06-22 20:54:42,2026-06-14 11:38:29
124 euro in lei,RO,Romania,English,,false,false,false,true,false,false,"Image pack, Video preview",90,0,,0,,,,46,,Lost,,https://legalbet.ro/bonus/betano-124-rotiri-gratuite-24-lei-freebet-fara-depunere-la-euro-2024/,,,2024-06-17 01:47:25,
casa par,RO,Romania,Romanian,Casa Pariurilor (Organization),true,false,false,true,true,false,"Sitelinks, Thumbnail, Video preview",700,7,1.00,0,,,,27,,Lost,,https://legalbet.ro/scoala-pariurilor/primul-pariu-la-casa-pariurilor/,,,2024-06-26 21:41:47,
magicjackpot.ro,RO,Romania,,MagicJackpot (Organization),true,false,true,true,false,false,Sitelinks,150,53,2.43,0,0,0,,41,6,35,,https://legalbet.ro/cazinouri/magic-jackpot/,,https://legalbet.ro/cazinouri/magic-jackpot/,2024-06-22 07:07:57,2026-06-12 01:42:55
casa de pariuri fortuna,RO,Romania,Romanian,Fortuna (Organization),true,false,false,true,true,false,,150,36,0.97,0,0,0,,4,8,-4,,https://legalbet.ro/case-de-pariuri/fortuna/,,https://legalbet.ro/feedback/fortuna/,2024-06-20 23:57:22,2026-06-15 16:41:35
1x2 pariuri,RO,Romania,Romanian,,false,false,false,true,false,false,"Sitelinks, People also ask",200,15,1.47,0,0,0,,38,5,33,,https://legalbet.ro/scoala-pariurilor/pariuri-1x2/,,https://legalbet.ro/scoala-pariurilor/pariuri-1x2/,2024-06-12 22:27:50,2026-06-24 04:37:50
stanleybet pariuri,RO,Romania,Romanian,Stanleybet (Organization),true,false,false,true,true,false,"Sitelinks, Knowledge panel, Video preview",200,0,0.03,0,,,,18,,Lost,,https://legalbet.ro/case-de-pariuri/stanleybet/,,,2024-06-25 22:18:59,
agentia fortuna,RO,Romania,Romanian,Fortuna (Organization),true,false,false,true,false,false,"Sitelinks, Local pack, Video preview, Image pack",80,9,0.70,0,,,,8,,Lost,,https://legalbet.ro/case-de-pariuri/fortuna/,,,2024-06-26 20:52:12,
chashpot,RO,Romania,Romanian,CashPot (Organization),true,false,false,true,true,false,Sitelinks,100,10,0.23,0,0,0,,13,6,7,,https://legalbet.ro/cazinouri/cashpot/,,https://legalbet.ro/cazinouri/cashpot/,2024-06-26 15:47:05,2026-06-13 00:58:36
ponturi x,RO,Romania,Romanian,,false,false,false,true,false,false,,150,68,0.88,0,0,0,,26,8,18,,https://legalbet.ro/ponturi/,,https://legalbet.ro/ponturi/,2024-06-18 11:29:55,2026-06-20 14:22:34
www.betano,RO,Romania,,Betano (Organization),true,false,true,true,false,false,"Sitelinks, Video preview, Image pack",100,4,2.10,0,,,,6,,Lost,,https://legalbet.ro/case-de-pariuri/betano/,,,2024-06-13 23:51:27,
oferta stanleybet,RO,Romania,Romanian,Stanleybet (Organization),true,false,false,true,true,false,"Sitelinks, Image pack, Video preview",800,2,0.52,0,,,,25,,Lost,,https://legalbet.ro/case-de-pariuri/stanleybet/,,,2024-06-23 02:25:55,
don.ro,RO,Romania,,Don.ro (Organization),true,false,true,true,false,false,"Sitelinks, Bottom ads, Paid sitelinks, Video preview",1800,48,1.37,0,0,0,,14,7,7,,https://legalbet.ro/feedback/don-sport/,,https://legalbet.ro/feedback/don-sport/,2024-06-27 09:31:32,2026-06-12 06:55:12
pariuri fortuna,RO,Romania,Romanian,Fortuna (Organization),true,false,false,true,true,false,,700,42,0.02,0,0,0,,12,8,4,,https://legalbet.ro/feedback/fortuna/,,https://legalbet.ro/feedback/fortuna/,2024-06-23 13:44:42,2026-06-12 21:33:37
pleyer,RO,Romania,English,,false,false,false,true,false,false,Sitelinks,200,28,0.42,,0,,,,6,New,,,,https://legalbet.ro/cazinouri/player/,,2026-05-22 00:38:09
cote pariuri,RO,Romania,Romanian,,false,false,false,true,true,true,AI Overview,600,55,0.42,0,0,0,,10,15,-5,,https://legalbet.ro/rating-cote/,,https://legalbet.ro/centrul-de-pariere/,2024-06-16 10:14:42,2026-06-15 15:09:52
player.ro,RO,Romania,,Player.ro (Organization),true,false,true,true,true,false,"Sitelinks, Video preview",1200,29,0.96,0,0,0,,25,7,18,,https://legalbet.ro/feedback/player/,,https://legalbet.ro/feedback/player/,2024-06-25 00:34:45,2026-05-26 12:53:48
milion.ro,RO,Romania,,,false,false,true,false,false,false,"Sitelinks, Video preview",1100,52,,,0,,,,7,New,,,,https://legalbet.ro/cazinouri/million/,,2026-06-11 00:00:57
netbet pariuri sportive,RO,Romania,Romanian,NetBet (Organization),true,false,true,true,true,true,Sitelinks,350,51,1.58,0,0,0,,12,15,-3,,https://legalbet.ro/scoala-pariurilor/aplicatie-netbet-ghid-complet-pentru-pariuri-de-pe-mobil/,,https://legalbet.ro/case-de-pariuri/netbet/,2024-06-26 06:07:20,2026-06-12 00:00:11
verifica bilet casa pariurilor,RO,Romania,Romanian,Casa Pariurilor (Organization),true,false,true,true,false,false,,150,33,0.95,0,0,0,,17,8,9,,https://legalbet.ro/scoala-pariurilor/casa-pariurilor-verificare-bilet-online/,,https://legalbet.ro/scoala-pariurilor/casa-pariurilor-verificare-bilet-online/,2024-06-17 16:56:08,2026-06-22 12:08:24
bonus betano,RO,Romania,Romanian,Betano (Organization),true,false,false,true,true,false,"Image pack, Video preview",350,5,2.09,0,,,,20,,Lost,,https://legalbet.ro/bonus/bonus-de-ziua-ta-betano/,,,2024-06-20 01:01:24,
mozzartbet.ro,RO,Romania,,Mozzart Bet (Organization),true,false,true,true,true,false,,600,28,0.59,0,0,0,,16,7,9,,https://legalbet.ro/centrul-de-pariere/chile-argentina-26-06-2024/,,https://legalbet.ro/scoala-pariurilor/verificare-bilet-online-mozzartbet/,2024-06-25 07:39:07,2026-06-06 02:50:58
baum bet,RO,Romania,Romanian,Baum.Bet (Organization),true,false,true,true,true,false,Sitelinks,250,47,1.19,0,0,0,,28,7,21,,https://legalbet.ro/feedback/baumbet/,,https://legalbet.ro/feedback/baumbet/,2024-06-26 21:34:49,2026-06-15 08:56:45
casa pariurilor online,RO,Romania,Romanian,Casa Pariurilor (Organization),true,false,false,true,true,false,Sitelinks,600,34,1.82,0,0,0,,5,7,-2,,https://legalbet.ro/feedback/casa-pariurilor/,,https://legalbet.ro/case-de-pariuri-licentiate/casa-pariurilor/aplicatie/,2024-06-27 05:46:56,2026-06-18 21:55:43
mozzartbet,RO,Romania,Romanian,Mozzartbet (Organization),true,false,true,false,true,true,"Sitelinks, Video preview",10000,47,0.41,0,0,0,,31,8,23,,https://legalbet.ro/feedback/mozzart/,,https://legalbet.ro/feedback/mozzart/,2024-06-27 00:12:00,2026-06-27 04:28:28
dinamo voluntari,RO,Romania,Romanian,"Dinamo (Organization), FC Voluntari (Organization)",true,false,false,true,false,false,"Video preview, Image pack",450,0,,0,,,,26,,Lost,,https://legalbet.ro/centrul-de-pariere/dinamo-bucuresti-voluntari-04-05-2024/,,,2024-06-22 07:14:31,
verificare bilet casa pariurilor,RO,Romania,Romanian,Casa Pariurilor (Organization),true,false,true,true,false,false,,2300,43,0.92,0,0,0,,16,8,8,,https://legalbet.ro/scoala-pariurilor/casa-pariurilor-verificare-bilet-online/,,https://legalbet.ro/scoala-pariurilor/casa-pariurilor-verificare-bilet-online/,2024-06-27 04:23:19,2026-06-27 05:45:33
caspot,RO,Romania,Romanian,CashPot (Organization),true,false,false,true,true,false,Sitelinks,450,25,0.64,0,0,0,,17,7,10,,https://legalbet.ro/cazinouri/cashpot/,,https://legalbet.ro/cazinouri/cashpot/,2024-06-15 11:07:48,2026-06-21 09:53:41
pawerbet,RO,Romania,,Pawerbet (Organization),true,false,false,true,true,false,Sitelinks,400,51,1.10,,0,,,,7,New,,,,https://legalbet.ro/case-de-pariuri/powerbet/,,2026-06-16 03:25:18
casa pariulor,RO,Romania,Romanian,Casa Pariurilor (Organization),true,false,true,true,true,false,"Sitelinks, Local pack",100,22,,0,0,0,,20,8,12,,https://legalbet.ro/feedback/casa-pariurilor/,,https://legalbet.ro/feedback/casa-pariurilor/,2024-06-10 13:55:50,2026-05-30 12:07:32
1x2,RO,Romania,Romanian,,false,false,false,true,false,false,"Sitelinks, Knowledge card, People also ask, Knowledge panel, Video preview",900,16,1.38,0,0,0,,11,7,4,,https://legalbet.ro/scoala-pariurilor/pariuri-1x2/,,https://legalbet.ro/scoala-pariurilor/pariuri-1x2/,2024-06-27 09:20:05,2026-06-16 23:06:38
winner verificare bilet,RO,Romania,Romanian,Winner (Organization),true,false,false,true,false,false,,400,51,1.04,0,0,0,,7,8,-1,,https://legalbet.ro/scoala-pariurilor/recenzia-casei-de-pariuri-winnerbet/,,https://legalbet.ro/scoala-pariurilor/verificare-bilet-winner/,2024-06-27 16:14:45,2026-05-22 10:28:48
fortuna bets,RO,Romania,English,Fortuna (Organization),true,false,true,true,true,true,"Sitelinks, Video preview, Image pack",100,0,0.91,0,,,,13,,Lost,,https://legalbet.ro/case-de-pariuri/fortuna/,,,2024-06-26 11:16:07,
888sport.ro,RO,Romania,,888sport.ro (Organization),true,false,true,true,true,false,"Top ads, Video preview",200,59,1.86,0,0,0,,14,7,7,,https://legalbet.ro/feedback/888-sport/,,https://legalbet.ro/feedback/888-sport/,2024-06-09 04:54:00,2026-05-27 11:05:40
gest bet,RO,Romania,Romanian,GetsBet (Organization),true,false,false,true,true,false,Sitelinks,900,38,0.31,0,0,0,,11,6,5,,https://legalbet.ro/feedback/gets-bet/,,https://legalbet.ro/case-de-pariuri/gets-bet/,2024-06-27 23:16:21,2026-06-16 11:14:08
bilet,RO,Romania,Romanian,,false,false,false,true,true,true,"Top stories, Thumbnail, Video preview, Image pack",4500,72,0.15,,0,,,,48,New,,,,https://legalbet.ro/biletul-zilei/,,2026-06-17 21:28:11
cashpot,RO,Romania,Romanian,CashPot (Organization),true,false,false,true,true,false,,51000,56,0.38,0,0,0,,13,9,4,,https://legalbet.ro/cazinouri/cashpot/,,https://legalbet.ro/cazinouri/cashpot/,2024-06-27 23:38:43,2026-06-21 07:45:59
casa pariurilor.ro,RO,Romania,Romanian,Casa Pariurilor (Organization),true,false,true,true,false,false,"Sitelinks, Video preview, Image pack",700,1,1.69,0,,,,8,,Lost,,https://legalbet.ro/feedback/casa-pariurilor/,,,2024-06-25 02:06:57,
craiova fcsb,RO,Romania,Romanian,"FCSB (Organization), Craiova (Location)",true,true,false,true,false,false,Video preview,90,0,0.14,0,,,,47,,Lost,,https://legalbet.ro/centrul-de-pariere/universitatea-craiova-fcsb-27-01-2024/,,,2024-06-27 07:45:06,
fortuna bet,RO,Romania,English,Fortuna (Organization),true,false,false,true,true,false,,8300,52,0.09,0,0,0,,13,9,4,,https://legalbet.ro/case-de-pariuri/fortuna/,,https://legalbet.ro/feedback/fortuna/,2024-06-26 04:27:02,2026-06-21 04:14:33
pariuri10,RO,Romania,Romanian,pariuri10 (Organization),true,false,false,true,false,false,"Sitelinks, Thumbnail, Image pack, Video preview",80,1,,0,,,,7,,Lost,,https://legalbet.ro/centrul-de-pariere/sepsi-osk-sfantu-gheorghe-rapid-bucuresti-18-05-2024/,,,2024-06-17 22:11:03,
fortuna bet pariuri,RO,Romania,Romanian,Fortuna (Organization),true,false,false,true,true,false,"Sitelinks, Video preview",150,8,0.54,0,,,,8,,Lost,,https://legalbet.ro/case-de-pariuri/fortuna/,,,2024-06-06 21:49:09,
fortuna bet romania,RO,Romania,Romanian,"Fortuna Bet (Organization), Romania (Location)",true,false,false,true,true,false,"Sitelinks, Image pack, Video preview",150,0,0.12,0,,,,8,,Lost,,https://legalbet.ro/scoala-pariurilor/primul-pariu-la-fortuna/,,,2024-06-24 12:17:20,
efortuna online,RO,Romania,Romanian,eFortuna (Organization),true,false,false,true,true,false,"Sitelinks, Image pack, Video preview",250,8,0.01,0,,,,7,,Lost,,https://legalbet.ro/feedback/fortuna/,,,2024-06-27 21:40:20,
sportingbet,RO,Romania,Romanian,Sportingbet (Organization),true,false,true,false,true,true,"Sitelinks, Knowledge panel, Video preview, Image pack",17000,4,1.24,0,,,,9,,Lost,,https://legalbet.ro/feedback/sportingbet/,,,2024-06-27 01:21:33,
casa pariurilor pariuri sportive,RO,Romania,Romanian,Casa Pariurilor (Organization),true,false,true,true,true,true,Sitelinks,100,48,1.35,0,0,0,,10,7,3,,https://legalbet.ro/feedback/casa-pariurilor/,,https://legalbet.ro/feedback/casa-pariurilor/,2024-06-09 08:23:39,2026-06-27 00:46:53
pariu 1x2,RO,Romania,Romanian,,false,false,false,true,false,false,Sitelinks,80,31,1.48,0,0,0,,18,7,11,,https://legalbet.ro/scoala-pariurilor/pariuri-1x2/,,https://legalbet.ro/scoala-pariurilor/pariuri-1x2/,2024-06-12 12:54:24,2026-05-26 00:44:42
pariuri sportive fortuna,RO,Romania,Romanian,Fortuna (Organization),true,false,false,true,true,false,Sitelinks,600,12,0.01,0,0,0,,26,9,17,,https://legalbet.ro/scoala-pariurilor/primul-pariu-la-fortuna/,,https://legalbet.ro/case-de-pariuri/fortuna/,2024-06-25 00:24:31,2026-06-12 16:35:39
copa del rey,RO,Romania,Spanish,Copa del Rey (Event),true,false,false,true,false,false,"Knowledge panel, Video preview",600,28,0.06,0,,,,36,,Lost,,https://legalbet.ro/centrul-de-pariere/turnee/copa-del-rey/,,,2024-06-23 04:37:50,
real madrid atletico madrid,RO,Romania,English,"Real Madrid (Organization), Atlético Madrid (Organization)",true,false,false,true,false,false,"Video preview, Image pack",90,2,0.12,0,,,,47,,Lost,,https://legalbet.ro/centrul-de-pariere/real-madrid-atletico-madrid-04-02-2024/,,,2024-06-27 17:27:31,
liga 1 azi,RO,Romania,Romanian,Liga 1 (Event),true,false,false,true,false,false,"Video preview, Image pack",400,31,0.95,0,,,,27,,Lost,,https://legalbet.ro/centrul-de-pariere/turnee/liga-i/,,,2024-06-27 05:20:25,
ponturi pariuri pro,RO,Romania,Romanian,,false,false,false,true,false,false,Sitelinks,1100,56,1.14,0,0,0,,15,8,7,,https://legalbet.ro/ponturi/,,https://legalbet.ro/ponturi/,2024-06-25 17:16:29,2026-06-12 20:48:26
jocuri cazino,RO,Romania,Romanian,,false,false,false,true,true,true,"Image pack, Video preview, Bottom ads, Paid sitelinks",1000,64,3.04,0,,,,46,,Lost,,https://legalbet.ro/cazinouri/,,,2024-06-24 03:10:18,
fortuna pariuri sportive oferta,RO,Romania,Romanian,Fortuna (Organization),true,false,false,true,true,false,"Sitelinks, Video preview",90,9,,0,,,,10,,Lost,,https://legalbet.ro/case-de-pariuri/fortuna/,,,2024-06-22 02:36:26,
jocuri casino gratis,RO,Romania,Romanian,,false,false,false,true,false,false,Video preview,500,31,0.84,0,,,,50,,Lost,,https://legalbet.ro/scoala-de-cazino/jocuri-de-casino-gratis/,,,2024-06-25 07:46:36,
casa pariurilor apk,RO,Romania,Romanian,Casa Pariurilor (Organization),true,false,false,false,true,true,,250,31,1.76,0,0,0,,19,22,-3,,https://legalbet.ro/scoala-pariurilor/pariuri-de-pe-mobil-la-casa-pariurilor-pas-cu-pas-despre-instalarea-aplicatiei-de-android-apk-si-ios/,,https://legalbet.ro/case-de-pariuri-licentiate/casa-pariurilor/aplicatie/,2024-06-24 09:30:10,2026-06-21 21:29:15
10pariuri,RO,Romania,Romanian,10pariuri (Organization),true,false,true,true,false,false,Sitelinks,1500,49,1.58,0,0,0,,17,6,11,,https://legalbet.ro/ponturi/maine/,,https://legalbet.ro/ponturi/maine/,2024-06-24 08:44:04,2026-06-15 01:19:11
excelbet.ro,RO,Romania,,ExcelBet (Organization),true,false,true,true,true,false,Sitelinks,200,47,0.67,0,0,0,,15,7,8,,https://legalbet.ro/complaints/excelbet/,,https://legalbet.ro/complaints/excelbet/,2024-06-18 16:33:08,2026-05-27 17:41:21
ponturi sportive,RO,Romania,Romanian,,false,false,false,true,false,false,,150,61,0.40,0,0,0,,11,7,4,,https://legalbet.ro/ponturi/,,https://legalbet.ro/ponturi/,2024-06-08 18:38:39,2026-06-15 11:40:39
agentie casa pariurilor,RO,Romania,Romanian,Casa Pariurilor (Organization),true,false,false,true,false,false,Local pack,150,18,1.34,0,0,0,,16,8,8,,https://legalbet.ro/scoala-pariurilor/primul-pariu-la-casa-pariurilor/,,https://legalbet.ro/scoala-pariurilor/casa-pariurilor-depuneri-i-retrageri/,2024-06-10 15:19:56,2026-05-30 03:46:53
fbet,RO,Romania,Romanian,efbet (Organization),true,false,false,true,true,false,"Sitelinks, Video preview, Image pack",150,0,1.90,0,,,,8,,Lost,,https://legalbet.ro/feedback/efbet/,,,2024-06-27 02:14:16,
mozzard,RO,Romania,Romanian,Mozzart (Organization),true,false,false,true,true,false,,150,56,0.26,,0,,,,8,New,,,,https://legalbet.ro/cazinouri/mozzart/,,2026-06-04 11:11:07
fortuna bet pariuri sportive,RO,Romania,Romanian,Fortuna Bet (Organization),true,false,false,true,true,false,Sitelinks,100,13,0.15,0,0,0,,11,7,4,,https://legalbet.ro/case-de-pariuri/fortuna/,,https://legalbet.ro/case-de-pariuri/fortuna/,2024-06-23 13:47:12,2026-06-12 04:55:21
pariuri sportive stanleybet,RO,Romania,Romanian,Stanleybet (Organization),true,false,true,true,true,true,"Sitelinks, Knowledge panel, Image pack",200,0,0.53,0,,,,16,,Lost,,https://legalbet.ro/case-de-pariuri/stanleybet/,,,2024-06-24 06:13:18,
efortuna oferta,RO,Romania,Romanian,eFortuna (Organization),true,false,false,true,true,false,"Sitelinks, Image pack",100,10,0.49,0,,,,12,,Lost,,https://legalbet.ro/complaints/fortuna/,,,2024-06-13 06:52:39,
pariuri live,RO,Romania,Romanian,,false,false,false,true,true,true,"Top ads, Top stories, Thumbnail, Image pack",200,38,0.85,0,,,,38,,Lost,,https://legalbet.ro/rating-live/,,,2024-06-24 11:10:16,
conticazino.ro,RO,Romania,,Conticazino (Organization),true,false,true,true,true,true,Sitelinks,1500,60,1.02,0,0,0,,16,9,7,,https://legalbet.ro/feedback/conticazino/,,https://legalbet.ro/cazinouri/conti-cazino/,2024-06-26 10:34:52,2026-06-21 17:07:31
eliteslots,RO,Romania,,Elite Slots (Organization),true,false,false,true,true,false,"Sitelinks, Thumbnail, Video preview, Image pack",1300,0,0.61,0,,,,9,,Lost,,https://legalbet.ro/cazinouri/elite-slots/,,,2024-06-25 03:50:03,
net bet,RO,Romania,Romanian,NetBet (Organization),true,false,false,true,true,false,"Sitelinks, Knowledge panel, Video preview, Image pack",5100,43,0.50,0,,,,15,,Lost,,https://legalbet.ro/feedback/netbet/,,,2024-06-27 06:16:48,
favbet.ro,RO,Romania,,Favbet.ro (Organization),true,false,true,true,true,false,Sitelinks,900,39,2.84,0,0,0,,6,9,-3,,https://legalbet.ro/feedback/favbet/,,https://legalbet.ro/feedback/favbet/,2024-06-07 22:40:01,2026-06-06 10:23:01
mrbit,RO,Romania,Romanian,MrBit (Organization),true,false,false,true,true,false,"Top ads, Paid sitelinks, Sitelinks, Knowledge panel, Thumbnail, Video preview, Image pack",11000,2,0.32,0,,,,10,,Lost,,https://legalbet.ro/cazinouri/mr-bit-casino/,,,2024-06-27 07:58:54,
casapariurilor,RO,Romania,Romanian,,false,false,false,true,true,false,"Top ads, Paid sitelinks, Sitelinks, Local pack, Video preview, Image pack",2000,8,1.66,0,,,,10,,Lost,,https://legalbet.ro/feedback/casa-pariurilor/,,,2024-06-27 12:54:04,
cum se calculeaza probabilitatea,RO,Romania,Romanian,,false,false,false,true,false,false,"Featured snippet, Thumbnail, Video preview",250,0,,0,,,,22,,Lost,,https://legalbet.ro/scoala-pariurilor/cum-calculezi-probabilitate-castig/,,,2024-06-21 01:26:58,
casa pariuri,RO,Romania,Romanian,Casa Pariuri (Organization),true,false,false,true,true,false,"Sitelinks, Local pack",1300,30,2.13,0,0,0,,11,10,1,,https://legalbet.ro/case-de-pariuri-licentiate/,,https://legalbet.ro/case-de-pariuri-licentiate/casa-pariurilor/aplicatie/,2024-06-23 13:35:02,2026-06-19 22:55:36
sirul lui fibonacci,RO,Romania,Romanian,Fibonacci sequence (Work),false,false,false,true,false,false,"Featured snippet, Thumbnail, Video preview, People also ask",1400,0,0.04,0,,,,42,,Lost,,https://legalbet.ro/scoala-pariurilor/sirul-fibonacci/,,,2024-06-27 10:27:05,
sirul fibonacci,RO,Romania,Romanian,Fibonacci sequence (Work),false,false,false,true,false,false,"Featured snippet, Thumbnail, Image pack, Video preview",80,0,,0,,,,28,,Lost,,https://legalbet.ro/scoala-pariurilor/sirul-fibonacci/,,,2024-06-19 17:46:02,
eliteslot,RO,Romania,Romanian,Elite Slots (Organization),true,false,false,true,true,false,Sitelinks,150,46,1.68,0,0,0,,18,9,9,,https://legalbet.ro/cazinouri/elite-slots/,,https://legalbet.ro/cazinouri/elite-slots/,2024-06-25 08:31:22,2026-06-02 12:02:10
turnee wta,RO,Romania,Romanian,WTA (Organization),true,false,false,true,false,false,"Image pack, Video preview",100,2,0.19,0,,,,50,,Lost,,https://legalbet.ro/ponturi/sportul-tenis/wta/,,,2024-06-15 13:56:48,
888sports,RO,Romania,,888sport (Organization),true,false,false,true,false,false,"Sitelinks, Knowledge panel, Image pack",100,17,1.34,0,,,,9,,Lost,,https://legalbet.ro/case-de-pariuri/888-sport/,,,2024-06-19 13:24:06,
efbet.ro,RO,Romania,,efbet.ro (Organization),true,false,true,true,true,false,Video preview,100,32,1.73,0,0,0,,14,9,5,,https://legalbet.ro/complaints/efbet/,,https://legalbet.ro/feedback/efbet/,2024-06-26 22:17:16,2026-05-22 10:16:10
stanley bet,RO,Romania,Romanian,Stanleybet (Organization),true,false,false,true,true,false,"Sitelinks, Knowledge panel, Video preview",250,0,0.44,0,,,,37,,Lost,,https://legalbet.ro/scoala-pariurilor/casa-de-pariuri-stanleybet-depuneri-i-retrageri/,,,2024-06-24 08:45:17,
sport888,RO,Romania,,888 Sport (Organization),true,false,true,true,true,false,Sitelinks,80,49,1.26,0,0,0,,9,9,,,https://legalbet.ro/scoala-pariurilor/casa-de-pariuri-888-sport-depuneri-si-retrageri/,,https://legalbet.ro/case-de-pariuri/888-sport/,2024-06-11 19:43:01,2026-06-05 19:59:15
casa pariu,RO,Romania,Romanian,Casa Pariurilor (Organization),true,false,true,true,true,true,"Sitelinks, Thumbnail, Video preview, Image pack",500,54,2.68,0,,,,11,,Lost,,https://legalbet.ro/case-de-pariuri-licentiate/,,,2024-06-13 03:36:30,
chaspot,RO,Romania,Romanian,CashPot (Organization),true,false,false,true,true,false,"People also ask, Video preview",700,30,0.67,0,0,0,,11,10,1,,https://legalbet.ro/cazinouri/cashpot/,,https://legalbet.ro/cazinouri/cashpot/,2024-06-24 15:49:32,2026-06-14 11:13:16
superbet pariu sansa,RO,Romania,Romanian,"Superbet (Organization), Pariu Sansa (Event)",true,false,false,true,false,false,People also ask,80,58,1.36,0,0,0,,15,11,4,,https://legalbet.ro/alegerea-editorului/pariu-sansa-superbet/,,https://legalbet.ro/alegerea-editorului/pariu-sansa-superbet/,2024-06-15 08:08:56,2026-06-18 04:50:53
luckcasino,RO,Romania,Romanian,Luck Casino (Organization),true,false,false,true,true,false,"Top ads, Paid sitelinks, Sitelinks, Thumbnail, Image pack, Video preview, Bottom ads",350,1,1.65,0,,,,10,,Lost,,https://legalbet.ro/cazinouri/luck-casino/,,,2024-06-14 13:32:22,
agentii fortuna,RO,Romania,Romanian,"Fortuna betting agency (Organization), Fortuna (Organization)",true,false,false,true,false,false,"Sitelinks, Local pack, Image pack",500,5,0.05,0,,,,9,,Lost,,https://legalbet.ro/case-de-pariuri/fortuna/,,,2024-06-27 23:25:03,
amicale,RO,Romania,Romanian,,false,false,false,true,false,false,"Top stories, Thumbnail, Video preview, Image pack",4800,0,0.11,0,0,0,,58,16,42,,https://legalbet.ro/centrul-de-pariere/turnee/meciuri-amicale/,,https://legalbet.ro/centrul-de-pariere/turnee/meciuri-amicale/,2024-06-27 10:28:45,2026-06-20 22:31:08
superbet.eo,RO,Romania,,Superbet (Organization),true,false,true,false,false,false,"Sitelinks, Video preview, Image pack",250,23,,0,,,,10,,Lost,,https://legalbet.ro/feedback/superbet/,,,2024-06-12 10:15:32,
contact casa pariurilor,RO,Romania,Romanian,Casa Pariurilor (Organization),true,false,false,true,false,false,"Local pack, Image pack, Video preview",200,0,2.75,0,,,,28,,Lost,,https://legalbet.ro/complaints/casa-pariurilor/,,,2024-06-10 05:20:46,
cand joaca steaua,RO,Romania,Romanian,FCSB (Organization),true,false,false,true,false,false,"Video preview, Image pack",100,0,0.09,0,,,,39,,Lost,,https://legalbet.ro/centrul-de-pariere/astazi/,,,2024-06-12 15:45:57,
biletul zilei 1x2,RO,Romania,Romanian,Daily Ticket (Event),false,false,false,true,false,false,Video preview,150,17,1.10,0,,,,20,,Lost,,https://legalbet.ro/scoala-pariurilor/pariuri-1x2/,,,2024-06-11 13:19:48,
furtuna casa pariurilor,RO,Romania,Romanian,"Fortuna (Organization), Casa Pariurilor (Organization)",true,false,false,true,true,false,"Sitelinks, Video preview, Image pack",200,11,0.75,0,,,,8,,Lost,,https://legalbet.ro/case-de-pariuri/fortuna/,,,2024-06-08 17:49:35,
betwno,RO,Romania,Romanian,Betano (Organization),true,false,true,true,true,false,"Sitelinks, Video preview",150,3,2.15,0,,,,10,,Lost,,https://legalbet.ro/feedback/betano/,,,2024-06-19 21:18:30,
betani,RO,Romania,Romanian,Betani (Organization),false,false,false,true,false,false,"Sitelinks, Video preview, Top stories, Thumbnail",300,4,2.33,0,,,,10,,Lost,,https://legalbet.ro/feedback/betano/,,,2024-06-23 06:03:37,
superbet aplicatie,RO,Romania,Romanian,"Superbet (Organization), Superbet mobile application (Product)",true,false,false,true,true,false,Video preview,700,67,1.69,0,0,0,,50,15,35,,https://legalbet.ro/scoala-pariurilor/superbet-aplicatie-ghid-complet-pentru-pariuri-de-pe-mobil/,,https://legalbet.ro/case-de-pariuri-licentiate/superbet/aplicatie/,2024-06-22 04:34:11,2026-06-21 08:55:55
fortuna bet oferta,RO,Romania,Romanian,Fortuna Bet (Organization),true,false,false,true,true,false,"Sitelinks, Image pack, Video preview",80,7,0.09,0,,,,11,,Lost,,https://legalbet.ro/case-de-pariuri/fortuna/,,,2024-06-26 00:37:20,
netbet mobile,RO,Romania,English,NetBet (Organization),true,false,true,true,true,true,,150,53,,0,0,0,,6,8,-2,,https://legalbet.ro/scoala-pariurilor/aplicatie-netbet-ghid-complet-pentru-pariuri-de-pe-mobil/,,https://legalbet.ro/case-de-pariuri-licentiate/netbet/aplicatie/,2024-06-16 11:32:51,2026-06-15 00:47:09
bwtano,RO,Romania,Romanian,Betano (Organization),true,false,false,true,true,false,"Top ads, Paid sitelinks, Sitelinks, Video preview",100,5,1.57,0,,,,10,,Lost,,https://legalbet.ro/feedback/betano/,,,2024-06-23 16:07:45,
fortuna pariuri online,RO,Romania,Romanian,Fortuna (Organization),true,false,false,true,true,false,"Sitelinks, Video preview",150,8,2.11,0,,,,7,,Lost,,https://legalbet.ro/case-de-pariuri/fortuna/,,,2024-06-23 00:47:27,
betano bonus,RO,Romania,Romanian,Betano (Organization),true,false,false,true,true,false,Sitelinks,900,57,2.09,0,0,0,,19,17,2,,https://legalbet.ro/bonus/betano-bonus-pentru-clienti-noi-100-pna-la-500-ron-la-prima-depunere/,,https://legalbet.ro/bonus/betano-casino-ai-100-pana-la-1-000-ron-bonus-de-bun-venit/,2024-06-26 12:02:27,2026-06-12 23:02:49
cont fortuna,RO,Romania,Romanian,eFortuna (Organization),true,false,true,true,true,false,"Image pack, Video preview",450,4,1.98,0,,,,19,,Lost,,https://legalbet.ro/complaints/fortuna/,,,2024-06-23 14:38:17,
www casa pariurilor,RO,Romania,Romanian,Casa Pariurilor (Organization),true,false,true,true,false,false,"Sitelinks, Video preview",150,6,1.46,0,,,,9,,Lost,,https://legalbet.ro/feedback/casa-pariurilor/,,,2024-06-12 16:02:22,
agentii efortuna,RO,Romania,Romanian,eFortuna (Organization),true,false,false,true,false,false,Sitelinks,150,1,0.01,0,,,,9,,Lost,,https://legalbet.ro/case-de-pariuri/fortuna/,,,2024-06-22 04:58:19,
stanleybet.ro,RO,Romania,,Stanleybet.ro (Organization),true,false,true,true,true,false,"Sitelinks, Video preview",800,0,0.37,0,0,0,,41,11,30,,https://legalbet.ro/case-de-pariuri/stanleybet/,,https://legalbet.ro/scoala-pariurilor/primul-pariu-la-stanleybet/,2024-06-13 01:15:56,2026-06-11 01:17:59
casa pariurilor oferta fotbal azi,RO,Romania,Romanian,Casa Pariurilor (Organization),true,false,true,true,true,true,Image pack,150,26,0.31,0,,,,15,,Lost,,https://legalbet.ro/centrul-de-pariere/maine/,,,2024-06-14 18:46:55,
casa parilor,RO,Romania,Romanian,Casa Pariurilor (Organization),true,false,false,true,true,false,"Sitelinks, Video preview",90,6,0.19,0,,,,9,,Lost,,https://legalbet.ro/feedback/casa-pariurilor/,,,2024-06-09 12:39:27,
oferta fotbal fortuna,RO,Romania,Romanian,Fortuna (Organization),true,false,true,true,true,true,,150,8,0.36,0,,,,14,,Lost,,https://legalbet.ro/case-de-pariuri/fortuna/,,,2024-05-24 13:31:50,
netbet,RO,Romania,Romanian,NetBet (Organization),true,false,true,true,true,false,"Sitelinks, Video preview, Image pack, Knowledge panel",167000,43,0.50,0,,,,13,,Lost,,https://legalbet.ro/feedback/netbet/,,,2024-06-27 02:08:39,
biletul zilei hunter,RO,Romania,Romanian,Hunter (Organization),true,false,false,true,false,false,"Sitelinks, Video preview",1800,50,0.28,,0,,,,15,New,,,,https://legalbet.ro/ponturi/maine/,,2026-06-18 04:25:26
balgradean,RO,Romania,Romanian,Cristian Bălgrădean (Person),false,false,false,true,false,false,"Thumbnail, Knowledge panel, Video preview, Image pack",700,0,,,0,,,,24,New,,,,https://legalbet.ro/stiri/62025092-245731-cristian-balgradean-se-va-retrage-de-la-sanatatea/,,2026-06-06 15:02:03
fortuna pariuri oferta,RO,Romania,Romanian,Fortuna (Organization),true,false,false,true,true,false,"Sitelinks, Image pack",250,7,0.01,0,,,,20,,Lost,,https://legalbet.ro/case-de-pariuri/fortuna/,,,2024-06-14 02:24:05,
bilion,RO,Romania,Romanian,,false,false,false,true,false,false,"Sitelinks, People also ask",2100,0,1.78,,0,,,,23,New,,,,https://legalbet.ro/cazinouri/bilion-casino/,,2026-06-27 04:21:33
sportingbet.ro,RO,Romania,,Sportingbet.ro (Organization),true,false,true,true,true,true,,800,32,2.15,0,0,0,,10,11,-1,,https://legalbet.ro/feedback/sportingbet/,,https://legalbet.ro/feedback/sportingbet/,2024-06-21 07:08:44,2026-06-12 21:16:51
efortuna pariuri sportive,RO,Romania,Romanian,eFortuna (Organization),true,false,true,true,true,true,"Sitelinks, Image pack, Video preview",300,3,0.01,0,,,,10,,Lost,,https://legalbet.ro/case-de-pariuri/fortuna/,,,2024-06-21 02:45:00,
winner.ro,RO,Romania,,Winner.ro (Organization),true,false,true,true,false,false,Sitelinks,800,37,0.67,0,0,0,,5,12,-7,,https://legalbet.ro/feedback/winner/,,https://legalbet.ro/complaints/winner/,2024-06-24 08:37:37,2026-06-26 06:00:29
magnum bet,RO,Romania,Romanian,Magnum Bet (Organization),true,false,false,true,true,false,Sitelinks,5800,57,1.12,0,0,0,,64,11,53,,https://legalbet.ro/centrul-de-pariere/panama-united-states-28-06-2024/,,https://legalbet.ro/cazinouri/magnum-casino/,2024-06-27 05:51:20,2026-06-18 02:56:57
win2,RO,Romania,Romanian,Win2 (Product),true,false,false,true,true,false,Sitelinks,14000,36,0.55,2,0,-2,,4,13,-9,Top stories,https://legalbet.ro/feedback/win2/,,https://legalbet.ro/bonus/sets/win2-fara-depunere/,2024-06-27 16:21:09,2026-06-17 04:41:05
mrbit.ro,RO,Romania,,MrBit (Organization),true,false,true,true,true,false,"Sitelinks, Bottom ads, Video preview",600,33,0.47,0,0,0,,19,12,7,,https://legalbet.ro/cazinouri/mr-bit-casino/,,https://legalbet.ro/feedback/mr-bit/,2024-06-12 21:51:20,2026-06-21 20:12:15
winmasters,RO,Romania,,Winmasters (Organization),true,false,false,true,true,false,"Top ads, Paid sitelinks, Sitelinks, Video preview, Image pack",21000,3,0.16,0,,,,13,,Lost,,https://legalbet.ro/feedback/winmasters/,,,2024-06-27 17:49:04,
pariuri 1 x 2,RO,Romania,Romanian,,false,false,false,true,false,false,"Sitelinks, Video preview, Image pack",150,0,0.55,0,,,,10,,Lost,,https://legalbet.ro/scoala-pariurilor/pariuri-1x2/,,,2024-06-24 22:44:51,
program liga 1,RO,Romania,Romanian,Liga 1 (Event),true,false,false,true,false,false,"Video preview, Image pack",1400,22,0.04,0,,,,38,,Lost,,https://legalbet.ro/centrul-de-pariere/turnee/liga-i/,,,2024-06-27 16:28:27,
ponturi hunter,RO,Romania,Romanian,Ponturi Hunter (Organization),true,false,false,true,false,false,"Sitelinks, Video preview",1700,43,0.87,,0,,,,16,New,,,,https://legalbet.ro/ponturi/,,2026-06-21 10:44:40
888sport,RO,Romania,,888sport (Organization),true,false,true,false,true,true,"Sitelinks, Knowledge panel, Image pack, Video preview",5900,2,1.34,0,,,,13,,Lost,,https://legalbet.ro/feedback/888-sport/,,,2024-06-27 15:12:27,
agentii.efortuna,RO,Romania,Romanian,eFortuna betting agencies (Location),true,false,false,true,false,false,"Sitelinks, Image pack",150,1,0.01,0,,,,8,,Lost,,https://legalbet.ro/case-de-pariuri/fortuna/,,,2024-06-11 02:14:32,
gets,RO,Romania,English,,false,false,true,true,true,false,"Sitelinks, Knowledge card, Video preview",2700,24,0.47,0,0,0,,76,12,64,,https://legalbet.ro/feedback/gets-bet/,,https://legalbet.ro/case-de-pariuri/gets-bet/,2024-06-27 00:47:35,2026-06-20 17:03:21
pariuri bonus biletul zilei,RO,Romania,Romanian,,false,false,false,true,true,false,,80,64,0.91,0,0,0,,14,8,6,,https://legalbet.ro/biletul-zilei/,,https://legalbet.ro/biletul-zilei/,2024-06-26 10:36:00,2026-06-05 17:19:39
maxbet.ro,RO,Romania,,Maxbet.ro (Organization),true,false,true,true,true,false,Video preview,3400,52,1.64,0,0,0,,14,13,1,,https://legalbet.ro/feedback/maxbet/,,https://legalbet.ro/feedback/maxbet/,2024-06-23 08:21:02,2026-06-22 02:11:25
superbet bonus,RO,Romania,Romanian,Superbet (Organization),true,false,false,true,true,false,,700,57,5.25,0,0,0,,26,14,12,,https://legalbet.ro/bonus/sets/bonus-superbet/,,https://legalbet.ro/alegerea-editorului/superbet-ofera-super-bonusuri-si-promotii/,2024-06-27 11:19:59,2026-06-16 12:41:45
pariuri 1x2,RO,Romania,Romanian,,false,false,false,true,true,true,"Sitelinks, Video preview, Image pack",2200,0,1.69,0,,,,13,,Lost,,https://legalbet.ro/scoala-pariurilor/pariuri-1x2/,,,2024-06-27 03:56:39,
playercasino,RO,Romania,English,Player Casino (Organization),true,false,false,true,true,false,"Thumbnail, Video preview, Image pack",100,0,,0,,,,12,,Lost,,https://legalbet.ro/alegerea-editorului/player-casino-ce-promotii-ai-cum-le-obtii-si-cum-le/,,,2024-06-19 22:45:23,
pariu sansa superbet,RO,Romania,Romanian,"Superbet (Organization), Pariu Sansa (Event)",true,false,false,true,false,false,"People also ask, Video preview, Image pack",250,0,1.91,0,,,,17,,Lost,,https://legalbet.ro/alegerea-editorului/pariu-sansa-superbet/,,,2024-06-24 00:48:32,
betanoo,RO,Romania,Romanian,Betano (Organization),true,false,false,true,true,false,"Sitelinks, Video preview, Top stories, Thumbnail",80,5,0.60,0,,,,12,,Lost,,https://legalbet.ro/feedback/betano/,,,2024-06-23 08:47:52,
excelbet 1999,RO,Romania,Romanian,Excelbet (Organization),true,false,false,true,true,false,"Sitelinks, Image pack",300,3,0.59,0,,,,19,,Lost,,https://legalbet.ro/ponturi/mexic-vs-jamaica-ponturi-pariuri-copa-america-pentru-23-06-2024-cristian-mihala/,,,2024-06-24 13:16:03,
efortuna,RO,Romania,Romanian,eFortuna (Organization),true,false,true,true,true,false,"Sitelinks, Video preview, Knowledge panel",24000,0,0.16,0,,,,14,,Lost,,https://legalbet.ro/complaints/fortuna/,,,2024-06-27 23:06:52,
betano,RO,Romania,Romanian,Betano (Organization),true,false,false,true,true,false,"Top ads, Paid sitelinks, Sitelinks, Video preview",759000,10,1.38,0,,,,14,,Lost,,https://legalbet.ro/feedback/betano/,,,2024-06-27 19:46:31,
superbet verificare,RO,Romania,Romanian,Superbet (Organization),true,false,true,true,false,false,"Sitelinks, Video preview",600,58,0.82,0,0,0,,61,13,48,,https://legalbet.ro/scoala-pariurilor/superbet-verificare-bilet-online/,,https://legalbet.ro/scoala-pariurilor/superbet-verificare-bilet-online/,2024-06-24 02:39:22,2026-06-16 18:15:54
superbet verificare bilet,RO,Romania,Romanian,Superbet (Organization),true,false,true,true,false,false,"Sitelinks, Video preview, Image pack",11000,57,1.11,0,0,0,,20,14,6,,https://legalbet.ro/scoala-pariurilor/superbet-verificare-bilet-online/,,https://legalbet.ro/scoala-pariurilor/superbet-verificare-bilet-online/,2024-06-27 13:50:31,2026-06-17 18:24:40
superbet oferta fotbal,RO,Romania,Romanian,Superbet (Organization),true,false,false,true,true,false,"Sitelinks, Video preview, Image pack",3000,5,2.46,0,,,,18,,Lost,,https://legalbet.ro/centrul-de-pariere/maine/,,,2024-06-27 08:55:57,
excelbet ro,RO,Romania,Romanian,Excelbet (Organization),true,false,false,true,true,false,"Sitelinks, Image pack, Video preview",200,0,1.04,0,,,,15,,Lost,,https://legalbet.ro/complaints/excelbet/,,,2024-06-20 10:13:09,
azi meciuri liga 1,RO,Romania,Romanian,Liga 1 (Event),true,false,false,true,false,false,"Video preview, Image pack",200,20,0.36,0,,,,12,,Lost,,https://legalbet.ro/centrul-de-pariere/turnee/liga-i/,,,2024-06-16 07:22:40,
ges bet,RO,Romania,Romanian,GES.BET (Organization),true,false,false,true,true,false,"Sitelinks, Knowledge panel, Video preview, Image pack",600,2,0.18,0,,,,14,,Lost,,https://legalbet.ro/feedback/gets-bet/,,,2024-06-26 12:11:42,
pariu sportiv,RO,Romania,Romanian,,false,false,false,true,true,true,"Video preview, Image pack",250,72,3.93,0,,,,34,,Lost,,https://legalbet.ro/case-de-pariuri-licentiate/,,,2024-06-21 03:39:55,
stanleybet fotbal,RO,Romania,Romanian,Stanleybet (Organization),true,false,true,true,true,true,"Sitelinks, Image pack, Video preview",700,0,0.21,0,,,,24,,Lost,,https://legalbet.ro/centrul-de-pariere/maine/,,,2024-06-27 23:48:09,
netano,RO,Romania,Romanian,Betano (Organization),true,false,false,true,true,false,"Top ads, Paid sitelinks, Sitelinks, Top stories, Thumbnail, Video preview",200,5,1.64,0,,,,13,,Lost,,https://legalbet.ro/feedback/betano/,,,2024-06-23 17:12:26,
luck.com,RO,Romania,,Luck Casino (Organization),true,false,true,true,true,true,"Sitelinks, Image pack, Video preview",150,0,1.30,0,,,,13,,Lost,,https://legalbet.ro/case-de-pariuri/luck-com/,,,2024-06-09 01:51:23,
fotbal casa pariurilor,RO,Romania,Romanian,Casa Pariurilor (Organization),true,false,false,true,true,false,"Sitelinks, Video preview, Image pack",150,46,0.30,0,,,,20,,Lost,,https://legalbet.ro/centrul-de-pariere/maine/,,,2024-06-23 09:17:26,
magnumbet,RO,Romania,Romanian,Magnumbet (Organization),true,false,false,true,true,false,Sitelinks,2400,56,1.15,0,0,0,,13,14,-1,Top stories,https://legalbet.ro/feedback/magnumbet/,,https://legalbet.ro/case-de-pariuri/magnumbet/,2024-06-27 23:27:57,2026-06-24 17:55:27
superbet.apk,RO,Romania,,Superbet (Product),true,false,false,false,false,true,Video preview,100,2,2.04,0,,,,13,,Lost,,https://legalbet.ro/scoala-pariurilor/superbet-aplicatie-ghid-complet-pentru-pariuri-de-pe-mobil/,,,2024-06-11 19:42:56,
beatno,RO,Romania,Romanian,Betano (Organization),true,false,false,true,true,false,"Top ads, Paid sitelinks, Sitelinks, Video preview",100,6,1.57,0,,,,13,,Lost,,https://legalbet.ro/feedback/betano/,,,2024-06-21 08:22:29,
verifica bilet superbet,RO,Romania,Romanian,Superbet (Organization),true,false,true,true,false,false,"Sitelinks, Video preview",1300,58,3.45,,0,,,,14,New,,,,https://legalbet.ro/scoala-pariurilor/superbet-verificare-bilet-online/,,2026-06-21 19:17:55
uinbet,RO,Romania,Romanian,Unibet (Organization),true,false,true,true,true,true,"Sitelinks, Image pack, Video preview, Knowledge panel",80,8,0.20,0,,,,13,,Lost,,https://legalbet.ro/feedback/unibet/,,,2024-06-05 19:19:44,
superbet pariuri,RO,Romania,Romanian,Superbet (Organization),true,false,true,true,true,true,"Video preview, Image pack",1600,19,0.96,0,,,,14,,Lost,,https://legalbet.ro/feedback/superbet/,,,2024-06-24 15:42:18,
efortuna agentii,RO,Romania,Romanian,"eFortuna (Organization), eFortuna betting agencies (Location)",true,false,false,true,false,false,"Sitelinks, Image pack",200,1,0.03,0,,,,9,,Lost,,https://legalbet.ro/feedback/fortuna/,,,2024-06-25 19:15:01,
verificare bilet superbet,RO,Romania,Romanian,Superbet (Organization),true,false,false,true,false,false,"Sitelinks, Video preview",23000,49,1.21,0,0,0,,35,15,20,,https://legalbet.ro/scoala-pariurilor/superbet-verificare-bilet-online/,,https://legalbet.ro/scoala-pariurilor/superbet-verificare-bilet-online/,2024-06-27 01:14:37,2026-06-14 13:36:55
betano.,RO,Romania,Romanian,Betano (Organization),true,false,true,true,true,false,"Top ads, Paid sitelinks, Sitelinks, Video preview",1300,5,1.38,0,,,,14,,Lost,,https://legalbet.ro/feedback/betano/,,,2024-06-24 21:24:32,
fortuna cont,RO,Romania,Romanian,Fortuna (Organization),true,false,false,true,true,false,"Image pack, Video preview, Bottom ads, Paid sitelinks",150,12,1.98,0,,,,18,,Lost,,https://legalbet.ro/complaints/fortuna/,,,2024-06-18 20:42:34,
mozzart cote,RO,Romania,Romanian,Mozzart Bet (Organization),true,false,false,true,true,false,"Image pack, Video preview",350,2,0.13,0,,,,13,,Lost,,https://legalbet.ro/feedback/mozzart/,,,2024-06-24 04:50:03,
clasament turcia liga 1,RO,Romania,Romanian,"Turkish Super Lig (Event), Turkey (Location)",true,false,false,true,false,false,"Image pack, Video preview",200,0,,0,,,,26,,Lost,,https://legalbet.ro/alegerea-editorului/cehia-vs-turcia-cehii-au-nevoie-de-victorie-turcii-sunt/,,,2024-06-26 20:30:14,
superbet verificare bilet cod,RO,Romania,Romanian,Superbet (Organization),true,false,true,true,false,false,"Sitelinks, Video preview",600,58,2.39,0,0,0,,15,15,,,https://legalbet.ro/scoala-pariurilor/superbet-verificare-bilet-online/,,https://legalbet.ro/scoala-pariurilor/superbet-verificare-bilet-online/,2024-06-26 02:31:46,2026-06-15 19:03:47
get bet,RO,Romania,English,,false,false,false,true,true,false,"Top ads, Paid sitelinks, Sitelinks, Knowledge panel, Video preview, Image pack",27000,7,0.49,0,,,,18,,Lost,,https://legalbet.ro/feedback/gets-bet/,,,2024-06-27 11:19:43,
superbet,RO,Romania,Romanian,Superbet (Organization),true,false,false,true,true,false,"Sitelinks, Knowledge panel, Video preview",2040000,3,0.53,0,,,,17,,Lost,,https://legalbet.ro/feedback/superbet/,,,2024-06-26 22:11:18,
conti,RO,Romania,Romanian,Conti (Organization),true,false,false,true,true,false,Video preview,6300,30,0.84,,0,,,,15,New,,,,https://legalbet.ro/cazinouri/conti-cazino/,,2026-06-24 15:17:12
www.casapariurilor,RO,Romania,Romanian,Casa Pariurilor (Organization),true,false,true,true,true,true,"Sitelinks, Video preview, Image pack",150,1,1.00,0,,,,14,,Lost,,https://legalbet.ro/scoala-pariurilor/primul-pariu-la-casa-pariurilor/,,,2024-06-23 18:01:06,
betabo,RO,Romania,Romanian,Betano (Organization),true,false,true,true,true,false,"Sitelinks, Video preview",150,5,2.08,0,,,,14,,Lost,,https://legalbet.ro/feedback/betano/,,,2024-06-24 07:32:46,
winbet.ro,RO,Romania,,Winbet.ro (Organization),true,false,true,true,true,false,Sitelinks,1500,69,0.28,0,0,0,,18,15,3,,https://legalbet.ro/feedback/winbet/,,https://legalbet.ro/feedback/winbet/,2024-06-24 05:23:09,2026-06-19 21:09:09
superbet verifica bilet,RO,Romania,Romanian,Superbet (Organization),true,false,false,true,false,false,"Sitelinks, Video preview",800,54,1.15,0,0,0,,22,14,8,,https://legalbet.ro/scoala-pariurilor/superbet-verificare-bilet-online/,,https://legalbet.ro/scoala-pariurilor/superbet-verificare-bilet-online/,2024-06-27 18:00:35,2026-06-14 03:27:36
million,RO,Romania,English,,false,false,false,true,false,false,"Sitelinks, Video preview",5500,45,0.72,,0,,,,15,New,,,,https://legalbet.ro/cazinouri/million/,,2026-06-21 17:37:06
netbet bonus,RO,Romania,English,NetBet (Organization),true,false,false,true,true,false,Sitelinks,500,55,2.81,0,0,0,,60,22,38,,https://legalbet.ro/bonus/sets/bonus-netbet/,,https://legalbet.ro/bonus/sets/netbet/,2024-06-27 16:36:35,2026-06-14 19:36:01
casino netbet,RO,Romania,English,NetBet (Organization),true,false,true,true,true,true,"Sitelinks, Video preview, Image pack",800,38,0.62,0,,,,13,,Lost,,https://legalbet.ro/feedback/netbet/,,,2024-06-26 21:57:55,
betano bet,RO,Romania,Romanian,Betano (Organization),true,false,false,true,true,false,"Sitelinks, Video preview, Image pack, Bottom ads, Paid sitelinks",150,1,2.39,0,,,,11,,Lost,,https://legalbet.ro/case-de-pariuri/betano/,,,2024-06-25 20:40:57,
franta ligue 2,RO,Romania,Romanian,Ligue 2 (Event),true,false,false,true,false,false,"Sitelinks, Video preview",200,0,,0,,,,49,,Lost,,https://legalbet.ro/centrul-de-pariere/country/fr/,,,2024-06-26 15:57:38,
getbets,RO,Romania,,GetsBet (Organization),true,false,false,true,true,false,"Sitelinks, Video preview, Image pack, Knowledge panel",150,1,1.31,0,,,,10,,Lost,,https://legalbet.ro/feedback/gets-bet/,,,2024-06-25 02:21:57,
www.unibet.ro,RO,Romania,,Unibet Romania (Organization),true,false,true,true,true,false,"Sitelinks, Image pack",150,20,1.30,0,,,,15,,Lost,,https://legalbet.ro/scoala-pariurilor/primul-pariu-la-unibet/,,,2024-06-13 17:42:00,
live casa pariurilor,RO,Romania,Romanian,Casa Pariurilor (Organization),true,false,true,true,true,false,Video preview,450,37,0.82,0,,,,33,,Lost,,https://legalbet.ro/rating-live/,,,2024-06-16 12:50:10,
casa pariurilor logare,RO,Romania,Romanian,Casa Pariurilor (Organization),true,false,true,false,false,false,"Image pack, Video preview",100,64,1.32,0,,,,16,,Lost,,https://legalbet.ro/feedback/casa-pariurilor/,,,2024-06-27 03:12:58,
888.ro,RO,Romania,,888.ro (Organization),true,false,true,true,true,false,,2100,60,0.95,0,0,0,,32,16,16,,https://legalbet.ro/feedback/888-sport/,,https://legalbet.ro/feedback/888-sport/,2024-06-27 10:56:08,2026-06-22 07:58:46
maxbet.eo,RO,Romania,,Maxbet (Organization),true,false,true,true,true,false,"Sitelinks, Video preview, Bottom ads, Paid sitelinks",90,0,1.65,0,,,,15,,Lost,,https://legalbet.ro/feedback/maxbet/,,,2024-06-09 16:07:05,
clasament suedia superettan,RO,Romania,Romanian,"Superettan (Work), Sweden (Location)",true,true,false,true,false,false,"Sitelinks, Image pack",150,0,,0,,,,42,,Lost,,https://legalbet.ro/ponturi/?page=4,,,2024-06-25 00:03:51,
www.casa pariurilor oferta,RO,Romania,Romanian,"Casa Pariurilor (Organization), Casa Pariurilor offer (Product)",true,false,true,true,true,false,Video preview,90,8,0.60,0,,,,16,,Lost,,https://legalbet.ro/scoala-pariurilor/primul-pariu-la-casa-pariurilor/,,,2024-05-29 10:01:48,
casa pariurilor casino,RO,Romania,Romanian,Casa Pariurilor (Organization),true,false,false,true,true,false,"Sitelinks, Image pack, Video preview, Bottom ads, Paid sitelinks",15000,1,0.89,0,,,,22,,Lost,,https://legalbet.ro/feedback/casa-pariurilor/,,,2024-06-27 22:29:45,
super bet,RO,Romania,Romanian,Superbet (Organization),true,false,true,true,true,false,"Sitelinks, Video preview, Knowledge panel",21000,3,0.53,0,,,,19,,Lost,,https://legalbet.ro/feedback/superbet/,,,2024-06-27 03:31:29,
pariuri superbet,RO,Romania,Romanian,Superbet (Organization),true,false,true,true,true,true,"Sitelinks, Video preview, Image pack, Bottom ads, Paid sitelinks",2000,47,0.96,0,,,,19,,Lost,,https://legalbet.ro/case-de-pariuri/superbet/,,,2024-06-27 23:10:55,
pariuri sportive casa pariurilor,RO,Romania,Romanian,Casa Pariurilor (Organization),true,false,true,true,true,true,"Sitelinks, Video preview, Image pack, Bottom ads, Paid sitelinks",80,26,0.43,0,,,,17,,Lost,,https://legalbet.ro/feedback/casa-pariurilor/,,,2024-06-08 18:29:08,
campionatul frantei,RO,Romania,Romanian,French Football League (Event),true,false,false,true,false,false,"Image pack, Video preview",100,0,2.93,0,,,,32,,Lost,,https://legalbet.ro/centrul-de-pariere/turnee/ligue-1/,,,2024-06-25 12:32:03,
cota2,RO,Romania,Romanian,Cota2 (Organization),true,false,false,true,false,false,"Thumbnail, Video preview, Image pack",400,12,0.40,0,,,,16,,Lost,,https://legalbet.ro/ponturi/cota-2/,,,2024-06-20 12:24:10,
bundesliga clasament,RO,Romania,Romanian,Bundesliga (Event),true,false,false,true,false,false,Image pack,800,1,1.00,0,,,,49,,Lost,,https://legalbet.ro/alegerea-editorului/cehia-vs-turcia-cehii-au-nevoie-de-victorie-turcii-sunt/,,,2024-06-27 07:10:47,
casa pariurilor oferta,RO,Romania,Romanian,Casa Pariurilor (Organization),true,false,false,true,true,false,"Sitelinks, Bottom ads, Paid sitelinks",700,7,1.19,0,,,,20,,Lost,,https://legalbet.ro/case-de-pariuri/casa-pariurilor/,,,2024-06-25 05:02:46,
maxbet casino,RO,Romania,Romanian,Maxbet Casino (Organization),true,false,true,true,true,true,"Sitelinks, Knowledge panel, Image pack",5300,0,1.01,0,,,,19,,Lost,,https://legalbet.ro/feedback/maxbet/,,,2024-06-27 23:53:22,
mozzart pariuri,RO,Romania,Romanian,Mozzart Bet (Organization),true,false,false,true,true,false,"Knowledge panel, Sitelinks",500,35,0.38,0,0,0,,7,14,-7,,https://legalbet.ro/feedback/mozzart/,,https://legalbet.ro/case-de-pariuri/mozzart/,2024-06-26 16:45:19,2026-06-14 18:59:35
netbet.ro,RO,Romania,,NetBet.ro (Organization),true,false,true,true,true,false,,2900,62,0.50,0,0,0,,18,17,1,,https://legalbet.ro/feedback/netbet/,,https://legalbet.ro/case-de-pariuri-licentiate/netbet/aplicatie/,2024-06-27 08:49:40,2026-06-16 02:26:54
florentin petre,RO,Romania,Romanian,Florentin Petre (Person),false,false,false,true,false,false,"Top stories, Thumbnail, Knowledge panel, Video preview, Image pack",1900,0,,,0,,,,24,New,,,,https://legalbet.ro/stiri/62026090-266206-florentin-petre-a-explicat-plecarea-de-la-dinamo-a/,,2026-06-17 20:59:06
unibet romania,RO,Romania,English,"Unibet (Organization), Romania (Location)",true,false,false,true,false,false,"Sitelinks, Video preview, Image pack",900,7,0.28,0,,,,13,,Lost,,https://legalbet.ro/feedback/unibet/,,,2024-06-22 06:43:58,
vlad casino,RO,Romania,Romanian,Vlad Cazino (Organization),true,false,false,true,true,false,"Sitelinks, Image pack, Video preview, Knowledge panel",45000,5,1.58,0,,,,18,,Lost,,https://legalbet.ro/cazinouri/vlad-cazino/,,,2024-06-27 09:36:38,
m.casapariurilor,RO,Romania,Romanian,m.casapariurilor (Organization),true,false,true,false,false,false,"Sitelinks, Video preview, Image pack",90,0,0.22,0,,,,16,,Lost,,https://legalbet.ro/feedback/casa-pariurilor/,,,2024-06-13 21:28:58,
sport.netbet,RO,Romania,,NetBet Sport (Organization),true,false,true,true,false,false,"Sitelinks, Video preview",80,33,0.80,0,,,,16,,Lost,,https://legalbet.ro/scoala-pariurilor/aplicatie-netbet-ghid-complet-pentru-pariuri-de-pe-mobil/,,,2024-06-14 18:48:22,
dudelange,RO,Romania,,Dudelange (Location),false,true,false,true,false,false,"Thumbnail, Video preview, Image pack",150,0,0.67,0,,,,39,,Lost,,https://legalbet.ro/centrul-de-pariere/echipe/f91-dudelange/,,,2024-06-14 21:32:00,
superbet fotbal live,RO,Romania,Romanian,Superbet (Organization),true,false,true,true,true,true,"Sitelinks, Video preview, Image pack",100,21,0.29,0,,,,18,,Lost,,https://legalbet.ro/centrul-de-pariere/maine/,,,2024-06-24 05:25:14,
bonus,RO,Romania,English,,false,false,false,true,false,false,"AI Overview, Thumbnail, Video preview, Image pack",1400,51,1.30,,0,,,,33,New,,,,https://legalbet.ro/bonus/,,2026-06-08 07:38:19
program premier league,RO,Romania,Romanian,Premier League (Event),true,false,false,true,false,false,"Image pack, Video preview",150,2,0.39,0,,,,24,,Lost,,https://legalbet.ro/centrul-de-pariere/turnee/premier-league/,,,2024-06-26 14:41:35,
superbet pariuri online,RO,Romania,Romanian,Superbet (Organization),true,false,true,true,true,true,"Sitelinks, Video preview",150,12,0.41,0,,,,20,,Lost,,https://legalbet.ro/case-de-pariuri/superbet/,,,2024-06-26 03:37:22,
casa pariur,RO,Romania,Romanian,Casa Pariurilor (Organization),true,false,false,true,true,false,"Sitelinks, Video preview, Image pack",100,20,0.55,0,,,,14,,Lost,,https://legalbet.ro/feedback/casa-pariurilor/,,,2024-06-22 07:50:30,
playgg,RO,Romania,,PlayGG (Organization),true,false,false,true,false,false,"Sitelinks, People also ask, Video preview",900,42,1.74,,0,,,,17,New,,,,https://legalbet.ro/cazinouri/playgg-casino/,,2026-06-20 16:35:02
5 dazzling hot,RO,Romania,,5 Dazzling Hot (Product),true,false,false,true,false,false,Video preview,250,0,0.72,0,,,,33,,Lost,,https://legalbet.ro/scoala-de-cazino/5-dazzling-hot-cum-si-unde-poti-juca-si-castiga/,,,2024-06-20 08:53:52,
maxbet online,RO,Romania,English,Maxbet (Organization),true,false,true,true,true,true,"Knowledge panel, Image pack, Video preview",1100,0,3.31,0,,,,37,,Lost,,https://legalbet.ro/case-de-pariuri/maxbet/,,,2024-06-23 13:09:01,
dice roll egt,RO,Romania,English,Dice Roll (Product),true,false,false,true,false,false,Video preview,100,1,,0,,,,28,,Lost,,https://legalbet.ro/alegerea-editorului/totul-despre-slotul-dice-roll-de-la-egt/,,,2024-06-20 19:23:35,
superbet.ro,RO,Romania,,Superbet (Organization),true,false,true,false,false,false,"Sitelinks, Video preview",7400,4,1.27,0,,,,18,,Lost,,https://legalbet.ro/complaints/superbet/,,,2024-06-27 04:35:04,
unibet casino,RO,Romania,English,Unibet Casino (Organization),true,false,true,true,true,true,"Sitelinks, Image pack, Video preview",4900,33,0.28,0,,,,12,,Lost,,https://legalbet.ro/feedback/unibet/,,,2024-06-27 03:42:10,
berano,RO,Romania,Romanian,Berano (Person),false,false,false,true,false,false,"Top ads, Paid sitelinks, Sitelinks, Video preview",250,5,,0,,,,17,,Lost,,https://legalbet.ro/feedback/betano/,,,2024-06-05 20:49:04,
netbey,RO,Romania,Romanian,NetBet (Organization),true,false,false,true,true,false,"Sitelinks, Knowledge panel, Video preview, Image pack",200,42,1.88,0,,,,17,,Lost,,https://legalbet.ro/feedback/netbet/,,,2024-06-11 11:58:32,
фавбет,RO,Romania,Russian,Favbet (Organization),true,false,false,true,true,false,"Sitelinks, Image pack, Video preview",150,3,0.27,0,,,,17,,Lost,,https://legalbet.ro/feedback/favbet/,,,2024-06-23 17:28:45,
netbet.,RO,Romania,Romanian,NetBet (Organization),true,false,true,true,true,false,"Sitelinks, Knowledge panel, Video preview, Image pack",150,37,1.88,0,,,,17,,Lost,,https://legalbet.ro/feedback/netbet/,,,2024-06-26 11:42:27,
program casa pariurilor,RO,Romania,Romanian,Casa Pariurilor (Organization),true,false,false,true,false,false,"Image pack, Video preview",250,2,0.86,0,,,,23,,Lost,,https://legalbet.ro/alegerea-editorului/casa-pariurilor-program-sarbatori-de-iarna-2022-2023/,,,2024-06-19 11:44:49,
syperbet,RO,Romania,Romanian,Superbet (Organization),true,false,false,true,true,false,"Sitelinks, Video preview, Knowledge panel",150,5,1.50,0,,,,17,,Lost,,https://legalbet.ro/feedback/superbet/,,,2024-06-12 16:56:51,
betnet,RO,Romania,Romanian,NetBet (Organization),true,false,true,true,true,false,"Sitelinks, Knowledge panel, Video preview, Image pack",100,42,1.66,0,,,,17,,Lost,,https://legalbet.ro/feedback/netbet/,,,2024-06-18 09:16:44,
netb,RO,Romania,Romanian,NetBet (Organization),true,false,false,true,true,false,"Sitelinks, Knowledge panel, Video preview, Image pack",150,37,1.52,0,,,,17,,Lost,,https://legalbet.ro/feedback/netbet/,,,2024-06-18 19:14:38,
frankcasino,RO,Romania,,Frank Casino (Organization),true,false,false,true,true,false,"Sitelinks, Video preview",1200,3,0.77,0,,,,18,,Lost,,https://legalbet.ro/cazinouri/frank-casino/,,,2024-06-24 16:23:53,
efbet,RO,Romania,Romanian,efbet (Organization),true,false,false,true,true,false,"Sitelinks, Video preview, Image pack",21000,8,1.11,0,,,,19,,Lost,,https://legalbet.ro/feedback/efbet/,,,2024-06-27 14:00:16,
betno,RO,Romania,Romanian,Betano (Organization),true,false,true,true,true,false,"Top ads, Paid sitelinks, Sitelinks, Video preview",200,4,2.08,0,,,,17,,Lost,,https://legalbet.ro/feedback/betano/,,,2024-06-09 09:05:31,
superbey,RO,Romania,Romanian,Superbet (Organization),true,false,false,true,true,false,"Sitelinks, Video preview, Knowledge panel",1300,3,0.53,0,,,,18,,Lost,,https://legalbet.ro/feedback/superbet/,,,2024-06-26 00:58:13,
pariuri sportive get bet,RO,Romania,Romanian,Get's Bet (Organization),true,false,true,true,true,true,Sitelinks,700,49,1.13,0,0,0,,12,12,,,https://legalbet.ro/case-de-pariuri/gets-bet/,,https://legalbet.ro/feedback/gets-bet/,2024-06-20 14:02:05,2026-06-20 00:01:55
www.efortuna,RO,Romania,,eFortuna (Organization),true,false,true,false,false,false,"Sitelinks, Video preview",700,5,0.04,0,,,,14,,Lost,,https://legalbet.ro/scoala-pariurilor/primul-pariu-la-fortuna/,,,2024-06-26 07:42:52,
totogaming,RO,Romania,Romanian,TotoGaming (Organization),true,false,true,true,true,false,"Sitelinks, Knowledge panel, People also ask, Video preview",238000,0,0.79,0,,,,20,,Lost,,https://legalbet.ro/case-de-pariuri/vivabet/,,,2024-06-27 05:29:34,
ro.betano,RO,Romania,,Betano (Organization),true,false,true,false,false,false,"Sitelinks, Video preview, Image pack",500,34,1.72,0,,,,18,,Lost,,https://legalbet.ro/feedback/betano/,,,2024-06-26 02:39:12,
stanleybet oferta fotbal azi,RO,Romania,Romanian,Stanleybet (Organization),true,false,true,true,true,true,"Sitelinks, Image pack",200,20,0.11,0,,,,12,,Lost,,https://legalbet.ro/ponturi/biletul-zilei-cota-3-euro-2024-17-06-2024-marco-birlan/,,,2024-06-16 13:35:39,
bogdan stancu,RO,Romania,,Bogdan Stancu (Person),false,false,false,true,false,false,"Knowledge panel, Video preview, Image pack",6200,2,,,0,,,,34,New,,,,https://legalbet.ro/stiri/62025052-239936-bogdan-stancu-activeaza-ca-agent-de-juniori-dupa-r/,,2026-06-14 05:51:41
casa pariurilor agentii,RO,Romania,Romanian,"Casa Pariurilor (Organization), Casa Pariurilor betting agency (Organization)",true,false,false,true,false,false,"Thumbnail, Local pack, Image pack, Video preview",150,7,1.25,0,,,,13,,Lost,,https://legalbet.ro/scoala-pariurilor/primul-pariu-la-casa-pariurilor/,,,2024-06-17 19:54:23,
betano casino,RO,Romania,English,"Betano (Organization), Betano Casino (Organization)",true,false,false,true,true,false,"Sitelinks, Video preview, Image pack",17000,0,1.27,0,,,,23,,Lost,,https://legalbet.ro/feedback/betano/,,,2024-06-27 02:07:16,
efortuna inregistrare,RO,Romania,Romanian,eFortuna (Organization),true,false,true,true,true,true,"Top ads, Video preview, Image pack",150,5,2.66,0,,,,17,,Lost,,https://legalbet.ro/scoala-pariurilor/primul-pariu-la-fortuna/,,,2024-06-15 21:08:10,
casino.efortuna,RO,Romania,,Fortuna Casino (Organization),true,false,true,true,true,false,"Sitelinks, Knowledge panel, Video preview, Image pack",90,6,1.17,0,,,,18,,Lost,,https://legalbet.ro/feedback/fortuna/,,,2024-06-19 07:14:32,
netber,RO,Romania,Romanian,NetBet (Organization),true,false,false,true,true,false,"Sitelinks, Knowledge panel, Video preview, Image pack",250,36,1.18,0,,,,18,,Lost,,https://legalbet.ro/feedback/netbet/,,,2024-06-19 17:34:34,
verificare superbet,RO,Romania,Romanian,Superbet (Organization),true,false,false,true,false,false,"Sitelinks, Video preview",3000,63,1.51,0,0,0,,36,13,23,,https://legalbet.ro/scoala-pariurilor/superbet-verificare-bilet-online/,,https://legalbet.ro/scoala-pariurilor/superbet-verificare-bilet-online/,2024-06-27 16:29:40,2026-06-21 19:16:04
slotv,RO,Romania,Romanian,SlotV (Organization),true,false,false,true,true,false,"Sitelinks, Image pack, Video preview",12000,0,0.73,0,,,,20,,Lost,,https://legalbet.ro/feedback/slotv-sport/,,,2024-06-26 12:00:54,
tenis azi,RO,Romania,Romanian,,false,false,false,true,false,false,"Sitelinks, Video preview, Top stories, Thumbnail, Image pack",3000,12,0.03,0,,,,40,,Lost,,https://legalbet.ro/ponturi/sportul-tenis/,,,2024-06-27 01:42:03,
superbat,RO,Romania,Romanian,Superbet (Organization),true,false,false,true,true,false,"Sitelinks, Knowledge panel, Video preview",150,13,1.87,0,,,,18,,Lost,,https://legalbet.ro/feedback/superbet/,,,2024-06-08 09:57:39,
sevencasino,RO,Romania,,Seven Casino (Organization),true,false,false,true,true,false,"Sitelinks, Video preview",250,0,0.52,0,,,,19,,Lost,,https://legalbet.ro/cazinouri/seven-casino/,,,2024-06-12 03:42:40,
oferta superbet azi,RO,Romania,Romanian,Superbet (Organization),true,false,false,true,true,false,"Image pack, Video preview",1800,4,0.24,0,,,,17,,Lost,,https://legalbet.ro/centrul-de-pariere/maine/,,,2024-06-23 14:51:42,
superbets,RO,Romania,Romanian,Superbet (Organization),true,false,false,true,true,false,"Sitelinks, Video preview, Image pack",300,11,1.39,0,,,,18,,Lost,,https://legalbet.ro/feedback/superbet/,,,2024-06-12 08:40:30,
mr.bit,RO,Romania,,MrBit (Organization),true,false,false,true,true,false,"Sitelinks, Knowledge panel, Video preview, Image pack",100,2,1.44,0,,,,19,,Lost,,https://legalbet.ro/cazinouri/mr-bit-casino/,,,2024-06-15 21:58:41,
supwrbet,RO,Romania,Romanian,Superbet (Organization),true,false,false,true,false,false,"Sitelinks, Knowledge panel, Video preview",100,11,0.86,0,,,,19,,Lost,,https://legalbet.ro/feedback/superbet/,,,2024-06-22 10:24:10,
oferta fotbal superbet,RO,Romania,Romanian,Superbet (Organization),true,false,false,true,true,false,"Sitelinks, Image pack, Video preview",800,19,0.58,0,,,,17,,Lost,,https://legalbet.ro/centrul-de-pariere/maine/,,,2024-06-24 20:12:40,
auxerre–psg,RO,Romania,Romanian,"Auxerre (Organization), Paris Saint-Germain (Organization)",true,false,false,true,false,false,"Video preview, Image pack",90,0,,0,,,,19,,Lost,,https://legalbet.ro/centrul-de-pariere/auxerre-paris-saint-germain-21-05-2023/,,,2024-06-15 02:17:31,
netbet casino,RO,Romania,English,NetBet (Organization),true,false,true,true,true,true,"Sitelinks, Image pack, Video preview",8400,48,0.62,0,,,,16,,Lost,,https://legalbet.ro/feedback/netbet/,,,2024-06-27 10:41:10,
oferta casa pariurilor fotbal,RO,Romania,Romanian,Casa Pariurilor (Organization),true,false,false,true,true,false,"Image pack, Video preview",300,10,0.40,0,,,,25,,Lost,,https://legalbet.ro/centrul-de-pariere/maine/,,,2024-06-26 04:06:50,
duperbet,RO,Romania,Romanian,Superbet (Organization),true,false,false,true,true,false,"Sitelinks, Videos, Video preview, Knowledge panel",80,10,2.65,0,,,,19,,Lost,,https://legalbet.ro/feedback/superbet/,,,2024-06-24 08:04:26,
superber,RO,Romania,Romanian,Superbet (Organization),true,false,false,true,true,false,"Sitelinks, Video preview, Knowledge panel",600,7,0.53,0,,,,17,,Lost,,https://legalbet.ro/feedback/superbet/,,,2024-06-24 02:45:37,
pariuri1x2,RO,Romania,Romanian,Pariuri1x2 (Organization),true,false,false,true,false,false,"Sitelinks, Thumbnail, Video preview, Image pack",700,0,0.16,0,,,,20,,Lost,,https://legalbet.ro/scoala-pariurilor/pariuri-1x2/,,,2024-06-27 12:07:09,
cote,RO,Romania,French,cote (Product),true,false,false,true,true,false,"Knowledge card, Top stories, Thumbnail, Video preview",700,6,0.80,0,0,0,,28,20,8,,https://legalbet.ro/scoala-pariurilor/tipuri-de-cote/,,https://legalbet.ro/centrul-de-pariere/,2024-06-24 22:45:40,2026-06-11 08:07:23
un pont pe zi biletul zilei,RO,Romania,Romanian,,false,false,false,true,false,false,"Video preview, Image pack",200,30,0.28,0,,,,20,,Lost,,https://legalbet.ro/biletul-zilei/,,,2024-06-20 20:23:37,
betsno,RO,Romania,Romanian,Betano (Organization),true,false,false,true,true,false,"Sitelinks, Video preview",200,6,1.64,0,,,,20,,Lost,,https://legalbet.ro/feedback/betano/,,,2024-06-10 02:37:42,
superbe,RO,Romania,Romanian,Superbet (Organization),true,false,false,true,true,false,"Sitelinks, Knowledge panel, Video preview",800,8,1.84,0,,,,20,,Lost,,https://legalbet.ro/feedback/superbet/,,,2024-06-25 07:53:20,
get's,RO,Romania,English,,false,false,false,true,true,false,"Sitelinks, Video preview, Image pack, Local pack",150,36,0.61,0,,,,20,,Lost,,https://legalbet.ro/feedback/gets-bet/,,,2024-06-26 06:20:26,
inter–lazio,RO,Romania,Romanian,"Inter (Organization), Lazio (Organization)",true,false,false,true,false,false,"Video preview, Image pack",150,0,,0,,,,20,,Lost,,https://legalbet.ro/centrul-de-pariere/inter-latcio-19-05-2024/,,,2024-06-23 13:48:24,
vetano,RO,Romania,Romanian,Betano (Organization),true,false,false,true,true,false,"Sitelinks, Video preview",90,4,1.57,0,,,,20,,Lost,,https://legalbet.ro/feedback/betano/,,,2024-06-09 23:50:01,
stanleybet loto,RO,Romania,Romanian,Stanleybet (Organization),true,false,true,true,true,true,"Image pack, Video preview",700,1,0.04,0,,,,31,,Lost,,https://legalbet.ro/scoala-pariurilor/casa-de-pariuri-stanleybet-depuneri-i-retrageri/,,,2024-06-27 02:01:51,
biletul zilei.com,RO,Romania,Romanian,Biletu-Zilei.com (Organization),true,false,true,true,false,false,Video preview,800,33,1.40,0,,,,30,,Lost,,https://legalbet.ro/biletul-zilei/,,,2024-06-25 15:14:56,
cota 2.ro,RO,Romania,,cota2.ro (Organization),true,false,true,true,false,false,"Sitelinks, Video preview",300,2,2.58,0,0,0,,13,16,-3,,https://legalbet.ro/ponturi/cota-2/,,https://legalbet.ro/ponturi/cota-2/,2024-06-25 07:57:17,2026-06-18 03:43:35
mozzart pariuri sportive,RO,Romania,Romanian,Mozzart Bet (Organization),true,false,true,true,true,true,"Image pack, Video preview",400,0,0.12,0,,,,22,,Lost,,https://legalbet.ro/feedback/mozzart/,,,2024-06-27 19:57:51,
unibet ro,RO,Romania,Romanian,Unibet (Organization),true,true,true,true,true,false,"Sitelinks, Video preview, Image pack",14000,14,0.20,0,,,,17,,Lost,,https://legalbet.ro/feedback/unibet/,,,2024-06-27 09:39:08,
betano app,RO,Romania,English,Betano (Organization),true,false,false,true,true,true,Video preview,450,1,2.10,0,,,,18,,Lost,,https://legalbet.ro/scoala-pariurilor/aplicatie-betano-ghid-complet-pentru-pariuri-de-pe-mobil/,,,2024-06-22 15:58:19,
calhanoglu,RO,Romania,,Hakan Çalhanoğlu (Person),false,false,false,true,false,false,"Knowledge panel, Video preview, Image pack",1200,19,,,0,,,,36,New,,,,https://legalbet.ro/stiri/62026030-255224-hakan-calhanoglu-ar-putea-pleca-de-la-inter-in-tur/,,2026-06-14 17:04:30
fotbal live azi,RO,Romania,Romanian,,false,false,false,true,false,false,"Sitelinks, Video preview",1000,42,0.36,0,,,,46,,Lost,,https://legalbet.ro/centrul-de-pariere/astazi/,,,2024-06-12 04:47:41,
fortuna pariuri,RO,Romania,Romanian,Fortuna (Organization),true,false,false,true,true,false,"Sitelinks, Image pack, Video preview",4900,2,0.02,0,,,,27,,Lost,,https://legalbet.ro/case-de-pariuri/fortuna/,,,2024-06-27 03:10:58,
sperbet,RO,Romania,Romanian,Superbet (Organization),true,false,false,true,true,false,"Sitelinks, Knowledge panel, Video preview",250,6,0.53,0,,,,21,,Lost,,https://legalbet.ro/feedback/superbet/,,,2024-06-10 11:35:30,
romania@betano.com,RO,Romania,,"Betano (Organization), Romania (Location)",true,false,false,true,false,false,"Top ads, Sitelinks, Video preview, Bottom ads, Paid sitelinks",150,6,,0,,,,21,,Lost,,https://legalbet.ro/case-de-pariuri/betano/,,,2024-06-20 19:07:31,
suprrbet,RO,Romania,Romanian,Superbet (Organization),true,false,true,true,true,false,"Sitelinks, Knowledge panel, Video preview",100,6,,0,,,,21,,Lost,,https://legalbet.ro/feedback/superbet/,,,2024-06-19 06:44:54,
casapariurilor.ro,RO,Romania,Romanian,Casa Pariurilor (Organization),true,false,true,true,false,false,"Sitelinks, Video preview",1400,7,2.07,0,0,0,,26,17,9,,https://legalbet.ro/feedback/casa-pariurilor/,,https://legalbet.ro/case-de-pariuri/casa-pariurilor/,2024-06-22 20:19:45,2026-06-21 05:45:01
.maxbet,RO,Romania,,MaxBet (Organization),true,false,false,true,true,false,"Top ads, Paid sitelinks, Sitelinks, Knowledge panel, Image pack, Video preview, Bottom ads",100,2,2.28,0,,,,21,,Lost,,https://legalbet.ro/feedback/maxbet/,,,2024-06-13 17:46:17,
batano,RO,Romania,Romanian,Betano (Organization),true,false,false,true,true,false,"Sitelinks, Video preview",150,4,1.57,0,,,,21,,Lost,,https://legalbet.ro/feedback/betano/,,,2024-05-31 13:30:27,
casino.luck,RO,Romania,,,false,false,false,true,true,true,"Sitelinks, Knowledge panel, Image pack, Video preview",80,1,,0,,,,21,,Lost,,https://legalbet.ro/cazinouri/luck-casino/,,,2024-06-23 04:26:31,
casino.netbet,RO,Romania,,NetBet Casino (Organization),true,false,true,true,true,false,"Sitelinks, Video preview",80,38,1.10,0,,,,21,,Lost,,https://legalbet.ro/feedback/netbet/,,,2024-06-12 11:38:53,
www efortuna,RO,Romania,Romanian,eFortuna (Organization),true,false,true,false,false,false,"Sitelinks, Image pack, Video preview",100,7,0.53,0,,,,26,,Lost,,https://legalbet.ro/case-de-pariuri/fortuna/,,,2024-06-20 01:10:14,
win for life,RO,Romania,English,Win for Life (Event),true,false,false,true,false,false,"Image pack, Video preview",20000,1,0.80,0,,,,47,,Lost,,https://legalbet.ro/alegerea-editorului/loteria-win-for-life-1020-te-asteapta-cu-extrageri/,,,2024-06-27 00:56:16,
getsbet,RO,Romania,,GetSbet (Organization),true,false,false,true,false,false,"Top ads, Paid sitelinks, Sitelinks, Knowledge panel, Image pack, Video preview, Bottom ads",114000,2,0.31,0,,,,22,,Lost,,https://legalbet.ro/feedback/gets-bet/,,,2024-06-27 05:29:24,
fortuna oferta,RO,Romania,Romanian,Fortuna (Organization),true,false,false,true,true,false,,350,40,0.01,0,0,0,,30,17,13,,https://legalbet.ro/case-de-pariuri/fortuna/,,https://legalbet.ro/alegerea-editorului/bonusuri-promotii-fortuna/,2024-06-26 03:04:34,2026-06-17 11:07:44
suprbet,RO,Romania,Romanian,Superbet (Organization),true,false,false,true,true,false,"Sitelinks, Knowledge panel, Video preview",300,13,,0,,,,22,,Lost,,https://legalbet.ro/feedback/superbet/,,,2024-06-13 02:17:04,
netbetcasino,RO,Romania,,NetBet Casino (Organization),true,false,true,true,true,true,"Sitelinks, Video preview, Image pack",1100,37,0.62,0,,,,15,,Lost,,https://legalbet.ro/feedback/netbet/,,,2024-06-22 16:21:43,
princesscasino.ro,RO,Romania,,Princess Casino (Organization),true,false,true,false,true,true,"Sitelinks, Thumbnail, Video preview, Image pack, Bottom ads, Paid sitelinks",200,0,1.13,0,,,,22,,Lost,,https://legalbet.ro/cazinouri/princess-casino/,,,2024-06-11 22:00:29,
unibey,RO,Romania,Romanian,Unibet (Organization),true,false,false,true,false,false,"Sitelinks, Knowledge panel, Image pack, Video preview",200,17,0.14,0,,,,22,,Lost,,https://legalbet.ro/feedback/unibet/,,,2024-06-10 16:48:55,
milioncasino,RO,Romania,Romanian,Million Casino (Organization),true,false,false,true,true,false,"Sitelinks, Video preview",150,0,,0,,,,22,,Lost,,https://legalbet.ro/bonus/million-cazino-200-de-runde-gratuite-la-verificarea-contului/,,,2024-06-12 05:32:56,
premier league clasament,RO,Romania,Romanian,Premier League (Event),true,false,false,true,false,false,Image pack,1000,1,0.45,0,,,,43,,Lost,,https://legalbet.ro/alegerea-editorului/cehia-vs-turcia-cehii-au-nevoie-de-victorie-turcii-sunt/,,,2024-06-27 05:39:25,
fortuna pariuri sportive,RO,Romania,Romanian,Fortuna (Organization),true,false,false,true,true,false,"Sitelinks, Video preview, Bottom ads, Paid sitelinks",2700,3,0.01,0,,,,27,,Lost,,https://legalbet.ro/case-de-pariuri/fortuna/,,,2024-06-27 21:32:28,
superbet.ro verificare bilet,RO,Romania,Romanian,Superbet (Organization),true,false,true,true,false,false,"Sitelinks, Video preview",450,48,1.53,,0,,,,15,New,,,,https://legalbet.ro/scoala-pariurilor/superbet-verificare-bilet-online/,,2026-06-14 05:08:49
unubet,RO,Romania,Romanian,Unibet (Organization),true,false,true,true,true,true,"Sitelinks, Knowledge panel, Image pack, Video preview",150,8,1.33,0,,,,22,,Lost,,https://legalbet.ro/feedback/unibet/,,,2024-06-14 12:25:52,
superbert,RO,Romania,Romanian,Superbet (Organization),true,false,true,true,true,false,"Sitelinks, Videos, Video preview, Knowledge panel",100,13,0.53,0,,,,19,,Lost,,https://legalbet.ro/feedback/superbet/,,,2024-06-08 11:53:03,
supert,RO,Romania,Romanian,Superbet (Organization),true,false,false,true,true,false,"Sitelinks, Video preview, Knowledge panel",100,8,0.34,0,,,,22,,Lost,,https://legalbet.ro/feedback/superbet/,,,2024-06-16 22:51:26,
bilete pariuri,RO,Romania,Romanian,,false,false,false,true,true,true,"Top stories, Thumbnail, Video preview, Bottom ads, Paid sitelinks",250,22,0.57,0,,,,41,,Lost,,https://legalbet.ro/biletul-zilei/,,,2024-06-23 06:57:07,
mozzart loto,RO,Romania,Romanian,"Mozzart Loto (Event), Loto (Event)",true,false,false,true,false,false,"Image pack, Video preview",100,0,0.07,0,,,,47,,Lost,,https://legalbet.ro/feedback/mozzart/,,,2024-06-26 05:55:24,
supertbet,RO,Romania,Romanian,Superbet (Organization),true,false,false,true,true,false,"Sitelinks, Knowledge panel, Video preview",150,8,0.53,0,,,,21,,Lost,,https://legalbet.ro/feedback/superbet/,,,2024-06-20 11:06:28,
oferta superbet,RO,Romania,Romanian,Superbet (Organization),true,false,false,true,true,false,"Sitelinks, Image pack",6300,6,1.09,0,,,,37,,Lost,,https://legalbet.ro/centrul-de-pariere/maine/,,,2024-06-27 13:06:50,
netbe,RO,Romania,Romanian,NetBet (Organization),true,false,false,true,true,false,"Sitelinks, Video preview, Image pack, Knowledge panel",150,42,2.25,0,,,,22,,Lost,,https://legalbet.ro/feedback/netbet/,,,2024-06-15 22:40:16,
winboss.ro,RO,Romania,,WinBoss (Organization),true,false,true,true,false,false,"Sitelinks, Bottom ads, Paid sitelinks, Video preview",7100,38,1.26,0,0,0,,69,24,45,,https://legalbet.ro/bonus/winboss-bonus-fara-depunere/,,https://legalbet.ro/complaints/winboss-sport/,2024-06-23 07:46:15,2026-06-14 20:12:32
fotbal europa league,RO,Romania,Romanian,UEFA Europa League (Event),true,false,false,true,false,false,"Sitelinks, Knowledge panel, Video preview",500,4,0.01,0,,,,38,,Lost,,https://legalbet.ro/ponturi/sportul-fotbal/league-europe/,,,2024-06-27 10:42:49,
furtuna pariuri,RO,Romania,Romanian,Fortuna (Organization),true,false,false,true,true,false,"Top ads, Paid sitelinks, Sitelinks, Image pack, Video preview",100,3,0.07,0,,,,24,,Lost,,https://legalbet.ro/feedback/fortuna/,,,2024-06-26 20:07:32,
supebet,RO,Romania,Romanian,Superbet (Organization),true,false,false,true,true,false,"Sitelinks, Knowledge panel, Video preview",600,8,0.53,0,,,,18,,Lost,,https://legalbet.ro/feedback/superbet/,,,2024-06-23 07:20:58,
betano apk,RO,Romania,English,Betano (Organization),true,false,false,false,true,true,Video preview,600,1,1.05,0,,,,20,,Lost,,https://legalbet.ro/scoala-pariurilor/aplicatie-betano-ghid-complet-pentru-pariuri-de-pe-mobil/,,,2024-06-26 20:28:43,
uniber,RO,Romania,Romanian,Unibet (Organization),true,false,false,true,true,false,"Sitelinks, Knowledge panel, Image pack, Video preview",300,8,0.14,0,,,,23,,Lost,,https://legalbet.ro/feedback/unibet/,,,2024-06-18 01:08:57,
botosani–cfr,RO,Romania,Romanian,"CFR Cluj (Organization), Botoșani (Location)",true,true,false,true,false,false,"Knowledge panel, Video preview",150,0,,0,,,,23,,Lost,,https://legalbet.ro/centrul-de-pariere/botosani-cfr-kluj-21-01-2024/,,,2024-06-23 02:24:12,
stanleybet oferta fotbal,RO,Romania,Romanian,Stanleybet (Organization),true,false,false,true,true,false,,2600,39,0.34,0,0,0,,27,24,3,,https://legalbet.ro/bonus/sets/bonus-stanleybet/,,https://legalbet.ro/bonus/stanleybet-plata-anticipata-la-pariurile-pe-fotbal/,2024-06-27 10:47:17,2026-06-18 05:22:57
oferta fortuna,RO,Romania,Romanian,Fortuna (Organization),true,false,false,true,true,false,"Sitelinks, Image pack, Video preview",450,4,0.10,0,,,,25,,Lost,,https://legalbet.ro/case-de-pariuri/fortuna/,,,2024-06-26 04:11:17,
superbett,RO,Romania,Romanian,Superbet (Organization),true,false,false,true,true,false,"Sitelinks, Knowledge panel, Video preview",100,11,1.06,0,,,,23,,Lost,,https://legalbet.ro/feedback/superbet/,,,2024-06-17 20:17:31,
supwrbwt,RO,Romania,Romanian,,false,false,false,true,true,false,"Top ads, Paid sitelinks, Sitelinks, Knowledge panel, Video preview",90,13,1.50,0,,,,23,,Lost,,https://legalbet.ro/feedback/superbet/,,,2024-06-17 12:39:51,
"superbet,ro",RO,Romania,Romanian,Superbet (Organization),true,false,true,false,true,false,"Sitelinks, Video preview",200,8,,0,,,,20,,Lost,,https://legalbet.ro/feedback/superbet/,,,2024-06-07 21:36:57,
superbt,RO,Romania,Romanian,Superbet (Organization),true,false,false,true,true,false,"Sitelinks, Knowledge panel, Video preview",250,11,0.53,0,,,,20,,Lost,,https://legalbet.ro/feedback/superbet/,,,2024-06-09 13:05:37,
superbet oferta biletul zilei,RO,Romania,Romanian,"Superbet (Organization), Daily Ticket (Event)",true,false,false,true,true,false,Video preview,400,17,1.25,0,,,,36,,Lost,,https://legalbet.ro/biletul-zilei/,,,2024-06-27 19:07:07,
netbwt,RO,Romania,Romanian,NetBet (Organization),true,false,false,true,true,false,"Sitelinks, Knowledge panel, Videos, Image pack, Video preview",150,42,1.54,0,,,,24,,Lost,,https://legalbet.ro/feedback/netbet/,,,2024-06-14 22:38:59,
einner,RO,Romania,Romanian,,false,false,true,true,true,false,"Sitelinks, Video preview",100,0,1.58,0,,,,24,,Lost,,https://legalbet.ro/feedback/winner/,,,2024-06-23 19:47:43,
nerbet,RO,Romania,Romanian,NetBet (Organization),true,false,false,true,true,false,"Sitelinks, Knowledge panel, Video preview, Image pack",100,42,1.57,0,,,,24,,Lost,,https://legalbet.ro/feedback/netbet/,,,2024-06-12 02:45:17,
superbet.ro/superspin,RO,Romania,Romanian,"Superbet Superspin (Product), Superspin (Product)",true,false,true,true,false,false,"Sitelinks, Video preview, Image pack",100,1,1.04,0,,,,24,,Lost,,https://legalbet.ro/feedback/superbet/,,,2024-06-21 14:28:33,
fotbal meciuri amicale,RO,Romania,Romanian,,false,false,false,true,false,false,"Top stories, Thumbnail, Videos",150,0,,0,,,,31,,Lost,,https://legalbet.ro/ponturi/sportul-fotbal/friendly-matches/,,,2024-06-21 06:01:06,
betano romania,RO,Romania,Romanian,"Betano (Organization), Romania (Location)",true,false,false,true,true,false,"Sitelinks, Top stories, Thumbnail, Video preview, Image pack",1900,16,2.09,0,,,,28,,Lost,,https://legalbet.ro/feedback/betano/,,,2024-06-27 12:06:28,
metbet,RO,Romania,Romanian,MetBet (Organization),true,false,true,true,true,false,"Sitelinks, Knowledge panel, Video preview, Image pack",90,42,1.60,0,,,,24,,Lost,,https://legalbet.ro/feedback/netbet/,,,2024-06-09 00:40:11,
gets bet oferta,RO,Romania,Romanian,GetsBet (Organization),true,false,false,true,true,false,Image pack,400,0,0.78,0,,,,23,,Lost,,https://legalbet.ro/case-de-pariuri/gets-bet/,,,2024-06-26 02:43:07,
superbbet,RO,Romania,Romanian,Superbet (Organization),true,false,false,true,true,false,"Sitelinks, Video preview, Knowledge panel",80,13,,0,,,,24,,Lost,,https://legalbet.ro/feedback/superbet/,,,2024-06-17 10:35:54,
supeerbet,RO,Romania,Romanian,Superbet (Organization),true,false,true,true,true,false,"Sitelinks, Videos, Video preview, Knowledge panel",150,11,1.57,0,,,,19,,Lost,,https://legalbet.ro/feedback/superbet/,,,2024-06-10 09:37:30,
mozartbet,RO,Romania,Romanian,MozzartBet (Organization),true,false,true,false,true,true,"Sitelinks, Video preview",600,8,0.41,0,,,,25,,Lost,,https://legalbet.ro/feedback/mozzart/,,,2024-06-23 20:40:25,
superbet ro,RO,Romania,Romanian,Superbet (Organization),true,false,true,true,true,false,"Sitelinks, Video preview",2300,3,1.27,0,,,,17,,Lost,,https://legalbet.ro/feedback/superbet/,,,2024-06-23 22:53:17,
betqno,RO,Romania,Romanian,Betano (Organization),true,false,true,true,true,false,"Top ads, Paid sitelinks, Sitelinks, Video preview",200,4,2.08,0,,,,25,,Lost,,https://legalbet.ro/feedback/betano/,,,2024-06-11 04:34:48,
supetbet,RO,Romania,Romanian,Superbet (Organization),true,false,false,true,true,false,"Sitelinks, Top stories, Thumbnail, Knowledge panel, Video preview",200,8,0.53,0,,,,25,,Lost,,https://legalbet.ro/feedback/superbet/,,,2024-06-01 15:59:19,
conticasino,RO,Romania,Romanian,ContiCasino (Organization),true,false,false,true,true,false,"Sitelinks, Thumbnail, Video preview",2300,1,1.17,0,,,,26,,Lost,,https://legalbet.ro/feedback/conticazino/,,,2024-06-23 16:14:39,
fortuna program,RO,Romania,Romanian,Fortuna (Organization),true,false,false,true,false,false,"Image pack, Video preview",150,0,0.52,0,,,,25,,Lost,,https://legalbet.ro/alegerea-editorului/fortuna-program-sarbatori-de-iarna-2022-2023/,,,2024-06-14 12:18:40,
getsbets,RO,Romania,,GetsBet (Organization),true,false,true,true,true,false,"Sitelinks, Thumbnail, Knowledge panel, Video preview, Image pack",80,1,0.60,0,,,,25,,Lost,,https://legalbet.ro/case-de-pariuri/gets-bet/,,,2024-06-12 10:59:14,
casa pariurilor fotbal,RO,Romania,Romanian,Casa Pariurilor (Organization),true,false,true,true,true,true,"Sitelinks, Video preview, Image pack",450,28,0.63,0,,,,17,,Lost,,https://legalbet.ro/centrul-de-pariere/maine/,,,2024-06-25 12:30:55,
uni bet,RO,Romania,Romanian,Unibet (Organization),true,false,false,true,true,false,"Sitelinks, Knowledge panel, Image pack, Video preview",900,8,0.14,0,,,,29,,Lost,,https://legalbet.ro/feedback/unibet/,,,2024-06-27 20:04:28,
loto mozzart,RO,Romania,Romanian,Mozzart Bet (Organization),true,false,false,true,false,false,"Image pack, Video preview",450,0,0.01,0,,,,33,,Lost,,https://legalbet.ro/feedback/mozzart/,,,2024-06-24 09:54:24,
bet fair,RO,Romania,English,Betfair (Organization),true,false,false,true,true,false,"Sitelinks, Image pack, Video preview, Knowledge panel",90,53,1.64,0,,,,43,,Lost,,https://legalbet.ro/feedback/betfair/,,,2024-06-08 01:16:49,
unibet pariuri,RO,Romania,Romanian,Unibet (Organization),true,false,true,true,true,true,"Sitelinks, Image pack",350,27,0.37,0,,,,22,,Lost,,https://legalbet.ro/feedback/unibet/,,,2024-06-20 05:07:41,
max bet,RO,Romania,Romanian,Maxbet (Organization),true,false,false,true,true,false,"Top ads, Paid sitelinks, Sitelinks, Knowledge panel, Image pack, Video preview",4000,9,1.47,0,,,,42,,Lost,,https://legalbet.ro/feedback/maxbet/,,,2024-06-27 07:15:23,
program fortuna,RO,Romania,Romanian,Fortuna (Organization),true,false,false,true,false,false,"Image pack, Video preview",300,0,0.52,0,,,,33,,Lost,,https://legalbet.ro/alegerea-editorului/fortuna-program-sarbatori-de-iarna-2022-2023/,,,2024-06-11 15:18:26,
amicale internationale,RO,Romania,French,,false,false,false,true,false,false,"Sitelinks, Knowledge panel, Image pack, Video preview",80,0,,0,,,,27,,Lost,,https://legalbet.ro/centrul-de-pariere/turnee/meciuri-amicale/,,,2024-06-24 18:04:41,
siperbet,RO,Romania,Romanian,Siperbet (Organization),true,false,false,true,false,false,"Sitelinks, Knowledge panel, Video preview",100,13,2.65,0,,,,24,,Lost,,https://legalbet.ro/feedback/superbet/,,,2024-06-13 04:33:48,
superet,RO,Romania,Romanian,Superet (Person),false,false,false,true,false,false,"Sitelinks, Knowledge panel, Video preview",150,6,1.04,0,,,,20,,Lost,,https://legalbet.ro/feedback/superbet/,,,2024-06-25 17:42:21,
sulerbet,RO,Romania,Romanian,Superbet (Organization),true,false,false,true,true,false,"Sitelinks, Video preview, Knowledge panel",100,8,1.51,0,,,,26,,Lost,,https://legalbet.ro/feedback/superbet/,,,2024-06-09 18:43:07,
unibet.ro,RO,Romania,,Unibet Romania (Organization),true,false,true,true,true,false,"Sitelinks, Image pack, Video preview",2700,14,0.20,0,,,,21,,Lost,,https://legalbet.ro/feedback/unibet/,,,2024-06-27 11:16:45,
unibet.,RO,Romania,Romanian,Unibet (Organization),true,false,true,true,true,false,"Sitelinks, Knowledge panel, Image pack, Video preview",100,8,0.66,0,,,,26,,Lost,,https://legalbet.ro/feedback/unibet/,,,2024-06-27 08:24:30,
lyon–psg,RO,Romania,Romanian,"Lyon (Organization), Paris Saint-Germain (Organization)",true,true,false,true,false,false,"Video preview, Image pack",90,0,,0,,,,26,,Lost,,https://legalbet.ro/centrul-de-pariere/lyon-paris-saint-germain-25-05-2024/,,,2024-06-12 16:32:45,
gets bet pariuri,RO,Romania,Romanian,GetsBet (Organization),true,false,true,true,true,true,Sitelinks,800,56,1.23,0,0,0,,14,23,-9,,https://legalbet.ro/feedback/gets-bet/,,https://legalbet.ro/case-de-pariuri/gets-bet/,2024-06-25 16:58:34,2026-06-18 04:37:06
superbet.,RO,Romania,Romanian,Superbet (Organization),true,false,true,true,true,true,"Sitelinks, Knowledge panel, Video preview",1900,6,0.53,0,,,,27,,Lost,,https://legalbet.ro/feedback/superbet/,,,2024-06-22 03:30:19,
suoerbet,RO,Romania,Romanian,Superbet (Organization),true,false,false,true,true,false,"Top ads, Paid sitelinks, Sitelinks, Knowledge panel, Videos, Video preview",2300,6,0.53,0,,,,21,,Lost,,https://legalbet.ro/feedback/superbet/,,,2024-06-27 21:11:37,
stanleybet oferta,RO,Romania,Romanian,Stanleybet (Organization),true,false,false,true,true,false,"Sitelinks, Image pack, Video preview",1600,0,0.39,0,,,,32,,Lost,,https://legalbet.ro/case-de-pariuri/stanleybet/,,,2024-06-27 05:53:41,
superbwt,RO,Romania,Romanian,Superbet (Organization),true,false,false,true,true,false,"Sitelinks, Knowledge panel, Video preview",600,3,0.53,0,,,,27,,Lost,,https://legalbet.ro/feedback/superbet/,,,2024-06-26 23:18:33,
clasamente fotbal europa,RO,Romania,Romanian,Europe (Location),false,false,false,true,false,false,Video preview,350,0,18.79,0,,,,41,,Lost,,https://legalbet.ro/centrul-de-pariere/astazi/,,,2024-06-13 12:42:18,
maxbet.,RO,Romania,Romanian,Maxbet (Organization),true,false,true,true,true,false,"Sitelinks, Knowledge panel, Image pack, Video preview",150,2,,0,,,,27,,Lost,,https://legalbet.ro/feedback/maxbet/,,,2024-06-19 08:05:04,
nitrocasino,RO,Romania,,NitroCasino (Organization),true,false,true,true,true,true,"Sitelinks, Thumbnail, Image pack",90,2,0.93,0,,,,27,,Lost,,https://legalbet.ro/cazinouri/nitro-casino/,,,2024-06-19 07:08:13,
superbety,RO,Romania,Romanian,Superbet (Organization),true,false,true,true,true,false,"Sitelinks, Videos, Video preview, Knowledge panel",150,11,1.87,0,,,,21,,Lost,,https://legalbet.ro/feedback/superbet/,,,2024-06-09 10:38:23,
oferta casa pariurilor,RO,Romania,Romanian,Casa Pariurilor (Organization),true,false,false,true,true,false,"Top ads, Paid sitelinks, Sitelinks, Image pack",1500,7,0.73,0,,,,28,,Lost,,https://legalbet.ro/case-de-pariuri/casa-pariurilor/,,,2024-06-27 04:08:30,
oferta fotbal casa pariurilor,RO,Romania,Romanian,Casa Pariurilor (Organization),true,false,false,true,true,false,"Sitelinks, Image pack, Video preview",100,46,0.62,0,,,,29,,Lost,,https://legalbet.ro/centrul-de-pariere/maine/,,,2024-06-12 14:17:12,
hotspin,RO,Romania,Romanian,Hot Spins (Organization),true,false,false,true,true,false,Sitelinks,800,42,0.72,,0,,,,28,New,,,,https://legalbet.ro/cazinouri/hot-spins/,,2026-06-05 17:22:21
superbet fotbal,RO,Romania,Romanian,Superbet (Organization),true,false,false,true,true,false,"Top ads, Paid sitelinks, Sitelinks, Video preview, Image pack",2900,4,1.53,0,,,,35,,Lost,,https://legalbet.ro/centrul-de-pariere/maine/,,,2024-06-27 17:16:14,
bonus superbet,RO,Romania,Romanian,Superbet (Organization),true,false,false,true,true,false,Video preview,500,60,5.25,0,0,0,,38,28,10,,https://legalbet.ro/bonus/sets/bonus-superbet/,,https://legalbet.ro/alegerea-editorului/superbet-ofera-super-bonusuri-si-promotii/,2024-06-27 09:30:03,2026-06-20 23:51:28
unibet poker,RO,Romania,English,Unibet (Organization),true,false,false,true,true,false,"Sitelinks, Image pack, Video preview",350,22,1.43,0,,,,42,,Lost,,https://legalbet.ro/feedback/unibet/,,,2024-06-23 23:55:36,
suport@superbet.ro,RO,Romania,,suport@superbet.ro (Location),true,false,true,true,false,false,"Sitelinks, Image pack, Video preview",200,6,,0,,,,28,,Lost,,https://legalbet.ro/feedback/superbet/,,,2024-06-17 18:26:43,
hermannstadt–botosani,RO,Romania,Romanian,"FC Hermannstadt (Organization), Botoșani (Location)",true,false,false,true,false,false,"Thumbnail, Video preview, Image pack",100,0,,0,,,,28,,Lost,,https://legalbet.ro/centrul-de-pariere/afc-hermannstadt-botosani-20-04-2024/,,,2024-06-26 19:03:21,
win for live,RO,Romania,English,Win for Life (Event),true,false,false,true,false,false,"Image pack, Video preview",200,1,0.80,0,,,,37,,Lost,,https://legalbet.ro/alegerea-editorului/loteria-win-for-life-1020-te-asteapta-cu-extrageri/,,,2024-06-16 04:37:16,
unibet live,RO,Romania,English,Unibet (Organization),true,false,true,false,true,true,"Sitelinks, Video preview, Image pack",400,24,0.09,0,,,,29,,Lost,,https://legalbet.ro/feedback/unibet/,,,2024-06-17 17:06:49,
betano mobil,RO,Romania,Romanian,Betano (Organization),true,false,true,true,true,true,"Video preview, Image pack, Bottom ads, Paid sitelinks",150,1,1.68,0,,,,19,,Lost,,https://legalbet.ro/scoala-pariurilor/aplicatie-betano-ghid-complet-pentru-pariuri-de-pe-mobil/,,,2024-06-13 16:37:21,
www.getsbet,RO,Romania,,GetsBet (Organization),true,false,true,false,false,false,"Sitelinks, Image pack, Video preview",150,1,0.81,0,,,,29,,Lost,,https://legalbet.ro/scoala-pariurilor/primul-pariu-la-gets-bet/,,,2024-06-18 19:31:41,
stanleybet,RO,Romania,Romanian,Stanleybet (Organization),true,false,true,true,true,false,"Sitelinks, Video preview, Knowledge panel, Bottom ads, Paid sitelinks",56000,0,0.44,0,,,,31,,Lost,,https://legalbet.ro/scoala-pariurilor/casa-de-pariuri-stanleybet-depuneri-i-retrageri/,,,2024-06-27 21:01:07,
macbet,RO,Romania,Romanian,MaxBet (Organization),true,false,false,true,true,false,"Sitelinks, Image pack, Video preview, Knowledge panel",100,1,1.83,0,,,,29,,Lost,,https://legalbet.ro/feedback/maxbet/,,,2024-06-20 14:29:36,
betono,RO,Romania,Romanian,Betano (Organization),true,false,false,true,true,false,"Top ads, Paid sitelinks, Sitelinks, Video preview",80,4,0.58,0,,,,29,,Lost,,https://legalbet.ro/bonus/bonus-de-ziua-ta-betano/,,,2024-06-22 15:13:15,
casa pariurilor rezultate live fotbal azi,RO,Romania,Romanian,Casa Pariurilor (Organization),true,false,false,true,false,false,"Sitelinks, Image pack",250,33,0.48,0,,,,38,,Lost,,https://legalbet.ro/centrul-de-pariere/maine/,,,2024-06-25 21:23:20,
betfair,RO,Romania,,Betfair (Organization),true,false,false,true,true,false,"Sitelinks, Image pack, Video preview, Knowledge panel",13000,60,1.64,0,,,,31,,Lost,,https://legalbet.ro/feedback/betfair/,,,2024-06-27 23:47:47,
suerbet,RO,Romania,Romanian,Superbet (Organization),true,false,false,true,true,false,"Sitelinks, Video preview, Knowledge panel",200,13,0.53,0,,,,23,,Lost,,https://legalbet.ro/feedback/superbet/,,,2024-06-17 11:42:01,
get bet oferta,RO,Romania,Romanian,Get's Bet (Organization),true,false,false,true,true,false,"Sitelinks, Image pack, Bottom ads, Paid sitelinks",90,0,0.41,0,,,,38,,Lost,,https://legalbet.ro/case-de-pariuri/gets-bet/,,,2024-06-12 03:50:46,
unibet,RO,Romania,Romanian,Unibet (Organization),true,false,true,true,true,false,"Top ads, Paid sitelinks, Sitelinks, Knowledge panel, Image pack, Video preview",217000,9,0.14,0,,,,32,,Lost,,https://legalbet.ro/scoala-pariurilor/casa-de-pariuri-unibet-depuneri-si-retrageri/,,,2024-06-27 10:39:05,
casa pariurilor ofertă,RO,Romania,Romanian,Casa Pariurilor (Organization),true,false,false,true,true,false,"Sitelinks, Image pack",200,5,1.50,0,,,,30,,Lost,,https://legalbet.ro/case-de-pariuri-licentiate/,,,2024-06-13 00:00:11,
superebt,RO,Romania,Romanian,Superbet (Organization),true,false,true,true,true,false,"Sitelinks, Knowledge panel, Video preview",150,21,1.50,0,,,,30,,Lost,,https://legalbet.ro/feedback/superbet/,,,2024-06-22 22:46:05,
snooker azi,RO,Romania,Romanian,,false,false,false,true,false,false,"Video preview, Image pack",200,0,,0,,,,26,,Lost,,https://legalbet.ro/ponturi/sportul-snooker/,,,2024-06-27 00:28:29,
oferta pariuri superbet,RO,Romania,Romanian,Superbet (Organization),true,false,false,true,true,false,"Video preview, Image pack",150,19,0.47,0,,,,34,,Lost,,https://legalbet.ro/rating-oferta/,,,2024-06-18 00:09:34,
loto win for life,RO,Romania,English,Win for Life (Event),true,false,false,true,false,false,"Image pack, Video preview",1300,0,1.22,0,,,,42,,Lost,,https://legalbet.ro/alegerea-editorului/loteria-win-for-life-1020-te-asteapta-cu-extrageri/,,,2024-06-27 07:25:11,
paysafecard romania,RO,Romania,Romanian,"PaysafeCard (Product), Romania (Location)",true,false,false,true,true,true,"Sitelinks, Video preview, Image pack",300,2,0.25,0,,,,29,,Lost,,https://legalbet.ro/case-de-pariuri/sets/paysafecard/,,,2024-06-19 05:54:08,
888casino,RO,Romania,,888 Casino (Organization),true,false,true,true,true,true,"Sitelinks, Image pack, Video preview, Knowledge panel",73000,2,1.11,0,,,,33,,Lost,,https://legalbet.ro/cazinouri/888casino/,,,2024-06-27 06:16:47,
pariuri stanleybet,RO,Romania,Romanian,Stanleybet (Organization),true,false,false,true,true,false,"Sitelinks, Knowledge panel, Local pack, Image pack, Video preview",200,55,0.03,0,,,,35,,Lost,,https://legalbet.ro/case-de-pariuri/stanleybet/,,,2024-06-18 14:12:56,
unibet.com,RO,Romania,,unibet.com (Organization),true,false,true,true,true,false,Video preview,150,59,0.08,0,,,,31,,Lost,,https://legalbet.ro/feedback/unibet/,,,2024-06-20 23:07:55,
milan–inter,RO,Romania,Romanian,"Inter Milan (Organization), Milan (Location)",true,true,false,true,false,false,"Knowledge panel, Video preview",150,7,,0,,,,31,,Lost,,https://legalbet.ro/centrul-de-pariere/milan-inter-21-04-2024/,,,2024-06-07 19:21:34,
www.superbet,RO,Romania,,Superbet (Organization),true,false,true,false,false,false,"Sitelinks, Image pack, Video preview",150,2,1.07,0,,,,29,,Lost,,https://legalbet.ro/scoala-pariurilor/primul-pariu-la-superbet/,,,2024-06-22 18:23:08,
casa pa,RO,Romania,Romanian,Casa Pariurilor (Organization),true,false,false,true,true,false,"Sitelinks, Thumbnail, Local pack, Video preview, Image pack",100,9,1.42,0,,,,36,,Lost,,https://legalbet.ro/scoala-pariurilor/primul-pariu-la-casa-pariurilor/,,,2024-06-21 21:33:30,
suberbet,RO,Romania,Romanian,Superbet (Organization),true,false,false,true,true,false,"Top ads, Paid sitelinks, Sitelinks, Knowledge panel, Video preview",400,8,0.53,0,,,,21,,Lost,,https://legalbet.ro/feedback/superbet/,,,2024-06-11 03:26:21,
maxbwt,RO,Romania,,MaxBet (Organization),true,false,true,true,true,false,"Sitelinks, Image pack, Video preview",150,1,1.35,0,,,,32,,Lost,,https://legalbet.ro/feedback/maxbet/,,,2024-06-22 04:25:36,
oferta winner,RO,Romania,Romanian,Winner (Organization),true,false,false,true,true,false,Image pack,200,0,1.61,0,,,,30,,Lost,,https://legalbet.ro/scoala-pariurilor/recenzia-casei-de-pariuri-winnerbet/,,,2024-06-22 04:54:16,
maxbrt,RO,Romania,Romanian,MaxBet (Organization),true,false,true,true,true,false,"Sitelinks, Image pack, Video preview, Knowledge panel",100,1,,0,,,,32,,Lost,,https://legalbet.ro/feedback/maxbet/,,,2024-06-25 00:20:09,
turcia super league,RO,Romania,Romanian,Turkish Super League (Event),true,false,false,true,false,false,"Sitelinks, Image pack, Video preview",100,0,2.30,0,,,,50,,Lost,,https://legalbet.ro/alegerea-editorului/cota-3-fotbal-euro-2024-26-06-2024/,,,2024-06-26 20:17:33,
winerr,RO,Romania,Romanian,Winner.ro (Organization),true,false,true,true,true,false,"Sitelinks, Video preview",80,0,1.53,0,,,,32,,Lost,,https://legalbet.ro/feedback/winner/,,,2024-06-21 04:43:21,
casa pariurilor oferta fotbal,RO,Romania,Romanian,Casa Pariurilor (Organization),true,false,false,true,true,false,"Top ads, Paid sitelinks, Sitelinks, Image pack, Video preview",200,46,1.02,0,,,,25,,Lost,,https://legalbet.ro/centrul-de-pariere/maine/,,,2024-06-14 03:49:42,
betano.ro,RO,Romania,,betano.ro (Organization),true,false,true,true,false,false,"Top ads, Paid sitelinks, Video preview, Image pack, Bottom ads",2200,37,1.72,0,,,,33,,Lost,,https://legalbet.ro/complaints/betano/,,,2024-06-27 17:53:28,
wineer,RO,Romania,Romanian,Winner.ro (Organization),true,false,true,true,false,false,"Sitelinks, Video preview",100,0,1.81,0,,,,25,,Lost,,https://legalbet.ro/feedback/winner/,,,2024-06-26 20:31:07,
maxber,RO,Romania,Romanian,Maxbet (Organization),true,false,true,true,true,false,"Top ads, Paid sitelinks, Sitelinks, Knowledge panel, Image pack, Video preview",150,2,1.75,0,,,,33,,Lost,,https://legalbet.ro/feedback/maxbet/,,,2024-06-16 14:52:14,
vladcasino,RO,Romania,Romanian,Vlad Cazino (Organization),true,false,false,true,true,false,"Sitelinks, Knowledge panel, Video preview",2100,1,1.42,0,,,,34,,Lost,,https://legalbet.ro/cazinouri/vlad-cazino/,,,2024-06-27 09:36:06,
betano aplicatie,RO,Romania,Romanian,Betano (Organization),true,false,false,true,true,true,Video preview,200,1,2.57,0,,,,45,,Lost,,https://legalbet.ro/complaint/14312061/,,,2024-06-24 01:52:01,
fortuna agentii,RO,Romania,Romanian,"Fortuna (Organization), Fortuna Agents (Location)",true,false,false,true,false,false,"Sitelinks, Local pack, Image pack",250,13,0.01,0,,,,27,,Lost,,https://legalbet.ro/feedback/fortuna/,,,2024-06-25 04:54:12,
chespot,RO,Romania,Romanian,CashPot (Organization),true,false,false,true,true,false,"Sitelinks, Knowledge panel, Video preview, Image pack, Bottom ads, Paid sitelinks",200,11,0.95,0,,,,34,,Lost,,https://legalbet.ro/cazinouri/cashpot/,,,2024-06-19 19:10:47,
vladcazinou,RO,Romania,Romanian,Vlad Cazino (Organization),true,false,false,true,true,false,"Top ads, Paid sitelinks, Sitelinks, Knowledge panel, Video preview, Bottom ads",100,1,0.58,0,,,,34,,Lost,,https://legalbet.ro/cazinouri/vlad-cazino/,,,2024-06-13 14:12:36,
cota2.ro,RO,Romania,,,false,false,true,true,false,false,"Sitelinks, Thumbnail, Video preview, Image pack",80,2,2.58,0,,,,34,,Lost,,https://legalbet.ro/ponturi/cota-2/,,,2024-06-10 06:45:37,
excel bet,RO,Romania,Romanian,ExcelBet (Organization),true,false,false,true,true,false,"Sitelinks, Video preview, Image pack",250,0,0.61,0,,,,30,,Lost,,https://legalbet.ro/complaints/excelbet/,,,2024-06-05 07:26:50,
tableonline,RO,Romania,Romanian,Tableonline (Organization),true,false,false,true,true,false,"Image pack, Video preview",200,0,0.03,0,,,,37,,Lost,,https://legalbet.ro/alegerea-editorului/joaca-table-online-la-totogaming-pe-bani-reali/,,,2024-06-25 20:40:21,
cont superbet,RO,Romania,Romanian,SuperBet (Organization),true,false,true,true,true,true,"Video preview, Image pack",2200,5,2.55,0,,,,38,,Lost,,https://legalbet.ro/complaints/superbet/,,,2024-06-27 09:55:01,
www casa pariurilor oferta,RO,Romania,Romanian,Casa Pariurilor (Organization),true,false,false,true,true,false,Sitelinks,100,5,0.60,0,,,,30,,Lost,,https://legalbet.ro/scoala-pariurilor/primul-pariu-la-casa-pariurilor/,,,2024-06-08 02:14:14,
celta–barcelona,RO,Romania,Romanian,"Celta Vigo (Organization), Barcelona (Organization)",true,false,false,true,false,false,"Video preview, Thumbnail, Image pack",500,0,,0,,,,36,,Lost,,https://legalbet.ro/centrul-de-pariere/celta-barcelona-18-02-2024/,,,2024-06-13 03:28:18,
casa pariurilor login,RO,Romania,Romanian,Casa Pariurilor (Organization),true,false,true,false,false,true,"Image pack, Video preview",1500,56,1.75,0,,,,34,,Lost,,https://legalbet.ro/centrul-de-pariere/columbia-paraguay-25-06-2024/,,,2024-06-23 22:30:10,
rennes–psg,RO,Romania,Romanian,"Rennes (Organization), Paris Saint-Germain (Organization)",true,true,false,true,false,false,"Video preview, Image pack",100,0,,0,,,,36,,Lost,,https://legalbet.ro/centrul-de-pariere/paris-saint-germain-rennes-03-04-2024/,,,2024-06-08 21:13:42,
pacanele.ro,RO,Romania,,,false,false,true,false,false,false,"Sitelinks, Video preview",90,73,1.07,,0,,,,36,New,,,,https://legalbet.ro/cazinouri/,,2026-06-05 18:04:03
superbet oferta,RO,Romania,Romanian,Superbet (Organization),true,false,false,true,true,false,"Sitelinks, Image pack, Video preview",8000,9,1.09,0,,,,40,,Lost,,https://legalbet.ro/centrul-de-pariere/maine/,,,2024-06-27 10:36:57,
vladcazino,RO,Romania,Romanian,Vlad Cazino (Organization),true,false,false,true,true,false,"Top ads, Paid sitelinks, Sitelinks, Knowledge panel, Video preview",3500,1,1.42,0,,,,32,,Lost,,https://legalbet.ro/cazinouri/vlad-cazino/,,,2024-06-27 01:23:06,
casa pariurilor rezultate live fotbal,RO,Romania,Romanian,Casa Pariurilor (Organization),true,false,false,true,false,false,"Sitelinks, Image pack",80,33,0.27,0,,,,41,,Lost,,https://legalbet.ro/centrul-de-pariere/maine/,,,2024-06-27 02:59:01,
winmaster,RO,Romania,Romanian,Winmasters (Organization),true,false,false,true,true,false,"Top ads, Paid sitelinks, Sitelinks, Image pack, Video preview",7500,3,0.16,0,,,,38,,Lost,,https://legalbet.ro/feedback/winmasters/,,,2024-06-27 06:21:24,
maxbey,RO,Romania,Romanian,MaxBet (Organization),true,false,true,true,true,false,"Sitelinks, Video preview, Image pack",200,1,1.47,0,,,,37,,Lost,,https://legalbet.ro/feedback/maxbet/,,,2024-06-26 03:10:32,
vlad.cazino,RO,Romania,,Vlad Cazino (Organization),true,false,true,true,false,false,"Sitelinks, Video preview, Knowledge panel",150,1,,0,,,,37,,Lost,,https://legalbet.ro/cazinouri/vlad-cazino/,,,2024-06-13 07:30:38,
vladcazino.ro,RO,Romania,,Vlad Cazino (Organization),true,false,true,false,false,false,"Sitelinks, Image pack, Video preview",150,2,1.11,0,,,,37,,Lost,,https://legalbet.ro/cazinouri/vlad-cazino/,,,2024-06-24 04:45:35,
inter–juventus,RO,Romania,Romanian,"Inter (Organization), Juventus (Organization)",true,false,false,true,false,false,"Video preview, Image pack",150,0,,0,,,,37,,Lost,,https://legalbet.ro/centrul-de-pariere/inter-juventus-04-02-2024/,,,2024-05-30 06:18:57,
obiectiv ialomita,RO,Romania,Romanian,Ziarul Obiectiv Ialomita (Organization),true,true,false,true,false,false,"Sitelinks, Videos, Knowledge panel, Image pack",100,2,,0,,,,37,,Lost,,https://legalbet.ro/centrul-de-pariere/astazi/,,,2024-06-23 18:59:37,
vlad cazino,RO,Romania,Romanian,Vlad Cazino (Organization),true,false,false,true,true,false,"Sitelinks, Knowledge panel, Video preview",25000,1,1.02,0,,,,30,,Lost,,https://legalbet.ro/cazinouri/vlad-cazino/,,,2024-06-27 04:58:29,
rez fotbal,RO,Romania,Romanian,,false,false,false,true,false,false,"Sitelinks, Image pack, Video preview",800,46,0.48,0,,,,47,,Lost,,https://legalbet.ro/centrul-de-pariere/maine/,,,2024-06-27 13:22:48,
efortuna.ro,RO,Romania,,efortuna.ro (Organization),true,false,true,true,true,false,"Top ads, Paid sitelinks, Sitelinks, Video preview, Image pack",1200,0,0.03,0,,,,30,,Lost,,https://legalbet.ro/feedback/fortuna/,,,2024-06-27 07:33:19,
pariuri sportive live,RO,Romania,Romanian,,false,false,true,false,true,true,,350,54,1.47,0,,,,41,,Lost,,https://legalbet.ro/rating-live/,,,2024-06-23 05:59:08,
maxbet,RO,Romania,Romanian,Maxbet (Organization),true,false,false,true,true,false,"Sitelinks, Knowledge panel, Video preview, Image pack",165000,0,1.47,0,,,,38,,Lost,,https://legalbet.ro/feedback/maxbet/,,,2024-06-27 11:27:14,
my paysafecard,RO,Romania,English,paysafecard (Product),true,false,true,true,true,true,"Image pack, Video preview",1300,25,0.20,0,,,,26,,Lost,,https://legalbet.ro/case-de-pariuri/sets/paysafecard/,,,2024-06-27 16:00:57,
fortuna online,RO,Romania,English,Fortuna (Organization),true,false,false,true,true,false,"Sitelinks, Image pack, Video preview",1000,69,0.46,0,,,,35,,Lost,,https://legalbet.ro/case-de-pariuri/fortuna/,,,2024-06-27 13:46:54,
fortuna live,RO,Romania,English,Fortuna (Organization),true,false,false,true,true,false,"Video preview, Image pack",300,6,0.01,0,,,,41,,Lost,,https://legalbet.ro/case-de-pariuri/fortuna/,,,2024-06-25 20:10:30,
casa pariurilor program,RO,Romania,Romanian,Casa Pariurilor (Organization),true,false,false,true,false,false,"Featured snippet, Thumbnail, Image pack",250,2,0.86,0,,,,44,,Lost,,https://legalbet.ro/alegerea-editorului/casa-pariurilor-program-sarbatori-de-iarna-2022-2023/,,,2024-06-23 06:47:27,
betano.com,RO,Romania,,betano.com (Organization),true,false,true,true,false,false,"Top ads, Paid sitelinks, Video preview",1800,28,1.66,0,,,,42,,Lost,,https://legalbet.ro/case-de-pariuri/betano/,,,2024-06-26 22:27:13,
win bet,RO,Romania,English,,false,false,false,true,true,false,"Sitelinks, Video preview",5100,6,0.21,0,,,,46,,Lost,,https://legalbet.ro/feedback/winbet/,,,2024-06-27 16:14:42,
superbet loto,RO,Romania,Romanian,Superbet (Organization),true,false,false,true,false,false,"Sitelinks, Video preview, Image pack",3300,0,1.68,0,,,,46,,Lost,,https://legalbet.ro/alegerea-editorului/jackpoturi-pe-loterii-internationale-exclusiv-la-betano/,,,2024-06-27 01:45:49,
winbos,RO,Romania,,WinBos (Organization),true,false,false,true,false,false,Knowledge panel,1500,0,0.95,0,0,0,,19,43,-24,,https://legalbet.ro/cazinouri/winboss/,,https://legalbet.ro/bonus/winboss-casino-bun-venit-cu-pn-la-4-000-ron-bonus1100-runde-gratuite/,2024-06-25 21:13:05,2026-06-17 04:55:54
winbey,RO,Romania,Romanian,Winbet (Organization),true,false,true,true,true,false,"Sitelinks, Video preview",500,8,0.21,0,,,,43,,Lost,,https://legalbet.ro/feedback/winbet/,,,2024-06-10 02:49:10,
betano live,RO,Romania,English,Betano (Organization),true,false,true,false,true,true,"Sitelinks, Video preview, Image pack",5300,28,0.78,0,,,,41,,Lost,,https://legalbet.ro/alegerea-editorului/jackpoturi-pe-loterii-internationale-exclusiv-la-betano/,,,2024-06-27 00:28:43,
efortuna ro,RO,Romania,Romanian,eFortuna (Organization),true,false,true,false,false,false,"Sitelinks, Video preview, Image pack",100,2,0.03,0,,,,33,,Lost,,https://legalbet.ro/complaints/fortuna/,,,2024-06-20 13:32:27,
strasbourg–psg,RO,Romania,Romanian,"Paris Saint-Germain (Organization), Strasbourg (Location)",true,true,false,true,false,false,"Video preview, Knowledge panel, Image pack",150,0,,0,,,,43,,Lost,,https://legalbet.ro/centrul-de-pariere/strasbourg-paris-saint-germain-02-02-2024/,,,2024-06-20 20:36:46,
napoli–milan,RO,Romania,Romanian,"Napoli (Organization), AC Milan (Organization)",true,false,false,true,false,false,"Video preview, Image pack",150,0,,0,,,,43,,Lost,,https://legalbet.ro/centrul-de-pariere/napoli-milan-02-04-2023/,,,2024-06-16 16:25:51,
netbet loto,RO,Romania,Romanian,"NetBet (Organization), Loto (Product)",true,false,false,true,true,false,"Sitelinks, Image pack, Video preview",3500,30,1.04,0,,,,34,,Lost,,https://legalbet.ro/alegerea-editorului/jackpoturi-pe-loterii-internationale-exclusiv-la-betano/,,,2024-06-27 05:11:32,
getafe–barcelona,RO,Romania,Romanian,"Getafe (Organization), Barcelona (Organization)",true,false,false,true,false,false,"Thumbnail, Video preview, Image pack",100,2,,0,,,,43,,Lost,,https://legalbet.ro/centrul-de-pariere/barcelona-getafe-25-02-2024/,,,2024-06-08 13:56:10,
win for life 10/20,RO,Romania,English,Win for Life 10/20 (Event),true,false,false,true,false,false,"Image pack, Video preview",2700,0,0.54,0,,,,38,,Lost,,https://legalbet.ro/alegerea-editorului/loteria-win-for-life-1020-te-asteapta-cu-extrageri/,,,2024-06-27 10:35:49,
euroliga,RO,Romania,Romanian,Euroleague (Event),true,false,false,true,false,false,"Video preview, Image pack, Knowledge panel",150,61,0.31,0,,,,44,,Lost,,https://legalbet.ro/ponturi/sportul-baschet/euroliga/,,,2024-06-23 19:46:33,
italia win for life 10/20,RO,Romania,English,"Win for Life 10/20 (Event), Italy (Location)",true,false,false,true,false,false,Image pack,2300,0,0.35,0,,,,45,,Lost,,https://legalbet.ro/alegerea-editorului/loteria-win-for-life-1020-te-asteapta-cu-extrageri/,,,2024-06-27 04:43:00,
betano.romania,RO,Romania,,Betano Romania (Organization),true,false,true,false,false,false,"Sitelinks, Image pack, Video preview",80,15,,0,,,,44,,Lost,,https://legalbet.ro/feedback/betano/,,,2024-06-10 17:13:25,
poker american 2,RO,Romania,English,American Poker II (Work),true,false,false,true,false,false,Video preview,90,1,0.44,0,,,,50,,Lost,,https://legalbet.ro/alegerea-editorului/cazino-online-sloturile-lui-paul-episodul-2-american/,,,2024-06-18 14:26:28,
grecia.kino,RO,Romania,Romanian,Grecia Kino (Event),true,false,false,true,false,false,"Sitelinks, Image pack, Video preview",300,5,0.54,0,,,,45,,Lost,,https://legalbet.ro/alegerea-editorului/loteria-grecia-kino-2080-te-asteapta-cu-extrageri/,,,2024-06-24 23:29:46,
888cazino,RO,Romania,Romanian,888 Casino (Organization),true,false,true,true,true,true,"Sitelinks, Knowledge panel, Top stories, Video preview",350,2,1.11,0,,,,45,,Lost,,https://legalbet.ro/cazinouri/888casino/,,,2024-06-10 17:15:38,
suport@superbet,RO,Romania,,suport@superbet (Location),true,false,false,true,false,false,"Image pack, Video preview",80,2,,0,,,,45,,Lost,,https://legalbet.ro/complaints/superbet/,,,2024-06-08 10:34:32,
ghiceste scorul,RO,Romania,Romanian,,false,false,false,true,false,false,"Video preview, Image pack",150,0,,0,,,,30,,Lost,,https://legalbet.ro/alegerea-editorului/ghiceste-scorul-in-4-meciuri-de-champions-league-si/,,,2024-06-25 10:57:17,
casapariuri,RO,Romania,Romanian,Casa Pariurilor (Organization),true,false,true,true,true,false,"Top ads, Paid sitelinks, Sitelinks, Video preview",100,2,1.95,0,,,,39,,Lost,,https://legalbet.ro/case-de-pariuri/casa-pariurilor/,,,2024-06-26 14:13:56,
wimbet,RO,Romania,Romanian,Winbet (Organization),true,false,false,true,true,false,"Sitelinks, Video preview",200,6,0.22,0,,,,46,,Lost,,https://legalbet.ro/feedback/winbet/,,,2024-06-17 12:35:36,
cashpot.ro,RO,Romania,,Cashpot.ro (Organization),true,false,true,true,false,false,"Sitelinks, Video preview, Image pack",150,33,0.54,0,,,,46,,Lost,,https://legalbet.ro/cazinouri/,,,2024-06-21 03:13:57,
superbet cont,RO,Romania,Romanian,Superbet (Organization),true,false,true,false,false,true,"Video preview, Image pack, Bottom ads, Paid sitelinks",1800,8,2.55,0,,,,41,,Lost,,https://legalbet.ro/complaints/superbet/,,,2024-06-23 11:18:51,
winibet,RO,Romania,Romanian,Winibet (Organization),true,false,true,true,true,false,"Sitelinks, Video preview",150,8,0.86,0,,,,47,,Lost,,https://legalbet.ro/feedback/winbet/,,,2024-06-08 05:45:37,
superbet.com,RO,Romania,,Superbet (Organization),true,false,true,false,true,true,"Sitelinks, Image pack, Video preview",100,1,,0,,,,47,,Lost,,https://legalbet.ro/feedback/superbet/,,,2024-06-19 11:13:41,
e-fortuna,RO,Romania,Romanian,eFortuna (Organization),true,false,true,true,true,false,"Sitelinks, Knowledge panel, Video preview",90,12,,0,,,,31,,Lost,,https://legalbet.ro/complaints/fortuna/,,,2024-06-14 08:53:45,
winnbet,RO,Romania,Romanian,Winbet (Organization),true,false,false,true,true,false,"Sitelinks, Video preview",150,6,0.21,0,,,,48,,Lost,,https://legalbet.ro/feedback/winbet/,,,2024-06-24 07:39:20,
pokerstars.ro,RO,Romania,,PokerStars.ro (Organization),true,false,true,false,false,false,"Sitelinks, Knowledge panel, X (Twitter), Image pack, Video preview, Bottom ads, Paid sitelinks",300,35,1.21,0,,,,48,,Lost,,https://legalbet.ro/alegerea-editorului/olanda-vs-franta-les-bleus-cu-7-victorii-in-ultimele-8/,,,2024-06-21 14:25:29,
psg–rennes,RO,Romania,Romanian,"Paris Saint-Germain (Organization), Rennes (Location)",true,true,false,true,false,false,"Video preview, Image pack",90,1,,0,,,,48,,Lost,,https://legalbet.ro/centrul-de-pariere/paris-saint-germain-rennes-03-04-2024/,,,2024-06-23 08:19:02,
regulament superbet,RO,Romania,Romanian,"Superbet (Organization), Superbet betting rules (Work)",true,false,false,true,false,false,"Image pack, Video preview",150,0,3.86,0,,,,45,,Lost,,https://legalbet.ro/feedback/superbet/,,,2024-06-15 06:44:52,
casino.ro,RO,Romania,,,false,false,true,false,false,false,"Thumbnail, Sitelinks, Bottom ads",200,67,1.23,0,,,,49,,Lost,,https://legalbet.ro/cazinouri/,,,2024-06-24 21:26:08,
cont paysafe,RO,Romania,Romanian,PaysafeCard (Product),true,false,false,true,true,false,"Videos, Image pack, Video preview",300,1,0.95,0,,,,50,,Lost,,https://legalbet.ro/case-de-pariuri/sets/paysafecard/,,,2024-06-11 10:19:26,
10 pariuri.ro,RO,Romania,Romanian,10pariuri.ro (Organization),true,false,true,true,false,false,"Sitelinks, Video preview, Image pack",600,12,1.95,0,,,,39,,Lost,,https://legalbet.ro/ponturi/maine/,,,2024-06-24 14:47:54,
oferte casa pariurilor,RO,Romania,Romanian,Casa Pariurilor (Organization),true,false,false,true,true,false,"Sitelinks, Video preview",100,20,0.62,0,,,,34,,Lost,,https://legalbet.ro/case-de-pariuri-licentiate/,,,2024-06-11 15:00:30,
admiral.ro,RO,Romania,,admiral.ro (Organization),true,false,true,true,false,false,"Sitelinks, Image pack, Video preview",200,18,1.10,0,,,,45,,Lost,,https://legalbet.ro/cazinouri/admiral/,,,2024-06-19 20:24:07,
supeebet,RO,Romania,,Supeebet (Organization),true,false,false,true,false,false,"Sitelinks, Knowledge panel, Video preview",300,12,0.53,0,,,,35,,Lost,,https://legalbet.ro/feedback/superbet/,,,2024-06-13 19:38:59,
paysafecard cont,RO,Romania,Romanian,PaysafeCard (Product),true,false,true,false,false,false,"Video preview, Image pack",100,2,0.25,0,,,,42,,Lost,,https://legalbet.ro/case-de-pariuri/sets/paysafecard/,,,2024-06-24 17:27:58,
unibet autentificare,RO,Romania,Romanian,Unibet (Organization),true,false,true,false,false,false,"Video preview, Image pack",150,56,0.26,0,,,,39,,Lost,,https://legalbet.ro/feedback/unibet/,,,2024-06-09 13:53:32,
live betano,RO,Romania,English,Betano (Organization),true,false,true,false,true,true,"Sitelinks, Image pack, Video preview",150,29,1.01,0,,,,46,,Lost,,https://legalbet.ro/alegerea-editorului/jackpoturi-pe-loterii-internationale-exclusiv-la-betano/,,,2024-06-25 18:40:27,
