Keyword,Country,Location,Language,Entities,Branded,Local,Navigational,Informational,Commercial,Transactional,SERP features,Volume,KD,CPC,Previous organic traffic,Current organic traffic,Organic traffic change,Current paid traffic,Previous position,Current position,Position change,Previous position kind,Previous URL,Current position kind,Current URL,Previous date,Current date
bonus fara depunere,RO,Romania,Romanian,,false,false,false,true,true,false,,48000,72,2.33,0,22438,22438,,57,2,55,,https://www.pontul-zilei.com/bonusuri-cazino/bonusuri-fara-depunere/,,https://www.pontul-zilei.com/bonusuri-cazino-fara-depunere/,2024-06-27 18:58:49,2026-06-16 03:38:05
winner,RO,Romania,English,Winner (Organization),true,false,false,true,true,false,"Sitelinks, Video preview",71000,0,0.76,3412,,,,2,,Lost,,https://www.pontul-zilei.com/agentie/winner/,,,2024-06-27 16:12:31,
rotiri gratuite fara depunere 2025,RO,Romania,Romanian,,false,false,false,true,true,false,Sitelinks,18000,67,2.01,,2666,,,,2,New,,,,https://www.pontul-zilei.com/bonusuri-cazino-fara-depunere/,,2026-06-22 12:08:06
don casino,RO,Romania,Romanian,Don Casino (Organization),true,false,false,true,true,false,Sitelinks,33000,56,1.04,0,2470,2470,,41,5,36,,https://www.pontul-zilei.com/agentie/don-ro/,,https://www.pontul-zilei.com/bonusuri-cazino/bonusuri-fara-depunere/don-ro-casino-bonus-fara-depunere/,2024-06-27 11:41:32,2026-06-22 11:28:16
don ro,RO,Romania,Romanian,Don.ro (Organization),true,false,false,true,true,false,Sitelinks,45000,41,1.27,48,2184,2137,,15,7,8,,https://www.pontul-zilei.com/agentie/don-ro/,,https://www.pontul-zilei.com/bonusuri-cazino/bonusuri-fara-depunere/don-ro-casino-bonus-fara-depunere/,2024-06-26 19:25:59,2026-06-21 04:16:59
rotiri gratuite fara depunere,RO,Romania,Romanian,,false,false,false,true,true,false,Sitelinks,67000,69,2.60,,2178,,,,12,New,,,,https://www.pontul-zilei.com/bonusuri-cazino-fara-depunere/,,2026-06-16 13:34:16
pontul zilei,RO,Romania,Romanian,,false,false,false,true,false,false,Video preview,1800,64,0.78,1511,1736,225,,1,1,,,https://www.pontul-zilei.com/,,https://www.pontul-zilei.com/,2024-06-27 19:44:36,2026-06-16 07:43:50
million casino,RO,Romania,English,Million Casino (Organization),true,false,false,true,true,false,Sitelinks,27000,52,1.13,12,1656,1644,,29,5,24,,https://www.pontul-zilei.com/bonusuri-cazino/bonusuri-fara-depunere/million-bonus-fara-depunere/,,https://www.pontul-zilei.com/agentie/million/,2024-06-27 23:51:42,2026-06-17 18:16:01
prowin casino,RO,Romania,Romanian,ProWin (Organization),true,false,false,true,true,false,Sitelinks,13000,0,0.50,,1605,,,,3,New,,,,https://www.pontul-zilei.com/bonusuri-cazino/bonusuri-fara-depunere/prowin-bonus-fara-depunere/,,2026-06-20 13:16:25
bonus fara depunere 2025,RO,Romania,Romanian,,false,false,false,true,true,false,Sitelinks,9200,71,2.04,,1355,,,,2,New,,,,https://www.pontul-zilei.com/bonusuri-cazino-fara-depunere/,,2026-06-16 14:00:26
casino fara depunere,RO,Romania,Romanian,,false,false,false,true,true,false,,9200,73,1.64,0,1353,1353,,38,2,36,,https://www.pontul-zilei.com/bonusuri-cazino/bonusuri-fara-depunere/,,https://www.pontul-zilei.com/bonusuri-cazino-fara-depunere/,2024-06-27 21:52:07,2026-06-17 18:23:42
cazinouri fara depunere,RO,Romania,Romanian,,false,false,false,true,true,false,Bottom ads,8600,70,1.51,1,1266,1264,,25,2,23,,https://www.pontul-zilei.com/bonusuri-cazino-fara-depunere/,,https://www.pontul-zilei.com/bonusuri-cazino-fara-depunere/,2024-06-23 23:22:04,2026-06-21 17:38:13
bonus fara depunere casino,RO,Romania,Romanian,,false,false,false,true,true,false,Sitelinks,3700,72,2.65,0,974,974,,51,2,49,,https://www.pontul-zilei.com/bonusuri-cazino-fara-depunere/,,https://www.pontul-zilei.com/bonusuri-cazino-fara-depunere/,2024-06-26 22:56:59,2026-06-21 21:59:59
bonus casino,RO,Romania,English,,false,false,false,true,true,false,Sitelinks,6700,78,3.85,0,924,924,,98,2,96,,https://www.pontul-zilei.com/agentie/million/,,https://www.pontul-zilei.com/bonusuri-cazino-fara-depunere/,2024-06-23 19:19:59,2026-06-21 13:17:31
casino bonus fara depunere,RO,Romania,Romanian,,false,false,false,true,true,false,,9100,66,1.98,0,852,852,,48,4,44,,https://www.pontul-zilei.com/bonusuri-cazino-fara-depunere/,,https://www.pontul-zilei.com/bonusuri-cazino-fara-depunere/,2024-06-27 03:33:44,2026-06-24 21:15:14
cazinouri noi fara depunere,RO,Romania,Romanian,,false,false,false,true,true,false,,5700,71,0.93,1,840,839,,21,2,19,,https://www.pontul-zilei.com/bonusuri-cazino-fara-depunere/,,https://www.pontul-zilei.com/bonusuri-cazino-fara-depunere/,2024-06-11 13:16:29,2026-06-16 03:06:45
casino online bonus fara depunere,RO,Romania,Romanian,,false,false,false,true,true,false,,6800,72,1.63,1,804,802,,22,3,19,,https://www.pontul-zilei.com/bonusuri-cazino-fara-depunere/,,https://www.pontul-zilei.com/bonusuri-cazino-fara-depunere/,2024-06-25 08:02:43,2026-06-17 16:39:31
bonus casino fara depunere,RO,Romania,Romanian,,false,false,false,true,true,false,,5300,73,2.55,0,782,782,,38,2,36,,https://www.pontul-zilei.com/bonusuri-cazino-fara-depunere/,,https://www.pontul-zilei.com/bonusuri-cazino-fara-depunere/,2024-06-24 11:37:05,2026-06-16 13:26:17
king casino,RO,Romania,Romanian,King Casino (Organization),true,false,true,true,true,false,Sitelinks,20000,34,0.54,,762,,,,8,New,,,,https://www.pontul-zilei.com/agentie/kingcasino/,,2026-06-21 12:02:36
rotiri fara depunere,RO,Romania,Romanian,,false,false,false,true,true,false,,13000,74,2.72,0,756,756,,51,6,45,,https://www.pontul-zilei.com/agentie/elite-slots/,,https://www.pontul-zilei.com/bonusuri-cazino-fara-depunere/,2024-06-27 20:29:49,2026-06-17 18:18:23
bonusuri fara depunere,RO,Romania,Romanian,,false,false,false,true,true,false,,2900,73,2.87,0,741,741,,43,2,41,,https://www.pontul-zilei.com/bonusuri-cazino-fara-depunere/,,https://www.pontul-zilei.com/bonusuri-cazino-fara-depunere/,2024-06-27 03:08:06,2026-06-13 02:54:45
bonus fara depunere 2024,RO,Romania,Romanian,,false,false,false,true,true,false,Sitelinks,4900,75,1.33,4,721,717,,27,2,25,,https://www.pontul-zilei.com/bonusuri-cazino/bonusuri-fara-depunere/,,https://www.pontul-zilei.com/bonusuri-cazino-fara-depunere/,2024-06-27 08:06:46,2026-06-21 09:56:32
lady casino,RO,Romania,English,Lady Casino (Organization),true,false,true,true,true,true,Sitelinks,18000,56,0.43,,701,,,,8,New,,,,https://www.pontul-zilei.com/bonusuri-cazino/bonusuri-fara-depunere/lady-casino-bonus-fara-depunere/,,2026-06-20 23:19:14
casino online fara depunere,RO,Romania,Romanian,,false,false,false,true,true,false,,5800,75,1.59,1,682,681,,25,3,22,,https://www.pontul-zilei.com/bonusuri-cazino-fara-depunere/,,https://www.pontul-zilei.com/bonusuri-cazino-fara-depunere/,2024-06-23 16:11:48,2026-06-16 14:36:31
elite slots,RO,Romania,English,Elite Slots (Organization),true,false,false,true,true,false,"Sitelinks, People also ask",11000,52,0.61,1035,671,-364,,6,6,,,https://www.pontul-zilei.com/agentie/elite-slots/,,https://www.pontul-zilei.com/agentie/elite-slots/,2024-06-27 15:28:39,2026-06-08 09:06:54
casino rotiri gratuite,RO,Romania,Romanian,,false,false,false,true,true,false,Sitelinks,8800,72,2.48,,664,,,,5,New,,,,https://www.pontul-zilei.com/bonusuri-cazino-fara-depunere/,,2026-06-20 19:18:42
rotiri gratuite fara depunere 2026,RO,Romania,,,false,false,false,false,false,false,,4500,68,1.79,,663,,,,2,New,,,,https://www.pontul-zilei.com/bonusuri-cazino-fara-depunere/,,2026-06-21 10:42:01
cazino fara depunere,RO,Romania,Romanian,,false,false,false,true,true,false,,4500,71,1.51,1,661,661,,24,2,22,,https://www.pontul-zilei.com/bonusuri-cazino-fara-depunere/,,https://www.pontul-zilei.com/bonusuri-cazino-fara-depunere/,2024-06-12 09:32:58,2026-06-26 03:58:02
mr play,RO,Romania,,Mr. Play (Organization),true,false,false,true,true,false,Sitelinks,3600,0,0.87,,647,,,,2,New,,,,https://www.pontul-zilei.com/agentie/mr-play/,,2026-06-16 15:36:30
oferte casino,RO,Romania,Romanian,,false,false,false,true,true,false,,5000,69,4.92,0,592,592,,42,3,39,,https://www.pontul-zilei.com/bonusuri-cazino/bonus-de-bun-venit/,,https://www.pontul-zilei.com/bonusuri-cazino-fara-depunere/,2024-06-27 13:55:56,2026-06-21 22:03:05
cazinouri online bonus fara depunere,RO,Romania,Romanian,,false,false,false,true,true,false,Sitelinks,3800,71,2.33,0,551,551,,27,2,25,,https://www.pontul-zilei.com/bonusuri-cazino-fara-depunere/,,https://www.pontul-zilei.com/bonusuri-cazino-fara-depunere/,2024-06-06 22:57:24,2026-06-24 07:16:53
betano ro,RO,Romania,Romanian,Betano (Organization),true,true,true,false,false,false,"Top ads, Paid sitelinks, Sitelinks, Video preview, Image pack, Bottom ads",22000,9,1.72,539,,,,10,,Lost,,https://www.pontul-zilei.com/agentie/betano/,,,2024-06-27 00:43:40,
pacanele fara depunere,RO,Romania,Romanian,Pacanele (Product),false,false,false,true,true,false,,3500,70,2.07,,497,,,,3,New,,,,https://www.pontul-zilei.com/bonusuri-cazino-fara-depunere/,,2026-06-16 10:26:04
mr play casino,RO,Romania,English,Mr. Play (Organization),true,false,true,true,true,true,Sitelinks,2500,28,0.73,,488,,,,2,New,,,,https://www.pontul-zilei.com/agentie/mr-play/,,2026-06-17 08:19:14
totalbet,RO,Romania,Romanian,TotalBet (Organization),true,false,false,true,false,false,"Sitelinks, Image pack, Video preview",15000,14,0.77,469,,,,2,,Lost,,https://www.pontul-zilei.com/articole-pariuri-sportive/egalitate-perfecta-la-euro-2024-ce-criteriu-de-departajare-s-a-folosit-in-grupa-c/,,,2024-06-27 15:12:24,
fara depunere,RO,Romania,Romanian,,false,false,false,true,true,false,,4200,74,2.20,0,391,391,,69,4,65,,https://www.pontul-zilei.com/bonusuri-cazino-fara-depunere/,,https://www.pontul-zilei.com/bonusuri-cazino-fara-depunere/,2024-06-27 02:37:15,2026-06-17 12:22:07
bonus fara depunere 2026,RO,Romania,Romanian,,false,false,false,true,true,false,,2100,70,1.69,,302,,,,2,New,,,,https://www.pontul-zilei.com/bonusuri-cazino-fara-depunere/,,2026-06-21 11:18:54
loto italia 20/90 combinatii,RO,Romania,Romanian,"Loto Italia 20/90 (Event), Lotto 20/90 (Event)",true,false,false,true,false,false,,4800,23,0.28,125,300,176,,10,6,4,,https://www.pontul-zilei.com/articole-pariuri-sportive/loto-italia-keno-afla-acum-cand-si-unde-poti-paria/,,https://www.pontul-zilei.com/articole-pariuri-sportive/loto-italia-keno-afla-acum-cand-si-unde-poti-paria/,2024-06-27 08:10:34,2026-06-22 11:18:03
12x bet,RO,Romania,Romanian,12xbet (Organization),true,false,true,true,true,true,"Sitelinks, Bottom ads, Paid sitelinks",5800,0,0.50,,289,,,,7,New,,,,https://www.pontul-zilei.com/bonusuri-cazino/bonusuri-fara-depunere/12xbet-bonus-fara-depunere/,,2026-06-18 02:11:53
rotiri fara depunere 2025,RO,Romania,Romanian,,false,false,false,true,true,false,,1900,73,2.30,,279,,,,2,New,,,,https://www.pontul-zilei.com/bonusuri-cazino-fara-depunere/,,2026-06-21 21:03:32
bonusuri casino,RO,Romania,Romanian,,false,false,false,true,true,false,,3600,71,3.85,0,274,274,,89,5,84,,https://www.pontul-zilei.com/bonusuri-cazino-fara-depunere/,,https://www.pontul-zilei.com/bonusuri-cazino-fara-depunere/,2024-06-22 19:07:16,2026-06-21 10:42:23
superbet login,RO,Romania,English,Superbet (Organization),true,false,true,false,false,true,"Sitelinks, Top stories, Image pack, Video preview",4400,8,0.99,264,,,,6,,Lost,,https://www.pontul-zilei.com/agentie/superbet/,,,2024-06-25 14:20:42,
cazinouri online fara depunere,RO,Romania,Romanian,,false,false,false,true,true,false,,1700,72,1.83,2,251,249,,19,2,17,,https://www.pontul-zilei.com/bonusuri-cazino-fara-depunere/,,https://www.pontul-zilei.com/bonusuri-cazino-fara-depunere/,2024-06-22 23:42:54,2026-06-13 20:43:45
cazinouri noi 2025,RO,Romania,Romanian,,false,false,false,true,true,false,Sitelinks,2100,71,0.83,,245,,,,3,New,,,,https://www.pontul-zilei.com/bonusuri-cazino-fara-depunere/,,2026-06-20 22:05:47
club superbet,RO,Romania,Romanian,Superbet Club (Organization),true,false,false,true,true,false,Video preview,47000,49,0.48,0,244,244,,64,17,47,,https://www.pontul-zilei.com/articole-pariuri-sportive/aniversarea-rapidului-a-fost-marcata-de-tensiunile-dintre-club-si-suporteri/,,https://www.pontul-zilei.com/blog/superbet-club/,2024-06-27 09:58:21,2026-06-22 07:19:46
conti casino,RO,Romania,Romanian,Conti Casino (Organization),true,false,false,true,true,false,Sitelinks,24000,59,0.55,0,238,238,,54,14,40,,https://www.pontul-zilei.com/agentie/conti-cazino/,,https://www.pontul-zilei.com/bonusuri-cazino/bonusuri-fara-depunere/conticazino-bonus-fara-depunere/,2024-06-27 06:43:03,2026-06-20 05:05:10
superbet club,RO,Romania,Romanian,Superbet Club (Organization),true,false,false,true,true,false,Video preview,45000,52,0.56,0,231,231,,49,17,32,,https://www.pontul-zilei.com/articole-pariuri-sportive/aniversarea-rapidului-a-fost-marcata-de-tensiunile-dintre-club-si-suporteri/,,https://www.pontul-zilei.com/blog/superbet-club/,2024-06-27 07:39:16,2026-06-18 03:03:18
jocuri fara depunere,RO,Romania,Romanian,,false,false,false,true,true,false,,2000,74,2.18,1,230,229,,26,3,23,,https://www.pontul-zilei.com/bonusuri-cazino-fara-depunere/,,https://www.pontul-zilei.com/bonusuri-cazino-fara-depunere/,2024-06-26 03:09:49,2026-06-06 07:49:47
loto italia combinatii,RO,Romania,Romanian,Loto Italia (Event),true,false,false,true,false,false,,1900,17,0.17,24,219,196,,10,3,7,,https://www.pontul-zilei.com/articole-pariuri-sportive/loto-italia-keno-afla-acum-cand-si-unde-poti-paria/,,https://www.pontul-zilei.com/articole-pariuri-sportive/loto-italia-keno-afla-acum-cand-si-unde-poti-paria/,2024-06-25 15:26:39,2026-06-21 12:38:13
cauta combinatii italia keno,RO,Romania,Romanian,Italia Keno (Event),true,false,false,true,false,false,AI Overview,4600,28,0.35,32,219,187,,10,8,2,Image pack,https://www.pontul-zilei.com/articole-pariuri-sportive/loto-italia-keno-afla-acum-cand-si-unde-poti-paria/,,https://www.pontul-zilei.com/articole-pariuri-sportive/loto-italia-keno-afla-acum-cand-si-unde-poti-paria/,2024-06-27 04:45:24,2026-06-16 19:18:49
billion casino,RO,Romania,English,Bilion Casino (Organization),true,false,false,true,true,false,Sitelinks,2500,0,0.87,,216,,,,5,New,,,,https://www.pontul-zilei.com/agentie/bilion-casino/,,2026-06-20 13:18:52
rotiri gratuite fara depunere fara verificare,RO,Romania,Romanian,,false,false,false,true,true,false,,1400,71,1.85,0,207,207,,44,2,42,,https://www.pontul-zilei.com/bonusuri-cazino-fara-depunere/,,https://www.pontul-zilei.com/bonusuri-cazino-fara-depunere/,2024-06-22 11:23:04,2026-06-07 19:06:44
toto gaming,RO,Romania,Romanian,TotoGaming (Organization),true,false,false,true,true,false,Sitelinks,3300,51,0.79,35,196,161,,13,6,7,,https://www.pontul-zilei.com/agentie/totogaming/,,https://www.pontul-zilei.com/agentie/totogaming/,2024-06-23 11:24:35,2026-06-15 06:06:36
bonus fara depunere casino nou,RO,Romania,Romanian,,false,false,false,true,true,false,,1300,75,0.93,0,195,195,,29,2,27,,https://www.pontul-zilei.com/bonusuri-cazino-fara-depunere/,,https://www.pontul-zilei.com/bonusuri-cazino-fara-depunere/,2024-06-19 22:23:30,2026-06-08 10:43:58
bonus de bun venit fara depunere,RO,Romania,Romanian,,false,false,false,true,true,false,,1000,72,4.70,0,193,193,,65,3,62,,https://www.pontul-zilei.com/bonusuri-cazino-fara-depunere/,,https://www.pontul-zilei.com/bonusuri-cazino-fara-depunere/,2024-06-25 02:10:04,2026-06-11 05:02:41
las vegas.ro,RO,Romania,Romanian,Las Vegas Casino (Organization),true,false,true,false,true,true,"Sitelinks, Video preview",9700,57,0.87,,192,,,,11,New,,,,https://www.pontul-zilei.com/bonusuri-cazino/bonusuri-fara-depunere/las-vegas-bonus-fara-depunere/,,2026-06-16 15:58:50
32 rosu,RO,Romania,Romanian,32Rosu (Organization),true,false,false,true,true,false,"Sitelinks, Bottom ads",6200,0,1.13,,191,,,,9,New,,,,https://www.pontul-zilei.com/bonusuri-cazino/bonusuri-fara-depunere/32rosu-bonus-fara-depunere/,,2026-06-19 02:16:22
bonus fara depunere la inregistrare,RO,Romania,Romanian,,false,false,false,true,true,false,,1300,70,2.02,,188,,,,2,New,,,,https://www.pontul-zilei.com/bonusuri-cazino-fara-depunere/,,2026-06-22 01:10:10
sportbet,RO,Romania,Romanian,Sportsbet (Organization),true,false,false,true,true,false,"Top ads, Paid sitelinks, Knowledge panel, Video preview, Bottom ads",200,62,1.20,187,,,,1,,Lost,,https://www.pontul-zilei.com/agentie/sportbet/,,,2024-06-23 09:47:22,
milion casino,RO,Romania,Romanian,Million Casino (Organization),true,false,false,true,true,false,Sitelinks,3800,54,1.13,,182,,,,7,New,,,,https://www.pontul-zilei.com/agentie/million/,,2026-06-17 00:52:02
totogaming casino,RO,Romania,Romanian,TotoGaming (Organization),true,false,true,true,true,true,Sitelinks,3700,52,0.62,291,179,-112,,9,7,2,,https://www.pontul-zilei.com/agentie/totogaming/,,https://www.pontul-zilei.com/agentie/totogaming/,2024-06-27 13:56:31,2026-06-20 19:31:33
italia keno combinatii,RO,Romania,Romanian,Italia Keno (Event),true,false,false,true,false,false,AI Overview,1900,22,0.26,41,175,134,,10,5,5,,https://www.pontul-zilei.com/articole-pariuri-sportive/loto-italia-keno-afla-acum-cand-si-unde-poti-paria/,,https://www.pontul-zilei.com/articole-pariuri-sportive/loto-italia-keno-afla-acum-cand-si-unde-poti-paria/,2024-06-24 14:32:07,2026-06-07 23:25:27
max win,RO,Romania,,MaxWin (Organization),true,false,false,true,true,false,Sitelinks,11000,2,0.76,,171,,,,12,New,,,,https://www.pontul-zilei.com/agentie/maxwin/,,2026-06-16 15:05:17
casino rotiri gratuite fara depunere,RO,Romania,Romanian,,false,false,false,true,true,false,Sitelinks,1800,72,2.89,,169,,,,4,New,,,,https://www.pontul-zilei.com/bonusuri-cazino-fara-depunere/,,2026-06-08 01:03:40
pontul nostru,RO,Romania,Romanian,Pontul Nostru (Organization),true,true,false,true,false,false,"Sitelinks, Video preview",1800,23,1.47,19,168,148,,15,4,11,,https://www.pontul-zilei.com/articole-pariuri-sportive/debut-tensionat-la-euro-pentru-istvan-kovacs/,,https://www.pontul-zilei.com/,2024-06-23 17:51:18,2026-06-20 03:18:56
player,RO,Romania,English,,false,false,false,true,false,false,Sitelinks,9900,41,0.42,,167,,,,8,New,,,,https://www.pontul-zilei.com/bonusuri-cazino/bonusuri-fara-depunere/player-bonus-fara-depunere/,,2026-06-14 20:09:47
netbet bonus fara depunere,RO,Romania,Romanian,NetBet (Organization),true,false,false,true,true,false,,1300,50,1.48,0,156,156,,29,3,26,,https://www.pontul-zilei.com/agentie/netbet/,,https://www.pontul-zilei.com/bonusuri-cazino/bonusuri-fara-depunere/netbet-bonus-fara-depunere/,2024-06-22 04:02:21,2026-06-15 06:41:24
rotiri gratuite,RO,Romania,Romanian,,false,false,false,true,true,false,,14000,71,2.74,,155,,,,15,New,,,,https://www.pontul-zilei.com/bonusuri-cazino-fara-depunere/,,2026-06-21 10:43:50
rotiri,RO,Romania,Romanian,,false,false,false,true,true,false,,2000,72,2.02,0,153,153,,98,5,93,,https://www.pontul-zilei.com/agentie/million/,,https://www.pontul-zilei.com/bonusuri-cazino-fara-depunere/,2024-06-26 04:46:55,2026-06-20 01:42:42
rotiri gratuite fara rulaj,RO,Romania,Romanian,,false,false,false,true,true,false,,1000,68,2.76,,150,,,,2,New,,,,https://www.pontul-zilei.com/bonusuri-cazino-fara-depunere/,,2026-06-21 11:21:11
getsbet,RO,Romania,,GetSbet (Organization),true,false,false,true,false,false,Sitelinks,92000,45,0.31,0,149,149,,18,3,15,,https://www.pontul-zilei.com/agentie/gets-bet/,,https://www.pontul-zilei.com/agentie/gets-bet/,2024-06-27 05:29:24,2026-06-16 03:03:28
yoji casino,RO,Romania,Romanian,Yoji Casino (Organization),true,false,false,true,true,false,Sitelinks,9300,0,0.88,147,,,,12,,Lost,,https://www.pontul-zilei.com/agentie/yoji-casino/,,,2024-06-27 16:41:26,
cazinouri internationale cu bonus fara depunere,RO,Romania,Romanian,,false,false,false,true,true,false,Sitelinks,1500,60,0.97,5,142,137,,13,4,9,,https://www.pontul-zilei.com/bonusuri-cazino-fara-depunere/,,https://www.pontul-zilei.com/bonusuri-cazino-fara-depunere/,2024-06-23 16:10:04,2026-06-07 17:29:25
casino nou bonus fara depunere,RO,Romania,Romanian,,false,false,false,true,true,false,,1000,73,0.76,0,142,142,,30,2,28,,https://www.pontul-zilei.com/bonusuri-cazino-fara-depunere/,,https://www.pontul-zilei.com/bonusuri-cazino-fara-depunere/,2024-06-23 03:45:46,2026-06-10 23:16:55
pacanele rotiri gratuite,RO,Romania,Romanian,,false,false,false,true,true,true,,1000,74,1.98,,141,,,,2,New,,,,https://www.pontul-zilei.com/bonusuri-cazino-fara-depunere/,,2026-06-21 21:04:04
casino online rotiri gratuite fara depunere,RO,Romania,Romanian,,false,false,false,true,true,false,,1200,72,3.10,,141,,,,3,New,,,,https://www.pontul-zilei.com/bonusuri-cazino-fara-depunere/,,2026-06-18 20:08:46
diamond casino bonus fara depunere,RO,Romania,Romanian,Diamond Casino (Organization),true,false,false,true,true,false,Sitelinks,1900,45,0.84,,139,,,,5,New,,,,https://www.pontul-zilei.com/bonusuri-cazino-fara-depunere/,,2026-06-27 06:24:59
maxbet bonus fara depunere,RO,Romania,Romanian,Maxbet (Organization),true,false,false,true,true,false,Sitelinks,1200,58,1.75,0,139,139,,37,3,34,,https://www.pontul-zilei.com/agentie/maxbet/,,https://www.pontul-zilei.com/bonusuri-cazino/bonusuri-fara-depunere/maxbet-bonus-fara-depunere/,2024-06-27 13:00:56,2026-06-06 05:39:41
aparate fara depunere,RO,Romania,Romanian,,false,false,false,true,true,false,,1200,72,2.29,,136,,,,3,New,,,,https://www.pontul-zilei.com/bonusuri-cazino-fara-depunere/,,2026-06-13 23:44:29
oferta stanleybet,RO,Romania,Romanian,Stanleybet (Organization),true,false,false,true,true,false,"Sitelinks, Image pack, Video preview",800,2,0.52,133,,,,3,,Lost,,https://www.pontul-zilei.com/agentie/stanleybet/,,,2024-06-23 02:25:55,
rotiri gratuite la inregistrare,RO,Romania,Romanian,,false,false,false,true,true,false,,1100,74,3.11,,132,,,,3,New,,,,https://www.pontul-zilei.com/bonusuri-cazino-fara-depunere/,,2026-06-01 07:23:32
32 rosu casino,RO,Romania,Romanian,32Roșu Casino (Organization),true,false,true,true,true,true,Sitelinks,2200,9,1.26,,129,,,,6,New,,,,https://www.pontul-zilei.com/bonusuri-cazino/bonusuri-fara-depunere/32rosu-bonus-fara-depunere/,,2026-06-13 22:55:10
one casino,RO,Romania,English,One Casino (Organization),true,false,true,true,true,false,"Sitelinks, Knowledge panel",25000,54,0.69,,128,,,,17,New,,,,https://www.pontul-zilei.com/agentie/one-casino/,,2026-06-26 23:54:19
betano login,RO,Romania,English,Betano (Organization),true,false,true,false,false,true,"Sitelinks, Video preview, Image pack",3300,19,1.11,127,,,,8,,Lost,,https://www.pontul-zilei.com/agentie/betano/,,,2024-06-27 13:10:43,
power bet pariuri sportive,RO,Romania,Romanian,,false,false,false,true,false,false,Sitelinks,5100,41,0.36,,124,,,,10,New,,,,https://www.pontul-zilei.com/agentie/powerbet/,,2026-06-22 01:21:18
cazinouri noi bonus fara depunere,RO,Romania,Romanian,,false,false,false,true,true,false,Sitelinks,800,74,0.91,1,123,122,,19,2,17,,https://www.pontul-zilei.com/bonusuri-cazino-fara-depunere/,,https://www.pontul-zilei.com/bonusuri-cazino-fara-depunere/,2024-06-07 23:54:16,2026-06-20 20:58:17
300 rotiri gratuite fara depunere,RO,Romania,Romanian,,false,false,false,true,true,false,,2600,48,1.58,0,123,123,,51,7,44,,https://www.pontul-zilei.com/agentie/million/,,https://www.pontul-zilei.com/bonusuri-cazino-fara-depunere/,2024-06-05 20:39:08,2026-06-17 18:35:24
loto grecia combinații,RO,Romania,Romanian,Grecia Kino (Event),true,false,false,true,false,false,,1600,39,0.41,2,121,119,,20,5,15,,https://www.pontul-zilei.com/articole-pariuri-sportive/loto-grecia-kino-cele-mai-bune-strategii-de-joc-ca-sa-iti-cresti-sansele-de-castig/,,https://www.pontul-zilei.com/articole-pariuri-sportive/loto-grecia-kino-cele-mai-bune-strategii-de-joc-ca-sa-iti-cresti-sansele-de-castig/,2024-06-20 15:01:09,2026-06-10 08:01:54
bonus fara rulaj,RO,Romania,Romanian,,false,false,false,true,true,false,,1000,65,4.33,0,117,117,,62,3,59,,https://www.pontul-zilei.com/bonusuri-cazino-fara-depunere/,,https://www.pontul-zilei.com/bonusuri-cazino-fara-depunere/,2024-06-16 12:51:41,2026-06-08 06:33:48
loto polonia combinatii,RO,Romania,Romanian,Loto Polonia (Event),true,false,false,true,false,false,,1900,34,0.39,5,116,112,,16,6,10,,https://www.pontul-zilei.com/articole-pariuri-sportive/multi-polonia-loto-strategii-rezultate-combinatii-sfaturi/,,https://www.pontul-zilei.com/articole-pariuri-sportive/multi-polonia-loto-strategii-rezultate-combinatii-sfaturi/,2024-06-21 03:43:10,2026-06-09 23:27:19
max win casino,RO,Romania,English,Max Win Casino (Organization),true,false,false,true,true,false,Sitelinks,11000,47,0.56,,115,,,,14,New,,,,https://www.pontul-zilei.com/agentie/maxwin/,,2026-06-21 17:05:53
biletul zilei tenis,RO,Romania,Romanian,Daily Ticket (Event),false,false,false,true,false,false,Video preview,350,8,0.33,107,,,,3,,Lost,,https://www.pontul-zilei.com/category/ponturi-pariuri/ponturi-pariuri-tenis/,,,2024-06-09 14:37:03,
las vegas rotiri gratuite,RO,Romania,Romanian,Las Vegas (Organization),true,true,false,true,true,false,,900,56,0.80,0,106,106,,94,3,91,,https://www.pontul-zilei.com/agentie/las-vegas/,,https://www.pontul-zilei.com/bonusuri-cazino/bonusuri-fara-depunere/las-vegas-bonus-fara-depunere/,2024-06-27 15:53:20,2026-06-07 11:04:48
don. ro,RO,Romania,Romanian,Don.ro (Organization),true,false,false,true,true,false,Sitelinks,2100,41,1.27,2,102,101,,15,7,8,,https://www.pontul-zilei.com/agentie/don-ro/,,https://www.pontul-zilei.com/bonusuri-cazino/bonusuri-fara-depunere/don-ro-casino-bonus-fara-depunere/,2024-06-26 19:06:36,2026-06-20 02:45:49
player ro,RO,Romania,Romanian,Player Casino (Organization),true,false,false,true,true,false,Sitelinks,4100,39,0.96,0,102,102,,78,10,68,,https://www.pontul-zilei.com/agentie/player/,,https://www.pontul-zilei.com/bonusuri-cazino/bonusuri-fara-depunere/player-bonus-fara-depunere/,2024-06-27 22:55:53,2026-06-17 17:04:24
50 de rotiri gratuite fara depunere,RO,Romania,Romanian,,false,false,false,true,true,false,,2100,33,1.16,0,101,101,,54,7,47,,https://www.pontul-zilei.com/agentie/million/,,https://www.pontul-zilei.com/bonusuri-cazino-fara-depunere/,2024-06-24 12:28:04,2026-06-15 16:44:41
bonus cazino,RO,Romania,Romanian,,false,false,false,true,true,false,Local pack,700,71,3.85,0,100,100,,43,2,41,,https://www.pontul-zilei.com/bonusuri-cazino-fara-depunere/,,https://www.pontul-zilei.com/bonusuri-cazino-fara-depunere/,2024-06-13 21:14:51,2026-06-26 01:32:26
cod bonus superbet,RO,Romania,Romanian,Superbet (Organization),true,false,false,true,true,false,,3200,62,3.62,,99,,,,9,New,,,,https://www.pontul-zilei.com/bonusuri-cazino/bonusuri-fara-depunere/superbet-bonus-fara-depunere/,,2026-06-21 22:01:57
rotiri gratuite la verificare,RO,Romania,Romanian,,false,false,false,true,true,false,Sitelinks,700,73,2.78,,98,,,,2,New,,,,https://www.pontul-zilei.com/bonusuri-cazino-fara-depunere/,,2026-06-17 21:03:11
casino online romania bonus fara depunere,RO,Romania,Romanian,Romania (Location),false,false,false,true,true,false,Sitelinks,700,76,2.04,0,98,97,,24,2,22,,https://www.pontul-zilei.com/bonusuri-cazino-fara-depunere/,,https://www.pontul-zilei.com/bonusuri-cazino-fara-depunere/,2024-06-27 22:05:06,2026-06-13 15:03:45
cazinouri cu bonus fara depunere,RO,Romania,Romanian,,false,false,false,true,true,false,,700,74,1.69,0,97,97,,27,2,25,,https://www.pontul-zilei.com/bonusuri-cazino-fara-depunere/,,https://www.pontul-zilei.com/bonusuri-cazino-fara-depunere/,2024-06-22 04:51:44,2026-06-14 10:55:36
80 rotiri fara depunere,RO,Romania,Romanian,80 Free Spins (Event),false,false,false,true,true,false,Sitelinks,1600,0,1.21,0,94,94,,67,6,61,,https://www.pontul-zilei.com/agentie/seven/,,https://www.pontul-zilei.com/bonusuri-cazino/bonusuri-fara-depunere/80-rotiri-gratuite-fara-depunere/,2024-06-14 05:17:00,2026-06-09 16:46:30
casino bonus,RO,Romania,English,,false,false,false,true,true,false,Sitelinks,4800,75,2.60,0,94,94,,80,7,73,,https://www.pontul-zilei.com/agentie/player/,,https://www.pontul-zilei.com/bonusuri-cazino-fara-depunere/,2024-06-27 23:51:00,2026-06-15 04:36:19
napoleon casino bonus fara depunere,RO,Romania,Romanian,Napoleon Casino (Organization),true,false,false,true,true,false,,2400,0,0.82,,94,,,,8,New,,,,https://www.pontul-zilei.com/bonusuri-cazino/bonusuri-fara-depunere/napoleon-bonus-fara-depunere/,,2026-06-27 01:44:55
cazinouri bonus fara depunere,RO,Romania,Romanian,,false,false,false,true,true,false,Sitelinks,600,67,2.40,0,93,93,,27,2,25,,https://www.pontul-zilei.com/bonusuri-cazino-fara-depunere/,,https://www.pontul-zilei.com/bonusuri-cazino-fara-depunere/,2024-06-17 23:53:41,2026-06-20 03:15:52
totogaming ro,RO,Romania,Romanian,TotoGaming (Organization),true,false,true,true,true,true,Sitelinks,1500,55,0.76,125,92,-33,,11,6,5,,https://www.pontul-zilei.com/agentie/totogaming/,,https://www.pontul-zilei.com/agentie/totogaming/,2024-06-27 04:12:41,2026-06-14 22:06:28
ponturi pariuri,RO,Romania,Romanian,,false,false,false,true,false,false,,9100,58,0.66,524,92,-433,,10,17,-7,,https://www.pontul-zilei.com/category/ponturi-pariuri/,,https://www.pontul-zilei.com/category/ponturi-pariuri/,2024-06-27 18:42:40,2026-06-16 01:42:12
grupa f,RO,Romania,Romanian,Group F (Event),false,false,false,true,false,false,"Videos, Video preview, Image pack",2800,0,,92,,,,8,,Lost,,https://www.pontul-zilei.com/articole-pariuri-sportive/campionatul-european-2024-grupa-f/,,,2024-06-11 15:31:56,
casa pariurilor bonus fara depunere,RO,Romania,Romanian,,false,false,false,true,true,false,,1200,54,1.60,2,92,90,,22,5,17,,https://www.pontul-zilei.com/agentie/casa-pariurilor/,,https://www.pontul-zilei.com/bonusuri-cazino/bonusuri-fara-depunere/casa-pariurilor-bonus-fara-depunere/,2024-06-23 07:18:48,2026-06-12 04:09:08
power bet fotbal,RO,Romania,Romanian,Powerbet (Organization),true,false,true,true,true,true,Sitelinks,2300,72,0.48,,89,,,,8,New,,,,https://www.pontul-zilei.com/agentie/powerbet/,,2026-06-16 02:17:34
casa pariurilor rotiri gratuite,RO,Romania,Romanian,Casa Pariurilor (Organization),true,false,false,true,true,false,Sitelinks,900,61,1.63,0,89,89,,29,4,25,,https://www.pontul-zilei.com/agentie/casa-pariurilor/,,https://www.pontul-zilei.com/bonusuri-cazino/bonusuri-fara-depunere/casa-pariurilor-bonus-fara-depunere/,2024-06-25 16:15:39,2026-06-21 17:09:27
superbet bonus fara depunere,RO,Romania,Romanian,Superbet (Organization),true,false,false,true,true,false,Sitelinks,1400,48,3.80,0,87,87,,42,6,36,,https://www.pontul-zilei.com/agentie/superbet/,,https://www.pontul-zilei.com/bonusuri-cazino/bonusuri-fara-depunere/superbet-bonus-fara-depunere/,2024-06-25 22:27:38,2026-06-11 05:07:53
totogaming romania,RO,Romania,English,"Totogaming (Organization), Romania (Location)",true,false,true,true,true,false,Sitelinks,1400,58,0.76,118,86,-32,,11,6,5,,https://www.pontul-zilei.com/agentie/totogaming/,,https://www.pontul-zilei.com/agentie/totogaming/,2024-06-24 16:38:20,2026-06-13 00:45:57
fara depunere.ro,RO,Romania,Romanian,FaraDepunere.ro (Organization),true,false,true,true,true,false,,600,73,2.20,0,85,85,,72,2,70,,https://www.pontul-zilei.com/agentie/don-ro/,,https://www.pontul-zilei.com/bonusuri-cazino-fara-depunere/,2024-06-12 14:03:13,2026-06-13 14:06:07
bonusuri casino fara depunere,RO,Romania,Romanian,,false,false,false,true,true,false,Sitelinks,600,70,2.55,0,85,85,,25,2,23,,https://www.pontul-zilei.com/bonusuri-cazino-fara-depunere/,,https://www.pontul-zilei.com/bonusuri-cazino-fara-depunere/,2024-06-18 18:10:49,2026-06-21 05:44:15
oferta casa pariurilor azi,RO,Romania,Romanian,Casa Pariurilor (Organization),true,false,false,true,true,false,Sitelinks,1800,54,0.76,120,85,-35,,3,7,-4,,https://www.pontul-zilei.com/agentie/casa-pariurilor/,,https://www.pontul-zilei.com/agentie/casa-pariurilor/,2024-06-24 05:57:30,2026-06-07 17:41:37
superbet. ro,RO,Romania,,Superbet (Organization),true,false,true,false,false,false,"Top ads, Paid sitelinks, Sitelinks, Video preview, Bottom ads",900,4,1.27,84,,,,4,,Lost,,https://www.pontul-zilei.com/agentie/superbet/,,,2024-06-27 15:09:29,
maxwin casino,RO,Romania,Romanian,Maxwin Casino (Organization),true,false,false,true,true,false,Sitelinks,8300,27,0.56,,84,,,,14,New,,,,https://www.pontul-zilei.com/agentie/maxwin/,,2026-06-17 08:53:41
cazinouri rotiri gratuite,RO,Romania,Romanian,,false,false,false,true,true,false,,600,73,3.00,0,83,83,,80,2,78,,https://www.pontul-zilei.com/bonusuri-cazino-fara-depunere/,,https://www.pontul-zilei.com/bonusuri-cazino-fara-depunere/,2024-06-15 12:26:46,2026-06-07 04:22:07
casino cu bonus fara depunere,RO,Romania,Romanian,,false,false,false,true,true,false,,900,76,2.18,0,83,83,,39,4,35,,https://www.pontul-zilei.com/bonusuri-cazino-fara-depunere/,,https://www.pontul-zilei.com/bonusuri-cazino-fara-depunere/,2024-06-11 21:50:25,2026-06-08 02:48:53
bonus fara depunere fara rulaj,RO,Romania,Romanian,,false,false,false,true,true,false,,600,73,3.54,0,82,82,,38,2,36,,https://www.pontul-zilei.com/bonusuri-cazino-fara-depunere/,,https://www.pontul-zilei.com/bonusuri-cazino-fara-depunere/,2024-06-07 14:10:05,2026-05-13 20:00:31
www superbet.ro,RO,Romania,Romanian,Superbet (Organization),true,false,true,false,false,false,"Sitelinks, Video preview, Image pack",700,8,1.34,81,,,,3,,Lost,,https://www.pontul-zilei.com/agentie/superbet/,,,2024-06-22 13:24:16,
las vegas bonus fara depunere,RO,Romania,Romanian,Las Vegas (Location),false,true,false,true,true,false,Sitelinks,500,45,1.61,0,80,80,,56,2,54,,https://www.pontul-zilei.com/agentie/las-vegas/,,https://www.pontul-zilei.com/bonusuri-cazino/bonusuri-fara-depunere/las-vegas-bonus-fara-depunere/,2024-06-23 23:20:12,2026-06-05 16:51:20
superbet rotiri gratuite,RO,Romania,Romanian,Superbet (Organization),true,false,false,true,true,false,,1100,47,5.85,0,79,79,,90,5,85,,https://www.pontul-zilei.com/pariuri-online/super-oferta-de-la-superbet-333-de-rotiri-gratuite-la-verificarea-contului/,,https://www.pontul-zilei.com/bonusuri-cazino/bonusuri-fara-depunere/superbet-bonus-fara-depunere/,2024-06-27 02:04:06,2026-06-10 22:16:11
rotiri gratuite fara depunere cazinouri noi,RO,Romania,Romanian,,false,false,false,true,true,false,Sitelinks,500,73,2.01,,78,,,,2,New,,,,https://www.pontul-zilei.com/bonusuri-cazino-fara-depunere/,,2026-06-20 21:22:23
888 casino bonus,RO,Romania,English,888 Casino (Organization),true,false,false,true,true,false,Sitelinks,500,67,0.88,,78,,,,2,New,,,,https://www.pontul-zilei.com/bonusuri-cazino/bonusuri-fara-depunere/888casino-bonus-fara-depunere/,,2026-06-06 14:01:23
casino fara depunere bonus,RO,Romania,Romanian,,false,false,false,true,true,false,,500,75,2.55,0,78,78,,38,2,36,,https://www.pontul-zilei.com/bonusuri-cazino-fara-depunere/,,https://www.pontul-zilei.com/bonusuri-cazino-fara-depunere/,2024-06-07 00:01:09,2026-06-07 21:30:03
betmen bet,RO,Romania,Romanian,BetMen (Organization),true,false,false,true,true,false,Sitelinks,1000,48,,184,77,-107,,7,5,2,,https://www.pontul-zilei.com/agentie/betmen/,,https://www.pontul-zilei.com/agentie/betmen/,2024-06-27 12:02:44,2026-06-24 19:41:54
ponturi tenis azi,RO,Romania,Romanian,,false,false,false,true,true,true,"Image pack, Video preview",600,7,0.93,76,,,,7,,Lost,,https://www.pontul-zilei.com/category/ponturi-pariuri/ponturi-pariuri-tenis/,,,2024-06-09 08:47:09,
win boss,RO,Romania,Romanian,WinBoss (Organization),true,false,false,true,true,false,"Sitelinks, Knowledge panel",4700,38,1.08,,74,,,,12,New,,,,https://www.pontul-zilei.com/agentie/winboss/,,2026-06-07 22:19:09
casino online bonus,RO,Romania,English,,false,false,false,true,true,false,,800,79,3.17,0,73,73,,48,4,44,,https://www.pontul-zilei.com/bonusuri-cazino-fara-depunere/,,https://www.pontul-zilei.com/bonusuri-cazino-fara-depunere/,2024-06-24 21:19:03,2026-06-21 01:20:02
pariuri plus,RO,Romania,Romanian,PariuriPlus (Organization),true,false,true,true,true,false,,5400,32,0.86,,73,,,,13,New,,,,https://www.pontul-zilei.com/bonusuri-cazino/bonusuri-fara-depunere/pariuriplus-bonus-fara-depunere/,,2026-06-18 03:03:59
rezultate slovacia keno,RO,Romania,Romanian,"Slovacia Keno (Event), Keno (Event)",true,false,false,true,false,false,,2400,7,0.19,3,72,69,,20,9,11,,https://www.pontul-zilei.com/articole-pariuri-sportive/slovacia-keno-loto-strategii-rezultate-scheme-combinatii-live-sfaturi-de-la-jucatori/,,https://www.pontul-zilei.com/articole-pariuri-sportive/slovacia-keno-loto-strategii-rezultate-scheme-combinatii-live-sfaturi-de-la-jucatori/,2024-06-27 09:55:08,2026-06-21 01:03:41
million casino online,RO,Romania,English,Million Casino (Organization),true,false,true,true,true,true,Sitelinks,2400,61,1.59,0,72,72,,49,9,40,,https://www.pontul-zilei.com/bonusuri-cazino/bonusuri-fara-depunere/million-bonus-fara-depunere/,,https://www.pontul-zilei.com/agentie/million/,2024-06-27 13:55:54,2026-06-19 01:56:12
gets bet fotbal,RO,Romania,Romanian,Get's Bet (Organization),true,false,false,true,true,false,"Sitelinks, Image pack, Video preview",3700,0,0.91,72,,,,11,,Lost,,https://www.pontul-zilei.com/agentie/gets-bet/,,,2024-06-27 05:23:55,
free spin fara depunere,RO,Romania,Romanian,,false,false,false,true,true,false,,500,69,2.45,,72,,,,2,New,,,,https://www.pontul-zilei.com/bonusuri-cazino-fara-depunere/,,2026-06-07 18:10:05
betmen casino,RO,Romania,Romanian,BetMen Casino (Organization),true,false,false,true,true,false,Sitelinks,1900,53,0.77,,71,,,,8,New,,,,https://www.pontul-zilei.com/agentie/betmen/,,2026-06-21 07:42:44
fortuna bonus fara depunere,RO,Romania,Romanian,Fortuna Casino (Organization),true,false,false,true,true,false,Sitelinks,900,55,1.52,0,71,71,,39,5,34,,https://www.pontul-zilei.com/agentie/fortuna/,,https://www.pontul-zilei.com/bonusuri-cazino/bonusuri-fara-depunere/fortuna-bonus-fara-depunere/,2024-06-23 00:14:54,2026-06-22 04:12:16
jocuri de noroc fara depunere,RO,Romania,Romanian,,false,false,false,true,true,false,,500,74,1.43,0,70,70,,19,2,17,,https://www.pontul-zilei.com/bonusuri-cazino-fara-depunere/,,https://www.pontul-zilei.com/bonusuri-cazino-fara-depunere/,2024-06-07 04:34:24,2026-05-21 14:13:27
cota 2 azi,RO,Romania,Romanian,Cota 2 (Event),true,false,false,true,true,true,,400,3,0.24,38,70,32,,8,7,1,,https://www.pontul-zilei.com/category/cota-zilei-pariuri/cota-2/,,https://www.pontul-zilei.com/category/cota-zilei-pariuri/cota-2/,2024-06-17 05:19:34,2026-05-25 03:09:17
promotii casino,RO,Romania,Romanian,,false,false,false,true,true,false,,500,68,5.10,0,70,70,,72,2,70,,https://www.pontul-zilei.com/bonusuri-cazino-fara-depunere/,,https://www.pontul-zilei.com/bonusuri-cazino-fara-depunere/,2024-06-26 23:03:57,2026-06-12 00:18:39
superbet logare,RO,Romania,Romanian,Superbet (Organization),true,false,true,false,false,true,"Sitelinks, Video preview",500,9,0.86,70,,,,2,,Lost,,https://www.pontul-zilei.com/agentie/superbet/,,,2024-06-22 05:09:05,
totogaming bonus fara depunere,RO,Romania,Romanian,Totogaming (Organization),true,false,false,true,true,false,,2300,57,0.80,280,70,-211,,3,9,-6,,https://www.pontul-zilei.com/agentie/totogaming/,,https://www.pontul-zilei.com/agentie/totogaming/,2024-06-26 16:34:43,2026-06-07 09:53:58
maxwin ro,RO,Romania,Romanian,MaxWin Casino (Organization),true,false,false,true,true,false,"Sitelinks, Video preview",4400,35,0.55,,69,,,,12,New,,,,https://www.pontul-zilei.com/agentie/maxwin/,,2026-06-17 22:57:12
rotiri fără depunere,RO,Romania,Romanian,,false,false,false,true,true,false,Sitelinks,700,73,2.72,0,68,68,,70,4,66,,https://www.pontul-zilei.com/bonusuri-cazino-fara-depunere/,,https://www.pontul-zilei.com/bonusuri-cazino-fara-depunere/,2024-06-16 15:17:06,2026-06-14 01:22:05
online casino bonus,RO,Romania,English,,false,false,false,true,true,false,,400,77,3.17,,68,,,,2,New,,,,https://www.pontul-zilei.com/bonusuri-cazino-fara-depunere/,,2026-06-13 15:51:12
bonus bun venit,RO,Romania,Romanian,Bonus Bun Venit (Event),true,false,false,true,true,false,Video preview,600,66,7.62,,66,,,,3,New,,,,https://www.pontul-zilei.com/bonusuri-cazino/bonus-de-bun-venit/,,2026-06-24 13:45:46
casino fără depunere,RO,Romania,Romanian,,false,false,false,true,true,false,,450,74,1.96,0,66,66,,37,2,35,,https://www.pontul-zilei.com/bonusuri-cazino-fara-depunere/,,https://www.pontul-zilei.com/bonusuri-cazino-fara-depunere/,2024-06-23 19:44:42,2026-06-11 08:46:34
netbet rotiri gratuite,RO,Romania,Romanian,NetBet (Organization),true,false,false,true,true,false,,900,55,1.62,,65,,,,5,New,,,,https://www.pontul-zilei.com/bonusuri-cazino/bonusuri-fara-depunere/netbet-bonus-fara-depunere/,,2026-06-08 12:38:16
ro betano,RO,Romania,Romanian,Betano (Organization),true,false,true,true,true,false,"Top ads, Paid sitelinks, Sitelinks, Video preview, Image pack, Bottom ads",1400,36,1.72,65,,,,7,,Lost,,https://www.pontul-zilei.com/agentie/betano/,,,2024-06-26 17:25:27,
rotiri fara rulaj,RO,Romania,Romanian,,false,false,false,true,true,false,,600,57,4.00,0,65,65,,71,3,68,,https://www.pontul-zilei.com/bonusuri-cazino-fara-depunere/,,https://www.pontul-zilei.com/bonusuri-cazino-fara-depunere/,2024-06-23 12:46:43,2026-06-06 13:51:07
rotiri gratuite casino,RO,Romania,Romanian,,false,false,false,true,true,false,Sitelinks,700,75,2.31,,64,,,,4,New,,,,https://www.pontul-zilei.com/bonusuri-cazino-fara-depunere/,,2026-06-13 03:03:04
casino bonus de bun venit fara depunere,RO,Romania,Romanian,,false,false,false,true,true,false,,450,75,3.73,0,64,64,,43,2,41,,https://www.pontul-zilei.com/bonusuri-cazino-fara-depunere/,,https://www.pontul-zilei.com/bonusuri-cazino-fara-depunere/,2024-06-27 16:45:23,2026-06-07 10:04:17
bonus la inregistrare,RO,Romania,Romanian,,false,false,false,true,true,false,,1000,63,3.48,0,64,64,,50,7,43,,https://www.pontul-zilei.com/top-case-de-pariuri-online/,,https://www.pontul-zilei.com/bonusuri-cazino-fara-depunere/,2024-06-24 20:33:56,2026-06-14 22:27:32
viva bet,RO,Romania,Romanian,Vivabet (Organization),true,false,true,true,true,false,Sitelinks,12000,56,0.54,,63,,,,17,New,,,,https://www.pontul-zilei.com/bonusuri-cazino/bonusuri-fara-depunere/vivabet-bonus-fara-depunere/,,2026-06-16 20:57:58
bingo bonus fara depunere,RO,Romania,Romanian,,false,false,false,true,true,false,,800,61,0.79,0,63,63,,43,5,38,,https://www.pontul-zilei.com/bonusuri-cazino-fara-depunere/,,https://www.pontul-zilei.com/bonusuri-cazino-fara-depunere/,2024-06-12 03:33:23,2026-06-10 03:35:13
pacanele bonus fara depunere,RO,Romania,Romanian,Pacanele (Product),false,false,false,true,true,false,,450,70,1.88,,63,,,,2,New,,,,https://www.pontul-zilei.com/bonusuri-cazino-fara-depunere/,,2026-06-12 20:53:48
loto italia 20 90,RO,Romania,Romanian,Italia Keno 10E (20/90) (Event),true,false,false,true,false,false,,7700,31,0.22,0,62,62,,44,15,29,,https://www.pontul-zilei.com/articole-pariuri-sportive/loto-italia-keno-afla-acum-cand-si-unde-poti-paria/,,https://www.pontul-zilei.com/articole-pariuri-sportive/loto-italia-keno-afla-acum-cand-si-unde-poti-paria/,2024-06-27 09:51:49,2026-06-20 19:16:22
vlad cazino rotiri gratuite fara depunere,RO,Romania,Romanian,Vlad Cazino (Organization),true,false,false,true,true,false,"Sitelinks, Video preview",1000,57,1.38,,62,,,,6,New,,,,https://www.pontul-zilei.com/bonusuri-cazino/bonusuri-fara-depunere/vlad-cazino-bonus-fara-depunere/,,2026-06-16 02:39:10
betano bonus fara depunere,RO,Romania,Romanian,Betano (Organization),true,false,false,true,true,false,"Sitelinks, Video preview",2000,44,2.06,0,62,62,,41,9,32,,https://www.pontul-zilei.com/agentie/betano/,,https://www.pontul-zilei.com/bonusuri-cazino/bonusuri-fara-depunere/betano-casino-bonus-fara-depunere/,2024-06-25 20:27:06,2026-06-15 15:57:03
scanare bilet total bet,RO,Romania,Romanian,Total Bet (Organization),true,false,false,true,false,false,"Sitelinks, Image pack",500,0,0.91,62,,,,3,,Lost,,https://www.pontul-zilei.com/agentie/total-bet/,,,2024-06-24 04:17:20,
hot spin,RO,Romania,English,Hot Spins (Organization),true,false,false,true,true,false,,1600,55,0.72,,61,,,,8,New,,,,https://www.pontul-zilei.com/agentie/hot-spins/,,2026-06-14 10:40:31
cod promotional betano,RO,Romania,Romanian,Betano (Organization),true,false,false,true,true,true,"Sitelinks, Video preview",1000,35,2.11,,61,,,,6,New,,,,https://www.pontul-zilei.com/bonusuri-cazino/bonusuri-fara-depunere/betano-casino-bonus-fara-depunere/,,2026-06-07 09:28:20
casino online rotiri gratuite,RO,Romania,Romanian,,false,false,false,true,true,false,,500,77,2.03,,60,,,,3,New,,,,https://www.pontul-zilei.com/bonusuri-cazino-fara-depunere/,,2026-06-22 01:18:31
cazinouri online cu bonus fara depunere,RO,Romania,Romanian,,false,false,false,true,true,false,Sitelinks,300,73,2.65,0,60,60,,24,2,22,,https://www.pontul-zilei.com/bonusuri-cazino-fara-depunere/,,https://www.pontul-zilei.com/bonusuri-cazino-fara-depunere/,2024-06-26 18:11:51,2026-05-27 15:21:22
cod bonus player,RO,Romania,Romanian,Player (Organization),true,false,false,true,true,false,,400,55,1.12,0,59,59,,22,2,20,,https://www.pontul-zilei.com/agentie/player/,,https://www.pontul-zilei.com/bonusuri-cazino/bonusuri-fara-depunere/player-bonus-fara-depunere/,2024-06-19 12:49:22,2026-06-26 00:31:22
cod bonus maxbet,RO,Romania,Romanian,MaxBet (Organization),true,false,false,true,true,false,"Video preview, Sitelinks",1000,53,1.52,,58,,,,8,New,,,,https://www.pontul-zilei.com/bonusuri-cazino/bonusuri-fara-depunere/maxbet-bonus-fara-depunere/,,2026-06-09 06:26:28
reguli biliard,RO,Romania,Romanian,,false,false,false,true,false,false,"AI Overview, Thumbnail",200,0,0.01,212,58,-154,,1,3,-2,,https://www.pontul-zilei.com/articole-pariuri-sportive/reguli-biliard-cum-arata-regulamentul-de-joc/,,https://www.pontul-zilei.com/articole-pariuri-sportive/reguli-biliard-cum-arata-regulamentul-de-joc/,2024-06-12 01:02:43,2026-06-14 14:41:11
888 casino 25 lei,RO,Romania,Romanian,888 Casino (Organization),true,false,false,true,true,false,,800,60,,,58,,,,5,New,,,,https://www.pontul-zilei.com/bonusuri-cazino/bonusuri-fara-depunere/888casino-bonus-fara-depunere/,,2026-06-18 03:54:35
winbet bonus fara depunere,RO,Romania,Romanian,Winbet (Organization),true,false,false,true,true,false,,800,54,0.84,25,57,32,,13,5,8,,https://www.pontul-zilei.com/agentie/winbet/,,https://www.pontul-zilei.com/bonusuri-cazino/bonusuri-fara-depunere/winbet-bonus-fara-depunere/,2024-06-23 10:29:18,2026-06-09 22:13:55
betano bonus de bun venit,RO,Romania,Romanian,Betano (Organization),true,false,false,true,true,false,Sitelinks,400,49,2.09,0,56,56,,26,2,24,,https://www.pontul-zilei.com/agentie/betano/,,https://www.pontul-zilei.com/bonusuri-cazino/bonus-de-bun-venit/betano-bonusuri-de-bun-venit/,2024-06-15 14:39:13,2026-06-05 02:44:06
elite casino,RO,Romania,English,Elite Casino (Organization),true,false,false,true,true,false,"Sitelinks, Knowledge panel",1900,57,0.55,231,56,-175,,5,10,-5,,https://www.pontul-zilei.com/agentie/elite-slots/,,https://www.pontul-zilei.com/agentie/elite-slots/,2024-06-27 23:55:53,2026-06-24 12:27:35
gobet,RO,Romania,Romanian,GoBet (Organization),true,false,false,true,true,false,"Sitelinks, Bottom ads, Paid sitelinks",1200,0,1.71,56,,,,2,,Lost,,https://www.pontul-zilei.com/agentie/go-bet/,,,2024-06-11 06:11:03,
rotiri gratuite fara depunere si fara rulaj,RO,Romania,Romanian,,false,false,false,true,true,false,Sitelinks,400,68,4.19,0,55,55,,54,2,52,,https://www.pontul-zilei.com/bonusuri-cazino-fara-depunere/,,https://www.pontul-zilei.com/bonusuri-cazino-fara-depunere/,2024-06-08 18:07:47,2026-06-12 17:29:25
rotiri gratuite fara depunere fara rulaj,RO,Romania,Romanian,,false,false,false,true,true,false,Bottom ads,400,72,3.78,0,55,55,,47,2,45,,https://www.pontul-zilei.com/bonusuri-cazino-fara-depunere/,,https://www.pontul-zilei.com/bonusuri-cazino-fara-depunere/,2024-06-12 17:35:51,2026-06-10 14:34:46
gest bets,RO,Romania,Romanian,GetsBet (Organization),true,false,false,true,true,false,"Sitelinks, Video preview",450,39,1.01,0,54,54,,33,3,30,,https://www.pontul-zilei.com/agentie/gets-bet/,,https://www.pontul-zilei.com/agentie/gets-bet/,2024-06-25 12:31:44,2026-06-20 03:18:31
oferte fara depunere,RO,Romania,Romanian,,false,false,false,true,true,false,,350,74,2.54,0,54,54,,24,2,22,,https://www.pontul-zilei.com/bonusuri-cazino/bonusuri-fara-depunere/,,https://www.pontul-zilei.com/bonusuri-cazino-fara-depunere/,2024-06-27 18:54:27,2026-05-26 22:11:53
cazinouri online rotiri gratuite,RO,Romania,Romanian,,false,false,false,true,true,false,Sitelinks,350,76,2.09,0,54,54,,49,2,47,,https://www.pontul-zilei.com/bonusuri-cazino-fara-depunere/,,https://www.pontul-zilei.com/bonusuri-cazino-fara-depunere/,2024-06-08 00:54:53,2026-06-10 16:10:54
stanleybet rotiri gratuite,RO,Romania,Romanian,Stanleybet (Organization),true,false,false,true,true,false,Sitelinks,700,52,0.97,0,53,53,,36,5,31,,https://www.pontul-zilei.com/agentie/stanleybet/,,https://www.pontul-zilei.com/bonusuri-cazino/bonusuri-fara-depunere/stanleybet-bonus-fara-depunere/,2024-06-24 21:24:00,2026-06-20 05:46:02
vlad cazino bonus fara depunere,RO,Romania,Romanian,Vlad Cazino (Organization),true,false,false,true,true,false,,700,56,1.85,,52,,,,5,New,,,,https://www.pontul-zilei.com/bonusuri-cazino/bonusuri-fara-depunere/vlad-cazino-bonus-fara-depunere/,,2026-06-14 05:29:28
loto italia keno 20/90 ultimele rezultate xloto.ro,RO,Romania,Romanian,"xloto.ro (Organization), Loto Italia Keno 20/90 (Event)",true,false,true,true,false,false,"AI Overview, Sitelinks",1400,42,0.32,19,52,33,,17,9,8,,https://www.pontul-zilei.com/articole-pariuri-sportive/loto-italia-keno-afla-acum-cand-si-unde-poti-paria/,,https://www.pontul-zilei.com/articole-pariuri-sportive/loto-italia-keno-afla-acum-cand-si-unde-poti-paria/,2024-06-24 20:42:24,2026-06-01 06:57:03
rotiri gratuite fara depunere superbet,RO,Romania,Romanian,Superbet (Organization),true,false,false,true,true,false,,600,57,4.26,0,52,52,,46,4,42,,https://www.pontul-zilei.com/agentie/superbet/,,https://www.pontul-zilei.com/bonusuri-cazino/bonusuri-fara-depunere/superbet-bonus-fara-depunere/,2024-06-14 02:57:19,2026-06-14 20:39:33
betmen pariuri,RO,Romania,Romanian,Betmen (Organization),true,false,true,true,true,true,Sitelinks,1300,45,,16,52,35,,11,8,3,,https://www.pontul-zilei.com/agentie/betmen/,,https://www.pontul-zilei.com/agentie/betmen/,2024-06-26 12:40:54,2026-06-16 19:03:35
luk casino,RO,Romania,Romanian,Luck Casino (Organization),true,false,false,true,true,false,"Sitelinks, Image pack, Video preview",2100,0,0.61,51,,,,10,,Lost,,https://www.pontul-zilei.com/agentie/luck-casino/,,,2024-06-24 18:31:36,
million casino bonus,RO,Romania,English,Million Casino (Organization),true,false,false,true,true,false,Sitelinks,500,57,,20,50,31,,7,4,3,,https://www.pontul-zilei.com/agentie/million/,,https://www.pontul-zilei.com/bonusuri-cazino/bonusuri-fara-depunere/million-bonus-fara-depunere/,2024-06-26 23:16:01,2026-06-21 04:44:49
cod bonus superbet fara depunere,RO,Romania,Romanian,Superbet (Organization),true,false,false,true,true,false,Sitelinks,800,63,3.08,0,50,50,,76,6,70,,https://www.pontul-zilei.com/ponturipariuri/ponturile-zilei-din-tenis-alexander-miercuri-12-iunie-2024/,,https://www.pontul-zilei.com/bonusuri-cazino/bonusuri-fara-depunere/superbet-bonus-fara-depunere/,2024-06-13 05:16:54,2026-06-18 03:01:40
case pariuri online,RO,Romania,Romanian,,false,false,false,true,true,false,Sitelinks,1500,76,4.65,8,50,42,,16,10,6,,https://www.pontul-zilei.com/top-case-de-pariuri-online/,,https://www.pontul-zilei.com/top-case-de-pariuri-online/,2024-06-24 11:22:51,2026-06-21 13:12:39
player bonus fara depunere,RO,Romania,Romanian,Player Bonus (Event),true,false,false,true,true,false,Sitelinks,350,59,1.72,10,50,39,,10,2,8,,https://www.pontul-zilei.com/agentie/player/,,https://www.pontul-zilei.com/bonusuri-cazino/bonusuri-fara-depunere/player-bonus-fara-depunere/,2024-06-24 23:55:17,2026-06-24 12:03:07
betano contact telefon,RO,Romania,Romanian,Betano (Organization),true,false,false,true,false,false,Sitelinks,700,11,0.87,,50,,,,5,New,,,,https://www.pontul-zilei.com/blog/betano-contact/,,2026-06-24 15:17:17
seven casino,RO,Romania,English,Seven Casino (Organization),true,false,true,true,true,false,"Sitelinks, Knowledge panel, Video preview, Bottom ads, Paid sitelinks",15000,0,0.52,49,,,,19,,Lost,,https://www.pontul-zilei.com/agentie/seven/,,,2024-06-27 03:52:23,
totogaming casino online,RO,Romania,English,TotoGaming (Organization),true,false,true,true,true,true,Image pack,1300,0,0.62,49,,,,8,,Lost,,https://www.pontul-zilei.com/agentie/totogaming/,,,2024-06-13 03:07:30,
888 casino bonus fara depunere,RO,Romania,Romanian,888 Casino (Organization),true,false,false,true,true,false,Sitelinks,2000,64,1.15,,49,,,,10,New,,,,https://www.pontul-zilei.com/bonusuri-cazino/bonusuri-fara-depunere/888casino-bonus-fara-depunere/,,2026-06-20 19:03:41
maxbet rotiri gratuite,RO,Romania,Romanian,MaxBet (Organization),true,false,false,true,true,false,Sitelinks,600,55,2.11,,49,,,,5,New,,,,https://www.pontul-zilei.com/bonusuri-cazino/bonusuri-fara-depunere/maxbet-bonus-fara-depunere/,,2026-06-07 07:38:26
winbet bonus,RO,Romania,English,Winbet (Organization),true,false,false,true,true,false,Sitelinks,800,65,0.56,13,48,36,,12,6,6,,https://www.pontul-zilei.com/agentie/winbet/,,https://www.pontul-zilei.com/bonusuri-cazino/bonusuri-fara-depunere/winbet-bonus-fara-depunere/,2024-06-23 13:37:11,2026-06-20 00:26:48
mr bit bonus fara depunere,RO,Romania,Romanian,MrBit (Organization),true,false,false,true,true,false,,400,50,1.70,,48,,,,3,New,,,,https://www.pontul-zilei.com/bonusuri-cazino/bonusuri-fara-depunere/mr-bit-bonus-fara-depunere/,,2026-06-13 09:42:30
casino cu rotiri gratuite,RO,Romania,Romanian,,false,false,false,true,true,false,Sitelinks,500,74,2.89,0,48,48,,73,4,69,,https://www.pontul-zilei.com/agentie/elite-slots/,,https://www.pontul-zilei.com/bonusuri-cazino-fara-depunere/,2024-06-22 21:21:43,2026-06-10 13:38:30
winner bonus fara depunere,RO,Romania,Romanian,Winner Casino (Organization),true,false,false,true,true,false,,600,57,2.07,3,48,45,,17,5,12,,https://www.pontul-zilei.com/agentie/winner/,,https://www.pontul-zilei.com/bonusuri-cazino/bonusuri-fara-depunere/winner-bonus-fara-depunere/,2024-06-26 13:24:17,2026-06-08 09:52:33
jocuri casino online gratis,RO,Romania,Romanian,,false,false,false,true,false,false,Video preview,7400,74,1.26,,47,,,,18,New,,,,https://www.pontul-zilei.com/bonusuri-cazino-fara-depunere/,,2026-06-17 05:07:13
top case pariuri,RO,Romania,Romanian,,false,false,false,true,true,false,,300,57,4.67,7,47,40,,10,3,7,,https://www.pontul-zilei.com/top-case-de-pariuri-online/,,https://www.pontul-zilei.com/top-case-de-pariuri-online/,2024-06-11 23:09:14,2026-06-13 05:38:08
descarca oferta superbet,RO,Romania,Romanian,Superbet (Organization),true,false,false,false,true,true,Video preview,3300,22,1.31,46,,,,13,,Lost,,https://www.pontul-zilei.com/ponturipariuri/pontul-zilei-26-iunie-fotbal-euro-2024-2/,,,2024-06-27 03:12:42,
casinouri noi,RO,Romania,Romanian,,false,false,false,true,true,false,Sitelinks,500,79,0.97,,46,,,,4,New,,,,https://www.pontul-zilei.com/bonusuri-cazino-fara-depunere/,,2026-05-20 22:16:05
bonus pariuri fara depunere,RO,Romania,Romanian,,false,false,false,true,true,false,Sitelinks,350,59,2.82,34,46,12,,5,5,,,https://www.pontul-zilei.com/top-case-de-pariuri-online/,,https://www.pontul-zilei.com/bonusuri-cazino-fara-depunere/,2024-06-17 18:22:03,2026-05-22 18:05:41
cazinouri cu rotiri gratuite,RO,Romania,Romanian,,false,false,false,true,true,false,"Top ads, Paid sitelinks",400,73,2.07,0,45,45,,58,3,55,,https://www.pontul-zilei.com/bonusuri-cazino-fara-depunere/,,https://www.pontul-zilei.com/bonusuri-cazino-fara-depunere/,2024-06-19 11:57:36,2026-06-10 04:59:42
club superbet ro,RO,Romania,Romanian,Superbet Club (Organization),true,false,false,true,true,false,Video preview,6900,50,0.48,0,44,44,,51,16,35,,https://www.pontul-zilei.com/articole-pariuri-sportive/aniversarea-rapidului-a-fost-marcata-de-tensiunile-dintre-club-si-suporteri/,,https://www.pontul-zilei.com/blog/superbet-club/,2024-06-27 04:24:25,2026-06-26 07:57:57
pacanele gratis fara depunere,RO,Romania,Romanian,,false,false,false,true,true,false,,300,70,1.77,0,44,44,,68,2,66,,https://www.pontul-zilei.com/bonusuri-cazino-fara-depunere/,,https://www.pontul-zilei.com/bonusuri-cazino-fara-depunere/,2024-06-16 10:24:24,2026-05-25 03:30:03
elite slot,RO,Romania,Romanian,Elite Slots (Organization),true,false,false,true,true,false,"Sitelinks, Video preview, Bottom ads, Paid sitelinks",600,0,0.61,44,,,,5,,Lost,,https://www.pontul-zilei.com/agentie/elite-slots/,,,2024-06-27 18:25:38,
cazinouri cu rotiri gratuite fara depunere,RO,Romania,Romanian,,false,false,false,true,true,false,Sitelinks,300,73,2.78,0,44,44,,52,2,50,,https://www.pontul-zilei.com/bonusuri-cazino-fara-depunere/,,https://www.pontul-zilei.com/bonusuri-cazino-fara-depunere/,2024-06-20 18:45:26,2026-06-06 12:44:03
loto italia 20 din 90,RO,Romania,Romanian,Loto Italia Keno 20/90 (Event),true,false,false,true,false,false,,11000,31,0.34,0,43,43,,40,18,22,,https://www.pontul-zilei.com/articole-pariuri-sportive/loto-italia-keno-afla-acum-cand-si-unde-poti-paria/,,https://www.pontul-zilei.com/articole-pariuri-sportive/loto-italia-keno-afla-acum-cand-si-unde-poti-paria/,2024-06-27 03:12:12,2026-06-17 21:30:38
casa pariurilor.ro,RO,Romania,Romanian,Casa Pariurilor (Organization),true,false,true,true,false,false,"Sitelinks, Video preview, Image pack",700,1,1.69,43,,,,2,,Lost,,https://www.pontul-zilei.com/agentie/casa-pariurilor/,,,2024-06-25 02:06:57,
jocuri fără depunere,RO,Romania,Romanian,,false,false,false,true,true,false,,350,73,,0,43,43,,28,3,25,,https://www.pontul-zilei.com/bonusuri-cazino-fara-depunere/,,https://www.pontul-zilei.com/bonusuri-cazino-fara-depunere/,2024-06-19 00:17:55,2026-05-26 17:02:26
maxbet rotiri gratuite fara depunere,RO,Romania,Romanian,MaxBet (Organization),true,false,false,true,true,false,Sitelinks,450,57,1.96,0,43,43,,99,4,95,,https://www.pontul-zilei.com/ponturipariuri/ponturile-zilei-din-tenis-alexander-marti-11-iunie-2024/,,https://www.pontul-zilei.com/bonusuri-cazino/bonusuri-fara-depunere/maxbet-bonus-fara-depunere/,2024-06-11 19:01:58,2026-06-05 20:06:05
cazinouri rotiri gratuite fara depunere,RO,Romania,Romanian,,false,false,false,true,true,false,Sitelinks,300,72,3.87,0,42,42,,47,2,45,,https://www.pontul-zilei.com/bonusuri-cazino-fara-depunere/,,https://www.pontul-zilei.com/bonusuri-cazino-fara-depunere/,2024-06-12 04:10:06,2026-05-25 03:25:24
italia 20 90,RO,Romania,Romanian,Italia Keno 10E (20/90) (Event),true,false,false,true,false,false,,6500,34,0.72,1,42,41,,32,16,16,,https://www.pontul-zilei.com/articole-pariuri-sportive/loto-italia-keno-afla-acum-cand-si-unde-poti-paria/,,https://www.pontul-zilei.com/articole-pariuri-sportive/loto-italia-keno-afla-acum-cand-si-unde-poti-paria/,2024-06-25 07:36:50,2026-06-21 17:06:49
cazinouri online rotiri gratuite fara depunere,RO,Romania,Romanian,,false,false,false,true,true,false,Sitelinks,300,75,1.90,0,42,42,,40,2,38,,https://www.pontul-zilei.com/bonusuri-cazino-fara-depunere/,,https://www.pontul-zilei.com/bonusuri-cazino-fara-depunere/,2024-06-15 07:28:46,2026-05-14 15:20:52
100 rotiri gratuite fara depunere,RO,Romania,Romanian,,false,false,false,true,true,false,,2100,64,1.74,,42,,,,11,New,,,,https://www.pontul-zilei.com/bonusuri-cazino-fara-depunere/,,2026-06-12 01:42:39
player casino bonus fara depunere,RO,Romania,Romanian,Player Casino (Organization),true,false,false,true,true,false,Sitelinks,300,51,0.92,1,41,40,,12,2,10,,https://www.pontul-zilei.com/agentie/player/,,https://www.pontul-zilei.com/bonusuri-cazino/bonusuri-fara-depunere/player-bonus-fara-depunere/,2024-06-26 12:02:05,2026-05-28 01:30:20
combinatii loto polonia,RO,Romania,Romanian,Polish Lottery (Event),true,false,false,true,false,false,"AI Overview, Thumbnail",600,35,0.20,12,41,28,,15,8,7,,https://www.pontul-zilei.com/articole-pariuri-sportive/multi-polonia-loto-strategii-rezultate-combinatii-sfaturi/,,https://www.pontul-zilei.com/articole-pariuri-sportive/multi-polonia-loto-strategii-rezultate-combinatii-sfaturi/,2024-06-27 22:33:15,2026-06-16 16:48:58
oferte casino fara depunere,RO,Romania,Romanian,,false,false,false,true,true,false,Sitelinks,300,76,2.50,1,41,40,,22,2,20,,https://www.pontul-zilei.com/bonusuri-cazino-fara-depunere/,,https://www.pontul-zilei.com/bonusuri-cazino-fara-depunere/,2024-06-26 09:01:23,2026-05-15 02:33:53
cele mai bune case de pariuri online,RO,Romania,Romanian,,false,false,false,true,true,false,Sitelinks,600,68,3.14,5,40,36,,14,7,7,,https://www.pontul-zilei.com/top-case-de-pariuri-online/,,https://www.pontul-zilei.com/top-case-de-pariuri-online/,2024-06-17 06:41:29,2026-06-10 18:37:55
casa pariurilor deschis acum,RO,Romania,Romanian,Casa Pariurilor (Organization),true,false,false,true,false,false,"Sitelinks, Knowledge panel",1300,16,1.02,,40,,,,9,New,,,,https://www.pontul-zilei.com/agentie/casa-pariurilor/,,2026-06-18 02:54:21
oferta fotbal total bet,RO,Romania,Romanian,TotalBet (Organization),true,false,false,true,true,false,Image pack,400,0,0.34,40,,,,4,,Lost,,https://www.pontul-zilei.com/agentie/total-bet/,,,2024-06-26 00:18:36,
bonus bet,RO,Romania,English,,false,false,false,true,true,false,Video preview,1300,57,0.65,,40,,,,9,New,,,,https://www.pontul-zilei.com/bonusuri-cazino/bonusuri-fara-depunere/cherrybet-bonus-fara-depunere/,,2026-06-10 08:39:30
fortuna rotiri gratuite,RO,Romania,Romanian,Fortuna Casino (Organization),true,false,false,true,true,false,,500,54,1.41,0,40,40,,94,5,89,,https://www.pontul-zilei.com/euro-2024/euro-2024-danemarca-vs-serbia/,,https://www.pontul-zilei.com/bonusuri-cazino/bonusuri-fara-depunere/fortuna-bonus-fara-depunere/,2024-06-25 11:57:43,2026-06-20 02:45:35
cazino rotiri gratuite,RO,Romania,Romanian,,false,false,false,true,true,false,Sitelinks,350,74,3.00,0,39,39,,70,3,67,,https://www.pontul-zilei.com/bonusuri-cazino-fara-depunere/,,https://www.pontul-zilei.com/bonusuri-cazino-fara-depunere/,2024-06-19 10:48:17,2026-06-12 02:31:36
vlad cazino bonus,RO,Romania,Romanian,Vlad Cazino (Organization),true,false,false,true,true,false,Sitelinks,350,60,2.12,,39,,,,3,New,,,,https://www.pontul-zilei.com/bonusuri-cazino/bonusuri-fara-depunere/vlad-cazino-bonus-fara-depunere/,,2026-06-24 15:49:27
bonus casino online,RO,Romania,English,,false,false,false,true,true,false,,350,78,3.66,0,39,39,,27,3,24,,https://www.pontul-zilei.com/bonusuri-cazino-fara-depunere/,,https://www.pontul-zilei.com/bonusuri-cazino-fara-depunere/,2024-06-10 20:21:00,2026-06-15 03:28:40
luck casino,RO,Romania,English,Luck Casino (Organization),true,false,false,true,true,false,"Sitelinks, Thumbnail, Knowledge panel, Image pack, Video preview, Bottom ads, Paid sitelinks",23000,1,0.67,39,,,,22,,Lost,,https://www.pontul-zilei.com/agentie/luck-casino/,,,2024-06-27 02:45:05,
player cod bonus,RO,Romania,English,Player (Organization),true,false,false,true,true,false,"Top ads, Paid sitelinks",250,48,0.84,0,38,38,,68,2,66,,https://www.pontul-zilei.com/agentie/player/,,https://www.pontul-zilei.com/bonusuri-cazino/bonusuri-fara-depunere/player-bonus-fara-depunere/,2024-06-12 03:10:00,2026-05-24 04:37:25
top case pariuri online,RO,Romania,Romanian,,false,false,false,true,true,false,Sitelinks,250,64,6.37,2,38,37,,11,3,8,,https://www.pontul-zilei.com/top-case-de-pariuri-online/,,https://www.pontul-zilei.com/top-case-de-pariuri-online/,2024-06-22 06:33:33,2026-05-21 04:48:14
superbet superbet,RO,Romania,Romanian,Superbet (Organization),true,false,true,false,true,true,"Sitelinks, Knowledge panel, Video preview, Image pack",400,9,0.83,38,,,,4,,Lost,,https://www.pontul-zilei.com/agentie/superbet/,,,2024-06-26 21:58:32,
betmen rotiri gratuite,RO,Romania,Romanian,"BetMen (Organization), BetMen free spins (Product)",true,false,false,true,true,true,,600,51,1.48,,38,,,,6,New,,,,https://www.pontul-zilei.com/bonusuri-cazino/bonusuri-fara-depunere/betmen-bonus-fara-depunere/,,2026-05-23 15:45:24
77777 fara depunere,RO,Romania,Romanian,,false,false,false,true,false,false,Sitelinks,250,75,1.11,0,38,38,,84,2,82,,https://www.pontul-zilei.com/bonusuri-cazino-fara-depunere/,,https://www.pontul-zilei.com/bonusuri-cazino-fara-depunere/,2024-06-23 12:07:02,2026-06-06 13:03:23
biletul zilei lavinia,RO,Romania,Romanian,"Lavinia (Person), Daily Ticket (Event)",false,false,false,true,false,false,,600,61,0.31,44,38,-6,,8,6,2,,https://www.pontul-zilei.com/category/ponturi-pariuri/,,https://www.pontul-zilei.com/category/ponturi-pariuri/,2024-06-27 00:46:04,2026-06-21 19:34:16
fortuna bonus,RO,Romania,Romanian,Fortuna (Organization),true,false,false,true,true,false,Sitelinks,250,45,2.66,3,37,34,,12,3,9,,https://www.pontul-zilei.com/agentie/fortuna/,,https://www.pontul-zilei.com/bonusuri-cazino/bonusuri-fara-depunere/fortuna-bonus-fara-depunere/,2024-06-19 07:52:28,2026-05-13 19:44:49
million casino bonus fara depunere,RO,Romania,Romanian,Million Casino (Organization),true,false,false,true,true,false,"Top ads, Paid sitelinks, Sitelinks, Bottom ads",400,47,1.17,45,37,-7,,5,4,1,,https://www.pontul-zilei.com/agentie/million/,,https://www.pontul-zilei.com/bonusuri-cazino/bonusuri-fara-depunere/million-bonus-fara-depunere/,2024-06-09 08:28:07,2026-05-17 01:54:46
pacanele cu rotiri gratuite,RO,Romania,Romanian,,false,false,false,true,true,false,Sitelinks,400,71,2.30,,37,,,,4,New,,,,https://www.pontul-zilei.com/bonusuri-cazino-fara-depunere/,,2026-06-24 16:40:41
cazino bonus fara depunere,RO,Romania,Romanian,,false,false,false,true,true,false,Sitelinks,250,72,1.98,0,37,37,,24,2,22,,https://www.pontul-zilei.com/bonusuri-cazino-fara-depunere/,,https://www.pontul-zilei.com/bonusuri-cazino-fara-depunere/,2024-06-09 13:38:43,2026-06-24 21:54:47
las vegas ro,RO,Romania,Romanian,Las Vegas.ro (Organization),true,true,false,true,true,false,Sitelinks,1200,60,1.26,,37,,,,9,New,,,,https://www.pontul-zilei.com/bonusuri-cazino/bonusuri-fara-depunere/las-vegas-bonus-fara-depunere/,,2026-06-14 21:09:19
500 rotiri gratuite fara depunere,RO,Romania,Romanian,,false,false,false,true,true,false,Sitelinks,2300,50,2.20,0,37,37,,52,12,40,,https://www.pontul-zilei.com/bonusuri-cazino-fara-depunere/,,https://www.pontul-zilei.com/bonusuri-cazino-fara-depunere/,2024-06-26 10:17:54,2026-06-15 06:35:40
fortuna pariuri fotbal,RO,Romania,Romanian,Fortuna (Organization),true,false,true,true,true,true,Sitelinks,1000,47,0.01,0,37,37,,22,8,14,,https://www.pontul-zilei.com/agentie/fortuna/,,https://www.pontul-zilei.com/agentie/fortuna/,2024-06-08 01:46:05,2026-06-24 06:54:14
don .ro,RO,Romania,,Don.ro (Organization),true,false,true,true,true,false,"Sitelinks, Video preview",1900,59,1.27,,37,,,,11,New,,,,https://www.pontul-zilei.com/bonusuri-cazino/bonusuri-fara-depunere/don-ro-casino-bonus-fara-depunere/,,2026-06-22 04:15:01
bet men.ro,RO,Romania,Romanian,BetMen (Organization),true,false,true,true,true,false,"Image pack, Video preview",2900,0,1.17,37,,,,13,,Lost,,https://www.pontul-zilei.com/agentie/betmen/,,,2024-06-27 15:12:26,
win2 ro,RO,Romania,Romanian,Win2.ro (Organization),true,false,false,true,true,false,Sitelinks,2300,53,0.59,65,37,-29,,9,12,-3,,https://www.pontul-zilei.com/pariuri-online/win2-ro-challenge-joc-pentru-50-000/,,https://www.pontul-zilei.com/agentie/win2/,2024-06-26 00:42:49,2026-06-20 17:21:56
fortuna palace casino,RO,Romania,English,Fortuna Palace Casino (Organization),true,false,false,true,true,false,Local pack,8800,60,0.49,,36,,,,19,New,,,,https://www.pontul-zilei.com/bonusuri-cazino/bonusuri-fara-depunere/fortuna-palace-bonus-fara-depunere/,,2026-06-21 21:14:05
million casino rotiri gratuite fara depunere,RO,Romania,Romanian,Million Casino (Organization),true,false,false,true,true,false,Sitelinks,300,53,1.16,12,36,24,,6,3,3,,https://www.pontul-zilei.com/agentie/million/,,https://www.pontul-zilei.com/bonusuri-cazino/bonusuri-fara-depunere/million-bonus-fara-depunere/,2024-06-21 22:40:35,2026-06-17 23:54:31
victory bet,RO,Romania,English,Victory Bet (Organization),true,false,true,true,true,false,Sitelinks,13000,61,0.63,,35,,,,20,New,,,,https://www.pontul-zilei.com/agentie/vbet/,,2026-06-21 16:58:43
get.s bet,RO,Romania,Romanian,GetsBet (Organization),true,false,true,true,true,false,"Sitelinks, Video preview",400,41,,0,35,35,,30,4,26,,https://www.pontul-zilei.com/agentie/gets-bet/,,https://www.pontul-zilei.com/agentie/gets-bet/,2024-06-19 22:25:24,2026-06-24 13:48:44
ce inseamna peste 1.5 goluri,RO,Romania,Romanian,,false,false,false,true,false,false,"Featured snippet, People also ask, Video preview",300,0,0.21,35,,,,3,,Lost,,https://www.pontul-zilei.com/articole-pariuri-sportive/ce-inseamna-sub-peste-15-25-35-45/,,,2024-06-24 06:52:59,
gets. bet,RO,Romania,,GetsBet (Organization),true,false,true,true,true,false,"Sitelinks, Video preview, Bottom ads",450,5,,0,35,35,,34,5,29,,https://www.pontul-zilei.com/agentie/gets-bet/,,https://www.pontul-zilei.com/agentie/gets-bet/,2024-06-25 15:02:14,2026-05-19 17:19:06
bonus la depunere,RO,Romania,Romanian,,false,false,false,true,true,false,Sitelinks,700,57,5.92,0,35,35,,64,7,57,,https://www.pontul-zilei.com/agentie/elite-slots/,,https://www.pontul-zilei.com/bonusuri-cazino-fara-depunere/,2024-06-15 13:44:28,2026-06-21 21:25:04
get bet pariuri sportive,RO,Romania,Romanian,Get's Bet (Organization),true,false,true,true,true,true,"Sitelinks, Video preview",2200,56,0.76,7,35,28,,16,13,3,,https://www.pontul-zilei.com/agentie/gets-bet/,,https://www.pontul-zilei.com/agentie/gets-bet/,2024-06-22 19:42:23,2026-06-21 02:03:06
rotiri gratuite la inregistrare fara depunere,RO,Romania,Romanian,,false,false,false,true,true,false,,350,72,3.87,,35,,,,4,New,,,,https://www.pontul-zilei.com/bonusuri-cazino-fara-depunere/,,2026-06-20 16:58:20
excelbet rotiri gratuite fara depunere,RO,Romania,Romanian,ExcelBet (Organization),true,false,false,true,true,false,,1100,52,0.95,3,34,31,,10,9,1,,https://www.pontul-zilei.com/agentie/excelbet/,,https://www.pontul-zilei.com/bonusuri-cazino/bonusuri-fara-depunere/excelbet-bonus-fara-depunere/,2024-06-08 02:56:11,2026-06-21 15:50:57
rotiri gratuite superbet,RO,Romania,Romanian,Superbet (Organization),true,false,false,true,true,false,Sitelinks,450,38,4.20,0,34,34,,90,5,85,,https://www.pontul-zilei.com/pariuri-online/super-oferta-de-la-superbet-333-de-rotiri-gratuite-la-verificarea-contului/,,https://www.pontul-zilei.com/bonusuri-cazino/bonusuri-fara-depunere/superbet-bonus-fara-depunere/,2024-06-27 03:49:51,2026-06-09 06:07:34
rotiri gratis,RO,Romania,Romanian,,false,false,false,true,true,false,,450,74,3.36,0,34,34,,86,5,81,,https://www.pontul-zilei.com/agentie/million/,,https://www.pontul-zilei.com/bonusuri-cazino-fara-depunere/,2024-06-22 06:27:52,2026-06-16 20:41:58
cod promo betano,RO,Romania,Romanian,Betano (Organization),true,false,false,true,true,true,"Sitelinks, Video preview",700,54,2.08,0,34,34,,51,8,43,,https://www.pontul-zilei.com/agentie/betano/,,https://www.pontul-zilei.com/bonusuri-cazino/bonusuri-fara-depunere/betano-casino-bonus-fara-depunere/,2024-06-13 23:18:55,2026-06-20 08:54:37
realbet,RO,Romania,Romanian,Realbet (Organization),true,false,false,true,false,false,Sitelinks,1600,28,1.09,0,34,34,,6,2,4,,https://www.pontul-zilei.com/agentie/realbet/,,https://www.pontul-zilei.com/agentie/realbet/,2024-06-22 01:00:16,2026-06-17 08:05:39
casa. pariurilor,RO,Romania,Romanian,Casa Pariurilor (Organization),true,false,true,true,true,false,"Sitelinks, Video preview",300,5,,34,,,,3,,Lost,,https://www.pontul-zilei.com/agentie/casa-pariurilor/,,,2024-06-21 18:48:38,
jocuri de noroc cu rotiri gratuite,RO,Romania,Romanian,,false,false,false,true,true,false,,300,73,1.74,,34,,,,3,New,,,,https://www.pontul-zilei.com/bonusuri-cazino-fara-depunere/,,2026-06-09 06:37:36
rotiri gratuite fara depunere la inregistrare,RO,Romania,Romanian,,false,false,false,true,true,false,,350,74,3.22,,34,,,,4,New,,,,https://www.pontul-zilei.com/bonusuri-cazino-fara-depunere/,,2026-06-09 15:00:21
bonusuri case de pariuri,RO,Romania,Romanian,,false,false,false,true,true,false,Sitelinks,350,61,5.46,8,34,26,,5,5,,,https://www.pontul-zilei.com/top-case-de-pariuri-online/,,https://www.pontul-zilei.com/top-case-de-pariuri-online/,2024-06-24 22:03:05,2026-05-20 08:30:06
fortuna palace,RO,Romania,Romanian,Fortuna Palace (Organization),true,false,false,true,true,false,"Sitelinks, Video preview",23000,47,0.39,,34,,,,22,New,,,,https://www.pontul-zilei.com/bonusuri-cazino/bonusuri-fara-depunere/fortuna-palace-bonus-fara-depunere/,,2026-06-18 02:56:34
admiral bonus fara depunere,RO,Romania,Romanian,Admiral (Organization),true,false,false,true,true,false,,250,53,1.07,0,33,33,,49,2,47,,https://www.pontul-zilei.com/bonusuri-cazino-fara-depunere/,,https://www.pontul-zilei.com/bonusuri-cazino/bonusuri-fara-depunere/admiral-bonus-fara-depunere/,2024-05-28 06:34:14,2026-05-29 23:06:59
cod bonus netbet,RO,Romania,Romanian,NetBet (Organization),true,false,false,true,true,true,,400,56,1.30,,33,,,,5,New,,,,https://www.pontul-zilei.com/bonusuri-cazino/bonusuri-fara-depunere/netbet-bonus-fara-depunere/,,2026-06-19 00:30:38
bonus fără rulaj,RO,Romania,Romanian,,false,false,false,true,true,false,Sitelinks,200,64,4.33,0,33,33,,66,2,64,,https://www.pontul-zilei.com/bonusuri-cazino-fara-depunere/,,https://www.pontul-zilei.com/bonusuri-cazino-fara-depunere/,2024-06-24 12:18:32,2026-06-20 12:08:49
www.superbet.ro,RO,Romania,,Superbet (Organization),true,false,true,false,false,false,"Top ads, Paid sitelinks, Sitelinks, Video preview, Image pack, Bottom ads",700,8,1.34,33,,,,2,,Lost,,https://www.pontul-zilei.com/agentie/superbet/,,,2024-06-24 17:29:02,
betfair bonus fara depunere,RO,Romania,Romanian,Betfair (Organization),true,false,false,true,true,false,Sitelinks,300,50,0.69,0,33,32,,28,3,25,,https://www.pontul-zilei.com/agentie/betfair/,,https://www.pontul-zilei.com/bonusuri-cazino/bonusuri-fara-depunere/betfair-bonus-fara-depunere/,2024-06-12 12:38:10,2026-05-27 06:39:17
gets bet bonus fara depunere,RO,Romania,Romanian,Get's Bet Casino (Organization),true,false,false,true,true,false,,450,55,0.96,0,32,32,,38,5,33,,https://www.pontul-zilei.com/agentie/gets-bet/,,https://www.pontul-zilei.com/bonusuri-cazino/bonusuri-fara-depunere/getsbet-bonus-fara-depunere/,2024-06-15 11:48:27,2026-06-05 00:49:33
cati jucatori are o echipa de fotbal,RO,Romania,Romanian,,false,false,false,true,false,false,"Featured snippet, Thumbnail, Image pack, Video preview",700,0,,32,,,,6,,Lost,,https://www.pontul-zilei.com/articole-pariuri-sportive/tot-ce-trebuie-sa-stii-despre-fotbal/,,,2024-06-25 20:52:27,
fără depunere,RO,Romania,Romanian,,false,false,false,true,true,false,,350,74,2.20,0,32,32,,42,4,38,,https://www.pontul-zilei.com/bonusuri-cazino-fara-depunere/,,https://www.pontul-zilei.com/bonusuri-cazino-fara-depunere/,2024-06-09 17:55:19,2026-05-22 03:25:19
top case de pariuri online,RO,Romania,Romanian,,false,false,false,true,true,false,Sitelinks,200,57,8.63,1,32,31,,11,3,8,,https://www.pontul-zilei.com/top-case-de-pariuri-online/,,https://www.pontul-zilei.com/top-case-de-pariuri-online/,2024-06-23 17:31:32,2026-06-13 09:50:54
casino rotiri fara depunere,RO,Romania,Romanian,,false,false,false,true,true,false,,400,72,3.32,0,32,32,,57,5,52,,https://www.pontul-zilei.com/agentie/elite-slots/,,https://www.pontul-zilei.com/bonusuri-cazino-fara-depunere/,2024-06-25 05:14:49,2026-05-20 05:42:35
betano contact,RO,Romania,English,Betano (Organization),true,false,false,true,false,false,,500,4,2.08,,32,,,,6,New,,,,https://www.pontul-zilei.com/blog/betano-contact/,,2026-06-13 13:43:50
win for life combinatii,RO,Romania,Romanian,Win for Life (Event),true,false,false,true,false,false,"AI Overview, Thumbnail",250,1,,11,32,21,,8,4,4,,https://www.pontul-zilei.com/articole-pariuri-sportive/win-for-life-loto-italia-strategii-rezultate-combinatii-sfaturi/,,https://www.pontul-zilei.com/articole-pariuri-sportive/win-for-life-loto-italia-strategii-rezultate-combinatii-sfaturi/,2024-06-27 09:32:03,2026-06-17 10:42:31
casa pariurilor.,RO,Romania,Romanian,Casa Pariurilor (Organization),true,false,false,true,true,false,"Sitelinks, Video preview",250,6,,32,,,,3,,Lost,,https://www.pontul-zilei.com/agentie/casa-pariurilor/,,,2024-06-24 07:43:43,
sloturi fara depunere,RO,Romania,Romanian,,false,false,false,true,true,false,,200,72,2.69,0,32,32,,26,2,24,,https://www.pontul-zilei.com/bonusuri-cazino-fara-depunere/,,https://www.pontul-zilei.com/bonusuri-cazino-fara-depunere/,2024-06-21 16:07:25,2026-05-23 08:47:06
superbet online,RO,Romania,English,Superbet (Organization),true,false,true,false,true,true,"Sitelinks, Video preview, Bottom ads, Paid sitelinks",1800,7,1.47,31,,,,4,,Lost,,https://www.pontul-zilei.com/agentie/superbet/,,,2024-06-27 18:12:14,
bonus fara depunere mozzart,RO,Romania,Romanian,Mozzartbet (Organization),true,false,false,true,true,false,Sitelinks,90,50,0.63,3,31,29,,9,1,8,,https://www.pontul-zilei.com/agentie/mozzart/,,https://www.pontul-zilei.com/bonusuri-cazino/bonusuri-fara-depunere/mozzartbet-bonus-fara-depunere/,2024-06-09 17:38:21,2026-06-05 16:09:36
kino grecia combinatii,RO,Romania,Romanian,Grecia Kino (Event),true,false,false,true,false,false,Image pack,1300,0,0.69,31,,,,10,,Lost,,https://www.pontul-zilei.com/articole-pariuri-sportive/loto-grecia-kino-cele-mai-bune-strategii-de-joc-ca-sa-iti-cresti-sansele-de-castig/,,,2024-06-23 09:09:51,
jocuri casino fara depunere,RO,Romania,Romanian,,false,false,false,true,true,false,,200,73,2.86,1,31,30,,21,2,19,,https://www.pontul-zilei.com/bonusuri-cazino-fara-depunere/,,https://www.pontul-zilei.com/bonusuri-cazino-fara-depunere/,2024-06-27 08:02:50,2026-05-25 22:36:25
dimensiuni teren baschet,RO,Romania,Romanian,,false,false,false,true,false,false,"Featured snippet, Thumbnail, People also ask, Video preview",250,0,0.09,31,,,,3,,Lost,,https://www.pontul-zilei.com/articole-pariuri-sportive/terenul-de-baschet-tot-ce-trebuie-sa-stii-despre-suprafata-dimensiuni-si-marcajele-existente/,,,2024-06-20 23:25:29,
bonus fara depunere cazinouri noi,RO,Romania,Romanian,,false,false,false,true,true,false,,250,74,1.29,0,31,30,,22,3,19,,https://www.pontul-zilei.com/bonusuri-cazino-fara-depunere/,,https://www.pontul-zilei.com/bonusuri-cazino-fara-depunere/,2024-06-18 22:59:49,2026-06-05 07:08:37
cazino bonus,RO,Romania,Romanian,,false,false,false,true,true,false,Local pack,350,74,2.60,0,31,31,,46,4,42,,https://www.pontul-zilei.com/bonusuri-cazino-fara-depunere/,,https://www.pontul-zilei.com/bonusuri-cazino-fara-depunere/,2024-06-09 00:55:27,2026-06-21 01:40:17
bonusuri fara depunere casino,RO,Romania,Romanian,,false,false,false,true,true,false,Sitelinks,200,74,3.18,0,30,30,,26,2,24,,https://www.pontul-zilei.com/bonusuri-cazino-fara-depunere/,,https://www.pontul-zilei.com/bonusuri-cazino-fara-depunere/,2024-06-11 17:32:56,2026-05-29 05:36:05
superbet cod bonus,RO,Romania,Romanian,Superbet (Organization),true,false,false,true,true,true,Sitelinks,600,57,4.22,,30,,,,7,New,,,,https://www.pontul-zilei.com/bonusuri-cazino/bonusuri-fara-depunere/superbet-bonus-fara-depunere/,,2026-06-07 10:15:24
free spins fara depunere,RO,Romania,Romanian,,false,false,false,true,true,false,,600,69,2.45,,30,,,,7,New,,,,https://www.pontul-zilei.com/bonusuri-cazino-fara-depunere/,,2026-06-05 21:31:08
casino bonus de bun venit,RO,Romania,Romanian,,false,false,false,true,true,false,,300,67,4.04,0,30,30,,64,4,60,,https://www.pontul-zilei.com/agentie/seven/,,https://www.pontul-zilei.com/bonusuri-cazino-fara-depunere/,2024-06-20 00:46:08,2026-06-02 22:14:48
superbet rezultate loto italia keno,RO,Romania,Romanian,"Superbet (Organization), Loto (Event), Keno (Event), Italy (Location)",true,false,false,true,false,false,,1900,55,,0,30,30,,40,12,28,,https://www.pontul-zilei.com/articole-pariuri-sportive/loto-italia-keno-afla-acum-cand-si-unde-poti-paria/,,https://www.pontul-zilei.com/articole-pariuri-sportive/loto-italia-keno-afla-acum-cand-si-unde-poti-paria/,2024-06-20 14:02:49,2026-06-14 18:59:28
netbet rotiri gratuite fara depunere,RO,Romania,Romanian,NetBet (Organization),true,false,false,true,true,false,,250,53,1.47,,30,,,,3,New,,,,https://www.pontul-zilei.com/bonusuri-cazino/bonusuri-fara-depunere/netbet-bonus-fara-depunere/,,2026-06-08 05:38:53
royal casino bonus fara depunere,RO,Romania,Romanian,Royal Casino (Organization),true,false,false,true,true,false,,250,55,0.91,,30,,,,3,New,,,,https://www.pontul-zilei.com/bonusuri-cazino/bonusuri-fara-depunere/royal-slots-bonus-fara-depunere/,,2026-06-20 08:30:04
tenis de picior,RO,Romania,Romanian,,false,false,false,true,false,false,"Video preview, Knowledge panel",800,0,0.08,30,,,,6,,Lost,,https://www.pontul-zilei.com/articole-pariuri-sportive/regulamentul-tenisului-de-picior/,,,2024-06-22 23:51:48,
bonus depunere,RO,Romania,Romanian,,false,false,false,true,true,false,,400,68,6.09,0,30,30,,80,5,75,,https://www.pontul-zilei.com/agentie/million/,,https://www.pontul-zilei.com/bonusuri-cazino-fara-depunere/,2024-06-24 22:41:58,2026-05-25 03:05:32
las vegas casino bonus fara depunere,RO,Romania,Romanian,Las Vegas Casino (Organization),true,true,false,true,true,false,"Top ads, Paid sitelinks, Sitelinks",200,50,1.23,0,29,29,,81,2,79,,https://www.pontul-zilei.com/agentie/las-vegas/,,https://www.pontul-zilei.com/bonusuri-cazino/bonusuri-fara-depunere/las-vegas-bonus-fara-depunere/,2024-06-20 04:02:58,2026-05-21 12:13:15
cod bonus gets bet,RO,Romania,English,GetsBet (Organization),true,false,false,true,true,false,Sitelinks,250,62,0.98,,29,,,,3,New,,,,https://www.pontul-zilei.com/bonusuri-cazino/bonusuri-fara-depunere/getsbet-bonus-fara-depunere/,,2026-06-17 14:28:17
bonusuri la depunere,RO,Romania,Romanian,,false,false,false,true,true,false,,200,53,3.11,0,29,29,,26,2,24,,https://www.pontul-zilei.com/top-case-de-pariuri-online/,,https://www.pontul-zilei.com/bonusuri-cazino-fara-depunere/,2024-06-27 12:02:01,2026-06-24 13:47:22
jocuri online fara depunere,RO,Romania,Romanian,,false,false,false,true,true,false,,250,76,2.42,0,29,29,,21,3,18,,https://www.pontul-zilei.com/bonusuri-cazino-fara-depunere/,,https://www.pontul-zilei.com/bonusuri-cazino-fara-depunere/,2024-06-11 22:39:45,2026-06-02 04:27:27
bonusuri fara depunere pariuri,RO,Romania,Romanian,,false,false,false,true,true,false,Sitelinks,200,63,7.27,15,29,14,,5,2,3,,https://www.pontul-zilei.com/top-case-de-pariuri-online/,,https://www.pontul-zilei.com/bonusuri-cazino-fara-depunere/,2024-06-15 03:47:26,2026-06-10 15:17:37
bonus bun venit betano,RO,Romania,Romanian,Betano (Organization),true,false,false,true,true,false,Sitelinks,200,49,2.51,0,29,28,,21,2,19,,https://www.pontul-zilei.com/agentie/betano/,,https://www.pontul-zilei.com/bonusuri-cazino/bonus-de-bun-venit/betano-bonusuri-de-bun-venit/,2024-06-19 19:47:32,2026-06-02 09:48:27
fortuna rotiri gratuite fara depunere,RO,Romania,Romanian,Fortuna Casino (Organization),true,false,false,true,true,false,Sitelinks,400,53,1.53,0,29,29,,70,5,65,,https://www.pontul-zilei.com/pariuri-online/50-ron-bonus-fara-depunere-de-la-fortuna/,,https://www.pontul-zilei.com/bonusuri-cazino/bonusuri-fara-depunere/fortuna-bonus-fara-depunere/,2024-06-26 18:51:22,2026-05-23 18:43:49
lucky seven rotiri gratuite,RO,Romania,Romanian,Lucky Seven (Organization),true,false,false,true,true,false,Sitelinks,600,64,0.58,,29,,,,7,New,,,,https://www.pontul-zilei.com/bonusuri-cazino/bonusuri-fara-depunere/lucky-seven-bonus-fara-depunere/,,2026-06-24 06:35:38
las vegas rotiri,RO,Romania,Romanian,Las Vegas (Location),false,true,false,true,true,false,"Sitelinks, Bottom ads",200,56,1.74,0,29,29,,60,2,58,,https://www.pontul-zilei.com/agentie/las-vegas/,,https://www.pontul-zilei.com/bonusuri-cazino/bonusuri-fara-depunere/las-vegas-bonus-fara-depunere/,2024-06-26 10:51:18,2026-06-24 12:02:47
login superbet,RO,Romania,English,Superbet (Organization),true,false,true,false,false,true,"Sitelinks, Image pack, Video preview",400,13,1.13,28,,,,5,,Lost,,https://www.pontul-zilei.com/agentie/superbet/,,,2024-06-24 18:52:26,
unibet bonus fara depunere,RO,Romania,Romanian,Unibet (Organization),true,false,false,true,true,false,"Featured snippet, Sitelinks",400,59,1.41,0,28,28,,63,5,58,,https://www.pontul-zilei.com/articole-pariuri-sportive/unda-verde-pentru-participarea-lui-djokovic-la-jocurile-olimpice/,,https://www.pontul-zilei.com/bonusuri-cazino/bonusuri-fara-depunere/unibet-bonus-fara-depunere/,2024-06-20 00:52:20,2026-06-20 04:53:22
pacanele ro,RO,Romania,Romanian,,false,false,false,true,true,false,Sitelinks,3500,71,1.07,,28,,,,15,New,,,,https://www.pontul-zilei.com/agentie/pacanele-ro/,,2026-06-20 20:30:28
bonus de bun venit betano,RO,Romania,Romanian,Betano (Organization),true,false,false,true,true,false,Sitelinks,200,49,1.21,0,28,28,,25,2,23,,https://www.pontul-zilei.com/agentie/betano/,,https://www.pontul-zilei.com/bonusuri-cazino/bonus-de-bun-venit/betano-bonusuri-de-bun-venit/,2024-06-10 10:06:07,2026-05-29 14:10:09
bonusuri cazino fara depunere,RO,Romania,Romanian,,false,false,false,true,true,false,,200,76,3.47,0,28,28,,21,2,19,,https://www.pontul-zilei.com/bonusuri-cazino-fara-depunere/,,https://www.pontul-zilei.com/bonusuri-cazino-fara-depunere/,2024-06-24 20:51:24,2026-06-11 13:10:53
player casino bonus,RO,Romania,English,Player Casino (Organization),true,false,false,true,true,false,Sitelinks,250,40,1.86,2,28,26,,14,3,11,,https://www.pontul-zilei.com/agentie/player/,,https://www.pontul-zilei.com/bonusuri-cazino/bonusuri-fara-depunere/player-bonus-fara-depunere/,2024-06-10 06:04:32,2026-05-23 16:07:30
las vegas rotiri fara depunere,RO,Romania,Romanian,Las Vegas (Location),false,true,false,true,true,false,Sitelinks,200,60,2.13,0,28,28,,63,2,61,,https://www.pontul-zilei.com/agentie/las-vegas/,,https://www.pontul-zilei.com/bonusuri-cazino/bonusuri-fara-depunere/las-vegas-bonus-fara-depunere/,2024-06-08 07:36:47,2026-06-20 09:38:19
totalbet. ro,RO,Romania,,TotalBet (Organization),true,false,true,false,false,false,"Sitelinks, Image pack, Video preview",600,0,0.93,28,,,,7,,Lost,,https://www.pontul-zilei.com/agentie/total-bet/,,,2024-06-24 17:00:46,
case de pariuri,RO,Romania,Romanian,,false,false,false,true,true,false,Sitelinks,800,74,5.83,0,28,28,,35,7,28,,https://www.pontul-zilei.com/top-case-de-pariuri-online/,,https://www.pontul-zilei.com/top-case-de-pariuri-online/,2024-06-24 22:25:31,2026-06-16 17:35:22
mr bit rotiri gratuite,RO,Romania,Romanian,MrBit (Organization),true,false,false,true,true,false,,600,60,1.28,,28,,,,7,New,,,,https://www.pontul-zilei.com/bonusuri-cazino/bonusuri-fara-depunere/mr-bit-bonus-fara-depunere/,,2026-06-15 12:28:39
free spin casino,RO,Romania,English,,false,false,false,true,true,false,,450,72,1.79,,28,,,,6,New,,,,https://www.pontul-zilei.com/bonusuri-cazino-fara-depunere/,,2026-06-12 15:53:23
don.ro casino,RO,Romania,Romanian,Don.ro (Organization),true,false,false,true,true,false,Sitelinks,600,0,1.18,4,28,23,,15,7,8,,https://www.pontul-zilei.com/agentie/don-ro/,,https://www.pontul-zilei.com/Bonus,2024-06-24 04:22:29,2026-06-15 03:26:22
las vegas rotiri gratuite fara depunere,RO,Romania,Romanian,Las Vegas (Location),false,true,false,true,true,false,Sitelinks,200,53,2.01,0,28,28,,67,2,65,,https://www.pontul-zilei.com/bonusuri-cazino-fara-depunere/,,https://www.pontul-zilei.com/bonusuri-cazino/bonusuri-fara-depunere/las-vegas-bonus-fara-depunere/,2024-06-15 18:49:19,2026-05-20 08:34:29
cazinouri noi cu bonus fara depunere,RO,Romania,Romanian,,false,false,false,true,true,false,Sitelinks,200,76,1.00,0,27,27,,21,2,19,,https://www.pontul-zilei.com/bonusuri-cazino-fara-depunere/,,https://www.pontul-zilei.com/bonusuri-cazino-fara-depunere/,2024-06-20 13:14:03,2026-06-21 18:54:25
fara depunere casino,RO,Romania,Romanian,,false,false,false,true,true,false,,200,74,3.94,0,27,27,,45,2,43,,https://www.pontul-zilei.com/bonusuri-cazino-fara-depunere/,,https://www.pontul-zilei.com/bonusuri-cazino-fara-depunere/,2024-06-24 23:06:51,2026-06-07 07:22:59
888 bonus fara depunere,RO,Romania,Romanian,888 Casino (Organization),true,false,false,true,true,false,,350,64,1.18,0,27,27,,47,5,42,,https://www.pontul-zilei.com/bonusuri-cazino-fara-depunere/,,https://www.pontul-zilei.com/bonusuri-cazino/bonusuri-fara-depunere/888casino-bonus-fara-depunere/,2024-06-19 22:29:57,2026-05-30 03:46:35
bonusuri,RO,Romania,Romanian,,false,false,false,true,true,false,,700,70,1.81,0,27,27,,57,4,53,,https://www.pontul-zilei.com/top-case-de-pariuri-online/,,https://www.pontul-zilei.com/bonusuri-cazino-fara-depunere/,2024-06-13 18:13:51,2026-06-15 09:02:13
milion.ro casino,RO,Romania,Romanian,Million Casino (Organization),true,false,true,true,true,true,Sitelinks,600,59,,0,27,27,,33,7,26,,https://www.pontul-zilei.com/agentie/million/,,https://www.pontul-zilei.com/bonusuri-cazino/bonusuri-fara-depunere/million-bonus-fara-depunere/,2024-06-12 16:57:48,2026-06-09 06:13:08
combinatii loto italia,RO,Romania,Romanian,"Lotto (Event), Italy (Location)",false,false,false,true,false,false,,300,21,0.34,2,27,25,,11,4,7,,https://www.pontul-zilei.com/articole-pariuri-sportive/loto-italia-keno-afla-acum-cand-si-unde-poti-paria/,,https://www.pontul-zilei.com/articole-pariuri-sportive/loto-italia-keno-afla-acum-cand-si-unde-poti-paria/,2024-06-21 21:03:05,2026-06-17 02:22:58
hotspins casino,RO,Romania,English,Hot Spins (Organization),true,false,false,true,true,false,Sitelinks,350,55,0.37,,27,,,,5,New,,,,https://www.pontul-zilei.com/agentie/hot-spins/,,2026-06-16 19:46:00
rotiri gratuite maxbet,RO,Romania,Romanian,MaxBet (Organization),true,false,false,true,true,false,Video preview,450,58,1.94,,27,,,,6,New,,,,https://www.pontul-zilei.com/bonusuri-cazino/bonusuri-fara-depunere/maxbet-bonus-fara-depunere/,,2026-06-14 20:00:00
casino cu rotiri gratuite fara depunere,RO,Romania,Romanian,,false,false,false,true,true,false,Sitelinks,350,72,2.42,0,27,27,,78,5,73,,https://www.pontul-zilei.com/agentie/million/,,https://www.pontul-zilei.com/bonusuri-cazino-fara-depunere/,2024-06-20 00:28:53,2026-05-26 04:48:22
cod bonus maxbet fara depunere,RO,Romania,Romanian,Maxbet (Organization),true,false,false,true,true,false,Sitelinks,300,55,0.85,,27,,,,4,New,,,,https://www.pontul-zilei.com/bonusuri-cazino/bonusuri-fara-depunere/maxbet-bonus-fara-depunere/,,2026-06-01 05:38:43
stanleybet bonus fara depunere,RO,Romania,Romanian,Stanleybet (Organization),true,false,false,true,true,false,Sitelinks,250,46,1.25,2,27,25,,18,3,15,,https://www.pontul-zilei.com/agentie/stanleybet/,,https://www.pontul-zilei.com/bonusuri-cazino/bonusuri-fara-depunere/stanleybet-bonus-fara-depunere/,2024-06-22 14:12:06,2026-06-21 19:41:59
bonus fara depunere netbet,RO,Romania,Romanian,NetBet (Organization),true,false,false,true,true,false,Sitelinks,250,47,1.94,0,26,26,,35,3,32,,https://www.pontul-zilei.com/agentie/netbet/,,https://www.pontul-zilei.com/bonusuri-cazino/bonusuri-fara-depunere/netbet-bonus-fara-depunere/,2024-06-11 14:48:39,2026-05-16 06:10:49
loto grecia combinatii,RO,Romania,Romanian,Greek Kino (Event),true,false,false,true,false,false,Image pack,1600,0,0.41,26,,,,12,,Lost,,https://www.pontul-zilei.com/articole-pariuri-sportive/loto-grecia-kino-cele-mai-bune-strategii-de-joc-ca-sa-iti-cresti-sansele-de-castig/,,,2024-06-23 11:30:18,
bonus la verificarea contului,RO,Romania,Romanian,,false,false,false,true,true,false,,300,75,1.71,0,26,26,,60,4,56,,https://www.pontul-zilei.com/bonusuri-cazino-fara-depunere/,,https://www.pontul-zilei.com/bonusuri-cazino-fara-depunere/,2024-06-11 04:38:50,2026-06-17 04:55:41
faradepunere,RO,Romania,Romanian,,false,false,false,true,true,false,,300,72,2.20,1,26,25,,17,4,13,,https://www.pontul-zilei.com/bonusuri-cazino-fara-depunere/,,https://www.pontul-zilei.com/bonusuri-cazino-fara-depunere/,2024-06-19 20:41:27,2026-06-02 21:35:05
rotiri gratis fara depunere,RO,Romania,Romanian,,false,false,false,true,true,false,Sitelinks,350,72,2.60,0,26,26,,61,5,56,,https://www.pontul-zilei.com/bonusuri-cazino-fara-depunere/,,https://www.pontul-zilei.com/bonusuri-cazino-fara-depunere/,2024-06-26 08:46:18,2026-05-20 22:06:05
stanleybet cod bonus,RO,Romania,English,Stanleybet (Organization),true,false,false,true,true,false,,200,58,2.73,0,26,26,,53,2,51,,https://www.pontul-zilei.com/ponturipariuri/ponturile-zilei-din-tenis-marti-18-iunie-2024/,,https://www.pontul-zilei.com/bonusuri-cazino/bonusuri-fara-depunere/stanleybet-bonus-fara-depunere/,2024-06-18 22:29:07,2026-06-17 07:52:06
rotiri fara depunere 2024,RO,Romania,Romanian,,false,false,false,true,true,false,Sitelinks,200,70,2.85,0,26,26,,36,2,34,,https://www.pontul-zilei.com/agentie/elite-slots/,,https://www.pontul-zilei.com/bonusuri-cazino-fara-depunere/,2024-06-18 01:26:17,2026-05-29 12:43:48
admiral rotiri gratuite,RO,Romania,Romanian,Admiral (Organization),true,false,false,true,true,false,,200,58,3.60,,26,,,,2,New,,,,https://www.pontul-zilei.com/bonusuri-cazino/bonusuri-fara-depunere/admiral-bonus-fara-depunere/,,2026-06-02 05:40:28
betano online,RO,Romania,English,Betano (Organization),true,false,false,true,true,false,"Top ads, Paid sitelinks, Sitelinks, Video preview, Bottom ads",300,25,1.89,26,,,,4,,Lost,,https://www.pontul-zilei.com/agentie/betano/,,,2024-06-26 06:10:41,
frank casino 100 rotiri gratuite,RO,Romania,Romanian,Frank Casino (Organization),true,false,false,true,true,false,,500,47,1.08,0,26,26,,99,7,92,,https://www.pontul-zilei.com/agentie/betmen/,,https://www.pontul-zilei.com/bonusuri-cazino/bonusuri-fara-depunere/frank-casino-bonus-fara-depunere/,2024-06-15 02:31:49,2026-06-16 10:45:37
betano rotiri gratuite,RO,Romania,Romanian,Betano (Organization),true,false,false,true,true,false,Video preview,2000,52,2.10,4,26,22,,22,13,9,,https://www.pontul-zilei.com/agentie/betano/,,https://www.pontul-zilei.com/bonusuri-cazino/bonusuri-fara-depunere/betano-casino-bonus-fara-depunere/,2024-06-27 22:03:36,2026-06-22 15:05:06
bonus las vegas,RO,Romania,English,Las Vegas (Location),false,true,false,true,true,false,Sitelinks,200,50,1.19,0,26,26,,34,2,32,,https://www.pontul-zilei.com/agentie/las-vegas/,,https://www.pontul-zilei.com/bonusuri-cazino/bonusuri-fara-depunere/las-vegas-bonus-fara-depunere/,2024-06-07 22:08:25,2026-05-27 05:34:27
cod bonus stanleybet,RO,Romania,Romanian,Stanleybet (Organization),true,false,false,true,true,false,Sitelinks,200,58,1.90,,26,,,,3,New,,,,https://www.pontul-zilei.com/bonusuri-cazino/bonusuri-fara-depunere/stanleybet-bonus-fara-depunere/,,2026-06-17 20:29:24
bonus de bun venit casino,RO,Romania,Romanian,,false,false,false,true,true,false,,150,68,5.75,0,26,26,,78,2,76,,https://www.pontul-zilei.com/bonusuri-cazino-fara-depunere/,,https://www.pontul-zilei.com/bonusuri-cazino-fara-depunere/,2024-06-09 14:50:04,2026-06-26 15:25:06
loto italia 20 90 combinatii,RO,Romania,Romanian,Loto Italia 20/90 (Event),true,false,false,true,false,false,,400,33,0.28,5,25,21,,9,6,3,,https://www.pontul-zilei.com/articole-pariuri-sportive/loto-italia-keno-afla-acum-cand-si-unde-poti-paria/,,https://www.pontul-zilei.com/articole-pariuri-sportive/loto-italia-keno-afla-acum-cand-si-unde-poti-paria/,2024-06-16 01:11:22,2026-06-08 05:15:28
cod bonus betano,RO,Romania,Romanian,Betano (Organization),true,false,false,true,true,false,"Top ads, Paid sitelinks, Sitelinks, Bottom ads",400,41,1.77,0,25,25,,55,6,49,,https://www.pontul-zilei.com/agentie/betano/,,https://www.pontul-zilei.com/bonusuri-cazino/bonusuri-fara-depunere/betano-casino-bonus-fara-depunere/,2024-06-23 02:46:14,2026-05-14 00:54:58
pariuri fara depunere,RO,Romania,Romanian,,false,false,false,true,true,false,Sitelinks,350,63,2.73,14,25,11,,4,5,-1,,https://www.pontul-zilei.com/top-case-de-pariuri-online/,,https://www.pontul-zilei.com/bonusuri-cazino-fara-depunere/,2024-06-25 17:31:22,2026-05-24 04:09:11
pontul zilei lavinia,RO,Romania,Romanian,Lavinia (Person),false,false,false,true,false,false,,350,48,0.70,41,25,-16,,4,5,-1,,https://www.pontul-zilei.com/category/ponturi-pariuri/,,https://www.pontul-zilei.com/category/ponturi-pariuri/,2024-06-12 18:30:15,2026-05-23 04:18:02
magnum bet bonus fara depunere,RO,Romania,Romanian,Magnum Bet (Organization),true,false,false,true,true,false,Sitelinks,400,49,0.90,0,25,25,,26,6,20,,https://www.pontul-zilei.com/agentie/magnumbet/,,https://www.pontul-zilei.com/bonusuri-cazino/bonusuri-fara-depunere/magnumbet-bonus-fara-depunere/,2024-06-27 19:41:01,2026-05-18 09:51:52
jocuri cazino fara depunere,RO,Romania,Romanian,,false,false,false,true,true,false,,150,77,3.23,1,25,25,,19,2,17,,https://www.pontul-zilei.com/bonusuri-cazino-fara-depunere/,,https://www.pontul-zilei.com/bonusuri-cazino-fara-depunere/,2024-06-24 20:02:44,2026-05-17 22:59:56
combinatii grecia kino,RO,Romania,Romanian,Grecia Kino (Event),true,false,false,true,false,false,Image pack,1000,0,,25,,,,10,,Lost,,https://www.pontul-zilei.com/articole-pariuri-sportive/loto-grecia-kino-cele-mai-bune-strategii-de-joc-ca-sa-iti-cresti-sansele-de-castig/,,,2024-06-22 21:55:37,
pronosticuri tenis,RO,Romania,Romanian,,false,false,false,true,false,false,"Sitelinks, Image pack, Video preview",200,7,0.70,25,,,,6,,Lost,,https://www.pontul-zilei.com/category/ponturi-pariuri/ponturi-pariuri-tenis/,,,2024-06-15 19:36:59,
elite slots casino,RO,Romania,English,Elite Slots (Organization),true,false,true,true,true,false,Sitelinks,500,58,0.76,13,25,11,,8,7,1,,https://www.pontul-zilei.com/agentie/elite-slots/,,https://www.pontul-zilei.com/agentie/elite-slots/,2024-06-22 07:32:00,2026-06-24 22:37:37
pariul zilei,RO,Romania,Romanian,Daily Bet (Event),false,false,false,true,false,false,"Top stories, Thumbnail, Video preview, Image pack",300,36,0.28,25,,,,8,,Lost,,https://www.pontul-zilei.com/category/biletul-zilei/,,,2024-06-27 00:31:47,
case de pariuri online,RO,Romania,Romanian,,false,false,false,true,true,false,,350,72,4.50,1,25,23,,19,7,12,,https://www.pontul-zilei.com/top-case-de-pariuri-online/,,https://www.pontul-zilei.com/top-case-de-pariuri-online/,2024-06-26 17:43:30,2026-06-13 03:12:20
bonusuri cazino,RO,Romania,Romanian,,false,false,false,true,true,false,,150,75,5.54,0,25,25,,34,2,32,,https://www.pontul-zilei.com/bonusuri-cazino-fara-depunere/,,https://www.pontul-zilei.com/bonusuri-cazino-fara-depunere/,2024-06-10 07:49:39,2026-05-22 18:41:43
netbet rotiri fara depunere,RO,Romania,Romanian,NetBet (Organization),true,false,false,true,true,false,,200,46,1.54,0,25,25,,65,3,62,,https://www.pontul-zilei.com/biletul-zilei/biletul-zilei-sambata-25-mai-2024-cota-2-22-castig-potential-666-ron/,,https://www.pontul-zilei.com/bonusuri-cazino/bonusuri-fara-depunere/netbet-bonus-fara-depunere/,2024-05-27 14:02:13,2026-05-22 10:52:27
bonus fara depunere instant,RO,Romania,Romanian,,false,false,false,true,true,false,Sitelinks,150,73,4.21,0,24,24,,76,2,74,,https://www.pontul-zilei.com/agentie/million/,,https://www.pontul-zilei.com/bonusuri-cazino-fara-depunere/,2024-06-20 11:24:29,2026-05-28 09:19:24
grecia combinații,RO,Romania,Romanian,,false,false,false,true,false,false,,300,26,1.53,1,24,24,,21,5,16,,https://www.pontul-zilei.com/articole-pariuri-sportive/loto-grecia-kino-cele-mai-bune-strategii-de-joc-ca-sa-iti-cresti-sansele-de-castig/,,https://www.pontul-zilei.com/articole-pariuri-sportive/loto-grecia-kino-cele-mai-bune-strategii-de-joc-ca-sa-iti-cresti-sansele-de-castig/,2024-06-24 07:17:34,2026-05-22 23:35:56
aplicatia gets bet,RO,Romania,Romanian,GetsBet (Organization),true,false,false,true,true,true,Sitelinks,250,47,0.19,,24,,,,4,New,,,,https://www.pontul-zilei.com/blog/gets-bet-aplicatie/,,2026-06-12 21:06:06
scanare bilet superbet,RO,Romania,Romanian,Superbet (Organization),true,false,false,true,false,false,"Sitelinks, Video preview",2400,40,1.13,,24,,,,14,New,,,,https://www.pontul-zilei.com/blog,,2026-06-15 02:35:52
player casino rotiri gratuite,RO,Romania,Romanian,Player Casino (Organization),true,false,false,true,true,false,,150,59,1.78,2,24,23,,16,2,14,,https://www.pontul-zilei.com/agentie/player/,,https://www.pontul-zilei.com/bonusuri-cazino/bonusuri-fara-depunere/player-bonus-fara-depunere/,2024-06-20 18:45:17,2026-06-18 05:06:21
superbet rotiri gratuite fara depunere,RO,Romania,Romanian,Superbet (Organization),true,false,false,true,true,false,,500,53,4.77,0,24,24,,41,7,34,,https://www.pontul-zilei.com/agentie/superbet/,,https://www.pontul-zilei.com/bonusuri-cazino/bonusuri-fara-depunere/superbet-bonus-fara-depunere/,2024-06-23 19:49:19,2026-05-14 14:44:35
rotiri gratuite fara depunere las vegas,RO,Romania,Romanian,Las Vegas (Location),false,true,false,true,true,false,Sitelinks,150,54,3.29,0,24,24,,82,2,80,,https://www.pontul-zilei.com/agentie/las-vegas/,,https://www.pontul-zilei.com/bonusuri-cazino/bonusuri-fara-depunere/las-vegas-bonus-fara-depunere/,2024-06-21 00:00:23,2026-06-03 22:27:03
bonus rotiri gratuite,RO,Romania,Romanian,,false,false,false,true,true,false,,300,74,4.89,,24,,,,5,New,,,,https://www.pontul-zilei.com/bonusuri-cazino-fara-depunere/,,2026-06-20 20:16:34
cartonas rosu,RO,Romania,Romanian,Red Card (Event),false,false,false,true,false,false,"Image pack, Thumbnail, Video preview",600,0,0.03,24,,,,1,,Lost,Image pack,https://www.pontul-zilei.com/articole-pariuri-sportive/cartonas-rosu-ce-este-cand-se-acorda-pariuri/,,,2024-06-10 09:13:04,
pariuri sportive total bet ro,RO,Romania,Romanian,TotalBet (Organization),true,false,true,true,true,true,Image pack,1900,0,0.84,24,,,,13,,Lost,,https://www.pontul-zilei.com/agentie/total-bet/,,,2024-06-25 04:22:00,
ponturi pariuri tenis,RO,Romania,Romanian,,false,false,false,true,true,false,"Top stories, Thumbnail, Video preview, Image pack",250,7,0.82,24,,,,6,,Lost,,https://www.pontul-zilei.com/category/ponturi-pariuri/ponturi-pariuri-tenis/,,,2024-06-11 06:28:50,
gets bet rotiri gratuite,RO,Romania,Romanian,Get's Bet (Organization),true,false,false,true,true,false,,300,53,0.19,0,24,24,,47,5,42,,https://www.pontul-zilei.com/agentie/gets-bet/,,https://www.pontul-zilei.com/bonusuri-cazino/bonusuri-fara-depunere/getsbet-bonus-fara-depunere/,2024-06-13 08:59:14,2026-05-25 03:11:26
bonus rotiri fara depunere,RO,Romania,Romanian,,false,false,false,true,true,false,,250,74,5.05,0,24,24,,50,4,46,,https://www.pontul-zilei.com/bonusuri-cazino-fara-depunere/,,https://www.pontul-zilei.com/bonusuri-cazino-fara-depunere/,2024-06-22 17:39:45,2026-06-12 11:56:11
bonusuri pariuri,RO,Romania,Romanian,,false,false,false,true,true,false,Sitelinks,200,65,6.25,7,23,17,,4,4,,,https://www.pontul-zilei.com/top-case-de-pariuri-online/,,https://www.pontul-zilei.com/top-case-de-pariuri-online/,2024-06-06 15:20:00,2026-06-14 23:00:23
rotiri fara depunere si fara rulaj,RO,Romania,Romanian,,false,false,false,true,true,false,,200,65,4.87,0,23,23,,41,3,38,,https://www.pontul-zilei.com/bonusuri-cazino-fara-depunere/,,https://www.pontul-zilei.com/bonusuri-cazino-fara-depunere/,2024-06-14 12:00:42,2026-05-30 01:29:35
verificare card las vegas,RO,Romania,Romanian,Las Vegas (Location),false,true,false,true,false,false,,700,12,0.96,0,23,23,,68,9,59,,https://www.pontul-zilei.com/agentie/nitro-casino/,,https://www.pontul-zilei.com/blog/las-vegas-verificare-cont/,2024-06-27 20:41:36,2026-06-20 23:39:32
casino online cu bonus fara depunere,RO,Romania,Romanian,,false,false,false,true,true,false,,250,77,1.97,0,23,23,,27,4,23,,https://www.pontul-zilei.com/bonusuri-cazino-fara-depunere/,,https://www.pontul-zilei.com/bonusuri-cazino-fara-depunere/,2024-06-25 09:57:41,2026-05-28 20:03:44
gets bet pariuri sportive,RO,Romania,Romanian,Get's Bet (Organization),true,false,true,true,true,true,Sitelinks,4500,57,0.99,0,23,23,,31,17,14,,https://www.pontul-zilei.com/articole-pariuri-sportive/ce-inseamna-sub-peste-15-25-35-45/,,https://www.pontul-zilei.com/agentie/gets-bet/,2024-06-26 15:17:38,2026-06-17 20:50:19
oferte winner,RO,Romania,Romanian,Winner (Organization),true,false,false,true,true,false,Image pack,200,0,,23,,,,3,,Lost,,https://www.pontul-zilei.com/agentie/winner/,,,2024-06-09 17:08:10,
milion cazino,RO,Romania,Romanian,Million Casino (Organization),true,false,false,true,true,false,Sitelinks,500,43,,0,23,23,,38,7,31,,https://www.pontul-zilei.com/agentie/million/,,https://www.pontul-zilei.com/agentie/million/,2024-06-24 19:29:56,2026-06-16 02:39:29
casino romania bonus fara depunere,RO,Romania,Romanian,Romania (Location),false,false,false,true,true,false,,200,72,2.10,0,23,23,,31,3,28,,https://www.pontul-zilei.com/bonusuri-cazino-fara-depunere/,,https://www.pontul-zilei.com/bonusuri-cazino-fara-depunere/,2024-06-11 04:58:47,2026-06-20 14:12:26
pacanele online fara depunere,RO,Romania,Romanian,,false,false,false,true,false,false,Sitelinks,200,73,1.76,0,23,23,,75,3,72,,https://www.pontul-zilei.com/bonusuri-cazino-fara-depunere/,,https://www.pontul-zilei.com/bonusuri-cazino-fara-depunere/,2024-06-16 13:00:42,2026-06-18 19:42:55
107 rotiri seven casino,RO,Romania,Romanian,Seven Casino (Organization),true,false,false,true,true,false,,400,0,1.13,23,,,,6,,Lost,,https://www.pontul-zilei.com/agentie/seven/,,,2024-06-18 23:50:08,
bonus fara depunere casino strainatate,RO,Romania,Romanian,,false,false,false,true,true,false,Sitelinks,250,39,1.09,0,23,23,,39,4,35,,https://www.pontul-zilei.com/bonusuri-cazino-fara-depunere/,,https://www.pontul-zilei.com/bonusuri-cazino-fara-depunere/,2024-06-17 00:47:24,2026-05-26 13:28:07
bonus fara depunere las vegas,RO,Romania,Romanian,Las Vegas (Location),false,true,false,true,true,false,Sitelinks,150,55,3.38,0,23,23,,74,2,72,,https://www.pontul-zilei.com/agentie/las-vegas/,,https://www.pontul-zilei.com/bonusuri-cazino/bonusuri-fara-depunere/las-vegas-bonus-fara-depunere/,2024-06-12 08:19:12,2026-06-16 00:00:06
bonus fara depunere cazino,RO,Romania,Romanian,,false,false,false,true,true,false,Sitelinks,150,74,5.82,0,23,22,,26,2,24,,https://www.pontul-zilei.com/bonusuri-cazino-fara-depunere/,,https://www.pontul-zilei.com/bonusuri-cazino-fara-depunere/,2024-06-16 02:43:16,2026-05-19 18:32:38
sloturi online bonus fara depunere,RO,Romania,Romanian,,false,false,false,true,true,false,Sitelinks,200,76,1.79,0,23,22,,25,3,22,,https://www.pontul-zilei.com/bonusuri-cazino-fara-depunere/,,https://www.pontul-zilei.com/bonusuri-cazino-fara-depunere/,2024-06-19 19:10:01,2026-06-02 16:24:51
player rotiri gratuite,RO,Romania,Romanian,,false,false,false,true,false,false,Sitelinks,150,53,1.28,5,22,18,,10,2,8,,https://www.pontul-zilei.com/agentie/player/,,https://www.pontul-zilei.com/bonusuri-cazino/bonusuri-fara-depunere/player-bonus-fara-depunere/,2024-06-20 21:50:34,2026-06-10 10:37:36
cele mai bune case de pariuri,RO,Romania,Romanian,,false,false,false,true,true,false,,150,67,5.83,0,22,22,,21,3,18,,https://www.pontul-zilei.com/top-case-de-pariuri-online/,,https://www.pontul-zilei.com/top-case-de-pariuri-online/,2024-06-15 00:34:34,2026-06-19 22:15:36
rotiri gratuite las vegas,RO,Romania,Romanian,Las Vegas (Organization),true,true,false,true,true,false,Sitelinks,150,59,2.60,,22,,,,2,New,,,,https://www.pontul-zilei.com/bonusuri-cazino/bonusuri-fara-depunere/las-vegas-bonus-fara-depunere/,,2026-06-26 05:20:41
bonus fara depunere player,RO,Romania,Romanian,Player (Organization),true,false,false,true,true,false,Sitelinks,150,50,8.11,6,22,16,,8,2,6,,https://www.pontul-zilei.com/agentie/player/,,https://www.pontul-zilei.com/bonusuri-cazino/bonusuri-fara-depunere/player-bonus-fara-depunere/,2024-06-16 00:55:19,2026-05-20 05:08:24
pontul zilei fotbal,RO,Romania,Romanian,Pontul Zilei (Organization),true,false,false,true,false,false,,90,58,0.48,27,22,-5,,2,5,-3,,https://www.pontul-zilei.com/,,https://www.pontul-zilei.com/,2024-06-11 20:57:45,2026-06-16 23:29:22
cod bonus fara depunere,RO,Romania,Romanian,,false,false,false,true,true,false,,250,70,1.24,,22,,,,4,New,,,,https://www.pontul-zilei.com/bonusuri-cazino-fara-depunere/,,2026-05-29 07:02:22
frank casino bonus fara depunere,RO,Romania,Romanian,Frank Casino (Organization),true,false,false,true,true,false,Sitelinks,450,48,1.06,0,22,22,,58,7,51,,https://www.pontul-zilei.com/euro-2024/euro-2024-scotia-vs-ungaria/,,https://www.pontul-zilei.com/bonusuri-cazino/bonusuri-fara-depunere/frank-casino-bonus-fara-depunere/,2024-06-22 21:01:43,2026-06-13 17:17:55
bonus inregistrare,RO,Romania,Romanian,,false,false,false,true,true,false,,300,69,5.54,,22,,,,5,New,,,,https://www.pontul-zilei.com/bonusuri-cazino-fara-depunere/,,2026-05-28 03:43:24
betano promotii,RO,Romania,Romanian,Betano (Organization),true,false,false,true,true,false,Sitelinks,150,24,0.86,0,22,22,,28,2,26,,https://www.pontul-zilei.com/agentie/betano/,,https://www.pontul-zilei.com/bonusuri-cazino/bonusuri-fara-depunere/betano-casino-bonus-fara-depunere/,2024-06-10 02:58:08,2026-05-19 22:42:40
verificare bilet smart bet,RO,Romania,Romanian,Smart Bet (Organization),true,false,true,true,false,false,Sitelinks,300,64,0.78,33,22,-11,,4,5,-1,,https://www.pontul-zilei.com/agentie/smart-bet/,,https://www.pontul-zilei.com/agentie/smart-bet/,2024-06-22 20:57:55,2026-06-13 20:56:48
getsbet bonus fara depunere,RO,Romania,Romanian,GetsBet (Organization),true,false,false,true,true,false,,300,56,0.19,0,22,22,,39,5,34,,https://www.pontul-zilei.com/agentie/gets-bet/,,https://www.pontul-zilei.com/bonusuri-cazino/bonusuri-fara-depunere/getsbet-bonus-fara-depunere/,2024-06-26 12:54:14,2026-05-29 06:50:45
conti bonus fara depunere,RO,Romania,Romanian,Conti Casino Bonus (Event),true,false,false,true,true,false,Sitelinks,200,52,0.98,0,22,22,,56,3,53,,https://www.pontul-zilei.com/bonusuri-cazino-fara-depunere/,,https://www.pontul-zilei.com/bonusuri-cazino/bonusuri-fara-depunere/conticazino-bonus-fara-depunere/,2024-06-09 10:37:50,2026-06-06 13:33:50
hot spins,RO,Romania,English,Hot Spins (Organization),true,false,false,true,true,false,Sitelinks,300,59,0.83,,22,,,,5,New,,,,https://www.pontul-zilei.com/agentie/hot-spins/,,2026-06-21 06:44:43
elite slots 111 rotiri gratuite,RO,Romania,Romanian,Elite Slots (Organization),true,false,false,true,true,false,"Sitelinks, Image pack",250,3,1.04,22,,,,4,,Lost,,https://www.pontul-zilei.com/agentie/elite-slots/,,,2024-06-14 00:36:29,
cod promoțional betano,RO,Romania,Romanian,Betano (Organization),true,false,false,true,true,true,"Sitelinks, Video preview",450,52,,,22,,,,7,New,,,,https://www.pontul-zilei.com/bonusuri-cazino/bonusuri-fara-depunere/betano-casino-bonus-fara-depunere/,,2026-06-26 06:27:42
bonus winner,RO,Romania,English,Winner Casino (Organization),true,false,false,true,true,false,Sitelinks,150,54,3.47,2,22,19,,12,2,10,,https://www.pontul-zilei.com/agentie/winner/,,https://www.pontul-zilei.com/bonusuri-cazino/bonusuri-fara-depunere/winner-bonus-fara-depunere/,2024-06-14 01:40:53,2026-05-19 11:32:45
cod bonus getsbet,RO,Romania,Romanian,GetsBet (Organization),true,false,false,true,true,false,,200,52,0.97,,21,,,,3,New,,,,https://www.pontul-zilei.com/bonusuri-cazino/bonusuri-fara-depunere/getsbet-bonus-fara-depunere/,,2026-05-19 22:39:36
pronostic fotbal,RO,Romania,Romanian,,false,false,false,true,false,false,"Video preview, Image pack",300,14,0.81,21,,,,7,,Lost,,https://www.pontul-zilei.com/category/ponturi-pariuri/ponturi-fotbal/,,,2024-06-21 19:09:07,
millions casino,RO,Romania,English,Million Casino (Organization),true,false,false,true,true,false,Sitelinks,350,55,1.13,,21,,,,6,New,,,,https://www.pontul-zilei.com/agentie/million/,,2026-06-05 17:11:57
bonusuri de bun venit,RO,Romania,Romanian,,false,false,false,true,true,false,,350,64,5.32,,21,,,,6,New,,,,https://www.pontul-zilei.com/bonusuri-cazino-fara-depunere/,,2026-06-09 23:40:27
loto keno italia,RO,Romania,Romanian,Italia Keno (Event),true,false,false,true,false,false,,3300,42,0.13,3,21,18,,18,16,2,Image pack,https://www.pontul-zilei.com/articole-pariuri-sportive/loto-italia-keno-afla-acum-cand-si-unde-poti-paria/,,https://www.pontul-zilei.com/articole-pariuri-sportive/loto-italia-keno-afla-acum-cand-si-unde-poti-paria/,2024-06-27 03:06:19,2026-06-21 23:32:46
fortuna casino bonus,RO,Romania,English,Fortuna Casino (Organization),true,false,false,true,true,false,Sitelinks,350,64,0.80,0,21,21,,46,6,40,,https://www.pontul-zilei.com/agentie/fortuna/,,https://www.pontul-zilei.com/bonusuri-cazino/bonusuri-fara-depunere/fortuna-bonus-fara-depunere/,2024-06-10 10:53:02,2026-06-07 11:01:38
casino online rotiri fara depunere,RO,Romania,Romanian,,false,false,false,true,true,false,Sitelinks,150,71,5.12,0,21,21,,35,2,33,,https://www.pontul-zilei.com/bonusuri-cazino-fara-depunere/,,https://www.pontul-zilei.com/bonusuri-cazino-fara-depunere/,2024-06-19 00:04:42,2026-06-15 21:52:23
winmasters bonus fara depunere,RO,Romania,Romanian,Winmasters (Organization),true,false,false,true,true,false,,500,47,0.23,0,21,21,,91,8,83,,https://www.pontul-zilei.com/articole-pariuri-sportive/campionatul-european-2024-grupa-f/,,https://www.pontul-zilei.com/bonusuri-cazino/bonusuri-fara-depunere/winmasters-bonus-fara-depunere/,2024-06-09 10:09:19,2026-06-09 11:42:55
bonus bun venit fara depunere,RO,Romania,Romanian,,false,false,false,true,true,false,,200,69,4.15,0,21,21,,71,4,67,,https://www.pontul-zilei.com/bonusuri-cazino-fara-depunere/,,https://www.pontul-zilei.com/bonusuri-cazino-fara-depunere/,2024-06-14 21:50:19,2026-05-19 08:17:48
rotiri gratuite fara depunere casa pariurilor,RO,Romania,Romanian,,false,false,false,true,true,false,Sitelinks,200,45,1.98,0,21,20,,29,3,26,,https://www.pontul-zilei.com/agentie/casa-pariurilor/,,https://www.pontul-zilei.com/bonusuri-cazino/bonusuri-fara-depunere/casa-pariurilor-bonus-fara-depunere/,2024-06-25 03:58:26,2026-06-20 12:18:59
bonusuri fără depunere,RO,Romania,Romanian,,false,false,false,true,true,false,,200,72,3.25,0,21,21,,51,3,48,,https://www.pontul-zilei.com/bonusuri-cazino-fara-depunere/,,https://www.pontul-zilei.com/bonusuri-cazino-fara-depunere/,2024-06-18 20:48:44,2026-06-09 08:15:35
cod bonus player casino,RO,Romania,Romanian,,false,false,false,true,true,false,,150,53,0.99,0,21,20,,27,2,25,,https://www.pontul-zilei.com/agentie/player/,,https://www.pontul-zilei.com/bonusuri-cazino/bonusuri-fara-depunere/player-bonus-fara-depunere/,2024-06-15 23:47:32,2026-06-04 07:44:15
runde gratuite fara depunere,RO,Romania,Romanian,,false,false,false,true,true,false,Sitelinks,350,71,2.42,,20,,,,6,New,,,,https://www.pontul-zilei.com/bonusuri-cazino-fara-depunere/,,2026-05-27 19:32:37
betano cod promo,RO,Romania,Romanian,Betano (Organization),true,false,false,true,true,true,"Sitelinks, Video preview",400,43,2.11,0,20,20,,48,7,41,,https://www.pontul-zilei.com/agentie/betano/,,https://www.pontul-zilei.com/bonusuri-cazino/bonusuri-fara-depunere/betano-casino-bonus-fara-depunere/,2024-06-16 23:40:57,2026-06-10 19:35:12
top casino romania,RO,Romania,English,Romania (Location),false,true,false,true,true,false,,1300,75,2.63,,20,,,,12,New,,,,https://www.pontul-zilei.com/bonusuri-cazino-fara-depunere/,,2026-06-19 05:03:51
bonus casino romania,RO,Romania,English,Romania (Location),false,false,false,true,true,false,,150,74,1.65,0,20,20,,49,3,46,,https://www.pontul-zilei.com/bonusuri-cazino-fara-depunere/,,https://www.pontul-zilei.com/bonusuri-cazino-fara-depunere/,2024-06-20 01:40:39,2026-06-16 19:51:58
aplicatie gets bet,RO,Romania,Romanian,GetsBet (Organization),true,false,false,true,true,true,Sitelinks,150,38,0.78,0,20,20,,27,3,24,,https://www.pontul-zilei.com/agentie/gets-bet/,,https://www.pontul-zilei.com/blog/gets-bet-aplicatie/,2024-06-11 01:27:36,2026-06-08 12:06:55
rotiri gratuite fara verificare,RO,Romania,Romanian,,false,false,false,true,true,false,Sitelinks,150,73,2.22,0,20,20,,59,2,57,,https://www.pontul-zilei.com/agentie/winboss/,,https://www.pontul-zilei.com/bonusuri-cazino-fara-depunere/,2024-06-14 14:49:45,2026-06-20 16:16:24
oferte cazinouri,RO,Romania,Romanian,,false,false,false,true,true,false,Sitelinks,150,75,4.30,0,20,20,,64,2,62,,https://www.pontul-zilei.com/bonusuri-cazino-fara-depunere/,,https://www.pontul-zilei.com/bonusuri-cazino-fara-depunere/,2024-06-16 02:24:19,2026-05-21 04:28:16
promoti casino,RO,Romania,Romanian,,false,false,false,true,true,false,,150,75,3.30,0,20,20,,46,2,44,,https://www.pontul-zilei.com/agentie/elite-slots/,,https://www.pontul-zilei.com/bonusuri-cazino-fara-depunere/,2024-06-22 15:57:14,2026-05-29 07:12:40
rotiri la inregistrare,RO,Romania,Romanian,,false,false,false,true,true,false,,200,72,3.49,,20,,,,4,New,,,,https://www.pontul-zilei.com/bonusuri-cazino-fara-depunere/,,2026-06-05 15:52:08
verificare superbet bilet,RO,Romania,Romanian,Superbet (Organization),true,false,false,true,false,false,"Sitelinks, Video preview",400,51,3.35,0,20,20,,73,7,66,,https://www.pontul-zilei.com/agentie/betmen/,,https://www.pontul-zilei.com/blog/superbet-verificare-bilet/,2024-06-22 05:52:31,2026-05-27 02:10:31
bonus fara depunere si fara rulaj,RO,Romania,Romanian,,false,false,false,true,true,false,Sitelinks,150,69,3.34,0,20,20,,30,2,28,,https://www.pontul-zilei.com/bonusuri-cazino-fara-depunere/,,https://www.pontul-zilei.com/bonusuri-cazino-fara-depunere/,2024-06-16 02:03:32,2026-05-22 11:23:24
las vegas bonus,RO,Romania,English,Las Vegas (Location),false,true,false,true,true,false,Sitelinks,150,57,1.78,0,20,19,,24,3,21,,https://www.pontul-zilei.com/agentie/las-vegas/,,https://www.pontul-zilei.com/bonusuri-cazino/bonusuri-fara-depunere/las-vegas-bonus-fara-depunere/,2024-06-24 06:12:46,2026-06-07 06:34:11
888casino rotiri gratuite,RO,Romania,Romanian,888 Casino (Organization),true,false,false,true,true,false,Sitelinks,350,62,,,20,,,,6,New,,,,https://www.pontul-zilei.com/bonusuri-cazino/bonusuri-fara-depunere/888casino-bonus-fara-depunere/,,2026-05-23 11:51:04
bonus fără depunere,RO,Romania,Romanian,,false,false,false,true,true,false,,1000,72,3.92,0,19,19,,69,11,58,,https://www.pontul-zilei.com/agentie/million/,,https://www.pontul-zilei.com/bonusuri-cazino-fara-depunere/,2024-06-26 07:12:20,2026-06-20 05:48:39
rotiri gratuite 2024,RO,Romania,Romanian,,false,false,false,true,true,false,,150,69,,0,19,19,,91,2,89,,https://www.pontul-zilei.com/agentie/million/,,https://www.pontul-zilei.com/bonusuri-cazino-fara-depunere/,2024-06-16 10:41:08,2026-06-09 17:37:15
pacanele rotiri gratuite fara depunere,RO,Romania,Romanian,,false,false,false,true,true,false,,250,68,2.51,,19,,,,5,New,,,,https://www.pontul-zilei.com/bonusuri-cazino-fara-depunere/,,2026-05-26 18:35:51
case de pariuri cu bonus,RO,Romania,Romanian,,false,false,false,true,true,false,Sitelinks,150,56,7.35,15,19,4,,4,3,1,,https://www.pontul-zilei.com/top-case-de-pariuri-online/,,https://www.pontul-zilei.com/top-case-de-pariuri-online/,2024-06-22 02:26:28,2026-06-10 21:57:13
bonus gets bet,RO,Romania,English,GetsBet (Organization),true,false,false,true,true,false,,200,52,1.40,0,19,19,,41,4,37,,https://www.pontul-zilei.com/agentie/gets-bet/,,https://www.pontul-zilei.com/bonusuri-cazino/bonusuri-fara-depunere/getsbet-bonus-fara-depunere/,2024-06-12 23:02:11,2026-05-27 10:33:46
promotii betano,RO,Romania,Romanian,Betano (Organization),true,false,false,true,true,false,Sitelinks,150,29,2.09,0,19,19,,23,2,21,,https://www.pontul-zilei.com/agentie/betano/,,https://www.pontul-zilei.com/bonusuri-cazino/bonusuri-fara-depunere/betano-casino-bonus-fara-depunere/,2024-06-14 11:13:57,2026-06-02 21:38:35
predictii fotbal azi,RO,Romania,Romanian,,false,false,false,true,false,false,"Image pack, Video preview",250,19,0.53,19,,,,9,,Lost,,https://www.pontul-zilei.com/category/ponturi-pariuri/ponturi-fotbal/,,,2024-06-27 23:16:46,
game world casino bonus fara depunere,RO,Romania,Romanian,Game World Casino (Organization),true,false,false,true,true,false,,250,52,0.17,5,19,14,,9,5,4,,https://www.pontul-zilei.com/agentie/game-world-casino/,,https://www.pontul-zilei.com/bonusuri-cazino/bonusuri-fara-depunere/game-world-casino-bonus-fara-depunere/,2024-06-16 07:03:34,2026-05-22 18:35:26
oferte cazino fara depunere,RO,Romania,Romanian,,false,false,false,true,true,false,Sitelinks,150,73,2.75,0,19,19,,24,2,22,,https://www.pontul-zilei.com/bonusuri-cazino-fara-depunere/,,https://www.pontul-zilei.com/bonusuri-cazino-fara-depunere/,2024-06-26 05:01:54,2026-05-24 06:41:54
predictii pariuri,RO,Romania,Romanian,,false,false,false,true,false,false,"Sitelinks, Video preview",400,29,0.42,19,,,,11,,Lost,,https://www.pontul-zilei.com/category/ponturi-pariuri/,,,2024-06-26 02:57:57,
extragere win for life,RO,Romania,Romanian,Win for Life (Event),true,false,false,true,false,false,,200,2,,2,19,17,,14,4,10,,https://www.pontul-zilei.com/articole-pariuri-sportive/win-for-life-loto-italia-strategii-rezultate-combinatii-sfaturi/,,https://www.pontul-zilei.com/articole-pariuri-sportive/win-for-life-loto-italia-strategii-rezultate-combinatii-sfaturi/,2024-06-06 12:41:06,2026-06-17 02:47:30
schema loto polonia 4 numere,RO,Romania,Romanian,Loto Polonia (Event),true,false,false,true,false,false,"Image pack, Video preview",1600,0,0.44,19,,,,6,,Lost,Image pack,https://www.pontul-zilei.com/articole-pariuri-sportive/multi-polonia-loto-strategii-rezultate-combinatii-sfaturi/,,,2024-06-23 12:17:01,
oferta completa casa pariurilor fotbal,RO,Romania,Romanian,Casa Pariurilor (Organization),true,false,false,true,true,false,"Sitelinks, Video preview",700,51,0.59,31,18,-12,,13,10,3,,https://www.pontul-zilei.com/agentie/casa-pariurilor/,,https://www.pontul-zilei.com/agentie/casa-pariurilor/,2024-06-27 22:47:13,2026-06-11 05:19:45
mozzart bet bonus,RO,Romania,English,Mozzart Bet (Organization),true,false,false,true,true,false,Sitelinks,200,35,1.94,2,18,16,,14,4,10,,https://www.pontul-zilei.com/agentie/mozzart/,,https://www.pontul-zilei.com/bonusuri-cazino/bonusuri-fara-depunere/mozzartbet-bonus-fara-depunere/,2024-06-21 05:51:13,2026-05-20 18:38:08
bonusuri cazinouri,RO,Romania,Romanian,,false,false,false,true,true,false,,100,77,0.54,0,18,18,,44,2,42,,https://www.pontul-zilei.com/bonusuri-cazino-fara-depunere/,,https://www.pontul-zilei.com/bonusuri-cazino-fara-depunere/,2024-06-13 12:58:55,2026-05-19 13:46:59
bonus fara depunere maxbet,RO,Romania,Romanian,MaxBet (Organization),true,false,false,true,true,false,Sitelinks,200,59,3.18,0,18,18,,37,4,33,,https://www.pontul-zilei.com/articole-pariuri-sportive/momente-unice-de-solidaritate-la-munchen-toata-europa-se-inclina/,,https://www.pontul-zilei.com/bonusuri-cazino/bonusuri-fara-depunere/maxbet-bonus-fara-depunere/,2024-06-19 09:55:22,2026-06-16 22:39:16
cazinouri fără rulaj,RO,Romania,Romanian,,false,false,false,true,true,false,Sitelinks,100,57,3.52,0,18,18,,50,2,48,,https://www.pontul-zilei.com/bonusuri-cazino-fara-depunere/,,https://www.pontul-zilei.com/bonusuri-cazino-fara-depunere/,2024-06-24 03:51:11,2026-06-21 23:41:38
superbet fara depunere,RO,Romania,Romanian,Superbet (Organization),true,false,false,true,true,false,Sitelinks,250,56,3.44,1,18,17,,19,5,14,,https://www.pontul-zilei.com/agentie/superbet/,,https://www.pontul-zilei.com/bonusuri-cazino/bonusuri-fara-depunere/superbet-bonus-fara-depunere/,2024-06-19 05:40:41,2026-06-05 10:13:50
top case de pariuri,RO,Romania,Romanian,,false,false,false,true,true,false,Sitelinks,150,62,6.43,3,18,15,,11,4,7,,https://www.pontul-zilei.com/top-case-de-pariuri-online/,,https://www.pontul-zilei.com/top-case-de-pariuri-online/,2024-06-08 18:38:22,2026-05-21 06:49:54
fara depunere fara rulaj,RO,Romania,Romanian,,false,false,false,true,true,false,Sitelinks,100,66,4.00,0,18,18,,33,2,31,,https://www.pontul-zilei.com/bonusuri-cazino-fara-depunere/,,https://www.pontul-zilei.com/bonusuri-cazino-fara-depunere/,2024-06-07 17:24:21,2026-06-20 21:01:18
promotii cazino,RO,Romania,Romanian,,false,false,false,true,true,false,,150,68,2.09,0,18,18,,62,3,59,,https://www.pontul-zilei.com/agentie/don-ro/,,https://www.pontul-zilei.com/bonusuri-cazino-fara-depunere/,2024-06-20 05:50:23,2026-05-27 03:40:26
bonus la depunere fara rulaj,RO,Romania,Romanian,,false,false,false,true,true,false,Sitelinks,200,65,2.56,0,18,18,,58,4,54,,https://www.pontul-zilei.com/bonusuri-cazino-fara-depunere/,,https://www.pontul-zilei.com/bonusuri-cazino-fara-depunere/,2024-06-15 17:03:22,2026-06-07 12:22:29
betano oferta de bun venit,RO,Romania,Romanian,Betano (Organization),true,false,false,true,true,true,Sitelinks,100,49,1.04,0,18,18,,29,2,27,,https://www.pontul-zilei.com/agentie/betano/,,https://www.pontul-zilei.com/bonusuri-cazino/bonus-de-bun-venit/betano-bonusuri-de-bun-venit/,2024-06-13 13:32:08,2026-06-04 21:36:39
million bonus fara depunere,RO,Romania,Romanian,Million Casino Bonus (Event),true,false,false,true,true,false,Sitelinks,150,60,1.43,17,18,1,,5,3,2,,https://www.pontul-zilei.com/agentie/million/,,https://www.pontul-zilei.com/bonusuri-cazino/bonusuri-fara-depunere/million-bonus-fara-depunere/,2024-06-22 10:23:46,2026-06-27 01:02:46
bonus casino fără depunere,RO,Romania,Romanian,,false,false,false,true,true,false,,200,75,2.55,0,18,18,,24,4,20,,https://www.pontul-zilei.com/bonusuri-cazino-fara-depunere/,,https://www.pontul-zilei.com/bonusuri-cazino-fara-depunere/,2024-06-01 00:39:16,2026-06-05 06:12:21
bet men,RO,Romania,Romanian,BetMen (Organization),true,false,false,true,true,false,"Image pack, Video preview, Bottom ads, Paid sitelinks",1800,4,1.10,18,,,,14,,Lost,,https://www.pontul-zilei.com/agentie/betmen/,,,2024-06-26 10:06:34,
italia combinatii,RO,Romania,Romanian,,false,false,false,true,false,false,,150,22,,5,18,13,,9,3,6,,https://www.pontul-zilei.com/articole-pariuri-sportive/loto-italia-keno-afla-acum-cand-si-unde-poti-paria/,,https://www.pontul-zilei.com/articole-pariuri-sportive/loto-italia-keno-afla-acum-cand-si-unde-poti-paria/,2024-06-26 19:45:13,2026-05-29 06:38:02
getsbet pariuri,RO,Romania,,,false,false,false,false,false,false,Sitelinks,1400,57,,,17,,,,13,New,,,,https://www.pontul-zilei.com/agentie/gets-bet/,,2026-06-20 22:06:12
ponturi baschet,RO,Romania,Romanian,,false,false,false,true,true,false,,300,1,0.93,40,17,-23,,6,10,-4,,https://www.pontul-zilei.com/category/ponturi-pariuri/ponturi-baschet/,,https://www.pontul-zilei.com/category/ponturi-pariuri/ponturi-baschet/,2024-06-24 23:49:01,2026-06-27 02:59:36
verificare bilet scanare,RO,Romania,Romanian,,false,false,false,true,false,false,Video preview,1400,25,0.43,,17,,,,13,New,,,,https://www.pontul-zilei.com/blog/superbet-verificare-bilet/,,2026-06-10 00:59:11
sloturi cu bonus fara depunere,RO,Romania,Romanian,,false,false,false,true,true,false,Sitelinks,100,74,2.45,0,17,17,,27,2,25,,https://www.pontul-zilei.com/bonusuri-cazino-fara-depunere/,,https://www.pontul-zilei.com/bonusuri-cazino-fara-depunere/,2024-06-25 22:04:34,2026-06-07 05:47:28
rotiri gratuite cazino,RO,Romania,Romanian,,false,false,false,true,true,false,,150,72,1.72,0,17,17,,69,3,66,,https://www.pontul-zilei.com/bonusuri-cazino-fara-depunere/,,https://www.pontul-zilei.com/bonusuri-cazino-fara-depunere/,2024-06-09 20:21:16,2026-06-26 07:51:28
bonus pariuri,RO,Romania,Romanian,,false,false,false,true,true,false,"Image pack, Video preview",200,24,6.25,17,,,,6,,Lost,,https://www.pontul-zilei.com/top-case-de-pariuri-online/,,,2024-06-11 09:08:41,
cazinouri online cu rotiri gratuite,RO,Romania,Romanian,,false,false,false,true,true,false,"Top ads, Paid sitelinks",150,77,2.82,0,17,17,,66,3,63,,https://www.pontul-zilei.com/bonusuri-cazino-fara-depunere/,,https://www.pontul-zilei.com/bonusuri-cazino-fara-depunere/,2024-06-20 03:41:37,2026-05-15 05:49:02
site uri casino bonus fara depunere,RO,Romania,Romanian,,false,false,false,true,true,false,Sitelinks,150,75,3.64,0,17,17,,28,3,25,,https://www.pontul-zilei.com/bonusuri-cazino-fara-depunere/,,https://www.pontul-zilei.com/bonusuri-cazino-fara-depunere/,2024-06-15 13:27:45,2026-05-23 11:09:27
case de pariuri cu bonus la inregistrare,RO,Romania,Romanian,,false,false,false,true,true,false,,150,60,6.62,14,17,3,,4,3,1,,https://www.pontul-zilei.com/top-case-de-pariuri-online/,,https://www.pontul-zilei.com/top-case-de-pariuri-online/,2024-06-15 20:01:51,2026-06-04 05:15:13
bonus fara depunere conti casino,RO,Romania,Romanian,Conti Casino (Organization),true,false,false,true,true,false,Sitelinks,200,52,0.94,0,17,17,,57,4,53,,https://www.pontul-zilei.com/bonusuri-cazino-fara-depunere/,,https://www.pontul-zilei.com/bonusuri-cazino/bonusuri-fara-depunere/conticazino-bonus-fara-depunere/,2024-06-20 11:15:53,2026-06-14 20:57:42
milion rotiri gratuite,RO,Romania,Romanian,Million Casino (Organization),true,false,false,true,true,false,Sitelinks,200,55,,4,17,13,,4,4,,,https://www.pontul-zilei.com/agentie/million/,,https://www.pontul-zilei.com/bonusuri-cazino/bonusuri-fara-depunere/million-bonus-fara-depunere/,2024-06-16 05:08:42,2026-05-30 08:57:51
contact betano,RO,Romania,English,Betano (Organization),true,false,false,true,false,false,,350,30,2.09,,17,,,,7,New,,,,https://www.pontul-zilei.com/blog/betano-contact/,,2026-06-20 09:38:46
m casa pariurilor,RO,Romania,Romanian,Casa Pariurilor (Organization),true,false,true,true,false,false,"Sitelinks, Image pack, Video preview",100,11,0.77,17,,,,2,,Lost,,https://www.pontul-zilei.com/agentie/casa-pariurilor/,,,2024-06-22 10:25:41,
grecia kino combinații,RO,Romania,Romanian,Grecia Kino (Event),true,false,false,true,false,false,Image pack,1100,0,0.29,17,,,,12,,Lost,,https://www.pontul-zilei.com/articole-pariuri-sportive/loto-grecia-kino-cele-mai-bune-strategii-de-joc-ca-sa-iti-cresti-sansele-de-castig/,,,2024-06-26 10:03:34,
get bet pariuri,RO,Romania,Romanian,Get's Bet (Organization),true,false,true,true,true,true,"Sitelinks, Video preview",700,61,0.82,2,17,15,,16,10,6,,https://www.pontul-zilei.com/agentie/gets-bet/,,https://www.pontul-zilei.com/agentie/gets-bet/,2024-06-25 22:54:04,2026-06-27 01:45:36
ponturi alin,RO,Romania,Romanian,Alin (Person),false,false,false,true,false,false,,900,29,0.75,40,17,-23,,5,11,-6,,https://www.pontul-zilei.com/category/ponturi-pariuri/ponturi-fotbal/,,https://www.pontul-zilei.com/category/ponturi-pariuri/ponturi-fotbal/,2024-06-24 18:30:34,2026-06-15 16:20:51
princess casino rotiri gratuite,RO,Romania,Romanian,Princess Casino (Organization),true,false,false,true,true,false,,1100,67,1.78,,17,,,,12,New,,,,https://www.pontul-zilei.com/bonusuri-cazino/bonusuri-fara-depunere/princess-casino-bonus-fara-depunere/,,2026-06-13 13:35:38
cod promo las vegas,RO,Romania,Romanian,Las Vegas (Location),false,true,false,true,true,false,"Sitelinks, Video preview",200,51,1.50,0,17,17,,43,5,38,,https://www.pontul-zilei.com/agentie/las-vegas/,,https://www.pontul-zilei.com/bonusuri-cazino/bonusuri-fara-depunere/las-vegas-bonus-fara-depunere/,2024-06-22 09:10:51,2026-05-28 08:14:54
rotiri gratuite fara depunere maxbet,RO,Romania,Romanian,MaxBet (Organization),true,false,false,true,true,false,Sitelinks,100,54,3.08,,17,,,,2,New,,,,https://www.pontul-zilei.com/bonusuri-cazino/bonusuri-fara-depunere/maxbet-bonus-fara-depunere/,,2026-06-17 16:55:23
verificare bilete superbet,RO,Romania,Romanian,Superbet (Organization),true,false,false,true,false,false,"Sitelinks, Video preview",450,64,3.41,0,17,17,,72,8,64,,https://www.pontul-zilei.com/euro-2024/euro-2024-danemarca-vs-serbia/,,https://www.pontul-zilei.com/blog/superbet-verificare-bilet/,2024-06-25 00:06:40,2026-06-20 08:25:50
ponturi lavinia,RO,Romania,Romanian,Lavinia (Person),false,false,false,true,false,false,,200,42,0.81,28,17,-11,,6,5,1,,https://www.pontul-zilei.com/category/ponturi-pariuri/,,https://www.pontul-zilei.com/category/ponturi-pariuri/,2024-06-26 22:43:45,2026-05-17 08:32:25
milion.ro bonus fara depunere,RO,Romania,Romanian,Million Casino (Organization),true,false,false,true,true,false,Sitelinks,200,47,,23,17,-7,,5,4,1,,https://www.pontul-zilei.com/agentie/million/,,https://www.pontul-zilei.com/bonusuri-cazino/bonusuri-fara-depunere/million-bonus-fara-depunere/,2024-06-14 04:43:43,2026-05-17 09:51:32
fortuna meciuri,RO,Romania,Romanian,Fortuna (Organization),true,false,false,true,true,false,"Sitelinks, Image pack",150,0,0.33,17,,,,3,,Lost,,https://www.pontul-zilei.com/articole-pariuri-sportive/pariuri-speciale-euro-2024-grupa-e/,,,2024-06-12 22:32:53,
oferta get bet,RO,Romania,Romanian,Get's Bet (Organization),true,false,false,true,true,false,,500,67,0.83,13,16,3,,9,9,,,https://www.pontul-zilei.com/agentie/gets-bet/,,https://www.pontul-zilei.com/agentie/gets-bet/,2024-06-26 20:47:56,2026-06-24 14:30:36
rotiri gratuite de bun venit,RO,Romania,Romanian,,false,false,false,true,true,false,,200,71,2.48,,16,,,,4,New,,,,https://www.pontul-zilei.com/bonusuri-cazino-fara-depunere/,,2026-06-01 23:33:13
sloturi gratuite fara depunere,RO,Romania,Romanian,,false,false,false,true,true,false,,100,71,1.58,0,16,16,,87,2,85,,https://www.pontul-zilei.com/agentie/elite-slots/,,https://www.pontul-zilei.com/bonusuri-cazino-fara-depunere/,2024-06-15 19:35:32,2026-06-02 01:44:55
cod bonus winmasters,RO,Romania,Romanian,Winmasters (Organization),true,false,false,true,true,false,Sitelinks,150,49,0.61,0,16,16,,86,4,82,,https://www.pontul-zilei.com/ponturipariuri/ponturile-zilei-din-tenis-duminica-16-iunie-2024/,,https://www.pontul-zilei.com/bonusuri-cazino/bonusuri-fara-depunere/winmasters-bonus-fara-depunere/,2024-06-17 05:38:51,2026-06-17 02:51:52
bonus fara depunere betano,RO,Romania,Romanian,Betano (Organization),true,false,false,true,true,false,,350,39,2.11,0,16,16,,38,7,31,,https://www.pontul-zilei.com/bonusuri-cazino-fara-depunere/,,https://www.pontul-zilei.com/bonusuri-cazino/bonusuri-fara-depunere/betano-casino-bonus-fara-depunere/,2024-06-13 00:02:57,2026-05-28 09:32:31
reguli baschet,RO,Romania,Romanian,,false,false,false,true,false,false,Video preview,250,0,0.02,16,,,,6,,Lost,,https://www.pontul-zilei.com/articole-pariuri-sportive/reguli-baschet-cum-se-joaca-sportul-cu-mingea-la-cos/,,,2024-06-22 21:13:37,
casa pariurilor bonus de bun venit,RO,Romania,Romanian,Casa Pariurilor (Organization),true,false,false,true,true,false,,350,46,5.08,1,16,15,,16,7,9,,https://www.pontul-zilei.com/agentie/casa-pariurilor/,,https://www.pontul-zilei.com/bonusuri-cazino/bonusuri-fara-depunere/casa-pariurilor-bonus-fara-depunere/,2024-06-10 04:26:58,2026-06-08 05:20:34
get's bet online,RO,Romania,English,GetsBet (Organization),true,false,true,true,true,true,Sitelinks,150,43,1.12,,16,,,,3,New,,,,https://www.pontul-zilei.com/agentie/gets-bet/,,2026-06-09 17:53:30
winboss rotiri gratuite,RO,Romania,Romanian,Winboss (Organization),true,false,false,true,true,false,,500,59,1.02,1,16,16,,16,9,7,,https://www.pontul-zilei.com/agentie/winboss/,,https://www.pontul-zilei.com/bonusuri-cazino/bonusuri-fara-depunere/winboss-bonus-fara-depunere/,2024-06-12 00:32:22,2026-06-09 07:25:36
pacanele cu bonus fara depunere,RO,Romania,Romanian,,false,false,false,true,true,false,,100,72,1.39,0,16,16,,68,2,66,,https://www.pontul-zilei.com/bonusuri-cazino-fara-depunere/,,https://www.pontul-zilei.com/bonusuri-cazino-fara-depunere/,2024-06-25 20:36:48,2026-05-22 08:14:12
max bet bonus,RO,Romania,English,MaxBet (Organization),true,false,false,true,true,false,Sitelinks,100,56,4.30,0,16,16,,38,2,36,,https://www.pontul-zilei.com/agentie/maxbet/,,https://www.pontul-zilei.com/bonusuri-cazino/bonusuri-fara-depunere/maxbet-bonus-fara-depunere/,2024-06-13 04:55:53,2026-06-15 10:58:58
casa pariurilor rotiri gratuite fara depunere,RO,Romania,Romanian,Casa Pariurilor (Organization),true,false,false,true,true,false,Sitelinks,150,56,3.62,0,16,16,,24,3,21,,https://www.pontul-zilei.com/agentie/casa-pariurilor/,,https://www.pontul-zilei.com/bonusuri-cazino/bonusuri-fara-depunere/casa-pariurilor-bonus-fara-depunere/,2024-06-08 12:09:59,2026-06-21 11:40:17
unibet promotii,RO,Romania,Romanian,Unibet (Organization),true,false,false,true,true,false,"Sitelinks, Image pack",150,7,2.75,16,,,,4,,Lost,,https://www.pontul-zilei.com/agentie/unibet/,,,2024-06-22 04:45:51,
bonus sportingbet,RO,Romania,English,Sportingbet (Organization),true,false,false,true,true,false,"Video preview, Image pack",150,0,,16,,,,4,,Lost,,https://www.pontul-zilei.com/agentie/sportingbet/,,,2024-06-26 17:16:05,
winner bonus,RO,Romania,English,Winner (Organization),true,false,false,true,true,false,Sitelinks,150,54,3.40,2,16,14,,14,4,10,,https://www.pontul-zilei.com/agentie/winner/,,https://www.pontul-zilei.com/bonusuri-cazino/bonusuri-fara-depunere/winner-bonus-fara-depunere/,2024-06-25 10:02:07,2026-05-16 22:31:57
italia kino live,RO,Romania,Romanian,Italia Keno (Event),true,false,false,true,false,false,,800,57,0.36,9,16,7,,14,11,3,,https://www.pontul-zilei.com/articole-pariuri-sportive/loto-italia-keno-afla-acum-cand-si-unde-poti-paria/,,https://www.pontul-zilei.com/articole-pariuri-sportive/loto-italia-keno-afla-acum-cand-si-unde-poti-paria/,2024-06-27 13:43:21,2026-06-20 03:14:31
stanleybet rotiri fara depunere,RO,Romania,Romanian,Stanleybet (Organization),true,false,false,true,true,false,Sitelinks,150,24,1.17,1,16,15,,18,4,14,,https://www.pontul-zilei.com/agentie/stanleybet/,,https://www.pontul-zilei.com/bonusuri-cazino/bonusuri-fara-depunere/stanleybet-bonus-fara-depunere/,2024-06-20 02:58:42,2026-06-06 04:27:59
ponturi baschet azi,RO,Romania,Romanian,,false,false,false,true,false,false,"Image pack, Video preview",200,1,0.70,16,,,,6,,Lost,,https://www.pontul-zilei.com/category/ponturi-pariuri/ponturi-baschet/,,,2024-06-14 17:46:07,
max bet rotiri gratuite,RO,Romania,Romanian,MaxBet (Organization),true,false,false,true,true,false,Sitelinks,100,57,2.39,,16,,,,2,New,,,,https://www.pontul-zilei.com/bonusuri-cazino/bonusuri-fara-depunere/maxbet-bonus-fara-depunere/,,2026-05-21 01:45:25
bonus instant fara depunere,RO,Romania,Romanian,,false,false,false,true,true,false,,100,73,3.34,,16,,,,2,New,,,,https://www.pontul-zilei.com/bonusuri-cazino-fara-depunere/,,2026-06-17 05:38:19
rotiri gratuite fara depunere netbet,RO,Romania,Romanian,NetBet (Organization),true,false,false,true,true,false,,150,50,3.30,0,16,16,,63,3,60,,https://www.pontul-zilei.com/cota-zilei-pariuri/meciul-zilei-luni-27-mai-2024-cota-1-53-castig-potential-765-ron/,,https://www.pontul-zilei.com/bonusuri-cazino/bonusuri-fara-depunere/netbet-bonus-fara-depunere/,2024-05-28 03:20:51,2026-06-11 22:07:36
nr italia keno,RO,Romania,Romanian,Italia Keno (Event),true,false,false,true,false,false,"AI Overview, Thumbnail",400,37,,0,16,16,,27,9,18,,https://www.pontul-zilei.com/articole-pariuri-sportive/loto-italia-keno-afla-acum-cand-si-unde-poti-paria/,,https://www.pontul-zilei.com/articole-pariuri-sportive/loto-italia-keno-afla-acum-cand-si-unde-poti-paria/,2024-06-13 02:33:17,2026-05-23 08:13:05
seven bonus fara depunere,RO,Romania,Romanian,Seven Casino (Organization),true,false,false,true,true,false,,150,51,1.02,6,16,9,,7,3,4,,https://www.pontul-zilei.com/agentie/seven/,,https://www.pontul-zilei.com/bonusuri-cazino/bonusuri-fara-depunere/seven-bonus-fara-depunere/,2024-06-19 07:13:01,2026-05-23 22:01:28
bonusuri fara depunere 2024,RO,Romania,Romanian,,false,false,false,true,true,false,Sitelinks,150,74,0.76,0,16,16,,57,3,54,,https://www.pontul-zilei.com/bonusuri-cazino-fara-depunere/,,https://www.pontul-zilei.com/bonusuri-cazino-fara-depunere/,2024-06-16 12:17:57,2026-06-04 23:57:54
oferte fortuna,RO,Romania,Romanian,Fortuna (Organization),true,false,false,true,true,false,Sitelinks,150,28,2.42,20,16,-4,,2,3,-1,,https://www.pontul-zilei.com/agentie/fortuna/,,https://www.pontul-zilei.com/agentie/fortuna/,2024-06-08 06:04:07,2026-06-20 05:31:29
win master,RO,Romania,Romanian,Win Master (Organization),true,false,false,true,true,false,Sitelinks,300,47,0.57,,16,,,,6,New,,,,https://www.pontul-zilei.com/bonusuri-cazino/bonusuri-fara-depunere/winmasters-bonus-fara-depunere/,,2026-06-05 05:44:59
win2 casino,RO,Romania,Romanian,Win2 Casino (Organization),true,false,false,true,true,false,"Sitelinks, Bottom ads",1200,51,0.41,6,15,9,,23,13,10,,https://www.pontul-zilei.com/pariuri-online/win2-ro-challenge-joc-pentru-50-000/,,https://www.pontul-zilei.com/agentie/win2/,2024-06-27 06:21:16,2026-06-26 03:59:03
casino free spins fara depunere,RO,Romania,Romanian,,false,false,false,true,true,false,,100,69,5.10,,15,,,,2,New,,,,https://www.pontul-zilei.com/bonusuri-cazino-fara-depunere/,,2026-06-07 15:44:50
www total bet,RO,Romania,Romanian,,false,false,true,false,true,true,"Sitelinks, Image pack, Video preview",150,0,0.59,15,,,,4,,Lost,,https://www.pontul-zilei.com/agentie/total-bet/,,,2024-06-23 04:20:10,
letonia keno combinatii,RO,Romania,Romanian,"Letonia Keno (Event), Keno (Event)",true,false,false,true,false,false,"AI Overview, Thumbnail",150,0,,29,15,-14,,7,4,3,,https://www.pontul-zilei.com/articole-pariuri-sportive/letonia-keno-loto-strategii-rezultate-scheme-combinatii-live-sfaturi-de-la-jucatori/,,https://www.pontul-zilei.com/articole-pariuri-sportive/letonia-keno-loto-strategii-rezultate-scheme-combinatii-live-sfaturi-de-la-jucatori/,2024-06-13 10:52:43,2026-05-28 08:04:37
110 rotiri gratuite fara depunere,RO,Romania,Romanian,,false,false,false,true,true,false,,1900,73,1.37,,15,,,,15,New,,,,https://www.pontul-zilei.com/bonusuri-cazino-fara-depunere/,,2026-06-20 18:12:58
pariuri sportive winner,RO,Romania,Romanian,Winner (Organization),true,false,true,true,true,true,Video preview,400,0,0.91,15,,,,4,,Lost,,https://www.pontul-zilei.com/agentie/winner/,,,2024-06-24 14:23:04,
elite slots rotiri gratuite,RO,Romania,Romanian,Elite Slots (Organization),true,false,false,true,true,false,"Image pack, Video preview, Bottom ads, Paid sitelinks",150,0,1.23,15,,,,4,,Lost,,https://www.pontul-zilei.com/agentie/elite-slots/,,,2024-06-12 05:19:53,
rotiri gratuite fara depunere fortuna,RO,Romania,Romanian,"Fortuna Casino free spins (Product), Fortuna Casino (Product)",true,false,false,true,true,true,Sitelinks,150,55,1.39,0,15,15,,56,4,52,,https://www.pontul-zilei.com/bonusuri-cazino-fara-depunere/,,https://www.pontul-zilei.com/bonusuri-cazino/bonusuri-fara-depunere/fortuna-bonus-fara-depunere/,2024-06-02 17:22:51,2026-06-04 16:39:29
rotiri gratuite la înregistrare,RO,Romania,Romanian,,false,false,false,true,true,false,,150,72,,,15,,,,4,New,,,,https://www.pontul-zilei.com/bonusuri-cazino-fara-depunere/,,2026-06-18 03:16:35
oferte rotiri gratuite fara depunere,RO,Romania,Romanian,,false,false,false,true,true,false,,100,69,5.81,0,15,15,,50,2,48,,https://www.pontul-zilei.com/bonusuri-cazino-fara-depunere/,,https://www.pontul-zilei.com/bonusuri-cazino-fara-depunere/,2024-06-08 20:57:55,2026-05-26 16:09:28
bonus fara depunere romania,RO,Romania,Romanian,Romania (Location),false,true,false,true,true,false,,100,72,4.40,0,15,15,,47,2,45,,https://www.pontul-zilei.com/bonusuri-cazino-fara-depunere/,,https://www.pontul-zilei.com/bonusuri-cazino-fara-depunere/,2024-06-19 10:23:16,2026-06-08 17:48:28
rotiri gratuite fără depunere,RO,Romania,Romanian,,false,false,false,true,true,false,,1500,73,2.88,,15,,,,14,New,,,,https://www.pontul-zilei.com/bonusuri-cazino-fara-depunere/,,2026-06-21 10:07:02
superbet romania,RO,Romania,English,"Superbet (Organization), Romania (Location)",true,false,true,true,false,false,"Sitelinks, Knowledge panel, Video preview, Image pack",2100,10,2.07,15,,,,15,,Lost,,https://www.pontul-zilei.com/agentie/superbet/,,,2024-06-24 04:55:47,
oferte cazinouri fara depunere,RO,Romania,Romanian,,false,false,false,true,true,false,,100,75,,0,15,15,,26,2,24,,https://www.pontul-zilei.com/bonusuri-cazino-fara-depunere/,,https://www.pontul-zilei.com/bonusuri-cazino-fara-depunere/,2024-06-11 09:16:52,2026-06-08 21:40:36
cod promo mr bit,RO,Romania,Romanian,Mr Bit (Organization),true,false,false,true,true,true,Sitelinks,150,44,2.76,,15,,,,4,New,,,,https://www.pontul-zilei.com/bonusuri-cazino/bonusuri-fara-depunere/mr-bit-bonus-fara-depunere/,,2026-06-15 10:29:04
rotiri superbet,RO,Romania,Romanian,Superbet (Organization),true,false,false,true,true,false,,150,43,4.09,0,15,15,,96,4,92,,https://www.pontul-zilei.com/pariuri-online/super-oferta-de-la-superbet-333-de-rotiri-gratuite-la-verificarea-contului/,,https://www.pontul-zilei.com/bonusuri-cazino/bonusuri-fara-depunere/superbet-bonus-fara-depunere/,2024-06-26 23:50:49,2026-05-20 16:46:19
cod promotional vlad cazino,RO,Romania,Romanian,Vlad Cazino (Organization),true,false,false,true,true,false,Sitelinks,400,49,1.25,,15,,,,8,New,,,,https://www.pontul-zilei.com/bonusuri-cazino/bonusuri-fara-depunere/vlad-cazino-bonus-fara-depunere/,,2026-05-13 21:12:53
casa pariurilor romania,RO,Romania,Romanian,"Casa Pariurilor (Organization), Romania (Location)",true,false,false,true,true,false,Sitelinks,200,22,2.96,13,15,1,,2,5,-3,,https://www.pontul-zilei.com/agentie/casa-pariurilor/,,https://www.pontul-zilei.com/agentie/casa-pariurilor/,2024-06-26 12:18:12,2026-06-24 05:41:36
bonus netbet,RO,Romania,English,NetBet (Organization),true,false,false,true,true,false,Sitelinks,250,52,2.81,0,15,15,,24,6,18,,https://www.pontul-zilei.com/agentie/netbet/,,https://www.pontul-zilei.com/bonusuri-cazino/bonusuri-fara-depunere/netbet-bonus-fara-depunere/,2024-06-10 11:10:58,2026-05-18 21:39:33
princess casino bonus fara depunere,RO,Romania,Romanian,Princess Casino (Organization),true,false,false,true,true,false,,400,67,1.79,,15,,,,8,New,,,,https://www.pontul-zilei.com/bonusuri-cazino/bonusuri-fara-depunere/princess-casino-bonus-fara-depunere/,,2026-06-08 03:57:18
spinuri fara depunere,RO,Romania,Romanian,,false,false,false,true,true,true,Sitelinks,100,69,3.68,0,15,15,,83,2,81,,https://www.pontul-zilei.com/agentie/elite-slots/,,https://www.pontul-zilei.com/bonusuri-cazino-fara-depunere/,2024-06-23 21:19:24,2026-06-12 06:27:04
888 casino 88 rotiri,RO,Romania,Romanian,888 Casino (Organization),true,false,false,true,true,false,,300,64,0.69,,15,,,,7,New,,,,https://www.pontul-zilei.com/bonusuri-cazino/bonusuri-fara-depunere/888casino-bonus-fara-depunere/,,2026-06-19 02:28:52
luck casino rotiri gratuite,RO,Romania,Romanian,Luck Casino (Organization),true,false,false,true,true,false,,250,68,0.86,6,15,8,,10,6,4,,https://www.pontul-zilei.com/agentie/luck-casino/,,https://www.pontul-zilei.com/bonusuri-cazino/bonusuri-fara-depunere/luck-casino-bonus-fara-depunere/,2024-06-12 23:43:25,2026-06-22 06:54:46
betmen.ro pariuri sportive,RO,Romania,Romanian,BetMen.ro (Organization),true,false,true,true,true,true,Sitelinks,200,32,0.81,66,15,-52,,11,5,6,,https://www.pontul-zilei.com/agentie/betmen/,,https://www.pontul-zilei.com/agentie/betmen/,2024-06-27 22:34:03,2026-06-10 18:37:43
cod promotional betano rotiri gratuite,RO,Romania,Romanian,Betano (Organization),true,false,false,true,true,false,Sitelinks,200,45,1.25,,14,,,,5,New,,,,https://www.pontul-zilei.com/bonusuri-cazino/bonusuri-fara-depunere/betano-casino-bonus-fara-depunere/,,2026-05-23 18:20:00
italia keno loto,RO,Romania,Romanian,"Italia Keno (Event), Loto (Event)",true,false,false,true,false,false,,700,48,0.26,0,14,14,,41,11,30,,https://www.pontul-zilei.com/articole-pariuri-sportive/loto-italia-keno-afla-acum-cand-si-unde-poti-paria/,,https://www.pontul-zilei.com/articole-pariuri-sportive/loto-italia-keno-afla-acum-cand-si-unde-poti-paria/,2024-06-20 20:03:51,2026-06-24 13:45:48
fara depunere .ro,RO,Romania,Romanian,,false,false,false,true,true,false,"Bottom ads, Paid sitelinks",100,72,2.58,0,14,14,,92,2,90,,https://www.pontul-zilei.com/agentie/don-ro/,,https://www.pontul-zilei.com/bonusuri-cazino-fara-depunere/,2024-06-22 19:16:23,2026-06-10 17:36:05
case de pariuri bonus fara depunere,RO,Romania,Romanian,,false,false,false,true,true,false,Sitelinks,100,59,2.41,18,14,-4,,2,3,-1,,https://www.pontul-zilei.com/top-case-de-pariuri-online/,,https://www.pontul-zilei.com/bonusuri-cazino-fara-depunere/,2024-06-23 09:57:14,2026-06-09 12:12:34
case de pariuri cu bonus fara depunere,RO,Romania,Romanian,,false,false,false,true,true,false,Sitelinks,100,59,2.12,18,14,-3,,1,3,-2,,https://www.pontul-zilei.com/top-case-de-pariuri-online/,,https://www.pontul-zilei.com/top-case-de-pariuri-online/,2024-06-16 21:27:34,2026-06-08 01:07:55
netbet 200 rotiri,RO,Romania,Romanian,NetBet (Organization),true,false,false,true,true,false,,150,43,2.79,0,14,14,,73,4,69,,https://www.pontul-zilei.com/euro-2024/euro-2024-croatia-vs-italia/,,https://www.pontul-zilei.com/bonusuri-cazino/bonusuri-fara-depunere/netbet-bonus-fara-depunere/,2024-06-23 21:38:36,2026-05-28 08:09:05
case de pariuri noi,RO,Romania,Romanian,,false,false,false,true,true,false,Sitelinks,450,65,2.08,1,14,14,,20,9,11,,https://www.pontul-zilei.com/top-case-de-pariuri-online/,,https://www.pontul-zilei.com/top-case-de-pariuri-online/,2024-06-13 23:58:31,2026-06-15 18:07:43
coduri bonus stanleybet,RO,Romania,Romanian,Stanleybet (Organization),true,false,false,true,true,true,Sitelinks,100,55,0.65,,14,,,,3,New,,,,https://www.pontul-zilei.com/bonusuri-cazino/bonusuri-fara-depunere/stanleybet-bonus-fara-depunere/,,2026-05-29 23:08:24
cea mai buna casa de pariuri online,RO,Romania,Romanian,,false,false,false,true,true,false,Top ads,150,67,7.55,1,14,13,,16,4,12,,https://www.pontul-zilei.com/top-case-de-pariuri-online/,,https://www.pontul-zilei.com/top-case-de-pariuri-online/,2024-06-09 05:28:12,2026-05-26 00:49:48
biletul zilei superbet,RO,Romania,Romanian,"Superbet (Organization), Daily Betting Ticket (Product)",true,false,false,true,true,false,Video preview,350,30,0.25,14,,,,9,,Lost,,https://www.pontul-zilei.com/category/biletul-zilei/,,,2024-06-26 10:43:04,
cod bonus las vegas,RO,Romania,Romanian,Las Vegas (Location),false,true,false,true,true,false,"Sitelinks, Video preview",250,56,1.29,0,14,14,,75,6,69,,https://www.pontul-zilei.com/agentie/las-vegas/,,https://www.pontul-zilei.com/bonusuri-cazino/bonusuri-fara-depunere/las-vegas-bonus-fara-depunere/,2024-06-26 20:41:07,2026-06-06 08:31:24
reguli curling,RO,Romania,Romanian,,false,false,false,true,false,false,"AI Overview, Thumbnail, People also ask",100,0,,44,14,-29,,1,4,-3,,https://www.pontul-zilei.com/articole-pariuri-sportive/tot-ce-trebuie-sa-stii-despre-curling-cum-arata-regulamentul-de-joc/,,https://www.pontul-zilei.com/articole-pariuri-sportive/tot-ce-trebuie-sa-stii-despre-curling-cum-arata-regulamentul-de-joc/,2024-06-16 01:16:45,2026-06-20 15:21:29
reguli volei,RO,Romania,Romanian,,false,false,false,true,false,false,"Thumbnail, Video preview",200,0,,14,,,,4,,Lost,,https://www.pontul-zilei.com/articole-pariuri-sportive/reguli-volei-regulament-si-informatii/,,,2024-06-21 03:55:43,
winner rotiri gratuite,RO,Romania,Romanian,Winner (Organization),true,false,false,true,true,false,Sitelinks,600,57,1.81,0,14,14,,40,10,30,,https://www.pontul-zilei.com/agentie/winner/,,https://www.pontul-zilei.com/bonusuri-cazino/bonusuri-fara-depunere/winner-bonus-fara-depunere/,2024-06-26 10:25:45,2026-06-16 06:18:35
admiral bonus,RO,Romania,English,AdmiralBet (Organization),true,false,false,true,true,false,Sitelinks,150,60,1.42,,14,,,,4,New,,,,https://www.pontul-zilei.com/bonusuri-cazino/bonusuri-fara-depunere/admiral-bonus-fara-depunere/,,2026-06-21 01:25:29
pariuri gratuite,RO,Romania,Romanian,,false,false,false,true,true,false,Sitelinks,300,61,4.35,0,14,14,,37,7,30,,https://www.pontul-zilei.com/top-case-de-pariuri-online/,,https://www.pontul-zilei.com/bonusuri-cazino-fara-depunere/,2024-06-22 16:20:58,2026-06-17 19:24:19
888casino bonus,RO,Romania,English,888 Casino (Organization),true,false,false,true,true,true,,90,67,0.88,0,14,14,,71,2,69,,https://www.pontul-zilei.com/agentie/888sport/,,https://www.pontul-zilei.com/bonusuri-cazino/bonusuri-fara-depunere/888casino-bonus-fara-depunere/,2024-06-11 10:31:05,2026-06-19 14:29:43
betano rotiri gratuite fara depunere,RO,Romania,Romanian,Betano (Organization),true,false,false,true,true,false,Video preview,600,54,2.08,0,14,13,,25,10,15,,https://www.pontul-zilei.com/agentie/betano/,,https://www.pontul-zilei.com/bonusuri-cazino/bonusuri-fara-depunere/betano-casino-bonus-fara-depunere/,2024-05-29 20:45:09,2026-06-20 12:27:22
pontul nostru ro,RO,Romania,Romanian,Pontul Nostru (Organization),true,false,true,true,false,false,"Sitelinks, Video preview",200,24,1.33,3,14,10,,13,5,8,,https://www.pontul-zilei.com/articole-pariuri-sportive/debut-tensionat-la-euro-pentru-istvan-kovacs/,,https://www.pontul-zilei.com/,2024-06-22 06:53:48,2026-06-17 14:49:02
cel mai bun site de pariuri,RO,Romania,Romanian,,false,false,false,true,true,false,Sitelinks,80,67,,0,14,14,,30,2,28,,https://www.pontul-zilei.com/top-case-de-pariuri-online/,,https://www.pontul-zilei.com/top-case-de-pariuri-online/,2024-06-09 21:50:31,2026-05-24 11:33:18
casino promotii,RO,Romania,Romanian,,false,false,false,true,true,false,,150,70,5.28,0,14,14,,57,4,53,,https://www.pontul-zilei.com/agentie/elite-slots/,,https://www.pontul-zilei.com/bonusuri-cazino-fara-depunere/,2024-06-22 02:46:10,2026-06-17 06:33:27
rotiri gratuite fara depunere shining crown,RO,Romania,Romanian,Shining Crown (Product),true,false,false,true,true,false,,1700,50,1.86,,14,,,,15,New,,,,https://www.pontul-zilei.com/bonusuri-cazino-fara-depunere/,,2026-06-05 19:58:37
card superbet,RO,Romania,English,Superbet Club Card (Product),true,false,false,true,false,false,Video preview,2100,48,0.83,0,14,14,,36,16,20,,https://www.pontul-zilei.com/agentie/superbet/,,https://www.pontul-zilei.com/blog/superbet-club/,2024-06-25 00:26:37,2026-06-20 17:02:04
total bet.ro nou,RO,Romania,Romanian,TotalBet (Organization),true,false,true,true,true,false,"Sitelinks, Image pack, Video preview",100,20,0.48,14,,,,3,,Lost,,https://www.pontul-zilei.com/agentie/total-bet/,,,2024-06-15 16:06:36,
ce inseamna mma,RO,Romania,Romanian,,false,false,false,true,false,false,"Featured snippet, Thumbnail, Knowledge panel, Video preview",150,0,,14,,,,2,,Lost,,https://www.pontul-zilei.com/articole-pariuri-sportive/ce-inseamna-mma-pariuri-si-tot-ce-trebuie-sa-stii/,,,2024-06-20 20:33:14,
bonusuri fara rulaj,RO,Romania,Romanian,,false,false,false,true,true,false,Sitelinks,200,65,2.36,0,14,14,,46,5,41,,https://www.pontul-zilei.com/bonusuri-cazino/bonusuri-fara-depunere/,,https://www.pontul-zilei.com/bonusuri-cazino-fara-depunere/,2024-06-27 18:31:45,2026-06-01 17:29:27
las vegas bonus de bun venit,RO,Romania,Romanian,Las Vegas (Location),false,true,false,true,true,false,Sitelinks,150,49,1.78,0,14,14,,45,4,41,,https://www.pontul-zilei.com/agentie/las-vegas/,,https://www.pontul-zilei.com/bonusuri-cazino/bonusuri-fara-depunere/las-vegas-bonus-fara-depunere/,2024-06-22 14:36:16,2026-06-07 16:37:43
netbet casino bonus,RO,Romania,English,NetBet (Organization),true,false,false,true,true,false,,150,54,2.20,,14,,,,4,New,,,,https://www.pontul-zilei.com/bonusuri-cazino/bonusuri-fara-depunere/netbet-bonus-fara-depunere/,,2026-06-23 14:11:09
rotiri gratuite fara depunere 2024,RO,Romania,Romanian,,false,false,false,true,true,false,Sitelinks,90,71,2.25,0,13,13,,58,2,56,,https://www.pontul-zilei.com/agentie/elite-slots/,,https://www.pontul-zilei.com/bonusuri-cazino-fara-depunere/,2024-06-24 17:04:47,2026-05-20 22:44:51
jocuri cu rotiri gratuite,RO,Romania,Romanian,,false,false,false,true,true,false,,150,73,2.85,,13,,,,4,New,,,,https://www.pontul-zilei.com/bonusuri-cazino-fara-depunere/,,2026-05-29 22:47:02
bonus fortuna,RO,Romania,Romanian,Fortuna (Organization),true,false,false,true,true,false,Sitelinks,150,52,2.66,0,13,13,,29,3,26,,https://www.pontul-zilei.com/agentie/fortuna/,,https://www.pontul-zilei.com/bonusuri-cazino/bonusuri-fara-depunere/fortuna-bonus-fara-depunere/,2024-06-24 14:09:22,2026-06-10 03:31:04
regulament volei,RO,Romania,Romanian,,false,false,false,true,false,false,"Thumbnail, Video preview",100,0,,13,,,,3,,Lost,,https://www.pontul-zilei.com/articole-pariuri-sportive/reguli-volei-regulament-si-informatii/,,,2024-06-25 13:42:58,
bonus case de pariuri,RO,Romania,Romanian,,false,false,false,true,true,false,Sitelinks,200,62,5.46,5,13,8,,5,5,,,https://www.pontul-zilei.com/top-case-de-pariuri-online/,,https://www.pontul-zilei.com/top-case-de-pariuri-online/,2024-06-15 23:25:25,2026-06-22 03:14:59
efortuna bonus fara depunere,RO,Romania,Romanian,eFortuna (Organization),true,false,false,true,true,false,Sitelinks,200,49,1.12,0,13,13,,34,5,29,,https://www.pontul-zilei.com/agentie/fortuna/,,https://www.pontul-zilei.com/bonusuri-cazino/bonusuri-fara-depunere/fortuna-bonus-fara-depunere/,2024-06-10 14:15:47,2026-06-05 11:55:30
winmaster bonus fara depunere,RO,Romania,Romanian,Winmasters (Organization),true,false,false,true,true,false,Sitelinks,200,48,0.23,,13,,,,6,New,,,,https://www.pontul-zilei.com/bonusuri-cazino/bonusuri-fara-depunere/winmasters-bonus-fara-depunere/,,2026-05-20 05:54:42
winbet casino,RO,Romania,English,Winbet Casino (Organization),true,false,false,true,true,false,"Sitelinks, Video preview, Image pack",4000,1,0.22,13,,,,19,,Lost,,https://www.pontul-zilei.com/agentie/winbet/,,,2024-06-27 08:26:37,
casino fara depunere minima,RO,Romania,Romanian,,false,false,false,true,true,false,Sitelinks,90,71,3.88,0,13,13,,21,2,19,,https://www.pontul-zilei.com/bonusuri-cazino-fara-depunere/,,https://www.pontul-zilei.com/bonusuri-cazino-fara-depunere/,2024-06-25 23:21:34,2026-05-27 10:21:47
bonus pariuri sportive,RO,Romania,Romanian,,false,false,false,true,true,false,"Video preview, Image pack",150,20,6.58,13,,,,6,,Lost,,https://www.pontul-zilei.com/top-case-de-pariuri-online/,,,2024-06-14 06:07:27,
vlad cazino rotiri gratuite,RO,Romania,Romanian,Vlad Cazino (Organization),true,false,false,true,true,false,"Sitelinks, Video preview",450,56,1.57,,13,,,,9,New,,,,https://www.pontul-zilei.com/bonusuri-cazino/bonusuri-fara-depunere/vlad-cazino-bonus-fara-depunere/,,2026-06-10 13:25:44
total bet ro,RO,Romania,Romanian,TotalBet (Organization),true,false,true,false,false,false,"Sitelinks, Image pack",200,10,0.86,13,,,,6,,Lost,,https://www.pontul-zilei.com/agentie/total-bet/,,,2024-06-18 23:02:53,
game world rotiri gratuite,RO,Romania,Romanian,Game World Casino (Organization),true,false,false,true,true,false,"Top ads, Paid sitelinks, Sitelinks",200,54,1.04,2,13,11,,13,5,8,,https://www.pontul-zilei.com/agentie/game-world-casino/,,https://www.pontul-zilei.com/bonusuri-cazino/bonusuri-fara-depunere/game-world-casino-bonus-fara-depunere/,2024-06-20 12:18:50,2026-06-02 17:42:00
bonus rotiri gratuite fara depunere,RO,Romania,Romanian,,false,false,false,true,true,false,,200,72,4.79,0,13,13,,100,5,95,,https://www.pontul-zilei.com/agentie/million/,,https://www.pontul-zilei.com/bonusuri-cazino-fara-depunere/,2024-06-22 06:39:24,2026-05-27 23:33:55
gets bet aplicatie,RO,Romania,Romanian,"Get's Bet (Organization), Get's Bet mobile application (Product)",true,false,true,true,true,true,Sitelinks,150,30,0.90,0,13,13,,30,4,26,,https://www.pontul-zilei.com/agentie/gets-bet/,,https://www.pontul-zilei.com/blog/gets-bet-aplicatie/,2024-06-20 01:10:01,2026-05-21 14:38:55
casa pariurilor bonus fara depunere 100 lei,RO,Romania,Romanian,,false,false,false,true,true,false,Sitelinks,150,47,1.32,0,13,12,,19,4,15,,https://www.pontul-zilei.com/articole-pariuri-sportive/lotul-final-al-italiei-pentru-euro-2024/,,https://www.pontul-zilei.com/bonusuri-cazino/bonusuri-fara-depunere/casa-pariurilor-bonus-fara-depunere/,2024-06-07 16:44:11,2026-05-28 06:19:54
cartonas rosu fotbal,RO,Romania,Romanian,,false,false,false,true,false,false,"Video preview, Image pack",90,0,,13,,,,2,,Lost,,https://www.pontul-zilei.com/articole-pariuri-sportive/cartonas-rosu-ce-este-cand-se-acorda-pariuri/,,,2024-06-22 15:24:21,
mozzart romania,RO,Romania,Romanian,"Mozzart (Organization), Romania (Location)",true,false,false,true,true,false,"Sitelinks, Video preview, Image pack",150,0,0.65,13,,,,5,,Lost,,https://www.pontul-zilei.com/agentie/mozzart/,,,2024-06-14 02:09:10,
superclub superbet,RO,Romania,Romanian,"Superbet (Organization), SuperClub (Event)",true,false,false,true,false,false,Video preview,2500,47,2.65,,13,,,,17,New,,,,https://www.pontul-zilei.com/blog/superbet-club/,,2026-06-21 07:43:25
scanare card superbet,RO,Romania,Romanian,Superbet (Organization),true,false,false,true,false,false,Video preview,1000,51,1.06,,13,,,,13,New,,,,https://www.pontul-zilei.com/blog/superbet-club/,,2026-06-09 16:15:08
vivabet ro,RO,Romania,Romanian,Vivabet (Organization),true,false,true,true,true,false,Sitelinks,1100,64,0.56,,13,,,,14,New,,,,https://www.pontul-zilei.com/bonusuri-cazino/bonusuri-fara-depunere/vivabet-bonus-fara-depunere/,,2026-06-26 06:28:02
jocuri cu bonus fara depunere,RO,Romania,Romanian,,false,false,false,true,true,false,,150,72,2.62,0,13,13,,25,4,21,,https://www.pontul-zilei.com/bonusuri-cazino-fara-depunere/,,https://www.pontul-zilei.com/bonusuri-cazino-fara-depunere/,2024-06-08 19:25:17,2026-06-17 20:54:53
bonusuri de bun venit fara depunere,RO,Romania,Romanian,,false,false,false,true,true,false,Sitelinks,90,72,6.52,0,13,13,,35,2,33,,https://www.pontul-zilei.com/bonusuri-cazino-fara-depunere/,,https://www.pontul-zilei.com/bonusuri-cazino-fara-depunere/,2024-06-20 13:47:20,2026-06-17 20:57:07
bonus gratuit fara depunere,RO,Romania,Romanian,,false,false,false,true,true,false,,90,71,4.16,,13,,,,2,New,,,,https://www.pontul-zilei.com/bonusuri-cazino-fara-depunere/,,2026-06-26 21:12:40
card superbet club,RO,Romania,English,"Superbet Club (Organization), Superbet Club Card (Product)",true,false,false,true,true,false,Video preview,2000,57,0.75,,13,,,,16,New,,,,https://www.pontul-zilei.com/blog/superbet-club/,,2026-06-19 21:40:28
superbet oferta zilei,RO,Romania,Romanian,Superbet (Organization),true,false,true,true,true,true,Sitelinks,400,53,0.62,2,13,11,,15,8,7,,https://www.pontul-zilei.com/agentie/superbet/,,https://www.pontul-zilei.com/agentie/superbet/,2024-06-12 18:28:49,2026-06-07 15:33:45
casino online cu rotiri gratuite fara depunere,RO,Romania,Romanian,,false,false,false,true,true,false,Bottom ads,150,73,3.86,,13,,,,4,New,,,,https://www.pontul-zilei.com/bonusuri-cazino-fara-depunere/,,2026-06-05 17:52:50
bonus fara depunere vlad cazino,RO,Romania,Romanian,Vlad Cazino (Organization),true,false,false,true,true,false,,100,58,1.35,0,13,13,,83,3,80,,https://www.pontul-zilei.com/agentie/betmen/,,https://www.pontul-zilei.com/bonusuri-cazino/bonusuri-fara-depunere/vlad-cazino-bonus-fara-depunere/,2024-06-19 08:06:41,2026-06-05 18:09:45
pont tenis,RO,Romania,Romanian,,false,false,false,true,false,false,"Thumbnail, Image pack, Video preview",200,7,1.44,13,,,,6,,Lost,,https://www.pontul-zilei.com/category/ponturi-pariuri/ponturi-pariuri-tenis/,,,2024-06-09 04:42:25,
bonus aniversar betano,RO,Romania,Romanian,Betano (Organization),true,false,false,true,true,false,,200,52,1.40,,12,,,,6,New,,,,https://www.pontul-zilei.com/bonusuri-cazino/bonus-aniversar/betano-bonus-aniversar/,,2026-06-15 07:20:17
finlanda keno 20 70 rezultate,RO,Romania,Romanian,Finland Keno 20/70 (Event),true,false,false,true,false,false,Image pack,1200,0,,12,,,,14,,Lost,,https://www.pontul-zilei.com/articole-pariuri-sportive/finlanda-keno-loto-strategii-rezultate-combinatii-sfaturi/,,,2024-06-22 21:09:43,
get bet cont,RO,Romania,English,,false,false,true,false,true,true,"Sitelinks, Video preview",100,42,1.14,0,12,12,,28,3,25,,https://www.pontul-zilei.com/agentie/gets-bet/,,https://www.pontul-zilei.com/blog/gets-bet-inregistrare/,2024-06-25 04:40:16,2026-05-22 00:42:25
real bet,RO,Romania,Romanian,RealBet (Organization),true,false,true,true,true,false,Sitelinks,1900,46,1.09,0,12,12,,8,3,5,,https://www.pontul-zilei.com/agentie/realbet/,,https://www.pontul-zilei.com/agentie/realbet/,2024-06-27 00:40:43,2026-06-13 22:44:59
total bet.ro pariuri sportive,RO,Romania,Romanian,TotalBet (Organization),true,false,true,true,true,false,Sitelinks,400,19,0.84,12,,,,9,,Lost,,https://www.pontul-zilei.com/agentie/total-bet/,,,2024-05-25 00:49:47,
biletul zilei azi,RO,Romania,Romanian,Biletul Zilei (Work),true,false,false,true,false,false,Video preview,600,64,0.27,25,12,-13,,7,14,-7,,https://www.pontul-zilei.com/category/biletul-zilei/,,https://www.pontul-zilei.com/category/biletul-zilei/,2024-06-07 13:32:04,2026-06-13 11:40:35
rezultate loto win for life,RO,Romania,Romanian,"Loto (Event), Win for Life (Event)",true,false,false,true,false,false,"AI Overview, Thumbnail",500,0,0.31,0,12,12,,15,11,4,Image pack,https://www.pontul-zilei.com/articole-pariuri-sportive/win-for-life-loto-italia-strategii-rezultate-combinatii-sfaturi/,,https://www.pontul-zilei.com/articole-pariuri-sportive/win-for-life-loto-italia-strategii-rezultate-combinatii-sfaturi/,2024-06-07 13:23:00,2026-06-19 00:30:28
pariuri biletul zilei,RO,Romania,Romanian,Daily Ticket (Event),false,false,false,true,false,false,Video preview,200,33,0.54,12,,,,8,,Lost,,https://www.pontul-zilei.com/category/biletul-zilei/,,,2024-06-25 20:50:44,
curling sport,RO,Romania,English,,false,false,false,true,false,false,"Video preview, Knowledge panel",300,55,,12,,,,4,,Lost,,https://www.pontul-zilei.com/articole-pariuri-sportive/tot-ce-trebuie-sa-stii-despre-curling-cum-arata-regulamentul-de-joc/,,,2024-06-17 19:32:18,
promoti cazino,RO,Romania,Romanian,,false,false,false,true,true,false,,80,73,2.09,0,12,12,,58,2,56,,https://www.pontul-zilei.com/agentie/elite-slots/,,https://www.pontul-zilei.com/bonusuri-cazino-fara-depunere/,2024-06-19 00:03:36,2026-06-20 14:32:43
cazinouri romania bonus fara depunere,RO,Romania,Romanian,,false,true,false,true,true,false,,80,76,2.97,0,12,12,,23,2,21,,https://www.pontul-zilei.com/bonusuri-cazino-fara-depunere/,,https://www.pontul-zilei.com/bonusuri-cazino-fara-depunere/,2024-06-21 21:21:02,2026-05-21 13:28:31
gameworld casino,RO,Romania,English,GameWorld Casino (Organization),true,false,true,true,true,true,"Sitelinks, Knowledge panel, Video preview",1200,0,0.20,12,,,,14,,Lost,,https://www.pontul-zilei.com/agentie/game-world-casino/,,,2024-06-19 14:04:37,
bonusuri unibet,RO,Romania,Romanian,Unibet (Organization),true,false,false,true,true,false,"Sitelinks, Image pack, Bottom ads, Paid sitelinks",150,4,3.38,12,,,,4,,Lost,,https://www.pontul-zilei.com/agentie/unibet/,,,2024-06-23 00:25:54,
cota 2,RO,Romania,Romanian,Cota 2 (Organization),true,false,false,true,false,false,"Image pack, Video preview",1500,29,0.40,26,12,-14,,11,13,-2,,https://www.pontul-zilei.com/category/cota-zilei-pariuri/cota-2/,,https://www.pontul-zilei.com/category/cota-zilei-pariuri/cota-2/,2024-06-23 10:11:44,2026-06-06 07:24:15
germania keno 20/70,RO,Romania,Romanian,Germania Keno 20/70 (Event),true,false,false,true,false,false,,1000,3,0.40,6,12,7,,17,13,4,,https://www.pontul-zilei.com/articole-pariuri-sportive/germania-keno-loto-strategii-rezultate-combinatii-sfaturi/,,https://www.pontul-zilei.com/articole-pariuri-sportive/germania-keno-loto-strategii-rezultate-combinatii-sfaturi/,2024-06-27 16:05:08,2026-06-15 19:32:26
păcănele fără depunere,RO,Romania,Romanian,,false,false,false,true,true,false,,150,71,4.53,,12,,,,5,New,,,,https://www.pontul-zilei.com/bonusuri-cazino-fara-depunere/,,2026-06-19 23:45:45
toto casino ro,RO,Romania,Romanian,TotoGaming Casino (Organization),true,false,false,true,true,false,"Image pack, Video preview",150,1,1.11,12,,,,4,,Lost,,https://www.pontul-zilei.com/agentie/totogaming/,,,2024-06-14 03:15:58,
bonus fara depunere unibet,RO,Romania,Romanian,Unibet (Organization),true,false,false,true,true,false,Sitelinks,100,45,4.97,,12,,,,3,New,,,,https://www.pontul-zilei.com/bonusuri-cazino/bonusuri-fara-depunere/unibet-bonus-fara-depunere/,,2026-05-22 11:03:26
maxbet cod bonus,RO,Romania,Romanian,MaxBet (Organization),true,false,false,true,true,false,Sitelinks,400,55,1.16,0,12,12,,48,9,39,,https://www.pontul-zilei.com/agentie/maxbet/,,https://www.pontul-zilei.com/bonusuri-cazino/bonusuri-fara-depunere/maxbet-bonus-fara-depunere/,2024-06-09 11:00:33,2026-06-06 05:55:57
ponturi pariuri maine,RO,Romania,Romanian,,false,true,false,true,false,false,Video preview,150,30,0.33,12,,,,7,,Lost,,https://www.pontul-zilei.com/category/ponturi-pariuri/,,,2024-06-23 19:00:18,
cod bonus gets bet fara depunere,RO,Romania,Romanian,Get's Bet (Organization),true,false,false,true,true,false,Sitelinks,80,57,1.06,0,12,12,,52,2,50,,https://www.pontul-zilei.com/agentie/gets-bet/,,https://www.pontul-zilei.com/bonusuri-cazino/bonusuri-fara-depunere/getsbet-bonus-fara-depunere/,2024-06-07 02:47:41,2026-06-16 07:31:14
ponturi meciuri azi,RO,Romania,Romanian,,false,false,false,true,false,false,"Video preview, Image pack",600,33,0.45,12,,,,13,,Lost,,https://www.pontul-zilei.com/category/ponturi-pariuri/,,,2024-06-23 01:57:56,
bonus vlad cazino,RO,Romania,Romanian,Vlad Cazino (Organization),true,false,false,true,true,false,"Sitelinks, Bottom ads",150,55,2.46,,12,,,,5,New,,,,https://www.pontul-zilei.com/bonusuri-cazino/bonusuri-fara-depunere/vlad-cazino-bonus-fara-depunere/,,2026-06-07 15:31:42
win for life ultimele rezultate,RO,Romania,Romanian,Win for Life (Event),true,false,false,true,false,false,,300,0,1.29,8,12,4,,11,8,3,,https://www.pontul-zilei.com/articole-pariuri-sportive/win-for-life-loto-italia-strategii-rezultate-combinatii-sfaturi/,,https://www.pontul-zilei.com/articole-pariuri-sportive/win-for-life-loto-italia-strategii-rezultate-combinatii-sfaturi/,2024-06-26 06:31:43,2026-06-15 19:00:14
combinatii italia keno,RO,Romania,Romanian,"Italia Keno (Event), Keno (Event)",true,false,false,true,false,false,Sitelinks,150,33,,4,12,8,,10,5,5,,https://www.pontul-zilei.com/articole-pariuri-sportive/loto-italia-keno-afla-acum-cand-si-unde-poti-paria/,,https://www.pontul-zilei.com/articole-pariuri-sportive/loto-italia-keno-afla-acum-cand-si-unde-poti-paria/,2024-06-26 03:02:31,2026-06-15 01:39:53
italia vs,RO,Romania,Romanian,Italy (Location),false,false,false,true,false,false,"Top stories, Thumbnail, Video preview, Image pack",3600,0,,12,,,,19,,Lost,,https://www.pontul-zilei.com/ponturipariuri/pontul-zilei-15-iunie-fotbal-euro-2024/,,,2024-06-21 22:14:08,
jocuri cu rotiri gratuite fara depunere,RO,Romania,Romanian,,false,false,false,true,true,false,,150,69,3.07,,12,,,,4,New,,,,https://www.pontul-zilei.com/bonusuri-cazino-fara-depunere/,,2026-05-16 11:52:28
verificarea bilet superbet,RO,Romania,Romanian,Superbet (Organization),true,false,true,true,false,false,"Sitelinks, Video preview",800,45,3.23,0,12,12,,47,12,35,,https://www.pontul-zilei.com/agentie/betmen/,,https://www.pontul-zilei.com/blog/superbet-verificare-bilet/,2024-06-22 15:04:34,2026-06-16 10:57:48
las vegas fara depunere,RO,Romania,Romanian,Las Vegas (Location),false,true,false,true,true,false,Sitelinks,80,54,0.92,0,12,12,,62,2,60,,https://www.pontul-zilei.com/agentie/las-vegas/,,https://www.pontul-zilei.com/bonusuri-cazino/bonusuri-fara-depunere/las-vegas-bonus-fara-depunere/,2024-06-21 22:06:59,2026-05-29 06:58:03
cod bonus stanleybet fara depunere,RO,Romania,Romanian,Stanleybet (Organization),true,false,false,true,true,false,Sitelinks,80,55,0.91,0,12,12,,62,2,60,,https://www.pontul-zilei.com/agentie/stanleybet/,,https://www.pontul-zilei.com/bonusuri-cazino/bonusuri-fara-depunere/stanleybet-bonus-fara-depunere/,2024-06-21 20:58:49,2026-05-30 03:38:37
totogaming. ro,RO,Romania,,TotoGaming (Organization),true,false,true,true,true,false,"Top ads, Sitelinks",200,39,,9,12,2,,7,6,1,,https://www.pontul-zilei.com/agentie/totogaming/,,https://www.pontul-zilei.com/agentie/totogaming/,2024-06-22 16:27:24,2026-05-20 11:54:52
m.gets bet,RO,Romania,,,false,false,true,false,false,false,Sitelinks,150,40,0.75,,12,,,,4,New,,,,https://www.pontul-zilei.com/agentie/gets-bet/,,2026-06-03 09:50:41
promotii casino fara depunere,RO,Romania,Romanian,,false,false,false,true,true,false,Sitelinks,150,74,4.30,0,12,12,,25,4,21,,https://www.pontul-zilei.com/bonusuri-cazino-fara-depunere/,,https://www.pontul-zilei.com/bonusuri-cazino-fara-depunere/,2024-06-12 17:19:20,2026-06-03 04:01:44
cod betano,RO,Romania,Romanian,Betano (Organization),true,false,false,true,true,true,Sitelinks,250,43,2.11,0,12,12,,51,7,44,,https://www.pontul-zilei.com/agentie/betano/,,https://www.pontul-zilei.com/bonusuri-cazino/bonusuri-fara-depunere/betano-casino-bonus-fara-depunere/,2024-06-12 05:30:43,2026-06-10 12:03:29
super bet online,RO,Romania,English,Superbet (Organization),true,false,true,true,true,true,"Sitelinks, Video preview",150,11,2.36,12,,,,5,,Lost,,https://www.pontul-zilei.com/agentie/superbet/,,,2024-06-23 05:18:49,
cod bonus luck casino,RO,Romania,Romanian,Luck Casino (Organization),true,false,false,true,true,false,Top ads,150,53,1.19,0,12,12,,34,5,29,,https://www.pontul-zilei.com/agentie/luck-casino/,,https://www.pontul-zilei.com/bonusuri-cazino/bonusuri-fara-depunere/luck-casino-bonus-fara-depunere/,2024-06-12 21:10:29,2026-05-09 22:51:05
elite slots bonus fara depunere,RO,Romania,Romanian,"Elite Slots (Organization), Elite Slots bonus without deposit (Product)",true,false,false,true,true,true,,400,51,1.03,16,12,-4,,4,9,-5,,https://www.pontul-zilei.com/agentie/elite-slots/,,https://www.pontul-zilei.com/agentie/elite-slots/,2024-06-15 00:30:47,2026-06-10 09:51:05
luck casino bonus fara depunere,RO,Romania,Romanian,Luck Casino (Organization),true,false,false,true,true,false,,250,67,0.99,7,12,5,,8,7,1,,https://www.pontul-zilei.com/agentie/luck-casino/,,https://www.pontul-zilei.com/bonusuri-cazino/bonusuri-fara-depunere/luck-casino-bonus-fara-depunere/,2024-06-09 10:48:53,2026-06-27 04:43:13
oferte power bet,RO,Romania,Romanian,Powerbet (Organization),true,false,false,true,true,false,Sitelinks,250,46,0.67,,12,,,,7,New,,,,https://www.pontul-zilei.com/agentie/powerbet/,,2026-06-07 15:18:23
betano inregistrare,RO,Romania,Romanian,Betano (Organization),true,false,true,true,true,true,Sitelinks,100,22,3.08,0,12,12,,40,4,36,,https://www.pontul-zilei.com/agentie/betano/,,https://www.pontul-zilei.com/bonusuri-cazino/bonusuri-fara-depunere/betano-casino-bonus-fara-depunere/,2024-06-15 23:09:21,2026-05-27 07:27:24
cod promo frank casino,RO,Romania,Romanian,Frank Casino (Organization),true,false,false,true,true,false,Sitelinks,200,56,1.00,,12,,,,6,New,,,,https://www.pontul-zilei.com/bonusuri-cazino/bonusuri-fara-depunere/frank-casino-bonus-fara-depunere/,,2026-06-21 03:49:43
60 rotiri gratuite fara depunere,RO,Romania,Romanian,,false,false,false,true,true,false,,1500,0,1.24,0,12,12,,41,15,26,,https://www.pontul-zilei.com/agentie/million/,,https://www.pontul-zilei.com/bonusuri-cazino-fara-depunere/,2024-06-15 15:10:56,2026-06-09 22:40:06
cod promo favbet,RO,Romania,Romanian,Favbet (Organization),true,false,false,true,true,true,Video preview,250,50,2.59,,12,,,,7,New,,,,https://www.pontul-zilei.com/bonusuri-cazino/bonusuri-fara-depunere/favbet-bonus-fara-depunere/,,2026-06-10 14:47:51
bilet pariuri,RO,Romania,Romanian,,false,false,false,true,true,false,"Top stories, Thumbnail, Image pack, Video preview",200,36,0.56,12,,,,8,,Lost,,https://www.pontul-zilei.com/category/biletul-zilei/,,,2024-06-20 21:19:58,
pareri betano,RO,Romania,Romanian,Betano (Organization),true,false,false,true,true,false,Sitelinks,150,31,2.18,,12,,,,7,New,,,,https://www.pontul-zilei.com/agentie/betano/,,2026-05-24 00:10:24
cod gets bet,RO,Romania,English,GetsBet (Organization),true,false,false,true,true,false,,150,55,0.74,0,12,12,,38,5,33,,https://www.pontul-zilei.com/agentie/gets-bet/,,https://www.pontul-zilei.com/bonusuri-cazino/bonusuri-fara-depunere/getsbet-bonus-fara-depunere/,2024-06-24 15:44:22,2026-06-04 01:08:31
agentie betano,RO,Romania,Romanian,Betano (Organization),true,false,false,true,true,false,"Featured snippet, Thumbnail, Sitelinks, Image pack, Bottom ads, Paid sitelinks",100,6,1.54,12,,,,4,,Lost,,https://www.pontul-zilei.com/agentie/betano/,,,2024-06-27 11:01:22,
finlanda keno 20/70,RO,Romania,Romanian,Finland Keno 20/70 (Event),true,false,false,true,false,false,AI Overview,2200,0,0.39,27,12,-15,,14,18,-4,,https://www.pontul-zilei.com/articole-pariuri-sportive/finlanda-keno-loto-strategii-rezultate-combinatii-sfaturi/,,https://www.pontul-zilei.com/articole-pariuri-sportive/finlanda-keno-loto-strategii-rezultate-combinatii-sfaturi/,2024-06-22 00:15:00,2026-06-15 06:35:29
italia keno 20 90,RO,Romania,Romanian,Italia Keno 20/90 (Event),true,false,false,true,false,false,,1400,45,0.47,0,12,11,,40,15,25,,https://www.pontul-zilei.com/articole-pariuri-sportive/loto-italia-keno-afla-acum-cand-si-unde-poti-paria/,,https://www.pontul-zilei.com/articole-pariuri-sportive/loto-italia-keno-afla-acum-cand-si-unde-poti-paria/,2024-06-24 06:04:45,2026-06-11 02:58:38
oferte casino rotiri gratuite,RO,Romania,Romanian,,false,false,false,true,true,false,Sitelinks,100,71,2.82,0,11,11,,80,3,77,,https://www.pontul-zilei.com/agentie/seven/,,https://www.pontul-zilei.com/bonusuri-cazino-fara-depunere/,2024-06-25 07:35:45,2026-06-22 01:57:30
gets bet pariaza in agentii,RO,Romania,Romanian,Get's Bet (Organization),true,false,false,true,true,false,Sitelinks,200,6,1.10,11,,,,6,,Lost,,https://www.pontul-zilei.com/agentie/gets-bet/,,,2024-06-26 20:33:31,
bonus fara depunere fortuna,RO,Romania,Romanian,Fortuna Casino (Organization),true,false,false,true,true,false,Sitelinks,150,42,2.19,0,11,11,,32,5,27,,https://www.pontul-zilei.com/agentie/fortuna/,,https://www.pontul-zilei.com/bonusuri-cazino/bonusuri-fara-depunere/fortuna-bonus-fara-depunere/,2024-06-09 09:31:23,2026-06-09 00:45:27
predicții fotbal,RO,Romania,Romanian,,false,false,false,true,false,false,"Video preview, Image pack",450,13,0.28,11,,,,10,,Lost,,https://www.pontul-zilei.com/category/ponturi-pariuri/ponturi-fotbal/,,,2024-06-26 09:13:56,
oferte cazino,RO,Romania,Romanian,,false,false,false,true,true,false,,100,73,4.25,0,11,11,,46,3,43,,https://www.pontul-zilei.com/bonusuri-cazino-fara-depunere/,,https://www.pontul-zilei.com/bonusuri-cazino-fara-depunere/,2024-06-27 07:45:15,2026-05-26 03:07:30
vlad cazino bonus de bun venit,RO,Romania,Romanian,Vlad Cazino (Organization),true,false,false,true,true,false,,150,58,1.88,,11,,,,5,New,,,,https://www.pontul-zilei.com/bonusuri-cazino/bonusuri-fara-depunere/vlad-cazino-bonus-fara-depunere/,,2026-06-21 22:04:54
bonus fara depunere casa pariurilor,RO,Romania,Romanian,Casa Pariurilor (Organization),true,false,false,true,true,false,Sitelinks,100,54,3.26,0,11,11,,22,4,18,,https://www.pontul-zilei.com/agentie/casa-pariurilor/,,https://www.pontul-zilei.com/bonusuri-cazino/bonusuri-fara-depunere/casa-pariurilor-bonus-fara-depunere/,2024-06-20 18:48:43,2026-06-16 23:41:51
www betmen ro,RO,Romania,Romanian,BetMen (Organization),true,false,true,false,false,false,Sitelinks,100,35,0.96,32,11,-21,,14,4,10,,https://www.pontul-zilei.com/agentie/betmen/,,https://www.pontul-zilei.com/agentie/betmen/,2024-06-27 10:55:53,2026-05-26 04:48:57
mr bit bonus,RO,Romania,English,MrBit (Organization),true,false,false,true,true,false,,250,55,1.75,,11,,,,7,New,,,,https://www.pontul-zilei.com/bonusuri-cazino/bonusuri-fara-depunere/mr-bit-bonus-fara-depunere/,,2026-06-21 04:02:39
verificare bilet gets bet fotbal,RO,Romania,Romanian,Get's Bet (Organization),true,false,true,true,false,false,"Sitelinks, Video preview",2700,42,0.96,40,11,-29,,11,18,-7,,https://www.pontul-zilei.com/agentie/gets-bet/,,https://www.pontul-zilei.com/blog/gets-bet-verificare-bilet/,2024-06-25 11:33:41,2026-06-10 04:04:09
magnum bet 50 rotiri,RO,Romania,Romanian,Magnum Bet (Organization),true,false,false,true,true,false,Sitelinks,150,57,0.89,0,11,11,,36,5,31,,https://www.pontul-zilei.com/agentie/magnumbet/,,https://www.pontul-zilei.com/bonusuri-cazino/bonusuri-fara-depunere/magnumbet-bonus-fara-depunere/,2024-06-20 04:03:20,2026-06-26 16:37:45
winbet rotiri gratuite,RO,Romania,Romanian,Winbet (Organization),true,false,false,true,true,false,,600,54,0.87,10,11,1,,14,11,3,,https://www.pontul-zilei.com/agentie/winbet/,,https://www.pontul-zilei.com/bonusuri-cazino/bonusuri-fara-depunere/winbet-bonus-fara-depunere/,2024-06-26 19:11:27,2026-06-16 02:11:53
superbet bilet virtual,RO,Romania,Romanian,Superbet (Organization),true,false,false,true,false,false,"Sitelinks, Video preview",100,16,0.99,11,,,,3,,Lost,,https://www.pontul-zilei.com/agentie/superbet/,,,2024-06-11 18:20:54,
cod bonus netbet fara depunere,RO,Romania,Romanian,NetBet (Organization),true,false,false,true,true,false,Sitelinks,100,59,2.83,0,11,11,,55,3,52,,https://www.pontul-zilei.com/agentie/netbet/,,https://www.pontul-zilei.com/bonusuri-cazino/bonusuri-fara-depunere/netbet-bonus-fara-depunere/,2024-06-07 01:43:55,2026-06-21 05:09:27
cod bonus las vegas fara depunere,RO,Romania,Romanian,Las Vegas (Location),false,true,false,true,true,false,,80,52,2.65,0,11,11,,67,2,65,,https://www.pontul-zilei.com/agentie/las-vegas/,,https://www.pontul-zilei.com/bonusuri-cazino/bonusuri-fara-depunere/las-vegas-bonus-fara-depunere/,2024-06-17 23:41:11,2026-06-02 03:56:06
mr bit cod promo,RO,Romania,Romanian,MrBit (Organization),true,false,false,true,true,false,"Sitelinks, Video preview",150,51,0.60,,11,,,,5,New,,,,https://www.pontul-zilei.com/bonusuri-cazino/bonusuri-fara-depunere/mr-bit-bonus-fara-depunere/,,2026-06-16 22:14:21
getsbet aplicatie,RO,Romania,Romanian,GetsBet (Organization),true,false,false,true,true,true,Sitelinks,90,52,0.90,,11,,,,3,New,,,,https://www.pontul-zilei.com/blog/gets-bet-aplicatie/,,2026-06-25 16:34:05
germania keno,RO,Romania,Romanian,Germania Keno (Event),true,false,false,true,false,false,,3900,19,0.19,2,11,9,,17,13,4,,https://www.pontul-zilei.com/articole-pariuri-sportive/germania-keno-loto-strategii-rezultate-combinatii-sfaturi/,,https://www.pontul-zilei.com/articole-pariuri-sportive/germania-keno-loto-strategii-rezultate-combinatii-sfaturi/,2024-06-27 13:57:30,2026-06-17 07:33:56
pontul nostru.ro,RO,Romania,Romanian,Pontul Nostru (Organization),true,false,true,false,false,false,"Sitelinks, Video preview, Bottom ads",200,17,1.33,1,11,10,,17,6,11,,https://www.pontul-zilei.com/,,https://www.pontul-zilei.com/,2024-06-27 04:00:54,2026-05-20 18:49:10
cod promo fortuna,RO,Romania,Romanian,Fortuna (Organization),true,false,false,true,true,true,,200,49,0.96,0,11,11,,29,6,23,,https://www.pontul-zilei.com/agentie/fortuna/,,https://www.pontul-zilei.com/bonusuri-cazino/bonusuri-fara-depunere/fortuna-bonus-fara-depunere/,2024-06-24 04:17:40,2026-06-04 05:40:39
totalbet verificare bilet,RO,Romania,Romanian,TotalBet (Organization),true,false,false,true,false,false,"Sitelinks, Video preview, Image pack",100,1,0.60,11,,,,4,,Lost,,https://www.pontul-zilei.com/agentie/total-bet/,,,2024-06-19 03:14:05,
ponturi fotbal azi,RO,Romania,Romanian,,false,false,false,true,false,false,,1700,57,0.49,114,11,-103,,8,19,-11,,https://www.pontul-zilei.com/category/ponturi-pariuri/ponturi-fotbal/,,https://www.pontul-zilei.com/category/ponturi-pariuri/ponturi-fotbal/,2024-06-24 13:55:31,2026-06-08 00:48:32
cod bonus unibet,RO,Romania,Romanian,"Unibet (Organization), cod bonus (Product)",true,false,false,true,true,false,"Sitelinks, Video preview",350,48,1.48,,11,,,,10,New,,,,https://www.pontul-zilei.com/bonusuri-cazino/bonusuri-fara-depunere/unibet-bonus-fara-depunere/,,2026-06-05 15:17:41
ce inseamna sub 2.5 goluri,RO,Romania,Romanian,,false,false,false,true,false,false,"Featured snippet, Thumbnail, People also ask, Image pack, Video preview",150,0,0.11,11,,,,6,,Lost,,https://www.pontul-zilei.com/articole-pariuri-sportive/ce-inseamna-sub-peste-15-25-35-45/,,,2024-06-18 13:07:49,
online gets bet,RO,Romania,English,GetsBet (Organization),true,false,false,true,true,false,Sitelinks,90,55,1.28,1,11,10,,13,3,10,,https://www.pontul-zilei.com/agentie/gets-bet/,,https://www.pontul-zilei.com/agentie/gets-bet/,2024-06-08 02:36:06,2026-06-15 02:26:05
rotiri gratuite fara depunere casino,RO,Romania,Romanian,,false,false,false,true,true,false,,150,74,2.81,,11,,,,5,New,,,,https://www.pontul-zilei.com/bonusuri-cazino-fara-depunere/,,2026-06-09 02:35:11
getsbet rotiri gratuite,RO,Romania,Romanian,Get's Bet (Organization),true,false,false,true,true,false,,100,63,0.88,0,11,11,,37,4,33,,https://www.pontul-zilei.com/agentie/gets-bet/,,https://www.pontul-zilei.com/bonusuri-cazino/bonusuri-fara-depunere/getsbet-bonus-fara-depunere/,2024-06-14 21:29:03,2026-06-24 14:29:49
rotiri gratuite netbet,RO,Romania,Romanian,NetBet (Organization),true,false,false,true,true,false,Video preview,100,47,4.67,,11,,,,4,New,,,,https://www.pontul-zilei.com/bonusuri-cazino/bonusuri-fara-depunere/netbet-bonus-fara-depunere/,,2026-05-23 09:05:06
admiral casino bonus,RO,Romania,English,Admiral Casino (Organization),true,false,false,true,true,false,,200,59,1.65,,11,,,,6,New,,,,https://www.pontul-zilei.com/bonusuri-cazino/bonusuri-fara-depunere/admiral-bonus-fara-depunere/,,2026-06-11 13:04:49
cod promotional netbet,RO,Romania,Romanian,NetBet (Organization),true,false,false,true,true,true,Sitelinks,150,54,2.36,0,11,11,,97,6,91,,https://www.pontul-zilei.com/ponturipariuri/ponturile-zilei-din-tenis-duminica-16-iunie-2024/,,https://www.pontul-zilei.com/bonusuri-cazino/bonusuri-fara-depunere/netbet-bonus-fara-depunere/,2024-06-16 20:41:59,2026-06-03 20:44:39
instalare casa pariurilor,RO,Romania,Romanian,Casa Pariurilor (Organization),true,false,false,true,true,true,"Image pack, Video preview",2200,0,0.82,11,,,,18,,Lost,,https://www.pontul-zilei.com/agentie/casa-pariurilor/,,,2024-06-24 05:02:04,
stanleybet oferta,RO,Romania,Romanian,Stanleybet (Organization),true,false,false,true,true,false,"Sitelinks, Image pack, Video preview",1600,0,0.39,11,,,,3,,Lost,,https://www.pontul-zilei.com/agentie/stanleybet/,,,2024-06-27 05:53:41,
rotiri gratuite fara depunere 2023,RO,Romania,Romanian,,false,false,false,true,true,false,,200,70,2.51,,11,,,,6,New,,,,https://www.pontul-zilei.com/bonusuri-cazino-fara-depunere/,,2026-06-04 01:16:09
winner pariuri sportive oferta,RO,Romania,Romanian,Winner (Organization),true,false,false,true,true,false,"Video preview, Bottom ads, Paid sitelinks",90,0,0.85,11,,,,3,,Lost,,https://www.pontul-zilei.com/agentie/winner/,,,2024-06-27 17:32:15,
bonusuri casino online,RO,Romania,Romanian,,false,false,false,true,true,false,Sitelinks,90,76,3.66,0,11,11,,34,3,31,,https://www.pontul-zilei.com/bonusuri-cazino-fara-depunere/,,https://www.pontul-zilei.com/bonusuri-cazino-fara-depunere/,2024-06-14 22:20:24,2026-06-23 09:43:16
las vegas casino bonus,RO,Romania,English,Las Vegas (Location),false,true,false,true,true,false,Sitelinks,90,41,1.99,0,11,11,,44,3,41,,https://www.pontul-zilei.com/agentie/las-vegas/,,https://www.pontul-zilei.com/bonusuri-cazino/bonusuri-fara-depunere/las-vegas-bonus-fara-depunere/,2024-06-09 12:39:04,2026-05-30 08:54:27
bonus admiral,RO,Romania,English,AdmiralBet (Organization),true,false,false,true,true,false,,100,52,1.43,,11,,,,4,New,,,,https://www.pontul-zilei.com/bonusuri-cazino/bonusuri-fara-depunere/admiral-bonus-fara-depunere/,,2026-06-08 20:23:32
cod bonus superbet inregistrare,RO,Romania,Romanian,Superbet (Organization),true,false,false,true,true,false,Sitelinks,450,60,4.26,,11,,,,10,New,,,,https://www.pontul-zilei.com/bonusuri-cazino/bonusuri-fara-depunere/superbet-bonus-fara-depunere/,,2026-06-06 05:55:36
promotii unibet,RO,Romania,Romanian,Unibet (Organization),true,false,false,true,true,false,"Sitelinks, Image pack, Video preview",150,4,4.08,11,,,,6,,Lost,,https://www.pontul-zilei.com/agentie/unibet/,,,2024-06-14 10:37:27,
superbet club card,RO,Romania,English,Superbet Club Card (Product),true,false,false,true,true,false,Video preview,1700,38,0.68,,11,,,,16,New,,,,https://www.pontul-zilei.com/blog/superbet-club/,,2026-06-14 02:34:42
fara depunere bonus,RO,Romania,Romanian,,false,false,false,true,true,false,,100,74,3.62,0,11,11,,41,4,37,,https://www.pontul-zilei.com/bonusuri-cazino-fara-depunere/,,https://www.pontul-zilei.com/bonusuri-cazino-fara-depunere/,2024-06-18 11:41:22,2026-06-20 12:18:04
unibet rotiri gratuite fara depunere,RO,Romania,Romanian,Unibet (Organization),true,false,false,true,true,false,Sitelinks,200,53,1.07,,11,,,,7,New,,,,https://www.pontul-zilei.com/bonusuri-cazino/bonusuri-fara-depunere/unibet-bonus-fara-depunere/,,2026-06-07 18:18:10
ce inseamna peste 2.5 goluri,RO,Romania,Romanian,,false,false,false,true,false,false,"Featured snippet, Thumbnail, People also ask, Image pack, Video preview",250,0,0.45,11,,,,7,,Lost,,https://www.pontul-zilei.com/articole-pariuri-sportive/ce-inseamna-sub-peste-15-25-35-45/,,,2024-06-27 10:53:51,
aparate bonus fara depunere,RO,Romania,Romanian,,false,false,false,true,true,false,Sitelinks,100,73,3.56,,11,,,,4,New,,,,https://www.pontul-zilei.com/bonusuri-cazino-fara-depunere/,,2026-06-04 00:38:01
las vegas contact,RO,Romania,English,Las Vegas (Location),false,true,false,true,false,false,,350,47,1.43,,10,,,,9,New,,,,https://www.pontul-zilei.com/blog/las-vegas-contact/,,2026-06-01 06:03:07
888 casino rotiri gratuite,RO,Romania,Romanian,888 Casino (Organization),true,false,false,true,true,false,"Sitelinks, Video preview",350,67,1.35,,10,,,,9,New,,,,https://www.pontul-zilei.com/bonusuri-cazino/bonusuri-fara-depunere/888casino-bonus-fara-depunere/,,2026-06-18 19:38:51
bonus maxbet fara depunere,RO,Romania,Romanian,MaxBet (Organization),true,false,false,true,true,false,Sitelinks,90,58,1.47,0,10,10,,32,3,29,,https://www.pontul-zilei.com/pariuri-online/win2-ro-challenge-joc-pentru-50-000/,,https://www.pontul-zilei.com/bonusuri-cazino/bonusuri-fara-depunere/maxbet-bonus-fara-depunere/,2024-06-15 15:22:52,2026-06-06 06:42:00
luck casino cod bonus,RO,Romania,English,Luck Casino (Organization),true,false,false,true,true,false,,200,60,1.81,0,10,10,,19,7,12,,https://www.pontul-zilei.com/agentie/luck-casino/,,https://www.pontul-zilei.com/bonusuri-cazino/bonusuri-fara-depunere/luck-casino-bonus-fara-depunere/,2024-06-10 20:33:15,2026-06-10 19:57:43
rotiri gratuite fara depunere betano,RO,Romania,Romanian,Betano (Organization),true,false,false,true,true,false,,250,52,2.09,0,10,10,,60,8,52,,https://www.pontul-zilei.com/agentie/betano/,,https://www.pontul-zilei.com/bonusuri-cazino/bonusuri-fara-depunere/betano-casino-bonus-fara-depunere/,2024-06-26 14:07:02,2026-06-21 22:36:44
gets bet bonus,RO,Romania,English,GetsBet (Organization),true,false,false,true,true,false,,150,52,0.18,0,10,10,,35,5,30,,https://www.pontul-zilei.com/agentie/gets-bet/,,https://www.pontul-zilei.com/bonusuri-cazino/bonusuri-fara-depunere/getsbet-bonus-fara-depunere/,2024-06-17 10:51:36,2026-06-04 02:59:26
winboss bonus fara depunere,RO,Romania,Romanian,WinBoss (Organization),true,false,false,true,true,false,,350,58,1.01,20,10,-10,,11,9,2,,https://www.pontul-zilei.com/agentie/winboss/,,https://www.pontul-zilei.com/bonusuri-cazino/bonusuri-fara-depunere/winboss-bonus-fara-depunere/,2024-06-23 19:27:04,2026-06-10 06:21:18
biletul zilei alin,RO,Romania,Romanian,"Alin (Person), Biletul Zilei (Event)",true,false,false,true,false,false,,150,53,,16,10,-6,,5,6,-1,,https://www.pontul-zilei.com/category/ponturi-pariuri/ponturi-fotbal/,,https://www.pontul-zilei.com/category/ponturi-pariuri/ponturi-fotbal/,2024-06-08 22:31:23,2026-06-23 07:43:46
biletul zilei de azi,RO,Romania,Romanian,Daily Ticket (Event),false,false,false,true,false,false,Video preview,100,31,0.26,10,,,,7,,Lost,,https://www.pontul-zilei.com/category/biletul-zilei/,,,2024-06-24 18:03:07,
don casino bonus fara depunere,RO,Romania,Romanian,Don Casino (Organization),true,false,false,true,true,false,Sitelinks,100,55,1.12,6,10,4,,9,4,5,,https://www.pontul-zilei.com/agentie/don-ro/,,https://www.pontul-zilei.com/bonusuri-cazino/bonusuri-fara-depunere/don-ro-casino-bonus-fara-depunere/,2024-06-20 03:20:07,2026-06-02 23:23:11
bonus inregistrare fara depunere,RO,Romania,Romanian,,false,false,false,true,true,false,,100,73,4.56,,10,,,,4,New,,,,https://www.pontul-zilei.com/bonusuri-cazino-fara-depunere/,,2026-05-20 07:26:16
oferta casino,RO,Romania,Romanian,,false,false,false,true,true,false,,90,75,5.28,0,10,10,,52,3,49,,https://www.pontul-zilei.com/bonusuri-cazino-fara-depunere/,,https://www.pontul-zilei.com/bonusuri-cazino-fara-depunere/,2024-06-22 16:46:58,2026-06-12 04:13:10
mozzartbet ro,RO,Romania,Romanian,Mozzart Bet (Organization),true,false,true,true,true,false,"Sitelinks, Image pack, Video preview, Bottom ads, Paid sitelinks",500,1,0.59,10,,,,11,,Lost,,https://www.pontul-zilei.com/agentie/mozzart/,,,2024-06-06 20:11:53,
rotiri gratuite la verificarea contului,RO,Romania,Romanian,,false,false,false,true,true,false,,600,69,3.23,,10,,,,12,New,,,,https://www.pontul-zilei.com/bonusuri-cazino-fara-depunere/,,2026-06-17 21:21:25
bonus fara depunere superbet,RO,Romania,Romanian,Superbet (Organization),true,false,false,true,true,false,,350,57,5.86,1,10,9,,24,9,15,,https://www.pontul-zilei.com/agentie/superbet/,,https://www.pontul-zilei.com/bonusuri-cazino/bonusuri-fara-depunere/superbet-bonus-fara-depunere/,2024-06-24 06:35:41,2026-05-20 04:55:24
oferte betano,RO,Romania,Romanian,Betano (Organization),true,false,false,true,true,false,Sitelinks,200,57,0.70,1,10,9,,19,7,12,,https://www.pontul-zilei.com/agentie/betano/,,https://www.pontul-zilei.com/bonusuri-cazino/bonusuri-fara-depunere/betano-casino-bonus-fara-depunere/,2024-06-12 08:16:12,2026-06-21 10:56:25
bonus fara depunere stanleybet,RO,Romania,Romanian,Stanleybet (Organization),true,false,false,true,true,false,Sitelinks,90,49,1.21,1,10,9,,14,3,11,,https://www.pontul-zilei.com/agentie/stanleybet/,,https://www.pontul-zilei.com/bonusuri-cazino/bonusuri-fara-depunere/stanleybet-bonus-fara-depunere/,2024-06-12 20:45:47,2026-06-21 17:07:56
gameworld bonus fara depunere,RO,Romania,Romanian,Game World Casino (Organization),true,false,false,true,true,false,,100,58,1.18,4,10,6,,10,4,6,,https://www.pontul-zilei.com/agentie/game-world-casino/,,https://www.pontul-zilei.com/bonusuri-cazino/bonusuri-fara-depunere/game-world-casino-bonus-fara-depunere/,2024-06-27 09:56:44,2026-06-25 22:30:38
cont gets bet,RO,Romania,Romanian,GetsBet (Organization),true,false,true,true,true,true,"Sitelinks, Video preview",100,48,1.97,0,10,10,,20,4,16,,https://www.pontul-zilei.com/agentie/gets-bet/,,https://www.pontul-zilei.com/blog/gets-bet-inregistrare/,2024-06-13 15:51:07,2026-06-23 03:30:21
dimensiune teren baschet,RO,Romania,Romanian,,false,false,false,true,false,false,"Featured snippet, Thumbnail, Video preview",80,0,0.53,10,,,,3,,Lost,,https://www.pontul-zilei.com/articole-pariuri-sportive/terenul-de-baschet-tot-ce-trebuie-sa-stii-despre-suprafata-dimensiuni-si-marcajele-existente/,,,2024-06-10 06:56:29,
bonus 888 casino,RO,Romania,English,888 Casino (Organization),true,false,false,true,true,false,Sitelinks,80,66,2.07,,10,,,,3,New,,,,https://www.pontul-zilei.com/bonusuri-cazino/bonusuri-fara-depunere/888casino-bonus-fara-depunere/,,2026-06-18 12:51:16
oferte casa pariurilor ro,RO,Romania,Romanian,Casa Pariurilor (Organization),true,false,false,true,true,false,Sitelinks,100,13,1.57,77,10,-67,,2,4,-2,,https://www.pontul-zilei.com/agentie/casa-pariurilor/,,https://www.pontul-zilei.com/agentie/casa-pariurilor/,2024-06-27 11:53:11,2026-06-19 03:39:21
efbet bonus fara depunere,RO,Romania,Romanian,Efbet (Organization),true,false,false,true,true,false,,150,64,0.79,8,10,2,,7,6,1,,https://www.pontul-zilei.com/agentie/efbet/,,https://www.pontul-zilei.com/bonusuri-cazino-fara-depunere/,2024-06-15 04:11:48,2026-06-18 20:47:09
pronosticuri sportive,RO,Romania,Romanian,,false,false,false,true,false,false,"Sitelinks, Video preview, Image pack",150,34,0.40,10,,,,10,,Lost,,https://www.pontul-zilei.com/category/ponturi-pariuri/,,,2024-06-26 21:17:26,
seven casino rotiri gratuite,RO,Romania,Romanian,Seven Casino (Organization),true,false,false,true,true,false,,200,57,0.99,6,10,4,,8,7,1,,https://www.pontul-zilei.com/agentie/seven/,,https://www.pontul-zilei.com/bonusuri-cazino/bonusuri-fara-depunere/seven-bonus-fara-depunere/,2024-06-27 16:32:39,2026-05-22 14:08:57
betano rotiri fara depunere,RO,Romania,Romanian,Betano (Organization),true,false,false,true,true,false,Sitelinks,200,43,2.09,0,10,10,,27,7,20,,https://www.pontul-zilei.com/agentie/betano/,,https://www.pontul-zilei.com/bonusuri-cazino/bonusuri-fara-depunere/betano-casino-bonus-fara-depunere/,2024-06-18 01:42:41,2026-06-09 20:35:44
pronosticuri fotbal azi,RO,Romania,Romanian,,false,false,false,true,true,false,,1300,57,0.49,94,10,-84,,7,16,-9,,https://www.pontul-zilei.com/category/ponturi-pariuri/ponturi-fotbal/,,https://www.pontul-zilei.com/category/ponturi-pariuri/ponturi-fotbal/,2024-06-23 02:52:40,2026-06-12 12:19:11
vbet bonus,RO,Romania,,,false,false,false,false,false,false,,600,46,0.91,,10,,,,12,New,,,,https://www.pontul-zilei.com/agentie/vbet/,,2026-06-12 07:30:49
cod promotional fortuna,RO,Romania,Romanian,Fortuna (Organization),true,false,false,true,true,false,Sitelinks,100,43,1.09,0,10,10,,30,5,25,,https://www.pontul-zilei.com/agentie/fortuna/,,https://www.pontul-zilei.com/bonusuri-cazino/bonusuri-fara-depunere/fortuna-bonus-fara-depunere/,2024-06-14 18:48:23,2026-06-06 13:45:39
ghets bet,RO,Romania,Romanian,GetsBet (Organization),true,false,true,true,true,false,"Sitelinks, Video preview",100,9,,0,10,9,,21,4,17,,https://www.pontul-zilei.com/agentie/gets-bet/,,https://www.pontul-zilei.com/agentie/gets-bet/,2024-06-08 09:16:19,2026-06-11 17:28:39
letonia keno live,RO,Romania,Romanian,"Latvia Keno (Event), Keno (Event)",true,false,false,true,false,false,"Sitelinks, Video preview, Image pack",800,0,0.29,10,,,,15,,Lost,,https://www.pontul-zilei.com/articole-pariuri-sportive/letonia-keno-loto-strategii-rezultate-scheme-combinatii-live-sfaturi-de-la-jucatori/,,,2024-06-24 10:11:57,
frank casino rotiri gratuite fara depunere,RO,Romania,Romanian,Frank Casino (Organization),true,false,false,true,true,false,Sitelinks,150,56,1.04,0,10,10,,39,5,34,,https://www.pontul-zilei.com/articole-pariuri-sportive/de-la-courtois-la-grealish-si-haaland-top-20-cele-mai-importante-absente-de-la-euro-2024/,,https://www.pontul-zilei.com/bonusuri-cazino/bonusuri-fara-depunere/frank-casino-bonus-fara-depunere/,2024-06-13 18:05:48,2026-06-19 12:38:13
mozzartbet bonus fara depunere,RO,Romania,Romanian,Mozzartbet (Organization),true,false,false,true,true,false,Sitelinks,150,47,0.60,4,10,6,,9,5,4,,https://www.pontul-zilei.com/agentie/mozzart/,,https://www.pontul-zilei.com/bonusuri-cazino/bonusuri-fara-depunere/mozzartbet-bonus-fara-depunere/,2024-06-19 15:24:34,2026-05-24 01:43:15
bonus sport fara depunere,RO,Romania,Romanian,,false,false,false,true,true,false,Sitelinks,150,56,4.32,3,10,7,,10,6,4,,https://www.pontul-zilei.com/top-case-de-pariuri-online/,,https://www.pontul-zilei.com/bonusuri-cazino-fara-depunere/,2024-06-07 08:35:34,2026-06-12 10:52:23
liga natiunilor,RO,Romania,Romanian,UEFA Nations League (Event),true,false,false,true,false,false,"Video preview, Image pack",1600,8,,10,,,,16,,Lost,,https://www.pontul-zilei.com/articole-pariuri-sportive/video-modric-emotionat-pana-la-lacrimi/,,,2024-06-26 13:22:29,
pariuri casa pariurilor,RO,Romania,Romanian,Casa Pariurilor (Organization),true,false,true,true,true,true,Sitelinks,150,33,0.81,23,10,-14,,2,6,-4,,https://www.pontul-zilei.com/agentie/casa-pariurilor/,,https://www.pontul-zilei.com/agentie/casa-pariurilor/,2024-06-23 17:30:40,2026-05-25 10:50:25
gs bet,RO,Romania,Romanian,Get's Bet (Organization),true,false,false,true,true,false,,4200,60,0.75,,9,,,,12,New,,,,https://www.pontul-zilei.com/agentie/gets-bet/,,2026-06-22 04:00:17
raspunde la intrebari si castiga premii,RO,Romania,Romanian,,false,false,false,true,false,false,Video preview,100,0,0.05,9,,,,4,,Lost,,https://www.pontul-zilei.com/pariuri-online/raspunde-la-intrebari-si-poti-castiga-400-000-ron-de-la-sportingbet/,,,2024-06-19 21:41:06,
italia keno 20 din 90,RO,Romania,Romanian,Italia Keno 20/90 (Event),true,false,false,true,false,false,,1200,30,0.17,0,9,9,,33,15,18,,https://www.pontul-zilei.com/articole-pariuri-sportive/loto-italia-keno-afla-acum-cand-si-unde-poti-paria/,,https://www.pontul-zilei.com/articole-pariuri-sportive/loto-italia-keno-afla-acum-cand-si-unde-poti-paria/,2024-06-25 01:36:25,2026-06-21 09:07:16
pronosticuri fotbal,RO,Romania,Romanian,,false,false,false,true,false,false,Video preview,1300,58,0.43,45,9,-36,,12,19,-7,,https://www.pontul-zilei.com/category/ponturi-pariuri/ponturi-fotbal/,,https://www.pontul-zilei.com/category/ponturi-pariuri/ponturi-fotbal/,2024-06-27 05:59:41,2026-06-24 18:58:23
teren de baschet dimensiuni,RO,Romania,Romanian,,false,false,false,true,false,false,"Featured snippet, Thumbnail, People also ask, Video preview",80,0,,9,,,,3,,Lost,,https://www.pontul-zilei.com/articole-pariuri-sportive/terenul-de-baschet-tot-ce-trebuie-sa-stii-despre-suprafata-dimensiuni-si-marcajele-existente/,,,2024-06-10 21:31:20,
rotiri gratuite instant,RO,Romania,Romanian,,false,false,false,true,true,true,Sitelinks,80,72,2.75,,9,,,,3,New,,,,https://www.pontul-zilei.com/bonusuri-cazino-fara-depunere/,,2026-06-15 22:02:24
cazinouri online romania cu bonus fara depunere,RO,Romania,Romanian,Romania (Location),false,false,false,true,true,false,,80,77,4.22,0,9,9,,24,3,21,,https://www.pontul-zilei.com/bonusuri-cazino-fara-depunere/,,https://www.pontul-zilei.com/bonusuri-cazino-fara-depunere/,2024-06-15 23:27:38,2026-05-28 14:19:19
888 bonus,RO,Romania,English,888 (Organization),true,false,false,true,true,false,Sitelinks,150,68,2.25,0,9,9,,55,5,50,,https://www.pontul-zilei.com/agentie/888sport/,,https://www.pontul-zilei.com/bonusuri-cazino/bonusuri-fara-depunere/888casino-bonus-fara-depunere/,2024-05-30 17:12:57,2026-06-18 19:31:55
betano conectare,RO,Romania,Romanian,Betano (Organization),true,false,true,false,false,false,"Sitelinks, Video preview, Image pack",150,10,1.17,9,,,,6,,Lost,,https://www.pontul-zilei.com/agentie/betano/,,,2024-06-15 06:57:06,
seven rotiri gratuite,RO,Romania,Romanian,Seven Pounds (Work),true,false,false,true,false,false,,150,60,1.61,6,9,3,,8,6,2,,https://www.pontul-zilei.com/agentie/seven/,,https://www.pontul-zilei.com/bonusuri-cazino/bonusuri-fara-depunere/seven-bonus-fara-depunere/,2024-06-25 23:00:34,2026-06-02 02:31:02
franta keno 20 70 rezultate,RO,Romania,Romanian,French Keno 20/70 (Event),true,false,false,true,false,false,,2700,0,,9,,,,19,,Lost,,https://www.pontul-zilei.com/articole-pariuri-sportive/franta-keno-loto-strategii-rezultate-combinatii-sfaturi/,,,2024-06-23 19:19:54,
betano.com romania,RO,Romania,English,"betano.com (Organization), Romania (Location)",true,false,true,true,true,false,"Sitelinks, Video preview",2300,19,0.99,9,,,,18,,Lost,,https://www.pontul-zilei.com/agentie/betano/,,,2024-06-25 01:32:02,
oferta superbet duminica,RO,Romania,Romanian,Superbet (Organization),true,false,false,true,true,false,"Sitelinks, Video preview, Image pack",200,1,0.68,9,,,,8,,Lost,,https://www.pontul-zilei.com/cota-zilei-pariuri/super-cota-superbet-duminica-12-mai-cota-3-90-castig-potential-390-ron/,,,2024-06-27 16:26:01,
italia keno cauta combinatii,RO,Romania,Romanian,Italia Keno (Event),true,false,false,true,false,false,,150,21,,1,9,8,,18,6,12,,https://www.pontul-zilei.com/articole-pariuri-sportive/loto-italia-keno-afla-acum-cand-si-unde-poti-paria/,,https://www.pontul-zilei.com/articole-pariuri-sportive/loto-italia-keno-afla-acum-cand-si-unde-poti-paria/,2024-06-13 13:21:13,2026-06-20 02:51:12
stanleybet rotiri gratuite fara depunere,RO,Romania,Romanian,Stanleybet (Organization),true,false,false,true,true,false,Sitelinks,100,26,4.70,0,9,9,,36,4,32,,https://www.pontul-zilei.com/agentie/stanleybet/,,https://www.pontul-zilei.com/bonusuri-cazino/bonusuri-fara-depunere/stanleybet-bonus-fara-depunere/,2024-06-16 23:31:13,2026-05-29 08:49:58
netbet cod bonus,RO,Romania,Romanian,NetBet (Organization),true,false,false,true,true,false,Sitelinks,250,51,1.57,0,9,9,,91,8,83,,https://www.pontul-zilei.com/pariuri-online/castiga-mingea-oficiala-euro-2024/,,https://www.pontul-zilei.com/bonusuri-cazino/bonusuri-fara-depunere/netbet-bonus-fara-depunere/,2024-06-11 21:42:17,2026-06-10 16:35:59
agentii pariuri online,RO,Romania,Romanian,,false,false,false,true,true,false,Sitelinks,250,74,3.55,1,9,9,,17,8,9,,https://www.pontul-zilei.com/top-case-de-pariuri-online/,,https://www.pontul-zilei.com/top-case-de-pariuri-online/,2024-06-24 18:03:05,2026-06-26 07:11:39
bonus betano fara depunere,RO,Romania,Romanian,Betano no deposit bonus (Event),true,false,false,true,true,false,Sitelinks,150,46,1.23,0,9,9,,38,6,32,,https://www.pontul-zilei.com/agentie/betano/,,https://www.pontul-zilei.com/bonusuri-cazino/bonusuri-fara-depunere/betano-casino-bonus-fara-depunere/,2024-06-22 21:47:28,2026-06-05 18:33:16
winmasters bonus de bun venit,RO,Romania,Romanian,Winmasters (Organization),true,false,false,true,true,false,Sitelinks,150,48,3.81,,9,,,,6,New,,,,https://www.pontul-zilei.com/bonusuri-cazino/bonusuri-fara-depunere/winmasters-bonus-fara-depunere/,,2026-06-01 18:56:01
game world bonus fara depunere,RO,Romania,Romanian,Game World Casino (Organization),true,false,false,true,true,false,Bottom ads,150,56,0.43,4,9,5,,11,6,5,,https://www.pontul-zilei.com/agentie/game-world-casino/,,https://www.pontul-zilei.com/bonusuri-cazino/bonusuri-fara-depunere/game-world-casino-bonus-fara-depunere/,2024-06-23 16:21:25,2026-06-11 14:05:43
casa pariurilor bonus,RO,Romania,Romanian,Casa Pariurilor (Organization),true,false,false,true,true,false,,300,50,3.11,2,9,7,,17,9,8,,https://www.pontul-zilei.com/agentie/casa-pariurilor/,,https://www.pontul-zilei.com/bonusuri-cazino/bonusuri-fara-depunere/casa-pariurilor-bonus-fara-depunere/,2024-06-18 13:02:57,2026-06-12 13:00:54
bonus betano casino,RO,Romania,English,Betano (Organization),true,false,false,true,true,false,Featured snippet,150,56,1.62,0,9,9,,55,7,48,,https://www.pontul-zilei.com/agentie/betano/,,https://www.pontul-zilei.com/bonusuri-cazino/bonus-de-bun-venit/betano-bonusuri-de-bun-venit/,2024-06-13 11:31:44,2026-06-20 20:35:57
bonus fara depunere pariuri,RO,Romania,Romanian,,false,false,false,true,true,false,Sitelinks,250,60,3.52,13,9,-4,,5,10,-5,,https://www.pontul-zilei.com/top-case-de-pariuri-online/,,https://www.pontul-zilei.com/bonusuri-cazino-fara-depunere/,2024-06-18 21:51:40,2026-05-22 20:52:20
unibet rotiri gratuite,RO,Romania,Romanian,Unibet (Organization),true,false,false,true,true,false,,250,59,1.73,,9,,,,8,New,,,,https://www.pontul-zilei.com/bonusuri-cazino/bonusuri-fara-depunere/unibet-bonus-fara-depunere/,,2026-06-27 00:20:52
rotiri gratuite fortuna,RO,Romania,Romanian,Fortuna Casino (Organization),true,false,false,true,true,false,,100,54,1.65,0,9,9,,77,5,72,,https://www.pontul-zilei.com/pariuri-online/participa-la-fotbal-maraton-fortuna-premii-de-50-000-ron-100-rotiri-gratuite/,,https://www.pontul-zilei.com/bonusuri-cazino/bonusuri-fara-depunere/fortuna-bonus-fara-depunere/,2024-06-11 09:45:30,2026-05-18 10:27:20
favbet cod promo,RO,Romania,Romanian,Favbet (Organization),true,false,false,true,true,true,Video preview,350,50,1.37,,9,,,,10,New,,,,https://www.pontul-zilei.com/bonusuri-cazino/bonusuri-fara-depunere/favbet-bonus-fara-depunere/,,2026-05-30 07:58:50
cote rxf,RO,Romania,Romanian,RXF (Organization),true,false,false,true,true,false,,250,50,,2,9,7,,8,8,,,https://www.pontul-zilei.com/articole-pariuri-sportive/rxf-next-fighters-12-meciuri-favoriti-si-cote-la-pariuri/,,https://www.pontul-zilei.com/articole-pariuri-sportive/rxf-52-cote-favoriti-cine-transmite/,2024-06-14 04:51:20,2026-06-25 02:56:05
bonusuri betano,RO,Romania,Romanian,Betano (Organization),true,false,false,true,true,false,,200,49,3.17,0,9,9,,25,7,18,,https://www.pontul-zilei.com/agentie/betano/,,https://www.pontul-zilei.com/bonusuri-cazino/bonus-de-bun-venit/betano-bonusuri-de-bun-venit/,2024-06-07 20:00:12,2026-05-14 02:49:39
fortuna bilet agentie,RO,Romania,Romanian,"Fortuna (Organization), Fortuna Betting Agency (Organization)",true,false,false,true,false,false,Sitelinks,150,45,0.04,32,9,-23,,5,6,-1,,https://www.pontul-zilei.com/agentie/fortuna/,,https://www.pontul-zilei.com/agentie/fortuna/,2024-06-24 02:31:42,2026-06-03 03:12:34
totalbet fotbal,RO,Romania,Romanian,TotalBet (Organization),true,false,false,true,true,false,"Sitelinks, Video preview",80,2,,9,,,,3,,Lost,,https://www.pontul-zilei.com/agentie/total-bet/,,,2024-06-12 00:35:54,
case pariuri,RO,Romania,Romanian,,false,false,false,true,true,false,"Thumbnail, Image pack, Video preview",800,46,5.46,9,,,,13,,Lost,,https://www.pontul-zilei.com/top-case-de-pariuri-online/,,,2024-06-23 05:54:33,
platinum casino bonus fara depunere,RO,Romania,Romanian,Platinum Casino (Organization),true,false,false,true,true,false,,900,48,1.00,,9,,,,14,New,,,,https://www.pontul-zilei.com/bonusuri-cazino-fara-depunere/,,2026-06-15 11:20:04
winbet romania,RO,Romania,English,"Winbet (Organization), Romania (Location)",true,false,false,true,true,false,"Sitelinks, Video preview",700,1,0.36,9,,,,13,,Lost,,https://www.pontul-zilei.com/agentie/winbet/,,,2024-06-23 05:00:35,
verificare bilet casa pariurilor cod scurt,RO,Romania,Romanian,Casa Pariurilor (Organization),true,false,true,true,false,false,,3400,38,0.78,,9,,,,20,New,,,,https://www.pontul-zilei.com/agentie/casa-pariurilor/,,2026-06-17 01:49:59
bonus aniversar superbet,RO,Romania,Romanian,"Superbet (Organization), Aniversar Bonus (Event)",true,false,false,true,true,false,,350,55,0.72,0,9,9,,48,10,38,,https://www.pontul-zilei.com/ghiduri/superbet-bonus-de-ziua-ta/,,https://www.pontul-zilei.com/bonusuri-cazino/bonus-aniversar/superbet-bonus-aniversar/,2024-06-11 05:27:49,2026-06-22 11:51:19
cod bonus conti casino,RO,Romania,Romanian,Conti Casino (Organization),true,false,false,true,true,false,Sitelinks,150,57,0.79,,9,,,,6,New,,,,https://www.pontul-zilei.com/bonusuri-cazino/bonusuri-fara-depunere/conticazino-bonus-fara-depunere/,,2026-06-16 11:51:58
frank casino rotiri gratuite,RO,Romania,Romanian,Frank Casino (Organization),true,false,false,true,true,true,Sitelinks,100,54,1.49,,9,,,,5,New,,,,https://www.pontul-zilei.com/bonusuri-cazino/bonusuri-fara-depunere/frank-casino-bonus-fara-depunere/,,2026-06-10 20:22:48
rotiri gratuite fara depunere instant,RO,Romania,Romanian,,false,false,false,true,true,false,Sitelinks,200,73,3.27,,9,,,,7,New,,,,https://www.pontul-zilei.com/bonusuri-cazino-fara-depunere/,,2026-06-07 05:34:57
cod promotional mr bit,RO,Romania,Romanian,MrBit (Organization),true,false,false,true,true,false,Video preview,250,43,2.56,,9,,,,8,New,,,,https://www.pontul-zilei.com/bonusuri-cazino/bonusuri-fara-depunere/mr-bit-bonus-fara-depunere/,,2026-06-05 13:04:08
case pariuri bonus fara depunere,RO,Romania,Romanian,,false,false,false,true,true,false,Sitelinks,80,56,3.97,27,9,-18,,1,3,-2,,https://www.pontul-zilei.com/top-case-de-pariuri-online/,,https://www.pontul-zilei.com/top-case-de-pariuri-online/,2024-06-06 15:02:11,2026-05-25 11:46:16
loto polonia cauta combinatii,RO,Romania,Romanian,Loto Polonia (Event),true,false,false,true,false,false,"AI Overview, Thumbnail",300,43,0.57,,9,,,,10,New,,,,https://www.pontul-zilei.com/articole-pariuri-sportive/multi-polonia-loto-strategii-rezultate-combinatii-sfaturi/,,2026-06-14 11:45:36
unibet bonusuri,RO,Romania,Romanian,Unibet (Organization),true,false,false,true,true,false,"Sitelinks, Image pack",100,3,1.83,9,,,,5,,Lost,,https://www.pontul-zilei.com/agentie/unibet/,,,2024-06-13 19:24:39,
nr contact superbet online,RO,Romania,Romanian,Superbet (Organization),true,false,false,true,false,false,Video preview,1700,59,1.63,,9,,,,17,New,,,,https://www.pontul-zilei.com/blog/superbet-contact/,,2026-06-18 20:52:06
400 rotiri gratuite fara depunere,RO,Romania,Romanian,,false,false,false,true,true,false,Sitelinks,1700,34,1.74,,9,,,,17,New,,,,https://www.pontul-zilei.com/bonusuri-cazino-fara-depunere/,,2026-06-17 10:16:30
winbet rotiri gratuite fara depunere,RO,Romania,Romanian,Winbet (Organization),true,false,false,true,true,false,,200,62,3.04,1,9,7,,15,7,8,,https://www.pontul-zilei.com/agentie/winbet/,,https://www.pontul-zilei.com/bonusuri-cazino/bonusuri-fara-depunere/winbet-bonus-fara-depunere/,2024-06-12 02:31:25,2026-06-21 10:50:08
fortuna pariuri agentii,RO,Romania,Romanian,"Fortuna (Organization), Fortuna betting agencies (Organization)",true,false,false,true,false,false,"Top ads, Sitelinks, Image pack, Video preview",90,2,0.75,9,,,,4,,Lost,,https://www.pontul-zilei.com/agentie/fortuna/,,,2024-06-08 07:58:41,
pariuri tenis sigure,RO,Romania,Romanian,,false,false,false,true,true,false,Video preview,150,5,0.36,9,,,,6,,Lost,,https://www.pontul-zilei.com/category/ponturi-pariuri/ponturi-pariuri-tenis/,,,2024-06-11 13:11:00,
bonus casa pariurilor,RO,Romania,Romanian,Casa Pariurilor (Organization),true,false,false,true,true,false,Sitelinks,250,40,3.11,1,9,8,,21,9,12,,https://www.pontul-zilei.com/agentie/casa-pariurilor/,,https://www.pontul-zilei.com/bonusuri-cazino/bonusuri-fara-depunere/casa-pariurilor-bonus-fara-depunere/,2024-06-15 03:58:34,2026-06-06 11:56:17
bonus pariuri online,RO,Romania,Romanian,,false,false,false,true,true,false,Sitelinks,150,67,9.57,4,9,5,,5,6,-1,,https://www.pontul-zilei.com/top-case-de-pariuri-online/,,https://www.pontul-zilei.com/top-case-de-pariuri-online/,2024-06-22 16:53:07,2026-06-14 23:41:24
cod bonus seven casino,RO,Romania,English,Seven Casino (Organization),true,false,false,true,true,false,,150,55,0.77,1,9,8,,16,6,10,,https://www.pontul-zilei.com/agentie/seven/,,https://www.pontul-zilei.com/bonusuri-cazino/bonusuri-fara-depunere/seven-bonus-fara-depunere/,2024-06-24 22:23:19,2026-06-09 06:56:28
cod bonus fortuna,RO,Romania,Romanian,Fortuna (Organization),true,false,false,true,true,true,Sitelinks,90,56,0.81,0,9,9,,31,4,27,,https://www.pontul-zilei.com/agentie/fortuna/,,https://www.pontul-zilei.com/bonusuri-cazino/bonusuri-fara-depunere/fortuna-bonus-fara-depunere/,2024-06-10 09:33:58,2026-06-24 05:51:56
cod winner rotiri gratuite,RO,Romania,Romanian,Winner Casino (Organization),true,false,false,true,true,false,Sitelinks,90,62,1.84,0,9,9,,46,4,42,,https://www.pontul-zilei.com/agentie/winner/,,https://www.pontul-zilei.com/bonusuri-cazino/bonusuri-fara-depunere/winner-bonus-fara-depunere/,2024-06-26 01:17:00,2026-06-21 09:21:29
bonus cazinou,RO,Romania,Romanian,,false,false,false,true,true,false,Sitelinks,200,68,5.15,0,9,9,,65,7,58,,https://www.pontul-zilei.com/bonusuri-cazino-fara-depunere/,,https://www.pontul-zilei.com/bonusuri-cazino-fara-depunere/,2024-06-21 16:51:57,2026-06-15 05:59:01
winner casino bonus fara depunere,RO,Romania,Romanian,Winner Casino (Organization),true,false,false,true,true,false,Sitelinks,150,53,2.13,0,9,8,,25,6,19,,https://www.pontul-zilei.com/agentie/winner/,,https://www.pontul-zilei.com/bonusuri-cazino/bonusuri-fara-depunere/winner-bonus-fara-depunere/,2024-06-12 00:07:26,2026-05-22 11:49:09
player.ro bonus fara depunere,RO,Romania,Romanian,Player.ro (Organization),true,false,false,true,true,false,"Top ads, Sitelinks",150,57,1.30,1,9,7,,15,6,9,,https://www.pontul-zilei.com/agentie/player/,,https://www.pontul-zilei.com/bonusuri-cazino/bonusuri-fara-depunere/player-bonus-fara-depunere/,2024-06-23 20:08:49,2026-05-20 15:14:16
superbet tenis,RO,Romania,Romanian,Superbet (Organization),true,false,true,true,true,true,"Sitelinks, Video preview, Image pack",700,0,1.86,9,,,,13,,Lost,,https://www.pontul-zilei.com/articole-pariuri-sportive/nou-castig-bomba-la-superbet-peste-57-000-lei-cu-50-lei-pariati/,,,2024-06-20 03:15:22,
betano agentii,RO,Romania,Romanian,"Betano (Organization), Betano offices (Location)",true,false,false,true,false,false,"Sitelinks, Image pack",90,4,1.40,9,,,,4,,Lost,,https://www.pontul-zilei.com/agentie/betano/,,,2024-06-19 05:32:57,
cati jucatori are o echipa de baschet,RO,Romania,Romanian,,false,false,false,true,false,false,"Featured snippet, Thumbnail, Image pack, Video preview",250,0,,8,,,,9,,Lost,,https://www.pontul-zilei.com/articole-pariuri-sportive/reguli-baschet-cum-se-joaca-sportul-cu-mingea-la-cos/,,,2024-06-08 12:45:05,
casa pariurilo,RO,Romania,Romanian,Casa Pariurilor (Organization),true,false,true,true,true,false,"Sitelinks, Video preview",200,6,0.17,8,,,,3,,Lost,,https://www.pontul-zilei.com/agentie/casa-pariurilor/,,,2024-06-12 10:38:03,
ce inseamna sub 1.5 goluri,RO,Romania,Romanian,,false,false,false,true,false,false,"Sitelinks, People also ask",100,0,,13,8,-5,,3,5,-2,,https://www.pontul-zilei.com/articole-pariuri-sportive/ce-inseamna-sub-peste-15-25-35-45/,,https://www.pontul-zilei.com/articole-pariuri-sportive/ce-inseamna-sub-peste-15-25-35-45/,2024-06-14 13:17:21,2026-06-24 10:39:09
winner fara depunere,RO,Romania,Romanian,Winner Casino (Organization),true,false,false,true,true,false,,150,61,2.06,0,8,8,,19,6,13,,https://www.pontul-zilei.com/agentie/winner/,,https://www.pontul-zilei.com/bonusuri-cazino/bonusuri-fara-depunere/winner-bonus-fara-depunere/,2024-06-27 09:18:26,2026-06-21 12:02:29
biletul zilei la fotbal,RO,Romania,Romanian,Daily Ticket (Event),false,false,false,true,true,false,"Top stories, Thumbnail, Image pack, Video preview",90,31,0.40,8,,,,8,,Lost,,https://www.pontul-zilei.com/category/biletul-zilei/,,,2024-06-11 14:02:12,
italia 10 e lotto 20/90,RO,Romania,Italian,"Italia 10E (20/90) (Event), 20/90 (Event)",true,false,false,true,false,false,Sitelinks,1300,39,0.22,0,8,8,,30,16,14,,https://www.pontul-zilei.com/articole-pariuri-sportive/loto-italia-keno-afla-acum-cand-si-unde-poti-paria/,,https://www.pontul-zilei.com/articole-pariuri-sportive/loto-italia-keno-afla-acum-cand-si-unde-poti-paria/,2024-06-27 11:59:10,2026-05-29 00:39:28
loto germania keno,RO,Romania,Romanian,Germania Keno (Event),true,false,false,true,false,false,,700,0,0.90,0,8,8,,42,12,30,,https://www.pontul-zilei.com/articole-pariuri-sportive/germania-keno-loto-strategii-rezultate-combinatii-sfaturi/,,https://www.pontul-zilei.com/articole-pariuri-sportive/germania-keno-loto-strategii-rezultate-combinatii-sfaturi/,2024-06-24 04:49:59,2026-06-06 04:43:36
italia win for life rezultate,RO,Romania,Romanian,"Win for Life (Event), Italy (Location)",true,false,false,true,false,false,"AI Overview, Thumbnail",700,1,0.32,8,8,1,,18,14,4,,https://www.pontul-zilei.com/articole-pariuri-sportive/win-for-life-loto-italia-strategii-rezultate-combinatii-sfaturi/,,https://www.pontul-zilei.com/articole-pariuri-sportive/win-for-life-loto-italia-strategii-rezultate-combinatii-sfaturi/,2024-06-25 10:41:12,2026-06-10 12:46:29
efbet bonus,RO,Romania,English,Efbet (Organization),true,false,false,true,true,true,"Sitelinks, Image pack, Video preview",90,0,4.72,8,,,,4,,Lost,,https://www.pontul-zilei.com/agentie/efbet/,,,2024-06-12 09:40:08,
bonusuri case pariuri,RO,Romania,Romanian,,false,false,false,true,true,false,Sitelinks,90,57,4.32,7,8,2,,5,4,1,,https://www.pontul-zilei.com/top-case-de-pariuri-online/,,https://www.pontul-zilei.com/top-case-de-pariuri-online/,2024-06-23 13:30:26,2026-06-14 20:55:05
betano cod promotional,RO,Romania,Romanian,Betano (Organization),true,false,false,true,true,false,"Sitelinks, Video preview",150,55,2.08,,8,,,,6,New,,,,https://www.pontul-zilei.com/bonusuri-cazino/bonusuri-fara-depunere/betano-casino-bonus-fara-depunere/,,2026-06-26 15:13:33
10 pariuri lavinia,RO,Romania,Romanian,"10pariuri.ro (Organization), Lavinia (Person)",true,false,true,true,false,false,"Video preview, Thumbnail",200,22,0.73,8,,,,9,,Lost,,https://www.pontul-zilei.com/category/ponturi-pariuri/,,,2024-06-15 01:00:46,
gameworld rotiri gratuite,RO,Romania,Romanian,Game World Casino (Organization),true,false,false,true,true,false,Sitelinks,150,57,1.05,1,8,7,,14,6,8,,https://www.pontul-zilei.com/agentie/game-world-casino/,,https://www.pontul-zilei.com/bonusuri-cazino/bonusuri-fara-depunere/game-world-casino-bonus-fara-depunere/,2024-06-18 11:34:02,2026-06-18 12:08:23
yoji casino romania,RO,Romania,English,"Yoji Casino (Organization), Romania (Location)",true,false,false,true,true,false,"Sitelinks, Video preview",150,0,1.23,8,,,,7,,Lost,,https://www.pontul-zilei.com/agentie/yoji-casino/,,,2024-06-10 19:08:11,
winmasters cod bonus,RO,Romania,English,Winmasters (Organization),true,false,false,true,true,false,,150,41,1.70,,8,,,,7,New,,,,https://www.pontul-zilei.com/bonusuri-cazino/bonusuri-fara-depunere/winmasters-bonus-fara-depunere/,,2026-06-15 23:51:41
case pariuri online romania,RO,Romania,Romanian,Romania (Location),false,true,false,true,true,false,Sitelinks,150,73,6.27,0,8,8,,22,8,14,,https://www.pontul-zilei.com/top-case-de-pariuri-online/,,https://www.pontul-zilei.com/top-case-de-pariuri-online/,2024-06-12 10:41:49,2026-06-27 00:23:05
bilete pariuri azi,RO,Romania,Romanian,,false,false,false,true,true,false,"Video preview, Image pack",150,33,0.54,8,,,,7,,Lost,,https://www.pontul-zilei.com/category/biletul-zilei/,,,2024-06-07 03:57:45,
bani fara depunere,RO,Romania,Romanian,,false,false,false,true,true,false,Sitelinks,100,75,4.00,0,8,8,,24,5,19,,https://www.pontul-zilei.com/bonusuri-cazino-fara-depunere/,,https://www.pontul-zilei.com/bonusuri-cazino-fara-depunere/,2024-06-21 15:54:35,2026-06-02 08:31:52
biletul zilei pariuri,RO,Romania,Romanian,Daily Ticket (Event),false,false,false,true,false,false,"Top stories, Thumbnail, Video preview",100,31,0.26,8,,,,7,,Lost,,https://www.pontul-zilei.com/category/biletul-zilei/,,,2024-06-15 14:05:50,
888 rotiri gratuite,RO,Romania,Romanian,888 Casino (Organization),true,false,false,true,true,false,"Video preview, Sitelinks",100,49,1.97,,8,,,,5,New,,,,https://www.pontul-zilei.com/bonusuri-cazino/bonusuri-fara-depunere/888casino-bonus-fara-depunere/,,2026-06-12 06:33:37
casinofy bonus fara depunere,RO,Romania,Romanian,Casinofy (Organization),true,false,false,true,true,false,,100,48,2.99,,8,,,,5,New,,,,https://www.pontul-zilei.com/bonusuri-cazino-fara-depunere/,,2026-05-25 14:30:00
pariu fortuna,RO,Romania,Romanian,Fortuna (Organization),true,false,true,true,true,false,Sitelinks,150,55,0.71,13,8,-5,,4,6,-2,,https://www.pontul-zilei.com/agentie/fortuna/,,https://www.pontul-zilei.com/agentie/fortuna/,2024-06-22 04:44:54,2026-06-24 13:57:48
biletul zilei pariuri sportive,RO,Romania,Romanian,Daily Ticket (Event),false,false,false,true,false,false,"Sitelinks, Video preview",150,33,0.57,8,,,,10,,Lost,,https://www.pontul-zilei.com/category/biletul-zilei/,,,2024-06-25 16:28:15,
bonus la validarea contului,RO,Romania,Romanian,,false,false,false,true,true,false,Top ads,200,70,2.46,0,8,8,,74,8,66,,https://www.pontul-zilei.com/agentie/yoji-casino/,,https://www.pontul-zilei.com/bonusuri-cazino-fara-depunere/,2024-06-25 01:51:56,2026-05-21 15:40:43
bonus fara depunere gets bet,RO,Romania,Romanian,Get's Bet (Organization),true,false,false,true,true,false,,90,62,1.37,0,8,8,,42,4,38,,https://www.pontul-zilei.com/agentie/gets-bet/,,https://www.pontul-zilei.com/bonusuri-cazino/bonusuri-fara-depunere/getsbet-bonus-fara-depunere/,2024-06-15 17:59:47,2026-06-26 02:41:50
cati metri are un teren de fotbal,RO,Romania,Romanian,,false,false,false,true,false,false,"Featured snippet, Thumbnail, People also ask, Video preview",200,0,0.24,8,,,,7,,Lost,,https://www.pontul-zilei.com/tot-ce-trebuie-sa-stii-despre-terenul-de-fotbal/,,,2024-06-09 08:18:14,
coduri bonus casino fara depunere,RO,Romania,Romanian,,false,false,false,true,true,false,Sitelinks,150,64,0.96,,8,,,,7,New,,,,https://www.pontul-zilei.com/bonusuri-cazino-fara-depunere/,,2026-06-14 17:37:43
italia keno superbet,RO,Romania,Romanian,"Superbet (Organization), Italia Keno (Event)",true,false,false,true,false,false,,1000,55,0.33,0,8,8,,41,15,26,,https://www.pontul-zilei.com/articole-pariuri-sportive/loto-italia-keno-afla-acum-cand-si-unde-poti-paria/,,https://www.pontul-zilei.com/articole-pariuri-sportive/loto-italia-keno-afla-acum-cand-si-unde-poti-paria/,2024-06-24 15:00:35,2026-06-20 09:35:55
cod bonus winbet,RO,Romania,Romanian,Winbet (Organization),true,false,false,true,true,false,,400,57,1.61,1,8,7,,21,11,10,,https://www.pontul-zilei.com/agentie/winbet/,,https://www.pontul-zilei.com/bonusuri-cazino/bonusuri-fara-depunere/winbet-bonus-fara-depunere/,2024-06-24 22:47:18,2026-06-19 00:22:44
loto germania 20 din 70,RO,Romania,Romanian,Germania Keno 20/70 (Event),true,false,false,true,false,false,,350,0,,1,8,7,,18,10,8,,https://www.pontul-zilei.com/articole-pariuri-sportive/germania-keno-loto-strategii-rezultate-combinatii-sfaturi/,,https://www.pontul-zilei.com/articole-pariuri-sportive/germania-keno-loto-strategii-rezultate-combinatii-sfaturi/,2024-06-27 22:03:10,2026-06-24 21:54:06
don.ro bonus fara depunere,RO,Romania,Romanian,Don.ro (Organization),true,false,false,true,true,false,,150,55,0.87,4,8,4,,12,6,6,,https://www.pontul-zilei.com/agentie/don-ro/,,https://www.pontul-zilei.com/bonusuri-cazino/bonusuri-fara-depunere/don-ro-casino-bonus-fara-depunere/,2024-06-09 11:45:27,2026-06-06 05:56:29
winmasters bonus,RO,Romania,English,Winmasters (Organization),true,false,false,true,true,false,Sitelinks,250,59,0.22,,8,,,,9,New,,,,https://www.pontul-zilei.com/bonusuri-cazino/bonusuri-fara-depunere/winmasters-bonus-fara-depunere/,,2026-06-21 08:45:26
loto italia keno combinatii,RO,Romania,Romanian,"Loto Italia (Event), Keno (Event)",true,false,false,true,false,false,,90,22,,2,8,6,,10,4,6,,https://www.pontul-zilei.com/articole-pariuri-sportive/loto-italia-keno-afla-acum-cand-si-unde-poti-paria/,,https://www.pontul-zilei.com/articole-pariuri-sportive/loto-italia-keno-afla-acum-cand-si-unde-poti-paria/,2024-06-20 14:44:02,2026-06-06 03:43:33
ponturi pariuri fotbal,RO,Romania,Romanian,,false,false,false,true,true,false,Video preview,200,33,0.37,8,,,,9,,Lost,,https://www.pontul-zilei.com/category/ponturi-pariuri/,,,2024-06-09 23:05:52,
gts bet,RO,Romania,Romanian,GetsBet (Organization),true,false,false,true,true,false,"Sitelinks, Video preview",150,10,0.45,,8,,,,7,New,,,,https://www.pontul-zilei.com/agentie/gets-bet/,,2026-06-02 17:04:31
betano cazino,RO,Romania,Romanian,"Betano (Organization), Cazino (Organization)",true,false,true,true,true,true,Sitelinks,150,60,1.19,0,8,8,,34,7,27,,https://www.pontul-zilei.com/agentie/betano/,,https://www.pontul-zilei.com/blog/betano-casino/,2024-06-09 04:01:19,2026-05-20 13:31:53
viva bet casino,RO,Romania,English,Viva Bet (Organization),true,false,false,true,true,false,Sitelinks,600,46,0.31,,8,,,,13,New,,,,https://www.pontul-zilei.com/bonusuri-cazino/bonusuri-fara-depunere/vivabet-bonus-fara-depunere/,,2026-06-10 22:24:03
bonus superbet fara depunere,RO,Romania,Romanian,Superbet (Organization),true,false,false,true,true,false,Sitelinks,100,63,5.02,0,8,8,,28,5,23,,https://www.pontul-zilei.com/agentie/superbet/,,https://www.pontul-zilei.com/bonusuri-cazino/bonusuri-fara-depunere/superbet-bonus-fara-depunere/,2024-06-25 12:24:24,2026-06-19 10:46:13
mozzart bonus fara depunere,RO,Romania,Romanian,Mozzart Bet (Organization),true,false,false,true,true,false,"Video preview, Image pack, Bottom ads, Paid sitelinks",200,0,0.97,8,,,,8,,Lost,,https://www.pontul-zilei.com/agentie/mozzart/,,,2024-06-13 17:58:46,
winmasters rotiri gratuite fara depunere,RO,Romania,Romanian,Winmasters (Organization),true,false,false,true,true,false,,200,54,0.19,0,8,8,,95,8,87,,https://www.pontul-zilei.com/euro-2024/euro-2024-croatia-vs-italia/,,https://www.pontul-zilei.com/bonusuri-cazino/bonusuri-fara-depunere/winmasters-bonus-fara-depunere/,2024-06-24 15:56:24,2026-06-18 20:02:20
betano pareri,RO,Romania,Romanian,Betano (Organization),true,false,false,true,true,false,Sitelinks,150,27,3.71,,8,,,,4,New,,,,https://www.pontul-zilei.com/agentie/betano/,,2026-06-09 04:22:15
agenții efortuna,RO,Romania,Romanian,"Efortuna (Organization), Efortuna betting agencies (Location)",true,false,false,true,false,false,"Sitelinks, Image pack",150,3,0.76,8,,,,7,,Lost,,https://www.pontul-zilei.com/agentie/fortuna/,,,2024-06-20 06:11:49,
frank casino bonus,RO,Romania,English,Frank Casino (Organization),true,false,false,true,true,false,,150,56,0.46,0,8,8,,93,7,86,,https://www.pontul-zilei.com/agentie/betmen/,,https://www.pontul-zilei.com/bonusuri-cazino/bonusuri-fara-depunere/frank-casino-bonus-fara-depunere/,2024-06-19 05:56:59,2026-06-02 20:22:22
victory bet casino,RO,Romania,English,Victory Bet (Organization),true,false,false,true,true,false,Sitelinks,1000,60,0.38,,8,,,,15,New,,,,https://www.pontul-zilei.com/agentie/vbet/,,2026-06-21 02:03:52
portugalia vs,RO,Romania,Romanian,Portugal (Location),false,false,false,true,false,false,"Video preview, Image pack",7100,1,,8,,,,24,,Lost,,https://www.pontul-zilei.com/ponturipariuri/pontul-zilei-18-iunie-fotbal-euro-2024/,,,2024-06-25 18:30:57,
bonus de ziua ta betano,RO,Romania,Romanian,"Betano (Organization), Birthday Bonus (Event)",true,false,false,true,true,false,"Sitelinks, People also ask",100,54,1.98,0,8,8,,25,5,20,,https://www.pontul-zilei.com/agentie/betano/,,https://www.pontul-zilei.com/bonusuri-cazino/bonus-aniversar/betano-bonus-aniversar/,2024-06-13 05:26:12,2026-05-20 22:17:51
gets bet cod bonus,RO,Romania,English,"GetsBet (Organization), cod bonus (Event)",true,false,false,true,true,true,,100,53,0.42,,8,,,,5,New,,,,https://www.pontul-zilei.com/bonusuri-cazino/bonusuri-fara-depunere/getsbet-bonus-fara-depunere/,,2026-05-22 14:27:15
888 casino 300 rotiri,RO,Romania,Romanian,888 Casino (Organization),true,false,false,true,true,false,Sitelinks,200,62,3.32,,8,,,,8,New,,,,https://www.pontul-zilei.com/bonusuri-cazino/bonusuri-fara-depunere/888casino-bonus-fara-depunere/,,2026-06-16 23:22:11
slovacia keno live,RO,Romania,Romanian,Slovacia Keno (Event),true,false,false,true,false,false,,500,0,0.33,6,8,2,,16,12,4,,https://www.pontul-zilei.com/articole-pariuri-sportive/slovacia-keno-loto-strategii-rezultate-scheme-combinatii-live-sfaturi-de-la-jucatori/,,https://www.pontul-zilei.com/articole-pariuri-sportive/slovacia-keno-loto-strategii-rezultate-scheme-combinatii-live-sfaturi-de-la-jucatori/,2024-06-27 22:06:47,2026-06-07 07:09:06
ponturi fotbal gratis,RO,Romania,Romanian,,false,false,false,true,false,false,"Sitelinks, Video preview, Image pack",150,20,0.26,8,,,,9,,Lost,,https://www.pontul-zilei.com/category/ponturi-pariuri/ponturi-fotbal/,,,2024-06-13 01:12:47,
getsbet cod bonus,RO,Romania,English,GetsBet (Organization),true,false,false,true,true,true,,80,56,1.21,0,8,8,,37,4,33,,https://www.pontul-zilei.com/ponturipariuri/ponturile-zilei-din-tenis-duminica-16-iunie-2024/,,https://www.pontul-zilei.com/bonusuri-cazino/bonusuri-fara-depunere/getsbet-bonus-fara-depunere/,2024-06-16 16:45:46,2026-05-27 17:45:47
excelbet bonus fara depunere,RO,Romania,Romanian,Excelbet (Organization),true,false,false,true,true,false,,500,53,0.68,6,8,1,,8,12,-4,,https://www.pontul-zilei.com/agentie/excelbet/,,https://www.pontul-zilei.com/bonusuri-cazino/bonusuri-fara-depunere/excelbet-bonus-fara-depunere/,2024-06-13 21:34:23,2026-06-10 09:11:21
bilete gets bet,RO,Romania,Romanian,Get's Bet (Organization),true,false,false,true,true,true,"Sitelinks, Image pack, Video preview",100,0,0.56,8,,,,5,,Lost,,https://www.pontul-zilei.com/agentie/gets-bet/,,,2024-06-19 08:49:37,
magnum bet rotiri gratuite,RO,Romania,Romanian,Magnum Bet (Organization),true,false,false,true,true,false,Sitelinks,100,45,2.23,0,8,8,,37,5,32,,https://www.pontul-zilei.com/agentie/magnumbet/,,https://www.pontul-zilei.com/bonusuri-cazino/bonusuri-fara-depunere/magnumbet-bonus-fara-depunere/,2024-06-15 01:47:38,2026-06-07 01:39:51
bonus de bun venit,RO,Romania,Romanian,,false,false,false,true,true,false,Featured snippet,1100,64,5.32,,8,,,,16,New,,,,https://www.pontul-zilei.com/bonusuri-cazino/bonus-de-bun-venit/,,2026-06-13 16:38:26
ce inseamna peste 3.5 goluri,RO,Romania,Romanian,,false,false,false,true,false,false,"Featured snippet, People also ask, Image pack, Video preview",100,0,,8,,,,5,,Lost,,https://www.pontul-zilei.com/articole-pariuri-sportive/ce-inseamna-sub-peste-15-25-35-45/,,,2024-06-26 22:16:46,
www casa pariurilor ro oferta,RO,Romania,Romanian,Casa Pariurilor (Organization),true,false,true,true,true,false,Sitelinks,80,12,1.04,8,8,0,,4,4,,,https://www.pontul-zilei.com/agentie/casa-pariurilor/,,https://www.pontul-zilei.com/agentie/casa-pariurilor/,2024-06-11 12:49:16,2026-06-12 20:55:33
win for life italia rezultate,RO,Romania,Romanian,"Win for Life (Event), Italy (Location)",true,false,false,true,false,false,,150,0,,1,8,7,,18,6,12,,https://www.pontul-zilei.com/articole-pariuri-sportive/win-for-life-loto-italia-strategii-rezultate-combinatii-sfaturi/,,https://www.pontul-zilei.com/articole-pariuri-sportive/win-for-life-loto-italia-strategii-rezultate-combinatii-sfaturi/,2024-06-08 06:49:24,2026-06-25 19:11:40
loto slovacia keno,RO,Romania,Romanian,Slovacia Keno (Event),true,false,false,true,false,false,,1500,2,0.20,14,7,-6,,19,17,2,,https://www.pontul-zilei.com/articole-pariuri-sportive/slovacia-keno-loto-strategii-rezultate-scheme-combinatii-live-sfaturi-de-la-jucatori/,,https://www.pontul-zilei.com/articole-pariuri-sportive/slovacia-keno-loto-strategii-rezultate-scheme-combinatii-live-sfaturi-de-la-jucatori/,2024-06-27 08:10:45,2026-06-09 20:36:33
contact netbet,RO,Romania,English,NetBet (Organization),true,false,false,true,false,false,Sitelinks,250,41,1.88,,7,,,,8,New,,,,https://www.pontul-zilei.com/blog/netbet-contact/,,2026-05-16 14:09:56
favbet 30 rotiri gratuite,RO,Romania,Romanian,Favbet (Organization),true,false,false,true,true,false,,100,46,1.79,0,7,7,,28,6,22,,https://www.pontul-zilei.com/agentie/favbet/,,https://www.pontul-zilei.com/bonusuri-cazino/bonusuri-fara-depunere/favbet-bonus-fara-depunere/,2024-06-14 06:51:59,2026-06-06 14:18:13
meciul zilei,RO,Romania,Romanian,Match of the Day (Work),true,false,false,true,true,false,"Top stories, Thumbnail, Video preview, Image pack",200,30,0.22,7,,,,9,,Lost,,https://www.pontul-zilei.com/category/biletul-zilei/,,,2024-06-25 14:35:15,
yoji casino bonus fara depunere,RO,Romania,Romanian,Yoji Casino (Organization),true,false,false,true,true,false,"Top ads, Image pack, Video preview",200,0,0.93,7,,,,8,,Lost,,https://www.pontul-zilei.com/agentie/yoji-casino/,,,2024-06-27 15:46:36,
verificare bilet superbet scanare,RO,Romania,Romanian,Superbet (Organization),true,false,true,true,false,false,"Sitelinks, Video preview, AI Overview, Thumbnail",200,48,1.02,,7,,,,9,New,,,,https://www.pontul-zilei.com/blog/superbet-verificare-bilet/,,2026-06-20 08:33:19
bonus 888 sport,RO,Romania,English,888 Sport (Organization),true,false,false,true,true,false,,100,59,3.50,3,7,4,,10,6,4,,https://www.pontul-zilei.com/agentie/888sport/,,https://www.pontul-zilei.com/agentie/888sport/,2024-06-09 03:52:41,2026-05-28 06:03:21
king casino bonus,RO,Romania,English,King Casino (Organization),true,false,false,true,true,false,Sitelinks,200,16,2.54,,7,,,,8,New,,,,https://www.pontul-zilei.com/bonusuri-cazino/bonusuri-fara-depunere/kingcasino-bonus-fara-depunere/,,2026-06-16 20:38:11
xloto italia,RO,Romania,Romanian,"Xloto (Organization), Italy (Location)",true,false,false,true,false,false,Image pack,400,0,0.53,7,,,,11,,Lost,Image pack,https://www.pontul-zilei.com/articole-pariuri-sportive/loto-italia-keno-afla-acum-cand-si-unde-poti-paria/,,,2024-06-26 14:14:37,
superbet bilet online,RO,Romania,Romanian,Superbet (Organization),true,false,true,false,true,true,"Sitelinks, Video preview, Image pack",100,2,1.07,7,,,,5,,Lost,,https://www.pontul-zilei.com/agentie/superbet/,,,2024-06-10 04:05:58,
bonus ziua ta superbet,RO,Romania,Romanian,"Superbet (Organization), Bonus ziua ta (Event)",true,false,false,true,true,false,People also ask,200,57,1.52,5,7,3,,10,8,2,,https://www.pontul-zilei.com/ghiduri/superbet-bonus-de-ziua-ta/,,https://www.pontul-zilei.com/bonusuri-cazino/bonus-aniversar/superbet-bonus-aniversar/,2024-06-18 20:58:37,2026-06-14 20:28:36
xloto italia keno,RO,Romania,Romanian,"Xloto (Organization), Italia Keno 10E (Event), Keno (Event)",true,false,false,true,false,false,Sitelinks,300,41,,3,7,5,,18,10,8,,https://www.pontul-zilei.com/articole-pariuri-sportive/loto-italia-keno-afla-acum-cand-si-unde-poti-paria/,,https://www.pontul-zilei.com/articole-pariuri-sportive/loto-italia-keno-afla-acum-cand-si-unde-poti-paria/,2024-06-22 04:47:54,2026-06-09 04:47:36
pariori profesionisti pronosticuri,RO,Romania,Romanian,,false,false,false,true,false,false,Sitelinks,90,59,0.48,3,7,4,,9,5,4,,https://www.pontul-zilei.com/category/ponturi-pariuri/,,https://www.pontul-zilei.com/category/ponturi-pariuri/,2024-06-10 04:37:12,2026-06-19 01:18:21
cod promotional casa pariurilor,RO,Romania,Romanian,Casa Pariurilor (Organization),true,false,false,true,true,false,Sitelinks,200,42,3.37,0,7,7,,27,10,17,,https://www.pontul-zilei.com/agentie/casa-pariurilor/,,https://www.pontul-zilei.com/bonusuri-cazino/bonusuri-fara-depunere/casa-pariurilor-bonus-fara-depunere/,2024-05-28 01:22:48,2026-05-17 06:45:23
magnum bet rotiri gratuite fara depunere,RO,Romania,Romanian,Magnumbet (Organization),true,false,false,true,true,false,Sitelinks,100,54,1.32,0,7,7,,45,6,39,,https://www.pontul-zilei.com/agentie/magnumbet/,,https://www.pontul-zilei.com/bonusuri-cazino/bonusuri-fara-depunere/magnumbet-bonus-fara-depunere/,2024-06-21 06:23:34,2026-06-09 14:30:24
casa pariurilor 321 rotiri gratuite,RO,Romania,Romanian,"Casa Pariurilor (Organization), 321 free spins (Event)",true,false,false,true,true,false,,100,58,0.91,,7,,,,6,New,,,,https://www.pontul-zilei.com/bonusuri-cazino/bonusuri-fara-depunere/casa-pariurilor-bonus-fara-depunere/,,2026-06-14 12:34:06
ponturi azi fotbal,RO,Romania,Romanian,,false,false,false,true,false,false,"Video preview, Image pack",200,24,0.34,7,,,,9,,Lost,,https://www.pontul-zilei.com/category/ponturi-pariuri/ponturi-fotbal/,,,2024-06-14 11:40:18,
getsbet rotiri gratuite fara depunere,RO,Romania,Romanian,Get's Bet (Organization),true,false,false,true,true,false,,90,57,1.72,0,7,7,,38,5,33,,https://www.pontul-zilei.com/agentie/gets-bet/,,https://www.pontul-zilei.com/bonusuri-cazino/bonusuri-fara-depunere/getsbet-bonus-fara-depunere/,2024-06-26 15:57:06,2026-05-28 02:29:14
go bets,RO,Romania,English,,false,false,false,true,true,false,"Top ads, Sitelinks",100,57,0.93,18,7,-11,,5,5,,,https://www.pontul-zilei.com/agentie/go-bet/,,https://www.pontul-zilei.com/agentie/gets-bet/,2024-06-16 08:43:25,2026-05-16 18:09:23
ponturi tenis sigure azi,RO,Romania,Romanian,,false,false,false,true,false,true,Image pack,100,7,0.58,7,,,,6,,Lost,,https://www.pontul-zilei.com/category/ponturi-pariuri/ponturi-pariuri-tenis/,,,2024-06-19 17:18:38,
total bet fotbal pariuri,RO,Romania,Romanian,TotalBet (Organization),true,false,false,true,true,false,"Sitelinks, Image pack",90,5,0.55,7,,,,5,,Lost,,https://www.pontul-zilei.com/agentie/total-bet/,,,2024-06-19 23:18:00,
coduri maxbet,RO,Romania,Romanian,MaxBet (Organization),true,false,false,true,true,false,"Top ads, Paid sitelinks, Video preview, Sitelinks",90,57,0.83,,7,,,,5,New,,,,https://www.pontul-zilei.com/bonusuri-cazino/bonusuri-fara-depunere/maxbet-bonus-fara-depunere/,,2026-06-01 23:50:16
neteller romania,RO,Romania,Romanian,"Neteller (Organization), Romania (Location)",true,false,false,true,false,false,"Top ads, Paid sitelinks, Image pack",100,0,0.09,7,,,,5,,Lost,,https://www.pontul-zilei.com/articole-pariuri-sportive/neteller-nu-il-folosi-pana-nu-citesti-asta/,,,2024-06-11 15:35:12,
cota 2 zilnica,RO,Romania,Romanian,Cota 2 (Event),false,false,false,true,true,false,,200,6,1.94,18,7,-11,,7,10,-3,,https://www.pontul-zilei.com/category/cota-zilei-pariuri/cota-2/,,https://www.pontul-zilei.com/category/cota-zilei-pariuri/cota-2/,2024-06-09 06:46:53,2026-05-23 18:10:28
slovacia keno rezultate,RO,Romania,Romanian,Slovacia Keno (Event),true,false,false,true,false,false,,200,0,,1,7,6,,16,9,7,,https://www.pontul-zilei.com/articole-pariuri-sportive/slovacia-keno-loto-strategii-rezultate-scheme-combinatii-live-sfaturi-de-la-jucatori/,,https://www.pontul-zilei.com/articole-pariuri-sportive/slovacia-keno-loto-strategii-rezultate-scheme-combinatii-live-sfaturi-de-la-jucatori/,2024-06-11 21:36:24,2026-05-21 01:57:17
elit slot,RO,Romania,Romanian,Elite Slots (Organization),true,false,false,true,true,false,Sitelinks,150,52,1.20,11,7,-4,,4,7,-3,,https://www.pontul-zilei.com/agentie/elite-slots/,,https://www.pontul-zilei.com/agentie/elite-slots/,2024-06-19 09:22:25,2026-06-21 00:24:30
inregistrare betano,RO,Romania,Romanian,Betano (Organization),true,false,true,true,true,true,,300,47,2.09,0,7,7,,39,10,29,,https://www.pontul-zilei.com/agentie/betano/,,https://www.pontul-zilei.com/blog/betano-inregistrare/,2024-06-27 20:18:14,2026-06-18 19:10:31
million casino rotiri gratuite fără depunere,RO,Romania,Romanian,Million Casino (Organization),true,false,false,true,true,false,Sitelinks,200,49,,13,7,-7,,5,8,-3,,https://www.pontul-zilei.com/agentie/million/,,https://www.pontul-zilei.com/bonusuri-cazino/bonusuri-fara-depunere/million-bonus-fara-depunere/,2024-06-14 16:56:48,2026-05-21 21:36:06
888 casino pareri,RO,Romania,Romanian,888 Casino (Organization),true,false,false,true,false,false,,200,56,3.81,,7,,,,8,New,,,,https://www.pontul-zilei.com/agentie/888sport/,,2026-06-07 20:43:22
betmen.ro pariuri,RO,Romania,Romanian,BetMen (Organization),true,false,true,true,true,true,Sitelinks,90,20,0.60,2,7,5,,10,5,5,,https://www.pontul-zilei.com/agentie/betmen/,,https://www.pontul-zilei.com/agentie/betmen/,2024-06-23 08:02:19,2026-05-27 09:06:04
maru gagicaru,RO,Romania,,,false,false,false,true,false,false,,200,0,,7,,,,8,,Lost,,https://www.pontul-zilei.com/articole-pariuri-sportive/lupta-anului-in-rxf-next-fighter-15-din-13-iunie-maru-gagicaru-vs-denisa-despa/,,,2024-06-08 22:26:33,
getsbet fotbal,RO,Romania,Romanian,Getsbet (Organization),true,false,true,true,true,true,Video preview,2100,60,,5,7,2,,11,19,-8,,https://www.pontul-zilei.com/agentie/gets-bet/,,https://www.pontul-zilei.com/agentie/gets-bet/,2024-06-08 15:35:29,2026-06-25 23:59:35
cont mozzart,RO,Romania,Romanian,Mozzart Bet (Organization),true,false,true,true,true,true,"Top ads, Paid sitelinks, Sitelinks, Image pack, Video preview, Bottom ads",200,2,2.00,7,,,,8,,Lost,,https://www.pontul-zilei.com/agentie/mozzart/,,,2024-06-07 00:38:20,
case de pariuri online romania,RO,Romania,Romanian,Romania (Location),false,true,false,true,true,false,Sitelinks,150,74,6.01,0,7,6,,21,9,12,,https://www.pontul-zilei.com/top-case-de-pariuri-online/,,https://www.pontul-zilei.com/top-case-de-pariuri-online/,2024-06-14 10:46:54,2026-05-20 21:44:23
go bet,RO,Romania,English,Go Bet (Organization),true,false,false,true,true,false,"Sitelinks, Image pack, Video preview",100,0,0.93,7,,,,2,,Lost,,https://www.pontul-zilei.com/agentie/go-bet/,,,2024-06-25 14:39:28,
publicwin bonus,RO,Romania,English,PublicWin (Organization),true,false,false,true,true,false,,150,57,1.15,0,7,6,,21,8,13,,https://www.pontul-zilei.com/agentie/publicwin/,,https://www.pontul-zilei.com/agentie/publicwin/,2024-06-06 10:08:10,2026-06-02 06:12:52
game world 50 rotiri gratuite,RO,Romania,Romanian,Game World (Organization),true,false,false,true,true,false,,100,55,1.28,2,7,4,,11,6,5,,https://www.pontul-zilei.com/agentie/game-world-casino/,,https://www.pontul-zilei.com/bonusuri-cazino/bonusuri-fara-depunere/game-world-casino-bonus-fara-depunere/,2024-06-12 16:03:47,2026-06-21 18:17:37
pariuri online romania,RO,Romania,Romanian,Romania (Location),false,false,false,true,true,false,Sitelinks,700,81,7.05,0,7,7,,45,15,30,,https://www.pontul-zilei.com/top-case-de-pariuri-online/,,https://www.pontul-zilei.com/top-case-de-pariuri-online/,2024-05-30 03:41:09,2026-06-08 09:55:11
casino conti,RO,Romania,Romanian,Conti Casino (Organization),true,false,false,true,true,false,Sitelinks,150,53,1.58,,7,,,,8,New,,,,https://www.pontul-zilei.com/bonusuri-cazino/bonusuri-fara-depunere/conticazino-bonus-fara-depunere/,,2026-05-15 15:34:47
bilet pariuri azi,RO,Romania,Romanian,,false,false,false,true,false,false,"Video preview, Image pack",100,34,0.31,7,,,,8,,Lost,,https://www.pontul-zilei.com/category/biletul-zilei/,,,2024-06-10 11:28:53,
winmaster cod bonus,RO,Romania,English,Winmasters (Organization),true,false,false,true,true,false,Featured snippet,150,49,1.70,,7,,,,7,New,,,,https://www.pontul-zilei.com/bonusuri-cazino/bonusuri-fara-depunere/winmasters-bonus-fara-depunere/,,2026-06-17 00:34:27
acasa fortuna,RO,Romania,Romanian,Acasa Fortuna (Organization),true,false,false,true,true,false,,250,57,0.23,0,7,7,,57,10,47,,https://www.pontul-zilei.com/agentie/fortuna/,,https://www.pontul-zilei.com/agentie/fortuna/,2024-06-09 10:27:21,2026-06-21 04:58:21
zinx,RO,Romania,,Zinx Casino (Product),true,false,false,true,true,true,Knowledge panel,2500,0,,,7,,,,3,New,,,,https://www.pontul-zilei.com/agentie/zinx/,,2026-06-14 23:45:28
million casino 50 rotiri gratuite fara depunere,RO,Romania,Romanian,Million Casino (Organization),true,false,true,true,true,true,,200,59,0.92,14,7,-7,,4,9,-5,,https://www.pontul-zilei.com/agentie/million/,,https://www.pontul-zilei.com/bonusuri-cazino/bonusuri-fara-depunere/million-bonus-fara-depunere/,2024-06-21 22:05:13,2026-06-18 05:02:34
betano bonus de ziua ta,RO,Romania,Romanian,Betano (Organization),true,false,false,true,true,false,Sitelinks,90,53,2.13,,7,,,,5,New,,,,https://www.pontul-zilei.com/bonusuri-cazino/bonus-aniversar/betano-bonus-aniversar/,,2026-05-21 08:08:01
bonus fara depunere 2022,RO,Romania,Romanian,,false,false,false,true,true,false,Sitelinks,150,72,2.77,,7,,,,7,New,,,,https://www.pontul-zilei.com/bonusuri-cazino-fara-depunere/,,2026-05-20 19:59:49
bilete castigatoare superbet,RO,Romania,Romanian,Superbet (Organization),true,false,false,true,false,false,"Video preview, Image pack",100,0,0.65,7,,,,8,,Lost,,https://www.pontul-zilei.com/articole-pariuri-sportive/peste-un-milion-de-euro-castigat-la-superbet/,,,2024-06-19 23:33:07,
pronostic fotbal azi,RO,Romania,Romanian,,false,false,false,true,false,false,"Image pack, Video preview",150,18,0.30,6,,,,8,,Lost,,https://www.pontul-zilei.com/category/ponturi-pariuri/ponturi-fotbal/,,,2024-06-13 20:25:57,
cod bonus winner fara depunere,RO,Romania,Romanian,Winner (Organization),true,false,false,true,true,false,Sitelinks,100,56,1.50,0,6,6,,25,6,19,,https://www.pontul-zilei.com/agentie/winner/,,https://www.pontul-zilei.com/bonusuri-cazino/bonusuri-fara-depunere/winner-bonus-fara-depunere/,2024-06-14 02:26:41,2026-05-27 08:49:52
cele mai bune site-uri de pariuri,RO,Romania,Romanian,,false,false,false,true,true,false,Sitelinks,100,71,5.91,0,6,6,,31,7,24,,https://www.pontul-zilei.com/top-case-de-pariuri-online/,,https://www.pontul-zilei.com/top-case-de-pariuri-online/,2024-06-22 21:32:04,2026-05-22 06:46:47
slotv rotiri gratuite,RO,Romania,Romanian,SlotV (Organization),true,false,false,true,true,false,,200,39,1.74,,6,,,,9,New,,,,https://www.pontul-zilei.com/bonusuri-cazino/bonusuri-fara-depunere/slotv-bonus-fara-depunere/,,2026-06-11 19:56:47
rotiri fara depunere superbet,RO,Romania,Romanian,Superbet (Organization),true,false,false,true,true,false,,100,56,3.75,0,6,6,,47,6,41,,https://www.pontul-zilei.com/agentie/superbet/,,https://www.pontul-zilei.com/bonusuri-cazino/bonusuri-fara-depunere/superbet-bonus-fara-depunere/,2024-06-26 21:12:35,2026-06-04 15:43:56
conti cazino,RO,Romania,Romanian,Conti Cazino (Organization),true,false,true,true,true,true,"Sitelinks, Video preview, Image pack",44000,0,,6,,,,33,,Lost,,https://www.pontul-zilei.com/agentie/conti-cazino/,,,2024-06-27 21:19:55,
senator bet pariuri sportive,RO,Romania,Romanian,Senator Bet (Organization),true,false,false,true,true,false,Sitelinks,90,54,0.47,4,6,3,,7,4,3,,https://www.pontul-zilei.com/agentie/senator-bet/,,https://www.pontul-zilei.com/agentie/senator-bet/,2024-06-11 01:05:18,2026-06-05 14:22:37
superbet bingo,RO,Romania,English,Superbet (Organization),true,false,false,true,false,false,Video preview,200,57,1.59,,6,,,,9,New,,,,https://www.pontul-zilei.com/blog/superbet-bingo/,,2026-06-21 10:26:08
polonia multi combinatii,RO,Romania,Romanian,Polonia Multi (Event),true,false,false,true,false,false,,150,41,,3,6,3,,10,7,3,,https://www.pontul-zilei.com/articole-pariuri-sportive/multi-polonia-loto-strategii-rezultate-combinatii-sfaturi/,,https://www.pontul-zilei.com/articole-pariuri-sportive/multi-polonia-loto-strategii-rezultate-combinatii-sfaturi/,2024-06-26 13:03:16,2026-06-24 09:50:30
ponturi pariuri sportive fotbal azi,RO,Romania,Romanian,,false,false,false,true,true,false,"Sitelinks, Video preview, Image pack",100,28,0.45,6,,,,12,,Lost,,https://www.pontul-zilei.com/category/ponturi-pariuri/,,,2024-06-13 02:30:11,
rotiri gratuite fara depunere gets bet,RO,Romania,Romanian,Get's Bet (Organization),true,false,false,true,true,false,,80,56,3.14,0,6,6,,50,5,45,,https://www.pontul-zilei.com/agentie/gets-bet/,,https://www.pontul-zilei.com/bonusuri-cazino/bonusuri-fara-depunere/getsbet-bonus-fara-depunere/,2024-06-15 15:56:09,2026-05-23 14:31:55
bonus efbet,RO,Romania,English,Efbet (Organization),true,false,false,true,true,false,Image pack,150,0,3.96,6,,,,7,,Lost,,https://www.pontul-zilei.com/agentie/efbet/,,,2024-06-15 00:41:56,
777 rotiri gratuite,RO,Romania,Romanian,,false,false,false,true,true,false,,150,32,5.24,,6,,,,8,New,,,,https://www.pontul-zilei.com/bonusuri-cazino/bonusuri-fara-depunere/777-casino-bonus-fara-depunere/,,2026-05-25 17:10:35
fortuna pariuri sportive online,RO,Romania,Romanian,Fortuna (Organization),true,false,false,true,true,false,Sitelinks,150,13,0.53,0,6,6,,27,7,20,,https://www.pontul-zilei.com/agentie/fortuna/,,https://www.pontul-zilei.com/agentie/fortuna/,2024-06-22 04:43:53,2026-06-08 17:47:29
tenismene romance,RO,Romania,Romanian,,false,false,false,true,false,false,Image pack,300,0,,6,,,,9,,Lost,,https://www.pontul-zilei.com/articole-pariuri-sportive/7-romance-printre-cele-mai-bune-200-de-tenismene-ale-lumii-si-un-nou-trofeu-pentru-irina-bara/,,,2024-06-10 22:25:22,
www.total bet,RO,Romania,,TotalBet (Organization),true,false,true,false,false,false,"Sitelinks, Image pack, Video preview",80,0,0.84,6,,,,5,,Lost,,https://www.pontul-zilei.com/agentie/total-bet/,,,2024-06-23 23:17:06,
mozzart pariuri cote,RO,Romania,Romanian,Mozzart Bet (Organization),true,false,false,true,true,false,"Image pack, Video preview",100,2,0.53,6,,,,6,,Lost,,https://www.pontul-zilei.com/agentie/mozzart/,,,2024-06-26 18:44:28,
biletul zilei fotbal,RO,Romania,Romanian,Biletul Zilei (Event),true,false,false,true,false,false,Video preview,900,31,0.35,6,,,,7,,Lost,,https://www.pontul-zilei.com/category/biletul-zilei/,,,2024-06-23 16:24:55,
conticazino cod bonus,RO,Romania,Romanian,Conti Cazino (Organization),true,false,false,true,true,false,,150,55,0.86,,6,,,,7,New,,,,https://www.pontul-zilei.com/bonusuri-cazino/bonusuri-fara-depunere/conticazino-bonus-fara-depunere/,,2026-05-28 20:45:58
pariuri ponturi,RO,Romania,Romanian,,false,false,false,true,false,false,"Top stories, Thumbnail, Video preview, Image pack",150,34,0.50,6,,,,10,,Lost,,https://www.pontul-zilei.com/category/ponturi-pariuri/,,,2024-06-09 23:54:22,
bonus fara depunere winner,RO,Romania,Romanian,Winner (Organization),true,false,false,true,true,false,Sitelinks,200,58,1.55,1,6,5,,16,9,7,,https://www.pontul-zilei.com/agentie/winner/,,https://www.pontul-zilei.com/bonusuri-cazino/bonusuri-fara-depunere/winner-bonus-fara-depunere/,2024-06-14 16:41:29,2026-05-29 22:59:49
las vegas casino contact,RO,Romania,English,Las Vegas Casino (Organization),true,true,false,true,false,false,"Knowledge panel, Sitelinks",200,45,1.57,,6,,,,9,New,,,,https://www.pontul-zilei.com/blog/las-vegas-contact/,,2026-05-25 04:04:54
teren baschet dimensiuni,RO,Romania,Romanian,,false,false,false,true,false,false,"Image pack, AI Overview",150,0,0.14,19,6,-13,,3,1,2,,https://www.pontul-zilei.com/articole-pariuri-sportive/terenul-de-baschet-tot-ce-trebuie-sa-stii-despre-suprafata-dimensiuni-si-marcajele-existente/,Image pack,https://www.pontul-zilei.com/articole-pariuri-sportive/terenul-de-baschet-tot-ce-trebuie-sa-stii-despre-suprafata-dimensiuni-si-marcajele-existente/,2024-06-25 16:48:34,2026-05-20 08:47:45
winner pariuri,RO,Romania,Romanian,Winner.ro (Organization),true,false,true,true,true,false,"Sitelinks, Image pack, Video preview",100,0,1.60,6,,,,2,,Lost,,https://www.pontul-zilei.com/agentie/winner/,,,2024-06-26 02:50:39,
maxbet bonus de bun venit,RO,Romania,Romanian,MaxBet (Organization),true,false,false,true,true,false,,80,56,4.21,0,6,6,,32,5,27,,https://www.pontul-zilei.com/agentie/maxbet/,,https://www.pontul-zilei.com/bonusuri-cazino/bonusuri-fara-depunere/maxbet-bonus-fara-depunere/,2024-06-07 21:15:57,2026-06-09 08:43:10
casapariurilor bonus,RO,Romania,Romanian,Casa Pariurilor (Organization),true,false,false,true,true,false,Sitelinks,100,54,2.37,1,6,5,,13,6,7,,https://www.pontul-zilei.com/agentie/casa-pariurilor/,,https://www.pontul-zilei.com/bonusuri-cazino/bonusuri-fara-depunere/casa-pariurilor-bonus-fara-depunere/,2024-06-10 05:30:36,2026-06-16 10:51:45
ponturi liga campionilor,RO,Romania,Romanian,UEFA Champions League (Event),true,false,false,true,true,false,,100,3,0.63,3,6,4,,10,6,4,,https://www.pontul-zilei.com/category/ponturi-pariuri/ponturi-pariuri-fotbal-liga-campionilor/,,https://www.pontul-zilei.com/category/ponturi-pariuri/ponturi-pariuri-fotbal-liga-campionilor/,2024-06-13 03:16:10,2026-06-05 03:54:50
combinatii loto grecia,RO,Romania,Romanian,"Loto (Event), Greece (Location)",false,false,false,true,false,false,Image pack,300,0,0.13,6,,,,11,,Lost,,https://www.pontul-zilei.com/articole-pariuri-sportive/loto-grecia-kino-cele-mai-bune-strategii-de-joc-ca-sa-iti-cresti-sansele-de-castig/,,,2024-06-17 22:10:17,
las vegas .ro,RO,Romania,Romanian,Las Vegas (Location),false,true,false,true,true,false,Sitelinks,150,48,,0,6,6,,93,7,86,,https://www.pontul-zilei.com/agentie/las-vegas/,,https://www.pontul-zilei.com/bonusuri-cazino/bonusuri-fara-depunere/las-vegas-bonus-fara-depunere/,2024-06-23 09:39:52,2026-06-04 14:29:12
luptatori k1 celebri,RO,Romania,Romanian,K1 (Event),true,false,false,true,false,false,"AI Overview, Thumbnail, Image pack, Sitelinks",80,0,,12,6,-6,,2,6,-4,,https://www.pontul-zilei.com/articole-pariuri-sportive/luptatori-k1-care-sunt-cei-mai-buni/,,https://www.pontul-zilei.com/articole-pariuri-sportive/luptatori-k1-care-sunt-cei-mai-buni/,2024-06-18 18:41:39,2026-05-21 18:18:58
www total bet.ro,RO,Romania,Romanian,TotalBet (Organization),true,false,true,false,false,false,"Sitelinks, Image pack",150,10,1.00,6,,,,8,,Lost,,https://www.pontul-zilei.com/agentie/total-bet/,,,2024-06-15 05:04:27,
cod bonus game world,RO,Romania,English,Game World Casino (Organization),true,false,false,true,true,false,,150,48,0.76,1,6,5,,21,8,13,,https://www.pontul-zilei.com/agentie/game-world-casino/,,https://www.pontul-zilei.com/bonusuri-cazino/bonusuri-fara-depunere/game-world-casino-bonus-fara-depunere/,2024-06-06 21:38:34,2026-05-19 06:41:58
bilete pariuri sportive,RO,Romania,Romanian,,false,false,true,false,true,true,"Video preview, Image pack",200,33,1.17,6,,,,12,,Lost,,https://www.pontul-zilei.com/category/biletul-zilei/,,,2024-06-08 05:21:24,
mr bet bonus fara depunere,RO,Romania,Romanian,Mr Bet (Organization),true,false,false,true,true,false,Featured snippet,200,59,4.18,0,6,6,,63,9,54,,https://www.pontul-zilei.com/articole-pariuri-sportive/pariuri-speciale-euro-2024-grupa-e/,,https://www.pontul-zilei.com/bonusuri-cazino/bonusuri-fara-depunere/mr-bit-bonus-fara-depunere/,2024-06-13 10:27:14,2026-06-27 05:00:08
cod promotional las vegas casino,RO,Romania,Romanian,Las Vegas Casino (Organization),true,true,false,true,true,false,"Sitelinks, Video preview",100,51,1.15,0,6,6,,53,6,47,,https://www.pontul-zilei.com/agentie/las-vegas/,,https://www.pontul-zilei.com/bonusuri-cazino/bonusuri-fara-depunere/las-vegas-bonus-fara-depunere/,2024-06-08 23:50:01,2026-05-22 12:10:53
agentii de pariuri,RO,Romania,Romanian,,false,false,false,true,true,false,"Local pack, Sitelinks",150,75,7.77,0,6,6,,34,7,27,,https://www.pontul-zilei.com/top-case-de-pariuri-online/,,https://www.pontul-zilei.com/top-case-de-pariuri-online/,2024-05-28 08:55:46,2026-06-15 23:30:29
getsbet pariuri sportive,RO,Romania,Romanian,GetSbet (Organization),true,false,true,true,true,true,Sitelinks,1400,53,0.93,,6,,,,18,New,,,,https://www.pontul-zilei.com/agentie/gets-bet/,,2026-06-20 22:07:52
totogaming bonus,RO,Romania,English,TotoGaming (Organization),true,false,false,true,true,false,,900,56,0.86,,6,,,,16,New,,,,https://www.pontul-zilei.com/agentie/totogaming/,,2026-06-26 03:27:31
bonus bun venit superbet,RO,Romania,Romanian,Superbet (Organization),true,false,false,true,true,true,,200,59,5.41,1,6,5,,18,9,9,,https://www.pontul-zilei.com/agentie/superbet/,,https://www.pontul-zilei.com/bonusuri-cazino/bonusuri-fara-depunere/superbet-bonus-fara-depunere/,2024-06-24 21:20:40,2026-06-08 10:03:16
ponturi tenis astazi,RO,Romania,Romanian,,false,false,false,true,false,false,Video preview,100,5,0.70,6,,,,6,,Lost,,https://www.pontul-zilei.com/category/ponturi-pariuri/ponturi-pariuri-tenis/,,,2024-06-05 08:29:44,
fortuna fotbal,RO,Romania,Romanian,Fortuna (Organization),true,false,true,true,true,true,Sitelinks,1200,25,0.04,0,6,6,,75,17,58,,https://www.pontul-zilei.com/pariuri-online/participa-la-fotbal-maraton-fortuna-premii-de-100-000-ron/,,https://www.pontul-zilei.com/agentie/fortuna/,2024-06-24 20:40:53,2026-06-12 23:38:43
sporturi extreme,RO,Romania,Romanian,,false,false,false,true,false,false,"Featured snippet, Thumbnail, Video preview",250,0,0.10,6,,,,7,,Lost,,https://www.pontul-zilei.com/articole-pariuri-sportive/sporturi-extreme-tot-ce-trebuie-sa-stii-despre-cele-mai-periculoase-activitati-pe-sol-in-aer-si-in-apa/,,,2024-06-23 23:53:01,
bonus superbet de ziua ta,RO,Romania,Romanian,Bonus de ziua ta (Event),true,false,false,true,true,false,People also ask,150,53,1.78,4,6,2,,10,8,2,,https://www.pontul-zilei.com/ghiduri/superbet-bonus-de-ziua-ta/,,https://www.pontul-zilei.com/bonusuri-cazino/bonus-aniversar/superbet-bonus-aniversar/,2024-06-14 08:04:23,2026-05-25 13:44:53
get s,RO,Romania,,,false,false,false,true,false,false,Sitelinks,100,34,0.26,,6,,,,6,New,,,,https://www.pontul-zilei.com/agentie/gets-bet/,,2026-06-04 03:12:44
gets bet,RO,Romania,Romanian,GetsBet (Organization),true,false,true,true,true,false,Sitelinks,44000,48,0.43,0,6,6,,24,4,20,,https://www.pontul-zilei.com/agentie/gets-bet/,,https://www.pontul-zilei.com/agentie/gets-bet/,2024-06-27 00:42:56,2026-06-22 01:44:04
casa pariuri online,RO,Romania,Romanian,Casa Pariurilor (Organization),true,false,false,true,true,false,Sitelinks,100,69,5.91,0,6,6,,25,7,18,,https://www.pontul-zilei.com/top-case-de-pariuri-online/,,https://www.pontul-zilei.com/top-case-de-pariuri-online/,2024-06-08 11:06:22,2026-06-08 12:32:27
totalbet ro,RO,Romania,Romanian,TotalBet (Organization),true,false,true,false,false,false,"Sitelinks, Image pack",250,0,1.07,6,,,,11,,Lost,,https://www.pontul-zilei.com/agentie/total-bet/,,,2024-06-27 07:33:06,
betano promo code,RO,Romania,English,Betano (Organization),true,false,false,true,true,true,Sitelinks,150,50,2.03,,6,,,,8,New,,,,https://www.pontul-zilei.com/bonusuri-cazino/bonusuri-fara-depunere/betano-casino-bonus-fara-depunere/,,2026-05-23 20:48:25
ce inseamna sub 4.5 goluri,RO,Romania,Romanian,,false,false,false,true,false,false,"AI Overview, Thumbnail, People also ask",150,0,,17,6,-12,,3,9,-6,,https://www.pontul-zilei.com/articole-pariuri-sportive/ce-inseamna-sub-peste-15-25-35-45/,,https://www.pontul-zilei.com/articole-pariuri-sportive/ce-inseamna-sub-peste-15-25-35-45/,2024-06-24 16:44:09,2026-06-07 19:48:49
casa pariurile,RO,Romania,Romanian,Casa Pariurilor (Organization),true,false,false,true,true,false,"Sitelinks, Video preview, Image pack",150,60,1.81,6,,,,7,,Lost,,https://www.pontul-zilei.com/agentie/casa-pariurilor/,,,2024-06-12 03:20:24,
pronosticuri pariuri,RO,Romania,Romanian,,false,false,false,true,false,false,,400,59,0.66,26,6,-20,,10,16,-6,,https://www.pontul-zilei.com/category/ponturi-pariuri/,,https://www.pontul-zilei.com/category/ponturi-pariuri/,2024-06-27 00:49:42,2026-06-27 05:31:25
verificare bilet totalbet,RO,Romania,Romanian,TotalBet (Organization),true,false,false,true,false,false,"Sitelinks, Image pack, Video preview",90,1,0.33,6,,,,6,,Lost,,https://www.pontul-zilei.com/agentie/total-bet/,,,2024-06-11 17:58:29,
20 de rotiri gratuite fara depunere,RO,Romania,Romanian,,false,false,false,true,true,false,,90,68,3.85,,6,,,,6,New,,,,https://www.pontul-zilei.com/bonusuri-cazino-fara-depunere/,,2026-06-23 07:16:13
netbetloto,RO,Romania,Romanian,NetBet Loto (Product),true,false,false,true,true,false,Sitelinks,100,34,0.53,,6,,,,2,New,,,,https://www.pontul-zilei.com/blog/netbet-loto/,,2026-05-22 07:35:09
superbet club.ro,RO,Romania,,Superbet Club (Organization),true,false,true,true,false,false,Video preview,900,41,0.61,0,6,6,,85,16,69,,https://www.pontul-zilei.com/articole-pariuri-sportive/inexplicabil-a-rezistat-pe-gazon-doar-35-de-minute/,,https://www.pontul-zilei.com/blog/superbet-club/,2024-06-27 20:38:12,2026-06-17 00:12:30
bonus maxbet,RO,Romania,Romanian,Maxbet (Organization),true,false,false,true,true,false,Sitelinks,200,57,2.77,0,6,6,,35,10,25,,https://www.pontul-zilei.com/agentie/maxbet/,,https://www.pontul-zilei.com/bonusuri-cazino/bonusuri-fara-depunere/maxbet-bonus-fara-depunere/,2024-06-16 23:30:37,2026-06-06 00:03:13
ponturi pariuri baschet,RO,Romania,Romanian,,false,false,false,true,true,false,"Top stories, Thumbnail, Videos, Video preview",150,0,,6,,,,9,,Lost,,https://www.pontul-zilei.com/category/ponturi-pariuri/ponturi-baschet/,,,2024-06-07 02:15:04,
coduri bonus netbet,RO,Romania,Romanian,NetBet (Organization),true,false,false,true,true,true,,150,47,1.76,,6,,,,8,New,,,,https://www.pontul-zilei.com/bonusuri-cazino/bonusuri-fara-depunere/netbet-bonus-fara-depunere/,,2026-05-22 09:37:52
bonus de ziua ta superbet,RO,Romania,Romanian,"Superbet (Organization), Birthday Bonus (Event)",true,false,false,true,true,false,People also ask,300,53,0.77,10,6,-4,,8,11,-3,,https://www.pontul-zilei.com/ghiduri/superbet-bonus-de-ziua-ta/,,https://www.pontul-zilei.com/bonusuri-cazino/bonus-aniversar/superbet-bonus-aniversar/,2024-06-10 04:31:27,2026-05-16 14:17:58
suport superbet contact,RO,Romania,Romanian,Superbet (Organization),true,false,false,true,false,false,Video preview,900,54,,,6,,,,16,New,,,,https://www.pontul-zilei.com/blog/superbet-contact/,,2026-06-20 10:17:13
cazino player,RO,Romania,,,false,false,false,false,false,false,Sitelinks,600,55,1.36,,6,,,,14,New,,,,https://www.pontul-zilei.com/bonusuri-cazino/bonusuri-fara-depunere/player-bonus-fara-depunere/,,2026-06-02 08:05:38
meciuri germania azi,RO,Romania,Romanian,Germany (Location),false,false,false,true,false,false,Image pack,100,3,0.12,6,,,,7,,Lost,,https://www.pontul-zilei.com/category/ponturi-pariuri/ponturi-pariuri-fotbal-germania/,,,2024-06-12 00:36:30,
casa pari,RO,Romania,Romanian,Casa Pariurilor (Organization),true,false,true,true,true,false,"Sitelinks, Thumbnail, Video preview, Image pack, Local pack",150,3,1.65,6,,,,2,,Lost,,https://www.pontul-zilei.com/agentie/casa-pariurilor/,,,2024-06-13 13:51:54,
admiral casino romania,RO,Romania,English,"Admiral Casino (Organization), Romania (Location)",true,false,false,true,false,false,"Sitelinks, Thumbnail, Image pack, Video preview, Bottom ads",150,3,0.25,6,,,,9,,Lost,,https://www.pontul-zilei.com/articole-pariuri-sportive/deciziile-var-vor-fi-insotite-de-explicatii-pentru-ca-fanii-sa-le-inteleaga/,,,2024-06-13 22:09:00,
player pariuri,RO,Romania,Romanian,Player (Organization),true,false,false,true,true,false,Sitelinks,700,48,0.24,0,6,5,,23,15,8,,https://www.pontul-zilei.com/agentie/player/,,https://www.pontul-zilei.com/bonusuri-cazino/bonusuri-fara-depunere/player-bonus-fara-depunere/,2024-06-12 19:10:54,2026-05-28 05:22:27
toto casino romania,RO,Romania,Romanian,"TotoGaming (Organization), Romania (Location)",true,false,false,true,true,false,Sitelinks,150,58,1.13,122,6,-117,,4,8,-4,,https://www.pontul-zilei.com/agentie/totogaming/,,https://www.pontul-zilei.com/agentie/totogaming/,2024-06-26 03:04:11,2026-06-12 17:10:30
betmen. ro,RO,Romania,,BetMen (Organization),true,false,true,true,true,false,Sitelinks,100,16,0.52,4,6,1,,8,7,1,,https://www.pontul-zilei.com/agentie/betmen/,,https://www.pontul-zilei.com/agentie/betmen/,2024-06-23 18:31:56,2026-05-20 23:26:47
pariez online,RO,Romania,Romanian,,false,false,false,true,true,false,"Sitelinks, Image pack, Video preview",90,19,,6,,,,6,,Lost,,https://www.pontul-zilei.com/articole-pariuri-sportive/cum-pariez-online-ghid-pariere-online/,,,2024-06-13 23:53:43,
oferte superbet,RO,Romania,Romanian,Superbet (Organization),true,false,false,true,true,false,Sitelinks,900,62,2.19,10,6,-5,,10,16,-6,,https://www.pontul-zilei.com/agentie/superbet/,,https://www.pontul-zilei.com/bonusuri-cazino/bonusuri-fara-depunere/superbet-bonus-fara-depunere/,2024-06-25 00:13:06,2026-06-16 15:43:34
contact las vegas casino,RO,Romania,English,Las Vegas Casino (Organization),true,true,false,true,false,false,"Local pack, Sitelinks, People also ask",150,47,2.42,,5,,,,9,New,,,,https://www.pontul-zilei.com/blog/las-vegas-contact/,,2026-05-26 21:26:42
superbet promotii,RO,Romania,Romanian,Superbet (Organization),true,false,false,true,true,false,,200,54,7.22,1,5,5,,18,10,8,,https://www.pontul-zilei.com/agentie/superbet/,,https://www.pontul-zilei.com/bonusuri-cazino/bonusuri-fara-depunere/superbet-bonus-fara-depunere/,2024-06-06 14:31:44,2026-05-20 23:12:56
superbet bonus de ziua ta,RO,Romania,Romanian,"Superbet (Organization), Birthday Bonus (Event)",true,false,false,true,true,false,,200,53,3.91,7,5,-1,,9,9,,,https://www.pontul-zilei.com/ghiduri/superbet-bonus-de-ziua-ta/,,https://www.pontul-zilei.com/bonusuri-cazino/bonus-aniversar/superbet-bonus-aniversar/,2024-06-19 04:55:11,2026-05-25 16:52:53
cod rotiri gratuite,RO,Romania,Romanian,,false,false,false,true,true,false,,90,67,2.12,,5,,,,6,New,,,,https://www.pontul-zilei.com/bonusuri-cazino-fara-depunere/,,2026-06-12 00:52:49
rotiri gratuite winner,RO,Romania,Romanian,Winner Casino (Organization),true,false,false,true,true,false,Sitelinks,150,58,2.69,0,5,5,,50,8,42,,https://www.pontul-zilei.com/agentie/winner/,,https://www.pontul-zilei.com/bonusuri-cazino/bonusuri-fara-depunere/winner-bonus-fara-depunere/,2024-06-17 19:52:04,2026-06-08 02:12:59
bonus fara depunere sport,RO,Romania,Romanian,,false,false,false,true,true,false,Sitelinks,200,60,2.49,5,5,0,,9,9,,,https://www.pontul-zilei.com/top-case-de-pariuri-online/,,https://www.pontul-zilei.com/bonusuri-cazino-fara-depunere/,2024-06-20 15:45:05,2026-06-26 01:06:37
belgia keno 20/70,RO,Romania,Romanian,Belgium Keno 20/70 (Event),true,false,false,true,false,false,,500,0,,5,,,,14,,Lost,,https://www.pontul-zilei.com/articole-pariuri-sportive/belgia-keno-loto-strategii-rezultate-combinatii-sfaturi/,,,2024-06-26 05:21:34,
cod bonus superbet rotiri gratuite,RO,Romania,Romanian,Superbet (Organization),true,false,false,true,true,false,Sitelinks,100,63,4.00,,5,,,,7,New,,,,https://www.pontul-zilei.com/bonusuri-cazino/bonusuri-fara-depunere/superbet-bonus-fara-depunere/,,2026-06-17 20:43:51
cod promo mr bit fara depunere,RO,Romania,Romanian,Mr Bit (Organization),true,false,false,true,true,false,Sitelinks,150,58,1.13,,5,,,,8,New,,,,https://www.pontul-zilei.com/bonusuri-cazino/bonusuri-fara-depunere/mr-bit-bonus-fara-depunere/,,2026-06-20 19:10:23
pariuri super bet,RO,Romania,Romanian,Superbet (Organization),true,false,true,true,true,true,"Top ads, Paid sitelinks, Image pack, Video preview",700,52,0.44,5,,,,15,,Lost,,https://www.pontul-zilei.com/agentie/superbet/,,,2024-06-23 09:06:30,
italia keno tabel,RO,Romania,Romanian,Italia Keno 10E (20/90) (Event),true,false,false,true,false,false,AI Overview,150,6,,0,5,5,,31,10,21,,https://www.pontul-zilei.com/articole-pariuri-sportive/loto-italia-keno-afla-acum-cand-si-unde-poti-paria/,,https://www.pontul-zilei.com/articole-pariuri-sportive/loto-italia-keno-afla-acum-cand-si-unde-poti-paria/,2024-06-17 13:27:00,2026-05-12 23:14:39
verificare bilete,RO,Romania,Romanian,,false,false,false,true,false,false,Video preview,800,25,0.68,,5,,,,16,New,,,,https://www.pontul-zilei.com/blog/superbet-verificare-bilet/,,2026-06-11 01:47:51
pariuri tenis,RO,Romania,Romanian,,false,false,true,false,true,true,"Top stories, Thumbnail, Video preview, Image pack",250,12,0.83,5,,,,12,,Lost,,https://www.pontul-zilei.com/category/ponturi-pariuri/ponturi-pariuri-tenis/,,,2024-06-07 00:59:56,
hochei pe iarba,RO,Romania,Romanian,,false,false,false,true,false,false,"Knowledge panel, Video preview",150,0,0.03,5,,,,5,,Lost,,https://www.pontul-zilei.com/articole-pariuri-sportive/tot-ce-trebuie-sa-stii-despre-hochei-pe-iarba-regulament-si-istoric/,,,2024-06-24 06:15:26,
unibet cod bonus,RO,Romania,Romanian,Unibet (Organization),true,false,false,true,true,false,"Video preview, Sitelinks",150,57,1.67,0,5,5,,80,8,72,,https://www.pontul-zilei.com/ponturipariuri/ponturile-zilei-din-tenis-marti-18-iunie-2024/,,https://www.pontul-zilei.com/bonusuri-cazino/bonusuri-fara-depunere/unibet-bonus-fara-depunere/,2024-06-18 03:42:12,2026-06-24 18:23:39
bonusuri casa pariurilor,RO,Romania,Romanian,Casa Pariurilor (Organization),true,false,false,true,true,false,Sitelinks,100,32,2.20,0,5,5,,22,7,15,,https://www.pontul-zilei.com/agentie/casa-pariurilor/,,https://www.pontul-zilei.com/bonusuri-cazino/bonusuri-fara-depunere/casa-pariurilor-bonus-fara-depunere/,2024-06-18 20:21:26,2026-06-07 19:30:00
cod promo maxbet,RO,Romania,Romanian,MaxBet (Organization),true,false,false,true,true,false,Sitelinks,100,58,0.97,0,5,5,,46,7,39,,https://www.pontul-zilei.com/agentie/maxbet/,,https://www.pontul-zilei.com/bonusuri-cazino/bonusuri-fara-depunere/maxbet-bonus-fara-depunere/,2024-06-09 16:17:13,2026-06-21 08:04:48
poker bonus fara depunere,RO,Romania,Romanian,,false,false,false,true,true,false,,150,54,6.03,0,5,5,,48,8,40,,https://www.pontul-zilei.com/bonusuri-cazino-fara-depunere/,,https://www.pontul-zilei.com/bonusuri-cazino-fara-depunere/,2024-06-23 10:57:18,2026-06-07 12:46:26
betmen ro,RO,Romania,Romanian,BetMen (Organization),true,false,true,true,true,false,Video preview,600,0,0.78,5,,,,15,,Lost,,https://www.pontul-zilei.com/agentie/betmen/,,,2024-06-22 16:13:33,
gets bet online,RO,Romania,English,GetsBet (Organization),true,false,false,true,true,false,"Sitelinks, Image pack, Video preview",1000,2,0.26,5,,,,17,,Lost,,https://www.pontul-zilei.com/agentie/gets-bet/,,,2024-06-24 01:30:05,
top 10 luptatori k1 romani,RO,Romania,Romanian,K1 (Event),true,false,false,true,false,false,"AI Overview, Image pack",100,0,,6,5,-1,,6,8,-2,,https://www.pontul-zilei.com/articole-pariuri-sportive/luptatori-k1-care-sunt-cei-mai-buni/,,https://www.pontul-zilei.com/articole-pariuri-sportive/luptatori-k1-care-sunt-cei-mai-buni/,2024-06-20 08:11:40,2026-05-23 03:03:50
betano logare,RO,Romania,Romanian,Betano (Organization),true,false,true,false,false,false,"Sitelinks, Image pack, Video preview",100,25,0.43,5,,,,7,,Lost,,https://www.pontul-zilei.com/agentie/betano/,,,2024-05-30 03:21:24,
winmasters rotiri gratuite,RO,Romania,Romanian,Winmasters (Organization),true,false,false,true,true,false,,100,47,0.50,,5,,,,8,New,,,,https://www.pontul-zilei.com/bonusuri-cazino/bonusuri-fara-depunere/winmasters-bonus-fara-depunere/,,2026-06-09 03:15:06
totalbet.ro pariuri sportive,RO,Romania,Romanian,TotalBet (Organization),true,false,true,true,true,false,"Sitelinks, Image pack",90,0,0.76,5,,,,6,,Lost,,https://www.pontul-zilei.com/agentie/total-bet/,,,2024-06-23 17:21:26,
biletul zilei,RO,Romania,Romanian,Daily Ticket (Event),false,false,false,true,false,false,Video preview,900,64,0.39,13,5,-8,,13,11,2,,https://www.pontul-zilei.com/articole-pariuri-sportive/egalitate-perfecta-la-euro-2024-ce-criteriu-de-departajare-s-a-folosit-in-grupa-c/,,https://www.pontul-zilei.com/,2024-06-27 08:05:56,2026-06-24 18:59:02
fortuna bonus de bun venit,RO,Romania,Romanian,Fortuna (Organization),true,false,false,true,true,false,Sitelinks,100,31,2.86,0,5,5,,52,7,45,,https://www.pontul-zilei.com/agentie/fortuna/,,https://www.pontul-zilei.com/bonusuri-cazino/bonusuri-fara-depunere/fortuna-bonus-fara-depunere/,2024-06-15 05:36:14,2026-05-26 12:30:59
www efortuna ro pariuri sportive,RO,Romania,Romanian,eFortuna (Organization),true,false,true,false,false,false,"Sitelinks, Image pack, Video preview",90,2,0.35,5,,,,7,,Lost,,https://www.pontul-zilei.com/agentie/fortuna/,,,2024-06-20 04:33:35,
betfair bonus,RO,Romania,English,Betfair (Organization),true,false,false,true,true,true,"Sitelinks, People also ask",150,60,0.66,1,5,4,,12,8,4,,https://www.pontul-zilei.com/agentie/betfair/,,https://www.pontul-zilei.com/bonusuri-cazino/bonusuri-fara-depunere/betfair-bonus-fara-depunere/,2024-06-19 17:09:49,2026-06-01 05:10:32
jocuri bani reali fara depunere,RO,Romania,Romanian,,false,false,false,true,true,false,,150,57,2.48,0,5,5,,32,9,23,,https://www.pontul-zilei.com/bonusuri-cazino-fara-depunere/,,https://www.pontul-zilei.com/bonusuri-cazino-fara-depunere/,2024-06-17 03:15:48,2026-06-07 08:59:10
cea mai buna casa de pariuri,RO,Romania,Romanian,,false,false,false,true,true,false,Sitelinks,150,68,3.89,0,5,5,,23,8,15,,https://www.pontul-zilei.com/top-case-de-pariuri-online/,,https://www.pontul-zilei.com/top-case-de-pariuri-online/,2024-06-10 21:31:53,2026-06-02 19:58:46
gets bet rotiri gratuite fara depunere,RO,Romania,Romanian,Get's Bet (Organization),true,false,false,true,true,false,,100,53,1.70,0,5,5,,82,7,75,,https://www.pontul-zilei.com/biletul-zilei/biletul-zilei-vineri-07-iunie-2024-cota-2-27-castig-potential-680-ron/,,https://www.pontul-zilei.com/bonusuri-cazino/bonusuri-fara-depunere/getsbet-bonus-fara-depunere/,2024-06-07 07:46:43,2026-05-22 12:29:37
pronosticuri meciuri azi,RO,Romania,Romanian,,false,false,false,true,true,false,Image pack,400,31,0.45,5,,,,13,,Lost,,https://www.pontul-zilei.com/category/ponturi-pariuri/,,,2024-06-19 21:19:47,
free bonus casino,RO,Romania,English,,false,false,false,true,true,false,,150,77,5.98,,5,,,,9,New,,,,https://www.pontul-zilei.com/bonusuri-cazino-fara-depunere/,,2026-05-20 23:24:27
777 rotiri superbet,RO,Romania,Romanian,"Superbet (Organization), 777 Rotiri (Event)",true,false,false,true,true,false,Sitelinks,100,53,4.39,0,5,5,,46,7,39,,https://www.pontul-zilei.com/biletul-zilei/biletul-zilei-tenis-joi-27-iunie-2024-cota-2-30-castig-potential-692-ron/,,https://www.pontul-zilei.com/bonusuri-cazino/bonusuri-fara-depunere/superbet-bonus-fara-depunere/,2024-06-27 19:24:36,2026-06-05 05:12:29
cod promotional unibet,RO,Romania,Romanian,Unibet (Organization),true,false,false,true,true,false,"Sitelinks, Video preview",150,44,1.90,0,5,5,,65,10,55,,https://www.pontul-zilei.com/pariuri-online/castiga-mingea-oficiala-euro-2024/,,https://www.pontul-zilei.com/bonusuri-cazino/bonusuri-fara-depunere/unibet-bonus-fara-depunere/,2024-06-12 16:51:34,2026-05-16 02:14:09
ce inseamna sub 3.5 goluri,RO,Romania,Romanian,,false,false,false,true,false,false,AI Overview,100,0,,7,5,-2,,4,7,-3,,https://www.pontul-zilei.com/articole-pariuri-sportive/ce-inseamna-sub-peste-15-25-35-45/,,https://www.pontul-zilei.com/articole-pariuri-sportive/ce-inseamna-sub-peste-15-25-35-45/,2024-06-20 17:07:04,2026-05-27 20:21:32
150 rotiri winner,RO,Romania,Romanian,Winner (Organization),true,false,false,true,true,false,,80,59,1.56,0,5,5,,67,6,61,,https://www.pontul-zilei.com/ponturipariuri/ponturile-zilei-din-tenis-miercuri-26-iunie-2024/,,https://www.pontul-zilei.com/bonusuri-cazino/bonusuri-fara-depunere/winner-bonus-fara-depunere/,2024-06-26 18:02:43,2026-06-09 10:58:38
casa parourilor,RO,Romania,Romanian,Casa Pariurilor (Organization),true,false,true,true,true,false,"Sitelinks, Knowledge panel",150,27,1.60,12,5,-7,,4,8,-4,,https://www.pontul-zilei.com/agentie/casa-pariurilor/,,https://www.pontul-zilei.com/agentie/casa-pariurilor/,2024-06-14 17:15:52,2026-06-19 15:18:02
freebet fara depunere,RO,Romania,Romanian,,false,false,false,true,true,false,Sitelinks,150,55,2.27,9,5,-4,,8,9,-1,,https://www.pontul-zilei.com/top-case-de-pariuri-online/,,https://www.pontul-zilei.com/bonusuri-cazino-fara-depunere/,2024-06-10 06:18:35,2026-06-05 14:04:20
bonus seven casino,RO,Romania,English,Seven Casino (Organization),true,false,false,true,true,false,,150,56,2.00,6,5,-1,,8,9,-1,,https://www.pontul-zilei.com/agentie/seven/,,https://www.pontul-zilei.com/bonusuri-cazino/bonusuri-fara-depunere/seven-bonus-fara-depunere/,2024-06-21 06:58:50,2026-06-15 05:29:01
totogaming.ro casino,RO,Romania,Romanian,TotoGaming (Organization),true,false,true,true,true,false,Sitelinks,80,42,,5,5,0,,6,6,,,https://www.pontul-zilei.com/agentie/totogaming/,,https://www.pontul-zilei.com/agentie/totogaming/,2024-06-13 17:45:43,2026-06-16 02:24:46
betano live chat,RO,Romania,English,Betano (Organization),true,false,true,true,false,false,,80,37,0.74,,5,,,,6,New,,,,https://www.pontul-zilei.com/blog/betano-contact/,,2026-06-04 06:04:11
win for life loto,RO,Romania,English,Win for Life (Event),true,false,false,true,false,false,,150,3,0.40,0,5,5,,33,8,25,,https://www.pontul-zilei.com/articole-pariuri-sportive/win-for-life-loto-italia-strategii-rezultate-combinatii-sfaturi/,,https://www.pontul-zilei.com/articole-pariuri-sportive/win-for-life-loto-italia-strategii-rezultate-combinatii-sfaturi/,2024-06-24 20:00:09,2026-05-20 02:44:44
biletul zilei sigur 100,RO,Romania,Romanian,Daily Ticket (Event),false,false,false,true,false,false,Video preview,450,65,0.23,13,5,-8,,12,14,-2,,https://www.pontul-zilei.com/category/biletul-zilei/,,https://www.pontul-zilei.com/,2024-06-25 14:09:37,2026-06-27 02:54:35
win for life tabel,RO,Romania,Romanian,Win for Life (Event),true,false,false,true,false,false,"Image pack, Video preview",300,0,,5,,,,6,,Lost,Image pack,https://www.pontul-zilei.com/articole-pariuri-sportive/win-for-life-loto-italia-strategii-rezultate-combinatii-sfaturi/,,,2024-06-18 23:10:01,
smart bet pariuri sportive,RO,Romania,Romanian,Smart Bet (Organization),true,false,false,true,true,false,"Sitelinks, Image pack, Video preview",200,0,0.66,5,,,,3,,Lost,,https://www.pontul-zilei.com/agentie/smart-bet/,,,2024-06-17 04:58:55,
winbet ro,RO,Romania,Romanian,Winbet (Organization),true,false,false,true,true,false,"Sitelinks, Video preview",5600,7,0.28,5,,,,25,,Lost,,https://www.pontul-zilei.com/agentie/winbet/,,,2024-06-27 02:41:55,
conti cazino cod bonus,RO,Romania,Romanian,Conti Cazino (Organization),true,false,false,true,true,false,,100,53,,,5,,,,7,New,,,,https://www.pontul-zilei.com/bonusuri-cazino/bonusuri-fara-depunere/conticazino-bonus-fara-depunere/,,2026-05-20 18:33:56
betano rotiri gratuite la inregistrare,RO,Romania,Romanian,Betano (Organization),true,false,false,true,true,false,Sitelinks,150,50,1.02,0,5,5,,47,8,39,,https://www.pontul-zilei.com/agentie/betano/,,https://www.pontul-zilei.com/bonusuri-cazino/bonusuri-fara-depunere/betano-casino-bonus-fara-depunere/,2024-06-18 19:02:35,2026-06-18 04:15:47
100 rotiri gratuite unibet,RO,Romania,Romanian,Unibet (Organization),true,false,false,true,true,false,,150,62,1.23,,5,,,,8,New,,,,https://www.pontul-zilei.com/bonusuri-cazino/bonusuri-fara-depunere/unibet-bonus-fara-depunere/,,2026-06-22 02:47:23
efortuna bonus de bun venit,RO,Romania,Romanian,eFortuna (Organization),true,false,false,true,true,false,"Featured snippet, Sitelinks",150,56,4.32,0,5,5,,48,8,40,,https://www.pontul-zilei.com/agentie/fortuna/,,https://www.pontul-zilei.com/bonusuri-cazino/bonusuri-fara-depunere/fortuna-bonus-fara-depunere/,2024-06-08 03:25:10,2026-06-21 17:43:31
gets bet oferta fotbal,RO,Romania,Romanian,Get's Bet (Organization),true,false,false,true,true,false,"Image pack, Video preview",200,0,0.92,5,,,,10,,Lost,,https://www.pontul-zilei.com/agentie/gets-bet/,,,2024-06-07 15:46:39,
bonus card superbet,RO,Romania,English,"Superbet (Organization), bonus card (Product)",true,false,false,true,true,false,Video preview,500,56,0.82,1,5,4,,24,14,10,,https://www.pontul-zilei.com/agentie/superbet/,,https://www.pontul-zilei.com/blog/superbet-club/,2024-06-23 08:56:04,2026-06-13 07:31:16
cota 2 pariuri,RO,Romania,Romanian,Cota 2 (Organization),true,false,false,true,true,false,Video preview,200,10,0.18,5,,,,11,,Lost,,https://www.pontul-zilei.com/category/cota-zilei-pariuri/cota-2/,,,2024-06-16 12:29:13,
cod promotional million casino,RO,Romania,Romanian,Million Casino (Organization),true,false,false,true,true,false,Sitelinks,600,58,,0,5,5,,46,15,31,,https://www.pontul-zilei.com/agentie/million/,,https://www.pontul-zilei.com/bonusuri-cazino/bonusuri-fara-depunere/million-bonus-fara-depunere/,2024-06-11 01:36:31,2026-06-21 07:50:47
ponturi cota 2,RO,Romania,Romanian,Cota 2 (Organization),true,false,false,true,true,false,,100,24,0.25,6,5,-1,,7,8,-1,,https://www.pontul-zilei.com/category/cota-zilei-pariuri/cota-2/,,https://www.pontul-zilei.com/category/cota-zilei-pariuri/cota-2/,2024-06-19 20:04:05,2026-06-09 02:08:23
player ro casino,RO,Romania,Romanian,Player.ro (Organization),true,false,true,true,true,true,Local pack,100,55,,0,5,5,,45,8,37,,https://www.pontul-zilei.com/agentie/player/,,https://www.pontul-zilei.com/bonusuri-cazino/bonusuri-fara-depunere/player-bonus-fara-depunere/,2024-06-23 16:46:07,2026-06-17 18:53:56
biletul zilei fotbal sigur,RO,Romania,Romanian,Daily Ticket (Organization),true,false,false,true,false,false,Video preview,150,30,0.27,5,,,,13,,Lost,,https://www.pontul-zilei.com/category/biletul-zilei/,,,2024-06-07 16:00:21,
fotbal gets bet,RO,Romania,Romanian,Get's Bet (Organization),true,false,false,true,true,false,"Sitelinks, Image pack, Video preview",300,0,0.57,5,,,,12,,Lost,,https://www.pontul-zilei.com/agentie/gets-bet/,,,2024-06-23 13:05:06,
scanare bilet casa pariurilor,RO,Romania,Romanian,Casa Pariurilor (Organization),true,false,false,true,false,false,,2200,39,0.86,,5,,,,21,New,,,,https://www.pontul-zilei.com/agentie/casa-pariurilor/,,2026-06-26 02:55:04
bilet zilei,RO,Romania,Romanian,,false,false,false,true,false,false,Video preview,80,36,0.25,5,,,,9,,Lost,,https://www.pontul-zilei.com/category/biletul-zilei/,,,2024-06-15 04:33:08,
ce inseamna 2+ la pariuri,RO,Romania,Romanian,,false,false,false,true,false,false,People also ask,90,0,0.40,5,,,,6,,Lost,,https://www.pontul-zilei.com/articole-pariuri-sportive/ce-inseamna-2-si-3-la-pariuri-exemple-de-bilete/,,,2024-06-23 08:06:33,
ghet bet,RO,Romania,Romanian,GetsBet (Organization),true,false,true,true,true,false,"Sitelinks, Video preview",100,31,1.32,0,5,5,,22,7,15,,https://www.pontul-zilei.com/agentie/gets-bet/,,https://www.pontul-zilei.com/agentie/gets-bet/,2024-06-17 12:33:17,2026-06-03 15:01:06
furtuna pariu,RO,Romania,Romanian,Fortuna (Organization),true,false,false,true,true,false,Sitelinks,100,11,0.56,2,5,2,,10,7,3,,https://www.pontul-zilei.com/agentie/fortuna/,,https://www.pontul-zilei.com/agentie/fortuna/,2024-06-15 17:08:37,2026-05-26 05:12:26
oferta de azi la superbet,RO,Romania,Romanian,Superbet (Organization),true,false,false,true,true,false,"Image pack, Video preview",6800,4,0.72,5,,,,26,,Lost,,https://www.pontul-zilei.com/agentie/superbet/,,,2024-06-27 09:54:55,
fortuna bonusuri,RO,Romania,Romanian,Fortuna (Organization),true,false,false,true,true,false,Sitelinks,80,46,2.93,0,5,5,,24,6,18,,https://www.pontul-zilei.com/agentie/fortuna/,,https://www.pontul-zilei.com/bonusuri-cazino/bonusuri-fara-depunere/fortuna-bonus-fara-depunere/,2024-06-15 23:45:25,2026-05-19 11:21:16
winner casino bonus,RO,Romania,English,Winner Casino (Organization),true,false,false,true,true,false,Sitelinks,150,62,4.19,0,5,5,,43,9,34,,https://www.pontul-zilei.com/agentie/winner/,,https://www.pontul-zilei.com/bonusuri-cazino/bonusuri-fara-depunere/winner-bonus-fara-depunere/,2024-06-15 19:12:25,2026-06-17 18:51:38
cauta combinatii loto polonia,RO,Romania,Romanian,Polish Lotto (Event),true,false,false,true,false,false,Sitelinks,150,34,0.39,,5,,,,9,New,,,,https://www.pontul-zilei.com/articole-pariuri-sportive/multi-polonia-loto-strategii-rezultate-combinatii-sfaturi/,,2026-06-07 12:49:29
kino italia live,RO,Romania,Romanian,Italia Keno (Event),true,false,false,true,false,false,,200,47,0.23,1,5,4,,16,10,6,,https://www.pontul-zilei.com/articole-pariuri-sportive/loto-italia-keno-afla-acum-cand-si-unde-poti-paria/,,https://www.pontul-zilei.com/articole-pariuri-sportive/loto-italia-keno-afla-acum-cand-si-unde-poti-paria/,2024-06-26 21:42:22,2026-06-04 03:21:20
www casa pariurilor,RO,Romania,Romanian,Casa Pariurilor (Organization),true,false,true,true,false,false,"Sitelinks, Video preview",150,6,1.46,5,,,,2,,Lost,,https://www.pontul-zilei.com/agentie/casa-pariurilor/,,,2024-06-12 16:02:22,
cod bonus vlad cazino,RO,Romania,Romanian,Vlad Cazino (Organization),true,false,false,true,true,true,,200,53,0.79,0,5,5,,81,10,71,,https://www.pontul-zilei.com/ponturipariuri/ponturile-zilei-din-tenis-alexander-luni-10-iunie-2024/,,https://www.pontul-zilei.com/bonusuri-cazino/bonusuri-fara-depunere/vlad-cazino-bonus-fara-depunere/,2024-06-11 12:18:46,2026-05-17 12:00:42
club. superbet. ro,RO,Romania,,Superbet Club (Organization),true,false,true,true,false,false,Video preview,900,41,0.48,,5,,,,17,New,,,,https://www.pontul-zilei.com/blog/superbet-club/,,2026-06-17 00:14:10
cod bonus winner,RO,Romania,Romanian,Winner Casino (Organization),true,false,false,true,true,false,Sitelinks,100,58,1.16,0,5,5,,40,7,33,,https://www.pontul-zilei.com/agentie/winner/,,https://www.pontul-zilei.com/bonusuri-cazino/bonusuri-fara-depunere/winner-bonus-fara-depunere/,2024-06-27 02:08:35,2026-06-10 21:33:46
oferta excelbet,RO,Romania,Romanian,ExcelBet (Organization),true,false,false,true,true,false,,250,0,0.62,5,,,,11,,Lost,,https://www.pontul-zilei.com/agentie/excelbet/,,,2024-06-18 19:41:08,
pronosticuri fotbal maine,RO,Romania,Romanian,,false,false,false,true,false,true,Video preview,400,7,0.23,5,,,,16,,Lost,,https://www.pontul-zilei.com/category/ponturi-pariuri/ponturi-fotbal/,,,2024-06-23 13:14:21,
cauta combinatii grecia,RO,Romania,Romanian,Greece (Location),false,false,false,true,false,false,Image pack,1400,0,2.54,5,,,,19,,Lost,,https://www.pontul-zilei.com/articole-pariuri-sportive/loto-grecia-kino-cele-mai-bune-strategii-de-joc-ca-sa-iti-cresti-sansele-de-castig/,,,2024-06-23 05:55:59,
winboss casino bonus fara depunere,RO,Romania,Romanian,WinBoss Casino (Organization),true,false,false,true,true,false,,200,55,0.97,3,5,2,,12,10,2,,https://www.pontul-zilei.com/agentie/winboss/,,https://www.pontul-zilei.com/bonusuri-cazino/bonusuri-fara-depunere/winboss-bonus-fara-depunere/,2024-06-15 01:56:34,2026-05-25 03:45:58
gets bet loto,RO,Romania,Romanian,"GetsBet (Organization), Loto (Event)",true,false,true,true,true,true,Sitelinks,100,44,0.42,0,5,4,,18,7,11,,https://www.pontul-zilei.com/agentie/gets-bet/,,https://www.pontul-zilei.com/blog/gets-bet-loto/,2024-06-14 16:48:31,2026-05-25 20:03:52
cod maxbet rotiri gratuite,RO,Romania,Romanian,MaxBet (Organization),true,false,false,true,true,false,Sitelinks,80,48,1.03,,5,,,,6,New,,,,https://www.pontul-zilei.com/bonusuri-cazino/bonusuri-fara-depunere/maxbet-bonus-fara-depunere/,,2026-06-12 04:26:53
superavantaj superbet,RO,Romania,Romanian,"Superbet (Organization), SuperAvantaj (Event)",true,false,false,true,false,false,People also ask,150,11,2.89,1,5,3,,15,9,6,,https://www.pontul-zilei.com/articole-pariuri-sportive/salvat-de-superavantaj-a-castigat-zeci-de-mii-de-lei-cu-3-pariati-pe-6-meciuri/,,https://www.pontul-zilei.com/blog/superbet-superavantaj/,2024-06-25 08:06:57,2026-06-24 15:47:17
maxbet 350 rotiri gratuite,RO,Romania,Romanian,MaxBet (Organization),true,false,false,true,true,false,,100,49,1.62,,5,,,,8,New,,,,https://www.pontul-zilei.com/bonusuri-cazino/bonusuri-fara-depunere/maxbet-bonus-fara-depunere/,,2026-06-07 08:12:21
ponturi pariuri europa league,RO,Romania,Romanian,Europa League (Event),true,false,false,true,true,false,"Video preview, Image pack",150,1,0.41,5,,,,9,,Lost,,https://www.pontul-zilei.com/category/ponturi-pariuri/ponturi-pariuri-fotbal-europa-league/,,,2024-06-12 21:22:25,
frank casino promo code,RO,Romania,English,Frank Casino (Organization),true,false,false,true,true,false,Sitelinks,200,57,0.45,,5,,,,10,New,,,,https://www.pontul-zilei.com/bonusuri-cazino/bonusuri-fara-depunere/frank-casino-bonus-fara-depunere/,,2026-06-06 21:28:55
50 rotiri gratuite,RO,Romania,Romanian,,false,false,false,true,true,false,,90,22,0.93,0,5,5,,41,7,34,,https://www.pontul-zilei.com/agentie/totogaming/,,https://www.pontul-zilei.com/bonusuri-cazino-fara-depunere/,2024-06-23 16:12:16,2026-05-23 13:43:18
predictii pariuri fotbal azi,RO,Romania,Romanian,,false,false,false,true,true,false,Image pack,100,24,0.53,5,,,,8,,Lost,,https://www.pontul-zilei.com/category/ponturi-pariuri/ponturi-fotbal/,,,2024-06-12 03:57:37,
luck casino romania,RO,Romania,English,"Luck Casino (Organization), Romania (Location)",true,false,false,true,true,false,"Sitelinks, Thumbnail, Video preview, Image pack",350,1,1.64,4,,,,13,,Lost,,https://www.pontul-zilei.com/agentie/luck-casino/,,,2024-06-27 08:24:48,
biletul zilei pariu sigur,RO,Romania,Romanian,"Pariu Sigur (Organization), Daily Ticket (Event)",true,false,false,true,false,false,"Sitelinks, Video preview",600,61,0.30,13,4,-9,,12,19,-7,,https://www.pontul-zilei.com/category/biletul-zilei/,,https://www.pontul-zilei.com/,2024-06-23 14:29:04,2026-06-16 06:57:28
maxbet 350 rotiri,RO,Romania,Romanian,MaxBet (Organization),true,false,false,true,true,false,,200,29,0.63,0,4,4,,38,10,28,,https://www.pontul-zilei.com/agentie/maxbet/,,https://www.pontul-zilei.com/bonusuri-cazino/bonusuri-fara-depunere/maxbet-bonus-fara-depunere/,2024-06-25 21:27:49,2026-05-29 13:00:41
bonusuri superbet,RO,Romania,Romanian,Superbet (Organization),true,false,false,true,true,false,,200,53,5.25,0,4,4,,31,10,21,,https://www.pontul-zilei.com/agentie/superbet/,,https://www.pontul-zilei.com/bonusuri-cazino/bonusuri-fara-depunere/superbet-bonus-fara-depunere/,2024-06-26 13:25:48,2026-05-18 19:57:21
ofertă superbet,RO,Romania,Romanian,Superbet (Organization),true,false,false,true,true,false,Image pack,450,4,2.19,4,,,,14,,Lost,,https://www.pontul-zilei.com/agentie/superbet/,,,2024-06-26 20:26:41,
fortuna casa de pariuri,RO,Romania,Romanian,Fortuna (Organization),true,false,false,true,true,false,"Sitelinks, Video preview",80,45,1.16,2,4,3,,10,6,4,,https://www.pontul-zilei.com/agentie/fortuna/,,https://www.pontul-zilei.com/agentie/fortuna/,2024-06-07 17:06:12,2026-05-30 07:34:37
20 rotiri gratuite winbet,RO,Romania,Romanian,Winbet (Organization),true,false,false,true,true,false,Image pack,100,0,1.08,4,,,,8,,Lost,,https://www.pontul-zilei.com/agentie/winbet/,,,2024-06-20 05:17:25,
bonusuri pariuri sportive,RO,Romania,Romanian,,false,false,false,true,true,false,Sitelinks,90,64,5.62,7,4,-2,,5,7,-2,,https://www.pontul-zilei.com/top-case-de-pariuri-online/,,https://www.pontul-zilei.com/top-case-de-pariuri-online/,2024-06-12 08:01:33,2026-06-04 16:42:09
conti cazino rotiri gratuite,RO,Romania,Romanian,Conti Casino (Organization),true,false,false,true,true,false,,150,56,0.82,,4,,,,9,New,,,,https://www.pontul-zilei.com/bonusuri-cazino/bonusuri-fara-depunere/conticazino-bonus-fara-depunere/,,2026-06-08 02:29:49
winbet cod bonus,RO,Romania,Romanian,Winbet (Organization),true,false,false,true,true,false,Top ads,200,48,2.06,0,4,4,,22,10,12,,https://www.pontul-zilei.com/agentie/winbet/,,https://www.pontul-zilei.com/bonusuri-cazino/bonusuri-fara-depunere/winbet-bonus-fara-depunere/,2024-06-24 20:14:21,2026-05-23 02:09:14
seven casino 77 rotiri gratuite,RO,Romania,Romanian,Seven Casino (Organization),true,false,false,true,true,false,Image pack,150,0,1.57,4,,,,9,,Lost,,https://www.pontul-zilei.com/agentie/seven/,,,2024-06-22 05:14:52,
cod superbet bonus,RO,Romania,Romanian,Superbet (Organization),true,false,false,true,true,true,Sitelinks,200,55,4.39,0,4,4,,42,10,32,,https://www.pontul-zilei.com/agentie/superbet/,,https://www.pontul-zilei.com/bonusuri-cazino/bonusuri-fara-depunere/superbet-bonus-fara-depunere/,2024-06-20 02:03:20,2026-05-24 00:17:17
888 sport bonus,RO,Romania,English,888 Sport (Organization),true,false,false,true,true,false,,200,52,2.53,3,4,1,,11,10,1,,https://www.pontul-zilei.com/agentie/888sport/,,https://www.pontul-zilei.com/agentie/888sport/,2024-06-11 00:02:54,2026-05-17 09:00:11
888 casino free spins,RO,Romania,English,888 Casino (Organization),true,false,true,true,true,true,People also ask,90,65,3.33,,4,,,,7,New,,,,https://www.pontul-zilei.com/bonusuri-cazino/bonusuri-fara-depunere/888casino-bonus-fara-depunere/,,2026-05-21 17:23:18
bonus superbet casino,RO,Romania,English,Superbet (Organization),true,false,false,true,true,false,,90,63,6.58,0,4,4,,54,7,47,,https://www.pontul-zilei.com/agentie/superbet/,,https://www.pontul-zilei.com/bonusuri-cazino/bonusuri-fara-depunere/superbet-bonus-fara-depunere/,2024-06-10 19:38:09,2026-06-22 07:14:35
cod bonus unibet fara depunere,RO,Romania,Romanian,Unibet (Organization),true,false,false,true,true,false,,100,57,1.23,0,4,4,,56,8,48,,https://www.pontul-zilei.com/ponturipariuri/ponturile-zilei-din-tenis-marti-18-iunie-2024/,,https://www.pontul-zilei.com/bonusuri-cazino/bonusuri-fara-depunere/unibet-bonus-fara-depunere/,2024-06-19 08:03:29,2026-06-26 21:28:05
rotiri gratuite winmasters,RO,Romania,Romanian,Winmasters (Organization),true,false,false,true,true,false,,150,41,2.46,0,4,4,,79,10,69,,https://www.pontul-zilei.com/agentie/betmen/,,https://www.pontul-zilei.com/bonusuri-cazino/bonusuri-fara-depunere/winmasters-bonus-fara-depunere/,2024-06-18 21:49:36,2026-05-18 14:43:25
elit casino,RO,Romania,Romanian,Elite Casino (Organization),true,false,false,true,true,false,"Sitelinks, Bottom ads, Paid sitelinks",150,57,1.16,2,4,2,,16,9,7,,https://www.pontul-zilei.com/agentie/elite-slots/,,https://www.pontul-zilei.com/agentie/elite-slots/,2024-06-24 21:24:37,2026-06-26 05:08:20
rxf cote,RO,Romania,Romanian,RXF (Organization),true,false,false,true,true,false,Video preview,100,0,0.09,4,,,,8,,Lost,,https://www.pontul-zilei.com/articole-pariuri-sportive/rxf-next-fighters-12-meciuri-favoriti-si-cote-la-pariuri/,,,2024-06-17 04:25:49,
bonus winbet,RO,Romania,English,Winbet (Organization),true,false,false,true,true,false,Sitelinks,100,58,2.80,1,4,4,,17,8,9,,https://www.pontul-zilei.com/agentie/winbet/,,https://www.pontul-zilei.com/bonusuri-cazino/bonusuri-fara-depunere/winbet-bonus-fara-depunere/,2024-06-14 16:44:34,2026-05-22 13:57:57
player 111 rotiri,RO,Romania,Romanian,"Player (Organization), 111 Free Spins (Event)",true,false,false,true,true,false,Sitelinks,100,58,3.78,0,4,4,,19,8,11,,https://www.pontul-zilei.com/agentie/player/,,https://www.pontul-zilei.com/bonusuri-cazino/bonusuri-fara-depunere/player-bonus-fara-depunere/,2024-06-21 17:19:53,2026-06-23 05:52:52
pont pariuri,RO,Romania,Romanian,,false,false,false,true,false,false,,150,63,0.57,3,4,1,,8,10,-2,,https://www.pontul-zilei.com/category/ponturi-pariuri/,,https://www.pontul-zilei.com/category/ponturi-pariuri/,2024-06-15 16:41:25,2026-06-16 19:01:59
50 rotiri gratuite fara depunere,RO,Romania,Romanian,,false,false,false,true,true,false,Sitelinks,150,42,2.89,0,4,4,,56,9,47,,https://www.pontul-zilei.com/agentie/totogaming/,,https://www.pontul-zilei.com/bonusuri-cazino-fara-depunere/,2024-06-11 14:55:37,2026-06-24 06:16:24
seven casino rotiri gratuite fara depunere,RO,Romania,Romanian,Seven Casino (Organization),true,false,false,true,true,false,,90,61,1.27,5,4,-1,,6,7,-1,,https://www.pontul-zilei.com/agentie/seven/,,https://www.pontul-zilei.com/bonusuri-cazino/bonusuri-fara-depunere/seven-bonus-fara-depunere/,2024-06-05 13:35:56,2026-06-16 13:07:14
cod promo slotv,RO,Romania,Romanian,SlotV (Organization),true,false,false,true,true,false,Sitelinks,100,57,2.32,,4,,,,8,New,,,,https://www.pontul-zilei.com/bonusuri-cazino/bonusuri-fara-depunere/slotv-bonus-fara-depunere/,,2026-06-16 21:28:21
oferta gets bet,RO,Romania,Romanian,GetsBet (Organization),true,false,false,true,true,false,Sitelinks,800,43,0.88,28,4,-24,,8,17,-9,,https://www.pontul-zilei.com/agentie/gets-bet/,,https://www.pontul-zilei.com/agentie/gets-bet/,2024-06-23 08:58:53,2026-05-28 22:50:41
excelbet pariuri,RO,Romania,Romanian,Excelbet (Organization),true,false,false,true,true,false,"Sitelinks, Image pack",150,0,0.64,4,,,,9,,Lost,,https://www.pontul-zilei.com/articole-pariuri-sportive/se-mareste-delegatia-tarii-noastre-un-ciclist-roman-calificat-la-jocurile-olimpice/,,,2024-06-10 13:44:12,
cod promotional winbet,RO,Romania,Romanian,Winbet (Organization),true,false,false,true,true,false,Sitelinks,150,54,1.65,0,4,4,,33,10,23,,https://www.pontul-zilei.com/agentie/winbet/,,https://www.pontul-zilei.com/bonusuri-cazino/bonusuri-fara-depunere/winbet-bonus-fara-depunere/,2024-06-12 00:17:29,2026-06-11 13:05:42
super bet login,RO,Romania,English,Superbet (Organization),true,false,true,false,false,true,"Top ads, Paid sitelinks, Sitelinks, Video preview",150,31,2.09,4,,,,9,,Lost,,https://www.pontul-zilei.com/agentie/superbet/,,,2024-06-14 14:06:07,
rotiri gratuite cu depunere,RO,Romania,Romanian,,false,false,false,true,true,false,Sitelinks,150,72,3.42,,4,,,,9,New,,,,https://www.pontul-zilei.com/bonusuri-cazino-fara-depunere/,,2026-05-25 16:47:55
cod las vegas,RO,Romania,English,"Call of Duty (Product), Las Vegas (Location)",true,true,false,true,false,false,"Sitelinks, Video preview",100,31,0.71,0,4,4,,79,8,71,,https://www.pontul-zilei.com/agentie/las-vegas/,,https://www.pontul-zilei.com/bonusuri-cazino/bonusuri-fara-depunere/las-vegas-bonus-fara-depunere/,2024-06-25 18:55:02,2026-06-06 07:35:37
bonus bingo superbet,RO,Romania,English,Superbet (Organization),true,false,false,true,true,false,Video preview,150,51,4.48,,4,,,,10,New,,,,https://www.pontul-zilei.com/blog/superbet-bingo/,,2026-05-19 02:33:44
bonusuri fortuna,RO,Romania,Romanian,Fortuna (Organization),true,false,false,true,true,false,Sitelinks,90,56,3.01,0,4,4,,20,7,13,,https://www.pontul-zilei.com/agentie/fortuna/,,https://www.pontul-zilei.com/bonusuri-cazino/bonusuri-fara-depunere/fortuna-bonus-fara-depunere/,2024-06-10 20:55:56,2026-06-26 23:25:54
seven casino bonus fara depunere,RO,Romania,Romanian,Seven Casino (Organization),true,false,false,true,true,false,,90,59,1.15,10,4,-5,,8,7,1,,https://www.pontul-zilei.com/agentie/seven/,,https://www.pontul-zilei.com/bonusuri-cazino/bonusuri-fara-depunere/seven-bonus-fara-depunere/,2024-06-19 09:21:03,2026-06-18 22:47:55
rotiri gratuite winboss,RO,Romania,Romanian,Winboss (Organization),true,false,false,true,true,false,,150,59,1.66,0,4,4,,18,9,9,,https://www.pontul-zilei.com/agentie/winboss/,,https://www.pontul-zilei.com/bonusuri-cazino/bonusuri-fara-depunere/winboss-bonus-fara-depunere/,2024-06-23 03:49:50,2026-06-06 20:27:44
pariuri gratis,RO,Romania,Romanian,,false,false,false,true,true,false,Sitelinks,150,67,0.99,0,4,4,,79,9,70,,https://www.pontul-zilei.com/category/ponturi-pariuri/,,https://www.pontul-zilei.com/bonusuri-cazino-fara-depunere/,2024-06-18 14:44:59,2026-06-19 12:53:06
bonus casino betano,RO,Romania,English,Betano (Organization),true,false,false,true,true,false,Sitelinks,100,54,4.43,0,4,4,,29,8,21,,https://www.pontul-zilei.com/agentie/betano/,,https://www.pontul-zilei.com/bonusuri-cazino/bonusuri-fara-depunere/betano-casino-bonus-fara-depunere/,2024-06-17 22:16:42,2026-05-23 06:17:12
bonusuri vlad cazino,RO,Romania,Romanian,Vlad Cazino (Organization),true,false,false,true,true,false,"Featured snippet, Sitelinks",100,55,0.52,,4,,,,8,New,,,,https://www.pontul-zilei.com/bonusuri-cazino/bonusuri-fara-depunere/vlad-cazino-bonus-fara-depunere/,,2026-06-08 22:51:56
poziții fc basel,RO,Romania,Romanian,FC Basel (Organization),true,false,false,true,false,false,Image pack,150,0,,4,,,,10,,Lost,,https://www.pontul-zilei.com/ponturipariuri/ponturi-trabzonspor-vs-fc-basel-fotbal-16-februarie-2023-europa-conference-league/,,,2024-05-31 04:27:30,
gets bet contact,RO,Romania,English,Get's Bet (Organization),true,false,false,true,false,false,,200,59,0.47,0,4,4,,46,10,36,,https://www.pontul-zilei.com/agentie/gets-bet/,,https://www.pontul-zilei.com/blog/gets-bet-contact/,2024-06-11 16:34:44,2026-06-21 18:07:32
superbet card,RO,Romania,English,Superbet Card (Product),true,false,false,true,true,false,Video preview,800,33,0.75,0,4,4,,24,17,7,,https://www.pontul-zilei.com/agentie/superbet/,,https://www.pontul-zilei.com/blog/superbet-club/,2024-06-15 12:43:03,2026-06-10 02:37:53
magnum casino bonus fara depunere,RO,Romania,Romanian,Magnum Casino (Organization),true,false,false,true,true,false,Sitelinks,150,52,0.88,,4,,,,10,New,,,,https://www.pontul-zilei.com/bonusuri-cazino/bonusuri-fara-depunere/magnumbet-bonus-fara-depunere/,,2026-06-21 16:15:58
academia de pacanele,RO,Romania,Romanian,Academia de Pacanele (Organization),true,false,true,true,true,false,Sitelinks,150,33,1.98,,4,,,,9,New,,,,https://www.pontul-zilei.com/bonusuri-cazino-fara-depunere/,,2026-06-08 07:31:13
predictii handbal,RO,Romania,Romanian,,false,false,false,true,true,false,,150,0,0.79,4,,,,10,,Lost,,https://www.pontul-zilei.com/category/ponturi-pariuri/ponturi-handbal/,,,2024-06-26 21:35:09,
reguli ping pong,RO,Romania,Romanian,,false,false,false,true,false,false,Video preview,200,0,,4,,,,11,,Lost,,https://www.pontul-zilei.com/articole-pariuri-sportive/istoria-si-regulile-tenisului-de-masa/,,,2024-06-18 02:01:32,
rxf pariuri,RO,Romania,Romanian,RXF (Organization),true,false,false,true,true,false,"People also ask, Video preview",250,0,1.07,4,,,,12,,Lost,,https://www.pontul-zilei.com/articole-pariuri-sportive/rxf-next-fighters-12-meciuri-favoriti-si-cote-la-pariuri/,,,2024-06-27 21:43:06,
excelbet 111 rotiri gratuite,RO,Romania,Romanian,ExcelBet (Organization),true,false,false,true,true,false,,150,55,1.01,4,4,0,,10,10,,,https://www.pontul-zilei.com/agentie/excelbet/,,https://www.pontul-zilei.com/bonusuri-cazino/bonusuri-fara-depunere/excelbet-bonus-fara-depunere/,2024-06-15 03:03:01,2026-06-24 05:58:21
siteuri pariuri,RO,Romania,Romanian,,false,false,false,true,true,false,,150,75,8.15,1,4,3,,15,10,5,,https://www.pontul-zilei.com/top-case-de-pariuri-online/,,https://www.pontul-zilei.com/top-case-de-pariuri-online/,2024-06-10 09:16:45,2026-06-07 06:02:42
winerr,RO,Romania,Romanian,Winner.ro (Organization),true,false,true,true,true,false,"Sitelinks, Video preview",80,0,1.53,4,,,,2,,Lost,,https://www.pontul-zilei.com/agentie/winner/,,,2024-06-21 04:43:21,
club superbet.ro,RO,Romania,Romanian,Superbet Club (Organization),true,false,false,true,false,false,Video preview,600,54,0.48,,4,,,,16,New,,,,https://www.pontul-zilei.com/blog/superbet-club/,,2026-06-24 09:16:23
10 pariuri,RO,Romania,Romanian,10pariuri (Organization),true,false,false,true,false,false,Sitelinks,3500,69,1.68,0,4,4,,54,13,41,,https://www.pontul-zilei.com/ponturipariuri/ponturile-zilei-din-tenis-vladimir-vineri-10-05-2024/,,https://www.pontul-zilei.com/category/ponturi-pariuri/,2024-06-27 08:35:38,2026-06-19 01:38:53
kino slovacia,RO,Romania,Romanian,Slovacia Keno (Event),true,false,false,true,false,false,"Thumbnail, Video preview, Image pack",800,0,0.39,4,,,,17,,Lost,,https://www.pontul-zilei.com/articole-pariuri-sportive/slovacia-keno-loto-strategii-rezultate-scheme-combinatii-live-sfaturi-de-la-jucatori/,,,2024-06-26 09:30:03,
bonus unibet,RO,Romania,English,Unibet (Organization),true,false,false,true,true,false,"Image pack, Video preview",300,4,2.69,4,,,,13,,Lost,,https://www.pontul-zilei.com/agentie/unibet/,,,2024-06-07 10:04:57,
mozzart pariuri online,RO,Romania,Romanian,MozzartBet (Organization),true,false,false,true,true,false,,80,2,1.35,4,,,,7,,Lost,,https://www.pontul-zilei.com/agentie/mozzart/,,,2024-06-09 20:50:51,
efortuna bonus,RO,Romania,Romanian,eFortuna (Organization),true,false,false,true,true,false,,150,59,3.17,0,4,4,,49,10,39,,https://www.pontul-zilei.com/agentie/fortuna/,,https://www.pontul-zilei.com/bonusuri-cazino/bonusuri-fara-depunere/fortuna-bonus-fara-depunere/,2024-06-22 23:41:38,2026-06-20 10:29:50
get bet online,RO,Romania,English,,false,false,true,false,true,true,"Top ads, Paid sitelinks, Sitelinks",300,2,0.26,4,,,,13,,Lost,,https://www.pontul-zilei.com/agentie/gets-bet/,,,2024-06-27 14:32:28,
bonus fara depunere winbet,RO,Romania,Romanian,Winbet (Organization),true,false,false,true,true,false,,150,54,3.19,2,4,2,,13,9,4,,https://www.pontul-zilei.com/agentie/winbet/,,https://www.pontul-zilei.com/bonusuri-cazino/bonusuri-fara-depunere/winbet-bonus-fara-depunere/,2024-06-20 01:33:40,2026-06-07 02:07:26
bonus conti casino,RO,Romania,English,Conti Casino (Organization),true,false,false,true,true,false,,150,57,0.91,,4,,,,10,New,,,,https://www.pontul-zilei.com/bonusuri-cazino/bonusuri-fara-depunere/conticazino-bonus-fara-depunere/,,2026-06-09 22:00:48
promotii pariuri,RO,Romania,Romanian,,false,false,false,true,true,false,"Image pack, Video preview, Bottom ads, Paid sitelinks",100,20,6.24,4,,,,8,,Lost,,https://www.pontul-zilei.com/top-case-de-pariuri-online/,,,2024-06-26 18:55:47,
get sbet,RO,Romania,Romanian,GetsBet (Organization),true,false,true,true,true,false,"Sitelinks, Video preview",80,25,0.63,,4,,,,7,New,,,,https://www.pontul-zilei.com/agentie/gets-bet/,,2026-05-20 07:52:17
reguli snooker,RO,Romania,Romanian,Snooker (Work),false,false,false,true,false,false,Video preview,80,0,,4,,,,7,,Lost,,https://www.pontul-zilei.com/articole-pariuri-sportive/reguli-snooker-invata-sa-joci-corect/,,,2024-06-25 00:35:39,
promotii superbet,RO,Romania,Romanian,Superbet (Organization),true,false,false,true,true,false,,80,57,6.42,1,4,3,,17,7,10,,https://www.pontul-zilei.com/agentie/superbet/,,https://www.pontul-zilei.com/bonusuri-cazino/bonusuri-fara-depunere/superbet-bonus-fara-depunere/,2024-06-23 18:34:04,2026-06-07 16:03:29
155 rotiri gratuite fara depunere,RO,Romania,Romanian,155 Free Spins (Event),false,false,false,true,true,false,,2300,33,1.39,,4,,,,22,New,,,,https://www.pontul-zilei.com/bonusuri-cazino-fara-depunere/,,2026-06-10 19:47:45
pariu gratuit fara depunere,RO,Romania,Romanian,,false,false,false,true,true,false,"Video preview, Bottom ads, Paid sitelinks",150,0,3.68,4,,,,10,,Lost,,https://www.pontul-zilei.com/top-case-de-pariuri-online/,,,2024-06-10 05:04:08,
loto polonia multi multi 20 80 rezultate superbet,RO,Romania,Romanian,"Superbet (Organization), Loto Polonia (Event), Multi Loto Polonia 20/80 (Event)",true,false,false,true,false,false,"AI Overview, Sitelinks, Video preview",1400,55,0.83,1,4,3,,28,21,7,,https://www.pontul-zilei.com/articole-pariuri-sportive/multi-polonia-loto-strategii-rezultate-combinatii-sfaturi/,,https://www.pontul-zilei.com/articole-pariuri-sportive/multi-polonia-loto-strategii-rezultate-combinatii-sfaturi/,2024-06-23 13:01:02,2026-06-01 07:09:06
cont betano,RO,Romania,Romanian,Betano (Organization),true,false,true,true,true,true,"Sitelinks, Image pack, Video preview",400,0,2.08,4,,,,14,,Lost,,https://www.pontul-zilei.com/agentie/betano/,,,2024-06-19 05:02:57,
clubul superbet,RO,Romania,Romanian,Superbet Club (Organization),true,false,false,true,true,false,"Video preview, Sitelinks",450,40,0.48,,4,,,,15,New,,,,https://www.pontul-zilei.com/blog/superbet-club/,,2026-06-14 20:25:00
cote superbet,RO,Romania,Romanian,Superbet (Organization),true,false,true,true,true,true,"Sitelinks, Image pack, Video preview",450,4,0.50,4,,,,15,,Lost,,https://www.pontul-zilei.com/agentie/superbet/,,,2024-06-08 05:39:19,
ce inseamna peste 0.5 goluri,RO,Romania,Romanian,,false,false,false,true,false,false,"Featured snippet, Thumbnail, Image pack, Video preview",100,0,,4,,,,9,,Lost,,https://www.pontul-zilei.com/articole-pariuri-sportive/ce-inseamna-sub-peste-15-25-35-45/,,,2024-06-09 19:43:21,
flashscore.ro fotbal,RO,Romania,Romanian,Flashscore.ro (Organization),true,false,true,true,false,false,"Sitelinks, Image pack, Video preview",200,12,0.02,4,,,,11,,Lost,,https://www.pontul-zilei.com/articole-pariuri-sportive/starul-care-s-a-accidentat-si-va-rata-restul-europeanului/,,,2024-06-21 00:55:14,
free spins romania,RO,Romania,English,Romania (Location),false,false,false,true,true,false,,100,65,4.10,,4,,,,8,New,,,,https://www.pontul-zilei.com/bonusuri-cazino-fara-depunere/,,2026-06-20 00:17:01
reguli handbal,RO,Romania,Romanian,,false,false,false,true,false,false,Video preview,150,0,0.04,4,,,,10,,Lost,,https://www.pontul-zilei.com/articole-pariuri-sportive/reguli-handbal-afla-totul-despre-regulament/,,,2024-06-19 07:45:18,
letonia keno rezultate,RO,Romania,Romanian,"Letonia Keno (Event), Keno (Event)",true,false,false,true,false,false,,1700,0,0.34,1,4,3,,27,21,6,,https://www.pontul-zilei.com/articole-pariuri-sportive/letonia-keno-loto-strategii-rezultate-scheme-combinatii-live-sfaturi-de-la-jucatori/,,https://www.pontul-zilei.com/articole-pariuri-sportive/letonia-keno-loto-strategii-rezultate-scheme-combinatii-live-sfaturi-de-la-jucatori/,2024-06-26 16:20:54,2026-06-20 05:10:00
site uri de pariuri,RO,Romania,Romanian,,false,false,false,true,true,false,Sitelinks,100,76,7.46,0,4,4,,52,9,43,,https://www.pontul-zilei.com/top-case-de-pariuri-online/,,https://www.pontul-zilei.com/top-case-de-pariuri-online/,2024-06-17 13:42:29,2026-06-21 01:48:33
cod promotie 888 casino,RO,Romania,Romanian,888 Casino (Organization),true,false,false,true,true,true,"Sitelinks, Video preview",100,59,1.10,0,4,4,,50,8,42,,https://www.pontul-zilei.com/agentie/888sport/,,https://www.pontul-zilei.com/bonusuri-cazino/bonusuri-fara-depunere/888casino-bonus-fara-depunere/,2024-06-18 01:37:58,2026-06-11 08:26:25
italia 10e loto 20/90,RO,Romania,Romanian,Italia 10E Loto 20/90 (Event),true,false,false,true,false,false,,600,44,0.17,0,4,3,,30,16,14,,https://www.pontul-zilei.com/articole-pariuri-sportive/loto-italia-keno-afla-acum-cand-si-unde-poti-paria/,,https://www.pontul-zilei.com/articole-pariuri-sportive/loto-italia-keno-afla-acum-cand-si-unde-poti-paria/,2024-06-22 09:36:43,2026-06-11 05:15:32
oferta superbet joi,RO,Romania,Romanian,Superbet (Organization),true,false,false,true,true,true,"Sitelinks, Video preview, Image pack",100,1,0.53,4,,,,10,,Lost,,https://www.pontul-zilei.com/cota-zilei-pariuri/super-cota-superbet-joi-06-iunie-cota-1-50-castig-potential-300-ron/,,,2024-06-23 06:18:07,
unibet bonus,RO,Romania,English,Unibet (Organization),true,false,false,true,true,false,Image pack,350,7,2.69,4,,,,14,,Lost,,https://www.pontul-zilei.com/agentie/unibet/,,,2024-06-16 03:12:38,
bilet superbet,RO,Romania,Romanian,Superbet (Organization),true,false,false,true,true,true,Video preview,500,45,0.88,,4,,,,14,New,,,,https://www.pontul-zilei.com/blog/superbet-verificare-bilet/,,2026-06-26 01:05:57
elite slots 101 rotiri,RO,Romania,Romanian,"Elite Slots (Organization), 101 Free Spins (Event)",true,false,false,true,true,true,"Sitelinks, Image pack, Bottom ads, Paid sitelinks",90,0,0.69,4,,,,8,,Lost,,https://www.pontul-zilei.com/agentie/elite-slots/,,,2024-06-19 08:52:02,
player cazino,RO,Romania,Romanian,Cazino (Organization),true,false,false,true,true,false,Sitelinks,300,49,0.69,0,4,4,,35,13,22,,https://www.pontul-zilei.com/agentie/player/,,https://www.pontul-zilei.com/bonusuri-cazino/bonusuri-fara-depunere/player-bonus-fara-depunere/,2024-06-20 23:49:23,2026-05-21 23:22:46
get bet fotbal,RO,Romania,Romanian,,false,false,true,true,true,true,Video preview,3300,63,0.61,6,4,-3,,19,24,-5,,https://www.pontul-zilei.com/agentie/gets-bet/,,https://www.pontul-zilei.com/agentie/gets-bet/,2024-06-25 13:27:07,2026-06-24 21:17:15
super bet contact,RO,Romania,English,Superbet (Organization),true,false,false,true,false,false,Local pack,150,52,1.82,,4,,,,11,New,,,,https://www.pontul-zilei.com/blog/superbet-contact/,,2026-05-23 14:35:48
lotostats loto polonia,RO,Romania,Romanian,"Lotostats (Organization), Multi Loto Polonia (Event)",true,false,false,true,false,false,"Sitelinks, Image pack",100,2,,4,,,,9,,Lost,,https://www.pontul-zilei.com/articole-pariuri-sportive/multi-polonia-loto-strategii-rezultate-combinatii-sfaturi/,,,2024-06-26 11:13:13,
las vegas aplicatie,RO,Romania,Romanian,Las Vegas (Location),false,true,false,true,true,true,,100,40,1.12,,4,,,,9,New,,,,https://www.pontul-zilei.com/blog/las-vegas-aplicatie/,,2026-06-16 04:21:44
cod promo efortuna,RO,Romania,Romanian,eFortuna (Organization),true,false,false,true,true,true,Sitelinks,100,46,1.25,0,4,4,,47,9,38,,https://www.pontul-zilei.com/agentie/fortuna/,,https://www.pontul-zilei.com/bonusuri-cazino/bonusuri-fara-depunere/fortuna-bonus-fara-depunere/,2024-06-17 14:55:58,2026-05-26 16:52:20
rotiri gratuite vlad cazino,RO,Romania,Romanian,Vlad Cazino (Organization),true,false,false,true,true,false,Sitelinks,100,58,2.17,,4,,,,9,New,,,,https://www.pontul-zilei.com/bonusuri-cazino/bonusuri-fara-depunere/vlad-cazino-bonus-fara-depunere/,,2026-06-09 18:24:29
scanare bilet fortuna,RO,Romania,Romanian,Fortuna (Organization),true,false,false,true,false,false,"Video preview, Image pack",800,5,0.23,4,,,,18,,Lost,,https://www.pontul-zilei.com/agentie/fortuna/,,,2024-06-25 12:55:44,
superbet cont nou bonus,RO,Romania,Romanian,Superbet (Organization),true,false,false,true,true,false,Bottom ads,90,60,4.81,0,3,3,,27,8,19,,https://www.pontul-zilei.com/agentie/superbet/,,https://www.pontul-zilei.com/bonusuri-cazino/bonusuri-fara-depunere/superbet-bonus-fara-depunere/,2024-06-11 08:11:18,2026-06-04 16:08:29
betano fara depunere,RO,Romania,Romanian,Betano (Organization),true,false,false,true,true,false,Sitelinks,150,43,1.08,0,3,3,,36,10,26,,https://www.pontul-zilei.com/agentie/betano/,,https://www.pontul-zilei.com/bonusuri-cazino/bonusuri-fara-depunere/betano-casino-bonus-fara-depunere/,2024-06-10 15:46:21,2026-05-27 16:48:40
ponturile zilei,RO,Romania,Romanian,,false,false,false,true,false,false,"Sitelinks, Video preview, Image pack",150,34,0.59,3,,,,8,,Lost,,https://www.pontul-zilei.com/category/ponturi-pariuri/,,,2024-06-27 17:45:43,
franța keno 20 din 70,RO,Romania,Romanian,France Keno 20/70 (Event),true,false,false,true,false,false,Image pack,350,0,0.30,3,,,,14,,Lost,,https://www.pontul-zilei.com/articole-pariuri-sportive/franta-keno-loto-strategii-rezultate-combinatii-sfaturi/,,,2024-06-25 05:24:31,
numere italia keno,RO,Romania,Romanian,"Italia Keno 10E (20/90) (Event), Keno (Event)",true,false,false,true,false,false,"AI Overview, Thumbnail",100,30,0.22,0,3,3,,35,10,25,Image pack,https://www.pontul-zilei.com/articole-pariuri-sportive/loto-italia-keno-afla-acum-cand-si-unde-poti-paria/,,https://www.pontul-zilei.com/articole-pariuri-sportive/loto-italia-keno-afla-acum-cand-si-unde-poti-paria/,2024-06-01 17:10:19,2026-05-21 07:57:05
suoer bet,RO,Romania,Romanian,Superbet (Organization),true,false,false,true,true,false,"Sitelinks, Knowledge panel, Video preview",150,13,1.06,3,,,,10,,Lost,,https://www.pontul-zilei.com/agentie/superbet/,,,2024-06-15 01:10:00,
superbet cote,RO,Romania,Romanian,Superbet (Organization),true,false,true,true,true,true,"Sitelinks, Image pack, Video preview",500,4,1.10,3,,,,16,,Lost,,https://www.pontul-zilei.com/agentie/superbet/,,,2024-06-08 17:57:56,
baumbet verificare bilet,RO,Romania,Romanian,Baum.Bet (Organization),true,false,true,true,false,false,Sitelinks,150,1,0.78,3,,,,9,,Lost,,https://www.pontul-zilei.com/agentie/baumbet/,,,2024-06-21 17:30:53,
winbet casino bonus,RO,Romania,English,Winbet Casino (Organization),true,false,false,true,true,false,,150,66,2.09,0,3,3,,21,10,11,,https://www.pontul-zilei.com/agentie/winbet/,,https://www.pontul-zilei.com/bonusuri-cazino/bonusuri-fara-depunere/winbet-bonus-fara-depunere/,2024-06-11 14:09:34,2026-06-24 08:03:26
pronosticuri,RO,Romania,Romanian,,false,false,false,true,false,false,Video preview,400,57,0.41,1,3,3,,25,18,7,,https://www.pontul-zilei.com/category/ponturi-pariuri/ponturi-fotbal/,,https://www.pontul-zilei.com/category/ponturi-pariuri/,2024-06-22 15:55:33,2026-06-07 19:21:05
gets bet agentii,RO,Romania,Romanian,Get's Bet (Organization),true,false,false,true,false,false,"Local pack, Thumbnail, Image pack, Video preview",250,0,1.32,3,,,,12,,Lost,,https://www.pontul-zilei.com/agentie/gets-bet/,,,2024-06-09 14:36:42,
casa pariurilor cod promotional,RO,Romania,Romanian,Casa Pariurilor (Organization),true,false,false,true,true,false,,100,61,1.70,0,3,3,,29,9,20,,https://www.pontul-zilei.com/agentie/casa-pariurilor/,,https://www.pontul-zilei.com/bonusuri-cazino/bonusuri-fara-depunere/casa-pariurilor-bonus-fara-depunere/,2024-06-21 20:04:12,2026-06-24 08:01:47
excelbet casino,RO,Romania,English,ExcelBet (Organization),true,false,true,true,true,true,"Image pack, Video preview, Bottom ads, Paid sitelinks",1300,0,0.67,3,,,,20,,Lost,,https://www.pontul-zilei.com/agentie/excelbet/,,,2024-06-23 02:31:05,
coduri bonus maxbet,RO,Romania,Romanian,MaxBet (Organization),true,false,false,true,true,true,"Video preview, Sitelinks",90,47,0.97,,3,,,,8,New,,,,https://www.pontul-zilei.com/bonusuri-cazino/bonusuri-fara-depunere/maxbet-bonus-fara-depunere/,,2026-05-25 13:01:41
loto finlanda keno,RO,Romania,Romanian,"Keno (Event), Finland (Location)",false,false,false,true,false,false,Sitelinks,500,0,0.37,1,3,3,,23,16,7,,https://www.pontul-zilei.com/articole-pariuri-sportive/finlanda-keno-loto-strategii-rezultate-combinatii-sfaturi/,,https://www.pontul-zilei.com/articole-pariuri-sportive/finlanda-keno-loto-strategii-rezultate-combinatii-sfaturi/,2024-06-25 08:39:05,2026-06-08 09:19:32
l1160652w000306,RO,Romania,,L1160652W000306 (Product),true,false,false,true,false,false,"Sitelinks, Image pack",1600,0,0.86,3,,,,21,,Lost,,https://www.pontul-zilei.com/agentie/casa-pariurilor/,,,2024-06-24 13:23:07,
12xbet ro,RO,Romania,Romanian,12xbet (Organization),true,false,false,true,true,false,Sitelinks,250,1,0.49,,3,,,,13,New,,,,https://www.pontul-zilei.com/bonusuri-cazino/bonusuri-fara-depunere/12xbet-bonus-fara-depunere/,,2026-06-20 09:57:25
loto belgia keno,RO,Romania,Romanian,"Belgium Keno (Event), Keno (Event)",true,false,false,true,false,false,,600,0,0.25,0,3,3,,19,10,9,,https://www.pontul-zilei.com/articole-pariuri-sportive/belgia-keno-loto-strategii-rezultate-combinatii-sfaturi/,,https://www.pontul-zilei.com/articole-pariuri-sportive/belgia-keno-loto-strategii-rezultate-combinatii-sfaturi/,2024-06-20 00:11:43,2026-06-27 02:07:54
winboss bonus,RO,Romania,English,WinBoss (Organization),true,false,false,true,true,false,,80,55,1.87,1,3,3,,15,8,7,,https://www.pontul-zilei.com/agentie/winboss/,,https://www.pontul-zilei.com/bonusuri-cazino/bonusuri-fara-depunere/winboss-bonus-fara-depunere/,2024-06-20 06:35:25,2026-05-22 22:22:30
reguli tenis de camp,RO,Romania,Romanian,,false,false,false,true,false,false,Video preview,300,0,0.01,3,,,,15,,Lost,,https://www.pontul-zilei.com/articole-pariuri-sportive/regulamentul-tenisului-de-picior/,,,2024-06-19 10:01:56,
suport superbet,RO,Romania,Romanian,Superbet (Organization),true,false,true,true,false,false,Video preview,1000,47,,0,3,3,,29,19,10,,https://www.pontul-zilei.com/agentie/superbet/,,https://www.pontul-zilei.com/blog/superbet-contact/,2024-06-27 10:25:59,2026-06-07 10:41:12
bonus frank casino,RO,Romania,English,Frank Casino (Organization),true,false,false,true,true,false,Sitelinks,80,55,3.09,,3,,,,8,New,,,,https://www.pontul-zilei.com/bonusuri-cazino/bonusuri-fara-depunere/frank-casino-bonus-fara-depunere/,,2026-06-06 13:55:48
nitro casino,RO,Romania,English,Nitro Casino (Organization),true,false,true,true,true,true,"Video preview, Image pack",200,4,0.82,3,,,,13,,Lost,,https://www.pontul-zilei.com/articole-pariuri-sportive/debut-tensionat-la-euro-pentru-istvan-kovacs/,,,2024-06-23 07:01:55,
www.superbet.ro verificare bilet,RO,Romania,Romanian,Superbet (Organization),true,false,true,true,false,false,"Sitelinks, Video preview",100,48,0.64,2,3,1,,11,9,2,,https://www.pontul-zilei.com/agentie/superbet/,,https://www.pontul-zilei.com/blog/superbet-verificare-bilet/,2024-06-26 10:07:04,2026-06-10 03:16:14
pariuri online superbet,RO,Romania,Romanian,Superbet (Organization),true,false,true,true,true,true,"Top ads, Paid sitelinks, Sitelinks, Video preview",100,13,2.27,3,,,,9,,Lost,,https://www.pontul-zilei.com/agentie/superbet/,,,2024-06-27 03:01:37,
winbet bonus de bun venit,RO,Romania,Romanian,Winbet (Organization),true,false,false,true,true,true,Bottom ads,100,43,2.33,2,3,1,,10,9,1,,https://www.pontul-zilei.com/agentie/winbet/,,https://www.pontul-zilei.com/bonusuri-cazino/bonusuri-fara-depunere/winbet-bonus-fara-depunere/,2024-06-20 19:15:36,2026-06-03 14:55:25
supercazino rotiri gratuite,RO,Romania,Romanian,SuperCazino (Organization),true,false,false,true,true,false,,100,67,1.19,,3,,,,9,New,,,,https://www.pontul-zilei.com/bonusuri-cazino-fara-depunere/,,2026-06-16 17:05:56
numere castigatoare lucky six,RO,Romania,Romanian,Lucky Six (Event),true,false,false,true,false,false,,80,11,,6,3,-3,,5,8,-3,,https://www.pontul-zilei.com/articole-pariuri-sportive/lucky-six-ce-este-numere-castigatoare-unde-poti-juca/,,https://www.pontul-zilei.com/articole-pariuri-sportive/lucky-six-ce-este-numere-castigatoare-unde-poti-juca/,2024-06-10 20:38:16,2026-06-04 18:14:42
cat are un teren de fotbal,RO,Romania,Romanian,,false,false,false,true,false,false,"Featured snippet, Thumbnail, Image pack, Videos",80,0,,3,,,,8,,Lost,,https://www.pontul-zilei.com/tot-ce-trebuie-sa-stii-despre-terenul-de-fotbal/,,,2024-06-08 01:23:53,
cod promotional superbet,RO,Romania,Romanian,Superbet (Organization),true,false,false,true,true,true,,100,59,4.12,,3,,,,10,New,,,,https://www.pontul-zilei.com/bonusuri-cazino/bonusuri-fara-depunere/superbet-bonus-fara-depunere/,,2026-06-15 15:30:45
betano casino bonus,RO,Romania,English,Betano Casino (Organization),true,false,false,true,true,false,,100,61,1.27,0,3,3,,59,9,50,,https://www.pontul-zilei.com/agentie/betano/,,https://www.pontul-zilei.com/bonusuri-cazino/bonusuri-fara-depunere/betano-casino-bonus-fara-depunere/,2024-06-27 15:19:36,2026-06-10 21:44:53
free spins casino,RO,Romania,English,,false,false,false,true,true,false,"Sitelinks, People also ask",900,68,2.33,,3,,,,19,New,,,,https://www.pontul-zilei.com/bonusuri-cazino-fara-depunere/,,2026-06-06 02:25:12
vlad cazino cod bonus,RO,Romania,Romanian,Vlad Cazino (Organization),true,false,false,true,true,false,,100,57,0.87,0,3,3,,82,10,72,,https://www.pontul-zilei.com/ponturipariuri/ponturile-zilei-din-tenis-alexander-luni-10-iunie-2024/,,https://www.pontul-zilei.com/bonusuri-cazino/bonusuri-fara-depunere/vlad-cazino-bonus-fara-depunere/,2024-06-11 03:25:43,2026-06-14 11:47:02
predictii sportive,RO,Romania,Romanian,,false,false,false,true,false,false,"Sitelinks, Video preview, Bottom ads, Paid sitelinks",150,29,0.32,3,,,,14,,Lost,,https://www.pontul-zilei.com/category/ponturi-pariuri/,,,2024-05-26 16:53:19,
grecia kino combinati,RO,Romania,Romanian,Grecia Kino (Event),true,false,false,true,false,false,Image pack,150,0,,3,,,,11,,Lost,,https://www.pontul-zilei.com/articole-pariuri-sportive/loto-grecia-kino-cele-mai-bune-strategii-de-joc-ca-sa-iti-cresti-sansele-de-castig/,,,2024-06-24 09:11:07,
win 2,RO,Romania,Romanian,Win 2 (Organization),true,false,false,true,true,false,Sitelinks,2200,43,0.55,,3,,,,23,New,,,,https://www.pontul-zilei.com/agentie/win2/,,2026-06-26 02:25:38
retrageri betano,RO,Romania,Romanian,Betano (Organization),true,false,false,true,false,true,Sitelinks,100,0,2.41,,3,,,,9,New,,,,https://www.pontul-zilei.com/blog/retragere-betano/,,2026-06-18 16:31:09
verificare bilet bet,RO,Romania,Romanian,,false,false,false,true,false,false,Video preview,450,52,0.76,0,3,3,,32,17,15,,https://www.pontul-zilei.com/agentie/total-bet/,,https://www.pontul-zilei.com/blog/superbet-verificare-bilet/,2024-06-27 13:00:22,2026-06-26 07:57:19
getsbet online,RO,Romania,English,GTSBET (Product),true,false,true,false,true,true,"Top ads, Paid sitelinks, Sitelinks, Image pack",200,2,0.26,3,,,,13,,Lost,,https://www.pontul-zilei.com/agentie/gets-bet/,,,2024-06-25 16:58:12,
casa pariurilor download,RO,Romania,Romanian,Casa Pariurilor (Organization),true,false,false,false,true,true,Video preview,900,0,1.65,3,,,,20,,Lost,,https://www.pontul-zilei.com/agentie/casa-pariurilor/,,,2024-06-22 08:49:12,
biletul zilei com,RO,Romania,Romanian,Daily Betting Tips (Organization),true,false,true,true,false,false,,80,66,0.33,9,3,-6,,3,8,-5,,https://www.pontul-zilei.com/category/biletul-zilei/,,https://www.pontul-zilei.com/,2024-06-14 05:27:56,2026-06-18 10:29:04
superspin superbet,RO,Romania,Romanian,"Superbet (Organization), SuperSpin (Event)",true,false,false,true,false,false,"Sitelinks, Video preview, Image pack",350,0,1.46,3,,,,15,,Lost,,https://www.pontul-zilei.com/pariuri-online/superspin-superbet/,,,2024-06-21 10:36:08,
predictii pariuri sportive,RO,Romania,Romanian,,false,false,false,true,false,false,"Sitelinks, Video preview",80,34,0.54,3,,,,11,,Lost,,https://www.pontul-zilei.com/category/ponturi-pariuri/,,,2024-06-27 16:45:10,
bonus fara depunere princess casino,RO,Romania,Romanian,Princess Casino (Organization),true,false,false,true,true,false,,90,62,3.92,,3,,,,9,New,,,,https://www.pontul-zilei.com/bonusuri-cazino/bonusuri-fara-depunere/princess-casino-bonus-fara-depunere/,,2026-06-07 16:18:37
loto grecia combinati,RO,Romania,Romanian,Greek Lottery (Event),true,false,false,true,false,false,Image pack,200,0,0.22,3,,,,12,,Lost,,https://www.pontul-zilei.com/articole-pariuri-sportive/loto-grecia-kino-cele-mai-bune-strategii-de-joc-ca-sa-iti-cresti-sansele-de-castig/,,,2024-06-18 22:42:12,
superbet buzau,RO,Romania,Romanian,"Superbet (Organization), Buzau (Location)",true,true,false,true,false,false,"Local pack, Sitelinks, Video preview, Image pack, Bottom ads, Paid sitelinks",80,0,1.93,3,,,,8,,Lost,,https://www.pontul-zilei.com/articole-pariuri-sportive/castig-de-aproape-100-000-de-euro-la-aparate-in-buzau/,,,2024-06-20 18:30:18,
casa pariur,RO,Romania,Romanian,Casa Pariurilor (Organization),true,false,false,true,true,false,"Sitelinks, Video preview, Image pack",100,20,0.55,3,,,,2,,Lost,,https://www.pontul-zilei.com/agentie/casa-pariurilor/,,,2024-06-22 07:50:30,
loto italia kino,RO,Romania,Romanian,Italia Keno (Event),true,false,false,true,false,false,,150,48,,0,3,3,,23,12,11,,https://www.pontul-zilei.com/articole-pariuri-sportive/loto-italia-keno-afla-acum-cand-si-unde-poti-paria/,,https://www.pontul-zilei.com/articole-pariuri-sportive/loto-italia-keno-afla-acum-cand-si-unde-poti-paria/,2024-06-07 04:56:57,2026-06-20 00:51:24
pronosticuri fotbal astazi,RO,Romania,Romanian,,false,false,false,true,false,false,Video preview,90,18,0.18,3,,,,9,,Lost,,https://www.pontul-zilei.com/category/ponturi-pariuri/ponturi-fotbal/,,,2024-06-12 08:48:51,
ponturi bune biletul zilei,RO,Romania,Romanian,Daily Ticket (Product),true,false,false,true,false,false,"Video preview, Image pack",150,37,0.27,3,,,,12,,Lost,,https://www.pontul-zilei.com/category/ponturi-pariuri/,,,2024-06-10 18:46:35,
scheme loto italia 20/90,RO,Romania,Romanian,Italia Keno 20/90 (Event),true,false,false,true,false,false,,90,12,,1,3,1,,12,9,3,,https://www.pontul-zilei.com/articole-pariuri-sportive/loto-italia-keno-afla-acum-cand-si-unde-poti-paria/,,https://www.pontul-zilei.com/articole-pariuri-sportive/loto-italia-keno-afla-acum-cand-si-unde-poti-paria/,2024-06-13 08:11:19,2026-06-08 21:48:32
casino milion,RO,Romania,Romanian,Million Casino (Organization),true,false,false,true,true,false,"Sitelinks, Local pack",90,59,3.42,0,3,3,,36,10,26,,https://www.pontul-zilei.com/agentie/million/,,https://www.pontul-zilei.com/agentie/million/,2024-05-29 12:29:59,2026-06-07 05:55:36
lucky six superbet,RO,Romania,English,"Superbet (Organization), Lucky Six (Event)",true,false,false,true,false,false,Video preview,350,0,1.16,3,,,,16,,Lost,,https://www.pontul-zilei.com/agentie/superbet/,,,2024-06-07 02:36:53,
www.getsbet.ro verificare bilet,RO,Romania,Romanian,,false,false,true,false,false,true,,150,0,0.68,3,,,,12,,Lost,,https://www.pontul-zilei.com/agentie/gets-bet/,,,2024-06-18 09:03:31,
cota2 ro,RO,Romania,Romanian,Cota2 (Organization),true,false,false,true,true,false,"Sitelinks, Thumbnail, Video preview, Image pack",90,3,0.63,3,,,,9,,Lost,,https://www.pontul-zilei.com/category/cota-zilei-pariuri/cota-2/,,,2024-06-21 06:07:13,
netbet bonusuri,RO,Romania,Romanian,NetBet (Organization),true,false,false,true,true,false,Bottom ads,100,60,2.68,0,3,3,,47,10,37,,https://www.pontul-zilei.com/agentie/netbet/,,https://www.pontul-zilei.com/bonusuri-cazino/bonusuri-fara-depunere/netbet-bonus-fara-depunere/,2024-06-11 07:33:31,2026-06-02 12:39:15
promotie superbet,RO,Romania,Romanian,Superbet (Organization),true,false,false,true,true,false,"Top ads, Bottom ads",80,53,4.27,0,3,3,,27,9,18,,https://www.pontul-zilei.com/agentie/superbet/,,https://www.pontul-zilei.com/bonusuri-cazino/bonusuri-fara-depunere/superbet-bonus-fara-depunere/,2024-06-08 15:49:07,2026-05-26 17:50:14
cod bonus casa pariurilor,RO,Romania,Romanian,Casa Pariurilor (Organization),true,false,false,true,true,false,,100,51,0.91,0,3,3,,26,10,16,,https://www.pontul-zilei.com/agentie/casa-pariurilor/,,https://www.pontul-zilei.com/bonusuri-cazino/bonusuri-fara-depunere/casa-pariurilor-bonus-fara-depunere/,2024-06-19 17:07:16,2026-06-01 04:49:11
bonus 888sport,RO,Romania,English,888sport (Organization),true,false,false,true,true,false,"Image pack, Video preview",90,6,1.45,3,,,,9,,Lost,,https://www.pontul-zilei.com/agentie/888sport/,,,2024-06-06 17:02:27,
princess casino rotiri gratuite fara depunere,RO,Romania,Romanian,Princess Casino (Organization),true,false,false,true,true,false,,90,68,4.39,,3,,,,9,New,,,,https://www.pontul-zilei.com/bonusuri-cazino/bonusuri-fara-depunere/princess-casino-bonus-fara-depunere/,,2026-06-19 00:23:14
peste 2.5 goluri,RO,Romania,Romanian,,false,false,false,true,false,false,"People also ask, Video preview, Image pack",500,0,0.91,3,,,,17,,Lost,,https://www.pontul-zilei.com/articole-pariuri-sportive/ce-inseamna-sub-peste-15-25-35-45/,,,2024-06-21 07:48:27,
casa pariurilor aplicatie online,RO,Romania,Romanian,Casa Pariurilor (Organization),true,false,false,true,true,true,"Sitelinks, Video preview",80,3,0.99,3,,,,9,,Lost,,https://www.pontul-zilei.com/agentie/casa-pariurilor/,,,2024-06-20 22:58:29,
gets bet apk,RO,Romania,English,"Get's Bet (Organization), Get's Bet APK (Product)",true,false,false,false,true,true,Sitelinks,80,48,1.03,,3,,,,9,New,,,,https://www.pontul-zilei.com/blog/gets-bet-aplicatie/,,2026-06-08 13:16:08
cod bonus mr bit,RO,Romania,Romanian,MrBit (Organization),true,false,false,true,true,false,Sitelinks,80,40,1.26,,3,,,,9,New,,,,https://www.pontul-zilei.com/bonusuri-cazino/bonusuri-fara-depunere/mr-bit-bonus-fara-depunere/,,2026-05-22 11:41:47
contact superbet,RO,Romania,English,Superbet (Organization),true,false,false,true,false,false,"Local pack, Video preview",1000,56,5.64,0,3,3,,48,22,26,,https://www.pontul-zilei.com/agentie/superbet/,,https://www.pontul-zilei.com/blog/superbet-contact/,2024-06-23 06:08:56,2026-06-17 04:49:09
win for life 1/20,RO,Romania,English,Win for Life 10/20 (Event),true,false,false,true,false,false,,1200,1,0.19,2,3,1,,21,21,,,https://www.pontul-zilei.com/articole-pariuri-sportive/win-for-life-loto-italia-strategii-rezultate-combinatii-sfaturi/,,https://www.pontul-zilei.com/articole-pariuri-sportive/win-for-life-loto-italia-strategii-rezultate-combinatii-sfaturi/,2024-06-24 07:21:11,2026-06-12 20:53:52
agentii betano,RO,Romania,Romanian,Betano (Organization),true,false,false,true,true,false,Image pack,100,10,1.54,3,,,,10,,Lost,,https://www.pontul-zilei.com/agentie/betano/,,,2024-06-11 02:43:23,
888sport bonus,RO,Romania,English,888sport (Organization),true,false,false,true,true,false,"Video preview, Image pack",100,6,1.45,3,,,,10,,Lost,,https://www.pontul-zilei.com/agentie/888sport/,,,2024-06-26 07:07:20,
bonus aniversar casino,RO,Romania,Romanian,,false,false,false,true,true,false,,4600,61,1.11,,3,,,,27,New,,,,https://www.pontul-zilei.com/bonusuri-cazino/bonus-aniversar/,,2026-06-27 05:45:59
favbet bonus fara depunere,RO,Romania,Romanian,Favbet (Organization),true,false,false,true,true,false,,350,59,1.52,1,3,2,,21,16,5,,https://www.pontul-zilei.com/articole-pariuri-sportive/mii-de-oameni-la-primul-antrenament-al-tricolorilor-in-germania/,,https://www.pontul-zilei.com/bonusuri-cazino/bonusuri-fara-depunere/favbet-bonus-fara-depunere/,2024-06-11 23:38:00,2026-06-24 08:24:43
pacanele free spins,RO,Romania,Romanian,,false,false,false,true,true,false,,80,75,2.33,,3,,,,9,New,,,,https://www.pontul-zilei.com/bonusuri-cazino-fara-depunere/,,2026-06-05 21:56:52
princess casino bonus,RO,Romania,English,Princess Casino (Organization),true,false,false,true,true,false,"Sitelinks, Thumbnail",500,60,1.54,,3,,,,17,New,,,,https://www.pontul-zilei.com/bonusuri-cazino/bonusuri-fara-depunere/princess-casino-bonus-fara-depunere/,,2026-06-04 09:14:28
sportingbet bonus fara depunere,RO,Romania,Romanian,Sportingbet (Organization),true,false,false,true,true,false,"Image pack, Bottom ads, Paid sitelinks",150,0,2.19,3,,,,11,,Lost,,https://www.pontul-zilei.com/agentie/sportingbet/,,,2024-06-23 22:46:45,
gets bets oferta,RO,Romania,Romanian,Get's Bet (Organization),true,false,false,true,true,false,,80,59,0.68,6,2,-4,,5,9,-4,,https://www.pontul-zilei.com/agentie/gets-bet/,,https://www.pontul-zilei.com/agentie/gets-bet/,2024-06-20 16:40:07,2026-05-26 06:03:55
cod promo casa pariurilor,RO,Romania,Romanian,Casa Pariurilor (Organization),true,false,false,true,true,true,,100,42,,0,2,2,,25,10,15,,https://www.pontul-zilei.com/agentie/casa-pariurilor/,,https://www.pontul-zilei.com/bonusuri-cazino/bonusuri-fara-depunere/casa-pariurilor-bonus-fara-depunere/,2024-06-18 22:36:32,2026-05-20 03:34:28
ponturi pariuri champions league,RO,Romania,Romanian,UEFA Champions League (Event),true,false,false,true,true,false,"Video preview, Image pack",150,4,,2,,,,12,,Lost,,https://www.pontul-zilei.com/category/ponturi-pariuri/ponturi-pariuri-fotbal-liga-campionilor/,,,2024-06-25 07:42:44,
unibet bonus de bun venit,RO,Romania,Romanian,Unibet (Organization),true,false,false,true,true,false,Image pack,100,6,3.09,2,,,,10,,Lost,,https://www.pontul-zilei.com/agentie/unibet/,,,2024-06-15 17:53:07,
betmen .ro,RO,Romania,,BetMen (Organization),true,false,true,false,false,false,Sitelinks,1200,58,0.78,0,2,2,,47,21,26,,https://www.pontul-zilei.com/,,https://www.pontul-zilei.com/bonusuri-cazino/bonusuri-fara-depunere/don-ro-casino-bonus-fara-depunere/,2024-06-26 15:03:32,2026-06-20 19:56:02
club superbet ro castigatori,RO,Romania,Romanian,Superbet Club (Organization),true,false,false,true,false,false,Video preview,600,39,0.47,2,2,1,,17,18,-1,,https://www.pontul-zilei.com/articole-pariuri-sportive/castig-fabulos-intr-o-agentie-superbet-din-ploiesti-peste-995000-de-euro/,,https://www.pontul-zilei.com/blog/superbet-club/,2024-06-26 05:13:51,2026-06-16 17:45:22
lasvegas.ro bonus,RO,Romania,Romanian,Las Vegas Casino Online (Organization),true,false,false,true,true,false,Sitelinks,100,54,1.06,,2,,,,10,New,,,,https://www.pontul-zilei.com/bonusuri-cazino/bonusuri-fara-depunere/las-vegas-bonus-fara-depunere/,,2026-06-07 01:00:21
loto finlanda 20/70,RO,Romania,Romanian,Finland Keno 20/70 (Event),true,false,false,true,false,false,,700,0,,0,2,2,,19,19,,,https://www.pontul-zilei.com/articole-pariuri-sportive/finlanda-keno-loto-strategii-rezultate-combinatii-sfaturi/,,https://www.pontul-zilei.com/articole-pariuri-sportive/finlanda-keno-loto-strategii-rezultate-combinatii-sfaturi/,2024-06-25 06:50:30,2026-06-02 13:10:33
case de pariuri romania,RO,Romania,Romanian,Romania (Location),false,false,false,true,true,false,"Top ads, Paid sitelinks, Thumbnail, Image pack, Video preview, Bottom ads",400,45,5.41,2,,,,15,,Lost,,https://www.pontul-zilei.com/top-case-de-pariuri-online/,,,2024-06-08 13:06:11,
verificare bilet la superbet,RO,Romania,Romanian,Superbet (Organization),true,false,true,true,false,false,"Sitelinks, Video preview",80,47,0.39,,2,,,,9,New,,,,https://www.pontul-zilei.com/blog/superbet-verificare-bilet/,,2026-05-19 23:24:46
cod promotional maxbet,RO,Romania,Romanian,MaxBet (Organization),true,false,false,true,true,true,"Sitelinks, Video preview",80,50,0.97,,2,,,,9,New,,,,https://www.pontul-zilei.com/bonusuri-cazino/bonusuri-fara-depunere/maxbet-bonus-fara-depunere/,,2026-05-26 00:03:58
loto grecia kino combinatii,RO,Romania,Romanian,Grecia Kino (Event),true,false,false,true,false,false,Image pack,150,0,,2,,,,12,,Lost,,https://www.pontul-zilei.com/articole-pariuri-sportive/loto-grecia-kino-cele-mai-bune-strategii-de-joc-ca-sa-iti-cresti-sansele-de-castig/,,,2024-06-10 11:57:57,
biletul zilei cota mare,RO,Romania,Romanian,Daily Lottery Ticket (Product),true,false,false,true,false,false,Video preview,700,64,0.24,132,2,-130,,3,19,-16,,https://www.pontul-zilei.com/category/biletul-zilei/,,https://www.pontul-zilei.com/category/biletul-zilei/,2024-06-26 18:47:14,2026-06-20 00:52:59
tipseri profesionisti,RO,Romania,Romanian,,false,false,false,true,false,false,,100,59,,1,2,1,,15,10,5,,https://www.pontul-zilei.com/category/ponturi-pariuri/ponturi-fotbal/,,https://www.pontul-zilei.com/category/ponturi-pariuri/,2024-06-06 07:40:30,2026-06-07 12:04:58
casino winbet,RO,Romania,English,Winbet (Organization),true,false,true,true,true,true,"Sitelinks, Video preview",100,4,0.60,2,,,,10,,Lost,,https://www.pontul-zilei.com/agentie/winbet/,,,2024-06-23 10:14:07,
bonus aniversar,RO,Romania,Romanian,,false,false,false,true,true,false,,900,52,0.80,,2,,,,20,New,,,,https://www.pontul-zilei.com/bonusuri-cazino/bonus-aniversar/getsbet-bonus-aniversar/,,2026-06-14 08:07:30
germania vs,RO,Romania,Romanian,Germany national football team (Organization),false,false,false,true,false,false,"Video preview, Image pack",4300,9,,2,,,,27,,Lost,,https://www.pontul-zilei.com/euro-2024/euro-2024-germania-vs-scotia/,,,2024-06-18 17:43:19,
superbet oferta de azi,RO,Romania,Romanian,Superbet (Organization),true,false,false,true,true,false,Sitelinks,700,41,2.55,,2,,,,19,New,,,,https://www.pontul-zilei.com/bonusuri-cazino/bonusuri-fara-depunere/superbet-bonus-fara-depunere/,,2026-06-10 15:24:48
manhattan casino bonus fara depunere,RO,Romania,Romanian,Manhattan Casino (Organization),true,false,false,true,true,false,,90,0,,2,,,,10,,Lost,,https://www.pontul-zilei.com/agentie/manhattan/,,,2024-06-25 12:03:17,
888 casino romania,RO,Romania,English,"888 Casino (Organization), Romania (Location)",true,false,true,true,true,true,,2900,55,1.04,,2,,,,25,New,,,,https://www.pontul-zilei.com/agentie/888sport/,,2026-06-20 05:06:21
predictii fotbal,RO,Romania,Romanian,,false,false,false,true,false,false,,1300,58,0.35,97,2,-95,,7,20,-13,,https://www.pontul-zilei.com/category/ponturi-pariuri/ponturi-fotbal/,,https://www.pontul-zilei.com/category/ponturi-pariuri/ponturi-fotbal/,2024-06-25 19:48:27,2026-06-09 13:49:47
ponturi bundesliga,RO,Romania,Romanian,Bundesliga (Event),true,false,false,true,false,false,Sitelinks,80,0,,1,2,1,,15,9,6,,https://www.pontul-zilei.com/articole-pariuri-sportive/avancronica-etapa-34-bundesliga/,,https://www.pontul-zilei.com/category/ponturi-pariuri/ponturi-pariuri-fotbal-germania/,2024-06-21 07:39:20,2026-06-03 01:58:57
get's bet pariuri sportive,RO,Romania,Romanian,Get's Bet (Organization),true,false,true,true,true,true,Sitelinks,2100,56,0.76,,2,,,,24,New,,,,https://www.pontul-zilei.com/agentie/gets-bet/,,2026-06-22 02:23:50
pariu hunter,RO,Romania,Romanian,Hunter (Organization),true,false,false,true,false,false,"Video preview, Image pack",90,15,0.33,2,,,,10,,Lost,,https://www.pontul-zilei.com/category/ponturi-pariuri/,,,2024-06-11 03:07:16,
arhiva tabel italia keno,RO,Romania,Romanian,Italia Keno (Event),true,false,false,true,false,false,,3300,0,,2,,,,26,,Lost,,https://www.pontul-zilei.com/articole-pariuri-sportive/loto-italia-keno-afla-acum-cand-si-unde-poti-paria/,,,2024-06-22 01:07:14,
pariuri sportive ponturi,RO,Romania,Romanian,,false,false,false,true,false,false,"Video preview, Image pack",150,34,0.65,2,,,,10,,Lost,,https://www.pontul-zilei.com/category/ponturi-pariuri/,,,2024-06-22 19:27:20,
numere norocoase loto grecia kino,RO,Romania,Romanian,Greek Kino (Event),true,false,false,true,false,false,"Featured snippet, Video preview",500,0,0.28,2,,,,18,,Lost,,https://www.pontul-zilei.com/articole-pariuri-sportive/loto-grecia-kino-cele-mai-bune-strategii-de-joc-ca-sa-iti-cresti-sansele-de-castig/,,,2024-06-24 13:31:43,
pariu superbet,RO,Romania,Romanian,Superbet (Organization),true,false,true,true,true,true,"Knowledge panel, Video preview, Image pack",100,8,0.98,2,,,,11,,Lost,,https://www.pontul-zilei.com/agentie/superbet/,,,2024-06-23 09:55:35,
royal casino.ro,RO,Romania,,Royal Casino (Organization),true,false,true,true,false,false,,700,51,0.92,,2,,,,19,New,,,,https://www.pontul-zilei.com/bonusuri-cazino/bonusuri-fara-depunere/royal-slots-bonus-fara-depunere/,,2026-06-12 23:07:47
player casino,RO,Romania,English,,false,false,false,true,true,false,"Top ads, Paid sitelinks, Sitelinks, Video preview, Bottom ads",24000,0,0.69,2,,,,35,,Lost,,https://www.pontul-zilei.com/agentie/player/,,,2024-06-27 02:23:27,
site pronosticuri fotbal,RO,Romania,Romanian,,false,false,false,true,false,false,"Sitelinks, Video preview",150,24,0.31,2,,,,13,,Lost,,https://www.pontul-zilei.com/category/ponturi-pariuri/ponturi-fotbal/,,,2024-06-07 09:20:23,
dimensiuni teren fotbal liga 1,RO,Romania,Romanian,Liga 1 (Event),false,false,false,true,false,false,"Featured snippet, Thumbnail, Image pack, Video preview",90,0,,2,,,,10,,Lost,,https://www.pontul-zilei.com/tot-ce-trebuie-sa-stii-despre-terenul-de-fotbal/,,,2024-06-08 21:11:06,
verificare bilet gets bet,RO,Romania,Romanian,GetsBet (Organization),true,false,false,true,false,false,"Sitelinks, Video preview",900,50,0.95,91,2,-89,,8,21,-13,,https://www.pontul-zilei.com/agentie/gets-bet/,,https://www.pontul-zilei.com/blog/gets-bet-verificare-bilet/,2024-06-27 23:20:20,2026-06-05 03:30:36
baumbet bilet,RO,Romania,Romanian,Baum.bet (Organization),true,false,true,true,false,false,"Sitelinks, Image pack",100,2,0.72,2,,,,10,,Lost,,https://www.pontul-zilei.com/agentie/baumbet/,,,2024-06-18 16:40:33,
rotiri gratuite princess casino,RO,Romania,Romanian,Princess Casino (Organization),true,false,false,true,true,false,,90,69,4.09,,2,,,,10,New,,,,https://www.pontul-zilei.com/bonusuri-cazino/bonusuri-fara-depunere/princess-casino-bonus-fara-depunere/,,2026-06-23 04:45:25
rosie neagra,RO,Romania,Romanian,Rosie Neagra (Product),true,false,false,true,false,false,Video preview,100,24,,,2,,,,9,New,,,,https://www.pontul-zilei.com/articole-pariuri-sportive/dublaje-la-aparate-nu-le-juca-pana-nu-citesti-acest-ghid/,,2026-06-21 11:24:39
rotiri gratuite unibet,RO,Romania,Romanian,Unibet (Organization),true,false,false,true,true,false,"Top ads, Bottom ads",80,51,2.43,,2,,,,10,New,,,,https://www.pontul-zilei.com/bonusuri-cazino/bonusuri-fara-depunere/unibet-bonus-fara-depunere/,,2026-05-27 14:36:04
jocul bridge,RO,Romania,Romanian,Bridge (Work),false,false,false,true,false,false,"Image pack, Videos",150,0,,2,,,,12,,Lost,,https://www.pontul-zilei.com/articole-pariuri-sportive/jocul-de-bridge-istorie-regulament-si-variante-de-joc/,,,2024-06-21 00:37:31,
biletul zilei handbal,RO,Romania,Romanian,Biletul Zilei (Work),true,false,false,true,true,false,,80,0,,5,2,-3,,7,10,-3,,https://www.pontul-zilei.com/category/ponturi-pariuri/ponturi-handbal/,,https://www.pontul-zilei.com/category/ponturi-pariuri/ponturi-handbal/,2024-06-13 14:06:04,2026-06-16 13:40:31
agentii winner,RO,Romania,Romanian,Winner (Organization),true,false,false,true,true,false,"Sitelinks, Local pack, Image pack, Video preview",150,0,0.72,2,,,,13,,Lost,,https://www.pontul-zilei.com/agentie/winner/,,,2024-06-09 20:45:34,
ponturi pariuri fotbal azi,RO,Romania,Romanian,,false,false,false,true,true,false,"Video preview, Image pack",90,27,0.40,2,,,,16,,Lost,,https://www.pontul-zilei.com/category/ponturi-pariuri/,,,2024-06-10 11:55:23,
river bets,RO,Romania,English,River Bet (Organization),true,false,false,true,true,false,"Image pack, Video preview",80,0,0.65,2,,,,10,,Lost,,https://www.pontul-zilei.com/agentie/river-bet/,,,2024-06-07 01:11:24,
mozzart pariuri live,RO,Romania,Romanian,Mozzart Bet (Organization),true,false,true,true,true,true,"Sitelinks, Video preview",80,0,0.20,2,,,,10,,Lost,,https://www.pontul-zilei.com/agentie/mozzart/,,,2024-06-22 12:27:38,
betano rotiri,RO,Romania,Romanian,Betano (Organization),true,false,false,true,true,false,"Bottom ads, Paid sitelinks",80,46,0.93,0,2,2,,18,10,8,,https://www.pontul-zilei.com/agentie/betano/,,https://www.pontul-zilei.com/bonusuri-cazino/bonusuri-fara-depunere/betano-casino-bonus-fara-depunere/,2024-06-11 04:22:19,2026-06-16 08:53:41
agentie de pariuri,RO,Romania,Romanian,,false,false,false,true,true,false,"Local pack, Sitelinks",80,78,2.82,0,2,2,,39,12,27,,https://www.pontul-zilei.com/top-case-de-pariuri-online/,,https://www.pontul-zilei.com/top-case-de-pariuri-online/,2024-06-11 12:48:45,2026-05-21 11:42:07
coduri meciuri superbet,RO,Romania,Romanian,Superbet (Organization),true,false,false,true,true,true,"Sitelinks, Image pack, Video preview",200,7,3.35,2,,,,14,,Lost,,https://www.pontul-zilei.com/agentie/superbet/,,,2024-06-11 21:50:25,
ponturi hunter maine,RO,Romania,Romanian,"Ponturi Hunter (Organization), Maine (Location)",true,true,false,true,false,false,"Sitelinks, Image pack",80,17,0.81,2,,,,10,,Lost,,https://www.pontul-zilei.com/category/ponturi-pariuri/,,,2024-06-23 01:31:01,
real bet fotbal,RO,Romania,Romanian,RealBet (Organization),true,false,true,true,true,true,"Sitelinks, Image pack, Video preview",100,0,0.52,2,,,,11,,Lost,,https://www.pontul-zilei.com/agentie/realbet/,,,2024-06-18 22:10:52,
loto finlanda 20 din 70,RO,Romania,Romanian,Finland Keno 20/70 (Event),true,false,false,true,false,false,"AI Overview, Thumbnail",600,0,,1,2,1,,21,20,1,,https://www.pontul-zilei.com/articole-pariuri-sportive/finlanda-keno-loto-strategii-rezultate-combinatii-sfaturi/,,https://www.pontul-zilei.com/articole-pariuri-sportive/finlanda-keno-loto-strategii-rezultate-combinatii-sfaturi/,2024-06-25 04:43:58,2026-06-10 16:47:16
biletul zilei loto polonia,RO,Romania,Romanian,"Daily Loto Polonia Ticket (Product), Loto Polonia (Event)",true,false,false,true,false,false,"Sitelinks, Image pack, Video preview",4400,1,0.24,2,,,,28,,Lost,,https://www.pontul-zilei.com/articole-pariuri-sportive/multi-polonia-loto-strategii-rezultate-combinatii-sfaturi/,,,2024-06-27 15:59:16,
winer,RO,Romania,Romanian,Winer (Person),false,false,false,true,false,false,"Sitelinks, Video preview",1300,0,1.91,2,,,,3,,Lost,,https://www.pontul-zilei.com/agentie/winner/,,,2024-06-22 14:04:42,
numar contact superbet,RO,Romania,Romanian,Superbet (Organization),true,false,false,true,false,false,Local pack,350,57,1.42,,2,,,,18,New,,,,https://www.pontul-zilei.com/blog/superbet-contact/,,2026-06-21 11:19:35
win for life remize 8 din 8,RO,Romania,Romanian,Win for Life (Event),true,false,false,true,false,false,,80,0,,5,2,-3,,6,10,-4,Image pack,https://www.pontul-zilei.com/articole-pariuri-sportive/win-for-life-loto-italia-strategii-rezultate-combinatii-sfaturi/,,https://www.pontul-zilei.com/articole-pariuri-sportive/win-for-life-loto-italia-strategii-rezultate-combinatii-sfaturi/,2024-06-27 03:06:57,2026-05-29 22:22:57
pariuri sportive romania,RO,Romania,Romanian,Romania (Location),false,false,false,true,true,false,Sitelinks,500,81,6.52,0,2,2,,52,18,34,,https://www.pontul-zilei.com/articole-pariuri-sportive/mii-de-oameni-la-primul-antrenament-al-tricolorilor-in-germania/,,https://www.pontul-zilei.com/top-case-de-pariuri-online/,2024-06-12 11:39:32,2026-06-16 01:05:46
superbet pitesti,RO,Romania,Romanian,"Superbet (Organization), Pitesti (Location)",true,true,false,true,false,false,"Local pack, Sitelinks, Thumbnail, Video preview, Image pack",150,0,0.59,2,,,,13,,Lost,,https://www.pontul-zilei.com/articole-pariuri-sportive/premiu-fabulos-in-valoare-de-18648510-castigat-in-pitesti-la-o-agentie-superbet/,,,2024-06-08 09:17:50,
casa pariurilor .ro,RO,Romania,Romanian,Casa Pariurilor (Organization),true,false,true,true,true,false,"Sitelinks, Image pack, Video preview",150,5,,2,,,,3,,Lost,,https://www.pontul-zilei.com/agentie/casa-pariurilor/,,,2024-06-13 16:12:00,
rezultate loto slovacia keno,RO,Romania,Romanian,"Slovacia Keno (Event), Keno (Event)",true,false,false,true,false,false,,80,0,,0,2,2,,18,10,8,,https://www.pontul-zilei.com/articole-pariuri-sportive/slovacia-keno-loto-strategii-rezultate-scheme-combinatii-live-sfaturi-de-la-jucatori/,,https://www.pontul-zilei.com/articole-pariuri-sportive/slovacia-keno-loto-strategii-rezultate-scheme-combinatii-live-sfaturi-de-la-jucatori/,2024-06-12 11:19:31,2026-05-28 10:18:01
nitro casino bonus fara depunere,RO,Romania,Romanian,Nitro Casino (Organization),true,false,false,true,true,false,Sitelinks,80,47,1.00,2,2,0,,9,10,-1,,https://www.pontul-zilei.com/bonusuri-cazino-fara-depunere/,,https://www.pontul-zilei.com/bonusuri-cazino-fara-depunere/,2024-06-15 14:26:11,2026-06-15 04:19:49
inaltime fileu volei,RO,Romania,Romanian,,false,false,false,true,false,false,"Featured snippet, Thumbnail, Image pack",80,0,0.14,2,,,,10,,Lost,,https://www.pontul-zilei.com/articole-pariuri-sportive/reguli-volei-regulament-si-informatii/,,,2024-06-19 21:30:19,
maxbet pariuri,RO,Romania,Romanian,Maxbet (Organization),true,false,true,true,true,true,"Top ads, Paid sitelinks, Sitelinks, Image pack, Video preview",450,1,2.25,2,,,,18,,Lost,,https://www.pontul-zilei.com/agentie/maxbet/,,,2024-06-17 16:29:56,
finlanda 20/70,RO,Romania,Romanian,Finland Keno 20/70 (Event),true,false,false,true,false,false,,700,0,,2,2,0,,18,20,-2,,https://www.pontul-zilei.com/articole-pariuri-sportive/finlanda-keno-loto-strategii-rezultate-combinatii-sfaturi/,,https://www.pontul-zilei.com/articole-pariuri-sportive/finlanda-keno-loto-strategii-rezultate-combinatii-sfaturi/,2024-06-17 17:06:53,2026-06-25 22:39:34
loto kino italia,RO,Romania,Romanian,"Lotto (Event), Keno (Event), Italy (Location)",false,false,false,true,false,false,"Video preview, Image pack",450,2,0.20,2,,,,18,,Lost,,https://www.pontul-zilei.com/articole-pariuri-sportive/loto-italia-keno-afla-acum-cand-si-unde-poti-paria/,,,2024-06-26 19:51:38,
super et,RO,Romania,Romanian,Superbet (Organization),true,false,false,true,true,false,"Top ads, Paid sitelinks, Sitelinks, Knowledge panel, Video preview",100,9,2.32,2,,,,10,,Lost,,https://www.pontul-zilei.com/agentie/superbet/,,,2024-06-14 02:49:04,
oferta superbet azi pdf,RO,Romania,Romanian,Superbet daily offer (Product),true,false,false,true,false,false,Image pack,150,19,2.32,2,,,,15,,Lost,,https://www.pontul-zilei.com/agentie/superbet/,,,2024-06-25 20:07:44,
super ber,RO,Romania,Romanian,Superbet (Organization),true,false,false,true,true,false,"Sitelinks, Knowledge panel, Video preview",80,11,1.50,2,,,,10,,Lost,,https://www.pontul-zilei.com/agentie/superbet/,,,2024-06-12 11:27:27,
e fortuna,RO,Romania,Romanian,eFortuna (Organization),true,false,true,true,true,false,"Sitelinks, Image pack, Video preview",3700,7,0.29,2,,,,4,,Lost,,https://www.pontul-zilei.com/agentie/fortuna/,,,2024-06-27 03:05:38,
combinati grecia kino,RO,Romania,Romanian,Grecia Kino (Event),true,false,false,true,false,false,,100,0,0.54,2,,,,12,,Lost,,https://www.pontul-zilei.com/articole-pariuri-sportive/loto-grecia-kino-cele-mai-bune-strategii-de-joc-ca-sa-iti-cresti-sansele-de-castig/,,,2024-06-12 17:05:02,
bilete fortuna,RO,Romania,Romanian,Fortuna (Organization),true,false,false,true,true,false,"Sitelinks, Image pack, Video preview",90,0,0.72,2,,,,8,,Lost,,https://www.pontul-zilei.com/agentie/fortuna/,,,2024-06-20 11:24:29,
reguli darts,RO,Romania,Romanian,,false,false,false,true,false,false,"Image pack, Video preview",100,0,0.17,2,,,,3,,Lost,,https://www.pontul-zilei.com/articole-pariuri-sportive/tot-ce-trebuie-sa-stii-despre-darts-regulament-de-joc/,,,2024-06-20 22:49:21,
loto franța 20 din 70,RO,Romania,Romanian,French Keno 20/70 (Event),true,false,false,true,false,false,Image pack,450,0,0.72,2,,,,18,,Lost,,https://www.pontul-zilei.com/articole-pariuri-sportive/franta-keno-loto-strategii-rezultate-combinatii-sfaturi/,,,2024-06-23 21:48:49,
oferta total bet,RO,Romania,Romanian,Totalbet (Organization),true,false,false,true,true,false,"Sitelinks, Image pack",150,0,1.29,2,,,,2,,Lost,,https://www.pontul-zilei.com/agentie/total-bet/,,,2024-06-03 05:36:06,
polonia multi loto 20/80 rezultate live,RO,Romania,Romanian,"Polonia Multi Loto 20/80 (Event), 20/80 (Event)",true,false,false,true,false,false,Video preview,1000,1,0.18,2,,,,23,,Lost,,https://www.pontul-zilei.com/articole-pariuri-sportive/multi-polonia-loto-strategii-rezultate-combinatii-sfaturi/,,,2024-06-24 18:40:13,
fortuna verificare bilet cod scurt,RO,Romania,Romanian,Fortuna (Organization),true,false,false,true,false,false,"Video preview, Bottom ads",1600,3,0.64,2,,,,24,,Lost,,https://www.pontul-zilei.com/agentie/fortuna/,,,2024-06-24 18:47:28,
meciurile de tenis de azi,RO,Romania,Romanian,,false,false,false,true,false,false,"Image pack, Video preview",9200,7,0.30,2,,,,32,,Lost,,https://www.pontul-zilei.com/category/ponturi-pariuri/ponturi-pariuri-tenis/,,,2024-06-27 01:07:10,
superbet biletul zilei,RO,Romania,Romanian,"Superbet (Organization), Daily Bet Ticket (Product)",true,false,false,true,true,false,"Video preview, Image pack",150,24,0.38,2,,,,16,,Lost,,https://www.pontul-zilei.com/category/biletul-zilei/,,,2024-06-15 13:42:16,
algoritm loto polonia,RO,Romania,Romanian,Loto Polonia (Event),true,false,false,true,false,false,,100,0,,2,,,,12,,Lost,,https://www.pontul-zilei.com/articole-pariuri-sportive/multi-polonia-loto-strategii-rezultate-combinatii-sfaturi/,,,2024-06-11 14:42:19,
wineer,RO,Romania,Romanian,Winner.ro (Organization),true,false,true,true,false,false,"Sitelinks, Video preview",100,0,1.81,2,,,,2,,Lost,,https://www.pontul-zilei.com/agentie/winner/,,,2024-06-26 20:31:07,
bilet castigator superbet,RO,Romania,Romanian,Superbet (Organization),true,false,false,true,false,false,"Image pack, Video preview",100,0,0.71,2,,,,9,,Lost,Image pack,https://www.pontul-zilei.com/articole-pariuri-sportive/peste-un-milion-de-euro-castigat-la-superbet/,,,2024-06-27 15:37:30,
fortuna pariuri oferta,RO,Romania,Romanian,Fortuna (Organization),true,false,false,true,true,false,Sitelinks,200,26,0.01,0,2,2,,8,4,4,,https://www.pontul-zilei.com/agentie/fortuna/,,https://www.pontul-zilei.com/agentie/fortuna/,2024-06-14 02:24:05,2026-05-17 19:51:52
lungime teren fotbal,RO,Romania,Romanian,,false,false,false,true,false,false,"Featured snippet, Thumbnail, People also ask, Video preview",90,0,,2,,,,12,,Lost,,https://www.pontul-zilei.com/tot-ce-trebuie-sa-stii-despre-terenul-de-fotbal/,,,2024-06-15 06:33:43,
scheme loto polonia,RO,Romania,Romanian,Loto Polonia (Event),true,false,false,true,false,false,"Image pack, Video preview",90,0,,2,,,,5,,Lost,Image pack,https://www.pontul-zilei.com/articole-pariuri-sportive/multi-polonia-loto-strategii-rezultate-combinatii-sfaturi/,,,2024-06-20 16:07:28,
mozzart verificare bilet fotbal,RO,Romania,Romanian,Mozzartbet (Organization),true,false,false,true,false,false,"Image pack, Video preview",100,1,,2,,,,12,,Lost,,https://www.pontul-zilei.com/agentie/mozzart/,,,2024-06-26 02:39:22,
ponturi sigure azi,RO,Romania,Romanian,,false,false,false,true,false,false,"Video preview, Image pack",150,32,0.36,2,,,,18,,Lost,,https://www.pontul-zilei.com/category/ponturi-pariuri/,,,2024-06-12 12:45:56,
www.mozzart.ro pariuri sportive,RO,Romania,Romanian,Mozzart Bet (Organization),true,false,true,true,true,false,"Video preview, Image pack",150,1,0.93,2,,,,14,,Lost,,https://www.pontul-zilei.com/agentie/mozzart/,,,2024-06-10 06:08:25,
sub 2.5 goluri,RO,Romania,Romanian,,false,false,false,true,false,false,"People also ask, Image pack, Video preview",150,0,,2,,,,13,,Lost,,https://www.pontul-zilei.com/articole-pariuri-sportive/ce-inseamna-sub-peste-15-25-35-45/,,,2024-06-26 22:38:29,
cashpot rotiri gratuite,RO,Romania,Romanian,CashPot (Organization),true,false,false,true,true,false,,400,59,0.70,,2,,,,18,New,,,,https://www.pontul-zilei.com/bonusuri-cazino-fara-depunere/,,2026-06-12 04:13:04
loto grecia live kino,RO,Romania,Romanian,Grecia Kino (Event),true,false,false,true,false,false,"Sitelinks, Image pack, Video preview",1500,4,0.16,2,,,,24,,Lost,,https://www.pontul-zilei.com/articole-pariuri-sportive/loto-grecia-kino-cele-mai-bune-strategii-de-joc-ca-sa-iti-cresti-sansele-de-castig/,,,2024-06-22 13:22:46,
voucher superbet,RO,Romania,Romanian,Superbet (Organization),true,false,false,true,true,false,Video preview,2300,0,0.99,2,,,,26,,Lost,,https://www.pontul-zilei.com/agentie/superbet/,,,2024-06-24 20:21:15,
king casino.ro,RO,Romania,,King Casino (Organization),true,false,true,true,true,false,,200,25,0.77,,2,,,,15,New,,,,https://www.pontul-zilei.com/agentie/kingcasino/,,2026-06-17 18:11:15
mozzart rotiri gratuite,RO,Romania,Romanian,Mozzart Bet (Organization),true,false,false,true,true,false,"Image pack, Video preview",150,1,0.86,2,,,,14,,Lost,,https://www.pontul-zilei.com/agentie/mozzart/,,,2024-06-23 03:41:39,
biletul zilei cota 2,RO,Romania,Romanian,Cota 2 (Product),true,false,false,true,false,false,,150,26,0.21,1,2,1,,9,9,,,https://www.pontul-zilei.com/category/cota-zilei-pariuri/cota-2/,,https://www.pontul-zilei.com/category/cota-zilei-pariuri/cota-2/,2024-06-13 04:56:02,2026-05-19 00:16:31
super club,RO,Romania,,Super Club (Organization),true,false,false,true,false,false,Video preview,5500,30,1.05,,2,,,,30,New,,,,https://www.pontul-zilei.com/blog/superbet-club/,,2026-06-16 02:57:07
verificare bilet lucky six superbet,RO,Romania,Romanian,"Superbet (Organization), Lucky Six (Event)",true,false,true,true,false,false,"Image pack, Video preview",200,0,0.50,2,,,,15,,Lost,,https://www.pontul-zilei.com/agentie/superbet/,,,2024-06-24 12:26:14,
pariuri sportive azi,RO,Romania,Romanian,,false,false,false,true,true,true,"Sitelinks, Video preview, Image pack",100,33,0.54,2,,,,12,,Lost,,https://www.pontul-zilei.com/category/ponturi-pariuri/,,,2024-06-15 14:30:09,
superbet contact nr telefon bucuresti,RO,Romania,Romanian,"Superbet (Organization), Bucharest (Location)",true,true,false,true,false,false,Local pack,900,50,1.21,,2,,,,23,New,,,,https://www.pontul-zilei.com/blog/superbet-contact/,,2026-06-12 17:44:57
bet builder superbet,RO,Romania,English,"Superbet (Organization), Bet Builder (Product)",true,false,false,true,false,false,"People also ask, Video preview",80,50,1.47,0,1,1,,25,11,14,,https://www.pontul-zilei.com/articole-pariuri-sportive/un-parior-a-avut-nevoie-de-doar-3-meciuri-pentru-a-castiga-34-000-de-lei/,,https://www.pontul-zilei.com/blog/superbet-bet-builder/,2024-06-21 09:06:14,2026-05-27 05:53:57
oferta saptamanala superbet,RO,Romania,Romanian,Superbet (Organization),true,false,false,true,true,false,"Image pack, Video preview",600,5,0.48,1,,,,20,,Lost,,https://www.pontul-zilei.com/agentie/superbet/,,,2024-06-27 06:03:00,
888 sport,RO,Romania,Romanian,888 Sport (Organization),true,false,true,true,true,false,"Sitelinks, Image pack, Video preview, Knowledge panel",5700,15,1.40,1,,,,31,,Lost,,https://www.pontul-zilei.com/agentie/888sport/,,,2024-06-27 03:38:45,
agentie superbet,RO,Romania,Romanian,"Superbet (Organization), Superbet agency (Location)",true,false,false,true,false,false,"Local pack, Sitelinks, Thumbnail, Video preview, Image pack",100,0,0.65,1,,,,14,,Lost,,https://www.pontul-zilei.com/agentie/superbet/,,,2024-06-19 18:18:37,
aplicatie superbet,RO,Romania,Romanian,Superbet (Organization),true,false,false,true,true,true,"Knowledge panel, Video preview",1600,4,1.22,1,,,,25,,Lost,,https://www.pontul-zilei.com/agentie/superbet/,,,2024-06-24 23:30:12,
loto franta 20/70,RO,Romania,Romanian,"Loto (Event), Loto 20/70 (Event)",true,false,false,true,false,false,,450,0,0.28,0,1,1,,22,12,10,,https://www.pontul-zilei.com/articole-pariuri-sportive/franta-keno-loto-strategii-rezultate-combinatii-sfaturi/,,https://www.pontul-zilei.com/articole-pariuri-sportive/franta-keno-loto-strategii-rezultate-combinatii-sfaturi/,2024-06-22 04:00:53,2026-06-25 23:18:39
cod bilet superbet,RO,Romania,Romanian,Superbet (Organization),true,false,false,true,false,false,"Sitelinks, Video preview, AI Overview",350,48,2.77,,1,,,,19,New,,,,https://www.pontul-zilei.com/blog/superbet-verificare-bilet/,,2026-06-05 13:20:45
gets bets fotbal,RO,Romania,Romanian,Get's Bet (Organization),true,false,false,true,true,false,"Video preview, Image pack",250,0,,1,,,,16,,Lost,,https://www.pontul-zilei.com/agentie/gets-bet/,,,2024-06-26 16:47:09,
cauta combinatii grecia kino,RO,Romania,Romanian,Grecia Kino (Event),true,false,false,true,false,false,Image pack,350,0,,1,,,,18,,Lost,,https://www.pontul-zilei.com/articole-pariuri-sportive/loto-grecia-kino-cele-mai-bune-strategii-de-joc-ca-sa-iti-cresti-sansele-de-castig/,,,2024-06-12 21:00:57,
oferta fotbal stanleybet,RO,Romania,Romanian,Stanleybet (Organization),true,false,false,true,true,false,"Sitelinks, Image pack",90,1,0.54,1,,,,12,,Lost,,https://www.pontul-zilei.com/agentie/stanleybet/,,,2024-06-13 04:04:01,
castiguri superbet,RO,Romania,Romanian,Superbet (Organization),true,false,false,true,false,false,"Video preview, Image pack",90,0,0.99,1,,,,13,,Lost,,https://www.pontul-zilei.com/articole-pariuri-sportive/super-castig-la-superbet-cu-doar-30-de-lei-vezi-suma-fabuloasa-adjudecata-cu-evenimente-din-baschet-si-fotbal-european/,,,2024-06-08 15:11:28,
franta keno 20 70,RO,Romania,Romanian,French Keno 20/70 (Event),true,false,false,true,false,false,Image pack,200,0,0.25,1,,,,15,,Lost,,https://www.pontul-zilei.com/articole-pariuri-sportive/franta-keno-loto-strategii-rezultate-combinatii-sfaturi/,,,2024-06-23 15:34:24,
ponturi pariuri sportive,RO,Romania,Romanian,,false,false,false,true,false,false,Video preview,450,67,0.58,22,1,-20,,10,21,-11,,https://www.pontul-zilei.com/category/ponturi-pariuri/,,https://www.pontul-zilei.com/category/ponturi-pariuri/,2024-06-25 17:34:19,2026-06-17 13:40:27
finlanda keno 20 din 70,RO,Romania,Romanian,Finland Keno 20/70 (Event),true,false,false,true,false,false,Image pack,500,0,0.74,1,,,,20,,Lost,,https://www.pontul-zilei.com/articole-pariuri-sportive/finlanda-keno-loto-strategii-rezultate-combinatii-sfaturi/,,,2024-06-16 11:10:56,
casa pariurilor fotbal azi,RO,Romania,Romanian,Casa Pariurilor (Organization),true,false,false,true,true,true,"Sitelinks, Video preview",800,53,0.57,0,1,1,,48,22,26,,https://www.pontul-zilei.com/agentie/casa-pariurilor/,,https://www.pontul-zilei.com/agentie/casa-pariurilor/,2024-06-27 04:29:54,2026-06-20 07:51:20
ce inseamna x la pariuri,RO,Romania,Romanian,,false,false,false,true,false,false,"Featured snippet, Thumbnail, People also ask, Image pack, Video preview",150,0,0.33,1,,,,15,,Lost,,https://www.pontul-zilei.com/articole/pariuri-sportive-semnificatia-codurilor-de-pariere/,,,2024-06-08 12:41:46,
mozzart casino bonus,RO,Romania,English,Mozzart Casino (Organization),true,false,false,true,true,false,"Video preview, Image pack, Bottom ads, Paid sitelinks",100,2,0.44,1,,,,13,,Lost,,https://www.pontul-zilei.com/agentie/mozzart/,,,2024-06-13 00:14:21,
win for life live,RO,Romania,English,Win for Life (Event),true,false,false,true,false,false,,400,23,0.32,0,1,1,,24,10,14,,https://www.pontul-zilei.com/articole-pariuri-sportive/win-for-life-loto-italia-strategii-rezultate-combinatii-sfaturi/,,https://www.pontul-zilei.com/articole-pariuri-sportive/win-for-life-loto-italia-strategii-rezultate-combinatii-sfaturi/,2024-06-25 01:35:36,2026-06-19 01:46:38
oferte casa pariurilor,RO,Romania,Romanian,Casa Pariurilor (Organization),true,false,false,true,true,false,"Sitelinks, Video preview",100,20,0.62,1,,,,2,,Lost,,https://www.pontul-zilei.com/agentie/casa-pariurilor/,,,2024-06-11 15:00:30,
magnum casino,RO,Romania,English,Magnum Casino (Organization),true,false,false,true,true,false,Sitelinks,1000,59,1.20,,1,,,,23,New,,,,https://www.pontul-zilei.com/agentie/magnumbet/,,2026-06-15 13:01:54
reguli tenis de masa,RO,Romania,Romanian,,false,false,false,true,false,false,Video preview,150,0,0.01,1,,,,15,,Lost,,https://www.pontul-zilei.com/articole-pariuri-sportive/istoria-si-regulile-tenisului-de-masa/,,,2024-06-08 18:47:45,
cate reprize are un meci de hochei,RO,Romania,Romanian,,false,false,false,true,false,false,"Featured snippet, Thumbnail, People also ask, Image pack, Video preview",200,0,,1,,,,16,,Lost,,https://www.pontul-zilei.com/articole-pariuri-sportive/tot-ce-trebuie-sa-stii-despre-hochei-pe-gheata-regulamentul-celui-mai-urmarit-sport-olimpic-de-iarna/,,,2024-06-20 17:17:10,
superbet oferte,RO,Romania,Romanian,Superbet (Organization),true,false,false,true,true,false,"Image pack, Video preview",80,6,0.91,1,,,,12,,Lost,,https://www.pontul-zilei.com/agentie/superbet/,,,2024-06-08 01:34:59,
petanque joc,RO,Romania,Romanian,,false,false,false,true,true,false,Videos,80,0,,1,,,,12,,Lost,,https://www.pontul-zilei.com/articole-pariuri-sportive/petanque-origine-denumire-si-reguli-de-joc/,,,2024-06-22 00:13:47,
favbet rotiri gratuite,RO,Romania,Romanian,Favbet (Organization),true,false,false,true,true,false,,400,55,1.04,1,1,0,,19,19,,,https://www.pontul-zilei.com/agentie/favbet/,,https://www.pontul-zilei.com/bonusuri-cazino/bonusuri-fara-depunere/favbet-bonus-fara-depunere/,2024-06-08 07:16:21,2026-06-05 08:10:51
download casa pariurilor,RO,Romania,Romanian,Casa Pariurilor (Organization),true,false,false,false,false,false,,150,0,1.65,1,,,,16,,Lost,,https://www.pontul-zilei.com/agentie/casa-pariurilor/,,,2024-06-25 16:43:05,
totogaming,RO,Romania,Romanian,TotoGaming (Organization),true,false,true,true,true,false,Sitelinks,195000,53,0.79,0,1,1,,17,5,12,,https://www.pontul-zilei.com/agentie/totogaming/,,https://www.pontul-zilei.com/agentie/totogaming/,2024-06-27 05:29:34,2026-06-17 02:36:41
rezultate finlanda keno,RO,Romania,Romanian,"Finland Keno (Event), Keno (Event)",true,false,false,true,false,false,Image pack,250,0,,1,,,,17,,Lost,,https://www.pontul-zilei.com/articole-pariuri-sportive/finlanda-keno-loto-strategii-rezultate-combinatii-sfaturi/,,,2024-06-18 23:25:31,
loto italia keno live,RO,Romania,Romanian,"Loto Italia Keno (Event), Keno (Event)",true,false,false,true,false,false,"Image pack, Video preview",2300,2,0.15,1,,,,27,,Lost,,https://www.pontul-zilei.com/articole-pariuri-sportive/loto-italia-keno-afla-acum-cand-si-unde-poti-paria/,,,2024-06-27 05:33:53,
loto germania 20/70,RO,Romania,Romanian,Germania Keno 20/70 (Event),true,false,false,true,false,false,Image pack,450,0,,1,,,,20,,Lost,,https://www.pontul-zilei.com/articole-pariuri-sportive/germania-keno-loto-strategii-rezultate-combinatii-sfaturi/,,,2024-06-10 11:47:55,
te1 total bet,RO,Romania,Romanian,TotalBet (Organization),true,false,false,true,true,false,Image pack,150,0,0.82,1,,,,7,,Lost,Image pack,https://www.pontul-zilei.com/agentie/total-bet/,,,2024-06-17 02:15:09,
casa par,RO,Romania,Romanian,Casa Pariurilor (Organization),true,false,false,true,true,false,"Sitelinks, Video preview",700,19,1.00,86,1,-85,,3,10,-7,,https://www.pontul-zilei.com/agentie/casa-pariurilor/,,https://www.pontul-zilei.com/agentie/casa-pariurilor/,2024-06-26 21:41:47,2026-06-14 15:04:44
kino italia rezultate,RO,Romania,Romanian,Italia Keno (Event),true,false,false,true,false,false,Image pack,350,0,0.50,1,,,,19,,Lost,,https://www.pontul-zilei.com/articole-pariuri-sportive/loto-italia-keno-afla-acum-cand-si-unde-poti-paria/,,,2024-06-11 17:58:45,
20 din 90,RO,Romania,Romanian,,false,false,false,true,false,false,,700,35,0.11,0,1,1,,56,22,34,,https://www.pontul-zilei.com/articole-pariuri-sportive/loto-italia-keno-afla-acum-cand-si-unde-poti-paria/,,https://www.pontul-zilei.com/articole-pariuri-sportive/loto-italia-keno-afla-acum-cand-si-unde-poti-paria/,2024-06-27 14:33:36,2026-06-16 12:44:40
pariuri maraton,RO,Romania,Romanian,"Pariuri Maraton (Organization), Marathon (Event)",true,false,true,true,true,false,Sitelinks,80,0,1.87,1,,,,12,,Lost,,https://www.pontul-zilei.com/pariuri-online/participa-la-fotbal-maraton-fortuna-premii-de-100-000-ron/,,,2024-06-20 16:09:20,
keno slovacia,RO,Romania,Romanian,"Keno (Event), Slovacia Keno (Event)",true,false,false,true,false,false,"AI Overview, Thumbnail",1400,10,0.24,2,1,-1,,22,26,-4,,https://www.pontul-zilei.com/articole-pariuri-sportive/slovacia-keno-loto-strategii-rezultate-scheme-combinatii-live-sfaturi-de-la-jucatori/,,https://www.pontul-zilei.com/articole-pariuri-sportive/slovacia-keno-loto-strategii-rezultate-scheme-combinatii-live-sfaturi-de-la-jucatori/,2024-06-23 10:08:20,2026-06-27 03:30:13
win for life cote,RO,Romania,Romanian,Win for Life (Event),true,false,false,true,false,false,"Featured snippet, Video preview",250,0,0.18,1,,,,17,,Lost,,https://www.pontul-zilei.com/articole-pariuri-sportive/win-for-life-loto-italia-strategii-rezultate-combinatii-sfaturi/,,,2024-06-13 02:33:06,
10 pariuri tenis,RO,Romania,Romanian,10pariuri.ro (Organization),true,false,false,true,false,false,"Sitelinks, Video preview",100,12,0.21,1,,,,13,,Lost,,https://www.pontul-zilei.com/category/ponturi-pariuri/ponturi-pariuri-tenis/,,,2024-06-26 02:40:21,
casino seven,RO,Romania,English,,false,false,false,true,true,false,"Sitelinks, Thumbnail, Video preview, Image pack, Bottom ads, Paid sitelinks",80,0,1.08,1,,,,13,,Lost,,https://www.pontul-zilei.com/agentie/seven/,,,2024-06-20 19:22:56,
statistici „u” cluj vs fc botoșani,RO,Romania,Romanian,"U Cluj (Organization), FC Botoșani (Organization)",true,false,false,true,false,false,"Video preview, Image pack",150,0,,1,,,,15,,Lost,,https://www.pontul-zilei.com/ponturipariuri/ponturi-u-cluj-vs-fc-botosani-fotbal-25-februarie-2023-superliga/,,,2024-06-13 00:13:32,
ponturi peste 2.5 goluri azi,RO,Romania,Romanian,,false,false,false,true,false,false,,800,39,1.00,2,1,-1,,18,23,-5,,https://www.pontul-zilei.com/category/ponturi-pariuri/ponturi-fotbal/,,https://www.pontul-zilei.com/category/ponturi-pariuri/ponturi-fotbal/,2024-06-21 10:19:54,2026-06-14 21:08:39
loto franța keno,RO,Romania,Romanian,French Keno (Event),false,false,false,true,false,false,Image pack,700,0,0.68,1,,,,22,,Lost,,https://www.pontul-zilei.com/articole-pariuri-sportive/franta-keno-loto-strategii-rezultate-combinatii-sfaturi/,,,2024-06-25 02:22:36,
rezultate loto italia 10/20,RO,Romania,Romanian,"Win for Life 10/20 (Event), Italy (Location)",true,false,false,true,false,false,,500,12,1.20,0,1,1,,42,21,21,,https://www.pontul-zilei.com/articole-pariuri-sportive/win-for-life-loto-italia-strategii-rezultate-combinatii-sfaturi/,,https://www.pontul-zilei.com/articole-pariuri-sportive/win-for-life-loto-italia-strategii-rezultate-combinatii-sfaturi/,2024-06-22 12:37:41,2026-06-12 14:26:35
casa pariurilor live,RO,Romania,Romanian,Casa Pariurilor (Organization),true,false,false,true,true,true,Sitelinks,250,34,0.82,0,1,1,,27,8,19,,https://www.pontul-zilei.com/agentie/casa-pariurilor/,,https://www.pontul-zilei.com/agentie/casa-pariurilor/,2024-06-27 20:39:58,2026-06-01 08:21:24
cate reprize sunt la hochei,RO,Romania,Romanian,,false,false,false,true,false,false,"Featured snippet, Thumbnail, People also ask, Image pack",100,0,,1,,,,12,,Lost,,https://www.pontul-zilei.com/articole-pariuri-sportive/tot-ce-trebuie-sa-stii-despre-hochei-pe-gheata-regulamentul-celui-mai-urmarit-sport-olimpic-de-iarna/,,,2024-06-27 13:37:14,
sure bets,RO,Romania,English,,false,false,false,true,false,false,Video preview,100,24,1.44,1,,,,8,,Lost,,https://www.pontul-zilei.com/articole-pariuri-sportive/sure-bets-cum-trebuie-jucate-si-care-sunt-riscurile-la-care-te-expui/,,,2024-06-13 13:58:57,
finlanda 20 din 70,RO,Romania,Romanian,Finland Keno 20/70 (Event),true,false,false,true,false,false,"Image pack, Video preview",450,0,,1,,,,20,,Lost,,https://www.pontul-zilei.com/articole-pariuri-sportive/finlanda-keno-loto-strategii-rezultate-combinatii-sfaturi/,,,2024-06-23 18:45:22,
case de pariuri sportive,RO,Romania,Romanian,,false,false,false,true,true,false,"Thumbnail, Local pack, Video preview, Image pack",100,45,5.20,1,,,,12,,Lost,,https://www.pontul-zilei.com/top-case-de-pariuri-online/,,,2024-06-22 14:12:56,
grecia kino combinatii,RO,Romania,Romanian,Grecia Kino (Event),true,false,false,true,false,false,,6000,0,0.29,1,,,,11,,Lost,,https://www.pontul-zilei.com/articole-pariuri-sportive/loto-grecia-kino-cele-mai-bune-strategii-de-joc-ca-sa-iti-cresti-sansele-de-castig/,,,2024-06-27 19:46:52,
agentii gets bet,RO,Romania,Romanian,Get's Bet (Organization),true,false,false,true,false,false,"Knowledge panel, Image pack, Video preview",100,0,0.48,1,,,,14,,Lost,,https://www.pontul-zilei.com/agentie/gets-bet/,,,2024-06-16 16:08:05,
suport casa pariurilor,RO,Romania,Romanian,Casa Pariurilor (Organization),true,false,false,true,false,false,"Featured snippet, Image pack, Video preview",150,0,,1,,,,16,,Lost,,https://www.pontul-zilei.com/agentie/casa-pariurilor/,,,2024-06-23 18:07:21,
betano,RO,Romania,Romanian,Betano (Organization),true,false,false,true,true,false,"Top ads, Paid sitelinks, Sitelinks, Video preview",759000,10,1.38,1,,,,5,,Lost,,https://www.pontul-zilei.com/agentie/betano/,,,2024-06-27 19:46:31,
fortuna logare,RO,Romania,Romanian,Fortuna (Organization),true,false,true,false,false,false,"Image pack, Video preview",150,5,0.34,1,,,,16,,Lost,,https://www.pontul-zilei.com/agentie/fortuna/,,,2024-06-09 10:26:57,
kino italia toate rezultatele,RO,Romania,Romanian,Italia Keno (Event),true,false,false,true,false,false,Image pack,150,0,1.00,1,,,,16,,Lost,,https://www.pontul-zilei.com/articole-pariuri-sportive/loto-italia-keno-afla-acum-cand-si-unde-poti-paria/,,,2024-06-23 19:31:32,
superbet suport,RO,Romania,Romanian,Superbet (Organization),true,false,true,true,false,false,Video preview,600,54,,,1,,,,22,New,,,,https://www.pontul-zilei.com/blog/superbet-contact/,,2026-06-20 05:49:54
ponturi meciuri azi fotbal,RO,Romania,Romanian,,false,false,false,true,true,false,Image pack,80,24,0.26,1,,,,13,,Lost,,https://www.pontul-zilei.com/category/ponturi-pariuri/ponturi-fotbal/,,,2024-06-23 00:01:15,
winner verificare bilet fotbal,RO,Romania,Romanian,Winner (Organization),true,false,true,true,false,false,"Featured snippet, Thumbnail, Sitelinks, Image pack",100,0,0.46,1,,,,14,,Lost,,https://www.pontul-zilei.com/agentie/winner/,,,2024-06-15 02:17:31,
meciuri superbet,RO,Romania,Romanian,Superbet (Organization),true,false,false,true,true,false,"Sitelinks, Video preview, Image pack",600,6,1.17,1,,,,22,,Lost,,https://www.pontul-zilei.com/articole-pariuri-sportive/un-parior-a-castigat-1-000-000-lei-la-superbet-pe-esports-ce-meciuri-a-jucat/,,,2024-06-14 05:36:03,
keno germania,RO,Romania,Romanian,"Keno (Event), Germania Keno (Event)",true,false,false,true,false,false,,600,24,0.42,3,1,-2,,18,22,-4,,https://www.pontul-zilei.com/articole-pariuri-sportive/germania-keno-loto-strategii-rezultate-combinatii-sfaturi/,,https://www.pontul-zilei.com/articole-pariuri-sportive/germania-keno-loto-strategii-rezultate-combinatii-sfaturi/,2024-06-22 17:44:47,2026-06-10 07:22:30
login betano,RO,Romania,English,Betano (Organization),true,false,true,false,false,false,"Sitelinks, Image pack, Video preview",80,13,0.35,1,,,,13,,Lost,,https://www.pontul-zilei.com/agentie/betano/,,,2024-06-09 08:29:49,
superbet agentie,RO,Romania,Romanian,"Superbet (Organization), Superbet agency (Location)",true,false,false,true,false,false,"Local pack, Video preview, Image pack",100,2,1.28,1,,,,15,,Lost,,https://www.pontul-zilei.com/agentie/superbet/,,,2024-06-27 03:19:12,
loto wfl,RO,Romania,Romanian,Win for Life (Work),true,false,false,true,true,false,Image pack,1000,1,0.30,1,,,,24,,Lost,,https://www.pontul-zilei.com/articole-pariuri-sportive/win-for-life-loto-italia-strategii-rezultate-combinatii-sfaturi/,,,2024-06-27 09:56:11,
aplicatie betano,RO,Romania,Romanian,Betano (Organization),true,false,false,true,true,true,Video preview,600,1,3.27,1,,,,22,,Lost,,https://www.pontul-zilei.com/agentie/betano/,,,2024-06-24 18:18:45,
site uri ponturi pariuri sportive,RO,Romania,Romanian,,false,false,false,true,false,false,"Sitelinks, Video preview, Image pack",150,38,0.36,1,,,,15,,Lost,,https://www.pontul-zilei.com/category/ponturi-pariuri/,,,2024-06-22 04:56:31,
extragere italia keno,RO,Romania,Romanian,Italia Keno 10E (20/90) (Event),true,false,false,true,false,false,,600,46,0.25,0,1,1,,36,22,14,Image pack,https://www.pontul-zilei.com/articole-pariuri-sportive/loto-italia-keno-afla-acum-cand-si-unde-poti-paria/,,https://www.pontul-zilei.com/articole-pariuri-sportive/loto-italia-keno-afla-acum-cand-si-unde-poti-paria/,2024-06-23 03:09:36,2026-05-28 19:49:30
ponturi premier league,RO,Romania,Romanian,Premier League (Event),true,false,false,true,false,false,"Video preview, Image pack",150,1,,1,,,,18,,Lost,,https://www.pontul-zilei.com/category/ponturi-pariuri/ponturi-pariuri-fotbal-anglia/,,,2024-06-19 23:22:31,
mozzart bet casino,RO,Romania,English,Mozzart Bet (Organization),true,false,true,true,true,false,"Top ads, Paid sitelinks, Video preview, Bottom ads",200,5,2.41,1,,,,17,,Lost,,https://www.pontul-zilei.com/articole-pariuri-sportive/pariuri-speciale-euro-2024-grupa-e/,,,2024-06-13 13:08:21,
franța 20 din 70,RO,Romania,Romanian,"20 din 70 (Event), France (Location)",true,false,false,true,false,false,"Image pack, Video preview",80,0,,1,,,,13,,Lost,,https://www.pontul-zilei.com/articole-pariuri-sportive/franta-keno-loto-strategii-rezultate-combinatii-sfaturi/,,,2024-06-22 09:00:50,
dimensiune teren fotbal,RO,Romania,Romanian,,false,false,false,true,false,false,"Featured snippet, Thumbnail, People also ask, Video preview",100,0,0.02,1,,,,15,,Lost,,https://www.pontul-zilei.com/tot-ce-trebuie-sa-stii-despre-terenul-de-fotbal/,,,2024-06-27 23:05:19,
rezultate loto letonia keno,RO,Romania,Romanian,"Loto (Event), Keno (Event), Latvia (Location)",false,false,false,true,false,false,Video preview,450,0,0.41,1,1,0,,22,21,1,,https://www.pontul-zilei.com/articole-pariuri-sportive/letonia-keno-loto-strategii-rezultate-scheme-combinatii-live-sfaturi-de-la-jucatori/,,https://www.pontul-zilei.com/articole-pariuri-sportive/letonia-keno-loto-strategii-rezultate-scheme-combinatii-live-sfaturi-de-la-jucatori/,2024-06-14 10:37:33,2026-06-13 14:06:11
strategie loto italia 10 20,RO,Romania,Romanian,"Loto 10/20 (Event), Italy (Location)",true,false,false,true,false,false,Sitelinks,100,6,0.41,4,1,-3,,15,15,,,https://www.pontul-zilei.com/articole-pariuri-sportive/win-for-life-loto-italia-strategii-rezultate-combinatii-sfaturi/,,https://www.pontul-zilei.com/articole-pariuri-sportive/win-for-life-loto-italia-strategii-rezultate-combinatii-sfaturi/,2024-06-10 13:51:29,2026-06-18 04:49:43
bonus de ziua ta,RO,Romania,Romanian,,false,false,false,true,true,false,,450,61,0.86,0,1,1,,62,21,41,,https://www.pontul-zilei.com/ghiduri/superbet-bonus-de-ziua-ta/,,https://www.pontul-zilei.com/bonusuri-cazino/bonus-aniversar/getsbet-bonus-aniversar/,2024-05-28 03:08:34,2026-06-27 03:45:39
pariuri betano,RO,Romania,Romanian,Betano (Organization),true,false,true,true,true,true,"Sitelinks, Video preview, Image pack",90,22,0.91,1,,,,14,,Lost,,https://www.pontul-zilei.com/agentie/betano/,,,2024-06-15 05:13:06,
italia wfl classico 10/20,RO,Romania,English,Italia Win for Life Classico 10/20 (Event),true,false,false,true,false,false,,450,0,0.31,,1,,,,21,New,,,,https://www.pontul-zilei.com/articole-pariuri-sportive/win-for-life-loto-italia-strategii-rezultate-combinatii-sfaturi/,,2026-06-22 10:08:13
biletul zilei fotbal azi,RO,Romania,Romanian,Biletul Zilei (Organization),true,false,false,true,false,false,"Video preview, Image pack",100,28,0.45,1,,,,6,,Lost,,https://www.pontul-zilei.com/category/biletul-zilei/,,,2024-06-10 10:56:18,
verificare bilet get bet,RO,Romania,Romanian,Get's Bet (Organization),true,false,true,true,false,false,,90,0,0.30,1,,,,14,,Lost,,https://www.pontul-zilei.com/agentie/gets-bet/,,,2024-06-13 23:41:33,
fortuna pariuri sportive oferta,RO,Romania,Romanian,Fortuna (Organization),true,false,false,true,true,false,Sitelinks,90,26,,0,1,1,,9,3,6,,https://www.pontul-zilei.com/agentie/fortuna/,,https://www.pontul-zilei.com/agentie/fortuna/,2024-06-22 02:36:26,2026-05-21 07:30:59
pronosticuri azi,RO,Romania,Romanian,,false,false,false,true,false,false,"Top ads, Video preview, Image pack",400,24,0.48,1,,,,10,,Lost,,https://www.pontul-zilei.com/category/ponturi-pariuri/ponturi-fotbal/,,,2024-06-26 20:40:09,
200 rotiri gratuite winbet,RO,Romania,Romanian,Winbet (Organization),true,false,false,true,true,false,"Image pack, Bottom ads, Paid sitelinks",90,0,2.98,1,,,,14,,Lost,,https://www.pontul-zilei.com/agentie/winbet/,,,2024-06-26 02:58:32,
descarca oferta superbet pdf,RO,Romania,Romanian,"Superbet (Organization), Superbet Offer (Product)",true,false,false,false,true,false,Image pack,150,2,0.99,1,,,,19,,Lost,,https://www.pontul-zilei.com/cota-zilei-pariuri/super-cota-superbet-sambata-08-iunie-cota-4-00-castig-potential-400-ron/,,,2024-06-09 07:17:12,
superbet creare bilet,RO,Romania,Romanian,Superbet (Organization),true,false,true,true,true,true,"Sitelinks, Video preview",150,3,1.01,1,,,,16,,Lost,,https://www.pontul-zilei.com/agentie/superbet/,,,2024-06-24 17:28:09,
scanare bilet gets bet,RO,Romania,Romanian,GetsBet (Organization),true,false,true,true,false,false,Video preview,700,48,1.08,0,1,1,,37,23,14,,https://www.pontul-zilei.com/agentie/gets-bet/,,https://www.pontul-zilei.com/blog/gets-bet-verificare-bilet/,2024-06-19 21:27:26,2026-06-24 14:15:43
superbet bonus de bun venit,RO,Romania,Romanian,Superbet (Organization),true,false,false,true,true,false,"Video preview, Image pack",250,6,6.83,1,,,,19,,Lost,,https://www.pontul-zilei.com/agentie/superbet/,,,2024-06-16 06:19:47,
loto stats grecia,RO,Romania,Romanian,"Loto Grecia Kino (Event), Greece (Location)",true,false,false,true,false,false,"Sitelinks, Video preview",150,7,,1,,,,17,,Lost,,https://www.pontul-zilei.com/articole-pariuri-sportive/loto-grecia-kino-cele-mai-bune-strategii-de-joc-ca-sa-iti-cresti-sansele-de-castig/,,,2024-06-25 18:46:16,
winner online,RO,Romania,English,Winner (Organization),true,false,false,true,true,false,"Sitelinks, Video preview",150,2,2.06,1,,,,17,,Lost,,https://www.pontul-zilei.com/agentie/winner/,,,2024-06-14 06:02:18,
oferte pariuri superbet,RO,Romania,Romanian,Superbet (Organization),true,false,false,true,true,false,"Sitelinks, Video preview, Image pack, Bottom ads, Paid sitelinks",100,13,0.42,1,,,,15,,Lost,,https://www.pontul-zilei.com/agentie/superbet/,,,2024-06-25 21:48:32,
loto franta keno 20/70,RO,Romania,Romanian,"Loto Franța Keno 20/70 (Event), Keno (Event)",true,false,false,true,false,false,Image pack,100,0,,1,,,,15,,Lost,,https://www.pontul-zilei.com/articole-pariuri-sportive/franta-keno-loto-strategii-rezultate-combinatii-sfaturi/,,,2024-06-27 04:14:44,
mozzartbet romania,RO,Romania,Romanian,"MozzartBet (Organization), Romania (Location)",true,false,true,true,true,true,"Top ads, Paid sitelinks, Sitelinks, Video preview, Image pack",150,1,1.31,1,,,,17,,Lost,,https://www.pontul-zilei.com/agentie/mozzart/,,,2024-06-20 11:05:42,
cat tine un meci de baschet,RO,Romania,Romanian,,false,false,false,true,false,false,"Featured snippet, People also ask, Image pack, Video preview",100,0,,1,,,,15,,Lost,,https://www.pontul-zilei.com/articole/tot-ce-trebuie-sa-stii-despre-baschet/,,,2024-06-02 04:33:51,
rxf rezultate,RO,Romania,Romanian,RXF (Organization),true,false,false,true,false,false,Video preview,100,2,,1,,,,16,,Lost,,https://www.pontul-zilei.com/articole-pariuri-sportive/rezultate-rxf-fighter-all-stars-ultima-gala-a-anului/,,,2024-06-19 05:41:40,
bilete superbet azi,RO,Romania,Romanian,Superbet (Organization),true,false,true,true,true,true,"Video preview, Image pack",450,18,0.31,1,,,,21,,Lost,,https://www.pontul-zilei.com/category/biletul-zilei/,,,2024-06-16 14:22:25,
live chat superbet,RO,Romania,English,Superbet (Organization),true,false,false,true,false,false,Video preview,500,47,1.10,0,1,0,,27,22,5,,https://www.pontul-zilei.com/agentie/superbet/,,https://www.pontul-zilei.com/blog/superbet-contact/,2024-06-27 01:02:18,2026-06-09 12:12:52
rezultate multi polonia,RO,Romania,Romanian,Multi Loto Polonia (Event),true,false,false,true,false,false,"Video preview, Image pack",800,0,0.21,1,,,,24,,Lost,,https://www.pontul-zilei.com/articole-pariuri-sportive/multi-polonia-loto-strategii-rezultate-combinatii-sfaturi/,,,2024-06-27 14:50:28,
e fortuna casino,RO,Romania,Romanian,eFortuna Casino (Organization),true,false,true,true,true,true,"Sitelinks, Image pack, Video preview",80,8,1.36,1,,,,14,,Lost,,https://www.pontul-zilei.com/agentie/fortuna/,,,2024-06-17 16:57:02,
superbet games,RO,Romania,English,Superbet (Organization),true,false,false,true,true,false,"Knowledge panel, Image pack, Video preview, Bottom ads, Paid sitelinks",4600,9,1.31,1,,,,32,,Lost,,https://www.pontul-zilei.com/agentie/superbet/,,,2024-06-27 20:48:57,
letonia 20 din 62,RO,Romania,Romanian,Letonia Keno 20/62 (Event),true,false,false,true,false,false,"Thumbnail, Image pack",1200,0,0.25,1,,,,26,,Lost,,https://www.pontul-zilei.com/articole-pariuri-sportive/letonia-keno-loto-strategii-rezultate-scheme-combinatii-live-sfaturi-de-la-jucatori/,,,2024-06-23 11:26:06,
arhiva win for life,RO,Romania,Romanian,Win for Life (Event),true,false,false,true,false,false,"Image pack, Video preview",150,0,,1,,,,17,,Lost,,https://www.pontul-zilei.com/articole-pariuri-sportive/win-for-life-loto-italia-strategii-rezultate-combinatii-sfaturi/,,,2024-06-14 19:58:06,
casa pariurilor sport,RO,Romania,Romanian,Casa Pariurilor (Organization),true,false,false,true,true,false,"Sitelinks, Image pack, Video preview",100,54,1.31,1,,,,16,,Lost,,https://www.pontul-zilei.com/agentie/casa-pariurilor/,,,2024-06-18 21:49:09,
cat dureaza un meci de handbal,RO,Romania,Romanian,,false,false,false,true,false,false,"Featured snippet, Image pack",150,0,,1,,,,15,,Lost,,https://www.pontul-zilei.com/articole/tot-ce-trebuie-sa-stii-despre-handbal/,,,2024-06-15 06:06:31,
total bet pariuri sportive fotbal,RO,Romania,Romanian,TotalBet (Organization),true,false,true,true,true,true,"Sitelinks, Image pack",100,30,0.57,1,,,,16,,Lost,,https://www.pontul-zilei.com/agentie/total-bet/,,,2024-06-19 09:03:10,
mozzart bet romania,RO,Romania,English,"Mozzart Bet (Organization), Romania (Location)",true,false,false,true,true,false,"Sitelinks, Video preview, Bottom ads, Paid sitelinks",150,1,0.96,1,,,,17,,Lost,,https://www.pontul-zilei.com/agentie/mozzart/,,,2024-06-12 08:07:31,
getsbet casino,RO,Romania,English,GetsBet Casino (Organization),true,false,true,true,true,true,"Sitelinks, Image pack, Video preview",3400,6,0.18,1,,,,31,,Lost,,https://www.pontul-zilei.com/agentie/gets-bet/,,,2024-06-25 12:00:52,
casa pariurilor biletul zilei,RO,Romania,Romanian,Casa Pariurilor (Organization),true,false,false,true,true,false,"Image pack, Video preview",80,25,0.28,1,,,,13,,Lost,,https://www.pontul-zilei.com/category/biletul-zilei/,,,2024-06-17 03:56:47,
casa pariurilor cont,RO,Romania,Romanian,Casa Pariurilor (Organization),true,false,true,true,false,false,Image pack,250,1,1.24,1,,,,20,,Lost,,https://www.pontul-zilei.com/agentie/casa-pariurilor/,,,2024-06-02 02:42:31,
20/90 italia,RO,Romania,Romanian,Italia Keno 10E (20/90) (Event),true,false,false,true,false,false,"Sitelinks, Thumbnail, Video preview, Image pack",450,0,0.31,1,,,,22,,Lost,,https://www.pontul-zilei.com/articole-pariuri-sportive/loto-italia-keno-afla-acum-cand-si-unde-poti-paria/,,,2024-06-27 22:20:03,
italia keno 20/90 rezultate,RO,Romania,Romanian,Italia Keno 20/90 (Event),true,false,false,true,false,false,Video preview,250,35,,0,1,1,,32,19,13,,https://www.pontul-zilei.com/articole-pariuri-sportive/loto-italia-keno-afla-acum-cand-si-unde-poti-paria/,,https://www.pontul-zilei.com/articole-pariuri-sportive/loto-italia-keno-afla-acum-cand-si-unde-poti-paria/,2024-06-23 22:13:56,2026-06-19 23:15:04
rezultate loto italia 20/90,RO,Romania,Romanian,"Italia Keno 20/90 (Event), Italy (Location)",true,false,false,true,false,false,Video preview,2100,40,0.21,0,1,1,,41,29,12,,https://www.pontul-zilei.com/articole-pariuri-sportive/loto-italia-keno-afla-acum-cand-si-unde-poti-paria/,,https://www.pontul-zilei.com/articole-pariuri-sportive/loto-italia-keno-afla-acum-cand-si-unde-poti-paria/,2024-06-23 21:54:12,2026-06-20 18:12:15
superbet log in,RO,Romania,English,Superbet (Organization),true,false,true,false,false,true,"Sitelinks, Video preview",150,0,0.99,1,,,,17,,Lost,,https://www.pontul-zilei.com/agentie/superbet/,,,2024-06-12 14:21:39,
betano pariuri sportive,RO,Romania,Romanian,Betano (Organization),true,false,true,true,true,true,"Sitelinks, Video preview, Image pack",200,12,2.08,1,,,,18,,Lost,,https://www.pontul-zilei.com/agentie/betano/,,,2024-06-14 20:03:40,
teren fotbal dimensiuni,RO,Romania,Romanian,,false,false,false,true,false,false,"Featured snippet, Thumbnail, Image pack, Video preview",100,0,0.34,1,,,,14,,Lost,,https://www.pontul-zilei.com/tot-ce-trebuie-sa-stii-despre-terenul-de-fotbal/,,,2024-06-07 13:02:36,
letonia 20/62,RO,Romania,Romanian,Keno Letonia (20/62) (Event),true,false,false,true,false,false,"Sitelinks, Thumbnail, Image pack",1300,0,,1,,,,27,,Lost,,https://www.pontul-zilei.com/articole-pariuri-sportive/letonia-keno-loto-strategii-rezultate-scheme-combinatii-live-sfaturi-de-la-jucatori/,,,2024-06-26 22:13:57,
peste 2 5 goluri,RO,Romania,Romanian,,false,false,false,true,false,false,"Featured snippet, Thumbnail, People also ask, Video preview",90,0,,1,,,,15,,Lost,,https://www.pontul-zilei.com/articole-pariuri-sportive/ce-inseamna-sub-peste-15-25-35-45/,,,2024-06-07 10:35:17,
poziții aj auxerre vs psg,RO,Romania,Romanian,"AJ Auxerre (Organization), Paris Saint-Germain (Organization)",true,false,false,true,false,false,"Videos, Image pack",90,0,,1,,,,15,,Lost,,https://www.pontul-zilei.com/ponturi-pariuri/Ponturi-AJ-Auxerre-FC-Lorient-fotbal-16-septembrie-2022-Ligue-1/,,,2024-04-03 11:50:51,
letonia 20 62,RO,Romania,Romanian,Letonia Keno 20/62 (Event),true,false,false,true,false,false,"Sitelinks, Thumbnail, Image pack",900,0,0.81,1,,,,25,,Lost,,https://www.pontul-zilei.com/articole-pariuri-sportive/letonia-keno-loto-strategii-rezultate-scheme-combinatii-live-sfaturi-de-la-jucatori/,,,2024-06-24 09:10:52,
10 pariuri alin,RO,Romania,Romanian,"10pariuri.ro (Organization), Alin (Person)",true,false,false,true,false,false,Video preview,300,15,1.11,1,,,,20,,Lost,,https://www.pontul-zilei.com/category/ponturi-pariuri/ponturi-fotbal/,,,2024-06-08 11:03:57,
biletul zilei.com,RO,Romania,Romanian,Biletu-Zilei.com (Organization),true,false,true,true,false,false,Sitelinks,350,51,1.40,0,1,1,,5,4,1,,https://www.pontul-zilei.com/category/biletul-zilei/,,https://www.pontul-zilei.com/,2024-06-25 15:14:56,2026-05-14 12:54:19
oferta fortuna bet,RO,Romania,Romanian,Fortuna Bet (Organization),true,false,false,true,true,false,Sitelinks,150,41,0.39,0,1,1,,5,4,1,,https://www.pontul-zilei.com/agentie/fortuna/,,https://www.pontul-zilei.com/agentie/fortuna/,2024-06-21 04:21:27,2026-06-05 04:38:22
pariuri baschet,RO,Romania,Romanian,,false,false,true,false,true,true,"Top stories, Thumbnail, Image pack, Video preview",100,3,0.67,1,,,,16,,Lost,,https://www.pontul-zilei.com/category/ponturi-pariuri/ponturi-baschet/,,,2024-06-08 14:42:24,
ce inseamna sistem la pariuri,RO,Romania,Romanian,,false,false,false,true,false,false,"Video preview, Image pack",150,0,0.41,1,,,,19,,Lost,,https://www.pontul-zilei.com/articole-pariuri-sportive/pariuri-sistem-explicatii-exemple-si-sfaturi/,,,2024-06-24 15:53:38,
bilete pariuri online,RO,Romania,Romanian,,false,false,true,false,true,true,"Video preview, Image pack",90,45,0.81,1,,,,15,,Lost,,https://www.pontul-zilei.com/category/biletul-zilei/,,,2024-06-21 04:11:48,
rezultate lucky six fortuna,RO,Romania,Romanian,"Fortuna (Organization), Lucky Six (Event)",true,false,false,true,false,false,Image pack,150,0,0.82,1,,,,17,,Lost,,https://www.pontul-zilei.com/articole-pariuri-sportive/lucky-six-ce-este-numere-castigatoare-unde-poti-juca/,,,2024-06-12 11:26:47,
fortuna bet pariuri,RO,Romania,Romanian,Fortuna (Organization),true,false,false,true,true,false,"Sitelinks, Video preview",150,8,0.54,1,,,,3,,Lost,,https://www.pontul-zilei.com/agentie/fortuna/,,,2024-06-06 21:49:09,
patinaj artistic romania,RO,Romania,Romanian,Romania (Location),false,false,false,true,false,false,"Video preview, Image pack",150,0,,1,,,,18,,Lost,,https://www.pontul-zilei.com/articole-pariuri-sportive/patinaj-artistic-inceputurile-acestui-sport-in-romania-cele-mai-cunoscute-figuri-si-sarituri-pe-gheata/,,,2024-06-14 07:00:40,
casa pariurilor bistrita,RO,Romania,Romanian,"Casa Pariurilor (Organization), Bistrita (Location)",true,true,false,true,false,false,"Local pack, Sitelinks, Image pack, Video preview",90,38,1.56,1,,,,16,,Lost,,https://www.pontul-zilei.com/agentie/casa-pariurilor/,,,2024-06-21 21:48:05,
ponturi pariuri azi,RO,Romania,Romanian,,false,false,false,true,false,false,,3900,58,0.51,23,1,-22,,9,15,-6,,https://www.pontul-zilei.com/category/ponturi-pariuri/,,https://www.pontul-zilei.com/category/ponturi-pariuri/,2024-06-27 07:41:08,2026-06-26 01:06:23
loto grecia kino rezultate live,RO,Romania,Romanian,Grecia Kino (Event),true,false,false,true,false,false,Image pack,1200,2,,1,,,,27,,Lost,,https://www.pontul-zilei.com/articole-pariuri-sportive/loto-grecia-kino-cele-mai-bune-strategii-de-joc-ca-sa-iti-cresti-sansele-de-castig/,,,2024-06-27 18:13:27,
ponturi maine,RO,Romania,Romanian,,false,false,false,true,false,false,Video preview,80,10,1.16,1,,,,15,,Lost,,https://www.pontul-zilei.com/category/ponturi-pariuri/,,,2024-06-17 11:00:44,
fortuna bet casino,RO,Romania,English,Fortuna Bet Casino (Organization),true,false,true,true,true,true,"Sitelinks, Image pack, Knowledge panel",150,9,0.38,1,,,,18,,Lost,,https://www.pontul-zilei.com/agentie/fortuna/,,,2024-06-10 23:18:56,
pronosticuri liga 1,RO,Romania,Romanian,Liga 1 (Event),true,false,false,true,true,false,"Video preview, Image pack",100,2,,1,,,,16,,Lost,,https://www.pontul-zilei.com/category/ponturi-pariuri/ponturi-pariuri-fotbal-romania/,,,2024-06-20 13:34:00,
fotbal spania liga 2,RO,Romania,Romanian,"LaLiga2 (Event), Spain (Location)",true,false,false,true,false,false,"Sitelinks, Knowledge panel, Image pack, Video preview",350,3,,1,,,,22,,Lost,,https://www.pontul-zilei.com/category/ponturi-pariuri/ponturi-pariuri-fotbal-spania/,,,2024-06-12 03:41:39,
superbet loto polonia,RO,Romania,Romanian,"Superbet (Organization), Loto Polonia (Event)",true,false,false,true,false,false,Video preview,1000,54,1.32,,1,,,,26,New,,,,https://www.pontul-zilei.com/articole-pariuri-sportive/multi-polonia-loto-strategii-rezultate-combinatii-sfaturi/,,2026-06-08 00:14:30
loto belgia 20/70,RO,Romania,Romanian,Belgium Keno 20/70 (Event),true,false,false,true,false,false,Image pack,300,0,0.34,1,,,,21,,Lost,,https://www.pontul-zilei.com/articole-pariuri-sportive/belgia-keno-loto-strategii-rezultate-combinatii-sfaturi/,,,2024-06-10 04:04:08,
oferta superbet sambata,RO,Romania,Romanian,Superbet (Organization),true,false,false,true,true,false,Sitelinks,800,52,1.83,4,1,-3,,14,25,-11,,https://www.pontul-zilei.com/cota-zilei-pariuri/super-cota-superbet-sambata-08-iunie-cota-4-00-castig-potential-400-ron/,,https://www.pontul-zilei.com/blog/superbet-superavantaj/,2024-06-21 19:19:16,2026-06-14 19:04:53
betano cont,RO,Romania,Romanian,Betano (Organization),true,false,true,true,true,true,"Top ads, Paid sitelinks, Sitelinks, Video preview, Image pack, Bottom ads",80,7,1.00,1,,,,15,,Lost,,https://www.pontul-zilei.com/agentie/betano/,,,2024-06-26 16:59:25,
loto polonia multi forum,RO,Romania,Romanian,Loto Polonia Multi (Event),true,false,false,true,false,false,Sitelinks,1800,28,1.52,,1,,,,29,New,,,,https://www.pontul-zilei.com/articole-pariuri-sportive/multi-polonia-loto-strategii-rezultate-combinatii-sfaturi/,,2026-06-21 08:43:54
cote eurovision,RO,Romania,French,Eurovision Song Contest (Event),true,false,false,true,true,false,"Image pack, Video preview",80,33,,1,,,,15,,Lost,,https://www.pontul-zilei.com/articole-pariuri-sportive/finala-eurovision-2024-marii-favoriti-si-cele-mai-tari-cote/,,,2024-06-14 10:11:06,
winner .ro,RO,Romania,,Winner.ro (Organization),true,false,true,true,false,false,"Sitelinks, Video preview, Bottom ads, Paid sitelinks",300,3,2.54,1,,,,21,,Lost,,https://www.pontul-zilei.com/agentie/winner/,,,2024-06-07 23:43:28,
winner site vechi,RO,Romania,Romanian,Winner (Organization),true,false,true,true,false,false,"Sitelinks, Image pack",100,1,0.33,1,,,,16,,Lost,,https://www.pontul-zilei.com/agentie/winner/,,,2024-06-26 01:06:25,
verificare bilet total bet,RO,Romania,Romanian,Total Bet (Organization),true,false,false,true,false,false,Sitelinks,1400,0,0.81,1,,,,4,,Lost,,https://www.pontul-zilei.com/agentie/total-bet/,,,2024-06-24 11:31:06,
magnum bet oferta,RO,Romania,Romanian,Magnum Bet (Organization),true,false,false,true,true,false,"Sitelinks, Image pack",150,0,0.84,1,,,,18,,Lost,,https://www.pontul-zilei.com/agentie/magnumbet/,,,2024-06-09 00:09:17,
case pariuri romania,RO,Romania,Romanian,Romania (Location),false,false,false,true,true,false,"Thumbnail, Video preview, Image pack, Bottom ads, Paid sitelinks",250,46,8.06,1,,,,19,,Lost,,https://www.pontul-zilei.com/top-case-de-pariuri-online/,,,2024-06-24 02:03:12,
winboss casino,RO,Romania,Romanian,WinBoss Casino (Organization),true,false,false,true,true,false,"Sitelinks, Video preview, Image pack",1700,0,0.76,1,,,,29,,Lost,,https://www.pontul-zilei.com/agentie/winboss/,,,2024-06-22 01:40:01,
superbet com,RO,Romania,,Superbet (Organization),true,false,true,true,true,false,"Sitelinks, Video preview, Image pack, Bottom ads, Paid sitelinks",80,3,1.16,1,,,,15,,Lost,,https://www.pontul-zilei.com/agentie/superbet/,,,2024-06-19 07:03:52,
loto italia keno 20/90,RO,Romania,Romanian,"Italia Keno 20/90 (Event), Keno (Event), 20/90 (Event)",true,false,false,true,false,false,Video preview,1700,36,0.18,0,1,0,,27,29,-2,Image pack,https://www.pontul-zilei.com/articole-pariuri-sportive/loto-italia-keno-afla-acum-cand-si-unde-poti-paria/,,https://www.pontul-zilei.com/articole-pariuri-sportive/loto-italia-keno-afla-acum-cand-si-unde-poti-paria/,2024-06-27 18:21:30,2026-05-28 17:18:50
k1 sport,RO,Romania,Romanian,K-1 (Organization),true,false,false,true,false,false,"Video preview, Image pack",90,2,,1,,,,8,,Lost,Image pack,https://www.pontul-zilei.com/articole-pariuri-sportive/luptatori-k1-care-sunt-cei-mai-buni/,,,2024-06-24 13:35:20,
reguli badminton,RO,Romania,Romanian,,false,false,false,true,false,false,Video preview,100,0,0.00,1,,,,17,,Lost,,https://www.pontul-zilei.com/articole-pariuri-sportive/totul-despre-badminton-regulamentul-sportului-aflat-la-jocurile-olimpice-din-1992/,,,2024-06-27 11:19:23,
clasament grupa romaniei,RO,Romania,Romanian,"Group H (Event), Romania (Location)",false,false,false,true,false,false,"Top stories, Thumbnail",6400,2,0.03,1,,,,36,,Lost,,https://www.pontul-zilei.com/articole-pariuri-sportive/clasament-grupa-Romaniei-din-preliminariile-euro-2024-si-informatii-care-ii-privesc-pe-pariori/,,,2024-06-27 17:03:36,
pariu rxf,RO,Romania,Romanian,RXF (Organization),true,false,false,true,true,false,Video preview,90,0,0.70,1,,,,16,,Lost,,https://www.pontul-zilei.com/articole-pariuri-sportive/rxf-next-fighters-12-meciuri-favoriti-si-cote-la-pariuri/,,,2024-06-27 02:00:14,
unibet bonuses,RO,Romania,English,Unibet (Organization),true,false,false,true,true,false,"People also ask, Image pack",100,13,1.83,1,,,,17,,Lost,,https://www.pontul-zilei.com/agentie/unibet/,,,2024-06-21 06:35:18,
eldorado casino 120 rotiri gratuite,RO,Romania,Romanian,Eldorado Casino (Organization),true,false,false,true,true,false,"Image pack, Video preview",80,0,1.43,1,,,,16,,Lost,,https://www.pontul-zilei.com/bonusuri-cazino-fara-depunere/,,,2024-06-19 18:56:08,
getsbet.ro pariuri sportive,RO,Romania,Romanian,GetsBet (Organization),true,false,true,true,true,true,"Sitelinks, Image pack",150,2,1.49,1,,,,18,,Lost,,https://www.pontul-zilei.com/agentie/gets-bet/,,,2024-06-09 07:01:26,
pariuri online stanleybet,RO,Romania,Romanian,Stanleybet (Organization),true,false,true,true,true,true,"Sitelinks, Image pack, Knowledge panel",100,0,0.06,1,,,,17,,Lost,,https://www.pontul-zilei.com/agentie/stanleybet/,,,2024-06-09 07:48:18,
keno italia live,RO,Romania,Romanian,Italia Keno (Event),true,false,false,true,false,false,"Image pack, Video preview",100,2,0.37,1,,,,17,,Lost,,https://www.pontul-zilei.com/articole-pariuri-sportive/loto-italia-keno-afla-acum-cand-si-unde-poti-paria/,,,2024-06-20 13:51:36,
casa pariurilor android,RO,Romania,Romanian,"Casa Pariurilor (Organization), Android (Product)",true,false,false,false,true,true,Video preview,150,0,1.20,1,,,,18,,Lost,,https://www.pontul-zilei.com/agentie/casa-pariurilor/,,,2024-06-10 14:33:29,
agentie gets bet,RO,Romania,Romanian,Get's Bet (Organization),true,false,false,true,true,false,"Image pack, Knowledge panel",150,0,,1,,,,18,,Lost,,https://www.pontul-zilei.com/agentie/gets-bet/,,,2024-06-11 18:18:57,
loto italia 20/90 rezultate,RO,Romania,Romanian,Italia Keno 10E 20/90 (Event),true,false,false,true,false,false,,1000,38,0.21,0,1,1,,35,27,8,,https://www.pontul-zilei.com/articole-pariuri-sportive/loto-italia-keno-afla-acum-cand-si-unde-poti-paria/,,https://www.pontul-zilei.com/articole-pariuri-sportive/loto-italia-keno-afla-acum-cand-si-unde-poti-paria/,2024-06-26 03:13:12,2026-06-15 19:04:25
patinatori celebri,RO,Romania,Romanian,,false,false,false,true,false,false,"Thumbnail, Video preview",100,0,,1,,,,17,,Lost,,https://www.pontul-zilei.com/articole-pariuri-sportive/patinaj-artistic-inceputurile-acestui-sport-in-romania-cele-mai-cunoscute-figuri-si-sarituri-pe-gheata/,,,2024-06-19 16:28:24,
oferta zilei superbet,RO,Romania,Romanian,Superbet (Organization),true,false,false,true,true,false,"Video preview, Image pack",150,11,0.49,1,,,,19,,Lost,,https://www.pontul-zilei.com/agentie/superbet/,,,2024-06-13 07:35:20,
polonia multi loto 20/80 rezultate,RO,Romania,Romanian,"Polonia Multi Loto 20/80 (Event), 20/80 (Event)",true,false,false,true,false,false,"Video preview, Image pack",2700,1,0.23,1,,,,33,,Lost,,https://www.pontul-zilei.com/articole-pariuri-sportive/multi-polonia-loto-strategii-rezultate-combinatii-sfaturi/,,,2024-06-24 23:11:45,
verificare bilet online,RO,Romania,Romanian,,false,false,false,true,false,false,Video preview,800,20,0.75,,1,,,,26,New,,,,https://www.pontul-zilei.com/blog/superbet-verificare-bilet/,,2026-06-11 03:01:01
superbet autentificare,RO,Romania,Romanian,Superbet (Organization),true,false,true,false,false,true,"Top ads, Paid sitelinks, Sitelinks, Image pack, Video preview",150,7,0.98,1,,,,18,,Lost,,https://www.pontul-zilei.com/agentie/superbet/,,,2024-06-25 10:00:49,
bilet virtual superbet,RO,Romania,Romanian,Superbet (Organization),true,false,false,true,true,false,"Sitelinks, Video preview",80,40,0.68,1,,,,16,,Lost,,https://www.pontul-zilei.com/agentie/superbet/,,,2024-06-19 15:14:56,
dimensiuni teren volei,RO,Romania,Romanian,,false,false,false,true,false,false,"Featured snippet, Image pack, Thumbnail, Video preview",90,0,,1,,,,16,,Lost,,https://www.pontul-zilei.com/articole-pariuri-sportive/reguli-volei-regulament-si-informatii/,,,2024-06-21 08:58:31,
www superbet,RO,Romania,Romanian,Superbet (Organization),true,false,true,false,false,false,"Sitelinks, Video preview, Image pack",1400,6,1.73,1,,,,4,,Lost,,https://www.pontul-zilei.com/agentie/superbet/,,,2024-06-22 04:56:42,
keno belgia,RO,Romania,Romanian,"Keno (Event), Belgium Keno (Event)",true,false,false,true,false,false,Image pack,700,0,0.68,1,,,,18,,Lost,Image pack,https://www.pontul-zilei.com/articole-pariuri-sportive/belgia-keno-loto-strategii-rezultate-combinatii-sfaturi/,,,2024-06-19 18:21:58,
pariuri formula 1,RO,Romania,Romanian,Formula 1 (Event),true,false,true,false,true,true,"Image pack, Video preview",200,0,0.82,0,,,,23,,Lost,,https://www.pontul-zilei.com/articole-pariuri-sportive/formula-1-avancronica-marele-premiu-din-monaco/,,,2024-06-12 12:48:07,
meciuri de fotbal azi,RO,Romania,Romanian,,false,false,false,true,false,false,,1900,59,0.07,,0,,,,30,New,,,,https://www.pontul-zilei.com/category/ponturi-pariuri/ponturi-fotbal/,,2026-06-21 12:15:30
verifica bilet gets bet,RO,Romania,Romanian,Get's Bet (Organization),true,false,true,false,false,true,,100,6,0.33,0,,,,18,,Lost,,https://www.pontul-zilei.com/agentie/gets-bet/,,,2024-06-21 03:16:47,
bonus de ziua ta casino,RO,Romania,Romanian,,false,false,false,true,true,false,,600,60,0.85,0,0,0,,50,25,25,,https://www.pontul-zilei.com/ghiduri/superbet-bonus-de-ziua-ta/,,https://www.pontul-zilei.com/bonusuri-cazino/bonus-aniversar/getsbet-bonus-aniversar/,2024-06-19 05:35:10,2026-06-20 13:38:42
casa pariurilor inregistrare,RO,Romania,Romanian,Casa Pariurilor (Organization),true,false,true,true,true,true,Image pack,100,1,2.69,0,,,,18,,Lost,,https://www.pontul-zilei.com/agentie/casa-pariurilor/,,,2024-06-20 01:08:48,
fotbalazi,RO,Romania,Romanian,,false,false,false,true,true,false,,150,16,0.15,0,,,,19,,Lost,,https://www.pontul-zilei.com/category/ponturi-pariuri/ponturi-fotbal/,,,2024-06-24 00:37:42,
biletul zilei de maine,RO,Romania,Romanian,Biletul Zilei (Event),true,false,false,true,false,false,Video preview,100,4,0.26,0,,,,18,,Lost,,https://www.pontul-zilei.com/category/ponturi-pariuri/,,,2024-06-25 20:23:42,
superbet azi,RO,Romania,Romanian,Superbet (Organization),true,false,true,true,true,true,"Sitelinks, Video preview",450,56,,,0,,,,24,New,,,,https://www.pontul-zilei.com/agentie/superbet/,,2026-06-21 22:03:04
loto live italia,RO,Romania,Romanian,"Loto Live (Event), Italy (Location)",true,false,false,true,false,false,"Thumbnail, Image pack, Video preview",100,2,,0,,,,18,,Lost,,https://www.pontul-zilei.com/articole-pariuri-sportive/loto-italia-keno-afla-acum-cand-si-unde-poti-paria/,,,2024-06-18 21:34:35,
cand vine vara,RO,Romania,Romanian,,false,false,false,true,false,false,"Featured snippet, Video preview",90,1,,0,,,,17,,Lost,,https://www.pontul-zilei.com/articole-pariuri-sportive/se-mareste-delegatia-tarii-noastre-un-ciclist-roman-calificat-la-jocurile-olimpice/,,,2024-06-10 05:28:34,
fortuna cod scurt,RO,Romania,Romanian,Fortuna (Organization),true,false,false,true,false,false,,500,60,0.63,3,0,-2,,17,25,-8,,https://www.pontul-zilei.com/agentie/fortuna/,,https://www.pontul-zilei.com/bonusuri-cazino/bonusuri-fara-depunere/fortuna-bonus-fara-depunere/,2024-06-25 19:03:00,2026-06-21 08:21:50
la ce ora se joaca finala de tenis feminin,RO,Romania,Romanian,,false,false,false,true,false,false,"Featured snippet, Image pack, Video preview",450,0,,0,,,,24,,Lost,,https://www.pontul-zilei.com/articole-pariuri-sportive/finala-asteptata-pe-tabloul-feminin-de-la-madrid-open/,,,2024-06-25 16:36:31,
fcsb cand joaca,RO,Romania,Romanian,FCSB (Organization),true,false,false,true,false,false,"Video preview, Image pack",200,0,,0,,,,20,,Lost,,https://www.pontul-zilei.com/articole-pariuri-sportive/cand-se-joaca-fcsb-rapid-programul-etapelor-5-6-si-7-in-superliga-play-off-si-play-out/,,,2024-06-11 08:51:19,
bonus betano,RO,Romania,Romanian,Betano (Organization),true,false,false,true,true,false,,350,50,2.09,0,0,0,,47,8,39,,https://www.pontul-zilei.com/agentie/betano/,,https://www.pontul-zilei.com/bonusuri-cazino/bonusuri-fara-depunere/betano-casino-bonus-fara-depunere/,2024-06-20 01:01:24,2026-05-23 23:17:01
keno franta 20/70,RO,Romania,Romanian,Keno Franta 20/70 (Event),true,false,false,true,false,false,Image pack,150,0,,0,,,,19,,Lost,,https://www.pontul-zilei.com/articole-pariuri-sportive/franta-keno-loto-strategii-rezultate-combinatii-sfaturi/,,,2024-06-14 04:39:13,
lotostats win for life,RO,Romania,English,"Lotostats (Organization), Win for Life (Event)",true,false,false,true,false,false,"Sitelinks, Image pack",100,0,0.26,0,,,,18,,Lost,,https://www.pontul-zilei.com/articole-pariuri-sportive/win-for-life-loto-italia-strategii-rezultate-combinatii-sfaturi/,,,2024-06-26 14:02:02,
pariuri rxf,RO,Romania,Romanian,RXF (Organization),true,false,false,true,true,false,Video preview,200,0,1.08,0,,,,21,,Lost,,https://www.pontul-zilei.com/articole-pariuri-sportive/rxf-next-fighters-12-meciuri-favoriti-si-cote-la-pariuri/,,,2024-06-21 09:07:44,
generator scheme reduse loto,RO,Romania,Romanian,Loto (Event),true,false,false,true,false,false,"Video preview, Image pack",250,0,,0,,,,22,,Lost,,https://www.pontul-zilei.com/articole-pariuri-sportive/win-for-life-loto-italia-strategii-rezultate-combinatii-sfaturi/,,,2024-06-24 19:09:53,
superbet chat,RO,Romania,English,Superbet (Organization),true,false,false,true,false,false,"Video preview, Image pack",150,8,1.07,0,,,,20,,Lost,,https://www.pontul-zilei.com/agentie/superbet/,,,2024-06-20 04:33:05,
aplicatie sportingbet,RO,Romania,Romanian,Sportingbet (Organization),true,false,false,true,true,true,Knowledge panel,80,0,2.19,0,,,,17,,Lost,,https://www.pontul-zilei.com/agentie/sportingbet/,,,2024-06-20 17:33:26,
win 2 bonus fara depunere,RO,Romania,Romanian,Win2 (Organization),true,false,false,true,true,false,"Image pack, Video preview, Bottom ads, Paid sitelinks",700,0,0.74,0,,,,27,,Lost,,https://www.pontul-zilei.com/agentie/winboss/,,,2024-06-22 07:27:29,
cele 13 reguli ale baschetului,RO,Romania,Romanian,13 Rules of Basketball (Work),false,false,false,true,false,false,"Videos, Video preview",100,0,,0,,,,18,,Lost,,https://www.pontul-zilei.com/articole-pariuri-sportive/reguli-baschet-cum-se-joaca-sportul-cu-mingea-la-cos/,,,2024-06-27 17:05:52,
kino italia,RO,Romania,Romanian,Italia Keno (Event),true,false,false,true,false,false,,6500,39,0.74,0,0,0,,29,5,24,Image pack,https://www.pontul-zilei.com/articole-pariuri-sportive/loto-italia-keno-afla-acum-cand-si-unde-poti-paria/,,https://www.pontul-zilei.com/articole-pariuri-sportive/loto-italia-keno-afla-acum-cand-si-unde-poti-paria/,2024-06-27 00:52:43,2026-06-16 02:09:50
www.getsbet,RO,Romania,,GetsBet (Organization),true,false,true,false,false,false,Sitelinks,150,30,0.81,0,0,0,,19,3,16,,https://www.pontul-zilei.com/agentie/gets-bet/,,https://www.pontul-zilei.com/agentie/gets-bet/,2024-06-18 19:31:41,2026-06-16 16:05:52
predictii tenis,RO,Romania,Romanian,,false,false,false,true,true,false,"Video preview, Image pack",500,7,0.84,0,,,,7,,Lost,,https://www.pontul-zilei.com/category/ponturi-pariuri/ponturi-pariuri-tenis/,,,2024-06-24 15:19:18,
get bets pariuri sportive,RO,Romania,Romanian,Get's Bet (Organization),true,false,true,true,true,true,"Sitelinks, Image pack, Video preview, Bottom ads, Paid sitelinks",200,3,0.99,0,,,,21,,Lost,,https://www.pontul-zilei.com/agentie/gets-bet/,,,2024-06-25 22:15:32,
loto letonia 20/62,RO,Romania,Romanian,Loto Letonia 20/62 (Event),true,false,false,true,false,false,"Sitelinks, Image pack",1200,0,0.31,0,,,,29,,Lost,,https://www.pontul-zilei.com/articole-pariuri-sportive/letonia-keno-loto-strategii-rezultate-scheme-combinatii-live-sfaturi-de-la-jucatori/,,,2024-06-24 08:50:54,
slovacia 20/80,RO,Romania,Romanian,Slovacia Keno 20/80 (Event),true,false,false,true,false,false,"Sitelinks, Image pack",500,0,0.18,0,,,,25,,Lost,,https://www.pontul-zilei.com/articole-pariuri-sportive/slovacia-keno-loto-strategii-rezultate-scheme-combinatii-live-sfaturi-de-la-jucatori/,,,2024-06-13 09:58:47,
superbet superspin,RO,Romania,Romanian,"Superbet Superspin (Event), Superspin (Event)",true,false,false,true,false,false,"Sitelinks, Video preview, Image pack",400,0,1.85,0,,,,24,,Lost,,https://www.pontul-zilei.com/pariuri-online/superspin-superbet/,,,2024-06-25 15:06:23,
get's bet pariuri,RO,Romania,Romanian,Get's Bet (Organization),true,false,true,true,true,true,Sitelinks,450,45,1.23,,0,,,,25,New,,,,https://www.pontul-zilei.com/agentie/gets-bet/,,2026-06-10 21:42:25
rezultate keno franta,RO,Romania,Romanian,"Keno (Event), French Keno (Event)",true,false,false,true,false,false,Image pack,100,0,,0,,,,19,,Lost,,https://www.pontul-zilei.com/articole-pariuri-sportive/franta-keno-loto-strategii-rezultate-combinatii-sfaturi/,,,2024-06-21 10:24:46,
cod bilet casa pariurilor,RO,Romania,Romanian,Casa Pariurilor (Organization),true,false,false,true,false,false,Video preview,350,24,0.89,1,0,-1,,20,24,-4,,https://www.pontul-zilei.com/agentie/casa-pariurilor/,,https://www.pontul-zilei.com/agentie/casa-pariurilor/,2024-06-24 18:34:26,2026-06-11 03:41:31
excelbet pariuri sportive,RO,Romania,Romanian,ExcelBet (Organization),true,false,true,true,true,true,"Sitelinks, Image pack",300,0,0.60,0,,,,23,,Lost,,https://www.pontul-zilei.com/agentie/excelbet/,,,2024-06-18 12:58:47,
verificare bilet fortuna bet,RO,Romania,Romanian,Fortuna (Organization),true,false,false,true,false,false,Video preview,100,2,0.25,0,,,,19,,Lost,,https://www.pontul-zilei.com/agentie/fortuna/,,,2024-06-08 05:13:35,
letonia keno 20 62 rezultate,RO,Romania,Romanian,Letonia Keno 20/62 (Event),true,false,false,true,false,false,"Sitelinks, Image pack",150,0,,0,,,,20,,Lost,,https://www.pontul-zilei.com/articole-pariuri-sportive/letonia-keno-loto-strategii-rezultate-scheme-combinatii-live-sfaturi-de-la-jucatori/,,,2024-06-12 05:04:25,
getsbets,RO,Romania,,GetsBet (Organization),true,false,true,true,true,false,"Sitelinks, Video preview",150,6,0.60,0,0,0,,15,3,12,,https://www.pontul-zilei.com/agentie/gets-bet/,,https://www.pontul-zilei.com/agentie/gets-bet/,2024-06-12 10:59:14,2026-05-20 22:17:16
win for life superbet,RO,Romania,English,"Superbet (Organization), Win for Life (Event)",true,false,false,true,false,false,"Image pack, Video preview",90,0,0.20,0,,,,17,,Lost,,https://www.pontul-zilei.com/articole-pariuri-sportive/win-for-life-loto-italia-strategii-rezultate-combinatii-sfaturi/,,,2024-06-09 09:36:31,
ierarhia mainilor de poker,RO,Romania,Romanian,,false,false,false,true,false,false,"Featured snippet, Thumbnail",150,3,0.77,0,,,,20,,Lost,,https://www.pontul-zilei.com/articole-pariuri-sportive/maini-poker-stop-nu-incepe-jocul-de-poker-pana-nu-citesti-acest-articol/,,,2024-06-15 01:05:45,
loto keno franța,RO,Romania,Romanian,"French Keno (Event), France (Location)",false,false,false,true,false,false,Image pack,150,0,,0,,,,20,,Lost,,https://www.pontul-zilei.com/articole-pariuri-sportive/franta-keno-loto-strategii-rezultate-combinatii-sfaturi/,,,2024-06-23 06:09:46,
win for life 10 din 20,RO,Romania,Romanian,Win for Life 10/20 (Event),true,false,false,true,false,false,"AI Overview, Video preview",250,1,,0,0,0,,30,23,7,,https://www.pontul-zilei.com/pariuri-online/loteria-win-for-life-10-20-te-asteapta-cu-extrageri-zilnice/,,https://www.pontul-zilei.com/articole-pariuri-sportive/win-for-life-loto-italia-strategii-rezultate-combinatii-sfaturi/,2024-06-19 13:37:46,2026-05-22 02:54:40
predictii pariuri biletul zilei,RO,Romania,Romanian,Daily Betting Ticket (Product),true,false,false,true,false,false,Video preview,100,33,1.08,0,,,,20,,Lost,,https://www.pontul-zilei.com/category/ponturi-pariuri/,,,2024-06-26 05:34:10,
pariuri sportive casa pariurilor,RO,Romania,Romanian,Casa Pariurilor (Organization),true,false,true,true,true,true,"Sitelinks, Video preview, Image pack, Bottom ads, Paid sitelinks",80,26,0.43,0,,,,3,,Lost,,https://www.pontul-zilei.com/agentie/casa-pariurilor/,,,2024-06-08 18:29:08,
superbet sport,RO,Romania,Romanian,Superbet (Organization),true,false,false,true,true,false,"Video preview, Image pack",500,8,1.37,0,,,,26,,Lost,,https://www.pontul-zilei.com/agentie/superbet/,,,2024-06-14 20:04:22,
ruleta deciziei,RO,Romania,Romanian,Decision Wheel (Product),true,false,false,true,false,false,Video preview,2000,0,1.38,0,,,,29,,Lost,,https://www.pontul-zilei.com/articole-pariuri-sportive/deciziile-var-vor-fi-insotite-de-explicatii-pentru-ca-fanii-sa-le-inteleaga/,,,2024-06-27 03:17:57,
winmasters romania,RO,Romania,English,"Winmasters (Organization), Romania (Location)",true,false,true,true,true,false,"Sitelinks, Image pack, Video preview",150,4,0.25,0,,,,20,,Lost,,https://www.pontul-zilei.com/articole-pariuri-sportive/debut-tensionat-la-euro-pentru-istvan-kovacs/,,,2024-06-22 02:56:13,
fortuna bet oferta,RO,Romania,Romanian,Fortuna Bet (Organization),true,false,false,true,true,false,Sitelinks,80,53,0.09,0,0,0,,4,3,1,,https://www.pontul-zilei.com/agentie/fortuna/,,https://www.pontul-zilei.com/agentie/fortuna/,2024-06-26 00:37:20,2026-06-26 17:32:00
badminton reguli,RO,Romania,Romanian,,false,false,false,true,false,false,Video preview,90,0,0.01,0,,,,17,,Lost,,https://www.pontul-zilei.com/articole-pariuri-sportive/totul-despre-badminton-regulamentul-sportului-aflat-la-jocurile-olimpice-din-1992/,,,2024-06-17 01:07:59,
gest bet,RO,Romania,Romanian,GetsBet (Organization),true,false,false,true,true,false,Sitelinks,900,38,0.31,0,0,0,,23,3,20,,https://www.pontul-zilei.com/agentie/gets-bet/,,https://www.pontul-zilei.com/agentie/gets-bet/,2024-06-27 23:16:21,2026-06-16 11:14:08
loto letonia 20 din 62,RO,Romania,Romanian,Letonia Keno 20/62 (Event),true,false,false,true,false,false,"Sitelinks, Image pack",800,0,0.22,0,,,,28,,Lost,,https://www.pontul-zilei.com/articole-pariuri-sportive/letonia-keno-loto-strategii-rezultate-scheme-combinatii-live-sfaturi-de-la-jucatori/,,,2024-06-23 03:59:16,
lucky casino romania,RO,Romania,English,"Luck Casino (Organization), Romania (Location)",true,false,false,true,true,false,"Sitelinks, Video preview, Image pack",150,1,4.94,0,,,,20,,Lost,,https://www.pontul-zilei.com/agentie/luck-casino/,,,2024-06-11 13:02:39,
wfl 10/20,RO,Romania,Romanian,Win for Life 10/20 (Event),true,false,false,true,false,false,Thumbnail,1500,0,0.49,0,,,,31,,Lost,,https://www.pontul-zilei.com/articole-pariuri-sportive/win-for-life-loto-italia-strategii-rezultate-combinatii-sfaturi/,,,2024-06-22 08:14:25,
favbet romania,RO,Romania,English,"Favbet (Organization), Romania (Location)",true,false,true,true,true,false,"Sitelinks, Video preview, Image pack",200,0,2.84,0,,,,23,,Lost,,https://www.pontul-zilei.com/articole-pariuri-sportive/cluburile-din-premier-league-au-decis-ce-se-intampla-cu-tehnologia-var/,,,2024-06-09 03:46:03,
tenis superbet,RO,Romania,Romanian,Superbet (Organization),true,false,true,true,true,true,"Video preview, Image pack",300,0,1.74,0,,,,24,,Lost,,https://www.pontul-zilei.com/articole-pariuri-sportive/nou-castig-bomba-la-superbet-peste-57-000-lei-cu-50-lei-pariati/,,,2024-06-09 11:10:53,
polonia multi forum,RO,Romania,Romanian,Polonia Multi (Event),true,false,false,true,false,false,Sitelinks,500,23,,,0,,,,26,New,,,,https://www.pontul-zilei.com/articole-pariuri-sportive/multi-polonia-loto-strategii-rezultate-combinatii-sfaturi/,,2026-06-15 07:10:37
grecia kino,RO,Romania,Romanian,Grecia Kino (Event),true,false,false,true,false,false,"Sitelinks, Image pack, Video preview",102000,5,0.54,0,,,,28,,Lost,Image pack,https://www.pontul-zilei.com/articole-pariuri-sportive/loto-grecia-kino-cele-mai-bune-strategii-de-joc-ca-sa-iti-cresti-sansele-de-castig/,,,2024-06-27 10:04:12,
campionatul spaniol,RO,Romania,Romanian,LaLiga (Event),true,false,false,true,false,false,"Knowledge panel, Image pack, Video preview",150,7,,0,,,,21,,Lost,,https://www.pontul-zilei.com/articole-pariuri-sportive/cele-20-de-echipe-care-au-scris-istoria-campionatului-spaniol/,,,2024-06-08 19:47:37,
superbet bonusuri,RO,Romania,Romanian,Superbet (Organization),true,false,false,true,true,false,"Video preview, Image pack",80,4,4.01,0,,,,18,,Lost,,https://www.pontul-zilei.com/agentie/superbet/,,,2024-06-24 22:06:49,
loto keno germania,RO,Romania,Romanian,"German Keno (Event), Germania Keno (Event)",true,false,false,true,false,false,Image pack,80,0,0.28,0,,,,18,,Lost,,https://www.pontul-zilei.com/articole-pariuri-sportive/germania-keno-loto-strategii-rezultate-combinatii-sfaturi/,,,2024-06-26 19:36:21,
ungaria putto 8/20 rezultate,RO,Romania,Romanian,Ungaria Putto 8/20 (Event),true,false,false,true,false,false,,700,0,,,0,,,,28,New,,,,https://www.pontul-zilei.com/blog/netbet-loto/,,2026-06-17 15:52:14
gets bet verificare bilet live,RO,Romania,Romanian,GetsBet (Organization),true,false,true,true,false,false,"Sitelinks, Video preview",900,55,0.79,5,0,-4,,9,29,-20,,https://www.pontul-zilei.com/agentie/gets-bet/,,https://www.pontul-zilei.com/blog/gets-bet-verificare-bilet/,2024-06-10 00:33:22,2026-06-05 19:19:51
cota 3 azi,RO,Romania,Romanian,,false,false,false,true,false,false,"Video preview, Image pack",80,10,,0,,,,18,,Lost,,https://www.pontul-zilei.com/category/biletul-zilei/,,,2024-06-11 17:03:16,
cat dureaza un meci de baschet,RO,Romania,Romanian,,false,false,false,true,false,false,"AI Overview, Thumbnail, People also ask, Video preview",200,0,,0,0,0,,21,19,2,,https://www.pontul-zilei.com/articole/tot-ce-trebuie-sa-stii-despre-baschet/,,https://www.pontul-zilei.com/articole/tot-ce-trebuie-sa-stii-despre-baschet/,2024-06-23 08:16:45,2026-06-13 17:28:53
cod bilet fortuna,RO,Romania,Romanian,Fortuna (Organization),true,false,false,true,false,false,"Thumbnail, Video preview, Image pack",100,3,,0,,,,20,,Lost,,https://www.pontul-zilei.com/agentie/fortuna/,,,2024-06-21 14:22:13,
winbet pareri,RO,Romania,Romanian,Winbet (Organization),true,false,false,true,false,false,"Image pack, Video preview",80,0,1.01,0,,,,18,,Lost,,https://www.pontul-zilei.com/agentie/winbet/,,,2024-06-27 01:34:18,
multi polonia forum,RO,Romania,,,false,false,false,false,false,false,Sitelinks,900,35,,,0,,,,29,New,,,,https://www.pontul-zilei.com/articole-pariuri-sportive/multi-polonia-loto-strategii-rezultate-combinatii-sfaturi/,,2026-06-16 01:09:20
superbet casino online,RO,Romania,English,Superbet (Organization),true,false,false,true,true,false,"Sitelinks, Image pack, Video preview",1100,19,0.59,0,,,,30,,Lost,,https://www.pontul-zilei.com/agentie/superbet/,,,2024-06-23 16:32:55,
italia keno 10e,RO,Romania,Romanian,Italia Keno 10E (Event),true,false,false,true,false,false,"Sitelinks, Image pack",1800,0,0.16,0,,,,32,,Lost,,https://www.pontul-zilei.com/articole-pariuri-sportive/loto-italia-keno-afla-acum-cand-si-unde-poti-paria/,,,2024-06-27 10:52:42,
calculator sistem pariuri,RO,Romania,Romanian,,false,false,false,true,false,false,Video preview,100,0,0.41,0,,,,17,,Lost,,https://www.pontul-zilei.com/articole-pariuri-sportive/cum-se-calculeaza-castigul-la-un-bilet-la-pariuri-tip-sistem/,,,2024-06-18 04:28:06,
cat dureaza un meci de volei,RO,Romania,Romanian,,false,false,false,true,false,false,"Featured snippet, People also ask, Image pack",100,0,,0,,,,19,,Lost,,https://www.pontul-zilei.com/articole-pariuri-sportive/reguli-volei-regulament-si-informatii/,,,2024-06-11 14:00:53,
mainile la poker,RO,Romania,Romanian,,false,false,false,true,false,false,"Image pack, Video preview",100,5,0.73,0,,,,20,,Lost,,https://www.pontul-zilei.com/articole-pariuri-sportive/maini-poker-stop-nu-incepe-jocul-de-poker-pana-nu-citesti-acest-articol/,,,2024-06-12 18:58:45,
rez italia keno,RO,Romania,Romanian,Italia Keno 10E (20/90) (Event),true,false,false,true,false,false,"Image pack, Video preview",1300,1,0.22,0,,,,31,,Lost,,https://www.pontul-zilei.com/articole-pariuri-sportive/loto-italia-keno-afla-acum-cand-si-unde-poti-paria/,,,2024-06-26 09:28:23,
rezultate italia win for life,RO,Romania,Romanian,"Win for Life (Event), Italy (Location)",true,false,false,true,false,false,Image pack,150,0,,0,,,,21,,Lost,,https://www.pontul-zilei.com/articole-pariuri-sportive/win-for-life-loto-italia-strategii-rezultate-combinatii-sfaturi/,,,2024-06-07 11:12:40,
polonia multi multi 20/80 rezultate,RO,Romania,Romanian,"Polonia Multi Multi 20/80 (Event), 20/80 (Event)",true,false,false,true,false,false,"Image pack, Video preview",2600,1,0.21,0,,,,36,,Lost,,https://www.pontul-zilei.com/articole-pariuri-sportive/multi-polonia-loto-strategii-rezultate-combinatii-sfaturi/,,,2024-06-27 06:00:07,
pareri winbet,RO,Romania,Romanian,Winbet (Organization),true,false,false,true,true,false,Image pack,100,0,1.11,0,,,,20,,Lost,,https://www.pontul-zilei.com/agentie/winbet/,,,2024-06-08 17:55:27,
france keno 20/70,RO,Romania,English,"France Keno 20/70 (Event), France (Location)",true,false,false,true,false,false,Image pack,100,0,,0,,,,21,,Lost,,https://www.pontul-zilei.com/articole-pariuri-sportive/franta-keno-loto-strategii-rezultate-combinatii-sfaturi/,,,2024-06-12 12:46:01,
rezultate italia keno 20/90,RO,Romania,Romanian,"Keno (Event), 20/90 (Event), Italy (Location)",false,false,false,true,false,false,Video preview,700,28,,0,0,0,,44,28,16,,https://www.pontul-zilei.com/articole-pariuri-sportive/loto-italia-keno-afla-acum-cand-si-unde-poti-paria/,,https://www.pontul-zilei.com/articole-pariuri-sportive/loto-italia-keno-afla-acum-cand-si-unde-poti-paria/,2024-06-21 05:34:33,2026-06-05 20:55:17
kino grecia live,RO,Romania,Romanian,Kino Grecia (Event),true,false,false,true,false,false,"Image pack, Video preview",2600,7,0.34,0,,,,30,,Lost,,https://www.pontul-zilei.com/articole-pariuri-sportive/loto-grecia-kino-cele-mai-bune-strategii-de-joc-ca-sa-iti-cresti-sansele-de-castig/,,,2024-06-27 04:09:02,
bilete castigatoare winner,RO,Romania,Romanian,Winner (Event),true,false,false,true,false,false,"Sitelinks, Image pack, Video preview",150,0,0.52,0,,,,22,,Lost,,https://www.pontul-zilei.com/category/biletul-zilei/,,,2024-06-25 02:24:34,
pariuri gets bet,RO,Romania,Romanian,Get's Bet (Organization),true,false,true,true,true,true,"Sitelinks, Video preview",100,0,0.81,0,,,,20,,Lost,,https://www.pontul-zilei.com/agentie/gets-bet/,,,2024-06-10 17:03:26,
italia 10e lotto 20/90,RO,Romania,Romanian,Italia 10E Lotto 20/90 (Event),true,false,false,true,false,false,"Image pack, Video preview",90,0,0.12,0,,,,19,,Lost,,https://www.pontul-zilei.com/articole-pariuri-sportive/loto-italia-keno-afla-acum-cand-si-unde-poti-paria/,,,2024-06-25 23:38:03,
ponturi,RO,Romania,Romanian,,false,false,false,true,false,false,Video preview,600,60,0.27,49,0,-49,,8,30,-22,,https://www.pontul-zilei.com/category/ponturi-pariuri/,,https://www.pontul-zilei.com/category/ponturi-pariuri/,2024-06-23 02:43:42,2026-06-22 08:59:48
loto franta 20 70,RO,Romania,Romanian,French Keno 20/70 (Event),true,false,false,true,false,false,,200,0,0.22,0,,,,23,,Lost,,https://www.pontul-zilei.com/articole-pariuri-sportive/franta-keno-loto-strategii-rezultate-combinatii-sfaturi/,,,2024-06-20 22:13:37,
verificare bilet baumbet,RO,Romania,Romanian,Baumbet (Organization),true,false,true,true,false,false,"Sitelinks, Image pack",200,1,0.54,0,,,,22,,Lost,,https://www.pontul-zilei.com/agentie/baumbet/,,,2024-06-16 05:06:38,
case de pariuri legale,RO,Romania,Romanian,,false,false,false,true,true,false,Image pack,150,41,5.22,0,,,,22,,Lost,,https://www.pontul-zilei.com/top-case-de-pariuri-online/,,,2024-06-23 07:18:58,
pariuri fotbal azi,RO,Romania,Romanian,,false,false,false,true,true,true,"Video preview, Image pack",200,32,0.56,0,,,,23,,Lost,,https://www.pontul-zilei.com/category/ponturi-pariuri/,,,2024-06-21 17:46:01,
casa de pariuri excelbet,RO,Romania,Romanian,Excelbet (Organization),true,false,false,true,true,false,"Sitelinks, Image pack",150,0,1.20,0,,,,22,,Lost,,https://www.pontul-zilei.com/agentie/excelbet/,,,2024-06-10 14:25:02,
gets bets,RO,Romania,English,GetsBet (Organization),true,false,false,true,true,false,"Sitelinks, Video preview",4000,36,0.43,0,0,0,,13,4,9,,https://www.pontul-zilei.com/agentie/gets-bet/,,https://www.pontul-zilei.com/agentie/gets-bet/,2024-06-27 01:18:53,2026-06-22 02:14:11
fileu tenis de picior,RO,Romania,Romanian,,false,false,false,true,true,true,"Thumbnail, Image pack, Video preview",800,0,0.08,0,,,,29,,Lost,,https://www.pontul-zilei.com/articole-pariuri-sportive/regulamentul-tenisului-de-picior/,,,2024-06-14 04:11:12,
www.betano,RO,Romania,,Betano (Organization),true,false,true,true,false,false,"Sitelinks, Video preview, Image pack",100,4,2.10,0,,,,3,,Lost,,https://www.pontul-zilei.com/agentie/betano/,,,2024-06-13 23:51:27,
rezultate kino italia,RO,Romania,Romanian,Italia Keno (Event),true,false,false,true,false,false,Image pack,200,0,,0,,,,23,,Lost,,https://www.pontul-zilei.com/articole-pariuri-sportive/loto-italia-keno-afla-acum-cand-si-unde-poti-paria/,,,2024-06-24 07:34:40,
game world casino,RO,Romania,English,Game World Casino (Organization),true,false,false,true,true,false,"Sitelinks, Knowledge panel, Thumbnail, Video preview",900,0,0.13,0,,,,30,,Lost,,https://www.pontul-zilei.com/agentie/game-world-casino/,,,2024-06-27 16:32:09,
excelbet azi,RO,Romania,Romanian,Excelbet (Organization),true,false,true,true,true,false,Image pack,200,0,,0,,,,23,,Lost,,https://www.pontul-zilei.com/category/biletul-zilei/,,,2024-06-13 08:51:40,
maxbet pariuri sportive,RO,Romania,Romanian,MaxBet (Organization),true,false,true,true,true,true,"Sitelinks, Video preview, Image pack, Bottom ads",150,2,0.74,0,,,,20,,Lost,,https://www.pontul-zilei.com/agentie/maxbet/,,,2024-06-17 18:36:02,
win2 bonus fara depunere,RO,Romania,Romanian,Win2 (Organization),true,false,false,true,true,false,"Bottom ads, Paid sitelinks",300,0,0.74,0,,,,25,,Lost,,https://www.pontul-zilei.com/agentie/win2/,,,2024-06-23 11:14:12,
www gets bet,RO,Romania,English,,false,false,true,true,true,false,"Sitelinks, Video preview, Image pack",200,1,1.08,0,,,,23,,Lost,,https://www.pontul-zilei.com/agentie/gets-bet/,,,2024-06-21 17:57:34,
pariuri sportive unibet,RO,Romania,Romanian,Unibet (Organization),true,false,true,true,true,true,Image pack,200,18,0.28,0,,,,23,,Lost,,https://www.pontul-zilei.com/agentie/unibet/,,,2024-06-22 18:33:09,
baumbet bonus,RO,Romania,Romanian,Baumbet (Organization),true,false,false,true,true,false,Image pack,200,1,1.40,0,,,,23,,Lost,,https://www.pontul-zilei.com/agentie/baumbet/,,,2024-06-14 22:04:04,
biletul zilei casa pariurilor,RO,Romania,Romanian,"Casa Pariurilor (Organization), Daily Betting Ticket (Product)",true,false,false,true,true,false,"Video preview, Image pack",90,33,0.31,0,,,,12,,Lost,,https://www.pontul-zilei.com/category/biletul-zilei/,,,2024-06-15 14:25:14,
casa pariuri sportive,RO,Romania,Romanian,,false,false,false,true,true,false,"Thumbnail, Image pack",350,40,1.60,0,,,,26,,Lost,,https://www.pontul-zilei.com/top-case-de-pariuri-online/,,,2024-06-23 19:32:57,
keno franța,RO,Romania,Romanian,"French Keno (Event), France (Location)",false,false,false,true,false,false,Image pack,450,0,0.26,0,,,,27,,Lost,,https://www.pontul-zilei.com/articole-pariuri-sportive/franta-keno-loto-strategii-rezultate-combinatii-sfaturi/,,,2024-06-08 13:14:03,
liga germania,RO,Romania,Romanian,Bundesliga (Event),true,false,false,true,false,false,"Knowledge panel, Top stories, Thumbnail, Video preview, Image pack",150,3,1.53,0,,,,22,,Lost,,https://www.pontul-zilei.com/articole-pariuri-sportive/mii-de-oameni-la-primul-antrenament-al-tricolorilor-in-germania/,,,2024-06-12 02:32:41,
tenis astazi,RO,Romania,Romanian,,false,false,false,true,false,false,"Video preview, Image pack",150,10,0.70,0,,,,22,,Lost,,https://www.pontul-zilei.com/category/ponturi-pariuri/ponturi-pariuri-tenis/,,,2024-06-26 20:04:35,
loto slovacia 20 din 80,RO,Romania,Romanian,Slovacia Keno 20/80 (Event),true,false,false,true,false,false,"Sitelinks, Image pack",100,0,,0,,,,21,,Lost,,https://www.pontul-zilei.com/articole-pariuri-sportive/slovacia-keno-loto-strategii-rezultate-scheme-combinatii-live-sfaturi-de-la-jucatori/,,,2024-06-23 22:57:01,
superbet pariuri sportive online,RO,Romania,Romanian,Superbet (Organization),true,false,true,true,true,true,"Sitelinks, Video preview",150,16,1.82,0,,,,23,,Lost,,https://www.pontul-zilei.com/articole-pariuri-sportive/egalitate-perfecta-la-euro-2024-ce-criteriu-de-departajare-s-a-folosit-in-grupa-c/,,,2024-06-27 20:09:52,
oferta get's bet,RO,Romania,Romanian,GetsBet (Organization),true,false,false,true,true,false,"Sitelinks, Video preview, Image pack",250,0,0.75,0,,,,26,,Lost,,https://www.pontul-zilei.com/pariuri-online/oferta-exclusiva-in-ziua-de-ajun-de-la-gets-bet-66-ron-pariu-gratuit/,,,2024-06-18 08:46:16,
brazilia vs,RO,Romania,Romanian,Brazil national football team (Organization),true,false,false,true,false,false,"Video preview, Image pack",100,0,,0,,,,21,,Lost,,https://www.pontul-zilei.com/ponturipariuri/ponturi-brazilia-vs-coreea-de-sud-fotbal-5-decembrie-2022-campionatul-mondial/,,,2024-06-19 09:04:30,
mozzart casino,RO,Romania,Romanian,Mozzart Casino (Organization),true,false,true,true,true,true,Video preview,1700,2,0.41,0,,,,34,,Lost,,https://www.pontul-zilei.com/agentie/mozzart/,,,2024-06-26 01:49:47,
superbet meciuri,RO,Romania,Romanian,Superbet (Organization),true,false,false,true,true,false,"Sitelinks, Video preview, Image pack",300,13,0.65,0,,,,25,,Lost,,https://www.pontul-zilei.com/articole-pariuri-sportive/un-parior-a-castigat-1-000-000-lei-la-superbet-pe-esports-ce-meciuri-a-jucat/,,,2024-06-12 11:03:06,
loto letonia keno 20 din 62,RO,Romania,Romanian,"Letonia Keno 20/62 (Event), Keno (Event)",true,false,false,true,false,false,"Sitelinks, Image pack",700,0,,0,,,,29,,Lost,,https://www.pontul-zilei.com/articole-pariuri-sportive/letonia-keno-loto-strategii-rezultate-scheme-combinatii-live-sfaturi-de-la-jucatori/,,,2024-06-25 14:30:30,
cate calorii arzi pe bicicleta statica,RO,Romania,Romanian,,false,false,false,true,false,false,"Featured snippet, Thumbnail, Image pack, Video preview",150,0,,0,,,,22,,Lost,,https://www.pontul-zilei.com/articole-pariuri-sportive/tot-ce-trebuie-sa-stii-despre-spinning/,,,2024-06-23 03:08:44,
ponturi gg azi,RO,Romania,Romanian,,false,false,false,true,false,false,Video preview,400,19,0.29,0,,,,27,,Lost,,https://www.pontul-zilei.com/category/ponturi-pariuri/,,,2024-06-27 03:28:34,
pariuri cupa mondiala,RO,Romania,Romanian,FIFA World Cup (Event),true,false,false,true,true,true,"Image pack, Video preview",80,1,,0,,,,20,,Lost,,https://www.pontul-zilei.com/articole-pariuri-sportive/cote-speciale-de-la-betano-pentru-cupa-mondiala-de-rugby/,,,2024-06-15 19:23:06,
program stanleybet de sarbatori,RO,Romania,Romanian,Stanleybet (Organization),true,false,false,true,false,false,,90,0,,0,,,,20,,Lost,,https://www.pontul-zilei.com/stiri-pariuri-sportive/unde-pariem-de-sarbatori-programul-caselor-de-pariuri-offline/,,,2024-06-13 11:32:51,
excelbet online,RO,Romania,English,ExcelBet (Organization),true,false,false,true,true,false,"Image pack, Video preview, Bottom ads, Paid sitelinks",100,0,0.74,0,,,,21,,Lost,,https://www.pontul-zilei.com/agentie/excelbet/,,,2024-05-29 11:30:57,
casino efbet,RO,Romania,English,Efbet Casino (Organization),true,false,false,true,true,false,"Sitelinks, Local pack, Thumbnail, Image pack",90,0,2.68,0,,,,22,,Lost,,https://www.pontul-zilei.com/articole-pariuri-sportive/gattuso-trece-marea-sa-se-bata-cu-dinamo/,,,2024-06-14 00:28:47,
polonia mulți multi,RO,Romania,Romanian,Polonia Multi (Event),true,false,false,true,false,false,Video preview,600,38,0.27,,0,,,,29,New,,,,https://www.pontul-zilei.com/articole-pariuri-sportive/multi-polonia-loto-strategii-rezultate-combinatii-sfaturi/,,2026-06-07 12:19:25
get bet oferta fotbal azi,RO,Romania,Romanian,Get's Bet (Organization),true,false,false,true,true,true,"Sitelinks, Image pack, Video preview",800,2,0.63,0,,,,30,,Lost,,https://www.pontul-zilei.com/agentie/gets-bet/,,,2024-06-26 22:46:16,
program superbet sarbatori,RO,Romania,Romanian,Superbet (Organization),true,false,false,true,false,false,Image pack,200,0,,0,,,,24,,Lost,,https://www.pontul-zilei.com/stiri-pariuri-sportive/unde-pariem-de-sarbatori-programul-caselor-de-pariuri-offline/,,,2024-06-21 10:57:00,
get's bet fotbal,RO,Romania,Romanian,Get's Bet (Organization),true,false,true,true,true,true,"Sitelinks, Image pack, Video preview",200,0,0.61,0,,,,24,,Lost,,https://www.pontul-zilei.com/agentie/gets-bet/,,,2024-06-13 00:30:31,
winbet. ro,RO,Romania,,Winbet (Organization),true,false,true,true,false,false,"Sitelinks, Video preview",150,6,0.25,0,,,,23,,Lost,,https://www.pontul-zilei.com/agentie/winbet/,,,2024-06-24 13:08:53,
cand joaca djokovic azi,RO,Romania,Romanian,Novak Djokovic (Person),false,false,false,true,false,false,Image pack,600,0,,0,,,,29,,Lost,,https://www.pontul-zilei.com/ponturipariuri/ponturi-novak-djokovic-vs-hubert-hurkacz-tenis-02-martie-2023-atp-dubai/,,,2024-06-27 06:59:43,
franta keno 2,RO,Romania,Romanian,French Keno 20/70 (Event),true,false,false,true,false,false,Image pack,150,0,0.24,0,,,,22,,Lost,,https://www.pontul-zilei.com/articole-pariuri-sportive/franta-keno-loto-strategii-rezultate-combinatii-sfaturi/,,,2024-06-21 05:41:16,
loto polonia multi multi 20 80 rezultate,RO,Romania,Romanian,Loto Polonia Multi Multi 20/80 (Event),true,false,false,true,false,false,"Sitelinks, Video preview",1200,1,0.29,0,,,,32,,Lost,,https://www.pontul-zilei.com/articole-pariuri-sportive/multi-polonia-loto-strategii-rezultate-combinatii-sfaturi/,,,2024-06-22 08:11:00,
toto casino,RO,Romania,Romanian,Toto Casino (Organization),true,false,false,true,true,false,Video preview,17000,8,0.79,0,,,,44,,Lost,,https://www.pontul-zilei.com/agentie/totogaming/,,,2024-06-26 03:29:11,
unibet sport,RO,Romania,English,Unibet (Organization),true,false,false,true,true,false,"Sitelinks, Image pack, Video preview",100,42,1.14,0,,,,22,,Lost,,https://www.pontul-zilei.com/agentie/unibet/,,,2024-06-14 03:59:35,
germania keno 20 70,RO,Romania,Romanian,Germania Keno 20/70 (Event),true,false,false,true,false,false,,80,0,0.30,0,,,,20,,Lost,,https://www.pontul-zilei.com/articole-pariuri-sportive/germania-keno-loto-strategii-rezultate-combinatii-sfaturi/,,,2024-06-16 22:45:04,
win for life rezultate,RO,Romania,Romanian,Win for Life (Event),true,false,false,true,false,false,"AI Overview, Thumbnail",4300,2,0.35,0,0,0,,16,10,6,,https://www.pontul-zilei.com/articole-pariuri-sportive/win-for-life-loto-italia-strategii-rezultate-combinatii-sfaturi/,,https://www.pontul-zilei.com/articole-pariuri-sportive/win-for-life-loto-italia-strategii-rezultate-combinatii-sfaturi/,2024-06-27 17:31:52,2026-06-16 22:35:26
cat durează un meci de baschet,RO,Romania,Romanian,,false,false,false,true,false,false,"Featured snippet, People also ask, Image pack, Video preview",80,0,,0,,,,20,,Lost,,https://www.pontul-zilei.com/articole/tot-ce-trebuie-sa-stii-despre-baschet/,,,2024-06-12 03:10:54,
pronosport rezultate fotbal,RO,Romania,Romanian,Pronosport (Event),true,false,false,true,false,false,"Video preview, Image pack",150,0,0.62,0,,,,22,,Lost,,https://www.pontul-zilei.com/category/ponturi-pariuri/ponturi-fotbal/,,,2024-06-16 10:32:48,
betano casino login,RO,Romania,English,Betano (Organization),true,false,true,false,false,false,"Sitelinks, Video preview",100,4,,0,,,,21,,Lost,,https://www.pontul-zilei.com/agentie/betano/,,,2024-06-10 03:39:22,
grupa romaniei clasament,RO,Romania,Romanian,Group H (Event),false,false,false,true,false,false,,80,3,,0,,,,20,,Lost,,https://www.pontul-zilei.com/articole-pariuri-sportive/clasament-grupa-Romaniei-din-preliminariile-euro-2024-si-informatii-care-ii-privesc-pe-pariori/,,,2024-06-07 15:56:20,
pariuri azi,RO,Romania,Romanian,,false,false,false,true,false,false,"Sitelinks, Video preview, Image pack",200,46,0.88,0,,,,24,,Lost,,https://www.pontul-zilei.com/category/ponturi-pariuri/,,,2024-06-20 13:04:01,
reguli tenis,RO,Romania,Romanian,,false,false,false,true,false,false,"Video preview, Image pack",100,0,0.02,0,,,,23,,Lost,,https://www.pontul-zilei.com/articole-pariuri-sportive/reguli-tenis-regulament-tenis-de-camp/,,,2024-06-16 07:13:19,
slovacia keno 20/80,RO,Romania,Romanian,Slovacia Keno 20/80 (Event),true,false,false,true,false,false,,700,0,0.17,1,0,0,,29,30,-1,,https://www.pontul-zilei.com/articole-pariuri-sportive/slovacia-keno-loto-strategii-rezultate-scheme-combinatii-live-sfaturi-de-la-jucatori/,,https://www.pontul-zilei.com/articole-pariuri-sportive/slovacia-keno-loto-strategii-rezultate-scheme-combinatii-live-sfaturi-de-la-jucatori/,2024-06-21 08:18:30,2026-06-03 10:34:31
siteuri pariuri sportive,RO,Romania,Romanian,,false,false,false,true,true,false,"Image pack, Bottom ads, Paid sitelinks",100,47,8.11,0,,,,21,,Lost,,https://www.pontul-zilei.com/top-case-de-pariuri-online/,,,2024-06-11 02:34:26,
bilete smart,RO,Romania,Romanian,,false,false,true,false,true,true,"Sitelinks, Knowledge panel, Video preview",200,49,,0,0,0,,44,24,20,,https://www.pontul-zilei.com/articole-pariuri-sportive/video-modric-emotionat-pana-la-lacrimi/,,https://www.pontul-zilei.com/agentie/smart-bet/,2024-06-26 18:46:06,2026-06-20 17:23:58
letonia loto 20/62,RO,Romania,Romanian,Letonia Keno 20/62 (Event),true,false,false,true,false,false,"Sitelinks, Image pack",600,0,,0,,,,29,,Lost,,https://www.pontul-zilei.com/articole-pariuri-sportive/letonia-keno-loto-strategii-rezultate-scheme-combinatii-live-sfaturi-de-la-jucatori/,,,2024-06-23 12:47:46,
casa pariurilor excelbet,RO,Romania,Romanian,"Casa Pariurilor (Organization), ExcelBet (Organization)",true,false,false,true,true,false,"Sitelinks, Image pack",90,0,0.71,0,,,,21,,Lost,,https://www.pontul-zilei.com/agentie/excelbet/,,,2024-06-07 08:09:12,
campionatul mondial de snooker,RO,Romania,Romanian,World Snooker Championship (Event),true,false,false,true,false,false,"Knowledge panel, Video preview, Image pack",300,2,,0,,,,27,,Lost,,https://www.pontul-zilei.com/articole-pariuri-sportive/surpriza-majora-la-campionatul-mondial-de-snooker-video/,,,2024-06-27 18:46:12,
fortuna casino,RO,Romania,Romanian,Fortuna Casino (Organization),true,false,true,true,true,true,"Top ads, Paid sitelinks, Sitelinks, Knowledge panel, Video preview, Bottom ads",29000,17,0.53,0,,,,44,,Lost,,https://www.pontul-zilei.com/agentie/fortuna/,,,2024-06-27 08:47:17,
getbet,RO,Romania,,GetsBet (Organization),true,false,false,true,true,false,Sitelinks,1600,49,0.43,0,0,0,,27,4,23,,https://www.pontul-zilei.com/agentie/gets-bet/,,https://www.pontul-zilei.com/agentie/gets-bet/,2024-06-27 02:21:07,2026-06-22 06:19:05
casino betano,RO,Romania,English,Betano (Organization),true,false,true,true,true,true,"Video preview, Image pack",450,13,1.55,0,,,,28,,Lost,,https://www.pontul-zilei.com/agentie/betano/,,,2024-06-11 12:51:07,
superbet oferta pariuri,RO,Romania,Romanian,Superbet (Organization),true,false,false,true,true,false,"Image pack, Video preview",150,6,,0,,,,23,,Lost,,https://www.pontul-zilei.com/agentie/superbet/,,,2024-06-09 03:04:51,
pariuri 888,RO,Romania,Romanian,888 (Organization),true,false,false,true,true,false,"Image pack, Video preview",200,18,2.14,0,,,,24,,Lost,,https://www.pontul-zilei.com/agentie/888sport/,,,2024-06-14 01:45:40,
win2 casino romania,RO,Romania,English,"Win2 Casino (Organization), Romania (Location)",true,false,true,true,true,true,"Sitelinks, Video preview",90,0,,0,,,,21,,Lost,,https://www.pontul-zilei.com/agentie/win2/,,,2024-06-08 03:40:34,
netbet vegas,RO,Romania,English,"NetBet (Organization), NetBet Vegas (Product)",true,true,true,true,true,true,"Image pack, Video preview",150,32,,0,,,,23,,Lost,,https://www.pontul-zilei.com/articole-pariuri-sportive/campionatul-european-2024-grupa-f/,,,2024-06-09 06:23:36,
numerele la loto letonia 20 62,RO,Romania,Romanian,"Loto Letonia Keno 20/62 (Event), Lettish Keno 20/62 (Event)",true,false,false,true,false,false,"Sitelinks, Image pack",800,0,,0,,,,31,,Lost,,https://www.pontul-zilei.com/articole-pariuri-sportive/letonia-keno-loto-strategii-rezultate-scheme-combinatii-live-sfaturi-de-la-jucatori/,,,2024-06-27 14:06:35,
aplicatia superbet,RO,Romania,Romanian,Superbet (Product),true,false,false,true,true,true,"Knowledge panel, Video preview",500,2,1.48,0,,,,29,,Lost,,https://www.pontul-zilei.com/agentie/superbet/,,,2024-06-26 13:53:14,
seven casino online,RO,Romania,English,Seven Casino (Organization),true,false,false,true,true,true,"Sitelinks, Video preview",200,1,0.74,0,,,,25,,Lost,,https://www.pontul-zilei.com/agentie/seven/,,,2024-06-17 05:03:07,
batman pariuri,RO,Romania,Romanian,Batman (Work),false,false,false,true,true,false,Video preview,1300,3,1.47,0,,,,33,,Lost,,https://www.pontul-zilei.com/articole-pariuri-sportive/ce-jocuri-la-reducere-ofera-xbox/,,,2024-06-27 00:15:16,
oferta superbet tenis,RO,Romania,Romanian,Superbet (Organization),true,false,false,true,true,false,"Sitelinks, Video preview, Image pack",200,0,1.84,0,,,,25,,Lost,,https://www.pontul-zilei.com/ponturipariuri/ponturile-zilei-din-tenis-vineri-14-iunie-2024/,,,2024-06-14 06:43:18,
pariuri live fortuna,RO,Romania,Romanian,Fortuna (Organization),true,false,true,true,true,true,"Sitelinks, Video preview",100,13,0.34,0,,,,22,,Lost,,https://www.pontul-zilei.com/agentie/fortuna/,,,2024-06-08 19:32:17,
verificare gets bet,RO,Romania,Romanian,Get's Bet (Organization),true,false,true,true,false,false,Image pack,150,0,0.46,0,,,,23,,Lost,,https://www.pontul-zilei.com/agentie/gets-bet/,,,2024-06-10 06:17:22,
pariuri gala rxf,RO,Romania,Romanian,Gala RXF (Event),true,false,false,true,false,false,"Top ads, Video preview",100,0,,0,,,,24,,Lost,,https://www.pontul-zilei.com/articole-pariuri-sportive/gala-rxf-iunie-2023-cote-pariuri-meciuri-prezentare/,,,2024-06-13 16:14:24,
aplicatie casa pariurilor,RO,Romania,Romanian,Casa Pariurilor (Organization),true,false,false,true,true,false,"Image pack, Video preview",1600,0,1.89,0,,,,14,,Lost,,https://www.pontul-zilei.com/agentie/casa-pariurilor/,,,2024-06-27 11:29:50,
letonia keno 20 din 62,RO,Romania,Romanian,"Letonia Keno 20/62 (Event), Keno Letonia 20/62 (Event)",true,false,false,true,false,false,"Sitelinks, Image pack",1600,0,0.84,0,,,,34,,Lost,,https://www.pontul-zilei.com/articole-pariuri-sportive/letonia-keno-loto-strategii-rezultate-scheme-combinatii-live-sfaturi-de-la-jucatori/,,,2024-06-27 05:15:14,
invarte roata,RO,Romania,Romanian,,false,false,false,true,false,false,"Video preview, Image pack",250,0,0.34,0,,,,18,,Lost,Image pack,https://www.pontul-zilei.com/pariuri-online/invarte-roata-norocului-si-castigi-premii-surpriza-de-la-betano/,,,2024-06-26 19:48:37,
superbet live chat,RO,Romania,English,Superbet (Organization),true,false,true,true,false,false,Video preview,500,1,1.58,0,,,,29,,Lost,,https://www.pontul-zilei.com/agentie/superbet/,,,2024-06-26 11:13:43,
stanleybet bonus,RO,Romania,English,Stanleybet (Organization),true,false,false,true,true,true,"Video preview, Image pack",80,0,0.84,0,,,,21,,Lost,,https://www.pontul-zilei.com/agentie/stanleybet/,,,2024-06-22 04:54:33,
ponturi 100 sigure,RO,Romania,Romanian,,false,false,false,true,false,false,Video preview,500,24,0.29,0,,,,29,,Lost,,https://www.pontul-zilei.com/category/ponturi-pariuri/,,,2024-06-24 09:33:15,
extragere loto grecia live,RO,Romania,Romanian,Greece (Location),false,false,false,true,false,false,"Image pack, Video preview",1200,5,1.23,0,,,,33,,Lost,,https://www.pontul-zilei.com/articole-pariuri-sportive/loto-grecia-kino-cele-mai-bune-strategii-de-joc-ca-sa-iti-cresti-sansele-de-castig/,,,2024-06-25 18:32:25,
stanleybet verificare bilet fotbal,RO,Romania,Romanian,Stanleybet (Organization),true,false,true,true,false,false,"Sitelinks, Video preview, Image pack",600,2,0.42,0,,,,30,,Lost,,https://www.pontul-zilei.com/agentie/betmen/,,,2024-06-19 03:18:17,
rezultate franta keno,RO,Romania,Romanian,French Keno (Event),false,false,false,true,false,false,Image pack,150,0,,0,,,,24,,Lost,,https://www.pontul-zilei.com/articole-pariuri-sportive/franta-keno-loto-strategii-rezultate-combinatii-sfaturi/,,,2024-06-13 15:06:20,
win for life 10/20 rezultate,RO,Romania,Romanian,Win for Life 10/20 (Event),true,false,false,true,false,false,,80,0,,0,,,,21,,Lost,,https://www.pontul-zilei.com/articole-pariuri-sportive/win-for-life-loto-italia-strategii-rezultate-combinatii-sfaturi/,,,2024-06-24 16:43:16,
super avancronica,RO,Romania,Romanian,Super Avancronica (Event),true,false,false,true,false,false,"Thumbnail, Video preview",150,6,,0,,,,24,,Lost,,https://www.pontul-zilei.com/cota-zilei-pariuri/super-cota-superbet-miercuri-15-mai-cota-3-25-castig-potential-325-ron/,,,2024-06-19 03:14:43,
multi polonia 1,RO,Romania,Romanian,Multi Loto Polonia 1 (Event),true,false,false,true,false,false,"Sitelinks, Image pack, Video preview",900,0,0.17,0,,,,32,,Lost,,https://www.pontul-zilei.com/articole-pariuri-sportive/multi-polonia-loto-strategii-rezultate-combinatii-sfaturi/,,,2024-06-24 12:48:53,
generator de numere norocoase dupa ziua de nastere,RO,Romania,Romanian,,false,false,false,true,false,false,,250,0,0.30,0,,,,26,,Lost,,https://www.pontul-zilei.com/articole-pariuri-sportive/germania-keno-loto-strategii-rezultate-combinatii-sfaturi/,,,2024-06-14 14:31:01,
cand joaca alcaraz,RO,Romania,Romanian,Carlos Alcaraz (Person),false,false,false,true,false,false,"Image pack, Video preview",600,0,,0,,,,30,,Lost,,https://www.pontul-zilei.com/ponturipariuri/ponturi-carlos-alcaraz-vs-mackenzie-mcdonald-tenis-01-martie-2023-atp-acapulco/,,,2024-06-10 00:22:48,
casa de pariuri online,RO,Romania,Romanian,Casa Pariurilor (Organization),true,false,false,true,true,true,"Image pack, Video preview",150,61,8.02,0,,,,25,,Lost,,https://www.pontul-zilei.com/top-case-de-pariuri-online/,,,2024-06-17 22:39:58,
cashpot bonus fara depunere 200 rotiri,RO,Romania,Romanian,CashPot (Organization),true,false,false,true,true,false,Image pack,600,0,1.18,0,,,,30,,Lost,,https://www.pontul-zilei.com/agentie/million/,,,2024-06-19 03:59:45,
luck cazino,RO,Romania,Romanian,Luck Casino (Organization),true,false,false,true,true,false,"Top ads, Paid sitelinks, Sitelinks, Knowledge panel, Thumbnail, Video preview, Image pack, Bottom ads",150,1,0.67,0,,,,24,,Lost,,https://www.pontul-zilei.com/agentie/luck-casino/,,,2024-06-23 19:50:05,
oțelul vs. csikszereda,RO,Romania,Romanian,"Oțelul Galați (Organization), FK Csíkszereda Miercurea Ciuc (Organization)",true,false,false,true,false,false,"Video preview, Image pack",150,0,,0,,,,24,,Lost,,https://www.pontul-zilei.com/ponturipariuri/ponturi-otelul-galati-vs-csikszereda-miercurea-ciuc-fotbal-03-martie-2023-liga-2/,,,2024-06-15 21:46:51,
aplicație casa pariurilor,RO,Romania,Romanian,Casa Pariurilor (Organization),true,false,false,true,true,true,Video preview,200,1,1.89,0,,,,25,,Lost,,https://www.pontul-zilei.com/agentie/casa-pariurilor/,,,2024-06-26 18:09:18,
oferta de azi la superbet fotbal,RO,Romania,Romanian,Superbet (Organization),true,false,false,true,true,true,"Video preview, Image pack",2200,4,1.57,0,,,,36,,Lost,,https://www.pontul-zilei.com/agentie/superbet/,,,2024-06-27 09:25:40,
clasament grupa româniei,RO,Romania,Romanian,Romania (Location),false,false,false,true,false,false,"Image pack, Video preview",150,2,,0,,,,24,,Lost,,https://www.pontul-zilei.com/articole-pariuri-sportive/clasament-grupa-Romaniei-din-preliminariile-euro-2024-si-informatii-care-ii-privesc-pe-pariori/,,,2024-06-14 11:12:55,
superbet casino,RO,Romania,English,Superbet Casino (Organization),true,false,false,true,true,false,"Sitelinks, Knowledge panel, Video preview",13000,1,2.07,0,,,,45,,Lost,,https://www.pontul-zilei.com/agentie/superbet/,,,2024-06-27 18:00:06,
loto polonia remize 5/5,RO,Romania,Romanian,"Loto Polonia 5/5 (Event), Remize (Event)",true,false,false,true,false,false,,350,9,0.38,,0,,,,28,New,,,,https://www.pontul-zilei.com/articole-pariuri-sportive/multi-polonia-loto-strategii-rezultate-combinatii-sfaturi/,,2026-06-16 14:17:40
letonia keno 20 din 62 rezultate,RO,Romania,Romanian,Letonia Keno 20/62 (Event),true,false,false,true,false,false,Image pack,150,0,,0,,,,24,,Lost,,https://www.pontul-zilei.com/articole-pariuri-sportive/letonia-keno-loto-strategii-rezultate-scheme-combinatii-live-sfaturi-de-la-jucatori/,,,2024-06-08 02:30:36,
roata superbet,RO,Romania,Romanian,"Superbet (Organization), Super Spin Wheel (Event)",true,false,false,true,true,false,"Sitelinks, Video preview, Image pack",100,0,1.50,0,,,,23,,Lost,,https://www.pontul-zilei.com/pariuri-online/superspin-superbet/,,,2024-06-16 20:40:24,
aplicatia betano,RO,Romania,Romanian,Betano (Organization),true,false,false,true,true,true,Video preview,90,1,2.00,0,,,,22,,Lost,,https://www.pontul-zilei.com/agentie/betano/,,,2024-06-24 08:29:11,
publicwin bonus fara depunere,RO,Romania,Romanian,PublicWin (Organization),true,false,false,true,true,false,"Featured snippet, Thumbnail, Image pack",250,0,0.99,0,,,,26,,Lost,,https://www.pontul-zilei.com/agentie/publicwin/,,,2024-06-21 05:49:00,
multi polonia 1 2,RO,Romania,Romanian,Multi Polonia 1 & 2 (Event),true,false,false,true,false,false,"Video preview, Image pack",200,0,,0,,,,26,,Lost,,https://www.pontul-zilei.com/articole-pariuri-sportive/multi-polonia-loto-strategii-rezultate-combinatii-sfaturi/,,,2024-06-12 21:26:51,
pariuri sportive polonia,RO,Romania,Romanian,Polonia Multi Loto (Work),true,false,false,true,true,false,"Thumbnail, Image pack, Video preview",100,4,0.37,0,,,,23,,Lost,,https://www.pontul-zilei.com/articole-pariuri-sportive/multi-polonia-loto-strategii-rezultate-combinatii-sfaturi/,,,2024-06-20 20:01:04,
pariuri 10,RO,Romania,Romanian,,false,false,false,true,false,false,"Sitelinks, Video preview, Image pack",150,41,1.43,0,,,,24,,Lost,,https://www.pontul-zilei.com/author/vladgheringyahoo-com/,,,2024-06-20 18:25:16,
rxf bilete,RO,Romania,Romanian,RXF (Organization),true,false,false,false,true,true,"Video preview, Image pack",200,0,0.04,0,,,,26,,Lost,,https://www.pontul-zilei.com/articole-pariuri-sportive/gala-rxf-iunie-2023-cote-pariuri-meciuri-prezentare/,,,2024-06-23 15:24:57,
casa pariuri fortuna,RO,Romania,Romanian,"Casa Pariurilor (Organization), Fortuna (Organization)",true,false,false,true,true,false,"Sitelinks, Thumbnail, Image pack, Video preview",80,6,0.55,0,,,,21,,Lost,,https://www.pontul-zilei.com/agentie/fortuna/,,,2024-06-22 09:53:59,
italia win for life 10 20,RO,Romania,English,"Italy Win for Life 10/20 (Event), Win for Life (Event), Win for Life 10/20 (Event)",true,false,false,true,false,false,"Image pack, Video preview",250,0,0.19,0,,,,21,,Lost,Image pack,https://www.pontul-zilei.com/articole-pariuri-sportive/win-for-life-loto-italia-strategii-rezultate-combinatii-sfaturi/,,,2024-06-26 20:57:32,
loto 20/90 italia,RO,Romania,Romanian,"Italia Keno 10E 20/90 (Event), 20/90 (Event), Italy (Location)",true,false,false,true,false,false,"Video preview, Image pack",1300,0,0.11,0,,,,34,,Lost,,https://www.pontul-zilei.com/articole-pariuri-sportive/loto-italia-keno-afla-acum-cand-si-unde-poti-paria/,,,2024-06-27 21:45:46,
ruleta europeana,RO,Romania,Romanian,European Roulette (Work),false,false,false,true,false,false,"Image pack, Video preview",100,0,2.48,0,,,,22,,Lost,,https://www.pontul-zilei.com/articole-pariuri-sportive/ruleta-europeana-ghidul-novicelui-ce-sanse-de-castig-ai/,,,2024-06-07 21:09:35,
betano pariuri live,RO,Romania,Romanian,Betano (Organization),true,false,false,true,true,false,"Sitelinks, Video preview",150,18,0.37,0,,,,24,,Lost,,https://www.pontul-zilei.com/agentie/betano/,,,2024-06-25 09:38:12,
letonia keno 20/62,RO,Romania,Romanian,"Letonia Keno 20/62 (Event), Keno Letonia 20/62 (Event)",true,false,false,true,false,false,"Sitelinks, Image pack",1500,0,0.23,0,,,,35,,Lost,,https://www.pontul-zilei.com/articole-pariuri-sportive/letonia-keno-loto-strategii-rezultate-scheme-combinatii-live-sfaturi-de-la-jucatori/,,,2024-06-26 20:12:50,
agentii betano bucuresti,RO,Romania,Romanian,"Betano betting agencies (Location), Bucharest (Location)",true,true,false,true,false,false,"Knowledge panel, Image pack",150,2,1.66,0,,,,24,,Lost,,https://www.pontul-zilei.com/articole-pariuri-sportive/vremea-schimbarii-la-dinamo-clubul-a-renuntat-la-sase-jucatori/,,,2024-06-13 23:09:12,
mozzartbet bonus,RO,Romania,Romanian,MozzartBet (Organization),true,false,false,true,true,true,"Image pack, Video preview",200,1,1.94,0,,,,26,,Lost,,https://www.pontul-zilei.com/agentie/mozzart/,,,2024-06-21 17:59:22,
rezultate keno italia,RO,Romania,Romanian,"Keno (Event), Italy (Location)",false,false,false,true,false,false,"Image pack, Video preview",900,0,,0,,,,33,,Lost,,https://www.pontul-zilei.com/articole-pariuri-sportive/loto-italia-keno-afla-acum-cand-si-unde-poti-paria/,,,2024-06-24 21:46:40,
meciuri tenis azi,RO,Romania,Romanian,,false,false,false,true,false,false,"Video preview, Image pack",350,9,,0,,,,29,,Lost,,https://www.pontul-zilei.com/category/ponturi-pariuri/ponturi-pariuri-tenis/,,,2024-06-23 00:16:15,
aplicatia netbet,RO,Romania,Romanian,NetBet (Organization),true,false,false,true,true,true,"Knowledge panel, Video preview",150,28,1.35,0,,,,24,,Lost,,https://www.pontul-zilei.com/agentie/netbet/,,,2024-06-27 20:33:05,
analiza numerelor loto polonia,RO,Romania,Romanian,Loto Polonia (Event),true,false,false,true,false,false,,1800,0,0.28,,0,,,,36,New,,,,https://www.pontul-zilei.com/articole-pariuri-sportive/multi-polonia-loto-strategii-rezultate-combinatii-sfaturi/,,2026-06-11 03:44:29
pariuri sportive fotbal azi,RO,Romania,Romanian,,false,false,false,true,true,true,"Video preview, Image pack",100,39,0.63,0,,,,24,,Lost,,https://www.pontul-zilei.com/category/ponturi-pariuri/,,,2024-06-12 04:14:29,
lotto italia 20/90,RO,Romania,Romanian,Italia Keno 10E 20/90 (Event),true,false,false,true,false,false,"Sitelinks, Video preview, Image pack",150,0,0.33,0,,,,25,,Lost,,https://www.pontul-zilei.com/articole-pariuri-sportive/loto-italia-keno-afla-acum-cand-si-unde-poti-paria/,,,2024-06-15 19:37:33,
u bt cluj meciuri,RO,Romania,Romanian,U-BT Cluj-Napoca (Organization),true,true,false,true,false,false,"Video preview, Image pack",90,0,,0,,,,23,,Lost,,https://www.pontul-zilei.com/articole-pariuri-sportive/avancronica-u-bt-cluj-vs-csm-oradea-baschet-meciul-2-al-finalei/,,,2024-06-23 21:37:30,
cum sa castigi la pacanele,RO,Romania,Romanian,,false,false,false,true,false,false,"Video preview, Image pack",80,0,1.20,0,,,,25,,Lost,,https://www.pontul-zilei.com/articole-pariuri-sportive/cum-sa-castig-la-pacanele-tot-ce-trebuie-sa-stii-de-la-alegeri-la-cazinouri-recomandate/,,,2024-06-17 17:07:51,
stanleybet casino,RO,Romania,English,Stanleybet (Organization),true,false,false,true,true,false,"Sitelinks, Image pack, Video preview",900,2,0.32,0,,,,33,,Lost,,https://www.pontul-zilei.com/agentie/stanleybet/,,,2024-06-11 14:36:54,
forum loto polonia multi,RO,Romania,Romanian,Loto Polonia Multi (Event),true,false,false,true,false,false,Sitelinks,1100,28,,,0,,,,34,New,,,,https://www.pontul-zilei.com/articole-pariuri-sportive/multi-polonia-loto-strategii-rezultate-combinatii-sfaturi/,,2026-06-24 18:51:04
total bet verificare bilet,RO,Romania,Romanian,Total Bet (Organization),true,false,false,true,false,false,"Sitelinks, Image pack",800,0,0.57,0,,,,4,,Lost,,https://www.pontul-zilei.com/agentie/total-bet/,,,2024-06-24 17:42:56,
superbet craiova,RO,Romania,Romanian,"Superbet (Organization), Craiova (Location)",true,true,false,true,false,false,"Local pack, Sitelinks, Thumbnail, Video preview, Image pack",250,0,0.41,0,,,,25,,Lost,,https://www.pontul-zilei.com/articole-pariuri-sportive/peste-110-000-lei-castig-cu-miza-de-25-lei-la-superbet/,,,2024-06-16 23:46:13,
pariuri sportive total bet,RO,Romania,Romanian,Total Bet (Organization),true,false,true,true,true,true,"Sitelinks, Image pack, Video preview",300,49,0.67,0,,,,29,,Lost,,https://www.pontul-zilei.com/agentie/total-bet/,,,2024-06-10 21:29:24,
unibet online,RO,Romania,English,Unibet (Organization),true,false,false,true,true,false,"Sitelinks, Image pack, Video preview",150,28,1.02,0,,,,25,,Lost,,https://www.pontul-zilei.com/agentie/unibet/,,,2024-06-17 13:24:05,
lotostats polonia,RO,Romania,Romanian,"LotoStats (Organization), Multi Loto Polonia (Event)",true,false,false,true,false,false,"Sitelinks, Video preview, Image pack",700,0,0.39,0,,,,32,,Lost,,https://www.pontul-zilei.com/articole-pariuri-sportive/multi-polonia-loto-strategii-rezultate-combinatii-sfaturi/,,,2024-06-14 19:26:52,
superbet meciuri azi,RO,Romania,Romanian,Superbet (Organization),true,false,true,true,true,true,"Video preview, Image pack",150,3,0.45,0,,,,25,,Lost,,https://www.pontul-zilei.com/category/cota-zilei-pariuri/,,,2024-06-15 13:33:40,
combinatii poker,RO,Romania,Romanian,,false,false,false,true,false,false,"Image pack, Video preview",400,3,0.22,0,,,,25,,Lost,,https://www.pontul-zilei.com/articole-pariuri-sportive/maini-poker-stop-nu-incepe-jocul-de-poker-pana-nu-citesti-acest-articol/,,,2024-06-24 00:33:23,
dimensiuni teren fotbal 5+1,RO,Romania,Romanian,,false,false,false,true,false,false,"Image pack, Video preview",100,0,,0,,,,24,,Lost,,https://www.pontul-zilei.com/tot-ce-trebuie-sa-stii-despre-terenul-de-fotbal/,,,2024-06-26 22:04:31,
cand joaca fcsb,RO,Romania,Romanian,FCSB (Organization),true,false,false,true,false,false,"Video preview, Image pack",300,1,0.16,0,,,,28,,Lost,,https://www.pontul-zilei.com/articole-pariuri-sportive/cand-se-joaca-fcsb-rapid-programul-etapelor-5-6-si-7-in-superliga-play-off-si-play-out/,,,2024-06-23 20:57:42,
get's bet oferta,RO,Romania,Romanian,Get's Bet (Organization),true,false,false,true,true,false,"Sitelinks, Image pack, Video preview",200,0,0.78,0,,,,27,,Lost,,https://www.pontul-zilei.com/agentie/gets-bet/,,,2024-06-22 11:13:21,
multi polonia rezultate,RO,Romania,Romanian,Multi Loto Polonia (Event),true,false,false,true,false,false,"Image pack, Video preview",700,1,0.20,0,,,,32,,Lost,Image pack,https://www.pontul-zilei.com/articole-pariuri-sportive/multi-polonia-loto-strategii-rezultate-combinatii-sfaturi/,,,2024-06-23 16:15:25,
cauta combinatii loto grecia,RO,Romania,Romanian,Greek Kino (Event),true,false,false,true,false,false,Image pack,80,0,0.56,0,,,,23,,Lost,,https://www.pontul-zilei.com/articole-pariuri-sportive/loto-grecia-kino-cele-mai-bune-strategii-de-joc-ca-sa-iti-cresti-sansele-de-castig/,,,2024-06-22 15:15:38,
conte cazino,RO,Romania,Romanian,Conti Cazino (Organization),true,false,true,true,true,true,"Sitelinks, Image pack, Video preview",150,2,,0,,,,26,,Lost,,https://www.pontul-zilei.com/articole-pariuri-sportive/antonio-conte-revine-in-italia-si-preia-banca-unei-foste-campioane/,,,2024-06-27 06:48:02,
hochei pe gheata,RO,Romania,Romanian,Ice Hockey (Event),false,false,false,true,false,false,"Knowledge panel, Video preview",90,10,0.27,0,,,,21,,Lost,,https://www.pontul-zilei.com/articole-pariuri-sportive/tot-ce-trebuie-sa-stii-despre-hochei-pe-gheata-regulamentul-celui-mai-urmarit-sport-olimpic-de-iarna/,,,2024-06-20 20:25:51,
live grecia kino,RO,Romania,Romanian,Grecia Kino (Event),true,false,false,true,false,false,"Image pack, Video preview",200,3,,0,,,,28,,Lost,,https://www.pontul-zilei.com/articole-pariuri-sportive/loto-grecia-kino-cele-mai-bune-strategii-de-joc-ca-sa-iti-cresti-sansele-de-castig/,,,2024-06-19 02:50:35,
superbet rotiri fara depunere,RO,Romania,Romanian,Superbet (Organization),true,false,false,true,true,false,"Videos, Image pack, Video preview",100,1,1.93,0,,,,24,,Lost,,https://www.pontul-zilei.com/agentie/superbet/,,,2024-06-20 21:41:59,
gameworld.ro rotiri gratuite,RO,Romania,Romanian,Gameworld.ro (Organization),true,false,false,true,true,false,"Video preview, Image pack",80,0,1.04,0,,,,23,,Lost,,https://www.pontul-zilei.com/agentie/game-world-casino/,,,2024-06-15 13:42:22,
portugalia elvetia,RO,Romania,Romanian,"Portugal (Location), Switzerland (Location)",false,false,false,true,false,false,"Thumbnail, Videos, Image pack, Video preview",150,0,,0,,,,23,,Lost,,https://www.pontul-zilei.com/ponturipariuri/ponturi-portugalia-vs-elvetia-fotbal-6-decembrie-2022-cupa-mondiala/,,,2024-06-24 00:24:42,
scor corect fotbal,RO,Romania,Romanian,,false,false,false,true,false,false,Video preview,150,0,0.48,0,,,,25,,Lost,,https://www.pontul-zilei.com/articole-pariuri-sportive/scor-corect-tipuri-de-pariuri-exemple-strategii/,,,2024-06-17 17:41:58,
oferta superbet pdf,RO,Romania,Romanian,Superbet (Organization),true,false,false,true,false,false,Image pack,150,2,2.84,0,,,,28,,Lost,,https://www.pontul-zilei.com/articole-pariuri-sportive/englezii-si-au-calculat-deja-prima-de-titlu-la-euro-cat-ar-lua-jucatorii/,,,2024-06-19 01:58:53,
fotbal maine,RO,Romania,Romanian,,false,true,false,true,false,false,"Video preview, Image pack",300,24,0.29,0,,,,29,,Lost,,https://www.pontul-zilei.com/category/ponturi-pariuri/ponturi-fotbal/,,,2024-06-27 21:23:48,
lotostats italia,RO,Romania,Romanian,"Lotostats (Organization), Italy (Location)",true,false,false,true,false,false,"Sitelinks, Image pack",150,1,0.34,0,,,,19,,Lost,Image pack,https://www.pontul-zilei.com/articole-pariuri-sportive/loto-italia-keno-afla-acum-cand-si-unde-poti-paria/,,,2024-06-21 00:07:51,
pariu sansa casa pariurilor,RO,Romania,Romanian,Pariu Sansa (Organization),true,false,true,true,true,true,"Video preview, Image pack",200,0,0.64,0,,,,28,,Lost,,https://www.pontul-zilei.com/pariuri-online/castiga-mingea-oficiala-euro-2024/,,,2024-06-16 01:51:01,
cel mai sigur site de predictii fotbal,RO,Romania,Romanian,,false,false,false,true,false,false,Image pack,200,8,,0,,,,27,,Lost,,https://www.pontul-zilei.com/category/ponturi-pariuri/ponturi-pariuri-fotbal-europa-league/,,,2024-06-08 21:58:54,
free bet fara depunere,RO,Romania,Romanian,,false,false,false,true,true,true,"Image pack, Bottom ads, Paid sitelinks",300,0,2.27,0,,,,29,,Lost,,https://www.pontul-zilei.com/top-case-de-pariuri-online/,,,2024-06-18 15:09:38,
loto multi polonia,RO,Romania,Romanian,Multi Loto Polonia (Event),true,false,false,true,false,false,"Video preview, Image pack",1700,0,0.36,0,,,,37,,Lost,,https://www.pontul-zilei.com/articole-pariuri-sportive/multi-polonia-loto-strategii-rezultate-combinatii-sfaturi/,,,2024-06-27 07:50:49,
manhattan casino online,RO,Romania,English,Manhattan Casino (Organization),true,false,false,true,true,true,Video preview,150,0,0.96,0,,,,26,,Lost,,https://www.pontul-zilei.com/agentie/manhattan/,,,2024-06-11 13:51:38,
superbet non stop,RO,Romania,Romanian,Superbet (Organization),true,false,false,true,true,false,"Featured snippet, Thumbnail, Video preview, Image pack",200,0,,0,,,,27,,Lost,,https://www.pontul-zilei.com/agentie/superbet/,,,2024-06-23 11:24:15,
f1 pariuri,RO,Romania,Romanian,Formula 1 (Event),true,false,true,false,true,true,"Image pack, Video preview",100,0,0.81,0,,,,25,,Lost,,https://www.pontul-zilei.com/articole-pariuri-sportive/formula-1-avancronica-marele-premiu-din-monaco/,,,2024-06-19 08:57:16,
superbet email,RO,Romania,English,Superbet (Organization),true,false,false,true,false,false,"Video preview, Image pack",150,2,0.99,0,,,,26,,Lost,,https://www.pontul-zilei.com/agentie/superbet/,,,2024-06-23 01:41:10,
despre fotbal,RO,Romania,Romanian,,false,false,false,true,false,false,"Knowledge panel, Video preview",300,0,0.01,0,,,,29,,Lost,,https://www.pontul-zilei.com/articole-pariuri-sportive/tot-ce-trebuie-sa-stii-despre-fotbal/,,,2024-06-15 11:02:20,
casa pariurilor mobile,RO,Romania,Romanian,Casa Pariurilor (Organization),true,false,true,true,true,true,Video preview,200,0,1.45,0,,,,27,,Lost,,https://www.pontul-zilei.com/agentie/casa-pariurilor/,,,2024-06-21 08:50:20,
manhattan casino rotiri gratuite,RO,Romania,Romanian,Manhattan Casino (Organization),true,false,false,true,true,false,Image pack,150,0,1.09,0,,,,26,,Lost,,https://www.pontul-zilei.com/agentie/manhattan/,,,2024-06-21 09:37:56,
loto polonia 20 din 80 ultimele rezultate,RO,Romania,Romanian,"Loto Polonia 20/80 (Event), 20 din 80 (Event)",true,false,false,true,false,false,"Image pack, Video preview",1000,2,0.11,0,,,,35,,Lost,,https://www.pontul-zilei.com/articole-pariuri-sportive/multi-polonia-loto-strategii-rezultate-combinatii-sfaturi/,,,2024-06-23 00:13:14,
bonusuri betano casino,RO,Romania,Romanian,Betano (Organization),true,false,false,true,true,false,"Image pack, Video preview, Bottom ads, Paid sitelinks",100,6,1.62,0,,,,25,,Lost,,https://www.pontul-zilei.com/agentie/betano/,,,2024-06-23 10:46:04,
liga 2 germania,RO,Romania,Romanian,"2. Bundesliga (Event), Germany (Location)",true,false,false,true,false,false,"Thumbnail, Video preview, Image pack, Knowledge panel",350,0,,0,,,,30,,Lost,,https://www.pontul-zilei.com/category/ponturi-pariuri/ponturi-pariuri-fotbal-germania/,,,2024-05-31 05:53:55,
loto letonia 20 62,RO,Romania,Romanian,Letonia Keno 20/62 (Event),true,false,false,true,false,false,"Sitelinks, Image pack",400,0,0.21,0,,,,31,,Lost,,https://www.pontul-zilei.com/articole-pariuri-sportive/letonia-keno-loto-strategii-rezultate-scheme-combinatii-live-sfaturi-de-la-jucatori/,,,2024-06-17 20:44:01,
italia keno ultimele rezultate,RO,Romania,Romanian,Italia Keno (Work),true,false,false,true,false,false,Image pack,400,1,,0,,,,31,,Lost,,https://www.pontul-zilei.com/articole-pariuri-sportive/loto-italia-keno-afla-acum-cand-si-unde-poti-paria/,,,2024-06-08 23:32:36,
promotii netbet,RO,Romania,Romanian,NetBet (Organization),true,false,false,true,true,false,"Video preview, Image pack",80,3,3.65,0,,,,24,,Lost,,https://www.pontul-zilei.com/agentie/netbet/,,,2024-06-16 06:05:06,
kino italia 20/90,RO,Romania,Romanian,Italia Keno 10E (20/90) (Event),true,false,false,true,false,false,"Sitelinks, Image pack, Video preview",80,1,,0,,,,20,,Lost,Image pack,https://www.pontul-zilei.com/articole-pariuri-sportive/loto-italia-keno-afla-acum-cand-si-unde-poti-paria/,,,2024-06-18 21:16:14,
loto ungaria 8 din 20,RO,Romania,Romanian,Ungaria Putto 8/20 (Event),true,false,false,true,false,false,Image pack,300,0,,0,,,,22,,Lost,Image pack,https://www.pontul-zilei.com/pariuri-online/loteria-ungaria-putto-8-20-te-asteapta-cu-extrageri-non-stop/,,,2024-06-11 23:59:05,
joc bridge,RO,Romania,Romanian,,false,false,false,true,false,false,"Videos, Image pack, Video preview",100,0,,0,,,,23,,Lost,,https://www.pontul-zilei.com/articole-pariuri-sportive/jocul-de-bridge-istorie-regulament-si-variante-de-joc/,,,2024-06-21 04:14:33,
bonus unibet casino,RO,Romania,English,Unibet Casino (Organization),true,false,false,true,true,false,Video preview,150,4,2.21,0,,,,27,,Lost,,https://www.pontul-zilei.com/agentie/unibet/,,,2024-06-19 16:40:41,
tabel combinatii pariuri sportive,RO,Romania,Romanian,,false,false,false,true,false,false,Image pack,100,0,0.53,0,,,,26,,Lost,,https://www.pontul-zilei.com/articole-pariuri-sportive/finlanda-keno-loto-strategii-rezultate-combinatii-sfaturi/,,,2024-06-15 00:13:54,
oferta fortuna,RO,Romania,Romanian,Fortuna (Organization),true,false,false,true,true,false,"Sitelinks, Bottom ads, Paid sitelinks",400,48,0.10,0,0,0,,8,4,4,,https://www.pontul-zilei.com/agentie/fortuna/,,https://www.pontul-zilei.com/agentie/fortuna/,2024-06-26 04:11:17,2026-06-14 09:55:47
repriza baschet,RO,Romania,Romanian,,false,false,false,true,false,false,"Featured snippet, People also ask, Video preview, Image pack",80,0,,0,,,,24,,Lost,,https://www.pontul-zilei.com/articole/tot-ce-trebuie-sa-stii-despre-baschet/,,,2024-06-15 01:42:19,
cate reprize are un meci de baschet,RO,Romania,Romanian,,false,false,false,true,false,false,"Featured snippet, Thumbnail, Image pack",150,0,,0,,,,25,,Lost,,https://www.pontul-zilei.com/articole/tot-ce-trebuie-sa-stii-despre-baschet/,,,2024-06-14 01:51:42,
case de pariuri legale ro,RO,Romania,Romanian,,false,true,false,true,true,false,Image pack,80,30,,0,,,,24,,Lost,,https://www.pontul-zilei.com/top-case-de-pariuri-online/,,,2024-06-13 15:26:27,
flashscore superbet,RO,Romania,English,"Flashscore (Organization), Superbet (Organization)",true,false,false,true,false,false,"Image pack, Video preview",80,26,,0,,,,24,,Lost,,https://www.pontul-zilei.com/articole-pariuri-sportive/david-popovici-si-alti-10-romani-ataca-europenele-de-la-belgrad/,,,2024-06-07 00:24:43,
wfl clasic rezultate,RO,Romania,Romanian,Win for Life Classic (Event),true,false,false,true,false,false,Image pack,100,1,,0,,,,25,,Lost,,https://www.pontul-zilei.com/articole-pariuri-sportive/win-for-life-loto-italia-strategii-rezultate-combinatii-sfaturi/,,,2024-06-13 14:57:47,
888sport romania,RO,Romania,English,"888sport (Organization), Romania (Location)",true,false,true,true,true,true,"Sitelinks, Image pack, Video preview",100,37,,0,,,,26,,Lost,,https://www.pontul-zilei.com/agentie/888sport/,,,2024-06-27 15:13:32,
bingo superbet,RO,Romania,Romanian,Superbet (Organization),true,false,false,true,true,false,Video preview,600,1,1.89,0,,,,33,,Lost,,https://www.pontul-zilei.com/agentie/betmen/,,,2024-06-19 17:09:45,
cati metri are poarta de fotbal,RO,Romania,Romanian,,false,false,false,true,false,false,"Featured snippet, Thumbnail, People also ask, Image pack, Video preview",80,0,,0,,,,24,,Lost,,https://www.pontul-zilei.com/tot-ce-trebuie-sa-stii-despre-terenul-de-fotbal/,,,2024-06-24 04:36:34,
cate reprize sunt la baschet,RO,Romania,Romanian,,false,false,false,true,false,false,"Featured snippet, Thumbnail, People also ask, Image pack",150,0,,0,,,,24,,Lost,,https://www.pontul-zilei.com/articole/tot-ce-trebuie-sa-stii-despre-baschet/,,,2024-06-14 03:29:46,
posibili adversari fcsb,RO,Romania,Romanian,FCSB (Organization),true,false,false,true,false,false,Video preview,200,1,1.71,0,,,,28,,Lost,,https://www.pontul-zilei.com/articole-pariuri-sportive/posibili-adversari-pentru-fcsb-in-europa/,,,2024-06-23 23:56:30,
polonia loto multi multi,RO,Romania,Romanian,Polonia Loto Multi Multi (Event),true,false,false,true,false,false,"Video preview, Image pack",150,2,0.15,0,,,,27,,Lost,,https://www.pontul-zilei.com/articole-pariuri-sportive/multi-polonia-loto-strategii-rezultate-combinatii-sfaturi/,,,2024-06-14 00:11:06,
cate goluri are neymar,RO,Romania,Romanian,Neymar (Person),false,false,false,true,false,false,"Featured snippet, Thumbnail, Image pack, Video preview",90,0,,0,,,,25,,Lost,,https://www.pontul-zilei.com/articole-pariuri-sportive/debut-spectaculos-pentru-brazilianul-neymar-la-al-hilal/,,,2024-06-24 00:19:36,
cashpot 77 rotiri,RO,Romania,Romanian,CashPot (Organization),true,false,false,true,true,false,"Top ads, Video preview, Bottom ads, Paid sitelinks",100,0,1.06,0,,,,26,,Lost,,https://www.pontul-zilei.com/agentie/luck-casino/,,,2024-06-27 10:40:11,
leo strizu,RO,Romania,Romanian,Leo Strizu (Person),false,false,false,true,false,false,"Video preview, Knowledge panel",150,1,,0,,,,27,,Lost,,https://www.pontul-zilei.com/articole-pariuri-sportive/leo-strizu-si-a-anuntat-despartirea-de-fcsb-gigi-becali-declaratii-incisive-despre-antrenorul-sau-din-acte/,,,2024-06-09 04:58:26,
www winner.ro,RO,Romania,,Winner.ro (Organization),true,false,true,false,true,false,"Top ads, Paid sitelinks, Sitelinks, Image pack, Video preview",150,4,,0,,,,27,,Lost,,https://www.pontul-zilei.com/agentie/winner/,,,2024-06-27 11:14:49,
sportingbet ro,RO,Romania,Romanian,Sportingbet (Organization),true,false,true,true,true,true,"Sitelinks, Image pack, Video preview, Bottom ads, Paid sitelinks",200,0,1.53,0,,,,28,,Lost,,https://www.pontul-zilei.com/agentie/sportingbet/,,,2024-06-22 15:29:45,
rezultate loto slovacia,RO,Romania,Romanian,Slovak Keno (Event),true,false,false,true,false,false,Image pack,100,0,,0,,,,26,,Lost,,https://www.pontul-zilei.com/articole-pariuri-sportive/slovacia-keno-loto-strategii-rezultate-scheme-combinatii-live-sfaturi-de-la-jucatori/,,,2024-06-20 15:20:52,
cursa de 24 de ore de la le mans,RO,Romania,Romanian,24 Hours of Le Mans (Event),true,false,false,true,false,false,"Knowledge panel, Video preview, Image pack",90,0,,0,,,,25,,Lost,,https://www.pontul-zilei.com/articole-pariuri-sportive/cine-este-romanul-care-va-pilota-in-cursa-de-24-de-ore-de-la-le-mans/,,,2024-06-20 06:44:21,
letonia keno 20 62,RO,Romania,Romanian,Letonia Keno 20/62 (Event),true,false,false,true,false,false,"Sitelinks, Image pack, Video preview",500,0,0.22,0,,,,33,,Lost,,https://www.pontul-zilei.com/articole-pariuri-sportive/letonia-keno-loto-strategii-rezultate-scheme-combinatii-live-sfaturi-de-la-jucatori/,,,2024-06-26 06:06:08,
win for life 10 20,RO,Romania,English,Win for Life 10/20 (Event),true,false,false,true,false,false,"Image pack, Video preview",350,0,0.35,0,,,,31,,Lost,,https://www.pontul-zilei.com/pariuri-online/loteria-win-for-life-10-20-te-asteapta-cu-extrageri-zilnice/,,,2024-06-21 08:49:40,
get bet,RO,Romania,English,,false,false,false,true,true,false,Sitelinks,24000,37,0.49,0,0,0,,51,6,45,,https://www.pontul-zilei.com/agentie/gets-bet/,,https://www.pontul-zilei.com/agentie/gets-bet/,2024-06-27 11:19:43,2026-06-26 03:57:57
superbet inregistrare,RO,Romania,Romanian,Superbet (Organization),true,false,true,false,true,true,"Top ads, Video preview, Image pack",1000,8,0.61,0,,,,36,,Lost,,https://www.pontul-zilei.com/agentie/superbet/,,,2024-06-27 04:49:23,
reguli fotbal,RO,Romania,Romanian,,false,false,false,true,false,false,Video preview,450,0,0.02,0,,,,9,,Lost,,https://www.pontul-zilei.com/articole-pariuri-sportive/reguli-fotbal-cum-se-joaca-sportul-rege-termeni-specifici/,,,2024-06-13 04:45:28,
casino casa pariurilor,RO,Romania,Romanian,Casa Pariurilor (Organization),true,false,false,true,true,false,"Sitelinks, Image pack, Video preview",1100,0,0.89,0,,,,36,,Lost,,https://www.pontul-zilei.com/bonusuri-cazino/bonus-de-bun-venit/casa-pariurilor-bonus-de-bun-venit/,,,2024-06-26 13:47:41,
jayson papeau,RO,Romania,,Jayson Papeau (Person),false,false,false,true,false,false,"Thumbnail, Knowledge panel, Video preview",250,0,,0,,,,30,,Lost,,https://www.pontul-zilei.com/articole-pariuri-sportive/rapid-ar-urma-sa-se-desparta-de-un-jucator-de-baza/,,,2024-06-26 02:50:22,
turnee wta 1000,RO,Romania,Romanian,WTA 1000 (Event),true,false,false,true,false,false,"Featured snippet, Thumbnail, Image pack, Video preview",100,0,,0,,,,26,,Lost,,https://www.pontul-zilei.com/articole-pariuri-sportive/cum-sunt-impartite-turneele-de-tenis-si-cate-puncte-aduc/,,,2024-06-24 12:06:04,
bilet superbet azi,RO,Romania,Romanian,Superbet (Organization),true,false,false,true,true,false,"Image pack, Video preview",150,18,0.44,0,,,,28,,Lost,,https://www.pontul-zilei.com/category/biletul-zilei/,,,2024-06-26 04:06:51,
ponturi tenis,RO,Romania,Romanian,,false,false,false,true,true,false,,1400,3,0.79,18,0,-18,,8,17,-9,,https://www.pontul-zilei.com/category/ponturi-pariuri/ponturi-pariuri-tenis/,,https://www.pontul-zilei.com/category/ponturi-pariuri/ponturi-pariuri-tenis/,2024-06-26 12:19:33,2026-06-21 21:54:46
superbet intra in cont,RO,Romania,Romanian,Superbet (Organization),true,false,true,false,false,false,Video preview,200,5,1.86,0,,,,29,,Lost,,https://www.pontul-zilei.com/agentie/superbet/,,,2024-06-14 16:34:18,
aplicatia fortuna,RO,Romania,Romanian,Fortuna (Product),true,false,false,true,true,true,Video preview,150,0,0.62,0,,,,27,,Lost,,https://www.pontul-zilei.com/agentie/fortuna/,,,2024-06-26 22:30:55,
joc bridge gratis,RO,Romania,Romanian,,false,false,false,true,false,false,Video preview,100,64,0.10,0,,,,26,,Lost,,https://www.pontul-zilei.com/articole-pariuri-sportive/jocul-de-bridge-istorie-regulament-si-variante-de-joc/,,,2024-06-25 22:26:50,
pariuri eurovision,RO,Romania,Romanian,Eurovision Song Contest (Event),true,false,false,true,true,true,"Image pack, Video preview",100,1,,0,,,,27,,Lost,,https://www.pontul-zilei.com/articole-pariuri-sportive/finala-eurovision-2024-marii-favoriti-si-cele-mai-tari-cote/,,,2024-06-27 11:19:14,
polonia 20/80 rezultate,RO,Romania,Romanian,Polonia 20/80 (Event),true,false,false,true,false,false,"Image pack, Video preview",600,0,0.38,0,,,,34,,Lost,,https://www.pontul-zilei.com/articole-pariuri-sportive/multi-polonia-loto-strategii-rezultate-combinatii-sfaturi/,,,2024-06-23 23:37:38,
retragere casa pariurilor,RO,Romania,Romanian,Casa Pariurilor (Organization),true,false,false,true,false,true,"Image pack, Video preview",150,0,0.72,0,,,,28,,Lost,,https://www.pontul-zilei.com/agentie/casa-pariurilor/,,,2024-06-08 14:02:24,
meciuri superbet azi,RO,Romania,Romanian,Superbet (Organization),true,false,true,true,true,true,"Video preview, Image pack",100,1,3.62,0,,,,27,,Lost,,https://www.pontul-zilei.com/category/cota-zilei-pariuri/,,,2024-06-07 05:27:51,
ponturi pariuri cote mari,RO,Romania,Romanian,,false,false,false,true,true,false,"Sitelinks, Video preview",200,23,0.42,0,,,,29,,Lost,,https://www.pontul-zilei.com/category/ponturi-pariuri/,,,2024-06-14 01:16:07,
casa pariurilor iasi,RO,Romania,Romanian,"Casa Pariurilor (Organization), Iasi (Location)",true,true,true,true,false,false,"Local pack, Sitelinks, Thumbnail, Video preview, Image pack",200,1,1.42,0,,,,9,,Lost,,https://www.pontul-zilei.com/agentie/casa-pariurilor/,,,2024-06-26 00:39:09,
poziții brentford vs man city,RO,Romania,Romanian,"Brentford (Organization), Manchester City (Organization)",true,false,false,true,false,false,"Video preview, Image pack",100,0,,0,,,,26,,Lost,,https://www.pontul-zilei.com/articole-pariuri-sportive/continua-suspansul-in-premier-league-city-si-arsenal-lupta-brat-la-brat-pentru-titlu/,,,2024-06-13 18:36:33,
case pariuri sportive,RO,Romania,Romanian,,false,false,false,true,true,false,"Thumbnail, Image pack, Video preview",80,48,5.94,0,,,,27,,Lost,,https://www.pontul-zilei.com/top-case-de-pariuri-online/,,,2024-06-20 02:31:14,
winmaster,RO,Romania,Romanian,Winmasters (Organization),true,false,false,true,true,false,Sitelinks,9900,56,0.16,,0,,,,5,New,,,,https://www.pontul-zilei.com/bonusuri-cazino/bonusuri-fara-depunere/winmasters-bonus-fara-depunere/,,2026-06-20 16:01:31
casa pariurlor,RO,Romania,Romanian,Casa Pariurilor (Organization),true,false,false,true,true,false,"Sitelinks, Video preview",150,6,1.77,0,,,,4,,Lost,,https://www.pontul-zilei.com/agentie/casa-pariurilor/,,,2024-06-08 17:32:22,
winner bet pariuri sportive,RO,Romania,Romanian,Winner (Organization),true,false,false,true,true,false,Image pack,100,0,2.44,0,,,,25,,Lost,,https://www.pontul-zilei.com/agentie/winner/,,,2024-06-10 23:55:31,
superbet jackpot,RO,Romania,English,Superbet (Organization),true,false,false,true,true,false,Video preview,150,4,2.28,0,,,,28,,Lost,,https://www.pontul-zilei.com/articole-pariuri-sportive/pacanele-pacanele-2024-a-fost-acordat-cel-mai-mare-jackpot-cards-din-romania/,,,2024-06-13 15:23:02,
italia 20/90 rezultate,RO,Romania,Romanian,Italia Keno 10E (20/90) (Event),true,false,false,true,false,false,"Image pack, Video preview",300,1,0.24,0,,,,31,,Lost,,https://www.pontul-zilei.com/articole-pariuri-sportive/loto-italia-keno-afla-acum-cand-si-unde-poti-paria/,,,2024-06-10 10:55:42,
casa pariurilor conectare,RO,Romania,Romanian,Casa Pariurilor (Organization),true,false,true,false,false,false,Image pack,450,15,1.19,0,,,,33,,Lost,,https://www.pontul-zilei.com/agentie/casa-pariurilor/,,,2024-06-22 22:29:57,
lotostats grecia,RO,Romania,Romanian,"LotoStats (Organization), Greece (Location)",true,false,false,true,false,false,"Sitelinks, Image pack, Video preview",450,4,0.12,0,,,,33,,Lost,,https://www.pontul-zilei.com/articole-pariuri-sportive/loto-grecia-kino-cele-mai-bune-strategii-de-joc-ca-sa-iti-cresti-sansele-de-castig/,,,2024-06-24 23:00:15,
calendar craciun casino,RO,Romania,Romanian,,false,false,false,true,true,false,,90,0,,0,,,,26,,Lost,,https://www.pontul-zilei.com/calendar-decembrie/calendarul-de-craciun-astazi-rotiri-gratuite-bonus-casino/,,,2024-06-19 21:17:34,
casa pariurilor aplicatia,RO,Romania,Romanian,"Casa Pariurilor (Organization), Casa Pariurilor App (Product)",true,false,false,true,true,true,Video preview,90,0,1.08,0,,,,26,,Lost,,https://www.pontul-zilei.com/agentie/casa-pariurilor/,,,2024-06-19 18:30:17,
nume amuzante romanesti,RO,Romania,Romanian,,false,false,false,true,false,false,Video preview,300,0,,0,,,,31,,Lost,,https://www.pontul-zilei.com/articole-pariuri-sportive/echipe-din-fotbalul-romanesc-cu-denumiri-amuzante/,,,2024-06-12 09:59:14,
bilete rxf,RO,Romania,Romanian,RXF (Organization),true,false,false,false,true,true,"Video preview, Image pack",150,0,0.04,0,,,,29,,Lost,,https://www.pontul-zilei.com/articole-pariuri-sportive/gala-rxf-iunie-2023-cote-pariuri-meciuri-prezentare/,,,2024-06-20 03:55:11,
italia keno rezultate,RO,Romania,Romanian,Italia Keno (Event),true,false,false,true,false,false,"Sitelinks, Image pack, Video preview",3100,2,0.26,0,,,,43,,Lost,,https://www.pontul-zilei.com/articole-pariuri-sportive/loto-italia-keno-afla-acum-cand-si-unde-poti-paria/,,,2024-06-27 06:28:26,
rezultate loto italia keno,RO,Romania,Romanian,"Loto (Event), Keno (Event), Italy (Location)",false,false,false,true,false,false,"Sitelinks, Image pack, Video preview",1200,2,0.25,0,,,,38,,Lost,,https://www.pontul-zilei.com/articole-pariuri-sportive/loto-italia-keno-afla-acum-cand-si-unde-poti-paria/,,,2024-06-24 05:55:23,
mâini poker,RO,Romania,Romanian,,false,false,false,true,false,false,"Video preview, Knowledge panel",100,3,0.44,0,,,,27,,Lost,,https://www.pontul-zilei.com/articole-pariuri-sportive/maini-poker-stop-nu-incepe-jocul-de-poker-pana-nu-citesti-acest-articol/,,,2024-06-21 10:46:35,
betano .com,RO,Romania,,Betano (Organization),true,false,true,true,false,false,"Top ads, Paid sitelinks, Video preview, Bottom ads",150,30,1.56,0,,,,28,,Lost,,https://www.pontul-zilei.com/agentie/betano/,,,2024-06-27 05:56:18,
pariuri la tenis,RO,Romania,Romanian,,false,false,true,false,true,true,"Top stories, Thumbnail, Video preview, Image pack",150,7,,0,,,,29,,Lost,,https://www.pontul-zilei.com/category/ponturi-pariuri/ponturi-pariuri-tenis/,,,2024-06-24 00:07:58,
winbet casino online,RO,Romania,English,Winbet (Organization),true,false,true,true,true,true,"Sitelinks, Video preview",150,2,0.01,0,,,,28,,Lost,,https://www.pontul-zilei.com/agentie/winbet/,,,2024-06-07 20:35:08,
polonia rezultate,RO,Romania,Romanian,Multi Loto Polonia (Event),true,false,false,true,false,false,"Video preview, Image pack",300,1,0.13,0,,,,31,,Lost,,https://www.pontul-zilei.com/articole-pariuri-sportive/rezultate-ziua-viii-euro-2024-franta-nu-convinge/,,,2024-06-22 20:30:08,
finala tenis feminin madrid,RO,Romania,Romanian,"Madrid Open Women's Final (Event), Madrid (Location)",false,true,false,true,false,false,"Featured snippet, Video preview",150,0,,0,,,,28,,Lost,,https://www.pontul-zilei.com/articole-pariuri-sportive/finala-asteptata-pe-tabloul-feminin-de-la-madrid-open/,,,2024-06-05 22:26:32,
bile power bet,RO,Romania,Romanian,,false,false,true,true,true,false,"Sitelinks, Image pack, Video preview",150,0,0.73,0,,,,28,,Lost,,https://www.pontul-zilei.com/articole-pariuri-sportive/lucky-six-ce-este-numere-castigatoare-unde-poti-juca/,,,2024-06-09 13:23:19,
pariu tenis,RO,Romania,Romanian,,false,false,false,false,true,true,"Video preview, Image pack, Bottom ads, Paid sitelinks",150,6,0.47,0,,,,29,,Lost,,https://www.pontul-zilei.com/category/ponturi-pariuri/ponturi-pariuri-tenis/,,,2024-06-17 22:51:26,
bilete italia,RO,Romania,Romanian,Italy (Location),false,false,false,false,true,true,"Thumbnail, Video preview, Image pack",250,2,0.04,0,,,,31,,Lost,,https://www.pontul-zilei.com/articole-pariuri-sportive/campionatul-european-2024-grupa-f/,,,2024-06-09 10:54:53,
superbet relatii clienti,RO,Romania,Romanian,Superbet (Organization),true,false,false,true,false,false,Image pack,100,1,1.01,0,,,,27,,Lost,,https://www.pontul-zilei.com/agentie/superbet/,,,2024-06-23 06:49:52,
rezultate grecia kino 20/80,RO,Romania,Romanian,"Grecia Kino 20/80 (Event), Greece (Location)",true,false,false,true,false,false,"Sitelinks, Image pack",300,4,,0,,,,32,,Lost,,https://www.pontul-zilei.com/articole-pariuri-sportive/loto-grecia-kino-cele-mai-bune-strategii-de-joc-ca-sa-iti-cresti-sansele-de-castig/,,,2024-06-25 01:39:52,
poker combinatii,RO,Romania,Romanian,,false,false,false,true,false,false,"Image pack, Video preview",150,4,0.28,0,,,,26,,Lost,,https://www.pontul-zilei.com/articole-pariuri-sportive/maini-poker-stop-nu-incepe-jocul-de-poker-pana-nu-citesti-acest-articol/,,,2024-06-14 05:15:25,
betano pariuri,RO,Romania,Romanian,Betano (Organization),true,false,false,true,true,false,"Sitelinks, Top stories, Thumbnail, Video preview",900,38,1.72,0,0,0,,12,11,1,,https://www.pontul-zilei.com/agentie/betano/,,https://www.pontul-zilei.com/agentie/betano/,2024-06-22 07:58:20,2026-06-10 09:39:04
keno letonia 20/62,RO,Romania,Romanian,Keno Letonia 20/62 (Event),true,false,false,true,false,false,"Sitelinks, Image pack",80,0,1.57,0,,,,26,,Lost,,https://www.pontul-zilei.com/articole-pariuri-sportive/letonia-keno-loto-strategii-rezultate-scheme-combinatii-live-sfaturi-de-la-jucatori/,,,2024-06-25 00:59:12,
numerele castigatoare predictii loto polonia,RO,Romania,Romanian,Loto Polonia (Event),true,false,false,true,false,false,"Sitelinks, Image pack",150,0,,0,,,,28,,Lost,,https://www.pontul-zilei.com/articole-pariuri-sportive/multi-polonia-loto-strategii-rezultate-combinatii-sfaturi/,,,2024-06-12 19:44:26,
betano casino online,RO,Romania,English,Betano (Organization),true,false,true,true,true,true,"Sitelinks, Video preview",250,2,1.68,0,,,,31,,Lost,,https://www.pontul-zilei.com/agentie/betano/,,,2024-06-11 09:52:30,
romanii au talent program,RO,Romania,Romanian,Romanii au talent (Work),true,false,false,true,false,false,"Sitelinks, Video preview, Knowledge panel",100,13,,0,,,,26,,Lost,,https://www.pontul-zilei.com/articole-pariuri-sportive/marea-finala-de-la-romanii-au-talent-principalii-favoriti-ai-sezonului-13-si-cele-mai-tari-cote/,,,2024-06-22 20:22:20,
loto italia 20/90 live,RO,Romania,Italian,Loto Italia 20/90 (Work),true,false,false,true,false,false,"Sitelinks, Image pack, Video preview",250,3,0.13,0,,,,31,,Lost,,https://www.pontul-zilei.com/articole-pariuri-sportive/loto-italia-keno-afla-acum-cand-si-unde-poti-paria/,,,2024-06-27 10:39:34,
program liga florilor,RO,Romania,Romanian,Liga Florilor (Event),true,false,false,true,false,false,Video preview,200,0,,0,,,,30,,Lost,,https://www.pontul-zilei.com/articole-pariuri-sportive/programul-turneului-final-de-promovare-in-liga-florilor/,,,2024-06-17 15:41:02,
mainile de poker,RO,Romania,Romanian,,false,false,false,true,false,false,"Image pack, Thumbnail, Video preview",100,4,0.78,0,,,,27,,Lost,,https://www.pontul-zilei.com/articole-pariuri-sportive/maini-poker-stop-nu-incepe-jocul-de-poker-pana-nu-citesti-acest-articol/,,,2024-06-14 04:04:37,
keno italia 20/90,RO,Romania,Romanian,Italia Keno 20/90 (Event),true,false,false,true,false,false,"Sitelinks, Image pack, Video preview",500,0,0.23,0,,,,30,,Lost,Image pack,https://www.pontul-zilei.com/articole-pariuri-sportive/loto-italia-keno-afla-acum-cand-si-unde-poti-paria/,,,2024-06-22 11:57:05,
ponturi sigure,RO,Romania,Romanian,,false,false,false,true,true,false,Video preview,80,28,0.27,0,,,,30,,Lost,,https://www.pontul-zilei.com/category/ponturi-pariuri/,,,2024-06-17 15:24:08,
cont nou superbet,RO,Romania,Romanian,Superbet (Organization),true,false,true,true,true,true,"Video preview, Image pack",80,9,5.49,0,,,,26,,Lost,,https://www.pontul-zilei.com/agentie/superbet/,,,2024-06-16 11:52:07,
las vegas rxf,RO,Romania,English,"RXF (Organization), Las Vegas (Location)",true,true,false,true,false,false,"Thumbnail, Sitelinks, Video preview",200,3,1.04,0,,,,31,,Lost,,https://www.pontul-zilei.com/articole-pariuri-sportive/rxf-next-fighters-12-meciuri-favoriti-si-cote-la-pariuri/,,,2024-06-22 20:44:58,
loto italia 10e,RO,Romania,Romanian,Italia Keno 10E (Event),true,false,false,true,false,false,"Sitelinks, Image pack",600,0,0.30,0,,,,35,,Lost,,https://www.pontul-zilei.com/articole-pariuri-sportive/loto-italia-keno-afla-acum-cand-si-unde-poti-paria/,,,2024-06-24 02:43:25,
aplicația betano,RO,Romania,Romanian,Betano (Organization),true,false,false,true,true,true,Video preview,150,2,0.94,0,,,,29,,Lost,,https://www.pontul-zilei.com/agentie/betano/,,,2024-06-14 21:53:35,
pariu sansa progresiv superbet,RO,Romania,Romanian,"Superbet (Organization), Pariul Șansă Progresiv (Event)",true,false,false,true,false,false,Video preview,90,0,0.75,0,,,,27,,Lost,,https://www.pontul-zilei.com/articole-pariuri-sportive/cum-se-calculeaza-castigul-la-un-bilet-la-pariuri-tip-sistem/,,,2024-06-24 06:34:28,
italia loto 10/20,RO,Romania,Romanian,"Italia Loto 10/20 (Event), Italy (Location)",true,false,false,true,false,false,"Thumbnail, Image pack",200,0,0.33,0,,,,30,,Lost,,https://www.pontul-zilei.com/articole-pariuri-sportive/win-for-life-loto-italia-strategii-rezultate-combinatii-sfaturi/,,,2024-06-10 04:04:35,
win2 casino bonus fara depunere,RO,Romania,Romanian,Win2 Casino (Organization),true,false,false,true,true,false,Image pack,150,0,1.11,0,,,,29,,Lost,,https://www.pontul-zilei.com/agentie/win2/,,,2024-06-15 19:55:23,
superbet.ro,RO,Romania,,Superbet (Organization),true,false,true,false,false,false,"Sitelinks, Video preview",7400,4,1.27,0,,,,5,,Lost,,https://www.pontul-zilei.com/agentie/superbet/,,,2024-06-27 04:35:04,
bonus stanleybet,RO,Romania,English,Stanleybet (Organization),true,false,false,true,true,false,Image pack,90,0,0.92,0,,,,27,,Lost,,https://www.pontul-zilei.com/agentie/stanleybet/,,,2024-06-12 04:16:35,
casa pariurior,RO,Romania,Romanian,Casa Pariurilor (Organization),true,false,false,true,false,false,"Sitelinks, Video preview",90,6,0.58,0,,,,4,,Lost,,https://www.pontul-zilei.com/agentie/casa-pariurilor/,,,2024-06-19 17:22:14,
casino luck,RO,Romania,English,Luck Casino (Organization),true,false,false,true,true,false,"Sitelinks, Image pack, Video preview, Knowledge panel",600,0,0.68,0,,,,36,,Lost,,https://www.pontul-zilei.com/agentie/luck-casino/,,,2024-06-22 20:55:22,
impozit superbet,RO,Romania,Romanian,Superbet (Organization),true,false,false,true,false,false,Image pack,90,0,1.24,0,,,,27,,Lost,,https://www.pontul-zilei.com/agentie/superbet/,,,2024-06-20 02:25:23,
italia 20/90 results,RO,Romania,English,Italia Keno 10E (20/90) (Event),true,false,false,true,false,false,"Video preview, Image pack",150,0,,0,,,,30,,Lost,,https://www.pontul-zilei.com/articole-pariuri-sportive/loto-italia-keno-afla-acum-cand-si-unde-poti-paria/,,,2024-06-17 19:52:37,
kino live grecia,RO,Romania,Romanian,Grecia Kino (Event),true,false,false,true,false,false,"Image pack, Video preview",700,6,0.14,0,,,,29,,Lost,Image pack,https://www.pontul-zilei.com/articole-pariuri-sportive/loto-grecia-kino-cele-mai-bune-strategii-de-joc-ca-sa-iti-cresti-sansele-de-castig/,,,2024-06-25 16:50:33,
efortuna oferta,RO,Romania,Romanian,eFortuna (Organization),true,false,false,true,true,false,"Sitelinks, Image pack",100,10,0.49,0,,,,5,,Lost,,https://www.pontul-zilei.com/agentie/fortuna/,,,2024-06-13 06:52:39,
betano com,RO,Romania,,Betano (Organization),true,false,true,true,true,false,"Top ads, Paid sitelinks, Sitelinks, Video preview, Bottom ads",300,14,1.45,0,,,,33,,Lost,,https://www.pontul-zilei.com/agentie/betano/,,,2024-06-27 13:19:32,
suport superbet email,RO,Romania,Romanian,Superbet (Organization),true,false,false,true,false,false,"Featured snippet, Thumbnail, Image pack, Video preview",200,0,,0,,,,31,,Lost,,https://www.pontul-zilei.com/agentie/superbet/,,,2024-06-15 23:21:30,
handbal masculin liga campionilor,RO,Romania,Romanian,"Men's Handball Champions League (Event), EHF Champions League (Event)",true,false,false,true,false,false,"Sitelinks, Video preview, Knowledge panel, Image pack",200,0,2.54,0,,,,31,,Lost,,https://www.pontul-zilei.com/articole-pariuri-sportive/avancronica-finalei-ligii-campionilor-la-handbal-masculin-aalborg-barcelona/,,,2024-06-13 22:29:46,
predictii tenis azi,RO,Romania,Romanian,,false,false,false,true,true,true,"Image pack, Video preview",80,7,0.56,0,,,,7,,Lost,,https://www.pontul-zilei.com/category/ponturi-pariuri/ponturi-pariuri-tenis/,,,2024-06-26 01:40:37,
grecia 20 din 80,RO,Romania,Romanian,Grecia Kino 20/80 (Event),true,false,false,true,false,false,"Sitelinks, Image pack, Video preview",2200,3,0.21,0,,,,42,,Lost,,https://www.pontul-zilei.com/articole-pariuri-sportive/loto-grecia-kino-cele-mai-bune-strategii-de-joc-ca-sa-iti-cresti-sansele-de-castig/,,,2024-06-25 16:15:26,
loto polonia superbet,RO,Romania,Romanian,"Superbet (Organization), Loto Polonia (Event)",true,false,false,true,true,false,"Video preview, Image pack",800,57,0.92,,0,,,,38,New,,,,https://www.pontul-zilei.com/articole-pariuri-sportive/multi-polonia-loto-strategii-rezultate-combinatii-sfaturi/,,2026-06-17 10:19:46
stanleybet rezultate,RO,Romania,Romanian,Stanleybet (Organization),true,false,false,true,false,false,"Image pack, Video preview",250,13,0.67,0,,,,33,,Lost,,https://www.pontul-zilei.com/articole-pariuri-sportive/rezultate-ziua-viii-euro-2024-franta-nu-convinge/,,,2024-06-23 06:49:23,
salarii fcsb,RO,Romania,Romanian,FC Steaua București (Organization),true,false,false,true,false,false,Video preview,100,1,,0,,,,29,,Lost,,https://www.pontul-zilei.com/articole-pariuri-sportive/cele-mai-mari-salarii-de-la-fcsb/,,,2024-06-20 17:22:19,
77 rotiri gratuite,RO,Romania,Romanian,,false,false,false,true,true,false,"Video preview, Image pack",100,0,2.26,0,,,,29,,Lost,,https://www.pontul-zilei.com/agentie/luck-casino/,,,2024-06-27 20:48:08,
liga 1 germania,RO,Romania,Romanian,"Bundesliga (Event), Germany (Location)",true,false,false,true,false,false,"Knowledge panel, Image pack, Video preview",200,3,0.45,0,,,,30,,Lost,,https://www.pontul-zilei.com/category/ponturi-pariuri/ponturi-pariuri-fotbal-germania/,,,2024-06-14 01:26:56,
toni petrea,RO,Romania,Romanian,Toni Petrea (Person),false,false,false,true,false,false,"Knowledge panel, Video preview",150,0,,0,,,,30,,Lost,,https://www.pontul-zilei.com/articole-pariuri-sportive/toni-petrea-ramane-in-superliga-dupa-retrogradarea-cu-chindia-echipa-cu-care-s-a-inteles/,,,2024-06-23 01:26:44,
loto polonia remize 1/1,RO,Romania,Romanian,Loto Polonia (Event),true,false,false,true,false,false,AI Overview,900,12,0.15,,0,,,,39,New,,,,https://www.pontul-zilei.com/articole-pariuri-sportive/multi-polonia-loto-strategii-rezultate-combinatii-sfaturi/,,2026-06-19 01:56:22
maini de poker,RO,Romania,Romanian,,false,false,false,true,false,false,"Thumbnail, Video preview, Knowledge panel",200,10,0.24,0,,,,28,,Lost,,https://www.pontul-zilei.com/articole-pariuri-sportive/maini-poker-stop-nu-incepe-jocul-de-poker-pana-nu-citesti-acest-articol/,,,2024-06-10 08:55:04,
cate baloane de aur are messi,RO,Romania,Romanian,"Lionel Messi (Person), Ballon d'Or (Event)",true,false,false,true,false,false,"Featured snippet, Thumbnail, Image pack, Video preview",600,0,,0,,,,36,,Lost,,https://www.pontul-zilei.com/articole-pariuri-sportive/record-absolut-pentru-messi-al-optulea-balon-de-aur-video/,,,2024-06-24 00:19:06,
arminbet,RO,Romania,Romanian,ArminBet (Organization),true,false,false,true,true,false,,300,23,0.85,17,0,-17,,1,4,-3,,https://www.pontul-zilei.com/agentie/arminbet/,,https://www.pontul-zilei.com/agentie/arminbet/,2024-06-20 19:49:08,2026-05-28 23:38:12
netbet pariuri,RO,Romania,Romanian,NetBet (Organization),true,false,true,true,true,true,"Sitelinks, Video preview, Image pack",200,5,1.56,0,,,,20,,Lost,,https://www.pontul-zilei.com/agentie/netbet/,,,2024-06-25 13:32:53,
fortuna loto,RO,Romania,Romanian,Fortuna Loto (Organization),true,false,false,true,true,false,"Sitelinks, Video preview",900,65,0.01,,0,,,,10,New,,,,https://www.pontul-zilei.com/agentie/fortuna/,,2026-06-27 05:45:25
casa pariurilor oferta,RO,Romania,Romanian,Casa Pariurilor (Organization),true,false,false,true,true,false,Sitelinks,600,22,1.19,64,0,-64,,2,5,-3,,https://www.pontul-zilei.com/agentie/casa-pariurilor/,,https://www.pontul-zilei.com/agentie/casa-pariurilor/,2024-06-25 05:02:46,2026-06-05 12:43:55
românia minifotbal,RO,Romania,Romanian,Romania (Location),false,false,false,true,false,false,"Top stories, Thumbnail, Video preview, Image pack",100,0,,0,,,,29,,Lost,,https://www.pontul-zilei.com/articole-pariuri-sportive/romania-va-juca-din-nou-finala-campionatului-european-de-minifotbal/,,,2024-06-09 18:33:44,
rezultate italia 20/90,RO,Romania,Romanian,Loto Italia 20/90 (Event),true,false,false,true,false,false,"Image pack, Video preview",800,0,0.19,0,,,,38,,Lost,,https://www.pontul-zilei.com/articole-pariuri-sportive/loto-italia-keno-afla-acum-cand-si-unde-poti-paria/,,,2024-06-23 00:39:33,
netbet pariuri online,RO,Romania,Romanian,NetBet (Organization),true,false,true,true,true,true,Image pack,90,41,,0,,,,28,,Lost,,https://www.pontul-zilei.com/agentie/netbet/,,,2024-06-14 16:37:59,
finala tenis feminin,RO,Romania,Romanian,,false,false,false,true,false,false,Video preview,700,4,,0,,,,36,,Lost,,https://www.pontul-zilei.com/articole-pariuri-sportive/finala-asteptata-pe-tabloul-feminin-de-la-madrid-open/,,,2024-06-26 16:32:55,
rezultate polonia 20 din 80,RO,Romania,Romanian,Multi Loto Polonia 20/80 (Event),true,false,false,true,false,false,Image pack,300,1,0.22,0,,,,34,,Lost,,https://www.pontul-zilei.com/articole-pariuri-sportive/multi-polonia-loto-strategii-rezultate-combinatii-sfaturi/,,,2024-06-18 04:07:14,
pariuri unibet,RO,Romania,Romanian,Unibet (Organization),true,false,false,true,true,false,"Sitelinks, Image pack, Video preview, Bottom ads, Paid sitelinks",150,56,,0,,,,31,,Lost,,https://www.pontul-zilei.com/agentie/unibet/,,,2024-06-26 07:58:43,
loterii superbet,RO,Romania,Romanian,Superbet (Organization),true,false,false,true,false,false,"Sitelinks, Knowledge panel, Video preview, Image pack",150,0,4.64,0,,,,30,,Lost,,https://www.pontul-zilei.com/agentie/superbet/,,,2024-06-12 12:57:09,
numar superbet,RO,Romania,Romanian,Superbet (Organization),true,false,false,true,false,false,"Image pack, Video preview",200,1,1.18,0,,,,32,,Lost,,https://www.pontul-zilei.com/agentie/superbet/,,,2024-06-15 05:55:34,
bridge joc,RO,Romania,Romanian,,false,false,false,true,false,false,"Videos, Image pack",150,0,,0,,,,26,,Lost,,https://www.pontul-zilei.com/articole-pariuri-sportive/jocul-de-bridge-istorie-regulament-si-variante-de-joc/,,,2024-06-16 17:18:32,
200 de rotiri gratuite,RO,Romania,Romanian,,false,false,false,true,true,false,"Image pack, Video preview, Bottom ads, Paid sitelinks",100,0,3.48,0,,,,30,,Lost,,https://www.pontul-zilei.com/agentie/elite-slots/,,,2024-06-26 12:47:08,
loto italia 10e 20/90,RO,Romania,Romanian,"Italia Keno 10E 20/90 (Event), 20/90 (Event)",true,false,false,true,false,false,"Sitelinks, Image pack",250,0,0.40,0,,,,33,,Lost,,https://www.pontul-zilei.com/articole-pariuri-sportive/loto-italia-keno-afla-acum-cand-si-unde-poti-paria/,,,2024-06-09 16:34:49,
betano casino,RO,Romania,English,"Betano (Organization), Betano Casino (Organization)",true,false,false,true,true,false,Sitelinks,12000,76,1.27,0,0,0,,33,6,27,,https://www.pontul-zilei.com/pariuri-online/jackpoturi-pe-loterii-internationale-exclusiv-la-betano/,,https://www.pontul-zilei.com/blog/betano-casino/,2024-06-27 02:07:16,2026-06-20 23:17:20
echipele romanesti in cupele europene,RO,Romania,Romanian,Romanian football teams (Organization),false,false,false,true,false,false,"People also ask, Image pack, Videos",200,0,0.43,0,,,,32,,Lost,,https://www.pontul-zilei.com/articole-pariuri-sportive/totul-despre-tragerea-la-sorti-si-programul-echipelor-romanesti-din-cupele-europene/,,,2024-06-27 04:05:38,
jackpot superbet,RO,Romania,English,Superbet (Organization),true,false,false,true,true,false,Video preview,200,4,2.28,0,,,,32,,Lost,,https://www.pontul-zilei.com/articole-pariuri-sportive/pacanele-pacanele-2024-a-fost-acordat-cel-mai-mare-jackpot-cards-din-romania/,,,2024-06-11 18:50:00,
cote pariuri superbet,RO,Romania,Romanian,Superbet (Organization),true,false,true,true,true,true,"Image pack, Video preview",150,43,0.51,0,,,,31,,Lost,,https://www.pontul-zilei.com/agentie/superbet/,,,2024-06-07 13:43:50,
stanleybet cont,RO,Romania,Romanian,Stanleybet (Organization),true,false,true,false,false,false,"Image pack, Video preview",90,0,0.54,0,,,,29,,Lost,,https://www.pontul-zilei.com/agentie/stanleybet/,,,2024-06-26 08:09:51,
rotiri gratuite betano,RO,Romania,Romanian,Betano (Organization),true,false,false,true,true,false,"Video preview, Image pack",350,2,2.08,0,,,,35,,Lost,,https://www.pontul-zilei.com/agentie/betano/,,,2024-06-13 18:24:03,
meciuri de tenis azi,RO,Romania,Romanian,,false,false,false,true,false,false,"Video preview, Image pack",200,7,,0,,,,33,,Lost,,https://www.pontul-zilei.com/category/ponturi-pariuri/ponturi-pariuri-tenis/,,,2024-06-26 16:15:33,
bilete castigatoare la loto polonia,RO,Romania,Romanian,Loto Polonia (Event),true,false,false,true,false,false,"Image pack, Sitelinks, Video preview",4000,2,0.57,0,,,,46,,Lost,,https://www.pontul-zilei.com/articole-pariuri-sportive/multi-polonia-loto-strategii-rezultate-combinatii-sfaturi/,,,2024-06-27 15:45:16,
italia 10e lotto 20 90,RO,Romania,Romanian,Italia 10E Keno 20/90 (Event),true,false,false,true,false,false,"Image pack, Video preview",150,0,,0,,,,31,,Lost,,https://www.pontul-zilei.com/articole-pariuri-sportive/loto-italia-keno-afla-acum-cand-si-unde-poti-paria/,,,2024-06-15 02:28:25,
clasamentul grupei româniei,RO,Romania,Romanian,"Group H (Event), Romania (Location)",false,false,false,true,false,false,"Image pack, Video preview",100,2,,0,,,,30,,Lost,,https://www.pontul-zilei.com/articole-pariuri-sportive/clasament-grupa-Romaniei-din-preliminariile-euro-2024-si-informatii-care-ii-privesc-pe-pariori/,,,2024-06-12 22:49:49,
rezultate campionatul spaniei,RO,Romania,Romanian,LaLiga (Event),true,false,false,true,false,false,"Image pack, Video preview",90,2,,0,,,,29,,Lost,,https://www.pontul-zilei.com/articole-pariuri-sportive/la-liga-rezultate-clasament-program-si-cote-pentru-etapa-28/,,,2024-06-08 20:42:11,
program liga campionilor,RO,Romania,Romanian,UEFA Champions League (Event),true,false,false,true,false,false,"Video preview, Image pack",150,3,,0,,,,30,,Lost,,https://www.pontul-zilei.com/articole-pariuri-sportive/liga-campionilor-rezultate-clasament-program-si-cote-pentru-etapa-4/,,,2024-06-15 12:30:33,
reprize baschet,RO,Romania,Romanian,,false,false,false,true,false,false,"Featured snippet, Image pack, Video preview",150,0,,0,,,,30,,Lost,,https://www.pontul-zilei.com/articole/tot-ce-trebuie-sa-stii-despre-baschet/,,,2024-06-23 04:58:41,
superbet gratis,RO,Romania,Romanian,Superbet (Organization),true,false,false,true,true,false,"Video preview, Image pack",350,7,0.33,0,,,,35,,Lost,,https://www.pontul-zilei.com/agentie/superbet/,,,2024-06-26 13:49:27,
multi polonia loto,RO,Romania,Romanian,Multi Loto Polonia (Event),true,false,false,true,false,false,"Video preview, Image pack",400,1,0.19,0,,,,36,,Lost,,https://www.pontul-zilei.com/articole-pariuri-sportive/multi-polonia-loto-strategii-rezultate-combinatii-sfaturi/,,,2024-06-15 18:30:52,
eldorado casino bonus fara depunere,RO,Romania,Romanian,Eldorado Casino (Organization),true,false,false,true,true,false,"Featured snippet, Image pack, Video preview",150,0,0.95,0,,,,32,,Lost,,https://www.pontul-zilei.com/bonusuri-cazino-fara-depunere/,,,2024-06-15 04:44:24,
autoexcludere superbet,RO,Romania,Romanian,Superbet (Organization),true,false,false,true,false,false,"Featured snippet, Thumbnail, Video preview",150,0,1.21,0,,,,31,,Lost,,https://www.pontul-zilei.com/agentie/superbet/,,,2024-06-11 07:46:52,
meciuri din inter miami,RO,Romania,Romanian,Inter Miami (Organization),true,false,false,true,false,false,"Image pack, Video preview",1500,0,,0,,,,42,,Lost,,https://www.pontul-zilei.com/articole-pariuri-sportive/de-ce-va-lipsi-messi-urmatoarele-doua-meciuri-la-inter-miami/,,,2024-06-27 12:23:47,
888 pariuri,RO,Romania,Romanian,888 Sport (Organization),true,false,false,true,true,false,"Sitelinks, Image pack, Video preview",150,4,3.39,0,,,,31,,Lost,,https://www.pontul-zilei.com/agentie/888sport/,,,2024-06-24 21:06:37,
loto italia keno 20 90,RO,Romania,Romanian,"Italia Keno 20/90 (Event), Keno (Event)",true,false,false,true,false,false,"Sitelinks, Image pack, Video preview",150,0,0.15,0,,,,25,,Lost,Image pack,https://www.pontul-zilei.com/articole-pariuri-sportive/loto-italia-keno-afla-acum-cand-si-unde-poti-paria/,,,2024-06-16 23:14:52,
superbet jocuri,RO,Romania,Romanian,Superbet (Organization),true,false,false,true,true,false,"Knowledge panel, Video preview, Image pack",1900,2,0.92,0,,,,43,,Lost,,https://www.pontul-zilei.com/agentie/superbet/,,,2024-06-27 07:48:45,
campionatul spaniei clasament,RO,Romania,Romanian,La Liga (Event),true,false,false,true,false,false,Image pack,100,3,,0,,,,31,,Lost,,https://www.pontul-zilei.com/articole-pariuri-sportive/la-liga-rezultate-clasament-program-si-cote-pentru-etapa-28/,,,2024-06-07 10:31:36,
casa pariurilor craiova,RO,Romania,Romanian,"Casa Pariurilor (Organization), Craiova (Location)",true,true,false,true,false,false,"Local pack, Video preview, Image pack",80,0,0.49,0,,,,30,,Lost,,https://www.pontul-zilei.com/articole-pariuri-sportive/un-jucator-de-la-fcu-craiova-a-prins-contract-in-superliga/,,,2024-06-24 02:18:40,
cand joaca rapid,RO,Romania,Romanian,FC Rapid București (Organization),true,false,false,true,false,false,"Image pack, Video preview",150,2,0.25,0,,,,32,,Lost,,https://www.pontul-zilei.com/articole-pariuri-sportive/cand-se-joaca-fcsb-rapid-programul-etapelor-5-6-si-7-in-superliga-play-off-si-play-out/,,,2024-06-24 13:34:48,
rezultate superliga romania,RO,Romania,Romanian,"Superliga (Event), Romania (Location)",true,false,false,true,false,false,"Image pack, Video preview",150,20,,0,,,,31,,Lost,,https://www.pontul-zilei.com/articole-pariuri-sportive/superliga-romaniei-program-etapa-28-rezultate-clasament-cote-la-pariuri/,,,2024-06-14 18:48:17,
bilete dinamo botosani,RO,Romania,Romanian,"Dinamo Bucuresti (Organization), Botosani (Location)",true,true,false,false,true,true,Video preview,200,0,0.04,0,,,,33,,Lost,,https://www.pontul-zilei.com/articole-pariuri-sportive/botosani-dinamo-cel-mai-nebun-meci-din-acest-sezon/,,,2024-06-27 06:09:40,
winbet online,RO,Romania,English,Winbet (Organization),true,false,true,true,true,true,"Sitelinks, Video preview",150,2,0.50,0,,,,32,,Lost,,https://www.pontul-zilei.com/agentie/winbet/,,,2024-06-23 18:40:03,
hotspins,RO,Romania,Romanian,Hot Spins (Organization),true,false,false,true,true,false,Sitelinks,4400,58,0.62,,0,,,,5,New,,,,https://www.pontul-zilei.com/agentie/hot-spins/,,2026-06-17 14:23:13
pariu gratuit,RO,Romania,Romanian,,false,false,false,true,true,false,"Video preview, Image pack, Bottom ads, Paid sitelinks",80,0,2.85,0,,,,29,,Lost,,https://www.pontul-zilei.com/top-case-de-pariuri-online/,,,2024-06-14 10:03:56,
oferta stanleybet fotbal,RO,Romania,Romanian,Stanleybet (Organization),true,false,false,true,true,false,"Image pack, Video preview",100,0,0.27,0,,,,31,,Lost,,https://www.pontul-zilei.com/agentie/stanleybet/,,,2024-06-06 08:34:05,
superbet oferta fotbal sambata,RO,Romania,Romanian,Superbet (Organization),true,false,true,true,true,true,"Sitelinks, Image pack, Video preview",100,5,0.28,0,,,,32,,Lost,,https://www.pontul-zilei.com/category/biletul-zilei/,,,2024-06-25 04:27:33,
pariuri esports,RO,Romania,Romanian,,false,false,true,false,true,true,Image pack,150,0,2.37,0,,,,31,,Lost,,https://www.pontul-zilei.com/author/vlad-ionescu/,,,2024-06-14 05:41:04,
loto italia 20 din 90 rezultate,RO,Romania,Romanian,Loto Italia 20 out of 90 (Event),true,false,false,true,false,false,"Sitelinks, Image pack, Video preview",150,0,,0,,,,31,,Lost,,https://www.pontul-zilei.com/articole-pariuri-sportive/loto-italia-keno-afla-acum-cand-si-unde-poti-paria/,,,2024-06-27 01:33:04,
winner pariuri sportive,RO,Romania,Romanian,Winner (Organization),true,false,false,true,true,false,"Video preview, Image pack",400,0,0.91,0,,,,4,,Lost,,https://www.pontul-zilei.com/agentie/winner/,,,2024-06-24 01:52:30,
grecia keno,RO,Romania,Romanian,Grecia Kino (Event),true,false,false,true,false,false,"Sitelinks, Image pack, Video preview",200,5,0.19,0,,,,27,,Lost,Image pack,https://www.pontul-zilei.com/articole-pariuri-sportive/loto-grecia-kino-cele-mai-bune-strategii-de-joc-ca-sa-iti-cresti-sansele-de-castig/,,,2024-06-27 14:38:23,
casino mozzart,RO,Romania,Romanian,Mozzart Casino (Organization),true,false,false,true,true,false,"Image pack, Video preview",100,3,0.72,0,,,,30,,Lost,,https://www.pontul-zilei.com/agentie/mozzart/,,,2024-06-10 08:10:14,
pariuri sportive sigure,RO,Romania,Romanian,,false,false,false,true,false,false,"Video preview, Image pack, Bottom ads, Paid sitelinks",150,26,1.08,0,,,,32,,Lost,,https://www.pontul-zilei.com/category/ponturi-pariuri/,,,2024-06-26 01:37:04,
franta 20/70,RO,Romania,Romanian,Keno Franta (20/70) (Event),true,false,false,true,false,false,Image pack,450,0,0.44,0,,,,18,,Lost,,https://www.pontul-zilei.com/articole-pariuri-sportive/franta-keno-loto-strategii-rezultate-combinatii-sfaturi/,,,2024-06-10 17:48:11,
nr telefon superbet,RO,Romania,Romanian,Superbet (Organization),true,false,false,true,false,false,"Local pack, Image pack, Video preview",200,0,0.89,0,,,,34,,Lost,,https://www.pontul-zilei.com/agentie/superbet/,,,2024-06-16 18:38:08,
grecia kino live winner,RO,Romania,Romanian,"Kino (Event), Greece (Location)",true,false,false,true,false,false,Image pack,700,6,0.15,0,,,,39,,Lost,,https://www.pontul-zilei.com/articole-pariuri-sportive/loto-grecia-kino-cele-mai-bune-strategii-de-joc-ca-sa-iti-cresti-sansele-de-castig/,,,2024-06-27 12:50:03,
pariuri mozzart,RO,Romania,Romanian,Mozzart Bet (Organization),true,false,true,true,true,true,"Image pack, Video preview",1500,2,0.04,0,,,,8,,Lost,,https://www.pontul-zilei.com/agentie/mozzart/,,,2024-06-26 05:08:21,
fotbal italia liga 1,RO,Romania,Romanian,"Serie A (Event), Italy (Location)",true,false,false,true,false,false,"Sitelinks, Image pack, Video preview",100,6,,0,,,,31,,Lost,,https://www.pontul-zilei.com/category/ponturi-pariuri/ponturi-pariuri-fotbal-italia/,,,2024-06-22 09:16:49,
contul meu superbet,RO,Romania,Romanian,Superbet (Organization),true,false,true,true,false,false,"Video preview, Image pack",90,5,0.93,0,,,,30,,Lost,,https://www.pontul-zilei.com/agentie/superbet/,,,2024-06-11 08:24:24,
pariu bonus,RO,Romania,Romanian,,false,false,false,true,true,false,"Video preview, Image pack",150,13,2.28,0,,,,32,,Lost,,https://www.pontul-zilei.com/top-case-de-pariuri-online/,,,2024-06-08 17:32:33,
200 rotiri gratuite fara depunere,RO,Romania,Romanian,,false,false,false,true,true,false,"Image pack, Video preview, Bottom ads, Paid sitelinks",100,0,2.28,0,,,,31,,Lost,,https://www.pontul-zilei.com/agentie/elite-slots/,,,2024-06-15 09:35:18,
contact stanleybet,RO,Romania,English,Stanleybet (Organization),true,false,true,true,false,false,Image pack,90,0,0.23,0,,,,30,,Lost,,https://www.pontul-zilei.com/agentie/stanleybet/,,,2024-06-27 10:12:23,
win for life numerone,RO,Romania,English,"Numerone (Product), Win for Life (Event)",true,false,false,true,false,false,"Image pack, Video preview",150,0,0.26,0,,,,33,,Lost,,https://www.pontul-zilei.com/articole-pariuri-sportive/win-for-life-loto-italia-strategii-rezultate-combinatii-sfaturi/,,,2024-06-26 23:41:29,
multi polonia 1 si 2,RO,Romania,Romanian,Multi Polonia 1 & 2 (Event),true,false,false,true,false,false,"Video preview, Image pack",90,1,0.15,0,,,,30,,Lost,,https://www.pontul-zilei.com/articole-pariuri-sportive/multi-polonia-loto-strategii-rezultate-combinatii-sfaturi/,,,2024-06-17 04:45:10,
oferta pariuri,RO,Romania,Romanian,,false,false,false,true,true,false,"Image pack, Video preview, Bottom ads, Paid sitelinks",90,47,5.66,0,,,,30,,Lost,,https://www.pontul-zilei.com/ponturipariuri/pontul-zilei-16-iunie-fotbal-euro-2024/,,,2024-06-16 20:15:33,
game world 127 rotiri,RO,Romania,Romanian,Game World Casino (Organization),true,false,false,true,true,false,"Video preview, Image pack",90,0,0.71,0,,,,30,,Lost,,https://www.pontul-zilei.com/agentie/game-world-casino/,,,2024-06-11 14:31:32,
turul franței,RO,Romania,Romanian,Tour de France (Event),true,false,false,true,false,false,"Top stories, Thumbnail, Knowledge panel, Video preview",500,0,0.20,0,,,,38,,Lost,,https://www.pontul-zilei.com/articole-pariuri-sportive/turul-frantei-2024-avem-componenta-finala/,,,2024-06-23 09:44:11,
magnumbet casino,RO,Romania,English,Magnumbet (Organization),true,false,true,true,true,true,"Thumbnail, Image pack, Video preview",200,0,,0,,,,34,,Lost,,https://www.pontul-zilei.com/agentie/magnumbet/,,,2024-06-08 08:07:15,
verificare bilet,RO,Romania,Romanian,,false,false,false,true,false,false,"Sitelinks, Video preview",7100,40,1.64,,0,,,,13,New,,,,https://www.pontul-zilei.com/blog/superbet-verificare-bilet/,,2026-06-20 19:53:54
nume de echipe,RO,Romania,Romanian,,false,false,false,true,false,false,Video preview,150,0,,0,,,,30,,Lost,,https://www.pontul-zilei.com/articole-pariuri-sportive/echipe-din-fotbalul-romanesc-cu-denumiri-amuzante/,,,2024-06-10 23:50:57,
bonus superbet cont nou,RO,Romania,Romanian,Superbet (Organization),true,false,false,true,true,true,"Top ads, Paid sitelinks, Video preview, Image pack, Bottom ads",150,4,3.49,0,,,,33,,Lost,,https://www.pontul-zilei.com/agentie/superbet/,,,2024-06-17 13:17:11,
winner casino,RO,Romania,English,Winner Casino (Organization),true,false,true,true,false,false,"Image pack, Video preview",5700,4,0.71,0,,,,49,,Lost,,https://www.pontul-zilei.com/agentie/winner/,,,2024-06-27 09:28:27,
superbet constanta,RO,Romania,Romanian,"Superbet (Organization), Constanța (Location)",true,true,false,true,false,false,"Local pack, Sitelinks, Thumbnail, Video preview, Image pack",200,0,0.50,0,,,,33,,Lost,,https://www.pontul-zilei.com/articole-pariuri-sportive/peste-110-000-lei-castig-cu-miza-de-25-lei-la-superbet/,,,2024-06-23 16:38:40,
casino million,RO,Romania,English,Million Casino (Organization),true,false,false,true,true,false,"Sitelinks, Thumbnail, Local pack, Image pack, Video preview",1400,0,1.13,0,,,,44,,Lost,,https://www.pontul-zilei.com/agentie/million/,,,2024-06-26 12:12:35,
gets bet casino,RO,Romania,English,GetsBet Casino (Organization),true,false,false,true,true,false,"Sitelinks, Image pack, Video preview",2800,7,0.18,0,,,,46,,Lost,,https://www.pontul-zilei.com/agentie/gets-bet/,,,2024-06-27 11:57:14,
bonus cazino fara depunere,RO,Romania,Romanian,,false,false,false,true,true,false,Image pack,150,33,2.55,0,,,,33,,Lost,,https://www.pontul-zilei.com/bonusuri-cazino-fara-depunere/,,,2024-06-14 20:39:13,
creare cont superbet,RO,Romania,Romanian,Superbet (Organization),true,false,true,true,true,true,"Top ads, Video preview, Image pack",600,3,6.23,0,,,,39,,Lost,,https://www.pontul-zilei.com/agentie/superbet/,,,2024-06-23 05:22:08,
500 rotiri gratuite fara depunere netbet,RO,Romania,Romanian,"NetBet (Organization), 500 Free Spins (Event)",true,false,false,true,true,false,Video preview,90,2,3.69,0,,,,31,,Lost,,https://www.pontul-zilei.com/bonusuri-cazino-fara-depunere/,,,2024-06-12 15:53:10,
loto polonia ultimele rezultate,RO,Romania,Romanian,Loto Polonia (Event),true,false,false,true,false,false,Image pack,600,2,0.30,0,,,,39,,Lost,,https://www.pontul-zilei.com/articole-pariuri-sportive/multi-polonia-loto-strategii-rezultate-combinatii-sfaturi/,,,2024-06-14 15:46:55,
oferte pariuri sportive,RO,Romania,Romanian,,false,false,false,true,true,true,Image pack,100,50,0.92,0,,,,32,,Lost,,https://www.pontul-zilei.com/top-case-de-pariuri-online/,,,2024-06-17 21:49:31,
bilete superbet,RO,Romania,Romanian,Superbet (Organization),true,false,false,true,true,true,"Video preview, Image pack",400,5,1.91,0,,,,39,,Lost,,https://www.pontul-zilei.com/articole-pariuri-sportive/castig-de-peste-31-000-lei-la-superbet-cu-un-bilet-alcatuit-din-6-evenimente/,,,2024-06-10 07:56:33,
retragere,RO,Romania,Romanian,,false,false,false,true,false,false,"AI Overview, Thumbnail, Image pack",2700,3,1.55,,0,,,,44,New,,,,https://www.pontul-zilei.com/blog/las-vegas-retragere/,,2026-06-06 00:11:50
gala rxf,RO,Romania,Romanian,Gala RXF (Event),true,false,false,true,false,false,Video preview,600,4,0.05,0,,,,40,,Lost,,https://www.pontul-zilei.com/articole-pariuri-sportive/cine-a-castigat-in-gala-rxf-45-si-ce-cote-aveau-invingatorii/,,,2024-06-27 02:35:41,
casa pariulor,RO,Romania,Romanian,Casa Pariurilor (Organization),true,false,true,true,true,false,"Sitelinks, Video preview",100,6,,0,,,,4,,Lost,,https://www.pontul-zilei.com/agentie/casa-pariurilor/,,,2024-06-10 13:55:50,
loto slovacia,RO,Romania,Romanian,Slovakia Lottery (Event),true,false,false,true,false,false,Image pack,3300,0,0.36,0,,,,40,,Lost,Image pack,https://www.pontul-zilei.com/articole-pariuri-sportive/slovacia-keno-loto-strategii-rezultate-scheme-combinatii-live-sfaturi-de-la-jucatori/,,,2024-06-27 02:05:18,
pe ce canal joaca real madrid azi,RO,Romania,Romanian,Real Madrid (Organization),true,false,false,true,false,false,"Video preview, Image pack",100,0,,0,,,,32,,Lost,,https://www.pontul-zilei.com/ponturipariuri/ponturi-athletic-bilbao-vs-real-madrid-fotbal-22-ianuarie-2023-la-liga/,,,2024-06-08 17:12:47,
cote fotbal azi,RO,Romania,Romanian,,false,false,false,true,true,true,Image pack,150,28,0.18,0,,,,34,,Lost,,https://www.pontul-zilei.com/category/cota-zilei-pariuri/,,,2024-06-12 15:39:44,
italia keno 10e loto rezultate,RO,Romania,Romanian,"Italia Keno (Event), 10e Loto (Event)",true,false,false,true,false,false,"Sitelinks, Image pack",90,0,0.97,0,,,,26,,Lost,Image pack,https://www.pontul-zilei.com/articole-pariuri-sportive/loto-italia-keno-afla-acum-cand-si-unde-poti-paria/,,,2024-06-15 16:02:37,
cont winner,RO,Romania,Romanian,Winner (Organization),true,false,true,false,false,false,"Image pack, Video preview",150,0,0.70,0,,,,33,,Lost,,https://www.pontul-zilei.com/agentie/winner/,,,2024-06-19 02:57:23,
statistici fc barcelona vs sevilla fc,RO,Romania,Romanian,"FC Barcelona (Organization), Sevilla FC (Organization)",true,false,false,true,false,false,"Featured snippet, Image pack, Video preview",150,0,,0,,,,34,,Lost,,https://www.pontul-zilei.com/ponturipariuri/ponturi-fc-barcelona-vs-sevilla-fc-fotbal-05-februarie-2023-la-liga/,,,2024-06-14 12:56:22,
oferta fotbal fortuna,RO,Romania,Romanian,Fortuna (Organization),true,false,true,true,true,true,Sitelinks,150,26,0.36,0,0,0,,18,5,13,,https://www.pontul-zilei.com/agentie/fortuna/,,https://www.pontul-zilei.com/agentie/fortuna/,2024-05-24 13:31:50,2026-06-10 11:47:37
multi polonia 2,RO,Romania,Romanian,Multi Polonia 2 (Event),true,false,false,true,false,false,"Video preview, Image pack",800,2,0.18,0,,,,41,,Lost,,https://www.pontul-zilei.com/articole-pariuri-sportive/multi-polonia-loto-strategii-rezultate-combinatii-sfaturi/,,,2024-06-27 09:54:21,
petanque,RO,Romania,Romanian,,false,false,false,true,true,false,"Video preview, Image pack",600,0,0.06,0,0,0,,82,10,72,,https://www.pontul-zilei.com/articole-pariuri-sportive/petanque-origine-denumire-si-reguli-de-joc/,,https://www.pontul-zilei.com/articole-pariuri-sportive/petanque-origine-denumire-si-reguli-de-joc/,2024-06-25 03:16:39,2026-06-12 03:01:08
loto italia 20 90 rezultate,RO,Romania,Romanian,Italy Keno 10E (20/90) (Event),true,false,false,true,false,false,"Sitelinks, Image pack, Video preview",150,0,,0,,,,34,,Lost,,https://www.pontul-zilei.com/articole-pariuri-sportive/loto-italia-keno-afla-acum-cand-si-unde-poti-paria/,,,2024-06-12 00:45:39,
gala rxf live,RO,Romania,Romanian,"RXF (Organization), Gala RXF (Event)",true,false,false,true,false,false,Video preview,150,2,0.04,0,,,,35,,Lost,,https://www.pontul-zilei.com/articole-pariuri-sportive/cine-a-castigat-in-gala-rxf-45-si-ce-cote-aveau-invingatorii/,,,2024-06-27 18:57:46,
numere grecia kino,RO,Romania,Romanian,"Grecia Kino (Event), Greece (Location)",true,false,false,true,false,false,"Sitelinks, Image pack, Video preview",150,2,0.19,0,,,,34,,Lost,,https://www.pontul-zilei.com/articole-pariuri-sportive/loto-grecia-kino-cele-mai-bune-strategii-de-joc-ca-sa-iti-cresti-sansele-de-castig/,,,2024-06-27 00:45:14,
loto italia 20 90 fortuna,RO,Romania,Romanian,"Fortuna (Organization), Italia Keno 10E (20/90) (Event)",true,false,false,true,false,false,"Sitelinks, Image pack",150,1,0.31,0,,,,34,,Lost,,https://www.pontul-zilei.com/articole-pariuri-sportive/loto-italia-keno-afla-acum-cand-si-unde-poti-paria/,,,2024-06-25 03:53:46,
ponturi pariuri sportive forum,RO,Romania,Romanian,,false,false,false,true,true,false,Video preview,150,9,0.18,0,,,,36,,Lost,,https://www.pontul-zilei.com/category/ponturi-pariuri/,,,2024-06-09 02:20:16,
alexandru corneschi,RO,Romania,,Alexandru Corneschi (Person),false,false,false,true,false,false,"Thumbnail, Knowledge panel, Video preview",100,0,,0,,,,32,,Lost,,https://www.pontul-zilei.com/articole-pariuri-sportive/alexandru-corneschi-a-stat-la-un-hotel-cu-baie-comuna-ca-sa-concureze-la-boston/,,,2024-06-17 07:04:19,
meciuri din parma calcio 1913,RO,Romania,Romanian,Parma Calcio 1913 (Organization),true,false,false,true,false,false,"Image pack, Video preview",150,0,,0,,,,33,,Lost,,https://www.pontul-zilei.com/ponturi-pariuri/Ponturi-Brescia-Calcio-Parma-Calcio-1913-fotbal-11-aprilie-2022-Serie-B/,,,2024-06-23 01:16:25,
rezultate polonia multi 20/80,RO,Romania,Romanian,Polonia Multi 20/80 (Event),true,false,false,true,false,false,"Image pack, Video preview",300,1,,0,,,,35,,Lost,Image pack,https://www.pontul-zilei.com/articole-pariuri-sportive/multi-polonia-loto-strategii-rezultate-combinatii-sfaturi/,,,2024-06-22 06:56:03,
rezultate polonia multi multi,RO,Romania,Romanian,Polonia Multi Multi (Event),true,false,false,true,false,false,Image pack,1800,1,0.26,0,,,,45,,Lost,,https://www.pontul-zilei.com/articole-pariuri-sportive/multi-polonia-loto-strategii-rezultate-combinatii-sfaturi/,,,2024-06-23 17:09:24,
loto italia keno 20/90 ultimele rezultate,RO,Romania,Romanian,Italia Keno 20/90 (Event),true,false,false,true,false,false,"Sitelinks, Image pack",100,1,,0,,,,32,,Lost,,https://www.pontul-zilei.com/articole-pariuri-sportive/loto-italia-keno-afla-acum-cand-si-unde-poti-paria/,,,2024-06-10 23:10:13,
italia loto 20/90,RO,Romania,Romanian,Italia Keno 20/90 (Event),true,false,false,true,false,false,"Sitelinks, Video preview, Image pack",900,0,0.17,0,,,,42,,Lost,,https://www.pontul-zilei.com/articole-pariuri-sportive/loto-italia-keno-afla-acum-cand-si-unde-poti-paria/,,,2024-06-23 21:51:52,
loto kino grecia live,RO,Romania,Romanian,"Grecia Kino (Event), Greece (Location)",true,false,false,true,false,false,"Image pack, Video preview",100,3,0.19,0,,,,33,,Lost,,https://www.pontul-zilei.com/articole-pariuri-sportive/loto-grecia-kino-cele-mai-bune-strategii-de-joc-ca-sa-iti-cresti-sansele-de-castig/,,,2024-06-09 12:49:23,
fortuna aplicatie,RO,Romania,Romanian,Fortuna (Product),true,false,false,true,true,false,Video preview,80,0,2.26,0,,,,30,,Lost,,https://www.pontul-zilei.com/agentie/fortuna/,,,2024-06-14 02:24:32,
loto italia 20 90 live,RO,Romania,Romanian,Italia Keno 20/90 (Event),true,false,false,true,false,false,"Sitelinks, Video preview",100,3,0.19,0,,,,32,,Lost,,https://www.pontul-zilei.com/articole-pariuri-sportive/loto-italia-keno-afla-acum-cand-si-unde-poti-paria/,,,2024-06-20 03:28:12,
ce meciuri se joaca azi in champions league,RO,Romania,Romanian,"UEFA Champions League matches (Event), UEFA Champions League (Event)",true,false,false,true,false,false,"Video preview, Image pack",900,7,1.06,0,,,,42,,Lost,,https://www.pontul-zilei.com/category/ponturi-pariuri/ponturi-pariuri-fotbal-liga-campionilor/,,,2024-06-19 20:04:24,
meciuri jucate ieri,RO,Romania,Romanian,,false,false,false,true,false,false,"Image pack, Video preview",100,12,,0,,,,33,,Lost,,https://www.pontul-zilei.com/pariuri-online/verde-ieri-pe-biletele-jucate-la-superbet-maxbet-si-betano/,,,2024-06-11 04:47:53,
publicwin contact,RO,Romania,English,Publicwin (Organization),true,false,false,true,false,false,"Featured snippet, Sitelinks, Image pack, Video preview",100,0,0.14,0,,,,33,,Lost,,https://www.pontul-zilei.com/agentie/publicwin/,,,2024-06-14 04:12:31,
tragere la sorti conference league,RO,Romania,Romanian,UEFA Conference League (Event),true,false,false,true,false,false,"Video preview, Image pack",600,0,0.35,0,,,,40,,Lost,,https://www.pontul-zilei.com/articole-pariuri-sportive/cele-mai-tari-cote-din-conference-league-cine-este-marea-favorita/,,,2024-06-11 16:58:21,
depunere minima 10 lei online,RO,Romania,Romanian,,false,false,false,true,true,false,Image pack,150,0,2.36,0,,,,34,,Lost,,https://www.pontul-zilei.com/top-case-de-pariuri-online/,,,2024-06-24 03:25:56,
italia keno 20 din 90 toate rezultatele,RO,Romania,Romanian,Italia Keno 20 out of 90 (Event),true,false,false,true,false,false,"Sitelinks, Image pack",200,0,0.20,0,,,,36,,Lost,,https://www.pontul-zilei.com/articole-pariuri-sportive/loto-italia-keno-afla-acum-cand-si-unde-poti-paria/,,,2024-06-23 17:26:37,
win2 bonus,RO,Romania,English,Win2 (Organization),true,false,false,true,true,false,"Image pack, Video preview",100,0,0.99,0,,,,33,,Lost,,https://www.pontul-zilei.com/agentie/win2/,,,2024-06-26 19:34:38,
polonia keno 20/70 rezultate,RO,Romania,Romanian,"Polonia Keno 20/70 (Event), 20/70 (Event)",true,false,false,true,false,false,Image pack,250,0,,0,,,,37,,Lost,,https://www.pontul-zilei.com/articole-pariuri-sportive/germania-keno-loto-strategii-rezultate-combinatii-sfaturi/,,,2024-06-24 00:47:32,
casino superbet,RO,Romania,Romanian,Superbet Casino (Organization),true,false,false,true,true,false,"Sitelinks, Video preview, Image pack, Knowledge panel",350,4,1.19,0,,,,38,,Lost,,https://www.pontul-zilei.com/agentie/superbet/,,,2024-06-09 06:57:53,
ponturi hochei azi,RO,Romania,Romanian,,false,false,false,true,false,false,"Video preview, Image pack",150,0,0.64,0,,,,37,,Lost,,https://www.pontul-zilei.com/category/ponturi-pariuri/ponturi-fotbal/,,,2024-06-22 22:51:29,
conectare casa pariurilor,RO,Romania,Romanian,Casa Pariurilor (Organization),true,false,true,false,false,true,"Image pack, Video preview",350,45,0.75,0,,,,38,,Lost,,https://www.pontul-zilei.com/agentie/casa-pariurilor/,,,2024-06-24 23:12:42,
liga 2 franta,RO,Romania,Romanian,"Ligue 2 (Event), France (Location)",true,false,false,true,false,false,"Image pack, Knowledge panel",100,0,,0,,,,33,,Lost,,https://www.pontul-zilei.com/category/ponturi-pariuri/ponturi-pariuri-fotbal-franta/,,,2024-05-27 23:27:15,
superbet nr de telefon,RO,Romania,Romanian,Superbet (Organization),true,false,false,true,false,false,"Local pack, Image pack, Video preview",150,0,0.99,0,,,,36,,Lost,,https://www.pontul-zilei.com/agentie/superbet/,,,2024-06-16 18:05:22,
superbet arad,RO,Romania,Romanian,"Superbet (Organization), Arad (Location)",true,true,false,true,false,false,"Sitelinks, Local pack, Thumbnail, Video preview, Image pack",100,0,0.82,0,,,,34,,Lost,,https://www.pontul-zilei.com/agentie/superbet/,,,2024-06-07 08:53:27,
luck casino pareri,RO,Romania,Romanian,Luck Casino (Organization),true,false,false,true,false,false,"Image pack, Bottom ads, Paid sitelinks",150,0,1.12,0,,,,35,,Lost,,https://www.pontul-zilei.com/agentie/luck-casino/,,,2024-06-07 13:49:28,
echipa suport superbet,RO,Romania,Romanian,Superbet (Organization),true,false,false,true,false,false,"Video preview, Image pack",100,3,,0,,,,33,,Lost,,https://www.pontul-zilei.com/agentie/superbet/,,,2024-06-07 22:57:29,
număr de telefon superbet,RO,Romania,Romanian,Superbet (Organization),true,false,false,true,false,false,"Local pack, Image pack, Video preview",100,0,0.70,0,,,,34,,Lost,,https://www.pontul-zilei.com/agentie/superbet/,,,2024-06-19 09:31:12,
f1 azi,RO,Romania,Romanian,Formula 1 (Event),true,false,false,true,false,false,"Video preview, Image pack",400,0,0.01,0,,,,39,,Lost,,https://stiri.pontul-zilei.com/f1,,,2024-06-19 20:06:34,
kino loto,RO,Romania,Romanian,Grecia Kino (Event),true,false,false,true,false,false,"Image pack, Video preview",100,5,0.33,0,,,,33,,Lost,,https://www.pontul-zilei.com/articole-pariuri-sportive/loto-grecia-kino-cele-mai-bune-strategii-de-joc-ca-sa-iti-cresti-sansele-de-castig/,,,2024-06-26 06:40:06,
meciuri maine superbet,RO,Romania,Romanian,Superbet (Organization),true,false,false,true,true,false,"Video preview, Image pack",80,6,0.39,0,,,,32,,Lost,,https://www.pontul-zilei.com/category/cota-zilei-pariuri/,,,2024-06-10 09:40:08,
oferta winner,RO,Romania,Romanian,Winner (Organization),true,false,false,true,true,false,Sitelinks,200,51,1.61,0,0,0,,3,4,-1,,https://www.pontul-zilei.com/agentie/winner/,,https://www.pontul-zilei.com/bonusuri-cazino/bonusuri-fara-depunere/winner-bonus-fara-depunere/,2024-06-22 04:54:16,2026-06-01 17:36:42
einner,RO,Romania,Romanian,,false,false,true,true,true,false,"Sitelinks, Video preview",100,0,1.58,0,,,,4,,Lost,,https://www.pontul-zilei.com/agentie/winner/,,,2024-06-23 19:47:43,
superbet cont nou,RO,Romania,Romanian,Superbet (Organization),true,false,true,true,true,true,"Top ads, Paid sitelinks, Video preview, Image pack",150,10,5.91,0,,,,35,,Lost,,https://www.pontul-zilei.com/agentie/superbet/,,,2024-06-27 12:14:40,
rxf las vegas,RO,Romania,Romanian,"RXF (Event), Las Vegas (Location)",true,true,false,true,true,true,Video preview,90,1,,0,,,,33,,Lost,,https://www.pontul-zilei.com/articole-pariuri-sportive/cine-a-castigat-in-gala-rxf-45-si-ce-cote-aveau-invingatorii/,,,2024-06-22 04:32:17,
players casino,RO,Romania,English,,false,false,false,true,true,true,"Sitelinks, Thumbnail, Video preview, Image pack",300,9,0.69,0,,,,38,,Lost,,https://www.pontul-zilei.com/agentie/player/,,,2024-06-27 11:29:28,
meci gabriela ruse azi,RO,Romania,Romanian,Elena Gabriela Ruse (Person),false,false,false,true,false,false,Video preview,350,1,,0,,,,39,,Lost,,https://www.pontul-zilei.com/ponturipariuri/ponturi-elena-gabriela-ruse-vs-camila-giorgi-tenis-28-februarie-2023-wta-monterrey/,,,2024-06-21 00:22:16,
pariu sansa progresiv,RO,Romania,Romanian,Progressive Chance Bet (Event),true,false,false,true,false,false,"Bottom ads, Paid sitelinks",450,0,,0,,,,40,,Lost,,https://www.pontul-zilei.com/articole-pariuri-sportive/cum-se-calculeaza-castigul-la-un-bilet-la-pariuri-tip-sistem/,,,2024-06-23 07:13:14,
loto polonia 20 din 80 rezultate,RO,Romania,Romanian,"Loto Polonia 20/80 (Event), 20/80 (Event)",true,false,false,true,false,false,"Sitelinks, Image pack, Video preview",900,1,,0,,,,43,,Lost,,https://www.pontul-zilei.com/articole-pariuri-sportive/multi-polonia-loto-strategii-rezultate-combinatii-sfaturi/,,,2024-06-27 10:39:59,
dan blondu,RO,Romania,Romanian,Dan Blondu (Person),false,false,false,true,false,false,"Image pack, Video preview",100,0,,0,,,,34,,Lost,,https://www.pontul-zilei.com/articole-pariuri-sportive/rxf-next-fighters-12-meciuri-favoriti-si-cote-la-pariuri/,,,2024-06-09 19:52:26,
don casino romania,RO,Romania,English,"Don Casino (Organization), Romania (Location)",true,false,true,true,true,true,"Sitelinks, Thumbnail, Video preview, Image pack",100,0,,0,,,,34,,Lost,,https://www.pontul-zilei.com/agentie/don-ro/,,,2024-06-17 21:36:57,
rezultate polonia 20/80,RO,Romania,Romanian,Polonia 20/80 (Event),true,false,false,true,false,false,"Image pack, Video preview",300,0,,0,,,,38,,Lost,,https://www.pontul-zilei.com/articole-pariuri-sportive/multi-polonia-loto-strategii-rezultate-combinatii-sfaturi/,,,2024-06-24 14:19:45,
victor cornea varsta,RO,Romania,Romanian,Victor Cornea (Person),false,false,false,true,false,false,"Knowledge panel, Video preview",3200,1,,0,,,,49,,Lost,,https://www.pontul-zilei.com/articole-pariuri-sportive/victor-cornea-campion-pe-zgura-din-italia/,,,2024-06-27 21:58:53,
bwtano,RO,Romania,Romanian,Betano (Organization),true,false,false,true,true,false,"Top ads, Paid sitelinks, Sitelinks, Video preview",100,5,1.57,0,,,,4,,Lost,,https://www.pontul-zilei.com/agentie/betano/,,,2024-06-23 16:07:45,
polonia multi multi rezultate,RO,Romania,Romanian,Polonia Multi Multi (Event),true,false,false,true,false,false,"Image pack, Video preview",3100,1,0.28,0,,,,49,,Lost,,https://www.pontul-zilei.com/articole-pariuri-sportive/multi-polonia-loto-strategii-rezultate-combinatii-sfaturi/,,,2024-06-27 00:40:07,
efbet casino,RO,Romania,English,Efbet (Organization),true,false,true,true,true,true,"Sitelinks, Local pack, Video preview",800,0,1.32,0,,,,44,,Lost,,https://www.pontul-zilei.com/agentie/efbet/,,,2024-06-25 10:47:31,
loto polonia 1 și 2 rezultate,RO,Romania,Romanian,Loto Polonia (Event),true,false,false,true,false,false,"Sitelinks, Image pack, Video preview",350,1,,0,,,,39,,Lost,,https://www.pontul-zilei.com/articole-pariuri-sportive/multi-polonia-loto-strategii-rezultate-combinatii-sfaturi/,,,2024-06-17 10:50:57,
ponturi pariuri experti,RO,Romania,Romanian,,false,false,false,true,false,false,Video preview,600,66,0.28,48,0,-48,,9,44,-35,,https://www.pontul-zilei.com/category/ponturi-pariuri/,,https://www.pontul-zilei.com/,2024-06-23 06:21:34,2026-06-05 10:41:58
super avantaj superbet,RO,Romania,Romanian,"Superbet (Organization), Super Avantaj (Event)",true,false,false,true,true,false,"Video preview, Image pack",100,0,0.84,0,,,,34,,Lost,,https://www.pontul-zilei.com/pariuri-online/super-avantaj-la-superbet-pentru-5-sporturi-diferite/,,,2024-06-21 10:20:14,
casa pariu,RO,Romania,Romanian,Casa Pariurilor (Organization),true,false,true,true,true,true,"Sitelinks, Thumbnail, Video preview, Image pack",500,54,2.68,0,,,,5,,Lost,,https://www.pontul-zilei.com/agentie/casa-pariurilor/,,,2024-06-13 03:36:30,
betano.ro aplicatie,RO,Romania,Romanian,"Betano.ro (Organization), Betano App (Product)",true,false,true,true,true,true,Video preview,150,3,0.71,0,,,,36,,Lost,,https://www.pontul-zilei.com/agentie/betano/,,,2024-06-08 00:11:19,
ultimele rezultate loto polonia,RO,Romania,Romanian,Loto Polonia (Event),true,false,false,true,false,false,Image pack,400,2,,0,,,,40,,Lost,,https://www.pontul-zilei.com/articole-pariuri-sportive/multi-polonia-loto-strategii-rezultate-combinatii-sfaturi/,,,2024-06-20 16:00:58,
nr de telefon superbet,RO,Romania,Romanian,Superbet (Organization),true,false,false,true,false,false,"Local pack, Image pack, Video preview",100,0,0.70,0,,,,35,,Lost,,https://www.pontul-zilei.com/agentie/superbet/,,,2024-06-19 18:05:34,
total bet fotbal,RO,Romania,Romanian,Totalbet (Organization),true,false,false,true,true,false,"Sitelinks, Image pack, Video preview",90,6,0.55,0,,,,4,,Lost,,https://www.pontul-zilei.com/agentie/total-bet/,,,2024-06-09 09:04:36,
franta vs,RO,Romania,Romanian,France (Location),false,false,false,true,false,false,"Top stories, Thumbnail, Video preview, Image pack",3000,1,,0,,,,49,,Lost,,https://www.pontul-zilei.com/euro-2024/euro-2024-austria-vs-franta/,,,2024-06-19 17:24:12,
loto polonia multi rezultate,RO,Romania,Romanian,Multi Loto Polonia (Event),true,false,false,true,false,false,"Sitelinks, Image pack, Video preview",1000,0,0.21,0,,,,44,,Lost,,https://www.pontul-zilei.com/articole-pariuri-sportive/multi-polonia-loto-strategii-rezultate-combinatii-sfaturi/,,,2024-06-21 06:03:51,
loto polonia multi multi 20 80,RO,Romania,Romanian,Loto Polonia Multi Multi 20/80 (Event),true,false,false,true,false,false,"Sitelinks, Video preview",1500,0,0.31,0,,,,46,,Lost,,https://www.pontul-zilei.com/articole-pariuri-sportive/multi-polonia-loto-strategii-rezultate-combinatii-sfaturi/,,,2024-06-25 18:57:08,
polonia multi multi ultimele rezultate,RO,Romania,Romanian,Polonia Multi Multi (Event),true,false,false,true,false,false,Image pack,100,1,0.51,0,,,,34,,Lost,,https://www.pontul-zilei.com/articole-pariuri-sportive/multi-polonia-loto-strategii-rezultate-combinatii-sfaturi/,,,2024-06-23 03:24:40,
lotostats polonia multi,RO,Romania,Romanian,"Lotostats (Organization), Polonia Multi (Event)",true,false,false,true,false,false,"Sitelinks, Video preview, Image pack",150,1,0.29,0,,,,32,,Lost,Image pack,https://www.pontul-zilei.com/articole-pariuri-sportive/multi-polonia-loto-strategii-rezultate-combinatii-sfaturi/,,,2024-06-17 16:59:46,
descarca aplicatia betano,RO,Romania,Romanian,Betano (Organization),true,false,false,false,true,true,Video preview,80,1,1.87,0,,,,33,,Lost,,https://www.pontul-zilei.com/agentie/betano/,,,2024-06-20 08:29:00,
pariuri online,RO,Romania,Romanian,,false,false,false,true,true,true,,1100,77,7.78,0,0,0,,32,13,19,,https://www.pontul-zilei.com/top-case-de-pariuri-online/,,https://www.pontul-zilei.com/top-case-de-pariuri-online/,2024-06-27 04:29:27,2026-06-21 11:36:33
total. bet,RO,Romania,Romanian,Totalbet (Organization),true,false,true,true,true,false,"Sitelinks, Image pack, Video preview, Bottom ads",100,0,,0,,,,27,,Lost,Image pack,https://www.pontul-zilei.com/agentie/total-bet/,,,2024-06-14 14:24:57,
baumbet casino,RO,Romania,Romanian,Baumbet (Organization),true,false,true,true,true,false,"Sitelinks, Knowledge panel, Video preview, Image pack",200,3,1.42,0,,,,37,,Lost,,https://www.pontul-zilei.com/agentie/baumbet/,,,2024-06-08 15:53:42,
numar telefon superbet,RO,Romania,Romanian,Superbet (Organization),true,false,false,true,false,false,"Local pack, Image pack, Video preview",200,0,0.85,0,,,,38,,Lost,,https://www.pontul-zilei.com/agentie/superbet/,,,2024-06-16 04:27:30,
rezultate italia 20 din 90,RO,Romania,Romanian,Italia Keno 20/90 (Event),true,false,false,true,false,false,Image pack,1100,0,0.62,0,,,,45,,Lost,,https://www.pontul-zilei.com/articole-pariuri-sportive/loto-italia-keno-afla-acum-cand-si-unde-poti-paria/,,,2024-06-27 18:21:05,
pacanele gratis 77777,RO,Romania,Romanian,,false,false,false,true,false,false,Video preview,500,66,0.47,,0,,,,44,New,,,,https://www.pontul-zilei.com/bonusuri-cazino-fara-depunere/,,2026-06-10 23:07:29
super pariuri superbet,RO,Romania,Romanian,"Superbet (Organization), SuperPariuri (Product)",true,false,false,true,false,false,"Video preview, People also ask, Image pack",80,0,0.70,0,,,,33,,Lost,,https://www.pontul-zilei.com/agentie/superbet/,,,2024-06-22 18:53:14,
fortuna aplicatie android,RO,Romania,Romanian,"Fortuna (Product), Android (Product)",true,false,false,true,true,true,Video preview,90,0,0.21,0,,,,34,,Lost,,https://www.pontul-zilei.com/agentie/fortuna/,,,2024-06-13 00:01:57,
superbet ro pariuri sportive,RO,Romania,Romanian,Superbet (Organization),true,false,true,true,true,true,,100,7,0.83,0,,,,36,,Lost,,https://www.pontul-zilei.com/articole-pariuri-sportive/romania-va-juca-din-nou-finala-campionatului-european-de-minifotbal/,,,2024-06-09 20:54:25,
polonia multi 20 80,RO,Romania,Romanian,Polonia Multi 20/80 (Event),true,false,false,true,false,false,"Video preview, Image pack",2500,1,0.43,0,,,,49,,Lost,,https://www.pontul-zilei.com/articole-pariuri-sportive/multi-polonia-loto-strategii-rezultate-combinatii-sfaturi/,,,2024-06-22 05:56:19,
gets bet pariuri fotbal,RO,Romania,Romanian,Get's Bet (Organization),true,false,true,true,true,true,"Image pack, Video preview",150,0,0.59,0,,,,36,,Lost,,https://www.pontul-zilei.com/articole-pariuri-sportive/ce-inseamna-sub-peste-15-25-35-45/,,,2024-06-25 11:46:15,
italia keno winner,RO,Romania,English,Italia Keno (Event),true,false,false,true,false,false,"Image pack, Video preview",150,2,0.50,0,,,,29,,Lost,Image pack,https://www.pontul-zilei.com/articole-pariuri-sportive/loto-italia-keno-afla-acum-cand-si-unde-poti-paria/,,,2024-06-25 18:46:48,
superliga rezultate,RO,Romania,Romanian,Superliga (Event),true,false,false,true,false,false,"Video preview, Image pack",90,20,,0,,,,34,,Lost,,https://www.pontul-zilei.com/articole-pariuri-sportive/superliga-rezultate-clasament-program-si-cote-pentru-etapa-26/,,,2024-06-26 14:16:24,
unibet pariuri sportive,RO,Romania,Romanian,Unibet (Organization),true,false,true,true,true,false,Image pack,800,20,0.28,0,,,,45,,Lost,,https://www.pontul-zilei.com/articole-pariuri-sportive/mii-de-oameni-la-primul-antrenament-al-tricolorilor-in-germania/,,,2024-06-12 12:35:44,
averea lui tiriac,RO,Romania,Romanian,Ion Tiriac (Person),false,false,false,true,false,false,"Featured snippet, Thumbnail, Video preview",90,8,,0,,,,34,,Lost,,https://www.pontul-zilei.com/articole-pariuri-sportive/averea-lui-ion-tiriac-a-crescut-vezi-pe-ce-loc-se-afla-magnatul-roman-in-clasament-forbes/,,,2024-06-12 11:01:18,
rezultate loto italia 6/90,RO,Romania,Romanian,"SuperEnalotto (Event), 6/90 (Event), Italy (Location)",true,false,false,true,false,false,Image pack,300,0,,0,,,,41,,Lost,,https://www.pontul-zilei.com/articole-pariuri-sportive/loto-italia-keno-afla-acum-cand-si-unde-poti-paria/,,,2024-06-14 01:02:23,
salariu messi,RO,Romania,Romanian,Lionel Messi (Person),false,false,false,true,false,false,"Video preview, Image pack, Knowledge panel",250,1,,0,,,,37,,Lost,,https://www.pontul-zilei.com/articole-pariuri-sportive/salariul-lui-leo-messi-la-inter-miami-mls-si-adidas-strategie-similara-cu-nike-si-modelul-jordan/,,,2024-06-27 09:21:35,
liga cehia,RO,Romania,Romanian,Czech First League (Event),true,false,false,true,false,false,"Knowledge panel, Top stories, Thumbnail, Image pack, Video preview",90,0,,0,,,,34,,Lost,,https://www.pontul-zilei.com/ponturipariuri/pontul-zilei-18-iunie-fotbal-euro-2024/,,,2024-06-18 11:46:15,
superbet nr telefon,RO,Romania,Romanian,Superbet (Organization),true,false,false,true,false,false,"Local pack, Image pack, Video preview",150,0,1.49,0,,,,37,,Lost,,https://www.pontul-zilei.com/agentie/superbet/,,,2024-06-10 04:15:12,
winner pareri,RO,Romania,Romanian,Winner (betting agency) (Organization),true,false,false,true,true,false,"Image pack, Video preview",100,0,1.11,0,,,,35,,Lost,,https://www.pontul-zilei.com/agentie/winner/,,,2024-06-14 19:24:45,
norvegia fc,RO,Romania,Romanian,Norway national football team (Organization),true,false,false,true,false,false,"Thumbnail, Video preview, Image pack",600,4,,0,,,,43,,Lost,,https://www.pontul-zilei.com/articole-pariuri-sportive/cainii-au-concurenta-serioasa-pentru-un-wild-card-in-liga-campionilor/,,,2024-06-15 22:04:46,
numar de telefon superbet,RO,Romania,Romanian,Superbet (Organization),true,false,false,true,false,false,"Local pack, Image pack, Video preview",150,0,0.70,0,,,,38,,Lost,,https://www.pontul-zilei.com/agentie/superbet/,,,2024-06-15 13:36:20,
oferta superbet,RO,Romania,Romanian,Superbet (Organization),true,false,false,true,true,false,"Sitelinks, Image pack",6300,6,1.09,0,,,,8,,Lost,,https://www.pontul-zilei.com/agentie/superbet/,,,2024-06-27 13:06:50,
loto italia keno 20 din 90,RO,Romania,Romanian,Italia Keno 20/90 (Event),true,false,false,true,false,false,"Sitelinks, Image pack, Video preview",200,0,,0,,,,38,,Lost,,https://www.pontul-zilei.com/articole-pariuri-sportive/loto-italia-keno-afla-acum-cand-si-unde-poti-paria/,,,2024-06-07 06:53:50,
loto polonia multi 1 20/80 rezultate,RO,Romania,Romanian,"Loto Polonia Multi 1 (Event), 20/80 (Event)",true,false,false,true,false,false,Sitelinks,150,0,,0,,,,36,,Lost,,https://www.pontul-zilei.com/articole-pariuri-sportive/multi-polonia-loto-strategii-rezultate-combinatii-sfaturi/,,,2024-06-24 07:03:29,
clasament turcia super liga,RO,Romania,Romanian,"Süper Lig (Work), Turkey (Location)",true,false,false,true,false,false,Image pack,100,0,,0,,,,35,,Lost,,https://www.pontul-zilei.com/ponturipariuri/pontul-zilei-04-martie-turcia-super-lig/,,,2024-06-15 12:01:57,
superbet loto polonia multi,RO,Romania,Romanian,"Superbet (Organization), Loto Polonia Multi (Event)",true,false,false,true,false,false,"Image pack, Video preview",150,0,,0,,,,36,,Lost,,https://www.pontul-zilei.com/articole-pariuri-sportive/multi-polonia-loto-strategii-rezultate-combinatii-sfaturi/,,,2024-06-09 10:31:27,
mozzart verificare bilet,RO,Romania,Romanian,Mozzartbet (Organization),true,false,false,true,false,false,"Sitelinks, Image pack, Video preview",150,0,0.10,0,,,,10,,Lost,,https://www.pontul-zilei.com/agentie/mozzart/,,,2024-06-27 04:08:05,
poziții arsenal vs man city,RO,Romania,Romanian,"Arsenal (Organization), Manchester City (Organization)",true,false,false,true,false,false,"Videos, Video preview, Image pack",200,1,,0,,,,38,,Lost,,https://www.pontul-zilei.com/articole-pariuri-sportive/continua-suspansul-in-premier-league-city-si-arsenal-lupta-brat-la-brat-pentru-titlu/,,,2024-06-22 20:17:37,
portugalia fotbal,RO,Romania,Romanian,Portugal (Location),false,false,false,true,false,false,"Top stories, Thumbnail, Knowledge panel, Video preview",1800,0,0.10,0,,,,45,,Lost,,https://www.pontul-zilei.com/ponturipariuri/pontul-zilei-18-iunie-fotbal-euro-2024/,,,2024-06-19 21:23:04,
superbet tenis live,RO,Romania,Romanian,Superbet (Organization),true,false,true,false,true,true,"Image pack, Video preview",150,0,0.46,0,,,,37,,Lost,,https://www.pontul-zilei.com/Abecedarul%20pariurilor%20sportive%20online%20-%20www.pontul-zilei.com.pdf,,,2024-06-24 02:12:12,
nr superbet,RO,Romania,Romanian,Superbet (Organization),true,false,false,true,false,false,"Featured snippet, Video preview, Image pack",100,1,0.87,0,,,,36,,Lost,,https://www.pontul-zilei.com/agentie/superbet/,,,2024-06-10 07:27:47,
bonus zi de nastere,RO,Romania,Romanian,,false,false,false,true,true,false,,80,0,0.81,0,,,,34,,Lost,,https://www.pontul-zilei.com/ghiduri/superbet-bonus-de-ziua-ta/,,,2024-06-10 16:38:29,
maxbet bonus,RO,Romania,English,MaxBet (Organization),true,false,false,true,true,false,"Top ads, Paid sitelinks, Image pack, Bottom ads",600,2,1.66,0,,,,41,,Lost,,https://www.pontul-zilei.com/agentie/maxbet/,,,2024-06-24 17:12:35,
betano.,RO,Romania,Romanian,Betano (Organization),true,false,true,true,true,false,"Top ads, Paid sitelinks, Sitelinks, Video preview",1300,5,1.38,0,,,,5,,Lost,,https://www.pontul-zilei.com/agentie/betano/,,,2024-06-24 21:24:32,
bile biliard,RO,Romania,Romanian,,false,false,false,true,true,true,"Thumbnail, Image pack, Shopping, Video preview",200,0,0.06,0,,,,39,,Lost,,https://www.pontul-zilei.com/articole-pariuri-sportive/reguli-biliard-cum-arata-regulamentul-de-joc/,,,2024-06-20 16:10:08,
ce înseamnă 1/2,RO,Romania,Romanian,,false,false,false,true,false,false,"Featured snippet, Video preview, Image pack",100,0,,0,,,,36,,Lost,,https://www.pontul-zilei.com/articole-pariuri-sportive/ce-inseamna-sub-peste-15-25-35-45/,,,2024-06-11 02:33:42,
lotopolonia multi,RO,Romania,Romanian,Loto Polonia Multi (Event),true,false,false,true,false,false,"Sitelinks, Image pack, Video preview",800,2,0.54,0,,,,45,,Lost,,https://www.pontul-zilei.com/articole-pariuri-sportive/multi-polonia-loto-strategii-rezultate-combinatii-sfaturi/,,,2024-06-24 04:49:23,
numerele ieșite loto italia 10 din 20,RO,Romania,Romanian,"Loto (Event), Win for Life 10/20 (Event), Italy (Location)",true,false,false,true,false,false,"Sitelinks, Image pack",1200,0,0.11,0,,,,47,,Lost,,https://www.pontul-zilei.com/articole-pariuri-sportive/win-for-life-loto-italia-strategii-rezultate-combinatii-sfaturi/,,,2024-06-25 10:23:02,
betano pacanele gratis,RO,Romania,Romanian,Betano (Organization),true,false,true,true,false,false,"Sitelinks, Video preview, Image pack",150,4,1.09,0,,,,37,,Lost,,https://www.pontul-zilei.com/agentie/betano/,,,2024-06-25 20:18:37,
flacara olimpica,RO,Romania,Romanian,Olympic Flame (Event),false,false,false,true,false,false,"Thumbnail, Video preview, Image pack",250,1,,0,,,,36,,Lost,,https://www.pontul-zilei.com/articole-pariuri-sportive/flacara-olimpica-soseste-in-franta-nebunie-in-portul-marsiliei-video/,,,2024-06-14 22:22:16,
loto italia live,RO,Romania,Romanian,Lotto Italia (Event),true,false,false,true,false,false,Image pack,1000,3,0.04,0,,,,46,,Lost,,https://www.pontul-zilei.com/articole-pariuri-sportive/loto-italia-keno-afla-acum-cand-si-unde-poti-paria/,,,2024-06-22 16:28:48,
italia keno live winner,RO,Romania,English,Italia Keno (Event),true,false,false,true,false,false,Image pack,200,2,0.27,0,,,,34,,Lost,Image pack,https://www.pontul-zilei.com/articole-pariuri-sportive/loto-italia-keno-afla-acum-cand-si-unde-poti-paria/,,,2024-06-10 14:12:39,
poziții fc barcelona vs athletic bilbao,RO,Romania,Romanian,"FC Barcelona (Organization), Athletic Bilbao (Organization)",true,false,false,true,false,false,"Videos, Image pack, Video preview",150,1,,0,,,,38,,Lost,,https://www.pontul-zilei.com/ponturi-pariuri/Ponturi-Sevilla-FC-vs-Athletic-Bilbao-fotbal-08-octombrie-2022-La-Liga/,,,2024-06-22 18:05:52,
cont maxbet,RO,Romania,Romanian,MaxBet (Organization),true,false,true,true,false,false,"Image pack, Video preview, Bottom ads, Paid sitelinks",80,0,4.73,0,,,,35,,Lost,,https://www.pontul-zilei.com/agentie/maxbet/,,,2024-05-29 05:59:41,
pariu formula 1,RO,Romania,Romanian,Formula 1 (Event),true,false,false,false,true,true,"Image pack, Video preview",150,0,1.23,0,,,,39,,Lost,,https://www.pontul-zilei.com/articole-pariuri-sportive/o-noua-etapa-a-campionatului-mondial-de-formula-1-actuala-oprire-canada/,,,2024-06-21 05:22:15,
www. publicwin.ro,RO,Romania,,PublicWin (Organization),true,false,true,true,false,false,"Sitelinks, Image pack",100,1,1.54,0,,,,37,,Lost,,https://www.pontul-zilei.com/articole-pariuri-sportive/ramos-pleaca-de-la-sevilla-dupa-doar-un-sezon/,,,2024-06-19 16:36:19,
www.total bet.ro,RO,Romania,Romanian,TotalBet (Organization),true,false,true,false,false,false,"Sitelinks, Image pack, Bottom ads",800,5,1.00,0,,,,4,,Lost,,https://www.pontul-zilei.com/agentie/total-bet/,,,2024-06-26 21:38:29,
tenismen roman,RO,Romania,Romanian,,false,false,false,true,false,false,"Featured snippet, Video preview",150,0,,0,,,,33,,Lost,,https://www.pontul-zilei.com/articole-pariuri-sportive/tenismen-roman-suspendat-cinci-ani-pentru-blaturi/,,,2024-06-07 03:33:13,
poze mbappe,RO,Romania,Romanian,Kylian Mbappé (Person),false,false,false,true,false,false,,80,0,0.04,0,,,,35,,Lost,,https://www.pontul-zilei.com/articole-pariuri-sportive/real-pune-tricourile-in-vanzare-ce-numar-va-purta-mbappe/,,,2024-06-22 15:17:33,
extragere polonia 20 din 80,RO,Romania,Romanian,Polonia Multi 20/80 (Event),true,false,false,true,false,false,"Image pack, Video preview",450,1,0.17,0,,,,43,,Lost,,https://www.pontul-zilei.com/articole-pariuri-sportive/multi-polonia-loto-strategii-rezultate-combinatii-sfaturi/,,,2024-06-09 00:12:54,
casa pariurilor ploiesti,RO,Romania,Romanian,"Casa Pariurilor (Organization), Ploiesti (Location)",true,true,false,true,false,false,"Local pack, Sitelinks, Image pack, Video preview",200,0,1.00,0,,,,40,,Lost,,https://www.pontul-zilei.com/articole-pariuri-sportive/castig-fabulos-intr-o-agentie-superbet-din-ploiesti-peste-995000-de-euro/,,,2024-06-23 13:25:16,
meciuri cupa angliei azi,RO,Romania,Romanian,FA Cup (Event),true,false,false,true,false,false,"Image pack, Video preview",150,0,,0,,,,38,,Lost,,https://www.pontul-zilei.com/ponturi-pariuri/Ponturi-Southampton---Huddersfield-fotbal-04-ianuarie-2020-Cupa-Angliei/,,,2024-06-11 01:07:51,
polonia multi multi 20 din 80,RO,Romania,Romanian,Polonia Multi Multi 20/80 (Work),true,false,false,true,false,false,"Image pack, Video preview",1100,0,0.43,0,,,,47,,Lost,,https://www.pontul-zilei.com/articole-pariuri-sportive/multi-polonia-loto-strategii-rezultate-combinatii-sfaturi/,,,2024-06-15 16:47:14,
loto italia keno,RO,Romania,Romanian,Italia Keno (Event),true,false,false,true,false,false,,14000,39,0.65,0,0,0,,39,16,23,Image pack,https://www.pontul-zilei.com/articole-pariuri-sportive/loto-italia-keno-afla-acum-cand-si-unde-poti-paria/,,https://www.pontul-zilei.com/articole-pariuri-sportive/loto-italia-keno-afla-acum-cand-si-unde-poti-paria/,2024-06-27 01:37:12,2026-06-16 02:01:06
net bet casino,RO,Romania,English,NetBet Casino (Organization),true,false,false,true,true,false,"Sitelinks, Image pack, Video preview",250,37,0.62,0,,,,40,,Lost,,https://www.pontul-zilei.com/agentie/netbet/,,,2024-06-26 09:10:27,
kino grecia,RO,Romania,Romanian,Greek Kino (Event),true,false,false,true,false,false,"Image pack, Video preview",20000,3,0.54,0,,,,26,,Lost,Image pack,https://www.pontul-zilei.com/articole-pariuri-sportive/loto-grecia-kino-cele-mai-bune-strategii-de-joc-ca-sa-iti-cresti-sansele-de-castig/,,,2024-06-27 00:05:08,
fotbal franța,RO,Romania,Romanian,France (Location),false,false,false,true,false,false,"Sitelinks, Knowledge panel, Top stories, Thumbnail, Image pack, Video preview",200,8,,0,,,,39,,Lost,,https://www.pontul-zilei.com/category/ponturi-pariuri/ponturi-pariuri-fotbal-franta/,,,2024-06-25 22:46:36,
cote pariuri fotbal azi,RO,Romania,Romanian,,false,false,false,true,true,true,Image pack,450,30,0.27,0,,,,43,,Lost,,https://www.pontul-zilei.com/category/cota-zilei-pariuri/,,,2024-06-21 13:24:44,
superbet fotbal azi,RO,Romania,Romanian,Superbet (Organization),true,false,true,true,true,true,"Video preview, Image pack",250,3,2.78,0,,,,41,,Lost,,https://www.pontul-zilei.com/category/ponturi-pariuri/ponturi-fotbal/,,,2024-06-16 11:22:41,
loto slovacia 20 80,RO,Romania,Romanian,Slovacia Keno 20/80 (Event),true,false,false,true,false,false,"Sitelinks, Image pack",90,0,,0,,,,36,,Lost,,https://www.pontul-zilei.com/articole-pariuri-sportive/slovacia-keno-loto-strategii-rezultate-scheme-combinatii-live-sfaturi-de-la-jucatori/,,,2024-06-22 07:08:01,
seven cazino,RO,Romania,Romanian,Seven Casino (Organization),true,false,false,true,true,false,"Sitelinks, Video preview, Knowledge panel",150,8,1.26,0,,,,38,,Lost,,https://www.pontul-zilei.com/agentie/seven/,,,2024-06-10 08:54:02,
djokovic copii,RO,Romania,Romanian,Novak Djokovic (Person),false,false,false,true,false,false,"Image pack, Videos, Video preview",80,1,,0,,,,36,,Lost,,https://www.pontul-zilei.com/articole-pariuri-sportive/novak-djokovic-si-a-pierdut-cardul-intr-o-baie-de-multime-copilul-care-i-l-a-inapoiat-a-fost-recompensat-cu-o-suma-generoasa-video/,,,2024-06-26 11:11:56,
program casa pariurilor azi,RO,Romania,Romanian,Casa Pariurilor (Organization),true,false,false,true,false,false,Video preview,80,1,0.31,0,,,,36,,Lost,,https://www.pontul-zilei.com/agentie/casa-pariurilor/,,,2024-06-08 05:51:22,
statistici sepsi vs „u” cluj,RO,Romania,Romanian,"Sepsi (Organization), Cluj (Location)",true,true,false,true,false,false,"Video preview, Image pack",80,1,,0,,,,36,,Lost,,https://www.pontul-zilei.com/ponturipariuri/ponturi-u-cluj-vs-fc-botosani-fotbal-25-februarie-2023-superliga/,,,2024-06-14 06:43:30,
champions league handbal feminin,RO,Romania,French,"Champions League (Event), Women's Handball Champions League (Event)",true,false,false,true,false,false,"Sitelinks, Top stories, Thumbnail, Knowledge panel, Video preview, Image pack",150,0,0.26,0,,,,38,,Lost,,https://www.pontul-zilei.com/articole-pariuri-sportive/finala-surpriza-in-final-four-ul-champions-league-la-handbal-feminin/,,,2024-06-22 20:19:19,
meciuri din al-hilal,RO,Romania,Romanian,Al-Hilal (Organization),true,false,false,true,false,false,"Video preview, Image pack",150,0,,0,,,,38,,Lost,,https://www.pontul-zilei.com/ponturipariuri/ponturi-real-madrid-vs-al-hilal-fotbal-11-februarie-2023-fifa-club-world-cup/,,,2024-06-26 05:26:48,
seven slot,RO,Romania,English,Seven Slot (Organization),true,false,false,true,true,false,"Thumbnail, Video preview, Image pack, Bottom ads, Paid sitelinks",150,0,1.54,0,,,,39,,Lost,,https://www.pontul-zilei.com/agentie/seven/,,,2024-06-26 06:18:18,
polonia loto rezultate,RO,Romania,Romanian,Polonia Loto (Event),true,false,false,true,false,false,"Video preview, Image pack",450,0,0.21,0,,,,44,,Lost,,https://www.pontul-zilei.com/articole-pariuri-sportive/multi-polonia-loto-strategii-rezultate-combinatii-sfaturi/,,,2024-06-12 04:05:23,
mozzartbet casino,RO,Romania,Romanian,Mozzartbet (Organization),true,false,true,true,true,true,"Top ads, Paid sitelinks, Video preview, Bottom ads",250,2,0.53,0,,,,41,,Lost,,https://www.pontul-zilei.com/agentie/mozzart/,,,2024-06-27 14:48:26,
extragere polonia multi multi 20/80,RO,Romania,Romanian,"Polonia Multi Multi 20/80 (Event), 20/80 (Event)",true,false,false,true,false,false,"Video preview, Image pack",450,2,0.35,0,,,,44,,Lost,,https://www.pontul-zilei.com/articole-pariuri-sportive/multi-polonia-loto-strategii-rezultate-combinatii-sfaturi/,,,2024-06-25 03:18:19,
loto 10/20 italia,RO,Romania,Romanian,"Win for Life 10/20 (Event), Italy (Location)",true,false,false,true,false,false,"Thumbnail, Video preview",80,0,0.22,0,,,,36,,Lost,,https://www.pontul-zilei.com/articole-pariuri-sportive/win-for-life-loto-italia-strategii-rezultate-combinatii-sfaturi/,,,2024-06-23 20:16:34,
clasament balonul de aur,RO,Romania,Romanian,Golden Ball (Event),true,false,false,true,false,false,"Image pack, Video preview, Knowledge panel",100,1,,0,,,,37,,Lost,,https://www.pontul-zilei.com/articole-pariuri-sportive/topul-favoritilor-la-balonul-de-aur/,,,2024-06-17 16:06:02,
rezultate italia loto,RO,Romania,Romanian,"Italian Lottery (Event), Italy (Location)",true,false,false,true,false,false,"Image pack, Video preview",1000,1,,0,,,,48,,Lost,,https://www.pontul-zilei.com/articole-pariuri-sportive/loto-italia-keno-afla-acum-cand-si-unde-poti-paria/,,,2024-06-27 20:44:19,
teren baschet,RO,Romania,Romanian,,false,false,false,true,true,false,"Image pack, Thumbnail, Local teaser, Video preview",700,0,0.35,0,,,,42,,Lost,,https://www.pontul-zilei.com/articole-pariuri-sportive/terenul-de-baschet-tot-ce-trebuie-sa-stii-despre-suprafata-dimensiuni-si-marcajele-existente/,,,2024-06-09 23:53:47,
super be,RO,Romania,Romanian,Superbet (Organization),true,false,false,true,true,false,"Sitelinks, Knowledge panel, Image pack, Local pack, Video preview, Bottom ads, Paid sitelinks",80,3,1.20,0,,,,35,,Lost,,https://www.pontul-zilei.com/agentie/superbet/,,,2024-06-07 06:19:46,
fotbal franța 1,RO,Romania,Romanian,France (Location),false,false,false,true,false,false,"Sitelinks, Knowledge panel, Image pack, Video preview",90,2,,0,,,,37,,Lost,,https://www.pontul-zilei.com/category/ponturi-pariuri/ponturi-pariuri-fotbal-franta/,,,2024-05-27 00:23:56,
aplicatia casa pariurilor,RO,Romania,Romanian,Casa Pariurilor (Organization),true,false,true,false,true,true,"Image pack, Video preview",250,2,1.89,0,,,,41,,Lost,,https://www.pontul-zilei.com/agentie/casa-pariurilor/,,,2024-06-16 21:07:31,
total bet .ro,RO,Romania,Romanian,TotalBet (Organization),true,false,true,false,false,false,"Sitelinks, Image pack, Video preview",150,4,0.77,0,,,,39,,Lost,,https://www.pontul-zilei.com/agentie/total-bet/,,,2024-06-25 08:21:23,
winner 100 rotiri gratuite,RO,Romania,Romanian,Winner (Organization),true,false,false,true,true,false,"Image pack, Video preview",90,0,1.37,0,,,,37,,Lost,,https://www.pontul-zilei.com/agentie/winner/,,,2024-06-09 00:00:48,
ungaria keno 20/80,RO,Romania,Romanian,Ungaria Keno 20/80 (Event),true,false,false,true,false,false,Image pack,350,0,0.30,0,,,,43,,Lost,,https://www.pontul-zilei.com/agentie/betmen/,,,2024-06-20 22:21:08,
eliteslots,RO,Romania,,Elite Slots (Organization),true,false,false,true,true,false,Sitelinks,800,58,0.61,0,0,0,,7,5,2,,https://www.pontul-zilei.com/agentie/elite-slots/,,https://www.pontul-zilei.com/agentie/elite-slots/,2024-06-25 03:50:03,2026-06-20 02:13:58
cati jucatori are o echipa de handbal,RO,Romania,Romanian,,false,false,false,true,false,false,"Featured snippet, Thumbnail, Image pack, Video preview",100,0,,0,,,,38,,Lost,,https://www.pontul-zilei.com/articole-pariuri-sportive/reguli-handbal-afla-totul-despre-regulament/,,,2024-06-18 18:27:26,
convocari echipa nationala,RO,Romania,Romanian,Romanian national football team (Organization),false,false,false,true,false,false,"Sitelinks, Image pack, Video preview",100,3,,0,,,,38,,Lost,,https://www.pontul-zilei.com/articole-pariuri-sportive/lotul-romaniei-pentru-dubla-cu-israel-si-kosovo-convocari-in-premiera-la-echipa-nationala/,,,2024-06-25 11:18:13,
loto polonia 20 80 rezultate,RO,Romania,Romanian,Loto Polonia 20/80 (Event),true,false,false,true,false,false,"Sitelinks, Image pack",100,1,0.24,0,,,,38,,Lost,,https://www.pontul-zilei.com/articole-pariuri-sportive/multi-polonia-loto-strategii-rezultate-combinatii-sfaturi/,,,2024-06-19 16:07:34,
bonus la prima depunere,RO,Romania,Romanian,,false,false,false,true,true,false,Image pack,80,4,4.54,0,,,,37,,Lost,,https://www.pontul-zilei.com/top-case-de-pariuri-online/,,,2024-06-18 00:28:05,
loto polonia loto polonia,RO,Romania,Romanian,Loto Polonia (Event),true,false,false,true,false,false,"Sitelinks, Image pack, Video preview",800,2,0.11,0,,,,47,,Lost,,https://www.pontul-zilei.com/articole-pariuri-sportive/multi-polonia-loto-strategii-rezultate-combinatii-sfaturi/,,,2024-06-19 03:05:26,
luck bet,RO,Romania,English,,false,false,false,true,true,false,"Video preview, Image pack",150,0,0.62,0,,,,40,,Lost,,https://www.pontul-zilei.com/agentie/luck-casino/,,,2024-06-09 23:53:44,
bilete f1,RO,Romania,Romanian,Formula 1 (Event),true,false,false,false,true,true,"Video preview, Image pack, Bottom ads, Paid sitelinks",200,14,0.11,0,,,,41,,Lost,,https://www.pontul-zilei.com/articole-pariuri-sportive/formula-1-avancronica-marele-premiu-din-monaco/,,,2024-06-14 21:30:25,
numere loto grecia,RO,Romania,Romanian,Greece (Location),false,false,false,true,false,false,"Sitelinks, Image pack, Video preview",100,2,0.42,0,,,,39,,Lost,,https://www.pontul-zilei.com/articole-pariuri-sportive/loto-grecia-kino-cele-mai-bune-strategii-de-joc-ca-sa-iti-cresti-sansele-de-castig/,,,2024-06-07 11:09:53,
loto keno,RO,Romania,Romanian,Keno (Event),false,false,false,true,false,false,"Video preview, Image pack",150,1,0.27,0,,,,39,,Lost,,https://www.pontul-zilei.com/articole-pariuri-sportive/letonia-keno-loto-strategii-rezultate-scheme-combinatii-live-sfaturi-de-la-jucatori/,,,2024-06-18 11:49:11,
loto 20 90 italia,RO,Romania,Romanian,"Italia Keno 10E 20/90 (Event), Italy (Location)",true,false,false,true,false,false,"Video preview, Image pack",150,0,,0,,,,40,,Lost,,https://www.pontul-zilei.com/articole-pariuri-sportive/loto-italia-keno-afla-acum-cand-si-unde-poti-paria/,,,2024-06-24 19:21:43,
casapariurilor,RO,Romania,Romanian,,false,false,false,true,true,false,Sitelinks,1700,0,1.66,82,0,-82,,2,5,-3,,https://www.pontul-zilei.com/agentie/casa-pariurilor/,,https://www.pontul-zilei.com/agentie/casa-pariurilor/,2024-06-27 12:54:04,2026-06-21 22:01:11
lotostats grecia kino,RO,Romania,Romanian,"LotoStats (Organization), Grecia Kino (Event)",true,false,false,true,false,false,"Sitelinks, Video preview, Image pack",100,5,0.16,0,,,,39,,Lost,,https://www.pontul-zilei.com/articole-pariuri-sportive/loto-grecia-kino-cele-mai-bune-strategii-de-joc-ca-sa-iti-cresti-sansele-de-castig/,,,2024-06-10 06:51:16,
ermal krasniqi,RO,Romania,,Ermal Krasniqi (Person),false,false,false,true,false,false,"Knowledge panel, Video preview",150,0,,0,,,,40,,Lost,,https://www.pontul-zilei.com/articole-pariuri-sportive/rapid-a-anuntat-ca-ermal-krasniqi-a-semnat-cu-o-alta-echipa/,,,2024-06-27 16:58:34,
tragerea la sorti conference league,RO,Romania,Romanian,"draw for UEFA Conference League (Event), UEFA Conference League (Event)",true,false,false,true,false,false,"Top stories, Thumbnail, Image pack, Video preview",200,0,,0,,,,41,,Lost,,https://www.pontul-zilei.com/articole-pariuri-sportive/totul-despre-tragerea-la-sorti-si-programul-echipelor-romanesti-din-cupele-europene/,,,2024-06-21 06:20:39,
rezultate italia 6/90,RO,Romania,Romanian,"SuperEnalotto 6/90 (Event), Italy (Location)",true,false,false,true,false,false,"Sitelinks, Image pack",150,0,,0,,,,40,,Lost,,https://www.pontul-zilei.com/articole-pariuri-sportive/loto-italia-keno-afla-acum-cand-si-unde-poti-paria/,,,2024-06-22 17:20:54,
netbet bonus de bun venit,RO,Romania,Romanian,NetBet (Organization),true,false,false,true,true,true,Image pack,100,4,3.81,0,,,,39,,Lost,,https://www.pontul-zilei.com/agentie/netbet/,,,2024-06-11 03:20:34,
pariuri sportive tenis,RO,Romania,Romanian,,false,false,true,false,true,true,"Top ads, Paid sitelinks, Top stories, Thumbnail, Video preview, Image pack, Bottom ads",90,7,0.51,0,,,,38,,Lost,,https://www.pontul-zilei.com/category/ponturi-pariuri/ponturi-pariuri-tenis/,,,2024-06-27 19:19:23,
canotaj romania,RO,Romania,Romanian,Romania (Location),false,false,false,true,false,false,"Thumbnail, Video preview, Knowledge panel, Image pack",100,1,0.74,0,,,,35,,Lost,,https://www.pontul-zilei.com/articole-pariuri-sportive/se-mareste-delegatia-tarii-noastre-un-ciclist-roman-calificat-la-jocurile-olimpice/,,,2024-06-11 04:09:47,
fortuna casino romania,RO,Romania,English,"Fortuna Casino (Organization), Romania (Location)",true,false,true,true,true,true,"Sitelinks, Video preview, Image pack, Knowledge panel",200,7,0.64,0,,,,41,,Lost,,https://www.pontul-zilei.com/agentie/fortuna/,,,2024-06-08 05:09:31,
meciuri azi superbet,RO,Romania,Romanian,Superbet (Organization),true,false,true,true,true,true,"Video preview, Image pack",600,3,1.61,0,,,,47,,Lost,,https://www.pontul-zilei.com/category/biletul-zilei/,,,2024-06-26 09:27:59,
"totogaming,ro",RO,Romania,Romanian,TotoGaming (Organization),true,false,true,true,true,false,Sitelinks,700,47,,0,0,0,,8,5,3,,https://www.pontul-zilei.com/agentie/totogaming/,,https://www.pontul-zilei.com/agentie/totogaming/,2024-06-20 14:11:41,2026-06-14 14:10:32
rezultate loto polonia multi multi 20/80,RO,Romania,Romanian,"Polonia Multi Multi 20/80 (Event), 20/80 (Event)",true,false,false,true,false,false,Video preview,250,1,0.36,0,,,,43,,Lost,,https://www.pontul-zilei.com/articole-pariuri-sportive/multi-polonia-loto-strategii-rezultate-combinatii-sfaturi/,,,2024-06-09 03:57:30,
romania vs,RO,Romania,English,Romania (Location),false,false,false,true,false,false,Video preview,1600,0,0.04,0,,,,45,,Lost,,https://www.pontul-zilei.com/ponturipariuri/pontul-zilei-17-iunie-fotbal-euro-2024/,,,2024-06-22 04:51:35,
casa pariurilor aplicatie,RO,Romania,Romanian,"Casa Pariurilor (Organization), Casa Pariurilor App (Product)",true,false,false,true,true,true,Video preview,800,0,2.60,0,,,,18,,Lost,,https://www.pontul-zilei.com/agentie/casa-pariurilor/,,,2024-06-23 06:12:42,
poziții liverpool vs fulham,RO,Romania,Romanian,Liverpool vs Fulham (Event),false,false,false,true,false,false,"Video preview, Image pack",150,0,,0,,,,41,,Lost,,https://www.pontul-zilei.com/biletul-zilei/biletul-zilei-fotbal-tudor-miercuri-15-martie-2023-cota-2-01-castig-potential-605-ron/,,,2024-06-24 12:14:41,
superbet baia mare,RO,Romania,Romanian,"Superbet (Organization), Baia Mare (Location)",true,true,false,true,false,false,"Local pack, Sitelinks, Video preview, Thumbnail, Image pack",150,0,0.72,0,,,,40,,Lost,,https://www.pontul-zilei.com/agentie/superbet/,,,2024-06-26 12:15:06,
rezultate loto italia 20 din 90,RO,Romania,Romanian,"Italian Keno (Event), Italian Keno 20/90 (Event), Italy (Location)",true,false,false,true,false,false,"Sitelinks, Image pack",150,0,,0,,,,41,,Lost,,https://www.pontul-zilei.com/articole-pariuri-sportive/loto-italia-keno-afla-acum-cand-si-unde-poti-paria/,,,2024-06-27 05:12:59,
poziții bayer leverkusen vs bayern,RO,Romania,Romanian,"Bayer Leverkusen (Organization), Bayern Munich (Organization)",true,false,false,true,false,false,"Image pack, Video preview",100,2,,0,,,,39,,Lost,,https://www.pontul-zilei.com/articole-pariuri-sportive/avancronica-etapa-34-bundesliga/,,,2024-06-20 22:11:06,
rezultate letonia,RO,Romania,Romanian,Latvia (Location),false,false,false,true,false,false,Image pack,600,0,,0,,,,47,,Lost,,https://www.pontul-zilei.com/articole-pariuri-sportive/letonia-keno-loto-strategii-rezultate-scheme-combinatii-live-sfaturi-de-la-jucatori/,,,2024-06-24 15:26:34,
slovacia loto,RO,Romania,Romanian,Slovacia Keno (Event),true,false,false,true,false,false,Image pack,100,0,,0,,,,39,,Lost,,https://www.pontul-zilei.com/articole-pariuri-sportive/slovacia-keno-loto-strategii-rezultate-scheme-combinatii-live-sfaturi-de-la-jucatori/,,,2024-06-12 07:26:40,
rezultate loto italia 20 90,RO,Romania,Romanian,"Loto (Event), Italy Keno 10E (20/90) (Event), Italy (Location)",true,false,false,true,false,false,"Sitelinks, Image pack, Video preview",200,0,0.47,0,,,,42,,Lost,,https://www.pontul-zilei.com/articole-pariuri-sportive/loto-italia-keno-afla-acum-cand-si-unde-poti-paria/,,,2024-06-09 07:24:05,
unibet.ro casino,RO,Romania,Romanian,Unibet.ro (Organization),true,false,true,true,true,true,"Sitelinks, Video preview, Image pack",250,32,,0,,,,43,,Lost,,https://www.pontul-zilei.com/agentie/unibet/,,,2024-06-20 03:14:46,
bonus de bun venit superbet,RO,Romania,Romanian,Superbet (Organization),true,false,false,true,true,false,"Top ads, Paid sitelinks, Video preview, Image pack, Bottom ads",200,4,6.47,0,,,,42,,Lost,,https://www.pontul-zilei.com/agentie/superbet/,,,2024-06-26 12:49:39,
italia keno toate rezultatele,RO,Romania,Romanian,Italia Keno (Event),true,false,false,true,false,false,"Sitelinks, Image pack",100,1,0.17,0,,,,40,,Lost,,https://www.pontul-zilei.com/articole-pariuri-sportive/loto-italia-keno-afla-acum-cand-si-unde-poti-paria/,,,2024-06-23 04:27:20,
bonus prima depunere,RO,Romania,Romanian,,false,false,false,true,true,false,Image pack,80,4,7.41,0,,,,38,,Lost,,https://www.pontul-zilei.com/top-case-de-pariuri-online/,,,2024-06-19 07:38:57,
agentii pariuri,RO,Romania,Romanian,,false,false,false,true,true,false,"Thumbnail, Sitelinks, Local pack, Image pack",100,53,6.12,0,,,,41,,Lost,,https://www.pontul-zilei.com/articole-pariuri-sportive/se-mareste-delegatia-tarii-noastre-un-ciclist-roman-calificat-la-jocurile-olimpice/,,,2024-06-11 12:02:22,
betano .ro,RO,Romania,,Betano (Organization),true,false,true,false,false,false,"Sitelinks, Top stories, Image pack, Video preview",300,53,1.72,0,,,,45,,Lost,,https://www.pontul-zilei.com/,,,2024-06-08 16:44:56,
pariaza online,RO,Romania,Romanian,,false,false,false,true,true,false,Image pack,100,74,17.53,0,,,,41,,Lost,,https://www.pontul-zilei.com/category/pariuri-online/,,,2024-06-27 01:41:13,
rezultate fotbal italia seria a,RO,Romania,Romanian,"Serie A (Event), Italy (Location)",true,false,false,true,false,false,"Sitelinks, Image pack, Video preview",100,4,,0,,,,40,,Lost,,https://www.pontul-zilei.com/category/ponturi-pariuri/ponturi-pariuri-fotbal-italia/,,,2024-06-13 10:55:05,
verificare bilete winner,RO,Romania,Romanian,Winner (Organization),true,false,false,true,false,false,,100,0,0.13,0,,,,40,,Lost,,https://www.pontul-zilei.com/agentie/betmen/,,,2024-06-18 22:09:41,
www grecia kino,RO,Romania,Romanian,Greek KINO Lottery (Event),true,false,false,true,false,false,"Sitelinks, Video preview, Image pack",150,2,0.19,0,,,,41,,Lost,,https://www.pontul-zilei.com/articole-pariuri-sportive/loto-grecia-kino-cele-mai-bune-strategii-de-joc-ca-sa-iti-cresti-sansele-de-castig/,,,2024-06-19 21:26:54,
jucatori barcelona,RO,Romania,Romanian,FC Barcelona (Organization),true,false,false,true,false,false,"Knowledge panel, Video preview",400,0,,0,,,,39,,Lost,,https://www.pontul-zilei.com/articole-pariuri-sportive/obligata-sa-renunte-la-cativa-jucatori-barcelona-anunta-jucatorii-in-jurul-carora-se-va-forma-echipa-din-sezonul-viitor/,,,2024-06-13 22:44:38,
polonia multi 20/80 live,RO,Romania,English,"Polonia Multi 20/80 (Event), 20/80 (Event)",true,false,false,true,false,false,"Video preview, Image pack",100,4,0.26,0,,,,40,,Lost,,https://www.pontul-zilei.com/articole-pariuri-sportive/multi-polonia-loto-strategii-rezultate-combinatii-sfaturi/,,,2024-06-23 06:23:29,
cote castigare liga 1,RO,Romania,Romanian,Liga 1 (Event),false,false,false,true,true,false,Image pack,200,1,0.23,0,,,,43,,Lost,,https://www.pontul-zilei.com/articole-pariuri-sportive/cote-si-program-pentru-semifinalele-cupei-romaniei-betano/,,,2024-06-16 16:54:34,
clasament uefa,RO,Romania,Romanian,"UEFA (Organization), UEFA rankings (Event)",true,false,false,true,false,false,"Image pack, Video preview",1100,43,,0,,,,50,,Lost,,https://www.pontul-zilei.com/articole-pariuri-sportive/noul-clasament-uefa-care-sunt-cele-mai-tari-echipe-din-fotbalul-european/,,,2024-06-19 06:49:37,
program handbal feminin,RO,Romania,Romanian,,false,false,false,true,false,false,"Image pack, Video preview",100,1,,0,,,,40,,Lost,,https://www.pontul-zilei.com/articole-pariuri-sportive/final-four-champions-league-handbal-feminin-program-si-cote-la-pariuri/,,,2024-06-11 22:42:57,
aplicatii cu bonus la inregistrare,RO,Romania,Romanian,,false,false,false,true,true,false,"Video preview, Image pack",150,0,4.72,0,,,,42,,Lost,,https://www.pontul-zilei.com/top-case-de-pariuri-online/,,,2024-06-07 05:17:38,
site pariuri sportive,RO,Romania,Romanian,,false,false,false,true,true,false,Image pack,100,47,13.64,0,,,,41,,Lost,,https://www.pontul-zilei.com/top-case-de-pariuri-online/,,,2024-06-09 01:32:40,
ierarhie poker,RO,Romania,Romanian,,false,false,false,true,false,false,Image pack,100,3,0.59,0,,,,40,,Lost,,https://www.pontul-zilei.com/articole-pariuri-sportive/maini-poker-stop-nu-incepe-jocul-de-poker-pana-nu-citesti-acest-articol/,,,2024-06-19 19:20:46,
batman pariuri sportive,RO,Romania,Romanian,Batman (Person),false,false,true,true,true,true,,700,45,1.33,0,,,,49,,Lost,,https://www.pontul-zilei.com/articole-pariuri-sportive/cand-se-va-lansa-gotham-knights/,,,2024-06-26 09:46:24,
telefon superbet,RO,Romania,Romanian,Superbet (Organization),true,false,false,true,false,false,"Local pack, Video preview, Image pack",100,0,1.21,0,,,,41,,Lost,,https://www.pontul-zilei.com/agentie/superbet/,,,2024-06-08 05:09:08,
mozzart loto rezultate,RO,Romania,Romanian,Mozzart Bet (Organization),true,false,false,true,false,false,Image pack,80,2,,0,,,,39,,Lost,,https://www.pontul-zilei.com/articole-pariuri-sportive/belgia-keno-loto-strategii-rezultate-combinatii-sfaturi/,,,2024-06-16 12:20:30,
20000 eur to ron,RO,Romania,English,,false,false,false,true,false,false,,150,0,,0,,,,34,,Lost,,https://www.pontul-zilei.com/articole-pariuri-sportive/mititelu-se-desparte-de-vedetele-sale/,,,2024-06-14 17:14:55,
loto keno polonia,RO,Romania,Romanian,Polonia Keno (Event),true,false,false,true,false,false,"Image pack, Video preview",900,0,0.46,0,,,,50,,Lost,,https://www.pontul-zilei.com/articole-pariuri-sportive/multi-polonia-loto-strategii-rezultate-combinatii-sfaturi/,,,2024-06-24 05:51:53,
cont pariuri sportive,RO,Romania,Romanian,,false,false,false,true,true,false,Image pack,100,61,10.02,0,,,,41,,Lost,,https://www.pontul-zilei.com/top-case-de-pariuri-online/,,,2024-06-09 13:24:10,
italia loto 20 90,RO,Romania,Romanian,"Italia Keno 20/90 (Event), Italy (Location)",true,false,false,true,false,false,"Sitelinks, Image pack, Video preview",90,0,0.24,0,,,,40,,Lost,,https://www.pontul-zilei.com/articole-pariuri-sportive/loto-italia-keno-afla-acum-cand-si-unde-poti-paria/,,,2024-06-10 01:14:17,
polonia keno rezultate,RO,Romania,Romanian,Polonia Keno (Event),true,false,false,true,false,false,Image pack,800,0,,0,,,,50,,Lost,,https://www.pontul-zilei.com/articole-pariuri-sportive/multi-polonia-loto-strategii-rezultate-combinatii-sfaturi/,,,2024-06-26 02:41:50,
casino sportingbet,RO,Romania,English,Sportingbet (Organization),true,false,true,true,true,false,Video preview,150,0,6.54,0,,,,42,,Lost,,https://www.pontul-zilei.com/agentie/sportingbet/,,,2024-06-18 15:19:40,
stradale mioveni,RO,Romania,Romanian,"Stradale Pub (Organization), Mioveni (Location)",true,true,false,true,false,false,"Sitelinks, Thumbnail, Video preview",250,0,0.01,0,,,,46,,Lost,,https://www.pontul-zilei.com/ponturipariuri/ponturi-fcsb-vs-universitatea-craiova-fotbal-19-februarie-2023-superliga/,,,2024-06-20 16:28:19,
perechi poker,RO,Romania,Romanian,,false,false,false,true,false,false,Video preview,400,58,0.35,,0,,,,45,New,,,,https://www.pontul-zilei.com/articole-pariuri-sportive/maini-poker-stop-nu-incepe-jocul-de-poker-pana-nu-citesti-acest-articol/,,2026-06-18 03:38:15
superbet numar de telefon,RO,Romania,Romanian,Superbet (Organization),true,false,false,true,false,false,"Local pack, Video preview, Image pack",150,0,0.83,0,,,,43,,Lost,,https://www.pontul-zilei.com/agentie/superbet/,,,2024-06-18 05:02:38,
loto grecia online,RO,Romania,Romanian,Greek Lottery (Event),true,false,false,true,false,false,"Image pack, Video preview",100,5,0.62,0,,,,34,,Lost,Image pack,https://www.pontul-zilei.com/articole-pariuri-sportive/loto-grecia-kino-cele-mai-bune-strategii-de-joc-ca-sa-iti-cresti-sansele-de-castig/,,,2024-06-11 02:27:27,
dimensiuni poarta fotbal,RO,Romania,Romanian,,false,false,false,true,false,false,"Featured snippet, Thumbnail, Video preview",900,0,0.07,0,,,,49,,Lost,,https://www.pontul-zilei.com/tot-ce-trebuie-sa-stii-despre-terenul-de-fotbal/,,,2024-06-21 22:55:49,
depunere minima 10 lei,RO,Romania,Romanian,,false,false,false,true,true,false,"Image pack, Video preview",150,0,0.37,0,,,,43,,Lost,,https://www.pontul-zilei.com/top-case-de-pariuri-online/,,,2024-06-10 16:34:03,
daniel isaila,RO,Romania,Romanian,Daniel Isăilă (Person),false,false,false,true,false,false,"Thumbnail, Top stories, Video preview, Knowledge panel",150,0,,0,,,,41,,Lost,,https://www.pontul-zilei.com/articole-pariuri-sportive/antrenorul-daniel-isaila-a-semnat-oficial-cu-un-nou-club/,,,2024-06-16 08:13:58,
diana belbiță,RO,Romania,Romanian,Diana Belbiță (Person),false,false,false,true,false,false,"Thumbnail, Knowledge panel, Videos, Image pack, Video preview",200,9,,0,,,,41,,Lost,,https://www.pontul-zilei.com/articole-pariuri-sportive/diana-belbita-pierde-in-fata-lui-molly-mccann-in-ufc-apex-las-vegas/,,,2024-06-07 05:47:59,
laliga clasament,RO,Romania,Romanian,LaLiga (Event),true,false,false,true,false,false,Image pack,150,2,,0,,,,36,,Lost,,https://www.pontul-zilei.com/articole-pariuri-sportive/la-liga-rezultate-clasament-program-si-cote-pentru-etapa-28/,,,2024-06-23 13:21:40,
meciuri fotbal maine,RO,Romania,Romanian,,false,false,false,true,false,false,Image pack,200,8,0.21,0,,,,44,,Lost,,https://www.pontul-zilei.com/category/ponturi-pariuri/ponturi-fotbal/,,,2024-06-19 21:52:31,
winner casino online,RO,Romania,English,Winner Casino (Organization),true,false,true,true,true,true,,100,1,1.45,0,,,,41,,Lost,,https://www.pontul-zilei.com/agentie/winner/,,,2024-06-12 00:39:02,
jocuri superbet,RO,Romania,Romanian,Superbet (Organization),true,false,false,true,true,false,"Video preview, Image pack",200,6,1.00,0,,,,44,,Lost,,https://www.pontul-zilei.com/agentie/superbet/,,,2024-06-16 16:30:40,
agentii pariuri sportive,RO,Romania,Romanian,,false,false,false,true,true,false,"Featured snippet, Local pack, Image pack",300,52,4.57,0,,,,45,,Lost,,https://www.pontul-zilei.com/top-case-de-pariuri-online/,,,2024-06-15 03:58:34,
gloria bistrita handbal meciuri,RO,Romania,Romanian,Gloria Bistrita (Organization),true,true,false,true,false,false,Video preview,90,0,,0,,,,41,,Lost,,https://www.pontul-zilei.com/ponturipariuri/ponturi-gloria-bistrita-vs-rapid-bucuresti-handbal-29-decembrie-2022-liga-nationala/,,,2024-06-14 00:45:59,
cote pariuri tenis,RO,Romania,Romanian,,false,false,false,true,true,true,"Image pack, Video preview",90,9,0.27,0,,,,41,,Lost,,https://www.pontul-zilei.com/category/ponturi-pariuri/ponturi-pariuri-tenis/,,,2024-06-10 20:13:35,
f1 stiri,RO,Romania,Romanian,Formula 1 (Event),true,false,false,true,false,false,"Video preview, Image pack",500,3,,0,,,,49,,Lost,,https://stiri.pontul-zilei.com/f1,,,2024-06-13 02:50:31,
get's bets,RO,Romania,English,Get's Bet (Organization),true,false,true,true,true,false,"Sitelinks, People also ask, Knowledge panel, Video preview, Image pack",200,0,0.31,0,,,,44,,Lost,,https://www.pontul-zilei.com/agentie/gets-bet/,,,2024-06-25 00:24:55,
loto grecia kino live winner,RO,Romania,Romanian,Grecia Kino (Event),true,false,false,true,false,false,Image pack,150,3,,0,,,,44,,Lost,,https://www.pontul-zilei.com/articole-pariuri-sportive/loto-grecia-kino-cele-mai-bune-strategii-de-joc-ca-sa-iti-cresti-sansele-de-castig/,,,2024-06-08 01:31:44,
polonia loto multi 20/80,RO,Romania,Romanian,"Polonia Loto Multi 20/80 (Event), 20/80 (Event)",true,false,false,true,false,false,"Video preview, Image pack",150,2,0.17,0,,,,44,,Lost,,https://www.pontul-zilei.com/articole-pariuri-sportive/multi-polonia-loto-strategii-rezultate-combinatii-sfaturi/,,,2024-06-14 09:17:13,
efbet cazino,RO,Romania,Romanian,"efbet (Organization), efbet casino (Organization)",true,false,true,true,true,true,"Sitelinks, Video preview",90,0,2.37,0,,,,41,,Lost,,https://www.pontul-zilei.com/agentie/efbet/,,,2024-06-17 07:54:30,
rezultate total bet,RO,Romania,Romanian,TotalBet (Organization),true,false,false,true,false,false,,90,0,0.79,0,,,,41,,Lost,,https://www.pontul-zilei.com/agentie/total-bet/,,,2024-06-14 23:32:49,
loto greci kino,RO,Romania,Romanian,Loto Greci Kino (Work),true,false,false,true,false,false,Video preview,100,3,0.18,0,,,,42,,Lost,,https://www.pontul-zilei.com/articole-pariuri-sportive/loto-grecia-kino-cele-mai-bune-strategii-de-joc-ca-sa-iti-cresti-sansele-de-castig/,,,2024-06-17 05:09:30,
italia win for life numerone 1/20,RO,Romania,Romanian,"Win for Life (Event), Numerone 1/20 (Event), Italy (Location)",true,false,false,true,false,false,"Image pack, Video preview",80,0,0.25,0,,,,41,,Lost,,https://www.pontul-zilei.com/articole-pariuri-sportive/win-for-life-loto-italia-strategii-rezultate-combinatii-sfaturi/,,,2024-06-16 08:05:41,
predictii,RO,Romania,Romanian,,false,false,false,true,false,false,Video preview,150,1,0.06,0,,,,44,,Lost,,https://www.pontul-zilei.com/category/ponturi-pariuri/ponturi-fotbal/,,,2024-06-07 03:16:50,
betano bonus,RO,Romania,Romanian,Betano (Organization),true,false,false,true,true,false,Sitelinks,900,57,2.09,0,0,0,,28,8,20,,https://www.pontul-zilei.com/agentie/betano/,,https://www.pontul-zilei.com/bonusuri-cazino/bonusuri-fara-depunere/betano-casino-bonus-fara-depunere/,2024-06-26 12:02:27,2026-06-12 23:02:49
luck pariuri,RO,Romania,Romanian,,false,false,false,true,true,false,"Sitelinks, Video preview, Image pack",200,0,1.93,0,,,,45,,Lost,,https://www.pontul-zilei.com/agentie/luck-casino/,,,2024-06-24 17:40:47,
bilete cfr rapid,RO,Romania,Romanian,CFR 1907 Cluj vs FC Rapid 1923 (Event),false,false,false,false,true,true,"Video preview, Image pack",200,0,,0,,,,45,,Lost,,https://www.pontul-zilei.com/articole-pariuri-sportive/rapid-a-fost-executata-de-cfr-cluj-video/,,,2024-06-10 13:33:10,
stiri sportive online,RO,Romania,Romanian,,false,false,false,true,false,false,Video preview,80,86,,0,,,,41,,Lost,,https://www.pontul-zilei.com/category/stiri-pariuri-sportive/,,,2024-06-26 03:10:16,
tragerea la sorti champions league,RO,Romania,Romanian,"Champions League draw (Event), UEFA Champions League (Event)",true,false,false,true,false,false,"Video preview, Image pack",150,0,0.02,0,,,,45,,Lost,,https://www.pontul-zilei.com/articole-pariuri-sportive/cand-este-programata-tragerea-la-sorti-a-fazei-grupelor-champions-league/,,,2024-06-09 02:14:12,
manhattan casino,RO,Romania,English,Manhattan Casino (Organization),true,true,false,true,true,false,"Video preview, Image pack",250,0,1.13,0,,,,46,,Lost,,https://www.pontul-zilei.com/agentie/manhattan/,,,2024-06-27 08:57:18,
gala dfs,RO,Romania,Romanian,Dynamite Fighting Show (Organization),true,false,false,true,false,false,"Sitelinks, Video preview",100,0,0.71,0,,,,43,,Lost,,https://www.pontul-zilei.com/articole-pariuri-sportive/dynamite-fighting-show-18-lupta-finala/,,,2024-06-24 14:22:35,
gyor handbal,RO,Romania,Hungarian,Győri Audi ETO KC (Organization),true,true,false,true,false,false,"Knowledge panel, Video preview",150,6,,0,,,,43,,Lost,,https://www.pontul-zilei.com/articole-pariuri-sportive/gyor-este-noua-campioana-a-europei-la-handbal-feminin/,,,2024-06-15 18:05:06,
loto 20 90,RO,Romania,Romanian,Italy Keno 10E 20/90 (Event),true,false,false,true,false,false,"Image pack, Video preview",150,0,,0,,,,44,,Lost,,https://www.pontul-zilei.com/articole-pariuri-sportive/loto-italia-keno-afla-acum-cand-si-unde-poti-paria/,,,2024-06-20 02:16:08,
gala rxf program,RO,Romania,English,"RXF (Organization), Gala RXF (Event)",true,false,false,true,false,false,"People also ask, Video preview, Image pack",90,4,,0,,,,43,,Lost,,https://www.pontul-zilei.com/articole-pariuri-sportive/gala-rxf-iunie-2023-cote-pariuri-meciuri-prezentare/,,,2024-06-09 12:16:46,
cel mai tare joc de table online,RO,Romania,Romanian,,false,false,false,true,false,false,Video preview,250,1,,0,,,,47,,Lost,,https://www.pontul-zilei.com/articole-pariuri-sportive/backgammon-origini-variante-turnee-importante/,,,2024-06-17 21:22:50,
program europa league,RO,Romania,English,Europa League (Event),true,false,false,true,false,false,"Video preview, Image pack",200,2,,0,,,,42,,Lost,,https://www.pontul-zilei.com/articole-pariuri-sportive/europa-league-2024-program-optimi-de-finala/,,,2024-06-17 03:10:38,
grila de start,RO,Romania,Romanian,,false,false,false,true,false,false,"Top stories, Thumbnail, Video preview",300,0,,0,,,,49,,Lost,,https://www.pontul-zilei.com/articole-pariuri-sportive/formula-1-marele-premiu-al-spaniei/,,,2024-06-23 12:39:33,
campionate fotbal europa,RO,Romania,Romanian,Europe (Location),false,false,false,true,false,false,"Video preview, Image pack",90,1,,0,,,,42,,Lost,,https://www.pontul-zilei.com/articole-pariuri-sportive/campionatul-care-a-iesit-din-top-5-ligi-din-europa/,,,2024-06-14 15:27:13,
berano,RO,Romania,Romanian,Berano (Person),false,false,false,true,false,false,"Top ads, Paid sitelinks, Sitelinks, Video preview",250,5,,0,,,,5,,Lost,,https://www.pontul-zilei.com/agentie/betano/,,,2024-06-05 20:49:04,
kino grecia loto,RO,Romania,Romanian,"Grecia Kino (Event), Greece (Location)",true,false,false,true,false,false,"Image pack, Video preview",250,3,0.20,0,,,,47,,Lost,,https://www.pontul-zilei.com/articole-pariuri-sportive/loto-grecia-kino-cele-mai-bune-strategii-de-joc-ca-sa-iti-cresti-sansele-de-castig/,,,2024-06-24 11:46:49,
rxf meciuri,RO,Romania,Romanian,RXF (Organization),true,false,false,true,true,true,"Video preview, Image pack",80,2,0.22,0,,,,42,,Lost,,https://www.pontul-zilei.com/articole-pariuri-sportive/rxf-all-stars-2023-totul-despre-ultima-gala-real-xtreme-fighting-a-anului/,,,2024-06-23 01:35:17,
jackpot cards,RO,Romania,English,Jackpot Cards (Product),true,false,false,true,false,false,"Image pack, Video preview",250,0,2.29,0,,,,47,,Lost,,https://www.pontul-zilei.com/articole-pariuri-sportive/pacanele-pacanele-2024-a-fost-acordat-cel-mai-mare-jackpot-cards-din-romania/,,,2024-06-10 09:39:17,
alex matan,RO,Romania,Romanian,Alexandru Mățan (Person),false,false,false,true,false,false,"Knowledge panel, Video preview",100,2,,0,,,,40,,Lost,,https://www.pontul-zilei.com/articole-pariuri-sportive/alex-matan-si-a-calificat-echipa-in-finala-ligii-campionilor-evolutie-impresionanta-a-internationalului-roman-video/,,,2024-06-17 08:13:16,
superbet.eo,RO,Romania,,Superbet (Organization),true,false,true,false,false,false,"Sitelinks, Video preview, Image pack",250,23,,0,,,,5,,Lost,,https://www.pontul-zilei.com/agentie/superbet/,,,2024-06-12 10:15:32,
cupa germaniei,RO,Romania,Romanian,German Cup (Event),true,false,false,true,false,false,"Sitelinks, Image pack, Videos",150,0,,0,,,,40,,Lost,,https://www.pontul-zilei.com/articole-pariuri-sportive/spectacol-total-si-surprize-uriase-in-cupa-germaniei/,,,2024-06-25 22:17:19,
echipe romanesti in cupele europene,RO,Romania,Romanian,,false,false,false,true,false,false,"People also ask, Image pack, Videos, Video preview",150,0,,0,,,,43,,Lost,,https://www.pontul-zilei.com/articole-pariuri-sportive/programul-echipelor-romanesti-in-cupele-europene/,,,2024-06-25 04:47:15,
tatiana rxf,RO,Romania,Romanian,Tatiana RXF (Person),false,false,false,true,false,false,,100,0,,0,,,,43,,Lost,,https://www.pontul-zilei.com/articole-pariuri-sportive/gala-rxf-iunie-2023-cote-pariuri-meciuri-prezentare/,,,2024-06-23 23:28:28,
bilete real madrid barcelona,RO,Romania,Romanian,"Real Madrid (Organization), FC Barcelona (Organization)",true,false,false,false,true,true,"Video preview, Image pack",150,0,0.12,0,,,,45,,Lost,,https://www.pontul-zilei.com/pariuri-online/infografic-stelele-all-time-de-la-real-madrid-si-fc-barcelona-trecut-vs-prezent/,,,2024-06-08 23:48:04,
ponturi azi,RO,Romania,Romanian,,false,false,false,true,false,false,"Video preview, Image pack",450,33,0.79,0,,,,14,,Lost,,https://www.pontul-zilei.com/category/ponturi-pariuri/,,,2024-06-23 08:59:03,
ce inseamna cash out,RO,Romania,Romanian,,false,false,false,true,false,false,"Featured snippet, Image pack",100,0,,0,,,,44,,Lost,,https://www.pontul-zilei.com/case-pariuri-online/cash-out-vezi-aici-ce-este-si-ce-agentii-au-aceasta-optiune/,,,2024-06-08 17:57:03,
aron dedu,RO,Romania,Romanian,Aron Dedu (Person),false,false,false,true,false,false,"Videos, Knowledge panel, Video preview",100,0,,0,,,,44,,Lost,,https://www.pontul-zilei.com/articole-pariuri-sportive/diferenta-uriasa-de-scor-in-eternul-derby/,,,2024-06-19 12:37:44,
meciuri rxf,RO,Romania,Romanian,RXF (Event),true,false,false,true,true,true,"Image pack, Video preview",150,2,0.09,0,,,,46,,Lost,,https://www.pontul-zilei.com/articole-pariuri-sportive/rxf-all-stars-2023-totul-despre-ultima-gala-real-xtreme-fighting-a-anului/,,,2024-06-26 02:46:11,
darts profesional,RO,Romania,Romanian,,false,false,false,true,true,true,"Image pack, Thumbnail, Shopping, Video preview",150,0,0.14,0,,,,45,,Lost,,https://www.pontul-zilei.com/articole-pariuri-sportive/tot-ce-trebuie-sa-stii-despre-darts-regulament-de-joc/,,,2024-06-17 14:15:32,
gestbet,RO,Romania,Romanian,Gestbet (Person),false,false,false,true,false,false,Sitelinks,150,41,0.91,0,0,0,,23,4,19,,https://www.pontul-zilei.com/agentie/gets-bet/,,https://www.pontul-zilei.com/agentie/gets-bet/,2024-06-26 13:19:44,2026-06-21 20:03:30
ponturi fotbal,RO,Romania,Romanian,,false,false,false,true,false,false,,800,54,0.43,11,0,-11,,7,19,-12,,https://www.pontul-zilei.com/category/ponturi-pariuri/ponturi-fotbal/,,https://www.pontul-zilei.com/category/ponturi-pariuri/ponturi-fotbal/,2024-06-24 12:58:12,2026-06-09 11:46:03
keno italia,RO,Romania,Romanian,Italia Keno (Event),true,false,false,true,false,false,,6400,37,0.40,0,0,0,,31,14,17,Image pack,https://www.pontul-zilei.com/articole-pariuri-sportive/loto-italia-keno-afla-acum-cand-si-unde-poti-paria/,,https://www.pontul-zilei.com/articole-pariuri-sportive/loto-italia-keno-afla-acum-cand-si-unde-poti-paria/,2024-06-27 23:03:30,2026-06-21 16:58:20
betano.ro live,RO,Romania,Romanian,Betano.ro (Organization),true,false,true,false,true,true,"Video preview, Image pack",150,15,1.07,0,,,,45,,Lost,,https://www.pontul-zilei.com/agentie/betano/,,,2024-06-09 09:10:37,
smart bet verificare bilet,RO,Romania,Romanian,Smart Bet (Organization),true,false,true,false,false,true,Sitelinks,150,70,0.86,1,0,-1,,3,5,-2,,https://www.pontul-zilei.com/agentie/smart-bet/,,https://www.pontul-zilei.com/agentie/smart-bet/,2024-06-09 20:56:44,2026-06-17 08:15:50
loto polonia multi live,RO,Romania,Romanian,Loto Polonia Multi (Event),true,false,false,true,false,false,"Video preview, Image pack",250,2,0.21,0,,,,48,,Lost,,https://www.pontul-zilei.com/articole-pariuri-sportive/multi-polonia-loto-strategii-rezultate-combinatii-sfaturi/,,,2024-06-09 03:38:34,
tenismeni celebri,RO,Romania,Romanian,,false,false,false,true,false,false,"Featured snippet, Thumbnail, Video preview",150,0,,0,,,,45,,Lost,,https://www.pontul-zilei.com/articole-pariuri-sportive/top-cei-mai-buni-tenismeni-ai-tuturor-timpurilor/,,,2024-06-27 12:18:19,
baschetbalist,RO,Romania,Romanian,,false,false,false,true,false,false,"Image pack, Video preview",90,0,,0,,,,37,,Lost,,https://www.pontul-zilei.com/articole-pariuri-sportive/suspendare-severa-pentru-un-baschetbalist-prins-dopat-in-nba/,,,2024-06-18 14:50:23,
meciuri grupa romaniei,RO,Romania,Romanian,Romania national football team (Organization),false,false,false,true,false,false,"Top stories, Thumbnail, Video preview, Image pack",80,1,,0,,,,43,,Lost,,https://www.pontul-zilei.com/articole-pariuri-sportive/clasament-grupa-Romaniei-din-preliminariile-euro-2024-si-informatii-care-ii-privesc-pe-pariori/,,,2024-06-22 04:57:41,
netano,RO,Romania,Romanian,Betano (Organization),true,false,false,true,true,false,"Top ads, Paid sitelinks, Sitelinks, Top stories, Thumbnail, Video preview",200,5,1.64,0,,,,5,,Lost,,https://www.pontul-zilei.com/agentie/betano/,,,2024-06-23 17:12:26,
casino online superbet,RO,Romania,English,Superbet (Organization),true,false,true,true,true,true,"Sitelinks, Video preview, Knowledge panel",150,2,0.73,0,,,,46,,Lost,,https://www.pontul-zilei.com/agentie/superbet/,,,2024-06-09 23:22:02,
pariuri sportive gets bet,RO,Romania,Romanian,Get's Bet (Organization),true,false,true,true,true,true,"Sitelinks, Video preview",250,2,1.13,0,,,,49,,Lost,,https://www.pontul-zilei.com/articole-pariuri-sportive/debut-tensionat-la-euro-pentru-istvan-kovacs/,,,2024-06-22 04:30:55,
loto grecia live winner,RO,Romania,Romanian,"Winner (Organization), Grecia Kino (Event)",true,false,false,true,false,false,Image pack,150,6,0.24,0,,,,46,,Lost,,https://www.pontul-zilei.com/articole-pariuri-sportive/loto-grecia-kino-cele-mai-bune-strategii-de-joc-ca-sa-iti-cresti-sansele-de-castig/,,,2024-06-26 05:49:31,
iancu hagi,RO,Romania,Romanian,Iancu Hagi (Person),false,false,false,true,false,false,"Thumbnail, Image pack, Video preview",150,0,,0,,,,47,,Lost,,https://www.pontul-zilei.com/articole-pariuri-sportive/hagi-isi-aduce-inapoi-jucatorul-care-l-a-facut-campion/,,,2024-06-11 13:33:07,
barcelona jucatori,RO,Romania,Romanian,FC Barcelona (Organization),true,false,false,true,false,false,"Knowledge panel, Video preview",300,0,,0,,,,41,,Lost,,https://www.pontul-zilei.com/articole-pariuri-sportive/obligata-sa-renunte-la-cativa-jucatori-barcelona-anunta-jucatorii-in-jurul-carora-se-va-forma-echipa-din-sezonul-viitor/,,,2024-06-11 23:36:26,
rezultate loto italia 6 din 90,RO,Romania,Romanian,"SuperEnalotto (Event), Italy (Location)",true,false,false,true,false,false,"Sitelinks, Image pack",250,0,0.31,0,,,,49,,Lost,,https://www.pontul-zilei.com/articole-pariuri-sportive/loto-italia-keno-afla-acum-cand-si-unde-poti-paria/,,,2024-06-12 13:41:13,
rezultate loterii internationale,RO,Romania,Romanian,,false,false,false,true,false,false,Image pack,150,0,,0,,,,47,,Lost,,https://www.pontul-zilei.com/articole-pariuri-sportive/belgia-keno-loto-strategii-rezultate-combinatii-sfaturi/,,,2024-06-08 20:46:04,
stema dinamo,RO,Romania,Romanian,"Dinamo București (Organization), Dinamo București Emblem (Product)",true,false,false,true,false,false,"Image pack, Thumbnail, Video preview",90,1,,0,,,,40,,Lost,,https://www.pontul-zilei.com/articole-pariuri-sportive/1285478/,,,2024-06-26 12:44:06,
conti cazinou,RO,Romania,Romanian,ContiCazino (Organization),true,false,true,true,true,true,"Sitelinks, Thumbnail, Image pack, Video preview",80,0,0.98,0,,,,44,,Lost,,https://www.pontul-zilei.com/agentie/conti-cazino/,,,2024-06-09 08:42:09,
csm bucuresti meciuri,RO,Romania,Romanian,CSM București (Organization),true,true,false,true,false,false,"Video preview, Image pack",150,6,,0,,,,47,,Lost,,https://www.pontul-zilei.com/articole-pariuri-sportive/csm-bucuresti-domina-handbalul-feminin-romanesc/,,,2024-06-24 03:50:26,
super bet casino,RO,Romania,English,Superbet Casino (Organization),true,false,true,true,true,true,"Sitelinks, Knowledge panel, Video preview",150,1,1.66,0,,,,46,,Lost,,https://www.pontul-zilei.com/agentie/superbet/,,,2024-06-12 10:06:24,
netbet romania,RO,Romania,English,"NetBet (Organization), Romania (Location)",true,false,false,true,true,false,"Sitelinks, Video preview",300,5,1.01,0,,,,49,,Lost,,https://www.pontul-zilei.com/agentie/netbet/,,,2024-06-27 11:29:11,
fotbal la liga spania,RO,Romania,Romanian,"LaLiga (Event), Spain (Location)",true,false,false,true,false,false,"Sitelinks, Knowledge panel, Image pack, Video preview",200,9,0.04,0,,,,48,,Lost,,https://www.pontul-zilei.com/category/ponturi-pariuri/ponturi-pariuri-fotbal-spania/,,,2024-06-20 09:40:46,
pariu box,RO,Romania,Romanian,,false,false,true,false,true,true,"Thumbnail, Image pack, Video preview",100,0,0.78,0,,,,46,,Lost,,https://www.pontul-zilei.com/articole-pariuri-sportive/lacramioara-perjoc-e-in-finala-europeanului-de-box/,,,2024-06-10 10:49:22,
agentie pariuri sportive,RO,Romania,Romanian,,false,false,false,true,true,false,"Local pack, Image pack, Video preview, Bottom ads, Paid sitelinks",100,59,2.45,0,,,,46,,Lost,,https://www.pontul-zilei.com/top-case-de-pariuri-online/,,,2024-06-20 23:35:11,
superbet retragere online,RO,Romania,Romanian,Superbet (Organization),true,false,false,true,false,true,Video preview,80,0,1.29,0,,,,44,,Lost,,https://www.pontul-zilei.com/agentie/superbet/,,,2024-06-10 20:26:38,
cote loto polonia,RO,Romania,Romanian,Loto Polonia (Event),true,false,false,true,false,false,Image pack,100,1,0.21,0,,,,45,,Lost,,https://www.pontul-zilei.com/articole-pariuri-sportive/multi-polonia-loto-strategii-rezultate-combinatii-sfaturi/,,,2024-06-15 22:18:13,
rezultate loto franta,RO,Romania,Romanian,"Loto (Event), Loto Franta 5/49 (Event)",true,false,false,true,false,false,"Image pack, Video preview",150,1,,0,,,,47,,Lost,,https://www.pontul-zilei.com/articole-pariuri-sportive/franta-keno-loto-strategii-rezultate-combinatii-sfaturi/,,,2024-06-11 15:26:45,
fortuna cazino,RO,Romania,Romanian,Fortuna Casino (Organization),true,false,false,true,true,false,"Top ads, Paid sitelinks, Sitelinks, Video preview",250,11,0.53,0,,,,49,,Lost,,https://www.pontul-zilei.com/agentie/fortuna/,,,2024-06-14 13:46:44,
betwno,RO,Romania,Romanian,Betano (Organization),true,false,true,true,true,false,"Sitelinks, Video preview",150,3,2.15,0,,,,5,,Lost,,https://www.pontul-zilei.com/agentie/betano/,,,2024-06-19 21:18:30,
casa pariurilor baia mare,RO,Romania,Romanian,"Casa Pariurilor (Organization), Baia Mare (Location)",true,true,false,true,false,false,"Local pack, Sitelinks, Thumbnail, Video preview, Image pack",90,0,1.65,0,,,,41,,Lost,,https://www.pontul-zilei.com/agentie/casa-pariurilor/,,,2024-06-07 20:30:24,
cazino las vegas,RO,Romania,Romanian,Las Vegas (Location),false,true,false,true,true,false,"Sitelinks, Thumbnail, Video preview, Bottom ads, Paid sitelinks",100,6,0.56,0,,,,46,,Lost,,https://www.pontul-zilei.com/agentie/las-vegas/,,,2024-06-09 13:07:36,
superbet online casino,RO,Romania,English,Superbet (Organization),true,false,true,true,true,true,"Video preview, Image pack, Bottom ads, Paid sitelinks",200,7,4.30,0,,,,48,,Lost,,https://www.pontul-zilei.com/agentie/superbet/,,,2024-06-26 01:36:34,
fcsb online,RO,Romania,Romanian,FCSB (Organization),true,false,false,true,false,false,Video preview,150,5,0.22,0,,,,47,,Lost,,https://www.pontul-zilei.com/articole-pariuri-sportive/fcsb-a-luat-decizia-in-cazul-jucatorului-ce-urmeaza-la-reunirea-lotului/,,,2024-06-12 01:01:20,
bonus casino superbet,RO,Romania,English,Superbet (Organization),true,false,false,true,true,false,"Video preview, Image pack",150,0,6.27,0,,,,48,,Lost,,https://www.pontul-zilei.com/agentie/superbet/,,,2024-06-15 16:21:06,
bile de biliard,RO,Romania,Romanian,,false,false,false,true,true,true,"Thumbnail, Shopping, Image pack, Video preview",90,0,0.02,0,,,,43,,Lost,,https://www.pontul-zilei.com/articole-pariuri-sportive/reguli-biliard-cum-arata-regulamentul-de-joc/,,,2024-06-12 21:51:51,
betabo,RO,Romania,Romanian,Betano (Organization),true,false,true,true,true,false,"Sitelinks, Video preview",150,5,2.08,0,,,,5,,Lost,,https://www.pontul-zilei.com/agentie/betano/,,,2024-06-24 07:32:46,
case spania,RO,Romania,Romanian,Spain (Location),false,false,false,true,true,false,"Thumbnail, Video preview",150,0,0.05,0,,,,47,,Lost,,https://www.pontul-zilei.com/articole-pariuri-sportive/cota-lui-vinicius-la-jucatorul-copei-america-ce-au-patit-trei-fani-care-l-au-insultat/,,,2024-06-12 04:22:19,
ce inseamna 12 la pariuri,RO,Romania,Romanian,,false,false,false,true,false,false,"Featured snippet, Thumbnail, People also ask, Image pack",100,0,0.33,0,,,,46,,Lost,,https://www.pontul-zilei.com/articole/pariuri-sportive-semnificatia-codurilor-de-pariere/,,,2024-06-18 23:12:09,
alexandru matan,RO,Romania,Romanian,Alexandru Mățan (Person),false,false,false,true,false,false,"Thumbnail, Knowledge panel, Image pack, Video preview",100,2,,0,,,,44,,Lost,,https://www.pontul-zilei.com/articole-pariuri-sportive/alex-matan-si-a-calificat-echipa-in-finala-ligii-campionilor-evolutie-impresionanta-a-internationalului-roman-video/,,,2024-06-07 11:51:14,
pariuri f1,RO,Romania,Romanian,Formula 1 (Event),true,false,false,false,true,true,"Image pack, Video preview",80,0,0.80,0,,,,45,,Lost,,https://www.pontul-zilei.com/articole-pariuri-sportive/f1-a-revenit-oficial-in-china-cote-si-detalii-interesante/,,,2024-06-23 08:53:39,
get. bet,RO,Romania,English,Get's Bet (Organization),true,false,true,true,true,false,"Sitelinks, Knowledge panel, Video preview, Image pack",100,5,0.55,0,,,,46,,Lost,,https://www.pontul-zilei.com/agentie/gets-bet/,,,2024-06-15 12:23:18,
rezultatele la loto polonia,RO,Romania,Romanian,Polish Lottery (Event),true,false,false,true,false,false,"Sitelinks, Video preview",150,0,0.27,0,,,,48,,Lost,,https://www.pontul-zilei.com/articole-pariuri-sportive/multi-polonia-loto-strategii-rezultate-combinatii-sfaturi/,,,2024-06-21 06:31:04,
furtuna cazinou,RO,Romania,Romanian,Fortuna Casino (Organization),true,false,false,true,true,false,"Sitelinks, Video preview",80,14,1.00,0,,,,45,,Lost,,https://www.pontul-zilei.com/agentie/fortuna/,,,2024-06-15 04:21:16,
getsbet verificare bilet,RO,Romania,Romanian,GetSbet (Organization),true,false,true,true,false,false,Image pack,80,0,0.70,0,,,,45,,Lost,,https://www.pontul-zilei.com/agentie/betmen/,,,2024-06-20 02:05:57,
contact casa pariurilor,RO,Romania,Romanian,Casa Pariurilor (Organization),true,false,false,true,false,false,"Local pack, Image pack, Video preview",200,0,2.75,0,,,,14,,Lost,,https://www.pontul-zilei.com/agentie/casa-pariurilor/,,,2024-06-10 05:20:46,
cand incepe liga 2,RO,Romania,Romanian,Liga 2 (Event),true,false,false,true,false,false,Image pack,200,1,,0,,,,49,,Lost,,https://www.pontul-zilei.com/articole-pariuri-sportive/a-fost-stabilit-calendarul-pentru-cupa-romaniei-betano-si-liga-2-casa-pariurilor-in-sezonul-urmator/,,,2024-06-09 22:16:07,
cristiano ronaldo vârstă,RO,Romania,Romanian,Cristiano Ronaldo (Person),false,false,false,true,false,false,"Image pack, Knowledge panel, Top stories, Thumbnail, Video preview",2500,1,,0,,,,50,,Lost,,https://www.pontul-zilei.com/articole-pariuri-sportive/cristiano-ronaldo-si-pepe-au-scris-istorie-la-euro-2024/,,,2024-06-21 02:57:03,
betani,RO,Romania,Romanian,Betani (Organization),false,false,false,true,false,false,"Sitelinks, Video preview, Top stories, Thumbnail",300,4,2.33,0,,,,5,,Lost,,https://www.pontul-zilei.com/agentie/betano/,,,2024-06-23 06:03:37,
loto multi polonia rezultate,RO,Romania,Romanian,Multi Loto Polonia (Event),true,false,false,true,false,false,"Image pack, Video preview",90,1,,0,,,,43,,Lost,Image pack,https://www.pontul-zilei.com/articole-pariuri-sportive/multi-polonia-loto-strategii-rezultate-combinatii-sfaturi/,,,2024-06-19 16:08:55,
grecia kino extragere live,RO,Romania,Romanian,Grecia Kino (Event),true,false,false,true,false,false,"Image pack, Video preview",90,4,,0,,,,46,,Lost,,https://www.pontul-zilei.com/articole-pariuri-sportive/loto-grecia-kino-cele-mai-bune-strategii-de-joc-ca-sa-iti-cresti-sansele-de-castig/,,,2024-06-12 00:02:57,
polonia multi multi 20 80 arhiva,RO,Romania,Romanian,Polonia Multi Multi 20/80 (Event),true,false,false,true,false,false,"Video preview, Image pack",100,2,,0,,,,47,,Lost,,https://www.pontul-zilei.com/articole-pariuri-sportive/multi-polonia-loto-strategii-rezultate-combinatii-sfaturi/,,,2024-06-13 00:36:55,
pariuri box,RO,Romania,Romanian,,false,false,false,true,true,true,"Image pack, Video preview",100,0,1.34,0,,,,48,,Lost,,https://www.pontul-zilei.com/articole-pariuri-sportive/lacramioara-perjoc-e-in-finala-europeanului-de-box/,,,2024-06-25 12:22:54,
verificare casa pariurilor,RO,Romania,Romanian,Casa Pariurilor (Organization),true,false,false,true,false,false,"Video preview, Image pack",150,0,0.68,0,,,,49,,Lost,,https://www.pontul-zilei.com/articole-pariuri-sportive/cine-si-ar-fi-putut-imagina-una-ca-asta-situatie-incredibila-in-grupa-romaniei/,,,2024-06-19 21:49:00,
beatno,RO,Romania,Romanian,Betano (Organization),true,false,false,true,true,false,"Top ads, Paid sitelinks, Sitelinks, Video preview",100,6,1.57,0,,,,5,,Lost,,https://www.pontul-zilei.com/agentie/betano/,,,2024-06-21 08:22:29,
grupe conference league,RO,Romania,Romanian,UEFA Conference League (Event),true,false,false,true,false,false,"Knowledge panel, Image pack, Video preview",90,0,,0,,,,46,,Lost,,https://www.pontul-zilei.com/articole-pariuri-sportive/grupele-uefa-conference-league-2023-2024/,,,2024-06-23 00:09:46,
casa pariurilor loto polonia,RO,Romania,Romanian,"Casa Pariurilor (Organization), Loto Polonia (Event)",true,false,false,true,false,false,"Image pack, Video preview",150,3,0.29,0,,,,49,,Lost,,https://www.pontul-zilei.com/articole-pariuri-sportive/multi-polonia-loto-strategii-rezultate-combinatii-sfaturi/,,,2024-06-10 07:41:55,
loto polonia multi multi rezultate,RO,Romania,Romanian,Multi Loto Polonia (Event),true,false,false,true,false,false,"Sitelinks, Video preview",200,1,0.18,0,,,,50,,Lost,,https://www.pontul-zilei.com/articole-pariuri-sportive/multi-polonia-loto-strategii-rezultate-combinatii-sfaturi/,,,2024-06-14 08:01:00,
aplicatie fortuna casino,RO,Romania,Romanian,Fortuna Casino (Organization),true,false,false,true,true,true,"Video preview, Knowledge panel",90,0,1.03,0,,,,47,,Lost,,https://www.pontul-zilei.com/agentie/fortuna/,,,2024-06-26 09:40:15,
fotbal franta ligue 1,RO,Romania,Romanian,"Ligue 1 (Event), France (Location)",true,false,false,true,false,false,"Sitelinks, Knowledge panel, Image pack, Video preview",100,2,,0,,,,48,,Lost,,https://www.pontul-zilei.com/category/ponturi-pariuri/ponturi-pariuri-fotbal-franta/,,,2024-06-12 02:45:13,
clasament uefa champions league,RO,Romania,Romanian,UEFA Champions League (Event),true,false,false,true,false,false,"Image pack, Video preview",150,31,,0,,,,46,,Lost,,https://www.pontul-zilei.com/articole-pariuri-sportive/noul-clasament-uefa-care-sunt-cele-mai-tari-echipe-din-fotbalul-european/,,,2024-06-27 18:59:57,
bonus casino de ziua ta,RO,Romania,Romanian,,false,false,false,true,true,false,Image pack,200,0,1.72,0,,,,50,,Lost,,https://www.pontul-zilei.com/ghiduri/superbet-bonus-de-ziua-ta/,,,2024-06-14 09:29:50,
grupele conference league,RO,Romania,Romanian,UEFA Conference League (Event),true,false,false,true,false,false,Video preview,150,1,,0,,,,49,,Lost,,https://www.pontul-zilei.com/articole-pariuri-sportive/grupele-uefa-conference-league-2023-2024/,,,2024-06-20 11:28:17,
bilete rapid universitatea craiova,RO,Romania,Romanian,"FC Rapid (Organization), Universitatea Craiova (Organization), Craiova (Location)",true,true,false,false,true,true,"Video preview, Image pack",150,0,,0,,,,49,,Lost,,https://www.pontul-zilei.com/pariuri-online/meciul-marilor-orgolii-intre-rapid-si-universitatea-craiova/,,,2024-06-15 02:15:21,
champions league azi,RO,Romania,Romanian,UEFA Champions League (Event),true,false,false,true,false,false,"Video preview, Image pack",80,9,1.64,0,,,,42,,Lost,,https://www.pontul-zilei.com/category/ponturi-pariuri/ponturi-pariuri-fotbal-liga-campionilor/,,,2024-06-08 02:31:23,
stanleybet contact,RO,Romania,English,Stanleybet (Organization),true,false,false,true,false,false,"Local pack, Image pack, Video preview",150,0,0.43,0,,,,50,,Lost,,https://www.pontul-zilei.com/agentie/stanleybet/,,,2024-06-15 07:09:55,
bundesliga rezultate,RO,Romania,Romanian,Bundesliga (Event),true,false,false,true,false,false,"Image pack, Video preview",100,0,,0,,,,48,,Lost,,https://www.pontul-zilei.com/articole-pariuri-sportive/bundesliga-rezultate-clasament-program-si-cote-pentru-etapa-16/,,,2024-06-27 09:02:11,
maini la poker,RO,Romania,Romanian,,false,false,false,true,false,false,"Knowledge panel, Video preview",150,3,0.20,0,,,,50,,Lost,,https://www.pontul-zilei.com/articole-pariuri-sportive/maini-poker-stop-nu-incepe-jocul-de-poker-pana-nu-citesti-acest-articol/,,,2024-06-07 06:30:43,
polonia keno 20 80,RO,Romania,Romanian,Polonia Keno 20/80 (Event),true,false,false,true,false,false,"Image pack, Video preview",150,1,0.69,0,,,,49,,Lost,,https://www.pontul-zilei.com/articole-pariuri-sportive/multi-polonia-loto-strategii-rezultate-combinatii-sfaturi/,,,2024-06-19 15:03:37,
netbet bonus,RO,Romania,English,NetBet (Organization),true,false,false,true,true,false,Sitelinks,500,55,2.81,0,0,0,,53,8,45,,https://www.pontul-zilei.com/agentie/netbet/,,https://www.pontul-zilei.com/bonusuri-cazino/bonusuri-fara-depunere/netbet-bonus-fara-depunere/,2024-06-27 16:36:35,2026-06-14 19:36:01
fotbal spania liga 1,RO,Romania,Romanian,LaLiga (Event),true,false,false,true,false,false,"Sitelinks, Video preview, Image pack",100,8,,0,,,,48,,Lost,,https://www.pontul-zilei.com/category/ponturi-pariuri/ponturi-pariuri-fotbal-spania/,,,2024-06-21 15:08:28,
calin dedu,RO,Romania,Romanian,Calin Dedu (Person),false,false,false,true,false,false,"Knowledge panel, Video preview",80,0,,0,,,,47,,Lost,,https://www.pontul-zilei.com/articole-pariuri-sportive/tricolorii-aproape-de-calificarea-la-cupa-mondiala/,,,2024-06-07 16:22:03,
ruleta da sau nu,RO,Romania,Romanian,,false,false,false,true,false,false,"Image pack, Video preview",90,0,0.33,0,,,,48,,Lost,,https://www.pontul-zilei.com/articole-pariuri-sportive/anglia-nu-a-convins-nici-in-meciul-cu-danemarca/,,,2024-06-22 03:03:48,
inregistrare netbet,RO,Romania,Romanian,NetBet (Organization),true,false,true,false,true,true,"Video preview, Image pack",90,5,5.58,0,,,,48,,Lost,,https://www.pontul-zilei.com/agentie/netbet/,,,2024-06-15 07:33:45,
clasament laliga,RO,Romania,Romanian,LaLiga (Event),true,false,false,true,false,false,"Image pack, Video preview",80,0,0.02,0,,,,41,,Lost,,https://www.pontul-zilei.com/articole-pariuri-sportive/la-liga-rezultate-clasament-program-si-cote-pentru-etapa-28/,,,2024-06-23 15:27:20,
italia kino,RO,Romania,Romanian,Italia Keno (Event),true,false,false,true,false,false,,1200,49,0.28,0,0,0,,22,10,12,,https://www.pontul-zilei.com/articole-pariuri-sportive/loto-italia-keno-afla-acum-cand-si-unde-poti-paria/,,https://www.pontul-zilei.com/articole-pariuri-sportive/loto-italia-keno-afla-acum-cand-si-unde-poti-paria/,2024-06-27 11:06:00,2026-06-17 05:02:30
superbet bonus aniversar,RO,Romania,Romanian,"Superbet (Organization), Superbet Anniversary Bonus (Event)",true,false,false,true,true,false,"Image pack, Video preview",150,0,1.76,0,,,,50,,Lost,,https://www.pontul-zilei.com/ghiduri/superbet-bonus-de-ziua-ta/,,,2024-06-16 01:02:58,
italia 10 e,RO,Romania,Romanian,Italia Keno 10E (Event),true,false,false,true,false,false,"Thumbnail, Image pack, Video preview",90,0,,0,,,,48,,Lost,,https://www.pontul-zilei.com/articole-pariuri-sportive/loto-italia-keno-afla-acum-cand-si-unde-poti-paria/,,,2024-06-19 21:09:36,
ce inseamna 1/2,RO,Romania,Romanian,,false,false,false,true,false,false,"Featured snippet, Thumbnail, Image pack, Video preview",100,0,,0,,,,49,,Lost,,https://www.pontul-zilei.com/articole-pariuri-sportive/ce-inseamna-sub-peste-15-25-35-45/,,,2024-06-11 10:56:47,
oferta mozzart,RO,Romania,Romanian,Mozzart (Organization),true,false,false,true,true,false,Image pack,150,1,0.01,0,,,,5,,Lost,,https://www.pontul-zilei.com/agentie/mozzart/,,,2024-06-10 05:12:04,
italia 10 20,RO,Romania,Romanian,Italy (Location),false,false,false,true,false,false,"Thumbnail, Image pack, Video preview",90,0,0.29,0,,,,48,,Lost,,https://www.pontul-zilei.com/articole-pariuri-sportive/win-for-life-loto-italia-strategii-rezultate-combinatii-sfaturi/,,,2024-06-19 23:20:29,
loto grecia kino extragere live,RO,Romania,Romanian,Grecia Kino (Event),true,false,false,true,false,false,"Image pack, Video preview",80,3,,0,,,,48,,Lost,,https://www.pontul-zilei.com/articole-pariuri-sportive/loto-grecia-kino-cele-mai-bune-strategii-de-joc-ca-sa-iti-cresti-sansele-de-castig/,,,2024-06-06 19:27:21,
mozzart pariuri,RO,Romania,Romanian,Mozzart Bet (Organization),true,false,false,true,true,false,"Top ads, Paid sitelinks, Sitelinks, Knowledge panel, Video preview",500,1,0.38,0,,,,5,,Lost,,https://www.pontul-zilei.com/agentie/mozzart/,,,2024-06-26 16:45:19,
pana la ce ora se poate juca la loto,RO,Romania,Romanian,Loto (Event),true,false,false,true,false,false,"Video preview, Image pack",150,1,0.31,0,,,,49,,Lost,,https://www.pontul-zilei.com/articole-pariuri-sportive/loto-grecia-kino-cele-mai-bune-strategii-de-joc-ca-sa-iti-cresti-sansele-de-castig/,,,2024-06-11 07:58:23,
totalbet pariuri sportive,RO,Romania,Romanian,TotalBet (Organization),true,false,true,true,true,true,"Sitelinks, Image pack",100,0,0.78,0,,,,5,,Lost,,https://www.pontul-zilei.com/agentie/total-bet/,,,2024-06-25 06:37:07,
fortuna inregistrare,RO,Romania,Romanian,Fortuna (Organization),true,false,true,true,true,true,"Video preview, Image pack",100,3,0.22,0,,,,50,,Lost,,https://www.pontul-zilei.com/top-case-de-pariuri-online/,,,2024-06-20 09:40:47,
super lig turcia,RO,Romania,Romanian,"Super Lig (Event), Turkey (Location)",true,false,false,true,false,false,"Sitelinks, Knowledge panel, Image pack, Video preview",100,0,,0,,,,50,,Lost,,https://www.pontul-zilei.com/ponturipariuri/pontul-zilei-05-ianuarie-turcia-super-lig/,,,2024-06-14 22:05:52,
concurenti survivor 2023 faimosi,RO,Romania,Romanian,"Famous Contestants (Person), Survivor (Event)",true,false,false,true,false,false,"Video preview, Image pack",100,0,,0,,,,50,,Lost,,https://www.pontul-zilei.com/articole-pariuri-sportive/survivor-romania-2023-cine-va-fi-supravietuitorul-sezonului-4/,,,2024-06-10 09:48:49,
jucători valencia cf,RO,Romania,Romanian,Valencia CF (Organization),true,false,false,true,false,false,"Image pack, Knowledge panel",100,0,,0,,,,50,,Lost,,https://www.pontul-zilei.com/articole-pariuri-sportive/lotul-spaniei-pentru-euro-u21-de-cate-ori-e-mai-valoros-decat-al-tricolorilor/,,,2024-06-13 11:30:57,
nationala braziliei,RO,Romania,Romanian,Brazil national football team (Organization),true,false,false,true,false,false,"Top stories, Thumbnail, Knowledge panel, Video preview",100,0,,0,,,,44,,Lost,,https://www.pontul-zilei.com/articole-pariuri-sportive/antony-anchetat-si-dat-afara-de-la-nationala-braziliei/,,,2024-06-17 00:54:17,
fotbal de azi,RO,Romania,Romanian,,false,false,false,true,false,false,"Sitelinks, Top stories, Thumbnail, Video preview, Image pack",90,24,0.27,0,,,,50,,Lost,,https://www.pontul-zilei.com/category/ponturi-pariuri/ponturi-fotbal/,,,2024-06-19 00:37:12,
casapariurilor.ro,RO,Romania,Romanian,Casa Pariurilor (Organization),true,false,true,true,false,false,"Top ads, Paid sitelinks, Sitelinks, Video preview, Image pack",1800,3,2.07,0,,,,5,,Lost,,https://www.pontul-zilei.com/agentie/casa-pariurilor/,,,2024-06-22 20:19:45,
lot otelul galati,RO,Romania,Romanian,SC Oțelul Galați (Organization),true,true,false,true,false,false,"Thumbnail, Image pack, Video preview",80,0,,0,,,,50,,Lost,,https://www.pontul-zilei.com/articole-pariuri-sportive/lotul-luat-de-otelul-galati-in-cantonamentul-din-austria-si-programul-amicalelor-cota-uriasa-la-reeditarea-performantei-din-2011/,,,2024-06-25 14:58:59,
olanda vs,RO,Romania,Romanian,Netherlands (Location),false,false,false,true,false,false,"Video preview, Image pack",80,0,,0,,,,50,,Lost,,https://www.pontul-zilei.com/ponturi-pariuri/Ponturi-Olanda-vs-Belgia-fotbal-25-septembrie-2022-Liga-Natiunilor/,,,2024-05-30 09:56:17,
extragere loto grecia,RO,Romania,Romanian,Greece (Location),false,false,false,true,false,false,"Sitelinks, Image pack, Video preview",80,3,0.36,0,,,,50,,Lost,,https://www.pontul-zilei.com/articole-pariuri-sportive/loto-grecia-kino-cele-mai-bune-strategii-de-joc-ca-sa-iti-cresti-sansele-de-castig/,,,2024-06-16 05:10:59,
fortuna cont,RO,Romania,Romanian,Fortuna (Organization),true,false,false,true,true,false,"Sitelinks, Bottom ads, Paid sitelinks",150,42,1.98,0,0,0,,25,7,18,,https://www.pontul-zilei.com/agentie/fortuna/,,https://www.pontul-zilei.com/agentie/fortuna/,2024-06-18 20:42:34,2026-06-26 23:31:51
categorii box,RO,Romania,Romanian,,false,false,false,true,false,false,"Thumbnail, Image pack, People also ask, Video preview",150,0,,0,,,,6,,Lost,,https://www.pontul-zilei.com/articole-pariuri-sportive/box-categorii-de-greutate-si-scurta-istorie-antica/,,,2024-06-17 00:27:38,
smart bet,RO,Romania,English,Smartbet (Organization),true,false,false,true,true,false,Sitelinks,5000,74,0.98,1,0,-1,,4,7,-3,,https://www.pontul-zilei.com/agentie/smart-bet/,,https://www.pontul-zilei.com/agentie/smart-bet/,2024-06-27 19:18:23,2026-06-24 17:56:20
extragere loto italia,RO,Romania,Romanian,"Lotto (Event), Italy (Location)",false,false,false,true,false,false,Image pack,150,1,,0,,,,47,,Lost,Image pack,https://www.pontul-zilei.com/articole-pariuri-sportive/loto-italia-keno-afla-acum-cand-si-unde-poti-paria/,,,2024-06-23 21:34:17,
superbet verificare bilet,RO,Romania,Romanian,Superbet (Organization),true,false,true,true,false,false,"Sitelinks, Video preview, Image pack",11000,57,1.11,,0,,,,7,New,,,,https://www.pontul-zilei.com/blog/superbet-verificare-bilet/,,2026-06-17 18:24:40
casa pariurilor online,RO,Romania,Romanian,Casa Pariurilor (Organization),true,false,false,true,true,false,Sitelinks,600,34,1.82,37,0,-37,,2,6,-4,,https://www.pontul-zilei.com/agentie/casa-pariurilor/,,https://www.pontul-zilei.com/agentie/casa-pariurilor/,2024-06-27 05:46:56,2026-06-18 21:55:43
polonia multi rezultate,RO,Romania,Romanian,Polonia Multi (Event),true,false,false,true,false,false,"Video preview, Image pack",3500,1,0.17,0,,,,45,,Lost,,https://www.pontul-zilei.com/articole-pariuri-sportive/multi-polonia-loto-strategii-rezultate-combinatii-sfaturi/,,,2024-06-23 04:30:05,
bilete anglia,RO,Romania,Romanian,England (Location),false,true,false,false,true,true,"Top ads, Thumbnail, Image pack",80,1,0.05,0,,,,50,,Lost,,https://www.pontul-zilei.com/articole-pariuri-sportive/tabloul-complet-al-optimilor-de-finala-euro-2024/,,,2024-06-27 20:18:04,
favoriti,RO,Romania,Romanian,,false,false,false,true,false,false,"Image pack, Video preview",80,0,,0,,,,49,,Lost,,https://www.pontul-zilei.com/articole-pariuri-sportive/finala-eurovision-2024-marii-favoriti-si-cele-mai-tari-cote/,,,2024-06-18 08:05:35,
kingcasino,RO,Romania,Romanian,King Casino (Organization),true,false,true,true,true,false,Sitelinks,400,33,0.54,,0,,,,6,New,,,,https://www.pontul-zilei.com/agentie/kingcasino/,,2026-06-21 19:18:11
www casa pariurilor oferta,RO,Romania,Romanian,Casa Pariurilor (Organization),true,false,false,true,true,false,Sitelinks,100,29,0.60,0,0,0,,3,5,-2,,https://www.pontul-zilei.com/agentie/casa-pariurilor/,,https://www.pontul-zilei.com/agentie/casa-pariurilor/,2024-06-08 02:14:14,2026-05-24 04:24:37
don,RO,Romania,,,false,false,false,true,false,false,"Sitelinks, Bottom ads, Paid sitelinks, Video preview",1300,41,1.72,,0,,,,20,New,,,,https://www.pontul-zilei.com/bonusuri-cazino/bonusuri-fara-depunere/don-ro-casino-bonus-fara-depunere/,,2026-06-12 19:52:05
bilion,RO,Romania,Romanian,,false,false,false,true,false,false,"Sitelinks, People also ask",2100,0,1.78,,0,,,,12,New,,,,https://www.pontul-zilei.com/agentie/bilion-casino/,,2026-06-27 04:21:33
stanleybet pariuri,RO,Romania,Romanian,Stanleybet (Organization),true,false,false,true,true,false,"Sitelinks, Knowledge panel, Video preview",200,0,0.03,0,,,,17,,Lost,,https://www.pontul-zilei.com/agentie/stanleybet/,,,2024-06-25 22:18:59,
oferta casa pariurilor fotbal,RO,Romania,Romanian,Casa Pariurilor (Organization),true,false,false,true,true,false,Sitelinks,100,57,0.40,0,0,0,,9,7,2,,https://www.pontul-zilei.com/agentie/casa-pariurilor/,,https://www.pontul-zilei.com/agentie/casa-pariurilor/,2024-06-26 04:06:50,2026-06-21 06:24:10
power bet,RO,Romania,English,PowerBet (Organization),true,false,false,true,true,false,Sitelinks,17000,57,0.56,,0,,,,10,New,,,,https://www.pontul-zilei.com/agentie/powerbet/,,2026-06-20 03:14:57
get bet oferta,RO,Romania,Romanian,Get's Bet (Organization),true,false,false,true,true,false,"Sitelinks, Image pack, Bottom ads, Paid sitelinks",90,0,0.41,0,,,,7,,Lost,,https://www.pontul-zilei.com/agentie/gets-bet/,,,2024-06-12 03:50:46,
multi polonia 20/80,RO,Romania,Romanian,"Multi Loto Polonia 20/80 (Event), 20/80 (Event)",true,false,false,true,false,false,"Video preview, Image pack",1000,1,0.72,0,,,,41,,Lost,,https://www.pontul-zilei.com/articole-pariuri-sportive/multi-polonia-loto-strategii-rezultate-combinatii-sfaturi/,,,2024-06-16 08:49:10,
superbet pariuri online,RO,Romania,Romanian,Superbet (Organization),true,false,true,true,true,true,"Sitelinks, Video preview",150,12,0.41,0,,,,7,,Lost,,https://www.pontul-zilei.com/agentie/superbet/,,,2024-06-26 03:37:22,
betsno,RO,Romania,Romanian,Betano (Organization),true,false,false,true,true,false,"Sitelinks, Video preview",200,6,1.64,0,,,,6,,Lost,,https://www.pontul-zilei.com/agentie/betano/,,,2024-06-10 02:37:42,
betqno,RO,Romania,Romanian,Betano (Organization),true,false,true,true,true,false,"Top ads, Paid sitelinks, Sitelinks, Video preview",200,4,2.08,0,,,,6,,Lost,,https://www.pontul-zilei.com/agentie/betano/,,,2024-06-11 04:34:48,
dimensiuni teren fotbal,RO,Romania,Romanian,,false,false,false,true,false,false,"Featured snippet, Thumbnail, Image pack, Video preview",1300,0,0.01,0,,,,18,,Lost,,https://www.pontul-zilei.com/tot-ce-trebuie-sa-stii-despre-terenul-de-fotbal/,,,2024-06-25 18:35:45,
www.unibet.ro,RO,Romania,,Unibet Romania (Organization),true,false,true,true,true,false,"Sitelinks, Image pack",150,20,1.30,0,,,,6,,Lost,,https://www.pontul-zilei.com/agentie/unibet/,,,2024-06-13 17:42:00,
stanleybet pariuri sportive,RO,Romania,Romanian,Stanleybet (Organization),true,false,true,true,true,true,"Sitelinks, Image pack, Knowledge panel",600,0,0.27,0,,,,29,,Lost,,https://www.pontul-zilei.com/agentie/stanleybet/,,,2024-06-17 01:48:16,
loto letonia superbet,RO,Romania,Romanian,"Superbet (Organization), Loto Letonia (Event)",true,false,false,true,false,false,"Image pack, Video preview",200,0,1.25,0,,,,21,,Lost,,https://www.pontul-zilei.com/articole-pariuri-sportive/letonia-keno-loto-strategii-rezultate-scheme-combinatii-live-sfaturi-de-la-jucatori/,,,2024-06-27 05:01:52,
casa pariurilor ofertă,RO,Romania,Romanian,Casa Pariurilor (Organization),true,false,false,true,true,false,Sitelinks,90,10,1.50,0,0,0,,3,6,-3,,https://www.pontul-zilei.com/agentie/casa-pariurilor/,,https://www.pontul-zilei.com/agentie/casa-pariurilor/,2024-06-13 00:00:11,2026-06-09 10:38:35
batano,RO,Romania,Romanian,Betano (Organization),true,false,false,true,true,false,"Sitelinks, Video preview",150,4,1.57,0,,,,6,,Lost,,https://www.pontul-zilei.com/agentie/betano/,,,2024-05-31 13:30:27,
vetano,RO,Romania,Romanian,Betano (Organization),true,false,false,true,true,false,"Sitelinks, Video preview",90,4,1.57,0,,,,6,,Lost,,https://www.pontul-zilei.com/agentie/betano/,,,2024-06-09 23:50:01,
superbet ro,RO,Romania,Romanian,Superbet (Organization),true,false,true,true,true,false,"Sitelinks, Video preview",2300,3,1.27,0,,,,5,,Lost,,https://www.pontul-zilei.com/agentie/superbet/,,,2024-06-23 22:53:17,
betanoo,RO,Romania,Romanian,Betano (Organization),true,false,false,true,true,false,"Sitelinks, Video preview, Top stories, Thumbnail",80,5,0.60,0,,,,6,,Lost,,https://www.pontul-zilei.com/agentie/betano/,,,2024-06-23 08:47:52,
mozzart pariuri sportive,RO,Romania,Romanian,Mozzart Bet (Organization),true,false,true,true,true,true,"Image pack, Video preview",400,0,0.12,0,,,,7,,Lost,,https://www.pontul-zilei.com/agentie/mozzart/,,,2024-06-27 19:57:51,
duperbet,RO,Romania,Romanian,Superbet (Organization),true,false,false,true,true,false,"Sitelinks, Videos, Video preview, Knowledge panel",80,10,2.65,0,,,,6,,Lost,,https://www.pontul-zilei.com/agentie/superbet/,,,2024-06-24 08:04:26,
pariuriplus,RO,Romania,Romanian,PariuriPlus (Organization),true,false,true,true,true,false,,24000,47,0.48,,0,,,,8,New,,,,https://www.pontul-zilei.com/bonusuri-cazino/bonusuri-fara-depunere/pariuriplus-bonus-fara-depunere/,,2026-06-14 20:10:56
tip cash,RO,Romania,Romanian,Tip & Cash (Organization),true,false,false,true,false,false,Video preview,450,0,0.97,0,,,,8,,Lost,,https://www.pontul-zilei.com/agentie/tip-cash/,,,2024-06-27 03:31:40,
casa.pariurilor,RO,Romania,Romanian,Casa Pariurilor (Organization),true,false,true,true,true,true,Sitelinks,1100,27,1.33,0,0,0,,26,7,19,,https://www.pontul-zilei.com/agentie/casa-pariurilor/,,https://www.pontul-zilei.com/agentie/casa-pariurilor/,2024-06-26 22:08:22,2026-06-19 01:55:45
www.superbet,RO,Romania,,Superbet (Organization),true,false,true,false,false,false,"Sitelinks, Image pack, Video preview",150,2,1.07,0,,,,6,,Lost,,https://www.pontul-zilei.com/agentie/superbet/,,,2024-06-22 18:23:08,
cupa romaniei program,RO,Romania,Romanian,Romanian Cup (Event),false,false,false,true,false,false,"Image pack, Video preview",80,2,,0,,,,49,,Lost,,https://www.pontul-zilei.com/articole-pariuri-sportive/program-turul-1-cupa-romaniei-2023-2024/,,,2024-05-30 16:50:49,
betno,RO,Romania,Romanian,Betano (Organization),true,false,true,true,true,false,"Top ads, Paid sitelinks, Sitelinks, Video preview",200,4,2.08,0,,,,6,,Lost,,https://www.pontul-zilei.com/agentie/betano/,,,2024-06-09 09:05:31,
superbet verificare,RO,Romania,Romanian,Superbet (Organization),true,false,true,true,false,false,"Sitelinks, Video preview",600,58,0.82,,0,,,,7,New,,,,https://www.pontul-zilei.com/blog/superbet-verificare-bilet/,,2026-06-16 18:15:54
netbet loto,RO,Romania,Romanian,"NetBet (Organization), Loto (Product)",true,false,false,true,true,false,Sitelinks,3600,64,1.04,0,0,0,,30,6,24,,https://www.pontul-zilei.com/pariuri-online/jackpoturi-pe-loterii-internationale-exclusiv-la-betano/,,https://www.pontul-zilei.com/blog/netbet-loto/,2024-06-27 05:11:32,2026-06-19 03:12:01
rezultate win for life,RO,Romania,Romanian,Win for Life (Event),true,false,false,true,false,false,"AI Overview, Thumbnail",2100,2,0.35,0,0,0,,18,11,7,,https://www.pontul-zilei.com/articole-pariuri-sportive/win-for-life-loto-italia-strategii-rezultate-combinatii-sfaturi/,,https://www.pontul-zilei.com/articole-pariuri-sportive/win-for-life-loto-italia-strategii-rezultate-combinatii-sfaturi/,2024-06-24 21:03:07,2026-06-16 12:45:25
casa pariurilor pariuri sportive,RO,Romania,Romanian,Casa Pariurilor (Organization),true,false,true,true,true,true,Sitelinks,100,48,1.35,0,0,0,,5,6,-1,,https://www.pontul-zilei.com/agentie/casa-pariurilor/,,https://www.pontul-zilei.com/agentie/casa-pariurilor/,2024-06-09 08:23:39,2026-06-27 00:46:53
ponturi handbal,RO,Romania,Romanian,,false,false,false,true,true,true,,300,0,0.82,0,0,0,,8,16,-8,,https://www.pontul-zilei.com/category/ponturi-pariuri/ponturi-handbal/,,https://www.pontul-zilei.com/category/ponturi-pariuri/ponturi-handbal/,2024-06-23 06:27:44,2026-06-17 01:58:57
casa pariurilor,RO,Romania,Romanian,Casa Pariurilor (Organization),true,false,false,true,true,false,"Sitelinks, Knowledge panel, Video preview",266000,64,1.33,0,0,0,,39,11,28,,https://www.pontul-zilei.com/agentie/casa-pariurilor/,,https://www.pontul-zilei.com/agentie/casa-pariurilor/,2024-06-27 11:53:02,2026-06-21 16:59:41
superbet oferta biletul zilei,RO,Romania,Romanian,"Superbet (Organization), Daily Ticket (Event)",true,false,false,true,true,false,Video preview,400,17,1.25,0,,,,10,,Lost,,https://www.pontul-zilei.com/articole-pariuri-sportive/egalitate-perfecta-la-euro-2024-ce-criteriu-de-departajare-s-a-folosit-in-grupa-c/,,,2024-06-27 19:07:07,
loto finlanda,RO,Romania,Romanian,"Loto Finlanda (Event), Finlanda Keno (Event)",true,false,false,true,false,false,,2900,0,0.26,0,0,0,,44,16,28,,https://www.pontul-zilei.com/articole-pariuri-sportive/finlanda-keno-loto-strategii-rezultate-combinatii-sfaturi/,,https://www.pontul-zilei.com/articole-pariuri-sportive/finlanda-keno-loto-strategii-rezultate-combinatii-sfaturi/,2024-06-26 00:43:15,2026-06-20 07:16:26
casa pariuri,RO,Romania,Romanian,Casa Pariuri (Organization),true,false,false,true,true,false,"Sitelinks, Local pack",1300,30,2.13,0,0,0,,7,8,-1,,https://www.pontul-zilei.com/agentie/casa-pariurilor/,,https://www.pontul-zilei.com/agentie/casa-pariurilor/,2024-06-23 13:35:02,2026-06-19 22:55:36
furtuna pariuri,RO,Romania,Romanian,Fortuna (Organization),true,false,false,true,true,false,Sitelinks,100,11,0.07,0,0,0,,12,7,5,,https://www.pontul-zilei.com/agentie/fortuna/,,https://www.pontul-zilei.com/agentie/fortuna/,2024-06-26 20:07:32,2026-05-23 06:51:41
casa pariului,RO,Romania,Romanian,Casa Pariurilor (Organization),true,false,false,true,true,false,Sitelinks,150,22,1.47,6,0,-6,,2,6,-4,,https://www.pontul-zilei.com/agentie/casa-pariurilor/,,https://www.pontul-zilei.com/agentie/casa-pariurilor/,2024-06-24 10:37:41,2026-06-12 10:13:39
"superbet,ro",RO,Romania,Romanian,Superbet (Organization),true,false,true,false,true,false,"Sitelinks, Video preview",200,8,,0,,,,6,,Lost,,https://www.pontul-zilei.com/agentie/superbet/,,,2024-06-07 21:36:57,
casa de pariuri fortuna,RO,Romania,Romanian,Fortuna (Organization),true,false,false,true,true,false,,150,36,0.97,0,0,0,,16,9,7,,https://www.pontul-zilei.com/agentie/fortuna/,,https://www.pontul-zilei.com/agentie/fortuna/,2024-06-20 23:57:22,2026-06-15 16:41:35
total bet pariuri,RO,Romania,Romanian,TotalBet (Organization),true,false,true,true,true,false,"Sitelinks, Bottom ads, Paid sitelinks",200,5,0.97,0,,,,8,,Lost,,https://www.pontul-zilei.com/agentie/total-bet/,,,2024-05-28 04:17:06,
un pont pe zi biletul zilei,RO,Romania,Romanian,,false,false,false,true,false,false,,200,49,0.28,0,0,0,,11,7,4,,https://www.pontul-zilei.com/category/ponturi-pariuri/,,https://www.pontul-zilei.com/category/ponturi-pariuri/,2024-06-20 20:23:37,2026-06-04 10:41:11
casa pariurilor ro,RO,Romania,Romanian,,false,true,false,true,true,false,Sitelinks,150,18,1.46,2,0,-2,,2,6,-4,,https://www.pontul-zilei.com/agentie/casa-pariurilor/,,https://www.pontul-zilei.com/agentie/casa-pariurilor/,2024-06-12 12:32:30,2026-06-02 09:52:44
pariuri bonus,RO,Romania,Romanian,,false,false,false,true,true,false,Top ads,400,68,3.37,0,0,0,,7,8,-1,,https://www.pontul-zilei.com/top-case-de-pariuri-online/,,https://www.pontul-zilei.com/top-case-de-pariuri-online/,2024-06-26 04:37:38,2026-05-14 19:13:02
oferta casa pariurilor,RO,Romania,Romanian,Casa Pariurilor (Organization),true,false,false,true,true,false,Sitelinks,200,20,0.73,78,0,-78,,2,7,-5,,https://www.pontul-zilei.com/agentie/casa-pariurilor/,,https://www.pontul-zilei.com/agentie/casa-pariurilor/,2024-06-27 04:08:30,2026-06-20 11:56:59
ponturi pauza final,RO,Romania,Romanian,,false,false,false,true,false,false,Video preview,150,0,0.68,0,,,,25,,Lost,,https://www.pontul-zilei.com/category/ponturi-pariuri-pauza-final/,,,2024-06-26 22:22:50,
fortuna pariuri online,RO,Romania,Romanian,Fortuna (Organization),true,false,false,true,true,false,Sitelinks,250,30,2.11,0,0,0,,32,5,27,,https://www.pontul-zilei.com/agentie/fortuna/,,https://www.pontul-zilei.com/agentie/fortuna/,2024-06-23 00:47:27,2026-06-24 05:49:26
casa de pariuri,RO,Romania,Romanian,Casa Pariurilor (Organization),true,false,false,true,true,false,"Sitelinks, Knowledge panel",1200,69,2.96,0,0,0,,10,10,,,https://www.pontul-zilei.com/agentie/casa-pariurilor/,,https://www.pontul-zilei.com/top-case-de-pariuri-online/,2024-06-25 00:12:13,2026-06-21 11:09:32
32rosu,RO,Romania,Romanian,32Rosu (Organization),true,false,false,true,true,false,Sitelinks,3100,0,1.29,,0,,,,8,New,,,,https://www.pontul-zilei.com/bonusuri-cazino/bonusuri-fara-depunere/32rosu-bonus-fara-depunere/,,2026-06-22 07:16:16
total bet.ro,RO,Romania,,TotalBet (Organization),true,false,true,false,false,false,"Sitelinks, Image pack",600,4,1.04,0,,,,6,,Lost,,https://www.pontul-zilei.com/agentie/total-bet/,,,2024-06-27 16:00:10,
casa parilor,RO,Romania,Romanian,Casa Pariurilor (Organization),true,false,false,true,true,false,"Sitelinks, Local pack",90,18,0.19,0,0,0,,4,7,-3,,https://www.pontul-zilei.com/agentie/casa-pariurilor/,,https://www.pontul-zilei.com/agentie/casa-pariurilor/,2024-06-09 12:39:27,2026-06-07 07:37:55
tenis azi,RO,Romania,Romanian,,false,false,false,true,false,false,"Sitelinks, Video preview, Top stories, Thumbnail, Image pack",3000,12,0.03,0,,,,16,,Lost,,https://www.pontul-zilei.com/category/ponturi-pariuri/ponturi-pariuri-tenis/,,,2024-06-27 01:42:03,
efortuna agentii,RO,Romania,Romanian,"eFortuna (Organization), eFortuna betting agencies (Location)",true,false,false,true,false,false,"Sitelinks, Image pack",200,1,0.03,0,,,,5,,Lost,,https://www.pontul-zilei.com/agentie/fortuna/,,,2024-06-25 19:15:01,
fotbal azi,RO,Romania,Romanian,,false,false,false,true,false,false,"Top stories, Thumbnail, Video preview, Image pack",37000,16,0.33,0,,,,36,,Lost,,https://www.pontul-zilei.com/category/ponturi-pariuri/ponturi-fotbal/,,,2024-06-27 01:41:18,
mozzart cote,RO,Romania,Romanian,Mozzart Bet (Organization),true,false,false,true,true,false,"Image pack, Video preview",350,2,0.13,0,,,,7,,Lost,,https://www.pontul-zilei.com/agentie/mozzart/,,,2024-06-24 04:50:03,
superbet oferta,RO,Romania,Romanian,Superbet (Organization),true,false,false,true,true,false,"Sitelinks, Image pack, Video preview",8000,9,1.09,0,,,,9,,Lost,,https://www.pontul-zilei.com/agentie/superbet/,,,2024-06-27 10:36:57,
robetano,RO,Romania,Romanian,Betano (Organization),true,false,true,true,true,false,"Sitelinks, Thumbnail, Video preview, Image pack",90,3,0.92,0,,,,7,,Lost,,https://www.pontul-zilei.com/agentie/betano/,,,2024-06-19 11:51:45,
betono,RO,Romania,Romanian,Betano (Organization),true,false,false,true,true,false,"Top ads, Paid sitelinks, Sitelinks, Video preview",80,4,0.58,0,,,,7,,Lost,,https://www.pontul-zilei.com/agentie/betano/,,,2024-06-22 15:13:15,
ponturi hunter azi,RO,Romania,Romanian,Hunter bridges (Location),false,false,false,true,false,false,"Sitelinks, Image pack, Video preview",100,23,0.25,0,,,,8,,Lost,,https://www.pontul-zilei.com/category/ponturi-pariuri/,,,2024-06-08 12:25:50,
mozzartbet.ro,RO,Romania,,Mozzart Bet (Organization),true,false,true,true,true,false,"Sitelinks, Image pack, Video preview",1100,0,0.59,0,,,,8,,Lost,,https://www.pontul-zilei.com/agentie/mozzart/,,,2024-06-25 07:39:07,
keno finlanda,RO,Romania,Romanian,"Keno (Event), Finland (Location)",false,false,false,true,false,false,,1700,0,0.03,0,0,0,,26,15,11,Image pack,https://www.pontul-zilei.com/articole-pariuri-sportive/finlanda-keno-loto-strategii-rezultate-combinatii-sfaturi/,,https://www.pontul-zilei.com/articole-pariuri-sportive/finlanda-keno-loto-strategii-rezultate-combinatii-sfaturi/,2024-06-23 12:48:10,2026-06-08 11:04:06
france keno,RO,Romania,English,"France Keno (Event), France (Location)",true,false,false,true,false,false,"Image pack, Video preview",100,0,0.83,0,,,,26,,Lost,,https://www.pontul-zilei.com/articole-pariuri-sportive/franta-keno-loto-strategii-rezultate-combinatii-sfaturi/,,,2024-06-15 06:29:38,
rezultate pariuri,RO,Romania,Romanian,,false,false,false,true,true,false,"Image pack, Video preview",100,31,0.77,0,,,,43,,Lost,,https://www.pontul-zilei.com/articole-pariuri-sportive/rezultate-rxf-fighter-all-stars-ultima-gala-a-anului/,,,2024-06-17 23:04:26,
superber,RO,Romania,Romanian,Superbet (Organization),true,false,false,true,true,false,"Sitelinks, Video preview, Knowledge panel",600,7,0.53,0,,,,7,,Lost,,https://www.pontul-zilei.com/agentie/superbet/,,,2024-06-24 02:45:37,
elite,RO,Romania,Romanian,,false,false,false,true,false,false,Video preview,2700,68,0.55,,0,,,,26,New,,,,https://www.pontul-zilei.com/agentie/elite-slots/,,2026-06-16 00:35:14
m.casa pariurilor,RO,Romania,Romanian,"CasaPariurilor (Organization), m.casa (Product)",true,false,true,false,true,true,Sitelinks,400,31,1.21,15,0,-15,,2,7,-5,,https://www.pontul-zilei.com/agentie/casa-pariurilor/,,https://www.pontul-zilei.com/agentie/casa-pariurilor/,2024-06-24 22:11:38,2026-05-22 13:08:16
italia loto 6/90,RO,Romania,Romanian,Lotto 6/90 (Event),true,false,false,true,false,false,Image pack,150,6,0.53,0,,,,35,,Lost,,https://www.pontul-zilei.com/articole-pariuri-sportive/loto-italia-keno-afla-acum-cand-si-unde-poti-paria/,,,2024-06-10 15:44:56,
agentia fortuna,RO,Romania,Romanian,Fortuna (Organization),true,false,false,true,false,false,"Sitelinks, Local pack, Video preview, Image pack",80,9,0.70,0,,,,10,,Lost,,https://www.pontul-zilei.com/agentie/fortuna/,,,2024-06-26 20:52:12,
12xbet,RO,Romania,,12xBet (Organization),true,false,false,true,true,true,Sitelinks,350,0,0.42,,0,,,,8,New,,,,https://www.pontul-zilei.com/bonusuri-cazino/bonusuri-fara-depunere/12xbet-bonus-fara-depunere/,,2026-06-21 16:59:08
superbet grecia kino,RO,Romania,Romanian,"Superbet (Organization), Grecia Kino (Event)",true,false,false,true,true,false,"Sitelinks, Image pack",100,2,0.27,0,,,,45,,Lost,,https://www.pontul-zilei.com/agentie/betmen/,,,2024-06-19 14:01:12,
stanleybet rezultate loto,RO,Romania,Romanian,Stanleybet (Organization),true,false,false,true,false,false,Image pack,90,8,0.27,0,,,,31,,Lost,,https://www.pontul-zilei.com/articole-pariuri-sportive/loto-grecia-kino-cele-mai-bune-strategii-de-joc-ca-sa-iti-cresti-sansele-de-castig/,,,2024-06-18 22:45:27,
betmen,RO,Romania,Romanian,Batman (Work),true,false,false,true,true,false,Sitelinks,13000,42,0.04,0,0,0,,7,9,-2,,https://www.pontul-zilei.com/agentie/betmen/,,https://www.pontul-zilei.com/agentie/betmen/,2024-06-27 13:38:13,2026-06-22 11:18:21
pariuri fortuna,RO,Romania,Romanian,Fortuna (Organization),true,false,false,true,true,false,,700,42,0.02,0,0,0,,7,10,-3,,https://www.pontul-zilei.com/agentie/fortuna/,,https://www.pontul-zilei.com/agentie/fortuna/,2024-06-23 13:44:42,2026-06-12 21:33:37
multi polonia,RO,Romania,Romanian,Multi Polonia (Event),true,false,false,true,false,false,"Thumbnail, Image pack, Video preview",8800,0,0.76,0,,,,49,,Lost,,https://www.pontul-zilei.com/articole-pariuri-sportive/multi-polonia-loto-strategii-rezultate-combinatii-sfaturi/,,,2024-06-27 21:44:24,
italia keno,RO,Romania,Romanian,Italia Keno (Event),true,false,false,true,false,false,,118000,47,0.39,0,0,0,,26,16,10,Image pack,https://www.pontul-zilei.com/articole-pariuri-sportive/loto-italia-keno-afla-acum-cand-si-unde-poti-paria/,,https://www.pontul-zilei.com/articole-pariuri-sportive/loto-italia-keno-afla-acum-cand-si-unde-poti-paria/,2024-06-27 22:50:12,2026-06-22 04:00:54
sperbet,RO,Romania,Romanian,Superbet (Organization),true,false,false,true,true,false,"Sitelinks, Knowledge panel, Video preview",250,6,0.53,0,,,,8,,Lost,,https://www.pontul-zilei.com/agentie/superbet/,,,2024-06-10 11:35:30,
supetbet,RO,Romania,Romanian,Superbet (Organization),true,false,false,true,true,false,"Sitelinks, Top stories, Thumbnail, Knowledge panel, Video preview",200,8,0.53,0,,,,8,,Lost,,https://www.pontul-zilei.com/agentie/superbet/,,,2024-06-01 15:59:19,
belgia keno,RO,Romania,Romanian,Belgian Keno (Event),true,false,false,true,false,false,"Image pack, Video preview",4000,1,0.26,0,,,,22,,Lost,Image pack,https://www.pontul-zilei.com/articole-pariuri-sportive/belgia-keno-loto-strategii-rezultate-combinatii-sfaturi/,,,2024-06-27 21:21:17,
pariu sansa,RO,Romania,Romanian,Pariu Sansa (Event),true,false,false,true,false,false,"Video preview, Image pack",80,0,1.30,0,,,,20,,Lost,,https://www.pontul-zilei.com/articole-pariuri-sportive/pariul-sansa-top-3-agentii-care-il-ofera/,,,2024-06-22 00:35:05,
casa pariurilor contact,RO,Romania,Romanian,Casa Pariurilor (Organization),true,false,false,true,false,false,"Local pack, Image pack, Video preview",350,0,1.77,0,,,,16,,Lost,,https://www.pontul-zilei.com/agentie/casa-pariurilor/,,,2024-06-09 21:08:24,
agentia casa pariurilor,RO,Romania,Romanian,Agentia Casa Pariurilor (Organization),true,false,false,true,false,false,Sitelinks,150,18,0.56,0,0,0,,7,7,,,https://www.pontul-zilei.com/agentie/casa-pariurilor/,,https://www.pontul-zilei.com/agentie/casa-pariurilor/,2024-06-11 08:03:23,2026-05-29 03:10:08
ges bet,RO,Romania,Romanian,GES.BET (Organization),true,false,false,true,true,false,"Sitelinks, Video preview",600,38,0.18,0,0,0,,28,9,19,,https://www.pontul-zilei.com/agentie/gets-bet/,,https://www.pontul-zilei.com/agentie/gets-bet/,2024-06-26 12:11:42,2026-06-09 18:47:00
suprrbet,RO,Romania,Romanian,Superbet (Organization),true,false,true,true,true,false,"Sitelinks, Knowledge panel, Video preview",100,6,,0,,,,8,,Lost,,https://www.pontul-zilei.com/agentie/superbet/,,,2024-06-19 06:44:54,
grecia kino rezultate,RO,Romania,Romanian,Grecia Kino (Event),true,false,false,true,false,false,"Image pack, Video preview",5300,2,0.23,0,,,,28,,Lost,,https://www.pontul-zilei.com/articole-pariuri-sportive/loto-grecia-kino-cele-mai-bune-strategii-de-joc-ca-sa-iti-cresti-sansele-de-castig/,,,2024-06-27 03:41:53,
loto grecia kino live,RO,Romania,Romanian,Grecia Kino (Event),true,false,false,true,false,false,"Sitelinks, Video preview, Image pack",5600,5,0.89,0,,,,37,,Lost,Image pack,https://www.pontul-zilei.com/articole-pariuri-sportive/loto-grecia-kino-cele-mai-bune-strategii-de-joc-ca-sa-iti-cresti-sansele-de-castig/,,,2024-06-27 01:45:51,
superbet pariuri,RO,Romania,Romanian,Superbet (Organization),true,false,true,true,true,true,"Video preview, Image pack",1600,19,0.96,0,,,,9,,Lost,,https://www.pontul-zilei.com/agentie/superbet/,,,2024-06-24 15:42:18,
supert,RO,Romania,Romanian,Superbet (Organization),true,false,false,true,true,false,"Sitelinks, Video preview, Knowledge panel",100,8,0.34,0,,,,8,,Lost,,https://www.pontul-zilei.com/agentie/superbet/,,,2024-06-16 22:51:26,
get's bet,RO,Romania,,Get's Bet (Organization),true,false,true,true,true,false,Sitelinks,6400,45,0.43,,0,,,,9,New,,,,https://www.pontul-zilei.com/agentie/gets-bet/,,2026-06-21 07:47:51
agentii superbet,RO,Romania,Romanian,"Superbet (Organization), Superbet Agencies (Location)",true,false,false,true,false,false,"Local pack, Sitelinks, Thumbnail, Video preview, Image pack",250,0,1.23,0,,,,12,,Lost,,https://www.pontul-zilei.com/agentie/superbet/,,,2024-06-18 15:22:17,
keno franta,RO,Romania,Romanian,French Keno (Event),false,false,false,true,false,false,,350,26,0.56,0,0,0,,21,16,5,,https://www.pontul-zilei.com/articole-pariuri-sportive/franta-keno-loto-strategii-rezultate-combinatii-sfaturi/,,https://www.pontul-zilei.com/articole-pariuri-sportive/franta-keno-loto-strategii-rezultate-combinatii-sfaturi/,2024-06-27 22:37:22,2026-06-08 01:39:51
strategie loto polonia 3 numere,RO,Romania,Romanian,Loto Polonia (Event),true,false,false,true,false,false,,800,28,0.50,0,0,0,,33,18,15,,https://www.pontul-zilei.com/articole-pariuri-sportive/multi-polonia-loto-strategii-rezultate-combinatii-sfaturi/,,https://www.pontul-zilei.com/articole-pariuri-sportive/multi-polonia-loto-strategii-rezultate-combinatii-sfaturi/,2024-06-24 20:27:19,2026-06-05 20:45:20
loto italia 20/90,RO,Romania,Romanian,Italia Keno 10E 20/90 (Event),true,false,false,true,false,false,"Sitelinks, Video preview",9500,0,0.22,0,,,,41,,Lost,,https://www.pontul-zilei.com/articole-pariuri-sportive/loto-italia-keno-afla-acum-cand-si-unde-poti-paria/,,,2024-06-27 13:09:02,
superbat,RO,Romania,Romanian,Superbet (Organization),true,false,false,true,true,false,"Sitelinks, Knowledge panel, Video preview",150,13,1.87,0,,,,8,,Lost,,https://www.pontul-zilei.com/agentie/superbet/,,,2024-06-08 09:57:39,
turnee de grand slam,RO,Romania,Romanian,Grand Slam (Event),false,false,false,true,false,false,"Featured snippet, Thumbnail, Video preview, Knowledge panel",100,1,,0,,,,34,,Lost,,https://www.pontul-zilei.com/articole-pariuri-sportive/cum-sunt-impartite-turneele-de-tenis-si-cate-puncte-aduc/,,,2024-06-11 11:54:27,
ponturi bune azi,RO,Romania,Romanian,,false,false,false,true,false,false,"Image pack, Video preview",150,37,0.74,0,,,,10,,Lost,,https://www.pontul-zilei.com/category/ponturi-pariuri/,,,2024-06-08 23:10:32,
finlanda keno,RO,Romania,Romanian,"Keno (Event), Finland (Location)",false,false,false,true,false,false,,6600,0,0.24,0,0,0,,29,12,17,,https://www.pontul-zilei.com/articole-pariuri-sportive/finlanda-keno-loto-strategii-rezultate-combinatii-sfaturi/,,https://www.pontul-zilei.com/articole-pariuri-sportive/finlanda-keno-loto-strategii-rezultate-combinatii-sfaturi/,2024-06-27 20:23:22,2026-06-21 17:09:45
bilet fortuna,RO,Romania,Romanian,Fortuna (Organization),true,false,false,true,true,true,"Sitelinks, Image pack, Video preview",100,1,0.65,0,,,,8,,Lost,,https://www.pontul-zilei.com/agentie/fortuna/,,,2024-06-24 07:03:46,
cota2,RO,Romania,Romanian,Cota2 (Organization),true,false,false,true,false,false,"Thumbnail, Video preview, Image pack",400,12,0.40,0,,,,9,,Lost,,https://www.pontul-zilei.com/category/cota-zilei-pariuri/cota-2/,,,2024-06-20 12:24:10,
pariuri sportive stanleybet,RO,Romania,Romanian,Stanleybet (Organization),true,false,true,true,true,true,"Sitelinks, Knowledge panel, Image pack",200,0,0.53,0,,,,17,,Lost,,https://www.pontul-zilei.com/agentie/stanleybet/,,,2024-06-24 06:13:18,
prowin,RO,Romania,Romanian,ProWin (Organization),true,false,false,true,false,false,"Sitelinks, Knowledge panel",9100,19,0.17,,0,,,,10,New,,,,https://www.pontul-zilei.com/bonusuri-cazino/bonusuri-fara-depunere/prowin-bonus-fara-depunere/,,2026-06-17 11:55:44
vivabet,RO,Romania,Romanian,Vivabet (Organization),true,false,false,true,true,false,Sitelinks,146000,59,0.45,,0,,,,11,New,,,,https://www.pontul-zilei.com/bonusuri-cazino/bonusuri-fara-depunere/vivabet-bonus-fara-depunere/,,2026-06-20 19:18:17
polonia multi multi 20/80,RO,Romania,Romanian,"Polonia Multi Multi 20/80 (Event), 20/80 (Event)",true,false,false,true,false,false,"Image pack, Video preview",4000,1,0.57,0,,,,50,,Lost,,https://www.pontul-zilei.com/articole-pariuri-sportive/multi-polonia-loto-strategii-rezultate-combinatii-sfaturi/,,,2024-06-27 03:03:37,
supeerbet,RO,Romania,Romanian,Superbet (Organization),true,false,true,true,true,false,"Sitelinks, Videos, Video preview, Knowledge panel",150,11,1.57,0,,,,7,,Lost,,https://www.pontul-zilei.com/agentie/superbet/,,,2024-06-10 09:37:30,
loto grecia live,RO,Romania,Romanian,Greek Kino (Event),true,false,false,true,false,false,"Sitelinks, Image pack",3700,6,0.04,0,,,,33,,Lost,,https://www.pontul-zilei.com/articole-pariuri-sportive/loto-grecia-kino-cele-mai-bune-strategii-de-joc-ca-sa-iti-cresti-sansele-de-castig/,,,2024-06-27 17:41:47,
superbety,RO,Romania,Romanian,Superbet (Organization),true,false,true,true,true,false,"Sitelinks, Videos, Video preview, Knowledge panel",150,11,1.87,0,,,,7,,Lost,,https://www.pontul-zilei.com/agentie/superbet/,,,2024-06-09 10:38:23,
superbet verificare bilet cod,RO,Romania,Romanian,Superbet (Organization),true,false,true,true,false,false,"Sitelinks, Video preview",600,58,2.39,,0,,,,10,New,,,,https://www.pontul-zilei.com/blog/superbet-verificare-bilet/,,2026-06-15 19:03:47
biletul.zilei,RO,Romania,Romanian,Biletul Zilei (Event),true,false,false,true,false,false,"Top stories, Thumbnail, Video preview",90,41,0.39,0,,,,9,,Lost,,https://www.pontul-zilei.com/category/biletul-zilei/,,,2024-06-23 20:12:17,
yojicasino,RO,Romania,Romanian,Yojica (Organization),true,false,false,true,true,false,"Sitelinks, Thumbnail, Video preview, Image pack",150,0,2.96,0,,,,9,,Lost,,https://www.pontul-zilei.com/agentie/yoji-casino/,,,2024-06-26 02:47:08,
ponturi bune,RO,Romania,Romanian,,false,false,false,true,false,false,Video preview,1100,64,0.81,0,0,0,,7,13,-6,,https://www.pontul-zilei.com/category/ponturi-pariuri/,,https://www.pontul-zilei.com/category/ponturi-pariuri/,2024-06-27 13:33:53,2026-06-09 09:44:20
public win,RO,Romania,English,PublicWin (Organization),true,false,false,true,true,false,,450,61,1.85,0,0,0,,29,10,19,,https://www.pontul-zilei.com/agentie/publicwin/,,https://www.pontul-zilei.com/agentie/publicwin/,2024-06-26 17:32:34,2026-06-20 12:30:09
don.ro,RO,Romania,,Don.ro (Organization),true,false,true,true,false,false,"Sitelinks, Bottom ads, Paid sitelinks, Video preview",1800,48,1.37,0,0,0,,17,10,7,,https://www.pontul-zilei.com/agentie/don-ro/,,https://www.pontul-zilei.com/bonusuri-cazino/bonusuri-fara-depunere/don-ro-casino-bonus-fara-depunere/,2024-06-27 09:31:32,2026-06-12 06:55:12
nitrocasino,RO,Romania,,NitroCasino (Organization),true,false,true,true,true,true,"Sitelinks, Thumbnail, Image pack",90,2,0.93,0,,,,9,,Lost,,https://www.pontul-zilei.com/agentie/nitro-casino/,,,2024-06-19 07:08:13,
pariuri sportive online,RO,Romania,Romanian,,false,false,false,true,true,false,Sitelinks,900,81,6.17,0,0,0,,59,21,38,,https://www.pontul-zilei.com/top-case-de-pariuri-online/,,https://www.pontul-zilei.com/top-case-de-pariuri-online/,2024-06-26 09:45:00,2026-06-19 01:08:00
supwrbwt,RO,Romania,Romanian,,false,false,false,true,true,false,"Top ads, Paid sitelinks, Sitelinks, Knowledge panel, Video preview",90,13,1.50,0,,,,9,,Lost,,https://www.pontul-zilei.com/agentie/superbet/,,,2024-06-17 12:39:51,
verifica bilet superbet,RO,Romania,Romanian,Superbet (Organization),true,false,true,true,false,false,"Sitelinks, Video preview",1300,58,3.45,,0,,,,10,New,,,,https://www.pontul-zilei.com/blog/superbet-verificare-bilet/,,2026-06-21 19:17:55
onecasino,RO,Romania,Romanian,OneCasino (Organization),true,false,false,true,true,false,"Sitelinks, Knowledge panel",1500,58,0.69,,0,,,,10,New,,,,https://www.pontul-zilei.com/agentie/one-casino/,,2026-06-05 12:44:37
dimitrov,RO,Romania,,Grigor Dimitrov (Person),false,false,false,true,false,false,"Thumbnail, Knowledge panel, Video preview",1300,47,0.43,0,,,,50,,Lost,,https://www.pontul-zilei.com/articole-pariuri-sportive/grigor-dimitrov-pierde-surprinzator-in-finala-turneului-de-la-marseille/,,,2024-06-23 07:21:56,
superbbet,RO,Romania,Romanian,Superbet (Organization),true,false,false,true,true,false,"Sitelinks, Video preview, Knowledge panel",80,13,,0,,,,9,,Lost,,https://www.pontul-zilei.com/agentie/superbet/,,,2024-06-17 10:35:54,
agentie casa pariurilor,RO,Romania,Romanian,Casa Pariurilor (Organization),true,false,false,true,false,false,"Local pack, Image pack",100,7,1.34,0,,,,8,,Lost,,https://www.pontul-zilei.com/agentie/casa-pariurilor/,,,2024-06-10 15:19:56,
lucky six casa pariurilor,RO,Romania,Romanian,"Casa Pariurilor (Organization), Lucky Six (Event)",true,false,false,true,false,false,"Video preview, Image pack",100,0,1.08,0,,,,23,,Lost,,https://www.pontul-zilei.com/articole-pariuri-sportive/lucky-six-ce-este-numere-castigatoare-unde-poti-juca/,,,2024-06-10 01:42:39,
verificare bilet fortuna,RO,Romania,Romanian,Fortuna (Organization),true,false,false,true,false,false,Video preview,7200,5,0.90,0,,,,14,,Lost,,https://www.pontul-zilei.com/agentie/fortuna/,,,2024-06-27 22:02:24,
grecia kino live,RO,Romania,Romanian,Grecia Kino (Event),true,false,false,true,false,false,"Video preview, Image pack",5700,5,0.27,0,,,,33,,Lost,,https://www.pontul-zilei.com/articole-pariuri-sportive/loto-grecia-kino-cele-mai-bune-strategii-de-joc-ca-sa-iti-cresti-sansele-de-castig/,,,2024-06-27 00:03:58,
suoerbet,RO,Romania,Romanian,Superbet (Organization),true,false,false,true,true,false,"Top ads, Paid sitelinks, Sitelinks, Knowledge panel, Videos, Video preview",2300,6,0.53,0,,,,8,,Lost,,https://www.pontul-zilei.com/agentie/superbet/,,,2024-06-27 21:11:37,
maxwin,RO,Romania,Romanian,MaxWin (Organization),true,false,false,true,true,false,Sitelinks,23000,0,0.76,,0,,,,11,New,,,,https://www.pontul-zilei.com/agentie/maxwin/,,2026-06-20 17:04:16
baum bet,RO,Romania,Romanian,Baum.Bet (Organization),true,false,true,true,true,false,"Sitelinks, Knowledge panel, Image pack, Video preview",300,5,1.19,0,,,,10,,Lost,,https://www.pontul-zilei.com/articole-pariuri-sportive/calculele-facuta-de-ai-in-grupa-romaniei-la-euro-2024/,,,2024-06-26 21:34:49,
superbert,RO,Romania,Romanian,Superbet (Organization),true,false,true,true,true,false,"Sitelinks, Videos, Video preview, Knowledge panel",100,13,0.53,0,,,,8,,Lost,,https://www.pontul-zilei.com/agentie/superbet/,,,2024-06-08 11:53:03,
ponturi hunter,RO,Romania,Romanian,Ponturi Hunter (Organization),true,false,false,true,false,false,"Sitelinks, Video preview",1700,43,0.87,,0,,,,13,New,,,,https://www.pontul-zilei.com/category/ponturi-pariuri/,,2026-06-21 10:44:40
pariuri sportive fortuna,RO,Romania,Romanian,Fortuna (Organization),true,false,false,true,true,false,Sitelinks,600,12,0.01,0,0,0,,27,11,16,,https://www.pontul-zilei.com/agentie/fortuna/,,https://www.pontul-zilei.com/agentie/fortuna/,2024-06-25 00:24:31,2026-06-12 16:35:39
gesbet,RO,Romania,Romanian,GetsBet (Organization),true,false,false,true,true,false,Sitelinks,250,33,0.39,0,0,0,,72,9,63,,https://www.pontul-zilei.com/agentie/gets-bet/,,https://www.pontul-zilei.com/agentie/gets-bet/,2024-06-22 21:44:26,2026-06-05 10:27:43
superbet agentii,RO,Romania,Romanian,"Superbet (Organization), Superbet Agencies (Location)",true,false,false,true,false,false,"Sitelinks, Thumbnail, Local pack, Video preview, Image pack",500,0,0.65,0,,,,15,,Lost,,https://www.pontul-zilei.com/agentie/superbet/,,,2024-06-25 00:14:21,
supertbet,RO,Romania,Romanian,Superbet (Organization),true,false,false,true,true,false,"Sitelinks, Knowledge panel, Video preview",150,8,0.53,0,,,,9,,Lost,,https://www.pontul-zilei.com/agentie/superbet/,,,2024-06-20 11:06:28,
verifica bilet fortuna,RO,Romania,Romanian,Fortuna (Organization),true,false,false,true,false,false,"Image pack, Video preview",350,5,0.90,0,,,,13,,Lost,,https://www.pontul-zilei.com/agentie/fortuna/,,,2024-06-25 18:53:19,
get bets,RO,Romania,English,,false,false,false,true,true,false,Video preview,3200,63,0.43,0,0,0,,45,10,35,Image pack,https://www.pontul-zilei.com/agentie/gets-bet/,,https://www.pontul-zilei.com/agentie/gets-bet/,2024-06-27 23:07:46,2026-06-18 02:41:03
polonia multi 20/80 rezultate,RO,Romania,Romanian,Polonia Multi 20/80 (Event),true,false,false,true,false,false,Image pack,400,1,0.21,0,,,,37,,Lost,,https://www.pontul-zilei.com/articole-pariuri-sportive/multi-polonia-loto-strategii-rezultate-combinatii-sfaturi/,,,2024-06-19 19:41:46,
italia.keno,RO,Romania,Romanian,Italia Keno (Event),true,false,false,true,false,false,,350,48,,0,0,0,,27,10,17,Image pack,https://www.pontul-zilei.com/articole-pariuri-sportive/loto-italia-keno-afla-acum-cand-si-unde-poti-paria/,,https://www.pontul-zilei.com/articole-pariuri-sportive/loto-italia-keno-afla-acum-cand-si-unde-poti-paria/,2024-06-27 00:04:53,2026-05-23 04:14:41
fortuna pariuri,RO,Romania,Romanian,Fortuna (Organization),true,false,false,true,true,false,,2000,41,0.02,0,0,0,,13,13,,,https://www.pontul-zilei.com/agentie/fortuna/,,https://www.pontul-zilei.com/agentie/fortuna/,2024-06-27 03:10:58,2026-06-24 17:56:31
suprbet,RO,Romania,Romanian,Superbet (Organization),true,false,false,true,true,false,"Sitelinks, Knowledge panel, Video preview",300,13,,0,,,,10,,Lost,,https://www.pontul-zilei.com/agentie/superbet/,,,2024-06-13 02:17:04,
www loto polonia,RO,Romania,Romanian,Loto Polonia (Event),true,false,true,true,false,false,"Sitelinks, Video preview, Image pack",100,1,,0,,,,39,,Lost,,https://www.pontul-zilei.com/articole-pariuri-sportive/multi-polonia-loto-strategii-rezultate-combinatii-sfaturi/,,,2024-06-14 20:08:33,
netbet pariuri sportive,RO,Romania,Romanian,NetBet (Organization),true,false,true,true,true,true,Sitelinks,400,6,1.58,0,,,,24,,Lost,,https://www.pontul-zilei.com/agentie/netbet/,,,2024-06-26 06:07:20,
superbet verifica bilet,RO,Romania,Romanian,Superbet (Organization),true,false,false,true,false,false,"Sitelinks, Video preview",800,54,1.15,,0,,,,10,New,,,,https://www.pontul-zilei.com/blog/superbet-verificare-bilet/,,2026-06-14 03:27:36
fortuna bet,RO,Romania,English,Fortuna (Organization),true,false,false,true,true,false,,8300,52,0.09,0,0,0,,14,12,2,,https://www.pontul-zilei.com/agentie/fortuna/,,https://www.pontul-zilei.com/agentie/fortuna/,2024-06-26 04:27:02,2026-06-21 04:14:33
suerbet,RO,Romania,Romanian,Superbet (Organization),true,false,false,true,true,false,"Sitelinks, Video preview, Knowledge panel",200,13,0.53,0,,,,8,,Lost,,https://www.pontul-zilei.com/agentie/superbet/,,,2024-06-17 11:42:01,
pariu sansa superbet,RO,Romania,Romanian,"Superbet (Organization), Pariu Sansa (Event)",true,false,false,true,false,false,"People also ask, Video preview, Image pack",250,0,1.91,0,,,,14,,Lost,,https://www.pontul-zilei.com/agentie/superbet/,,,2024-06-24 00:48:32,
betmen.ro,RO,Romania,,BetMen (Organization),true,false,true,true,true,true,Video preview,2200,0,0.78,0,,,,11,,Lost,,https://www.pontul-zilei.com/agentie/betmen/,,,2024-06-27 05:57:42,
letonia loto,RO,Romania,Romanian,"Latvia Keno (Event), Loto (Event)",true,false,false,true,false,false,"Image pack, Video preview",1300,0,0.18,0,,,,32,,Lost,,https://www.pontul-zilei.com/articole-pariuri-sportive/letonia-keno-loto-strategii-rezultate-scheme-combinatii-live-sfaturi-de-la-jucatori/,,,2024-06-22 04:50:01,
superbett,RO,Romania,Romanian,Superbet (Organization),true,false,false,true,true,false,"Sitelinks, Knowledge panel, Video preview",100,11,1.06,0,,,,10,,Lost,,https://www.pontul-zilei.com/agentie/superbet/,,,2024-06-17 20:17:31,
casa pariurilor agentii,RO,Romania,Romanian,"Casa Pariurilor (Organization), Casa Pariurilor betting agency (Organization)",true,false,false,true,false,false,"Thumbnail, Local pack, Image pack, Video preview",150,7,1.25,0,,,,8,,Lost,,https://www.pontul-zilei.com/agentie/casa-pariurilor/,,,2024-06-17 19:54:23,
superbet aplicatie,RO,Romania,Romanian,"Superbet (Organization), Superbet mobile application (Product)",true,false,false,true,true,false,"Video preview, Knowledge panel",450,4,1.69,0,,,,15,,Lost,,https://www.pontul-zilei.com/agentie/superbet/,,,2024-06-22 04:34:11,
win2bet,RO,Romania,Romanian,Win2bet (Organization),true,false,false,true,true,false,Sitelinks,700,59,,,0,,,,11,New,,,,https://www.pontul-zilei.com/agentie/win2/,,2026-06-15 17:00:31
get bet verificare bilet,RO,Romania,Romanian,,false,false,false,true,false,false,Sitelinks,900,54,0.95,0,0,0,,10,15,-5,,https://www.pontul-zilei.com/agentie/gets-bet/,,https://www.pontul-zilei.com/blog/gets-bet-verificare-bilet/,2024-06-26 19:33:39,2026-06-18 21:40:08
franta keno,RO,Romania,Romanian,French Keno (Event),false,false,false,true,false,false,,5700,26,0.56,0,0,0,,28,14,14,,https://www.pontul-zilei.com/articole-pariuri-sportive/franta-keno-loto-strategii-rezultate-combinatii-sfaturi/,,https://www.pontul-zilei.com/articole-pariuri-sportive/franta-keno-loto-strategii-rezultate-combinatii-sfaturi/,2024-06-27 05:18:29,2026-06-21 23:20:40
maxbet online,RO,Romania,English,Maxbet (Organization),true,false,true,true,true,true,"Knowledge panel, Image pack, Video preview",1100,0,3.31,0,,,,24,,Lost,,https://www.pontul-zilei.com/agentie/maxbet/,,,2024-06-23 13:09:01,
siperbet,RO,Romania,Romanian,Siperbet (Organization),true,false,false,true,false,false,"Sitelinks, Knowledge panel, Video preview",100,13,2.65,0,,,,10,,Lost,,https://www.pontul-zilei.com/agentie/superbet/,,,2024-06-13 04:33:48,
sevencasino,RO,Romania,,Seven Casino (Organization),true,false,false,true,true,false,"Sitelinks, Video preview",250,0,0.52,0,,,,11,,Lost,,https://www.pontul-zilei.com/agentie/seven/,,,2024-06-12 03:42:40,
fortuna bet pariuri sportive,RO,Romania,Romanian,Fortuna Bet (Organization),true,false,false,true,true,false,"Sitelinks, Image pack",700,7,0.15,0,,,,10,,Lost,,https://www.pontul-zilei.com/agentie/fortuna/,,,2024-06-23 13:47:12,
superbet oferta zilnica pdf,RO,Romania,Romanian,"Superbet (Organization), Daily Offer (Product)",true,false,false,true,false,false,Image pack,150,4,2.65,0,,,,19,,Lost,,https://www.pontul-zilei.com/agentie/luck-casino/,,,2024-06-20 09:17:13,
cotele mozzart,RO,Romania,Romanian,MozzartBet (Organization),true,false,false,true,true,false,"Sitelinks, Image pack, Video preview",100,0,0.17,0,,,,14,,Lost,,https://www.pontul-zilei.com/agentie/mozzart/,,,2024-06-10 09:03:41,
superbet bonus,RO,Romania,Romanian,Superbet (Organization),true,false,false,true,true,false,,700,57,5.25,0,0,0,,55,13,42,,https://www.pontul-zilei.com/agentie/superbet/,,https://www.pontul-zilei.com/bonusuri-cazino/bonusuri-fara-depunere/superbet-bonus-fara-depunere/,2024-06-27 11:19:59,2026-06-16 12:41:45
pariuri superbet,RO,Romania,Romanian,Superbet (Organization),true,false,true,true,true,true,"Sitelinks, Video preview, Image pack, Bottom ads, Paid sitelinks",2000,47,0.96,0,,,,14,,Lost,,https://www.pontul-zilei.com/agentie/superbet/,,,2024-06-27 23:10:55,
gets bet verificare bilet,RO,Romania,Romanian,Getsbet (Organization),true,false,false,true,false,false,Video preview,1100,50,0.95,0,0,0,,9,23,-14,,https://www.pontul-zilei.com/agentie/gets-bet/,,https://www.pontul-zilei.com/blog/gets-bet-verificare-bilet/,2024-06-27 08:24:42,2026-06-07 17:40:26
cota 2.ro,RO,Romania,,cota2.ro (Organization),true,false,true,true,false,false,"Sitelinks, Video preview",300,2,2.58,0,0,0,,10,9,1,,https://www.pontul-zilei.com/category/cota-zilei-pariuri/cota-2/,,https://www.pontul-zilei.com/category/cota-zilei-pariuri/cota-2/,2024-06-25 07:57:17,2026-06-18 03:43:35
fortuna oferta,RO,Romania,Romanian,Fortuna (Organization),true,false,false,true,true,false,,350,40,0.01,0,0,0,,3,9,-6,,https://www.pontul-zilei.com/agentie/fortuna/,,https://www.pontul-zilei.com/agentie/fortuna/,2024-06-26 03:04:34,2026-06-17 11:07:44
verificare bilet superbet,RO,Romania,Romanian,Superbet (Organization),true,false,false,true,false,false,"Sitelinks, Video preview",23000,49,1.21,,0,,,,13,New,,,,https://www.pontul-zilei.com/blog/superbet-verificare-bilet/,,2026-06-14 13:36:55
winboss,RO,Romania,Romanian,WinBoss (Organization),true,false,false,true,true,false,"Sitelinks, Knowledge panel",27000,45,0.74,0,0,0,,32,13,19,,https://www.pontul-zilei.com/agentie/winboss/,,https://www.pontul-zilei.com/agentie/winboss/,2024-06-27 13:45:44,2026-06-17 18:22:20
total bet pariuri sportive,RO,Romania,Romanian,TotalBet (Organization),true,false,true,true,true,false,"Sitelinks, Image pack",600,5,0.67,0,,,,11,,Lost,,https://www.pontul-zilei.com/agentie/total-bet/,,,2024-06-22 20:54:42,
loto win for life,RO,Romania,English,Win for Life (Event),true,false,false,true,false,false,Video preview,1600,2,1.22,0,0,0,,28,16,12,,https://www.pontul-zilei.com/articole-pariuri-sportive/win-for-life-loto-italia-strategii-rezultate-combinatii-sfaturi/,,https://www.pontul-zilei.com/articole-pariuri-sportive/win-for-life-loto-italia-strategii-rezultate-combinatii-sfaturi/,2024-06-27 07:25:11,2026-06-21 06:57:03
superbet.ro verificare bilet,RO,Romania,Romanian,Superbet (Organization),true,false,true,true,false,false,"Sitelinks, Video preview",450,48,1.53,0,0,0,,77,8,69,,https://www.pontul-zilei.com/agentie/betmen/,,https://www.pontul-zilei.com/blog/superbet-verificare-bilet/,2024-06-18 13:03:02,2026-06-14 05:08:49
loto polonia 20/80 rezultate,RO,Romania,Romanian,"Loto Polonia 20/80 (Event), 20/80 (Event)",true,false,false,true,false,false,Image pack,1200,2,0.35,0,,,,32,,Lost,,https://www.pontul-zilei.com/articole-pariuri-sportive/multi-polonia-loto-strategii-rezultate-combinatii-sfaturi/,,,2024-06-12 00:00:30,
meciurile zilei,RO,Romania,Romanian,,false,false,false,true,false,false,"Video preview, Image pack",700,18,0.05,0,,,,17,,Lost,,https://www.pontul-zilei.com/category/biletul-zilei/,,,2024-06-12 16:06:35,
net bet,RO,Romania,Romanian,NetBet (Organization),true,false,false,true,true,false,"Sitelinks, Knowledge panel, Video preview, Image pack",5100,43,0.50,0,,,,20,,Lost,,https://www.pontul-zilei.com/agentie/netbet/,,,2024-06-27 06:16:48,
smartbet,RO,Romania,Romanian,Smart Bet (Organization),true,false,false,true,true,false,Sitelinks,200,74,0.98,0,0,0,,5,10,-5,,https://www.pontul-zilei.com/agentie/smart-bet/,,https://www.pontul-zilei.com/agentie/smart-bet/,2024-06-25 02:19:28,2026-06-16 10:28:52
ponturi sportive,RO,Romania,Romanian,,false,false,false,true,false,false,Video preview,150,34,0.40,0,,,,10,,Lost,,https://www.pontul-zilei.com/category/ponturi-pariuri/,,,2024-06-08 18:38:39,
topbet,RO,Romania,Romanian,TopBet (Organization),true,false,false,true,true,false,Sitelinks,12000,5,0.95,,0,,,,13,New,,,,https://www.pontul-zilei.com/bonusuri-cazino/bonusuri-fara-depunere/topbet-bonus-fara-depunere/,,2026-06-14 10:54:17
ladycasino,RO,Romania,Romanian,LadyCasino (Organization),true,false,true,true,true,true,Sitelinks,500,57,0.46,,0,,,,12,New,,,,https://www.pontul-zilei.com/agentie/lady-casino/,,2026-06-20 04:28:52
biletul zilei hunter,RO,Romania,Romanian,Hunter (Organization),true,false,false,true,false,false,"Sitelinks, Video preview",1800,50,0.28,,0,,,,16,New,,,,https://www.pontul-zilei.com/category/biletul-zilei/,,2026-06-18 04:25:26
fortuna,RO,Romania,Romanian,,false,false,false,true,false,false,"Sitelinks, Local pack, Video preview",160000,59,1.14,0,0,0,,89,15,74,,https://www.pontul-zilei.com/agentie/fortuna/,,https://www.pontul-zilei.com/agentie/fortuna/,2024-06-26 03:06:33,2026-06-17 20:55:33
totalbet.ro,RO,Romania,,TotalBet (Organization),true,false,true,false,false,false,"Sitelinks, Image pack, Video preview",300,0,0.93,0,,,,12,,Lost,,https://www.pontul-zilei.com/agentie/total-bet/,,,2024-05-24 16:45:03,
casapariu,RO,Romania,Romanian,Casa Pariurilor (Organization),true,false,true,true,false,false,Sitelinks,100,41,1.85,,0,,,,8,New,,,,https://www.pontul-zilei.com/agentie/casa-pariurilor/,,2026-06-22 04:42:53
superbet pariu sansa,RO,Romania,Romanian,"Superbet (Organization), Pariu Sansa (Event)",true,false,false,true,false,false,"Video preview, Image pack",200,0,1.36,0,,,,14,,Lost,,https://www.pontul-zilei.com/agentie/superbet/,,,2024-06-15 08:08:56,
rezultate italia keno,RO,Romania,Romanian,Italia Keno 10E (20/90) (Event),true,false,false,true,false,false,"Sitelinks, Image pack, Video preview",3900,1,0.32,0,,,,38,,Lost,Image pack,https://www.pontul-zilei.com/articole-pariuri-sportive/loto-italia-keno-afla-acum-cand-si-unde-poti-paria/,,,2024-06-27 07:43:42,
eliteslot,RO,Romania,Romanian,Elite Slots (Organization),true,false,false,true,true,false,"Thumbnail, Video preview",150,0,1.68,0,,,,12,,Lost,,https://www.pontul-zilei.com/agentie/elite-slots/,,,2024-06-25 08:31:22,
verificare superbet,RO,Romania,Romanian,Superbet (Organization),true,false,false,true,false,false,"Sitelinks, Video preview",3000,63,1.51,,0,,,,9,New,,,,https://www.pontul-zilei.com/blog/superbet-verificare-bilet/,,2026-06-21 19:16:04
rezultate polonia multi 2,RO,Romania,Romanian,"Multi Loto Polonia (Event), Multi Loto Polonia 2 (Event)",true,false,false,true,false,false,"Video preview, Image pack",150,0,,0,,,,43,,Lost,,https://www.pontul-zilei.com/articole-pariuri-sportive/multi-polonia-loto-strategii-rezultate-combinatii-sfaturi/,,,2024-06-12 13:12:01,
win for life,RO,Romania,English,Win for Life (Event),true,false,false,true,false,false,Video preview,13000,22,0.80,,0,,,,28,New,,,,https://www.pontul-zilei.com/articole-pariuri-sportive/win-for-life-loto-italia-strategii-rezultate-combinatii-sfaturi/,,2026-06-24 13:05:43
multi polonia 20 80,RO,Romania,Romanian,Multi Polonia 20/80 (Event),true,false,false,true,false,false,"Image pack, Video preview",250,1,0.72,0,,,,44,,Lost,,https://www.pontul-zilei.com/articole-pariuri-sportive/multi-polonia-loto-strategii-rezultate-combinatii-sfaturi/,,,2024-06-21 12:22:38,
grecia kino loto,RO,Romania,Romanian,Grecia Kino (Event),true,false,false,true,false,false,"Sitelinks, Image pack, Video preview",3500,3,0.55,0,,,,40,,Lost,Image pack,https://www.pontul-zilei.com/articole-pariuri-sportive/loto-grecia-kino-cele-mai-bune-strategii-de-joc-ca-sa-iti-cresti-sansele-de-castig/,,,2024-06-27 16:05:29,
clasament bundesliga,RO,Romania,Romanian,Bundesliga (Event),true,false,false,true,false,false,Image pack,1500,0,1.00,0,,,,29,,Lost,,https://www.pontul-zilei.com/articole-pariuri-sportive/bundesliga-rezultate-clasament-program-si-cote-pentru-etapa-16/,,,2024-06-23 16:19:32,
lucky six,RO,Romania,English,Lucky Six (Product),true,false,false,true,false,false,Video preview,600,0,2.40,0,,,,16,,Lost,,https://www.pontul-zilei.com/articole-pariuri-sportive/lucky-six-ce-este-numere-castigatoare-unde-poti-juca/,,,2024-06-27 13:10:36,
fortuna bet verificare bilet,RO,Romania,Romanian,Fortuna Bet (Organization),true,false,true,true,false,false,"Video preview, Image pack",100,6,0.89,0,,,,16,,Lost,,https://www.pontul-zilei.com/agentie/fortuna/,,,2024-06-11 00:52:17,
fortuna bet romania,RO,Romania,Romanian,"Fortuna Bet (Organization), Romania (Location)",true,false,false,true,true,false,"Sitelinks, Image pack, Video preview",150,0,0.12,0,,,,14,,Lost,,https://www.pontul-zilei.com/agentie/fortuna/,,,2024-06-24 12:17:20,
biletul zilei zulubet,RO,Romania,Romanian,"ZuluBet (Organization), Daily Ticket (Event)",true,false,false,true,false,false,,100,32,0.31,0,,,,18,,Lost,,https://www.pontul-zilei.com/category/biletul-zilei/,,,2024-06-12 06:08:55,
loto franta keno,RO,Romania,Romanian,French Keno (Event),false,false,false,true,false,false,Image pack,3400,0,0.22,0,,,,16,,Lost,,https://www.pontul-zilei.com/articole-pariuri-sportive/franta-keno-loto-strategii-rezultate-combinatii-sfaturi/,,,2024-06-27 01:16:26,
loto kino,RO,Romania,Romanian,Grecia Kino (Event),true,false,false,true,false,false,"Image pack, Video preview",900,3,0.53,0,,,,35,,Lost,,https://www.pontul-zilei.com/articole-pariuri-sportive/loto-grecia-kino-cele-mai-bune-strategii-de-joc-ca-sa-iti-cresti-sansele-de-castig/,,,2024-06-26 15:06:26,
casa pariurilor verificare bilet,RO,Romania,Romanian,Casa Pariurilor (Organization),true,false,false,true,false,false,,2200,42,0.94,,0,,,,19,New,,,,https://www.pontul-zilei.com/agentie/casa-pariurilor/,,2026-06-17 18:15:57
superbt,RO,Romania,Romanian,Superbet (Organization),true,false,false,true,true,false,"Sitelinks, Knowledge panel, Video preview",250,11,0.53,0,,,,11,,Lost,,https://www.pontul-zilei.com/agentie/superbet/,,,2024-06-09 13:05:37,
campionate fotbal,RO,Romania,Romanian,,false,false,false,true,false,false,"Video preview, Image pack",80,3,0.59,0,,,,49,,Lost,,https://www.pontul-zilei.com/category/ponturi-pariuri/ponturi-pariuri-fotbal-alte-campionate/,,,2024-06-27 01:06:40,
mozzart loto,RO,Romania,Romanian,"Mozzart Loto (Event), Loto (Event)",true,false,false,true,false,false,"Image pack, Video preview",100,0,0.07,0,,,,27,,Lost,,https://www.pontul-zilei.com/agentie/mozzart/,,,2024-06-26 05:55:24,
verificare bilet casa pariurilor,RO,Romania,Romanian,Casa Pariurilor (Organization),true,false,true,true,false,false,,2300,43,0.92,,0,,,,15,New,,,,https://www.pontul-zilei.com/agentie/casa-pariurilor/,,2026-06-27 05:45:33
stanleybet oferta fotbal,RO,Romania,Romanian,Stanleybet (Organization),true,false,false,true,true,false,"Sitelinks, Image pack",1700,2,0.34,0,,,,14,,Lost,,https://www.pontul-zilei.com/agentie/stanleybet/,,,2024-06-27 10:47:17,
oferta fotbal,RO,Romania,Romanian,,false,false,false,true,true,false,"Top stories, Thumbnail, Video preview, Image pack",150,9,0.22,0,,,,29,,Lost,,https://www.pontul-zilei.com/articole-pariuri-sportive/mbappe-si-a-ales-masca-ce-se-intampla-la-meciul-urmator/,,,2024-06-22 00:01:30,
betano aplicatie,RO,Romania,Romanian,Betano (Organization),true,false,false,true,true,true,Video preview,200,1,2.57,0,,,,18,,Lost,,https://www.pontul-zilei.com/agentie/betano/,,,2024-06-24 01:52:01,
get s bet,RO,Romania,,Get S Bet (Organization),true,false,true,true,true,false,"Sitelinks, Video preview",900,15,0.75,,0,,,,11,New,,,,https://www.pontul-zilei.com/agentie/gets-bet/,,2026-06-09 23:37:56
win2,RO,Romania,Romanian,Win2 (Product),true,false,false,true,true,false,Sitelinks,14000,36,0.55,0,0,0,,19,15,4,,https://www.pontul-zilei.com/pariuri-online/win2-ro-challenge-joc-pentru-50-000/,,https://www.pontul-zilei.com/agentie/win2/,2024-06-27 16:21:09,2026-06-17 04:41:05
bonus superbet,RO,Romania,Romanian,Superbet (Organization),true,false,false,true,true,false,Video preview,500,60,5.25,0,0,0,,65,14,51,,https://www.pontul-zilei.com/agentie/superbet/,,https://www.pontul-zilei.com/bonusuri-cazino/bonusuri-fara-depunere/superbet-bonus-fara-depunere/,2024-06-27 09:30:03,2026-06-20 23:51:28
loto letonia,RO,Romania,Romanian,Latvian Keno (Event),true,false,false,true,false,false,,11000,0,0.22,0,0,0,,29,27,2,,https://www.pontul-zilei.com/articole-pariuri-sportive/letonia-keno-loto-strategii-rezultate-scheme-combinatii-live-sfaturi-de-la-jucatori/,,https://www.pontul-zilei.com/articole-pariuri-sportive/letonia-keno-loto-strategii-rezultate-scheme-combinatii-live-sfaturi-de-la-jucatori/,2024-06-27 17:15:55,2026-06-20 07:16:59
efortuna pariuri sportive,RO,Romania,Romanian,eFortuna (Organization),true,false,true,true,true,true,"Sitelinks, Image pack, Video preview",300,3,0.01,0,,,,12,,Lost,,https://www.pontul-zilei.com/agentie/fortuna/,,,2024-06-21 02:45:00,
superbets,RO,Romania,Romanian,Superbet (Organization),true,false,false,true,true,false,"Sitelinks, Video preview, Image pack",300,11,1.39,0,,,,13,,Lost,,https://www.pontul-zilei.com/agentie/superbet/,,,2024-06-12 08:40:30,
unibet ro,RO,Romania,Romanian,Unibet (Organization),true,true,true,true,true,false,"Sitelinks, Video preview, Image pack",14000,14,0.20,0,,,,12,,Lost,,https://www.pontul-zilei.com/agentie/unibet/,,,2024-06-27 09:39:08,
fortuna bet.ro,RO,Romania,Romanian,Fortuna (Organization),true,false,true,true,true,false,"Sitelinks, Image pack, Video preview",100,4,0.43,0,,,,12,,Lost,,https://www.pontul-zilei.com/agentie/fortuna/,,,2024-06-09 03:22:10,
netbwt,RO,Romania,Romanian,NetBet (Organization),true,false,false,true,true,false,"Sitelinks, Knowledge panel, Videos, Image pack, Video preview",150,42,1.54,0,,,,14,,Lost,,https://www.pontul-zilei.com/agentie/netbet/,,,2024-06-14 22:38:59,
real bet pariuri sportive,RO,Romania,Romanian,RealBet (Organization),true,false,true,true,true,false,"Sitelinks, Image pack, Video preview",100,0,0.87,0,,,,13,,Lost,,https://www.pontul-zilei.com/agentie/realbet/,,,2024-06-19 12:15:51,
fortuna agentie,RO,Romania,Romanian,"Fortuna (Organization), Fortuna Agency (Organization)",true,false,false,true,false,false,"Sitelinks, Image pack",90,3,0.38,0,,,,12,,Lost,,https://www.pontul-zilei.com/agentie/fortuna/,,,2024-06-22 16:56:27,
sulerbet,RO,Romania,Romanian,Superbet (Organization),true,false,false,true,true,false,"Sitelinks, Video preview, Knowledge panel",100,8,1.51,0,,,,14,,Lost,,https://www.pontul-zilei.com/agentie/superbet/,,,2024-06-09 18:43:07,
superbet.com,RO,Romania,,Superbet (Organization),true,false,true,false,true,true,"Sitelinks, Image pack, Video preview",100,1,,0,,,,14,,Lost,,https://www.pontul-zilei.com/agentie/superbet/,,,2024-06-19 11:13:41,
superbetclub,RO,Romania,Romanian,Superbet Club (Organization),true,false,false,true,true,false,Video preview,1500,56,3.38,,0,,,,15,New,,,,https://www.pontul-zilei.com/blog/superbet-club/,,2026-06-20 10:19:14
loto fortuna,RO,Romania,Romanian,Fortuna (Organization),true,false,false,true,true,true,"Sitelinks, Video preview",900,58,0.01,,0,,,,14,New,,,,https://www.pontul-zilei.com/agentie/fortuna/,,2026-06-27 07:06:52
italia keno live,RO,Romania,Romanian,Italia Keno (Event),true,false,false,true,false,false,"Image pack, Video preview",4900,2,0.22,0,,,,40,,Lost,,https://www.pontul-zilei.com/articole-pariuri-sportive/loto-italia-keno-afla-acum-cand-si-unde-poti-paria/,,,2024-06-27 02:37:09,
fortuna pariuri sportive,RO,Romania,Romanian,Fortuna (Organization),true,false,false,true,true,false,,2700,38,0.01,0,0,0,,23,18,5,,https://www.pontul-zilei.com/agentie/fortuna/,,https://www.pontul-zilei.com/agentie/fortuna/,2024-06-27 21:32:28,2026-06-22 02:14:30
franta keno 20/70,RO,Romania,Romanian,Keno 20/70 (Event),false,false,false,true,false,false,,800,13,0.25,0,0,0,,18,14,4,,https://www.pontul-zilei.com/articole-pariuri-sportive/franta-keno-loto-strategii-rezultate-combinatii-sfaturi/,,https://www.pontul-zilei.com/articole-pariuri-sportive/franta-keno-loto-strategii-rezultate-combinatii-sfaturi/,2024-06-27 10:59:02,2026-06-09 08:50:17
cont fortuna,RO,Romania,Romanian,eFortuna (Organization),true,false,true,true,true,false,"Image pack, Video preview",450,4,1.98,0,,,,27,,Lost,,https://www.pontul-zilei.com/agentie/fortuna/,,,2024-06-23 14:38:17,
netbe,RO,Romania,Romanian,NetBet (Organization),true,false,false,true,true,false,"Sitelinks, Video preview, Image pack, Knowledge panel",150,42,2.25,0,,,,14,,Lost,,https://www.pontul-zilei.com/agentie/netbet/,,,2024-06-15 22:40:16,
maini poker,RO,Romania,Romanian,,false,false,false,true,false,false,"Knowledge panel, Video preview",700,10,0.21,0,,,,40,,Lost,,https://www.pontul-zilei.com/articole-pariuri-sportive/maini-poker-stop-nu-incepe-jocul-de-poker-pana-nu-citesti-acest-articol/,,,2024-06-26 01:40:07,
ce inseamna gg,RO,Romania,Romanian,,false,false,false,true,false,false,"Featured snippet, People also ask, Video preview, Image pack",250,0,0.08,0,,,,22,,Lost,,https://www.pontul-zilei.com/articole/prescurtarea-gg-la-pariuri/,,,2024-06-11 10:49:10,
italia win for life,RO,Romania,English,"Win for Life (Event), Italy (Location)",true,false,false,true,false,false,,6400,3,0.49,0,0,0,,29,15,14,,https://www.pontul-zilei.com/articole-pariuri-sportive/win-for-life-loto-italia-strategii-rezultate-combinatii-sfaturi/,,https://www.pontul-zilei.com/articole-pariuri-sportive/win-for-life-loto-italia-strategii-rezultate-combinatii-sfaturi/,2024-06-27 23:59:59,2026-06-17 11:48:30
program casa pariurilor,RO,Romania,Romanian,Casa Pariurilor (Organization),true,false,false,true,false,false,"Image pack, Video preview",250,2,0.86,0,,,,20,,Lost,,https://www.pontul-zilei.com/agentie/casa-pariurilor/,,,2024-06-19 11:44:49,
pariuri bonus biletul zilei,RO,Romania,Romanian,,false,false,false,true,true,false,,80,64,0.91,0,0,0,,17,10,7,,https://www.pontul-zilei.com/,,https://www.pontul-zilei.com/,2024-06-26 10:36:00,2026-06-05 17:19:39
fortuna verificare bilet,RO,Romania,Romanian,Fortuna (Organization),true,false,false,true,false,false,"Video preview, Image pack",2800,5,0.91,0,,,,17,,Lost,,https://www.pontul-zilei.com/agentie/fortuna/,,,2024-06-27 16:03:45,
nr grecia kino,RO,Romania,Romanian,Grecia Kino (Event),true,false,false,true,false,false,"Image pack, Video preview",150,1,0.15,0,,,,43,,Lost,,https://www.pontul-zilei.com/articole-pariuri-sportive/loto-grecia-kino-cele-mai-bune-strategii-de-joc-ca-sa-iti-cresti-sansele-de-castig/,,,2024-06-26 05:26:52,
la liga clasament,RO,Romania,Romanian,La Liga (Event),true,false,false,true,false,false,Image pack,600,2,0.24,0,,,,47,,Lost,,https://www.pontul-zilei.com/articole-pariuri-sportive/la-liga-rezultate-clasament-program-si-cote-pentru-etapa-28/,,,2024-06-27 15:32:04,
unubet,RO,Romania,Romanian,Unibet (Organization),true,false,true,true,true,true,"Sitelinks, Knowledge panel, Image pack, Video preview",150,8,1.33,0,,,,15,,Lost,,https://www.pontul-zilei.com/agentie/unibet/,,,2024-06-14 12:25:52,
superbet lucky six,RO,Romania,English,"Superbet (Organization), Lucky Six (Event)",true,false,false,true,false,false,"Video preview, Image pack",80,0,1.31,0,,,,14,,Lost,,https://www.pontul-zilei.com/agentie/superbet/,,,2024-06-22 05:07:09,
betnet,RO,Romania,Romanian,NetBet (Organization),true,false,true,true,true,false,"Sitelinks, Knowledge panel, Video preview, Image pack",100,42,1.66,0,,,,15,,Lost,,https://www.pontul-zilei.com/agentie/netbet/,,,2024-06-18 09:16:44,
cota2.ro,RO,Romania,,,false,false,true,true,false,false,"Sitelinks, Thumbnail, Video preview, Image pack",80,2,2.58,0,,,,15,,Lost,,https://www.pontul-zilei.com/category/cota-zilei-pariuri/cota-2/,,,2024-06-10 06:45:37,
franța keno,RO,Romania,Romanian,France Keno (Event),true,false,false,true,false,false,,1700,26,0.20,0,0,0,,21,15,6,,https://www.pontul-zilei.com/articole-pariuri-sportive/franta-keno-loto-strategii-rezultate-combinatii-sfaturi/,,https://www.pontul-zilei.com/articole-pariuri-sportive/franta-keno-loto-strategii-rezultate-combinatii-sfaturi/,2024-06-27 00:17:11,2026-06-20 11:54:44
pronosport rezultate,RO,Romania,Romanian,Pronosport (Organization),true,false,true,true,false,false,Video preview,90,0,2.10,0,,,,33,,Lost,,https://www.pontul-zilei.com/category/ponturi-pariuri/ponturi-fotbal/,,,2024-06-12 13:57:49,
netb,RO,Romania,Romanian,NetBet (Organization),true,false,false,true,true,false,"Sitelinks, Knowledge panel, Video preview, Image pack",150,37,1.52,0,,,,15,,Lost,,https://www.pontul-zilei.com/agentie/netbet/,,,2024-06-18 19:14:38,
grecia kino statistici,RO,Romania,Romanian,Grecia Kino (Event),true,false,false,true,false,false,"Video preview, Image pack",150,1,,0,,,,31,,Lost,,https://www.pontul-zilei.com/articole-pariuri-sportive/loto-grecia-kino-cele-mai-bune-strategii-de-joc-ca-sa-iti-cresti-sansele-de-castig/,,,2024-06-20 01:47:15,
multi multi polonia,RO,Romania,Romanian,Multi Multi (Event),true,false,false,true,false,false,"Image pack, Video preview",1100,0,0.47,0,,,,30,,Lost,,https://www.pontul-zilei.com/articole-pariuri-sportive/multi-polonia-loto-strategii-rezultate-combinatii-sfaturi/,,,2024-06-25 11:35:59,
win2ro,RO,Romania,,Win2.ro (Organization),true,false,false,true,true,false,Sitelinks,600,38,,0,0,0,,9,16,-7,,https://www.pontul-zilei.com/pariuri-online/win2-ro-challenge-joc-pentru-50-000/,,https://www.pontul-zilei.com/agentie/win2/,2024-06-23 00:24:49,2026-06-26 02:55:06
gets bet oferta,RO,Romania,Romanian,GetsBet (Organization),true,false,false,true,true,false,Bottom ads,450,55,0.78,0,0,0,,8,15,-7,,https://www.pontul-zilei.com/agentie/gets-bet/,,https://www.pontul-zilei.com/agentie/gets-bet/,2024-06-26 02:43:07,2026-06-02 11:55:30
superbet contact,RO,Romania,English,Superbet (Organization),true,false,false,true,false,false,Video preview,2000,58,2.55,,0,,,,29,New,,,,https://www.pontul-zilei.com/blog/superbet-contact/,,2026-06-20 01:44:49
luckcasino,RO,Romania,Romanian,Luck Casino (Organization),true,false,false,true,true,false,"Top ads, Paid sitelinks, Sitelinks, Thumbnail, Image pack, Video preview, Bottom ads",350,1,1.65,0,,,,16,,Lost,,https://www.pontul-zilei.com/agentie/luck-casino/,,,2024-06-14 13:32:22,
clubsuperbet,RO,Romania,Romanian,Superbet Club (Organization),true,false,false,true,false,false,Video preview,2700,55,3.03,,0,,,,17,New,,,,https://www.pontul-zilei.com/blog/superbet-club/,,2026-06-20 07:14:38
fortuna verifica bilet,RO,Romania,Romanian,Fortuna (Organization),true,false,false,true,false,false,"Video preview, Image pack",250,5,0.91,0,,,,19,,Lost,,https://www.pontul-zilei.com/agentie/fortuna/,,,2024-06-11 06:56:47,
loto mozzart,RO,Romania,Romanian,Mozzart Bet (Organization),true,false,false,true,false,false,"Image pack, Video preview",450,0,0.01,0,,,,21,,Lost,,https://www.pontul-zilei.com/agentie/mozzart/,,,2024-06-24 09:54:24,
rezultate casa pariurilor,RO,Romania,Romanian,Casa Pariurilor (Organization),true,false,false,true,false,false,Image pack,350,17,0.83,0,,,,40,,Lost,,https://www.pontul-zilei.com/articole-pariuri-sportive/liga-2-casa-pariurilor-rezultate-clasament-program-si-cote-pentru-etapa-14/,,,2024-06-26 16:48:59,
magnumbet,RO,Romania,Romanian,Magnumbet (Organization),true,false,false,true,true,false,Sitelinks,2400,56,1.15,0,0,0,,26,17,9,,https://www.pontul-zilei.com/agentie/magnumbet/,,https://www.pontul-zilei.com/agentie/magnumbet/,2024-06-27 23:27:57,2026-06-24 17:55:27
rezultate loto grecia,RO,Romania,Romanian,"Greek Kino (Event), Greece (Location)",true,false,false,true,false,false,"Image pack, Video preview",3200,3,0.12,0,,,,32,,Lost,,https://www.pontul-zilei.com/articole-pariuri-sportive/loto-grecia-kino-cele-mai-bune-strategii-de-joc-ca-sa-iti-cresti-sansele-de-castig/,,,2024-06-27 15:49:37,
italia keno 20/90,RO,Romania,Romanian,Italia Keno 20/90 (Event),true,false,false,true,false,false,,5200,39,0.25,0,0,0,,16,15,1,Image pack,https://www.pontul-zilei.com/articole-pariuri-sportive/loto-italia-keno-afla-acum-cand-si-unde-poti-paria/,,https://www.pontul-zilei.com/articole-pariuri-sportive/loto-italia-keno-afla-acum-cand-si-unde-poti-paria/,2024-06-27 20:59:50,2026-06-16 02:20:28
betano romania,RO,Romania,Romanian,"Betano (Organization), Romania (Location)",true,false,false,true,true,false,,1700,39,2.09,0,0,0,,17,19,-2,,https://www.pontul-zilei.com/agentie/betano/,,https://www.pontul-zilei.com/agentie/betano/,2024-06-27 12:06:28,2026-06-15 13:57:28
italia 20 din 90,RO,Romania,Romanian,Italia Keno 10E (20/90) (Event),true,false,false,true,false,false,,4500,38,0.24,0,0,0,,29,15,14,Image pack,https://www.pontul-zilei.com/articole-pariuri-sportive/loto-italia-keno-afla-acum-cand-si-unde-poti-paria/,,https://www.pontul-zilei.com/articole-pariuri-sportive/loto-italia-keno-afla-acum-cand-si-unde-poti-paria/,2024-06-26 07:55:15,2026-06-26 07:58:21
casa pariurilor fortuna,RO,Romania,Romanian,"Casa Pariurilor (Organization), Fortuna (Organization)",true,false,false,true,true,false,"Sitelinks, Image pack, Video preview",100,4,0.55,0,,,,25,,Lost,,https://www.pontul-zilei.com/agentie/fortuna/,,,2024-06-10 22:39:07,
netber,RO,Romania,Romanian,NetBet (Organization),true,false,false,true,true,false,"Sitelinks, Knowledge panel, Video preview, Image pack",250,36,1.18,0,,,,16,,Lost,,https://www.pontul-zilei.com/agentie/netbet/,,,2024-06-19 17:34:34,
agentii casa pariurilor,RO,Romania,Romanian,,false,false,false,true,false,false,Sitelinks,400,15,1.34,0,0,0,,9,13,-4,,https://www.pontul-zilei.com/agentie/casa-pariurilor/,,https://www.pontul-zilei.com/agentie/casa-pariurilor/,2024-06-27 16:48:08,2026-06-16 07:07:10
hotspin,RO,Romania,Romanian,Hot Spins (Organization),true,false,false,true,true,false,Sitelinks,800,42,0.72,,0,,,,17,New,,,,https://www.pontul-zilei.com/agentie/hot-spins/,,2026-06-05 17:22:21
mozzart,RO,Romania,Romanian,Mozzart (Organization),true,false,true,true,true,false,"Sitelinks, Image pack, Video preview",15000,7,0.26,0,,,,18,,Lost,,https://www.pontul-zilei.com/agentie/mozzart/,,,2024-06-27 13:15:16,
loto kino grecia,RO,Romania,Romanian,"Greek Kino (Event), Greece (Location)",true,false,false,true,false,false,"Sitelinks, Image pack, Video preview",5000,2,0.55,0,,,,35,,Lost,,https://www.pontul-zilei.com/articole-pariuri-sportive/loto-grecia-kino-cele-mai-bune-strategii-de-joc-ca-sa-iti-cresti-sansele-de-castig/,,,2024-06-27 08:42:16,
gets bet pariuri,RO,Romania,Romanian,GetsBet (Organization),true,false,true,true,true,true,Sitelinks,800,56,1.23,0,0,0,,59,15,44,,https://www.pontul-zilei.com/pariuri-online/jurnal-euro-ziua-3-a-venit-si-primul-egal/,,https://www.pontul-zilei.com/agentie/gets-bet/,2024-06-25 16:58:34,2026-06-18 04:37:06
uniber,RO,Romania,Romanian,Unibet (Organization),true,false,false,true,true,false,"Sitelinks, Knowledge panel, Image pack, Video preview",300,8,0.14,0,,,,17,,Lost,,https://www.pontul-zilei.com/agentie/unibet/,,,2024-06-18 01:08:57,
fortuna bilet,RO,Romania,Romanian,Fortuna (Organization),true,false,false,true,true,true,"Sitelinks, Video preview",600,26,0.01,0,0,0,,13,15,-2,,https://www.pontul-zilei.com/agentie/fortuna/,,https://www.pontul-zilei.com/agentie/fortuna/,2024-06-27 16:00:37,2026-06-07 20:10:01
club.superbet,RO,Romania,,Superbet Club (Organization),true,false,false,true,false,false,Video preview,3500,48,0.60,,0,,,,18,New,,,,https://www.pontul-zilei.com/blog/superbet-club/,,2026-06-20 16:01:06
cont casa pariurilor,RO,Romania,Romanian,Casa Pariurilor (Organization),true,false,true,true,false,false,Image pack,900,24,2.70,0,,,,31,,Lost,,https://www.pontul-zilei.com/agentie/casa-pariurilor/,,,2024-06-24 13:10:01,
meciuri champions league azi,RO,Romania,Romanian,UEFA Champions League (Event),true,false,false,true,false,false,"Videos, Image pack, Video preview",600,3,1.26,0,,,,36,,Lost,,https://www.pontul-zilei.com/category/ponturi-pariuri/ponturi-pariuri-fotbal-liga-campionilor/,,,2024-06-24 04:07:12,
nerbet,RO,Romania,Romanian,NetBet (Organization),true,false,false,true,true,false,"Sitelinks, Knowledge panel, Video preview, Image pack",100,42,1.57,0,,,,17,,Lost,,https://www.pontul-zilei.com/agentie/netbet/,,,2024-06-12 02:45:17,
kino grecia rezultate,RO,Romania,Romanian,Grecia Kino (Event),true,false,false,true,false,false,Image pack,800,2,0.23,0,,,,30,,Lost,,https://www.pontul-zilei.com/articole-pariuri-sportive/loto-grecia-kino-cele-mai-bune-strategii-de-joc-ca-sa-iti-cresti-sansele-de-castig/,,,2024-06-25 04:19:08,
ce inseamna gg la pariuri,RO,Romania,Romanian,,false,false,false,true,false,false,"Featured snippet, People also ask, Image pack, Video preview",200,0,0.56,0,,,,24,,Lost,,https://www.pontul-zilei.com/articole/prescurtarea-gg-la-pariuri/,,,2024-06-10 14:55:47,
milion.ro,RO,Romania,,,false,false,true,false,false,false,"Sitelinks, Video preview",1100,52,,0,0,0,,71,18,53,,https://www.pontul-zilei.com/agentie/million/,,https://www.pontul-zilei.com/bonusuri-cazino/bonusuri-fara-depunere/million-bonus-fara-depunere/,2024-06-27 01:43:07,2026-06-11 00:00:57
loto belgia,RO,Romania,Romanian,"Belgian Lotto (Event), Belgium (Location)",true,false,false,true,false,false,"Image pack, Video preview",150,0,0.13,0,,,,31,,Lost,Image pack,https://www.pontul-zilei.com/articole-pariuri-sportive/belgia-keno-loto-strategii-rezultate-combinatii-sfaturi/,,,2024-06-26 22:27:18,
sportingbet,RO,Romania,Romanian,Sportingbet (Organization),true,false,true,false,true,true,"Sitelinks, Knowledge panel, Video preview, Image pack",17000,4,1.24,0,,,,19,,Lost,,https://www.pontul-zilei.com/agentie/sportingbet/,,,2024-06-27 01:21:33,
ponturi pariuri pro,RO,Romania,Romanian,,false,false,false,true,false,false,Sitelinks,1100,56,1.14,0,0,0,,42,17,25,,https://www.pontul-zilei.com/euro-2024/euro-2024-croatia-vs-italia/,,https://www.pontul-zilei.com/category/ponturi-pariuri/,2024-06-25 17:16:29,2026-06-12 20:48:26
vor fi,RO,Romania,Romanian,,false,false,false,true,false,false,"Video preview, Image pack",200,0,,0,,,,40,,Lost,,https://www.pontul-zilei.com/articole-pariuri-sportive/deciziile-var-vor-fi-insotite-de-explicatii-pentru-ca-fanii-sa-le-inteleaga/,,,2024-06-14 03:03:25,
superbet pariuri sportive oferta,RO,Romania,Romanian,Superbet (Organization),true,false,false,true,true,false,Sitelinks,200,4,0.41,0,,,,19,,Lost,,https://www.pontul-zilei.com/agentie/superbet/,,,2024-06-21 23:19:07,
superbet oferta fotbal,RO,Romania,Romanian,Superbet (Organization),true,false,false,true,true,false,"Sitelinks, Video preview, Image pack",3000,5,2.46,0,,,,25,,Lost,,https://www.pontul-zilei.com/agentie/superbet/,,,2024-06-27 08:55:57,
loto grecia rezultate,RO,Romania,Romanian,Grecia Kino (Event),true,false,false,true,false,false,Image pack,2500,3,0.22,0,,,,36,,Lost,,https://www.pontul-zilei.com/articole-pariuri-sportive/loto-grecia-kino-cele-mai-bune-strategii-de-joc-ca-sa-iti-cresti-sansele-de-castig/,,,2024-06-26 15:51:15,
live casa pariurilor,RO,Romania,Romanian,Casa Pariurilor (Organization),true,false,true,true,true,false,Video preview,450,37,0.82,0,,,,39,,Lost,,https://www.pontul-zilei.com/agentie/casa-pariurilor/,,,2024-06-16 12:50:10,
baumbet,RO,Romania,Romanian,Baum.bet (Organization),true,false,false,true,true,false,Sitelinks,3100,46,1.21,0,0,0,,81,19,62,,https://www.pontul-zilei.com/agentie/baumbet/,,https://www.pontul-zilei.com/agentie/baumbet/,2024-06-26 07:32:20,2026-06-14 19:55:56
slovacia keno,RO,Romania,Romanian,Slovacia Keno (Event),true,false,false,true,false,false,,11000,15,0.36,0,0,0,,33,17,16,Image pack,https://www.pontul-zilei.com/articole-pariuri-sportive/slovacia-keno-loto-strategii-rezultate-scheme-combinatii-live-sfaturi-de-la-jucatori/,,https://www.pontul-zilei.com/articole-pariuri-sportive/slovacia-keno-loto-strategii-rezultate-scheme-combinatii-live-sfaturi-de-la-jucatori/,2024-06-27 03:11:48,2026-06-21 04:18:53
winbos,RO,Romania,,WinBos (Organization),true,false,false,true,false,false,Knowledge panel,1500,0,0.95,0,0,0,,31,19,12,,https://www.pontul-zilei.com/agentie/winboss/,,https://www.pontul-zilei.com/agentie/winboss/,2024-06-25 21:13:05,2026-06-17 04:55:54
italia win for life 10/20,RO,Romania,English,"Win for Life 10/20 (Event), Italy (Location)",true,false,false,true,false,false,,1400,3,0.35,0,0,0,,19,19,,Image pack,https://www.pontul-zilei.com/articole-pariuri-sportive/win-for-life-loto-italia-strategii-rezultate-combinatii-sfaturi/,,https://www.pontul-zilei.com/articole-pariuri-sportive/win-for-life-loto-italia-strategii-rezultate-combinatii-sfaturi/,2024-06-27 04:43:00,2026-06-13 22:45:51
unibet.ro,RO,Romania,,Unibet Romania (Organization),true,false,true,true,true,false,"Sitelinks, Image pack, Video preview",2700,14,0.20,0,,,,15,,Lost,,https://www.pontul-zilei.com/agentie/unibet/,,,2024-06-27 11:16:45,
italia keno 10e loto,RO,Romania,Romanian,Italia Keno 10E (Event),true,false,false,true,false,false,"Sitelinks, Image pack",2200,0,0.21,0,,,,24,,Lost,Image pack,https://www.pontul-zilei.com/articole-pariuri-sportive/loto-italia-keno-afla-acum-cand-si-unde-poti-paria/,,,2024-06-27 00:02:27,
2win,RO,Romania,,2win (Organization),true,false,false,true,true,false,Video preview,800,33,0.63,,0,,,,19,New,,,,https://www.pontul-zilei.com/agentie/win2/,,2026-06-12 10:44:11
oferta pariuri superbet,RO,Romania,Romanian,Superbet (Organization),true,false,false,true,true,false,"Video preview, Image pack",150,19,0.47,0,,,,21,,Lost,,https://www.pontul-zilei.com/agentie/superbet/,,,2024-06-18 00:09:34,
superbet conectare,RO,Romania,Romanian,Superbet (Organization),true,false,true,false,true,true,"Sitelinks, Video preview, Image pack",700,0,0.65,0,,,,15,,Lost,,https://www.pontul-zilei.com/agentie/superbet/,,,2024-06-25 03:46:18,
stanleybet loto,RO,Romania,Romanian,Stanleybet (Organization),true,false,true,true,true,true,"Image pack, Video preview",700,1,0.04,0,,,,29,,Lost,,https://www.pontul-zilei.com/agentie/stanleybet/,,,2024-06-27 02:01:51,
grecia loto,RO,Romania,Romanian,Greece Kino (Event),true,false,false,true,false,false,"Image pack, Video preview",4600,3,0.20,0,,,,47,,Lost,,https://www.pontul-zilei.com/articole-pariuri-sportive/loto-grecia-kino-cele-mai-bune-strategii-de-joc-ca-sa-iti-cresti-sansele-de-castig/,,,2024-06-27 07:20:25,
casa pariurilor loto,RO,Romania,Romanian,"Casa Pariurilor (Organization), Loto (Event)",true,false,false,true,true,false,Sitelinks,1000,36,0.88,,0,,,,21,New,,,,https://www.pontul-zilei.com/agentie/casa-pariurilor/,,2026-06-24 12:52:33
supeebet,RO,Romania,,Supeebet (Organization),true,false,false,true,false,false,"Sitelinks, Knowledge panel, Video preview",300,12,0.53,0,,,,13,,Lost,,https://www.pontul-zilei.com/agentie/superbet/,,,2024-06-13 19:38:59,
loto italia win for life,RO,Romania,English,Win for Life (Event),true,false,false,true,false,false,"Sitelinks, Image pack",200,0,0.23,0,,,,30,,Lost,,https://www.pontul-zilei.com/articole-pariuri-sportive/win-for-life-loto-italia-strategii-rezultate-combinatii-sfaturi/,,,2024-06-26 10:21:10,
stanleybet oferta fotbal azi,RO,Romania,Romanian,Stanleybet (Organization),true,false,true,true,true,true,"Sitelinks, Image pack",200,20,0.11,0,,,,13,,Lost,,https://www.pontul-zilei.com/pariuri-online/jurnal-euro-ziua-2-surpriza-se-lasa-asteptata/,,,2024-06-16 13:35:39,
campionat olanda,RO,Romania,Romanian,"Eredivisie (Event), Netherlands (Location)",true,false,false,true,false,false,"Sitelinks, Top stories, Thumbnail, Image pack, Video preview",200,0,,0,,,,25,,Lost,,https://www.pontul-zilei.com/articole-pariuri-sportive/franta-si-olanda-depasite-de-o-alta-nationala-in-grupa-d/,,,2024-06-25 21:43:18,
italia 10e,RO,Romania,Romanian,Italia Keno 10E (Event),true,false,false,true,false,false,"Thumbnail, Image pack, Video preview",800,0,0.22,0,,,,33,,Lost,,https://www.pontul-zilei.com/articole-pariuri-sportive/loto-italia-keno-afla-acum-cand-si-unde-poti-paria/,,,2024-06-23 04:23:07,
program premier league,RO,Romania,Romanian,Premier League (Event),true,false,false,true,false,false,"Image pack, Video preview",150,2,0.39,0,,,,29,,Lost,,https://www.pontul-zilei.com/articole-pariuri-sportive/premier-league-rezultate-clasament-program-si-cote-pentru-etapa-29/,,,2024-06-26 14:41:35,
agenti fortuna,RO,Romania,Romanian,The Lucky One (Work),true,false,false,true,true,true,"Sitelinks, Image pack, Video preview",150,3,0.37,0,,,,17,,Lost,,https://www.pontul-zilei.com/agentie/fortuna/,,,2024-06-17 05:59:28,
liga campionilor rezultate,RO,Romania,Romanian,UEFA Champions League (Event),true,false,false,true,false,false,"Image pack, Video preview",90,5,0.51,0,,,,28,,Lost,,https://www.pontul-zilei.com/articole-pariuri-sportive/liga-campionilor-rezultate-clasament-program-si-cote-pentru-etapa-4/,,,2024-06-25 19:26:52,
loto 20/90,RO,Romania,Romanian,"Italy Keno 10E (20/90) (Event), 20/90 (Event)",true,false,false,true,false,false,"Image pack, Video preview",200,0,,0,,,,34,,Lost,,https://www.pontul-zilei.com/articole-pariuri-sportive/loto-italia-keno-afla-acum-cand-si-unde-poti-paria/,,,2024-06-23 07:29:58,
win for life 10/20,RO,Romania,English,Win for Life 10/20 (Event),true,false,false,true,false,false,,2900,2,0.54,0,0,0,,34,18,16,Image pack,https://www.pontul-zilei.com/articole-pariuri-sportive/win-for-life-loto-italia-strategii-rezultate-combinatii-sfaturi/,,https://www.pontul-zilei.com/articole-pariuri-sportive/win-for-life-loto-italia-strategii-rezultate-combinatii-sfaturi/,2024-06-27 10:35:49,2026-06-20 09:59:42
suport@superbet.ro,RO,Romania,,suport@superbet.ro (Location),true,false,true,true,false,false,"Sitelinks, Image pack, Video preview",200,6,,0,,,,20,,Lost,,https://www.pontul-zilei.com/agentie/superbet/,,,2024-06-17 18:26:43,
casa p,RO,Romania,Romanian,Casa Pariurilor (Organization),true,false,false,true,true,false,Sitelinks,400,2,1.46,,0,,,,19,New,,,,https://www.pontul-zilei.com/agentie/casa-pariurilor/,,2026-06-09 17:21:28
ponturi x,RO,Romania,Romanian,,false,false,false,true,false,false,"Image pack, Video preview",200,40,0.88,0,,,,27,,Lost,,https://www.pontul-zilei.com/ponturipariuri/ponturile-zilei-la-pariuri-vlad-luni-19-02-2024/,,,2024-06-18 11:29:55,
nettler,RO,Romania,,Neteller (Organization),true,false,false,true,false,false,"Top ads, Paid sitelinks, Sitelinks, Knowledge panel, Video preview",90,31,0.05,0,,,,20,,Lost,,https://www.pontul-zilei.com/articole-pariuri-sportive/neteller-nu-il-folosi-pana-nu-citesti-asta/,,,2024-06-23 12:10:16,
loto keno letonia,RO,Romania,Romanian,Latvian Keno (Event),false,false,false,true,false,false,"Sitelinks, Image pack",100,0,0.14,0,,,,25,,Lost,,https://www.pontul-zilei.com/articole-pariuri-sportive/letonia-keno-loto-strategii-rezultate-scheme-combinatii-live-sfaturi-de-la-jucatori/,,,2024-06-13 06:19:27,
totogaming.ro,RO,Romania,,TotoGaming (Organization),true,false,true,true,true,false,"Sitelinks, Video preview",600,38,0.76,0,0,0,,6,21,-15,,https://www.pontul-zilei.com/agentie/totogaming/,,https://www.pontul-zilei.com/agentie/totogaming/,2024-06-27 13:54:30,2026-06-16 20:46:10
casa pariurilor oferta fotbal azi,RO,Romania,Romanian,Casa Pariurilor (Organization),true,false,true,true,true,true,Image pack,150,26,0.31,0,,,,30,,Lost,,https://www.pontul-zilei.com/agentie/casa-pariurilor/,,,2024-06-14 18:46:55,
sporting bet,RO,Romania,English,Sportingbet (Organization),true,false,false,true,true,false,"Sitelinks, Video preview, Image pack, Knowledge panel",800,1,1.24,0,,,,33,,Lost,,https://www.pontul-zilei.com/agentie/sportingbet/,,,2024-06-27 06:28:23,
uni bet,RO,Romania,Romanian,Unibet (Organization),true,false,false,true,true,false,"Sitelinks, Knowledge panel, Image pack, Video preview",900,8,0.14,0,,,,24,,Lost,,https://www.pontul-zilei.com/agentie/unibet/,,,2024-06-27 20:04:28,
excelbet,RO,Romania,Romanian,ExcelBet (Organization),true,false,false,true,true,false,"Top ads, Paid sitelinks, Sitelinks, Video preview, Image pack, Bottom ads",23000,0,0.61,0,,,,21,,Lost,,https://www.pontul-zilei.com/agentie/excelbet/,,,2024-06-27 10:59:21,
gsp craiova,RO,Romania,Romanian,Craiova (Location),false,true,false,true,false,false,"Video preview, Image pack",150,2,0.72,0,,,,39,,Lost,,https://www.pontul-zilei.com/articole-pariuri-sportive/de-ce-nu-vor-bauza-si-baeten-la-cfr-cum-ii-ameninta-mititelu/,,,2024-06-26 07:16:18,
fortuna pariuri verificare bilet,RO,Romania,Romanian,Fortuna (Organization),true,false,true,true,false,false,"Video preview, Image pack",100,3,1.23,0,,,,21,,Lost,,https://www.pontul-zilei.com/agentie/fortuna/,,,2024-06-10 08:22:15,
superbet cont,RO,Romania,Romanian,Superbet (Organization),true,false,true,false,false,true,"Video preview, Image pack, Bottom ads, Paid sitelinks",1800,8,2.55,0,,,,19,,Lost,,https://www.pontul-zilei.com/agentie/superbet/,,,2024-06-23 11:18:51,
frf bilete,RO,Romania,Romanian,Festivalul Român de Fotbal (Event),true,false,false,false,true,true,"Sitelinks, Video preview, Image pack",1400,4,0.26,0,,,,19,,Lost,,https://www.pontul-zilei.com/articole-pariuri-sportive/surprizele-frf-pentru-suporterii-romani-care-vor-face-deplasarea-in-germania-la-euro-2024/,,,2024-06-12 19:13:51,
netbet live,RO,Romania,English,NetBet (Organization),true,false,false,true,true,false,"Video preview, Image pack",250,38,0.84,0,,,,38,,Lost,,https://www.pontul-zilei.com/agentie/netbet/,,,2024-06-24 03:43:31,
virgiliu postolachi,RO,Romania,Romanian,Virgiliu Postolachi (Person),false,false,false,true,false,false,"Thumbnail, Videos, Image pack, Video preview, Knowledge panel",150,0,,0,,,,49,,Lost,,https://www.pontul-zilei.com/articole-pariuri-sportive/virgiliu-postolachi-a-semnat-cu-o-noua-echipa/,,,2024-06-23 21:27:30,
stanleybet fotbal,RO,Romania,Romanian,Stanleybet (Organization),true,false,true,true,true,true,"Sitelinks, Image pack, Video preview",700,0,0.21,0,,,,40,,Lost,,https://www.pontul-zilei.com/agentie/stanleybet/,,,2024-06-27 23:48:09,
superbet oferta azi,RO,Romania,Romanian,Superbet (Organization),true,false,false,true,true,false,Video preview,700,6,3.59,0,,,,19,,Lost,,https://www.pontul-zilei.com/agentie/superbet/,,,2024-06-23 06:55:04,
multi polonia 20 din 80,RO,Romania,Romanian,"Multi Polonia (Event), 20 out of 80 (Event)",true,false,false,true,false,false,"Sitelinks, Image pack, Video preview",250,1,0.21,0,,,,34,,Lost,,https://www.pontul-zilei.com/articole-pariuri-sportive/multi-polonia-loto-strategii-rezultate-combinatii-sfaturi/,,,2024-06-25 00:18:38,
unibet.,RO,Romania,Romanian,Unibet (Organization),true,false,true,true,true,false,"Sitelinks, Knowledge panel, Image pack, Video preview",100,8,0.66,0,,,,22,,Lost,,https://www.pontul-zilei.com/agentie/unibet/,,,2024-06-27 08:24:30,
rezultate letonia keno,RO,Romania,Romanian,"Keno (Event), Latvia (Location)",false,true,false,true,false,false,"Sitelinks, Image pack",500,0,0.26,0,,,,24,,Lost,,https://www.pontul-zilei.com/articole-pariuri-sportive/letonia-keno-loto-strategii-rezultate-scheme-combinatii-live-sfaturi-de-la-jucatori/,,,2024-06-24 16:40:36,
dnb pariuri,RO,Romania,Romanian,,false,false,false,true,false,false,"People also ask, Image pack",150,0,0.81,0,,,,31,,Lost,,https://www.pontul-zilei.com/author/tudorache_andrei91yahoo-com/,,,2024-06-08 16:40:30,
polonia multi loto 20/80,RO,Romania,Romanian,"Polonia Multi Loto 20/80 (Event), Multi Loto (Event), 20/80 (Event)",true,false,false,true,false,false,"Sitelinks, Video preview, Image pack",1000,1,0.21,0,,,,50,,Lost,,https://www.pontul-zilei.com/articole-pariuri-sportive/multi-polonia-loto-strategii-rezultate-combinatii-sfaturi/,,,2024-06-26 18:08:46,
letonia keno,RO,Romania,Romanian,"Latvian Keno (Event), Keno (Event)",true,false,false,true,false,false,,8800,0,0.22,0,0,0,,30,24,6,,https://www.pontul-zilei.com/articole-pariuri-sportive/letonia-keno-loto-strategii-rezultate-scheme-combinatii-live-sfaturi-de-la-jucatori/,,https://www.pontul-zilei.com/articole-pariuri-sportive/letonia-keno-loto-strategii-rezultate-scheme-combinatii-live-sfaturi-de-la-jucatori/,2024-06-27 18:57:13,2026-06-26 02:25:34
biletul zilei 1x2,RO,Romania,Romanian,Daily Ticket (Event),false,false,false,true,false,false,Video preview,150,17,1.10,0,,,,47,,Lost,,https://www.pontul-zilei.com/category/biletul-zilei/,,,2024-06-11 13:19:48,
bilete pariuri,RO,Romania,Romanian,,false,false,false,true,true,true,"Top stories, Thumbnail, Video preview, Bottom ads, Paid sitelinks",250,22,0.57,0,,,,42,,Lost,,https://www.pontul-zilei.com/category/biletul-zilei/,,,2024-06-23 06:57:07,
neteller,RO,Romania,,Neteller (Organization),true,false,true,true,false,false,"Top ads, Paid sitelinks, Sitelinks, Knowledge panel, Video preview",900,31,0.05,0,,,,22,,Lost,,https://www.pontul-zilei.com/articole-pariuri-sportive/neteller-nu-il-folosi-pana-nu-citesti-asta/,,,2024-06-25 11:49:03,
efbet.ro,RO,Romania,,efbet.ro (Organization),true,false,true,true,true,false,"Sitelinks, Image pack, Video preview, Bottom ads, Paid sitelinks",2200,1,1.73,0,,,,24,,Lost,,https://www.pontul-zilei.com/agentie/efbet/,,,2024-06-26 22:17:16,
sarituri in apa,RO,Romania,Romanian,,false,false,false,true,false,false,"Video preview, Image pack",80,0,,0,,,,39,,Lost,,https://www.pontul-zilei.com/articole-pariuri-sportive/tot-ce-trebuie-sa-stii-despre-sariturile-in-apa-istoric-regulament-principalele-tipuri-de-sarituri-si-recorduri/,,,2024-06-13 22:45:43,
mozzart bet,RO,Romania,Romanian,Mozzart Bet (Organization),true,false,true,true,true,false,"Sitelinks, Video preview, Image pack",5100,9,0.41,0,,,,30,,Lost,,https://www.pontul-zilei.com/agentie/mozzart/,,,2024-06-27 13:45:50,
online pont,RO,Romania,Hungarian,,false,false,true,true,false,false,Image pack,90,0,,0,,,,42,,Lost,,https://www.pontul-zilei.com/articole-pariuri-sportive/transferul-unui-tricolor-a-fost-anuntat-chiar-dupa-victoria-cu-ucraina/,,,2024-06-19 15:45:22,
total bet,RO,Romania,English,TotalBet (Organization),true,false,true,true,true,false,"Sitelinks, Image pack, Video preview",30000,0,0.77,0,,,,29,,Lost,Image pack,https://www.pontul-zilei.com/agentie/total-bet/,,,2024-06-27 19:23:09,
pauza final,RO,Romania,Romanian,,false,false,false,true,false,false,"Video preview, Image pack",150,0,1.23,0,,,,25,,Lost,,https://www.pontul-zilei.com/category/ponturi-pariuri-pauza-final/,,,2024-06-27 07:25:07,
netbet,RO,Romania,Romanian,NetBet (Organization),true,false,true,true,true,false,"Sitelinks, Video preview, Image pack, Knowledge panel",167000,43,0.50,0,,,,26,,Lost,,https://www.pontul-zilei.com/agentie/netbet/,,,2024-06-27 02:08:39,
fotbal casa pariurilor,RO,Romania,Romanian,Casa Pariurilor (Organization),true,false,false,true,true,false,"Sitelinks, Video preview, Image pack",150,46,0.30,0,,,,37,,Lost,,https://www.pontul-zilei.com/agentie/casa-pariurilor/,,,2024-06-23 09:17:26,
winibet,RO,Romania,Romanian,Winibet (Organization),true,false,true,true,true,false,"Sitelinks, Video preview",150,8,0.86,0,,,,24,,Lost,,https://www.pontul-zilei.com/agentie/winbet/,,,2024-06-08 05:45:37,
handbal feminin program,RO,Romania,Romanian,,false,false,false,true,false,false,,200,1,,0,,,,48,,Lost,,https://www.pontul-zilei.com/articole-pariuri-sportive/final-four-champions-league-handbal-feminin-program-si-cote-la-pariuri/,,,2024-06-23 08:07:12,
lotoletonia,RO,Romania,Romanian,Letonia Keno (Event),true,false,false,true,false,false,,900,0,0.48,0,0,0,,33,25,8,,https://www.pontul-zilei.com/articole-pariuri-sportive/letonia-keno-loto-strategii-rezultate-scheme-combinatii-live-sfaturi-de-la-jucatori/,,https://www.pontul-zilei.com/articole-pariuri-sportive/letonia-keno-loto-strategii-rezultate-scheme-combinatii-live-sfaturi-de-la-jucatori/,2024-06-24 12:05:26,2026-06-22 01:51:15
unibet,RO,Romania,Romanian,Unibet (Organization),true,false,true,true,true,false,"Top ads, Paid sitelinks, Sitelinks, Knowledge panel, Image pack, Video preview",217000,9,0.14,0,,,,27,,Lost,,https://www.pontul-zilei.com/agentie/unibet/,,,2024-06-27 10:39:05,
loto italia 6/90,RO,Romania,Romanian,Loto Italia 6/90 (Event),true,false,false,true,false,false,Sitelinks,5800,0,0.24,0,,,,49,,Lost,,https://www.pontul-zilei.com/articole-pariuri-sportive/loto-italia-keno-afla-acum-cand-si-unde-poti-paria/,,,2024-06-27 01:27:11,
casa pariurilor casino,RO,Romania,Romanian,Casa Pariurilor (Organization),true,false,false,true,true,false,"Sitelinks, Image pack, Video preview, Bottom ads, Paid sitelinks",15000,1,0.89,0,,,,35,,Lost,,https://www.pontul-zilei.com/bonusuri-cazino/bonus-de-bun-venit/casa-pariurilor-bonus-de-bun-venit/,,,2024-06-27 22:29:45,
unibey,RO,Romania,Romanian,Unibet (Organization),true,false,false,true,false,false,"Sitelinks, Knowledge panel, Image pack, Video preview",200,17,0.14,0,,,,25,,Lost,,https://www.pontul-zilei.com/agentie/unibet/,,,2024-06-10 16:48:55,
efortuna.ro,RO,Romania,,efortuna.ro (Organization),true,false,true,true,true,false,Sitelinks,1400,28,0.03,0,0,0,,44,20,24,,https://www.pontul-zilei.com/agentie/fortuna/,,https://www.pontul-zilei.com/agentie/fortuna/,2024-06-27 07:33:19,2026-06-26 05:32:51
loto letonia keno,RO,Romania,Romanian,"Loto Letonia (Event), Keno (Event)",true,true,false,true,false,false,,4600,0,0.21,0,0,0,,23,28,-5,,https://www.pontul-zilei.com/articole-pariuri-sportive/letonia-keno-loto-strategii-rezultate-scheme-combinatii-live-sfaturi-de-la-jucatori/,,https://www.pontul-zilei.com/articole-pariuri-sportive/letonia-keno-loto-strategii-rezultate-scheme-combinatii-live-sfaturi-de-la-jucatori/,2024-06-27 12:25:00,2026-06-01 09:05:11
winbet.ro,RO,Romania,,Winbet.ro (Organization),true,false,true,true,true,false,"Sitelinks, Video preview",1500,8,0.28,0,,,,26,,Lost,,https://www.pontul-zilei.com/agentie/winbet/,,,2024-06-24 05:23:09,
excelbet.ro,RO,Romania,,ExcelBet (Organization),true,false,true,true,true,false,"Sitelinks, Image pack",300,0,0.67,0,,,,22,,Lost,,https://www.pontul-zilei.com/agentie/excelbet/,,,2024-06-18 16:33:08,
cont superbet,RO,Romania,Romanian,SuperBet (Organization),true,false,true,true,true,true,"Video preview, Image pack",2200,5,2.55,0,,,,28,,Lost,,https://www.pontul-zilei.com/agentie/superbet/,,,2024-06-27 09:55:01,
rezultate polonia multi,RO,Romania,Romanian,Multi Loto Polonia (Event),true,false,false,true,false,false,"Image pack, Video preview",2900,1,0.36,0,,,,47,,Lost,,https://www.pontul-zilei.com/articole-pariuri-sportive/multi-polonia-loto-strategii-rezultate-combinatii-sfaturi/,,,2024-06-27 08:06:25,
live betano,RO,Romania,English,Betano (Organization),true,false,true,false,true,true,"Sitelinks, Image pack, Video preview",150,29,1.01,0,,,,17,,Lost,,https://www.pontul-zilei.com/agentie/betano/,,,2024-06-25 18:40:27,
amfb,RO,Romania,Romanian,AMFB (Organization),true,false,false,true,false,false,"Sitelinks, Knowledge panel, Video preview",3700,0,0.44,,0,,,,27,New,,,,https://www.pontul-zilei.com/articole-pariuri-sportive/fotbalul-din-bucuresti-este-in-pericol-s-a-desfiintat-amfb/,,2026-05-29 05:17:02
netbet.,RO,Romania,Romanian,NetBet (Organization),true,false,true,true,true,false,"Sitelinks, Knowledge panel, Video preview, Image pack",150,37,1.88,0,,,,26,,Lost,,https://www.pontul-zilei.com/agentie/netbet/,,,2024-06-26 11:42:27,
888sports,RO,Romania,,888sport (Organization),true,false,false,true,false,false,"Sitelinks, Knowledge panel, Image pack",100,17,1.34,0,,,,26,,Lost,,https://www.pontul-zilei.com/agentie/888sport/,,,2024-06-19 13:24:06,
www efortuna,RO,Romania,Romanian,eFortuna (Organization),true,false,true,false,false,false,"Sitelinks, Image pack, Video preview",100,7,0.53,0,,,,32,,Lost,,https://www.pontul-zilei.com/agentie/fortuna/,,,2024-06-20 01:10:14,
pacanele.ro,RO,Romania,,,false,false,true,false,false,false,"Sitelinks, Video preview",90,73,1.07,,0,,,,26,New,,,,https://www.pontul-zilei.com/agentie/pacanele-ro/,,2026-06-05 18:04:03
winvet,RO,Romania,Romanian,Winbet (Organization),true,false,false,true,true,false,"Sitelinks, Video preview",80,7,0.11,0,,,,26,,Lost,,https://www.pontul-zilei.com/agentie/winbet/,,,2024-06-15 05:37:21,
rezultate pronosport,RO,Romania,Romanian,Pronosport (Organization),true,false,true,true,false,false,"Video preview, Image pack",200,0,,0,,,,37,,Lost,,https://www.pontul-zilei.com/category/ponturi-pariuri/ponturi-fotbal/,,,2024-06-15 17:31:36,
italia 20/90,RO,Romania,Romanian,Italia Keno 10E (20/90) (Event),true,false,false,true,false,false,"AI Overview, Thumbnail",14000,32,0.72,0,0,0,,31,29,2,,https://www.pontul-zilei.com/articole-pariuri-sportive/loto-italia-keno-afla-acum-cand-si-unde-poti-paria/,,https://www.pontul-zilei.com/articole-pariuri-sportive/loto-italia-keno-afla-acum-cand-si-unde-poti-paria/,2024-06-27 18:29:08,2026-06-22 06:56:13
10pariuri,RO,Romania,Romanian,10pariuri (Organization),true,false,true,true,false,false,Sitelinks,1500,49,1.58,,0,,,,18,New,,,,https://www.pontul-zilei.com/category/ponturi-pariuri/,,2026-06-15 01:19:11
grecia kino winner,RO,Romania,Romanian,Grecia Kino (Event),true,false,false,true,false,false,"Image pack, Video preview",500,5,0.28,0,,,,34,,Lost,Image pack,https://www.pontul-zilei.com/articole-pariuri-sportive/loto-grecia-kino-cele-mai-bune-strategii-de-joc-ca-sa-iti-cresti-sansele-de-castig/,,,2024-06-24 20:34:17,
pariuri sportive get bet,RO,Romania,Romanian,Get's Bet (Organization),true,false,true,true,true,true,Sitelinks,700,49,1.13,0,0,0,,37,18,19,,https://www.pontul-zilei.com/euro-2024/euro-2024-danemarca-vs-anglia/,,https://www.pontul-zilei.com/agentie/gets-bet/,2024-06-20 14:02:05,2026-06-20 00:01:55
betano live,RO,Romania,English,Betano (Organization),true,false,true,false,true,true,"Sitelinks, Video preview, Image pack",5300,28,0.78,0,,,,26,,Lost,,https://www.pontul-zilei.com/agentie/betano/,,,2024-06-27 00:28:43,
winboss.ro,RO,Romania,,WinBoss (Organization),true,false,true,true,false,false,"Sitelinks, Bottom ads, Paid sitelinks, Video preview",7100,38,1.26,0,0,0,,19,28,-9,,https://www.pontul-zilei.com/agentie/winboss/,,https://www.pontul-zilei.com/agentie/winboss/,2024-06-23 07:46:15,2026-06-14 20:12:32
loto.letonia,RO,Romania,Romanian,"Loto Letonia (Event), Latvia Keno (Event)",true,false,false,true,false,false,"Sitelinks, Image pack, Video preview",150,0,0.21,0,,,,27,,Lost,,https://www.pontul-zilei.com/articole-pariuri-sportive/letonia-keno-loto-strategii-rezultate-scheme-combinatii-live-sfaturi-de-la-jucatori/,,,2024-06-17 22:30:59,
publicwin,RO,Romania,,PublicWin (Organization),true,false,false,true,true,false,"Sitelinks, Video preview, Image pack",18000,0,0.83,0,,,,25,,Lost,,https://www.pontul-zilei.com/agentie/publicwin/,,,2024-06-27 17:57:50,
rezultate loto letonia,RO,Romania,Romanian,"Loto (Event), Latvia (Location)",false,false,false,true,false,false,"Sitelinks, Image pack",450,0,0.40,0,,,,30,,Lost,,https://www.pontul-zilei.com/articole-pariuri-sportive/letonia-keno-loto-strategii-rezultate-scheme-combinatii-live-sfaturi-de-la-jucatori/,,,2024-06-27 15:09:28,
suport@superbet,RO,Romania,,suport@superbet (Location),true,false,false,true,false,false,"Image pack, Video preview",80,2,,0,,,,28,,Lost,,https://www.pontul-zilei.com/agentie/superbet/,,,2024-06-08 10:34:32,
pariuri excelbet,RO,Romania,Romanian,ExcelBet (Organization),true,false,false,true,true,false,"Sitelinks, Image pack",90,0,0.55,0,,,,50,,Lost,,https://www.pontul-zilei.com/articole-pariuri-sportive/djokovic-primele-declaratii-dupa-operatie/,,,2024-06-08 23:49:07,
winbey,RO,Romania,Romanian,Winbet (Organization),true,false,true,true,true,false,"Sitelinks, Video preview",500,8,0.21,0,,,,29,,Lost,,https://www.pontul-zilei.com/agentie/winbet/,,,2024-06-10 02:49:10,
casa pariurilor rezultate,RO,Romania,Romanian,Casa Pariurilor (Organization),true,false,true,true,false,false,Image pack,500,5,0.96,0,,,,36,,Lost,,https://www.pontul-zilei.com/articole-pariuri-sportive/liga-2-casa-pariurilor-rezultate-clasament-program-si-cote-pentru-etapa-14/,,,2024-06-25 21:14:13,
888sport,RO,Romania,,888sport (Organization),true,false,true,false,true,true,"Sitelinks, Knowledge panel, Image pack, Video preview",5900,2,1.34,0,,,,30,,Lost,,https://www.pontul-zilei.com/agentie/888sport/,,,2024-06-27 15:12:27,
wimbet,RO,Romania,Romanian,Winbet (Organization),true,false,false,true,true,false,"Sitelinks, Video preview",200,6,0.22,0,,,,29,,Lost,,https://www.pontul-zilei.com/agentie/winbet/,,,2024-06-17 12:35:36,
keno letonia,RO,Romania,Romanian,"Keno (Event), Latvia (Location)",false,true,false,true,false,false,,2800,0,0.24,0,0,0,,29,30,-1,,https://www.pontul-zilei.com/articole-pariuri-sportive/letonia-keno-loto-strategii-rezultate-scheme-combinatii-live-sfaturi-de-la-jucatori/,,https://www.pontul-zilei.com/articole-pariuri-sportive/letonia-keno-loto-strategii-rezultate-scheme-combinatii-live-sfaturi-de-la-jucatori/,2024-06-23 01:48:33,2026-06-24 13:06:47
italia 10/20,RO,Romania,Romanian,"Win for Life 10/20 (Event), Italy (Location)",true,false,false,true,false,false,"Thumbnail, Image pack",3100,0,0.18,0,,,,50,,Lost,,https://www.pontul-zilei.com/articole-pariuri-sportive/win-for-life-loto-italia-strategii-rezultate-combinatii-sfaturi/,,,2024-06-26 03:04:44,
superbet.ro/superspin,RO,Romania,Romanian,"Superbet Superspin (Product), Superspin (Product)",true,false,true,true,false,false,"Sitelinks, Video preview, Image pack",100,1,1.04,0,,,,29,,Lost,,https://www.pontul-zilei.com/pariuri-online/superspin-superbet/,,,2024-06-21 14:28:33,
bilete fcsb,RO,Romania,Romanian,FCSB (Organization),true,false,true,false,true,true,"Sitelinks, Image pack, Video preview",3100,9,0.26,0,,,,47,,Lost,,https://www.pontul-zilei.com/articole-pariuri-sportive/cine-e-jucatorul-de-la-fcsb-care-va-fi-coleg-cu-un-galactic/,,,2024-06-27 21:56:48,
bilete romania spania,RO,Romania,Romanian,"Romania (Location), Spain (Location)",false,false,false,true,true,true,"Top ads, Paid sitelinks, Thumbnail, Image pack",400,1,0.04,0,,,,33,,Lost,,https://www.pontul-zilei.com/articole-pariuri-sportive/4-echipe-excluse-din-europa-din-cauza-ca-nu-au-primit-licenta/,,,2024-06-07 19:28:38,
loto slovacia 20/80,RO,Romania,Romanian,Slovacia Keno 20/80 (Event),true,false,false,true,false,false,"Sitelinks, Image pack",300,0,0.06,0,,,,49,,Lost,,https://www.pontul-zilei.com/articole-pariuri-sportive/slovacia-keno-loto-strategii-rezultate-scheme-combinatii-live-sfaturi-de-la-jucatori/,,,2024-06-16 04:41:43,
grecia.kino,RO,Romania,Romanian,Grecia Kino (Event),true,false,false,true,false,false,"Sitelinks, Image pack, Video preview",300,5,0.54,0,,,,30,,Lost,,https://www.pontul-zilei.com/pariuri-online/loteria-grecia-kino-20-80-te-asteapta-cu-extrageri-zilnice/,,,2024-06-24 23:29:46,
agentii fortuna,RO,Romania,Romanian,"Fortuna betting agency (Organization), Fortuna (Organization)",true,false,false,true,false,false,Knowledge panel,150,25,0.05,0,0,0,,13,23,-10,,https://www.pontul-zilei.com/agentie/fortuna/,,https://www.pontul-zilei.com/agentie/fortuna/,2024-06-27 23:25:03,2026-06-12 01:35:47
unibet pariuri,RO,Romania,Romanian,Unibet (Organization),true,false,true,true,true,true,"Sitelinks, Image pack",350,27,0.37,0,,,,26,,Lost,,https://www.pontul-zilei.com/agentie/unibet/,,,2024-06-20 05:07:41,
agentii efortuna,RO,Romania,Romanian,eFortuna (Organization),true,false,false,true,false,false,Sitelinks,150,1,0.01,0,,,,26,,Lost,,https://www.pontul-zilei.com/agentie/fortuna/,,,2024-06-22 04:58:19,
win2.ro,RO,Romania,,Win2.ro (Organization),true,false,true,true,false,false,"Sitelinks, Video preview",1100,9,0.59,0,0,0,,7,31,-24,,https://www.pontul-zilei.com/pariuri-online/win2-ro-challenge-joc-pentru-50-000/,,https://www.pontul-zilei.com/agentie/win2/,2024-06-27 18:07:00,2026-06-09 19:55:14
excelbet ro,RO,Romania,Romanian,Excelbet (Organization),true,false,false,true,true,false,"Sitelinks, Image pack, Video preview",200,0,1.04,0,,,,36,,Lost,,https://www.pontul-zilei.com/articole-pariuri-sportive/cristiano-ronaldo-si-pepe-au-scris-istorie-la-euro-2024/,,,2024-06-20 10:13:09,
winbet,RO,Romania,Romanian,Winbet (Organization),true,false,false,true,true,false,"Sitelinks, Video preview",328000,6,0.21,0,,,,33,,Lost,,https://www.pontul-zilei.com/agentie/winbet/,,,2024-06-27 22:49:41,
loto polonia 2,RO,Romania,Romanian,Loto Polonia Multi 2 (Event),true,false,false,true,false,false,"Sitelinks, Video preview",2900,0,0.64,0,,,,50,,Lost,,https://www.pontul-zilei.com/articole-pariuri-sportive/multi-polonia-loto-strategii-rezultate-combinatii-sfaturi/,,,2024-06-25 00:41:16,
netteler,RO,Romania,Romanian,Neteller (Organization),true,false,false,true,true,false,"Top ads, Paid sitelinks, Sitelinks, Knowledge panel, Video preview",150,42,0.05,0,,,,24,,Lost,,https://www.pontul-zilei.com/articole-pariuri-sportive/neteller-nu-il-folosi-pana-nu-citesti-asta/,,,2024-06-02 10:24:23,
excel bet,RO,Romania,Romanian,ExcelBet (Organization),true,false,false,true,true,false,"Sitelinks, Video preview, Image pack",250,0,0.61,0,,,,27,,Lost,,https://www.pontul-zilei.com/agentie/excelbet/,,,2024-06-05 07:26:50,
magnum bet,RO,Romania,Romanian,Magnum Bet (Organization),true,false,false,true,true,false,Sitelinks,5800,57,1.12,,0,,,,28,New,,,,https://www.pontul-zilei.com/agentie/magnumbet/,,2026-06-18 02:56:57
letonia keno 2,RO,Romania,Romanian,Letonia Keno 2 (Event),true,false,false,true,false,false,"Sitelinks, Image pack, Video preview",150,0,,0,,,,21,,Lost,,https://www.pontul-zilei.com/articole-pariuri-sportive/letonia-keno-loto-strategii-rezultate-scheme-combinatii-live-sfaturi-de-la-jucatori/,,,2024-06-19 21:30:21,
dayro moreno,RO,Romania,,Dayro Moreno (Person),false,false,false,true,false,false,"Thumbnail, Knowledge panel, Videos, Image pack, Video preview",300,0,,0,,,,43,,Lost,,https://www.pontul-zilei.com/articole-pariuri-sportive/ce-mai-face-dayro-moreno-fostul-atacant-al-fcsb-la-un-pas-de-a-intra-in-istorie/,,,2024-06-25 23:47:08,
win bet,RO,Romania,English,,false,false,false,true,true,false,"Sitelinks, Video preview",5100,6,0.21,0,,,,36,,Lost,,https://www.pontul-zilei.com/agentie/winbet/,,,2024-06-27 16:14:42,
sportingbet.ro,RO,Romania,,Sportingbet.ro (Organization),true,false,true,true,true,true,"Sitelinks, Image pack, Video preview, Bottom ads, Paid sitelinks",900,0,2.15,0,,,,31,,Lost,,https://www.pontul-zilei.com/agentie/sportingbet/,,,2024-06-21 07:08:44,
kino greci,RO,Romania,Romanian,Grecia Kino (Event),true,false,false,true,false,false,"Image pack, Video preview",100,5,0.22,0,,,,40,,Lost,Image pack,https://www.pontul-zilei.com/articole-pariuri-sportive/loto-grecia-kino-cele-mai-bune-strategii-de-joc-ca-sa-iti-cresti-sansele-de-castig/,,,2024-06-25 06:04:35,
fotbal.azi,RO,Romania,Romanian,,false,false,false,true,false,false,"Top stories, Thumbnail, Video preview, Image pack",100,22,0.15,0,,,,33,,Lost,,https://www.pontul-zilei.com/category/ponturi-pariuri/ponturi-fotbal/,,,2024-06-25 05:47:45,
loto italia 10/20,RO,Romania,Romanian,Win for Life 10/20 (Event),true,false,false,true,false,false,"Sitelinks, Image pack",3700,0,0.12,0,,,,48,,Lost,,https://www.pontul-zilei.com/articole-pariuri-sportive/win-for-life-loto-italia-strategii-rezultate-combinatii-sfaturi/,,,2024-06-27 09:22:07,
winnbet,RO,Romania,Romanian,Winbet (Organization),true,false,false,true,true,false,"Sitelinks, Video preview",150,6,0.21,0,,,,34,,Lost,,https://www.pontul-zilei.com/agentie/winbet/,,,2024-06-24 07:39:20,
loto letonia keno 20/62,RO,Romania,Romanian,"Letonia Keno 20/62 (Event), Keno Letonia 20/62 (Event)",true,false,false,true,false,false,"Sitelinks, Image pack",90,0,,0,,,,34,,Lost,,https://www.pontul-zilei.com/articole-pariuri-sportive/letonia-keno-loto-strategii-rezultate-scheme-combinatii-live-sfaturi-de-la-jucatori/,,,2024-06-16 18:21:14,
agentii.efortuna,RO,Romania,Romanian,eFortuna betting agencies (Location),true,false,false,true,false,false,"Sitelinks, Image pack",150,1,0.01,0,,,,23,,Lost,,https://www.pontul-zilei.com/agentie/fortuna/,,,2024-06-11 02:14:32,
handbal prosport,RO,Romania,Romanian,Prosport (Organization),true,false,false,true,false,false,"Sitelinks, Video preview",90,1,,0,,,,47,,Lost,,https://www.pontul-zilei.com/articole-pariuri-sportive/un-club-din-liga-florilor-anunta-transfer-dupa-transfer/,,,2024-06-09 04:38:45,
metbet,RO,Romania,Romanian,MetBet (Organization),true,false,true,true,true,false,"Sitelinks, Knowledge panel, Video preview, Image pack",90,42,1.60,0,,,,35,,Lost,,https://www.pontul-zilei.com/agentie/netbet/,,,2024-06-09 00:40:11,
scor corect,RO,Romania,Romanian,,false,false,false,true,false,false,Video preview,250,0,0.43,0,,,,38,,Lost,,https://www.pontul-zilei.com/articole-pariuri-sportive/scor-corect-tipuri-de-pariuri-exemple-strategii/,,,2024-06-23 13:18:50,
italia 6 90,RO,Romania,Romanian,Italy (Location),false,false,false,true,false,false,"Sitelinks, Image pack, Video preview",1100,0,0.17,0,,,,39,,Lost,,https://www.pontul-zilei.com/articole-pariuri-sportive/loto-italia-keno-afla-acum-cand-si-unde-poti-paria/,,,2024-06-26 23:52:39,
getbets,RO,Romania,,GetsBet (Organization),true,false,false,true,true,false,"Sitelinks, Video preview, Image pack, Knowledge panel",150,1,1.31,0,,,,24,,Lost,,https://www.pontul-zilei.com/agentie/gets-bet/,,,2024-06-25 02:21:57,
winforlife,RO,Romania,,Win for Life (Event),true,false,false,true,false,false,"Video preview, Image pack",100,4,0.80,0,,,,37,,Lost,,https://www.pontul-zilei.com/pariuri-online/loteria-win-for-life-10-20-te-asteapta-cu-extrageri-zilnice/,,,2024-06-11 16:11:00,
betfair,RO,Romania,,Betfair (Organization),true,false,false,true,true,false,"Sitelinks, Image pack, Video preview, Knowledge panel",13000,60,1.64,0,,,,39,,Lost,,https://www.pontul-zilei.com/agentie/betfair/,,,2024-06-27 23:47:47,
einbet,RO,Romania,Romanian,Winbet (Organization),true,false,false,true,true,false,"Sitelinks, Video preview",400,11,0.21,0,,,,38,,Lost,,https://www.pontul-zilei.com/agentie/winbet/,,,2024-06-13 19:29:40,
maxbey,RO,Romania,Romanian,MaxBet (Organization),true,false,true,true,true,false,"Sitelinks, Video preview, Image pack",200,1,1.47,0,,,,38,,Lost,,https://www.pontul-zilei.com/agentie/maxbet/,,,2024-06-26 03:10:32,
uinbet,RO,Romania,Romanian,Unibet (Organization),true,false,true,true,true,true,"Sitelinks, Image pack, Video preview, Knowledge panel",80,8,0.20,0,,,,38,,Lost,,https://www.pontul-zilei.com/agentie/unibet/,,,2024-06-05 19:19:44,
efortuna online,RO,Romania,Romanian,eFortuna (Organization),true,false,false,true,true,false,"Sitelinks, Image pack, Video preview",250,8,0.01,0,,,,36,,Lost,,https://www.pontul-zilei.com/agentie/fortuna/,,,2024-06-27 21:40:20,
favbet.ro,RO,Romania,,Favbet.ro (Organization),true,false,true,true,true,false,Sitelinks,900,39,2.84,0,0,0,,27,39,-12,,https://www.pontul-zilei.com/agentie/favbet/,,https://www.pontul-zilei.com/agentie/favbet/,2024-06-07 22:40:01,2026-06-06 10:23:01
excelent bet,RO,Romania,Romanian,ExcelBet (Organization),true,false,false,true,true,false,"Sitelinks, Video preview, Image pack",300,0,0.74,0,,,,39,,Lost,,https://www.pontul-zilei.com/agentie/excelbet/,,,2024-05-27 11:51:14,
fotbal italia serie b,RO,Romania,Romanian,"Serie B (Event), Italy (Location)",true,false,false,true,false,false,"Sitelinks, Video preview, Knowledge panel",100,0,,0,,,,30,,Lost,,https://www.pontul-zilei.com/articole-pariuri-sportive/transmisiunile-sportive-in-romania-in-sezonul-2023-24/,,,2024-06-10 19:06:47,
efortuna verificare bilet,RO,Romania,Romanian,efortuna (Organization),true,false,true,true,false,false,"Video preview, Image pack",350,8,1.06,0,,,,34,,Lost,,https://www.pontul-zilei.com/agentie/fortuna/,,,2024-06-23 18:09:19,
playercasino,RO,Romania,English,Player Casino (Organization),true,false,false,true,true,false,"Thumbnail, Video preview, Image pack",100,0,,0,,,,40,,Lost,,https://www.pontul-zilei.com/agentie/player/,,,2024-06-19 22:45:23,
superspin,RO,Romania,Romanian,SuperSpin (Event),true,false,false,true,true,false,"Sitelinks, Video preview, Image pack",1100,0,1.12,0,,,,41,,Lost,,https://www.pontul-zilei.com/pariuri-online/superspin-superbet/,,,2024-06-23 09:52:32,
rxf,RO,Romania,Romanian,RXF (Organization),true,false,false,true,true,true,"Sitelinks, Image pack, Video preview",9900,22,0.05,,0,,,,42,New,,,,https://www.pontul-zilei.com/RXF-Real-Xtreme-Fighting-Cote-Favoriti-si-Informatii-utile/,,2026-06-17 19:24:25
maxbrt,RO,Romania,Romanian,MaxBet (Organization),true,false,true,true,true,false,"Sitelinks, Image pack, Video preview, Knowledge panel",100,1,,0,,,,41,,Lost,,https://www.pontul-zilei.com/agentie/maxbet/,,,2024-06-25 00:20:09,
betano.com,RO,Romania,,betano.com (Organization),true,false,true,true,false,false,"Bottom ads, Paid sitelinks, Video preview",1300,66,1.66,0,0,0,,36,42,-6,,https://www.pontul-zilei.com/agentie/betano/,,https://www.pontul-zilei.com/agentie/betano/,2024-06-26 22:27:13,2026-06-24 16:47:17
superbet.ri,RO,Romania,Romanian,Superbet (Organization),true,false,true,false,false,false,"Sitelinks, Image pack",150,61,1.62,0,,,,42,,Lost,,https://www.pontul-zilei.com/agentie/superbet/,,,2024-06-11 11:33:30,
maxber,RO,Romania,Romanian,Maxbet (Organization),true,false,true,true,true,false,"Top ads, Paid sitelinks, Sitelinks, Knowledge panel, Image pack, Video preview",150,2,1.75,0,,,,42,,Lost,,https://www.pontul-zilei.com/agentie/maxbet/,,,2024-06-16 14:52:14,
casa pariurilor fotbal,RO,Romania,Romanian,Casa Pariurilor (Organization),true,false,true,true,true,true,"Sitelinks, Video preview, Image pack",450,28,0.63,0,,,,28,,Lost,,https://www.pontul-zilei.com/agentie/casa-pariurilor/,,,2024-06-25 12:30:55,
pariuri stanleybet,RO,Romania,Romanian,Stanleybet (Organization),true,false,false,true,true,false,"Sitelinks, Knowledge panel, Local pack, Image pack, Video preview",200,55,0.03,0,,,,47,,Lost,,https://www.pontul-zilei.com/agentie/stanleybet/,,,2024-06-18 14:12:56,
suberbet,RO,Romania,Romanian,Superbet (Organization),true,false,false,true,true,false,"Top ads, Paid sitelinks, Sitelinks, Knowledge panel, Video preview",400,8,0.53,0,,,,28,,Lost,,https://www.pontul-zilei.com/agentie/superbet/,,,2024-06-11 03:26:21,
totalbet.,RO,Romania,Romanian,TotalBet (Organization),true,false,true,false,false,false,"Sitelinks, Video preview, Image pack",100,0,,0,,,,42,,Lost,Image pack,https://www.pontul-zilei.com/agentie/total-bet/,,,2024-06-26 17:49:30,
maxbet.,RO,Romania,Romanian,Maxbet (Organization),true,false,true,true,true,false,"Sitelinks, Knowledge panel, Image pack, Video preview",150,2,,0,,,,43,,Lost,,https://www.pontul-zilei.com/agentie/maxbet/,,,2024-06-19 08:05:04,
casa pariurilor rezultate loto,RO,Romania,Romanian,Casa Pariurilor (Organization),true,false,false,true,false,false,"Sitelinks, Image pack, Video preview",100,3,0.59,0,,,,37,,Lost,,https://www.pontul-zilei.com/articole-pariuri-sportive/franta-keno-loto-strategii-rezultate-combinatii-sfaturi/,,,2024-06-13 23:48:56,
casino.netbet,RO,Romania,,NetBet Casino (Organization),true,false,true,true,true,false,"Sitelinks, Video preview",80,38,1.10,0,,,,43,,Lost,,https://www.pontul-zilei.com/agentie/netbet/,,,2024-06-12 11:38:53,
macbet,RO,Romania,Romanian,MaxBet (Organization),true,false,false,true,true,false,"Sitelinks, Image pack, Video preview, Knowledge panel",100,1,1.83,0,,,,44,,Lost,,https://www.pontul-zilei.com/agentie/maxbet/,,,2024-06-20 14:29:36,
888sport.ro,RO,Romania,,888sport.ro (Organization),true,false,true,true,true,false,"Sitelinks, Image pack, Video preview",90,37,1.86,0,,,,44,,Lost,,https://www.pontul-zilei.com/agentie/888sport/,,,2024-06-09 04:54:00,
superbet.ro/pariuri-sportive,RO,Romania,Romanian,Superbet (Organization),true,false,true,false,true,true,Bottom ads,100,10,0.83,0,,,,34,,Lost,,https://www.pontul-zilei.com/articole-pariuri-sportive/lotul-final-al-italiei-pentru-euro-2024/,,,2024-06-07 12:17:18,
rezultate franta,RO,Romania,Romanian,France (Location),false,true,false,true,false,false,"Sitelinks, Image pack, Video preview",300,0,13.49,0,,,,45,,Lost,,https://www.pontul-zilei.com/articole-pariuri-sportive/rezultate-ziua-viii-euro-2024-franta-nu-convinge/,,,2024-06-26 17:37:07,
winbe,RO,Romania,Romanian,Winbet (Organization),true,false,false,true,true,false,"Sitelinks, Video preview",100,12,1.58,0,,,,46,,Lost,,https://www.pontul-zilei.com/agentie/winbet/,,,2024-06-27 16:55:05,
loto polonia extragere,RO,Romania,Romanian,Loto Polonia (Event),true,false,false,true,false,false,"Sitelinks, Video preview, Image pack",1300,2,0.31,0,,,,44,,Lost,,https://www.pontul-zilei.com/articole-pariuri-sportive/multi-polonia-loto-strategii-rezultate-combinatii-sfaturi/,,,2024-06-24 01:35:36,
betway,RO,Romania,,Betway (Organization),true,false,true,true,true,true,"Sitelinks, Knowledge panel, Video preview",900,72,1.37,0,,,,48,,Lost,,https://www.pontul-zilei.com/articole-pariuri-sportive/betway/,,,2024-06-24 00:41:04,
mozartbet,RO,Romania,Romanian,MozzartBet (Organization),true,false,true,false,true,true,"Sitelinks, Video preview",600,8,0.41,0,,,,48,,Lost,,https://www.pontul-zilei.com/agentie/mozzart/,,,2024-06-23 20:40:25,
maxbet,RO,Romania,Romanian,Maxbet (Organization),true,false,false,true,true,false,"Sitelinks, Knowledge panel, Video preview, Image pack",165000,0,1.47,0,,,,47,,Lost,,https://www.pontul-zilei.com/agentie/maxbet/,,,2024-06-27 11:27:14,
maxbet.eo,RO,Romania,,Maxbet (Organization),true,false,true,true,true,false,"Sitelinks, Video preview, Bottom ads, Paid sitelinks",90,0,1.65,0,,,,48,,Lost,,https://www.pontul-zilei.com/agentie/maxbet/,,,2024-06-09 16:07:05,
loto.grecia,RO,Romania,Romanian,Lotto Grecia (Event),true,false,false,true,false,false,"Sitelinks, Video preview",1700,1,0.47,0,,,,49,,Lost,,https://www.pontul-zilei.com/articole-pariuri-sportive/loto-grecia-kino-cele-mai-bune-strategii-de-joc-ca-sa-iti-cresti-sansele-de-castig/,,,2024-06-25 01:51:07,
casino.luck,RO,Romania,,,false,false,false,true,true,true,"Sitelinks, Knowledge panel, Image pack, Video preview",80,1,,0,,,,48,,Lost,,https://www.pontul-zilei.com/agentie/luck-casino/,,,2024-06-23 04:26:31,
lotostats italia keno,RO,Romania,Romanian,"Lotostats (Organization), Keno (Event), Italy (Location)",true,false,false,true,false,false,"Sitelinks, Image pack",150,2,0.33,0,,,,32,,Lost,,https://www.pontul-zilei.com/articole-pariuri-sportive/loto-italia-keno-afla-acum-cand-si-unde-poti-paria/,,,2024-06-17 13:41:25,
veziaici,RO,Romania,Romanian,,false,false,true,true,false,false,"Sitelinks, Video preview, Image pack, Thumbnail",200,0,3.54,0,,,,49,,Lost,,https://www.pontul-zilei.com/articole-pariuri-sportive/a-fost-seara-romanilor-la-adana-vezi-aici-realizarile-lui-denis-dragus-si-alex-maxim-video/,,,2024-06-11 15:14:50,
superebt,RO,Romania,Romanian,Superbet (Organization),true,false,true,true,true,false,"Sitelinks, Knowledge panel, Video preview",150,21,1.50,0,,,,50,,Lost,,https://www.pontul-zilei.com/agentie/superbet/,,,2024-06-22 22:46:05,
loto casa pariurilor rezultate loto,RO,Romania,Romanian,"Casa Pariurilor (Organization), Loto (Event)",true,false,false,true,false,false,"Sitelinks, Image pack, Video preview",350,4,0.69,0,,,,47,,Lost,,https://www.pontul-zilei.com/articole-pariuri-sportive/franta-keno-loto-strategii-rezultate-combinatii-sfaturi/,,,2024-06-16 20:42:06,
getsbet.ro,RO,Romania,,GetsBet (Organization),true,false,true,true,false,false,"Sitelinks, Top stories, Image pack, Video preview",3800,1,0.60,0,,,,45,,Lost,,https://www.pontul-zilei.com/agentie/gets-bet/,,,2024-06-27 14:35:27,
oferta fotbal superbet,RO,Romania,Romanian,Superbet (Organization),true,false,false,true,true,false,"Sitelinks, Image pack, Video preview",800,19,0.58,0,,,,45,,Lost,,https://www.pontul-zilei.com/articole-pariuri-sportive/uefa-a-decis-numele-arbitrului-care-va-conduce-slovacia-romania/,,,2024-06-24 20:12:40,
netbetcasino,RO,Romania,,NetBet Casino (Organization),true,false,true,true,true,true,"Sitelinks, Video preview, Image pack",1100,37,0.62,0,,,,37,,Lost,,https://www.pontul-zilei.com/agentie/netbet/,,,2024-06-22 16:21:43,
publicwin.ro,RO,Romania,,PublicWin (Organization),true,false,true,true,false,false,"Sitelinks, Image pack",200,1,0.89,0,,,,43,,Lost,,https://www.pontul-zilei.com/agentie/publicwin/,,,2024-06-11 00:45:02,
loto grecia kino fortuna,RO,Romania,Romanian,"Fortuna (Organization), Grecia Kino (Event)",true,false,false,true,false,false,Image pack,100,4,0.15,0,,,,49,,Lost,,https://www.pontul-zilei.com/articole-pariuri-sportive/loto-grecia-kino-cele-mai-bune-strategii-de-joc-ca-sa-iti-cresti-sansele-de-castig/,,,2024-06-11 01:39:05,
efortuna ro,RO,Romania,Romanian,eFortuna (Organization),true,false,true,false,false,false,"Sitelinks, Video preview, Image pack",100,2,0.03,0,,,,46,,Lost,,https://www.pontul-zilei.com/agentie/fortuna/,,,2024-06-20 13:32:27,
loto italia 6/90 rezultate,RO,Romania,Romanian,"SuperEnalotto (Event), SuperEnalotto 6/90 (Event)",true,false,false,true,false,false,"Sitelinks, Image pack",200,0,,0,,,,47,,Lost,,https://www.pontul-zilei.com/articole-pariuri-sportive/loto-italia-keno-afla-acum-cand-si-unde-poti-paria/,,,2024-06-16 04:48:11,
betano mobil,RO,Romania,Romanian,Betano (Organization),true,false,true,true,true,true,"Video preview, Image pack, Bottom ads, Paid sitelinks",150,1,1.68,0,,,,46,,Lost,,https://www.pontul-zilei.com/agentie/betano/,,,2024-06-13 16:37:21,
unibet casino,RO,Romania,English,Unibet Casino (Organization),true,false,true,true,true,true,"Sitelinks, Image pack, Video preview",4900,33,0.28,0,,,,50,,Lost,,https://www.pontul-zilei.com/agentie/unibet/,,,2024-06-27 03:42:10,
