#,Keyword,Country,Difficulty,Volume,CPC,CPS,Parent Keyword,Last Update,SERP Features,Global volume,Traffic potential,Global traffic potential,First seen,Intents,Languages,SV trend (06-2024 - 05-2026),SV Forecasting trend (06-2026 - 06-2027),Category
1,superbet,ro,44,1670000,0.70,1.09,superbet,2026-06-21 11:58:47,"Sitelinks,Video preview",13260000,1580000,1680000,2015-09-01,"Informational,Navigational,Commercial,Transactional,Branded,Non-local",,"2059707, 1984765, 2073830, 2225970, 2029385, 1797720, 1937939, 1896620, 1803274, 1841835, 1636977, 1501428, 1220374, 1318310, 1552632, 1719418, 1778289, 1718650, 1907674, 1940211, 1813096, 1781355, 1740057, 1526858","1428312, 1506200, 1669719, 1733513, 1797635, 1713605, 1795379, 1682402, 1811780, 1780169, 1738994, 1526002, 1427579",Sports betting; Sports
2,betano,ro,31,499000,1.00,1.11,betano,2026-06-21 04:18:48,Sitelinks,35060000,467000,471000,2016-02-03,"Informational,Branded,Non-local",,"771149, 659512, 695801, 718769, 607535, 573182, 718931, 641522, 602800, 597240, 550897, 515891, 414899, 410605, 435141, 486951, 476338, 469228, 651254, 580558, 525240, 526786, 521295, 489632","510917, 469954, 457733, 473477, 513138, 506826, 599253, 524100, 527979, 509532, 504387, 472618, 494178",Sports betting
3,casa pariurilor,ro,64,304000,1.30,1.14,casa pariurilor,2026-06-21 16:59:41,"Sitelinks,Knowledge panel,Video preview",338000,346000,379000,2015-09-01,"Informational,Commercial,Branded,Non-local",Romanian,"329056, 280463, 300145, 321102, 312850, 321461, 347478, 310515, 272629, 305319, 334484, 367577, 282296, 267308, 299168, 307659, 289794, 250918, 312808, 261572, 350855, 332544, 322360, 291008","255329, 257577, 298486, 322395, 323159, 307415, 326388, 307099, 332429, 315345, 305942, 276415",Sports betting
4,fortuna,ro,59,202000,0.15,1.09,fortuna,2026-06-17 20:55:33,"Sitelinks,Local pack,Video preview",1330000,236000,241000,2015-09-01,"Informational,Non-branded,Non-local",,"224373, 218856, 227150, 234437, 228320, 200199, 224029, 195277, 192445, 220190, 186504, 221308, 190047, 193830, 192750, 194011, 217913, 181081, 212113, 194489, 220399, 220287, 213806, 190770","164233, 177032, 193817, 206010, 201110, 192904, 205024, 193828, 217753, 218080, 212018, 189438, 163277",Belief; Folklore
5,rotiri gratuite fara depunere,ro,69,72000,2.50,2.28,rotiri gratuite fara depunere,2026-06-16 13:34:16,Sitelinks,77000,62000,64000,2016-05-08,"Informational,Commercial,Non-branded,Non-local",Romanian,"43839, 41416, 50427, 51875, 55705, 62429, 79400, 78236, 83407, 80904, 70191, 63327, 56463, 61111, 76999, 73362, 75791, 75375, 80002, 78290, 78113, 74667, 71409, 70088","66734, 68334, 74726, 72389, 74818, 74402, 79029, 77317, 77139, 73694, 70436, 69114",Gambling
6,winner,ro,44,65000,0.80,1.01,winner,2026-06-17 15:51:32,"Sitelinks,Video preview",1460000,65000,66000,2015-09-01,"Informational,Non-branded,Non-local",English,"72204, 72051, 66634, 72930, 81022, 80970, 89736, 83806, 78608, 69115, 66881, 74898, 67863, 60490, 57256, 60236, 65999, 66337, 76141, 67098, 67873, 63165, 67795, 62727","54280, 59374, 60439, 62784, 65178, 65576, 75336, 66444, 67264, 62643, 67279, 62287, 53929",/Other
7,win2,ro,36,61000,0.70,,win2,2026-06-17 04:41:05,Sitelinks,71000,70000,74000,2015-09-01,"Informational,Navigational,Commercial,Transactional,Branded,Non-local",,"59768, 84075, 91268, 62229, 55476, 46463, 47735, 36889, 35016, 11868, 14460, 22726, 21402, 37667, 57748, 69973, 93291, 79708, 117359, 100228, 47770, 42500, 34676, 29364","26046, 27425, 27147, 21283, 22689, 16180, 46046, 29459, 9882, 1683, 5048, 2876, 4934",Gambling
8,casino online,ro,82,55000,3.00,1.17,cazinouri online,2026-06-28 15:50:06,,989000,29000,30000,2015-09-03,"Informational,Commercial,Transactional,Non-branded,Non-local",English,"14514, 15852, 16514, 16591, 16676, 16074, 20409, 31687, 64117, 70998, 47994, 42904, 37163, 51260, 70868, 62951, 59443, 58492, 56248, 56109, 55846, 54274, 49063, 47443","45203, 44696, 43773, 40859, 39167, 38104, 37180, 37222, 37971, 36736, 32341, 31132, 29578",Gambling
9,fortuna casino,ro,46,43000,0.40,1.24,fortuna casino,2026-06-17 11:49:23,Sitelinks,89000,40000,45000,2015-10-08,"Informational,Commercial,Branded,Non-local",English,"28957, 29788, 26692, 29811, 31793, 29380, 40429, 33853, 31178, 47103, 37303, 40455, 35570, 43507, 44711, 36030, 41688, 38609, 44324, 48709, 41739, 42526, 53118, 47961","39646, 42909, 43413, 36762, 42364, 39109, 44784, 49114, 42017, 42753, 53345, 48125, 39755",Sports betting
10,las vegas casino,ro,38,37000,0.70,0.27,lasvegas,2026-06-20 09:58:56,"Sitelinks,Video preview",66000,24000,29000,2015-09-03,"Informational,Commercial,Transactional,Non-branded,Non-local",English,"102227, 101452, 115516, 112567, 112648, 94559, 99430, 65484, 57109, 61956, 56800, 46145, 42099, 32259, 40193, 37243, 39123, 35873, 46231, 36130, 36970, 33733, 34045, 32461","33149, 31159, 36243, 38296, 39254, 36003, 46362, 36261, 37101, 33864, 34176, 32592, 33279",Lottery
11,cazinouri online,ro,82,32000,3.00,1.21,casino online romania,2026-06-16 02:34:45,Video preview,37000,46000,51000,2015-09-09,"Informational,Commercial,Transactional,Non-branded,Non-local",Romanian,"8202, 9298, 9338, 9350, 9925, 8858, 11008, 19815, 59623, 25591, 28828, 27222, 21124, 24020, 34949, 34064, 32240, 32585, 33638, 34934, 39505, 36270, 36835, 37837","37770, 38120, 39762, 40159, 40773, 41118, 42171, 43467, 48037, 44803, 45368, 46370",Gambling
12,fortuna palace,ro,42,30000,0.60,0.97,fortuna palace,2026-06-28 16:21:41,"Sitelinks,Video preview",32000,11000,12000,2015-09-25,"Informational,Navigational,Commercial,Transactional,Branded,Non-local",,"17, 26, 39, 105, 86, 18, 2739, 12414, 14587, 14958, 13138, 10611, 27973, 43439, 32137, 33424, 38382, 35040, 35848, 29898, 20027, 20027, 20027, 20027","20027, 20027, 20027, 20027, 20027, 20027, 20027, 20027, 20027, 20027, 20027, 20027, 20027",Gambling
13,casino,ro,82,24000,2.50,0.56,betano casino,2026-06-23 06:26:14,"Top ads,Paid sitelinks,Bottom ads,Video preview",1800000,30000,31000,2015-09-01,"Informational,Commercial,Transactional,Non-branded,Non-local",English,"13242, 14121, 14547, 15652, 15064, 14489, 17878, 17390, 22400, 26891, 21842, 19044, 17612, 21603, 24691, 24980, 24700, 24702, 27010, 25313, 25947, 26117, 23838, 23989","24142, 25870, 26388, 26187, 25907, 25910, 28217, 26521, 27154, 27324, 25046, 25196, 25350",Gambling
14,efortuna,ro,55,23000,0.15,1.07,efortuna.ro,2026-06-22 00:57:46,Video preview,107000,4700,4700,2015-09-02,"Informational,Navigational,Commercial,Branded,Non-local",Romanian,"24381, 23038, 21889, 24929, 25103, 24991, 27988, 24149, 22089, 26366, 20966, 24102, 20128, 22349, 25040, 24909, 27165, 21503, 22495, 22642, 21109, 22420, 21954, 19427","17011, 18537, 20966, 22184, 21730, 20855, 21189, 19139, 21063, 20737, 20389, 18111",Sports betting
15,casino online romania,ro,81,21000,3.00,1.5,cazinouri online,2026-06-24 11:16:58,,27000,31000,32000,2015-10-10,"Informational,Commercial,Transactional,Non-branded,Non-local",Romanian,"5444, 6648, 5191, 6703, 6206, 6436, 6934, 17068, 15139, 21381, 21045, 20585, 16649, 19249, 19219, 19695, 20011, 20313, 21248, 22156, 21271, 22543, 22370, 22629","22871, 23135, 23418, 23895, 24211, 24512, 25448, 26356, 25471, 26743, 26570, 26828, 27070",Gambling
16,betano ro,ro,65,18000,1.10,,betano casino,2026-06-28 13:57:11,,23000,33000,34000,2016-04-26,"Informational,Navigational,Commercial,Transactional,Branded,Non-local",,"21937, 24494, 22440, 20007, 15976, 13288, 15509, 11031, 11252, 9319, 7802, 8783, 8098, 7709, 9161, 17005, 17434, 17853, 25936, 23663, 21812, 21665, 22028, 23258","23676, 24709, 23336, 23892, 24545, 25260, 27598, 24980, 23128, 22982, 23345, 24575, 24993",Sports betting
17,rotiri gratuite,ro,71,15000,2.50,1.48,rotiri gratuite fara depunere,2026-06-21 10:43:50,,16000,47000,48000,2015-11-29,"Informational,Commercial,Transactional,Non-branded,Non-local",Romanian,"10045, 10401, 12947, 13154, 14659, 16740, 18181, 19773, 19706, 19757, 16386, 13161, 12490, 14731, 14499, 14483, 14926, 15155, 15552, 15978, 15453, 15122, 14831, 14666","14259, 13982, 14162, 14165, 14594, 14836, 15223, 15657, 15127, 14802, 14507, 14346, 13937",Gambling
18,pacanele,ro,76,15000,0.90,1.31,pacanele gratis,2026-06-28 08:43:51,Video preview,17000,5400,5500,2015-09-01,"Informational,Commercial,Transactional,Non-branded,Non-local",Romanian,"12741, 9727, 11460, 14593, 14183, 15400, 15935, 16860, 17119, 17142, 14746, 15351, 13093, 11838, 11715, 14132, 14076, 15314, 15866, 16804, 17074, 17106, 14716, 15328","13075, 11822, 11702, 14122, 14068, 15308, 15861, 16800, 17071, 17103, 14714, 15326, 13073",Lottery
19,casino bonus fara depunere,ro,66,14000,2.00,,bonus fara depunere,2026-06-24 21:15:14,,15000,128000,131000,2015-09-04,"Informational,Commercial,Non-branded,Non-local",Romanian,"3670, 4540, 4718, 5269, 5064, 5484, 6293, 9981, 21005, 19952, 11055, 9862, 8349, 9434, 12784, 14794, 13932, 13069, 17518, 16381, 16035, 15446, 13231, 12735","11469, 11348, 10616, 10228, 9606, 9029, 8980, 8842, 9476, 8761, 7219, 6767, 5990",Gambling
20,casa pariurilor casino,ro,59,14000,0.90,1.03,casa pariurilor,2026-06-17 09:16:32,,18000,347000,379000,2016-12-03,"Navigational,Commercial,Transactional,Branded,Non-local",Romanian,"14519, 11949, 11305, 14463, 13055, 12071, 16246, 13017, 11638, 14511, 16834, 17028, 14397, 14775, 14089, 14206, 14331, 14515, 16484, 14817, 14334, 13626, 13058, 12915","12719, 12441, 11724, 11985, 12053, 12337, 14282, 12688, 12201, 11548, 10989, 10890, 10710",Sports betting
21,rotiri gratuite fara depunere 2025,ro,67,14000,1.90,,bonus fara depunere,2026-06-22 12:08:06,Sitelinks,14000,130000,133000,2024-11-03,"Informational,Commercial,Non-branded,Non-local",Romanian,"0, 0, 0, 0, 10, 41, 118, 12516, 14733, 12966, 13398, 11076, 11360, 12884, 15726, 18745, 22889, 19038, 21781, 10641, 4963, 9415, 8002, 6802","5782, 4914, 4177, 3551, 3018, 2565, 2181, 2098, 2098, 2098, 2098, 2098, 2098",Lottery
22,rotiri fara depunere,ro,72,13000,2.50,,rotiri gratuite fara depunere,2026-06-27 09:51:28,,14000,29000,29000,2019-07-22,"Informational,Commercial,Non-branded,Non-local",Romanian,"7471, 7857, 9631, 9889, 11256, 13879, 14628, 17681, 15347, 15131, 12423, 11201, 9251, 10720, 12648, 13216, 16026, 14001, 16396, 15202, 12717, 12453, 11321, 11942","11437, 12402, 13320, 13365, 14825, 13988, 14426, 15210, 12724, 12459, 11325, 11946",Gambling
23,betano casino,ro,76,13000,1.30,0.95,betano casino,2026-06-20 23:17:20,Sitelinks,162000,30000,31000,2016-05-27,"Informational,Commercial,Branded,Non-local",English,"17125, 16464, 17727, 19898, 16333, 17537, 23506, 17333, 16515, 13329, 13518, 13522, 12276, 13302, 11312, 11091, 11676, 11600, 15517, 13440, 12214, 11939, 11861, 11698","11984, 11142, 9474, 9308, 9890, 9857, 13780, 11737, 10522, 10276, 10214",Casino games
24,casa,ro,25,13000,0.04,0.76,casa pariurilor,2026-06-24 18:56:44,"Sitelinks,Video preview,Image pack",1380000,347000,379000,2015-09-01,"Informational,Non-branded,Non-local","Spanish,Italian,Portuguese","11490, 15135, 12712, 12980, 11932, 11091, 10910, 11642, 11049, 10963, 10589, 10642, 10455, 13981, 14767, 13502, 13127, 12698, 13225, 12434, 12135, 11905, 11869, 12301","11761, 12980, 14779, 13513, 13137, 12707, 13233, 12441, 12141, 11911, 11875, 12306, 11766",/Other
25,superbet casino,ro,61,13000,0.80,1.33,superbet casino,2026-06-16 23:21:19,Sitelinks,36000,14000,18000,2015-12-20,"Informational,Navigational,Commercial,Transactional,Branded,Non-local",English,"13475, 13005, 12996, 15298, 15728, 13442, 16895, 14691, 14331, 14023, 13104, 11341, 10492, 10875, 11293, 12425, 13076, 13084, 16148, 13375, 13456, 12890, 11721, 11358","10882, 10981, 11406, 12538, 13189, 13197, 16261, 13488, 13568, 13003, 11833, 11471, 10995",Gambling
26,casino fara depunere,ro,73,13000,1.60,,bonus fara depunere,2026-06-17 18:23:42,,14000,135000,138000,2015-10-15,"Informational,Commercial,Transactional,Non-branded,Non-local",Romanian,"2838, 3273, 3822, 4308, 4612, 5021, 5887, 8972, 18216, 18425, 10861, 9481, 8103, 9124, 13112, 14794, 14724, 13651, 15010, 14529, 14291, 13828, 12075, 11449","10435, 10293, 9782, 9373, 8880, 8419, 8229, 8137, 8576, 8100, 6830, 6292, 5642",Gambling
27,cazinouri noi,ro,77,11000,1.00,,cazinouri online,2026-06-22 01:42:43,,12000,32000,33000,2020-03-07,"Informational,Commercial,Non-branded,Non-local",Romanian,"383, 1641, 1641, 2088, 3108, 3882, 4668, 7262, 15889, 16209, 8845, 8669, 7143, 9021, 11093, 11098, 16085, 13514, 11449, 11641, 11335, 10709, 8920, 8470","7506, 7556, 6960, 6592, 6575, 5676, 5276, 5163, 5739, 5155, 3978, 3679, 3164",Gambling
28,fortuna bet,ro,52,11000,0.09,1.09,efortuna.ro,2026-06-21 04:14:33,,14000,4900,4900,2015-09-02,"Informational,Navigational,Commercial,Branded,Non-local",,"8342, 6919, 8499, 8528, 9346, 9305, 9242, 9347, 8366, 9302, 6948, 6312, 5476, 5575, 6628, 8949, 11552, 11304, 10676, 10519, 12374, 16176, 15196, 13514","8292, 5234, 5821, 8216, 10780, 10582, 9933, 9811, 11657, 15484, 14502, 12839, 7619",Sports betting
29,betfair,ro,74,10000,1.60,1.07,betfair,2026-06-27 12:26:32,Sitelinks,1660000,11000,11000,2015-09-01,"Informational,Commercial,Branded,Non-local",,"13211, 12334, 11647, 11906, 12116, 11695, 10781, 10813, 13402, 10601, 11674, 9927, 9255, 9878, 11183, 10838, 11288, 10090, 10732, 10279, 11236, 10211, 10516, 9176","10360, 9529, 11121, 10787, 11247, 10058, 10706, 10257, 11218, 10197, 10505, 9167",Sports betting
30,publicwin,ro,53,9400,1.00,1.09,publicwin casino,2026-06-20 03:19:06,,12000,80,1500,2017-01-30,"Informational,Navigational,Commercial,Transactional,Branded,Non-local",Romanian,"18120, 22872, 21329, 22686, 18709, 19439, 22929, 15676, 10005, 8553, 11601, 9089, 9034, 11067, 13212, 13191, 9519, 8745, 9798, 6915, 6565, 7582, 9688, 7974","7484, 6772, 9521, 9838, 6117, 5583, 6648, 3946, 3640, 4799, 6967, 5370, 4949",Sports betting
31,cazinouri online noi,ro,68,9200,1.50,,cazinouri online,2026-06-22 12:07:32,Sitelinks,9700,30000,31000,2018-11-29,"Informational,Commercial,Transactional,Non-branded,Non-local",Romanian,"229, 714, 865, 894, 395, 1306, 507, 4481, 10254, 12608, 6843, 6751, 5396, 5824, 8601, 10228, 10453, 8852, 10432, 10302, 10563, 10567, 9638, 9391","8927, 8987, 8843, 8584, 8276, 8086, 7849, 8020, 8426, 8396, 7571, 7319, 6934",Gambling
32,casino online nou,ro,73,9000,2.00,,cazinouri online,2026-06-21 22:00:12,,9500,32000,33000,2020-01-27,"Informational,Commercial,Transactional,Non-branded,Non-local",Romanian,"865, 1342, 1360, 1650, 2057, 2510, 3168, 5933, 12888, 13568, 8891, 7318, 5935, 7491, 9268, 11047, 11249, 11124, 9357, 8910, 9613, 8764, 8103, 7251","6842, 6681, 6415, 5976, 5721, 5357, 5131, 5088, 5518, 5211, 4463, 3982, 3585",Gambling
33,cazino,ro,82,8900,2.50,0.51,casino online romania,2026-06-17 14:43:16,Knowledge panel,26000,46000,51000,2015-09-02,"Informational,Commercial,Transactional,Branded,Non-local",Romanian,"5008, 5583, 5794, 5100, 5180, 5530, 6584, 7543, 10730, 11649, 8573, 8840, 7635, 8192, 10964, 8443, 7806, 7720, 8774, 8927, 10276, 10022, 9217, 8992","9182, 12130, 12861, 9883, 9119, 9001, 10209, 10368, 11912, 11597, 10647, 10369",Gambling
34,superbet.ro,ro,68,8800,1.30,1.11,superbet oferta,2026-06-20 17:33:40,Video preview,10000,57000,65000,2015-09-01,"Navigational,Branded,Non-local",,"7407, 7600, 8517, 10421, 9565, 8752, 8788, 9628, 9093, 9194, 9059, 7803, 7413, 7605, 8522, 10426, 9569, 8755, 8791, 9630, 9095, 9196, 9060, 7804","7414, 7606, 8523, 10426, 9569, 8756, 8791, 9630, 9095, 9196, 9060, 7804",Sports betting
35,cazinouri noi romania,ro,60,8800,1.20,,cazinouri online,2026-06-22 03:36:27,Sitelinks,9400,64000,69000,2021-04-26,"Informational,Commercial,Transactional,Non-branded,Non-local",Romanian,"834, 1269, 1586, 1573, 1881, 2368, 3505, 6516, 11973, 12364, 6745, 8151, 6502, 8290, 8642, 8471, 10281, 10127, 8637, 10549, 12545, 8879, 4058, 8817","6570, 8991, 8119, 7608, 9107, 8092, 7479, 10951, 12947, 9281, 4459, 9219, 6972",Gambling
36,bonus casino fara depunere,ro,66,8700,2.50,,bonus fara depunere,2026-06-27 20:19:18,Sitelinks,9400,128000,131000,2015-10-20,"Informational,Commercial,Non-branded,Non-local",Romanian,"2850, 3164, 3406, 3813, 3787, 3936, 4476, 7099, 15903, 15306, 8362, 7452, 6607, 7224, 10062, 11695, 11479, 10616, 11550, 11095, 7144, 6533, 4992, 5434","5656, 6552, 6243, 5978, 5412, 5017, 4929, 4849, 5409, 4580, 3474, 3312, 2783",Gambling
37,cazino online,ro,82,8700,3.00,1.08,cazinouri online,2026-06-20 13:23:56,"Top ads,Paid sitelinks,Bottom ads,Video preview",12000,52000,57000,2015-09-02,"Commercial,Transactional,Non-branded,Non-local",Romanian,"4152, 4198, 4251, 4586, 4517, 4451, 5293, 6877, 9418, 11145, 7107, 7089, 5656, 7314, 7612, 9014, 9327, 9172, 10587, 9579, 9109, 10067, 8729, 8469","8100, 8538, 11123, 10002, 10715, 9855, 9514, 9844, 9310, 10244, 8851, 8564, 8172",Gambling
38,bonus casino,ro,78,8400,4.00,1.03,888,2026-06-21 13:17:31,Sitelinks,35000,89000,94000,2015-09-01,"Informational,Commercial,Transactional,Non-branded,Non-local",English,"1523, 1516, 1574, 1411, 1997, 2396, 2346, 1803, 12133, 14486, 9518, 8046, 6515, 8458, 8600, 9915, 11662, 9762, 8299, 8210, 8561, 8118, 6823, 6321","5641, 5549, 5053, 4834, 4684, 4122, 3764, 3531, 4446, 4091, 3200, 2838, 2463",Gambling
39,cazinouri fara depunere,ro,70,8400,1.30,,bonus fara depunere,2026-06-21 17:38:13,Bottom ads,8800,130000,133000,2016-01-16,"Informational,Commercial,Transactional,Non-branded,Non-local",Romanian,"1498, 1788, 2293, 2268, 2323, 2860, 3405, 7315, 13258, 13717, 8795, 8721, 6029, 7461, 9062, 10873, 11242, 11051, 9310, 13524, 10703, 1978, 4026, 5315","4814, 4789, 4963, 5548, 5590, 5839, 5779, 7227, 7230, 8144, 6919, 5829, 5276",Gambling
40,cazinou,ro,78,8300,2.00,0.57,cazinouri online,2026-06-26 02:25:21,Video preview,9200,31000,34000,2015-09-01,"Informational,Commercial,Transactional,Non-branded,Non-local",Romanian,"2060, 2057, 2337, 2154, 2269, 1957, 3093, 4700, 7166, 7538, 2186, 5218, 2381, 2739, 7402, 6998, 8127, 5981, 5795, 7582, 26757, 18368, 3285, 3640","9563, 10597, 15764, 15213, 16264, 13978, 14011, 16242, 35397, 24626, 13932, 17499, 14770",Gambling
41,cazinouri online romania,ro,83,8200,2.00,,cazinouri online,2026-06-27 09:46:36,Sitelinks,10000,68000,73000,2016-01-02,"Informational,Commercial,Transactional,Non-branded,Non-local",Romanian,"1805, 2256, 2245, 2339, 3385, 2819, 2744, 5250, 11960, 12302, 7971, 2220, 6338, 6792, 8242, 9773, 10024, 9952, 10023, 12022, 9356, 6382, 3722, 5664","5536, 5494, 5270, 5293, 4962, 4712, 4526, 4663, 4924, 4721, 4145, 3402, 3560",Gambling
42,rez live,ro,49,8100,1.90,1.03,scoruri live,2026-06-26 05:47:06,Video preview,10000,28000,52000,2015-09-01,"Informational,Non-branded,Non-local",Romanian,"6405, 6249, 7485, 7162, 7389, 6958, 6948, 7709, 8578, 6890, 6892, 5699, 4245, 4664, 7940, 8174, 11945, 10423, 9846, 9102, 10493, 7084, 7688, 5928","3538, 4316, 7578, 7811, 11582, 10061, 9484, 8740, 10131, 6722, 7326, 5565",Statistics
43,casino nou romania,ro,74,8000,1.20,,cazinouri online,2026-06-21 17:36:38,Sitelinks,8500,30000,31000,2020-06-21,"Informational,Commercial,Transactional,Non-branded,Non-local",Romanian,"854, 1260, 502, 415, 485, 1871, 642, 4426, 11978, 12437, 6673, 7938, 6448, 6760, 8403, 9875, 10124, 10032, 9960, 10283, 8046, 6594, 3255, 6697","6530, 6992, 7186, 7174, 6826, 6650, 6129, 6714, 6988, 6382, 5502, 6594, 6443",Gambling
44,superbet login,ro,58,7700,1.00,,cont superbet,2026-06-18 03:01:42,,162000,7100,7400,2015-12-31,"Navigational,Transactional,Branded,Non-local",English,"4388, 5175, 3674, 5370, 5448, 6491, 6562, 6550, 5336, 6635, 5510, 5435, 5242, 5440, 6610, 7975, 8245, 9293, 9956, 9880, 9121, 9719, 9349, 8116","8202, 8447, 7902, 8365, 8500, 9558, 10072, 10094, 9278, 9854, 9453",Sports betting
45,jocuri cazino,ro,82,7400,2.00,1.27,cazinouri online,2026-06-28 10:28:33,,8400,12000,13000,2015-09-08,"Informational,Commercial,Transactional,Non-branded,Non-local",Romanian,"964, 945, 983, 990, 987, 1728, 2169, 3918, 7869, 12814, 8459, 8559, 8063, 7395, 7604, 8664, 8669, 8672, 8661, 10429, 8140, 5565, 2685, 4730","4021, 3937, 4387, 4758, 4651, 4819, 4938, 5524, 4910, 4971, 3308, 3985, 3777",Lottery
46,online casino,ro,83,7100,3.00,1.27,casino online,2026-06-27 20:15:32,,1830000,13000,13000,2015-09-03,"Informational,Commercial,Transactional,Non-branded,Non-local",English,"3518, 3497, 2014, 2275, 2133, 2142, 5074, 9309, 11882, 16608, 9237, 7557, 6007, 6503, 6802, 7939, 8124, 6886, 6863, 7156, 7134, 7501, 6190, 6642","6730, 7188, 7429, 7500, 6981, 6625, 6852, 7155, 7134, 7501, 6189, 6642",Gambling
47,casino rotiri gratuite,ro,72,7100,2.50,,rotiri gratuite fara depunere,2026-06-20 19:18:42,Sitelinks,7800,47000,48000,2017-06-03,"Informational,Commercial,Transactional,Non-branded,Non-local",Romanian,"848, 964, 1539, 1680, 1875, 2316, 2352, 6593, 10671, 12822, 8211, 8270, 6649, 6931, 8380, 8445, 10221, 8537, 8533, 10382, 9580, 1671, 2582, 2981","1555, 2297, 1686, 1986, 1659, 1647, 1356, 2225, 2018, 1443, 1022, 1346, 792",Gambling
48,super bet,ro,55,7100,1.00,1.16,superbet,2026-06-17 14:08:20,Sitelinks,1380000,1550000,1620000,2015-09-01,"Navigational,Commercial,Transactional,Branded,Non-local",English,"4201, 7980, 8365, 8058, 6729, 6293, 6137, 6899, 7710, 8077, 6862, 6241, 6361, 7639, 8351, 8047, 6721, 6287, 6133, 6895, 7706, 8074, 6859, 6240","6359, 7637, 8350, 8046, 6721, 6287, 6132, 6895, 7706, 8074, 6859, 6240, 6359",Sports betting
49,top cazinouri online,ro,72,6800,3.00,,cazinouri online,2026-06-28 19:52:19,,7900,4400,4400,2016-07-23,"Informational,Commercial,Transactional,Non-branded,Non-local",Romanian,"913, 928, 1069, 1180, 1461, 1763, 1442, 3926, 12491, 11010, 6916, 6893, 4743, 5965, 7291, 7344, 8951, 7439, 7350, 7571, 7250, 6978, 5711, 5486","4645, 4628, 4182, 3851, 3509, 3245, 2938, 2938, 3587, 3113, 2470, 2221, 1797",Gambling
50,cazino romania,ro,82,6800,4.50,,cazinouri online,2026-06-22 00:58:53,,7600,63000,68000,2015-10-24,"Informational,Commercial,Branded,Non-local",Romanian,"603, 499, 519, 520, 511, 981, 1571, 4080, 7188, 13318, 7328, 6226, 5076, 6585, 6676, 7617, 8918, 6216, 6206, 6489, 6702, 7181, 6468, 6238","6048, 6140, 6033, 5909, 5804, 5661, 5653, 5854, 6068, 6556, 5845",Gambling
51,superbet demo,ro,18,6700,0.30,,superbet demo,2026-06-16 23:15:53,Video preview,7300,2900,2900,2018-01-26,"Informational,Branded,Non-local",English,"6619, 4690, 5482, 8042, 7671, 7200, 7464, 8115, 7769, 7568, 6990, 7336, 6891, 6328, 7146, 7431, 6475, 6021, 6286, 6937, 6591, 6390, 5811, 6157","5712, 5149, 5967, 6253, 5297, 4843, 5107, 5758, 5412, 5211, 4633",Gambling
52,casino online bonus fara depunere,ro,72,6600,1.60,,bonus fara depunere,2026-06-17 16:39:31,,7400,135000,138000,2016-01-19,"Informational,Commercial,Non-branded,Non-local",Romanian,"693, 841, 849, 1026, 1018, 1677, 1984, 4386, 8422, 12039, 6613, 5567, 4552, 6882, 6126, 8111, 8016, 6688, 6728, 6345, 6647, 6938, 6169, 6656","6849, 7445, 7361, 7454, 7288, 7006, 6905, 6527, 6828, 7120, 6350, 6837",Casino games; Gambling
53,winner casino,ro,71,6600,0.70,,winner,2026-06-28 04:21:25,"Sitelinks,Bottom ads",57000,69000,70000,2015-09-11,"Informational,Navigational,Branded,Non-local",English,"5653, 5674, 5966, 6542, 6628, 8328, 11439, 8013, 4666, 5273, 5809, 5117, 5615, 5642, 5941, 6521, 6611, 8315, 11428, 8004, 4659, 5267, 5804, 5114","5611, 5640, 5939, 6520, 6610, 8314, 11427, 8003, 4658, 5267, 5804",Gambling
54,top casino online,ro,65,6600,4.50,,top cazinouri online,2026-06-20 19:16:16,Sitelinks,17000,17000,18000,2015-09-03,"Informational,Commercial,Non-branded,Non-local",English,"1217, 1224, 977, 992, 1247, 1365, 1658, 4316, 11827, 11994, 6449, 6454, 4407, 5385, 6664, 7990, 8268, 6849, 6844, 6573, 7151, 6023, 4935, 4837","4119, 4235, 3862, 3831, 3334, 3035, 2815, 3106, 3747, 2995, 2026",Casino games; Gambling
55,cazinouri,ro,80,6500,2.50,0.6,cazinouri online,2026-06-23 12:17:35,,7200,8700,12000,2015-09-02,"Informational,Commercial,Non-branded,Non-local",Romanian,"1008, 1016, 1027, 1029, 1050, 1239, 1571, 3668, 10126, 10532, 5819, 5725, 4641, 5685, 6994, 7078, 8596, 7228, 7168, 6921, 6901, 6412, 5387, 4863","4351, 4189, 3947, 3485, 3319, 2982, 2854, 2905, 3309, 2973, 2234, 1900, 1626",Gambling
56,jocuri casino online gratis,ro,73,6300,1.00,1.71,pacanele gratis,2026-06-28 06:46:56,,7300,30000,32000,2015-09-28,"Informational,Commercial,Non-branded,Non-local",Romanian,"888, 882, 884, 901, 1045, 1349, 1672, 4592, 7611, 10937, 6902, 6913, 5611, 5881, 7016, 8358, 8500, 7241, 7320, 8741, 6659, 4456, 2161, 3788","3219, 2737, 3065, 3374, 3179, 2880, 3515, 4803, 3843, 3741, 1400, 2807, 2080",Lottery
57,casino online fara depunere,ro,71,6200,1.60,,bonus fara depunere,2026-06-27 12:36:30,Sitelinks,6800,128000,131000,2015-10-23,"Informational,Commercial,Non-branded,Non-local",Romanian,"698, 837, 864, 981, 968, 2163, 2698, 5474, 7441, 10473, 6796, 6743, 5473, 6039, 6289, 8298, 8217, 6731, 6734, 8273, 6317, 4999, 2388, 4537","4023, 3873, 3527, 3645, 4414, 4724, 4681, 6135, 5895, 6803, 5658, 5104, 4520",Gambling
58,lista cazinouri online romania,ro,62,6200,1.10,,lista cazinouri online romania,2026-06-23 12:11:28,,6700,5900,6300,2017-11-30,"Informational,Commercial,Non-branded,Non-local",Romanian,"882, 1020, 1311, 527, 1888, 531, 1950, 5413, 10326, 10823, 8124, 6825, 5500, 6819, 7006, 8360, 8588, 7007, 6985, 8512, 6418, 4297, 1778, 3652","3105, 4029, 3792, 4193, 4328, 3425, 4403, 6037, 5223, 4169, 2784, 3093, 2912",Lottery; Business
59,fortuna palace casino,ro,60,6100,0.50,,fortuna palace,2026-06-21 21:14:05,Local pack,6500,11000,11000,2016-09-28,"Informational,Commercial,Branded,Non-local",English,"3, 3, 4, 5, 4, 6, 60, 1205, 1301, 1554, 1364, 964, 2935, 5958, 5489, 5653, 5381, 5039, 8621, 8026, 8428, 8323, 8518, 8363","8800, 9078, 9417, 9524, 9697, 9763, 10008, 10446, 10612, 10737, 10798, 10791",Gambling
60,jocuri casino,ro,82,6100,2.50,1.25,fortuna casino,2026-06-16 02:08:40,,7100,39000,44000,2015-09-02,"Informational,Commercial,Transactional,Non-branded,Non-local",Romanian,"713, 558, 843, 698, 794, 1030, 1315, 3915, 10713, 12153, 6304, 5599, 3969, 5425, 4291, 4098, 4650, 4850, 5139, 7239, 12280, 9975, 5898, 4791","4987, 4466, 4277, 4085, 4636, 4836, 5124, 7217, 12245, 9947, 5882, 4779, 4974",Gambling
61,win2 casino,ro,51,6100,0.80,,win2,2026-06-26 03:59:03,"Sitelinks,Bottom ads",6900,69000,73000,2023-03-29,"Informational,Navigational,Commercial,Branded,Non-local",English,"4232, 6051, 6269, 4371, 3966, 2732, 3377, 4191, 2298, 2728, 620, 2362, 1871, 4423, 7916, 9510, 9799, 7797, 7896, 6527, 6350, 7841, 1526, 1291",3562,Gambling
62,top casino,ro,74,6000,2.00,,cazinouri online,2026-06-22 09:02:40,"Sitelinks,Video preview",22000,32000,33000,2016-01-18,"Informational,Commercial,Non-branded,Non-local",English,"570, 560, 572, 694, 685, 803, 1104, 3172, 10408, 10760, 5704, 5643, 3884, 4794, 5935, 7058, 7281, 7114, 7117, 6178, 6765, 5949, 5182, 4571","4092, 3883, 3602, 3198, 2921, 2586, 2452, 2362, 2932, 2643, 1993, 1735, 1400",Gambling
63,cazinouri romania,ro,82,6000,2.50,1.19,cazinouri online,2026-06-22 08:00:12,Sitelinks,6500,63000,68000,2015-09-12,"Informational,Commercial,Non-branded,Local",Romanian,"749, 749, 855, 862, 860, 873, 1353, 3273, 10663, 9576, 5957, 5946, 4765, 5005, 6172, 7388, 7589, 6352, 6431, 6529, 6306, 6062, 4952, 4736","4078, 4013, 3607, 3290, 2974, 2742, 2538, 2557, 3109, 2731, 2113, 1913, 1592",Gambling; Business
64,pokerstars casino,ro,65,5800,0.50,0.93,cazinouri online,2026-06-24 17:57:15,Sitelinks,74000,12000,13000,2015-09-09,"Informational,Navigational,Commercial,Transactional,Branded,Non-local",English,"5150, 4083, 3975, 7568, 10535, 6174, 6377, 5046, 4111, 6513, 5568, 5238, 4926, 3935, 3855, 7376, 10312, 6065, 6283, 4984, 4069, 6458, 5529, 5207","4902, 3919, 3842, 7355, 10288, 6053, 6273, 4977, 4065, 6452, 5525, 5203",Casino games
65,bonus fara depunere casino,ro,72,5800,2.50,2,bonus fara depunere,2026-06-21 21:59:59,Sitelinks,6300,130000,133000,2015-09-02,"Informational,Commercial,Transactional,Non-branded,Non-local",Romanian,"1346, 1033, 1035, 920, 1037, 1053, 1353, 4691, 12777, 11136, 2015, 2249, 4731, 5051, 6192, 7361, 7487, 6244, 6210, 9110, 2397, 5506, 6288, 2512","3835, 2443, 2768, 2259, 2168, 1649, 1654, 2356, 2699, 2595, 915, 791, 894",Gambling
66,super,ro,80,5700,1.00,0.66,superbet,2026-06-21 06:12:54,"Sitelinks,Video preview,Image pack",372000,1580000,1680000,2015-09-01,"Non-branded,Non-local",,"5402, 5396, 5612, 5654, 5527, 5655, 5952, 5808, 6297, 5833, 5915, 5532, 5400, 5394, 5609, 5652, 5525, 5654, 5950, 5806, 6296, 5831, 5913, 5531","5398, 5392, 5608, 5650, 5524, 5653, 5949, 5805, 6294, 5830, 5912, 5530, 5397",/Other
67,oferte casino,ro,69,5600,5.00,,oferte casino,2026-06-21 22:03:05,,5900,3100,3300,2018-05-12,"Informational,Commercial,Transactional,Non-branded,Non-local",Romanian,"426, 524, 527, 436, 538, 537, 533, 3169, 8043, 9522, 5886, 5846, 3981, 4953, 6060, 7317, 7476, 6260, 6105, 7566, 6995, 4759, 1924, 3897","3081, 3383, 3213, 2972, 2717, 2695, 3108, 6427, 6618, 5587, 4617, 4350, 3436",Gambling
68,slots casino,ro,76,5600,1.90,,pacanele,2026-06-18 04:05:56,Video preview,56000,13000,13000,2016-02-04,"Informational,Commercial,Transactional,Non-branded,Non-local",English,"463, 470, 426, 504, 544, 682, 647, 3247, 10897, 11038, 5935, 6070, 4940, 5051, 5943, 7098, 7312, 6015, 5926, 7378, 6756, 4524, 2117, 3845","3391, 3020, 2820, 2609, 2283, 2007, 1819, 1851, 2249, 2000, 1460, 1305, 1071",Lottery
69,casino bonus,ro,75,5500,2.50,0.45,888 casino bonus fara depunere,2026-06-15 04:36:19,Sitelinks,103000,5000,5200,2015-09-01,"Informational,Commercial,Non-branded,Non-local",English,"696, 768, 688, 693, 797, 1380, 1377, 3745, 10230, 14425, 5767, 5719, 4690, 6071, 6201, 6051, 7031, 5827, 5826, 7101, 6552, 4453, 2194, 3788","3399, 3371, 3158, 2982, 2874, 2725, 2609, 2798, 3271, 3454, 2418, 2199, 1933",Gambling
70,winner ro,ro,49,5200,0.70,,winner,2026-06-26 03:57:43,Sitelinks,6900,69000,70000,2015-10-19,"Informational,Navigational,Commercial,Transactional,Branded,Non-local",,"3035, 3836, 3908, 3950, 4806, 4653, 4822, 4826, 3877, 4156, 4119, 4178, 4870, 4246, 4173, 5192, 6099, 6161, 6003, 6021, 4907, 5157, 5047, 4868","5268, 6039, 5555, 5557, 5419, 5466, 6187, 5940, 4841, 5087, 4979, 4802, 5197",Sports betting
71,casino online gratis,ro,77,5100,1.20,1.23,cazinouri online,2026-06-24 19:07:22,,26000,31000,34000,2015-09-22,"Informational,Commercial,Non-branded,Non-local",Romanian,"458, 564, 561, 556, 561, 701, 701, 3508, 11573, 11960, 5452, 5393, 4303, 4563, 5551, 6641, 6828, 5623, 5728, 5144, 5490, 4651, 3472, 3256","2658, 2534, 2236, 2160, 1783, 1529, 1361, 1569, 2253, 1811, 925, 1006, 650",Gambling
72,casino gratis,ro,75,5100,0.70,,pacanele gratis,2026-06-20 13:18:11,Sitelinks,28000,29000,31000,2016-07-14,"Informational,Non-branded,Non-local",Romanian,"841, 854, 697, 831, 822, 843, 964, 3509, 11507, 11791, 5376, 6347, 4207, 4458, 5473, 6508, 6648, 5521, 5510, 5306, 5892, 4870, 3574, 3658","2764, 2937, 2483, 2735, 2240, 2070, 1990, 2792, 4752, 3054, 1384, 2158, 1108",Gambling
73,cazinouri noi fara depunere,ro,67,5000,0.90,,bonus fara depunere,2026-06-27 21:46:24,,5400,128000,131000,2022-07-20,"Informational,Commercial,Non-branded,Non-local",Romanian,"744, 312, 1038, 493, 492, 2012, 1688, 2557, 2958, 2500, 534, 471, 485, 3183, 5813, 5810, 5951, 6051, 5894, 5809, 5730, 5507, 5200, 5028","4887, 4971, 5031, 4802, 4685, 4700, 4579, 4556, 4477, 4301, 4003, 3869, 3742",Gambling
74,jocuri cazino gratis,ro,73,4900,0.60,1.53,pacanele gratis,2026-06-28 13:58:37,,5300,40000,42000,2015-09-18,"Informational,Non-branded,Non-local",Romanian,"725, 724, 879, 879, 892, 1050, 1297, 3701, 8624, 10611, 5603, 5568, 3686, 4746, 5726, 6833, 6994, 5885, 5844, 8471, 4673, 2665, 1253, 2566","2116, 2430, 2236, 2579, 2259, 2293, 2427, 3956, 3887, 3659, 1546, 2324, 1209",Casino games
75,pariuri sportive,ro,72,4900,3.50,1.1,pariuri sportive,2026-06-26 08:35:45,Video preview,7800,13000,15000,2015-09-01,"Informational,Commercial,Transactional,Non-branded,Non-local",Romanian,"8351, 6633, 4974, 5442, 5397, 5961, 6697, 7520, 7897, 6794, 6059, 5483, 4165, 4268, 4692, 5058, 5117, 5137, 5111, 5134, 5574, 5080, 4879, 4236","4124, 3889, 4319, 4656, 4428, 5255, 4729, 4533, 4928, 4496, 4323, 3759, 3664",Sports betting; Sports
76,cazinouri online bonus fara depunere,ro,71,4900,2.00,,bonus fara depunere,2026-06-24 07:16:53,Sitelinks,5300,128000,131000,2018-07-04,"Informational,Commercial,Transactional,Non-branded,Non-local",Romanian,"704, 475, 390, 391, 383, 581, 303, 2981, 7290, 8964, 5505, 4616, 3697, 4577, 5643, 5740, 6912, 5724, 5665, 6992, 6171, 3428, 1314, 2914","2477, 2808, 3067, 2868, 3367, 2574, 2980, 4250, 4280, 3142, 1918, 2783, 2533",Gambling
77,cazino fara depunere,ro,71,4800,1.30,,bonus fara depunere,2026-06-26 03:58:02,,5100,128000,131000,2015-10-15,"Informational,Commercial,Transactional,Non-branded,Non-local",Romanian,"679, 812, 992, 1015, 1048, 1260, 1565, 3819, 7722, 8121, 4963, 4921, 3373, 4143, 5107, 6101, 6356, 6081, 5166, 7517, 5699, 3213, 2113, 2731","2321, 2693, 2927, 3080, 2573, 2311, 1834, 4127, 2863, 2333, 558, 1563, 671",Gambling
78,e fortuna,ro,56,4800,0.35,1.04,fortuna,2026-06-24 17:57:19,Sitelinks,9600,213000,218000,2015-09-03,"Informational,Navigational,Commercial,Transactional,Branded,Non-local",Romanian,"3581, 4263, 4709, 4887, 4926, 4789, 4729, 4582, 5784, 6071, 5324, 4114, 3578, 4260, 4707, 4884, 4923, 4787, 4727, 4580, 5782, 6069, 5323, 4113","3577, 4260, 4706, 4884, 4923, 4787, 4726, 4580, 5782, 6069, 5322, 4113, 3577",Sports betting; Sports
79,bonusuri casino,ro,71,4800,4.00,,bonus fara depunere,2026-06-21 10:42:23,,5300,131000,134000,2016-12-30,"Informational,Commercial,Transactional,Non-branded,Non-local",Romanian,"746, 750, 742, 605, 898, 1094, 1074, 2839, 6881, 8425, 5172, 4360, 3501, 4355, 4624, 5483, 6591, 5458, 4688, 4643, 5001, 4788, 4290, 3901","3643, 3559, 3390, 3155, 3106, 2906, 2758, 2802, 3085, 3071, 2559, 2311, 2071",Gambling
80,pacanele online,ro,75,4700,3.00,1.47,pacanele,2026-06-28 01:52:00,,6500,12000,13000,2015-09-01,"Informational,Commercial,Transactional,Non-branded,Non-local",Romanian,"4116, 3866, 3567, 5175, 5662, 5353, 5845, 5962, 6175, 5683, 4930, 4556, 3664, 3469, 3225, 4711, 5189, 4935, 5420, 5558, 5786, 5351, 4661, 4326","3492, 3317, 3094, 4534, 5008, 4776, 5258, 5405, 5638, 5224, 4559, 4238, 3426",Lottery
81,pe,ro,47,4700,0.01,0.43,pe,2026-06-17 18:35:53,"AI Overview,Thumbnail,Image pack,Video preview",306000,400,400,2015-09-01,"Informational,Non-branded,Non-local",,"4411, 4247, 4345, 4317, 4719, 4920, 4700, 4862, 4747, 4778, 4670, 4700, 4529, 4360, 4461, 4432, 4845, 5050, 4825, 4991, 4872, 4904, 4792, 4823","4647, 4474, 4577, 4547, 4970, 5181, 4949, 5119, 4997, 5030, 4915, 4946, 4765",Polymers; Chemistry
82,las vegas.ro,ro,57,4500,0.90,,lasvegas,2026-06-16 15:58:50,"Sitelinks,Video preview",7200,24000,29000,2019-10-22,"Navigational,Branded,Non-local",,"165, 11128, 10050, 10430, 10273, 9260, 10463, 8331, 7872, 6730, 6189, 4032, 2355, 4622, 5166, 6267, 5972, 5444, 6647, 4859, 4467, 3584, 3142, 1188","4, 2057, 2713, 3955, 3768, 3361, 4665, 2983, 2685, 1896, 1539, 1, 1",Tourist destinations
83,casino free spins,ro,72,4500,2.50,,spin casino,2026-06-18 02:57:33,"Video preview,People also ask",28000,16000,16000,2016-10-30,"Informational,Commercial,Non-branded,Non-local",English,"441, 556, 550, 767, 768, 940, 1377, 2980, 8783, 12194, 5495, 5442, 3763, 4625, 4797, 4862, 5861, 4145, 4132, 3931, 4568, 4503, 3753, 3451","3189, 3131, 2998, 2804, 2694, 2459, 2422, 2456, 2948, 3103, 2291, 2138",Gambling
84,păcănele,ro,77,4400,0.90,1.21,pacanele gratis,2026-06-21 06:11:00,Sitelinks,4900,38000,40000,2015-09-26,"Informational,Non-branded,Non-local",Romanian,"5381, 5596, 4423, 4520, 4790, 4941, 5224, 5651, 4904, 5034, 4714, 4645, 4752, 4935, 3896, 3976, 4208, 4334, 4575, 4943, 4282, 4389, 4103, 4038","4124, 4275, 3368, 3432, 3625, 3727, 3927, 4234, 3661, 3744, 3493, 3430, 3495",Lottery
85,casinos online,ro,86,4100,3.00,,casino online romania,2026-06-17 07:31:22,Video preview,77000,46000,51000,2020-01-10,"Informational,Commercial,Transactional,Non-branded,Non-local",English,"1501, 1498, 1493, 1504, 1492, 1496, 1814, 2712, 4760, 5519, 3220, 3187, 2587, 3238, 3461, 4037, 4260, 3935, 4533, 4698, 4777, 4691, 4148, 4395","4285, 4441, 4416, 4519, 4504, 4401, 4657, 4760, 4838, 4753, 4210, 4457, 4347",Gambling
86,top 10 casino,ro,68,4000,4.50,,top 10 casino,2026-06-21 19:19:21,"Featured snippet,Video preview",9300,350,350,2018-07-12,"Informational,Commercial,Transactional,Non-branded,Non-local",English,"227, 227, 188, 347, 346, 537, 658, 1993, 2593, 871, 768, 3021, 2310, 3224, 4784, 3587, 3798, 3506, 4045, 1332, 20139, 234, 1326, 274",609,Gambling
87,betano live,ro,53,3800,0.20,1.09,betano live,2026-06-25 03:47:33,"Sitelinks,Video preview",4700,7900,8700,2016-06-25,"Informational,Navigational,Branded,Non-local",English,"3858, 3992, 3905, 4670, 4572, 4611, 4380, 4619, 4470, 3875, 4095, 3473, 3386, 3522, 3441, 4209, 4117, 4159, 3933, 4176, 4031, 3439, 3664, 3046","2963, 3103, 3026, 3798, 3709, 3756, 3533, 3780, 3639, 3051, 3279, 2665, 2585",Sports betting; Sports
88,casino romania,ro,83,3700,3.50,1,cazinouri online,2026-06-22 01:02:40,Sitelinks,6300,63000,68000,2015-09-11,"Informational,Commercial,Transactional,Non-branded,Non-local",English,"2989, 2987, 3051, 3073, 3166, 3185, 3399, 3388, 3325, 3348, 3384, 3300, 3437, 3434, 3498, 3520, 3613, 3632, 3846, 3835, 3772, 3796, 3831, 3747","3884, 3881, 3945, 3968, 4060, 4079, 4293, 4282, 4219, 4243, 4278, 4194, 4331",Gambling
89,winner bet,ro,81,3700,0.60,0.9,winner,2026-06-20 22:32:56,Sitelinks,4230000,65000,66000,2015-09-02,"Informational,Navigational,Commercial,Transactional,Branded,Non-local",English,"3005, 2996, 2791, 2902, 3360, 3355, 4430, 3694, 3377, 2593, 2592, 3370, 2588, 3161, 2796, 3933, 4203, 3952, 4168, 3941, 4139, 3835, 4087, 3882","12115, 12807, 11968, 10748, 9963, 8049, 7762, 7151, 7297, 6586, 6853, 6369, 19483",Sports betting
90,betano login,ro,66,3700,1.10,,betano,2026-06-20 23:19:45,"Sitelinks,Bottom ads",309000,467000,471000,2016-12-27,"Navigational,Transactional,Branded,Non-local",English,"3700, 3460, 3394, 3288, 3324, 3623, 3755, 3177, 3600, 3748, 3757, 3908, 3852, 3607, 3544, 3437, 3474, 3773, 3906, 3328, 3752, 3900, 3910, 4062","4006, 3761, 3699, 3592, 3630, 3930, 4064, 3486, 3910, 4059, 4070, 4222, 4167",Sports betting
91,10 pariuri,ro,69,3600,1.70,1.09,10 pariuri,2026-06-19 01:38:53,Sitelinks,4100,6000,6500,2016-04-24,"Informational,Non-branded,Non-local",Romanian,"2916, 3057, 3467, 3323, 3286, 3413, 3306, 3263, 3412, 3724, 3637, 3235, 3215, 3355, 3766, 3622, 3585, 3712, 3604, 3562, 3710, 4023, 3936, 3534","3513, 3654, 4065, 3921, 3884, 4011, 3903, 3861, 4009, 4322, 4235, 3832, 3812",Sports betting
92,casinouri online,ro,83,3600,3.00,,cazinouri online,2026-06-21 17:37:46,Sitelinks,4000,63000,68000,2015-09-04,"Informational,Commercial,Non-branded,Non-local",Romanian,"1353, 1355, 334, 1368, 1370, 1374, 465, 2911, 5354, 5137, 3402, 3390, 2694, 2867, 3547, 4179, 4406, 3606, 3633, 3827, 3959, 3838, 3571, 3485","3384, 3338, 3159, 3195, 3140, 3087, 2997, 3192, 3340, 3224, 2970, 2890, 2801",Gambling
93,maxwin ro,ro,0,3600,0.45,,maxwin,2026-06-28 04:05:39,Sitelinks,3800,25000,31000,2025-05-10,"Navigational,Branded,Non-local",,"0, 0, 0, 0, 0, 0, 0, 0, 0, 0, 0, 402, 3244, 8802, 3002, 3880, 4887, 6059, 4841, 3578, 2343, 1383, 948, 219",846,Sports betting
94,aparate demo,ro,76,3500,0.45,,pacanele gratis,2026-06-24 21:25:15,,4000,52000,57000,2020-01-10,"Informational,Commercial,Non-branded,Non-local",Romanian,"2830, 2819, 3441, 4219, 4249, 4309, 4339, 5177, 4211, 4194, 3475, 3519, 2675, 2417, 2460, 2903, 3613, 4334, 3783, 4256, 3826, 4006, 3486, 3881","3329, 3605, 4011, 4153, 4105, 4183, 3992, 4571, 4141, 4321, 3801, 4196, 3644",Portable electronics
95,jocuri de noroc,ro,66,3500,0.80,0.94,jocuri de noroc,2026-06-20 23:17:32,Video preview,5000,1300,1400,2015-09-01,"Informational,Commercial,Non-branded,Non-local",Romanian,"3452, 3493, 3273, 3338, 3606, 3596, 3444, 3659, 3459, 3621, 3425, 3540, 3494, 3535, 3315, 3380, 3648, 3638, 3486, 3702, 3501, 3663, 3468, 3582","3537, 3578, 3358, 3423, 3691, 3681, 3529, 3745, 3544, 3706, 3511, 3625",Gambling
96,jocuri casino gratis,ro,77,3400,0.80,1.43,pacanele gratis,2026-06-21 00:58:32,,3900,49000,54000,2015-09-04,"Informational,Non-branded,Non-local",Romanian,"488, 145, 329, 151, 146, 168, 480, 3257, 11463, 12348, 6088, 5482, 3388, 4085, 6050, 6169, 6371, 5370, 1887, 2240, 1489, 1247, 979, 1147",1150,Gambling
97,winbet casino,ro,68,3300,0.20,,winbet,2026-06-22 03:59:57,"Sitelinks,Bottom ads,Paid sitelinks",15000,169000,181000,2017-11-20,"Informational,Commercial,Branded,Non-local",English,"4019, 5033, 4259, 3733, 3367, 3387, 3747, 3366, 2969, 3098, 3244, 3432, 3326, 3234, 3080, 3073, 3392, 3395, 3755, 3375, 2977, 3106, 3253, 3440","3335, 3243, 3089, 3082, 3400, 3404, 3764, 3383, 2986, 3115, 3261, 3449",Gambling
98,verificare bilet casa pariurilor,ro,43,3300,0.90,1.34,casa pariurilor verificare bilet,2026-06-27 05:45:33,,3300,13000,13000,2015-09-01,"Informational,Navigational,Branded,Non-local",Romanian,"2251, 2689, 2702, 3304, 3445, 3552, 3649, 3243, 4137, 3640, 3526, 2733, 2273, 2709, 2721, 3321, 3461, 3567, 3662, 3255, 4148, 3650, 3535, 2742","2281, 2716, 2727, 3327, 3466, 3572, 3666, 3259, 4152, 3654, 3539, 2745, 2284",Sports betting
99,casapariurilor,ro,0,3200,1.80,1.12,casa pariurilor,2026-06-21 22:01:11,Sitelinks,4500,346000,379000,2015-09-01,"Informational,Navigational,Commercial,Branded,Non-local",Romanian,"3804, 2507, 2472, 3041, 3034, 3044, 3041, 2509, 2690, 3837, 3560, 4205, 2981, 2506, 2491, 3422, 3568, 3817, 3737, 2525, 4324, 3998, 3330, 2216","2292, 1751, 3415, 3372, 3519, 3770, 3693, 2483, 4284, 3959, 3293, 2180, 2258",Sports betting
100,pacanele fara depunere,ro,70,3000,2.00,,bonus fara depunere,2026-06-16 10:26:04,,3300,134000,138000,2018-06-10,"Informational,Commercial,Transactional,Branded,Non-local",Romanian,"1576, 1306, 1937, 2477, 1868, 2759, 3398, 1148, 2886, 844, 760, 1870, 1580, 1760, 2071, 2988, 3100, 3165, 3862, 3315, 3493, 3345, 3405, 3621","3582, 3618, 3849, 3923, 3997, 4074, 4199, 4070, 4248, 4100, 4159, 4375, 4337",Sports betting
101,wnibet,ro,70,2900,0.15,,winbet,2026-06-21 08:59:48,Video preview,6700,168000,201000,2020-01-10,"Informational,Commercial,Branded,Non-local",,"5153, 623, 5196, 552, 699, 2658, 3662, 1530, 802, 799, 782, 2839, 518, 656, 776, 772, 987, 5279, 5591, 4401, 3967, 3992, 3889, 4264","3818, 3414, 4107, 3573, 3847, 4173, 4332, 4179, 3745, 3772, 3669, 4045, 3601",Gambling
102,fortuna verificare bilet,ro,58,2800,0.90,1.09,verificare bilet fortuna,2026-06-21 13:14:57,,2900,17000,17000,2015-09-17,"Informational,Branded,Non-local",Romanian,"2769, 3387, 3693, 4116, 3664, 3810, 3696, 3578, 3930, 3684, 3391, 2757, 2218, 2702, 2934, 3255, 2883, 2984, 2880, 2773, 3029, 2823, 2583, 2087","1668, 2018, 2174, 2394, 2103, 2158, 2064, 1968, 2128, 1962, 1775, 1416",Lottery
103,fara depunere,ro,74,2800,2.00,,bonus fara depunere,2026-06-17 12:22:07,,3100,134000,137000,2016-07-03,"Informational,Non-branded,Non-local",Romanian,"4718, 4700, 5607, 7004, 7025, 2576, 2678, 2434, 1813, 1603, 1539, 1797, 1706, 7143, 8584, 2255, 2586, 2092, 2097, 1821, 1609, 1477, 1348, 1449","1646, 2015, 2150, 1681, 1765, 1269, 1592, 1264, 1052, 921, 791, 892, 1089",Services
104,casa pariurilor verificare bilet,ro,42,2600,1.10,1.57,casa pariurilor verificare bilet,2026-06-17 18:15:57,,2700,12000,12000,2015-09-01,"Informational,Transactional,Branded,Non-local",Romanian,"2060, 2059, 2457, 2720, 2684, 2624, 2569, 2577, 3298, 2965, 3119, 2133, 2077, 2075, 2471, 2733, 2696, 2635, 2579, 2586, 3306, 2973, 3126, 2139","2083, 2080, 2476, 2738, 2700, 2639, 2582, 2589, 3309, 2976, 3129, 2142, 2085",Sports betting
105,cont superbet,ro,56,2400,1.20,1.38,superbet login,2026-06-24 19:22:44,Video preview,2500,11000,11000,2015-12-12,"Informational,Transactional,Branded,Non-local",Romanian,"2157, 1782, 1748, 2230, 2088, 2500, 2479, 2666, 2508, 2107, 1741, 1785, 1406, 1457, 1795, 2575, 3202, 2188, 2726, 2793, 3243, 2588, 2189, 2422","2160, 2122, 2149, 2257, 2548, 2629, 2632, 2741, 2595, 2601, 2389, 2329, 2082",Sports betting
106,casa pariurilor oferta,ro,25,2400,1.20,1.14,casa pariurilor,2026-06-27 09:14:09,Sitelinks,2600,347000,379000,2015-09-01,"Informational,Commercial,Branded,Non-local",Romanian,"733, 961, 1826, 3131, 4644, 4029, 3235, 2309, 2593, 2530, 1837, 1019, 564, 962, 1827, 3131, 4644, 4030, 3236, 2309, 2593, 2530, 1837, 1019","564, 962, 1827, 3131, 4644, 4030, 3236, 2309, 2593, 2530, 1837, 1019, 564",Sports betting
107,rotiri fara depunere 2025,ro,73,2300,2.50,,bonus fara depunere,2026-06-21 21:03:32,,2400,130000,133000,2024-12-06,"Informational,Commercial,Non-branded,Non-local",Romanian,"0, 0, 0, 0, 0, 0, 63, 2352, 2398, 1930, 2000, 1656, 1680, 1970, 2224, 2591, 3153, 2331, 2273, 2494, 2331, 2218, 2086, 1979","1899, 1839, 1739, 1666, 1589, 1487, 1425, 1603, 1531, 1405, 1336, 1233",Gambling
108,las vegas.ro casino,ro,55,2300,0.80,,lasvegas,2026-06-15 02:55:00,Sitelinks,3100,24000,29000,2021-07-31,"Informational,Commercial,Transactional,Non-branded,Non-local",Romanian,"763, 1148, 4599, 1587, 1804, 2257, 6884, 5591, 6758, 1997, 4519, 1020, 864, 903, 2465, 1028, 1115, 3466, 3441, 3396, 2766, 2751, 2765, 2119","1881, 2094, 2502, 2269, 2378, 2782, 3429, 3192, 3323, 2797, 2849, 2273, 2035",Gambling
109,superbet contact,ro,58,2300,2.50,1.21,superbet contact,2026-06-20 01:44:49,Video preview,2500,7900,7900,2015-09-22,"Informational,Branded,Local",English,"1913, 1551, 1579, 1925, 2016, 2358, 2387, 2435, 2537, 2133, 1717, 1696, 1355, 1434, 1773, 2637, 3110, 2197, 2734, 2649, 2648, 2662, 2221, 2211","2023, 1979, 2272, 2433, 2679, 2785, 2564, 2650, 2649, 2663, 2222, 2212, 2023",Sports betting; Business
110,las vegas ro,ro,60,2300,0.90,,lasvegas,2026-06-14 21:09:19,Sitelinks,3100,24000,29000,2017-10-02,"Informational,Navigational,Commercial,Transactional,Branded,Non-local",English,"78, 2182, 2634, 2690, 2284, 1800, 2432, 1686, 1777, 2351, 2657, 333, 1598, 215, 2049, 1797, 2124, 2727, 2433, 2650, 2162, 3463, 3870, 2874","2037, 2267, 2496, 2465, 2491, 2350, 2595, 2310, 2274, 2334, 2369, 2203, 2221",Lottery
111,superbet games,ro,59,2300,1.30,,superbet casino,2026-06-12 00:44:17,"Sitelinks,Video preview",5500,17000,21000,2017-12-20,"Informational,Commercial,Branded,Non-local",English,"4597, 3220, 2645, 3317, 3744, 3205, 3863, 4139, 2656, 2704, 2607, 2651, 2096, 1794, 1795, 2559, 2198, 2481, 2255, 2115, 2631, 2832, 1870, 1710","1595, 1100, 895, 1139, 1179, 1259, 1322, 1402, 1752, 2150, 1110, 1073",Gambling
112,777 casino romania,ro,60,2300,1.20,,777 casino romania,2026-06-18 04:44:51,Sitelinks,2700,2300,2300,2021-08-29,"Informational,Navigational,Commercial,Transactional,Branded,Non-local",English,"551, 702, 990, 1027, 434, 436, 525, 2429, 701, 770, 2326, 2380, 1870, 697, 2978, 3576, 3584, 3629, 3646, 3002, 1084, 1346, 1377, 1297","1257, 999, 1251, 1108, 988, 864, 848, 983, 724, 691, 758, 694, 591",Gambling
113,verificare bilet casa pariurilor cod scurt,ro,38,2300,0.80,,casa pariurilor verificare bilet,2026-06-17 01:49:59,,2400,12000,12000,2021-03-31,"Informational,Navigational,Branded,Non-local",Romanian,"1848, 1835, 1898, 1912, 2395, 2382, 2352, 2820, 2758, 3484, 2381, 2389, 1812, 1887, 2376, 2370, 2847, 2360, 2404, 2484, 2547, 2308, 1929, 1906","3399, 2766, 3199, 2638, 3261, 2780, 2438, 2587, 2653, 2404, 2008",Sports betting
114,fortuna casino online,ro,61,2300,0.60,,fortuna casino,2026-06-21 00:10:31,Sitelinks,3900,35000,40000,2018-04-21,"Navigational,Commercial,Transactional,Branded,Non-local",English,"1011, 1260, 1022, 1001, 1278, 1015, 1276, 1039, 849, 967, 1281, 2415, 2358, 2996, 2910, 2900, 2815, 1817, 2011, 1978, 1829, 1869, 1902, 1974","1759, 1808, 1767, 1806, 1807, 1757, 1788, 1734, 1604, 1634, 1679, 1746, 1539",Gambling
115,free spin,ro,71,2300,1.30,0.44,coin master free spin,2026-06-16 02:09:21,People also ask,87000,71000,888000,2015-10-18,"Informational,Commercial,Non-branded,Non-local",English,"2108, 1859, 1709, 1692, 1702, 1940, 2001, 2387, 2505, 2421, 3256, 3369, 2487, 1737, 2041, 1552, 1700, 1939, 2000, 2386, 2505, 2421, 3255, 3369","2486, 1736, 2041, 1552, 1700, 1939, 2000, 2386, 2505, 2421, 3255, 3369, 2486",Lottery
116,superbet pacanele gratis,ro,66,2200,0.40,,jocuri casino online gratis,2026-06-20 05:05:45,Sitelinks,2600,9900,11000,2020-02-09,"Informational,Commercial,Transactional,Branded,Non-local",Romanian,"1485, 1477, 1522, 1805, 1791, 2254, 2314, 2243, 1788, 1813, 1808, 1829, 1475, 1267, 1241, 1502, 1810, 1751, 1858, 2396, 3518, 3446, 2812, 3270","3120, 3165, 3228, 3468, 3524, 3603, 3680, 3824, 3685, 3489, 3392, 3302, 3145",Sports betting
117,casino fortuna,ro,44,2200,0.10,,fortuna casino,2026-06-17 16:26:52,Sitelinks,12000,40000,45000,2016-07-03,"Informational,Navigational,Commercial,Transactional,Branded,Non-local",Romanian,"1596, 1577, 1343, 1594, 1590, 1579, 1990, 1983, 1558, 1965, 1594, 1614, 1325, 2021, 1598, 1590, 2340, 2269, 2598, 2820, 2393, 2491, 2307, 2175","2009, 2002, 2011, 2042, 2297, 2259, 2358, 2820, 2393, 2492, 2307, 2175, 2009",Gambling
118,superbet online,ro,70,2200,0.90,1.19,superbet casino,2026-06-27 20:08:08,,12000,18000,62000,2015-09-02,"Informational,Navigational,Commercial,Transactional,Branded,Non-local",English,"1824, 1952, 2057, 1855, 2067, 2050, 1988, 2104, 2393, 2611, 2199, 2351, 1858, 1919, 2460, 2321, 2200, 2363, 2429, 2228, 2513, 2413, 2231, 2046","1985, 2003, 2275, 2331, 2202, 2364, 2430, 2229, 2514, 2414, 2231, 2046, 1985",Sports betting
119,efortuna casino,ro,61,2200,0.40,,fortuna casino,2026-06-20 12:28:17,Sitelinks,2800,37000,42000,2016-04-06,"Informational,Navigational,Commercial,Transactional,Branded,Non-local",Romanian,"1477, 1524, 1488, 1504, 1785, 1782, 2276, 2217, 1750, 3308, 2730, 4084, 2592, 2281, 2240, 2701, 3360, 2171, 2927, 1983, 1557, 1548, 1567, 1585","1293, 1344, 1298, 1352, 1392, 1444, 1632, 1426, 1255, 1521, 1323, 1439, 1165",Gambling
120,scanare bilet casa pariurilor,ro,39,2100,0.90,,casa pariurilor verificare bilet,2026-06-26 02:55:04,,2200,13000,13000,2016-06-02,"Informational,Branded,Non-local",Romanian,"766, 651, 803, 965, 929, 1205, 1217, 1509, 1741, 2217, 1787, 2187, 1705, 1771, 1783, 2211, 2241, 2258, 2301, 2364, 2431, 2551, 2302, 2382","2235, 2302, 2409, 2528, 2552, 2603, 2606, 2682, 2749, 2868, 2620",Sports betting
121,jocuri de noroc gratis,ro,76,2100,0.50,1.53,pacanele gratis,2026-06-19 22:21:09,Video preview,2700,49000,54000,2015-09-02,"Informational,Non-branded,Non-local",Romanian,"1837, 1893, 2307, 2346, 1918, 2406, 2878, 2865, 2358, 2824, 2335, 2351, 1539, 1765, 1798, 2046, 2582, 2661, 1967, 2379, 1906, 2259, 1988, 1928","1413, 1666, 1678, 1721, 1879, 2295, 2089, 2447, 1867, 2322, 1988, 1973, 1361",Lottery
122,win 2,ro,43,2100,0.60,,win2,2026-06-26 02:25:38,Sitelinks,4200,69000,73000,2015-09-10,"Informational,Commercial,Branded,Non-local",Romanian,"2082, 2052, 2042, 2028, 1915, 1840, 2130, 2067, 1888, 1989, 2197, 2146, 2129, 2099, 2089, 2076, 1962, 1887, 2177, 2115, 1936, 2037, 2245, 2193","2177, 2147, 2137, 2123, 2010, 1935, 2225, 2162, 1984, 2085, 2292, 2241",Gambling
123,casinos,ro,88,2100,2.50,,cazinouri online,2026-06-26 01:57:44,Video preview,66000,68000,73000,2015-10-17,"Informational,Commercial,Non-branded,Local",English,"887, 660, 580, 572, 546, 544, 580, 1030, 2043, 2090, 1479, 1149, 899, 898, 1096, 1474, 1186, 1813, 1926, 1757, 7601, 2167, 1832, 1978","1756, 2051, 1627, 1888, 1856, 1759, 2183, 2363, 4647, 2806, 2358, 2533, 2238",Gambling; Business
124,betano romania,ro,39,2000,2.00,0.98,betano casino,2026-06-15 13:57:28,,4100,27000,28000,2016-06-30,"Navigational,Transactional,Branded,Non-local",English,"1909, 1606, 2072, 2213, 2269, 2297, 2376, 2040, 2222, 2014, 2018, 1904, 1819, 1532, 1988, 2135, 2188, 2219, 2296, 1961, 2143, 1935, 1940, 1827","1742, 1454, 1910, 2059, 2111, 2142, 2220, 1885, 2067, 1860, 1865, 1752, 1667",Sports betting; Sports
125,casino online romania nou,ro,78,2000,1.50,,cazinouri online,2026-06-19 22:38:15,,2300,52000,57000,2022-05-19,"Informational,Commercial,Transactional,Non-branded,Non-local",Romanian,"294, 362, 433, 365, 432, 523, 536, 543, 652, 792, 656, 1008, 835, 1155, 1421, 1616, 2009, 2197, 2527, 2437, 2557, 2595, 2393, 2828","2470, 2907, 3030, 2996, 3105, 3058, 3231, 2913, 3033, 3071, 2869, 3304, 2945",Gambling
126,win bet,ro,61,2000,0.20,1.16,winbet,2026-06-15 12:04:53,Sitelinks,34000,169000,205000,2015-09-06,"Informational,Navigational,Commercial,Branded,Non-local",English,"2481, 2591, 1429, 1667, 1606, 2054, 2061, 1733, 1829, 1794, 1574, 1803, 1631, 2323, 2805, 2566, 2310, 2908, 1727, 1934, 1827, 1667, 1371, 668","1738, 1556, 1577, 1672, 1722, 1891, 1860, 1657, 1663, 1709, 1696, 1739, 1666",Sports betting
127,jocuri fara depunere,ro,68,2000,2.00,,win2,2026-06-28 10:48:08,,2100,69000,73000,2016-05-02,"Informational,Non-branded,Non-local",Romanian,"903, 1157, 1187, 1791, 1416, 1668, 2099, 2712, 2119, 2514, 1675, 1716, 1676, 1543, 1551, 2184, 2203, 2279, 2238, 2583, 1868, 2067, 1406, 1904","1970, 1921, 1999, 2477, 2202, 2222, 2327, 2735, 2020, 2219, 1558, 2056, 2122",Casual games
128,slots,ro,79,2000,2.50,1.18,pacanele,2026-06-16 18:05:54,"People also ask,Video preview",313000,13000,13000,2015-09-01,"Informational,Commercial,Transactional,Non-branded,Non-local",English,"1579, 1520, 1574, 2109, 2077, 2089, 2100, 2353, 2099, 2142, 1781, 1760, 1615, 1554, 1610, 2157, 2125, 2136, 2148, 2406, 2146, 2190, 1821, 1799","1651, 1589, 1646, 2205, 2172, 2183, 2195, 2460, 2193, 2239, 1861, 1839, 1688",Lottery
129,winboss.ro,ro,38,2000,1.30,,winboss,2026-06-14 20:12:32,"Sitelinks,Bottom ads,Paid sitelinks,Video preview",2200,36000,39000,2022-02-25,"Informational,Navigational,Commercial,Transactional,Branded,Non-local",,"969, 61, 97, 119, 174, 1049, 203, 50, 112, 139, 143, 173, 84, 71, 59, 325, 106, 178, 204, 49, 20918, 787, 979, 469",748,Gambling
130,casino nou,ro,80,2000,1.10,,casino online romania,2026-06-16 03:50:32,,2000,46000,51000,2020-07-13,"Informational,Commercial,Non-branded,Non-local",Romanian,"516, 194, 659, 908, 1173, 1413, 1434, 1473, 1440, 1443, 1204, 268, 274, 473, 2062, 1983, 2851, 2574, 2502, 2473, 2392, 2322, 2093, 1513","2026, 2219, 3115, 2479, 2952, 2361, 2299, 2235, 2155, 2084, 1855, 1275, 1788",Gambling
131,superbet romania,ro,61,2000,0.80,1,superbet casino,2026-06-10 16:58:13,Video preview,5900,15000,17000,2015-11-29,"Informational,Commercial,Branded,Non-local",English,"1740, 1462, 1876, 1849, 1892, 1933, 1730, 1724, 1870, 2060, 1889, 1839, 1901, 1623, 2036, 2010, 2053, 2094, 1891, 1884, 2030, 2220, 2050, 2000","2062, 1783, 2197, 2170, 2214, 2254, 2052, 2045, 2191, 2381, 2211, 2161, 2223",Sports betting; Company news
132,50 de rotiri gratuite fara depunere,ro,33,2000,1.20,,rotiri gratuite fara depunere,2026-06-15 16:44:41,,2200,24000,24000,2019-12-28,"Informational,Commercial,Transactional,Non-branded,Non-local",Romanian,"671, 945, 577, 1076, 964, 1485, 1778, 2406, 1840, 2281, 1563, 1576, 1299, 1726, 1998, 1986, 2025, 2057, 2007, 2173, 2077, 2210, 2096, 2117","2021, 2069, 2056, 2154, 2175, 2299, 2180, 2359, 2263, 2397, 2282, 2303, 2208",Lottery
133,casino rotiri gratuite fara depunere,ro,67,2000,3.00,,rotiri gratuite fara depunere,2026-06-28 16:39:35,Sitelinks,2200,48000,49000,2020-02-21,"Informational,Commercial,Transactional,Non-branded,Non-local",Romanian,"270, 401, 330, 494, 585, 499, 598, 736, 744, 1077, 1305, 848, 737, 988, 1261, 1724, 2199, 3191, 2322, 2530, 2341, 2477, 2332, 2102","1937, 2149, 2341, 2422, 2596, 2685, 2482, 2668, 2442, 2562, 2396, 2148, 1971",Gambling
134,cazinouri online romania noi,ro,72,2000,1.30,,cazinouri online,2026-06-16 19:24:26,,2000,29000,31000,2021-11-18,"Informational,Commercial,Transactional,Non-branded,Non-local",Romanian,"136, 233, 233, 325, 415, 323, 504, 509, 498, 947, 783, 511, 776, 1414, 4510, 2140, 1686, 1813, 1780, 2446, 1588, 2143, 1259, 1880","1886, 1911, 2203, 1929, 1883, 1858, 1852, 1836, 1777, 1797, 1742, 1693, 1693",Gambling
135,80 rotiri fara depunere,ro,0,2000,1.20,,80 rotiri fara depunere,2026-06-09 16:46:30,Sitelinks,2100,800,800,2020-09-11,"Informational,Commercial,Non-branded,Non-local",Romanian,"403, 608, 871, 914, 1159, 1418, 1707, 2640, 2542, 2154, 1707, 1705, 1415, 1758, 2163, 2150, 2573, 2124, 2123, 2474, 2068, 1770, 1611, 1845","1566, 1871, 1931, 1701, 1921, 1735, 1885, 2389, 1838, 1424, 1186",Gambling
136,pacanele ro,ro,71,1900,1.10,,pacanele ro,2026-06-20 20:30:28,Sitelinks,2200,1100,1200,2018-08-28,"Informational,Navigational,Commercial,Transactional,Branded,Non-local",Romanian,"17, 10, 16, 24, 13, 8, 11, 13, 13, 10, 13, 20, 9, 10, 15, 409, 2791, 3798, 5677, 4530, 1436, 1436, 1436, 1436","1436, 1436, 1436, 1436, 1436, 1436, 1436, 1436, 1436, 1436, 1436, 1436, 1436",Lottery
137,bonus fara depunere la inregistrare,ro,70,1900,1.50,,bonus fara depunere,2026-06-22 01:10:10,,2000,130000,133000,2019-08-06,"Informational,Commercial,Transactional,Non-branded,Non-local",Romanian,"308, 250, 363, 297, 254, 307, 361, 451, 355, 432, 188, 542, 359, 422, 612, 724, 1033, 1355, 1321, 3033, 4392, 3596, 2078, 3489","3422, 3353, 3281, 3208, 3233, 3208, 3204, 3295, 3242, 3185, 3024, 3030, 2953",Gambling
138,jocuri pacanele,ro,70,1900,0.90,1.37,pacanele gratis,2026-06-10 06:35:07,Video preview,2300,16000,18000,2015-09-01,"Informational,Non-branded,Non-local",Romanian,"1508, 1363, 1451, 1811, 1819, 2026, 2408, 2470, 2438, 2201, 1919, 1853, 1500, 1357, 1446, 1807, 1816, 2024, 2406, 2468, 2436, 2200, 1918, 1852","1500, 1357, 1446, 1806, 1816, 2023, 2405, 2468, 2436, 2199, 1918, 1852, 1500",Lottery
139,las vegas casino online,ro,69,1800,1.20,,lasvegas,2026-06-15 03:41:58,Sitelinks,14000,24000,29000,2015-10-10,"Informational,Commercial,Transactional,Non-branded,Non-local",English,"2264, 2811, 2366, 3554, 3391, 4026, 4036, 1014, 1896, 2689, 2802, 2702, 2158, 1481, 1853, 1299, 2423, 2451, 1913, 1208, 1271, 1775, 1685, 1639","1433, 1511, 1584, 1652, 1596, 1465, 1536, 700, 774, 1293, 1216, 1184, 990",Gambling
140,aparate online,ro,80,1800,2.50,1.31,pacanele gratis,2026-06-24 06:16:21,,2400,12000,14000,2015-09-06,"Informational,Commercial,Transactional,Non-branded,Non-local",Romanian,"1760, 1485, 1505, 1506, 1791, 2224, 1788, 1794, 2164, 1744, 1698, 1748, 1459, 1664, 1446, 1920, 1746, 1798, 1819, 2030, 1905, 1882, 1713, 1663","1579, 1509, 1453, 1534, 1723, 1869, 1836, 2026, 1902, 1878, 1710, 1660, 1575",Lottery
141,oferta casa pariurilor azi,ro,24,1800,0.80,,casa pariurilor,2026-06-28 18:36:28,Sitelinks,1900,347000,379000,2015-09-12,"Informational,Commercial,Branded,Non-local",Romanian,"1043, 832, 726, 1094, 877, 1318, 1544, 2025, 1898, 2418, 1968, 1615, 701, 1631, 1626, 1608, 1986, 1983, 1968, 1949, 2078, 2095, 1814, 1897","1624, 1767, 2150, 2103, 1995, 1816, 1855, 1987, 2113, 2125, 1836, 1917, 1638",Sports betting
142,fortuna games,ro,69,1800,0.45,,fortuna casino,2026-06-21 02:06:25,Sitelinks,2400,35000,40000,2016-09-11,"Informational,Navigational,Commercial,Transactional,Branded,Non-local",English,"2957, 3002, 2513, 3032, 3753, 3058, 3790, 866, 564, 950, 792, 3786, 2470, 2129, 2015, 2021, 2485, 2966, 3091, 479, 407, 389, 428, 2845","1795, 2110, 2088, 2053, 2120, 2266, 2655, 68, 58, 49, 88, 2530, 1494",Gambling
143,las vegas games,ro,60,1800,1.30,,lasvegas,2026-06-13 06:09:37,Video preview,3500,24000,28000,2016-05-16,"Informational,Commercial,Non-branded,Non-local",English,"1721, 1673, 1877, 2046, 1843, 1771, 2120, 1953, 1759, 1616, 1934, 1739, 1677, 1635, 1844, 2018, 1820, 1751, 2102, 1938, 1746, 1605, 1925, 1731","1670, 1629, 1839, 2014, 1816, 1748, 2099, 1936, 1744, 1604, 1923, 1730, 1669",Sports betting; Leisure; Tourist destinations
144,efortuna.ro,ro,28,1800,0.04,1.12,fortuna,2026-06-26 05:32:51,Sitelinks,2000,213000,218000,2015-09-01,"Navigational,Transactional,Branded,Non-local",,"1185, 1109, 1530, 1707, 1768, 1504, 1715, 1609, 2206, 2102, 2408, 1619, 1255, 1176, 1600, 1775, 1838, 1573, 1785, 1678, 2277, 2172, 2479, 1690","1327, 1247, 1672, 1847, 1910, 1645, 1858, 1751, 2350, 2246, 2553, 1764, 1401",Sports betting
145,casa pariului,ro,22,1700,1.30,1.23,casa pariurilor,2026-06-12 10:13:39,Sitelinks,1900,334000,366000,2015-09-07,"Informational,Navigational,Branded,Local",Romanian,"815, 928, 682, 810, 658, 544, 811, 968, 809, 946, 820, 1220, 801, 1244, 2197, 2581, 2602, 1739, 2219, 1482, 1240, 1476, 1508, 1347","1360, 1395, 1454, 1546, 1493, 1303, 1377, 1499, 1432, 1436, 1384, 1342, 1356",Sports betting; Sports
146,betano.ro,ro,49,1700,1.70,1.04,betano.ro,2026-06-14 23:20:32,Video preview,3000,1700,2500,2016-06-27,"Navigational,Transactional,Branded,Non-local",,"2202, 2204, 2119, 1773, 1791, 1558, 1974, 1896, 1549, 1653, 1626, 1604, 1108, 1201, 1355, 1781, 1842, 1757, 2265, 2099, 2010, 1938, 1842, 1775","1708, 1583, 1499, 1460, 1888, 2095, 2228, 2100, 2011, 1939, 1843, 1776, 1709",Sports betting
147,superbey,ro,28,1700,0.50,0.78,superbet,2026-06-14 13:05:17,"Sitelinks,Video preview",9100,1560000,1620000,2015-09-19,"Navigational,Commercial,Transactional,Branded,Local",,"1325, 1301, 1293, 1573, 1557, 1592, 1600, 1857, 1817, 1906, 1598, 1593, 1288, 1322, 1531, 1573, 1820, 1803, 1916, 1891, 1902, 1919, 1853, 1939","1836, 1848, 1934, 1943, 1974, 1976, 2025, 2016, 2024, 2044, 1978, 2066, 1962",Sports betting; Sports
148,aplicatie casa pariurilor,ro,39,1700,1.90,1.2,casa pariurilor,2026-06-07 08:22:01,Sitelinks,1800,330000,362000,2015-09-06,"Informational,Navigational,Transactional,Branded,Non-local",Romanian,"1550, 2430, 2420, 2993, 2859, 3444, 3449, 3516, 2323, 2362, 1938, 2324, 1529, 1632, 1888, 1120, 1584, 1896, 2071, 1845, 1685, 1632, 1446, 1578","1226, 1586, 1772, 1706, 1891, 2025, 2028, 1908, 1748, 1695, 1509, 1641, 1289",Sports betting; Add-ons
149,case pariuri online,ro,76,1700,4.50,1.22,pariuri sportive,2026-06-21 13:12:39,Sitelinks,2000,12000,14000,2015-09-03,"Informational,Commercial,Transactional,Non-branded,Non-local",Romanian,"983, 1006, 1277, 1283, 1302, 1290, 1582, 1605, 1573, 1828, 1563, 1572, 1247, 1433, 1435, 1957, 1692, 1762, 1831, 1885, 1998, 1824, 1715, 1664","1526, 1537, 1775, 1965, 2117, 2153, 2215, 2194, 2313, 2100, 1965, 1896, 1731",Sports betting
150,l1254450w001663,ro,6,1700,0.40,,casa pariurilor,2026-06-28 14:37:12,"Sitelinks,Video preview",1900,347000,379000,2025-07-03,"Informational,Non-branded,Non-local",,"0, 0, 0, 0, 0, 0, 0, 0, 0, 0, 0, 0, 0, 2168, 1491, 2798, 1353, 102, 1810, 2393, 2750, 2782, 2767, 546",2032,Technical reference
151,winner fun,ro,0,1700,1.00,,winner fun,2026-06-17 18:08:21,Video preview,1800,600,600,2018-06-13,"Informational,Commercial,Transactional,Branded,Non-local",English,"325, 323, 277, 605, 1311, 1492, 2246, 1780, 1289, 957, 710, 841, 3294, 3197, 2132, 1597, 1307, 1494, 2248, 1782, 1290, 958, 711, 842","3295, 3197, 2132, 1597, 1308, 1494, 2248, 1782, 1290, 958, 711, 842, 3295",Sports betting
152,red wizard superbet,ro,17,1700,0.50,,red wizard superbet,2026-06-28 12:45:50,,1800,800,800,2025-09-20,"Informational,Commercial,Branded,Non-local",English,"0, 0, 0, 0, 0, 0, 0, 0, 0, 0, 0, 0, 0, 0, 0, 20477, 229, 44, 35, 27, 45, 36, 19, 2",18,Sports betting
153,casapariurilor.ro,ro,7,1700,1.80,1.14,casa pariurilor,2026-06-21 05:45:01,"Sitelinks,Video preview",2200,347000,379000,2015-09-01,"Navigational,Transactional,Branded,Non-local",,"1793, 1623, 1981, 2109, 2172, 2093, 2101, 2003, 1960, 1633, 1647, 1485, 1622, 1452, 1812, 1942, 2006, 1928, 1938, 1841, 1799, 1473, 1488, 1328","1466, 1297, 1658, 1789, 1854, 1778, 1788, 1693, 1652, 1327, 1343, 1184, 1323",Sports betting
154,winbet.ro,ro,69,1700,0.20,,winbet,2026-06-19 21:09:09,Sitelinks,2400,169000,201000,2015-10-22,"Navigational,Transactional,Branded,Non-local",,"499, 544, 529, 1888, 1559, 1467, 1694, 1393, 1658, 1476, 1419, 1392, 1201, 567, 1532, 1518, 1844, 2149, 2566, 2109, 1413, 1715, 1982, 1656","1471, 1441, 1764, 2010, 1995, 2034, 2183, 1914, 1731, 1827, 1730, 1776, 1591",Sports betting
155,casa pariuri,ro,30,1600,2.00,1.05,casa pariurilor,2026-06-19 22:55:36,"Sitelinks,Local pack",1800,347000,380000,2015-09-02,"Informational,Navigational,Commercial,Transactional,Branded,Non-local",Romanian,"1099, 1039, 1301, 1314, 1336, 1333, 1297, 1041, 873, 1280, 1598, 1939, 1583, 2035, 1651, 1351, 1601, 1668, 2103, 1564, 1510, 1572, 1418, 1417","1293, 1486, 1729, 1562, 1620, 1511, 1593, 1565, 1511, 1573, 1419, 1417, 1293",Sports betting; Sports
156,casino casa pariurilor,ro,55,1600,0.90,0.99,casa pariurilor,2026-06-13 21:31:00,,1900,346000,378000,2016-11-02,"Informational,Navigational,Commercial,Transactional,Branded,Non-local",Romanian,"1101, 882, 881, 1300, 1375, 1339, 1333, 1404, 1344, 1978, 2411, 2463, 1646, 1807, 1745, 1707, 1644, 1368, 1539, 1533, 1440, 1498, 1422, 1429","1292, 1300, 1266, 1264, 1355, 1376, 1300, 1332, 1247, 1300, 1229, 1238, 1110",Sports betting
157,betano.com,ro,66,1600,0.50,1.08,betano.com,2026-06-24 16:47:17,"Bottom ads,Paid sitelinks,Video preview",11000,3900,631000,2016-02-13,"Navigational,Branded,Non-local",,"1757, 1720, 1786, 2280, 1854, 2030, 1917, 1830, 1616, 1666, 1674, 1555, 1512, 1480, 1548, 2045, 1621, 1800, 1690, 1605, 1394, 1446, 1457, 1340","1300, 1270, 1340, 1840, 1419, 1600, 1492, 1409, 1200, 1254, 1267, 1153, 1115",Sports betting
158,155 rotiri gratuite fara depunere,ro,33,1600,2.00,,155 rotiri gratuite fara depunere,2026-06-10 19:47:45,,1700,300,300,2023-01-04,"Informational,Commercial,Transactional,Non-branded,Non-local",Romanian,"457, 459, 468, 584, 716, 842, 1304, 2310, 1956, 1927, 1522, 1307, 979, 1535, 2294, 2283, 2785, 2253, 2348, 3610, 429, 107, 82, 62",87,Lottery
159,jocuri casino online,ro,83,1600,2.00,1.27,cazinouri online,2026-06-28 08:04:18,,2400,68000,73000,2015-09-05,"Informational,Commercial,Transactional,Non-branded,Non-local",Romanian,"357, 429, 441, 547, 541, 665, 639, 734, 711, 897, 713, 940, 734, 1027, 957, 1598, 1077, 1593, 1661, 1939, 2207, 2208, 2253, 2132","1849, 1975, 1886, 2110, 2043, 2223, 2184, 2322, 2057, 2230, 2114, 2155, 1869",Gambling
160,cazinouri online fara depunere,ro,72,1600,1.80,,bonus fara depunere,2026-06-13 20:43:45,,1900,138000,141000,2017-12-06,"Informational,Commercial,Non-branded,Non-local",Romanian,"540, 551, 828, 689, 828, 818, 953, 1201, 913, 935, 959, 927, 668, 924, 1076, 1821, 2302, 1920, 1911, 2060, 1812, 1788, 1793, 1802","1711, 1811, 1872, 1976, 2048, 1993, 2091, 2224, 1976, 1952, 1957, 1966",Gambling
161,rotiri gratuite fără depunere,ro,73,1500,3.00,,rotiri gratuite fara depunere,2026-06-21 10:07:02,,1700,70000,72000,2020-02-14,"Informational,Commercial,Transactional,Non-branded,Non-local",Romanian,"633, 697, 673, 808, 832, 1053, 1204, 1638, 1644, 1600, 1274, 1231, 974, 1165, 1379, 1372, 1631, 1633, 1505, 1599, 1584, 1574, 1530, 1535","1498, 1514, 1519, 1513, 1522, 1519, 1401, 1495, 1480, 1470, 1426, 1431, 1394",Lottery
162,cele mai noi cazinouri online,ro,75,1500,0.70,,cazinouri online,2026-06-21 11:09:38,Sitelinks,1600,22000,23000,2021-01-30,"Informational,Commercial,Non-branded,Non-local",Romanian,"265, 595, 406, 405, 612, 497, 618, 756, 601, 479, 412, 909, 927, 1542, 2204, 1869, 1651, 1515, 686, 1544, 1479, 1516, 994, 1574","1422, 1738, 1726, 1515, 2457, 1786, 1725, 1740, 1441, 1377, 1329, 1612, 1450",Gambling
163,fortuna verificare bilet cod scurt,ro,53,1500,0.60,,fortuna verificare bilet,2026-06-14 07:51:26,,1600,4800,4800,2020-12-20,"Informational,Branded,Non-local",Romanian,"1580, 1579, 1873, 2369, 2884, 2825, 2852, 2420, 2382, 2878, 2386, 1889, 1572, 1312, 1315, 1586, 1871, 1542, 1364, 1410, 1653, 1509, 1404, 1370","1129, 1171, 1343, 1030, 1181, 1085, 928, 1000, 1234, 1106, 1012, 998",Sports betting
164,cazinouri noi online,ro,74,1500,1.00,,cazinouri online,2026-06-16 05:57:41,,1700,35000,36000,2019-06-17,"Informational,Commercial,Non-branded,Non-local",Romanian,"485, 700, 594, 613, 1008, 1061, 1621, 1966, 2379, 1568, 1311, 1286, 887, 1195, 1643, 1289, 1641, 1690, 1703, 1708, 1704, 1410, 1392, 1473","1396, 1588, 1654, 1525, 1718, 1684, 1820, 1809, 1806, 1511, 1494, 1575",Gambling
165,casa pariurilor bonus fara depunere,ro,54,1500,1.60,,casa pariurilor bonus fara depunere,2026-06-12 04:09:08,,1600,3900,4100,2020-01-11,"Informational,Commercial,Non-branded,Non-local",Romanian,"1258, 1022, 859, 1296, 1269, 1583, 1286, 1586, 1536, 1868, 1919, 1583, 1240, 1348, 1070, 1571, 1640, 1655, 1447, 1692, 1649, 1442, 1328, 1252","1223, 1282, 1186, 1278, 1327, 1414, 1386, 1642, 1598, 1392, 1278, 1202",Sports betting
166,betano.ro live,ro,28,1500,1.10,,betano live,2026-06-24 14:45:49,"Sitelinks,Video preview",2400,7900,8700,2019-07-24,"Navigational,Commercial,Transactional,Branded,Non-local",Romanian,"133, 508, 417, 284, 345, 799, 2668, 1750, 1661, 2154, 1448, 1738, 1698, 2176, 2131, 2509, 1417, 1316, 1135, 965, 1005, 811, 836, 714","746, 669, 634, 541, 507, 559, 691, 532, 508, 517, 422",Sports betting
167,superbet .ro,ro,53,1500,,,superbet,2026-06-13 18:18:47,"Sitelinks,Video preview",1700,1560000,1620000,2016-05-18,"Navigational,Branded,Non-local",,"884, 974, 1057, 636, 796, 1186, 1465, 1317, 1353, 1169, 1105, 1303, 819, 978, 1021, 1245, 1657, 1197, 1599, 1753, 1646, 1123, 1664, 1439",1409,Sports betting
168,don .ro,ro,59,1500,1.20,,don ro,2026-06-22 04:15:01,"Sitelinks,Video preview",1600,26000,26000,2023-12-06,"Informational,Navigational,Commercial,Transactional,Branded,Non-local",,"140, 259, 291, 268, 455, 550, 728, 796, 780, 879, 963, 1002, 980, 1404, 1196, 1157, 1328, 1333, 1736, 1700, 1681, 1692, 2008, 1720","1690, 2117, 1654, 1736, 1905, 1933, 2252, 1982, 1999, 1905, 2001, 1998, 1968",Sports betting
169,casa casino,ro,36,1500,1.30,,casa pariurilor,2026-06-10 12:22:08,Local pack,2200,333000,365000,2018-01-05,"Informational,Navigational,Commercial,Transactional,Branded,Non-local",Romanian,"542, 383, 555, 669, 694, 1019, 1233, 1307, 1262, 1494, 1905, 1893, 1875, 1577, 1315, 1315, 1301, 1092, 1617, 1628, 1307, 1551, 1356, 1504","1488, 1406, 1406, 1370, 1391, 1449, 1475, 1475, 1400, 1398, 1384, 1393, 1376",Sports betting
170,furtuna,ro,23,1500,0.40,0.46,fortuna casino,2026-06-20 03:19:11,"Video preview,Image pack",4400,37000,42000,2015-09-02,"Informational,Non-branded,Non-local",Romanian,"1432, 1583, 1230, 1160, 1179, 1094, 1290, 1550, 1383, 1429, 1547, 1771, 1512, 1663, 1309, 1240, 1259, 1173, 1370, 1630, 1463, 1509, 1626, 1850","1592, 1742, 1389, 1320, 1339, 1253, 1450, 1709, 1542, 1588, 1706, 1930, 1671",Encyclopedias
171,cazinouri internationale cu bonus fara depunere,ro,60,1500,1.00,,cazinouri internationale cu bonus fara depunere,2026-06-07 17:29:25,Sitelinks,1800,300,350,2020-12-28,"Informational,Commercial,Transactional,Non-branded,Non-local",Romanian,"408, 499, 634, 761, 752, 764, 872, 1414, 1396, 1386, 906, 901, 776, 1013, 1729, 1743, 2122, 1752, 1474, 1672, 1584, 1539, 1426, 1433","1407, 1447, 1479, 1442, 1463, 1456, 1458, 1588, 1503, 1456, 1346, 1352, 1327",Gambling
172,jocuri de noroc online,ro,82,1400,2.00,1.12,casino online romania,2026-06-10 06:34:04,,2200,70000,76000,2015-10-05,"Transactional,Non-branded,Non-local",Romanian,"633, 780, 666, 1255, 879, 1369, 1616, 1543, 822, 1167, 920, 809, 820, 984, 880, 1143, 1055, 1109, 1309, 1554, 2012, 2000, 1751, 1840","1798, 1824, 1816, 1946, 1967, 2030, 2050, 2143, 2010, 2072, 1996, 1962, 1918",Lottery
173,casino demo,ro,80,1400,0.70,,jocuri cazino,2026-06-15 14:09:31,,21000,23000,27000,2017-03-03,"Informational,Non-branded,Non-local",English,"899, 1032, 1025, 1328, 1346, 1623, 1920, 2448, 1642, 1325, 1336, 1316, 1302, 1413, 1143, 1384, 1444, 1422, 1501, 1618, 1492, 1512, 1470, 1507","1427, 1445, 1442, 1473, 1478, 1523, 1566, 1686, 1563, 1581, 1541, 1577",Casino games
174,casa pariurilor rotiri gratuite,ro,61,1400,1.60,,bonus casino,2026-06-21 17:09:27,Sitelinks,1500,4000,4100,2020-05-01,"Informational,Commercial,Transactional,Branded,Non-local",Romanian,"288, 958, 944, 789, 1144, 685, 2144, 521, 481, 573, 554, 3813, 2069, 453, 1211, 1160, 1337, 1358, 1481, 1350, 1392, 1490, 1312, 1701","1491, 1495, 1579, 1568, 1623, 1643, 1884, 1658, 1700, 1798, 1620, 2009, 1799",Sports betting
175,win2.ro,ro,9,1400,0.90,,win2,2026-06-09 19:55:14,"Sitelinks,Video preview",1500,72000,75000,2023-03-28,"Informational,Navigational,Branded,Non-local",,"549, 1085, 3947, 2239, 1790, 1391, 1319, 1304, 1076, 201, 652, 209, 631, 1145, 1374, 1683, 2085, 2001, 2452, 2069, 1646, 215, 1074, 43",442,Development
176,romania casino,ro,82,1400,3.50,,fortuna casino,2026-06-17 03:45:33,"Local pack,Thumbnail",1700,40000,45000,2017-12-17,"Informational,Commercial,Transactional,Non-branded,Non-local",English,"319, 341, 308, 409, 358, 357, 426, 677, 1717, 1928, 1178, 989, 837, 1002, 1409, 1331, 1430, 1306, 1530, 1456, 4035, 880, 782, 748","690, 899, 828, 806, 817, 1311, 1383, 1133, 1250, 1184, 1045, 992, 909",Gambling
177,pariuri online,ro,77,1400,8.00,1.33,pariuri sportive,2026-06-21 11:36:33,,2400,12000,14000,2015-09-01,"Informational,Commercial,Transactional,Non-branded,Non-local",Romanian,"1209, 1095, 1289, 1289, 1491, 1582, 1544, 1404, 1550, 1512, 1351, 1264, 1196, 1083, 1276, 1277, 1478, 1569, 1532, 1394, 1538, 1501, 1342, 1257","1189, 1077, 1269, 1271, 1471, 1561, 1525, 1388, 1532, 1496, 1337, 1252, 1185",Sports betting; Sports
178,rotiri,ro,72,1400,2.00,,rotiri gratuite fara depunere,2026-06-20 01:42:42,,1600,28000,28000,2016-07-27,"Informational,Commercial,Transactional,Non-branded,Non-local",Romanian,"766, 774, 954, 1397, 1421, 1409, 2049, 638, 478, 548, 509, 536, 401, 1439, 1433, 2015, 2091, 2581, 800, 1270, 1137, 1100, 1010, 954","823, 1128, 1353, 1214, 1375, 2425, 1424, 1270, 1138, 1101, 1010, 954, 824",Gambling
179,jocuri de cazino gratis,ro,73,1400,0.40,1.88,pacanele gratis,2026-06-12 01:20:19,Sitelinks,1500,23000,25000,2015-11-30,"Informational,Non-branded,Non-local",Romanian,"24, 24, 20, 25, 25, 26, 34, 41, 58, 87, 71, 73, 71, 57, 79, 119, 71, 68, 58, 94, 61, 57, 59, 15754",5244,Gambling
180,casino online noi,ro,78,1400,2.00,,casino online romania,2026-06-15 15:57:22,,1500,46000,51000,2019-02-19,"Informational,Commercial,Transactional,Non-branded,Non-local",Romanian,"213, 331, 405, 338, 494, 601, 604, 734, 746, 726, 733, 756, 614, 1084, 1613, 1487, 1553, 1628, 1472, 1539, 1508, 1520, 1555, 1568","1546, 1850, 1955, 1702, 1787, 1828, 1734, 1827, 1797, 1808, 1844, 1856, 1834",Gambling
181,bonus fără depunere,ro,72,1300,4.00,,bonus fara depunere,2026-06-20 05:48:39,,1500,131000,134000,2018-03-05,"Informational,Commercial,Transactional,Non-branded,Non-local",Romanian,"715, 712, 880, 1008, 878, 998, 731, 1312, 1012, 1261, 883, 1013, 858, 1081, 927, 1154, 1223, 1283, 968, 1547, 2139, 2569, 1220, 1159","1175, 1248, 1329, 1405, 1335, 1354, 1363, 1618, 1517, 1646, 1361, 1381, 1397",Gambling
182,las vegas rotiri gratuite,ro,56,1300,0.80,,las vegas rotiri gratuite,2026-06-07 11:04:48,,1700,1700,1700,2021-08-15,"Informational,Commercial,Branded,Local",Romanian,"1927, 2400, 2378, 2401, 2416, 2876, 2924, 2427, 1884, 2430, 2391, 1872, 1290, 1082, 1390, 1955, 1409, 1453, 1224, 1199, 1180, 1002, 1094, 1053","902, 866, 876, 884, 919, 964, 970, 970, 883, 768, 822, 821",Gambling
183,top casino romania,ro,75,1300,2.50,,cazinouri online,2026-06-19 05:03:51,,1600,33000,35000,2015-11-18,"Informational,Commercial,Non-branded,Non-local",English,"397, 406, 410, 411, 493, 494, 754, 230, 213, 225, 278, 768, 757, 1077, 988, 1070, 1450, 1486, 1521, 1452, 1485, 1514, 1529, 1594","1588, 1671, 1666, 1670, 1726, 1719, 1736, 1678, 1712, 1740, 1755, 1820, 1815",Gambling
184,casa pariurilor live,ro,46,1300,0.60,1.16,casa pariurilor verificare bilet,2026-06-28 08:38:55,,2500,1500,1700,2015-09-07,"Navigational,Transactional,Branded,Non-local",Romanian,"1769, 2220, 2431, 2239, 1999, 2216, 2045, 1854, 1786, 1433, 1258, 1262, 1229, 974, 1455, 1090, 1121, 1225, 1103, 1515, 1666, 2002, 1502, 1036","465, 879, 1328, 1298, 1571, 1378, 1454, 1696, 1944, 2182, 1714, 1186, 643",Sports betting
185,cazinouri noi 2025,ro,71,1300,1.00,,cazinouri online,2026-06-20 22:05:47,Sitelinks,1500,34000,35000,2024-12-06,"Informational,Commercial,Non-branded,Non-local",Romanian,"0, 0, 0, 0, 2, 8, 25, 2309, 1861, 1615, 2343, 1642, 1421, 2870, 3492, 3010, 2529, 363, 363, 363, 363, 363, 363, 363","363, 363, 363, 363, 363, 363, 363, 363, 363, 363, 363, 363, 363",Gambling
186,winbet ro,ro,66,1300,0.30,,winbet,2026-06-15 14:37:41,Sitelinks,3700,169000,205000,2015-10-10,"Informational,Navigational,Branded,Non-local",,"540, 7172, 8232, 540, 5873, 4208, 5232, 4369, 2801, 2961, 3150, 2880, 540, 540, 540, 3771, 3798, 540, 540, 1263, 893, 855, 929, 1169","204, 987, 1052, 1278, 1964, 1706, 2045, 1362, 992, 954, 1028, 1268, 299",Sports betting
187,rotiri gratuite la inregistrare,ro,74,1300,3.00,,rotiri gratuite fara depunere,2026-06-01 07:23:32,,1500,168000,172000,2016-12-14,"Informational,Commercial,Transactional,Non-branded,Non-local",Romanian,"814, 835, 1488, 1353, 1205, 1466, 2147, 2358, 1553, 1783, 1217, 1518, 960, 1080, 1098, 1423, 1496, 1209, 1405, 1471, 1350, 1367, 1215, 1306","1142, 1165, 1184, 1192, 1191, 1206, 1340, 1407, 1285, 1303, 1150, 1241, 1077",Gambling
188,live casino romania,ro,64,1300,4.00,,live casino romania,2026-06-27 20:03:12,Local pack,1400,1700,1800,2018-08-20,"Informational,Commercial,Transactional,Non-branded,Local",English,"12, 10, 10, 12, 0, 25, 27, 29, 21, 40, 29, 29, 25, 0, 0, 0, 0, 0, 0, 0, 15012, 115, 90, 4736",,Gambling
189,fortuna fotbal,ro,25,1300,0.04,1.08,fortuna rezultate fotbal ieri,2026-06-12 23:38:43,Sitelinks,1500,1200,1300,2015-10-13,"Informational,Branded,Non-local",Romanian,"577, 717, 597, 849, 1108, 1325, 1075, 1351, 1266, 869, 587, 734, 571, 848, 853, 1071, 1060, 1473, 1606, 1220, 2245, 1672, 1370, 1336","1154, 1469, 1445, 1425, 1373, 1537, 1286, 1252, 2303, 1715, 1405, 1370, 1184",Soccer
190,casa pariurilor jocuri,ro,57,1300,1.00,,casa pariurilor,2026-06-24 16:23:57,,1400,347000,379000,2015-12-15,"Informational,Navigational,Branded,Non-local",Romanian,"2693, 2314, 1867, 1874, 2276, 2306, 2291, 2314, 2261, 2271, 1539, 2291, 1477, 1274, 1512, 1251, 1498, 1430, 1583, 1325, 1238, 988, 840, 930","804, 823, 816, 742, 805, 846, 852, 915, 911, 986, 740, 831, 719",Sports betting
191,win2 ro,ro,53,1300,0.60,,win2,2026-06-20 17:21:56,Sitelinks,1600,68000,72000,2023-04-19,"Informational,Navigational,Commercial,Transactional,Branded,Non-local",,"1727, 1612, 4087, 2163, 1800, 1416, 1350, 1451, 1105, 913, 194, 642, 739, 1371, 1622, 2003, 2318, 2466, 3032, 666, 450, 311, 221, 178",184,Gambling
192,betano.com login,ro,69,1300,0.80,,betano,2026-06-20 17:22:09,Sitelinks,8000,467000,471000,2022-01-17,"Navigational,Transactional,Branded,Non-local",English,"391, 251, 376, 389, 575, 229, 575, 255, 1890, 352, 1310, 1838, 1530, 1852, 1837, 2321, 2219, 247, 341, 288, 2095, 239, 1374, 1531","688, 1230, 1078, 1337, 785, 77, 126, 811, 1243, 1318, 1025, 1036, 1056",Sports betting
193,casino cu bonus fara depunere,ro,66,1200,2.00,,bonus fara depunere,2026-06-27 18:59:03,,1700,128000,131000,2015-10-21,"Informational,Commercial,Non-branded,Non-local",Romanian,"424, 425, 432, 345, 361, 1290, 1597, 1814, 1025, 3483, 1831, 1057, 1558, 2025, 1391, 1250, 903, 924, 915, 1050, 906, 1130, 1014, 886","887, 862, 810, 779, 777, 912, 901, 936, 788, 1015, 899, 773",Gambling
194,casino nou online,ro,80,1200,1.30,,casino online romania,2026-06-16 13:15:09,,1300,46000,51000,2018-02-21,"Informational,Commercial,Transactional,Non-branded,Non-local",Romanian,"219, 323, 493, 492, 593, 600, 907, 1121, 923, 1342, 1353, 1126, 927, 1090, 577, 1332, 1416, 1320, 1455, 1328, 1307, 1532, 1150, 1382","1366, 1508, 1431, 1713, 1695, 1618, 1715, 1694, 1642, 1829, 1770, 1688, 1671",Gambling
195,betmen .ro,ro,58,1200,0.80,,betmen,2026-06-20 19:56:02,Sitelinks,1200,16000,17000,2023-08-17,"Navigational,Branded,Non-local",,"1089, 1042, 1042, 1043, 1036, 1211, 1220, 1435, 1038, 1050, 1120, 1083, 1126, 1079, 1080, 1080, 1074, 1249, 1258, 1473, 1076, 1088, 1158, 1121","1164, 1117, 1118, 1118, 1112, 1287, 1296, 1511, 1114, 1126, 1196, 1158",Sports betting
196,oferta completa casa pariurilor fotbal,ro,51,1200,0.60,,casa pariurilor,2026-06-11 05:19:45,"Sitelinks,Video preview",1200,333000,365000,2019-02-26,"Informational,Commercial,Transactional,Branded,Non-local",Romanian,"2442, 2443, 2096, 2510, 2531, 2551, 3065, 3750, 2038, 1665, 1606, 1376, 839, 1141, 1109, 1357, 1373, 1300, 1383, 1245, 1310, 994, 875, 874","744, 882, 868, 930, 1818, 1457, 1387, 1278, 1344, 1020, 898, 897, 764",Sports betting; Soccer
197,top cazinouri online romania,ro,68,1200,1.10,,cazinouri online,2026-06-17 11:08:10,Video preview,1400,35000,36000,2018-06-13,"Informational,Commercial,Non-branded,Non-local",Romanian,"125, 163, 300, 302, 245, 248, 466, 384, 549, 439, 361, 375, 461, 634, 624, 716, 761, 952, 1266, 1622, 1112, 1275, 3612, 1323","1358, 1404, 1430, 1458, 1472, 1519, 1595, 1606, 1531, 1575, 1596, 1632, 1667",Gambling
198,casino romania online,ro,83,1200,2.00,,cazinouri online,2026-06-20 05:19:30,,2000,52000,57000,2016-05-13,"Informational,Commercial,Transactional,Non-branded,Non-local",English,"399, 396, 399, 328, 386, 321, 398, 408, 472, 652, 667, 667, 587, 866, 875, 989, 1022, 1210, 1468, 1323, 1333, 1483, 1340, 1434","1314, 1394, 1460, 1468, 1495, 1294, 1370, 1381, 1381, 1524, 1370, 1460, 1333",Gambling
199,betano demo,ro,61,1200,0.50,,pacanele gratis,2026-06-22 04:11:34,Sitelinks,2000,41000,43000,2020-12-10,"Informational,Branded,Non-local",English,"829, 583, 690, 1001, 991, 1270, 1292, 1561, 1534, 1582, 1296, 1288, 943, 848, 826, 954, 1492, 1204, 1272, 1316, 1279, 1247, 1268, 1296","1227, 1198, 1193, 1211, 1215, 1208, 1181, 1230, 1202, 1163, 1190, 1214, 1149",Gambling
200,betano.,ro,70,1200,1.00,,betano,2026-06-13 12:55:03,Sitelinks,44000,470000,475000,2016-10-05,"Informational,Navigational,Commercial,Transactional,Branded,Non-local",,"992, 786, 813, 863, 946, 1217, 1387, 1131, 938, 1272, 1097, 1038, 1125, 919, 946, 996, 1080, 1350, 1520, 1264, 1071, 1405, 1230, 1171","1258, 1053, 1080, 1129, 1213, 1483, 1654, 1398, 1205, 1538, 1363, 1305, 1391",Sports betting
201,casa.pariurilor,ro,27,1200,1.30,1.08,casa pariurilor,2026-06-19 01:55:45,Sitelinks,1300,347000,380000,2015-09-02,"Navigational,Branded,Non-local",Romanian,"1042, 966, 974, 1025, 1011, 1014, 1189, 1218, 1080, 1307, 1276, 1537, 1008, 1166, 1221, 1352, 1256, 1056, 1294, 1304, 1273, 1291, 1197, 1196","1107, 1126, 1184, 1206, 1235, 1188, 1274, 1308, 1277, 1295, 1201, 1200, 1111",Sports betting
202,cele mai bune cazinouri online,ro,75,1200,5.00,,casino online romania,2026-06-14 05:40:34,"Bottom ads,Paid sitelinks,Video preview",1600,58000,63000,2015-09-14,"Informational,Commercial,Transactional,Non-branded,Non-local",Romanian,"620, 625, 515, 628, 625, 521, 946, 1163, 1151, 1384, 1393, 988, 819, 1057, 1174, 1705, 1711, 1196, 1388, 1110, 1080, 1268, 1025, 1173","1125, 1154, 1134, 1197, 1246, 1187, 1240, 1240, 1174, 1215, 1206, 1159, 1110",Gambling
203,casa de pariuri,ro,69,1200,3.00,1.07,casa pariurilor,2026-06-21 11:09:32,"Sitelinks,Knowledge panel",1500,347000,379000,2015-09-01,"Informational,Navigational,Commercial,Branded,Non-local",Romanian,"1464, 919, 943, 969, 1479, 1227, 1186, 1224, 1494, 1738, 1517, 2237, 1192, 1087, 1347, 1330, 1310, 968, 991, 1389, 1441, 1337, 1211, 1323","1203, 1122, 1244, 1152, 1325, 1308, 1328, 1365, 1419, 1319, 1196, 1308, 1191",Sports betting
204,casa pariurilor fotbal azi,ro,53,1100,0.60,,casa pariurilor oferta fotbal azi,2026-06-20 07:51:20,"Sitelinks,Video preview",1200,1700,1900,2018-02-15,"Navigational,Transactional,Branded,Non-local",Romanian,"2065, 1760, 2046, 2583, 3079, 786, 636, 1740, 1679, 1717, 1115, 970, 933, 1424, 1118, 1724, 1376, 922, 389, 958, 1344, 594, 1048, 1101","783, 739, 833, 826, 842, 357, 216, 656, 998, 284, 739, 808, 499",Sports betting; Soccer
205,sloturi,ro,74,1100,1.90,1.38,sloturi,2026-06-25 07:02:17,,1700,800,900,2015-09-02,"Informational,Commercial,Non-branded,Non-local",Romanian,"486, 478, 604, 744, 868, 856, 826, 788, 605, 870, 1005, 997, 890, 1002, 863, 1228, 1043, 1250, 1007, 1086, 960, 1253, 954, 1071","1027, 1041, 1166, 1132, 1179, 1167, 1088, 1135, 1076, 1185, 1169, 1087, 1043",Lottery
206,cazinou online,ro,80,1100,3.50,,fortuna casino,2026-06-14 13:29:21,,1500,38000,43000,2015-11-11,"Informational,Commercial,Transactional,Non-branded,Non-local",Romanian,"386, 474, 477, 589, 590, 474, 3744, 4506, 571, 812, 955, 692, 584, 898, 1060, 1122, 1136, 1147, 961, 1100, 1433, 1486, 1452, 1009","951, 1044, 1042, 1123, 1344, 1195, 3191, 3148, 1417, 1562, 1376, 1238, 1163",Gambling
207,casa pariurilor login,ro,0,1100,1.80,1.06,casa pariurilor,2026-06-09 15:00:42,Sitelinks,1400,332000,364000,2015-09-25,"Navigational,Transactional,Branded,Non-local",Romanian,"1459, 931, 1167, 1464, 1206, 1168, 921, 799, 881, 1175, 1193, 931, 782, 918, 913, 1182, 1179, 881, 1220, 1129, 1142, 1235, 1099, 1182","1078, 1006, 998, 1073, 1101, 1136, 1106, 1133, 1147, 1239, 1103, 1186, 1083",Sports betting
208,casino online romania bonus fara depunere,ro,76,1100,1.50,,bonus fara depunere,2026-06-13 15:03:45,Sitelinks,1400,138000,141000,2016-06-11,"Informational,Commercial,Transactional,Non-branded,Non-local",Romanian,"264, 494, 601, 407, 483, 499, 505, 765, 720, 703, 481, 403, 499, 556, 583, 719, 522, 731, 1049, 1484, 2095, 1787, 1746, 1394","1335, 1407, 1550, 1434, 1562, 1457, 1518, 1848, 1817, 1836, 1917, 1561, 1479",Gambling
209,winprize,ro,0,1100,0.70,,winprize,2026-06-13 04:46:32,,1100,1400,1400,2017-02-01,"Informational,Navigational,Branded,Non-local",,"107, 408, 58, 26, 86, 61, 92, 57, 413, 155, 0, 279, 952, 1100, 780, 1831, 1178, 376, 1244, 612, 413, 1434, 1307, 1773","1016, 1141, 981, 1235, 1384, 1126, 1155, 1038, 1393, 1204, 1096, 1152, 1148",Lottery; Promotional giveaways
210,bonus de bun venit fara depunere,ro,72,1100,3.50,1.81,rotiri gratuite fara depunere,2026-06-11 05:02:41,,1400,166000,169000,2016-01-22,"Informational,Commercial,Transactional,Non-branded,Non-local",Romanian,"808, 672, 547, 1075, 937, 1408, 1695, 1571, 1002, 1105, 981, 817, 825, 790, 709, 1329, 1268, 1126, 1132, 1396, 1285, 1373, 1081, 1235","1186, 1164, 1123, 1265, 1244, 1331, 1377, 1385, 1329, 1357, 1299, 1242, 1194",Gambling
211,cazinouri noi bonus fara depunere,ro,74,1100,1.40,,bonus fara depunere,2026-06-20 20:58:17,Sitelinks,1100,131000,134000,2022-01-16,"Informational,Commercial,Transactional,Non-branded,Non-local",Romanian,"510, 628, 518, 419, 950, 792, 951, 1187, 643, 340, 421, 423, 426, 928, 1709, 1175, 1007, 964, 1059, 1418, 1232, 1161, 986, 1035","1018, 1004, 1036, 937, 955, 921, 921, 984, 833, 715, 672, 637, 641",Gambling
212,online casino romania,ro,83,1100,3.00,,cazinouri online,2026-06-20 07:20:27,,1900,52000,57000,2015-09-03,"Informational,Commercial,Transactional,Non-branded,Non-local",English,"320, 387, 387, 388, 391, 459, 463, 658, 765, 292, 765, 766, 637, 935, 962, 971, 996, 1010, 1234, 1151, 1176, 1151, 1183, 1225","1232, 1289, 1306, 1338, 1370, 1389, 1442, 1471, 1496, 1471, 1503, 1546, 1552",Gambling
213,superbet inregistrare,ro,58,1100,0.60,,cont superbet,2026-06-14 08:06:58,Video preview,1100,6600,6900,2016-10-03,"Navigational,Transactional,Branded,Non-local",Romanian,"1026, 1049, 1042, 1954, 2211, 2560, 2585, 1539, 462, 707, 576, 468, 1068, 1079, 896, 1061, 1308, 1045, 1357, 1174, 918, 1049, 913, 981","852, 824, 821, 970, 1039, 1134, 1184, 1016, 790, 900, 783, 840, 722",Sports betting
214,casino online rotiri gratuite fara depunere,ro,72,1100,3.00,,bonus fara depunere,2026-06-18 20:08:46,,1200,131000,135000,2019-10-24,"Informational,Commercial,Transactional,Non-branded,Non-local",Romanian,"145, 170, 117, 223, 262, 213, 277, 282, 603, 711, 606, 412, 414, 689, 961, 901, 1197, 1258, 1236, 1261, 1255, 1268, 1190, 1173","1200, 1271, 1318, 1281, 1310, 1311, 1298, 1324, 1317, 1330, 1252, 1236, 1263",Gambling
215,casa pariurilor deschis acum,ro,16,1100,1.00,,casa pariurilor,2026-06-18 02:54:21,"Sitelinks,Knowledge panel",1100,348000,380000,2023-11-18,"Informational,Navigational,Commercial,Transactional,Branded,Local",Romanian,"438, 365, 366, 451, 451, 364, 450, 566, 446, 557, 677, 550, 800, 843, 944, 927, 830, 959, 1262, 1150, 1187, 1220, 1231, 1270","1312, 1320, 1356, 1372, 1385, 1389, 1437, 1438, 1476, 1509, 1519, 1559, 1600",Sports betting
216,casino noi romania,ro,77,1100,0.90,,casino online romania,2026-06-10 13:17:14,,1100,64000,69000,2022-04-17,"Informational,Commercial,Non-branded,Local",Romanian,"315, 389, 482, 605, 724, 720, 720, 736, 723, 472, 321, 590, 479, 739, 1635, 914, 1115, 640, 703, 950, 1437, 1741, 1244, 1188","1223, 1367, 1458, 1458, 1524, 1560, 1610, 1673, 1711, 1783, 1762, 1822, 1858",Gambling; Business
217,bonus fara depunere casino nou,ro,75,1100,0.90,,rotiri gratuite fara depunere,2026-06-08 10:43:58,,1200,168000,172000,2022-09-17,"Informational,Commercial,Transactional,Non-branded,Non-local",Romanian,"140, 115, 212, 170, 176, 549, 577, 588, 575, 322, 464, 466, 377, 631, 762, 1099, 1143, 1397, 1395, 1332, 1310, 1205, 1381, 1370","1329, 1495, 1534, 1655, 1568, 1749, 1649, 1553, 1524, 1414, 1585, 1569, 1523",Gambling
218,pariuri sportive online,ro,81,1000,5.00,1.29,unibet.ro,2026-06-19 01:08:00,Sitelinks,2000,15000,16000,2015-09-02,"Informational,Commercial,Transactional,Non-branded,Non-local",Romanian,"936, 911, 909, 928, 979, 1229, 1152, 1185, 1279, 1055, 940, 846, 936, 911, 909, 928, 979, 1229, 1152, 1185, 1279, 1055, 940, 846","936, 911, 909, 928, 979, 1229, 1152, 1185, 1279, 1055, 940, 846, 936",Sports betting
219,ro betano,ro,23,1000,1.10,,betano,2026-06-06 04:13:01,"Sitelinks,Video preview",1300,471000,476000,2016-12-03,"Informational,Navigational,Commercial,Transactional,Branded,Non-local",,"1290, 1295, 1293, 1145, 1134, 916, 1095, 1059, 865, 851, 883, 873, 571, 607, 699, 976, 1108, 1023, 1179, 1442, 1156, 1167, 1178, 1185","1063, 1072, 1094, 1010, 1105, 1099, 1144, 1116, 1068, 1059, 1043, 1076, 944",Sports betting
220,top cazinouri,ro,65,1000,2.50,,cazinouri online,2026-06-14 10:43:02,"Top ads,Bottom ads,Paid sitelinks,Video preview",1000,36000,37000,2018-09-07,"Informational,Commercial,Non-branded,Non-local",Romanian,"194, 193, 247, 193, 252, 303, 459, 462, 465, 455, 459, 459, 369, 367, 1341, 774, 1171, 1176, 854, 672, 1469, 1481, 550, 1311","1320, 1342, 1474, 1457, 1513, 1571, 1585, 1576, 1693, 1720, 1736, 1770, 1779",Gambling
221,pariuri,ro,73,1000,6.00,0.74,pariuri sportive,2026-06-21 09:07:00,"Top stories,Thumbnail,Local pack,Video preview",1500,12000,14000,2015-09-01,"Informational,Commercial,Non-branded,Non-local",Romanian,"709, 761, 1025, 1069, 1210, 1248, 1136, 917, 1307, 1151, 906, 805, 675, 729, 993, 1039, 1181, 1220, 1108, 891, 1282, 1127, 883, 782","653, 708, 973, 1019, 1162, 1201, 1091, 874, 1265, 1111, 867, 767",Sports betting
222,betano. ro,ro,58,1000,1.70,,betano,2026-06-15 05:40:21,Sitelinks,1700,469000,473000,2018-01-20,"Navigational,Transactional,Branded,Non-local",,"1315, 1371, 1378, 1128, 1132, 919, 1196, 1143, 914, 947, 1049, 938, 595, 637, 718, 1059, 1047, 1024, 1387, 1308, 1200, 1180, 1148, 1112","1017, 1005, 994, 946, 1156, 1248, 1402, 1308, 1200, 1180, 1148, 1112, 1017",Sports betting
223,sloturi online,ro,81,1000,5.00,1.73,sloturi,2026-06-25 23:52:04,Video preview,1600,1100,1100,2015-09-18,"Informational,Commercial,Non-branded,Non-local",Romanian,"611, 768, 583, 851, 853, 727, 818, 625, 707, 850, 1041, 896, 759, 945, 941, 1365, 1099, 979, 1049, 1118, 1066, 1113, 1090, 999","938, 998, 974, 1003, 1002, 1015, 1040, 1110, 1058, 1105, 1082, 991",Gambling
224,supercazino,ro,72,1000,1.80,,supercazino,2026-06-21 00:25:31,Sitelinks,1100,1300,1300,2017-12-27,"Navigational,Branded,Non-local",,"581, 512, 586, 591, 925, 930, 1358, 1378, 1083, 1070, 929, 762, 501, 590, 652, 940, 1114, 1090, 1440, 1208, 1126, 1236, 1145, 1105","1035, 1036, 1040, 1069, 1243, 1152, 1234, 1193, 1112, 1220, 1130, 1091, 1021",Sports betting
225,jocuri demo,ro,72,1000,0.45,1.38,pacanele gratis,2026-06-15 03:14:39,,1200,39000,41000,2015-09-20,"Informational,Commercial,Non-branded,Non-local",Romanian,"700, 590, 1016, 730, 871, 1267, 1267, 1287, 885, 1251, 866, 1000, 850, 950, 953, 915, 1086, 1055, 976, 1123, 989, 1064, 963, 1000","950, 976, 1070, 997, 1072, 1175, 1147, 1241, 1107, 1181, 1080, 1118, 1067",Lottery
226,winner rotiri gratuite,ro,57,1000,1.80,,casino online,2026-06-16 06:18:35,Sitelinks,1100,20000,20000,2021-06-26,"Informational,Commercial,Branded,Non-local",Romanian,"505, 599, 760, 916, 932, 648, 636, 1377, 1372, 1368, 738, 396, 327, 813, 837, 681, 841, 1191, 1505, 1456, 1101, 963, 950, 885","784, 814, 806, 875, 861, 883, 1663, 1503, 1136, 994, 981, 913, 809",Eggs; Promotional giveaways
227,bonus fara depunere 2024,ro,75,1000,1.30,,bonus fara depunere,2026-06-21 09:56:32,Sitelinks,1100,131000,134000,2023-12-12,"Informational,Commercial,Non-branded,Non-local",Romanian,"6522, 5578, 5947, 6375, 6032, 7841, 8788, 5999, 4086, 3473, 2952, 2509, 2133, 1813, 1541, 1310, 1113, 946, 804, 684, 581, 494, 420, 357","303, 258, 219, 186, 174, 174, 174, 174, 174, 174, 174, 174, 174",Gambling
228,las vegas casino romania,ro,53,1000,0.70,,las vegas.ro,2026-06-27 20:17:30,"Sitelinks,Local pack,Video preview",2000,6700,7400,2016-06-04,"Informational,Commercial,Transactional,Branded,Non-local",English,"818, 847, 837, 826, 924, 807, 925, 822, 807, 920, 1207, 934, 815, 725, 724, 721, 1821, 1576, 993, 1118, 993, 929, 905, 865","786, 886, 798, 741, 764, 700, 823, 753, 656, 593, 588, 554, 490",Gambling
229,betfair casino,ro,70,1000,1.40,1.38,cazinouri online,2026-06-21 12:17:08,,97000,32000,33000,2015-11-15,"Informational,Commercial,Branded,Non-local",English,"816, 811, 849, 845, 1226, 962, 954, 1267, 1503, 1201, 1398, 1208, 675, 961, 1061, 1007, 880, 893, 956, 988, 977, 961, 966, 870","795, 777, 729, 701, 743, 739, 764, 812, 800, 791, 796, 705",Gambling
230,casa pariurilor lucky six,ro,4,1000,1.50,1.22,lucky six,2026-06-22 04:32:39,,1000,1700,1700,2015-09-24,"Informational,Branded,Non-local",Romanian,"18, 55, 112, 164, 208, 690, 572, 586, 721, 1094, 1549, 1858, 1776, 836, 1060, 1554, 1862, 712, 325, 387, 381, 428, 441, 458","434, 368, 424, 450, 467, 399, 393, 387, 380, 428, 440, 457",Lottery
231,case de pariuri,ro,74,1000,6.00,0.98,unibet.ro,2026-06-16 17:35:22,Sitelinks,1400,14000,15000,2015-09-09,"Informational,Commercial,Non-branded,Non-local",Romanian,"943, 897, 1009, 1023, 1307, 1242, 1219, 1066, 1079, 1037, 1124, 930, 898, 854, 960, 973, 1243, 1181, 1159, 1013, 1026, 986, 1068, 883","853, 811, 911, 924, 1179, 1120, 1099, 961, 972, 934, 1012, 837, 808",Sports betting; Business
232,fortuna login,ro,65,1000,1.50,1.08,fortuna,2026-06-07 12:04:48,Sitelinks,2000,247000,253000,2016-05-17,"Navigational,Transactional,Branded,Non-local",English,"1139, 1431, 1460, 1195, 1200, 792, 1196, 1469, 751, 893, 778, 933, 633, 1146, 1152, 1123, 1409, 861, 911, 987, 887, 891, 791, 785","621, 642, 653, 585, 667, 602, 746, 792, 690, 703, 604, 605, 443",Finance; Sports betting
233,casa jocuri,ro,41,1000,0.90,,casa pariurilor casino,2026-06-10 12:17:36,Sitelinks,1200,36000,39000,2015-12-28,"Informational,Commercial,Transactional,Branded,Non-local",Romanian,"832, 878, 904, 800, 833, 930, 981, 1044, 1001, 919, 900, 911, 902, 945, 968, 861, 891, 985, 1034, 1094, 1048, 965, 943, 952","941, 982, 1004, 895, 924, 1016, 1063, 1123, 1075, 990, 968, 976, 963",Sports betting
234,oferta casa pariurilor,ro,20,1000,0.70,1.08,casa pariurilor,2026-06-20 11:56:59,Sitelinks,1200,347000,380000,2015-09-01,"Informational,Commercial,Branded,Non-local",Romanian,"1549, 1577, 1783, 1791, 1779, 2082, 2085, 2124, 1758, 1779, 1595, 1259, 834, 970, 988, 1402, 2235, 1264, 877, 435, 2231, 397, 267, 227","193, 164, 140, 2111, 2240, 1316, 890, 312, 2250, 432, 38, 32, 27",Sports betting
235,rotiri gratuite fara depunere fara verificare,ro,68,1000,1.90,,bonus fara depunere,2026-06-28 08:38:12,Sitelinks,1000,128000,131000,2022-02-01,"Informational,Non-branded,Non-local",Romanian,"276, 274, 338, 420, 419, 510, 764, 901, 772, 751, 503, 608, 746, 680, 223, 667, 821, 943, 1492, 1363, 1136, 1266, 1155, 1381","1431, 1257, 885, 1523, 1429, 1396, 1793, 1411, 1179, 1305, 1190, 1412, 1460",Adult
236,casa pariurilor loto,ro,36,1000,0.90,1.28,loto online,2026-06-24 12:52:33,Sitelinks,1100,4700,4800,2015-09-04,"Informational,Commercial,Branded,Non-local",Romanian,"1055, 993, 1046, 1051, 1033, 1078, 1196, 1142, 1218, 1101, 986, 905, 1017, 956, 1009, 1015, 998, 1043, 1162, 1109, 1186, 1069, 955, 874","987, 926, 980, 987, 970, 1016, 1136, 1083, 1160, 1044, 930, 850, 963",Lottery
237,cazinouri cu bonus fara depunere,ro,74,1000,1.70,,bonus fara depunere,2026-06-14 10:55:36,,1200,138000,141000,2016-10-30,"Informational,Commercial,Transactional,Non-branded,Non-local",Romanian,"710, 487, 476, 481, 572, 1180, 1484, 1726, 1371, 818, 1450, 974, 1464, 1879, 1441, 1250, 711, 826, 678, 713, 613, 689, 715, 629","649, 669, 657, 647, 626, 704, 706, 701, 600, 676, 702, 616, 636",Gambling
238,rotiri gratuite fara rulaj,ro,68,1000,3.00,,bonus fara depunere,2026-06-21 11:21:11,,1000,131000,134000,2020-12-14,"Informational,Commercial,Transactional,Non-branded,Non-local",Romanian,"397, 407, 398, 597, 716, 274, 275, 275, 735, 728, 585, 583, 390, 549, 478, 780, 394, 1134, 1466, 1243, 1306, 1314, 1304, 1296","1321, 1374, 1355, 1401, 1410, 1435, 1490, 1494, 1558, 1566, 1556, 1548, 1572",Gambling
239,casa pariu,ro,21,900,2.50,1.08,casa pariurilor,2026-06-12 10:05:22,Sitelinks,1000,334000,366000,2015-09-01,"Informational,Navigational,Commercial,Transactional,Branded,Non-local",Romanian,"518, 537, 649, 730, 702, 695, 700, 591, 485, 745, 841, 1073, 887, 1046, 901, 749, 910, 872, 881, 782, 809, 835, 831, 843","800, 880, 906, 876, 880, 808, 818, 719, 745, 771, 767, 780",Sports betting
240,cele mai bune cazinouri play n go,ro,46,900,,,play casino,2026-06-13 05:06:13,Featured snippet,900,400,400,2021-03-13,,,"0, 0, 0, 0, 0, 1, 0, 0, 0, 0, 0, 0, 4, 9, 0, 0, 0, 1430, 0, 0, 9668, 0, 0, 1",,
241,pariuri fortuna,ro,42,900,0.02,1.01,e fortuna,2026-06-12 21:33:37,,900,11000,11000,2015-09-17,"Navigational,Commercial,Transactional,Non-branded,Non-local",Romanian,"745, 775, 893, 1039, 1068, 1112, 1014, 918, 993, 972, 962, 821, 691, 721, 832, 968, 996, 1039, 948, 860, 931, 912, 904, 772","651, 679, 785, 914, 942, 983, 898, 815, 884, 866, 859, 735, 620",Sports betting
242,loto betano,ro,4,900,1.20,,loto online,2026-06-21 01:42:41,Sitelinks,900,5600,5700,2017-01-17,"Informational,Commercial,Transactional,Branded,Non-local",Romanian,"551, 956, 939, 691, 923, 918, 847, 696, 661, 822, 676, 568, 155, 164, 160, 360, 677, 928, 1818, 1521, 1307, 1364, 1228, 1162","1015, 1053, 1014, 952, 983, 1007, 903, 781, 738, 722, 692, 597, 521",Lottery
243,superbet jocuri,ro,60,900,0.60,,pacanele demo,2026-06-21 16:12:13,Bottom ads,900,12000,13000,2017-01-23,"Informational,Commercial,Transactional,Branded,Non-local",Romanian,"1879, 1871, 1024, 1726, 1823, 2284, 2340, 1729, 1042, 922, 750, 610, 601, 788, 782, 943, 966, 1052, 1007, 817, 970, 784, 770, 746","674, 705, 702, 683, 691, 723, 752, 769, 749, 733, 680, 658, 594",Lottery; Sensitive
244,agentii fortuna,ro,25,900,0.05,1.02,fortuna pariuri fotbal,2026-06-12 01:35:47,Knowledge panel,900,10,10,2015-09-10,"Informational,Commercial,Branded,Non-local",Romanian,"279, 132, 1105, 1477, 1083, 1349, 1188, 812, 1302, 874, 396, 214, 316, 19, 1142, 1513, 1119, 1385, 1224, 848, 1338, 910, 432, 250","352, 52, 1178, 1549, 1155, 1421, 1260, 884, 1374, 947, 468, 287, 389",Insurance; Company news
245,loto fortuna,ro,58,900,0.01,1.1,loto online,2026-06-27 07:06:52,"Sitelinks,Video preview",900,4600,4600,2015-09-16,"Informational,Commercial,Transactional,Branded,Non-local",Romanian,"1340, 1123, 1054, 1294, 1560, 1085, 1120, 1286, 847, 1328, 879, 895, 688, 924, 1092, 905, 905, 661, 917, 842, 812, 1006, 1034, 950","922, 1007, 913, 978, 949, 859, 803, 832, 803, 996, 1024, 942",Lottery
246,winner bonus fara depunere,ro,57,900,2.00,,winner bonus fara depunere,2026-06-08 09:52:33,,1000,1000,1000,2020-12-31,"Informational,Commercial,Transactional,Branded,Non-local",Romanian,"492, 485, 398, 397, 407, 514, 631, 622, 910, 916, 918, 1055, 493, 697, 705, 1116, 2110, 1206, 790, 959, 855, 829, 744, 724","630, 585, 536, 529, 601, 587, 584, 619, 549, 521, 460, 443, 367",Sports betting
247,cazinouri noi online romania,ro,77,900,1.10,,casino online romania,2026-06-10 15:07:53,,1000,64000,69000,2022-07-13,"Informational,Commercial,Non-branded,Non-local",Romanian,"390, 593, 584, 734, 736, 403, 483, 326, 396, 582, 486, 594, 488, 895, 1977, 1129, 887, 854, 957, 911, 859, 818, 679, 746","684, 738, 816, 704, 661, 624, 612, 551, 527, 509, 459, 456, 419",Gambling
248,vegas casino,ro,68,900,1.30,,lasvegas,2026-06-07 07:14:26,"Local pack,Video preview",143000,23000,27000,2015-11-11,"Informational,Commercial,Non-branded,Local",English,"1482, 1796, 1452, 1223, 1201, 1485, 1744, 1541, 1807, 1759, 1508, 1462, 1188, 1033, 1301, 1259, 747, 544, 939, 964, 812, 800, 736, 689","679, 676, 737, 762, 704, 801, 820, 921, 783, 777, 719, 676, 668",Gambling; Tourist destinations
249,l1160665w000326,ro,50,900,1.00,,fortuna bilet,2026-06-20 22:58:20,Video preview,900,1200,1200,2016-11-22,"Informational,Non-branded,Non-local",,"910, 1051, 1306, 1637, 1914, 1627, 1933, 1606, 1346, 1625, 676, 1891, 1576, 1846, 1873, 2302, 989, 383, 1542, 22, 11, 12, 13, 2",9,Technical reference
250,winner.ro,ro,37,900,0.70,1.03,winner,2026-06-26 06:00:29,Sitelinks,1200,69000,70000,2015-09-02,"Informational,Navigational,Branded,Non-local",,"761, 734, 773, 754, 744, 871, 1068, 1157, 853, 1128, 956, 934, 794, 766, 806, 787, 776, 908, 1114, 1207, 890, 1176, 997, 974","828, 798, 840, 819, 808, 946, 1160, 1256, 926, 1224, 1037, 1013",Lottery; Sports betting
251,live betano,ro,27,900,1.00,,betano live,2026-06-20 02:45:35,"Sitelinks,Video preview",900,7700,8500,2016-12-13,"Informational,Navigational,Transactional,Branded,Non-local",English,"130, 126, 350, 364, 304, 298, 667, 812, 823, 825, 828, 916, 780, 947, 948, 906, 949, 881, 1207, 877, 822, 888, 876, 873","781, 782, 799, 929, 941, 892, 952, 914, 857, 925, 913, 909, 813",Sports betting; Sports
252,flashscore .ro,ro,70,900,,0.95,flashscore,2026-06-14 09:38:06,"Sitelinks,Video preview",2300,307000,381000,2015-09-03,"Informational,Navigational,Branded,Non-local",,"35, 87, 481, 2, 3, 70, 550, 584, 311, 726, 710, 1686, 974, 572, 1387, 799, 381, 466, 635, 339, 233, 192, 2134, 1331",1216,Statistics
253,top casino online romania,ro,70,900,3.50,,cazinouri online,2026-06-20 09:37:43,Video preview,1200,33000,34000,2018-11-20,"Informational,Commercial,Non-branded,Local",English,"176, 223, 221, 276, 268, 323, 333, 352, 324, 494, 615, 506, 418, 685, 1024, 812, 964, 1005, 993, 999, 998, 1037, 1032, 1062","1044, 1087, 1136, 1144, 1183, 1185, 1214, 1215, 1213, 1253, 1247, 1277",Casino games; Gambling
254,win,ro,61,900,0.90,0.23,win2,2026-06-21 12:38:03,"Image pack,Video preview",277000,68000,72000,2015-09-01,"Informational,Non-branded,Non-local",English,"798, 789, 781, 815, 845, 874, 854, 828, 834, 857, 846, 827, 833, 824, 816, 850, 879, 909, 888, 863, 868, 892, 881, 862","867, 859, 851, 884, 914, 943, 923, 898, 903, 926, 916, 897",/Other
255,cazinou nou,ro,80,900,1.20,,cazinouri online,2026-06-19 22:35:03,,1000,24000,28000,2022-06-28,"Informational,Commercial,Transactional,Non-branded,Non-local",Romanian,"143, 221, 273, 222, 408, 420, 620, 634, 518, 426, 277, 418, 413, 627, 1391, 1113, 1388, 983, 956, 1021, 963, 910, 843, 773","698, 735, 782, 725, 696, 662, 761, 775, 713, 643, 534, 525, 488",Gambling
256,lasvegas casino,ro,64,900,0.80,,lasvegas,2026-06-14 15:52:46,"Sitelinks,Local pack",1800,24000,29000,2020-02-25,"Informational,Commercial,Transactional,Non-branded,Non-local",English,"1569, 1570, 1758, 602, 585, 427, 2622, 2201, 2276, 2462, 1636, 1572, 883, 833, 924, 905, 716, 569, 729, 715, 3078, 695, 755, 569","665, 571, 632, 571, 562, 550, 793, 724, 602, 727, 592, 578, 674",Gambling
257,rotiri gratuite fara depunere fara rulaj,ro,72,900,2.50,,rotiri gratuite fara depunere,2026-06-10 14:34:46,Bottom ads,1000,166000,169000,2022-08-05,"Informational,Non-branded,Non-local",Romanian,"150, 219, 265, 262, 275, 278, 417, 500, 394, 472, 467, 481, 321, 221, 275, 621, 292, 712, 1131, 2531, 2069, 1150, 999, 1064","975, 1451, 1580, 1932, 1418, 1552, 1591, 1985, 1447, 1312, 1223, 1078, 988",Gambling
258,rotiri gratis,ro,74,900,1.40,,rotiri gratuite fara depunere,2026-06-16 20:41:58,,1000,47000,47000,2016-04-27,"Informational,Commercial,Transactional,Non-branded,Non-local",Romanian,"493, 481, 479, 488, 714, 506, 609, 744, 598, 602, 713, 591, 477, 444, 512, 805, 826, 667, 879, 1110, 1323, 1487, 1014, 1041","1070, 954, 981, 991, 1564, 1581, 1390, 1419, 1243, 1255, 1137, 1085, 1107",Gambling
259,superber,ro,6,800,0.50,0.86,superbet,2026-06-16 15:26:47,"Sitelinks,Video preview",20000,1550000,1620000,2015-09-17,"Informational,Non-branded,Non-local",English,"599, 588, 585, 707, 722, 730, 735, 845, 810, 841, 724, 704, 560, 611, 702, 714, 834, 799, 876, 849, 849, 842, 776, 738","701, 718, 766, 785, 828, 802, 817, 852, 851, 844, 778, 740, 702",/Other
260,las vegas online,ro,73,800,1.20,0.4,lasvegas,2026-06-20 17:38:56,Sitelinks,1700,24000,26000,2015-09-12,"Informational,Commercial,Transactional,Non-branded,Non-local",English,"1727, 1127, 1438, 1745, 576, 1487, 1145, 1028, 311, 349, 1020, 819, 557, 643, 774, 720, 729, 865, 878, 1322, 863, 726, 809, 649","982, 1074, 1054, 1025, 834, 975, 822, 1347, 879, 740, 824, 661, 1000",Sports betting
261,www.efortuna,ro,42,800,0.15,1.1,fortuna fotbal,2026-06-16 14:51:03,,1000,1500,1500,2015-09-16,"Navigational,Transactional,Branded,Non-local",,"678, 987, 989, 1011, 1013, 664, 803, 1232, 1147, 985, 948, 754, 675, 800, 748, 755, 747, 705, 667, 684, 1003, 1227, 1014, 1162","1178, 1248, 1247, 1295, 1275, 1305, 1262, 1292, 1254, 1254, 1167, 1182, 1196",Sports betting; Sports
262,fortuna online,ro,54,800,0.45,1.14,fortuna pariu sportive,2026-06-13 12:55:32,,3000,10,10,2015-09-20,"Informational,Navigational,Commercial,Transactional,Branded,Non-local",Romanian,"964, 904, 961, 1056, 1071, 1134, 1166, 1056, 1192, 1199, 1036, 903, 779, 727, 770, 843, 851, 897, 918, 828, 929, 930, 800, 693","594, 551, 580, 630, 632, 660, 671, 600, 667, 661, 563, 482, 409",Sports betting; Sports
263,superbet oferta de azi,ro,41,800,2.50,,superbet oferta,2026-06-10 15:24:48,Sitelinks,800,51000,52000,2015-10-17,"Informational,Commercial,Branded,Non-local",Romanian,"323, 395, 318, 312, 474, 713, 865, 713, 706, 740, 734, 515, 479, 518, 626, 756, 929, 907, 951, 881, 959, 976, 843, 777","709, 792, 750, 867, 879, 927, 920, 936, 1018, 1037, 896, 825",Sports betting
264,demo casino,ro,79,800,0.80,,superbet casino,2026-06-18 20:30:25,,22000,15000,17000,2019-10-23,"Informational,Non-branded,Non-local",English,"522, 434, 654, 649, 656, 784, 900, 395, 793, 787, 635, 769, 510, 552, 667, 789, 909, 796, 811, 854, 853, 783, 738, 747","641, 692, 777, 755, 851, 811, 812, 854, 853, 783, 738, 748, 642",Gambling
265,2win,ro,33,800,0.60,,win2,2026-06-12 10:44:11,Video preview,8800,72000,76000,2015-10-30,"Informational,Commercial,Branded,Non-local",,"433, 444, 576, 438, 421, 413, 491, 514, 429, 494, 432, 445, 372, 573, 542, 929, 1152, 954, 1141, 1164, 1002, 960, 909, 870","835, 835, 824, 799, 772, 757, 805, 861, 713, 676, 636",Business services; Rail freight; Gambling; Transportation
266,slovacia keno 20/80,ro,0,800,0.15,,slovacia keno,2026-06-03 10:34:31,,800,18000,18000,2015-12-20,"Informational,Branded,Non-local",Romanian,"1541, 1280, 856, 1070, 1575, 1321, 1338, 1311, 1042, 1354, 1321, 1326, 782, 731, 868, 845, 1253, 722, 776, 854, 785, 877, 749, 761","719, 685, 689, 661, 791, 701, 832, 861, 793, 884, 757, 768, 726",Lottery
267,oferte superbet,ro,62,800,2.00,1.06,super bet,2026-06-16 15:43:34,Sitelinks,800,88000,90000,2015-10-17,"Informational,Commercial,Branded,Non-local",Romanian,"574, 728, 713, 568, 350, 434, 611, 833, 808, 620, 619, 522, 405, 385, 632, 810, 829, 803, 1161, 889, 858, 810, 811, 849","888, 871, 914, 938, 934, 930, 997, 1070, 1031, 969, 968, 1011, 1055",Sports betting
268,casino nou bonus fara depunere,ro,73,800,0.80,,rotiri gratuite fara depunere,2026-06-10 23:16:55,,800,166000,169000,2022-11-04,"Informational,Commercial,Transactional,Non-branded,Non-local",Romanian,"254, 309, 258, 202, 247, 581, 702, 721, 569, 580, 382, 305, 247, 411, 955, 1044, 527, 1074, 749, 808, 809, 828, 831, 846","856, 906, 976, 1007, 988, 1040, 1081, 1139, 1140, 1160, 1162, 1177, 1187",Gambling
269,superbwt,ro,50,800,0.50,0.96,superbet,2026-06-22 04:13:22,"Sitelinks,Video preview",2700,1570000,1670000,2015-09-11,"Informational,Navigational,Commercial,Transactional,Branded,Local",,"576, 576, 584, 713, 712, 707, 727, 843, 813, 830, 701, 689, 561, 593, 687, 717, 836, 833, 900, 863, 829, 822, 743, 799","750, 780, 851, 871, 904, 880, 914, 879, 845, 838, 759, 815, 766",Sports betting; Sports
270,live cazino,ro,62,800,,,live casino romania,2026-06-12 15:14:41,Video preview,1000,1900,2000,2017-11-21,"Informational,Commercial,Transactional,Non-branded,Non-local",Romanian,"28, 47, 41, 31, 45, 40, 37, 41, 40, 46, 44, 47, 56, 532, 604, 579, 855, 759, 860, 1098, 939, 969, 887, 918",932,Gambling
271,betano bonus,ro,57,800,2.00,0.99,betano bonus,2026-06-12 23:02:49,Sitelinks,6400,1100,1100,2016-05-19,"Informational,Commercial,Branded,Non-local",Romanian,"677, 558, 566, 697, 685, 684, 689, 707, 799, 669, 666, 679, 547, 706, 585, 1042, 845, 781, 868, 887, 868, 848, 809, 839","870, 834, 718, 778, 773, 839, 868, 887, 868, 848, 809",Sports betting
272,win2bet,ro,59,800,,,win2,2026-06-15 17:00:31,Sitelinks,1000,71000,75000,2020-03-01,"Informational,Navigational,Branded,Non-local",,"599, 1265, 1950, 1213, 1322, 1021, 295, 312, 435, 307, 357, 378, 200, 172, 545, 894, 1610, 653, 847, 978, 1110, 649, 563, 563",591,Sports betting
273,casa pariurilor.ro,ro,48,800,1.70,1.16,casa pariurilor,2026-06-28 04:03:48,Sitelinks,900,347000,379000,2015-09-01,"Informational,Navigational,Branded,Non-local",Romanian,"664, 768, 801, 873, 931, 867, 960, 866, 895, 804, 633, 653, 614, 711, 742, 810, 865, 806, 893, 807, 835, 750, 592, 611","575, 666, 696, 761, 813, 758, 841, 761, 788, 708, 559, 578",Sports betting
274,lasvegas ro,ro,53,800,0.90,,lasvegas,2026-06-14 00:11:50,Sitelinks,1400,24000,28000,2021-06-28,"Informational,Navigational,Commercial,Transactional,Branded,Non-local",,"2577, 3218, 4032, 4639, 3693, 3590, 1024, 2183, 1872, 2049, 2646, 2036, 1675, 1356, 1484, 1428, 310, 323, 477, 542, 552, 672, 689, 364",581,Gambling
275,las vegas romania,ro,60,800,0.90,,lasvegas,2026-06-10 11:10:01,"Sitelinks,Video preview",1500,24000,28000,2016-06-04,"Informational,Non-branded,Non-local",English,"360, 1090, 1133, 1378, 1395, 1359, 1386, 1154, 764, 1083, 855, 852, 336, 661, 681, 824, 933, 1109, 860, 717, 758, 846, 731, 674","563, 707, 797, 747, 722, 746, 841, 606, 636, 731, 615, 561, 451",Maps; Tourist destinations
276,păcănele online,ro,76,800,3.00,,pacanele,2026-06-27 01:25:35,,1100,12000,13000,2015-09-28,"Informational,Commercial,Non-branded,Non-local",Romanian,"510, 441, 434, 658, 659, 661, 648, 682, 565, 651, 561, 545, 446, 574, 572, 719, 758, 869, 908, 926, 895, 940, 629, 830","758, 744, 767, 852, 897, 937, 954, 1068, 1007, 1039, 900, 934, 863",Gambling
277,vegas,ro,84,800,0.07,0.33,lasvegas,2026-06-13 00:42:09,"Sitelinks,Video preview,Image pack",193000,24000,28000,2015-09-01,"Informational,Commercial,Non-branded,Non-local",English,"1721, 1737, 2061, 1723, 1753, 1814, 1815, 455, 395, 446, 1289, 1275, 1248, 1265, 1231, 988, 1022, 901, 760, 355, 342, 378, 733, 802","927, 810, 890, 864, 953, 922, 834, 419, 404, 442, 797, 867, 992",Events; Gambling; Leisure; Tourist destinations
278,loto polonia superbet,ro,57,800,0.90,1.2,superbet loto,2026-06-17 10:19:46,"Video preview,Image pack",900,13000,13000,2015-09-02,"Informational,Commercial,Branded,Non-local",Romanian,"1393, 1229, 827, 826, 986, 1377, 1388, 1224, 986, 997, 1006, 991, 794, 545, 674, 665, 814, 1171, 1000, 928, 868, 967, 756, 828","834, 809, 739, 762, 999, 1147, 922, 924, 863, 963, 752, 825, 831",Lottery
279,top online casino,ro,73,800,5.00,,cazinouri online,2026-06-27 05:15:33,Video preview,24000,31000,33000,2019-06-14,"Informational,Commercial,Transactional,Non-branded,Non-local",English,"228, 186, 275, 278, 277, 239, 414, 350, 340, 591, 506, 509, 504, 675, 1126, 674, 921, 809, 714, 830, 819, 852, 841, 850","848, 882, 949, 926, 953, 918, 942, 992, 980, 1013, 1003, 1011, 1009",Gambling
280,aparate fara depunere,ro,72,800,2.00,,bonus fara depunere,2026-06-13 23:44:29,,800,138000,141000,2020-12-09,"Informational,Commercial,Transactional,Non-branded,Non-local",Romanian,"311, 318, 262, 259, 464, 379, 379, 586, 850, 574, 702, 380, 382, 701, 581, 856, 901, 310, 1299, 1316, 1012, 600, 422, 831","838, 892, 908, 968, 1028, 1000, 1058, 1145, 1133, 1133, 1194, 1142, 1149",Gambling
281,betano pariuri,ro,38,800,1.70,1.04,betano,2026-06-10 09:39:04,"Sitelinks,Top stories,Thumbnail,Video preview",1200,471000,475000,2016-04-26,"Navigational,Commercial,Transactional,Branded,Non-local",Romanian,"2013, 1710, 1421, 1101, 1402, 1076, 1419, 1082, 930, 911, 912, 759, 501, 713, 837, 826, 1004, 873, 1054, 796, 870, 847, 942, 925","895, 582, 531, 505, 871, 918, 980, 740, 816, 792, 887, 871, 842",Sports betting
282,case pariuri,ro,73,800,5.00,1.04,pariuri sportive,2026-06-12 03:39:28,Sitelinks,1000,11000,11000,2015-09-07,"Informational,Non-branded,Non-local",Romanian,"758, 723, 610, 731, 735, 883, 907, 882, 889, 907, 907, 1065, 629, 729, 722, 797, 795, 705, 762, 829, 817, 833, 789, 825","800, 731, 733, 791, 813, 860, 848, 840, 827, 844, 799, 835, 811",Sports betting
283,77777 fara depunere,ro,75,800,1.10,,rotiri gratuite fara depunere,2026-06-06 13:03:23,Sitelinks,900,168000,172000,2022-09-24,"Informational,Non-branded,Non-local",Romanian,"767, 746, 1110, 909, 908, 1399, 1716, 2592, 2521, 1413, 1159, 1144, 872, 891, 900, 904, 907, 771, 642, 856, 464, 394, 335, 405","258, 403, 544, 496, 507, 612, 604, 827, 384, 56, 305, 377",Gambling
284,casa pariurilor aplicatie,ro,20,800,2.50,0.98,casa pariurilor,2026-06-15 20:57:41,Sitelinks,900,347000,379000,2015-09-21,"Informational,Transactional,Branded,Non-local",Romanian,"805, 715, 774, 753, 962, 777, 975, 757, 961, 793, 766, 651, 768, 670, 730, 709, 918, 737, 931, 712, 917, 751, 724, 611","726, 630, 689, 669, 876, 696, 889, 672, 875, 711, 685, 572, 687",Sports betting; Add-ons
285,joc de noroc,ro,57,800,1.00,0.82,onjn,2026-06-27 07:21:51,"People also ask,Video preview",1100,5700,6300,2015-09-03,"Informational,Transactional,Non-branded,Non-local",Romanian,"433, 392, 540, 392, 386, 693, 1399, 626, 595, 712, 705, 491, 872, 692, 523, 1297, 1440, 829, 618, 522, 561, 981, 821, 752","748, 752, 731, 831, 924, 839, 888, 799, 744, 791, 843, 770, 766",Lottery
286,bonus bun venit,ro,66,800,5.00,,bonus de bun venit,2026-06-24 13:45:46,Video preview,900,200,200,2016-10-22,"Informational,Commercial,Branded,Non-local",Romanian,"279, 289, 289, 238, 364, 437, 444, 465, 455, 661, 549, 459, 379, 617, 553, 676, 674, 590, 662, 869, 922, 1391, 648, 1016","968, 1015, 1002, 1046, 1200, 1292, 1156, 1151, 1151, 1194, 1184, 1103, 1050",Savings accounts
287,cel mai bun casino online,ro,62,800,,,top 10 casino online,2026-06-14 02:40:04,Video preview,1100,3700,3900,2016-01-20,"Informational,Commercial,Non-branded,Non-local",Romanian,"117, 132, 151, 118, 168, 126, 148, 237, 200, 236, 145, 200, 143, 752, 628, 610, 768, 887, 875, 936, 870, 773, 770, 953",833,Gambling
288,oferta fortuna,ro,48,800,0.01,1.09,fortuna,2026-06-14 09:55:47,"Sitelinks,Bottom ads,Paid sitelinks",3800,254000,259000,2015-09-16,"Informational,Commercial,Non-branded,Non-local",Romanian,"466, 588, 609, 666, 879, 865, 677, 687, 847, 692, 705, 862, 675, 1256, 1094, 901, 840, 727, 727, 902, 893, 869, 719, 574","540, 683, 667, 841, 914, 845, 274, 678, 691, 387, 314, 229, 222",Shopping
289,casino online bonus,ro,79,700,1.90,,888,2026-06-21 01:20:02,,13000,89000,94000,2017-03-19,"Informational,Commercial,Transactional,Non-branded,Non-local",English,"145, 112, 164, 189, 224, 124, 329, 731, 581, 1844, 745, 155, 568, 790, 886, 908, 804, 373, 337, 503, 996, 841, 474, 493","529, 544, 555, 561, 566, 508, 539, 584, 551, 681, 562, 499, 536",Gambling
290,slot machine,ro,65,700,2.50,1.05,slot machine,2026-06-24 10:14:45,"Shopping,Thumbnail,People also ask,Video preview",73000,1300,1300,2015-09-02,"Informational,Non-branded,Non-local",English,"587, 531, 629, 650, 667, 653, 662, 755, 683, 767, 712, 650, 586, 530, 628, 649, 666, 652, 661, 754, 682, 767, 711, 650","585, 530, 627, 648, 666, 651, 660, 753, 682, 766, 711, 649, 585",Lottery
291,winner casino online,ro,68,700,1.00,,casino online,2026-06-11 23:34:35,,3300,15000,16000,2020-01-09,"Navigational,Commercial,Transactional,Branded,Non-local",English,"116, 118, 226, 150, 179, 150, 226, 352, 231, 153, 228, 351, 519, 472, 552, 314, 319, 454, 471, 588, 805, 994, 1521, 904","921, 849, 850, 1256, 1109, 1221, 1313, 1124, 1009, 896, 1250, 938, 955",Gambling
292,jocuri de cazino,ro,83,700,1.70,1.73,fortuna casino,2026-06-22 10:23:08,,1000,38000,43000,2015-09-06,"Informational,Commercial,Transactional,Non-branded,Non-local",Romanian,"238, 299, 363, 306, 311, 388, 374, 314, 443, 531, 536, 551, 458, 606, 576, 1008, 679, 672, 904, 904, 829, 684, 650, 781","764, 790, 773, 786, 800, 774, 790, 833, 784, 802, 816, 809, 793",Gambling
293,rotiri fără depunere,ro,73,700,2.50,,rotiri gratuite fara depunere,2026-06-14 01:22:05,Sitelinks,800,42000,43000,2020-09-14,"Informational,Commercial,Transactional,Non-branded,Non-local",Romanian,"330, 400, 477, 520, 635, 221, 766, 1201, 232, 1013, 206, 208, 453, 539, 619, 624, 820, 739, 863, 1050, 419, 868, 569, 625","713, 803, 879, 915, 1070, 768, 1183, 1546, 616, 1316, 682, 723, 937",Gambling
294,casa pariurilor online,ro,34,700,1.80,1.18,casa pariurilor,2026-06-18 21:55:43,Sitelinks,900,347000,380000,2015-09-02,"Informational,Navigational,Commercial,Transactional,Branded,Non-local",Romanian,"657, 655, 729, 775, 818, 767, 845, 864, 946, 843, 705, 630, 600, 599, 668, 711, 751, 705, 777, 796, 873, 778, 652, 584","556, 556, 620, 661, 699, 657, 725, 744, 816, 728, 610, 547, 522",Sports betting
295,cazinouri bonus fara depunere,ro,67,700,2.50,,bonus fara depunere,2026-06-20 03:15:52,Sitelinks,800,131000,134000,2017-02-01,"Informational,Commercial,Transactional,Non-branded,Non-local",Romanian,"304, 318, 391, 395, 392, 478, 604, 845, 354, 321, 696, 558, 450, 620, 658, 765, 800, 737, 847, 990, 657, 701, 887, 789","736, 832, 835, 875, 870, 854, 958, 1101, 769, 813, 998, 901, 847",Gambling
296,betano com login,ro,73,700,0.80,,betano com login,2026-06-22 14:04:44,,2500,100,300,2022-11-06,"Navigational,Transactional,Branded,Non-local",English,"96, 64, 96, 96, 146, 177, 146, 217, 469, 320, 322, 487, 410, 494, 500, 637, 691, 599, 1090, 906, 915, 897, 574, 946","970, 996, 1016, 1047, 1077, 1106, 1127, 1140, 1179, 1175, 1196, 1212, 1235",Sports betting
297,www.superbet.ro,ro,66,700,1.30,1.08,superbet,2026-06-27 18:34:00,Sitelinks,900,1580000,1630000,2015-09-02,"Navigational,Branded,Non-local",,"686, 544, 748, 789, 765, 754, 676, 617, 627, 651, 593, 744, 679, 539, 742, 784, 760, 750, 673, 615, 626, 649, 592, 742","678, 538, 741, 784, 760, 750, 673, 615, 625, 649, 591, 742, 678",Sports betting
298,cazinouri online care platesc,ro,16,700,1.70,,cazinouri online care platesc,2026-06-10 11:13:11,"Bottom ads,Video preview",900,20,20,2016-06-17,"Informational,Commercial,Non-branded,Non-local",Romanian,"431, 365, 367, 375, 377, 452, 376, 459, 361, 452, 440, 362, 367, 488, 416, 556, 680, 818, 850, 1000, 866, 966, 590, 775","793, 792, 765, 831, 943, 1015, 1155, 1198, 1061, 1222, 1096, 1100, 1115",Gambling
299,jocuri online casino,ro,83,700,2.50,1.35,cazinouri online,2026-06-28 16:20:20,,1300,68000,73000,2015-11-28,"Informational,Commercial,Transactional,Non-branded,Non-local",Romanian,"178, 223, 234, 285, 283, 346, 347, 419, 384, 479, 371, 469, 378, 571, 530, 846, 562, 824, 756, 815, 740, 790, 772, 771","725, 757, 756, 785, 767, 788, 797, 856, 780, 831, 813, 812",Gambling
300,bet casino,ro,82,700,1.20,,getsbet casino,2026-06-14 16:08:10,,215000,1000,1100,2016-12-28,"Commercial,Transactional,Non-branded,Non-local",English,"207, 365, 464, 552, 536, 655, 261, 309, 703, 234, 699, 739, 545, 745, 621, 524, 609, 529, 782, 685, 731, 690, 744, 757","731, 772, 801, 802, 843, 846, 849, 877, 923, 882, 936, 949, 923",Sports betting
301,casa par,ro,19,700,1.00,0.93,casa pariurilor,2026-06-14 15:04:44,"Sitelinks,Video preview",1000,346000,378000,2015-09-07,"Informational,Non-branded,Local","Spanish,Portuguese","678, 786, 802, 866, 848, 813, 646, 725, 827, 759, 615, 788, 664, 770, 785, 848, 830, 796, 632, 710, 809, 743, 602, 771","650, 753, 768, 830, 812, 779, 619, 695, 792, 727, 589, 754, 636",Residential sales
302,superbet oferta azi,ro,35,700,3.50,,superbet oferta,2026-06-10 20:38:42,Sitelinks,700,51000,52000,2015-11-07,"Informational,Commercial,Branded,Non-local",Romanian,"686, 830, 1176, 1173, 1188, 1532, 1901, 1550, 1487, 1533, 1189, 1020, 291, 200, 558, 822, 680, 682, 874, 807, 916, 881, 760, 694","742, 799, 856, 929, 777, 735, 770, 813, 923, 887, 766, 699, 748",Sports betting
303,superbe,ro,57,700,1.80,0.25,superbet,2026-06-15 03:00:13,Sitelinks,6600,1560000,1620000,2015-09-04,"Informational,Navigational,Commercial,Branded,Non-local",Romanian,"819, 813, 810, 765, 797, 744, 716, 696, 684, 733, 617, 639, 802, 796, 793, 749, 780, 728, 701, 682, 669, 718, 604, 625","785, 780, 776, 733, 763, 713, 686, 667, 655, 703, 591, 612, 768",Sports betting; Sports
304,cazino nou,ro,73,700,1.80,,unibet.ro casino,2026-06-21 20:18:10,,800,450,600,2021-08-20,"Informational,Commercial,Transactional,Non-branded,Non-local",Romanian,"100, 152, 229, 232, 348, 353, 430, 433, 428, 435, 434, 427, 348, 562, 800, 816, 971, 841, 711, 721, 732, 734, 721, 697","622, 837, 963, 841, 923, 743, 642, 740, 748, 749, 734, 708, 632",Gambling
305,cazinouri rotiri gratuite,ro,67,700,1.70,,rotiri gratuite fara depunere,2026-06-27 20:09:39,Sitelinks,800,48000,49000,2022-01-19,"Informational,Commercial,Transactional,Non-branded,Non-local",Romanian,"206, 316, 255, 138, 396, 480, 491, 753, 499, 699, 478, 178, 612, 731, 606, 809, 281, 527, 630, 863, 753, 717, 868, 657","727, 760, 750, 782, 814, 840, 865, 937, 903, 950, 960, 909, 979",Gambling
306,winboss rotiri gratuite,ro,59,700,1.00,,rotiri gratuite fara depunere,2026-06-09 07:25:36,,800,5200,5200,2022-07-21,"Informational,Commercial,Branded,Non-local",Romanian,"95, 144, 115, 150, 334, 637, 925, 1043, 897, 622, 603, 601, 331, 824, 398, 452, 1023, 722, 772, 755, 707, 680, 602, 573","526, 533, 476, 464, 476, 467, 479, 468, 443, 418, 357, 334",Gambling
307,pacanele casino,ro,75,700,1.00,,pacanele gratis,2026-06-07 10:30:31,Video preview,800,30000,33000,2015-09-08,"Informational,Commercial,Non-branded,Non-local",Romanian,"89, 105, 97, 142, 117, 73, 66, 83, 79, 111, 117, 87, 59, 92, 95, 358, 1114, 1426, 1161, 1006, 819, 909, 705, 1944","1407, 1303, 1031, 1326, 1554, 1412, 1199, 1039, 845, 939, 728, 2007",Casino games
308,casa pariurilor rezultate,ro,41,700,1.00,1.18,casa pariurilor rezultate,2026-06-15 17:57:10,Sitelinks,1000,2100,2300,2015-09-02,"Informational,Branded,Non-local",Romanian,"562, 608, 867, 925, 937, 798, 828, 812, 929, 898, 730, 499, 441, 495, 750, 814, 824, 689, 719, 705, 822, 794, 626, 398","340, 396, 652, 717, 728, 594, 625, 613, 731, 704, 538, 310, 253",Sports betting; Sports
309,pariuri online romania,ro,81,700,7.00,1.33,netbet sport,2026-06-08 09:55:11,Sitelinks,1000,9100,11000,2015-09-02,"Informational,Commercial,Non-branded,Non-local",Romanian,"536, 359, 307, 498, 580, 570, 608, 482, 347, 618, 616, 625, 508, 777, 726, 691, 676, 679, 695, 680, 690, 697, 684, 700","684, 687, 707, 721, 738, 691, 722, 703, 710, 715, 700",Sports betting
310,cazino furtuna,ro,63,700,1.90,,fortuna casino,2026-06-14 01:29:18,"Sitelinks,Knowledge panel",900,38000,43000,2020-01-18,"Informational,Commercial,Branded,Non-local",Romanian,"304, 245, 205, 305, 368, 568, 835, 682, 365, 540, 706, 978, 660, 578, 470, 454, 675, 818, 907, 706, 559, 691, 744, 787","550, 545, 425, 492, 596, 715, 839, 579, 385, 605, 676, 773",Gambling
311,superbet.ro verificare bilet,ro,48,700,1.50,1.3,verificare bilet superbet,2026-06-14 05:08:49,"Sitelinks,Video preview",700,69000,70000,2015-09-02,"Informational,Navigational,Branded,Non-local",Romanian,"261, 256, 260, 323, 498, 211, 194, 311, 547, 584, 484, 484, 376, 592, 727, 798, 1026, 1221, 488, 527, 636, 524, 551, 499","474, 494, 483, 479, 491, 431, 379, 375, 399, 364, 344, 339",Sports betting
312,cele mai bune case de pariuri online,ro,68,700,3.00,1.49,pariuri sportive,2026-06-10 18:37:55,Sitelinks,900,11000,11000,2015-10-16,"Informational,Commercial,Non-branded,Non-local",Romanian,"344, 232, 286, 352, 352, 288, 351, 354, 409, 611, 424, 415, 287, 473, 689, 780, 631, 674, 789, 704, 783, 819, 688, 692","621, 600, 651, 727, 748, 747, 723, 713, 792, 828, 695, 699, 627",Sports betting
313,bonusuri,ro,70,700,1.80,0.48,bonus fara depunere,2026-06-15 09:02:13,,1200,135000,139000,2015-10-05,"Informational,Commercial,Transactional,Non-branded,Non-local",Romanian,"349, 355, 291, 427, 432, 425, 650, 796, 652, 775, 542, 633, 518, 597, 492, 566, 830, 699, 846, 776, 835, 789, 767, 724","660, 663, 600, 638, 758, 790, 802, 792, 848, 798, 775, 730, 665",Gambling
314,betano.com casino,ro,75,700,1.00,,betano casino,2026-06-12 03:47:51,Sitelinks,6500,26000,27000,2019-07-25,"Informational,Navigational,Commercial,Transactional,Branded,Non-local",English,"258, 721, 565, 467, 385, 386, 476, 498, 486, 389, 387, 391, 304, 478, 679, 777, 776, 919, 1334, 1074, 253, 857, 220, 714","720, 977, 843, 820, 776, 808, 986, 915, 762, 805, 736, 750, 723",Gambling
315,bonus fara depunere cazinouri noi,ro,74,700,1.30,,rotiri gratuite fara depunere,2026-06-05 07:08:37,,800,168000,172000,2021-12-12,"Informational,Commercial,Transactional,Non-branded,Non-local",Romanian,"103, 136, 175, 212, 210, 212, 211, 319, 301, 136, 108, 168, 168, 273, 226, 367, 468, 344, 344, 536, 1636, 1648, 1055, 1366","1216, 1220, 1134, 1141, 1080, 1047, 975, 957, 910, 863, 796, 761, 699",Gambling
316,winbet bonus fara depunere,ro,54,700,0.80,,winbet bonus fara depunere,2026-06-09 22:13:55,,900,1000,1000,2020-02-06,"Informational,Commercial,Transactional,Branded,Non-local",Romanian,"2032, 2065, 1725, 1361, 1049, 1071, 1368, 1990, 1669, 1351, 1009, 610, 748, 726, 609, 812, 667, 825, 760, 846, 811, 724, 750, 589","780, 721, 709, 725, 734, 699, 650, 757, 708, 634, 651, 499, 685",Sports betting
317,bonus rotiri fara depunere,ro,74,700,5.00,,rotiri gratuite fara depunere,2026-06-12 11:56:11,,900,180000,184000,2020-11-12,"Informational,Commercial,Non-branded,Non-local",Romanian,"108, 75, 107, 77, 136, 688, 1051, 1260, 853, 2785, 1116, 500, 1539, 2095, 1288, 610, 235, 343, 169, 312, 282, 433, 246, 165","251, 214, 160, 111, 93, 143, 167, 203, 118, 306, 114, 47",Gambling
318,free spins,ro,46,700,1.80,1.24,free spins casino,2026-06-24 17:36:54,Video preview,74000,900,900,2015-09-25,"Informational,Commercial,Non-branded,Non-local",English,"459, 484, 411, 442, 435, 526, 523, 641, 625, 616, 536, 637, 521, 679, 584, 565, 660, 662, 681, 844, 712, 752, 724, 772","641, 684, 565, 557, 569, 578, 589, 750, 622, 661, 636, 683",Gambling
319,casino online rotiri gratuite,ro,77,600,2.00,,bonus fara depunere,2026-06-22 01:18:31,,700,130000,133000,2018-10-15,"Informational,Commercial,Non-branded,Non-local",Romanian,"150, 147, 222, 231, 336, 335, 518, 665, 630, 738, 767, 648, 529, 477, 521, 504, 619, 533, 539, 595, 556, 556, 527, 505","512, 485, 480, 455, 455, 456, 461, 509, 476, 473, 449, 422",Gambling
320,cod bilet casa pariurilor,ro,24,600,0.90,,casa pariurilor verificare bilet,2026-06-11 03:41:31,Video preview,700,11000,11000,2015-10-06,"Informational,Commercial,Transactional,Branded,Non-local",Romanian,"593, 501, 752, 1364, 1373, 1073, 318, 1705, 1058, 305, 748, 238, 748, 633, 769, 936, 769, 413, 459, 685, 652, 544, 547, 454","534, 492, 535, 574, 574, 528, 447, 618, 586, 479, 482, 390, 471",Sports betting
321,casa pariurilor rezultate ieri,ro,42,600,0.35,,casa pariurilor rezultate,2026-06-17 07:53:49,,700,2100,2300,2016-01-20,"Informational,Branded,Non-local",Romanian,"425, 515, 512, 511, 540, 437, 359, 438, 517, 656, 545, 535, 349, 362, 544, 532, 636, 631, 658, 627, 663, 838, 641, 587","530, 560, 578, 655, 662, 593, 591, 652, 685, 862, 656, 599, 540",Sports betting; Sports news; Statistics
322,bonusuri casino fara depunere,ro,70,600,2.50,,bonus fara depunere,2026-06-21 05:44:15,Sitelinks,700,131000,134000,2015-10-02,"Informational,Commercial,Transactional,Non-branded,Non-local",Romanian,"272, 212, 241, 241, 296, 299, 290, 480, 818, 841, 484, 402, 401, 477, 568, 675, 804, 716, 688, 715, 723, 697, 633, 611","579, 561, 546, 536, 533, 516, 504, 527, 545, 520, 463, 443, 418",Gambling
323,rotiri gratuite casino,ro,75,600,2.50,,rotiri gratuite fara depunere,2026-06-13 03:03:04,Sitelinks,800,42000,43000,2016-06-02,"Informational,Commercial,Transactional,Non-branded,Non-local",Romanian,"388, 376, 422, 405, 502, 530, 577, 730, 839, 897, 752, 570, 514, 591, 741, 722, 813, 716, 669, 758, 648, 609, 492, 435","618, 620, 646, 654, 678, 661, 672, 682, 686, 676, 651, 628, 621",Gambling
324,rotiri gratuite la verificare,ro,73,600,3.00,,rotiri gratuite fara depunere,2026-06-17 21:03:11,Sitelinks,600,47000,48000,2023-05-04,"Informational,Commercial,Transactional,Non-branded,Non-local",Romanian,"182, 181, 152, 184, 186, 223, 221, 230, 227, 410, 336, 228, 156, 376, 389, 665, 568, 584, 704, 659, 666, 815, 721, 669","671, 861, 786, 943, 779, 824, 903, 811, 819, 968, 874, 821, 824",Gambling
325,rotiri gratuite la inregistrare fara depunere,ro,72,600,4.00,,rotiri gratuite fara depunere,2026-06-20 16:58:20,,800,70000,72000,2019-04-15,"Informational,Commercial,Non-branded,Non-local",Romanian,"8, 14, 11, 14, 26, 156, 236, 236, 161, 650, 212, 118, 290, 3595, 1276, 128, 25, 43, 17, 0, 0, 271, 1152, 292","357, 733, 481, 672, 443, 459, 443, 481, 492, 550, 552, 518",Gambling
326,betano contact telefon,ro,11,600,0.90,,betano contact,2026-06-24 15:17:17,Sitelinks,600,350,350,2018-10-15,"Informational,Branded,Non-local",Romanian,"389, 321, 481, 492, 390, 68, 259, 490, 482, 394, 264, 482, 384, 399, 396, 593, 726, 739, 725, 737, 751, 734, 702, 717","661, 638, 644, 629, 619, 564, 573, 600, 605, 600, 564, 587",Gambling
327,casa pariurilor apk,ro,31,600,1.80,1.1,casa pariurilor apk,2026-06-21 21:29:15,,800,1800,2100,2015-09-01,"Informational,Transactional,Branded,Non-local",Romanian,"1383, 1130, 1169, 1520, 1625, 1981, 2000, 1542, 796, 925, 678, 678, 441, 591, 716, 842, 702, 477, 763, 559, 513, 431, 359, 316","261, 208, 177, 219, 147, 99, 63, 53, 45, 39, 33, 28, 24",Sports betting; Add-ons
328,player pariuri,ro,48,600,0.25,,player pariuri,2026-05-28 05:22:27,Sitelinks,600,500,600,2022-12-24,"Informational,Commercial,Branded,Non-local",Romanian,"122, 184, 153, 185, 177, 215, 210, 164, 122, 313, 238, 197, 195, 481, 584, 464, 521, 734, 777, 730, 699, 706, 708, 687","675, 693, 688, 684, 695, 711, 722, 691, 659, 668, 669, 649",Sports betting
329,win2ro,ro,38,600,0.70,,win2,2026-06-26 02:55:06,Sitelinks,700,69000,73000,2015-10-22,"Informational,Non-branded,Non-local",,"687, 963, 838, 579, 570, 544, 547, 451, 371, 538, 320, 314, 258, 431, 653, 615, 698, 566, 698, 579, 462, 683, 683, 504","512, 572, 531, 552, 527, 531, 652, 610, 568, 549, 468, 434, 441",/Other
330,ruleta casino,ro,57,600,3.50,0.56,ruleta casino online,2026-06-28 09:31:53,Video preview,17000,300,300,2015-10-10,"Informational,Commercial,Non-branded,Non-local",Romanian,"422, 352, 419, 431, 492, 497, 574, 584, 475, 584, 497, 514, 506, 656, 572, 613, 500, 509, 560, 594, 528, 560, 526, 544","509, 529, 512, 539, 565, 553, 592, 626, 560, 592, 558, 576",Gambling
331,pariuri sportive romania,ro,81,600,7.00,1.04,unibet.ro,2026-06-16 01:05:46,Sitelinks,900,14000,15000,2015-09-09,"Informational,Commercial,Non-branded,Non-local",Romanian,"356, 236, 229, 239, 308, 312, 305, 306, 294, 302, 441, 439, 360, 364, 441, 529, 542, 582, 605, 589, 713, 807, 519, 685","738, 672, 870, 963, 903, 899, 960, 874, 894, 933, 960, 1065, 1129",Sports betting; Sports
332,rotiri gratuite la verificarea contului,ro,69,600,3.00,,rotiri gratuite fara depunere,2026-06-17 21:21:25,,700,47000,48000,2022-10-28,"Informational,Transactional,Non-branded,Non-local",Romanian,"123, 214, 120, 121, 223, 322, 423, 739, 516, 584, 596, 492, 348, 694, 611, 768, 551, 647, 579, 656, 657, 651, 634, 639","638, 688, 678, 708, 708, 735, 757, 782, 782, 777, 760, 764, 763",Lottery
333,betano.com romania,ro,39,600,1.00,,betano,2026-06-09 16:51:03,Sitelinks,800,471000,475000,2021-04-07,"Informational,Navigational,Commercial,Branded,Non-local",English,"2258, 1831, 1840, 1789, 1835, 1519, 3424, 2311, 1237, 1226, 835, 809, 643, 663, 659, 813, 685, 680, 665, 547, 465, 395, 336, 285","243, 206, 218, 300, 333, 319, 593, 372, 233, 271, 143, 104",Sports betting
334,fourtuna,ro,55,600,0.15,0.95,fortuna,2026-06-17 05:55:52,"Sitelinks,Local pack,Video preview",700,237000,241000,2015-09-17,"Informational,Commercial,Non-branded,Non-local",,"434, 441, 428, 421, 516, 507, 533, 517, 517, 675, 542, 655, 500, 526, 513, 520, 670, 490, 644, 589, 606, 652, 609, 578","539, 571, 598, 596, 635, 599, 606, 592, 609, 654, 611, 579, 540",Electronic music; Industrial music
335,pacanele rotiri gratuite,ro,74,600,2.00,,rotiri gratuite fara depunere,2026-06-21 21:04:04,,700,29000,29000,2020-09-14,"Informational,Commercial,Transactional,Non-branded,Non-local",Romanian,"82, 98, 102, 101, 124, 192, 241, 361, 440, 541, 437, 307, 357, 305, 259, 515, 779, 947, 931, 1149, 903, 536, 375, 471","510, 475, 501, 634, 653, 633, 567, 662, 487, 422, 471, 483, 522",Gambling
336,fara depunere.ro,ro,73,600,2.00,,fara depunere.ro,2026-06-13 14:06:07,,600,500,500,2022-11-07,"Informational,Navigational,Commercial,Branded,Non-local",Romanian,"453, 367, 256, 384, 576, 698, 705, 813, 531, 568, 464, 822, 783, 804, 575, 556, 591, 396, 577, 567, 537, 533, 530, 644","581, 557, 505, 548, 593, 655, 608, 621, 590, 586, 584, 697",Gambling
337,cazinouri cu rotiri gratuite,ro,73,600,2.00,,rotiri gratuite fara depunere,2026-06-10 04:59:42,"Top ads,Paid sitelinks",700,31000,32000,2019-01-15,"Informational,Commercial,Transactional,Non-branded,Non-local",Romanian,"346, 418, 429, 232, 357, 517, 871, 1177, 1369, 1091, 633, 626, 523, 634, 739, 851, 850, 743, 520, 564, 621, 544, 431, 397","385, 393, 383, 331, 306, 316, 375, 400, 420, 383, 252, 243, 223",Gambling
338,casino poker,ro,82,600,1.90,,casino online,2026-06-10 19:51:20,"Video preview,Thumbnail",6400,16000,17000,2016-01-03,"Informational,Non-branded,Non-local",English,"222, 286, 201, 257, 246, 305, 272, 336, 159, 337, 307, 227, 270, 447, 551, 270, 200, 191, 245, 285, 3909, 268, 212, 104",197,Casino games
339,rezultate loto fortuna,ro,60,600,0.70,,loto online,2026-06-21 04:43:40,Sitelinks,600,4800,4800,2015-09-19,"Informational,Branded,Non-local",Romanian,"558, 579, 800, 689, 578, 707, 587, 791, 571, 698, 577, 582, 552, 694, 553, 569, 683, 530, 479, 598, 529, 531, 453, 453","444, 484, 496, 485, 453, 479, 475, 579, 511, 512, 435, 435, 425",Lottery
340,casa pariurilor contact,ro,0,600,2.50,1.22,suport@casapariurilor.ro,2026-06-08 07:07:33,Local pack,600,100,150,2015-09-06,"Informational,Navigational,Branded,Local",Romanian,"389, 389, 320, 272, 452, 376, 455, 465, 321, 396, 401, 502, 319, 355, 430, 646, 529, 507, 709, 706, 647, 656, 472, 712","596, 611, 574, 608, 709, 745, 760, 712, 656, 659, 691, 723, 606",Sports betting; Business
341,cont casa pariurilor,ro,17,600,2.50,1.39,casa pariurilor,2026-06-14 00:49:47,Sitelinks,600,346000,378000,2015-09-25,"Informational,Transactional,Branded,Non-local",Romanian,"864, 863, 842, 743, 583, 486, 585, 394, 463, 574, 722, 803, 714, 619, 509, 619, 630, 453, 515, 529, 572, 528, 604, 609","546, 534, 551, 616, 653, 728, 776, 748, 801, 732, 829, 830, 738",Sports betting
342,winner bet romania,ro,73,600,1.20,0.7,winner,2026-06-19 01:41:48,Sitelinks,700,65000,66000,2015-09-29,"Informational,Commercial,Branded,Non-local",English,"90, 110, 30, 34, 68, 221, 721, 598, 597, 741, 312, 871, 877, 298, 894, 908, 1040, 1034, 493, 403, 395, 325, 239, 345","246, 205, 257, 254, 208, 208, 217, 198, 208, 215, 182, 206, 118",Sports betting
343,casa pariurilor bonus,ro,50,600,3.00,1.07,casa pariurilor bonus de bun venit,2026-06-12 13:00:54,,700,1500,1500,2015-09-08,"Informational,Commercial,Transactional,Branded,Non-local",Romanian,"395, 327, 331, 503, 498, 592, 409, 396, 394, 615, 596, 727, 491, 513, 422, 466, 424, 379, 564, 667, 653, 717, 635, 673","642, 635, 611, 621, 646, 659, 639, 682, 682, 639, 594, 618, 583",Sports betting
344,hochei,ro,5,600,0.06,1.06,hochei live,2026-06-12 01:03:34,"Top stories,Thumbnail,Video preview,Image pack",700,900,900,2015-09-03,"Informational,Non-branded,Non-local",,"279, 209, 258, 512, 714, 847, 981, 971, 983, 785, 687, 636, 263, 197, 243, 482, 672, 797, 923, 913, 924, 738, 645, 597","247, 185, 228, 452, 630, 747, 864, 855, 865, 691, 603, 559, 231",/Other
345,live casino,ro,67,600,4.00,0.89,live casino romania,2026-06-22 06:20:59,Video preview,92000,700,700,2015-12-31,"Informational,Commercial,Transactional,Non-branded,Non-local",English,"442, 521, 443, 488, 482, 538, 499, 464, 400, 658, 663, 599, 506, 605, 551, 685, 583, 540, 566, 652, 662, 846, 650, 749","735, 741, 738, 773, 699, 737, 745, 709, 680, 826, 771, 772, 759",Gambling
346,jocuri pacanele online pe bani,ro,78,600,3.50,,pacanele,2026-06-24 11:16:33,,900,14000,17000,2020-10-12,"Informational,Commercial,Transactional,Non-branded,Non-local",Romanian,"346, 231, 288, 435, 532, 522, 531, 548, 529, 521, 444, 440, 366, 585, 595, 485, 752, 654, 938, 874, 687, 664, 580, 565","544, 605, 648, 590, 634, 921, 760, 878, 689, 667, 582, 566, 546",Lottery
347,pacanele.ro,ro,61,600,1.10,,pacanele ro,2026-06-27 19:02:44,"Sitelinks,Video preview",700,1100,1200,2015-09-30,"Navigational,Non-branded,Non-local",,"31, 21, 32, 47, 25, 19, 24, 27, 27, 21, 28, 38, 17, 17, 29, 1002, 1567, 2151, 2117, 191, 165, 124, 106, 101","90, 69, 62, 731, 1009, 1065, 600, 193, 167, 125, 107",Gambling
348,top 10 cazinouri online,ro,64,600,7.00,,cazinouri online,2026-06-19 19:17:00,Sitelinks,700,33000,34000,2020-02-04,"Informational,Commercial,Non-branded,Non-local",Romanian,"165, 164, 163, 257, 205, 262, 323, 272, 316, 379, 395, 393, 326, 535, 1114, 660, 886, 533, 516, 632, 475, 577, 463, 543","532, 550, 603, 551, 571, 582, 577, 595, 570, 607, 589, 581, 570",Sports betting
349,l1160652w000306,ro,45,600,1.00,,casa pariurilor,2026-06-17 10:44:57,Sitelinks,600,347000,379000,2022-02-01,"Informational,Branded,Non-local",,"1994, 1658, 633, 2440, 2423, 2401, 2976, 2429, 2356, 725, 1012, 1424, 4301, 590, 391, 266, 175, 208, 142, 213, 84, 35, 90, 307","649, 176, 31, 329, 305, 266, 272, 148, 339, 51, 186, 335, 677",Sports betting; Government; Public records
350,bonus cazino,ro,71,600,4.00,,bonus fara depunere,2026-06-26 01:32:26,Local pack,800,128000,131000,2016-10-04,"Informational,Commercial,Non-branded,Non-local",Romanian,"274, 272, 262, 225, 321, 396, 388, 808, 217, 268, 228, 220, 217, 337, 352, 326, 396, 404, 1280, 888, 694, 711, 625, 588","523, 529, 468, 486, 955, 720, 937, 889, 695, 711, 625, 588, 524",Gambling
351,bonus superbet,ro,60,600,5.00,1.08,club superbet,2026-06-20 23:51:28,Video preview,1100,13000,14000,2015-09-25,"Informational,Commercial,Branded,Non-local",Romanian,"666, 571, 442, 682, 688, 816, 677, 694, 675, 672, 545, 428, 296, 378, 444, 849, 779, 645, 723, 718, 731, 681, 649, 585","540, 522, 527, 637, 718, 726, 684, 716, 729, 680, 647, 584, 539",Sports betting
352,pacanele gratis 77777,ro,66,600,0.45,1.76,77777,2026-06-10 23:07:29,Video preview,700,10000,12000,2015-09-04,"Informational,Non-branded,Non-local",Romanian,"589, 475, 480, 876, 1005, 1573, 1023, 1340, 1293, 1275, 1017, 1017, 695, 560, 555, 1048, 933, 774, 800, 686, 269, 310, 216, 275","227, 224, 199, 299, 303, 314, 306, 325, 291, 315, 275, 256, 215",Lottery
353,rotiri gratuite fara depunere cazinouri noi,ro,73,600,2.00,,bonus fara depunere,2026-06-20 21:22:23,Sitelinks,600,131000,134000,2023-02-23,"Informational,Commercial,Transactional,Non-branded,Non-local",Romanian,"96, 179, 276, 182, 326, 419, 422, 433, 346, 280, 219, 274, 353, 398, 592, 821, 721, 613, 624, 610, 587, 569, 551, 534","533, 529, 535, 521, 518, 507, 498, 488, 466, 452, 435, 421, 421",Gambling
354,winner. ro,ro,45,600,0.80,,winner,2026-06-13 17:22:02,Sitelinks,700,66000,67000,2017-05-20,"Navigational,Non-branded,Non-local",English,"390, 487, 515, 532, 614, 574, 545, 552, 457, 472, 456, 436, 515, 452, 436, 518, 653, 676, 645, 523, 519, 619, 619, 513","472, 452, 457, 434, 429, 394, 427, 440, 357, 435, 410, 349, 321",Internet
355,cazinouri cu rotiri gratuite fara depunere,ro,71,600,1.90,,bonus fara depunere,2026-06-27 13:01:26,Bottom ads,600,128000,131000,2021-01-20,"Informational,Commercial,Transactional,Non-branded,Non-local",Romanian,"354, 291, 263, 317, 255, 139, 261, 473, 714, 362, 238, 302, 301, 240, 614, 518, 426, 422, 690, 976, 836, 807, 518, 767","749, 741, 758, 771, 772, 748, 756, 805, 803, 754, 731, 716, 697",Gambling
356,cocosei de aur,ro,0,600,0.04,1.26,cocosei de aur,2026-06-25 23:17:23,"Image pack,AI Overview,Thumbnail,People also ask,Video preview",800,350,350,2015-10-08,"Informational,Commercial,Non-branded,Non-local",Romanian,"487, 396, 496, 491, 727, 493, 596, 742, 608, 597, 502, 744, 403, 489, 508, 506, 736, 510, 599, 669, 596, 613, 601, 576","510, 538, 603, 511, 571, 560, 644, 678, 605, 622, 611, 585, 520",Collectibles
357,online casinos,ro,91,600,3.00,,cazinouri online,2026-06-05 05:19:20,Video preview,170000,94000,98000,2015-09-03,"Informational,Commercial,Transactional,Non-branded,Non-local",English,"633, 625, 354, 353, 341, 344, 738, 248, 221, 222, 233, 251, 931, 1029, 1001, 298, 280, 292, 984, 526, 465, 528, 503, 508","623, 629, 690, 668, 573, 551, 676, 593, 523, 593, 565, 570, 698",Gambling
358,fotbal craiova azi,ro,8,600,0.25,,la ce ora joaca craiova azi,2026-06-15 22:27:48,"Thumbnail,Video preview,Image pack",700,11000,11000,2017-08-09,"Informational,Branded,Non-local",Romanian,"99, 448, 457, 312, 378, 244, 247, 159, 452, 310, 371, 305, 35, 245, 1267, 461, 955, 863, 847, 207, 683, 312, 456, 530","371, 578, 724, 479, 518, 456, 441, 404, 518, 446, 509, 474, 318",Sports news; Soccer
359,liga nationala de fotbal,ro,60,600,,1.27,poziții superliga,2026-06-09 09:10:35,"Video preview,Image pack,Sitelinks",600,739000,838000,2015-12-08,"Informational,Branded,Non-local",Romanian,"31, 284, 441, 520, 431, 527, 439, 238, 810, 785, 913, 801, 43, 525, 799, 540, 639, 645, 659, 488, 689, 627, 731, 735","426, 638, 666, 665, 649, 601, 604, 618, 867, 786, 913, 914, 528",Soccer
360,meciuri liga 2 azi la tv,ro,4,600,,,meciuri liga 2 azi la tv,2026-05-15 01:49:45,Sitelinks,600,600,600,2020-07-17,"Informational,Non-branded,Non-local",Romanian,"36, 82, 308, 306, 312, 313, 252, 87, 303, 690, 573, 454, 66, 251, 704, 689, 568, 706, 474, 347, 600, 972, 783, 638","252, 509, 973, 912, 759, 887, 621, 503, 757, 1129, 940, 794",Soccer
361,cote pariuri,ro,55,600,0.60,1.14,super bet,2026-06-15 15:09:52,AI Overview,800,89000,91000,2015-09-04,"Informational,Commercial,Transactional,Non-branded,Non-local",Romanian,"1305, 727, 319, 323, 400, 736, 499, 337, 328, 480, 491, 1626, 322, 396, 422, 647, 525, 554, 622, 765, 865, 894, 761, 650","617, 573, 484, 545, 590, 628, 581, 508, 547, 547, 468, 656, 623",Sports betting
362,bonus casino online,ro,78,600,4.00,,bonus fara depunere,2026-06-15 03:28:40,,4800,135000,139000,2018-03-21,"Informational,Commercial,Transactional,Non-branded,Non-local",English,"308, 306, 208, 394, 395, 329, 708, 922, 1157, 3446, 489, 997, 523, 966, 1198, 981, 370, 302, 271, 292, 480, 864, 356, 523","463, 498, 509, 518, 485, 464, 499, 521, 500, 797, 486, 523, 463",Gambling
363,betano contact,ro,4,600,2.00,,betano contact telefon,2026-06-13 13:43:50,,700,250,250,2017-01-20,"Informational,Branded,Non-local",English,"893, 732, 747, 776, 941, 923, 1116, 975, 948, 936, 781, 930, 773, 638, 621, 773, 615, 582, 662, 623, 588, 566, 538, 591","530, 490, 484, 510, 554, 541, 605, 566, 531, 509, 481, 534, 473",Sports betting; Business
364,case de pariuri online,ro,73,600,6.00,1.3,unibet.ro,2026-06-17 09:26:21,,1400,11000,11000,2015-09-03,"Informational,Commercial,Non-branded,Non-local",Romanian,"379, 477, 766, 561, 864, 570, 670, 657, 770, 803, 693, 568, 379, 477, 766, 561, 864, 569, 670, 657, 770, 803, 693, 568","379, 477, 766, 561, 864, 569, 670, 657, 770, 803, 693, 568, 379",Sports betting; Sports
365,casino site,ro,87,600,3.50,,cazinouri online,2026-06-19 03:38:18,Video preview,16000,52000,57000,2020-01-10,"Informational,Commercial,Transactional,Non-branded,Non-local",English,"232, 228, 187, 228, 419, 158, 189, 393, 934, 262, 446, 418, 1660, 803, 1408, 796, 298, 244, 245, 297, 299, 172, 200, 188","296, 214, 247, 178, 166, 128, 139, 183, 255, 176, 166, 153, 265",Gambling
366,betano casino online,ro,73,600,0.90,,betano casino,2026-06-26 02:59:05,Sitelinks,12000,33000,34000,2019-01-18,"Informational,Navigational,Commercial,Transactional,Branded,Non-local",English,"274, 342, 339, 336, 779, 1076, 971, 434, 513, 521, 624, 509, 497, 532, 321, 945, 639, 297, 406, 702, 674, 834, 584, 688","695, 689, 634, 672, 697, 680, 691, 691, 753, 751, 750, 662, 669",Gambling
367,fortuna rotiri gratuite,ro,54,600,1.40,,fortuna casino,2026-06-20 02:45:35,,800,700,700,2018-12-04,"Informational,Commercial,Branded,Non-local",Romanian,"664, 667, 567, 804, 671, 547, 535, 665, 656, 816, 667, 807, 436, 433, 520, 838, 743, 561, 633, 691, 635, 736, 634, 619","529, 534, 503, 542, 524, 499, 519, 577, 524, 626, 526, 513",Gambling
368,winboss bonus fara depunere,ro,58,600,1.00,,rotiri gratuite fara depunere,2026-06-10 06:21:18,,700,5100,5100,2022-06-27,"Informational,Commercial,Branded,Non-local",Romanian,"1030, 601, 271, 334, 340, 922, 1320, 1019, 902, 900, 603, 1037, 1065, 813, 571, 510, 441, 388, 438, 425, 378, 360, 279, 320","336, 259, 259, 381, 231, 272, 287, 263, 231, 215, 142, 188",Gambling
369,fortuna casino login,ro,45,500,0.90,,fortuna casino,2026-06-17 13:15:35,Sitelinks,1000,40000,45000,2020-02-29,"Navigational,Transactional,Branded,Non-local",English,"81, 83, 64, 103, 123, 59, 153, 200, 159, 423, 298, 361, 295, 414, 422, 332, 436, 416, 660, 550, 560, 603, 607, 602","606, 628, 638, 638, 676, 676, 701, 702, 712, 755, 759, 754, 758",Gambling
370,winnerbet,ro,66,500,1.00,1.04,winner,2026-06-07 23:09:12,,154000,68000,69000,2015-09-01,"Navigational,Branded,Non-local",,"218, 465, 572, 580, 900, 875, 1074, 565, 1059, 644, 359, 36, 61, 327, 434, 442, 762, 738, 937, 428, 921, 507, 221, 5","4, 190, 297, 305, 625, 600, 799, 290, 784, 369, 83, 1, 1",Sports betting
371,cazino demo,ro,78,500,0.50,,jocuri casino online gratis,2026-05-27 09:06:00,,800,30000,33000,2020-01-10,"Informational,Branded,Non-local",Romanian,"499, 498, 501, 495, 603, 494, 612, 739, 497, 603, 603, 598, 387, 358, 437, 204, 530, 267, 954, 574, 533, 570, 560, 559","542, 538, 520, 531, 554, 514, 590, 597, 555, 591, 580, 578, 560",Lottery
372,lista cazinouri online,ro,59,500,3.00,,lista cazinouri online romania,2026-06-10 04:18:11,,600,5400,5800,2020-01-16,"Informational,Commercial,Non-branded,Non-local",Romanian,"203, 249, 204, 250, 303, 312, 259, 397, 306, 290, 252, 314, 380, 581, 602, 654, 380, 460, 461, 480, 464, 469, 462, 469","476, 505, 494, 508, 484, 506, 510, 529, 513, 518, 511, 518, 525",Gambling
373,cazino online romania,ro,83,500,4.50,,casino online romania,2026-06-17 14:35:00,Video preview,700,46000,51000,2015-10-08,"Informational,Commercial,Transactional,Non-branded,Non-local",Romanian,"195, 169, 139, 173, 201, 170, 196, 286, 339, 347, 412, 287, 341, 609, 541, 531, 500, 483, 461, 451, 470, 525, 531, 557","471, 544, 545, 558, 739, 599, 611, 594, 615, 684, 688, 717, 603",Gambling
374,online casino bonus,ro,77,500,3.00,,bonus fara depunere,2026-06-13 15:51:12,,34000,138000,141000,2018-02-17,"Informational,Commercial,Transactional,Non-branded,Non-local",English,"375, 148, 371, 537, 778, 228, 188, 136, 112, 203, 184, 173, 196, 1006, 737, 607, 651, 380, 467, 408, 429, 399, 407, 397","414, 416, 459, 494, 588, 297, 371, 309, 343, 343, 344, 341, 363",Gambling
375,rotiri fara rulaj,ro,67,500,4.00,,bonus fara depunere,2026-06-27 07:15:13,"Sitelinks,Video preview",600,128000,131000,2022-01-29,"Informational,Commercial,Non-branded,Non-local",Romanian,"251, 304, 247, 300, 318, 389, 472, 471, 384, 377, 369, 295, 205, 301, 306, 600, 923, 949, 673, 627, 532, 555, 583, 570","552, 664, 593, 774, 903, 706, 523, 698, 604, 627, 655, 642",Gambling
376,casino superbet,ro,58,500,1.20,,superbet casino,2026-06-21 10:56:59,Sitelinks,1200,18000,20000,2019-02-28,"Informational,Navigational,Commercial,Transactional,Branded,Non-local",,"338, 295, 286, 357, 431, 368, 452, 473, 404, 393, 332, 327, 274, 318, 367, 366, 453, 505, 701, 611, 637, 620, 563, 540","509, 501, 504, 527, 573, 553, 626, 649, 676, 658, 597, 573, 540",Gambling
377,bonus pariuri,ro,69,500,7.00,1.4,pariuri bonus,2026-06-24 11:50:30,,600,1700,1700,2015-09-22,"Informational,Commercial,Non-branded,Non-local",Romanian,"277, 222, 265, 230, 331, 268, 210, 267, 310, 470, 477, 334, 329, 550, 507, 719, 470, 460, 483, 562, 518, 574, 385, 508","500, 540, 541, 540, 538, 547, 552, 539, 571, 558, 529, 518, 509",Sports betting
378,casino cu rotiri gratuite fara depunere,ro,72,500,2.50,,bonus fara depunere,2026-05-26 04:48:22,Sitelinks,600,144000,148000,2021-12-24,"Informational,Commercial,Transactional,Non-branded,Non-local",Romanian,"34, 66, 165, 85, 107, 251, 249, 164, 453, 567, 553, 451, 239, 456, 762, 753, 929, 426, 361, 442, 413, 427, 374, 356","301, 318, 326, 298, 292, 274, 268, 255, 284, 267, 246, 215, 178",Gambling
379,www superbet.ro,ro,67,500,1.30,,superbet oferta,2026-06-10 06:06:01,,500,50000,51000,2015-11-15,"Navigational,Branded,Non-local",,"689, 782, 718, 565, 671, 656, 549, 538, 407, 530, 554, 421, 276, 366, 485, 726, 612, 570, 588, 570, 533, 555, 525, 519","517, 535, 566, 599, 603, 599, 546, 570, 533, 555, 525, 519, 517",Sports betting
380,casino games,ro,85,500,1.50,1.15,slotomania,2026-06-26 23:37:51,"People also ask,Video preview,Thumbnail",128000,1200,53000,2015-09-04,"Informational,Non-branded,Non-local",English,"442, 449, 405, 549, 661, 653, 672, 807, 437, 952, 671, 573, 578, 736, 600, 583, 468, 437, 466, 481, 431, 497, 462, 464","442, 420, 431, 441, 461, 503, 479, 474, 432, 487, 459, 463, 439",Casino games; Gambling
381,casino fara depunere bonus,ro,75,500,2.50,,rotiri gratuite fara depunere,2026-06-07 21:30:03,,600,168000,172000,2017-03-06,"Informational,Commercial,Non-branded,Non-local",Romanian,"230, 191, 210, 215, 265, 263, 287, 544, 225, 195, 495, 408, 393, 482, 556, 190, 185, 658, 734, 575, 547, 552, 586, 595","591, 595, 612, 594, 604, 659, 693, 718, 690, 695, 728, 737, 733",Gambling
382,casa pariurilor fotografii,ro,18,500,1.20,,casa pariurilor,2026-05-28 05:37:59,"Sitelinks,Knowledge panel",500,328000,360000,2024-01-30,"Informational,Commercial,Branded,Local",Romanian,"235, 235, 200, 207, 239, 249, 277, 194, 239, 234, 274, 356, 187, 255, 393, 411, 500, 471, 601, 571, 639, 627, 616, 635","562, 612, 639, 622, 653, 635, 689, 651, 717, 703, 690, 706, 632",Sports betting; Business
383,casino cu rotiri gratuite,ro,74,500,3.00,,rotiri gratuite fara depunere,2026-06-10 13:38:30,Sitelinks,600,31000,32000,2020-08-16,"Informational,Commercial,Transactional,Non-branded,Non-local",Romanian,"99, 151, 291, 290, 443, 230, 416, 555, 443, 492, 343, 432, 636, 463, 417, 530, 328, 478, 479, 527, 496, 502, 476, 487","497, 507, 536, 550, 565, 551, 595, 636, 611, 618, 595, 607, 619",Gambling
384,free spin fara depunere,ro,69,500,2.50,,rotiri gratuite fara depunere,2026-06-07 18:10:05,,600,168000,172000,2015-12-17,"Informational,Commercial,Non-branded,Non-local",Romanian,"367, 363, 368, 317, 385, 383, 436, 451, 577, 415, 540, 433, 384, 568, 531, 519, 636, 479, 493, 529, 521, 504, 515, 483","488, 495, 493, 506, 535, 501, 514, 529, 521, 504, 515, 483, 488",Gambling
385,casa p,ro,2,500,1.50,1.13,casa pariurilor,2026-06-09 17:21:28,Sitelinks,1300,332000,364000,2015-09-01,"Informational,Navigational,Branded,Local",Romanian,"393, 446, 573, 580, 613, 615, 381, 431, 690, 534, 568, 516, 393, 446, 573, 580, 613, 615, 381, 431, 690, 534, 568, 516","393, 446, 573, 580, 613, 615, 381, 431, 690, 534, 568, 516, 393",Food; Reservations
386,pacanele bonus fara depunere,ro,70,500,1.90,,bonus fara depunere,2026-06-12 20:53:48,,600,137000,141000,2018-03-23,"Informational,Commercial,Transactional,Non-branded,Non-local",Romanian,"36, 35, 54, 44, 53, 66, 97, 104, 68, 116, 68, 66, 38, 77, 82, 85, 101, 89, 1531, 1638, 1552, 57, 556, 317","264, 247, 532, 240, 310, 376, 1712, 868, 537, 399, 386, 318, 265",Gambling
387,betamo,ro,72,500,1.40,,betano,2026-06-20 01:45:28,"Sitelinks,Video preview",32000,467000,471000,2016-05-31,"Informational,Navigational,Commercial,Branded,Non-local",,"694, 466, 479, 562, 576, 582, 700, 691, 569, 690, 568, 471, 446, 465, 476, 567, 469, 567, 591, 579, 556, 566, 550, 561","566, 550, 577, 563, 581, 570, 610, 616, 592, 603, 587, 598, 603",Sports betting
388,winbet rotiri gratuite,ro,54,500,0.90,,winbet bonus fara depunere,2026-06-16 02:11:53,,700,1000,1000,2020-04-18,"Informational,Commercial,Branded,Non-local",Romanian,"1090, 1410, 1123, 955, 793, 643, 536, 655, 789, 1388, 334, 268, 289, 366, 363, 470, 618, 779, 612, 595, 568, 591, 486, 411","497, 495, 478, 466, 517, 503, 431, 440, 407, 439, 336, 267, 355",Sports betting
389,fortune casino,ro,54,500,0.90,,fortuna casino,2026-06-09 14:47:18,Sitelinks,23000,33000,37000,2020-01-17,"Informational,Commercial,Branded,Non-local",English,"185, 283, 191, 283, 282, 276, 415, 424, 512, 767, 625, 639, 505, 467, 389, 463, 637, 336, 439, 420, 426, 451, 439, 451","413, 445, 411, 417, 422, 414, 441, 421, 427, 452, 440",Gambling
390,agentii casa pariurilor,ro,15,500,1.30,1.04,casa pariurilor,2026-06-16 07:07:10,Sitelinks,500,347000,379000,2015-09-01,"Informational,Branded,Local",Romanian,"445, 447, 528, 636, 626, 548, 521, 439, 580, 543, 584, 489, 429, 432, 510, 616, 607, 532, 507, 427, 565, 530, 570, 478","420, 423, 500, 605, 597, 523, 499, 421, 557, 522, 563, 472, 415",Sports betting; Business
391,superbet azi,ro,56,500,,,superbet.ro,2026-06-21 22:03:04,"Sitelinks,Video preview",500,66000,74000,2017-05-01,"Informational,Navigational,Commercial,Transactional,Branded,Non-local",Romanian,"270, 326, 385, 284, 297, 344, 397, 353, 297, 311, 346, 318, 346, 301, 580, 358, 556, 383, 470, 696, 466, 531, 414, 440",,Sports betting
392,süperbet,ro,60,500,1.30,,superbet,2026-06-10 21:36:29,"Sitelinks,Video preview",25000,1600000,1700000,2020-01-10,"Informational,Navigational,Commercial,Branded,Non-local",Romanian,"183, 225, 285, 627, 782, 777, 766, 754, 863, 622, 628, 417, 181, 226, 417, 521, 628, 744, 626, 589, 570, 510, 473, 438","455, 404, 484, 631, 709, 648, 573, 601, 582, 520, 481, 446, 462",Sports betting
393,jocuri online pacanele,ro,74,500,0.90,1.61,pacanele,2026-06-16 10:39:06,,700,18000,21000,2015-09-20,"Informational,Commercial,Transactional,Non-branded,Non-local",Romanian,"390, 332, 363, 455, 419, 411, 410, 502, 392, 475, 411, 358, 293, 514, 411, 569, 600, 554, 590, 590, 496, 495, 510, 449","382, 374, 358, 451, 493, 492, 488, 525, 490, 501, 439, 451, 383",Lottery
394,pariuri sportive fotbal,ro,67,500,1.30,1.11,superbet.ro,2026-06-25 21:53:13,,800,66000,75000,2015-09-08,"Commercial,Transactional,Non-branded,Non-local",Romanian,"564, 379, 455, 463, 577, 397, 262, 473, 458, 546, 441, 361, 202, 239, 340, 532, 434, 485, 615, 880, 684, 727, 677, 540","545, 564, 662, 659, 684, 704, 705, 713, 733, 724, 594, 541, 546",Sports betting; Sports
395,rezultate live casa pariurilor,ro,24,500,0.60,1.28,flashscore,2026-05-22 10:27:27,Sitelinks,600,334000,423000,2015-09-01,"Informational,Commercial,Branded,Non-local",Romanian,"400, 472, 492, 485, 496, 461, 455, 521, 498, 508, 515, 441, 396, 468, 487, 482, 493, 457, 452, 518, 495, 506, 513, 439","394, 466, 485, 480, 491, 456, 451, 516, 493, 504, 511, 438",Sports betting
396,rapid fcsb bilete,ro,14,500,0.15,,fc rapid bucurești,2026-06-22 06:12:08,Video preview,600,64000,70000,2021-07-22,"Informational,Commercial,Transactional,Branded,Local",Romanian,"16, 26, 36, 34, 651, 9, 8, 27, 3949, 2213, 3195, 46, 9, 65, 5965, 21, 47, 27, 334, 10, 9, 17, 8, 2",9,Live sporting events; Shopping; Soccer
397,free spin casino,ro,72,500,1.80,,casino free spins,2026-06-12 15:53:23,,12000,2600,2600,2016-02-07,"Informational,Commercial,Non-branded,Non-local",English,"226, 339, 415, 353, 426, 425, 528, 424, 415, 490, 493, 494, 500, 384, 535, 555, 682, 440, 461, 516, 514, 511, 478, 493","462, 450, 472, 454, 483, 494, 490, 521, 519, 516, 482, 497, 467",Gambling
398,superbet agentii,ro,56,500,0.45,1,superbet agentii,2026-06-16 12:31:17,Local pack,500,2100,2100,2015-09-16,"Informational,Branded,Local",Romanian,"533, 633, 522, 435, 543, 442, 544, 546, 530, 606, 533, 362, 286, 376, 558, 550, 457, 452, 579, 572, 628, 624, 468, 502","490, 489, 554, 620, 671, 589, 561, 590, 604, 624, 526, 502, 490",Sports betting; Business
399,fortuna cod scurt,ro,60,500,0.60,,verificare bilet fortuna,2026-06-21 08:21:50,,500,17000,17000,2021-03-08,"Informational,Transactional,Branded,Non-local",Romanian,"550, 458, 565, 693, 847, 844, 863, 837, 833, 999, 460, 464, 564, 461, 322, 151, 707, 590, 600, 607, 602, 617, 502, 536","492, 474, 474, 471, 480, 445, 443, 441, 466, 466, 368, 397, 362",Sports betting
400,free spins casino,ro,68,450,2.00,,casino free spins,2026-06-06 02:25:12,"Sitelinks,People also ask",22000,2400,2400,2016-02-08,"Informational,Commercial,Transactional,Non-branded,Non-local",English,"321, 380, 392, 550, 551, 674, 990, 405, 347, 382, 361, 272, 243, 363, 380, 339, 377, 376, 466, 449, 406, 439, 891, 376","357, 383, 377, 400, 412, 402, 462, 453, 412, 430, 433, 379, 359",Gambling
401,casinouri,ro,79,450,2.50,,cazinouri online,2026-06-06 08:56:59,Knowledge panel,500,98000,103000,2015-12-06,"Informational,Commercial,Non-branded,Non-local",Romanian,"292, 294, 346, 340, 365, 374, 461, 450, 437, 526, 443, 377, 369, 379, 448, 455, 483, 475, 475, 486, 479, 493, 481, 482","485, 489, 502, 503, 510, 509, 521, 531, 524, 538, 526, 527, 529",Gambling
402,bonus pariuri fara depunere,ro,67,450,3.00,1.95,bonus pariuri fara depunere,2026-06-01 15:08:16,Sitelinks,500,1200,1300,2015-09-14,"Informational,Commercial,Transactional,Non-branded,Non-local",Romanian,"252, 181, 257, 260, 363, 286, 329, 284, 483, 720, 614, 514, 359, 549, 570, 704, 384, 414, 292, 374, 356, 394, 375, 329","320, 333, 342, 367, 360, 365, 343, 358, 349, 386, 368, 323, 315",Sports betting
403,slot online,ro,83,450,4.00,1.44,sloturi online,2026-06-26 05:08:25,,78000,300,300,2015-09-18,"Informational,Commercial,Transactional,Non-branded,Non-local",English,"251, 320, 258, 332, 323, 255, 330, 275, 330, 404, 479, 418, 349, 427, 433, 616, 443, 343, 385, 422, 409, 539, 411, 447","426, 457, 454, 464, 451, 439, 451, 500, 481, 503, 480, 436, 415",Lottery
404,egt casa pariurilor,ro,68,450,0.30,,cazinouri online,2026-06-20 10:09:31,Sitelinks,500,24000,28000,2022-11-27,"Informational,Navigational,Branded,Non-local",Romanian,"563, 574, 559, 466, 193, 462, 558, 469, 445, 685, 693, 470, 649, 560, 374, 671, 540, 434, 384, 429, 403, 432, 418, 391","423, 393, 369, 356, 322, 337, 354, 365, 334, 368, 352, 328, 359",Sports betting
405,cele mai bune casino online,ro,77,450,8.00,,netbet,2026-05-29 07:15:10,Sitelinks,500,176000,180000,2019-08-15,"Informational,Commercial,Transactional,Non-branded,Non-local",Romanian,"113, 178, 180, 178, 179, 148, 114, 117, 180, 107, 140, 142, 106, 169, 579, 456, 800, 530, 541, 453, 371, 379, 520, 390","383, 394, 455, 458, 497, 475, 495, 512, 524, 540, 560, 556, 541",Gambling
406,lucky six casa pariurilor,ro,4,450,1.10,1.44,lucky six,2026-06-17 14:07:22,,500,1700,1700,2015-09-10,"Informational,Navigational,Branded,Non-local",Romanian,"122, 186, 225, 186, 230, 238, 236, 427, 409, 510, 351, 354, 280, 469, 361, 377, 540, 441, 552, 478, 477, 503, 598, 465","428, 553, 521, 551, 563, 501, 471, 480, 478, 504, 599, 466, 429",Lottery; Sports betting
407,casa pariurilor sportive,ro,33,450,1.20,1.27,casa pariurilor,2026-05-24 10:23:45,Sitelinks,500,328000,360000,2015-09-03,"Commercial,Transactional,Non-branded,Non-local",Romanian,"35, 26, 24, 71, 71, 52, 88, 40, 45, 65, 132, 246, 304, 531, 456, 416, 708, 513, 540, 541, 468, 435, 341, 357","338, 350, 359, 365, 399, 334, 379, 361, 314, 272, 194, 207, 200",Sports betting
408,casa de pariuri online,ro,81,450,8.00,1.45,casa pariurilor,2026-06-14 23:56:35,"Bottom ads,Paid sitelinks",600,346000,378000,2015-09-30,"Informational,Commercial,Transactional,Non-branded,Non-local",Romanian,"184, 145, 145, 188, 219, 284, 344, 233, 231, 412, 346, 352, 281, 401, 440, 497, 397, 378, 461, 555, 624, 506, 475, 514","493, 493, 503, 510, 512, 534, 512, 510, 536, 538, 502, 516, 494",Sports betting
409,casinouri noi,ro,79,450,1.00,,cazinouri noi romania,2026-05-20 22:16:05,Sitelinks,500,35000,35000,2021-08-20,"Informational,Commercial,Non-branded,Non-local",Romanian,"70, 103, 104, 101, 133, 135, 171, 111, 109, 154, 215, 122, 117, 159, 162, 167, 188, 190, 2592, 269, 273, 341, 370, 326","331, 365, 357, 391, 426, 451, 632, 408, 412, 480, 508, 464, 470",Gambling
410,betano ro live,ro,23,450,0.40,,betano live,2026-06-10 06:23:42,Sitelinks,600,7400,7600,2020-02-12,"Navigational,Transactional,Branded,Non-local",English,"38, 92, 38, 22, 44, 11, 18, 22, 18, 11, 65, 21, 5, 14, 35, 55, 178, 198, 309, 329, 630, 1204, 977, 1319",1167,Sports betting
411,instalare casa pariurilor,ro,23,450,0.80,,casa pariurilor apk,2026-06-22 13:17:21,,450,1800,2100,2017-05-01,"Informational,Transactional,Branded,Non-local",Romanian,"2193, 1798, 2241, 1523, 835, 805, 558, 840, 652, 557, 546, 538, 352, 378, 444, 447, 433, 433, 456, 410, 467, 365, 484, 433","359, 297, 311, 322, 313, 307, 504, 354, 402, 314, 415, 371, 307",Lottery; Sports betting; Add-ons
412,parigo bet,ro,30,450,1.00,,parigo,2026-06-17 07:25:05,Sitelinks,450,2500,2500,2018-06-11,"Informational,Navigational,Commercial,Branded,Non-local",English,"328, 402, 604, 484, 716, 606, 739, 732, 724, 611, 485, 593, 324, 483, 404, 491, 485, 326, 480, 435, 440, 438, 415, 440","351, 378, 411, 408, 464, 389, 445, 418, 424, 423, 402, 427, 342",Sports betting
413,case de pariuri noi,ro,65,450,2.00,,case pariuri online,2026-06-15 18:07:43,Sitelinks,500,2200,2700,2015-09-30,"Informational,Commercial,Non-branded,Non-local",Romanian,"212, 217, 326, 274, 328, 329, 395, 401, 399, 486, 395, 329, 320, 497, 526, 504, 453, 469, 345, 446, 453, 470, 455, 452","462, 487, 502, 503, 509, 516, 506, 532, 539, 556, 542, 538, 548",Sports betting
414,bingo superbet,ro,50,450,1.90,,superbet bingo,2026-06-16 17:37:57,Video preview,500,500,500,2016-02-03,"Navigational,Transactional,Branded,Non-local",,"754, 1090, 413, 468, 453, 458, 464, 1763, 1709, 1402, 963, 282, 765, 793, 774, 188, 197, 612, 355, 392, 448, 294, 297, 109","216, 269, 208, 115, 136, 151, 142, 251, 232, 156, 123, 12, 73",Lottery
415,casa pariurilor rezultate live,ro,41,450,0.80,1.26,flashscore,2026-06-08 00:54:13,,1100,338000,438000,2015-09-01,"Informational,Commercial,Transactional,Branded,Non-local",Romanian,"380, 446, 499, 490, 464, 451, 463, 505, 517, 504, 505, 420, 361, 424, 475, 467, 443, 431, 443, 485, 496, 485, 486, 405","348, 410, 459, 452, 429, 418, 430, 471, 483, 472, 473, 394, 340",Sports betting; Statistics
416,win.2,ro,21,450,0.80,,win2,2026-06-12 03:51:59,Sitelinks,500,72000,76000,2023-04-22,"Informational,Commercial,Branded,Non-local",,"91, 149, 235, 412, 416, 309, 295, 319, 243, 282, 34, 32, 31, 72, 101, 480, 703, 585, 702, 578, 580, 565, 386, 362","310, 291, 267, 294, 270, 232, 308, 344, 212, 172, 96, 75, 62",Gambling
417,pariuri fotbal,ro,64,450,3.00,1.41,superbet.ro,2026-06-28 12:53:04,,600,66000,75000,2015-09-04,"Informational,Commercial,Transactional,Non-branded,Non-local",Romanian,"416, 405, 267, 226, 341, 281, 195, 235, 279, 279, 274, 273, 228, 276, 370, 351, 411, 477, 448, 548, 582, 642, 483, 615","603, 612, 601, 619, 641, 626, 582, 593, 617, 631, 642, 609, 597",Sports betting; Soccer
418,pariuri live fotbal,ro,69,450,3.00,,888sport,2026-06-22 08:50:32,,500,12000,13000,2016-01-16,"Commercial,Transactional,Non-branded,Non-local",Romanian,"107, 56, 45, 57, 92, 188, 138, 136, 319, 393, 248, 201, 211, 198, 314, 673, 347, 442, 451, 435, 439, 524, 722, 386","389, 419, 461, 486, 473, 440, 411, 426, 482, 515, 439, 389, 392",Sports betting; Soccer
419,poker stars,ro,59,450,1.10,1.01,pokerstars,2026-05-28 19:43:46,"Sitelinks,Video preview",27000,11000,11000,2015-09-01,"Informational,Navigational,Commercial,Branded,Non-local",English,"390, 351, 342, 414, 434, 435, 595, 528, 407, 473, 496, 438, 387, 347, 338, 410, 430, 431, 590, 523, 404, 469, 492, 435","384, 345, 336, 407, 427, 429, 586, 520, 401, 466, 489, 433, 382",Casino games
420,casă pariurilor,ro,16,450,1.60,,casa pariurilor,2026-05-17 00:44:23,Sitelinks,450,330000,363000,2015-11-23,"Informational,Navigational,Branded,Non-local",Romanian,"206, 134, 138, 170, 172, 309, 470, 321, 135, 253, 258, 313, 128, 173, 387, 394, 558, 670, 581, 477, 425, 488, 415, 425","346, 395, 413, 404, 490, 519, 550, 477, 425, 489, 415, 425, 346",Sports betting
421,superbet casino online,ro,67,450,0.60,,superbet casino,2026-06-05 02:35:30,Sitelinks,900,16000,18000,2016-03-28,"Informational,Navigational,Commercial,Transactional,Branded,Non-local",Romanian,"1096, 1350, 922, 1105, 1101, 1372, 1378, 1393, 914, 1102, 743, 743, 491, 707, 517, 342, 384, 451, 506, 505, 374, 458, 337, 351","361, 378, 328, 313, 289, 385, 509, 484, 353, 436, 316, 329, 340",Sports betting
422,betano app,ro,66,450,2.00,1.05,betano pariuri,2026-06-05 02:17:49,,260000,900,1100,2017-02-09,"Informational,Transactional,Branded,Non-local",English,"471, 393, 396, 396, 324, 389, 479, 323, 381, 322, 316, 266, 389, 427, 505, 629, 523, 516, 459, 436, 423, 374, 331, 296","305, 551, 376, 460, 528, 494, 477, 434, 421, 373, 330, 295, 305",Sports betting; Add-ons
423,case de pariuri romania,ro,74,400,5.00,1.27,pariuri sportive,2026-05-29 09:10:23,Sitelinks,700,9800,10000,2015-09-04,"Informational,Commercial,Non-branded,Local",Romanian,"378, 208, 248, 255, 298, 303, 304, 375, 367, 524, 451, 373, 303, 469, 508, 615, 359, 329, 353, 420, 425, 440, 420, 397","403, 426, 420, 434, 448, 410, 417, 447, 452, 467, 447, 424, 430",Sports betting
424,superbet.ro casino,ro,48,400,1.10,,superbet casino,2026-06-05 08:45:36,Sitelinks,600,16000,18000,2021-03-20,"Informational,Navigational,Commercial,Branded,Non-local",Romanian,"67, 123, 158, 244, 381, 476, 486, 499, 465, 397, 339, 330, 390, 897, 613, 396, 398, 251, 344, 297, 301, 249, 236, 217","208, 227, 190, 180, 194, 190, 191, 182, 176, 142, 125",Gambling
425,fortuna cazino,ro,29,400,0.50,,fortuna casino,2026-05-28 19:10:44,"Sitelinks,Knowledge panel",400,32000,35000,2015-11-04,"Informational,Navigational,Commercial,Transactional,Branded,Non-local",Romanian,"232, 244, 214, 253, 319, 314, 407, 314, 364, 685, 422, 496, 385, 361, 363, 362, 425, 353, 402, 340, 368, 567, 300, 352","296, 311, 327, 339, 391, 358, 408, 378, 396, 511, 358, 404, 352",Gambling
426,pariuri sportive live,ro,75,400,0.70,1.16,flashscore,2026-06-07 07:58:37,,2000,338000,438000,2015-09-04,"Commercial,Transactional,Non-branded,Non-local",Romanian,"371, 184, 226, 183, 187, 191, 180, 185, 178, 184, 214, 174, 147, 201, 495, 444, 316, 479, 453, 367, 476, 481, 450, 340","206, 191, 375, 390, 324, 462, 437, 351, 460, 467, 435, 326, 193",Sports betting
427,vin2 casino,ro,0,400,,,win2,2026-06-14 20:36:06,Sitelinks,450,71000,75000,2023-12-19,"Informational,Navigational,Commercial,Transactional,Branded,Non-local",,"302, 293, 333, 291, 187, 154, 126, 263, 176, 136, 139, 188, 161, 193, 411, 524, 376, 413, 440, 639, 580, 482, 284, 209",325,Gambling
428,cazino.ro,ro,84,400,1.90,,cazinouri fara depunere,2026-05-20 15:22:19,,450,6400,6500,2016-04-11,"Navigational,Transactional,Branded,Non-local",,"410, 342, 343, 479, 487, 426, 482, 469, 346, 463, 416, 458, 385, 390, 276, 272, 455, 416, 476, 437, 451, 471, 458, 495","453, 440, 419, 460, 462, 460, 440, 447, 461, 480, 465, 502, 459",Gambling
429,cont fortuna,ro,16,400,3.50,1.17,fortuna,2026-06-17 00:34:44,Sitelinks,450,237000,241000,2016-02-23,"Informational,Navigational,Commercial,Transactional,Branded,Non-local",Romanian,"466, 458, 448, 376, 378, 440, 537, 470, 457, 656, 552, 664, 445, 395, 497, 744, 491, 346, 425, 599, 346, 248, 214, 234","216, 247, 240, 256, 313, 276, 272, 322, 314, 303, 256, 234, 215",Sports betting
430,pariuri bonus,ro,65,400,7.00,1.13,pariuri bonus,2026-06-28 16:57:52,Sitelinks,500,1700,1700,2015-09-02,"Informational,Commercial,Non-branded,Non-local",Romanian,"719, 588, 599, 720, 719, 582, 543, 665, 787, 824, 815, 553, 250, 374, 343, 644, 438, 326, 463, 455, 370, 430, 306, 324","361, 389, 383, 440, 423, 443, 408, 365, 344, 352, 318, 280, 311",Sports betting
431,fortuna oferta,ro,40,400,0.01,1.07,fortuna fotbal,2026-06-17 11:07:44,,4500,1500,1500,2015-09-17,"Informational,Commercial,Transactional,Branded,Non-local",Romanian,"494, 540, 699, 817, 679, 669, 668, 588, 621, 556, 516, 414, 325, 359, 468, 551, 461, 458, 461, 410, 436, 394, 368, 298","236, 263, 345, 410, 346, 347, 352, 315, 338, 308, 290, 236, 189",Sports betting; Sports
432,fortuna casino bonus,ro,64,400,0.80,,fortuna casino,2026-06-07 11:01:38,Sitelinks,1300,8600,8900,2019-10-31,"Informational,Commercial,Branded,Non-local",English,"401, 415, 408, 332, 400, 406, 325, 337, 330, 598, 414, 274, 395, 431, 436, 419, 330, 299, 346, 344, 442, 437, 551, 391","399, 409, 395, 395, 390, 395, 403, 411, 410, 477, 425, 420, 428",Gambling
433,ro.betano,ro,2,400,1.70,,betano,2026-06-07 15:47:07,"Top ads,Sitelinks",500,471000,476000,2016-11-05,"Navigational,Branded,Non-local",,"547, 535, 549, 426, 450, 376, 477, 448, 357, 411, 362, 357, 227, 227, 265, 385, 402, 421, 512, 482, 451, 463, 454, 468","445, 443, 445, 421, 449, 451, 471, 456, 425, 437, 428, 443, 420",Sports betting
434,casino bonus de bun venit fara depunere,ro,75,400,3.50,,rotiri gratuite fara depunere,2026-06-07 10:04:17,,450,168000,172000,2018-10-25,"Informational,Commercial,Non-branded,Non-local",Romanian,"98, 78, 97, 97, 150, 185, 187, 192, 227, 216, 208, 220, 182, 219, 217, 468, 389, 421, 420, 434, 446, 439, 434, 455","428, 442, 441, 486, 469, 481, 489, 503, 515, 508, 503, 524, 497",Casino games; Gambling
435,loto casa pariurilor,ro,20,400,0.70,1.21,loto online,2026-06-05 04:00:13,Sitelinks,450,5800,6000,2015-09-08,"Informational,Navigational,Commercial,Transactional,Branded,Non-local",Romanian,"285, 670, 947, 367, 360, 356, 293, 240, 284, 290, 428, 449, 355, 374, 366, 310, 456, 444, 403, 413, 369, 414, 430, 418","383, 356, 423, 382, 378, 416, 427, 413, 369, 414, 430, 418, 383",Lottery
436,m.efortuna,ro,11,400,0.01,,fortuna,2026-05-27 04:45:42,Sitelinks,700,262000,266000,2015-11-15,"Navigational,Transactional,Branded,Non-local",,"347, 241, 194, 158, 239, 243, 240, 160, 179, 292, 242, 293, 276, 359, 351, 355, 423, 510, 431, 422, 468, 514, 456, 451","368, 366, 379, 351, 399, 387, 352, 348, 387, 441, 379, 379, 294",Sports betting; Sports
437,super cazino,ro,53,400,1.60,,supercazino,2026-05-18 17:24:54,Sitelinks,500,1300,1300,2018-05-07,"Informational,Navigational,Branded,Non-local",Romanian,"220, 163, 213, 225, 328, 316, 570, 477, 384, 366, 307, 241, 172, 225, 265, 332, 498, 422, 531, 659, 647, 500, 290, 509","495, 500, 503, 486, 517, 501, 531, 538, 522, 522, 479, 501, 487",Gambling
438,casino betano,ro,72,400,0.80,,betano casino,2026-06-01 04:43:40,Sitelinks,12000,19000,19000,2017-11-01,"Informational,Navigational,Commercial,Transactional,Branded,Non-local",Romanian,"465, 395, 410, 490, 492, 468, 576, 499, 475, 405, 392, 402, 326, 387, 317, 382, 326, 328, 458, 468, 421, 402, 384, 418","410, 397, 354, 357, 370, 362, 409, 389, 362, 374, 345, 383, 375",Sports betting
439,supeebet,ro,36,400,0.50,1.03,superbet,2026-06-05 02:26:55,"Sitelinks,Local pack,Video preview",1000,1610000,1760000,2015-09-03,"Informational,Navigational,Commercial,Transactional,Branded,Local",,"314, 296, 306, 367, 363, 375, 380, 430, 430, 440, 374, 367, 303, 339, 373, 370, 440, 426, 447, 413, 422, 435, 408, 399","355, 345, 387, 416, 463, 452, 443, 436, 445, 459, 430, 421, 375",Sports betting; Sports
440,fortuna casino romania,ro,31,400,0.60,,fortuna casino,2026-06-20 07:32:54,"Sitelinks,Local pack",800,37000,42000,2019-02-06,"Informational,Navigational,Commercial,Transactional,Branded,Local",English,"178, 214, 224, 401, 409, 422, 416, 426, 272, 327, 230, 518, 332, 564, 577, 273, 246, 418, 420, 413, 381, 382, 389, 411","397, 423, 416, 423, 424, 447, 452, 462, 430, 432, 439, 461, 448",Gambling
441,m.casa pariurilor,ro,31,400,1.20,1.09,casa pariurilor,2026-05-22 13:08:16,Sitelinks,500,327000,360000,2015-09-20,"Navigational,Transactional,Branded,Non-local",Romanian,"475, 521, 633, 578, 643, 658, 562, 628, 535, 812, 804, 819, 605, 637, 546, 291, 350, 306, 301, 405, 423, 383, 357, 420","285, 243, 305, 300, 350, 294, 303, 405, 422, 382, 356, 420, 285",Sports betting
442,betano online,ro,75,400,1.90,,betano casino,2026-06-12 20:17:50,,6600,27000,28000,2016-09-01,"Navigational,Transactional,Branded,Non-local",English,"288, 443, 200, 297, 299, 239, 356, 336, 275, 408, 398, 231, 362, 399, 583, 209, 391, 310, 483, 418, 400, 432, 411, 389","422, 423, 428, 392, 442, 428, 481, 471, 453, 485, 464, 442, 475",Sports betting
443,cazinouri licentiate romania,ro,61,400,2.00,,lista cazinouri online romania,2026-06-07 10:40:58,,450,7400,7800,2015-11-15,"Informational,Commercial,Non-branded,Local",Romanian,"201, 303, 301, 304, 370, 381, 305, 314, 141, 196, 206, 255, 305, 559, 674, 383, 510, 362, 342, 331, 312, 352, 486, 432","508, 561, 578, 340, 444, 413, 505, 514, 530, 537, 552, 563, 579",Gambling; Legal; Business
444,cazinouri online rotiri gratuite,ro,76,400,2.00,,rotiri gratuite fara depunere,2026-06-10 16:10:54,Sitelinks,450,166000,169000,2021-01-05,"Informational,Commercial,Non-branded,Non-local",Romanian,"63, 62, 83, 134, 131, 193, 450, 677, 232, 219, 231, 191, 164, 286, 365, 607, 515, 528, 360, 448, 385, 374, 370, 375","369, 405, 380, 354, 336, 337, 368, 426, 354, 351, 341, 351, 341",Gambling
445,oriental casino,ro,44,400,0.90,,oriental casino,2026-05-24 12:01:55,,450,200,200,2020-06-14,"Informational,Commercial,Branded,Non-local",English,"46, 95, 100, 98, 222, 174, 268, 346, 272, 322, 224, 344, 505, 661, 552, 426, 428, 508, 516, 435, 235, 221, 75, 219","236, 237, 225, 198, 206, 190, 193, 190, 169, 167, 160, 157, 164",Gambling; Public records
446,toate cazinourile online din romania,ro,76,400,1.30,,cazinouri online,2026-06-05 06:52:56,Sitelinks,450,21000,22000,2020-11-01,"Informational,Commercial,Non-branded,Non-local",Romanian,"136, 170, 251, 173, 259, 213, 212, 134, 81, 86, 82, 196, 242, 333, 494, 671, 567, 357, 360, 364, 343, 351, 357, 372","366, 385, 401, 400, 390, 354, 352, 356, 335, 342, 349, 364, 358",Gambling
447,bonusuri case de pariuri,ro,61,400,5.00,1.41,pariuri bonus,2026-05-20 08:30:06,Sitelinks,500,1600,1600,2015-10-22,"Informational,Commercial,Non-branded,Non-local",Romanian,"132, 154, 158, 193, 192, 186, 229, 191, 261, 389, 397, 335, 288, 441, 516, 643, 348, 350, 376, 369, 368, 382, 362, 350","329, 338, 340, 360, 360, 357, 361, 356, 355, 369, 348, 337",Sports betting
448,casa pariurilor rezultate azi,ro,55,400,0.80,,casa pariurilor rezultate,2026-06-20 06:58:44,,400,2100,2300,2015-11-25,"Informational,Branded,Non-local",Romanian,"216, 276, 416, 415, 405, 415, 406, 332, 332, 422, 340, 279, 139, 228, 409, 408, 399, 483, 508, 510, 617, 414, 468, 429","379, 476, 610, 587, 571, 597, 582, 554, 598, 510, 543, 505, 455",Sports betting; Statistics
449,cazino online nou,ro,80,400,2.00,,casino online,2026-05-27 11:19:31,,450,79000,83000,2021-03-05,"Informational,Commercial,Transactional,Non-branded,Non-local",Romanian,"183, 296, 296, 344, 432, 519, 639, 153, 140, 122, 161, 159, 152, 296, 487, 359, 485, 510, 499, 455, 450, 453, 461, 460","459, 484, 512, 505, 540, 549, 569, 520, 515, 518, 526, 525, 524",Gambling
450,jocuri de noroc fara depunere,ro,74,400,1.40,,bonus fara depunere,2026-05-21 14:13:27,,450,138000,142000,2019-12-19,"Informational,Commercial,Transactional,Non-branded,Non-local",Romanian,"107, 308, 261, 260, 200, 161, 198, 325, 209, 296, 254, 206, 142, 325, 323, 336, 517, 520, 436, 493, 479, 494, 478, 472","456, 488, 488, 513, 525, 523, 516, 568, 554, 569, 553, 546, 530",Lottery
451,rezultate casa pariurilor,ro,30,400,0.80,1.09,flashscore,2026-06-05 19:24:48,,450,341000,441000,2015-09-01,"Informational,Branded,Non-local",Romanian,"357, 369, 436, 434, 432, 416, 426, 435, 456, 446, 444, 386, 343, 355, 420, 418, 417, 402, 412, 422, 442, 433, 431, 375","333, 346, 409, 408, 407, 393, 403, 412, 433, 424, 422, 368",Sports betting; Statistics
452,bonus pariuri sportive,ro,64,400,7.00,1.5,pariuri bonus,2026-05-23 11:13:17,Sitelinks,450,1600,1700,2015-09-29,"Informational,Commercial,Non-branded,Non-local",Romanian,"161, 109, 85, 167, 164, 161, 126, 131, 189, 356, 251, 252, 205, 358, 392, 545, 325, 465, 403, 415, 424, 522, 399, 420","457, 435, 416, 528, 558, 570, 508, 520, 529, 650, 494, 518, 563",Sports betting
453,online casino games,ro,86,400,3.50,,casino games,2026-06-28 16:53:29,"Top ads,Paid sitelinks",58000,200,230000,2015-10-21,"Informational,Commercial,Non-branded,Non-local",English,"275, 274, 157, 268, 313, 821, 978, 690, 376, 1474, 689, 996, 854, 897, 525, 303, 231, 184, 166, 205, 142, 246, 167, 181","130, 139, 90, 87, 98, 131, 159, 146, 92, 203, 130, 150",Casino games; Gambling
454,casino online top,ro,62,400,3.00,,cazinouri online,2026-06-06 07:36:58,Video preview,2500,30000,30000,2017-08-18,"Informational,Commercial,Transactional,Non-branded,Non-local",English,"152, 156, 108, 194, 230, 83, 75, 103, 338, 118, 470, 147, 464, 151, 256, 417, 287, 284, 661, 485, 465, 495, 414, 479","475, 439, 350, 435, 431, 447, 443, 577, 550, 513, 656, 589, 583",Gambling
455,jocuri cu rotiri gratuite,ro,73,400,2.00,,cazinouri online,2026-05-29 22:47:02,,400,18000,19000,2020-05-17,"Informational,Commercial,Transactional,Non-branded,Non-local",Romanian,"140, 99, 186, 189, 191, 280, 332, 442, 364, 495, 286, 239, 292, 364, 333, 488, 384, 459, 333, 409, 390, 448, 264, 378","388, 383, 400, 400, 406, 473, 430, 473, 440, 465, 429, 415, 425",Gambling
456,jocuri cu bani reali,ro,0,400,2.00,1.4,jocuri cu bani reali gratis,2026-06-14 13:05:52,,500,250,300,2015-09-03,"Informational,Commercial,Non-branded,Non-local",Romanian,"247, 239, 198, 252, 292, 412, 348, 439, 360, 426, 285, 291, 246, 639, 465, 345, 281, 415, 392, 487, 383, 385, 386, 342","333, 376, 327, 446, 398, 411, 405, 500, 393, 396, 396, 351, 342",Lottery; Promotional giveaways; Add-ons
457,inregistrare betano,ro,47,400,2.00,,betano casino,2026-06-18 19:10:31,,450,30000,31000,2016-10-22,"Informational,Navigational,Commercial,Transactional,Branded,Non-local",Romanian,"1273, 1278, 1315, 1025, 1306, 1015, 1041, 1047, 1037, 889, 712, 704, 472, 350, 354, 421, 504, 424, 355, 407, 231, 214, 213, 382","279, 169, 193, 110, 294, 199, 161, 217, 62, 52, 66, 243",Sports betting
458,casa pariurilor bonus de bun venit,ro,46,350,5.00,,bonus bun venit,2026-06-08 05:20:34,,400,600,600,2016-08-27,"Informational,Commercial,Transactional,Branded,Non-local",Romanian,"158, 105, 102, 157, 164, 247, 208, 249, 162, 295, 155, 160, 150, 179, 172, 329, 396, 366, 514, 391, 379, 357, 556, 351","339, 358, 333, 385, 413, 454, 453, 485, 464, 434, 670, 419, 402",Sports betting
459,betano. com,ro,71,350,1.90,,betano.com,2026-06-21 04:06:14,,2700,3800,320000,2016-11-27,"Navigational,Branded,Non-local",,"687, 573, 500, 460, 530, 452, 506, 509, 437, 382, 400, 327, 239, 312, 260, 338, 414, 402, 382, 377, 340, 335, 325, 354","333, 314, 302, 378, 380, 371, 361, 357, 322, 317, 307, 335, 315",Sports betting
460,jocuri cazino online,ro,82,350,3.00,,cazinouri online,2026-06-24 19:10:36,,450,12000,13000,2015-12-23,"Informational,Commercial,Transactional,Non-branded,Non-local",Romanian,"103, 106, 77, 159, 167, 136, 164, 106, 298, 200, 359, 360, 289, 291, 349, 570, 315, 287, 330, 426, 286, 370, 257, 362","346, 348, 344, 389, 379, 372, 359, 369, 386, 384, 394, 391, 377",Gambling
461,las vegas casino ro,ro,61,350,1.00,,las vegas.ro,2026-05-23 22:11:30,Sitelinks,1400,18000,20000,2021-07-14,"Informational,Commercial,Non-branded,Local",English,"24, 66, 132, 50, 48, 76, 117, 66, 51, 90, 113, 98, 82, 76, 104, 205, 213, 714, 413, 451, 453, 463, 475, 479","476, 500, 509, 512, 520, 575, 562, 567, 569, 579, 591, 595, 592",Gambling; Tourist destinations
462,furtuna casino,ro,42,350,0.50,,fortuna casino,2026-06-28 15:05:04,Sitelinks,400,37000,42000,2019-04-30,"Informational,Navigational,Commercial,Transactional,Branded,Non-local",Romanian,"221, 230, 183, 210, 266, 287, 352, 299, 323, 554, 314, 372, 314, 342, 333, 341, 384, 304, 321, 328, 333, 360, 324, 327","314, 327, 318, 315, 329, 327, 345, 334, 339, 366, 330, 333",Gambling
463,cazinouri rotiri gratuite fara depunere,ro,72,350,3.00,,bonus fara depunere,2026-05-25 03:25:24,Sitelinks,400,144000,148000,2021-04-04,"Informational,Commercial,Transactional,Non-branded,Non-local",Romanian,"45, 21, 52, 80, 76, 79, 186, 188, 355, 358, 146, 148, 95, 173, 207, 278, 306, 321, 268, 508, 633, 461, 375, 465","452, 439, 435, 440, 457, 447, 449, 464, 467, 460, 459, 438, 425",Gambling
464,sloturi fara depunere,ro,72,350,1.90,,bonus fara depunere,2026-05-23 08:47:06,,400,141000,145000,2017-02-21,"Informational,Commercial,Transactional,Non-branded,Non-local",Romanian,"169, 69, 110, 132, 198, 233, 556, 238, 354, 432, 348, 167, 508, 203, 164, 337, 233, 185, 223, 393, 532, 649, 337, 326","339, 324, 359, 349, 344, 338, 424, 380, 351, 670, 593, 381, 395",Lottery
465,casapar,ro,0,350,1.30,0.95,casa pariurilor,2026-05-23 11:25:27,Sitelinks,350,328000,360000,2015-09-01,"Informational,Commercial,Branded,Non-local",,"270, 267, 481, 269, 321, 270, 262, 220, 209, 401, 316, 402, 305, 484, 484, 325, 267, 258, 325, 309, 308, 298, 278, 296","259, 289, 307, 262, 257, 260, 279, 274, 273, 264, 244, 263, 226",Real estate agencies; Short-term stays
466,casa pariurilor live score,ro,35,350,0.70,1.31,casa pariurilor rezultate,2026-05-16 04:18:01,,400,2200,2400,2015-09-04,"Informational,Navigational,Branded,Non-local",Romanian,"495, 329, 401, 697, 848, 480, 480, 409, 383, 267, 267, 213, 111, 218, 476, 483, 311, 253, 500, 360, 369, 332, 329, 348","308, 366, 389, 452, 477, 389, 365, 374, 384, 345, 342, 361, 319",Sports betting; Statistics
467,jocuri de noroc demo,ro,76,350,0.45,,pacanele gratis,2026-06-21 06:00:31,Sitelinks,400,38000,40000,2021-10-19,"Informational,Non-branded,Non-local",Romanian,"74, 117, 96, 147, 146, 272, 216, 284, 179, 214, 227, 185, 181, 332, 259, 244, 297, 312, 454, 374, 368, 385, 403, 395","388, 414, 415, 428, 434, 456, 471, 478, 471, 488, 506, 499, 492",Lottery
468,live casa pariurilor,ro,22,350,0.80,1.21,casa pariurilor,2026-06-10 18:33:31,Sitelinks,400,333000,365000,2015-09-21,"Informational,Navigational,Transactional,Branded,Non-local",Romanian,"429, 594, 612, 595, 514, 620, 638, 625, 513, 429, 392, 465, 358, 330, 415, 413, 331, 393, 348, 380, 332, 306, 249, 268","204, 213, 248, 224, 327, 327, 342, 367, 315, 293, 233, 253, 188",Sports betting; Sports
469,pariuri romania,ro,82,350,9.00,1.31,netbet sport,2026-05-28 08:39:16,,500,8900,9900,2015-09-04,"Informational,Commercial,Non-branded,Non-local",Romanian,"363, 239, 193, 192, 163, 247, 360, 249, 240, 292, 354, 362, 196, 260, 272, 526, 458, 333, 332, 415, 398, 482, 338, 398","473, 399, 424, 477, 484, 468, 450, 419, 427, 437, 436, 419, 493",Sports betting; Government; Sports
470,beta o,ro,71,350,1.30,,betano,2026-05-19 11:51:08,Sitelinks,2400,472000,477000,2015-09-01,"Informational,Branded,Non-local",,"404, 218, 493, 489, 486, 188, 241, 498, 475, 489, 152, 132, 107, 237, 398, 485, 480, 466, 505, 448, 557, 467, 429, 461","419, 411, 453, 464, 476, 442, 456, 460, 568, 478, 440",/Other
471,jocuri de noroc cu rotiri gratuite,ro,73,350,1.70,,cazinouri online,2026-06-09 06:37:36,,350,37000,37000,2022-01-23,"Informational,Commercial,Transactional,Non-branded,Non-local",Romanian,"44, 121, 57, 60, 103, 24, 158, 354, 240, 284, 198, 197, 162, 459, 413, 423, 467, 284, 294, 348, 329, 313, 299, 294","288, 300, 290, 277, 287, 263, 277, 311, 292, 277, 264, 259, 253",Lottery
472,fortuna bonus,ro,54,350,3.50,1.31,fortuna casino,2026-06-27 16:19:33,Sitelinks,2400,9600,9800,2016-02-14,"Informational,Commercial,Transactional,Non-branded,Non-local",Romanian,"222, 265, 262, 265, 317, 318, 258, 225, 320, 475, 412, 340, 265, 414, 375, 338, 391, 277, 371, 405, 329, 375, 264, 347","329, 335, 318, 319, 342, 331, 337, 337, 345, 376, 360, 347, 329",Sports betting
473,cazinouri noi cu bonus fara depunere,ro,76,350,1.00,,bonus fara depunere,2026-06-21 18:54:25,Sitelinks,400,130000,133000,2022-06-16,"Informational,Commercial,Transactional,Non-branded,Non-local",Romanian,"125, 88, 130, 86, 131, 229, 309, 819, 674, 551, 446, 442, 238, 266, 459, 474, 490, 496, 351, 469, 374, 293, 226, 238","187, 222, 251, 213, 203, 203, 169, 343, 213, 172, 89, 126, 70",Gambling
474,cazinouri online cu bonus fara depunere,ro,73,350,2.00,1.62,bonus fara depunere,2026-05-27 15:21:22,Sitelinks,500,144000,148000,2016-01-04,"Informational,Commercial,Transactional,Non-branded,Non-local",Romanian,"94, 120, 124, 76, 93, 73, 152, 220, 268, 321, 263, 264, 212, 293, 267, 571, 323, 244, 221, 435, 505, 318, 205, 338","321, 335, 318, 325, 330, 316, 319, 355, 331, 341, 330, 305, 290",Gambling
475,cote pariuri fotbal,ro,59,350,0.35,,superbet oferta,2026-06-03 05:29:20,,450,49000,50000,2015-11-30,"Informational,Commercial,Transactional,Non-branded,Non-local",Romanian,"454, 301, 198, 197, 208, 104, 137, 138, 250, 254, 251, 253, 173, 193, 163, 353, 325, 353, 293, 407, 400, 509, 442, 455","453, 440, 440, 476, 474, 476, 461, 478, 499, 533, 501, 498, 496",Sports betting; Soccer
476,casa pariurilor program,ro,4,350,0.90,1.02,casa pariurilor,2026-05-17 09:29:26,"Local pack,Sitelinks",350,330000,363000,2015-09-01,"Informational,Branded,Local",Romanian,"232, 157, 185, 251, 305, 254, 1135, 486, 291, 346, 758, 292, 199, 206, 208, 172, 195, 163, 746, 559, 237, 322, 468, 566","230, 162, 181, 154, 214, 273, 780, 550, 228, 313, 459, 557, 221",Sports betting; Business
477,pariuri sportive winner,ro,25,350,0.90,0.86,winner,2026-05-21 02:16:16,Sitelinks,400,68000,69000,2015-09-02,"Informational,Navigational,Commercial,Transactional,Branded,Non-local",Romanian,"529, 432, 355, 326, 466, 485, 389, 572, 318, 388, 402, 500, 501, 436, 367, 371, 489, 431, 338, 380, 301, 256, 286, 255","318, 252, 197, 713, 553, 484, 318, 376, 298, 253, 284, 253, 316",Sports betting; Sports
478,casino online bani reali,ro,75,350,6.00,,jocuri pacanele cu bani reali,2026-06-14 04:23:58,,500,60,150,2015-11-09,"Informational,Commercial,Transactional,Non-branded,Non-local",Romanian,"253, 306, 255, 169, 170, 115, 63, 105, 303, 370, 372, 206, 134, 264, 233, 689, 326, 368, 384, 361, 313, 376, 321, 321","292, 307, 298, 330, 291, 301, 303, 336, 333, 329, 303, 291, 262",Gambling
479,betano casino romania,ro,49,350,1.50,,betano casino,2026-06-15 16:46:25,Sitelinks,700,28000,29000,2019-01-18,"Informational,Navigational,Commercial,Transactional,Branded,Non-local",English,"162, 137, 254, 207, 241, 256, 259, 162, 199, 197, 296, 299, 355, 265, 221, 260, 269, 225, 420, 382, 361, 363, 385, 392","382, 364, 381, 361, 360, 359, 343, 339, 327, 323, 350, 353, 346",Gambling
480,login superbet,ro,55,350,1.30,,superbet,2026-06-28 09:58:10,Sitelinks,3400,1580000,1630000,2020-01-11,"Navigational,Transactional,Branded,Non-local",English,"410, 338, 404, 281, 329, 271, 271, 274, 265, 346, 419, 314, 378, 329, 579, 572, 696, 131, 160, 648, 435, 146, 152, 238","235, 211, 230, 201, 206, 173, 185, 211, 170, 152, 152, 128, 141",Sports betting
481,pacanele cu rotiri gratuite,ro,71,350,2.50,,rotiri gratuite fara depunere,2026-06-24 16:40:41,Sitelinks,400,7600,7800,2021-12-19,"Informational,Non-branded,Non-local",Romanian,"207, 170, 139, 118, 141, 216, 217, 387, 248, 157, 167, 204, 130, 284, 431, 602, 423, 334, 324, 600, 345, 349, 285, 361","287, 339, 346, 404, 331, 356, 349, 583, 341, 288, 289, 329, 255",Lottery
482,pariuri sportive online romania,ro,81,350,4.00,1.52,pariuri sportive,2026-06-04 03:25:04,,500,11000,11000,2015-09-17,"Informational,Commercial,Transactional,Non-branded,Non-local",Romanian,"286, 187, 123, 166, 170, 166, 236, 236, 220, 229, 278, 337, 284, 244, 223, 363, 263, 290, 244, 347, 487, 466, 322, 439","451, 436, 436, 467, 478, 487, 483, 495, 511, 511, 512, 521, 535",Sports betting
483,casino online demo,ro,80,350,0.80,,jocuri cazino gratis,2026-06-24 20:31:59,,3000,19000,21000,2018-12-11,"Informational,Commercial,Non-branded,Non-local",English,"165, 171, 170, 210, 206, 254, 382, 482, 257, 362, 365, 300, 168, 373, 393, 410, 347, 354, 435, 458, 292, 370, 390, 323","269, 454, 421, 396, 343, 368, 439, 461, 376, 418, 422, 406, 376",Gambling
484,pacanele romania,ro,80,350,3.00,,casino online romania,2026-06-16 19:45:27,,600,46000,51000,2017-05-31,"Informational,Commercial,Non-branded,Non-local",Romanian,"61, 97, 88, 92, 98, 106, 115, 130, 117, 147, 173, 144, 104, 199, 182, 227, 393, 567, 565, 569, 566, 582, 570, 570","563, 565, 552, 554, 564, 571, 565, 569, 566, 582, 571",Gambling
485,superbt,ro,35,350,0.50,0.49,superbet,2026-05-27 03:51:31,"Sitelinks,Video preview",4500,1610000,1760000,2015-09-17,"Informational,Navigational,Commercial,Transactional,Branded,Non-local",,"252, 266, 265, 311, 322, 313, 315, 387, 375, 391, 314, 310, 257, 267, 320, 318, 376, 380, 400, 402, 405, 414, 392, 382","352, 354, 370, 380, 406, 407, 413, 418, 420, 430, 408, 398, 368",Sports betting; Sports
486,case de pariuri sportive,ro,75,350,7.00,0.77,pariuri sportive,2026-06-20 09:36:16,"Sitelinks,Local pack",500,12000,14000,2015-09-06,"Informational,Commercial,Transactional,Non-branded,Non-local",Romanian,"132, 84, 83, 112, 168, 165, 165, 210, 253, 301, 255, 251, 214, 360, 353, 417, 279, 250, 326, 435, 448, 446, 406, 412","409, 411, 430, 458, 430, 422, 446, 442, 431, 432, 416, 412, 409",Sports betting
487,play casino,ro,85,350,1.30,,player casino,2026-06-02 06:03:38,,17000,13000,13000,2016-09-04,"Transactional,Non-branded,Non-local",English,"139, 539, 149, 184, 170, 188, 207, 230, 810, 1372, 915, 218, 191, 1226, 208, 234, 185, 204, 247, 262, 396, 382, 289, 215","194, 339, 222, 216, 190, 218, 222, 239, 366, 357, 272, 204, 185",Gambling
488,casa pariurilor sport,ro,22,350,1.30,,casa pariurilor,2026-06-05 17:13:22,Sitelinks,400,330000,362000,2018-05-13,"Informational,Commercial,Branded,Non-local",Romanian,"123, 103, 82, 198, 195, 269, 227, 291, 235, 333, 283, 351, 357, 433, 442, 404, 317, 386, 334, 301, 379, 285, 236, 252","244, 246, 254, 246, 263, 245, 257, 302, 380, 285, 236, 253, 245",Sports betting
489,pokerstars.ro,ro,4,350,1.00,1.05,pokerstars,2026-05-16 14:04:14,Sitelinks,500,11000,11000,2015-09-04,"Navigational,Transactional,Branded,Non-local",,"360, 260, 293, 487, 323, 370, 497, 390, 416, 361, 347, 313, 360, 260, 293, 487, 323, 371, 497, 390, 416, 361, 347, 313","360, 260, 293, 487, 323, 371, 497, 390, 416, 361, 347, 313, 360",Casino games
490,bilete pariuri,ro,72,350,0.60,1.4,pariuri 1x2,2026-06-27 15:30:18,,450,15000,18000,2015-09-05,"Informational,Commercial,Non-branded,Non-local",Romanian,"247, 267, 366, 406, 427, 450, 392, 377, 489, 457, 401, 330, 231, 251, 344, 382, 402, 424, 370, 356, 462, 432, 379, 312","219, 237, 326, 362, 382, 403, 352, 339, 440, 412, 362, 298, 209",Sports betting; Sports
491,program casa pariurilor,ro,1,350,0.90,1.08,casa pariurilor,2026-06-26 01:11:54,,350,347000,379000,2015-09-02,"Informational,Branded,Local",Romanian,"237, 160, 193, 221, 268, 229, 1256, 552, 271, 327, 831, 281, 190, 198, 210, 170, 205, 180, 865, 598, 251, 316, 543, 521","229, 195, 218, 201, 236, 306, 939, 591, 244, 309, 535, 514, 222",Sports betting; Business
492,win casino,ro,72,350,0.90,,winmasters casino,2026-06-03 08:56:30,,33000,500,500,2017-02-10,"Informational,Commercial,Transactional,Branded,Non-local",English,"116, 146, 186, 177, 172, 220, 226, 272, 221, 265, 215, 266, 230, 333, 391, 344, 408, 332, 362, 369, 284, 348, 375, 272","260, 275, 363, 412, 446, 356, 390, 397, 305, 374, 403, 292, 279",Gambling
493,casa pariurilor fotbal,ro,3,350,0.60,1.1,casa pariurilor,2026-06-14 20:11:41,Sitelinks,450,346000,378000,2015-09-29,"Informational,Navigational,Commercial,Transactional,Branded,Non-local",Romanian,"443, 371, 318, 382, 461, 384, 307, 454, 356, 560, 935, 563, 553, 277, 333, 330, 326, 318, 243, 328, 552, 423, 434, 337","264, 277, 328, 364, 343, 411, 390, 324, 546, 419, 430, 335, 262",Sports betting; Soccer
494,casino fără depunere,ro,74,350,2.00,,rotiri gratuite fara depunere,2026-06-11 08:46:34,,450,166000,169000,2020-06-21,"Informational,Commercial,Non-branded,Non-local",Romanian,"37, 79, 120, 92, 134, 88, 86, 152, 181, 223, 241, 132, 140, 232, 305, 441, 419, 498, 421, 454, 462, 465, 469, 447","449, 472, 495, 504, 509, 516, 525, 543, 551, 554, 558, 537",Gambling
495,pariu,ro,59,350,1.50,0.42,pariu,2026-06-08 01:51:27,"Video preview,Sitelinks",1300,10,10,2015-09-10,"Informational,Non-branded,Non-local",Romanian,"296, 285, 232, 196, 247, 294, 300, 361, 352, 296, 349, 569, 378, 412, 397, 335, 322, 254, 327, 312, 300, 315, 315, 337","320, 322, 303, 291, 303, 311, 312, 311, 299, 315, 315, 336, 320",/Other
496,online cazino,ro,83,350,3.00,,casino online romania,2026-06-17 10:08:13,,1000,46000,51000,2016-06-08,"Informational,Commercial,Transactional,Non-branded,Non-local",Romanian,"303, 304, 169, 169, 169, 167, 371, 117, 99, 100, 82, 98, 448, 603, 578, 209, 206, 211, 559, 412, 288, 319, 272, 268","271, 245, 263, 233, 173, 163, 187, 141, 119, 123, 108, 108, 126",Gambling
497,fortuna live,ro,56,350,0.01,1.15,fortuna fotbal,2026-05-18 00:27:02,Sitelinks,10000,150,150,2015-09-29,"Informational,Navigational,Commercial,Transactional,Branded,Non-local",English,"306, 456, 398, 462, 568, 385, 473, 469, 441, 574, 452, 371, 238, 488, 339, 381, 391, 269, 376, 401, 427, 392, 321, 292","279, 362, 344, 388, 392, 337, 395, 433, 461, 423, 346, 314, 300",Sports betting; Sports
498,fortuna.,ro,57,350,,0.91,fortuna,2026-06-02 21:16:56,Sitelinks,2900,249000,255000,2015-11-05,"Informational,Navigational,Commercial,Transactional,Branded,Non-local",,"124, 131, 127, 126, 145, 128, 172, 167, 180, 303, 256, 259, 153, 262, 422, 406, 596, 653, 433, 206, 210, 192, 206, 120",173,Sports betting; Sports
499,casa pariurilor casino online,ro,55,350,0.90,,casa pariurilor,2026-06-27 06:50:18,,400,347000,379000,2017-12-16,"Navigational,Commercial,Transactional,Branded,Non-local",Romanian,"98, 99, 61, 46, 99, 155, 105, 356, 239, 237, 298, 555, 431, 427, 307, 259, 217, 183, 418, 356, 335, 342, 347, 356","336, 342, 317, 315, 325, 334, 343, 356, 335, 342, 347, 356, 336",Sports betting
500,pokerstars romania,ro,0,350,1.50,1.05,pokerstars,2026-05-28 20:02:27,Sitelinks,600,11000,11000,2015-09-08,"Informational,Branded,Non-local",English,"659, 656, 477, 916, 792, 978, 768, 494, 332, 473, 405, 322, 268, 417, 461, 489, 258, 248, 290, 308, 290, 296, 280, 280","255, 257, 277, 301, 305, 284, 288, 306, 289, 295, 279, 279",Casino games
501,pariul,ro,68,300,1.40,0.4,casa pariurilor,2026-06-18 01:27:55,,300,348000,380000,2015-09-03,"Informational,Commercial,Transactional,Branded,Non-local",Romanian,"206, 182, 253, 341, 332, 367, 359, 294, 504, 458, 319, 259, 172, 148, 220, 308, 299, 334, 327, 262, 472, 427, 288, 228","141, 118, 190, 278, 269, 305, 298, 234, 444, 398, 260, 201, 113",Sports betting
502,betano pariuri sportive,ro,34,300,0.90,,betano live,2026-06-20 00:12:46,"Top stories,Thumbnail",600,7700,8500,2017-04-12,"Informational,Navigational,Commercial,Transactional,Branded,Non-local",Romanian,"196, 139, 176, 296, 515, 520, 559, 682, 650, 559, 548, 263, 174, 219, 186, 242, 252, 136, 296, 447, 638, 540, 304, 448","338, 348, 334, 387, 456, 568, 421, 566, 509, 478, 413, 465, 350",Sports betting; Sports
503,pariuri sport,ro,81,300,1.50,,netbet sport,2026-06-05 16:37:44,,350,8800,10000,2015-10-02,"Commercial,Transactional,Non-branded,Non-local",Romanian,"184, 156, 180, 157, 192, 137, 115, 113, 165, 305, 261, 311, 260, 306, 147, 270, 268, 239, 218, 263, 287, 428, 287, 348","349, 374, 372, 361, 378, 369, 352, 348, 351, 388, 351, 348, 349",Sports betting; Sports
504,efortuna online,ro,57,300,0.01,0.99,fortuna,2026-05-23 13:37:35,"Top ads,Sitelinks",450,262000,267000,2015-09-27,"Navigational,Transactional,Branded,Non-local",English,"236, 241, 196, 296, 194, 528, 446, 539, 417, 422, 427, 292, 234, 329, 329, 439, 319, 224, 298, 306, 327, 293, 287, 270","284, 291, 276, 289, 310, 358, 301, 302, 323, 291, 285, 268, 282",Lottery; Sports betting
505,fortuna inregistrare,ro,57,300,0.20,1.28,fortuna casino,2026-06-24 14:00:37,,300,4200,4300,2016-01-20,"Informational,Navigational,Commercial,Transactional,Branded,Non-local",Romanian,"99, 96, 98, 69, 65, 83, 72, 55, 77, 100, 65, 82, 129, 811, 723, 394, 315, 321, 167, 168, 154, 157, 132, 120","117, 341, 305, 180, 183, 308, 186, 187, 171, 174, 146, 132",Sports betting
506,jocuri de cazinou,ro,84,300,1.20,,jocuri pacanele gratis,2026-06-24 12:14:17,,450,3200,3300,2015-09-14,"Informational,Commercial,Non-branded,Non-local",Romanian,"105, 147, 208, 150, 183, 409, 160, 196, 125, 129, 221, 223, 181, 227, 224, 1084, 289, 275, 238, 253, 233, 262, 266, 252","255, 282, 287, 356, 300, 308, 296, 311, 291, 320, 324, 310",Gambling
507,casino bet online,ro,82,300,2.50,,netbet,2026-06-14 20:51:41,,5500,148000,151000,2020-03-13,"Commercial,Transactional,Non-branded,Non-local",English,"11, 12, 21, 11, 22, 372, 477, 521, 383, 902, 476, 289, 527, 690, 660, 401, 11, 11, 11, 196, 149, 309, 290, 203","256, 256, 256, 256, 256, 256, 256, 256, 256, 256, 256, 256, 256",Gambling
508,oferte casa pariurilor ro,ro,13,300,1.00,,casa pariurilor,2026-06-19 03:39:21,Sitelinks,450,347000,380000,2020-10-24,"Informational,Commercial,Branded,Non-local",Romanian,"619, 1688, 1406, 530, 541, 435, 1378, 1684, 925, 761, 629, 410, 335, 354, 349, 166, 187, 137, 357, 436, 290, 194, 286, 342","99, 251, 318, 61, 118, 46, 316, 440, 648, 424, 582, 540, 256",Sports betting
509,winners casino,ro,66,300,0.70,,casino online,2026-06-02 15:53:55,,2800,11000,11000,2020-01-21,"Informational,Navigational,Commercial,Branded,Non-local",English,"263, 259, 331, 331, 325, 333, 480, 387, 326, 338, 292, 285, 246, 256, 275, 319, 397, 386, 374, 292, 256, 295, 247, 292","289, 281, 293, 296, 301, 300, 332, 313, 295, 298, 289, 292, 289",Gambling
510,pacanele gratis betano,ro,66,300,0.50,,pacanele gratis,2026-06-05 04:55:50,Sitelinks,350,38000,39000,2022-03-07,"Informational,Commercial,Transactional,Branded,Non-local",Romanian,"189, 130, 95, 154, 195, 196, 241, 239, 197, 196, 155, 154, 96, 71, 99, 97, 190, 188, 101, 374, 451, 614, 845, 583","603, 579, 580, 584, 614, 600, 625, 628, 632, 662, 667, 658, 678",Sports betting
511,e furtuna,ro,9,300,,1.01,fortuna,2026-06-02 07:00:03,"Sitelinks,Video preview",350,249000,253000,2015-09-02,"Informational,Navigational,Branded,Non-local",Romanian,"400, 432, 409, 496, 439, 534, 447, 473, 568, 428, 590, 485, 447, 146, 241, 234, 318, 208, 138, 284, 274, 298, 341, 307",,Lottery; Sports betting
512,acasa fortuna,ro,57,300,0.25,,efortuna.ro,2026-06-21 04:58:21,,300,4900,4900,2019-12-28,"Informational,Navigational,Commercial,Transactional,Branded,Non-local",Romanian,"673, 431, 780, 137, 357, 195, 299, 370, 354, 409, 193, 287, 161, 166, 242, 341, 888, 198, 538, 363, 299, 86, 66, 194","179, 170, 197, 131, 166, 106, 135, 109, 187, 207, 159, 195, 180",Sports betting
513,casa pariurilor cont,ro,0,300,1.20,1.21,casa pariurilor,2026-05-21 13:05:46,Sitelinks,300,327000,359000,2015-09-11,"Informational,Transactional,Branded,Non-local",Romanian,"264, 256, 209, 170, 350, 276, 335, 343, 202, 246, 308, 367, 270, 245, 231, 245, 297, 306, 288, 263, 242, 242, 308, 367","270, 245, 231, 245, 297, 306, 288, 263, 242, 242, 308, 367, 270",Sports betting
514,jocuri cu sloturi,ro,79,300,2.50,,casa pariurilor casino,2026-05-20 08:52:09,,350,39000,43000,2015-10-29,"Informational,Commercial,Transactional,Non-branded,Non-local",Romanian,"112, 83, 83, 41, 120, 113, 139, 112, 133, 207, 260, 317, 263, 369, 365, 436, 227, 167, 165, 224, 264, 362, 225, 327","317, 325, 330, 321, 325, 309, 320, 328, 334, 357, 353, 354, 343",Lottery
515,jocuri fără depunere,ro,73,300,,,bonus fara depunere,2026-05-26 17:02:26,,350,144000,148000,2020-12-12,"Informational,Commercial,Transactional,Non-branded,Non-local",Romanian,"27, 20, 44, 92, 56, 90, 108, 233, 153, 228, 309, 256, 230, 396, 336, 248, 234, 159, 194, 306, 499, 314, 238, 269",274,Gambling
516,superbet casino demo,ro,35,300,0.70,,superbet casino,2026-06-27 00:55:38,Sitelinks,400,18000,62000,2021-10-10,"Informational,Commercial,Branded,Non-local",English,"202, 203, 166, 254, 212, 201, 312, 391, 173, 199, 172, 143, 166, 270, 397, 440, 332, 322, 371, 363, 255, 337, 289, 289","279, 318, 333, 338, 276, 301, 357, 349, 241, 323, 275, 275, 265",Gambling
517,bonus casa pariurilor,ro,40,300,3.00,1.26,400 rotiri gratuite fara depunere,2026-06-06 11:56:17,Sitelinks,400,250,250,2015-09-05,"Informational,Commercial,Branded,Non-local",Romanian,"293, 243, 237, 340, 349, 427, 286, 292, 284, 406, 410, 468, 326, 341, 275, 337, 303, 280, 252, 289, 299, 267, 223, 240","246, 243, 225, 224, 247, 275, 247, 285, 295, 263, 220",Sports betting
518,superbet cazino,ro,57,300,1.20,,superbet casino,2026-06-22 10:55:58,Sitelinks,400,17000,20000,2019-10-30,"Informational,Commercial,Branded,Non-local",Romanian,"260, 222, 207, 252, 302, 265, 301, 305, 290, 303, 250, 253, 206, 219, 264, 266, 301, 357, 459, 435, 445, 427, 410, 422","414, 423, 428, 442, 466, 477, 503, 488, 499, 480, 464",Gambling
519,betfair bonus fara depunere,ro,50,300,0.70,,100 rotiri gratuite fara depunere,2026-05-27 06:39:17,Sitelinks,350,300,300,2017-01-11,"Informational,Commercial,Branded,Non-local",Romanian,"212, 170, 179, 179, 318, 210, 143, 262, 242, 245, 372, 316, 255, 271, 225, 351, 335, 303, 299, 312, 300, 313, 307, 277","259, 239, 229, 232, 250, 241, 227, 248, 233, 250, 243, 216, 199",Sports betting
520,cazino bonus fara depunere,ro,72,300,2.00,,bonus fara depunere,2026-06-24 21:54:47,Sitelinks,300,128000,131000,2017-10-20,"Informational,Commercial,Transactional,Non-branded,Non-local",Romanian,"128, 127, 162, 153, 165, 195, 250, 356, 124, 125, 274, 227, 173, 252, 268, 332, 320, 298, 288, 329, 300, 308, 319, 324","317, 328, 334, 347, 358, 359, 368, 395, 366, 373, 385, 390, 383",Gambling
521,win 2 bonus fara depunere,ro,56,300,0.70,,rotiri gratuite fara depunere,2026-05-27 19:31:29,,400,50000,50000,2023-07-12,"Informational,Commercial,Branded,Non-local",Romanian,"686, 663, 774, 618, 624, 377, 356, 888, 790, 838, 363, 264, 317, 363, 349, 353, 470, 257, 265, 580, 262, 219, 136, 122","97, 106, 95, 91, 54, 49, 116, 388, 97, 64, 19, 16, 14",Lottery; Promotional giveaways
522,case pariuri romania,ro,73,300,8.00,1.2,case pariuri online,2026-06-28 14:40:46,Sitelinks,450,1800,2200,2015-09-03,"Informational,Commercial,Non-branded,Non-local",Romanian,"230, 182, 152, 230, 234, 233, 228, 183, 213, 329, 324, 336, 180, 213, 226, 426, 193, 303, 298, 291, 288, 312, 301, 303","287, 281, 294, 324, 317, 331, 336, 329, 326, 350, 339",Sports betting
523,cazinoul meu superbet,ro,33,300,0.70,,superbet casino,2026-06-17 21:55:12,Sitelinks,300,14000,17000,2022-01-06,"Informational,Navigational,Commercial,Transactional,Branded,Non-local",Romanian,"131, 203, 361, 369, 364, 363, 465, 466, 451, 379, 560, 454, 438, 375, 362, 299, 304, 232, 251, 282, 282, 237, 220, 217","174, 181, 177, 124, 154, 164, 132, 143, 186, 121, 123, 117, 86",Lottery
524,fortuna romania,ro,1,300,0.40,0.78,fortuna,2026-05-19 00:20:14,Sitelinks,800,262000,266000,2015-09-17,"Informational,Navigational,Commercial,Transactional,Branded,Non-local",Romanian,"525, 345, 364, 290, 406, 392, 395, 341, 314, 386, 412, 282, 259, 347, 423, 380, 253, 199, 323, 292, 313, 338, 296, 308","306, 336, 352, 337, 324, 317, 336, 333, 354, 378, 336, 349, 347",Sports betting; Sports
525,oferte casino fara depunere,ro,76,300,2.50,,rotiri gratuite fara depunere,2026-05-15 02:33:53,Sitelinks,350,184000,188000,2020-03-25,"Informational,Commercial,Transactional,Non-branded,Non-local",Romanian,"320, 169, 264, 218, 327, 337, 404, 611, 339, 589, 402, 402, 340, 365, 438, 481, 313, 251, 205, 280, 254, 301, 278, 277","259, 258, 262, 247, 266, 269, 289, 312, 290, 335, 314, 312, 295",Gambling
526,pariuri maraton,ro,22,300,1.90,,pariuri maraton,2026-06-24 08:13:13,Sitelinks,300,90,90,2020-01-13,"Informational,Navigational,Commercial,Transactional,Branded,Non-local",Romanian,"78, 77, 41, 121, 260, 111, 140, 118, 91, 122, 58, 57, 74, 146, 267, 144, 328, 337, 416, 381, 380, 392, 382, 393","393, 411, 429, 427, 468, 443, 465, 462, 461, 473, 463, 474, 474",Sports betting
527,meciuri pariuri sportive,ro,66,300,0.80,,superbet oferta,2026-05-26 06:03:29,,600,43000,44000,2017-02-19,"Informational,Commercial,Transactional,Non-branded,Non-local",Romanian,"462, 303, 199, 256, 257, 309, 253, 320, 385, 384, 312, 257, 181, 191, 192, 199, 282, 362, 386, 357, 359, 342, 294, 272","273, 247, 200, 188, 171, 170, 144, 146, 173, 161, 131, 117, 131",Sports betting; Sports
528,sperbet,ro,48,300,0.50,0.93,superbet,2026-06-21 17:29:48,Sitelinks,1300,1570000,1670000,2015-09-02,"Informational,Commercial,Branded,Non-local",Romanian,"233, 216, 225, 265, 268, 279, 281, 343, 325, 352, 287, 279, 215, 234, 291, 306, 342, 333, 356, 355, 358, 351, 312, 282","263, 264, 292, 319, 316, 323, 332, 355, 358, 352, 312, 283",Sports betting
529,superbet jocuri gratis,ro,64,300,0.45,,pacanele gratis,2026-06-16 11:03:50,,350,16000,17000,2021-09-16,"Informational,Branded,Non-local",Romanian,"483, 395, 483, 399, 402, 398, 402, 489, 324, 214, 146, 116, 211, 151, 149, 187, 192, 227, 253, 437, 522, 514, 435, 396","444, 428, 444, 426, 431, 444, 398, 499, 481, 445, 434, 375, 422",Lottery
530,berano,ro,7,300,,,betano,2026-06-08 00:18:58,"Sitelinks,Video preview",9100,471000,476000,2017-02-26,"Informational,Navigational,Commercial,Transactional,Branded,Non-local",,"254, 269, 233, 260, 281, 267, 375, 392, 291, 380, 309, 279, 237, 260, 268, 286, 261, 266, 356, 300, 315, 360, 291, 275",309,Sports betting
531,cazinouri online rotiri gratuite fara depunere,ro,73,300,1.90,,bonus fara depunere,2026-06-27 18:08:37,Sitelinks,400,128000,131000,2022-11-16,"Informational,Commercial,Non-branded,Non-local",Romanian,"100, 130, 160, 235, 308, 464, 449, 367, 820, 351, 223, 277, 153, 261, 302, 358, 335, 355, 344, 346, 392, 304, 296, 286","278, 275, 274, 275, 297, 305, 297, 302, 347, 261, 252",Gambling
532,casa cu tei craiova,ro,30,300,,0.93,casa pariurilor,2026-05-21 05:47:18,"Videos,Image pack",300,327000,359000,2015-09-02,"Informational,Commercial,Non-branded,Local",Romanian,"1097, 837, 852, 916, 965, 1294, 1048, 1003, 978, 1067, 892, 669, 295, 175, 127, 87, 78, 90, 206, 355, 474, 457, 417, 428",433,Residential sales
533,pariuri fara depunere,ro,63,300,2.50,,bonus pariuri fara depunere,2026-05-24 04:09:11,Sitelinks,400,1300,1300,2015-12-28,"Informational,Commercial,Non-branded,Non-local",Romanian,"149, 148, 215, 211, 254, 179, 192, 162, 224, 290, 295, 242, 240, 302, 364, 365, 367, 291, 318, 318, 330, 341, 343, 335","330, 341, 357, 355, 374, 378, 374, 379, 389, 403, 404, 398",Sports betting
534,suerbet,ro,65,300,0.50,0.99,superbet.ro,2026-06-24 18:53:25,,900,66000,75000,2015-09-25,"Informational,Non-branded,Non-local",Romanian,"221, 218, 216, 258, 264, 268, 272, 325, 321, 340, 275, 266, 216, 235, 269, 276, 316, 321, 331, 318, 315, 309, 292, 278","264, 276, 284, 302, 322, 328, 318, 307, 305, 298, 282, 267, 254",Desserts
535,bonusuri betano casino,ro,60,300,1.30,,betano casino,2026-06-22 09:10:02,Sitelinks,450,33000,34000,2017-11-24,"Informational,Commercial,Branded,Non-local",Romanian,"138, 135, 169, 208, 207, 261, 268, 214, 140, 159, 203, 205, 163, 302, 206, 221, 347, 372, 375, 426, 343, 416, 297, 392","418, 429, 375, 361, 365, 364, 374, 360, 332, 330, 340, 324, 342",Gambling
536,casino ro,ro,83,300,1.10,,cazinouri fara depunere,2026-05-16 08:18:44,,900,5300,5400,2017-05-24,"Informational,Commercial,Non-branded,Local",Romanian,"132, 170, 196, 221, 197, 526, 231, 219, 203, 179, 155, 156, 160, 225, 227, 216, 552, 356, 324, 334, 357, 300, 275, 273","286, 291, 286, 284, 362, 364, 302, 310, 335, 277, 252, 251",Casino games; Gambling
537,superbet demo egt,ro,48,300,0.35,,egt demo,2026-06-02 23:37:15,,400,4100,4200,2022-05-03,"Informational,Navigational,Branded,Non-local",English,"1006, 1273, 1282, 1283, 1304, 1291, 1578, 1575, 978, 701, 579, 471, 303, 396, 314, 379, 387, 583, 494, 410, 60, 94, 323, 136","43, 139, 100, 159, 120, 194, 187, 203, 45, 87, 85, 127, 22",Lottery
538,cazino rotiri gratuite,ro,74,300,3.00,,rotiri gratuite fara depunere,2026-06-12 02:31:36,Sitelinks,350,34000,35000,2020-01-30,"Informational,Branded,Non-local",Romanian,"119, 184, 151, 71, 225, 275, 69, 84, 264, 90, 63, 65, 314, 146, 332, 458, 170, 319, 248, 260, 274, 266, 279, 255","287, 283, 294, 303, 302, 325, 301, 313, 327, 319, 333, 308, 340",Lottery
539,bonus fara depunere pariuri,ro,60,250,3.50,1.78,bonus pariuri fara depunere,2026-05-22 20:52:20,Sitelinks,300,1200,1300,2016-01-17,"Informational,Commercial,Transactional,Non-branded,Non-local",Romanian,"132, 158, 184, 184, 222, 222, 111, 112, 152, 246, 251, 209, 205, 226, 363, 260, 314, 260, 242, 249, 251, 264, 247, 231","221, 226, 239, 235, 261, 280, 247, 256, 257, 271, 253, 238, 228",Sports betting
540,site pariuri,ro,81,250,11.00,1.06,pariuri sportive,2026-05-23 17:40:28,,350,8700,8900,2015-10-13,"Navigational,Commercial,Transactional,Non-branded,Non-local",Romanian,"134, 136, 112, 138, 165, 138, 161, 164, 165, 206, 162, 199, 166, 186, 219, 302, 267, 261, 256, 256, 256, 265, 269, 259","257, 258, 263, 281, 282, 274, 273, 272, 273, 282, 286",Sports betting
541,winner pariuri sportive,ro,40,250,0.90,1.11,winner,2026-06-04 05:32:15,Sitelinks,450,68000,69000,2015-09-01,"Informational,Commercial,Non-branded,Non-local",Romanian,"497, 472, 470, 493, 464, 465, 483, 420, 437, 392, 486, 412, 307, 286, 278, 285, 261, 254, 255, 214, 213, 182, 214, 170","118, 100, 87, 77, 58, 43, 27, 8, 1, 1, 1, 1, 1",Sports betting; Sports
542,poker casino,ro,58,250,2.50,,cazinouri online,2026-06-24 18:17:12,"Video preview,Local pack",7900,12000,13000,2016-02-18,"Informational,Commercial,Non-branded,Non-local",English,"223, 199, 141, 140, 165, 163, 123, 199, 173, 208, 173, 158, 247, 320, 409, 207, 179, 220, 220, 252, 212, 259, 239, 273","254, 243, 258, 226, 236, 260, 263, 288, 234, 285, 263, 300",Casino games
543,casa pariurilor flashscore,ro,55,250,0.70,,flashscore,2026-06-16 05:59:59,Sitelinks,250,271000,322000,2015-09-29,"Informational,Branded,Non-local",Romanian,"209, 208, 251, 305, 295, 275, 277, 282, 307, 274, 263, 213, 209, 208, 251, 305, 295, 275, 277, 282, 307, 274, 263, 213","209, 208, 251, 305, 295, 275, 277, 282, 307, 274, 263",Gambling; Statistics
544,pacanele demo superbet,ro,63,250,0.35,,pacanele gratis,2026-06-05 02:44:19,,350,18000,19000,2022-01-30,"Informational,Commercial,Branded,Non-local",Romanian,"140, 87, 140, 138, 168, 259, 171, 205, 202, 166, 107, 107, 68, 50, 72, 88, 137, 138, 109, 265, 1288, 315, 240, 406","378, 374, 392, 408, 422, 430, 416, 424, 493, 432, 417, 435, 406",Lottery
545,romania casino online,ro,83,250,3.00,,cazinouri online,2026-06-18 19:43:39,,450,52000,57000,2020-01-10,"Informational,Commercial,Transactional,Non-branded,Non-local",English,"137, 169, 168, 178, 167, 202, 205, 86, 104, 98, 110, 125, 354, 239, 493, 123, 103, 110, 505, 239, 241, 246, 247, 253","278, 269, 303, 269, 268, 279, 328, 295, 298, 303, 304, 310, 335",Gambling
546,casino bet,ro,83,250,1.20,,getsbet casino,2026-05-20 07:32:59,,124000,3500,3700,2016-10-03,"Commercial,Transactional,Non-branded,Non-local",English,"90, 167, 182, 226, 222, 256, 80, 98, 258, 67, 72, 296, 225, 303, 263, 239, 269, 231, 123, 258, 232, 239, 199, 263","202, 209, 180, 209, 196, 210, 198, 256, 231, 238, 198, 263, 201",Sports betting
547,shining crown demo superbet,ro,61,250,0.45,,shining crown,2026-06-28 14:41:45,,300,1700,1800,2021-10-13,"Informational,Navigational,Branded,Non-local",English,"388, 390, 488, 485, 398, 388, 392, 496, 487, 381, 267, 266, 211, 448, 274, 287, 266, 339, 339, 341, 42, 56, 62, 53","47, 102, 39, 77, 60, 92, 79, 163, 54, 89, 33, 83, 48",Lottery
548,casino online cu bonus fara depunere,ro,77,250,2.00,,rotiri gratuite fara depunere,2026-05-28 20:03:44,,300,184000,188000,2015-09-01,"Informational,Commercial,Transactional,Non-branded,Non-local",Romanian,"116, 167, 77, 119, 142, 187, 225, 188, 277, 178, 112, 145, 73, 145, 138, 273, 213, 357, 223, 237, 309, 274, 263, 246","215, 226, 225, 263, 271, 312, 286, 289, 376, 331, 317, 296, 258",Gambling
549,jocuri noroc,ro,83,250,4.50,1.04,netbet,2026-05-30 08:18:56,,300,176000,180000,2015-09-12,"Informational,Commercial,Transactional,Non-branded,Non-local",Romanian,"182, 158, 180, 190, 183, 182, 322, 393, 324, 650, 232, 200, 252, 369, 329, 290, 252, 221, 215, 232, 262, 318, 217, 253","252, 247, 249, 300, 284, 249, 269, 291, 273, 311, 281, 260, 259",Lottery
550,online casino top,ro,76,250,2.50,,cazinouri online,2026-06-28 15:34:13,Video preview,3400,19000,20000,2020-01-16,"Informational,Commercial,Non-branded,Non-local",English,"92, 135, 72, 98, 107, 164, 170, 140, 111, 373, 319, 259, 211, 468, 579, 239, 323, 180, 177, 187, 177, 179, 161, 196","169, 188, 191, 163, 169, 178, 167, 172, 177, 171, 165, 185, 159",Gambling
551,bonus fara depunere casa pariurilor,ro,54,250,4.00,,bonus casa pariurilor fara depunere,2026-06-16 23:41:51,Sitelinks,300,10,10,2016-09-12,"Informational,Commercial,Transactional,Branded,Non-local",Romanian,"168, 172, 168, 203, 254, 321, 185, 219, 209, 250, 304, 249, 165, 315, 258, 342, 270, 254, 283, 287, 284, 256, 247, 243","231, 274, 255, 268, 276, 295, 252, 285, 266, 289, 266, 252, 241",Sports betting
552,supetbet,ro,31,250,0.50,0.96,superbet,2026-05-26 13:10:07,"Sitelinks,Video preview",800,1610000,1760000,2015-09-17,"Informational,Navigational,Commercial,Transactional,Branded,Non-local",,"193, 190, 189, 229, 229, 231, 232, 266, 261, 271, 229, 230, 184, 191, 231, 235, 271, 274, 281, 282, 282, 281, 267, 265","255, 249, 267, 269, 276, 277, 282, 284, 284, 283, 269, 267, 257",Sports betting; Sports
553,case pariuri noi,ro,73,250,2.00,,cele mai bune case de pariuri online,2026-06-02 05:37:25,Sitelinks,250,1600,1900,2018-12-03,"Informational,Commercial,Non-branded,Non-local",Romanian,"57, 59, 103, 105, 126, 103, 126, 190, 161, 228, 198, 238, 193, 374, 384, 261, 189, 194, 176, 185, 188, 187, 187, 188","179, 192, 196, 197, 185, 182, 182, 185, 188, 187, 187, 188, 179",Sports betting
554,online casino free spins,ro,76,250,1.90,,spin casino,2026-06-17 00:44:30,"Video preview,People also ask",13000,16000,17000,2016-02-23,"Informational,Commercial,Transactional,Non-branded,Non-local",English,"98, 97, 113, 166, 236, 286, 352, 357, 238, 90, 126, 732, 110, 725, 417, 191, 141, 127, 232, 290, 231, 219, 233, 337","223, 308, 237, 228, 265, 233, 248, 309, 247, 234, 249, 360, 237",Gambling
555,cazino ro,ro,81,250,1.80,,bonus fara depunere 2025,2026-06-24 04:08:06,,400,4200,4200,2021-09-02,"Informational,Commercial,Transactional,Branded,Non-local",Romanian,"219, 175, 168, 242, 268, 224, 269, 271, 180, 256, 224, 255, 218, 242, 176, 172, 287, 244, 246, 243, 228, 259, 235, 264","236, 230, 212, 256, 286, 261, 265, 263, 247, 279, 254, 283, 256",Gambling
556,казино,ro,82,250,1.30,0.5,cazinouri online,2026-06-20 13:14:35,"Top ads,People also ask,Local pack",258000,52000,57000,2015-09-26,"Informational,Commercial,Transactional,Non-branded,Non-local",Russian,"132, 161, 134, 141, 97, 117, 208, 186, 157, 213, 198, 286, 244, 399, 407, 153, 203, 170, 216, 202, 181, 209, 190, 193","180, 186, 169, 146, 137, 148, 158, 142, 133, 156, 142, 144, 134",Gambling
557,winbet casino online,ro,49,250,0.01,,winbet,2026-05-27 06:11:28,Sitelinks,2500,166000,182000,2020-01-12,"Navigational,Transactional,Branded,Non-local",English,"139, 407, 403, 331, 412, 265, 263, 211, 169, 233, 190, 123, 137, 242, 246, 285, 268, 273, 294, 268, 272, 291, 258, 231","224, 265, 246, 263, 279, 272, 294, 268, 273, 291, 258, 232, 224",Gambling
558,www winner.ro,ro,54,250,,,winner,2026-05-13 10:23:18,Sitelinks,400,67000,68000,2016-06-07,"Navigational,Commercial,Branded,Non-local",,"145, 152, 151, 70, 145, 323, 339, 288, 381, 215, 417, 256, 244, 315, 414, 251, 229, 206, 264, 145, 212, 177, 165, 180",175,Shopping portals
559,top cazino,ro,68,250,2.00,,cazinouri noi romania,2026-05-19 00:25:54,Video preview,350,38000,38000,2018-10-16,"Informational,Commercial,Non-branded,Local",Romanian,"213, 212, 212, 254, 259, 290, 380, 95, 88, 92, 92, 91, 120, 190, 281, 187, 251, 302, 357, 213, 232, 232, 282, 255","238, 235, 234, 200, 207, 341, 374, 243, 264, 263, 319, 289, 269",Gambling
560,casa. pariurilor,ro,22,250,1.70,,casa pariurilor,2026-05-28 17:50:09,"Sitelinks,Local pack",250,328000,360000,2015-09-17,"Navigational,Branded,Non-local",Romanian,"245, 231, 271, 257, 329, 333, 331, 312, 285, 322, 316, 325, 225, 242, 305, 293, 282, 221, 290, 301, 272, 219, 227, 226","203, 202, 216, 212, 221, 218, 225, 238, 236, 233, 223, 223, 199",Sports betting
561,winner pariuri,ro,12,250,1.60,1.08,winner,2026-06-02 22:55:12,Sitelinks,500,68000,69000,2015-09-01,"Informational,Navigational,Commercial,Branded,Non-local",Romanian,"119, 101, 86, 268, 309, 399, 304, 192, 653, 596, 344, 52, 17, 14, 12, 210, 258, 344, 254, 141, 605, 548, 298, 7","2, 2, 2, 169, 219, 306, 217, 105, 570, 514, 265",Sports betting
562,casa pariurilor.ro aplicatie,ro,4,250,1.70,,casa pariurilor,2026-06-16 05:51:19,Sitelinks,300,347000,379000,2019-05-27,"Informational,Navigational,Branded,Non-local",Romanian,"7, 7, 7, 7, 7, 7, 7, 7, 7, 7, 8, 8, 7, 9, 81, 1080, 756, 327, 616, 78, 17, 17, 111, 38",48,Sports betting; Add-ons
563,jocuri online fara depunere,ro,76,250,2.50,,rotiri gratuite fara depunere,2026-06-02 04:27:27,,300,168000,172000,2015-09-02,"Informational,Commercial,Non-branded,Non-local",Romanian,"47, 107, 163, 141, 202, 132, 162, 314, 305, 297, 299, 310, 171, 264, 331, 222, 233, 236, 244, 283, 274, 278, 275, 264","247, 255, 274, 261, 280, 275, 273, 312, 303, 307, 304, 293, 276",Gambling
564,vin bet,ro,73,250,1.00,,winbet casino,2026-05-19 20:54:38,Top ads,1000,5300,7600,2020-02-25,"Non-branded,Non-local",Romanian,"154, 235, 125, 127, 103, 193, 190, 240, 195, 239, 197, 198, 193, 159, 193, 192, 299, 451, 437, 296, 237, 130, 129, 126","132, 133, 115, 109, 128, 156, 158, 149, 139, 135, 138, 130, 136",/Other
565,cazino live,ro,62,250,2.50,,live casino romania,2026-06-01 05:53:46,,400,1000,1000,2016-01-30,"Informational,Commercial,Transactional,Non-branded,Non-local",Romanian,"98, 120, 101, 121, 108, 106, 107, 92, 125, 105, 126, 131, 109, 238, 230, 273, 255, 266, 288, 240, 314, 308, 292, 287","278, 290, 294, 272, 267, 305, 330, 278, 352, 346, 331, 325, 316",Gambling
566,cote pariuri sportive,ro,65,250,0.70,,pariuri sportive,2026-06-09 05:30:40,,300,11000,11000,2016-01-06,"Informational,Commercial,Transactional,Non-branded,Non-local",Romanian,"208, 159, 65, 106, 129, 104, 65, 113, 124, 260, 146, 174, 148, 263, 266, 196, 160, 248, 270, 225, 237, 259, 240, 254","266, 263, 266, 260, 265, 268, 261, 265, 275, 299, 280, 294, 307",Sports betting
567,betfair.ro,ro,42,250,1.90,1.09,betfair,2026-06-21 15:34:04,Sitelinks,250,11000,11000,2015-09-05,"Navigational,Transactional,Branded,Non-local",,"340, 225, 288, 286, 337, 443, 322, 424, 327, 217, 271, 276, 162, 185, 277, 277, 266, 201, 261, 242, 215, 220, 222, 211","210, 197, 276, 286, 300, 289, 271, 266, 237, 241, 244, 231, 230",Sports betting
568,bet online,ro,87,250,2.50,1.14,getsbet,2026-06-21 12:38:11,,61000,242000,253000,2015-09-03,"Commercial,Transactional,Non-branded,Non-local",English,"183, 218, 125, 127, 99, 126, 123, 149, 146, 181, 214, 223, 185, 183, 197, 266, 282, 255, 258, 264, 236, 291, 219, 251","243, 246, 237, 255, 241, 244, 240, 314, 245, 251, 238, 245, 237",Sports betting; Sports
569,casa pariurilor download,ro,23,250,1.70,1.29,casa pariurilor apk,2026-06-28 12:53:24,,300,1900,2200,2015-11-18,"Transactional,Branded,Non-local",Romanian,"930, 580, 600, 1489, 1337, 1609, 1996, 1065, 304, 372, 388, 316, 166, 321, 394, 273, 248, 243, 261, 238, 237, 216, 202, 187","219, 209, 207, 262, 263, 256, 258, 237, 236, 215, 202, 187, 219",Sports betting; Add-ons
570,site pariuri sportive,ro,78,250,10.00,1.35,casa pariurilor,2026-06-06 04:28:19,Sitelinks,350,330000,362000,2015-12-10,"Informational,Commercial,Non-branded,Non-local",Romanian,"119, 75, 80, 125, 122, 119, 101, 122, 122, 149, 120, 104, 125, 302, 384, 220, 268, 277, 216, 304, 248, 249, 220, 224","223, 228, 230, 219, 220, 221, 210, 216, 197, 195, 179, 172, 171",Sports betting
571,winn2,ro,0,250,,,win2,2026-06-09 06:56:53,Sitelinks,350,72000,75000,2022-05-02,"Informational,Non-branded,Non-local",,"186, 294, 454, 375, 555, 276, 272, 254, 202, 176, 184, 163, 114, 130, 270, 243, 326, 282, 280, 309, 292, 237, 258, 285",260,/Other
572,vegas casino online,ro,77,250,1.70,,cazinouri online,2026-06-24 09:25:58,,38000,29000,30000,2017-03-24,"Informational,Commercial,Transactional,Non-branded,Non-local",English,"277, 397, 307, 438, 453, 544, 151, 131, 276, 384, 372, 354, 296, 284, 329, 209, 331, 321, 111, 95, 175, 299, 268, 239","188, 166, 246, 155, 298, 235, 84, 84, 151, 253, 237, 226, 184",Gambling
573,betano conectare,ro,7,250,1.20,,betano,2026-05-20 10:21:53,"Top ads,Sitelinks",300,472000,477000,2020-01-11,"Navigational,Branded,Non-local",Romanian,"156, 194, 359, 356, 361, 354, 240, 295, 441, 383, 309, 189, 85, 69, 106, 131, 432, 195, 446, 327, 273, 274, 229, 225","250, 196, 194, 174, 309, 299, 360, 325, 271, 271, 227",Sports betting
574,m.fortuna,ro,59,250,0.15,,fortuna,2026-06-07 07:22:13,Sitelinks,500,247000,253000,2015-11-01,"Informational,Navigational,Non-branded,Non-local",,"301, 365, 354, 237, 307, 307, 256, 324, 348, 309, 254, 266, 344, 364, 303, 234, 243, 191, 188, 190, 211, 231, 196, 189","174, 200, 214, 181, 183, 193, 188, 189, 211, 231, 196, 189, 174",Internet
575,superbrt,ro,48,250,2.50,0.98,superbet,2026-06-10 12:37:43,"Sitelinks,Local pack,Video preview",2200,1600000,1700000,2015-09-08,"Non-branded,Non-local",,"97, 86, 74, 87, 104, 183, 109, 107, 107, 123, 100, 101, 76, 80, 89, 192, 259, 185, 231, 122, 124, 133, 1550, 113","113, 104, 117, 137, 151, 153, 183, 127, 129, 139, 1610, 117, 118",/Other
576,online casinos romania,ro,79,250,3.00,,superbet casino,2026-06-16 16:38:52,,300,14000,18000,2016-01-31,"Informational,Commercial,Transactional,Non-branded,Non-local",English,"140, 170, 171, 181, 173, 208, 209, 80, 99, 97, 108, 122, 358, 276, 515, 152, 122, 122, 545, 304, 242, 206, 171, 152","182, 274, 272, 195, 192, 169, 511, 304, 243, 207, 171, 153, 182",Gambling
577,romania@betano.com,ro,0,250,,,betano,2026-05-19 19:10:06,Sitelinks,250,472000,477000,2020-01-10,"Informational,Commercial,Branded,Non-local",,"170, 176, 168, 214, 220, 222, 313, 355, 284, 324, 253, 264, 128, 169, 185, 236, 262, 265, 351, 437, 204, 230, 143, 124",166,Sports betting
578,betano .ro,ro,66,250,1.70,,betano casino,2026-06-15 12:38:50,,600,27000,28000,2017-11-03,"Informational,Navigational,Commercial,Transactional,Branded,Non-local",,"295, 303, 299, 246, 254, 259, 398, 270, 225, 251, 215, 244, 175, 186, 200, 242, 239, 274, 353, 286, 274, 269, 271, 278","268, 260, 246, 238, 272, 297, 347, 291, 278, 273, 276, 283, 273",Sports betting; Sports
579,sloturi casino,ro,80,250,5.00,,sloturi,2026-06-17 19:43:39,,400,1000,1000,2015-09-01,"Informational,Commercial,Non-branded,Non-local",Romanian,"107, 131, 107, 59, 108, 95, 111, 111, 129, 185, 333, 186, 152, 295, 261, 511, 236, 200, 248, 256, 263, 266, 262, 239","244, 257, 249, 241, 230, 231, 232, 241, 246, 250, 246, 223",Gambling
580,2win casino,ro,47,250,0.60,,win2,2026-06-27 16:01:06,Sitelinks,500,69000,73000,2021-03-18,"Informational,Navigational,Commercial,Transactional,Branded,Non-local",English,"72, 42, 34, 24, 26, 63, 95, 76, 33, 44, 76, 26, 78, 352, 278, 274, 270, 186, 284, 339, 280, 179, 177, 170","158, 184, 170, 168, 158, 142, 149, 166, 116, 105, 95, 78, 80",Gambling
581,aplicatia casa pariurilor,ro,15,250,2.50,0.96,casa pariurilor,2026-05-20 11:08:23,Sitelinks,250,327000,360000,2015-10-07,"Informational,Commercial,Transactional,Branded,Non-local",Romanian,"254, 361, 349, 403, 435, 516, 509, 669, 377, 328, 293, 482, 343, 350, 380, 157, 238, 278, 302, 298, 245, 170, 113, 202","164, 181, 195, 176, 211, 219, 236, 219, 194, 187, 169, 184, 146",Sports betting
582,cazino bonus,ro,74,250,2.50,,bonus fara depunere,2026-06-21 01:40:17,Local pack,350,131000,134000,2016-02-15,"Informational,Commercial,Non-branded,Non-local",Romanian,"74, 48, 67, 74, 69, 77, 96, 212, 713, 549, 180, 168, 133, 122, 165, 218, 199, 247, 238, 360, 408, 339, 299, 327","325, 322, 334, 339, 328, 339, 340, 372, 414, 343, 303, 330",Gambling
583,casa pariurilor.,ro,19,250,,,casa pariurilor,2026-06-15 15:01:42,"Sitelinks,Local pack",250,346000,378000,2016-01-23,"Informational,Navigational,Branded,Non-local",Romanian,"271, 181, 227, 466, 303, 310, 361, 200, 185, 241, 314, 220, 251, 327, 176, 249, 289, 220, 274, 248, 179, 164, 182, 175",175,Sports betting
584,site casino,ro,82,250,4.50,,cazinouri online,2026-06-02 16:28:05,,1700,94000,98000,2016-12-01,"Informational,Commercial,Transactional,Non-branded,Non-local",English,"109, 112, 90, 111, 189, 61, 89, 86, 87, 90, 96, 85, 623, 158, 411, 286, 184, 153, 163, 222, 225, 230, 214, 206","258, 220, 232, 228, 234, 216, 236, 238, 241, 245, 228, 219, 271",Gambling
585,win2 bonus fara depunere,ro,51,250,0.70,,rotiri gratuite fara depunere,2026-05-20 16:44:31,,350,50000,50000,2023-07-22,"Informational,Commercial,Branded,Non-local",Romanian,"305, 315, 310, 243, 212, 292, 296, 480, 219, 183, 234, 235, 275, 291, 291, 228, 200, 283, 289, 474, 214, 179, 231, 233","273, 289, 289, 227, 199, 282, 288, 474, 213, 179, 231",Gambling
586,casa pariurilor romania,ro,22,250,3.00,,casa pariurilor,2026-06-24 05:41:36,Sitelinks,400,347000,379000,2015-10-12,"Informational,Commercial,Branded,Local",Romanian,"91, 76, 103, 191, 231, 24, 41, 31, 66, 83, 112, 145, 336, 218, 343, 442, 309, 113, 164, 157, 164, 156, 175, 184","197, 174, 189, 209, 203, 164, 186, 178, 186, 178, 197, 205, 219",Sports betting
587,sloturi online romania,ro,83,250,5.00,,cazinouri online,2026-06-06 01:00:38,Sitelinks,350,98000,103000,2016-01-14,"Informational,Commercial,Non-branded,Local",Romanian,"90, 108, 89, 126, 148, 174, 160, 128, 82, 155, 158, 191, 157, 232, 233, 255, 236, 307, 270, 268, 252, 264, 263, 258","255, 259, 257, 274, 293, 282, 290, 287, 271, 284, 283, 278",Gambling
588,betabo,ro,36,250,1.20,,betano,2026-06-15 15:22:05,Sitelinks,11000,469000,473000,2016-10-30,"Informational,Non-branded,Non-local",,"462, 350, 344, 352, 338, 357, 460, 384, 419, 396, 383, 389, 342, 293, 256, 289, 240, 268, 316, 258, 247, 273, 258, 204","349, 174, 154, 187, 181, 789, 762, 237, 397, 392, 216, 200, 349",/Other
589,aplicație casa pariurilor,ro,1,250,1.90,,casa pariurilor,2026-06-07 21:10:11,Sitelinks,250,330000,362000,2018-11-06,"Informational,Commercial,Transactional,Branded,Non-local",Romanian,"191, 262, 288, 361, 354, 450, 424, 428, 317, 319, 258, 304, 189, 222, 268, 169, 216, 280, 328, 256, 308, 240, 223, 209","198, 203, 216, 212, 241, 251, 294, 242, 293, 230, 215, 201, 192",Sports betting; Add-ons
590,demo superbet,ro,18,250,0.40,,superbet demo,2026-05-26 07:38:01,,300,2800,2800,2021-03-03,"Informational,Branded,Non-local",English,"291, 196, 194, 303, 368, 361, 371, 367, 358, 299, 198, 197, 192, 101, 162, 198, 242, 196, 294, 305, 307, 310, 263, 277","263, 237, 246, 263, 269, 261, 265, 299, 301, 304, 257, 271",Gambling
591,casa pariurilor rezultate live fotbal azi,ro,46,250,0.50,1.16,live meci,2026-06-27 20:01:25,,300,105000,169000,2015-09-08,"Informational,Navigational,Branded,Non-local",Romanian,"242, 284, 335, 260, 362, 347, 339, 304, 320, 281, 252, 208, 226, 265, 313, 243, 337, 323, 315, 283, 298, 261, 234, 193","210, 245, 290, 225, 312, 299, 292, 261, 275, 241, 216, 178, 194",Sports betting; Statistics
592,www casa pariurilor,ro,0,250,1.50,1.21,casa pariurilor,2026-06-25 23:57:19,Sitelinks,300,347000,379000,2015-09-01,"Navigational,Branded,Non-local",Romanian,"132, 249, 257, 416, 253, 284, 369, 184, 395, 291, 340, 197, 93, 211, 219, 379, 216, 248, 333, 149, 359, 257, 306, 164","59, 178, 186, 347, 184, 217, 302, 118, 329, 227, 276, 134, 30",Sports betting
593,pariu sansa casa pariurilor,ro,2,200,0.60,1.47,pariu sansa casa pariurilor,2026-05-28 23:17:12,People also ask,200,30,30,2015-09-13,"Informational,Navigational,Branded,Non-local",Romanian,"110, 117, 188, 238, 261, 230, 173, 196, 205, 227, 233, 150, 78, 130, 172, 202, 219, 262, 220, 224, 185, 156, 163, 112",145,Sports betting
594,superbet gratis,ro,30,200,0.35,,superbet casino,2026-06-16 02:43:45,Sitelinks,250,14000,19000,2021-05-23,"Informational,Commercial,Transactional,Branded,Non-local",Romanian,"268, 373, 234, 336, 399, 288, 383, 484, 318, 263, 184, 202, 80, 170, 182, 146, 206, 142, 414, 344, 204, 174, 159, 159",165,Sports betting
595,rotiri gratuite azi,ro,68,200,0.80,,bonus fara depunere,2026-05-26 22:45:48,Sitelinks,300,144000,148000,2018-06-23,"Informational,Commercial,Non-branded,Non-local",Romanian,"37, 49, 66, 81, 46, 53, 66, 70, 100, 121, 123, 104, 150, 157, 136, 252, 228, 278, 270, 272, 250, 266, 186, 245","213, 228, 247, 235, 249, 307, 283, 289, 267, 283, 203, 262",Gambling
596,las vegas login,ro,84,200,0.35,,lasvegas,2026-06-17 21:54:06,"Sitelinks,People also ask",700,24000,29000,2020-05-23,"Navigational,Transactional,Non-branded,Non-local",English,"78, 176, 179, 211, 199, 119, 178, 126, 71, 62, 60, 58, 50, 52, 89, 175, 337, 550, 299, 200, 143, 171, 162, 112",150,Tourist destinations
597,cazinouri online cu rotiri gratuite,ro,76,200,3.00,,bonus fara depunere,2026-06-28 14:30:11,,250,128000,131000,2020-12-23,"Informational,Commercial,Non-branded,Non-local",Romanian,"34, 103, 81, 250, 168, 253, 245, 118, 180, 256, 255, 143, 141, 250, 275, 229, 222, 122, 190, 168, 159, 162, 154, 145","141, 157, 143, 170, 148, 166, 175, 151, 143, 146, 139",Gambling
598,cont betano,ro,59,200,2.00,,betano live,2026-06-16 23:36:49,AI Overview,250,7600,8400,2017-11-05,"Informational,Navigational,Commercial,Transactional,Branded,Non-local",Romanian,"375, 284, 233, 228, 226, 231, 272, 282, 280, 239, 185, 240, 127, 174, 146, 212, 260, 203, 225, 248, 241, 213, 207, 215","188, 181, 181, 189, 201, 207, 224, 247, 240, 212, 207, 215",Sports betting
599,jocuri superbet,ro,46,200,1.00,,pacanele gratis,2026-06-05 03:40:25,,200,18000,19000,2017-11-16,"Informational,Commercial,Branded,Non-local",Romanian,"303, 378, 397, 253, 347, 327, 266, 317, 288, 242, 220, 233, 102, 128, 168, 164, 211, 182, 268, 236, 202, 227, 169, 166",188,Gambling
600,jocuri cu casino,ro,78,200,,,netbet,2026-05-16 06:30:50,,250,179000,183000,2016-03-12,"Informational,Commercial,Non-branded,Non-local",Romanian,,,Gambling
601,pokerstars ro,ro,17,200,1.00,1.08,pokerstars,2026-05-21 01:16:38,Sitelinks,600,12000,12000,2015-11-08,"Navigational,Branded,Non-local",,"257, 281, 195, 405, 203, 320, 321, 181, 153, 213, 184, 191, 140, 201, 172, 214, 197, 163, 229, 225, 236, 228, 252, 238","227, 217, 209, 229, 223, 225, 233, 234, 212, 228, 215, 238, 227",Casino games
602,casino sites,ro,87,200,2.50,,casino online,2026-05-28 23:44:53,,43000,84000,88000,2015-11-02,"Informational,Commercial,Transactional,Non-branded,Non-local",English,"119, 117, 79, 84, 47, 91, 116, 127, 69, 74, 98, 152, 159, 428, 341, 212, 203, 172, 179, 193, 190, 94, 114, 95",102,Gambling
603,bonusuri fara depunere casino,ro,74,200,3.00,,rotiri gratuite fara depunere,2026-05-29 05:36:05,Sitelinks,300,184000,188000,2018-11-22,"Informational,Commercial,Non-branded,Non-local",Romanian,"182, 180, 147, 144, 149, 152, 151, 213, 134, 160, 153, 191, 133, 176, 208, 353, 202, 152, 217, 224, 200, 225, 206, 207","191, 199, 202, 220, 203, 202, 236, 243, 219, 245, 225, 227",Gambling
604,онлайн казино,ro,82,200,2.50,,cazinouri online,2026-06-09 19:45:05,People also ask,96000,37000,37000,2015-10-21,"Informational,Commercial,Non-branded,Non-local",Russian,,,Gambling
605,www.betano,ro,72,200,2.00,,betano,2026-06-06 11:55:01,Sitelinks,6000,471000,476000,2016-07-01,"Informational,Navigational,Branded,Non-local",,"120, 119, 181, 76, 229, 190, 167, 150, 146, 144, 118, 121, 137, 97, 95, 113, 268, 378, 276, 312, 290, 277, 206, 204","270, 205, 135, 95, 200, 176, 204, 236, 201, 200, 126, 129, 196",Sports betting
606,cash casino,ro,79,200,0.45,,cashpot,2026-05-19 13:49:58,,4000,50000,52000,2016-08-26,"Informational,Commercial,Transactional,Non-branded,Non-local",English,"324, 262, 328, 258, 209, 314, 389, 325, 268, 257, 267, 220, 224, 332, 341, 264, 227, 185, 202, 196, 175, 169, 167, 164","181, 172, 171, 159, 151, 155, 164, 156, 137, 131, 130, 127, 146",Gambling
607,winner online,ro,76,200,2.00,,winner,2026-06-12 20:13:29,Sitelinks,2200,69000,70000,2015-09-24,"Informational,Navigational,Commercial,Transactional,Branded,Non-local",English,"187, 127, 195, 294, 365, 542, 526, 344, 225, 281, 184, 186, 184, 310, 316, 182, 226, 120, 129, 162, 97, 205, 149, 102","99, 87, 66, 47, 32, 20, 27, 15, 12, 10, 9, 8, 6",Sports betting
608,jocuri online de noroc,ro,83,200,1.30,,netbet,2026-05-17 09:36:03,,200,179000,183000,2015-10-02,"Informational,Non-branded,Non-local",Romanian,"20, 15, 10, 6, 16, 32, 19, 20, 18, 15, 13, 13, 8, 188, 200, 199, 208, 216, 253, 262, 194, 194, 141, 140",160,Lottery
609,pacanele noi,ro,69,200,2.00,,cazinouri online,2026-06-23 11:57:00,,200,32000,33000,2015-09-11,"Informational,Commercial,Branded,Non-local",Romanian,"31, 30, 53, 37, 57, 42, 72, 86, 70, 89, 80, 144, 173, 269, 128, 144, 149, 184, 166, 174, 175, 177, 182, 185","190, 197, 184, 187, 193, 191, 195, 200, 201, 203, 208, 211, 216",Lottery
610,slot casino online,ro,82,200,2.00,,cazinouri online,2026-06-04 04:34:29,,8100,94000,98000,2017-10-30,"Informational,Commercial,Transactional,Non-branded,Non-local",English,"147, 124, 119, 109, 146, 144, 244, 64, 240, 113, 364, 411, 364, 141, 271, 217, 211, 193, 160, 194, 212, 225, 234, 233","223, 192, 207, 202, 211, 207, 223, 209, 228, 241, 250, 248, 239",Lottery
611,casa pariurilor rezultate verificare bilet,ro,12,200,1.00,1.37,casa pariurilor,2026-05-18 04:03:30,Sitelinks,200,330000,362000,2015-10-21,"Informational,Transactional,Branded,Non-local",Romanian,"103, 105, 105, 66, 142, 79, 138, 98, 137, 100, 177, 140, 137, 192, 190, 193, 199, 159, 207, 316, 209, 181, 182, 169","143, 162, 172, 232, 214, 191, 183, 318, 210, 182, 182, 169, 144",Sports betting
612,jocuri ca la cazino,ro,77,200,0.40,1.34,pacanele,2026-06-12 23:31:28,,350,5800,6200,2015-10-16,"Informational,Commercial,Transactional,Non-branded,Non-local",Romanian,"125, 189, 159, 87, 69, 52, 102, 73, 133, 114, 164, 134, 133, 155, 156, 209, 179, 129, 148, 224, 456, 453, 180, 172","154, 186, 185, 179, 154, 158, 231, 305, 281, 274, 203, 172, 155",Gambling
613,pacanele superbet,ro,27,200,0.80,,casino online,2026-05-27 00:01:06,Sitelinks,200,13000,15000,2015-11-25,"Informational,Commercial,Branded,Non-local",Romanian,"147, 166, 155, 220, 256, 177, 276, 397, 210, 153, 94, 104, 70, 135, 94, 128, 186, 145, 261, 255, 214, 179, 236, 260",225,Sports betting
614,bonus fortuna,ro,52,200,2.50,0.98,fortuna casino,2026-06-10 03:31:04,Sitelinks,600,8600,8900,2015-12-28,"Informational,Commercial,Branded,Non-local",Romanian,"130, 162, 160, 157, 191, 195, 161, 146, 192, 277, 243, 210, 157, 265, 227, 185, 182, 131, 197, 199, 197, 221, 204, 197","181, 194, 182, 179, 206, 199, 201, 204, 201, 226, 208, 201, 185",Gambling
615,jocuri cu bonus fara depunere,ro,72,200,2.50,,bonus fara depunere,2026-06-17 20:54:53,,200,135000,138000,2017-02-19,"Informational,Commercial,Non-branded,Non-local",Romanian,"96, 115, 120, 156, 74, 91, 114, 136, 131, 187, 189, 153, 86, 197, 240, 238, 167, 172, 182, 190, 168, 165, 169, 163","134, 134, 145, 135, 133, 134, 135, 146, 124, 123, 127, 122, 95",Gambling
616,superbet pacanele,ro,32,200,0.60,,superbet casino,2026-06-16 20:24:22,Sitelinks,200,14000,18000,2018-03-13,"Informational,Navigational,Branded,Local",Romanian,"193, 213, 149, 274, 179, 117, 166, 187, 116, 122, 84, 61, 39, 134, 127, 196, 260, 124, 270, 337, 184, 127, 160, 152",147,Sports betting
617,casa pariurilor conectare,ro,0,200,1.20,,casa pariurilor,2026-06-14 23:19:38,Sitelinks,250,346000,378000,2015-10-19,"Navigational,Transactional,Branded,Non-local",Romanian,"441, 435, 650, 816, 433, 366, 363, 357, 345, 354, 534, 448, 288, 104, 129, 48, 289, 239, 216, 283, 266, 233, 219, 169","116, 121, 161, 217, 134, 132, 157, 177, 205, 144, 157, 90, 55",Sports betting
618,casino live superbet,ro,37,200,2.00,,live casino romania,2026-05-26 09:28:10,Sitelinks,300,1700,1800,2018-10-27,"Informational,Navigational,Commercial,Transactional,Branded,Non-local",Romanian,"248, 247, 209, 256, 263, 393, 316, 337, 179, 316, 259, 264, 170, 240, 258, 205, 260, 168, 189, 177, 153, 178, 154, 153","130, 141, 131, 137, 170, 188, 180, 169, 146, 172, 148, 148, 125",Gambling
619,betfair vegas,ro,55,200,1.40,,casino online,2026-05-24 08:27:48,"Sitelinks,People also ask",450,19000,19000,2019-02-18,"Informational,Branded,Non-local",English,"168, 113, 87, 106, 154, 151, 293, 379, 249, 348, 199, 241, 156, 298, 320, 178, 171, 166, 200, 206, 197, 206, 200, 219","188, 187, 176, 137, 158, 148, 176, 183, 173, 183, 177, 196, 166",Sports betting; Company news
620,netano,ro,49,200,1.60,,betano,2026-06-22 09:38:35,Sitelinks,5100,467000,471000,2017-03-10,"Informational,Commercial,Branded,Non-local",Romanian,,,Sports betting
621,bonusuri cazino,ro,75,200,6.00,,bonus fara depunere,2026-05-22 18:41:43,,250,138000,142000,2016-07-17,"Informational,Commercial,Transactional,Non-branded,Non-local",Romanian,"106, 109, 86, 105, 196, 196, 190, 210, 137, 280, 207, 210, 214, 290, 273, 266, 165, 145, 172, 171, 170, 170, 169, 168","168, 167, 166, 166, 165, 165, 164, 163, 163, 162, 161, 161, 160",Gambling
622,inregistrare fortuna,ro,31,200,0.90,,efortuna inregistrare,2026-06-09 12:20:37,,200,1000,1100,2015-11-26,"Informational,Transactional,Non-branded,Non-local",Romanian,"109, 128, 111, 60, 70, 44, 44, 39, 33, 43, 42, 46, 41, 103, 102, 167, 145, 181, 355, 313, 239, 118, 173, 158",150,Sports betting
623,oferta casa pariurilor fotbal,ro,57,200,0.40,1.03,casa pariurilor,2026-06-21 06:24:10,Sitelinks,200,347000,379000,2015-09-12,"Informational,Navigational,Commercial,Branded,Non-local",Romanian,"366, 416, 338, 359, 407, 252, 126, 106, 48, 98, 186, 348, 218, 395, 321, 152, 107, 167, 208, 244, 82, 122, 155, 96",125,Sports betting; Sports
624,jocuri superbet care platesc,ro,30,200,1.80,,superbet jocuri,2026-06-12 10:22:15,Video preview,250,300,300,2021-11-23,"Informational,Commercial,Branded,Non-local",Romanian,"67, 83, 65, 78, 99, 132, 139, 174, 156, 136, 78, 86, 81, 138, 102, 191, 188, 229, 262, 298, 267, 241, 210, 178",211,Lottery; Communities
625,site uri pariuri sportive,ro,77,200,8.00,,cele mai bune case de pariuri online,2026-06-01 20:55:21,Sitelinks,300,1600,1900,2018-12-23,"Informational,Commercial,Transactional,Non-branded,Non-local",Romanian,"34, 17, 30, 32, 26, 22, 16, 58, 68, 40, 51, 59, 64, 395, 519, 280, 94, 111, 146, 123, 88, 102, 101, 93",100,Sports betting; Sports
626,cel mai nou casino online,ro,79,200,,,cazinouri noi romania,2026-05-26 07:25:33,"Top ads,Paid sitelinks,Sitelinks",250,28000,28000,2021-09-07,"Informational,Commercial,Non-branded,Non-local",Romanian,"26, 42, 54, 53, 98, 67, 56, 36, 80, 121, 139, 195, 146, 190, 194, 242, 202, 207, 219, 212, 205, 204, 175, 229",205,Gambling
627,winner romania,ro,19,200,1.00,,winner,2026-05-23 11:21:29,"Sitelinks,Knowledge panel",350,68000,69000,2015-11-30,"Informational,Commercial,Branded,Non-local",English,"111, 145, 152, 184, 276, 348, 346, 286, 249, 155, 150, 205, 203, 225, 230, 200, 209, 155, 347, 216, 204, 245, 214, 186","217, 185, 258, 225, 245, 300, 295, 230, 217, 259, 227, 197",Lottery; Sports betting
628,colo slots ro,ro,69,200,4.50,,colo slots,2026-05-21 06:01:19,Sitelinks,200,9800,10000,2022-07-13,"Informational,Navigational,Commercial,Transactional,Branded,Non-local",,"233, 296, 176, 128, 148, 383, 213, 161, 117, 137, 261, 206, 154, 406, 508, 317, 343, 334, 223, 71, 27, 10, 0, 0",4,Gambling
629,las vegas online casino,ro,79,200,1.20,,lasvegas,2026-06-20 10:09:36,,5100,24000,29000,2016-08-07,"Informational,Commercial,Transactional,Non-branded,Non-local",English,"233, 295, 240, 352, 344, 410, 412, 89, 197, 279, 299, 317, 258, 168, 235, 177, 270, 322, 266, 76, 102, 219, 242, 243","181, 140, 194, 192, 266, 285, 243, 11, 79, 197, 220, 221, 159",Gambling
630,rotiri gratuite fara depunere casa pariurilor,ro,45,200,2.00,,bonus casino,2026-06-20 12:18:59,Sitelinks,200,3800,3900,2021-06-05,"Informational,Commercial,Transactional,Branded,Non-local",Romanian,"77, 59, 64, 107, 81, 94, 127, 117, 106, 111, 135, 134, 90, 197, 83, 70, 106, 100, 155, 220, 404, 330, 255, 246",278,Sports betting
631,conturi casino,ro,81,200,1.80,,888 casino,2026-06-02 22:14:04,,250,84000,89000,2022-01-29,"Informational,Commercial,Non-branded,Non-local",Romanian,"89, 94, 53, 93, 111, 110, 113, 177, 176, 312, 214, 180, 120, 270, 257, 248, 196, 197, 222, 229, 230, 245, 234, 236","233, 248, 245, 255, 258, 275, 279, 287, 292, 306, 297, 299, 299",Gambling
632,casino en ligne,ro,79,200,10.00,,fortuna casino,2026-06-19 19:38:08,"People also ask,Sitelinks",308000,37000,42000,2015-11-16,"Informational,Commercial,Transactional,Non-branded,Non-local",French,,,Gambling
633,best online casinos,ro,83,200,4.50,,casino online,2026-05-23 05:06:57,"People also ask,Video preview",49000,38000,39000,2015-11-08,"Informational,Commercial,Transactional,Non-branded,Non-local",English,"164, 128, 147, 119, 74, 108, 140, 94, 69, 96, 109, 123, 178, 138, 132, 167, 151, 129, 142, 147, 187, 244, 256, 271",258,Gambling
634,casino licentiate romania,ro,59,200,3.50,,lista cazinouri online romania,2026-06-12 07:36:23,,200,6100,6500,2021-10-16,"Informational,Non-branded,Non-local",English,"88, 88, 106, 200, 161, 194, 190, 255, 168, 284, 205, 205, 207, 309, 272, 234, 199, 106, 103, 112, 109, 123, 119, 117","116, 122, 123, 136, 132, 135, 137, 146, 141, 157, 153",Gambling
635,win2 casino bonus fara depunere,ro,51,200,1.10,,rotiri gratuite fara depunere,2026-05-19 07:16:28,,200,45000,45000,2023-07-23,"Informational,Commercial,Transactional,Branded,Non-local",Romanian,"79, 65, 76, 23, 14, 10, 25, 44, 40, 38, 18, 29, 22, 37, 28, 48, 101, 128, 440, 567, 104, 293, 179, 215",229,Gambling
636,cazinouri online licentiate,ro,66,200,3.50,,lista cazinouri online romania,2026-06-16 19:53:28,Sitelinks,250,5900,6300,2016-06-13,"Informational,Commercial,Non-branded,Non-local",Romanian,"89, 94, 89, 92, 114, 139, 133, 114, 109, 132, 131, 110, 87, 150, 147, 246, 235, 197, 212, 213, 210, 223, 221, 219","223, 230, 231, 243, 245, 243, 248, 248, 246, 258, 257, 255, 259",Gambling
637,pariuri casino,ro,83,200,1.90,,casa pariurilor casino,2026-05-26 04:48:57,,250,36000,39000,2019-05-16,"Informational,Commercial,Transactional,Branded,Non-local",Romanian,"121, 155, 287, 295, 363, 355, 438, 447, 289, 217, 228, 191, 189, 332, 354, 350, 202, 161, 169, 183, 152, 162, 118, 147","153, 138, 210, 184, 172, 175, 212, 183, 161, 156, 182, 145, 152",Lottery; Sports betting
638,bonus casino fără depunere,ro,75,200,2.50,,rotiri gratuite fara depunere,2026-06-05 06:12:21,,250,168000,172000,2020-03-24,"Informational,Commercial,Non-branded,Non-local",Romanian,"75, 65, 73, 83, 101, 95, 105, 183, 76, 81, 219, 179, 170, 234, 231, 87, 92, 234, 248, 218, 209, 213, 226, 226","225, 234, 239, 230, 245, 256, 261, 275, 266, 270, 283, 283, 282",Gambling
639,aparate casino,ro,81,200,1.20,1.06,pacanele gratis,2026-05-24 04:16:27,,300,25000,28000,2015-09-09,"Informational,Commercial,Non-branded,Non-local",Romanian,"75, 78, 78, 79, 96, 95, 92, 139, 112, 242, 205, 140, 114, 207, 189, 261, 184, 195, 212, 222, 221, 223, 208, 200","197, 201, 203, 206, 206, 208, 219, 229, 228, 231, 216, 207",Casino games
640,sloturi cu bonus fara depunere,ro,74,200,4.50,,rotiri gratuite fara depunere,2026-06-07 05:47:28,Sitelinks,250,168000,172000,2018-04-04,"Informational,Commercial,Transactional,Non-branded,Non-local",Romanian,"76, 79, 233, 55, 96, 98, 97, 123, 153, 225, 74, 94, 72, 142, 158, 384, 309, 163, 146, 168, 194, 243, 101, 175","174, 183, 193, 191, 202, 206, 165, 151, 140, 151, 134, 112, 111",Lottery
641,betno,ro,1,200,2.00,0.89,betano,2026-05-19 01:40:39,"Sitelinks,Video preview",5500,472000,477000,2016-06-20,"Non-branded,Non-local",,"161, 163, 141, 154, 145, 162, 200, 193, 207, 209, 190, 193, 134, 178, 150, 193, 175, 180, 284, 218, 197, 185, 156, 160",168,/Other
642,casa de pariuri fortuna,ro,36,200,1.00,1.4,fortuna verificare bilet,2026-06-15 16:41:35,,200,5500,5600,2015-09-14,"Informational,Commercial,Branded,Non-local",Romanian,"79, 63, 80, 125, 96, 175, 95, 65, 76, 78, 97, 102, 79, 137, 208, 178, 212, 194, 169, 222, 238, 212, 181, 174","163, 173, 178, 193, 189, 188, 170, 222, 238, 212, 181, 174",Sports betting
643,bonusuri pariuri,ro,65,200,6.00,1.51,casa pariurilor,2026-06-14 23:00:23,Sitelinks,300,346000,378000,2015-09-25,"Informational,Commercial,Non-branded,Non-local",Romanian,"88, 72, 91, 74, 112, 89, 75, 91, 107, 155, 151, 106, 105, 178, 169, 263, 185, 187, 192, 188, 191, 192, 179, 176","176, 192, 189, 196, 198, 194, 194, 190, 192, 194, 181",Sports betting
644,cele mai bune sloturi online,ro,62,200,3.50,,cele mai bune jocuri pacanele,2026-06-21 09:57:36,"Top ads,Paid sitelinks",300,30,30,2016-05-11,"Informational,Commercial,Non-branded,Non-local",Romanian,"87, 110, 65, 119, 66, 65, 64, 53, 130, 133, 141, 144, 139, 305, 295, 418, 150, 140, 190, 184, 186, 204, 195, 189","182, 188, 182, 196, 172, 180, 189, 182, 184, 202, 193, 188, 180",Lottery
645,www.fortuna,ro,75,200,,1.02,fortuna,2026-05-22 19:43:47,Sitelinks,700,262000,266000,2015-09-16,"Navigational,Non-branded,Non-local",,"856, 736, 702, 786, 780, 702, 1018, 701, 760, 1019, 731, 689, 136, 124, 155, 522, 196, 171, 149, 124, 113, 102, 107, 392",204,Development
646,bilete pariuri sportive,ro,70,200,1.20,2.07,biletul zilei,2026-06-04 16:38:20,,250,7800,8300,2015-09-02,"Navigational,Commercial,Transactional,Non-branded,Non-local",Romanian,,,Sports betting
647,jocuri cazino demo,ro,75,200,0.50,,pacanele gratis,2026-06-22 02:07:20,,200,41000,43000,2020-03-21,"Informational,Commercial,Non-branded,Non-local",Romanian,"49, 6, 13, 46, 22, 84, 56, 38, 33, 90, 111, 120, 93, 97, 387, 290, 226, 209, 218, 220, 148, 170, 92, 115",126,Lottery
648,agentii pariuri sportive,ro,80,200,4.50,0.7,pariuri sportive,2026-06-27 02:07:52,"Local pack,Sitelinks",300,13000,16000,2015-09-17,"Informational,Commercial,Non-branded,Non-local",Romanian,"288, 242, 201, 201, 203, 200, 128, 133, 151, 280, 198, 161, 192, 262, 328, 223, 208, 219, 234, 225, 208, 229, 193, 196","220, 200, 229, 203, 233, 231, 229, 220, 203, 224, 189",Sports betting
649,pacanele online fara depunere,ro,73,200,1.80,,bonus fara depunere,2026-06-18 19:42:55,Sitelinks,250,131000,135000,2020-03-24,"Informational,Non-branded,Non-local",Romanian,"52, 41, 54, 97, 109, 168, 167, 183, 173, 200, 177, 173, 95, 222, 259, 271, 235, 233, 202, 217, 250, 220, 173, 198","148, 242, 223, 180, 179, 141, 158, 178, 179, 178, 172, 171, 178",Lottery
650,agentii pariuri online,ro,74,200,3.50,1.18,pariuri sportive,2026-06-26 07:11:39,Sitelinks,250,13000,16000,2015-10-16,"Informational,Commercial,Transactional,Non-branded,Non-local",Romanian,"101, 80, 61, 80, 102, 126, 103, 159, 121, 154, 154, 153, 149, 171, 146, 222, 189, 240, 215, 223, 219, 212, 216, 221","225, 187, 194, 212, 218, 243, 217, 241, 234, 224, 227, 231, 234",Sports betting; Sports
651,casino romania bonus fara depunere,ro,72,200,2.00,,bonus fara depunere,2026-06-20 14:12:26,,350,131000,134000,2018-05-13,"Informational,Commercial,Non-branded,Non-local",Romanian,"111, 110, 247, 167, 135, 197, 233, 233, 61, 42, 97, 183, 177, 150, 157, 224, 205, 267, 249, 243, 212, 201, 190, 192","195, 194, 210, 190, 175, 179, 170, 179, 141, 139, 125, 132",Gambling
652,site uri pacanele,ro,80,200,6.00,,cazinouri online,2026-06-04 09:38:52,,200,94000,98000,2018-08-30,"Informational,Commercial,Transactional,Non-branded,Non-local",Romanian,"55, 52, 59, 64, 65, 55, 69, 34, 27, 55, 29, 35, 49, 110, 158, 155, 207, 353, 228, 202, 192, 220, 183, 134",180,Lottery
653,promotii pariuri,ro,60,200,6.00,,pariuri bonus,2026-05-22 17:57:54,Sitelinks,300,1700,1700,2016-03-19,"Informational,Commercial,Non-branded,Non-local",Romanian,"101, 106, 127, 153, 158, 101, 83, 79, 98, 135, 203, 202, 161, 170, 153, 296, 198, 196, 197, 194, 197, 208, 203, 201","201, 199, 196, 198, 196, 201, 192, 189, 192, 203, 199, 197",Sports betting
654,fortuna download,ro,26,200,1.60,,fortuna casino,2026-06-28 06:34:44,,700,2300,2500,2017-03-31,"Informational,Transactional,Branded,Non-local",English,"98, 64, 81, 125, 98, 96, 98, 66, 61, 99, 83, 101, 99, 186, 261, 140, 134, 132, 182, 175, 385, 303, 101, 202","197, 220, 253, 246, 254, 256, 273, 257, 301, 323, 231, 226, 219",Sports betting; Add-ons
655,vegas cazino,ro,71,200,1.80,,las vegas.ro,2026-05-23 19:30:09,"Video preview,Top stories,Thumbnail",350,18000,20000,2020-01-18,"Informational,Commercial,Transactional,Non-branded,Non-local",Romanian,"14, 14, 18, 18, 9, 9, 13, 11, 12, 7, 11, 8, 21, 125, 128, 167, 220, 254, 253, 205, 148, 158, 189, 399",250,Lottery
656,casa pariurilor agentii,ro,20,200,1.30,1.03,casa pariurilor timisoara,2026-05-17 07:29:05,,250,20,20,2015-09-04,"Informational,Commercial,Branded,Local",Romanian,"168, 156, 190, 226, 263, 229, 218, 187, 248, 212, 217, 191, 168, 156, 191, 227, 263, 229, 218, 187, 248, 213, 217, 191","168, 156, 191, 227, 263, 229, 218, 187, 248, 213, 217, 191, 168",Sports betting; Business
657,super casino,ro,76,200,1.80,,supercazino,2026-06-03 03:12:58,Bottom ads,8800,1300,1300,2018-02-25,"Informational,Commercial,Transactional,Branded,Non-local",English,"108, 96, 107, 106, 168, 169, 251, 257, 210, 195, 166, 135, 95, 112, 124, 195, 243, 230, 278, 266, 227, 219, 269, 228","242, 231, 229, 221, 260, 251, 263, 270, 230, 221, 273, 231, 245",Gambling
658,siteuri pacanele,ro,83,200,5.00,,cazinouri online,2026-05-30 03:43:11,,250,27000,28000,2021-11-28,"Informational,Commercial,Transactional,Non-branded,Non-local",Romanian,"101, 85, 153, 129, 129, 138, 236, 198, 131, 170, 128, 128, 108, 158, 152, 253, 221, 214, 228, 230, 224, 231, 225, 228","226, 234, 245, 248, 251, 252, 268, 270, 263, 270, 265, 267, 265",Lottery
659,cea mai buna casa de pariuri online,ro,67,200,8.00,1.56,case pariuri online,2026-05-26 00:49:48,Top ads,250,1900,2300,2015-10-09,"Informational,Commercial,Non-branded,Non-local",Romanian,"104, 104, 81, 127, 122, 101, 98, 104, 160, 224, 161, 127, 124, 281, 367, 237, 159, 180, 179, 167, 181, 172, 136, 135","138, 161, 161, 163, 183, 192, 178, 167, 181, 172, 136, 135, 138",Sports betting; Sports
660,supercasino,ro,56,200,1.60,,supercazino,2026-06-10 13:47:44,"Sitelinks,Bottom ads",8000,1300,1300,2015-10-22,"Navigational,Branded,Non-local",,"97, 65, 80, 124, 121, 115, 179, 154, 142, 170, 142, 96, 95, 155, 141, 283, 207, 376, 200, 262, 210, 274, 229, 206","243, 194, 208, 248, 278, 277, 282, 289, 229, 297, 247, 221, 258",Gambling
661,cazinouri romania online,ro,82,200,2.00,,cazinouri online,2026-06-21 06:27:40,Sitelinks,300,64000,69000,2015-09-09,"Informational,Commercial,Non-branded,Non-local",Romanian,"146, 121, 123, 120, 126, 111, 133, 132, 150, 194, 196, 202, 184, 243, 250, 105, 148, 155, 181, 181, 184, 188, 218, 192","192, 201, 202, 190, 197, 198, 207, 207, 210, 215, 245, 218, 219",Gambling
662,betano agentie,ro,29,200,1.40,,betano,2026-06-20 13:00:14,Sitelinks,200,467000,471000,2017-04-14,"Branded,Local",Romanian,"45, 41, 33, 44, 32, 70, 67, 71, 107, 110, 109, 91, 68, 60, 73, 161, 162, 207, 313, 220, 233, 228, 204, 209","191, 187, 224, 238, 254, 294, 305, 259, 275, 268, 239, 244, 223",Sports betting; Business
663,casa pariurilo,ro,26,200,0.15,1.11,casa pariurilor,2026-06-28 09:15:25,"Sitelinks,Knowledge panel",200,347000,379000,2015-09-06,"Informational,Navigational,Commercial,Branded,Non-local",Romanian,,,Sports betting
664,furtuna cazino,ro,43,200,1.00,,fortuna casino,2026-06-17 22:33:20,Sitelinks,250,40000,46000,2020-01-10,"Informational,Navigational,Commercial,Branded,Local",Romanian,"150, 237, 333, 249, 242, 277, 330, 258, 310, 581, 124, 112, 87, 106, 108, 97, 96, 54, 229, 449, 332, 527, 232, 37","73, 71, 135, 256, 204, 202, 376, 597, 480, 675, 380, 185, 220",Gambling; Business
665,oferta fotbal casa pariurilor,ro,53,200,0.60,,casa pariurilor,2026-05-30 01:47:05,Sitelinks,200,329000,362000,2015-09-05,"Informational,Commercial,Branded,Non-local",Romanian,"195, 219, 220, 152, 156, 161, 171, 246, 202, 223, 172, 169, 140, 219, 187, 261, 219, 238, 230, 222, 191, 149, 152, 69",124,Sports betting; Sports
666,superbet online casino,ro,57,200,4.50,,superbet casino,2026-05-28 17:37:18,Sitelinks,350,17000,19000,2020-11-19,"Informational,Navigational,Commercial,Transactional,Branded,Non-local",English,"26, 38, 141, 245, 252, 208, 291, 246, 142, 171, 233, 103, 150, 150, 194, 380, 171, 123, 166, 273, 140, 150, 154, 193",166,Gambling
667,betano cazino,ro,60,200,1.20,,betano casino,2026-05-20 13:31:53,Sitelinks,250,19000,19000,2017-10-18,"Informational,Navigational,Commercial,Transactional,Branded,Non-local",Romanian,"97, 90, 99, 103, 151, 108, 162, 119, 135, 123, 82, 92, 118, 154, 141, 146, 137, 125, 265, 268, 162, 213, 173, 322",236,Sports betting
668,new casino,ro,72,200,3.00,,cazinouri noi romania,2026-05-26 13:10:42,"Top ads,Paid sitelinks",16000,28000,28000,2018-10-28,"Informational,Commercial,Non-branded,Non-local",English,,,Casino games; Gambling
669,fortuna contact,ro,14,200,1.80,,fortuna casino online,2026-06-23 06:40:31,Local pack,250,250,250,2015-10-20,"Informational,Branded,Local",English,"174, 173, 148, 141, 166, 146, 173, 140, 135, 239, 171, 252, 140, 153, 145, 190, 188, 178, 197, 191, 181, 191, 165, 197","168, 170, 165, 160, 198, 186, 204, 198, 188, 197, 172, 203, 175",Sports betting; Business
670,fortunabet,ro,54,200,2.00,1.01,fortuna casino,2026-06-10 13:34:40,Sitelinks,2300,6000,6000,2015-09-09,"Informational,Commercial,Branded,Non-local",Romanian,"12, 11, 9, 481, 446, 350, 221, 4, 391, 250, 363, 70, 2, 2, 1, 431, 396, 302, 174, 1, 346, 207, 321, 29","1, 1, 1, 393, 359, 266, 139, 1, 313, 174, 289, 1, 1",Sports betting
671,pariuri rezultate,ro,64,200,0.70,,flashscore,2026-06-05 17:16:47,,200,341000,441000,2015-10-07,"Informational,Non-branded,Non-local",Romanian,"139, 270, 174, 213, 176, 216, 176, 262, 211, 209, 143, 113, 170, 162, 132, 193, 199, 200, 255, 298, 286, 234, 210, 218","235, 264, 230, 268, 252, 250, 282, 331, 319, 267, 243, 251, 267",Statistics
672,bonus casino superbet,ro,61,200,2.50,,bonus casino superbet,2026-06-20 07:33:53,,300,40,40,2019-08-05,"Informational,Commercial,Branded,Non-local",Romanian,"205, 207, 204, 256, 256, 259, 258, 197, 179, 307, 209, 142, 114, 318, 286, 188, 247, 208, 226, 248, 211, 205, 193, 199","190, 233, 226, 215, 236, 227, 228, 213, 205, 229, 215, 216, 207",Sports betting
673,fortuna apk,ro,31,200,0.60,0.94,fortuna bet,2026-05-22 09:17:18,,900,2900,3000,2015-12-20,"Informational,Transactional,Non-branded,Non-local",English,"112, 74, 114, 112, 108, 90, 138, 76, 116, 112, 186, 183, 117, 288, 349, 203, 146, 198, 162, 223, 228, 216, 200, 166","148, 173, 175, 237, 224, 213, 196, 261, 266, 251, 232, 193, 172",Add-ons
674,supertbet,ro,50,200,0.50,1.07,superbet,2026-05-22 15:20:11,"Sitelinks,Video preview",900,1610000,1760000,2015-10-09,"Navigational,Transactional,Branded,Non-local",,"164, 166, 169, 204, 201, 211, 213, 238, 236, 233, 192, 198, 154, 172, 200, 208, 232, 236, 247, 243, 246, 248, 237, 232","219, 223, 237, 245, 247, 251, 252, 250, 254, 255, 244, 239, 226",Sports betting; Sports
675,cazinouri legale,ro,74,200,2.50,,lista cazinouri online romania,2026-06-23 08:31:28,Sitelinks,350,5900,6300,2015-11-18,"Informational,Commercial,Non-branded,Non-local",Romanian,"91, 78, 94, 68, 125, 90, 102, 133, 73, 196, 225, 152, 103, 266, 280, 199, 196, 137, 170, 169, 152, 162, 164, 155","182, 170, 176, 158, 188, 157, 177, 176, 159, 169, 171",Gambling
676,joc casino,ro,83,200,2.50,,cazinouri online,2026-06-21 20:35:04,,250,30000,33000,2015-12-09,"Informational,Commercial,Transactional,Non-branded,Non-local",Romanian,"38, 48, 46, 54, 54, 114, 115, 212, 58, 55, 59, 208, 45, 218, 107, 106, 121, 214, 453, 158, 142, 354, 202, 251","229, 255, 247, 254, 267, 289, 308, 312, 284, 301, 294, 311, 293",Gambling
677,bonusuri betano,ro,53,200,3.00,,betano bonus,2026-06-28 16:48:37,Sitelinks,250,1200,1300,2017-02-06,"Informational,Commercial,Branded,Non-local",Romanian,"54, 47, 60, 43, 63, 63, 71, 58, 53, 67, 62, 54, 45, 148, 168, 174, 197, 258, 368, 361, 222, 175, 122, 136",144,Sports betting
678,aplicația cazino fortuna,ro,39,200,,,fortuna casino,2026-06-08 11:20:27,,200,29000,33000,2022-12-11,"Navigational,Transactional,Branded,Non-local",Romanian,"0, 0, 0, 0, 0, 0, 0, 0, 0, 0, 0, 0, 117, 319, 255, 192, 286, 207, 290, 286, 126, 19, 38, 37",28,Lottery; Add-ons
679,oferta pariuri,ro,78,200,4.00,,casa pariurilor,2026-06-05 20:05:35,,250,330000,362000,2016-01-12,"Informational,Commercial,Non-branded,Non-local",Romanian,"103, 105, 90, 110, 127, 123, 124, 103, 75, 154, 158, 188, 153, 132, 113, 214, 194, 181, 198, 208, 248, 256, 254, 214","206, 214, 215, 257, 245, 257, 248, 232, 246, 253, 218, 215, 206",Sports betting
680,casa sport,ro,26,200,1.70,,casa pariurilor,2026-05-30 01:32:30,Sitelinks,2000,329000,362000,2016-10-19,"Informational,Commercial,Branded,Non-local",Romanian,"290, 198, 102, 302, 232, 229, 142, 64, 82, 155, 157, 196, 195, 336, 359, 199, 162, 156, 102, 97, 121, 151, 112, 99","97, 83, 71, 76, 77, 71, 67, 42, 61, 98, 60",Sports betting
681,case de pariuri online romania,ro,74,200,6.00,1.58,pariuri sportive,2026-05-20 21:44:23,Sitelinks,300,8300,8400,2015-09-04,"Informational,Commercial,Non-branded,Non-local",Romanian,"193, 82, 160, 166, 159, 101, 103, 106, 128, 164, 130, 163, 164, 195, 232, 170, 226, 168, 188, 242, 310, 259, 236, 265","272, 267, 284, 271, 285, 281, 284, 303, 290, 286, 280, 289, 295",Sports betting; Sports
682,pariuri betano,ro,12,200,0.90,,betano live,2026-06-10 16:43:22,"Top stories,Thumbnail",200,7400,8100,2017-11-10,"Informational,Commercial,Transactional,Branded,Non-local",Romanian,"94, 87, 45, 46, 55, 77, 46, 56, 53, 55, 44, 55, 44, 55, 94, 249, 211, 223, 275, 194, 390, 232, 194, 185","236, 199, 317, 296, 241, 210, 205, 197, 394, 234, 197, 187, 239",Sports betting; Sports
683,pariloto live,ro,55,200,2.00,,livescore,2026-06-15 15:23:23,,250,112000,117000,2015-09-12,"Informational,Commercial,Branded,Non-local",Romanian,"143, 144, 220, 261, 265, 270, 329, 401, 321, 380, 286, 240, 207, 119, 118, 114, 216, 207, 209, 191, 154, 163, 146, 141","143, 160, 183, 199, 194, 205, 209, 191, 154, 163, 145",Lottery; Sports betting
684,las vegas ro casino,ro,60,200,0.80,,lasvegas,2026-06-02 22:35:08,Sitelinks,1100,23000,26000,2022-02-20,"Informational,Commercial,Branded,Local",Romanian,"77, 118, 119, 144, 175, 176, 174, 148, 174, 173, 120, 97, 95, 85, 67, 128, 240, 370, 416, 190, 208, 213, 198, 207","207, 227, 226, 236, 254, 265, 294, 268, 285, 290, 275, 284",Gambling
685,oferte winner,ro,53,200,,,cod bonus winner,2026-05-21 20:47:53,,250,200,200,2022-12-04,"Informational,Commercial,Non-branded,Non-local",Romanian,"2, 0, 0, 0, 0, 0, 0, 0, 8, 4, 1, 2, 0, 103, 162, 175, 222, 358, 398, 426, 271, 110, 155, 161",142,Discount
686,super bet online,ro,53,200,2.50,1.22,superbet,2026-06-01 22:36:39,"Sitelinks,Video preview",700,1610000,1760000,2015-09-12,"Informational,Navigational,Commercial,Transactional,Branded,Non-local",English,"185, 280, 345, 519, 525, 522, 641, 642, 515, 521, 513, 227, 87, 129, 232, 122, 204, 127, 242, 246, 246, 244, 223, 170","144, 189, 283, 466, 564, 489, 502, 497, 477, 457, 405, 300, 246",Sports betting; Sports
687,casino.ro,ro,85,200,1.20,,casino online romania,2026-05-19 16:07:01,,250,87000,91000,2016-04-20,"Informational,Navigational,Commercial,Transactional,Branded,Non-local",,"106, 125, 116, 183, 187, 226, 156, 229, 167, 147, 134, 133, 87, 94, 140, 130, 218, 310, 284, 189, 224, 180, 148, 200",178,Gambling
688,jocuri casino fara depunere,ro,73,200,3.00,,bonus fara depunere,2026-05-25 22:36:25,,250,144000,148000,2017-12-27,"Informational,Commercial,Transactional,Non-branded,Non-local",Romanian,"384, 309, 248, 203, 196, 190, 235, 258, 207, 240, 165, 253, 136, 282, 328, 309, 165, 160, 191, 210, 239, 213, 205, 210","201, 198, 193, 184, 188, 189, 204, 222, 252, 225, 218, 222, 214",Gambling
689,fortuna conectare,ro,32,200,1.30,,fortuna casino,2026-06-15 23:45:00,,250,39000,44000,2017-04-02,"Navigational,Branded,Non-local",Romanian,"252, 240, 318, 208, 172, 185, 324, 267, 305, 317, 216, 171, 139, 324, 201, 169, 206, 153, 252, 205, 201, 197, 186, 164","150, 160, 146, 145, 182, 266, 242, 196, 193, 191, 181, 161",Sports betting
690,conectare casa pariurilor,ro,0,200,0.80,,casa pariurilor,2026-06-10 06:17:04,Sitelinks,200,332000,364000,2021-03-28,"Navigational,Transactional,Branded,Non-local",Romanian,"334, 386, 221, 221, 295, 288, 285, 289, 152, 100, 149, 126, 122, 235, 150, 185, 230, 273, 241, 224, 215, 253, 237, 221","198, 231, 199, 229, 225, 212, 210, 193, 185, 217, 202, 188, 169",Sports betting
691,casino efortuna,ro,24,200,1.20,,fortuna casino,2026-05-25 03:15:34,"Sitelinks,Knowledge panel",250,32000,35000,2017-10-19,"Informational,Navigational,Commercial,Transactional,Branded,Non-local",Romanian,"161, 86, 136, 142, 288, 236, 301, 259, 199, 371, 215, 310, 210, 310, 281, 201, 134, 132, 192, 178, 188, 210, 171, 174","131, 140, 116, 121, 167, 161, 155, 157, 169, 190, 153, 155, 113",Gambling
692,efortuna bonus,ro,59,200,3.00,1.13,fortuna bonus fara depunere,2026-06-20 10:29:50,,400,800,800,2016-01-09,"Informational,Commercial,Branded,Non-local",English,"48, 32, 30, 21, 14, 48, 21, 10, 9, 29, 37, 38, 7, 111, 113, 102, 111, 140, 422, 529, 200, 159, 191, 178",177,Day trading
693,casinou,ro,70,200,2.50,,luck casino,2026-05-22 01:50:43,,350,15000,18000,2015-10-02,"Informational,Commercial,Transactional,Branded,Non-local",Romanian,"108, 107, 129, 129, 133, 143, 164, 170, 158, 199, 173, 139, 142, 170, 194, 201, 203, 203, 196, 201, 197, 204, 195, 194","199, 205, 209, 207, 210, 213, 222, 224, 220, 227, 218, 216, 222",Gambling
694,cazino online bani reali,ro,79,200,,,casino online,2026-05-28 23:33:23,Top ads,300,88000,92000,2020-11-05,"Informational,Commercial,Transactional,Non-branded,Non-local",Romanian,"36, 36, 96, 96, 97, 97, 66, 36, 126, 97, 96, 37, 96, 155, 187, 340, 283, 289, 221, 203, 183, 193, 190, 175","179, 181, 186, 198, 196, 193, 192, 187, 190, 194, 190, 176, 179",Gambling
695,betano.ro casino,ro,63,200,1.80,,betano,2026-06-15 02:22:17,Sitelinks,350,469000,473000,2020-03-31,"Navigational,Transactional,Branded,Non-local",,"297, 269, 266, 180, 285, 325, 316, 394, 313, 243, 271, 237, 228, 274, 163, 159, 121, 142, 196, 152, 186, 165, 175, 276",206,Gambling
696,efortuna inregistrare,ro,43,200,2.50,,fortuna casino,2026-05-17 07:37:07,Video preview,200,5200,5300,2016-05-14,"Informational,Transactional,Branded,Non-local",Romanian,"33, 155, 112, 172, 104, 59, 135, 154, 91, 97, 44, 51, 40, 103, 106, 139, 179, 194, 292, 334, 258, 171, 205, 200",193,Sports betting
697,win2 rotiri gratuite,ro,51,200,,,rotiri gratuite fara depunere,2026-05-21 04:07:39,,200,50000,50000,2023-09-03,"Informational,Commercial,Branded,Non-local",Romanian,,,Gambling
698,winner casino romania,ro,47,200,1.60,,winner,2026-06-18 10:25:29,Sitelinks,400,65000,66000,2021-08-02,"Informational,Commercial,Transactional,Branded,Local",English,"408, 347, 224, 338, 411, 186, 151, 282, 95, 97, 145, 150, 117, 131, 187, 265, 156, 230, 193, 191, 160, 165, 164, 167","177, 153, 142, 146, 170, 145, 173, 163, 125, 135, 132, 136, 146",Gambling
699,cea mai buna casa de pariuri,ro,68,200,4.00,0.91,casa pariurilor,2026-06-02 19:58:46,Sitelinks,200,330000,362000,2015-09-17,"Informational,Commercial,Non-branded,Non-local",Romanian,"70, 47, 40, 45, 52, 42, 56, 60, 48, 51, 49, 59, 41, 193, 198, 192, 188, 215, 224, 206, 145, 154, 202, 186",182,Sports betting
700,fortuna timisoara,ro,0,200,0.30,1.03,fortuna,2026-05-19 10:16:53,"Local pack,Sitelinks",200,262000,266000,2015-12-18,"Informational,Branded,Non-local",,"120, 55, 45, 156, 205, 210, 156, 281, 145, 221, 203, 260, 178, 215, 331, 393, 149, 154, 170, 152, 113, 129, 84, 162",125,Soccer
701,jocuri cazino fara depunere,ro,77,200,3.00,,bonus fara depunere,2026-05-17 22:59:56,,200,140000,144000,2020-08-22,"Informational,Commercial,Transactional,Non-branded,Non-local",Romanian,"14, 5, 20, 22, 20, 46, 13, 23, 9, 11, 13, 27, 26, 204, 230, 204, 282, 267, 210, 214, 148, 141, 131, 152",142,Gambling
702,contact casa pariurilor,ro,0,200,3.00,1.26,casa pariurilor contact,2026-05-19 07:49:48,Local pack,250,800,800,2015-09-17,"Navigational,Branded,Local",Romanian,"239, 245, 246, 224, 188, 147, 180, 135, 156, 180, 215, 277, 214, 201, 166, 213, 206, 153, 304, 287, 188, 197, 209, 219","199, 189, 183, 197, 217, 222, 226, 192, 214, 228, 249, 216, 196",Sports betting; Business
703,fortuna sport,ro,20,200,0.50,1.01,fortuna,2026-06-12 09:23:47,"Top ads,Sitelinks,Local pack,Bottom ads,Paid sitelinks",3300,243000,249000,2015-09-03,"Informational,Navigational,Commercial,Transactional,Branded,Local",Romanian,"78, 76, 118, 146, 179, 140, 96, 160, 117, 210, 147, 230, 180, 192, 287, 315, 203, 158, 168, 197, 201, 228, 194, 188","164, 158, 214, 232, 214, 194, 159, 196, 201, 228, 194, 188, 164",Lottery; Sports betting; Sports
704,cazino fortuna,ro,38,200,1.10,,fortuna casino,2026-06-24 20:32:04,Sitelinks,200,37000,42000,2016-06-26,"Informational,Commercial,Branded,Non-local",Romanian,"112, 117, 98, 118, 120, 128, 151, 160, 114, 155, 127, 120, 98, 151, 155, 172, 256, 246, 240, 227, 227, 201, 154, 159","151, 216, 176, 165, 157, 318, 243, 229, 229, 203, 156, 161, 152",Gambling
705,casa pariurilor pariuri sportive,ro,48,200,1.40,,casa pariurilor,2026-06-27 00:46:53,Sitelinks,200,347000,379000,2015-09-25,"Informational,Navigational,Commercial,Transactional,Branded,Non-local",Romanian,"342, 532, 647, 774, 644, 630, 634, 633, 415, 144, 141, 94, 49, 63, 96, 184, 166, 170, 219, 216, 209, 299, 247, 271","279, 294, 304, 350, 383, 349, 313, 367, 341, 350, 306, 339, 347",Sports betting
706,bonus betano casino,ro,56,200,1.30,,betano bonus,2026-06-20 20:35:57,Featured snippet,400,1100,1100,2018-04-09,"Informational,Commercial,Branded,Non-local",English,"81, 80, 94, 116, 119, 147, 150, 128, 86, 95, 122, 112, 98, 251, 193, 156, 180, 208, 195, 226, 204, 257, 187, 236","247, 264, 231, 222, 222, 227, 236, 227, 214, 213, 221, 210, 219",Sports betting
707,bonusuri fara depunere pariuri,ro,63,200,7.00,,bonus pariuri fara depunere,2026-06-10 15:17:37,Sitelinks,250,1300,1400,2016-01-24,"Informational,Commercial,Non-branded,Non-local",Romanian,,,Sports betting
708,agentii pariuri,ro,82,200,7.00,1.04,pariuri sportive,2026-05-27 23:03:33,"Local pack,Sitelinks",250,9600,9800,2015-09-01,"Informational,Commercial,Transactional,Non-branded,Local",Romanian,"108, 131, 129, 127, 153, 129, 121, 126, 125, 186, 186, 157, 154, 208, 209, 243, 215, 173, 180, 147, 202, 193, 173, 170","161, 175, 181, 185, 185, 197, 180, 172, 175, 173, 147, 157, 149",Sports betting; Sports
709,superbet casino download,ro,76,200,3.00,,superbet casino,2026-06-07 06:24:11,,500,2500,2500,2020-01-10,"Commercial,Transactional,Branded,Non-local",English,"235, 239, 297, 300, 299, 298, 362, 253, 300, 360, 251, 248, 195, 300, 262, 233, 148, 150, 174, 162, 171, 176, 146, 153","143, 143, 147, 152, 155, 157, 169, 158, 166, 172, 141, 149, 138",Casino games
710,jocuri de cazino online,ro,83,200,8.00,,casino online romania,2026-06-14 20:24:21,,300,54000,59000,2016-08-02,"Informational,Commercial,Transactional,Non-branded,Non-local",Romanian,"75, 130, 99, 58, 131, 134, 109, 82, 67, 40, 110, 162, 161, 171, 182, 175, 216, 174, 157, 215, 183, 297, 197, 366","213, 221, 219, 194, 216, 199, 199, 201, 243, 336, 291, 426, 247",Gambling
711,agentie casa pariurilor,ro,18,150,1.30,1.14,casa pariurilor,2026-05-30 03:46:53,Local pack,150,329000,362000,2015-09-18,"Informational,Branded,Non-local",Romanian,"119, 101, 148, 170, 199, 158, 155, 117, 106, 137, 219, 140, 160, 147, 146, 159, 168, 139, 158, 158, 160, 183, 155, 135","124, 120, 138, 128, 131, 135, 135, 137, 141, 162, 134",Sports betting
712,pokerstars casino ro,ro,57,150,0.70,,cazinouri online,2026-06-26 16:23:16,Sitelinks,200,12000,13000,2020-02-29,"Informational,Navigational,Commercial,Transactional,Branded,Non-local",English,"369, 304, 198, 156, 192, 285, 230, 247, 158, 279, 302, 196, 133, 250, 186, 142, 122, 99, 89, 95, 91, 98, 101, 96","95, 109, 94, 94, 96, 98, 105, 93, 89, 96, 99, 94, 93",Gambling
713,site uri de pariuri,ro,76,150,7.00,,agentii pariuri online,2026-06-21 01:48:33,Sitelinks,200,1700,2000,2015-09-30,"Informational,Commercial,Non-branded,Non-local",Romanian,"91, 64, 77, 77, 106, 104, 101, 110, 80, 120, 221, 159, 130, 215, 231, 174, 116, 117, 120, 129, 122, 133, 137, 128","119, 122, 130, 130, 134, 131, 131, 136, 130, 141, 145, 136, 127",Sports betting; Sports
714,casa pariurilor sibiu,ro,0,150,0.60,0.78,casa pariurilor,2026-06-10 08:43:17,"Local pack,Sitelinks",150,332000,364000,2015-09-14,"Informational,Branded,Local",Romanian,"110, 89, 74, 82, 80, 97, 135, 131, 102, 134, 164, 204, 111, 175, 160, 129, 77, 118, 168, 140, 145, 152, 132, 198",161,Sports betting
715,verifica bilet casa pariurilor,ro,33,150,1.00,1.5,casa pariurilor verificare bilet,2026-06-22 12:08:24,,150,13000,13000,2015-09-14,"Informational,Transactional,Branded,Non-local",Romanian,"104, 113, 126, 67, 118, 94, 127, 101, 102, 122, 89, 92, 70, 250, 256, 101, 101, 86, 220, 255, 215, 114, 119, 51",85,Sports betting
716,casinos romania,ro,81,150,8.00,,casino online,2026-05-29 06:17:44,Sitelinks,200,84000,88000,2021-07-10,"Informational,Commercial,Non-branded,Local",English,"38, 67, 55, 84, 33, 34, 35, 119, 49, 72, 258, 275, 156, 407, 322, 216, 203, 138, 162, 138, 123, 16, 25, 21",19,Gambling; Business
717,fortuna.ro,ro,56,150,0.05,0.99,efortuna.ro,2026-06-22 04:37:29,,300,4700,4700,2015-09-03,"Navigational,Transactional,Branded,Non-local",,"101, 145, 182, 158, 177, 177, 170, 159, 202, 213, 149, 120, 99, 142, 178, 155, 174, 174, 167, 157, 199, 210, 148, 118","98, 140, 176, 153, 173, 172, 165, 155, 197, 208, 146, 118, 97",Sports betting; Sports
718,oferte pariuri sportive,ro,70,150,3.00,,casa pariurilor,2026-06-08 10:36:57,,200,330000,362000,2015-10-02,"Informational,Commercial,Transactional,Non-branded,Non-local",Romanian,"149, 76, 44, 62, 94, 123, 79, 127, 130, 150, 123, 126, 121, 127, 159, 172, 156, 153, 140, 187, 181, 161, 167, 159","160, 150, 159, 170, 164, 159, 154, 149, 139, 134, 131, 131, 131",Sports betting
719,cazinouri online sigure,ro,81,150,1.80,,casino online,2026-06-05 05:21:48,,200,34000,36000,2021-05-21,"Informational,Commercial,Transactional,Non-branded,Non-local",Romanian,"50, 17, 50, 51, 68, 55, 35, 71, 88, 127, 161, 162, 128, 163, 113, 217, 230, 173, 122, 142, 161, 181, 148, 159","153, 168, 156, 167, 170, 144, 133, 147, 155, 159, 156, 138, 132",Gambling
720,casa pariurilor mobile,ro,29,150,1.50,,casa pariurilor,2026-06-17 02:55:54,Sitelinks,200,347000,379000,2015-09-15,"Informational,Navigational,Commercial,Transactional,Branded,Non-local",Romanian,,,Sports betting
721,bonus pariuri online,ro,67,150,10.00,,pariuri bonus,2026-06-14 23:41:24,Sitelinks,200,1700,1800,2015-09-13,"Informational,Commercial,Non-branded,Non-local",Romanian,"53, 42, 34, 52, 52, 52, 70, 52, 70, 116, 102, 102, 118, 146, 115, 154, 140, 154, 149, 142, 149, 151, 153, 149","144, 143, 140, 148, 147, 151, 150, 143, 149, 151, 153, 149",Sports betting
722,betano promotii,ro,54,150,0.90,,oferte betano,2026-06-27 20:07:58,Sitelinks,150,60,60,2018-01-14,"Informational,Commercial,Branded,Non-local",Romanian,"90, 56, 53, 72, 66, 74, 146, 210, 187, 120, 116, 286, 124, 198, 162, 164, 105, 117, 151, 156, 124, 127, 135, 111",124,Sports betting
723,fortuna bets,ro,72,150,0.90,0.93,fortuna,2026-06-11 00:43:49,"Sitelinks,Bottom ads,Paid sitelinks",300,248000,253000,2015-09-14,"Navigational,Commercial,Transactional,Branded,Non-local",English,"11, 4, 17, 9, 2, 3, 3, 3, 3, 2, 6, 12, 5, 84, 297, 238, 165, 89, 135, 142, 125, 86, 99, 152",113,Sports betting
724,casapari,ro,0,150,1.30,0.94,casa pariurilor,2026-06-10 16:14:18,Knowledge panel,150,333000,365000,2015-09-20,"Informational,Navigational,Branded,Non-local",,"108, 131, 107, 86, 106, 132, 135, 131, 127, 205, 205, 205, 197, 203, 163, 163, 159, 153, 132, 153, 148, 150, 123, 107","121, 116, 119, 106, 108, 116, 122, 139, 132, 136, 108, 93, 106",Business
725,internet casino,ro,83,150,7.00,,cazinouri online,2026-06-08 11:28:53,Video preview,15000,12000,12000,2017-02-12,"Informational,Commercial,Transactional,Non-branded,Non-local",English,,,Gambling
726,jocuri de noroc cu bani reali,ro,73,150,0.90,,netbet,2026-06-23 07:48:18,,200,147000,150000,2016-11-05,"Informational,Commercial,Transactional,Non-branded,Non-local",Romanian,,,Gambling
727,casa pariurilor bonus fara depunere 100 lei,ro,47,150,1.30,,casa pariurilor casino,2026-05-28 06:19:54,Sitelinks,150,1900,2000,2021-11-19,"Informational,Commercial,Transactional,Branded,Non-local",Romanian,"69, 68, 71, 91, 86, 96, 129, 146, 84, 87, 53, 71, 107, 97, 98, 81, 109, 136, 177, 231, 210, 186, 175, 164",177,Sports betting
728,oferta pariuri sportive,ro,78,150,0.90,,superbet oferta,2026-06-18 19:58:43,,250,56000,58000,2015-10-14,"Informational,Commercial,Non-branded,Non-local",Romanian,"144, 106, 89, 105, 127, 143, 85, 100, 119, 155, 160, 158, 163, 145, 155, 199, 167, 196, 190, 184, 180, 179, 178, 173","178, 177, 185, 188, 187, 186, 184, 180, 175, 174, 173, 168",Sports betting
729,jocuri cazinou,ro,83,150,1.10,1.68,casa pariurilor casino,2026-06-07 21:16:14,,300,41000,45000,2015-09-07,"Informational,Commercial,Non-branded,Non-local",Romanian,"33, 48, 38, 102, 103, 46, 57, 43, 39, 32, 69, 62, 79, 153, 148, 187, 148, 168, 179, 191, 165, 180, 170, 154","144, 155, 153, 154, 177, 175, 188, 199, 172, 187, 177",Gambling
730,casapariu,ro,41,150,1.90,1.08,casa pariurilor,2026-06-22 04:42:53,Sitelinks,200,346000,379000,2015-09-06,"Navigational,Branded,Non-local",Romanian,"149, 78, 97, 219, 76, 151, 220, 185, 75, 119, 148, 269, 175, 124, 207, 146, 122, 146, 229, 179, 176, 169, 133, 145","122, 147, 168, 186, 172, 203, 192, 177, 174, 167, 132, 143, 121",/Other
731,cazinouri licentiate in romania,ro,65,150,2.50,,lista cazinouri online romania,2026-05-24 10:06:00,,150,13000,16000,2020-01-10,"Informational,Commercial,Non-branded,Non-local",Romanian,"130, 103, 98, 102, 125, 111, 138, 139, 162, 158, 199, 204, 163, 197, 169, 121, 131, 82, 151, 140, 131, 132, 145, 139","136, 137, 121, 118, 132, 121, 136, 139, 130, 131, 144, 139, 136",Lottery; Government; Business
732,bonus casino betano,ro,54,150,4.50,,bonus betano,2026-05-23 06:17:12,Sitelinks,250,600,600,2020-07-18,"Informational,Commercial,Transactional,Branded,Non-local",Romanian,"60, 49, 40, 63, 86, 86, 44, 58, 85, 101, 101, 102, 58, 125, 94, 207, 129, 175, 178, 157, 151, 156, 140, 107","118, 149, 144, 126, 124, 173, 195, 173, 167, 172, 156, 123, 134",Sports betting
733,las vegas casino rotiri gratuite,ro,58,150,2.50,,las vegas rotiri gratuite,2026-06-12 03:51:54,Sitelinks,200,1700,1700,2021-11-27,"Informational,Non-branded,Non-local",Romanian,"155, 279, 343, 516, 518, 297, 192, 159, 125, 117, 119, 148, 150, 124, 112, 210, 111, 80, 157, 215, 223, 154, 196, 168","131, 129, 141, 192, 148, 119, 145, 66, 76, 57, 74, 79, 31",Lottery
734,casa pariurilor pacanele,ro,61,150,2.50,,casa pariurilor,2026-06-21 09:42:41,,150,347000,379000,2017-01-13,"Informational,Navigational,Commercial,Transactional,Branded,Non-local",Romanian,"71, 136, 118, 93, 211, 114, 146, 153, 183, 116, 185, 193, 50, 126, 192, 123, 143, 89, 200, 217, 107, 110, 117, 85",104,Sports betting
735,forruna,ro,45,150,,0.89,fortuna,2026-06-24 22:08:42,Sitelinks,1600,213000,218000,2015-12-03,"Informational,Navigational,Commercial,Transactional,Branded,Non-local",,"95, 84, 100, 90, 118, 134, 133, 139, 115, 188, 154, 168, 125, 134, 131, 140, 180, 113, 154, 138, 131, 170, 136, 125",144,Sports betting; Sports
736,betano romania casino,ro,53,150,2.00,,betano,2026-06-24 17:48:34,,450,467000,470000,2022-05-11,"Informational,Commercial,Branded,Non-local",English,"162, 66, 31, 17, 25, 98, 291, 170, 39, 57, 226, 212, 278, 216, 64, 179, 196, 30, 227, 180, 194, 156, 126, 158","155, 142, 136, 118, 137, 145, 161, 159, 128, 137, 129, 157",Gambling
737,batano,ro,46,150,1.60,0.7,betano,2026-06-11 20:01:21,Sitelinks,6300,470000,475000,2016-04-11,"Informational,Commercial,Branded,Non-local",Romanian,"97, 90, 90, 88, 118, 130, 177, 154, 139, 147, 133, 144, 110, 107, 109, 136, 114, 126, 191, 183, 160, 130, 126, 137",132,Sports betting
738,winner bet online,ro,81,150,2.50,,winner,2026-06-11 18:02:28,Sitelinks,3900,69000,70000,2017-01-06,"Informational,Commercial,Branded,Non-local",English,"36, 143, 64, 91, 31, 70, 60, 48, 29, 43, 51, 55, 57, 140, 148, 122, 130, 161, 116, 125, 156, 120, 184, 157",154,Sports betting
739,download casa pariurilor,ro,0,150,1.70,1.28,casa pariurilor apk,2026-06-16 09:20:33,,200,1900,2200,2015-11-17,"Transactional,Branded,Non-local",Romanian,"52, 42, 66, 835, 131, 78, 172, 886, 102, 115, 147, 158, 44, 352, 488, 294, 89, 109, 115, 135, 97, 99, 112, 109",107,Sports betting; Add-ons
740,aplicatii pariuri sportive,ro,65,150,16.00,,aplicatie pariuri sportive,2026-06-03 21:04:59,Sitelinks,200,70,70,2016-02-16,"Informational,Commercial,Non-branded,Non-local",Romanian,"153, 99, 98, 148, 145, 124, 100, 125, 142, 147, 146, 98, 78, 125, 143, 220, 171, 183, 168, 179, 187, 181, 169, 152","158, 150, 156, 173, 180, 178, 164, 175, 183, 177, 165, 148, 154",Sports betting; Add-ons
741,casa pariurilor ofertă,ro,10,150,1.50,,casa pariurilor,2026-06-09 10:38:35,Sitelinks,150,332000,364000,2017-01-08,"Informational,Commercial,Branded,Non-local",Romanian,"260, 323, 175, 213, 176, 222, 178, 221, 254, 271, 386, 322, 249, 185, 189, 193, 135, 122, 94, 98, 100, 122, 126, 118","111, 113, 112, 102, 113, 115, 114, 107, 108, 132, 137, 128, 121",Sports betting
742,superebt,ro,52,150,1.50,1,superbet,2026-06-27 02:21:08,"Sitelinks,Local pack",450,1580000,1630000,2015-09-21,"Informational,Commercial,Transactional,Branded,Non-local",Romanian,"76, 93, 75, 84, 105, 106, 98, 101, 122, 126, 177, 194, 51, 105, 81, 130, 133, 106, 153, 174, 247, 244, 203, 162",203,Audio; Shopping
743,betano.ro aplicatie,ro,4,150,0.70,,betano,2026-06-09 19:55:27,Video preview,200,23000,24000,2018-07-15,"Informational,Navigational,Commercial,Transactional,Branded,Non-local",Romanian,"9, 29, 8, 12, 11, 68, 163, 198, 243, 183, 114, 140, 59, 119, 198, 216, 269, 159, 302, 240, 172, 56, 84, 66",69,Sports betting; Add-ons
744,siteuri pariuri,ro,75,150,8.00,,pariuri sportive,2026-06-07 06:02:42,,200,11000,11000,2015-10-16,"Informational,Commercial,Non-branded,Non-local",Romanian,"111, 113, 114, 57, 70, 71, 56, 74, 88, 114, 169, 135, 127, 141, 168, 168, 160, 212, 150, 165, 169, 164, 167, 162","162, 162, 164, 161, 164, 166, 160, 161, 165, 160, 162, 158, 158",Sports betting
745,fotbal casa pariurilor,ro,41,150,0.30,,casa pariurilor,2026-06-19 17:09:35,Sitelinks,150,347000,380000,2016-09-01,"Informational,Commercial,Branded,Non-local",Romanian,,,Sports betting
746,casino.romania,ro,84,150,7.00,,cazinouri online,2026-06-04 21:16:34,,200,94000,98000,2021-01-23,"Informational,Commercial,Transactional,Non-branded,Non-local",,"67, 54, 73, 42, 77, 79, 68, 63, 46, 49, 72, 63, 73, 154, 184, 154, 201, 381, 198, 245, 162, 142, 93, 90",109,Gambling
747,poker in casino,ro,72,150,2.50,,cazinouri online,2026-06-28 14:33:36,People also ask,450,12000,13000,2020-04-18,"Informational,Non-branded,Non-local",English,"2, 4, 2, 17, 3, 4, 3, 71, 33, 5, 6, 0, 0, 6, 4, 26, 39, 20, 22, 26, 1263, 52, 56, 32",43,Casino games; General reference
748,flashscore casa pariurilor,ro,43,150,0.60,,flashscore mobil,2026-06-18 13:25:58,,150,17000,24000,2015-09-10,"Informational,Navigational,Commercial,Branded,Non-local",Romanian,"23, 32, 36, 52, 40, 152, 289, 344, 179, 125, 122, 129, 39, 109, 128, 148, 152, 174, 159, 162, 147, 137, 129, 128","126, 129, 147, 148, 139, 149, 160, 162, 147, 138, 130, 129, 126",Sports betting; Statistics
749,casa cazino,ro,63,150,1.50,,cazinouri online,2026-06-25 16:45:09,Sitelinks,150,31000,34000,2020-01-12,"Informational,Branded,Local",Romanian,"71, 43, 69, 74, 88, 130, 163, 164, 174, 227, 70, 64, 61, 202, 212, 81, 83, 153, 143, 130, 124, 119, 96, 94","91, 90, 89, 76, 79, 84, 92, 88, 80, 78, 56, 56, 54",Events; Lottery
750,rotiri gratuite cazino,ro,72,150,1.70,,rotiri gratuite fara depunere,2026-06-26 07:51:28,,200,48000,49000,2016-07-29,"Informational,Commercial,Non-branded,Non-local",Romanian,"46, 47, 64, 98, 97, 82, 128, 146, 146, 175, 179, 144, 94, 90, 150, 215, 188, 223, 143, 169, 165, 168, 162, 157","146, 161, 162, 155, 150, 156, 159, 161, 156, 160, 153, 149",Gambling
751,casa parourilor,ro,27,150,1.60,1.08,casa pariurilor,2026-06-19 15:18:02,"Sitelinks,Knowledge panel",150,347000,380000,2015-10-13,"Informational,Navigational,Commercial,Branded,Non-local",Romanian,,,Sports betting
752,super bet login,ro,57,150,2.00,,superbet,2026-06-02 14:07:39,"Sitelinks,Video preview",12000,1610000,1760000,2015-12-31,"Navigational,Transactional,Branded,Non-local",English,"200, 247, 207, 149, 91, 43, 67, 95, 44, 52, 50, 55, 90, 138, 143, 188, 233, 109, 128, 197, 219, 190, 185, 151",177,Sports betting
753,casa pariurilor aplicatie android,ro,23,150,0.90,0.88,casa pariurilor apk,2026-06-17 04:16:15,,200,1900,2200,2015-09-26,"Informational,Transactional,Branded,Non-local",Romanian,"186, 228, 226, 122, 152, 119, 102, 80, 117, 280, 229, 189, 178, 140, 142, 172, 206, 178, 138, 159, 153, 172, 162, 163","149, 165, 166, 177, 189, 165, 150, 161, 155, 174, 164, 165, 151",Sports betting; Add-ons
754,pariuri online gratis,ro,80,150,6.00,,casa pariurilor,2026-06-20 19:55:01,,200,347000,379000,2015-12-14,"Informational,Commercial,Non-branded,Non-local",Romanian,"47, 20, 19, 47, 101, 46, 47, 33, 57, 96, 101, 193, 103, 224, 281, 162, 138, 111, 127, 124, 137, 134, 135, 140","131, 142, 153, 139, 148, 141, 143, 141, 154, 151, 152, 157",Sports betting
755,casa jocurilor,ro,32,150,0.20,,cazinouri online,2026-06-21 18:03:27,Sitelinks,200,30000,33000,2015-12-26,"Informational,Commercial,Branded,Non-local",Romanian,,,Lottery
756,casa pariurilor .ro,ro,22,150,,1.17,casa pariurilor,2026-06-24 18:03:56,Sitelinks,150,347000,379000,2015-09-18,"Navigational,Transactional,Branded,Non-local",Romanian,"363, 144, 316, 448, 533, 355, 220, 424, 471, 229, 124, 123, 56, 120, 233, 187, 280, 205, 162, 144, 97, 117, 92, 92",101,Sports betting
757,casino mobile,ro,79,150,,,slotomania,2026-06-28 05:57:06,,11000,1200,53000,2020-01-09,"Informational,Commercial,Transactional,Non-branded,Non-local",English,"52, 43, 34, 31, 20, 34, 24, 21, 7, 22, 28, 21, 29, 265, 201, 196, 233, 257, 152, 196, 149, 114, 106, 112",111,Gambling
758,betano online casino,ro,67,150,0.80,,betano casino,2026-06-05 01:14:15,Sitelinks,1400,19000,19000,2020-02-10,"Informational,Commercial,Branded,Non-local",English,,,Gambling
759,casino online free,ro,86,150,1.60,2.05,jocuri casino online gratis,2026-06-10 16:04:30,,4900,30000,32000,2015-09-16,"Informational,Non-branded,Non-local",English,"105, 137, 101, 123, 131, 127, 143, 254, 167, 145, 192, 215, 209, 431, 302, 136, 153, 118, 98, 138, 121, 138, 105, 114",120,Gambling
760,betone casino,ro,53,150,2.00,,betone,2026-06-02 20:39:44,,500,0,0,2020-11-28,"Informational,Navigational,Commercial,Transactional,Branded,Non-local",,"199, 79, 51, 49, 46, 33, 70, 74, 98, 64, 65, 32, 23, 79, 79, 72, 78, 77, 108, 187, 146, 163, 233, 372",262,Sports betting
761,jocuri sloturi,ro,80,150,0.90,,jocuri cazino,2026-05-21 02:36:28,,250,3200,3200,2015-10-05,"Informational,Commercial,Transactional,Non-branded,Non-local",Romanian,"44, 67, 60, 42, 65, 65, 63, 49, 84, 132, 131, 105, 71, 141, 152, 298, 173, 141, 144, 194, 161, 210, 151, 170","160, 164, 167, 200, 215, 179, 203, 193, 194, 221, 200, 189, 180",Lottery
762,casino winner,ro,69,150,1.60,,winner,2026-06-19 03:30:57,"Sitelinks,People also ask",8900,65000,66000,2016-02-12,"Informational,Non-branded,Non-local",English,"135, 88, 106, 82, 67, 49, 88, 84, 63, 80, 84, 85, 87, 163, 131, 155, 193, 250, 218, 239, 157, 137, 144, 145",143,Lottery; Promotional giveaways
763,syperbet,ro,48,150,1.50,0.78,superbet,2026-06-09 04:28:47,"Sitelinks,Video preview",400,1600000,1740000,2015-09-22,"Navigational,Branded,Non-local",,"140, 124, 113, 83, 108, 109, 123, 97, 92, 106, 102, 98, 65, 120, 118, 147, 139, 99, 132, 139, 162, 149, 161, 142",151,Sports betting
764,verificare bilet winner bet,ro,59,150,0.40,,winner,2026-06-18 19:15:59,,150,65000,66000,2015-11-21,"Informational,Transactional,Branded,Non-local",Romanian,"106, 87, 82, 32, 56, 69, 41, 37, 9, 34, 48, 35, 49, 158, 162, 129, 111, 116, 135, 124, 148, 140, 198, 187",176,Sports betting
765,casino online international,ro,87,150,3.50,,top casino online,2026-06-10 01:54:46,,1000,100,38000,2015-11-13,"Informational,Commercial,Transactional,Non-branded,Non-local",English,"10, 17, 30, 17, 33, 20, 27, 16, 42, 47, 41, 37, 39, 87, 105, 86, 111, 143, 191, 228, 332, 199, 181, 205",194,Gambling
766,suport casa pariurilor,ro,0,150,,1.27,casa pariurilor contact,2026-06-23 03:26:06,,200,700,700,2015-10-19,"Informational,Branded,Non-local",Romanian,"149, 125, 126, 129, 122, 128, 103, 155, 151, 153, 155, 194, 148, 145, 119, 153, 160, 160, 230, 205, 148, 145, 118, 114","98, 84, 90, 79, 86, 174, 93, 107, 78, 67, 49, 46",Gambling
767,casino jocuri,ro,84,150,2.50,,jocuri cazino,2026-06-17 13:57:00,,200,21000,25000,2015-09-16,"Informational,Commercial,Transactional,Non-branded,Non-local",Romanian,"54, 65, 69, 88, 82, 185, 172, 332, 80, 85, 91, 89, 76, 368, 164, 103, 104, 140, 158, 200, 120, 208, 130, 106","80, 183, 114, 96, 97, 242, 190, 207, 124, 214, 134, 109, 83",Gambling
768,fortuna cont,ro,42,150,2.00,1.26,fortuna,2026-06-26 23:31:51,"Sitelinks,Bottom ads,Paid sitelinks",200,213000,218000,2016-02-16,"Informational,Commercial,Branded,Non-local",Romanian,"163, 161, 131, 140, 164, 131, 166, 131, 135, 253, 162, 248, 131, 138, 140, 166, 173, 165, 176, 172, 169, 190, 177, 180","149, 138, 125, 136, 144, 144, 154, 150, 147, 165, 153, 156",Sports betting
769,jocuri sloturi casino,ro,72,150,,,pacanele gratis,2026-06-28 14:05:57,,150,6600,7100,2020-01-19,"Informational,Commercial,Transactional,Non-branded,Non-local",Romanian,"28, 33, 30, 10, 47, 18, 35, 45, 53, 58, 63, 59, 60, 109, 82, 110, 181, 226, 244, 243, 101, 127, 106, 142",126,Lottery
770,winbet online,ro,67,150,0.50,,winbet,2026-06-14 10:57:36,Sitelinks,4200,169000,200000,2020-01-12,"Informational,Navigational,Commercial,Transactional,Branded,Non-local",English,"155, 170, 171, 165, 196, 179, 165, 159, 130, 138, 160, 180, 155, 170, 171, 165, 196, 179, 165, 159, 130, 138, 161, 180","155, 170, 171, 165, 196, 179, 165, 159, 131, 138, 161, 180, 155",Sports betting
771,superbet shining crown demo,ro,52,150,0.60,,shining crown,2026-05-22 01:06:41,,150,1800,1800,2021-09-11,"Informational,Branded,Non-local",English,"131, 126, 71, 127, 109, 140, 292, 204, 133, 120, 102, 120, 97, 367, 436, 205, 140, 91, 97, 81, 14, 49, 34, 118",68,Lottery
772,winner bet casino,ro,72,150,3.50,,winner,2026-06-22 02:01:37,Sitelinks,250,66000,67000,2020-01-15,"Informational,Navigational,Commercial,Transactional,Branded,Non-local",English,"25, 48, 69, 45, 73, 90, 107, 74, 51, 53, 107, 149, 66, 126, 114, 114, 194, 193, 188, 134, 78, 103, 124, 139",123,Sports betting
773,oferta fortuna bet,ro,41,150,0.40,0.99,fortuna,2026-06-05 04:38:22,Sitelinks,150,249000,255000,2015-09-16,"Informational,Commercial,Branded,Non-local",Romanian,"48, 39, 40, 33, 37, 59, 95, 126, 73, 107, 104, 141, 114, 132, 160, 203, 137, 166, 164, 114, 100, 103, 104, 64",91,Lottery; Sports betting
774,games casino,ro,80,150,1.50,,gameworld,2026-06-26 03:53:11,,4800,23000,24000,2016-01-06,"Informational,Commercial,Non-branded,Non-local",English,"88, 90, 80, 118, 144, 147, 167, 225, 100, 192, 150, 106, 116, 162, 147, 152, 136, 120, 133, 134, 117, 135, 113, 108","93, 90, 85, 98, 144, 147, 145, 143, 124, 144, 121, 115",Casino games
775,lista casino online romania,ro,68,150,3.00,,lista cazinouri online romania,2026-06-08 12:15:41,,150,5600,6000,2020-04-02,"Informational,Commercial,Non-branded,Local",Romanian,,,Gambling
776,site uri casino bonus fara depunere,ro,75,150,3.50,,bonus fara depunere,2026-05-23 11:09:27,Sitelinks,150,141000,145000,2021-07-19,"Informational,Commercial,Transactional,Non-branded,Non-local",Romanian,"50, 38, 86, 89, 23, 86, 70, 110, 133, 75, 80, 54, 37, 138, 126, 173, 220, 192, 212, 171, 151, 149, 138, 105",131,Gambling
777,betano pacanele gratis,ro,62,150,1.10,,pacanele gratis,2026-05-25 22:27:50,Sitelinks,150,38000,40000,2023-04-05,"Informational,Branded,Non-local",Romanian,"134, 87, 83, 117, 86, 108, 186, 111, 99, 150, 118, 129, 78, 131, 123, 123, 158, 99, 143, 224, 165, 171, 124, 197",164,Lottery
778,supee,ro,59,150,1.40,0.44,superbet,2026-06-09 18:33:22,"Sitelinks,Video preview",5500,1600000,1750000,2015-12-08,"Informational,Non-branded,Non-local",Romanian,"112, 79, 105, 96, 113, 128, 95, 123, 116, 132, 143, 129, 77, 139, 114, 112, 124, 108, 151, 180, 160, 170, 159, 180",171,Sports betting
779,pariuri live,ro,73,150,0.90,1.26,oferta de azi la superbet,2026-06-20 09:22:55,,800,8300,9000,2015-09-01,"Informational,Commercial,Transactional,Non-branded,Non-local",Romanian,"216, 215, 235, 240, 223, 245, 239, 214, 233, 215, 197, 171, 157, 155, 167, 170, 156, 170, 163, 144, 155, 141, 127, 109","98, 95, 100, 99, 89, 94, 88, 75, 77, 67, 57",Sports betting
780,rotiri gratuite winner,ro,58,150,2.50,,casino online,2026-06-08 02:12:59,Sitelinks,150,10000,11000,2021-11-06,"Informational,Commercial,Branded,Non-local",Romanian,"81, 51, 62, 54, 76, 116, 124, 112, 80, 90, 98, 91, 69, 108, 123, 128, 184, 210, 149, 166, 218, 133, 150, 144",143,Gambling
781,best casino online,ro,73,150,11.00,,top 10 casino online,2026-06-28 03:29:32,"People also ask,Video preview",27000,1400,173000,2017-03-01,"Informational,Commercial,Non-branded,Non-local",English,"143, 124, 164, 742, 750, 740, 646, 309, 40, 70, 81, 102, 115, 111, 119, 103, 76, 83, 138, 137, 178, 242, 271, 321",277,Gambling
782,fortuna bet casino,ro,33,150,0.40,,fortuna casino,2026-05-21 15:06:25,"Sitelinks,Knowledge panel",350,35000,37000,2020-01-20,"Informational,Navigational,Commercial,Transactional,Branded,Non-local",English,"42, 62, 68, 34, 43, 64, 86, 69, 45, 36, 67, 78, 66, 441, 493, 282, 111, 60, 91, 126, 88, 87, 84, 29",59,Sports betting
783,casino online rotiri fara depunere,ro,71,150,5.00,,bonus fara depunere,2026-06-15 21:52:23,Sitelinks,200,134000,138000,2019-05-16,"Informational,Commercial,Transactional,Non-branded,Non-local",Romanian,"144, 99, 80, 78, 78, 195, 287, 359, 295, 79, 58, 96, 76, 110, 122, 174, 112, 149, 145, 170, 392, 132, 99, 167","140, 140, 132, 130, 132, 145, 157, 139, 125, 88, 82, 84, 81",Lottery
784,bonusuri casino online,ro,76,150,3.50,,bonus fara depunere,2026-06-23 09:43:16,Sitelinks,300,128000,131000,2017-04-11,"Informational,Commercial,Non-branded,Non-local",Romanian,"73, 72, 46, 93, 92, 80, 171, 177, 61, 58, 67, 190, 63, 153, 220, 221, 109, 103, 147, 148, 137, 147, 144, 156","141, 150, 160, 165, 162, 163, 172, 173, 161, 171, 169, 181, 166",Gambling
785,efortuna loto,ro,57,150,0.45,,loto fortuna,2026-05-21 11:18:23,Sitelinks,150,2800,2800,2016-01-29,"Informational,Navigational,Commercial,Transactional,Branded,Non-local",Romanian,,,Lottery
786,site uri casino,ro,82,150,7.00,,casino online,2026-05-27 03:39:56,,150,79000,83000,2018-11-16,"Informational,Commercial,Non-branded,Non-local",Romanian,"40, 26, 36, 62, 33, 35, 36, 139, 90, 68, 147, 144, 155, 414, 449, 208, 78, 63, 63, 73, 50, 50, 71, 64",63,Gambling
787,casino fortuna online,ro,45,150,1.50,,fortuna casino,2026-06-10 12:12:27,Sitelinks,800,33000,38000,2017-11-16,"Informational,Commercial,Branded,Non-local",English,"72, 77, 77, 42, 100, 73, 97, 100, 99, 191, 99, 102, 105, 243, 292, 169, 89, 79, 118, 97, 87, 88, 87, 83","91, 92, 94, 68, 88, 82, 87, 64, 57, 59, 58, 55, 64",Gambling
788,betano .com,ro,82,150,1.60,,betano.com,2026-06-11 01:25:09,,3400,2500,312000,2016-10-22,"Informational,Navigational,Branded,Non-local",,,,Sports betting
789,rezultate loto casa pariurilor,ro,56,150,0.30,1.14,casa pariurilor loto,2026-06-08 03:10:46,Sitelinks,150,4700,4900,2015-09-04,"Informational,Branded,Non-local",Romanian,"252, 376, 309, 263, 272, 267, 218, 264, 227, 250, 230, 204, 207, 250, 252, 152, 113, 83, 146, 153, 170, 170, 168, 136",158,Lottery
790,agentia casa pariurilor,ro,18,150,0.60,1.1,casa pariurilor,2026-05-29 03:10:08,Sitelinks,150,328000,360000,2015-09-07,"Informational,Commercial,Branded,Local",Romanian,"52, 35, 37, 41, 42, 62, 60, 41, 37, 41, 53, 46, 38, 141, 136, 156, 154, 173, 183, 182, 139, 135, 162, 146",148,Sports betting; Business
791,winner bonus,ro,54,150,3.50,,winner bonus fara depunere,2026-05-16 22:31:57,Sitelinks,400,1100,1100,2016-01-07,"Informational,Commercial,Branded,Non-local",English,,,Gambling
792,casa pariurilor demo,ro,43,150,0.60,,casa pariurilor casino,2026-06-10 08:31:53,Sitelinks,200,36000,39000,2017-07-09,"Informational,Branded,Non-local",Romanian,"325, 296, 359, 401, 323, 369, 437, 506, 358, 227, 324, 375, 153, 232, 244, 217, 157, 128, 157, 260, 171, 156, 76, 76",104,Gambling
793,jocuri casino slot,ro,70,150,1.70,,pacanele,2026-06-14 21:52:01,,150,6100,6500,2015-09-20,"Informational,Commercial,Non-branded,Non-local",Romanian,"96, 96, 111, 132, 161, 109, 103, 55, 64, 106, 107, 163, 163, 246, 244, 222, 111, 69, 82, 59, 58, 73, 66, 67","71, 64, 76, 75, 64, 48, 38, 26, 23, 46, 37, 44",Gambling
794,verificare casa pariurilor,ro,12,150,0.70,1.33,casa pariurilor verificare bilet,2026-06-26 02:42:37,,150,13000,13000,2015-11-04,"Informational,Navigational,Branded,Non-local",Romanian,"114, 138, 162, 157, 186, 130, 125, 136, 89, 95, 106, 129, 39, 137, 86, 70, 117, 100, 167, 289, 263, 180, 128, 58",110,Sports betting
795,aplicația betano,ro,4,150,0.90,,betano app,2026-06-10 09:31:00,Video preview,150,1100,1300,2020-01-10,"Navigational,Transactional,Branded,Non-local",Romanian,"29, 35, 44, 42, 42, 39, 42, 43, 44, 43, 55, 54, 40, 89, 160, 183, 206, 142, 289, 289, 154, 86, 72, 101",87,Sports betting; Add-ons
796,cazino .ro,ro,82,150,1.60,,cazino.ro,2026-06-05 18:52:19,Sitelinks,150,5300,5300,2018-04-20,"Informational,Navigational,Commercial,Transactional,Branded,Non-local",Romanian,,,Gambling
797,casino in online,ro,85,150,9.00,,casino online romania,2026-05-20 08:41:16,,3000,87000,91000,2020-12-31,"Informational,Commercial,Transactional,Non-branded,Non-local",English,"5, 11, 8, 66, 19, 17, 19, 96, 116, 93, 237, 238, 141, 413, 309, 267, 97, 94, 98, 90, 75, 83, 60, 54",66,Gambling
798,casa fortuna,ro,0,150,0.25,,fortuna,2026-06-27 17:30:56,"Sitelinks,Local pack",1200,213000,218000,2015-12-03,"Informational,Commercial,Branded,Local",Romanian,"53, 58, 74, 29, 56, 72, 64, 120, 97, 90, 125, 88, 103, 143, 104, 88, 323, 272, 167, 93, 86, 47, 52, 53",52,Event venue; Business
799,casino promotii,ro,70,150,5.00,,oferte casino,2026-06-17 06:33:27,,200,3000,3200,2021-03-13,"Informational,Commercial,Transactional,Non-branded,Non-local",Romanian,"34, 38, 43, 26, 40, 94, 67, 52, 73, 71, 43, 54, 76, 113, 114, 139, 161, 249, 190, 200, 160, 156, 188, 215",189,Gambling
800,efortuna live,ro,61,150,0.01,1.3,fortuna,2026-06-27 04:08:15,Sitelinks,400,213000,218000,2016-03-14,"Informational,Commercial,Branded,Non-local",Romanian,"58, 58, 116, 113, 134, 113, 138, 111, 106, 133, 134, 113, 112, 48, 46, 142, 155, 185, 331, 176, 174, 174, 178, 206","191, 176, 179, 216, 207, 179, 218, 176, 175, 175, 179, 207",Sports betting
801,promoti casino,ro,75,150,3.50,,rotiri gratuite fara depunere,2026-05-29 07:12:40,,150,185000,189000,2021-06-16,"Informational,Commercial,Transactional,Non-branded,Non-local",Romanian,"24, 27, 108, 166, 134, 83, 60, 116, 46, 44, 98, 62, 39, 169, 171, 216, 134, 131, 140, 144, 130, 173, 156, 157",163,Gambling
802,casa pariurilor ro,ro,18,150,1.50,1.03,casa pariurilor,2026-06-02 09:52:44,Sitelinks,350,329000,362000,2015-10-08,"Informational,Navigational,Commercial,Transactional,Branded,Non-local",Romanian,"73, 59, 74, 99, 95, 99, 181, 146, 82, 77, 129, 56, 46, 137, 236, 99, 83, 89, 269, 206, 161, 155, 141, 118","107, 115, 133, 114, 128, 128, 181, 142, 147, 133, 128, 102, 95",Sports betting; Sports
803,cont casino,ro,81,150,8.00,,casa pariurilor casino,2026-05-26 21:02:44,,200,36000,39000,2020-02-19,"Informational,Commercial,Non-branded,Non-local",Romanian,,,Gambling
804,winner.,ro,38,150,1.00,,winner,2026-05-30 01:46:15,"Sitelinks,Video preview",1300,69000,70000,2016-01-27,"Informational,Commercial,Branded,Non-local",English,,,Lottery; Sports betting
805,agentii de pariuri,ro,75,150,8.00,0.8,unibet.ro,2026-06-15 23:30:29,"Local pack,Sitelinks",200,14000,15000,2015-10-02,"Informational,Commercial,Transactional,Non-branded,Local",Romanian,"76, 94, 91, 94, 112, 114, 94, 98, 138, 116, 139, 140, 139, 142, 139, 151, 137, 153, 137, 140, 144, 147, 141, 149","135, 138, 135, 134, 152, 138, 133, 136, 139, 143, 137, 145, 131",Sports betting
806,slot online romania,ro,81,150,11.00,,fortuna casino,2026-06-17 17:52:29,,200,40000,46000,2017-04-08,"Informational,Commercial,Non-branded,Non-local",English,"9, 9, 19, 66, 10, 15, 28, 105, 52, 38, 60, 61, 69, 353, 391, 215, 67, 114, 71, 46, 40, 69, 50, 70",65,Lottery
807,fortuna jocuri,ro,43,150,0.80,,fortuna casino,2026-06-24 13:20:35,Sitelinks,200,38000,42000,2019-01-18,"Informational,Branded,Non-local",Romanian,,,Gambling
808,betano com,ro,67,150,0.50,,betano,2026-05-26 19:15:51,Sitelinks,2400,470000,475000,2017-03-15,"Navigational,Transactional,Branded,Non-local",,"187, 136, 114, 114, 149, 114, 137, 139, 115, 120, 117, 93, 68, 95, 82, 97, 155, 155, 189, 208, 230, 269, 289, 253","251, 247, 254, 255, 275, 261, 260, 254, 253, 270, 274, 260, 257",Sports betting; Sports
809,cont winner,ro,14,150,0.70,,winner,2026-06-04 04:47:43,Sitelinks,150,68000,69000,2018-04-06,"Navigational,Branded,Non-local",Romanian,,,Gambling
810,oferta winner,ro,51,150,1.60,1.28,winner,2026-06-01 17:36:42,Sitelinks,150,68000,69000,2015-09-13,"Informational,Commercial,Branded,Non-local",Romanian,"126, 170, 316, 347, 243, 177, 287, 236, 384, 170, 159, 59, 44, 88, 234, 265, 161, 95, 205, 154, 303, 88, 77, 2","2, 6, 152, 183, 79, 13, 123, 72, 221, 7, 1, 1, 1",Sports betting
811,winner login,ro,68,150,0.90,,winner casino,2026-05-29 14:46:39,,3000,500,500,2020-04-11,"Navigational,Branded,Non-local",English,,,Gambling
812,winner casino bonus,ro,62,150,4.00,,bonus winner,2026-06-17 18:51:38,Sitelinks,700,150,150,2020-01-15,"Informational,Commercial,Branded,Non-local",English,,,Gambling
813,foetuna,ro,0,150,,0.85,fortuna,2026-06-16 07:31:07,Sitelinks,900,254000,259000,2015-10-30,"Informational,Commercial,Branded,Non-local",Romanian,"112, 120, 102, 84, 127, 93, 136, 130, 126, 200, 141, 188, 142, 151, 141, 128, 176, 85, 171, 128, 107, 101, 113, 99",,Lottery; Sports betting
814,betqno,ro,68,150,2.00,,betano casino,2026-06-09 16:56:03,,4200,26000,26000,2016-06-04,"Non-branded,Non-local",,"143, 125, 152, 131, 157, 144, 230, 243, 239, 213, 175, 203, 109, 164, 122, 182, 192, 162, 222, 168, 154, 163, 135, 142",148,/Other
815,fortuna demo,ro,59,150,0.10,,fortuna casino,2026-06-21 05:05:42,Sitelinks,400,35000,40000,2020-03-20,"Informational,Branded,Non-local",English,"298, 209, 167, 316, 309, 244, 244, 312, 254, 298, 318, 165, 107, 300, 281, 168, 139, 173, 139, 126, 136, 152, 117, 106","107, 99, 116, 138, 149, 106, 81, 84, 84, 109, 70, 65",Gambling
816,efortuna ro,ro,48,150,0.03,1.15,efortuna.ro,2026-06-21 05:48:12,,200,4900,4900,2015-09-19,"Informational,Navigational,Commercial,Transactional,Branded,Non-local",,"114, 115, 195, 206, 190, 139, 194, 185, 175, 225, 255, 152, 94, 144, 171, 174, 146, 121, 167, 139, 133, 140, 128, 108","110, 157, 166, 184, 168, 151, 145, 139, 132, 140, 128, 107, 110",Lottery; Sports betting
817,online casino poker,ro,82,150,4.50,,cazinouri online,2026-06-26 00:43:27,,4300,12000,13000,2020-01-16,"Informational,Commercial,Transactional,Non-branded,Non-local",English,"54, 61, 49, 61, 18, 6, 19, 43, 34, 27, 109, 130, 129, 398, 275, 189, 139, 136, 145, 166, 148, 122, 113, 82",106,Casino games
818,winner bet pariuri sportive,ro,30,150,2.50,0.82,winner,2026-05-23 10:26:13,"Sitelinks,Bottom ads",150,68000,69000,2015-11-30,"Informational,Commercial,Branded,Non-local",Romanian,"4, 4, 7, 6, 18, 63, 39, 35, 4, 37, 50, 46, 40, 147, 149, 142, 138, 150, 112, 117, 108, 108, 156, 141",136,Sports betting; Sports
819,pariu sportiv,ro,81,150,4.00,,netbet sport,2026-06-04 23:04:43,,200,8800,10000,2015-10-24,"Informational,Commercial,Transactional,Non-branded,Non-local",Romanian,"228, 186, 104, 129, 132, 159, 185, 218, 217, 192, 170, 154, 151, 234, 190, 146, 143, 143, 141, 144, 138, 133, 125, 130","140, 147, 127, 120, 112, 129, 124, 126, 121, 116, 108, 113, 124",Sports betting; Sports
820,oferte casa pariurilor,ro,9,150,0.60,1.11,casa pariurilor,2026-06-15 11:54:30,Sitelinks,200,346000,378000,2015-09-07,"Informational,Commercial,Branded,Non-local",Romanian,"121, 148, 148, 142, 132, 133, 142, 146, 157, 144, 147, 137, 120, 147, 147, 142, 132, 133, 142, 146, 157, 144, 147, 137","120, 147, 147, 142, 132, 133, 142, 146, 157, 144, 147, 137, 120",Sports betting
821,bet pariuri sportive,ro,80,150,2.00,0.96,gets bet pariuri sportive,2026-05-20 11:30:54,Sitelinks,150,13000,13000,2015-09-03,"Informational,Commercial,Transactional,Non-branded,Non-local",Romanian,"110, 59, 57, 57, 89, 92, 103, 102, 75, 107, 155, 125, 101, 115, 88, 126, 125, 114, 105, 114, 253, 162, 177, 155","141, 163, 146, 205, 198, 216, 159, 246, 176, 188, 169, 177, 163",Sports betting; Sports
822,pacanele fake,ro,77,150,,,pacanele gratis,2026-06-28 00:29:21,,150,21000,22000,2019-04-27,"Informational,Non-branded,Non-local",Romanian,"48, 39, 32, 61, 60, 74, 73, 50, 72, 49, 50, 49, 31, 17, 14, 39, 41, 50, 48, 113, 313, 94, 60, 993","36, 35, 59, 42, 43, 42, 43, 40, 63, 41, 59, 43, 37",Lottery
823,new casino romania,ro,73,150,1.40,,cazinouri online,2026-06-10 07:16:31,,200,34000,35000,2022-05-20,"Informational,Commercial,Non-branded,Non-local",English,,,Casino games; Gambling
824,jocuri online cazino,ro,82,150,4.00,,fortuna casino,2026-06-24 19:57:43,,200,37000,42000,2015-11-25,"Informational,Commercial,Transactional,Non-branded,Non-local",Romanian,"55, 84, 40, 55, 39, 40, 59, 61, 73, 57, 55, 56, 54, 155, 148, 97, 134, 150, 134, 144, 143, 145, 140, 138","143, 154, 147, 148, 148, 142, 137, 146, 146, 147, 142, 140, 146",Gambling
825,oferte cazino fara depunere,ro,73,150,3.00,,bonus fara depunere,2026-05-24 06:41:54,Sitelinks,150,142000,146000,2020-10-08,"Informational,Commercial,Transactional,Non-branded,Non-local",Romanian,"33, 32, 21, 35, 34, 41, 41, 46, 27, 6, 9, 11, 3, 146, 176, 171, 197, 170, 169, 195, 116, 107, 135, 98",114,Gambling
826,fortuna logare,ro,44,150,0.35,,fortuna,2026-06-05 13:38:01,Sitelinks,150,249000,255000,2016-05-27,"Navigational,Branded,Non-local",Romanian,"68, 86, 172, 149, 0, 24, 20, 117, 89, 190, 225, 198, 88, 134, 197, 115, 265, 144, 172, 231, 249, 181, 68, 65",94,Sports betting
827,betano pariuri live,ro,40,150,0.35,,betano live,2026-06-20 19:05:10,Sitelinks,150,7700,8500,2018-06-14,"Informational,Commercial,Branded,Non-local",Romanian,,,Sports betting
828,winner casino rotiri gratuite,ro,62,150,3.50,,casino online,2026-06-24 03:27:13,Sitelinks,200,13000,13000,2022-02-05,"Informational,Commercial,Transactional,Branded,Non-local",Romanian,"25, 26, 70, 42, 66, 139, 97, 106, 80, 41, 63, 51, 46, 146, 151, 124, 167, 182, 147, 172, 183, 161, 160, 142",155,Gambling
829,bonus winner,ro,62,150,3.50,,winner bonus fara depunere,2026-06-27 12:14:25,Sitelinks,250,900,900,2016-04-11,"Informational,Non-branded,Non-local",English,"44, 45, 37, 64, 98, 139, 141, 151, 69, 84, 80, 79, 70, 141, 150, 144, 174, 236, 172, 165, 161, 127, 190, 222",181,Lottery; Promotional giveaways
830,case pariuri online romania,ro,73,150,6.00,1.51,pariuri sportive,2026-06-27 00:23:05,Sitelinks,200,13000,16000,2015-09-13,"Informational,Commercial,Non-branded,Local",Romanian,,,Sports betting
831,bet romania,ro,84,150,4.00,1.45,fortuna,2026-06-21 00:02:42,,300,229000,233000,2015-09-06,"Informational,Commercial,Transactional,Branded,Local",English,"160, 128, 159, 198, 179, 179, 193, 188, 169, 176, 151, 160, 166, 153, 189, 163, 179, 180, 193, 188, 169, 177, 151, 160","166, 153, 189, 163, 179, 180, 193, 188, 169, 177, 151, 160",Bonds; Sports betting; Financial markets news; Sports
832,online casino bonuses,ro,78,150,8.00,,online casino bonus,2026-06-25 10:17:30,"Video preview,People also ask",10000,100,29000,2016-07-13,"Informational,Commercial,Transactional,Non-branded,Non-local",English,"66, 53, 56, 97, 41, 20, 43, 106, 60, 45, 81, 112, 75, 285, 246, 185, 105, 131, 111, 122, 102, 128, 98, 134",123,Gambling
833,super bet casino,ro,55,150,1.70,,superbet casino,2026-06-28 16:32:25,Sitelinks,800,18000,62000,2016-08-30,"Informational,Navigational,Commercial,Transactional,Branded,Non-local",English,"114, 107, 80, 115, 104, 97, 125, 83, 72, 54, 94, 141, 93, 88, 126, 99, 129, 115, 119, 137, 179, 163, 238, 298",233,Gambling
834,casa pariurlor,ro,22,150,1.80,1.03,casa pariurilor,2026-06-11 21:59:30,"Sitelinks,Local pack",150,334000,366000,2015-09-08,"Informational,Navigational,Branded,Local",Romanian,"167, 215, 168, 227, 285, 299, 334, 211, 129, 175, 193, 217, 245, 361, 250, 99, 74, 57, 84, 49, 53, 80, 81, 62",67,Sports betting
835,oferte casino rotiri gratuite,ro,71,150,3.00,,bonus fara depunere,2026-06-22 01:57:30,Sitelinks,150,130000,133000,2019-05-16,"Informational,Commercial,Transactional,Non-branded,Non-local",Romanian,"135, 208, 171, 316, 179, 178, 140, 184, 144, 358, 207, 172, 138, 249, 238, 123, 87, 99, 88, 131, 98, 105, 91, 89","98, 99, 94, 112, 93, 74, 70, 103, 70, 78, 65, 63, 73",Gambling
836,site-uri pariuri sportive,ro,77,150,8.00,,cele mai bune case de pariuri online,2026-06-04 06:13:22,Sitelinks,150,1600,1900,2015-09-29,"Informational,Commercial,Transactional,Non-branded,Non-local",Romanian,"27, 29, 18, 70, 46, 29, 29, 42, 33, 11, 11, 27, 61, 88, 94, 93, 150, 156, 175, 197, 121, 162, 105, 131",133,Sports betting; Sports
837,casa pariurilor oradea,ro,0,150,1.00,0.96,casa pariurilor,2026-06-03 04:52:29,"Sitelinks,Local pack",150,330000,362000,2015-09-05,"Branded,Local",Romanian,"142, 246, 242, 169, 232, 188, 197, 166, 108, 81, 60, 88, 58, 155, 132, 94, 92, 77, 147, 330, 232, 230, 214, 256",234,Sports betting; Business
838,cele mai bune case de pariuri,ro,67,150,6.00,1.4,agentii pariuri online,2026-06-19 22:15:36,,150,1600,1900,2015-10-17,"Informational,Commercial,Transactional,Non-branded,Non-local",Romanian,"71, 94, 44, 96, 73, 72, 92, 149, 150, 144, 118, 125, 98, 185, 208, 130, 148, 117, 145, 169, 160, 151, 148, 145","149, 158, 158, 154, 160, 162, 173, 189, 181, 172, 169, 166, 170",Sports betting
839,lasvegascasino,ro,55,150,0.45,,lasvegas,2026-05-28 12:56:29,"Sitelinks,Knowledge panel,Video preview",500,24000,26000,2020-08-20,"Informational,Commercial,Transactional,Branded,Non-local",,"269, 225, 284, 297, 224, 213, 155, 101, 66, 127, 140, 94, 76, 43, 80, 63, 99, 153, 167, 173, 150, 182, 214, 205",201,Gambling
840,betano bet,ro,79,150,2.50,1.05,betano.com,2026-06-24 10:59:40,"Bottom ads,Paid sitelinks",69000,3900,631000,2016-05-22,"Informational,Commercial,Branded,Non-local",Romanian,,,Sports betting
841,furtuna casa pariurilor,ro,48,150,0.80,,casa pariurilor,2026-06-19 01:35:04,,150,347000,380000,2015-10-13,"Informational,Commercial,Branded,Non-local",Romanian,"208, 223, 215, 146, 353, 259, 421, 345, 301, 748, 524, 570, 212, 264, 251, 170, 150, 98, 203, 99, 87, 76, 139, 91",103,Sports betting
842,casino online superbet,ro,56,150,0.70,,superbet casino,2026-06-27 02:44:42,Sitelinks,250,18000,62000,2019-03-25,"Navigational,Commercial,Transactional,Branded,Non-local",Romanian,"143, 145, 114, 273, 146, 176, 177, 163, 105, 144, 97, 119, 123, 246, 226, 58, 112, 202, 135, 156, 147, 124, 126, 118","111, 107, 101, 107, 98, 99, 115, 123, 110, 90, 91, 85, 79",Gambling
843,case pariuri sportive,ro,77,150,6.00,1.68,pariuri sportive,2026-06-06 20:38:06,"Sitelinks,Local pack",200,11000,11000,2015-09-19,"Informational,Commercial,Non-branded,Non-local",Romanian,"79, 56, 56, 76, 75, 58, 76, 79, 120, 216, 107, 108, 104, 226, 245, 151, 80, 80, 120, 111, 116, 128, 108, 109","110, 115, 117, 115, 131, 117, 120, 111, 116, 128, 109, 109, 110",Sports betting
844,fortuna bet romania,ro,39,150,0.10,1.01,fortuna,2026-06-08 05:45:17,Sitelinks,150,247000,253000,2015-09-14,"Informational,Navigational,Commercial,Branded,Non-local",English,"157, 192, 191, 189, 227, 275, 273, 161, 190, 283, 288, 201, 152, 200, 205, 63, 74, 60, 134, 141, 99, 189, 186, 117","88, 83, 90, 196, 170, 141, 110, 141, 99, 189, 186, 117, 88",Sports betting
845,casa pariurilor app,ro,31,150,3.50,,casa pariurilor apk,2026-05-30 03:01:49,,250,1700,1900,2015-09-19,"Informational,Navigational,Commercial,Transactional,Branded,Non-local",Romanian,"493, 412, 277, 754, 692, 893, 1328, 795, 113, 93, 94, 92, 330, 359, 177, 87, 89, 80, 96, 101, 93, 93, 128, 115","113, 104, 92, 97, 89, 81, 82, 87, 80, 80, 110",Sports betting
846,pariu fortuna,ro,55,150,0.70,,fortuna,2026-06-24 13:57:48,Sitelinks,150,213000,218000,2015-11-17,"Informational,Navigational,Commercial,Branded,Non-local",Romanian,,,Sports betting
847,pokerstarscasino,ro,49,150,0.70,,cazinouri online,2026-06-07 10:53:32,Sitelinks,2200,11000,12000,2018-10-15,"Informational,Navigational,Commercial,Transactional,Branded,Non-local",,"78, 80, 115, 884, 158, 167, 142, 143, 104, 72, 83, 139, 142, 393, 292, 171, 63, 69, 65, 78, 84, 70, 75, 69",73,Casino games
848,betwno,ro,46,150,2.00,,betano,2026-05-23 07:08:32,"Sitelinks,Video preview",3400,472000,477000,2016-10-27,"Informational,Navigational,Commercial,Branded,Non-local",Romanian,"158, 144, 139, 136, 130, 145, 177, 124, 165, 171, 165, 158, 127, 150, 118, 128, 117, 131, 171, 158, 142, 179, 151, 124",152,Sports betting
849,siperbet,ro,48,150,2.50,1.02,superbet,2026-06-20 23:06:08,Sitelinks,900,1580000,1680000,2015-09-10,"Navigational,Transactional,Branded,Non-local",,"123, 104, 104, 123, 143, 189, 148, 141, 132, 167, 139, 140, 120, 123, 130, 200, 214, 194, 221, 102, 87, 83, 289, 68","69, 313, 358, 363, 375, 361, 116, 75, 83, 84, 290, 69, 70",Sports betting
850,sport 888 live,ro,70,150,0.60,,888sport,2026-06-21 10:18:30,,20000,12000,13000,2022-11-19,"Informational,Navigational,Commercial,Transactional,Branded,Non-local",English,"29, 25, 15, 24, 66, 98, 50, 63, 16, 77, 105, 72, 80, 116, 113, 111, 199, 237, 119, 139, 190, 167, 199, 131",167,Sports betting; Sports
851,casinouri romania,ro,80,150,2.50,,casino online,2026-05-29 01:43:19,Knowledge panel,250,84000,88000,2015-10-23,"Informational,Commercial,Non-branded,Non-local",Romanian,"178, 182, 210, 214, 207, 207, 320, 135, 110, 139, 110, 121, 136, 161, 166, 153, 183, 160, 201, 157, 150, 167, 158, 168","169, 175, 178, 173, 181, 177, 204, 164, 157, 174, 165, 174, 176",Gambling
852,casa pariurilor ploiesti,ro,7,150,1.00,,casa pariurilor,2026-06-21 00:37:31,"Local pack,Sitelinks",150,347000,379000,2015-09-13,"Informational,Commercial,Transactional,Branded,Local",Romanian,"115, 49, 87, 124, 31, 110, 149, 85, 54, 188, 376, 471, 174, 187, 140, 192, 162, 104, 116, 56, 116, 123, 162, 121",136,Sports betting; Business
853,pariu box,ro,0,150,0.80,,pariuri box,2026-06-20 13:11:08,,150,60,70,2015-11-26,"Informational,Commercial,Branded,Non-local",Romanian,"39, 35, 31, 16, 47, 87, 65, 61, 57, 59, 57, 62, 56, 102, 113, 124, 160, 148, 197, 175, 138, 194, 177, 141",171,Shopping
854,bonus casino romania,ro,74,150,1.70,,bonus fara depunere,2026-06-16 19:51:58,,250,134000,137000,2015-09-14,"Informational,Commercial,Non-branded,Non-local",English,"51, 43, 84, 97, 146, 118, 112, 109, 124, 131, 141, 115, 131, 182, 182, 149, 151, 185, 170, 178, 172, 181, 187, 181","173, 181, 187, 181, 185, 182, 183, 190, 185, 194, 200, 194, 186",Gambling
855,oferte fortuna,ro,28,150,2.50,,fortuna,2026-06-20 05:31:29,Sitelinks,150,229000,233000,2015-09-17,"Informational,Commercial,Branded,Non-local",Romanian,,,Sports betting
856,bilet casa pariurilor,ro,21,150,0.60,0.91,casa pariurilor,2026-05-30 05:12:19,"Sitelinks,Video preview",200,329000,362000,2015-10-24,"Informational,Branded,Non-local",Romanian,,,Sports betting
857,betano de,ro,76,150,2.00,,beta o,2026-06-27 16:21:17,,8500,150,275000,2020-01-16,"Navigational,Transactional,Branded,Non-local",,"42, 98, 84, 72, 21, 24, 61, 57, 48, 42, 178, 73, 81, 78, 525, 123, 202, 103, 190, 237, 86, 178, 38, 144",121,Sports betting
858,efurtuna,ro,22,150,0.90,0.99,fortuna,2026-06-11 06:36:59,Sitelinks,150,248000,253000,2015-09-02,"Informational,Commercial,Branded,Non-local",Romanian,"81, 70, 78, 100, 99, 120, 163, 118, 100, 143, 113, 142, 114, 140, 127, 160, 199, 131, 162, 141, 159, 154, 137, 113","98, 107, 107, 109, 193, 175, 161, 141, 159, 153, 137, 113",Sports betting
859,pacanele gratis superbet,ro,54,150,0.35,,pacanele gratis,2026-06-06 04:29:59,,200,18000,19000,2018-11-19,"Informational,Commercial,Branded,Non-local",Romanian,"474, 263, 324, 485, 194, 222, 494, 494, 321, 326, 216, 320, 205, 176, 119, 171, 145, 146, 109, 151, 156, 143, 127, 160","138, 123, 118, 145, 123, 129, 150, 150, 156, 143, 127, 159, 138",Lottery
860,bilet pariuri,ro,76,150,0.60,1.5,biletul zilei,2026-06-05 15:50:01,Bottom ads,150,7800,8400,2015-09-02,"Informational,Commercial,Non-branded,Non-local",Romanian,"222, 210, 213, 222, 219, 209, 172, 201, 167, 205, 171, 124, 94, 111, 130, 162, 148, 133, 132, 138, 154, 148, 129, 113","113, 131, 131, 143, 140, 141, 130, 137, 153, 147, 128, 113, 113",Sports betting
861,casa pariurilor oferta fotbal azi,ro,24,150,0.30,1.23,casa pariurilor fotbal,2026-06-11 23:08:13,Sitelinks,200,2100,2300,2016-02-06,"Informational,Navigational,Commercial,Transactional,Branded,Non-local",Romanian,,,Sports betting
862,betano ro aplicatie,ro,53,150,1.80,,betano,2026-06-02 23:49:15,Video preview,250,23000,24000,2024-10-16,"Informational,Transactional,Branded,Non-local",Romanian,"0, 0, 0, 0, 1, 0, 2, 0, 0, 0, 0, 0, 0, 0, 0, 7, 63, 151, 200, 207, 409, 316, 273, 300",297,Sports betting; Add-ons
863,win2 bonus,ro,50,150,1.00,,rotiri gratuite fara depunere,2026-06-11 18:27:42,,200,31000,31000,2023-07-30,"Informational,Commercial,Branded,Non-local",English,"652, 811, 818, 335, 226, 225, 284, 190, 164, 196, 118, 99, 47, 95, 85, 128, 109, 93, 123, 159, 126, 166, 150, 252",190,Funds
864,cazinoul meu,ro,76,150,1.20,,superbet casino,2026-06-19 10:59:33,Sitelinks,150,15000,17000,2021-12-16,"Informational,Navigational,Non-branded,Non-local",Romanian,"140, 97, 116, 174, 130, 84, 133, 253, 113, 79, 118, 102, 120, 370, 455, 308, 76, 33, 59, 50, 37, 62, 71, 63",67,Gambling
865,fortuna pariuri sportive online,ro,13,150,0.50,1.02,fortuna,2026-06-08 17:47:29,Sitelinks,150,248000,254000,2015-10-17,"Navigational,Commercial,Transactional,Branded,Non-local",Romanian,"39, 5, 16, 22, 6, 6, 1, 7, 2, 9, 91, 89, 57, 147, 178, 133, 134, 154, 141, 193, 141, 183, 161, 82",142,Sports betting
866,aplicatia fortuna,ro,22,150,0.60,,fortuna,2026-06-08 06:33:47,Sitelinks,150,247000,253000,2019-01-15,"Informational,Navigational,Transactional,Non-branded,Non-local",Romanian,"12, 13, 44, 8, 10, 7, 31, 56, 31, 29, 22, 10, 3, 128, 286, 290, 240, 105, 128, 108, 89, 82, 109, 71",88,Add-ons
867,cazinouri online internationale,ro,58,150,0.70,,cazinouri online straine,2026-06-02 23:37:33,Sitelinks,400,200,200,2020-05-28,"Informational,Commercial,Non-branded,Non-local",Romanian,"51, 90, 93, 53, 76, 31, 33, 42, 50, 69, 88, 69, 32, 134, 195, 145, 242, 238, 175, 191, 165, 158, 138, 121","100, 113, 98, 99, 98, 69, 57, 66, 63, 56, 51",Gambling
868,casa pariurile,ro,22,150,1.80,1.04,casa pariurilor,2026-06-07 21:50:29,Sitelinks,150,330000,362000,2015-10-09,"Informational,Navigational,Branded,Non-local",Romanian,"147, 92, 120, 129, 145, 133, 171, 147, 139, 102, 132, 94, 68, 36, 57, 159, 150, 216, 273, 154, 98, 111, 102, 79",99,Sports betting
869,bonus fara depunere cazino,ro,74,150,6.00,,bonus fara depunere,2026-05-19 18:32:38,Sitelinks,200,141000,145000,2017-09-09,"Informational,Commercial,Non-branded,Non-local",Romanian,,,Gambling
870,agenti fortuna,ro,45,150,0.35,0.99,fortuna,2026-06-20 01:42:44,Sitelinks,150,229000,233000,2015-10-01,"Informational,Branded,Local",Romanian,"63, 76, 91, 61, 67, 95, 167, 211, 162, 124, 55, 42, 47, 188, 188, 166, 200, 164, 146, 123, 132, 105, 112, 115",112,Sports betting; Business
871,cazino las vegas,ro,69,150,0.60,,lasvegas,2026-05-29 06:38:00,"Sitelinks,Knowledge panel",150,24000,26000,2017-02-04,"Informational,Commercial,Transactional,Non-branded,Non-local",Romanian,"33, 17, 26, 28, 96, 85, 33, 30, 25, 18, 17, 22, 17, 29, 37, 114, 214, 107, 136, 156, 248, 126, 195, 200",175,Sports betting
872,betano aplicatie,ro,17,150,2.50,0.97,betano app,2026-06-28 18:12:55,,200,1000,1100,2016-10-21,"Informational,Transactional,Branded,Non-local",Romanian,"213, 143, 146, 220, 175, 151, 220, 181, 173, 176, 116, 117, 143, 153, 132, 135, 173, 142, 182, 154, 155, 156, 141, 169","221, 156, 138, 149, 156, 159, 166, 155, 156, 156, 142, 170, 222",Sports betting; Add-ons
873,casa pariurilor apk download,ro,28,150,1.20,,casa pariurilor apk,2026-05-23 14:12:42,,150,1700,1900,2017-03-09,"Informational,Transactional,Branded,Non-local",Romanian,"32, 26, 63, 50, 30, 34, 32, 21, 48, 28, 42, 54, 39, 104, 122, 91, 122, 91, 144, 175, 182, 218, 254, 217",231,Sports betting; Add-ons
874,păcănele online pe bani,ro,76,150,6.00,,pacanele gratis,2026-06-10 13:46:38,,150,30000,33000,2020-09-18,"Informational,Commercial,Transactional,Non-branded,Non-local",Romanian,"33, 30, 39, 34, 36, 34, 47, 50, 35, 49, 44, 44, 32, 113, 135, 152, 148, 158, 159, 147, 144, 223, 202, 163",196,Lottery
875,online las vegas casino,ro,76,150,5.00,,las vegas.ro,2026-06-18 17:05:38,,350,6700,7400,2020-01-11,"Informational,Commercial,Transactional,Non-branded,Non-local",English,"2, 3, 3, 44, 56, 23, 10, 94, 33, 21, 60, 120, 117, 372, 239, 105, 43, 42, 62, 90, 95, 101, 117, 110",110,Gambling
876,casa pariurilor rotiri gratuite fara depunere,ro,56,150,3.50,,bonus casino,2026-06-21 11:40:17,Sitelinks,150,3800,3900,2021-05-02,"Informational,Commercial,Transactional,Branded,Non-local",Romanian,"70, 62, 70, 320, 315, 176, 138, 150, 126, 102, 160, 187, 53, 253, 94, 88, 123, 94, 139, 176, 174, 154, 142, 84",130,Sports betting
877,poker star casino,ro,73,150,0.70,,casino online,2026-05-27 23:30:22,,5800,7900,8200,2020-03-08,"Informational,Commercial,Transactional,Branded,Non-local",English,"221, 191, 102, 855, 126, 175, 282, 266, 223, 210, 198, 216, 121, 198, 208, 213, 292, 255, 121, 137, 88, 76, 61, 53",64,Gambling
878,verificare cont casa pariurilor,ro,0,150,0.90,,scanare bilet casa pariurilor,2026-05-28 10:26:22,,200,200,200,2016-05-28,"Informational,Navigational,Branded,Non-local",Romanian,"31, 39, 33, 43, 39, 33, 36, 35, 34, 43, 36, 40, 37, 125, 127, 160, 175, 166, 266, 281, 214, 159, 194, 159",171,Sports betting
879,pariuri casa pariurilor,ro,33,150,0.80,,casa pariurilor,2026-05-25 10:50:25,Sitelinks,200,328000,361000,2016-11-30,"Informational,Navigational,Commercial,Transactional,Branded,Non-local",Romanian,,,Sports betting
880,casa pariurilor forum,ro,17,150,0.80,,casa pariurilor forum,2026-05-30 00:20:00,,150,70,70,2015-09-18,"Informational,Navigational,Branded,Non-local",Romanian,"0, 0, 0, 0, 0, 0, 0, 0, 86, 231, 83, 155, 193, 142, 170, 103, 132, 147, 123, 137, 218, 153, 194, 75",140,Sports betting; Communities
881,casino online cu rotiri gratuite fara depunere,ro,73,150,4.00,,rotiri gratuite fara depunere,2026-06-05 17:52:50,Bottom ads,150,168000,172000,2022-07-03,"Informational,Commercial,Non-branded,Non-local",Romanian,,,Gambling
882,cod promo casa pariurilor,ro,59,100,,,bonus casino,2026-06-27 13:42:21,Sitelinks,100,4600,4800,2018-02-08,"Informational,Commercial,Transactional,Branded,Non-local",Romanian,"87, 73, 71, 57, 64, 80, 79, 74, 54, 71, 71, 90, 57, 112, 99, 117, 104, 102, 117, 124, 130, 88, 87, 69",82,Sports betting
883,pariuri online superbet,ro,43,100,2.50,,superbet,2026-06-27 04:21:15,Sitelinks,150,1580000,1630000,2015-10-22,"Navigational,Commercial,Transactional,Branded,Non-local",Romanian,"33, 29, 33, 30, 31, 32, 31, 54, 60, 56, 39, 60, 45, 93, 92, 114, 95, 128, 139, 159, 129, 81, 76, 97",86,Sports betting
884,winner aplicatie,ro,28,100,1.50,,winner,2026-06-17 11:20:13,Sitelinks,150,65000,66000,2019-03-16,"Informational,Commercial,Transactional,Branded,Non-local",Romanian,"24, 24, 39, 30, 108, 35, 31, 42, 34, 26, 42, 126, 31, 157, 111, 155, 149, 180, 185, 133, 119, 74, 88, 75",80,Sports betting; Add-ons
885,casa pariurilor scanare bilet,ro,36,100,0.70,,verificare bilet casa pariurilor,2026-05-23 20:59:39,Video preview,100,12000,12000,2016-06-29,"Informational,Navigational,Branded,Non-local",Romanian,,,Sports betting
886,casa parilor,ro,18,100,0.20,1.05,casa pariurilor,2026-06-07 07:37:55,"Sitelinks,Local pack",100,330000,362000,2015-09-28,"Informational,Commercial,Branded,Non-local",Romanian,"123, 76, 122, 154, 80, 88, 108, 102, 58, 112, 97, 79, 67, 72, 61, 69, 110, 85, 130, 150, 125, 64, 112, 134",104,Sports betting
887,jocuri slots,ro,79,100,0.70,1.61,jocuri casino online gratis,2026-06-21 11:01:49,,150,2500,2600,2015-11-21,"Informational,Commercial,Non-branded,Non-local",Romanian,,,Gambling
888,program casa pariurilor azi,ro,0,100,0.30,,program casa pariurilor azi,2026-06-09 19:14:31,,100,20,20,2017-02-02,"Informational,Branded,Non-local",Romanian,"30, 19, 44, 31, 33, 30, 280, 111, 16, 18, 149, 34, 41, 27, 29, 13, 15, 26, 261, 247, 36, 32, 273, 130",146,Gambling
889,ifortuna,ro,75,100,1.20,0.64,fortuna casino,2026-05-23 23:37:15,Sitelinks,127000,500,336000,2015-09-17,"Informational,Navigational,Commercial,Transactional,Branded,Non-local",,"82, 108, 131, 56, 85, 110, 135, 201, 355, 328, 229, 188, 221, 130, 131, 71, 36, 81, 111, 103, 123, 102, 83, 77","95, 117, 102, 122, 121, 86, 105, 98, 117, 97, 79, 73, 90",Sports betting
890,bonusuri cazinouri,ro,73,100,0.50,,bonus fara depunere,2026-06-27 15:44:48,,150,128000,131000,2021-12-26,"Informational,Commercial,Transactional,Non-branded,Non-local",Romanian,"15, 3, 13, 19, 15, 17, 22, 65, 31, 21, 58, 58, 58, 377, 449, 313, 74, 42, 19, 32, 18, 27, 28, 31",30,Gambling
891,superbett,ro,33,100,1.10,0.83,superbet,2026-05-30 11:08:56,"Sitelinks,Video preview",450,1610000,1760000,2015-10-11,"Informational,Navigational,Commercial,Transactional,Branded,Non-local",,"72, 125, 107, 130, 89, 102, 128, 136, 109, 174, 111, 111, 75, 83, 84, 123, 96, 105, 134, 128, 127, 123, 139, 114",126,Sports betting; Sports
892,casapariuri,ro,34,100,2.00,1.02,casa pariurilor,2026-06-08 12:21:47,Sitelinks,200,330000,362000,2015-09-29,"Informational,Navigational,Commercial,Branded,Non-local",Romanian,,,Sports betting
893,cod bonus casa pariurilor,ro,51,100,0.90,,bonus casino,2026-06-01 04:49:11,,150,2500,2600,2016-04-21,"Informational,Commercial,Transactional,Branded,Non-local",Romanian,"52, 64, 75, 71, 83, 68, 92, 86, 67, 75, 72, 66, 45, 91, 88, 119, 137, 151, 164, 145, 122, 106, 71, 67",83,Sports betting
894,superbet game,ro,66,100,1.70,,pacanele gratis,2026-06-17 11:44:53,,450,9200,10000,2019-10-13,"Informational,Navigational,Transactional,Branded,Non-local",English,"126, 153, 183, 113, 118, 68, 91, 112, 55, 46, 81, 64, 66, 84, 80, 64, 151, 87, 114, 221, 233, 110, 89, 68",90,Lottery
895,www.casapariurilor,ro,0,100,1.00,1.36,casa pariurilor,2026-06-14 17:08:23,Sitelinks,100,346000,378000,2015-09-03,"Navigational,Transactional,Branded,Non-local",,"229, 150, 140, 137, 208, 166, 176, 306, 199, 270, 382, 324, 108, 272, 310, 212, 142, 77, 67, 76, 67, 16, 28, 14",20,Sports betting
896,m casa pariurilor,ro,22,100,0.80,,casa pariurilor,2026-06-16 06:38:31,Sitelinks,150,347000,379000,2015-11-11,"Navigational,Transactional,Branded,Non-local",Romanian,"46, 33, 44, 39, 40, 50, 56, 138, 85, 129, 186, 133, 82, 136, 109, 142, 109, 127, 143, 130, 96, 98, 95, 75",90,Sports betting; Sports
897,cont pariuri sportive,ro,78,100,10.00,,casa pariurilor,2026-06-27 12:09:30,,200,347000,379000,2016-02-20,"Informational,Commercial,Transactional,Non-branded,Non-local",Romanian,"55, 37, 46, 111, 49, 28, 45, 123, 69, 67, 86, 72, 60, 82, 95, 95, 100, 89, 93, 136, 131, 123, 93, 83",101,Sports betting; Sports
898,jocuri noroc online,ro,82,100,1.60,,casino online romania,2026-06-12 14:45:33,Sitelinks,150,59000,64000,2015-09-13,"Informational,Commercial,Transactional,Non-branded,Non-local",Romanian,"60, 39, 42, 39, 33, 51, 69, 63, 54, 58, 83, 55, 65, 119, 139, 86, 79, 87, 88, 142, 140, 144, 158, 187",163,Lottery
899,casa pariulor,ro,22,100,,0.99,casa pariurilor,2026-05-30 12:07:32,"Sitelinks,Local pack",100,329000,362000,2015-09-10,"Informational,Commercial,Transactional,Branded,Local",Romanian,"76, 65, 90, 96, 86, 86, 142, 125, 64, 111, 105, 120, 90, 120, 85, 81, 109, 89, 73, 87, 109, 127, 149, 118",132,Sports betting; Business
900,joc pe bani,ro,73,100,0.10,,bani gratis,2026-05-28 15:49:17,,100,2500,2600,2016-06-12,"Informational,Commercial,Transactional,Non-branded,Non-local",Romanian,"4, 6, 8, 20, 5, 5, 12, 52, 25, 21, 56, 58, 50, 342, 450, 261, 12, 24, 5, 0, 0, 2, 13, 10",9,Lottery; Sensitive
901,casa pariurilor fortuna,ro,36,100,0.60,,e fortuna,2026-06-14 17:28:01,,100,11000,11000,2015-09-15,"Informational,Navigational,Commercial,Transactional,Branded,Non-local",Romanian,"279, 241, 204, 218, 222, 122, 63, 63, 91, 114, 69, 75, 29, 144, 148, 169, 182, 113, 155, 97, 76, 82, 91, 86",87,Sports betting
902,casa pariur,ro,33,100,0.60,1,casa pariurilor,2026-05-27 12:38:13,Sitelinks,100,328000,360000,2015-09-03,"Informational,Commercial,Branded,Non-local",Romanian,,,Sports betting
903,beatno,ro,48,100,1.60,,betano,2026-06-01 18:38:29,Sitelinks,1200,471000,476000,2016-06-20,"Navigational,Commercial,Transactional,Branded,Non-local",,"124, 97, 70, 76, 107, 114, 143, 135, 109, 130, 92, 135, 56, 102, 85, 82, 78, 97, 125, 168, 146, 101, 81, 88",91,Sports betting; Sports
904,agentie betano,ro,42,100,1.50,,betano,2026-06-19 17:36:54,Sitelinks,150,467000,471000,2018-08-08,"Informational,Commercial,Branded,Non-local",Romanian,,,Sports betting
905,betano casino login,ro,69,100,,,betano casino,2026-06-11 03:38:19,Sitelinks,2500,26000,27000,2020-01-10,"Navigational,Branded,Non-local",English,,,Gambling
906,bonus online casino,ro,80,100,,,casino online,2026-05-26 17:52:20,,3800,79000,83000,2020-01-17,"Informational,Commercial,Transactional,Non-branded,Non-local",English,"16, 20, 10, 68, 15, 13, 22, 94, 32, 30, 79, 120, 118, 269, 151, 87, 43, 60, 91, 113, 63, 48, 79, 47",59,Gambling
907,cazinouri noi in romania,ro,77,100,2.50,,cazinouri online,2026-06-10 19:20:11,,150,34000,35000,2021-07-02,"Informational,Commercial,Non-branded,Non-local",Romanian,"22, 38, 65, 42, 43, 68, 69, 85, 35, 40, 37, 56, 49, 126, 139, 299, 122, 110, 99, 123, 80, 54, 70, 133",87,Gambling; Company news
908,cazino sau casino,ro,55,100,1.00,,cazinou,2026-06-10 13:49:09,Sitelinks,100,200,200,2016-01-13,"Informational,Non-branded,Non-local",Romanian,"47, 37, 63, 48, 45, 46, 59, 65, 36, 77, 68, 72, 46, 140, 142, 117, 145, 130, 129, 134, 104, 137, 59, 48",72,Foreign language
909,betano casino bonus,ro,61,100,1.30,,betano casino,2026-06-10 21:44:53,,1500,26000,27000,2019-01-26,"Informational,Commercial,Branded,Non-local",English,"95, 74, 186, 101, 96, 48, 80, 128, 124, 114, 67, 70, 70, 90, 54, 176, 110, 113, 136, 151, 138, 125, 109, 100","102, 105, 105, 104, 112, 123, 150, 162, 149, 136, 120, 111, 112",Sports betting
910,pacanele online bonus fara depunere,ro,71,100,2.50,,bonus fara depunere,2026-06-23 12:15:14,"Top ads,Paid sitelinks,Bottom ads",100,128000,131000,2021-07-03,"Informational,Commercial,Transactional,Non-branded,Non-local",Romanian,"17, 14, 30, 27, 6, 53, 26, 112, 21, 24, 30, 32, 14, 45, 56, 66, 92, 103, 121, 96, 167, 288, 130, 86",170,Lottery
911,poker online casino,ro,85,100,4.50,,pokerstars,2026-05-28 09:03:59,,2600,11000,11000,2020-01-10,"Informational,Commercial,Transactional,Non-branded,Non-local",English,,,Casino games
912,aparate superbet,ro,24,100,0.50,,superbet casino,2026-06-21 09:59:49,Sitelinks,150,18000,20000,2017-07-01,"Informational,Navigational,Transactional,Branded,Non-local",Romanian,"110, 75, 96, 163, 95, 79, 194, 230, 74, 69, 83, 54, 33, 74, 66, 135, 80, 35, 51, 100, 108, 173, 180, 175",177,Lottery
913,sloturi gratuite fara depunere,ro,71,100,1.60,,rotiri gratuite fara depunere,2026-06-02 01:44:55,,100,168000,172000,2022-01-02,"Informational,Commercial,Non-branded,Non-local",Romanian,,,Gambling
914,fortuna aplicatie,ro,22,100,2.50,0.88,fortuna,2026-06-07 15:02:28,Sitelinks,150,247000,253000,2016-05-08,"Informational,Commercial,Branded,Non-local",Romanian,"77, 126, 229, 125, 224, 95, 172, 62, 93, 150, 185, 126, 92, 120, 125, 103, 107, 104, 142, 102, 101, 108, 93, 91","81, 81, 90, 125, 130, 122, 127, 101, 100, 106, 92, 90",Sports betting
915,casa pari,ro,55,100,1.70,1.1,casa pariurilor,2026-05-22 02:07:35,"Sitelinks,Local pack",150,327000,359000,2015-09-03,"Navigational,Transactional,Branded,Local",Romanian,"132, 131, 129, 109, 82, 67, 85, 71, 103, 375, 87, 86, 104, 89, 165, 113, 201, 69, 136, 146, 119, 152, 96, 74","69, 76, 68, 55, 59, 79, 111, 107, 96, 118, 72, 44, 45",Sports betting
916,aparate online romania,ro,83,100,0.70,,casino online romania,2026-05-23 16:00:54,,150,83000,88000,2021-03-05,"Informational,Commercial,Non-branded,Non-local",Romanian,,,Gambling
917,betanl,ro,48,100,1.60,,betano,2026-06-18 15:40:29,Sitelinks,8200,467000,471000,2017-10-10,"Informational,Navigational,Commercial,Transactional,Branded,Non-local",,"124, 103, 107, 116, 112, 115, 141, 130, 113, 127, 110, 130, 96, 99, 73, 91, 88, 84, 124, 108, 119, 114, 112, 105","113, 99, 81, 94, 107, 114, 117, 113, 124, 119, 117, 110, 118",Sports betting
918,casa pariurilor 321 rotiri gratuite,ro,58,100,0.90,,casa pariurilor,2026-06-14 12:34:06,,100,346000,378000,2022-07-29,"Navigational,Commercial,Transactional,Branded,Non-local",Romanian,"196, 157, 155, 178, 166, 228, 196, 174, 95, 156, 128, 208, 94, 276, 256, 176, 69, 43, 69, 71, 43, 45, 72, 54",58,Sports betting
919,fortuba,ro,1,100,,0.9,fortuna,2026-06-19 10:55:19,Sitelinks,700,229000,234000,2015-11-09,"Navigational,Transactional,Branded,Non-local",,"107, 98, 80, 111, 110, 95, 110, 86, 116, 128, 129, 133, 99, 113, 98, 142, 158, 82, 145, 126, 118, 141, 123, 106",124,Lottery; Sports betting
920,jocuri cu slot,ro,77,100,,,jocuri casino online gratis,2026-06-21 04:47:44,,150,2500,2600,2016-03-10,"Informational,Commercial,Transactional,Non-branded,Non-local",Romanian,"22, 31, 37, 15, 52, 60, 34, 44, 58, 59, 58, 58, 48, 115, 126, 126, 140, 173, 173, 180, 66, 60, 110, 135",103,Lottery
921,fortun,ro,0,100,3.00,0.41,fortuna,2026-06-16 11:52:22,Sitelinks,7100,254000,259000,2015-09-17,"Informational,Commercial,Branded,Non-local",Romanian,"129, 103, 89, 110, 128, 153, 114, 109, 105, 150, 128, 156, 102, 106, 112, 112, 107, 88, 94, 85, 88, 92, 81, 82","70, 75, 82, 102, 100, 95, 89, 82, 85, 90, 80, 81",Lottery; Sports betting
922,aplicatie fortuna casino,ro,31,100,1.00,,fortuna casino,2026-05-20 14:49:56,Sitelinks,150,34000,37000,2021-11-02,"Informational,Transactional,Branded,Non-local",Romanian,"5, 59, 88, 70, 23, 15, 26, 32, 18, 81, 27, 23, 16, 37, 85, 73, 73, 83, 132, 117, 308, 106, 99, 102",103,Sports betting; Add-ons
923,jocuri casino demo,ro,76,100,1.60,,pacanele gratis,2026-06-15 15:50:46,,100,41000,43000,2019-03-31,"Informational,Commercial,Non-branded,Non-local",Romanian,"17, 26, 52, 36, 24, 27, 27, 52, 52, 82, 66, 49, 30, 84, 123, 80, 109, 100, 108, 190, 89, 137, 133, 93",121,Lottery
924,winner pariuri sportive oferta,ro,46,100,0.90,,winner,2026-06-02 04:45:16,,100,68000,69000,2015-09-20,"Informational,Commercial,Branded,Non-local",Romanian,"3, 3, 4, 0, 14, 61, 37, 33, 3, 32, 46, 46, 37, 135, 137, 116, 104, 152, 56, 57, 95, 90, 103, 109",102,Sports betting
925,promoti cazino,ro,73,100,2.00,,bonus fara depunere,2026-06-20 14:32:43,,100,131000,134000,2018-06-19,"Informational,Commercial,Transactional,Non-branded,Non-local",Romanian,"15, 36, 62, 60, 48, 95, 157, 154, 85, 117, 31, 21, 12, 24, 17, 82, 158, 137, 108, 127, 138, 125, 110, 118",119,Gambling
926,casa pariurilor cod promotional,ro,61,100,1.70,,bonus casino,2026-06-24 08:01:47,,150,4600,4700,2018-05-17,"Informational,Commercial,Transactional,Branded,Non-local",Romanian,"74, 77, 60, 78, 105, 102, 87, 62, 53, 74, 62, 78, 55, 99, 89, 103, 149, 154, 135, 147, 114, 106, 106, 117",110,Sports betting
927,www casa pariurilor oferta,ro,29,100,0.60,,casa pariurilor,2026-05-24 04:24:37,Sitelinks,100,328000,360000,2015-09-11,"Informational,Navigational,Commercial,Branded,Non-local",Romanian,"363, 281, 208, 373, 271, 226, 182, 150, 201, 128, 167, 248, 134, 144, 194, 117, 98, 113, 123, 80, 62, 56, 60, 54",58,Sports betting
928,pariu fotbal,ro,61,100,2.00,,superbet oferta,2026-05-24 10:22:32,,100,41000,42000,2016-02-10,"Informational,Commercial,Transactional,Non-branded,Non-local",Romanian,"142, 149, 106, 47, 85, 113, 33, 64, 113, 74, 76, 90, 16, 98, 125, 79, 111, 135, 67, 105, 185, 179, 126, 143",150,Sports betting; Soccer
929,www fortuna,ro,64,100,0.10,1.02,efortuna,2026-06-24 16:37:52,,800,44000,44000,2015-09-17,"Informational,Navigational,Branded,Non-local",Romanian,"95, 116, 94, 121, 93, 130, 106, 135, 135, 137, 140, 127, 92, 113, 91, 117, 90, 126, 103, 132, 131, 133, 136, 124","90, 110, 89, 115, 89, 124, 101, 129, 129, 131, 134",Lottery; Sports betting
930,casino with bonus,ro,80,100,4.50,,bonus casino,2026-05-27 02:04:55,Top ads,2300,6400,6500,2020-02-28,"Informational,Commercial,Transactional,Non-branded,Non-local",English,"7, 21, 8, 58, 9, 7, 20, 106, 66, 58, 235, 183, 135, 336, 282, 111, 43, 49, 43, 57, 51, 59, 59, 42",54,Gambling
931,casa pariurilor casino apk,ro,35,100,1.40,,casa pariurilor casino,2026-06-03 20:51:32,,100,39000,42000,2018-06-18,"Informational,Transactional,Branded,Non-local",Romanian,"29, 25, 42, 39, 42, 21, 17, 4, 12, 8, 7, 6, 1, 74, 65, 68, 93, 76, 151, 155, 80, 108, 143, 129",127,Sports betting; Add-ons
932,joc de cazino,ro,82,100,3.50,,casa pariurilor casino,2026-06-11 15:20:28,,100,36000,39000,2015-09-17,"Informational,Commercial,Transactional,Non-branded,Non-local",Romanian,"1, 7, 2, 7, 0, 7, 3, 3, 3, 5, 3, 2, 3, 79, 88, 96, 97, 101, 141, 205, 127, 99, 111, 106",106,Gambling
933,casino online games,ro,88,100,3.00,,online gambling,2026-05-26 04:05:55,,24000,500,43000,2015-09-23,"Informational,Non-branded,Non-local",English,"34, 36, 29, 24, 23, 29, 38, 15, 12, 23, 16, 20, 27, 98, 120, 96, 121, 125, 121, 145, 92, 104, 72, 34",71,Gambling
934,casa pariurilor inregistrare,ro,30,100,2.50,,creare cont casa pariurilor,2026-05-22 07:08:46,,100,200,250,2015-09-26,"Informational,Navigational,Commercial,Transactional,Branded,Non-local",Romanian,,,Sports betting
935,las vegas casino online romania,ro,59,100,1.20,,lasvegas,2026-06-16 09:50:57,"Sitelinks,Video preview",200,25000,29000,2021-04-07,"Informational,Commercial,Transactional,Non-branded,Non-local",English,"51, 67, 60, 77, 83, 32, 57, 77, 22, 8, 40, 114, 83, 90, 71, 26, 66, 146, 128, 81, 75, 72, 116, 238",143,Lottery
936,verificare bilete fotbal,ro,38,100,0.60,,verificare bilet superbet,2026-05-27 03:14:12,Video preview,150,69000,70000,2017-04-21,"Informational,Transactional,Non-branded,Non-local",Romanian,"468, 466, 391, 389, 394, 335, 394, 319, 312, 484, 325, 211, 111, 120, 104, 81, 76, 61, 105, 151, 241, 158, 102, 79","76, 131, 84, 79, 112, 78, 110, 158, 254, 166, 107, 83, 80",Sports betting; Soccer
937,casa pariurilor rezultate loto,ro,46,100,0.60,1.41,loto online,2026-06-24 19:21:57,Sitelinks,150,4700,4800,2015-09-01,"Informational,Branded,Non-local",Romanian,"96, 105, 123, 117, 135, 132, 122, 125, 135, 138, 110, 90, 92, 101, 119, 113, 131, 128, 118, 121, 131, 134, 107, 88","90, 98, 116, 110, 128, 126, 116, 119, 128, 132, 105, 86, 88",Lottery
938,agentii.efortuna,ro,22,100,0.01,1,e fortuna,2026-06-14 22:42:32,,150,11000,11000,2015-09-18,"Navigational,Branded,Non-local",Romanian,"185, 180, 227, 163, 194, 159, 163, 124, 136, 190, 180, 166, 60, 85, 115, 127, 73, 75, 98, 95, 185, 121, 107, 94","79, 83, 93, 86, 84, 112, 86, 91, 178, 118, 104, 92, 78",Sports betting
939,bonusuri casa pariurilor,ro,32,100,2.00,,bonus casino,2026-06-07 19:30:00,Sitelinks,100,3400,3500,2016-03-24,"Informational,Commercial,Branded,Non-local",Romanian,"70, 53, 58, 60, 67, 63, 64, 65, 53, 69, 94, 89, 47, 99, 99, 129, 122, 162, 123, 118, 139, 110, 77, 31",74,Sports betting
940,free spins romania,ro,65,100,4.00,,bonus fara depunere,2026-06-20 00:17:01,,100,131000,134000,2017-01-08,"Informational,Commercial,Transactional,Non-branded,Non-local",English,"28, 16, 10, 8, 5, 31, 15, 30, 39, 35, 31, 73, 110, 134, 101, 67, 81, 94, 120, 141, 94, 67, 97, 106",92,Lottery
941,casino top 10,ro,62,100,11.00,,cazinouri online,2026-05-30 03:53:44,"Video preview,People also ask",2300,27000,28000,2020-01-11,"Informational,Commercial,Non-branded,Non-local",English,"9, 20, 8, 60, 8, 13, 19, 89, 27, 30, 106, 122, 131, 375, 426, 177, 7, 9, 11, 21, 14, 12, 48, 118",54,Gambling; Business
942,suprrbet,ro,48,100,,,superbet,2026-06-21 22:23:04,Sitelinks,300,1570000,1670000,2015-09-01,"Informational,Navigational,Commercial,Transactional,Branded,Non-local",,"88, 89, 82, 87, 91, 102, 92, 97, 77, 114, 73, 111, 102, 103, 99, 120, 81, 82, 123, 109, 140, 134, 121, 129",128,Sports betting; Sports
943,superbet cazinoul meu,ro,24,100,1.20,,casino online romania,2026-05-23 18:27:37,"Sitelinks,Video preview",150,15000,18000,2022-01-12,"Informational,Navigational,Commercial,Transactional,Branded,Non-local",Romanian,"307, 206, 159, 185, 127, 288, 221, 202, 188, 142, 95, 78, 119, 170, 228, 59, 56, 49, 91, 73, 116, 76, 176, 167",141,Gambling
944,casino free spins fara depunere,ro,69,100,5.00,,rotiri gratuite fara depunere,2026-06-07 15:44:50,,150,168000,172000,2020-02-17,"Informational,Commercial,Non-branded,Non-local",Romanian,"28, 42, 45, 36, 38, 18, 6, 20, 44, 42, 35, 38, 27, 96, 79, 86, 93, 135, 143, 144, 147, 180, 135, 165",161,Gambling
945,poker stars casino,ro,71,100,0.70,,casino online,2026-06-20 03:22:32,Sitelinks,1500,16000,17000,2018-02-03,"Informational,Navigational,Commercial,Transactional,Branded,Non-local",English,"52, 89, 87, 848, 105, 148, 112, 117, 67, 49, 107, 158, 129, 341, 227, 150, 29, 27, 21, 29, 31, 20, 40, 89",51,Gambling
946,pariuri sportive casa pariurilor,ro,34,100,1.90,1.12,casa pariurilor,2026-06-02 01:57:45,Sitelinks,200,329000,362000,2015-09-04,"Informational,Navigational,Commercial,Transactional,Branded,Non-local",Romanian,"53, 38, 31, 23, 64, 51, 51, 64, 74, 48, 131, 299, 198, 124, 169, 144, 62, 65, 52, 67, 68, 94, 59, 118","76, 60, 70, 90, 116, 113, 87, 130, 118, 96, 85, 117, 76",Sports betting; Sports
947,bwtano,ro,8,100,1.60,,betano,2026-05-28 11:15:50,Sitelinks,3500,471000,476000,2017-12-23,"Informational,Navigational,Commercial,Transactional,Branded,Non-local",,"104, 75, 92, 96, 119, 110, 128, 108, 119, 126, 100, 94, 70, 92, 77, 97, 89, 108, 134, 118, 123, 112, 86, 102",102,Sports betting; Sports
948,jocuri de noroc romania,ro,82,100,2.50,0.91,cazinouri online,2026-06-28 16:10:54,Sitelinks,250,68000,73000,2015-09-10,"Informational,Commercial,Non-branded,Non-local",Romanian,"71, 56, 33, 43, 80, 66, 47, 47, 64, 77, 64, 95, 81, 108, 96, 101, 80, 128, 167, 134, 135, 135, 136, 136","137, 137, 137, 138, 138, 139, 139, 139, 140, 140, 141",Gambling
949,fortuna bet pariuri sportive,ro,13,100,0.15,1.25,fortuna,2026-06-12 04:55:21,Sitelinks,200,243000,249000,2015-09-17,"Informational,Commercial,Branded,Non-local",Romanian,"718, 392, 585, 398, 489, 495, 721, 718, 573, 705, 594, 218, 92, 118, 107, 189, 100, 102, 154, 154, 135, 118, 106, 118","98, 108, 90, 128, 109, 104, 118, 135, 121, 108, 99, 111, 93",Sports betting
950,bonus superbet casino,ro,63,100,7.00,,club superbet,2026-06-22 07:14:35,,150,13000,14000,2020-01-10,"Informational,Commercial,Branded,Non-local",English,"11, 9, 13, 17, 20, 36, 28, 34, 21, 6, 19, 11, 9, 59, 62, 93, 78, 112, 167, 188, 119, 108, 91, 55",86,Gambling
951,betano logo,ro,9,100,0.30,,betano.com,2026-06-11 20:43:48,,5600,2500,320000,2017-05-04,"Informational,Branded,Non-local",English,,,Gambling
952,duperbet,ro,20,100,2.50,0.85,superbet,2026-06-16 11:53:41,"Sitelinks,Knowledge panel",1000,1550000,1620000,2015-09-01,"Informational,Navigational,Commercial,Transactional,Branded,Non-local",,"80, 68, 67, 91, 88, 88, 93, 94, 102, 90, 139, 175, 128, 133, 114, 134, 141, 97, 127, 131, 156, 102, 89, 72",92,Sports betting; Sports
953,casino bonus online,ro,81,100,3.50,,rotiri gratuite fara depunere,2026-06-06 22:51:23,,4900,168000,172000,2020-01-13,"Informational,Commercial,Transactional,Non-branded,Non-local",English,"90, 30, 88, 141, 193, 52, 53, 53, 37, 53, 60, 56, 65, 118, 222, 167, 160, 88, 99, 95, 102, 99, 103, 102","107, 93, 150, 127, 153, 43, 79, 77, 79, 88, 87, 88, 94",Gambling
954,casino online free spins,ro,77,100,6.00,,casino free spins,2026-05-21 05:49:18,Video preview,4000,1100,1100,2017-04-29,"Informational,Commercial,Transactional,Non-branded,Non-local",English,"30, 48, 68, 49, 64, 64, 74, 58, 69, 75, 63, 53, 38, 126, 129, 110, 135, 113, 127, 131, 101, 89, 64, 61",73,Gambling
955,fara depunere .ro,ro,72,100,2.50,,fara depunere.ro,2026-06-10 17:36:05,"Bottom ads,Paid sitelinks",100,500,500,2022-12-13,"Informational,Commercial,Branded,Non-local",Romanian,"115, 45, 48, 45, 60, 77, 90, 105, 82, 70, 54, 88, 200, 157, 139, 65, 72, 68, 88, 130, 98, 56, 30, 60",50,Gambling
956,verificare bilete casa pariurilor,ro,19,100,0.80,,verificare bilet casa pariurilor,2026-05-17 09:56:30,Video preview,100,13000,13000,2015-12-31,"Informational,Navigational,Branded,Non-local",Romanian,"124, 160, 170, 165, 149, 136, 162, 136, 68, 106, 89, 105, 102, 120, 105, 93, 82, 79, 90, 110, 96, 117, 54, 62","95, 124, 136, 184, 210, 138, 155, 176, 162, 182, 120, 128",Sports betting
957,e-fortuna,ro,12,100,,1.14,fortuna,2026-06-14 17:11:44,Sitelinks,200,253000,258000,2015-09-18,"Navigational,Transactional,Branded,Non-local",,"9, 8, 10, 12, 47, 25, 9, 9, 10, 18, 42, 57, 9, 67, 73, 63, 77, 72, 159, 180, 142, 169, 119, 145",145,Lottery; Sports betting
958,aplicatie betano,ro,43,100,3.50,1.15,betano app,2026-06-12 15:37:03,,150,1100,1200,2016-11-13,"Informational,Transactional,Branded,Non-local",Romanian,"577, 391, 400, 934, 685, 1013, 1026, 709, 64, 83, 66, 65, 62, 105, 98, 97, 121, 104, 111, 101, 86, 85, 91, 88","101, 77, 70, 87, 82, 93, 89, 81, 69, 68, 72, 69, 79",Sports betting; Add-ons
959,www efortuna,ro,55,100,0.50,0.98,fortuna,2026-05-24 07:20:16,Sitelinks,300,262000,266000,2015-09-20,"Navigational,Branded,Non-local",,"11, 5, 19, 16, 9, 28, 14, 25, 80, 29, 119, 19, 5, 48, 140, 151, 153, 120, 94, 154, 95, 136, 134, 105",125,Development
960,pariloto,ro,22,100,2.50,1.08,pariloto,2026-06-03 19:19:02,Image pack,300,100,150,2015-09-01,"Informational,Commercial,Branded,Non-local",Romanian,"68, 63, 75, 122, 131, 124, 116, 106, 118, 112, 78, 67, 68, 63, 75, 122, 131, 124, 116, 106, 118, 112, 78, 67","68, 63, 75, 122, 131, 124, 116, 106, 118, 112, 78, 67, 68",Sports betting; Sports
961,fortuna bet.ro,ro,38,100,0.45,1.12,fortuna,2026-06-26 23:13:36,Sitelinks,100,213000,218000,2015-09-15,"Informational,Navigational,Commercial,Branded,Non-local",,"109, 118, 0, 50, 165, 191, 160, 150, 121, 145, 159, 256, 29, 68, 87, 113, 147, 90, 118, 111, 105, 78, 116, 122",106,Sports betting; Sports
962,contact fortuna,ro,30,100,2.00,,fortuna contact,2026-05-21 09:55:40,Local pack,100,150,150,2016-02-12,"Informational,Branded,Local",English,"93, 95, 99, 87, 81, 95, 113, 104, 99, 129, 115, 154, 92, 90, 98, 188, 114, 69, 99, 99, 107, 103, 85, 74","66, 73, 111, 102, 116, 101, 91, 98, 106, 102, 84, 73, 66",Sports betting; Business
963,oferte pariuri,ro,79,100,5.00,,pariuri bonus,2026-06-15 21:19:22,,150,1700,1800,2015-09-12,"Informational,Commercial,Non-branded,Non-local",Romanian,"53, 49, 43, 49, 65, 64, 77, 63, 49, 93, 94, 115, 91, 91, 81, 164, 154, 127, 148, 120, 138, 135, 117, 111","104, 108, 111, 141, 140, 148, 145, 121, 140, 137, 118, 112, 106",Sports betting
964,oferte cazinouri fara depunere,ro,75,100,,,rotiri gratuite fara depunere,2026-06-08 21:40:36,,100,168000,171000,2022-09-14,"Informational,Commercial,Non-branded,Non-local",Romanian,"55, 43, 41, 22, 70, 47, 115, 193, 106, 68, 48, 16, 18, 73, 96, 90, 133, 133, 165, 165, 137, 132, 66, 63",87,Gambling
965,casapariurilor bonus,ro,54,100,2.50,,casa pariurilor bonus de bun venit,2026-06-16 10:51:45,Sitelinks,150,1400,1400,2015-12-09,"Informational,Commercial,Branded,Non-local",Romanian,"37, 53, 39, 40, 45, 41, 44, 36, 36, 39, 61, 47, 41, 100, 88, 112, 112, 145, 141, 133, 112, 94, 111, 78",95,Sports betting
966,firtuna,ro,12,100,,0.71,fortuna,2026-06-07 01:22:40,Sitelinks,1200,247000,253000,2015-10-03,"Informational,Commercial,Branded,Non-local",Romanian,"110, 109, 94, 133, 106, 119, 113, 113, 97, 140, 106, 181, 104, 152, 105, 88, 133, 76, 104, 94, 77, 94, 104, 78",92,Lottery; Sports betting
967,jocuri cazinouri,ro,82,100,3.00,,casa pariurilor casino,2026-06-13 02:23:22,,150,37000,40000,2016-03-07,"Informational,Commercial,Transactional,Non-branded,Non-local",Romanian,"84, 91, 87, 90, 91, 166, 212, 307, 99, 101, 91, 95, 89, 114, 122, 125, 145, 131, 121, 142, 106, 114, 110, 113","109, 106, 105, 103, 105, 115, 130, 143, 106, 114, 110, 114, 109",Lottery
968,pariază,ro,52,100,1.30,0.19,casa pariurilor fotbal azi,2026-06-21 22:15:34,Video preview,200,1800,2000,2015-10-24,"Informational,Non-branded,Non-local",Romanian,"126, 127, 103, 127, 106, 104, 102, 130, 128, 126, 102, 125, 84, 113, 91, 91, 90, 93, 109, 136, 133, 134, 111, 112","104, 113, 119, 145, 144, 130, 121, 137, 144, 149, 137, 127, 120",Sports betting; Foreign language
969,pacanele betano,ro,69,100,2.50,,pacanele gratis,2026-06-08 03:36:18,Sitelinks,150,34000,35000,2019-09-26,"Informational,Navigational,Branded,Non-local",Romanian,"146, 229, 181, 122, 142, 129, 124, 95, 72, 74, 83, 67, 87, 108, 73, 111, 128, 55, 149, 195, 103, 96, 126, 72",98,Gambling
970,efortuna contact,ro,44,100,0.45,,efortuna contact,2026-06-23 06:34:13,Featured snippet,100,100,100,2015-12-01,"Informational,Branded,Local",Romanian,"60, 75, 83, 85, 82, 48, 30, 40, 42, 47, 54, 95, 45, 68, 94, 110, 131, 62, 164, 90, 99, 112, 84, 71",90,Sports betting; Business
971,casa pariurilor descarca,ro,28,100,1.30,,casa pariurilor apk,2026-06-21 07:54:56,,150,1800,2100,2019-05-12,"Informational,Transactional,Branded,Non-local",Romanian,"13, 17, 31, 19, 20, 25, 43, 61, 157, 35, 123, 110, 42, 104, 167, 102, 89, 80, 254, 158, 96, 76, 111, 107",99,Sports betting
972,site-uri casino,ro,80,100,7.00,,cazinouri online,2026-05-29 16:04:37,,100,89000,94000,2020-03-30,"Informational,Commercial,Transactional,Non-branded,Non-local",Romanian,"23, 32, 30, 68, 20, 56, 44, 61, 37, 79, 46, 90, 64, 100, 89, 81, 103, 110, 163, 199, 125, 75, 80, 83",80,Gambling
973,cazinouri online romania cu bonus fara depunere,ro,77,100,4.00,,rotiri gratuite fara depunere,2026-05-28 14:19:19,,100,184000,188000,2021-10-25,"Informational,Commercial,Transactional,Non-branded,Non-local",Romanian,"11, 17, 19, 5, 42, 88, 48, 49, 31, 62, 2, 35, 26, 93, 90, 117, 155, 102, 121, 70, 72, 87, 100, 143",111,Gambling
974,siteuri pariuri sportive,ro,77,100,8.00,,agentii pariuri online,2026-06-22 00:42:10,,200,1600,1900,2015-11-06,"Informational,Commercial,Non-branded,Non-local",Romanian,"31, 30, 27, 28, 18, 8, 18, 4, 23, 48, 28, 24, 30, 104, 102, 114, 128, 96, 92, 121, 116, 144, 122, 138",135,Sports betting; Sports
975,cazinouri jocuri gratis,ro,81,100,0.45,,jocuri casino online gratis,2026-06-20 17:29:55,Sitelinks,150,2500,2600,2020-01-12,"Informational,Non-branded,Non-local",Romanian,"28, 28, 40, 29, 27, 28, 39, 38, 39, 61, 77, 61, 50, 82, 86, 211, 155, 114, 115, 119, 125, 134, 130, 129","125, 128, 128, 136, 134, 120, 119, 122, 128, 137, 133, 132, 128",Lottery
976,agentii betano bucuresti,ro,28,100,1.70,,agentii betano bucuresti,2026-06-02 07:15:46,Knowledge panel,100,100,100,2020-01-10,"Informational,Branded,Local",Romanian,"79, 63, 77, 64, 67, 90, 102, 111, 117, 122, 122, 140, 85, 100, 105, 158, 154, 117, 137, 190, 109, 112, 78, 58",84,Sports betting; Business
977,fotbal pariuri sportive,ro,71,100,,,superbet oferta,2026-06-20 01:57:46,,150,56000,65000,2015-12-06,"Informational,Commercial,Transactional,Non-branded,Non-local",Romanian,"2, 2, 2, 1, 2, 9, 2, 2, 8, 10, 13, 85, 5, 64, 77, 67, 71, 133, 142, 201, 136, 168, 185, 205",187,Sports betting; Sports
978,download fortuna,ro,35,100,0.35,,fortuna casino,2026-06-21 21:48:01,,150,3300,3500,2018-04-27,"Transactional,Branded,Non-local",English,"42, 86, 48, 66, 209, 30, 24, 32, 19, 56, 45, 41, 13, 70, 76, 70, 67, 60, 90, 98, 68, 68, 517, 68",217,Sports betting; Add-ons
979,supwrbet,ro,65,100,0.70,1.02,superbet oferta,2026-06-21 09:30:42,,1200,57000,65000,2015-09-02,"Informational,Navigational,Commercial,Transactional,Branded,Non-local",,"108, 94, 100, 107, 96, 110, 116, 96, 94, 100, 101, 93, 83, 101, 92, 109, 100, 100, 134, 142, 143, 120, 106, 92","76, 63, 76, 88, 128, 95, 88, 124, 126, 124, 120, 92, 76",Sports betting; Sports
980,pariaza,ro,62,100,1.10,,casa pariurilor,2026-06-01 18:40:38,"Sitelinks,Video preview",100,329000,362000,2015-09-16,"Informational,Non-branded,Non-local",Romanian,"27, 24, 15, 13, 13, 12, 10, 21, 11, 13, 24, 15, 6, 148, 79, 71, 70, 93, 130, 201, 116, 109, 123, 135",124,Sports betting; Compulsive gambling; Ethics; Educational
981,casa pariurilor excelbet,ro,59,100,0.70,,excelbet,2026-06-12 15:10:41,,150,11000,12000,2018-01-12,"Informational,Navigational,Commercial,Transactional,Branded,Non-local",Romanian,"0, 4, 1, 1, 0, 24, 17, 7, 9, 9, 5, 17, 14, 95, 151, 65, 114, 100, 205, 220, 96, 110, 131, 133",125,Lottery; Sports betting
982,site uri pariuri,ro,76,100,10.00,,cele mai bune case de pariuri online,2026-06-10 06:38:40,Sitelinks,200,1600,1900,2016-12-18,"Informational,Commercial,Non-branded,Non-local",Romanian,"52, 42, 61, 81, 116, 113, 79, 79, 81, 80, 66, 85, 105, 180, 184, 131, 93, 71, 72, 72, 87, 78, 68, 75","67, 81, 80, 84, 89, 85, 84, 83, 97, 88, 79, 86",Sports betting
983,fortuna bet oferta,ro,53,100,0.09,1.07,fortuna,2026-06-26 17:32:00,Sitelinks,150,213000,218000,2015-09-16,"Informational,Commercial,Branded,Non-local",Romanian,"73, 69, 85, 170, 110, 122, 129, 99, 127, 119, 113, 79, 72, 68, 85, 170, 110, 121, 128, 99, 127, 119, 113, 78","72, 68, 85, 170, 110, 121, 128, 99, 127, 119, 113, 78, 72",Sports betting
984,real casino,ro,79,100,3.00,,real casino,2026-06-09 20:52:02,,6500,50,50,2017-02-21,"Informational,Commercial,Transactional,Non-branded,Non-local",English,"64, 71, 61, 65, 70, 47, 45, 65, 74, 139, 90, 79, 74, 338, 497, 293, 38, 14, 25, 58, 25, 38, 20, 23",25,Casino games; Gambling
985,winner site vechi,ro,50,100,0.35,,winner,2026-06-25 20:38:33,Sitelinks,100,69000,70000,2016-06-18,"Informational,Navigational,Branded,Non-local",Romanian,"72, 56, 27, 38, 239, 163, 79, 95, 150, 86, 72, 50, 61, 139, 146, 111, 120, 73, 88, 90, 102, 110, 133, 150",132,Development
986,casa pariurilor logare,ro,1,100,1.30,1.34,casa pariurilor,2026-05-27 13:00:18,Sitelinks,200,328000,360000,2015-09-21,"Navigational,Branded,Non-local",Romanian,,,Sports betting
987,aplicatii jocuri de noroc,ro,79,100,3.00,,netbet,2026-06-04 22:56:52,,150,177000,180000,2019-10-08,"Informational,Commercial,Transactional,Non-branded,Non-local",Romanian,"26, 58, 33, 59, 42, 42, 33, 44, 56, 55, 88, 83, 87, 103, 110, 108, 125, 96, 103, 104, 83, 95, 94, 72","74, 68, 51, 50, 64, 80, 59, 63, 48, 59, 60, 39, 43",Lottery; Add-ons
988,bonusuri cazino fara depunere,ro,76,100,3.50,,rotiri gratuite fara depunere,2026-06-11 13:10:53,,150,166000,169000,2020-09-20,"Informational,Commercial,Non-branded,Non-local",Romanian,"88, 87, 86, 109, 98, 125, 100, 126, 110, 108, 110, 106, 96, 96, 95, 118, 107, 133, 109, 134, 118, 117, 119, 115","105, 104, 104, 127, 115, 142, 117, 143, 127, 126, 127, 123, 113",Gambling
989,jocuri slot online,ro,79,100,9.00,1.36,pacanele gratis,2026-06-04 06:42:04,,200,30000,33000,2015-09-11,"Informational,Commercial,Transactional,Non-branded,Non-local",Romanian,"73, 57, 58, 43, 42, 33, 59, 60, 113, 136, 121, 103, 86, 210, 235, 204, 78, 58, 77, 85, 81, 97, 89, 85","78, 86, 92, 88, 77, 77, 88, 96, 92, 108, 100, 95, 88",Lottery
990,agentie de pariuri,ro,78,100,3.00,,casa pariurilor,2026-05-21 11:42:07,"Local pack,Sitelinks",100,327000,359000,2015-09-12,"Informational,Commercial,Transactional,Non-branded,Local",Romanian,"26, 16, 28, 21, 29, 24, 21, 28, 32, 25, 32, 30, 11, 86, 114, 95, 124, 98, 110, 102, 98, 199, 113, 100",138,Sports betting; Business
991,cazinouri romania bonus fara depunere,ro,76,100,3.00,,bonus fara depunere,2026-05-21 13:28:31,,100,138000,142000,2021-09-06,"Informational,Commercial,Non-branded,Non-local",Romanian,"15, 20, 44, 28, 36, 45, 50, 47, 54, 18, 8, 13, 12, 117, 108, 136, 139, 111, 83, 72, 108, 91, 90, 78",88,Gambling
992,casa pariurilor loto polonia,ro,34,100,0.30,1.4,loto polonia 20 din 80,2026-05-30 05:20:57,,150,7700,7900,2015-10-16,"Informational,Branded,Non-local",Romanian,,,Lottery
993,gaming casino online,ro,86,100,10.00,,gameworld,2026-05-21 20:37:21,,1600,23000,23000,2020-01-13,"Informational,Commercial,Transactional,Non-branded,Non-local",English,"1, 5, 5, 24, 9, 3, 10, 93, 49, 29, 55, 130, 120, 300, 169, 132, 135, 105, 114, 104, 96, 13, 14, 13",13,Lottery
994,cele mai bune site-uri de pariuri,ro,71,100,6.00,1.47,case pariuri online,2026-05-22 06:46:47,Sitelinks,150,1900,2300,2015-09-13,"Informational,Commercial,Non-branded,Non-local",Romanian,"39, 32, 32, 27, 33, 45, 28, 28, 13, 13, 13, 21, 4, 108, 121, 126, 115, 121, 133, 125, 104, 135, 121, 121",126,Sports betting; Sports
995,promotii betano,ro,29,100,2.00,,betano,2026-06-02 21:38:35,Sitelinks,200,471000,476000,2016-10-09,"Informational,Commercial,Branded,Non-local",Romanian,"199, 167, 113, 43, 69, 70, 52, 54, 104, 166, 107, 102, 89, 145, 92, 144, 118, 105, 136, 124, 113, 140, 138, 125","139, 124, 105, 111, 127, 121, 143, 131, 121, 148, 146, 133, 147",Sports betting
996,jocuri slot casino,ro,80,100,,,păcănele,2026-06-18 23:00:39,,150,6500,7000,2015-09-04,"Informational,Commercial,Transactional,Non-branded,Non-local",Romanian,"35, 48, 61, 68, 77, 66, 52, 40, 67, 94, 122, 121, 96, 105, 97, 207, 112, 77, 69, 69, 70, 91, 89, 87","77, 81, 81, 90, 84, 82, 74, 70, 71, 92, 90, 88, 78",Lottery
997,super bet demo,ro,41,100,0.60,,superbet casino,2026-06-24 09:31:06,Sitelinks,150,18000,62000,2020-10-06,"Informational,Branded,Non-local",English,"149, 89, 96, 104, 127, 117, 171, 140, 246, 293, 238, 239, 187, 169, 46, 89, 92, 95, 86, 82, 140, 137, 104, 89","68, 62, 98, 108, 97, 90, 83, 79, 137, 134, 103, 88, 67",Sports betting
998,casino app,ro,78,100,8.00,,slotomania,2026-06-04 23:05:31,,23000,800,25000,2020-01-09,"Informational,Commercial,Non-branded,Non-local",English,,,Casino games
999,joc slot,ro,74,100,0.70,,jocuri casino online gratis,2026-06-22 03:09:39,,150,2500,2600,2015-11-28,"Informational,Non-branded,Non-local",Romanian,"0, 4, 9, 15, 2, 22, 13, 4, 8, 4, 12, 9, 4, 99, 118, 128, 128, 98, 115, 293, 121, 73, 76, 56",70,Lottery
1000,jocuri demo casino,ro,73,100,0.70,,pacanele gratis,2026-06-17 04:46:38,,150,41000,42000,2021-12-16,"Informational,Non-branded,Non-local",Romanian,"102, 80, 104, 105, 102, 122, 101, 58, 23, 11, 110, 115, 103, 237, 267, 123, 95, 83, 90, 100, 91, 89, 96, 78","77, 96, 97, 91, 90, 81, 87, 97, 89, 87, 94, 76, 74",Lottery
1001,betano inregistrare,ro,22,100,3.00,,betano,2026-05-27 07:27:24,Sitelinks,150,470000,475000,2018-03-16,"Informational,Commercial,Transactional,Branded,Non-local",Romanian,"155, 83, 103, 103, 108, 111, 112, 92, 158, 124, 123, 102, 83, 99, 79, 88, 113, 100, 128, 107, 129, 95, 112, 125","114, 117, 88, 93, 91, 125, 129, 109, 132, 97, 114, 128, 116",Sports betting
1002,kasza,ro,26,100,,0.54,casa pariurilor,2026-06-01 11:22:33,"AI Overview,Thumbnail,Image pack",11000,329000,362000,2015-09-11,"Informational,Non-branded,Non-local",Polish,,,Pasta
1003,www.winner.ro verificare bilet,ro,57,100,0.70,,winner,2026-06-18 21:27:42,,100,65000,66000,2015-09-22,"Informational,Navigational,Branded,Non-local",Romanian,"3, 3, 2, 2, 2, 1, 10, 513, 12, 986, 1, 1, 1, 1, 1, 1, 1, 1, 1, 487, 1, 959, 1, 1","1, 1, 1, 1, 1, 1, 1, 465, 1, 936, 1, 1, 1",Sports betting
1004,cel mai bun casino online forum,ro,61,100,,,recenzii casino,2026-06-16 17:32:42,Sitelinks,100,300,300,2019-01-17,"Informational,Commercial,Non-branded,Non-local",Romanian,"154, 190, 267, 273, 224, 271, 348, 444, 279, 228, 67, 36, 28, 52, 72, 99, 112, 150, 153, 164, 36, 83, 124, 115",108,Gambling; Communities
1005,agentie pariuri sportive,ro,79,100,2.50,,pariuri sportive,2026-06-07 12:20:01,"Local pack,Sitelinks",100,11000,11000,2015-10-19,"Commercial,Transactional,Non-branded,Local",Romanian,"23, 36, 25, 21, 12, 26, 13, 17, 11, 16, 34, 15, 15, 86, 85, 78, 106, 92, 126, 148, 148, 181, 121, 110",139,Sports betting; Sports
1006,efortuna agentii,ro,8,100,0.03,1.02,fortuna,2026-06-12 04:41:21,Sitelinks,150,243000,249000,2015-09-16,"Informational,Commercial,Branded,Non-local",Romanian,"181, 150, 122, 154, 153, 122, 84, 84, 76, 116, 120, 95, 62, 73, 130, 117, 110, 189, 126, 96, 97, 89, 68, 51","41, 42, 39, 82, 41, 27, 14, 7, 6, 5, 5, 4, 3",Insurance
1007,betano agentii,ro,34,90,1.40,,agentii betano bucuresti,2026-06-27 07:48:42,,100,150,150,2016-08-31,"Informational,Branded,Non-local",Romanian,,,Gambling
1008,oferta casino,ro,75,90,5.00,,casa pariurilor bonus fara depunere,2026-06-12 04:13:10,,250,900,1000,2020-01-10,"Informational,Commercial,Non-branded,Non-local",Romanian,,,Gambling
1009,www efortuna ro pariuri sportive,ro,30,90,0.35,,fortuna,2026-06-24 09:38:28,Sitelinks,100,213000,218000,2016-02-06,"Navigational,Branded,Non-local",Romanian,,,Sports betting
1010,casino online las vegas,ro,86,90,1.50,,las vegas.ro,2026-05-22 13:35:28,Video preview,700,18000,21000,2020-02-09,"Informational,Commercial,Non-branded,Local",English,,,Casino games; Gambling
1011,casa cazinou,ro,17,90,1.00,,casa pariurilor casino,2026-05-23 16:22:31,"Sitelinks,Bottom ads,Paid sitelinks",100,39000,42000,2018-01-28,"Informational,Navigational,Transactional,Branded,Non-local",Romanian,"62, 51, 62, 96, 63, 78, 99, 72, 44, 113, 245, 238, 171, 174, 61, 60, 68, 50, 76, 64, 56, 61, 88, 101",84,Gambling
1012,biletul zilei casa pariurilor,ro,61,90,0.30,1.66,superbet biletul zilei,2026-06-10 17:35:11,,100,700,1000,2015-09-26,"Informational,Commercial,Branded,Non-local",Romanian,"196, 102, 163, 212, 101, 95, 101, 159, 89, 88, 95, 74, 46, 62, 71, 62, 76, 84, 169, 165, 117, 85, 70, 57",62,Sports betting; Sports
1013,betano jocuri,ro,56,90,1.10,,betano casino,2026-05-23 12:54:45,Sitelinks,100,20000,21000,2018-06-22,"Informational,Commercial,Transactional,Branded,Non-local",Romanian,"80, 77, 90, 60, 138, 162, 241, 250, 194, 89, 31, 154, 38, 48, 71, 63, 171, 85, 99, 108, 87, 124, 106, 99",111,Lottery
1014,bilete pariuri online,ro,81,90,0.80,,ponturi pariuri,2026-06-15 17:48:10,,100,16000,18000,2015-12-04,"Navigational,Commercial,Transactional,Non-branded,Non-local",Romanian,,,Sports betting
1015,old superbet,ro,61,90,1.30,,superbet,2026-05-20 15:03:15,Sitelinks,200,1610000,1740000,2019-11-23,"Informational,Navigational,Commercial,Transactional,Branded,Non-local",English,"190, 241, 158, 215, 173, 142, 164, 131, 144, 142, 151, 98, 65, 110, 104, 69, 91, 67, 120, 97, 108, 105, 125, 51",95,Sports betting; Sports
1016,win2 casino romania,ro,10,90,,,win2,2026-06-04 05:43:32,Sitelinks,150,69000,72000,2023-06-21,"Informational,Navigational,Commercial,Transactional,Branded,Non-local",English,,,Gambling
1017,betano.romania,ro,16,90,,,betano,2026-05-28 18:07:15,Sitelinks,300,471000,476000,2018-05-08,"Navigational,Transactional,Branded,Non-local",,"16, 74, 73, 82, 75, 102, 73, 89, 30, 14, 39, 49, 7, 10, 18, 49, 45, 28, 169, 212, 305, 85, 84, 96",90,Sports betting; Sports
1018,casino winbet,ro,43,90,0.60,,winbet,2026-05-27 06:06:59,Sitelinks,450,166000,182000,2015-09-22,"Informational,Navigational,Commercial,Transactional,Branded,Non-local",English,,,Gambling
1019,casa pariurilor bistrita,ro,0,90,1.60,,casa pariurilor,2026-06-17 18:59:06,"Local pack,Sitelinks",90,348000,380000,2015-09-26,"Navigational,Commercial,Transactional,Branded,Local",Romanian,"49, 50, 146, 113, 69, 128, 121, 306, 291, 385, 155, 119, 34, 38, 34, 28, 45, 49, 54, 61, 59, 150, 396, 124",222,Sports betting; Business
1020,poverbet,ro,48,90,0.90,,superbet,2026-06-17 08:48:33,Sitelinks,100,1550000,1620000,2020-01-13,"Informational,Commercial,Branded,Non-local",Romanian,,,Sports betting
1021,jocuri fortuna,ro,39,90,0.70,,fortuna casino,2026-06-18 02:07:18,Sitelinks,100,40000,46000,2016-12-03,"Informational,Navigational,Commercial,Transactional,Non-branded,Non-local",Romanian,"120, 115, 190, 229, 301, 141, 200, 192, 143, 153, 173, 132, 108, 176, 109, 153, 136, 41, 76, 53, 39, 53, 67, 63",62,Lottery
1022,m.casapariurilor,ro,0,90,0.20,,casa pariurilor,2026-06-21 18:02:11,Sitelinks,90,346000,379000,2015-09-26,"Navigational,Transactional,Branded,Non-local",,"57, 49, 117, 30, 77, 104, 95, 61, 49, 41, 80, 66, 64, 52, 0, 111, 94, 128, 184, 130, 75, 87, 80, 46",72,Sports betting
1023,casa pariurilor iasi,ro,0,90,1.40,0.85,casa pariurilor,2026-06-02 02:33:22,"Local pack,Sitelinks",90,329000,362000,2015-10-25,"Informational,Navigational,Branded,Local",Romanian,"188, 232, 287, 191, 63, 78, 77, 63, 82, 108, 63, 125, 47, 66, 66, 101, 102, 98, 124, 97, 83, 83, 63, 67","52, 61, 73, 88, 107, 108, 119, 97, 83, 83, 63, 67",Sports betting
1024,jocuri de casino,ro,83,90,2.00,,casa pariurilor casino,2026-06-06 12:59:25,,150,39000,42000,2015-09-11,"Informational,Commercial,Non-branded,Non-local",Romanian,"72, 91, 73, 44, 73, 95, 116, 42, 40, 42, 60, 101, 148, 97, 78, 65, 90, 64, 96, 96, 90, 93, 89, 113","121, 92, 96, 92, 92, 88, 94, 96, 90, 93, 89",Gambling
1025,loto casa pariurilor rezultate loto,ro,48,90,0.70,1.23,loto online,2026-05-21 18:09:40,Sitelinks,100,9700,9900,2017-09-20,"Informational,Branded,Non-local",Romanian,"350, 432, 228, 194, 193, 239, 65, 102, 61, 79, 60, 82, 80, 92, 88, 92, 102, 92, 124, 112, 93, 89, 82, 82","77, 82, 62, 86, 92, 93, 76, 77, 63, 59, 54, 53, 49",Lottery
1026,pariaza online,ro,78,90,18.00,1.24,unibet.ro,2026-06-16 20:56:32,Sitelinks,150,14000,15000,2015-09-13,"Informational,Commercial,Transactional,Branded,Non-local",Romanian,"124, 147, 76, 123, 90, 89, 112, 101, 61, 137, 86, 71, 56, 72, 96, 130, 101, 98, 92, 86, 99, 103, 85, 82","85, 106, 94, 116, 95, 93, 92, 86, 100, 103, 85, 82, 85",Sports betting; Sports
1027,casa pariuri sportive,ro,60,90,1.60,,casa pariurilor,2026-06-04 19:13:45,Sitelinks,100,330000,362000,2015-09-04,"Informational,Navigational,Commercial,Transactional,Branded,Non-local",Romanian,"380, 244, 258, 373, 313, 269, 79, 147, 308, 308, 167, 252, 48, 75, 79, 105, 107, 82, 124, 113, 79, 103, 65, 110","105, 69, 152, 94, 109, 50, 112, 101, 64, 89, 53, 98, 94",Sports betting; Sports
1028,casa pariurilor baia mare,ro,0,90,1.70,0.39,casa pariurilor,2026-06-09 04:01:17,"Local pack,Sitelinks",90,332000,364000,2015-10-17,"Informational,Branded,Local",Romanian,"86, 60, 31, 30, 46, 33, 60, 90, 55, 53, 86, 90, 46, 47, 69, 57, 87, 103, 117, 103, 100, 105, 98, 99","102, 95, 95, 95, 101, 100, 110, 103, 100, 105, 98, 99, 102",Sports betting; Business
1029,pariez online,ro,80,90,,,pariez online,2026-05-29 01:10:41,,100,30,30,2020-01-13,"Informational,Commercial,Non-branded,Non-local",Romanian,,,Sports betting
1030,bonusuri pariuri sportive,ro,64,90,6.00,,pariuri bonus,2026-06-04 16:42:09,Sitelinks,100,1700,1800,2016-02-17,"Informational,Commercial,Non-branded,Non-local",Romanian,,,Sports betting
1031,casa pariurilor aplicatia,ro,11,90,1.10,,casa pariurilor,2026-06-19 21:42:14,Sitelinks,150,347000,380000,2020-01-14,"Informational,Commercial,Transactional,Branded,Non-local",Romanian,,,Sports betting
1032,www.winner,ro,65,90,,,winner,2026-06-17 00:04:08,Sitelinks,9800,65000,66000,2015-09-05,"Navigational,Transactional,Branded,Non-local",,"16, 4, 5, 4, 21, 67, 45, 35, 14, 34, 46, 39, 38, 128, 126, 122, 113, 116, 47, 52, 78, 58, 80, 117",86,Sports betting
1033,jocuri casa pariurilor,ro,37,90,0.60,,casa pariurilor casino,2026-05-23 09:37:11,Sitelinks,100,39000,42000,2015-11-13,"Informational,Navigational,Commercial,Transactional,Branded,Non-local",Romanian,"115, 114, 200, 92, 47, 64, 65, 98, 75, 106, 31, 76, 35, 63, 62, 77, 122, 87, 171, 75, 85, 104, 102, 103",104,Sports betting
1034,www.efortuna.ro,ro,12,90,0.80,1.04,fortuna,2026-06-07 10:05:55,Sitelinks,90,247000,253000,2015-09-10,"Navigational,Branded,Non-local",Romanian,"9, 8, 96, 87, 180, 101, 162, 54, 131, 122, 84, 70, 1, 1, 95, 87, 180, 101, 162, 53, 130, 121, 84, 70","1, 1, 95, 87, 180, 101, 162, 53, 130, 121, 84, 70",Lottery; Sports betting
1035,supwrbwt,ro,35,90,1.50,,superbet,2026-06-08 12:40:51,"Sitelinks,Video preview",300,1600000,1750000,2015-12-24,"Informational,Commercial,Non-branded,Non-local",Romanian,,,Sports betting
1036,aparate gratis superbet,ro,42,90,0.45,,superbet casino,2026-06-12 00:46:32,Sitelinks,100,17000,21000,2022-12-16,"Informational,Navigational,Branded,Non-local",Romanian,"100, 101, 70, 55, 179, 92, 120, 85, 68, 46, 25, 35, 12, 59, 24, 14, 32, 11, 27, 147, 559, 84, 41, 54",61,Gambling
1037,cel mai bun site de pariuri,ro,67,90,,1.29,case pariuri online,2026-05-24 11:33:18,Sitelinks,90,1900,2300,2015-10-17,"Informational,Commercial,Non-branded,Non-local",Romanian,"64, 51, 44, 43, 56, 51, 44, 47, 42, 40, 25, 27, 14, 80, 92, 98, 78, 122, 101, 125, 90, 80, 75, 63",73,Sports betting; Sports
1038,fortuns,ro,19,90,,0.41,fortuna,2026-05-27 02:44:04,Sitelinks,1000,262000,266000,2015-09-21,"Informational,Commercial,Branded,Non-local",Romanian,,,Lottery; Sports betting
1039,oferte cazino,ro,73,90,4.50,,bonus fara depunere,2026-05-26 03:07:30,,100,144000,148000,2019-06-12,"Informational,Commercial,Non-branded,Non-local",Romanian,"99, 79, 100, 92, 90, 92, 91, 100, 93, 95, 94, 97, 100, 96, 90, 91, 89, 91, 91, 99, 93, 94, 94, 96","100, 96, 90, 91, 89, 91, 91, 99, 93, 94, 94, 96",Gambling
1040,bilete pariuri castigatoare,ro,55,90,0.80,1.6,ponturi pariuri,2026-05-22 17:51:05,"Image pack,Sitelinks",100,16000,18000,2015-09-12,"Informational,Commercial,Non-branded,Non-local",Romanian,"68, 68, 105, 67, 105, 91, 94, 111, 109, 104, 108, 43, 54, 81, 67, 92, 89, 93, 82, 116, 115, 122, 89, 47","19, 44, 59, 82, 113, 91, 82, 116, 115, 122, 89, 47, 19",Sports betting
1041,casa.,ro,43,90,0.15,0.42,casa pariurilor,2026-06-25 18:05:55,,4500,347000,379000,2015-10-17,"Non-branded,Non-local",Spanish,"70, 109, 105, 67, 108, 109, 109, 127, 100, 118, 121, 113, 91, 138, 115, 96, 99, 96, 97, 89, 69, 101, 73, 65",80,/Other
1042,casa pa,ro,2,90,1.40,1.03,casa pariurilor,2026-06-26 00:27:16,"Sitelinks,Local pack",350,347000,379000,2015-09-04,"Informational,Navigational,Commercial,Transactional,Branded,Local",Romanian,"126, 128, 158, 160, 104, 85, 86, 106, 81, 129, 156, 128, 81, 104, 81, 83, 83, 84, 85, 84, 89, 116, 106, 93","67, 96, 76, 74, 105, 86, 62, 76, 82, 108, 98, 85, 59",Sports betting
1043,betano live score,ro,37,90,0.70,,betano live,2026-06-16 13:21:47,Sitelinks,100,7500,8200,2018-10-27,"Informational,Navigational,Branded,Non-local",English,"100, 144, 127, 20, 13, 20, 141, 247, 200, 20, 4, 104, 21, 85, 118, 149, 202, 111, 207, 102, 29, 27, 27, 22",26,Sports betting; Statistics
1044,casapa,ro,0,90,0.80,0.93,casa pariurilor,2026-06-28 12:10:59,Image pack,450,347000,379000,2015-09-02,"Informational,Commercial,Branded,Non-local",,"77, 108, 49, 46, 81, 75, 87, 48, 58, 82, 71, 83, 44, 227, 212, 64, 67, 62, 53, 55, 94, 68, 64, 68",67,Business services; Business; Short-term stays
1045,superbet log in,ro,58,90,1.00,,superbet,2026-05-23 03:40:29,Sitelinks,900,1610000,1760000,2017-01-22,"Navigational,Transactional,Branded,Non-local",English,"172, 186, 136, 213, 190, 223, 218, 236, 188, 217, 187, 74, 61, 201, 85, 104, 89, 76, 74, 82, 68, 79, 70, 58","62, 80, 61, 72, 67, 72, 75, 73, 60, 70, 62, 49, 53",Sports betting
1046,150 rotiri winner,ro,59,90,1.60,,winner bonus fara depunere,2026-06-09 10:58:38,,90,500,500,2022-08-18,"Informational,Commercial,Branded,Non-local",Romanian,"32, 8, 20, 51, 52, 77, 61, 62, 26, 37, 65, 39, 43, 74, 72, 64, 95, 135, 107, 106, 92, 61, 114, 91",90,Gambling
1047,tare-n slot,ro,72,90,3.00,,tare-n slot,2026-06-28 15:59:06,,100,50,50,2022-06-08,"Informational,Commercial,Transactional,Non-branded,Non-local",Romanian,"30, 36, 90, 53, 70, 65, 70, 122, 111, 92, 57, 84, 34, 71, 73, 62, 66, 43, 45, 120, 205, 214, 122, 74",137,Gambling
1048,joc casino online,ro,83,90,4.50,,casino online romania,2026-05-21 00:04:58,,100,88000,92000,2018-05-03,"Informational,Commercial,Transactional,Non-branded,Non-local",Romanian,"3, 2, 4, 0, 2, 2, 8, 13, 10, 10, 13, 7, 7, 71, 79, 91, 79, 88, 111, 139, 110, 90, 104, 105",102,Gambling
1049,casino.efortuna,ro,40,90,1.20,,fortuna casino,2026-05-23 07:14:14,"Sitelinks,Knowledge panel",100,34000,36000,2019-04-26,"Informational,Navigational,Commercial,Branded,Non-local",,,,Casino games
1050,bonus fara depunere romania,ro,72,90,4.50,,rotiri gratuite fara depunere,2026-06-08 17:48:28,,150,168000,171000,2016-02-02,"Informational,Commercial,Non-branded,Local",Romanian,"67, 72, 70, 70, 70, 73, 79, 84, 88, 85, 80, 84, 83, 89, 87, 87, 87, 90, 96, 102, 107, 104, 99, 103","103, 109, 107, 108, 108, 112, 118, 124, 130, 127, 122, 127, 128",Gambling
1051,vetano,ro,61,90,1.60,,betano live,2026-06-24 06:49:18,,5000,7900,8700,2019-08-02,"Informational,Navigational,Commercial,Transactional,Branded,Non-local",,"69, 85, 88, 69, 86, 70, 109, 97, 78, 83, 84, 96, 62, 78, 78, 83, 78, 81, 116, 98, 83, 105, 74, 79",87,Sports betting; Sports
1052,casa pariuri fortuna,ro,30,90,0.60,0.94,fortuna,2026-06-05 16:28:38,Sitelinks,90,249000,255000,2015-09-21,"Informational,Navigational,Commercial,Transactional,Branded,Non-local",Romanian,"55, 59, 51, 83, 89, 102, 63, 55, 36, 59, 55, 48, 46, 104, 92, 82, 85, 121, 83, 100, 74, 76, 84, 75",79,Lottery; Sports betting
1053,fortuna casa de pariuri,ro,45,90,1.20,0.98,fortuna,2026-05-30 07:34:37,"Sitelinks,Video preview",100,249000,253000,2015-09-20,"Informational,Commercial,Branded,Non-local",Romanian,"21, 21, 21, 13, 8, 26, 18, 40, 24, 17, 23, 23, 38, 110, 72, 68, 62, 130, 98, 137, 95, 89, 93, 95",93,Sports betting
1054,robetano,ro,0,90,0.90,,betano,2026-05-22 23:22:48,Sitelinks,100,472000,477000,2016-07-05,"Informational,Navigational,Commercial,Branded,Non-local",Romanian,,,Sports betting
1055,login betano,ro,47,90,0.35,,betano,2026-05-23 08:41:52,Sitelinks,3400,472000,477000,2021-03-29,"Navigational,Transactional,Branded,Non-local",English,"122, 41, 36, 32, 14, 5, 30, 54, 24, 66, 18, 70, 62, 71, 42, 24, 23, 19, 60, 276, 135, 102, 145, 134",128,Sports betting
1056,wineer,ro,15,90,1.80,0.89,winner,2026-06-10 07:22:38,Sitelinks,800,69000,70000,2015-09-07,"Informational,Non-branded,Non-local",English,"115, 126, 126, 124, 144, 155, 242, 220, 184, 68, 35, 112, 100, 84, 24, 18, 158, 206, 136, 132, 70, 55, 85, 45",57,Food
1057,senator bet pariuri sportive,ro,54,90,0.45,0.83,senator bet,2026-06-05 14:22:37,Sitelinks,100,2200,2200,2015-09-03,"Informational,Commercial,Branded,Non-local",Romanian,"42, 43, 68, 86, 103, 81, 38, 51, 67, 114, 41, 45, 46, 81, 95, 148, 97, 124, 134, 105, 91, 62, 61, 6",39,Sports betting
1058,contul meu superbet,ro,6,90,0.90,,superbet,2026-05-24 00:32:12,"Sitelinks,Video preview",100,1610000,1760000,2020-03-17,"Informational,Navigational,Branded,Non-local",Romanian,,,Sports betting
1059,casa pariurilor. ro,ro,16,80,0.50,,casa pariurilor,2026-05-26 00:41:58,Sitelinks,200,328000,360000,2015-10-15,"Navigational,Transactional,Branded,Non-local",Romanian,"57, 89, 113, 92, 69, 60, 235, 46, 24, 43, 67, 36, 11, 23, 71, 45, 45, 44, 168, 145, 63, 58, 95, 160",105,Sports betting
1060,jocuri pacanele fara depunere,ro,77,80,1.60,,bonus fara depunere 2024,2026-06-01 08:48:09,,150,700,700,2021-03-07,"Informational,Commercial,Transactional,Non-branded,Non-local",Romanian,"11, 11, 19, 18, 27, 41, 62, 66, 35, 61, 35, 36, 31, 51, 254, 48, 27, 27, 15, 16, 16, 0, 460, 57","57, 60, 82, 62, 63, 68, 71, 70, 68, 68, 73, 72, 73",Lottery
1061,descarca casa pariurilor,ro,42,80,1.80,,casa pariurilor apk,2026-05-27 23:18:36,,90,1700,1900,2016-10-03,"Informational,Transactional,Branded,Non-local",Romanian,"61, 53, 64, 803, 36, 36, 121, 776, 40, 103, 89, 53, 18, 65, 59, 59, 93, 51, 119, 125, 98, 80, 110, 60",84,Sports betting
1062,furtuna demo,ro,57,80,0.15,,fortuna casino,2026-05-25 23:03:49,Sitelinks,90,32000,35000,2022-03-02,"Informational,Branded,Non-local",Romanian,"13, 27, 67, 64, 51, 84, 30, 56, 10, 26, 27, 16, 18, 42, 131, 125, 114, 109, 84, 65, 28, 58, 118, 46",75,Lottery
1063,casa pariuri live,ro,62,80,0.45,,casa pariurilor,2026-06-14 18:10:49,,90,346000,378000,2016-02-26,"Informational,Navigational,Commercial,Transactional,Branded,Non-local",Romanian,"7, 3, 16, 8, 1, 0, 0, 0, 61, 115, 90, 75, 20, 94, 95, 97, 113, 95, 86, 116, 95, 67, 62, 64",65,Sports betting
1064,nr contact casa pariurilor,ro,0,80,0.45,,casa pariurilor telefon,2026-05-25 16:41:20,Local pack,90,30,40,2019-02-01,"Informational,Branded,Local",Romanian,"66, 77, 79, 64, 67, 78, 101, 75, 80, 83, 66, 74, 66, 77, 79, 64, 67, 78, 101, 75, 80, 83, 66, 74","66, 77, 79, 64, 67, 78, 101, 75, 80, 83, 66, 74, 66",Sports betting; Business
1065,fotuna,ro,19,80,,1.02,fortuna casino,2026-06-15 18:41:48,,1800,39000,44000,2015-09-16,"Informational,Navigational,Commercial,Transactional,Branded,Non-local",Romanian,"69, 89, 79, 76, 69, 81, 88, 76, 77, 151, 72, 112, 83, 77, 75, 75, 83, 52, 92, 97, 73, 67, 62, 58",63,Sports betting
1066,win2.ro casino,ro,46,80,1.20,,win2,2026-06-24 12:06:20,Sitelinks,100,69000,73000,2023-04-19,"Informational,Navigational,Commercial,Transactional,Branded,Non-local",,"111, 126, 137, 50, 94, 152, 11, 19, 75, 81, 34, 10, 3, 0, 0, 0, 8, 18, 60, 140, 93, 164, 230, 239",211,Gambling
1067,e fortuna casino,ro,46,80,1.40,,fortuna casino,2026-05-26 10:56:18,Sitelinks,100,32000,35000,2020-01-10,"Informational,Navigational,Commercial,Transactional,Branded,Non-local",Romanian,,,Sports betting
1068,casa pariuri online,ro,69,80,6.00,1.11,casa pariurilor,2026-06-08 12:32:27,Sitelinks,100,330000,362000,2015-09-12,"Informational,Commercial,Branded,Non-local",Romanian,"32, 29, 29, 39, 43, 35, 46, 61, 30, 32, 39, 59, 72, 141, 76, 77, 108, 119, 124, 37, 80, 18, 34, 43","35, 99, 13, 49, 43, 69, 45, 29, 29, 10, 10, 13, 12",Sports betting
1069,lasvegas.ro rotiri gratuite,ro,51,80,,,lasvegas,2026-06-28 14:09:12,Sitelinks,80,24000,26000,2021-12-12,"Informational,Commercial,Transactional,Branded,Non-local",Romanian,"81, 101, 97, 84, 108, 107, 184, 74, 58, 56, 54, 41, 38, 69, 107, 100, 108, 74, 82, 79, 57, 65, 63, 79",70,Gambling
1070,casa pariurilor craiova,ro,0,80,0.50,,casa pariurilor,2026-06-04 19:25:07,"Local pack,Sitelinks",90,330000,362000,2016-02-27,"Informational,Branded,Local",Romanian,"63, 59, 46, 37, 53, 103, 123, 107, 151, 120, 136, 118, 46, 52, 55, 81, 72, 70, 95, 97, 113, 104, 106, 107",106,Sports betting; Business
1071,casa pariurilor constanta,ro,0,80,0.90,,casa pariurilor,2026-05-30 02:28:33,"Local pack,Sitelinks",80,329000,362000,2015-10-15,"Informational,Branded,Local",Romanian,"44, 54, 74, 69, 60, 104, 84, 19, 21, 65, 61, 69, 35, 74, 82, 126, 43, 62, 102, 94, 84, 97, 83, 126",103,Sports betting; Business
1072,fortuna .ro,ro,52,80,,0.89,www.fortuna.ro,2026-05-25 17:01:34,,150,150,200,2015-09-16,"Informational,Navigational,Commercial,Transactional,Branded,Non-local",,"646, 797, 569, 232, 60, 30, 16, 38, 19, 25, 66, 60, 7, 54, 75, 55, 66, 84, 133, 133, 81, 87, 72, 84",82,Sports betting
1073,casa pariurilor timisoara,ro,15,80,0.70,,casa pariurilor,2026-06-15 05:07:42,"Local pack,Sitelinks,Video preview",80,346000,378000,2016-01-12,"Informational,Branded,Local",Romanian,"73, 57, 43, 57, 66, 98, 55, 90, 71, 55, 81, 144, 32, 61, 101, 84, 40, 47, 56, 74, 89, 89, 94, 137",108,Sports betting; Business
1074,winerr,ro,30,80,1.50,,winner,2026-06-12 01:02:04,Sitelinks,350,69000,70000,2015-10-18,"Informational,Navigational,Commercial,Branded,Non-local",Romanian,,,Lottery; Sports betting
1075,winner oferta,ro,48,80,4.50,1.11,winner,2026-06-05 05:54:09,Sitelinks,90,68000,69000,2015-09-05,"Informational,Commercial,Branded,Non-local",Romanian,"42, 84, 143, 154, 130, 55, 90, 48, 146, 63, 31, 4, 37, 80, 139, 152, 127, 53, 88, 47, 145, 62, 30, 1","36, 80, 139, 152, 127, 53, 88, 47, 145, 62, 30, 1, 36",Gambling
1076,egt superbet,ro,43,80,0.90,,egt,2026-06-24 10:28:18,,100,8300,8500,2022-01-16,"Informational,Commercial,Branded,Non-local",,"33, 32, 48, 70, 64, 78, 152, 212, 192, 140, 140, 109, 85, 82, 97, 82, 96, 65, 112, 90, 54, 72, 84, 17",51,Sports betting
1077,winner free spins,ro,67,80,4.00,,winner,2026-06-17 19:20:54,,150,65000,66000,2020-07-05,"Informational,Commercial,Transactional,Branded,Non-local",English,"10, 9, 12, 16, 9, 57, 42, 33, 8, 39, 53, 52, 51, 112, 83, 70, 86, 142, 85, 69, 70, 57, 77, 83",73,Gambling
1078,beyano,ro,59,80,1.60,,betano live,2026-06-15 14:16:41,,2700,7400,8100,2017-03-26,"Informational,Navigational,Commercial,Transactional,Branded,Non-local",,"65, 60, 48, 54, 65, 78, 91, 79, 67, 72, 69, 68, 46, 67, 68, 75, 73, 69, 114, 80, 80, 82, 74, 68",76,Sports betting
1079,casa pariurilor aplicatie online,ro,24,80,1.00,,casa pariurilor,2026-06-21 23:16:44,Sitelinks,80,346000,379000,2017-10-17,"Informational,Transactional,Branded,Non-local",Romanian,"118, 110, 204, 66, 99, 127, 94, 93, 85, 86, 100, 88, 63, 142, 119, 190, 112, 64, 92, 34, 29, 36, 50, 47",46,Sports betting
1080,btano,ro,36,80,1.60,,betano,2026-06-25 11:27:15,Sitelinks,2700,467000,470000,2017-02-28,"Informational,Navigational,Non-branded,Non-local",,"44, 34, 37, 43, 30, 40, 68, 75, 91, 69, 85, 53, 36, 57, 59, 65, 83, 83, 96, 85, 89, 69, 80, 86",79,Add-ons; Social networks
1081,winner 150 rotiri,ro,55,80,1.90,,winner rotiri gratuite,2026-06-02 00:34:26,,90,350,350,2022-08-06,"Informational,Commercial,Transactional,Branded,Non-local",Romanian,"32, 51, 34, 25, 62, 70, 71, 65, 39, 31, 39, 40, 42, 76, 77, 68, 96, 125, 70, 72, 91, 70, 88, 108",89,Gambling
1082,extragere italia keno,ro,46,80,0.25,,italia keno,2026-05-28 19:49:30,,90,266000,271000,2018-02-07,"Informational,Branded,Non-local",Romanian,"217, 385, 531, 313, 145, 145, 43, 112, 57, 102, 33, 153, 150, 185, 186, 85, 60, 181, 67, 26, 14, 18, 22, 15","96, 288, 20, 17, 15, 12, 11, 331, 93, 94, 82, 5, 8",Lottery
1083,oferte case de pariuri,ro,68,80,3.50,,pariuri bonus,2026-06-24 22:18:48,Sitelinks,80,1700,1700,2015-10-16,"Informational,Commercial,Non-branded,Non-local",Romanian,"63, 43, 32, 41, 43, 37, 38, 44, 41, 42, 33, 50, 17, 63, 71, 83, 71, 86, 103, 135, 78, 62, 59, 63",63,Sports betting
1084,www casa pariurilor ro oferta,ro,12,80,1.00,,casa pariurilor,2026-06-12 20:55:33,Sitelinks,100,334000,366000,2020-01-14,"Informational,Navigational,Commercial,Branded,Non-local",Romanian,,,Sports betting
1085,furtuna pariu,ro,11,80,0.60,,fortuna,2026-05-26 05:12:26,Sitelinks,90,262000,266000,2015-10-03,"Informational,Navigational,Commercial,Transactional,Branded,Non-local",Romanian,"219, 204, 374, 235, 205, 153, 292, 168, 202, 311, 363, 238, 248, 106, 91, 53, 48, 90, 23, 32, 142, 59, 52, 33",44,Sports betting; Sports
1086,betanoo,ro,3,80,0.60,,betano,2026-06-04 03:33:37,"Sitelinks,Video preview",1600,471000,476000,2016-09-28,"Navigational,Transactional,Branded,Non-local",,"54, 78, 54, 59, 73, 65, 58, 90, 73, 86, 77, 59, 59, 48, 59, 50, 61, 67, 136, 126, 89, 116, 77, 83",93,Sports betting; Sports
1087,betano cont,ro,66,80,1.00,,betano casino,2026-06-15 02:17:03,,100,27000,28000,2017-02-26,"Informational,Transactional,Branded,Non-local",Romanian,"291, 147, 230, 147, 233, 171, 86, 47, 44, 53, 84, 67, 42, 98, 83, 86, 86, 70, 128, 102, 88, 68, 53, 65",63,Sports betting; General reference
1088,fortuna bet online,ro,71,80,,1.17,fortuna,2026-05-22 23:19:58,Sitelinks,90,262000,267000,2015-09-22,"Navigational,Transactional,Branded,Non-local",English,"35, 40, 43, 43, 40, 42, 42, 31, 27, 32, 30, 47, 33, 70, 77, 69, 56, 97, 131, 152, 66, 53, 53, 65",58,Sports betting; Sports
1089,betano live chat,ro,37,80,0.70,,contact betano,2026-06-04 06:04:11,,700,80,90,2016-11-06,"Informational,Branded,Non-local",English,"247, 152, 91, 104, 107, 116, 135, 125, 160, 115, 84, 103, 52, 76, 70, 83, 66, 61, 106, 106, 86, 99, 77, 77",85,Sports betting; Instant messaging
1090,casino in romania,ro,79,80,8.00,,cazinouri online,2026-06-04 21:07:15,Local pack,150,94000,98000,2016-12-17,"Informational,Commercial,Non-branded,Local",English,"25, 18, 15, 20, 16, 15, 20, 28, 20, 17, 24, 31, 20, 122, 119, 106, 118, 86, 101, 89, 75, 81, 36, 24",48,Gambling; Business
1091,betano casino live,ro,60,80,0.80,,casino live,2026-06-25 17:56:54,Sitelinks,150,300,300,2020-06-16,"Informational,Navigational,Transactional,Branded,Non-local",English,"34, 23, 22, 11, 29, 45, 46, 42, 47, 4, 9, 4, 7, 55, 45, 69, 55, 72, 115, 122, 107, 156, 95, 72",108,Gambling
1092,la fortuna,ro,25,80,0.20,0.73,la fortuna,2026-05-21 06:55:07,,30000,0,350,2015-10-05,"Informational,Branded,Non-local",Spanish,"130, 101, 133, 101, 96, 98, 101, 83, 98, 78, 66, 81, 79, 88, 88, 71, 91, 104, 78, 86, 75, 66, 61, 49","90, 60, 69, 96, 90, 101, 93, 86, 75, 66, 61, 49, 90",TV shows
1093,casa pariurilor oferte,ro,32,80,1.50,1.16,casa pariurilor,2026-05-22 12:29:56,"Sitelinks,Bottom ads",150,327000,360000,2015-09-01,"Informational,Commercial,Branded,Non-local",Romanian,"65, 119, 89, 81, 79, 66, 63, 72, 83, 68, 71, 60, 63, 117, 88, 81, 78, 65, 62, 72, 82, 68, 71, 60","63, 117, 88, 80, 78, 65, 62, 72, 82, 68, 71, 60, 63",Sports betting
1094,betano cont nou,ro,42,80,3.00,,betano bonus,2026-05-24 11:08:57,Video preview,100,1300,1400,2018-09-03,"Informational,Commercial,Transactional,Branded,Non-local",Romanian,"71, 65, 62, 68, 75, 94, 84, 85, 82, 80, 80, 74, 71, 65, 62, 68, 75, 94, 84, 85, 82, 80, 80, 74","71, 65, 62, 68, 75, 94, 84, 85, 82, 80, 80, 74, 71",Sports betting
1095,casa pariurilor oferta fotbal,ro,49,80,1.00,1.06,casa pariurilor,2026-06-19 11:51:02,Sitelinks,100,347000,380000,2015-10-24,"Navigational,Transactional,Branded,Non-local",Romanian,"187, 134, 163, 201, 295, 355, 355, 245, 82, 189, 371, 94, 89, 140, 86, 121, 68, 66, 65, 65, 59, 70, 85, 35","36, 46, 51, 67, 68, 71, 77, 64, 59, 69, 84, 34, 36",Sports betting; Soccer
1096,betano logare,ro,56,80,0.45,,betano,2026-06-12 01:24:51,Sitelinks,100,470000,475000,2018-01-04,"Navigational,Branded,Non-local",Romanian,"283, 167, 272, 264, 162, 185, 235, 210, 169, 140, 178, 185, 95, 102, 102, 81, 73, 44, 111, 102, 64, 75, 79, 67",75,Sports betting
1097,super ber,ro,45,80,1.50,1.06,superbet,2026-05-28 03:55:29,"Sitelinks,Video preview",1900,1610000,1760000,2015-09-13,"Navigational,Commercial,Transactional,Branded,Non-local",,"75, 74, 60, 109, 89, 71, 95, 76, 76, 69, 58, 57, 47, 77, 89, 81, 69, 55, 91, 94, 110, 74, 93, 98",89,Sports betting; Sports
1098,win2. ro,ro,26,80,1.30,,win2,2026-05-28 17:25:10,"Sitelinks,Bottom ads",100,72000,73000,2023-07-18,"Informational,Navigational,Commercial,Transactional,Branded,Non-local",,"44, 65, 51, 42, 80, 20, 29, 40, 25, 14, 0, 0, 0, 0, 13, 46, 52, 112, 78, 152, 107, 119, 151, 140",137,Gambling
1099,casa pariurilor biletul zilei,ro,64,80,0.30,1.37,casa pariurilor,2026-06-18 09:14:18,,100,348000,380000,2015-09-04,"Informational,Commercial,Transactional,Branded,Non-local",Romanian,"94, 68, 73, 116, 107, 99, 104, 87, 102, 119, 63, 53, 77, 53, 50, 98, 93, 83, 84, 73, 88, 105, 51, 43","65, 43, 43, 85, 80, 71, 73, 62, 75, 91, 42, 34, 55",Sports betting
1100,superbet egt,ro,44,80,0.70,,egt demo,2026-06-02 07:45:08,Video preview,100,4100,4200,2021-03-17,"Informational,Commercial,Branded,Non-local",Romanian,,,Gambling
1101,casa pariurior,ro,18,80,0.60,1.15,casa pariurilor,2026-05-26 16:55:34,"Sitelinks,Local pack",90,328000,360000,2015-09-07,"Navigational,Commercial,Transactional,Branded,Local",Romanian,"40, 39, 30, 42, 21, 40, 34, 33, 47, 37, 29, 97, 41, 100, 93, 139, 98, 90, 114, 133, 80, 48, 48, 25",37,Sports betting; Sports
1102,superbet jocuri demo,ro,56,80,0.60,,pacanele gratis,2026-05-26 08:38:28,Sitelinks,100,19000,20000,2020-01-10,"Informational,Branded,Non-local",Romanian,,,Gambling
1103,casapariurlor,ro,16,80,0.60,0.97,casa pariurilor,2026-05-26 06:37:32,"Sitelinks,Local pack",80,328000,360000,2015-10-21,"Informational,Navigational,Commercial,Branded,Non-local",Romanian,"61, 67, 70, 80, 85, 88, 107, 95, 88, 78, 74, 66, 61, 67, 70, 80, 85, 88, 107, 95, 88, 78, 74, 66","61, 67, 70, 80, 85, 88, 107, 95, 88, 78, 74",Sports betting
1104,wins casino,ro,86,80,,,wins casino,2026-06-27 16:37:52,Video preview,2100,30,10000,2020-08-24,"Informational,Commercial,Transactional,Non-branded,Non-local",English,"3, 4, 8, 39, 5, 7, 12, 45, 25, 29, 50, 47, 55, 311, 393, 90, 10, 14, 6, 3, 14, 11, 4, 6",7,Gambling
1105,furtuna cazinou,ro,38,80,1.00,,fortuna casino,2026-05-26 23:35:51,Sitelinks,90,32000,35000,2020-01-31,"Informational,Commercial,Branded,Non-local",Romanian,,,Sports betting
1106,betono,ro,0,80,0.60,,betano,2026-05-22 08:28:36,"Sitelinks,Video preview",800,472000,477000,2016-06-02,"Informational,Commercial,Branded,Non-local",Romanian,,,Sports betting
1107,betanp,ro,61,80,2.00,,betano live,2026-06-21 21:17:22,,4900,7800,8600,2016-06-09,"Informational,Navigational,Commercial,Branded,Non-local",,"116, 93, 86, 94, 98, 106, 131, 112, 108, 109, 102, 113, 90, 93, 76, 83, 79, 80, 88, 78, 79, 74, 65, 62","67, 53, 45, 79, 83, 82, 88, 77, 79, 74, 65, 62, 67",Sports betting; Sports
1108,colo slota,ro,30,80,5.00,,colo slots,2026-05-29 12:49:15,Sitelinks,80,10000,10000,2022-08-13,"Informational,Commercial,Transactional,Branded,Non-local",Romanian,"76, 71, 91, 85, 90, 99, 99, 85, 79, 94, 77, 75, 57, 43, 59, 87, 99, 79, 81, 75, 116, 102, 70, 59",78,Gambling
1109,download casa pariurilor apk,ro,14,80,1.40,,casa pariurilor apk,2026-06-16 09:55:25,,90,1900,2200,2016-10-09,"Transactional,Branded,Non-local",Romanian,"30, 5, 20, 17, 42, 30, 32, 33, 24, 32, 24, 22, 23, 86, 83, 75, 74, 77, 81, 93, 65, 88, 103, 81",91,Sports betting; Add-ons
1110,casino online fortuna,ro,24,80,0.35,,fortuna casino,2026-05-26 13:23:48,Sitelinks,700,32000,35000,2016-07-20,"Informational,Navigational,Commercial,Transactional,Branded,Non-local",Romanian,"48, 55, 53, 23, 115, 75, 83, 28, 17, 13, 20, 19, 32, 36, 28, 75, 41, 64, 99, 60, 47, 107, 166, 143",139,Sports betting
1111,agentia de pariuri,ro,79,80,3.00,0.97,fortuna,2026-06-25 15:14:34,Local pack,90,213000,218000,2015-09-04,"Informational,Commercial,Non-branded,Non-local",Romanian,"31, 32, 32, 30, 34, 5, 1, 3, 1, 3, 4, 1, 4, 62, 68, 66, 81, 97, 106, 117, 109, 79, 84, 92",86,Sports betting
1112,casinouri online noi,ro,79,70,,,cazinouri online,2026-06-18 12:07:02,,70,53000,58000,2022-12-16,"Informational,Commercial,Non-branded,Non-local",Romanian,,,Gambling
1113,cele mai bune site uri de pariuri,ro,73,70,6.00,,case pariuri online,2026-06-05 04:06:54,Sitelinks,80,1900,2400,2015-11-15,"Informational,Commercial,Non-branded,Non-local",Romanian,"9, 9, 9, 22, 11, 7, 9, 20, 27, 16, 22, 33, 5, 63, 65, 63, 70, 79, 80, 68, 77, 79, 104, 85",90,Sports betting
1114,superebet,ro,61,70,1.60,0.96,superbet oferta,2026-06-11 03:23:15,,300,51000,52000,2015-09-24,"Informational,Navigational,Commercial,Branded,Non-local",Romanian,"40, 46, 66, 59, 68, 53, 48, 47, 73, 75, 55, 42, 37, 46, 35, 70, 66, 70, 66, 105, 83, 75, 74, 65",72,Sports betting
1115,suepr,ro,47,70,0.25,,superbet,2026-06-13 01:00:59,Sitelinks,1100,1560000,1630000,2015-09-03,"Informational,Navigational,Non-branded,Non-local",English,"55, 63, 50, 70, 68, 64, 74, 65, 66, 71, 58, 57, 60, 50, 52, 64, 77, 62, 91, 77, 69, 91, 53, 60",69,Comedy films; Sports betting; Encyclopedias; Sports
1116,pokerstars casino bonus,ro,55,70,2.50,,pokerstars bonus de bun venit,2026-06-16 14:11:54,,1900,70,70,2019-09-10,"Informational,Commercial,Transactional,Branded,Non-local",English,"40, 34, 26, 14, 38, 40, 34, 3, 2, 13, 9, 14, 13, 69, 71, 81, 61, 59, 79, 81, 73, 81, 78, 91",84,Gambling
1117,oferta casa pariurilor azi fotbal,ro,46,70,,1.16,casa pariurilor,2026-06-09 06:24:28,Sitelinks,80,332000,364000,2015-10-02,"Informational,Commercial,Transactional,Branded,Non-local",Romanian,"28, 27, 30, 35, 33, 33, 31, 32, 29, 50, 36, 32, 32, 62, 82, 108, 89, 96, 82, 53, 51, 62, 70, 42",59,Sports betting
1118,pariuri sportive live online,ro,70,70,,,oferta de azi la superbet,2026-06-22 12:45:51,,150,8500,9100,2015-12-06,"Navigational,Commercial,Transactional,Non-branded,Non-local",Romanian,"48, 58, 65, 93, 78, 68, 68, 63, 63, 78, 73, 61, 66, 60, 68, 93, 81, 70, 71, 66, 65, 81, 76, 63","68, 62, 70, 96, 84, 73, 73, 68, 68, 84, 78, 65",Sports betting
1119,e.fortuna,ro,12,70,0.60,1,fortuna,2026-06-11 14:39:47,Sitelinks,100,248000,253000,2015-09-16,"Navigational,Transactional,Branded,Non-local",,"33, 20, 71, 207, 158, 186, 120, 108, 85, 91, 17, 36, 32, 42, 70, 73, 72, 74, 105, 117, 86, 61, 46, 30",42,Lottery; Sports betting
1120,casa pariurilor fara depunere,ro,52,70,2.50,,bonus casino,2026-06-08 12:34:34,Sitelinks,80,3400,3500,2022-01-18,"Informational,Commercial,Transactional,Branded,Non-local",Romanian,"21, 30, 59, 89, 71, 131, 256, 286, 109, 164, 189, 96, 41, 74, 26, 44, 49, 42, 94, 115, 105, 86, 62, 86",79,Sports betting
1121,fortuna online casino,ro,29,70,1.30,,fortuna casino,2026-06-07 06:13:21,Sitelinks,1200,30000,34000,2018-10-01,"Informational,Commercial,Branded,Non-local",English,"64, 54, 42, 44, 56, 56, 62, 61, 64, 56, 60, 63, 76, 65, 53, 55, 67, 67, 73, 72, 75, 67, 71, 75","87, 77, 65, 67, 79, 78, 84, 83, 86, 79, 82, 86",Gambling
1122,casa batraneasca case ieftine de vanzare,ro,7,70,,,casa pariurilor,2026-06-01 19:21:34,"Sitelinks,Videos",90,329000,362000,2022-07-13,"Informational,Commercial,Branded,Non-local",Romanian,"125, 105, 112, 105, 121, 143, 145, 359, 243, 278, 240, 195, 102, 129, 107, 87, 65, 50, 47, 56, 63, 61, 34, 43",47,TV shows; Romance
1123,bonusuri pacanele,ro,71,70,4.50,,bonus fara depunere,2026-06-23 08:20:18,,70,128000,131000,2020-08-10,"Informational,Commercial,Branded,Non-local",Romanian,"15, 26, 14, 14, 9, 22, 50, 10, 17, 12, 11, 10, 5, 83, 52, 73, 60, 59, 77, 91, 72, 76, 58, 64",67,Gambling
1124,fortuna game,ro,59,70,0.70,,fortuna casino,2026-06-19 15:47:39,Sitelinks,1600,36000,41000,2018-10-04,"Informational,Navigational,Commercial,Transactional,Branded,Non-local",English,"290, 277, 156, 213, 131, 106, 162, 187, 107, 47, 116, 95, 90, 195, 205, 63, 18, 10, 68, 33, 21, 26, 22, 25",23,Sports betting
1125,demo cazino,ro,73,70,1.20,,pacanele gratis,2026-06-09 12:13:36,,200,33000,34000,2021-11-18,"Informational,Branded,Non-local",Romanian,"38, 24, 51, 44, 68, 92, 63, 98, 56, 65, 71, 88, 50, 52, 50, 49, 76, 53, 64, 93, 89, 123, 76, 90",97,Gambling
1126,casa de pariuri superbet,ro,45,70,1.60,,superbet,2026-05-23 16:47:29,"Sitelinks,Local pack",90,1610000,1760000,2016-03-13,"Informational,Commercial,Branded,Local",Romanian,"15, 12, 22, 5, 3, 9, 16, 9, 22, 41, 43, 45, 12, 27, 110, 57, 24, 44, 56, 74, 91, 63, 65, 201",111,Sports betting; Business
1127,casino vegas online,ro,87,70,1.90,,las vegas.ro,2026-05-27 02:46:12,,2300,18000,20000,2020-01-13,"Informational,Commercial,Transactional,Non-branded,Non-local",English,"4, 5, 5, 56, 6, 13, 16, 93, 60, 29, 67, 83, 137, 320, 184, 55, 1, 3, 0, 2, 1, 1, 34, 63",34,Gambling
1128,pokerstars casino romania,ro,30,70,3.00,,cazinouri online,2026-06-20 22:12:37,Sitelinks,90,13000,14000,2020-04-23,"Informational,Navigational,Commercial,Transactional,Branded,Non-local",English,"72, 109, 84, 58, 30, 28, 68, 69, 20, 11, 16, 8, 29, 83, 72, 71, 47, 43, 58, 51, 72, 96, 67, 98",88,Gambling
1129,pacanele fortuna,ro,59,70,0.90,,fortuna casino,2026-06-27 20:08:21,Sitelinks,80,37000,42000,2016-03-24,"Informational,Navigational,Commercial,Transactional,Branded,Non-local",Romanian,"23, 19, 30, 11, 0, 0, 28, 38, 6, 94, 50, 29, 53, 60, 52, 76, 40, 43, 87, 115, 62, 38, 124, 68",66,Lottery
1130,winner rotiri gratuite fara depunere,ro,56,70,2.50,,winner bonus fara depunere,2026-06-03 10:12:21,Sitelinks,90,500,500,2021-11-04,"Informational,Commercial,Transactional,Branded,Non-local",Romanian,"83, 73, 81, 76, 88, 111, 88, 109, 79, 75, 75, 72, 71, 61, 69, 64, 77, 99, 77, 98, 69, 65, 64, 62","61, 51, 60, 54, 67, 90, 67, 89, 59, 55, 55, 53, 52",Gambling
1131,casino pokerstars,ro,46,70,4.00,,casino online,2026-06-10 10:49:18,Sitelinks,2400,17000,17000,2015-10-16,"Informational,Navigational,Commercial,Branded,Non-local",English,,,Casino games
1132,casa pariurilor promotii,ro,59,70,2.00,,bonus casino,2026-06-27 13:02:19,,90,4600,4800,2015-12-16,"Informational,Commercial,Branded,Non-local",Romanian,"28, 12, 8, 32, 26, 36, 26, 22, 16, 33, 43, 36, 5, 38, 37, 28, 49, 49, 121, 251, 79, 38, 51, 49",41,Sports betting
1133,supoerbet,ro,49,70,,1.08,superbet,2026-06-14 20:09:28,Sitelinks,350,1560000,1620000,2015-09-21,"Navigational,Commercial,Transactional,Branded,Non-local",,"37, 53, 45, 67, 56, 59, 65, 66, 46, 68, 54, 55, 35, 49, 47, 55, 69, 60, 60, 73, 75, 82, 70, 145",100,Sports betting; Sports
1134,bonus fara verificare,ro,74,70,1.00,,bonus fara depunere,2026-06-15 12:20:13,,80,135000,139000,2021-12-27,"Informational,Commercial,Non-branded,Non-local",Romanian,"26, 19, 15, 9, 5, 21, 15, 36, 19, 44, 21, 45, 15, 24, 52, 40, 23, 50, 27, 23, 64, 141, 150, 227",175,Gambling
1135,ro.betano.com,ro,12,70,1.10,,betano,2026-05-28 09:22:46,Sitelinks,90,470000,475000,2016-11-01,"Navigational,Transactional,Branded,Non-local",,"55, 36, 63, 47, 19, 18, 59, 28, 56, 49, 44, 37, 43, 32, 58, 117, 70, 55, 161, 109, 105, 63, 35, 44",42,Sports betting
1136,jocuri pariuri,ro,83,70,3.50,,casa pariurilor casino,2026-05-22 05:32:27,,80,40000,44000,2015-09-07,"Informational,Commercial,Transactional,Non-branded,Non-local",Romanian,"22, 28, 21, 20, 23, 19, 36, 34, 23, 29, 19, 20, 10, 82, 98, 78, 98, 120, 93, 100, 71, 79, 28, 23",44,Sports betting
1137,slot fara depunere,ro,74,70,,,rotiri gratuite fara depunere,2026-06-04 20:57:14,,70,168000,172000,2022-11-23,"Informational,Commercial,Transactional,Non-branded,Non-local",Romanian,"0, 1, 47, 6, 0, 0, 26, 76, 53, 26, 29, 10, 29, 26, 54, 65, 66, 80, 146, 138, 64, 47, 64, 67",61,Gambling
1138,pariurilor,ro,65,70,4.00,0.69,casa pariurilor,2026-06-11 12:14:31,"Sitelinks,Local pack",80,333000,365000,2015-10-01,"Informational,Commercial,Branded,Non-local",Romanian,"89, 82, 77, 82, 64, 71, 133, 72, 84, 103, 76, 68, 46, 57, 79, 61, 71, 72, 75, 67, 90, 77, 80, 61",73,Sports betting
1139,beta.o,ro,75,70,,,betano,2026-06-17 03:48:59,Sitelinks,800,467000,471000,2020-08-01,"Navigational,Transactional,Branded,Non-local",,"93, 89, 81, 79, 80, 89, 111, 88, 74, 88, 67, 84, 71, 85, 82, 88, 63, 50, 83, 66, 69, 52, 56, 65",59,Sports betting
1140,superbeg,ro,48,70,2.50,,superbet,2026-05-22 16:03:05,"Sitelinks,Video preview",700,1610000,1760000,2015-11-15,"Informational,Navigational,Commercial,Branded,Non-local",Romanian,"53, 57, 51, 57, 60, 64, 67, 67, 65, 83, 64, 76, 52, 67, 65, 74, 65, 50, 73, 65, 72, 58, 54, 47","47, 45, 53, 27, 52, 60, 48, 50, 55, 43, 39",Sports betting
1141,aplicatie fortuna,ro,43,70,0.60,,fortuna casino,2026-06-08 23:25:17,,90,6900,7000,2017-02-25,"Informational,Commercial,Transactional,Branded,Non-local",Romanian,"61, 61, 59, 70, 76, 82, 77, 84, 83, 89, 71, 66, 61, 61, 59, 70, 76, 82, 77, 84, 83, 89, 71, 66","61, 61, 59, 70, 76, 82, 77, 84, 83, 89, 71, 66, 61",Sports betting; Add-ons
1142,jocuri cu speciale superbet,ro,36,70,1.10,,cumpara speciala,2026-05-23 07:39:07,Video preview,100,150,150,2021-10-12,"Informational,Commercial,Transactional,Branded,Non-local",Romanian,"40, 44, 48, 41, 53, 60, 71, 75, 64, 96, 58, 58, 50, 43, 59, 58, 89, 76, 91, 86, 72, 66, 74, 52",65,Lottery
1143,casa priurilor,ro,32,70,,1.05,casa pariurilor,2026-06-26 14:17:00,Sitelinks,70,347000,379000,2015-09-14,"Navigational,Commercial,Transactional,Branded,Local",Romanian,"93, 59, 61, 54, 61, 76, 81, 66, 100, 72, 52, 69, 38, 56, 37, 47, 118, 83, 69, 74, 95, 92, 60, 43",66,Sports betting
1144,colos slots,ro,54,70,3.00,,colo slots,2026-06-15 07:20:54,,70,14000,14000,2022-10-26,"Informational,Commercial,Transactional,Branded,Non-local",English,"62, 163, 76, 175, 119, 134, 97, 185, 102, 142, 71, 81, 53, 51, 49, 60, 102, 45, 115, 86, 86, 65, 62, 28",47,Lottery
1145,fortuna pacanele,ro,59,70,1.20,,fortuna casino,2026-06-14 15:56:10,Sitelinks,80,38000,44000,2016-03-22,"Informational,Navigational,Commercial,Transactional,Branded,Non-local",Romanian,,,Lottery
1146,superbet demo shining crown,ro,56,70,0.40,,shining crown,2026-05-22 02:23:28,,90,1800,1800,2021-12-15,"Navigational,Branded,Non-local",English,,,Gambling
1147,casino bonus fara depunere europa,ro,59,70,1.70,,rotiri gratuite fara depunere,2026-06-02 22:09:42,Sitelinks,80,168000,172000,2020-09-06,"Informational,Commercial,Non-branded,Non-local",Romanian,"134, 117, 108, 122, 66, 41, 42, 92, 29, 10, 14, 20, 6, 80, 84, 60, 44, 51, 81, 92, 101, 68, 80, 72",75,Gambling
1148,poker casino online,ro,73,70,4.50,,casino online,2026-06-12 10:21:36,Video preview,3000,16000,16000,2020-01-10,"Informational,Commercial,Transactional,Non-branded,Non-local",English,"72, 70, 69, 70, 73, 69, 73, 71, 75, 81, 77, 76, 72, 69, 69, 69, 73, 69, 72, 71, 75, 81, 77, 76","71, 69, 69, 69, 73, 69, 72, 71, 74, 81, 77, 75, 71",Casino games
1149,betano pacanele,ro,60,70,1.10,,pacanele gratis,2026-06-09 16:11:59,Sitelinks,80,33000,35000,2020-01-10,"Informational,Navigational,Branded,Non-local",Romanian,"13, 16, 9, 25, 13, 22, 24, 23, 55, 17, 63, 20, 2, 67, 40, 29, 42, 30, 118, 116, 53, 41, 92, 224",122,Gambling
1150,bet in casino,ro,81,70,,,getsbet casino,2026-06-28 08:33:48,"People also ask,Video preview",500,1100,1200,2020-01-16,"Informational,Commercial,Transactional,Non-branded,Non-local",English,"0, 0, 1, 16, 1, 1, 9, 86, 32, 17, 58, 121, 119, 333, 229, 83, 2, 2, 1, 1, 1, 7, 11, 8",9,Gambling
1151,betano vegas,ro,63,70,0.80,,betano.com login,2026-06-27 13:25:00,,600,100,100,2019-01-18,"Informational,Commercial,Transactional,Branded,Non-local",,"17, 35, 36, 52, 31, 37, 77, 55, 119, 64, 55, 102, 98, 76, 66, 85, 112, 37, 51, 44, 38, 28, 118, 28",59,Lottery
1152,casa pariurilor galati,ro,0,70,0.80,0.94,casa pariurilor,2026-05-26 17:26:46,"Local pack,Sitelinks",70,328000,360000,2015-10-27,"Informational,Branded,Local",Romanian,"52, 25, 17, 26, 30, 25, 71, 79, 64, 74, 68, 75, 25, 33, 55, 68, 55, 31, 63, 86, 51, 79, 104, 124",104,Sports betting; Business
1153,cont superbet gratis,ro,54,70,2.00,,cont superbet,2026-06-09 20:37:13,"Video preview,Sitelinks",90,6600,6900,2021-11-13,"Informational,Commercial,Branded,Non-local",Romanian,,,Sports betting
1154,ofertă casa pariurilor,ro,4,70,1.00,,casa pariurilor,2026-05-21 22:18:59,Sitelinks,80,327000,359000,2016-01-12,"Informational,Commercial,Branded,Non-local",Romanian,,,Sports betting
1155,betano. casino,ro,60,70,,,betano casino,2026-05-27 03:25:15,Sitelinks,100,20000,21000,2022-02-13,"Navigational,Transactional,Branded,Non-local",,"38, 45, 62, 54, 42, 54, 51, 82, 56, 63, 65, 74, 42, 78, 86, 65, 73, 64, 109, 129, 72, 37, 58, 71",49,Gambling
1156,ssuperbet,ro,6,70,1.50,1,superbet,2026-06-07 13:29:05,"Sitelinks,Video preview,Bottom ads,Paid sitelinks",300,1600000,1760000,2015-10-16,"Informational,Commercial,Branded,Non-local",Romanian,"60, 51, 42, 64, 78, 62, 71, 70, 64, 57, 62, 70, 30, 58, 50, 66, 82, 76, 84, 89, 73, 78, 69, 55",68,Sports betting
1157,aplicatie pariuri sportive,ro,46,70,4.50,,aplicatii pariuri sportive,2026-06-16 08:22:51,,90,100,100,2016-06-01,"Informational,Commercial,Transactional,Non-branded,Non-local",Romanian,"61, 57, 59, 66, 74, 76, 67, 71, 73, 73, 66, 62, 62, 58, 60, 67, 74, 77, 68, 72, 74, 74, 66, 63","62, 59, 60, 67, 75, 77, 69, 73, 74, 74, 67, 64, 63",Sports betting; Add-ons
1158,online casino game,ro,83,70,3.00,,slotomania,2026-06-21 21:33:46,,9700,1000,51000,2020-01-11,"Informational,Commercial,Transactional,Non-branded,Non-local",English,"19, 21, 11, 34, 22, 23, 29, 105, 36, 38, 78, 150, 151, 338, 176, 77, 8, 9, 9, 9, 12, 4, 6, 5",5,Gambling
1159,superbet],ro,42,70,0.50,1.2,superbet,2026-06-14 09:32:47,Sitelinks,200,1560000,1620000,2015-09-24,"Navigational,Transactional,Branded,Non-local",,"51, 48, 51, 57, 59, 58, 59, 71, 73, 71, 57, 63, 48, 49, 60, 62, 73, 71, 72, 68, 77, 73, 61, 63","57, 61, 66, 67, 69, 65, 68, 68, 78, 73, 61, 63, 57",Sports betting; Sports
1160,superbet aparate,ro,10,70,0.80,,superbet casino,2026-06-10 03:03:49,Sitelinks,100,15000,18000,2017-04-13,"Informational,Commercial,Branded,Non-local",Romanian,"65, 78, 100, 124, 150, 114, 145, 143, 109, 72, 68, 50, 21, 94, 53, 56, 64, 73, 129, 100, 71, 56, 78, 55",64,Gambling
1161,casa pariurilor tenis,ro,0,70,0.60,,pariuri tenis,2026-06-07 02:03:04,Sitelinks,70,100,100,2015-09-02,"Informational,Navigational,Commercial,Transactional,Branded,Non-local",Romanian,"14, 22, 12, 17, 29, 9, 4, 36, 2, 13, 16, 25, 12, 76, 75, 60, 55, 46, 67, 84, 64, 95, 91, 84",91,Sports betting; Racquet sports
1162,kaszino,ro,69,70,0.90,,casino online,2026-06-09 18:39:54,"Knowledge panel,Video preview",5600,17000,17000,2017-02-21,"Informational,Commercial,Transactional,Non-branded,Non-local",Hungarian,"31, 34, 20, 39, 57, 83, 65, 129, 59, 43, 55, 37, 44, 43, 44, 50, 45, 32, 61, 174, 88, 76, 90, 112",94,Lottery
1163,cota pariuri,ro,48,70,0.60,0.61,super bet,2026-06-18 10:46:10,People also ask,90,90000,92000,2015-11-10,"Informational,Commercial,Transactional,Non-branded,Non-local",Romanian,"69, 72, 64, 65, 74, 78, 74, 61, 72, 66, 59, 68, 69, 72, 64, 66, 74, 78, 74, 61, 72, 66, 59, 68","69, 72, 64, 66, 74, 78, 74, 61, 72, 66, 59, 68, 69",Sports betting; Expert content; Sports
1164,las vegas pacanele,ro,62,70,1.40,,lasvegas,2026-06-19 01:10:03,Sitelinks,100,24000,29000,2021-02-18,"Informational,Commercial,Transactional,Non-branded,Non-local",Romanian,"108, 142, 204, 239, 141, 116, 182, 225, 224, 156, 55, 27, 40, 58, 50, 54, 87, 144, 93, 87, 95, 69, 51, 47",56,Lottery
1165,efortuna login,ro,38,60,1.50,,fortuna,2026-06-05 18:57:13,Sitelinks,250,249000,255000,2016-05-09,"Navigational,Branded,Non-local",Romanian,,,Sports betting
1166,fara depunere casino,ro,74,60,4.00,,rotiri gratuite fara depunere,2026-06-07 07:22:59,,70,168000,172000,2020-12-03,"Informational,Commercial,Non-branded,Non-local",Romanian,"150, 226, 222, 122, 152, 129, 149, 136, 104, 97, 118, 119, 90, 79, 54, 53, 59, 51, 70, 68, 37, 36, 60, 66","40, 33, 11, 14, 22, 17, 38, 38, 10, 10, 36, 44, 19",Gambling
1167,pokerstars casino online,ro,50,60,3.00,,casino online,2026-06-16 18:20:03,Sitelinks,1900,16000,17000,2020-01-16,"Informational,Navigational,Commercial,Transactional,Branded,Non-local",English,"32, 48, 44, 37, 52, 69, 47, 22, 16, 3, 18, 19, 29, 102, 91, 100, 77, 40, 61, 43, 32, 22, 33, 51",31,Gambling
1168,creare cont casa pariurilor,ro,15,60,2.50,1.52,casa pariurilor inregistrare,2026-06-02 10:49:56,,60,150,200,2015-09-17,"Informational,Commercial,Transactional,Branded,Non-local",Romanian,"23, 27, 19, 30, 24, 31, 12, 18, 13, 25, 4, 15, 11, 35, 47, 38, 36, 50, 96, 90, 76, 48, 77, 87",71,Sports betting
1169,bilet pariuri sportive,ro,68,60,0.80,1.41,pariuri 1x2,2026-06-21 20:31:22,,70,15000,17000,2015-11-22,"Informational,Commercial,Transactional,Non-branded,Non-local",Romanian,"89, 56, 29, 34, 54, 38, 36, 41, 36, 51, 28, 30, 13, 21, 29, 34, 60, 80, 50, 74, 94, 110, 100, 86",100,Sports betting
1170,winner .ro,ro,71,60,0.80,,winner,2026-05-22 19:37:50,Sitelinks,100,68000,69000,2015-11-12,"Informational,Navigational,Commercial,Transactional,Branded,Non-local",,"34, 34, 35, 35, 43, 45, 42, 44, 35, 38, 36, 35, 42, 39, 47, 58, 65, 72, 73, 68, 61, 79, 72, 34","78, 65, 56, 72, 72, 71, 297, 107, 74, 130, 71, 79, 86",Sports betting
1171,zuperbet,ro,48,60,1.50,,superbet,2026-06-21 17:52:31,Sitelinks,300,1570000,1670000,2016-08-28,"Informational,Navigational,Commercial,Transactional,Branded,Non-local",,"58, 57, 50, 47, 46, 58, 71, 44, 50, 43, 54, 58, 30, 44, 53, 65, 52, 27, 57, 70, 79, 65, 62, 61",63,Sports betting; Sports
1172,descarca betano,ro,4,60,2.50,,betano ro,2026-05-28 00:12:05,Video preview,60,3700,4300,2018-08-28,"Informational,Transactional,Branded,Non-local",Romanian,"44, 30, 32, 47, 65, 86, 57, 38, 28, 49, 60, 71, 71, 45, 34, 57, 38, 82, 86, 106, 83, 51, 28, 34",39,Sports betting; Add-ons
1173,casa betano,ro,24,60,,,betano,2026-05-25 15:24:52,Sitelinks,250,470000,476000,2021-07-12,"Informational,Navigational,Commercial,Branded,Non-local",Romanian,"65, 74, 64, 69, 57, 34, 70, 58, 26, 75, 63, 82, 43, 62, 63, 52, 58, 62, 71, 59, 60, 65, 52, 43",54,Sports betting
1174,casa pariurilot,ro,22,60,0.60,0.88,casa pariurilor,2026-05-29 22:10:28,"Sitelinks,Knowledge panel",70,329000,362000,2015-09-11,"Informational,Navigational,Commercial,Transactional,Branded,Non-local",Romanian,"80, 62, 62, 50, 60, 60, 58, 54, 63, 71, 72, 70, 43, 75, 51, 64, 65, 55, 76, 69, 43, 61, 53, 55",57,Sports betting
1175,super bet.,ro,60,60,1.50,,superbet.ro,2026-06-24 03:29:07,,900,66000,75000,2015-11-28,"Informational,Navigational,Commercial,Branded,Non-local",Romanian,,,Sports betting
1176,agentie pariuri,ro,82,60,4.00,,casa pariurilor,2026-06-04 11:25:04,"Local pack,Sitelinks",70,330000,362000,2015-11-20,"Informational,Commercial,Non-branded,Local",Romanian,"50, 31, 35, 35, 49, 38, 23, 36, 28, 45, 43, 32, 27, 68, 44, 59, 61, 50, 66, 68, 70, 63, 76, 59",67,Sports betting; Business
1177,win2 bonus fara depunere 100 rotiri,ro,54,60,,,rotiri gratuite fara depunere,2026-05-22 21:27:58,,60,50000,50000,2023-11-23,"Informational,Commercial,Transactional,Branded,Non-local",Romanian,"179, 291, 295, 204, 214, 178, 245, 194, 124, 61, 75, 55, 60, 66, 32, 24, 14, 14, 53, 49, 43, 24, 113, 160",101,Gambling
1178,no deposit bonus romania,ro,58,60,0.80,,free spins no deposit romania,2026-06-26 04:41:23,,250,10,10,2016-01-08,"Informational,Commercial,Non-branded,Non-local",English,,,Gambling
1179,www.casapariurilor.ro,ro,11,60,1.00,1.12,casa pariurilor,2026-06-27 22:01:55,Sitelinks,100,347000,379000,2015-09-12,"Navigational,Transactional,Branded,Non-local",,"45, 65, 59, 53, 95, 79, 100, 73, 117, 98, 107, 41, 29, 50, 44, 38, 81, 65, 86, 59, 104, 85, 94, 28","17, 38, 32, 26, 69, 53, 75, 48, 93, 74, 83, 18, 6",Sports betting; Sports
1180,betano craiova,ro,2,60,0.80,,betano craiova,2026-06-06 12:32:07,Video preview,60,20,20,2017-12-12,"Informational,Commercial,Branded,Local",Romanian,,,Sports betting
1181,casa pariurilor rezultate fotbal live,ro,41,60,0.15,,flashscore,2026-05-26 11:18:41,,60,352000,448000,2016-03-31,"Informational,Branded,Non-local",Romanian,"79, 62, 8, 0, 59, 93, 70, 51, 26, 0, 0, 0, 0, 0, 0, 0, 0, 43, 109, 112, 0, 142, 179, 169",164,Sports news; Statistics
1182,winn bet,ro,59,60,0.70,,winbet,2026-05-20 18:17:40,"Top ads,Sitelinks,Bottom ads",1200,165000,181000,2015-09-06,"Informational,Commercial,Branded,Non-local",Romanian,,,Sports betting
1183,bonusuri pariuri fara depunere,ro,58,60,,,bonus pariuri fara depunere,2026-06-06 19:19:42,Bottom ads,60,1300,1400,2015-10-24,"Informational,Commercial,Non-branded,Non-local",Romanian,"8, 8, 12, 5, 12, 5, 14, 15, 17, 16, 6, 10, 13, 55, 69, 49, 62, 66, 58, 69, 55, 69, 83, 70",76,Sports betting
1184,casa pariurilor arad,ro,0,60,1.10,,casa pariurilor,2026-06-16 03:39:29,"Local pack,Sitelinks",60,347000,379000,2015-12-09,"Branded,Local",Romanian,"64, 67, 28, 32, 40, 21, 43, 48, 34, 44, 54, 38, 26, 60, 38, 45, 29, 52, 59, 69, 66, 134, 100, 68",101,Sports betting; Business
1185,casa pariurilor satu mare,ro,0,60,1.00,,casa pariurilor,2026-06-20 21:35:44,"Local pack,Sitelinks",70,347000,379000,2016-03-28,"Informational,Branded,Local",Romanian,"43, 39, 66, 33, 70, 62, 78, 57, 44, 40, 42, 61, 29, 93, 65, 40, 46, 47, 102, 69, 50, 32, 78, 93",68,Sports betting; Business
1186,casa pariurilor games,ro,45,60,0.70,,casa pariurilor casino,2026-06-01 08:11:00,Sitelinks,70,39000,42000,2020-03-21,"Informational,Commercial,Branded,Non-local",Romanian,,,Gambling
1187,betano betano,ro,54,60,,,betano,2026-05-23 21:19:34,Sitelinks,11000,472000,477000,2021-03-01,"Informational,Navigational,Commercial,Branded,Non-local",Romanian,,,Sports betting
1188,betano.ri,ro,20,60,3.50,,betano,2026-06-05 06:45:54,Sitelinks,70,471000,476000,2017-04-04,"Navigational,Branded,Non-local",Romanian,,,Sports betting
1189,winnner,ro,20,60,1.70,0.93,winner,2026-06-17 06:32:58,Sitelinks,700,65000,66000,2015-11-19,"Informational,Non-branded,Non-local",English,"87, 51, 48, 63, 59, 62, 88, 66, 67, 38, 17, 49, 80, 109, 20, 10, 103, 71, 65, 76, 37, 37, 40, 18",29,Music streams; News; Sharing
1190,www casa pariurilor ro,ro,0,60,0.60,,casa pariurilor,2026-05-26 00:16:11,Sitelinks,70,328000,360000,2016-05-27,"Navigational,Transactional,Branded,Non-local",Romanian,"41, 36, 32, 31, 33, 31, 31, 31, 28, 35, 37, 34, 39, 68, 70, 94, 71, 70, 97, 53, 37, 39, 46, 32",40,Sports betting
1191,broker casino,ro,74,60,1.80,,cazinouri online,2026-06-24 18:07:18,,90,29000,30000,2019-03-29,"Informational,Commercial,Transactional,Branded,Non-local",English,"127, 8, 14, 54, 51, 50, 52, 49, 53, 42, 37, 37, 59, 59, 49, 62, 62, 61, 63, 60, 64, 53, 48, 48","70, 70, 60, 72, 73, 72, 74, 71, 75, 64, 59, 59, 80",Gambling
1192,bettano,ro,4,60,1.60,1.1,betano,2026-06-01 17:27:18,"Sitelinks,Video preview",2000,471000,476000,2016-10-06,"Informational,Navigational,Commercial,Branded,Non-local",Romanian,,,Sports betting
1193,casino gambling online,ro,85,60,10.00,,superbet casino,2026-06-10 01:19:18,People also ask,3000,15000,18000,2020-01-13,"Informational,Commercial,Transactional,Non-branded,Non-local",English,"7, 14, 7, 8, 13, 7, 20, 78, 9, 3, 4, 10, 79, 321, 239, 61, 6, 4, 5, 13, 3, 6, 2, 3",5,Gambling
1194,agenti casa pariurilor,ro,14,60,2.50,1.02,casa pariurilor,2026-05-25 16:50:04,Sitelinks,80,328000,361000,2015-09-02,"Informational,Commercial,Branded,Local",Romanian,"55, 68, 75, 97, 61, 77, 69, 43, 101, 64, 99, 38, 47, 58, 64, 83, 53, 66, 60, 38, 88, 56, 87, 33","41, 51, 57, 74, 47, 59, 53, 34, 79, 50, 78, 30, 37",Sports betting; Business
1195,betao,ro,8,60,1.80,0.27,betano,2026-05-29 07:48:36,"Top ads,Sitelinks,Bottom ads,Paid sitelinks",535000,471000,476000,2016-11-15,"Informational,Navigational,Commercial,Branded,Non-local",,"80, 67, 67, 44, 69, 79, 89, 71, 86, 77, 83, 79, 44, 67, 38, 58, 59, 63, 84, 82, 76, 77, 56, 52",63,Sports betting; Sports
1196,jocuri casino cu bonus fara depunere,ro,73,60,5.00,,bonus fara depunere,2026-06-17 02:37:42,,100,134000,137000,2015-11-30,"Informational,Commercial,Non-branded,Non-local",Romanian,"54, 56, 60, 49, 48, 54, 52, 58, 60, 69, 72, 51, 57, 59, 63, 52, 51, 58, 55, 61, 63, 72, 75, 54","60, 62, 66, 55, 55, 61, 59, 65, 67, 76, 78, 57",Gambling
1197,las vegas casino.ro,ro,59,60,1.80,,lasvegas,2026-06-08 00:53:29,Sitelinks,200,23000,27000,2021-07-11,"Informational,Navigational,Commercial,Transactional,Non-branded,Local",Romanian,"24, 25, 47, 14, 14, 57, 66, 6, 19, 76, 101, 29, 19, 29, 44, 46, 58, 62, 67, 64, 60, 63, 41, 114",74,Gambling
1198,casa pariurilor numar de telefon,ro,5,60,0.40,,casa pariurilor contact,2026-06-16 22:22:45,Local pack,70,600,600,2016-02-22,"Informational,Branded,Local",Romanian,"32, 34, 24, 27, 50, 11, 45, 47, 33, 46, 46, 101, 53, 49, 68, 55, 58, 26, 67, 77, 51, 43, 56, 57",53,Sports betting; Business
1199,jocuri slot,ro,71,60,1.00,1.61,jocuri pacanele gratis,2026-06-25 19:31:28,,300,3200,3400,2015-09-05,"Informational,Commercial,Transactional,Non-branded,Non-local",Romanian,"41, 17, 48, 52, 54, 60, 100, 114, 114, 96, 26, 52, 35, 11, 42, 46, 48, 54, 94, 108, 108, 91, 20, 46","29, 5, 37, 40, 43, 49, 89, 102, 103, 85, 15, 41, 24",Lottery
1200,casa pariurilor.o,ro,36,60,1.60,,casa pariurilor,2026-05-29 18:43:48,"Sitelinks,Local pack",60,329000,362000,2022-12-06,"Informational,Navigational,Commercial,Branded,Non-local",Romanian,,,Sports betting
1201,promotie betano,ro,40,60,1.70,,betano,2026-06-02 05:49:50,Sitelinks,60,471000,476000,2016-10-19,"Informational,Commercial,Transactional,Branded,Non-local",Romanian,"26, 21, 24, 22, 24, 30, 30, 22, 25, 34, 30, 34, 14, 47, 41, 43, 53, 76, 86, 75, 113, 71, 49, 58",60,Sports betting
1202,casino game,ro,86,60,3.00,,gameworld,2026-06-27 00:22:04,Video preview,92000,23000,24000,2015-12-01,"Informational,Commercial,Transactional,Non-branded,Non-local",English,"66, 83, 60, 61, 72, 66, 44, 47, 34, 48, 66, 68, 59, 53, 45, 65, 61, 46, 72, 74, 69, 50, 60, 64",59,Card games; Gambling
1203,online casino free,ro,88,60,,,free slots,2026-05-23 18:15:04,,3700,1800,182000,2015-12-04,"Informational,Non-branded,Non-local",English,"36, 35, 30, 19, 27, 35, 35, 23, 12, 9, 22, 25, 13, 60, 63, 39, 56, 70, 65, 84, 56, 80, 60, 39",60,Gambling
1204,casaparourilor,ro,18,60,,,casa pariurilor,2026-06-07 22:07:22,"Sitelinks,Local pack",60,330000,362000,2016-03-09,"Informational,Commercial,Branded,Non-local",Romanian,"47, 41, 30, 40, 31, 41, 48, 32, 38, 54, 61, 53, 30, 49, 41, 43, 94, 48, 66, 59, 51, 67, 63, 43",58,Sports betting
1205,casino.online romania,ro,83,60,8.00,,cazinouri online,2026-06-27 02:28:23,,80,68000,73000,2021-04-15,"Informational,Commercial,Transactional,Branded,Non-local",,"19, 34, 33, 39, 46, 34, 51, 77, 71, 44, 26, 36, 21, 126, 116, 64, 51, 63, 57, 46, 48, 53, 53, 58",56,Gambling
1206,brtano,ro,3,60,1.60,,betano,2026-06-03 06:07:44,"Sitelinks,Video preview",5300,471000,476000,2016-05-23,"Informational,Navigational,Commercial,Branded,Non-local",Romanian,"98, 66, 82, 88, 77, 84, 99, 99, 87, 83, 81, 89, 72, 71, 55, 67, 51, 58, 74, 62, 72, 55, 53, 52","58, 39, 33, 43, 72, 66, 52, 51, 61, 44, 43, 41, 48",Sports betting; Sports
1207,win bet casino,ro,46,60,0.40,,winbet,2026-06-01 04:53:26,"Sitelinks,Video preview",1700,168000,198000,2017-11-29,"Informational,Navigational,Commercial,Transactional,Branded,Non-local",English,"70, 157, 125, 63, 73, 66, 24, 37, 62, 72, 55, 48, 44, 66, 33, 65, 47, 55, 30, 47, 50, 45, 53, 154",86,Sports betting
1208,winnee,ro,27,60,2.00,,winner,2026-06-24 10:45:45,Sitelinks,500,66000,67000,2015-10-29,"Informational,Navigational,Commercial,Transactional,Branded,Non-local",,"80, 77, 70, 75, 104, 78, 132, 95, 82, 34, 18, 52, 52, 57, 21, 19, 54, 90, 99, 73, 55, 35, 67, 36",42,Sports betting; Sports
1209,betnao,ro,2,60,1.60,,betano,2026-06-07 04:54:38,"Sitelinks,Video preview",7300,471000,476000,2017-03-06,"Informational,Navigational,Commercial,Transactional,Branded,Non-local",,"68, 45, 50, 51, 51, 57, 56, 58, 61, 57, 56, 60, 50, 54, 35, 56, 65, 59, 70, 66, 68, 61, 57, 54","59, 56, 49, 61, 64, 67, 66, 62, 65, 58, 54, 51, 56",Sports betting; Sports
1210,casapariurilo,ro,18,60,,0.89,casa pariurilor,2026-06-09 06:56:09,"Sitelinks,Local pack",60,332000,364000,2015-09-10,"Informational,Commercial,Branded,Non-local",Romanian,"47, 50, 47, 47, 56, 37, 47, 99, 38, 47, 50, 67, 43, 31, 30, 35, 38, 33, 71, 57, 51, 75, 76, 50",68,Sports betting
1211,betano slots,ro,61,60,1.20,,betano casino,2026-06-12 11:07:03,Sitelinks,21000,26000,27000,2018-12-11,"Informational,Commercial,Branded,Non-local",English,,,Casino games
1212,"betano,ro",ro,63,60,,,betano,2026-06-14 19:26:28,"Top ads,Sitelinks",80,469000,473000,2016-06-20,"Navigational,Branded,Non-local",Romanian,,,Sports betting
1213,casino online gaming,ro,85,60,10.00,,gameworld,2026-06-17 18:14:37,,2000,27000,27000,2020-01-24,"Informational,Commercial,Transactional,Non-branded,Non-local",English,"11, 9, 10, 19, 5, 6, 12, 98, 36, 23, 58, 118, 126, 321, 188, 55, 1, 3, 1, 6, 3, 5, 18, 7",10,Gambling
1214,efortuna.ro verificare bilet,ro,42,60,0.25,0.96,scanare bilet fortuna,2026-06-07 03:09:32,,60,1000,1000,2015-11-30,"Informational,Navigational,Branded,Non-local",Romanian,,,Sports betting
1215,cazinouri cu bonusuri fara depunere,ro,67,60,4.50,,bonus fara depunere,2026-06-20 23:23:53,Sitelinks,90,131000,134000,2016-05-04,"Informational,Commercial,Transactional,Non-branded,Non-local",Romanian,"84, 84, 71, 69, 71, 79, 106, 96, 82, 84, 56, 54, 60, 60, 48, 47, 49, 58, 85, 76, 63, 65, 37, 36","42, 43, 31, 31, 34, 43, 70, 62, 48, 51, 24, 23, 30",Gambling
1216,pariuri online fortuna,ro,34,60,0.45,1.38,fortuna,2026-06-07 10:41:13,Sitelinks,80,247000,253000,2015-10-21,"Informational,Navigational,Commercial,Transactional,Branded,Non-local",Romanian,"33, 17, 42, 46, 57, 55, 58, 65, 80, 92, 69, 55, 40, 37, 43, 46, 60, 58, 60, 68, 82, 95, 71, 58","43, 40, 46, 49, 62, 60, 63, 71, 85, 98, 74, 60, 45",Sports betting
1217,uperbet,ro,48,60,2.50,0.99,superbet,2026-06-20 13:36:56,Sitelinks,450,1580000,1680000,2015-09-19,"Navigational,Commercial,Transactional,Branded,Local",,"35, 40, 23, 34, 34, 58, 41, 41, 38, 48, 36, 48, 31, 34, 49, 69, 100, 77, 86, 71, 41, 55, 134, 14","39, 91, 96, 7, 54, 17, 48, 14, 15, 17, 69, 8, 10",Sports betting; Sports
1218,superbet promotie,ro,60,60,1.80,,superbet casino,2026-06-10 10:35:24,,90,9100,9300,2016-10-08,"Informational,Commercial,Branded,Non-local",Romanian,"22, 14, 35, 31, 22, 46, 37, 55, 12, 14, 34, 24, 16, 35, 55, 59, 53, 50, 132, 122, 77, 49, 55, 61",56,Gambling
1219,agenti pariuri,ro,68,60,4.50,,case pariuri online,2026-06-24 18:48:43,"Local pack,Sitelinks",70,1700,2000,2015-11-18,"Informational,Commercial,Non-branded,Local",Romanian,"17, 24, 24, 32, 25, 28, 29, 25, 20, 26, 24, 20, 13, 82, 94, 50, 71, 50, 53, 54, 49, 116, 63, 39",74,Sports betting; Business
1220,casa pariurilor verifica bilet,ro,25,60,1.10,1.23,casa pariurilor verificare bilet,2026-06-15 23:52:28,,60,12000,12000,2015-09-15,"Informational,Navigational,Transactional,Branded,Non-local",Romanian,"73, 42, 72, 54, 95, 146, 51, 91, 70, 91, 68, 29, 49, 57, 56, 43, 74, 96, 90, 59, 70, 63, 51, 44","43, 55, 77, 77, 88, 78, 90, 59, 70, 63, 51, 44, 43",Sports betting
1221,auperbet,ro,60,60,0.90,1.02,club superbet,2026-06-23 06:50:56,,1100,67000,67000,2015-10-10,"Informational,Navigational,Commercial,Transactional,Branded,Non-local",,"57, 73, 57, 55, 53, 55, 72, 63, 59, 61, 62, 72, 40, 60, 62, 63, 60, 53, 51, 66, 66, 65, 61, 57","41, 37, 38, 46, 71, 51, 50, 66, 66, 65, 60, 56, 41",Sports betting; Sports
1222,site-uri pariuri,ro,77,60,9.00,1.19,cele mai bune case de pariuri online,2026-06-05 14:28:48,Sitelinks,70,1600,1900,2015-09-15,"Informational,Commercial,Non-branded,Non-local",Romanian,,,Sports betting
1223,casino vegas,ro,79,60,2.50,,lasvegas,2026-06-22 03:30:57,"Local pack,Video preview",15000,24000,26000,2015-12-22,"Informational,Commercial,Transactional,Non-branded,Local",English,,,Lottery; Business; Tourist destinations
1224,casa pariurilor bucurești,ro,35,60,1.20,0.56,casa pariurilor contact,2026-06-22 13:35:36,Local pack,70,700,700,2015-09-29,"Branded,Local",Romanian,"28, 14, 29, 28, 34, 51, 31, 36, 24, 33, 50, 61, 34, 165, 84, 85, 32, 18, 53, 43, 33, 47, 44, 52",49,Sports betting; Business
1225,joc gratis casino,ro,81,60,1.10,,jocuri pacanele gratis 77777,2026-06-09 06:21:20,Sitelinks,60,19000,20000,2021-05-20,"Informational,Non-branded,Non-local",Romanian,"0, 0, 0, 52, 0, 1, 8, 110, 26, 29, 69, 114, 101, 312, 174, 51, 2, 4, 3, 1, 7, 6, 12, 14",12,Casino games
1226,casapariurilor ro,ro,0,60,1.20,,casa pariurilor,2026-06-26 16:41:48,Sitelinks,70,347000,379000,2015-09-09,"Navigational,Transactional,Branded,Non-local",Romanian,"45, 63, 53, 48, 44, 21, 31, 30, 103, 35, 28, 29, 27, 47, 49, 30, 30, 62, 203, 60, 55, 58, 50, 53",55,Sports betting; Sports
1227,www.las vegas.ro,ro,62,60,,,lasvegas,2026-06-28 01:56:59,Sitelinks,90,24000,26000,2023-06-28,"Navigational,Transactional,Non-branded,Non-local",,"57, 199, 137, 302, 383, 218, 283, 69, 40, 115, 145, 179, 70, 47, 50, 136, 85, 85, 69, 67, 40, 44, 26, 38",37,Lottery
1228,fortuna app,ro,43,60,0.15,,fortuna casino,2026-05-28 20:17:16,,900,6600,6700,2019-05-24,"Informational,Transactional,Branded,Non-local",English,"55, 32, 72, 70, 78, 73, 71, 60, 69, 71, 57, 52, 50, 47, 57, 70, 78, 73, 71, 60, 69, 71, 58, 52","50, 47, 57, 70, 78, 73, 71, 60, 69, 71, 58, 52, 50",Sports betting; Add-ons
1229,login fortuna,ro,47,60,,,fortuna,2026-05-26 18:55:35,Sitelinks,80,262000,266000,2016-05-13,"Navigational,Transactional,Non-branded,Non-local",English,"61, 84, 60, 49, 85, 50, 155, 74, 45, 91, 36, 95, 44, 68, 71, 69, 60, 52, 53, 53, 59, 49, 45, 45",48,Sports betting
1230,sueprbet,ro,48,60,2.50,0.94,superbet,2026-05-22 11:00:58,"Sitelinks,Video preview",400,1610000,1760000,2015-09-26,"Informational,Navigational,Commercial,Transactional,Branded,Non-local",,"42, 32, 36, 37, 39, 69, 53, 44, 51, 68, 56, 46, 45, 51, 51, 59, 49, 48, 54, 66, 60, 67, 57, 54",63,Sports betting; Sports
1231,inregistrare casa pariurilor,ro,39,50,1.60,,creare cont casa pariurilor,2026-05-22 22:28:53,,50,150,200,2015-12-12,"Informational,Transactional,Branded,Non-local",Romanian,"28, 26, 20, 59, 15, 27, 30, 22, 20, 25, 14, 13, 13, 34, 31, 24, 29, 32, 61, 110, 94, 39, 62, 57",53,Sports betting
1232,cea mai buna aplicatie de pariuri sportive,ro,1,50,4.00,,cea mai buna aplicatie de pariuri sportive,2026-06-19 22:44:50,Sitelinks,100,40,40,2016-04-02,"Informational,Commercial,Non-branded,Non-local",Romanian,,,Sports betting
1233,logare casa pariurilor,ro,1,50,2.50,,casa pariurilor,2026-05-28 04:01:30,Sitelinks,50,328000,360000,2015-09-30,"Navigational,Branded,Non-local",Romanian,"136, 94, 101, 133, 121, 72, 46, 55, 73, 74, 77, 69, 31, 25, 40, 51, 58, 50, 42, 45, 50, 47, 42, 46","47, 44, 41, 43, 42, 42, 49, 43, 49, 45, 41, 46",Sports betting
1234,xpariuri,ro,79,50,1.40,1.09,unibet.ro,2026-06-14 16:37:15,"Top stories,Thumbnail",60,14000,15000,2015-09-01,"Informational,Commercial,Transactional,Non-branded,Non-local",Romanian,"67, 38, 1, 9, 40, 50, 62, 12, 26, 54, 56, 53, 64, 72, 55, 34, 0, 45, 76, 55, 47, 55, 67, 66",64,Sports betting; Sports
1235,betano com romania,ro,54,50,,,betano casino,2026-06-28 02:32:08,,60,33000,34000,2022-07-31,"Navigational,Commercial,Transactional,Branded,Non-local",,"1, 3, 3, 59, 1, 0, 8, 98, 45, 24, 109, 115, 85, 309, 176, 49, 1, 2, 0, 0, 0, 0, 0, 0",1,Sports betting; Sports
1236,suprebet,ro,25,50,1.50,1,superbet,2026-05-25 18:22:23,"Sitelinks,Video preview",200,1610000,1760000,2015-10-21,"Informational,Commercial,Branded,Non-local",Romanian,,,Sports betting
1237,las vegas jocuri,ro,58,50,1.00,,lasvegas,2026-06-28 03:15:38,Sitelinks,70,24000,26000,2016-05-17,"Informational,Commercial,Transactional,Non-branded,Non-local",Romanian,"15, 16, 16, 27, 15, 22, 30, 48, 37, 44, 54, 49, 60, 32, 40, 45, 58, 61, 54, 61, 55, 42, 43, 57",48,Lottery
1238,paorbet,ro,35,50,1.80,,superbet,2026-05-27 13:15:53,"Sitelinks,Video preview",50,1610000,1760000,2020-11-23,"Navigational,Transactional,Branded,Non-local",,"13, 13, 39, 33, 24, 34, 32, 42, 61, 86, 68, 66, 34, 55, 38, 26, 43, 29, 39, 72, 55, 70, 55, 43",58,Sports betting; Sports
1239,pariuri sportive betano,ro,0,50,0.70,,betano,2026-05-21 17:44:48,"Sitelinks,Top stories,Thumbnail",60,472000,477000,2019-03-31,"Informational,Navigational,Commercial,Transactional,Branded,Non-local",Romanian,"18, 20, 12, 14, 12, 17, 42, 19, 19, 8, 21, 27, 39, 73, 72, 78, 42, 46, 44, 49, 37, 39, 41, 38",40,Sports betting
1240,superbef,ro,37,50,4.00,,superbet,2026-05-20 09:58:53,"Sitelinks,Video preview",300,1610000,1740000,2015-10-26,"Informational,Branded,Non-local",Romanian,,,Sports betting
1241,jocuri gratis fara depunere,ro,73,50,2.00,,bonus fara depunere,2026-05-27 18:23:51,,50,144000,148000,2021-06-01,"Informational,Commercial,Transactional,Non-branded,Non-local",Romanian,"39, 56, 95, 70, 95, 54, 84, 175, 86, 95, 43, 46, 27, 42, 66, 74, 54, 63, 85, 70, 55, 16, 2, 17",13,Gambling
1242,winbet demo,ro,71,50,0.30,,winbet,2026-06-27 08:53:47,Sitelinks,200,169000,177000,2020-02-26,"Informational,Commercial,Branded,Non-local",English,"64, 72, 81, 70, 50, 52, 83, 98, 68, 49, 63, 49, 29, 85, 105, 124, 34, 38, 28, 27, 31, 27, 17, 19",20,Gambling
1243,apk casa pariurilor,ro,37,50,1.20,,casa pariurilor apk,2026-05-27 12:07:59,,60,1700,1900,2018-12-09,"Informational,Commercial,Transactional,Branded,Non-local",Romanian,,,Sports betting
1244,pariaza online fortuna,ro,13,50,2.50,,fortuna,2026-06-08 12:19:54,Sitelinks,60,247000,253000,2016-04-30,"Informational,Commercial,Transactional,Branded,Non-local",Romanian,,,Sports betting
1245,verificate bilet casa pariurilor,ro,38,50,0.50,,verificare bilet casa pariurilor cod scurt,2026-06-04 04:14:05,"Featured snippet,Video preview",50,500,500,2018-02-19,"Informational,Transactional,Branded,Non-local",Romanian,"13, 12, 17, 16, 24, 26, 18, 25, 40, 42, 21, 16, 17, 27, 28, 21, 33, 41, 120, 108, 59, 44, 68, 38",51,Sports betting
1246,superbetgames,ro,47,50,1.40,,superbet casino,2026-06-23 08:00:55,Video preview,80,18000,20000,2020-01-10,"Informational,Commercial,Transactional,Branded,Non-local",English,"34, 22, 33, 42, 57, 41, 31, 35, 18, 29, 25, 48, 32, 44, 35, 53, 55, 47, 70, 65, 57, 53, 49, 38",48,Sports betting
1247,casa pariurulor,ro,26,50,0.60,0.96,casa pariurilor,2026-06-27 18:30:36,Sitelinks,50,347000,379000,2015-09-04,"Informational,Navigational,Commercial,Transactional,Branded,Local",Romanian,"61, 139, 91, 39, 28, 51, 32, 43, 13, 28, 32, 63, 22, 47, 51, 39, 68, 36, 68, 50, 41, 49, 54, 40",49,Sports betting
1248,bonus de bun venit casa pariurilor,ro,46,50,3.00,,400 rotiri gratuite fara depunere,2026-06-05 10:09:23,,60,200,200,2016-04-21,"Informational,Commercial,Branded,Non-local",Romanian,"30, 22, 36, 44, 47, 55, 48, 46, 24, 44, 59, 47, 25, 53, 38, 50, 53, 41, 49, 51, 55, 43, 59, 42",49,Sports betting
1249,siteuri de pariuri,ro,76,50,8.00,0.76,unibet.ro,2026-06-16 09:57:17,Sitelinks,60,14000,15000,2015-10-17,"Informational,Commercial,Transactional,Non-branded,Non-local",Romanian,"22, 27, 35, 33, 41, 47, 28, 42, 32, 39, 34, 25, 15, 46, 58, 43, 54, 74, 81, 50, 50, 33, 59, 59",51,Sports betting
1250,superpet,ro,15,50,1.20,,superbet demo,2026-06-13 07:20:10,,13000,17000,20000,2015-10-28,"Informational,Navigational,Commercial,Transactional,Branded,Non-local",,"41, 63, 23, 36, 26, 39, 33, 20, 15, 19, 13, 30, 27, 20, 26, 27, 40, 33, 50, 87, 66, 81, 91, 51",75,Pet food
1251,casino free spin,ro,69,50,3.50,,casino free spins,2026-05-23 20:00:38,Sitelinks,3400,2400,2400,2020-01-12,"Informational,Commercial,Transactional,Non-branded,Non-local",English,"36, 36, 40, 47, 37, 33, 60, 33, 51, 68, 66, 63, 52, 36, 46, 49, 45, 32, 54, 65, 74, 44, 46, 48",47,Gambling
1252,romanian online casino,ro,79,50,11.00,,cazinouri online,2026-06-11 19:30:19,Top ads,250,34000,35000,2016-05-09,"Informational,Commercial,Transactional,Non-branded,Non-local",English,"4, 7, 11, 4, 4, 4, 9, 10, 7, 14, 7, 7, 10, 44, 41, 48, 50, 46, 43, 46, 46, 59, 66, 43",57,Gambling
1253,livescore casa pariurilor,ro,42,50,0.60,,flashscore,2026-05-22 00:26:05,Sitelinks,50,335000,424000,2015-09-25,"Informational,Navigational,Branded,Non-local",Romanian,"0, 0, 0, 0, 0, 0, 9, 12, 11, 19, 17, 9, 53, 18, 44, 62, 30, 96, 57, 41, 56, 77, 44, 41",55,Sports betting; Statistics
1254,casa pariurilir,ro,18,50,,1,casa pariurilor,2026-05-22 23:36:10,Sitelinks,50,328000,360000,2015-11-04,"Informational,Navigational,Commercial,Transactional,Branded,Non-local",Romanian,"56, 45, 32, 43, 42, 46, 50, 39, 37, 49, 48, 47, 41, 41, 48, 45, 30, 38, 42, 63, 46, 40, 66, 38",49,Sports betting
1255,verificare cod bilet casa pariurilor,ro,40,50,,1.27,casa pariurilor verificare bilet,2026-06-26 17:50:12,,50,13000,13000,2015-09-03,"Informational,Navigational,Branded,Non-local",Romanian,,,Sports betting
1256,site-uri pacanele,ro,82,50,6.00,,cazinouri online,2026-06-06 14:39:07,,70,98000,103000,2016-11-16,"Informational,Commercial,Non-branded,Non-local",Romanian,,,Gambling
1257,all slots.ro,ro,62,50,4.00,,all slots,2026-05-22 02:09:50,Video preview,50,500,500,2022-07-30,"Navigational,Commercial,Transactional,Branded,Non-local",,"74, 41, 39, 62, 78, 80, 107, 83, 31, 51, 23, 30, 14, 6, 0, 8, 31, 26, 58, 84, 131, 132, 35, 20",55,Gambling
1258,siteuri casino,ro,81,50,7.00,,cazinouri online,2026-06-07 06:40:37,,70,99000,104000,2021-11-16,"Informational,Commercial,Non-branded,Non-local",Romanian,"50, 51, 52, 51, 52, 53, 59, 54, 52, 52, 52, 49, 47, 48, 48, 47, 49, 49, 55, 51, 48, 48, 48, 46","43, 44, 45, 44, 45, 46, 52, 48, 45, 45, 45, 43",Gambling
1259,betano mobil,ro,0,50,1.70,,betano,2026-06-26 04:52:04,Sitelinks,80,467000,470000,2016-08-28,"Informational,Commercial,Transactional,Branded,Non-local",Romanian,"114, 70, 88, 53, 67, 41, 17, 39, 86, 9, 3, 1, 115, 70, 88, 53, 67, 41, 17, 40, 86, 10, 3, 1","115, 70, 88, 53, 67, 41, 17, 40, 86, 10, 3, 1, 115",Sports betting; Add-ons
1260,furtuna games,ro,71,50,0.80,,fortuna casino,2026-06-05 01:59:35,"Sitelinks,Knowledge panel",50,29000,33000,2021-12-18,"Informational,Commercial,Transactional,Branded,Non-local",English,"280, 221, 264, 234, 94, 49, 59, 187, 79, 133, 65, 123, 11, 0, 21, 94, 101, 75, 101, 0, 11, 29, 82, 60",58,Lottery; Sports betting
1261,betano.eo,ro,0,50,,,betano,2026-05-21 04:17:53,"Top ads,Sitelinks",70,472000,477000,2017-05-22,"Navigational,Transactional,Branded,Non-local",,"47, 48, 57, 43, 44, 51, 52, 60, 55, 56, 66, 60, 54, 62, 40, 56, 36, 68, 47, 62, 69, 60, 46, 46",52,Sports betting
1262,www.fortuna.ro,ro,48,50,0.70,1,www.fortuna.ro,2026-06-14 07:16:34,,90,150,200,2015-09-15,"Navigational,Transactional,Branded,Non-local",,"78, 123, 26, 36, 67, 51, 42, 3, 142, 42, 2, 41, 69, 114, 17, 27, 59, 44, 35, 1, 135, 36, 1, 35","63, 108, 12, 22, 55, 39, 30, 1, 131, 32, 1, 31, 60",Sports betting; Sports
1263,shining crown superbet,ro,53,50,1.00,,shining crown,2026-06-21 17:48:13,,70,1700,1800,2020-01-10,"Informational,Commercial,Branded,Non-local",English,,,Gambling
1264,win 2 casino,ro,13,50,1.40,,win2,2026-05-20 18:46:40,Sitelinks,90,76000,78000,2023-06-14,"Informational,Navigational,Commercial,Transactional,Branded,Non-local",English,"90, 100, 140, 26, 34, 43, 55, 45, 32, 31, 20, 13, 14, 21, 33, 30, 55, 55, 43, 46, 61, 129, 93, 63",99,Gambling
1265,aplicația casa pariurilor,ro,18,50,1.20,,casa pariurilor apk,2026-06-16 11:58:02,,60,1900,2200,2017-02-06,"Informational,Transactional,Branded,Non-local",Romanian,"30, 20, 35, 43, 41, 57, 78, 92, 62, 227, 142, 122, 14, 43, 51, 57, 52, 42, 54, 39, 99, 70, 86, 39",66,Sports betting; Add-ons
1266,casa pariuriloe,ro,36,50,0.60,0.95,casa pariurilor,2026-06-02 13:42:46,"Sitelinks,Local pack",60,329000,362000,2015-10-02,"Informational,Navigational,Commercial,Branded,Local",Romanian,"88, 53, 48, 46, 47, 36, 104, 34, 38, 53, 45, 69, 47, 54, 40, 50, 61, 27, 60, 53, 55, 56, 61, 57",59,Sports betting; Sports
1267,fortuna aparate,ro,20,50,0.70,,fortuna casino,2026-06-14 18:35:11,Sitelinks,60,38000,44000,2019-06-03,"Informational,Navigational,Commercial,Transactional,Branded,Non-local",Romanian,"108, 236, 256, 162, 113, 133, 122, 191, 151, 136, 134, 130, 59, 59, 70, 67, 65, 43, 46, 70, 43, 39, 56, 18",39,Sports betting
1268,free spins no deposit romania,ro,66,50,3.00,,cazinouri internationale cu bonus fara depunere,2026-06-14 17:45:46,,60,800,800,2015-11-23,"Informational,Commercial,Non-branded,Local",English,,,Gambling
1269,superbet roman,ro,60,50,0.90,,superbet roman,2026-06-21 23:48:15,Local pack,70,10,10,2017-04-19,"Informational,Branded,Local",Romanian,,,Sports betting
1270,fortu a,ro,0,50,0.60,,fortuna,2026-06-14 03:07:29,Sitelinks,500,254000,259000,2015-10-27,"Navigational,Commercial,Transactional,Branded,Non-local",Romanian,"55, 48, 50, 48, 39, 67, 61, 51, 48, 59, 54, 62, 44, 79, 59, 58, 55, 40, 45, 63, 52, 66, 41, 38",49,Lottery; Sports betting
1271,casa pariurilor descarcare,ro,31,50,2.50,,casa pariurilor apk,2026-06-08 08:53:59,,70,1800,2100,2016-11-12,"Commercial,Transactional,Branded,Non-local",Romanian,,,Sports betting
1272,conectare fortuna,ro,36,50,0.70,,fortuna casino,2026-06-19 02:14:23,,50,36000,41000,2020-01-10,"Navigational,Transactional,Branded,Non-local",Romanian,"230, 93, 65, 0, 0, 0, 0, 0, 0, 321, 321, 0, 0, 0, 0, 0, 0, 0, 0, 0, 0, 130, 228, 183",180,Sports betting
1273,tare n slot,ro,71,50,2.50,,tare-n slot,2026-05-30 02:29:09,Sitelinks,60,50,50,2022-06-22,"Informational,Commercial,Non-branded,Non-local",Romanian,"61, 62, 114, 101, 91, 83, 75, 82, 75, 81, 59, 59, 55, 50, 56, 60, 59, 45, 45, 48, 46, 51, 32, 32","30, 26, 33, 38, 38, 25, 26, 30, 29, 34, 16",Gambling
1274,superbet intra in cont,ro,65,50,1.90,,cont superbet,2026-05-28 17:24:52,Video preview,90,6700,7100,2018-12-29,"Informational,Navigational,Branded,Non-local",Romanian,"351, 442, 358, 664, 124, 84, 155, 100, 47, 65, 52, 120, 102, 83, 61, 101, 39, 60, 11, 29, 12, 60, 13, 76","60, 42, 24, 63, 9, 30, 2, 2, 1, 35, 1, 54, 39",Sports betting
1275,romanian online casinos,ro,73,50,11.00,,netbet,2026-06-06 05:23:41,,250,177000,180000,2020-12-11,"Informational,Commercial,Transactional,Non-branded,Non-local",English,"2, 0, 3, 0, 1, 1, 5, 0, 2, 5, 2, 4, 4, 76, 70, 78, 85, 55, 45, 40, 36, 40, 39, 37",40,Gambling
1276,games superbet,ro,76,50,1.00,,superbet casino,2026-05-28 12:08:49,,80,17000,19000,2019-11-28,"Informational,Navigational,Transactional,Branded,Non-local",English,"114, 77, 69, 811, 56, 74, 141, 858, 38, 27, 13, 13, 73, 116, 115, 30, 34, 20, 26, 27, 36, 11, 26, 21",17,Sports betting
1277,casa pariurilor bonusuri,ro,33,50,3.00,,casa pariurilor bonus de bun venit,2026-05-21 06:07:42,Sitelinks,60,1500,1600,2015-09-10,"Informational,Commercial,Branded,Non-local",Romanian,,,Sports betting
1278,suber bet,ro,31,50,,,superbet,2026-05-26 01:07:50,"Sitelinks,Video preview",200,1610000,1760000,2015-09-19,"Navigational,Transactional,Branded,Non-local",English,"63, 68, 40, 58, 56, 65, 71, 72, 43, 55, 33, 38, 34, 35, 49, 55, 54, 52, 63, 64, 72, 42, 53, 40",46,Sports betting; Sports
1279,betano casa de pariuri,ro,28,50,,,betano,2026-05-29 15:19:36,Sitelinks,50,471000,476000,2018-12-22,"Informational,Navigational,Commercial,Branded,Non-local",Romanian,"0, 0, 0, 0, 1, 4, 2, 1, 4, 9, 5, 9, 3, 49, 52, 46, 44, 48, 53, 51, 47, 54, 70, 60",62,Sports betting; Sports
1280,winnwr,ro,15,50,1.80,,winner,2026-06-11 22:43:50,Sitelinks,300,69000,70000,2016-01-24,"Informational,Navigational,Commercial,Branded,Non-local",Romanian,"64, 57, 46, 59, 81, 70, 115, 111, 93, 28, 24, 50, 43, 44, 16, 14, 51, 86, 80, 101, 50, 27, 34, 15",23,Lottery; Sports betting
1281,casino .ro,ro,84,50,,,casino online,2026-05-29 06:31:00,,70,84000,88000,2022-06-06,"Informational,Commercial,Non-branded,Non-local",Romanian,,,Casino games; Gambling
1282,super bey,ro,35,50,1.60,,superbet,2026-06-07 19:17:16,"Sitelinks,Local pack,Video preview",350,1600000,1750000,2016-02-14,"Informational,Commercial,Branded,Non-local",Romanian,"62, 53, 41, 37, 52, 62, 65, 52, 45, 58, 48, 56, 29, 58, 36, 45, 42, 41, 59, 65, 59, 44, 41, 53",47,Sports betting
1283,autentificare betano,ro,0,50,2.00,,betano,2026-05-21 21:16:12,"Sitelinks,Video preview",60,472000,477000,2016-09-26,"Informational,Navigational,Transactional,Branded,Non-local",Romanian,"239, 189, 174, 160, 93, 132, 147, 135, 103, 186, 80, 68, 22, 49, 46, 40, 35, 22, 44, 33, 39, 39, 131, 100",91,Sports betting
1284,supe bet,ro,0,50,1.60,0.78,superbet,2026-06-04 22:07:55,"Sitelinks,Video preview",250,1610000,1760000,2015-09-15,"Informational,Navigational,Commercial,Transactional,Branded,Non-local",English,"26, 39, 27, 55, 41, 35, 45, 41, 40, 35, 30, 25, 19, 40, 43, 32, 46, 35, 48, 56, 59, 58, 60, 44",55,Sports betting
1285,superbet',ro,36,50,,1.23,superbet,2026-06-23 09:18:40,Sitelinks,150,1570000,1670000,2015-11-08,"Navigational,Transactional,Branded,Non-local",,"49, 54, 29, 40, 92, 68, 106, 38, 60, 74, 85, 58, 39, 32, 45, 62, 57, 46, 76, 63, 61, 67, 35, 58",54,Sports betting; Sports
1286,castig pariuri sportive,ro,1,50,0.70,,impozit pariuri,2026-06-16 16:33:57,"AI Overview,Thumbnail,Sitelinks,Video preview,Image pack",50,150,150,2015-09-15,"Informational,Commercial,Non-branded,Non-local",Romanian,"76, 25, 23, 27, 18, 22, 23, 28, 16, 19, 11, 10, 18, 42, 56, 36, 50, 32, 57, 77, 48, 50, 36, 36",42,Sports betting; General reference
1287,verificarea bilet casa pariurilor,ro,2,50,,,verificare bilet,2026-05-29 08:00:35,Video preview,50,2400,2400,2015-10-12,"Informational,Navigational,Branded,Non-local",Romanian,,,Sports betting
1288,efortun,ro,0,50,0.80,0.83,fortuna,2026-06-15 14:40:04,Sitelinks,90,253000,258000,2015-10-17,"Informational,Navigational,Commercial,Branded,Non-local",Romanian,,,Lottery; Sports betting
1289,www.winner.ro,ro,28,50,1.50,1.01,winner,2026-06-05 19:44:20,Sitelinks,50,68000,69000,2015-09-04,"Informational,Navigational,Non-branded,Non-local",,"30, 79, 22, 20, 60, 18, 47, 15, 24, 25, 24, 13, 21, 65, 43, 33, 61, 55, 69, 111, 64, 22, 32, 18",22,Lottery; Sports betting
1290,casa pariurilor logare cont,ro,0,50,0.80,,casa pariurilor,2026-05-27 21:36:30,Sitelinks,60,328000,360000,2016-01-18,"Navigational,Transactional,Branded,Non-local",Romanian,"1, 441, 60, 4, 3, 2, 9, 65, 38, 88, 45, 34, 26, 71, 56, 80, 81, 96, 76, 35, 21, 33, 27, 27",30,Sports betting
1291,casa pariurilor rezultate fotbal,ro,47,50,0.20,1.1,flashscore,2026-06-08 09:43:54,,50,338000,438000,2015-09-02,"Informational,Commercial,Branded,Non-local",Romanian,"72, 109, 148, 189, 166, 211, 223, 143, 110, 41, 0, 0, 0, 131, 49, 0, 0, 47, 62, 79, 16, 41, 58, 52",47,Sports betting; Statistics
1292,betano românia,ro,3,50,1.00,,betano,2026-05-22 19:53:23,Sitelinks,250,472000,477000,2021-05-12,"Informational,Navigational,Commercial,Branded,Non-local",Romanian,"53, 20, 30, 39, 25, 26, 42, 49, 75, 86, 68, 223, 87, 95, 102, 107, 39, 44, 28, 76, 18, 5, 9, 6",7,Sports betting; Sports
1293,casa pariurilor brasov,ro,0,50,1.70,0.83,casa pariurilor,2026-05-30 10:10:48,"Local pack,Sitelinks",60,329000,362000,2015-10-19,"Informational,Branded,Local",Romanian,"72, 59, 37, 37, 48, 50, 41, 58, 27, 66, 39, 58, 18, 39, 52, 76, 40, 38, 41, 39, 41, 91, 63, 63","59, 55, 61, 72, 74, 95, 93, 70, 72, 82, 63, 63, 59",Sports betting; Business
1294,pariuri laif,ro,70,50,0.60,,betano live,2026-05-26 16:52:58,,50,7500,7800,2017-01-17,"Commercial,Transactional,Branded,Non-local",Romanian,"3, 0, 1, 4, 10, 5, 2, 0, 0, 0, 1, 4, 11, 53, 48, 50, 48, 45, 44, 52, 44, 58, 69, 59",63,Sports betting; Sports
1295,superbet oferta de astazi,ro,56,50,1.00,,superbet oferta,2026-05-21 11:45:37,Sitelinks,70,45000,46000,2016-10-04,"Informational,Commercial,Branded,Non-local",Romanian,"88, 123, 148, 133, 148, 222, 322, 213, 206, 156, 108, 44, 42, 42, 42, 25, 30, 51, 85, 74, 87, 38, 33, 58",44,Sports betting
1296,superrbet,ro,50,50,1.50,1.12,superbet,2026-05-24 01:46:11,Sitelinks,200,1610000,1760000,2015-09-02,"Navigational,Transactional,Branded,Non-local",,"38, 31, 19, 40, 37, 48, 43, 62, 38, 56, 29, 45, 37, 47, 41, 39, 59, 47, 54, 64, 72, 48, 62, 48",54,Sports betting; Sports
1297,cazinoz,ro,72,50,2.50,,cazinoz,2026-06-18 23:45:41,Sitelinks,250,70,70,2020-01-14,"Informational,Navigational,Commercial,Branded,Non-local",Romanian,"98, 151, 112, 146, 118, 110, 228, 255, 118, 77, 75, 73, 30, 44, 50, 61, 59, 77, 119, 71, 35, 33, 23, 18",26,Gambling
1298,hattrick casa,ro,0,50,0.40,,hattrick casa,2026-06-01 18:48:59,,60,10,10,2018-04-10,"Informational,Commercial,Branded,Non-local",Romanian,"151, 144, 161, 149, 168, 135, 131, 153, 132, 154, 123, 142, 100, 80, 62, 61, 29, 34, 60, 36, 33, 32, 52, 27",38,Business finance; Investing; Sports betting; Company news; Business
1299,casa pariurilor aplicație,ro,32,50,,,casa pariurilor apk,2026-05-29 08:04:17,,50,1700,1900,2017-11-16,"Informational,Navigational,Commercial,Transactional,Branded,Non-local",Romanian,,,Sports betting
1300,pariurile,ro,79,50,4.00,0.71,casa pariurilor,2026-05-28 14:11:52,Bottom ads,60,328000,360000,2015-09-01,"Informational,Commercial,Transactional,Branded,Non-local",Romanian,"40, 56, 55, 76, 65, 58, 119, 87, 106, 80, 96, 73, 47, 38, 48, 74, 66, 47, 46, 46, 50, 51, 53, 39",49,Sports betting
1301,jocuri demo superbet,ro,41,50,0.70,,pacanele gratis,2026-05-29 22:51:15,Sitelinks,70,17000,18000,2021-12-16,"Informational,Commercial,Branded,Non-local",Romanian,"97, 77, 44, 52, 123, 153, 145, 88, 73, 30, 35, 22, 6, 6, 14, 19, 31, 38, 16, 42, 111, 139, 108, 39",96,Sports betting
1302,betano oferte,ro,44,50,1.60,,betano,2026-05-21 05:38:07,Sitelinks,60,472000,477000,2017-01-28,"Informational,Commercial,Branded,Non-local",Romanian,"84, 58, 48, 41, 69, 101, 107, 72, 63, 38, 31, 34, 30, 35, 41, 43, 46, 86, 85, 90, 53, 34, 54, 51",47,Sports betting
