#,Keyword,Country,Difficulty,Volume,CPC,CPS,Parent Keyword,Last Update,SERP Features,Global volume,Traffic potential,Global traffic potential,First seen,Intents,Languages,SV trend (06-2024 - 05-2026),SV Forecasting trend (06-2026 - 06-2027),Category
1,betano,ro,31,499000,1.00,1.11,betano,2026-06-21 04:18:48,Sitelinks,35060000,467000,471000,2016-02-03,"Informational,Branded,Non-local",,"771149, 659512, 695801, 718769, 607535, 573182, 718931, 641522, 602800, 597240, 550897, 515891, 414899, 410605, 435141, 486951, 476338, 469228, 651254, 580558, 525240, 526786, 521295, 489632","510917, 469954, 457733, 473477, 513138, 506826, 599253, 524100, 527979, 509532, 504387, 472618, 494178",Sports betting
2,casa pariurilor,ro,64,304000,1.30,1.14,casa pariurilor,2026-06-21 16:59:41,"Sitelinks,Knowledge panel,Video preview",338000,346000,379000,2015-09-01,"Informational,Commercial,Branded,Non-local",Romanian,"329056, 280463, 300145, 321102, 312850, 321461, 347478, 310515, 272629, 305319, 334484, 367577, 282296, 267308, 299168, 307659, 289794, 250918, 312808, 261572, 350855, 332544, 322360, 291008","255329, 257577, 298486, 322395, 323159, 307415, 326388, 307099, 332429, 315345, 305942, 276415",Sports betting
3,unibet,ro,61,121000,0.15,1.06,unibet,2026-06-21 04:15:54,"Sitelinks,Video preview",1500000,128000,133000,2015-09-01,"Navigational,Transactional,Branded,Non-local",,"216964, 181414, 163616, 157986, 160220, 143576, 194566, 159840, 158844, 153372, 133224, 138934, 104371, 116576, 129273, 129254, 123571, 120333, 129851, 111214, 127568, 123622, 125612, 115051","117266, 109640, 117976, 117027, 119447, 120551, 136150, 123551, 125203, 121774, 124099, 113935, 116351",Sports betting
4,888 casino,ro,61,83000,1.20,1.16,888 casino,2026-06-27 22:04:11,Sitelinks,835000,74000,78000,2015-09-03,"Informational,Navigational,Commercial,Transactional,Branded,Non-local",English,"120294, 128039, 120905, 132672, 111827, 92938, 124959, 119570, 83184, 89293, 106991, 89677, 65335, 72498, 106775, 114894, 137497, 107999, 68763, 62202, 54011, 69067, 74091, 64954","61703, 61421, 58565, 59496, 60855, 60104, 71533, 69321, 64569, 61415, 66074, 57369, 53919",Gambling
5,casino online,ro,82,55000,3.00,1.17,cazinouri online,2026-06-28 15:50:06,,989000,29000,30000,2015-09-03,"Informational,Commercial,Transactional,Non-branded,Non-local",English,"14514, 15852, 16514, 16591, 16676, 16074, 20409, 31687, 64117, 70998, 47994, 42904, 37163, 51260, 70868, 62951, 59443, 58492, 56248, 56109, 55846, 54274, 49063, 47443","45203, 44696, 43773, 40859, 39167, 38104, 37180, 37222, 37971, 36736, 32341, 31132, 29578",Gambling
6,pacanele gratis,ro,76,46000,0.60,1.62,pacanele gratis,2026-06-24 15:17:37,Video preview,52000,52000,57000,2015-09-02,"Informational,Non-branded,Non-local",Romanian,"54460, 43858, 46492, 62558, 68266, 70947, 68287, 69825, 63393, 59757, 50270, 49102, 34211, 30591, 33059, 38239, 53674, 46221, 49185, 53235, 71496, 57875, 46993, 43007","36338, 32178, 31061, 37591, 52940, 45712, 48748, 52854, 71085, 57607, 46817, 42878, 36251",Sweets
7,888,ro,47,41000,0.70,0.92,888 casino,2026-06-27 22:08:43,"Top ads,Paid sitelinks,Sitelinks,Video preview",1670000,74000,78000,2015-09-02,"Informational,Navigational,Commercial,Transactional,Branded,Non-local",,"49407, 50370, 50427, 48156, 47011, 43116, 52704, 50548, 38264, 39237, 44013, 40578, 34787, 36385, 44915, 45273, 58221, 49127, 40458, 33038, 28514, 38771, 39813, 36863","35893, 35426, 35042, 35395, 36884, 37363, 41548, 40297, 37960, 37121, 38174, 35226, 34265",Gambling
8,las vegas casino,ro,38,37000,0.70,0.27,lasvegas,2026-06-20 09:58:56,"Sitelinks,Video preview",66000,24000,29000,2015-09-03,"Informational,Commercial,Transactional,Non-branded,Non-local",English,"102227, 101452, 115516, 112567, 112648, 94559, 99430, 65484, 57109, 61956, 56800, 46145, 42099, 32259, 40193, 37243, 39123, 35873, 46231, 36130, 36970, 33733, 34045, 32461","33149, 31159, 36243, 38296, 39254, 36003, 46362, 36261, 37101, 33864, 34176, 32592, 33279",Lottery
9,cazinouri online,ro,82,32000,3.00,1.21,casino online romania,2026-06-16 02:34:45,Video preview,37000,46000,51000,2015-09-09,"Informational,Commercial,Transactional,Non-branded,Non-local",Romanian,"8202, 9298, 9338, 9350, 9925, 8858, 11008, 19815, 59623, 25591, 28828, 27222, 21124, 24020, 34949, 34064, 32240, 32585, 33638, 34934, 39505, 36270, 36835, 37837","37770, 38120, 39762, 40159, 40773, 41118, 42171, 43467, 48037, 44803, 45368, 46370",Gambling
10,casino,ro,82,24000,2.50,0.56,betano casino,2026-06-23 06:26:14,"Top ads,Paid sitelinks,Bottom ads,Video preview",1800000,30000,31000,2015-09-01,"Informational,Commercial,Transactional,Non-branded,Non-local",English,"13242, 14121, 14547, 15652, 15064, 14489, 17878, 17390, 22400, 26891, 21842, 19044, 17612, 21603, 24691, 24980, 24700, 24702, 27010, 25313, 25947, 26117, 23838, 23989","24142, 25870, 26388, 26187, 25907, 25910, 28217, 26521, 27154, 27324, 25046, 25196, 25350",Gambling
11,casino online romania,ro,81,21000,3.00,1.5,cazinouri online,2026-06-24 11:16:58,,27000,31000,32000,2015-10-10,"Informational,Commercial,Transactional,Non-branded,Non-local",Romanian,"5444, 6648, 5191, 6703, 6206, 6436, 6934, 17068, 15139, 21381, 21045, 20585, 16649, 19249, 19219, 19695, 20011, 20313, 21248, 22156, 21271, 22543, 22370, 22629","22871, 23135, 23418, 23895, 24211, 24512, 25448, 26356, 25471, 26743, 26570, 26828, 27070",Gambling
12,mr bit,ro,30,18000,0.45,,mrbit,2026-06-22 06:58:13,Sitelinks,29000,26000,29000,2016-09-19,"Informational,Navigational,Commercial,Transactional,Branded,Non-local",,"1551, 23317, 24330, 6149, 624, 26301, 37566, 596, 808, 7081, 7106, 951, 6194, 5308, 5165, 4376, 624, 34811, 41355, 10257, 9265, 37588, 40103, 26139","11514, 15524, 17292, 13421, 9826, 38548, 42444, 9537, 11685, 16597, 15697, 12722, 13179",Sports betting
13,betano ro,ro,65,18000,1.10,,betano casino,2026-06-28 13:57:11,,23000,33000,34000,2016-04-26,"Informational,Navigational,Commercial,Transactional,Branded,Non-local",,"21937, 24494, 22440, 20007, 15976, 13288, 15509, 11031, 11252, 9319, 7802, 8783, 8098, 7709, 9161, 17005, 17434, 17853, 25936, 23663, 21812, 21665, 22028, 23258","23676, 24709, 23336, 23892, 24545, 25260, 27598, 24980, 23128, 22982, 23345, 24575, 24993",Sports betting
14,rotiri gratuite,ro,71,15000,2.50,1.48,rotiri gratuite fara depunere,2026-06-21 10:43:50,,16000,47000,48000,2015-11-29,"Informational,Commercial,Transactional,Non-branded,Non-local",Romanian,"10045, 10401, 12947, 13154, 14659, 16740, 18181, 19773, 19706, 19757, 16386, 13161, 12490, 14731, 14499, 14483, 14926, 15155, 15552, 15978, 15453, 15122, 14831, 14666","14259, 13982, 14162, 14165, 14594, 14836, 15223, 15657, 15127, 14802, 14507, 14346, 13937",Gambling
15,pacanele,ro,76,15000,0.90,1.31,pacanele gratis,2026-06-28 08:43:51,Video preview,17000,5400,5500,2015-09-01,"Informational,Commercial,Transactional,Non-branded,Non-local",Romanian,"12741, 9727, 11460, 14593, 14183, 15400, 15935, 16860, 17119, 17142, 14746, 15351, 13093, 11838, 11715, 14132, 14076, 15314, 15866, 16804, 17074, 17106, 14716, 15328","13075, 11822, 11702, 14122, 14068, 15308, 15861, 16800, 17071, 17103, 14714, 15326, 13073",Lottery
16,betano casino,ro,76,13000,1.30,0.95,betano casino,2026-06-20 23:17:20,Sitelinks,162000,30000,31000,2016-05-27,"Informational,Commercial,Branded,Non-local",English,"17125, 16464, 17727, 19898, 16333, 17537, 23506, 17333, 16515, 13329, 13518, 13522, 12276, 13302, 11312, 11091, 11676, 11600, 15517, 13440, 12214, 11939, 11861, 11698","11984, 11142, 9474, 9308, 9890, 9857, 13780, 11737, 10522, 10276, 10214",Casino games
17,casa,ro,25,13000,0.04,0.76,casa pariurilor,2026-06-24 18:56:44,"Sitelinks,Video preview,Image pack",1380000,347000,379000,2015-09-01,"Informational,Non-branded,Non-local","Spanish,Italian,Portuguese","11490, 15135, 12712, 12980, 11932, 11091, 10910, 11642, 11049, 10963, 10589, 10642, 10455, 13981, 14767, 13502, 13127, 12698, 13225, 12434, 12135, 11905, 11869, 12301","11761, 12980, 14779, 13513, 13137, 12707, 13233, 12441, 12141, 11911, 11875, 12306, 11766",/Other
18,cazinouri noi,ro,77,11000,1.00,,cazinouri online,2026-06-22 01:42:43,,12000,32000,33000,2020-03-07,"Informational,Commercial,Non-branded,Non-local",Romanian,"383, 1641, 1641, 2088, 3108, 3882, 4668, 7262, 15889, 16209, 8845, 8669, 7143, 9021, 11093, 11098, 16085, 13514, 11449, 11641, 11335, 10709, 8920, 8470","7506, 7556, 6960, 6592, 6575, 5676, 5276, 5163, 5739, 5155, 3978, 3679, 3164",Gambling
19,betfair,ro,74,10000,1.60,1.07,betfair,2026-06-27 12:26:32,Sitelinks,1660000,11000,11000,2015-09-01,"Informational,Commercial,Branded,Non-local",,"13211, 12334, 11647, 11906, 12116, 11695, 10781, 10813, 13402, 10601, 11674, 9927, 9255, 9878, 11183, 10838, 11288, 10090, 10732, 10279, 11236, 10211, 10516, 9176","10360, 9529, 11121, 10787, 11247, 10058, 10706, 10257, 11218, 10197, 10505, 9167",Sports betting
20,cazinouri online noi,ro,68,9200,1.50,,cazinouri online,2026-06-22 12:07:32,Sitelinks,9700,30000,31000,2018-11-29,"Informational,Commercial,Transactional,Non-branded,Non-local",Romanian,"229, 714, 865, 894, 395, 1306, 507, 4481, 10254, 12608, 6843, 6751, 5396, 5824, 8601, 10228, 10453, 8852, 10432, 10302, 10563, 10567, 9638, 9391","8927, 8987, 8843, 8584, 8276, 8086, 7849, 8020, 8426, 8396, 7571, 7319, 6934",Gambling
21,casino online nou,ro,73,9000,2.00,,cazinouri online,2026-06-21 22:00:12,,9500,32000,33000,2020-01-27,"Informational,Commercial,Transactional,Non-branded,Non-local",Romanian,"865, 1342, 1360, 1650, 2057, 2510, 3168, 5933, 12888, 13568, 8891, 7318, 5935, 7491, 9268, 11047, 11249, 11124, 9357, 8910, 9613, 8764, 8103, 7251","6842, 6681, 6415, 5976, 5721, 5357, 5131, 5088, 5518, 5211, 4463, 3982, 3585",Gambling
22,cazino,ro,82,8900,2.50,0.51,casino online romania,2026-06-17 14:43:16,Knowledge panel,26000,46000,51000,2015-09-02,"Informational,Commercial,Transactional,Branded,Non-local",Romanian,"5008, 5583, 5794, 5100, 5180, 5530, 6584, 7543, 10730, 11649, 8573, 8840, 7635, 8192, 10964, 8443, 7806, 7720, 8774, 8927, 10276, 10022, 9217, 8992","9182, 12130, 12861, 9883, 9119, 9001, 10209, 10368, 11912, 11597, 10647, 10369",Gambling
23,cazinouri noi romania,ro,60,8800,1.20,,cazinouri online,2026-06-22 03:36:27,Sitelinks,9400,64000,69000,2021-04-26,"Informational,Commercial,Transactional,Non-branded,Non-local",Romanian,"834, 1269, 1586, 1573, 1881, 2368, 3505, 6516, 11973, 12364, 6745, 8151, 6502, 8290, 8642, 8471, 10281, 10127, 8637, 10549, 12545, 8879, 4058, 8817","6570, 8991, 8119, 7608, 9107, 8092, 7479, 10951, 12947, 9281, 4459, 9219, 6972",Gambling
24,cazino online,ro,82,8700,3.00,1.08,cazinouri online,2026-06-20 13:23:56,"Top ads,Paid sitelinks,Bottom ads,Video preview",12000,52000,57000,2015-09-02,"Commercial,Transactional,Non-branded,Non-local",Romanian,"4152, 4198, 4251, 4586, 4517, 4451, 5293, 6877, 9418, 11145, 7107, 7089, 5656, 7314, 7612, 9014, 9327, 9172, 10587, 9579, 9109, 10067, 8729, 8469","8100, 8538, 11123, 10002, 10715, 9855, 9514, 9844, 9310, 10244, 8851, 8564, 8172",Gambling
25,bonus casino,ro,78,8400,4.00,1.03,888,2026-06-21 13:17:31,Sitelinks,35000,89000,94000,2015-09-01,"Informational,Commercial,Transactional,Non-branded,Non-local",English,"1523, 1516, 1574, 1411, 1997, 2396, 2346, 1803, 12133, 14486, 9518, 8046, 6515, 8458, 8600, 9915, 11662, 9762, 8299, 8210, 8561, 8118, 6823, 6321","5641, 5549, 5053, 4834, 4684, 4122, 3764, 3531, 4446, 4091, 3200, 2838, 2463",Gambling
26,cazinouri fara depunere,ro,70,8400,1.30,,bonus fara depunere,2026-06-21 17:38:13,Bottom ads,8800,130000,133000,2016-01-16,"Informational,Commercial,Transactional,Non-branded,Non-local",Romanian,"1498, 1788, 2293, 2268, 2323, 2860, 3405, 7315, 13258, 13717, 8795, 8721, 6029, 7461, 9062, 10873, 11242, 11051, 9310, 13524, 10703, 1978, 4026, 5315","4814, 4789, 4963, 5548, 5590, 5839, 5779, 7227, 7230, 8144, 6919, 5829, 5276",Gambling
27,cazinou,ro,78,8300,2.00,0.57,cazinouri online,2026-06-26 02:25:21,Video preview,9200,31000,34000,2015-09-01,"Informational,Commercial,Transactional,Non-branded,Non-local",Romanian,"2060, 2057, 2337, 2154, 2269, 1957, 3093, 4700, 7166, 7538, 2186, 5218, 2381, 2739, 7402, 6998, 8127, 5981, 5795, 7582, 26757, 18368, 3285, 3640","9563, 10597, 15764, 15213, 16264, 13978, 14011, 16242, 35397, 24626, 13932, 17499, 14770",Gambling
28,cazinouri online romania,ro,83,8200,2.00,,cazinouri online,2026-06-27 09:46:36,Sitelinks,10000,68000,73000,2016-01-02,"Informational,Commercial,Transactional,Non-branded,Non-local",Romanian,"1805, 2256, 2245, 2339, 3385, 2819, 2744, 5250, 11960, 12302, 7971, 2220, 6338, 6792, 8242, 9773, 10024, 9952, 10023, 12022, 9356, 6382, 3722, 5664","5536, 5494, 5270, 5293, 4962, 4712, 4526, 4663, 4924, 4721, 4145, 3402, 3560",Gambling
29,casino nou romania,ro,74,8000,1.20,,cazinouri online,2026-06-21 17:36:38,Sitelinks,8500,30000,31000,2020-06-21,"Informational,Commercial,Transactional,Non-branded,Non-local",Romanian,"854, 1260, 502, 415, 485, 1871, 642, 4426, 11978, 12437, 6673, 7938, 6448, 6760, 8403, 9875, 10124, 10032, 9960, 10283, 8046, 6594, 3255, 6697","6530, 6992, 7186, 7174, 6826, 6650, 6129, 6714, 6988, 6382, 5502, 6594, 6443",Gambling
30,unibet ro,ro,62,7600,0.20,1.03,unibet,2026-06-21 17:36:10,Sitelinks,14000,128000,132000,2015-09-02,"Informational,Navigational,Commercial,Transactional,Branded,Non-local",,"875, 12900, 16767, 12278, 1018, 2252, 2391, 1099, 10114, 7522, 8901, 7024, 8893, 9907, 9788, 9394, 4852, 5995, 8295, 5614, 7195, 7095, 7195, 7536","5808, 6968, 7960, 7665, 3263, 4396, 6717, 4054, 5564, 5553, 5670, 6073, 4340",Sports betting
31,jocuri cazino,ro,82,7400,2.00,1.27,cazinouri online,2026-06-28 10:28:33,,8400,12000,13000,2015-09-08,"Informational,Commercial,Transactional,Non-branded,Non-local",Romanian,"964, 945, 983, 990, 987, 1728, 2169, 3918, 7869, 12814, 8459, 8559, 8063, 7395, 7604, 8664, 8669, 8672, 8661, 10429, 8140, 5565, 2685, 4730","4021, 3937, 4387, 4758, 4651, 4819, 4938, 5524, 4910, 4971, 3308, 3985, 3777",Lottery
32,online casino,ro,83,7100,3.00,1.27,casino online,2026-06-27 20:15:32,,1830000,13000,13000,2015-09-03,"Informational,Commercial,Transactional,Non-branded,Non-local",English,"3518, 3497, 2014, 2275, 2133, 2142, 5074, 9309, 11882, 16608, 9237, 7557, 6007, 6503, 6802, 7939, 8124, 6886, 6863, 7156, 7134, 7501, 6190, 6642","6730, 7188, 7429, 7500, 6981, 6625, 6852, 7155, 7134, 7501, 6189, 6642",Gambling
33,casino rotiri gratuite,ro,72,7100,2.50,,rotiri gratuite fara depunere,2026-06-20 19:18:42,Sitelinks,7800,47000,48000,2017-06-03,"Informational,Commercial,Transactional,Non-branded,Non-local",Romanian,"848, 964, 1539, 1680, 1875, 2316, 2352, 6593, 10671, 12822, 8211, 8270, 6649, 6931, 8380, 8445, 10221, 8537, 8533, 10382, 9580, 1671, 2582, 2981","1555, 2297, 1686, 1986, 1659, 1647, 1356, 2225, 2018, 1443, 1022, 1346, 792",Gambling
34,top cazinouri online,ro,72,6800,3.00,,cazinouri online,2026-06-28 19:52:19,,7900,4400,4400,2016-07-23,"Informational,Commercial,Transactional,Non-branded,Non-local",Romanian,"913, 928, 1069, 1180, 1461, 1763, 1442, 3926, 12491, 11010, 6916, 6893, 4743, 5965, 7291, 7344, 8951, 7439, 7350, 7571, 7250, 6978, 5711, 5486","4645, 4628, 4182, 3851, 3509, 3245, 2938, 2938, 3587, 3113, 2470, 2221, 1797",Gambling
35,cazino romania,ro,82,6800,4.50,,cazinouri online,2026-06-22 00:58:53,,7600,63000,68000,2015-10-24,"Informational,Commercial,Branded,Non-local",Romanian,"603, 499, 519, 520, 511, 981, 1571, 4080, 7188, 13318, 7328, 6226, 5076, 6585, 6676, 7617, 8918, 6216, 6206, 6489, 6702, 7181, 6468, 6238","6048, 6140, 6033, 5909, 5804, 5661, 5653, 5854, 6068, 6556, 5845",Gambling
36,top casino online,ro,65,6600,4.50,,top cazinouri online,2026-06-20 19:16:16,Sitelinks,17000,17000,18000,2015-09-03,"Informational,Commercial,Non-branded,Non-local",English,"1217, 1224, 977, 992, 1247, 1365, 1658, 4316, 11827, 11994, 6449, 6454, 4407, 5385, 6664, 7990, 8268, 6849, 6844, 6573, 7151, 6023, 4935, 4837","4119, 4235, 3862, 3831, 3334, 3035, 2815, 3106, 3747, 2995, 2026",Casino games; Gambling
37,cazinouri,ro,80,6500,2.50,0.6,cazinouri online,2026-06-23 12:17:35,,7200,8700,12000,2015-09-02,"Informational,Commercial,Non-branded,Non-local",Romanian,"1008, 1016, 1027, 1029, 1050, 1239, 1571, 3668, 10126, 10532, 5819, 5725, 4641, 5685, 6994, 7078, 8596, 7228, 7168, 6921, 6901, 6412, 5387, 4863","4351, 4189, 3947, 3485, 3319, 2982, 2854, 2905, 3309, 2973, 2234, 1900, 1626",Gambling
38,jocuri casino online gratis,ro,73,6300,1.00,1.71,pacanele gratis,2026-06-28 06:46:56,,7300,30000,32000,2015-09-28,"Informational,Commercial,Non-branded,Non-local",Romanian,"888, 882, 884, 901, 1045, 1349, 1672, 4592, 7611, 10937, 6902, 6913, 5611, 5881, 7016, 8358, 8500, 7241, 7320, 8741, 6659, 4456, 2161, 3788","3219, 2737, 3065, 3374, 3179, 2880, 3515, 4803, 3843, 3741, 1400, 2807, 2080",Lottery
39,slot casino,ro,85,6200,1.90,,slotv,2026-06-26 08:00:52,,29000,13000,14000,2015-09-26,"Informational,Commercial,Non-branded,Non-local",English,"502, 529, 518, 535, 508, 612, 772, 3372, 11307, 11488, 6154, 6111, 4831, 5091, 6344, 7543, 7595, 6307, 6261, 6014, 6292, 5856, 4840, 4475","3956, 3785, 3490, 3169, 2848, 2568, 2371, 2406, 3032, 2769, 2022",Casino games
40,lista cazinouri online romania,ro,62,6200,1.10,,lista cazinouri online romania,2026-06-23 12:11:28,,6700,5900,6300,2017-11-30,"Informational,Commercial,Non-branded,Non-local",Romanian,"882, 1020, 1311, 527, 1888, 531, 1950, 5413, 10326, 10823, 8124, 6825, 5500, 6819, 7006, 8360, 8588, 7007, 6985, 8512, 6418, 4297, 1778, 3652","3105, 4029, 3792, 4193, 4328, 3425, 4403, 6037, 5223, 4169, 2784, 3093, 2912",Lottery; Business
41,jocuri casino,ro,82,6100,2.50,1.25,fortuna casino,2026-06-16 02:08:40,,7100,39000,44000,2015-09-02,"Informational,Commercial,Transactional,Non-branded,Non-local",Romanian,"713, 558, 843, 698, 794, 1030, 1315, 3915, 10713, 12153, 6304, 5599, 3969, 5425, 4291, 4098, 4650, 4850, 5139, 7239, 12280, 9975, 5898, 4791","4987, 4466, 4277, 4085, 4636, 4836, 5124, 7217, 12245, 9947, 5882, 4779, 4974",Gambling
42,top casino,ro,74,6000,2.00,,cazinouri online,2026-06-22 09:02:40,"Sitelinks,Video preview",22000,32000,33000,2016-01-18,"Informational,Commercial,Non-branded,Non-local",English,"570, 560, 572, 694, 685, 803, 1104, 3172, 10408, 10760, 5704, 5643, 3884, 4794, 5935, 7058, 7281, 7114, 7117, 6178, 6765, 5949, 5182, 4571","4092, 3883, 3602, 3198, 2921, 2586, 2452, 2362, 2932, 2643, 1993, 1735, 1400",Gambling
43,cazinouri romania,ro,82,6000,2.50,1.19,cazinouri online,2026-06-22 08:00:12,Sitelinks,6500,63000,68000,2015-09-12,"Informational,Commercial,Non-branded,Local",Romanian,"749, 749, 855, 862, 860, 873, 1353, 3273, 10663, 9576, 5957, 5946, 4765, 5005, 6172, 7388, 7589, 6352, 6431, 6529, 6306, 6062, 4952, 4736","4078, 4013, 3607, 3290, 2974, 2742, 2538, 2557, 3109, 2731, 2113, 1913, 1592",Gambling; Business
44,păcănele gratis,ro,76,6000,0.45,,pacanele gratis,2026-06-24 17:56:41,,6900,40000,42000,2015-09-20,"Informational,Non-branded,Non-local",Romanian,"5723, 7027, 6857, 6547, 6012, 6515, 7203, 11813, 7695, 5161, 6552, 5489, 3946, 5894, 5941, 5472, 5155, 5631, 6877, 10615, 6918, 4823, 5427, 4939","3497, 5316, 5362, 5051, 4688, 5300, 6397, 10962, 6848, 4428, 5584, 4794, 3251",Lottery
45,jocuri pacanele gratis,ro,76,5700,0.50,1.5,pacanele gratis,2026-06-21 12:03:18,,6300,49000,54000,2015-09-01,"Informational,Non-branded,Non-local",Romanian,"4122, 4036, 4356, 5492, 5739, 5376, 6571, 7202, 7016, 6220, 5050, 5162, 4255, 4165, 4495, 5667, 5922, 5547, 6779, 7430, 7237, 6416, 5208, 5323","4387, 4294, 4635, 5842, 6104, 5717, 6987, 7657, 7458, 6611, 5366, 5484, 4520",Lottery
46,aparate gratis,ro,74,5700,0.50,1.54,pacanele gratis,2026-06-21 17:07:28,Video preview,7400,48000,53000,2015-10-04,"Informational,Non-branded,Non-local",Romanian,"6554, 6198, 5931, 7227, 6803, 7861, 7427, 9070, 8046, 6899, 6087, 5428, 5267, 6284, 6577, 5261, 6071, 5711, 6033, 6832, 5984, 5703, 4435, 4180","3857, 4746, 5001, 5870, 6395, 5689, 5988, 6803, 5962, 5686, 4424, 4172, 3850",Lottery
47,oferte casino,ro,69,5600,5.00,,oferte casino,2026-06-21 22:03:05,,5900,3100,3300,2018-05-12,"Informational,Commercial,Transactional,Non-branded,Non-local",Romanian,"426, 524, 527, 436, 538, 537, 533, 3169, 8043, 9522, 5886, 5846, 3981, 4953, 6060, 7317, 7476, 6260, 6105, 7566, 6995, 4759, 1924, 3897","3081, 3383, 3213, 2972, 2717, 2695, 3108, 6427, 6618, 5587, 4617, 4350, 3436",Gambling
48,slots casino,ro,76,5600,1.90,,pacanele,2026-06-18 04:05:56,Video preview,56000,13000,13000,2016-02-04,"Informational,Commercial,Transactional,Non-branded,Non-local",English,"463, 470, 426, 504, 544, 682, 647, 3247, 10897, 11038, 5935, 6070, 4940, 5051, 5943, 7098, 7312, 6015, 5926, 7378, 6756, 4524, 2117, 3845","3391, 3020, 2820, 2609, 2283, 2007, 1819, 1851, 2249, 2000, 1460, 1305, 1071",Lottery
49,casino bonus,ro,75,5500,2.50,0.45,888 casino bonus fara depunere,2026-06-15 04:36:19,Sitelinks,103000,5000,5200,2015-09-01,"Informational,Commercial,Non-branded,Non-local",English,"696, 768, 688, 693, 797, 1380, 1377, 3745, 10230, 14425, 5767, 5719, 4690, 6071, 6201, 6051, 7031, 5827, 5826, 7101, 6552, 4453, 2194, 3788","3399, 3371, 3158, 2982, 2874, 2725, 2609, 2798, 3271, 3454, 2418, 2199, 1933",Gambling
50,top 10 casino online,ro,67,5200,6.00,,top 10 casino online,2026-06-18 02:54:20,"Sitelinks,Video preview",13000,3800,4000,2020-01-11,"Informational,Commercial,Transactional,Non-branded,Non-local",English,"262, 319, 290, 363, 499, 575, 711, 775, 12517, 15195, 6823, 6852, 3906, 5667, 7024, 8369, 1676, 7074, 7060, 1821, 8049, 5429, 2144, 3957","3371, 3111, 2972, 2754, 2120, 2009, 1727, 1394, 2623, 2509, 1519, 1326, 878",Gambling
51,casino online gratis,ro,77,5100,1.20,1.23,cazinouri online,2026-06-24 19:07:22,,26000,31000,34000,2015-09-22,"Informational,Commercial,Non-branded,Non-local",Romanian,"458, 564, 561, 556, 561, 701, 701, 3508, 11573, 11960, 5452, 5393, 4303, 4563, 5551, 6641, 6828, 5623, 5728, 5144, 5490, 4651, 3472, 3256","2658, 2534, 2236, 2160, 1783, 1529, 1361, 1569, 2253, 1811, 925, 1006, 650",Gambling
52,jocuri cazino gratis,ro,73,4900,0.60,1.53,pacanele gratis,2026-06-28 13:58:37,,5300,40000,42000,2015-09-18,"Informational,Non-branded,Non-local",Romanian,"725, 724, 879, 879, 892, 1050, 1297, 3701, 8624, 10611, 5603, 5568, 3686, 4746, 5726, 6833, 6994, 5885, 5844, 8471, 4673, 2665, 1253, 2566","2116, 2430, 2236, 2579, 2259, 2293, 2427, 3956, 3887, 3659, 1546, 2324, 1209",Casino games
53,cazinouri online bonus fara depunere,ro,71,4900,2.00,,bonus fara depunere,2026-06-24 07:16:53,Sitelinks,5300,128000,131000,2018-07-04,"Informational,Commercial,Transactional,Non-branded,Non-local",Romanian,"704, 475, 390, 391, 383, 581, 303, 2981, 7290, 8964, 5505, 4616, 3697, 4577, 5643, 5740, 6912, 5724, 5665, 6992, 6171, 3428, 1314, 2914","2477, 2808, 3067, 2868, 3367, 2574, 2980, 4250, 4280, 3142, 1918, 2783, 2533",Gambling
54,bonusuri casino,ro,71,4800,4.00,,bonus fara depunere,2026-06-21 10:42:23,,5300,131000,134000,2016-12-30,"Informational,Commercial,Transactional,Non-branded,Non-local",Romanian,"746, 750, 742, 605, 898, 1094, 1074, 2839, 6881, 8425, 5172, 4360, 3501, 4355, 4624, 5483, 6591, 5458, 4688, 4643, 5001, 4788, 4290, 3901","3643, 3559, 3390, 3155, 3106, 2906, 2758, 2802, 3085, 3071, 2559, 2311, 2071",Gambling
55,pacanele online,ro,75,4700,3.00,1.47,pacanele,2026-06-28 01:52:00,,6500,12000,13000,2015-09-01,"Informational,Commercial,Transactional,Non-branded,Non-local",Romanian,"4116, 3866, 3567, 5175, 5662, 5353, 5845, 5962, 6175, 5683, 4930, 4556, 3664, 3469, 3225, 4711, 5189, 4935, 5420, 5558, 5786, 5351, 4661, 4326","3492, 3317, 3094, 4534, 5008, 4776, 5258, 5405, 5638, 5224, 4559, 4238, 3426",Lottery
56,las vegas.ro,ro,57,4500,0.90,,lasvegas,2026-06-16 15:58:50,"Sitelinks,Video preview",7200,24000,29000,2019-10-22,"Navigational,Branded,Non-local",,"165, 11128, 10050, 10430, 10273, 9260, 10463, 8331, 7872, 6730, 6189, 4032, 2355, 4622, 5166, 6267, 5972, 5444, 6647, 4859, 4467, 3584, 3142, 1188","4, 2057, 2713, 3955, 3768, 3361, 4665, 2983, 2685, 1896, 1539, 1, 1",Tourist destinations
57,casino free spins,ro,72,4500,2.50,,spin casino,2026-06-18 02:57:33,"Video preview,People also ask",28000,16000,16000,2016-10-30,"Informational,Commercial,Non-branded,Non-local",English,"441, 556, 550, 767, 768, 940, 1377, 2980, 8783, 12194, 5495, 5442, 3763, 4625, 4797, 4862, 5861, 4145, 4132, 3931, 4568, 4503, 3753, 3451","3189, 3131, 2998, 2804, 2694, 2459, 2422, 2456, 2948, 3103, 2291, 2138",Gambling
58,păcănele,ro,77,4400,0.90,1.21,pacanele gratis,2026-06-21 06:11:00,Sitelinks,4900,38000,40000,2015-09-26,"Informational,Non-branded,Non-local",Romanian,"5381, 5596, 4423, 4520, 4790, 4941, 5224, 5651, 4904, 5034, 4714, 4645, 4752, 4935, 3896, 3976, 4208, 4334, 4575, 4943, 4282, 4389, 4103, 4038","4124, 4275, 3368, 3432, 3625, 3727, 3927, 4234, 3661, 3744, 3493, 3430, 3495",Lottery
59,casinos online,ro,86,4100,3.00,,casino online romania,2026-06-17 07:31:22,Video preview,77000,46000,51000,2020-01-10,"Informational,Commercial,Transactional,Non-branded,Non-local",English,"1501, 1498, 1493, 1504, 1492, 1496, 1814, 2712, 4760, 5519, 3220, 3187, 2587, 3238, 3461, 4037, 4260, 3935, 4533, 4698, 4777, 4691, 4148, 4395","4285, 4441, 4416, 4519, 4504, 4401, 4657, 4760, 4838, 4753, 4210, 4457, 4347",Gambling
60,top 10 casino,ro,68,4000,4.50,,top 10 casino,2026-06-21 19:19:21,"Featured snippet,Video preview",9300,350,350,2018-07-12,"Informational,Commercial,Transactional,Non-branded,Non-local",English,"227, 227, 188, 347, 346, 537, 658, 1993, 2593, 871, 768, 3021, 2310, 3224, 4784, 3587, 3798, 3506, 4045, 1332, 20139, 234, 1326, 274",609,Gambling
61,betano live,ro,53,3800,0.20,1.09,betano live,2026-06-25 03:47:33,"Sitelinks,Video preview",4700,7900,8700,2016-06-25,"Informational,Navigational,Branded,Non-local",English,"3858, 3992, 3905, 4670, 4572, 4611, 4380, 4619, 4470, 3875, 4095, 3473, 3386, 3522, 3441, 4209, 4117, 4159, 3933, 4176, 4031, 3439, 3664, 3046","2963, 3103, 3026, 3798, 3709, 3756, 3533, 3780, 3639, 3051, 3279, 2665, 2585",Sports betting; Sports
62,casino romania,ro,83,3700,3.50,1,cazinouri online,2026-06-22 01:02:40,Sitelinks,6300,63000,68000,2015-09-11,"Informational,Commercial,Transactional,Non-branded,Non-local",English,"2989, 2987, 3051, 3073, 3166, 3185, 3399, 3388, 3325, 3348, 3384, 3300, 3437, 3434, 3498, 3520, 3613, 3632, 3846, 3835, 3772, 3796, 3831, 3747","3884, 3881, 3945, 3968, 4060, 4079, 4293, 4282, 4219, 4243, 4278, 4194, 4331",Gambling
63,betano login,ro,66,3700,1.10,,betano,2026-06-20 23:19:45,"Sitelinks,Bottom ads",309000,467000,471000,2016-12-27,"Navigational,Transactional,Branded,Non-local",English,"3700, 3460, 3394, 3288, 3324, 3623, 3755, 3177, 3600, 3748, 3757, 3908, 3852, 3607, 3544, 3437, 3474, 3773, 3906, 3328, 3752, 3900, 3910, 4062","4006, 3761, 3699, 3592, 3630, 3930, 4064, 3486, 3910, 4059, 4070, 4222, 4167",Sports betting
64,casinouri online,ro,83,3600,3.00,,cazinouri online,2026-06-21 17:37:46,Sitelinks,4000,63000,68000,2015-09-04,"Informational,Commercial,Non-branded,Non-local",Romanian,"1353, 1355, 334, 1368, 1370, 1374, 465, 2911, 5354, 5137, 3402, 3390, 2694, 2867, 3547, 4179, 4406, 3606, 3633, 3827, 3959, 3838, 3571, 3485","3384, 3338, 3159, 3195, 3140, 3087, 2997, 3192, 3340, 3224, 2970, 2890, 2801",Gambling
65,aparate demo,ro,76,3500,0.45,,pacanele gratis,2026-06-24 21:25:15,,4000,52000,57000,2020-01-10,"Informational,Commercial,Non-branded,Non-local",Romanian,"2830, 2819, 3441, 4219, 4249, 4309, 4339, 5177, 4211, 4194, 3475, 3519, 2675, 2417, 2460, 2903, 3613, 4334, 3783, 4256, 3826, 4006, 3486, 3881","3329, 3605, 4011, 4153, 4105, 4183, 3992, 4571, 4141, 4321, 3801, 4196, 3644",Portable electronics
66,jocuri de noroc,ro,66,3500,0.80,0.94,jocuri de noroc,2026-06-20 23:17:32,Video preview,5000,1300,1400,2015-09-01,"Informational,Commercial,Non-branded,Non-local",Romanian,"3452, 3493, 3273, 3338, 3606, 3596, 3444, 3659, 3459, 3621, 3425, 3540, 3494, 3535, 3315, 3380, 3648, 3638, 3486, 3702, 3501, 3663, 3468, 3582","3537, 3578, 3358, 3423, 3691, 3681, 3529, 3745, 3544, 3706, 3511, 3625",Gambling
67,jocuri casino gratis,ro,77,3400,0.80,1.43,pacanele gratis,2026-06-21 00:58:32,,3900,49000,54000,2015-09-04,"Informational,Non-branded,Non-local",Romanian,"488, 145, 329, 151, 146, 168, 480, 3257, 11463, 12348, 6088, 5482, 3388, 4085, 6050, 6169, 6371, 5370, 1887, 2240, 1489, 1247, 979, 1147",1150,Gambling
68,verificare bilet casa pariurilor,ro,43,3300,0.90,1.34,casa pariurilor verificare bilet,2026-06-27 05:45:33,,3300,13000,13000,2015-09-01,"Informational,Navigational,Branded,Non-local",Romanian,"2251, 2689, 2702, 3304, 3445, 3552, 3649, 3243, 4137, 3640, 3526, 2733, 2273, 2709, 2721, 3321, 3461, 3567, 3662, 3255, 4148, 3650, 3535, 2742","2281, 2716, 2727, 3327, 3466, 3572, 3666, 3259, 4152, 3654, 3539, 2745, 2284",Sports betting
69,casapariurilor,ro,0,3200,1.80,1.12,casa pariurilor,2026-06-21 22:01:11,Sitelinks,4500,346000,379000,2015-09-01,"Informational,Navigational,Commercial,Branded,Non-local",Romanian,"3804, 2507, 2472, 3041, 3034, 3044, 3041, 2509, 2690, 3837, 3560, 4205, 2981, 2506, 2491, 3422, 3568, 3817, 3737, 2525, 4324, 3998, 3330, 2216","2292, 1751, 3415, 3372, 3519, 3770, 3693, 2483, 4284, 3959, 3293, 2180, 2258",Sports betting
70,jocuri ca la aparate,ro,68,2900,0.60,1.41,pacanele gratis,2026-06-20 23:17:15,Sitelinks,4100,49000,54000,2015-09-01,"Informational,Non-branded,Non-local",Romanian,"2376, 2344, 2501, 2667, 2843, 3118, 3569, 3740, 3313, 3429, 2873, 2704, 2329, 2300, 2457, 2623, 2799, 3073, 3521, 3693, 3273, 3390, 2843, 2678","2307, 2281, 2437, 2603, 2779, 3052, 3499, 3672, 3256, 3373, 2830, 2666, 2298",Coin-op games
71,777 casino,ro,82,2800,1.20,0.68,777 casino romania,2026-06-27 20:17:41,Sitelinks,307000,2300,2300,2015-10-03,"Informational,Commercial,Transactional,Branded,Non-local",English,"778, 898, 905, 893, 1143, 1134, 1409, 1453, 1412, 1382, 1404, 1407, 1128, 1467, 1473, 977, 1446, 4028, 5878, 4043, 3750, 3430, 2952, 2798","2561, 3588, 3232, 2922, 3037, 3817, 5198, 4454, 4129, 3774, 3245, 3073, 2811",Gambling
72,casa pariurilor verificare bilet,ro,42,2600,1.10,1.57,casa pariurilor verificare bilet,2026-06-17 18:15:57,,2700,12000,12000,2015-09-01,"Informational,Transactional,Branded,Non-local",Romanian,"2060, 2059, 2457, 2720, 2684, 2624, 2569, 2577, 3298, 2965, 3119, 2133, 2077, 2075, 2471, 2733, 2696, 2635, 2579, 2586, 3306, 2973, 3126, 2139","2083, 2080, 2476, 2738, 2700, 2639, 2582, 2589, 3309, 2976, 3129, 2142, 2085",Sports betting
73,casa pariurilor oferta,ro,25,2400,1.20,1.14,casa pariurilor,2026-06-27 09:14:09,Sitelinks,2600,347000,379000,2015-09-01,"Informational,Commercial,Branded,Non-local",Romanian,"733, 961, 1826, 3131, 4644, 4029, 3235, 2309, 2593, 2530, 1837, 1019, 564, 962, 1827, 3131, 4644, 4030, 3236, 2309, 2593, 2530, 1837, 1019","564, 962, 1827, 3131, 4644, 4030, 3236, 2309, 2593, 2530, 1837, 1019, 564",Sports betting
74,rotiri fara depunere 2025,ro,73,2300,2.50,,bonus fara depunere,2026-06-21 21:03:32,,2400,130000,133000,2024-12-06,"Informational,Commercial,Non-branded,Non-local",Romanian,"0, 0, 0, 0, 0, 0, 63, 2352, 2398, 1930, 2000, 1656, 1680, 1970, 2224, 2591, 3153, 2331, 2273, 2494, 2331, 2218, 2086, 1979","1899, 1839, 1739, 1666, 1589, 1487, 1425, 1603, 1531, 1405, 1336, 1233",Gambling
75,las vegas.ro casino,ro,55,2300,0.80,,lasvegas,2026-06-15 02:55:00,Sitelinks,3100,24000,29000,2021-07-31,"Informational,Commercial,Transactional,Non-branded,Non-local",Romanian,"763, 1148, 4599, 1587, 1804, 2257, 6884, 5591, 6758, 1997, 4519, 1020, 864, 903, 2465, 1028, 1115, 3466, 3441, 3396, 2766, 2751, 2765, 2119","1881, 2094, 2502, 2269, 2378, 2782, 3429, 3192, 3323, 2797, 2849, 2273, 2035",Gambling
76,las vegas ro,ro,60,2300,0.90,,lasvegas,2026-06-14 21:09:19,Sitelinks,3100,24000,29000,2017-10-02,"Informational,Navigational,Commercial,Transactional,Branded,Non-local",English,"78, 2182, 2634, 2690, 2284, 1800, 2432, 1686, 1777, 2351, 2657, 333, 1598, 215, 2049, 1797, 2124, 2727, 2433, 2650, 2162, 3463, 3870, 2874","2037, 2267, 2496, 2465, 2491, 2350, 2595, 2310, 2274, 2334, 2369, 2203, 2221",Lottery
77,777 casino romania,ro,60,2300,1.20,,777 casino romania,2026-06-18 04:44:51,Sitelinks,2700,2300,2300,2021-08-29,"Informational,Navigational,Commercial,Transactional,Branded,Non-local",English,"551, 702, 990, 1027, 434, 436, 525, 2429, 701, 770, 2326, 2380, 1870, 697, 2978, 3576, 3584, 3629, 3646, 3002, 1084, 1346, 1377, 1297","1257, 999, 1251, 1108, 988, 864, 848, 983, 724, 691, 758, 694, 591",Gambling
78,verificare bilet casa pariurilor cod scurt,ro,38,2300,0.80,,casa pariurilor verificare bilet,2026-06-17 01:49:59,,2400,12000,12000,2021-03-31,"Informational,Navigational,Branded,Non-local",Romanian,"1848, 1835, 1898, 1912, 2395, 2382, 2352, 2820, 2758, 3484, 2381, 2389, 1812, 1887, 2376, 2370, 2847, 2360, 2404, 2484, 2547, 2308, 1929, 1906","3399, 2766, 3199, 2638, 3261, 2780, 2438, 2587, 2653, 2404, 2008",Sports betting
79,jocuri de noroc gratis,ro,76,2100,0.50,1.53,pacanele gratis,2026-06-19 22:21:09,Video preview,2700,49000,54000,2015-09-02,"Informational,Non-branded,Non-local",Romanian,"1837, 1893, 2307, 2346, 1918, 2406, 2878, 2865, 2358, 2824, 2335, 2351, 1539, 1765, 1798, 2046, 2582, 2661, 1967, 2379, 1906, 2259, 1988, 1928","1413, 1666, 1678, 1721, 1879, 2295, 2089, 2447, 1867, 2322, 1988, 1973, 1361",Lottery
80,casinos,ro,88,2100,2.50,,cazinouri online,2026-06-26 01:57:44,Video preview,66000,68000,73000,2015-10-17,"Informational,Commercial,Non-branded,Local",English,"887, 660, 580, 572, 546, 544, 580, 1030, 2043, 2090, 1479, 1149, 899, 898, 1096, 1474, 1186, 1813, 1926, 1757, 7601, 2167, 1832, 1978","1756, 2051, 1627, 1888, 1856, 1759, 2183, 2363, 4647, 2806, 2358, 2533, 2238",Gambling; Business
81,betano romania,ro,39,2000,2.00,0.98,betano casino,2026-06-15 13:57:28,,4100,27000,28000,2016-06-30,"Navigational,Transactional,Branded,Non-local",English,"1909, 1606, 2072, 2213, 2269, 2297, 2376, 2040, 2222, 2014, 2018, 1904, 1819, 1532, 1988, 2135, 2188, 2219, 2296, 1961, 2143, 1935, 1940, 1827","1742, 1454, 1910, 2059, 2111, 2142, 2220, 1885, 2067, 1860, 1865, 1752, 1667",Sports betting; Sports
82,casino online romania nou,ro,78,2000,1.50,,cazinouri online,2026-06-19 22:38:15,,2300,52000,57000,2022-05-19,"Informational,Commercial,Transactional,Non-branded,Non-local",Romanian,"294, 362, 433, 365, 432, 523, 536, 543, 652, 792, 656, 1008, 835, 1155, 1421, 1616, 2009, 2197, 2527, 2437, 2557, 2595, 2393, 2828","2470, 2907, 3030, 2996, 3105, 3058, 3231, 2913, 3033, 3071, 2869, 3304, 2945",Gambling
83,slots,ro,79,2000,2.50,1.18,pacanele,2026-06-16 18:05:54,"People also ask,Video preview",313000,13000,13000,2015-09-01,"Informational,Commercial,Transactional,Non-branded,Non-local",English,"1579, 1520, 1574, 2109, 2077, 2089, 2100, 2353, 2099, 2142, 1781, 1760, 1615, 1554, 1610, 2157, 2125, 2136, 2148, 2406, 2146, 2190, 1821, 1799","1651, 1589, 1646, 2205, 2172, 2183, 2195, 2460, 2193, 2239, 1861, 1839, 1688",Lottery
84,casino nou,ro,80,2000,1.10,,casino online romania,2026-06-16 03:50:32,,2000,46000,51000,2020-07-13,"Informational,Commercial,Non-branded,Non-local",Romanian,"516, 194, 659, 908, 1173, 1413, 1434, 1473, 1440, 1443, 1204, 268, 274, 473, 2062, 1983, 2851, 2574, 2502, 2473, 2392, 2322, 2093, 1513","2026, 2219, 3115, 2479, 2952, 2361, 2299, 2235, 2155, 2084, 1855, 1275, 1788",Gambling
85,cazinouri online romania noi,ro,72,2000,1.30,,cazinouri online,2026-06-16 19:24:26,,2000,29000,31000,2021-11-18,"Informational,Commercial,Transactional,Non-branded,Non-local",Romanian,"136, 233, 233, 325, 415, 323, 504, 509, 498, 947, 783, 511, 776, 1414, 4510, 2140, 1686, 1813, 1780, 2446, 1588, 2143, 1259, 1880","1886, 1911, 2203, 1929, 1883, 1858, 1852, 1836, 1777, 1797, 1742, 1693, 1693",Gambling
86,pacanele ro,ro,71,1900,1.10,,pacanele ro,2026-06-20 20:30:28,Sitelinks,2200,1100,1200,2018-08-28,"Informational,Navigational,Commercial,Transactional,Branded,Non-local",Romanian,"17, 10, 16, 24, 13, 8, 11, 13, 13, 10, 13, 20, 9, 10, 15, 409, 2791, 3798, 5677, 4530, 1436, 1436, 1436, 1436","1436, 1436, 1436, 1436, 1436, 1436, 1436, 1436, 1436, 1436, 1436, 1436, 1436",Lottery
87,pacanele gratis online,ro,77,1900,0.60,1.72,pacanele gratis,2026-06-28 04:14:24,Sitelinks,2200,52000,57000,2015-09-02,"Informational,Non-branded,Non-local",Romanian,"1663, 1138, 1124, 1710, 1757, 2173, 2210, 2623, 1695, 2109, 1677, 1721, 1154, 1326, 1093, 1874, 2006, 2469, 2194, 2302, 2170, 2261, 2033, 1988","1762, 1668, 1611, 2023, 2038, 2127, 2099, 2302, 2170, 2261, 2033, 1988, 1762",Lottery
88,las vegas casino online,ro,69,1800,1.20,,lasvegas,2026-06-15 03:41:58,Sitelinks,14000,24000,29000,2015-10-10,"Informational,Commercial,Transactional,Non-branded,Non-local",English,"2264, 2811, 2366, 3554, 3391, 4026, 4036, 1014, 1896, 2689, 2802, 2702, 2158, 1481, 1853, 1299, 2423, 2451, 1913, 1208, 1271, 1775, 1685, 1639","1433, 1511, 1584, 1652, 1596, 1465, 1536, 700, 774, 1293, 1216, 1184, 990",Gambling
89,aparate online,ro,80,1800,2.50,1.31,pacanele gratis,2026-06-24 06:16:21,,2400,12000,14000,2015-09-06,"Informational,Commercial,Transactional,Non-branded,Non-local",Romanian,"1760, 1485, 1505, 1506, 1791, 2224, 1788, 1794, 2164, 1744, 1698, 1748, 1459, 1664, 1446, 1920, 1746, 1798, 1819, 2030, 1905, 1882, 1713, 1663","1579, 1509, 1453, 1534, 1723, 1869, 1836, 2026, 1902, 1878, 1710, 1660, 1575",Lottery
90,las vegas games,ro,60,1800,1.30,,lasvegas,2026-06-13 06:09:37,Video preview,3500,24000,28000,2016-05-16,"Informational,Commercial,Non-branded,Non-local",English,"1721, 1673, 1877, 2046, 1843, 1771, 2120, 1953, 1759, 1616, 1934, 1739, 1677, 1635, 1844, 2018, 1820, 1751, 2102, 1938, 1746, 1605, 1925, 1731","1670, 1629, 1839, 2014, 1816, 1748, 2099, 1936, 1744, 1604, 1923, 1730, 1669",Sports betting; Leisure; Tourist destinations
91,casa pariului,ro,22,1700,1.30,1.23,casa pariurilor,2026-06-12 10:13:39,Sitelinks,1900,334000,366000,2015-09-07,"Informational,Navigational,Branded,Local",Romanian,"815, 928, 682, 810, 658, 544, 811, 968, 809, 946, 820, 1220, 801, 1244, 2197, 2581, 2602, 1739, 2219, 1482, 1240, 1476, 1508, 1347","1360, 1395, 1454, 1546, 1493, 1303, 1377, 1499, 1432, 1436, 1384, 1342, 1356",Sports betting; Sports
92,betano.ro,ro,49,1700,1.70,1.04,betano.ro,2026-06-14 23:20:32,Video preview,3000,1700,2500,2016-06-27,"Navigational,Transactional,Branded,Non-local",,"2202, 2204, 2119, 1773, 1791, 1558, 1974, 1896, 1549, 1653, 1626, 1604, 1108, 1201, 1355, 1781, 1842, 1757, 2265, 2099, 2010, 1938, 1842, 1775","1708, 1583, 1499, 1460, 1888, 2095, 2228, 2100, 2011, 1939, 1843, 1776, 1709",Sports betting
93,don.ro,ro,48,1700,1.40,,don ro,2026-06-12 06:55:12,"Sitelinks,Bottom ads,Paid sitelinks,Video preview",2200,26000,26000,2018-07-27,"Informational,Navigational,Branded,Non-local",,"1478, 1446, 1442, 1430, 1413, 1483, 1713, 1578, 1547, 1561, 1597, 1602, 1648, 1616, 1612, 1601, 1584, 1653, 1883, 1748, 1717, 1731, 1767, 1772","1818, 1786, 1782, 1771, 1754, 1824, 2053, 1918, 1888, 1902, 1937, 1943",Sports betting
94,casa pariuri,ro,30,1600,2.00,1.05,casa pariurilor,2026-06-19 22:55:36,"Sitelinks,Local pack",1800,347000,380000,2015-09-02,"Informational,Navigational,Commercial,Transactional,Branded,Non-local",Romanian,"1099, 1039, 1301, 1314, 1336, 1333, 1297, 1041, 873, 1280, 1598, 1939, 1583, 2035, 1651, 1351, 1601, 1668, 2103, 1564, 1510, 1572, 1418, 1417","1293, 1486, 1729, 1562, 1620, 1511, 1593, 1565, 1511, 1573, 1419, 1417, 1293",Sports betting; Sports
95,demo pacanele,ro,77,1600,0.50,,pacanele gratis,2026-06-12 07:54:03,,1800,61000,67000,2019-04-18,"Informational,Non-branded,Non-local",Romanian,"1320, 1303, 1308, 1316, 1611, 1624, 1918, 1952, 1624, 1612, 1603, 1596, 1001, 1128, 1141, 1693, 1766, 1478, 1856, 1872, 1837, 1854, 1783, 1797","1718, 1638, 1614, 1670, 1689, 1643, 1667, 1742, 1712, 1727, 1659, 1672, 1595",Lottery
96,betano.com,ro,66,1600,0.50,1.08,betano.com,2026-06-24 16:47:17,"Bottom ads,Paid sitelinks,Video preview",11000,3900,631000,2016-02-13,"Navigational,Branded,Non-local",,"1757, 1720, 1786, 2280, 1854, 2030, 1917, 1830, 1616, 1666, 1674, 1555, 1512, 1480, 1548, 2045, 1621, 1800, 1690, 1605, 1394, 1446, 1457, 1340","1300, 1270, 1340, 1840, 1419, 1600, 1492, 1409, 1200, 1254, 1267, 1153, 1115",Sports betting
97,888 casino bonus fara depunere,ro,64,1600,1.60,,bonus casino,2026-06-20 19:03:41,Sitelinks,1700,7500,7700,2020-02-26,"Informational,Commercial,Transactional,Branded,Non-local",Romanian,"809, 930, 818, 458, 660, 528, 923, 957, 1229, 1202, 958, 820, 824, 964, 680, 1267, 2828, 3465, 2326, 2356, 1582, 1016, 798, 1032","999, 1051, 953, 858, 992, 979, 982, 1068, 1031, 1008, 1015, 1020, 986",Gambling
98,jocuri casino online,ro,83,1600,2.00,1.27,cazinouri online,2026-06-28 08:04:18,,2400,68000,73000,2015-09-05,"Informational,Commercial,Transactional,Non-branded,Non-local",Romanian,"357, 429, 441, 547, 541, 665, 639, 734, 711, 897, 713, 940, 734, 1027, 957, 1598, 1077, 1593, 1661, 1939, 2207, 2208, 2253, 2132","1849, 1975, 1886, 2110, 2043, 2223, 2184, 2322, 2057, 2230, 2114, 2155, 1869",Gambling
99,joc pacanele,ro,77,1600,0.90,1.4,pacanele ro,2026-06-21 18:31:20,,1800,1200,1300,2015-09-04,"Informational,Branded,Non-local",Romanian,"1314, 1220, 1262, 1420, 1413, 1558, 1611, 1923, 1775, 1694, 1508, 1664, 1364, 1270, 1313, 1470, 1463, 1608, 1661, 1973, 1826, 1744, 1558, 1714","1414, 1320, 1363, 1520, 1514, 1658, 1711, 2023, 1876, 1794, 1608, 1764",Gambling
100,cele mai noi cazinouri online,ro,75,1500,0.70,,cazinouri online,2026-06-21 11:09:38,Sitelinks,1600,22000,23000,2021-01-30,"Informational,Commercial,Non-branded,Non-local",Romanian,"265, 595, 406, 405, 612, 497, 618, 756, 601, 479, 412, 909, 927, 1542, 2204, 1869, 1651, 1515, 686, 1544, 1479, 1516, 994, 1574","1422, 1738, 1726, 1515, 2457, 1786, 1725, 1740, 1441, 1377, 1329, 1612, 1450",Gambling
101,cazinouri noi online,ro,74,1500,1.00,,cazinouri online,2026-06-16 05:57:41,,1700,35000,36000,2019-06-17,"Informational,Commercial,Non-branded,Non-local",Romanian,"485, 700, 594, 613, 1008, 1061, 1621, 1966, 2379, 1568, 1311, 1286, 887, 1195, 1643, 1289, 1641, 1690, 1703, 1708, 1704, 1410, 1392, 1473","1396, 1588, 1654, 1525, 1718, 1684, 1820, 1809, 1806, 1511, 1494, 1575",Gambling
102,casa pariurilor bonus fara depunere,ro,54,1500,1.60,,casa pariurilor bonus fara depunere,2026-06-12 04:09:08,,1600,3900,4100,2020-01-11,"Informational,Commercial,Non-branded,Non-local",Romanian,"1258, 1022, 859, 1296, 1269, 1583, 1286, 1586, 1536, 1868, 1919, 1583, 1240, 1348, 1070, 1571, 1640, 1655, 1447, 1692, 1649, 1442, 1328, 1252","1223, 1282, 1186, 1278, 1327, 1414, 1386, 1642, 1598, 1392, 1278, 1202",Sports betting
103,betano.ro live,ro,28,1500,1.10,,betano live,2026-06-24 14:45:49,"Sitelinks,Video preview",2400,7900,8700,2019-07-24,"Navigational,Commercial,Transactional,Branded,Non-local",Romanian,"133, 508, 417, 284, 345, 799, 2668, 1750, 1661, 2154, 1448, 1738, 1698, 2176, 2131, 2509, 1417, 1316, 1135, 965, 1005, 811, 836, 714","746, 669, 634, 541, 507, 559, 691, 532, 508, 517, 422",Sports betting
104,888poker,ro,73,1500,3.00,1.1,888poker,2026-06-16 21:34:02,"Sitelinks,People also ask",43000,3100,3100,2015-09-02,"Informational,Navigational,Branded,Non-local",,"1416, 1134, 1247, 1129, 1121, 1545, 1702, 1735, 1501, 2210, 1850, 1363, 1389, 1117, 1231, 1118, 1111, 1534, 1692, 1727, 1495, 2203, 1845, 1360","1387, 1115, 1230, 1116, 1110, 1533, 1691, 1726, 1494, 2202, 1844, 1359",Casino games
105,888 poker,ro,68,1500,3.00,0.99,poker888,2026-06-24 07:15:24,,27000,500,600,2015-09-02,"Informational,Navigational,Commercial,Transactional,Branded,Non-local",English,"1017, 1091, 1233, 1446, 1343, 1495, 1755, 1821, 1750, 1718, 1974, 1281, 1017, 1091, 1233, 1446, 1344, 1495, 1755, 1821, 1750, 1718, 1974, 1281","1017, 1091, 1233, 1447, 1344, 1495, 1755, 1821, 1750, 1718, 1974, 1281, 1017",Casino games
106,world casino,ro,76,1500,0.30,,gameworld,2026-06-24 08:01:23,Sitelinks,3600,28000,28000,2016-02-05,"Informational,Non-branded,Non-local",English,"827, 739, 760, 721, 1328, 1000, 1435, 1046, 1048, 1060, 1315, 653, 1240, 2621, 2529, 1450, 1513, 1304, 1514, 1319, 1330, 983, 1142, 1084","836, 880, 673, 1654, 3767, 2221, 1692, 1456, 1466, 1083, 1257, 1193",Gambling
107,jocuri de noroc online,ro,82,1400,2.00,1.12,casino online romania,2026-06-10 06:34:04,,2200,70000,76000,2015-10-05,"Transactional,Non-branded,Non-local",Romanian,"633, 780, 666, 1255, 879, 1369, 1616, 1543, 822, 1167, 920, 809, 820, 984, 880, 1143, 1055, 1109, 1309, 1554, 2012, 2000, 1751, 1840","1798, 1824, 1816, 1946, 1967, 2030, 2050, 2143, 2010, 2072, 1996, 1962, 1918",Lottery
108,casino demo,ro,80,1400,0.70,,jocuri cazino,2026-06-15 14:09:31,,21000,23000,27000,2017-03-03,"Informational,Non-branded,Non-local",English,"899, 1032, 1025, 1328, 1346, 1623, 1920, 2448, 1642, 1325, 1336, 1316, 1302, 1413, 1143, 1384, 1444, 1422, 1501, 1618, 1492, 1512, 1470, 1507","1427, 1445, 1442, 1473, 1478, 1523, 1566, 1686, 1563, 1581, 1541, 1577",Casino games
109,casa pariurilor rotiri gratuite,ro,61,1400,1.60,,bonus casino,2026-06-21 17:09:27,Sitelinks,1500,4000,4100,2020-05-01,"Informational,Commercial,Transactional,Branded,Non-local",Romanian,"288, 958, 944, 789, 1144, 685, 2144, 521, 481, 573, 554, 3813, 2069, 453, 1211, 1160, 1337, 1358, 1481, 1350, 1392, 1490, 1312, 1701","1491, 1495, 1579, 1568, 1623, 1643, 1884, 1658, 1700, 1798, 1620, 2009, 1799",Sports betting
110,romania casino,ro,82,1400,3.50,,fortuna casino,2026-06-17 03:45:33,"Local pack,Thumbnail",1700,40000,45000,2017-12-17,"Informational,Commercial,Transactional,Non-branded,Non-local",English,"319, 341, 308, 409, 358, 357, 426, 677, 1717, 1928, 1178, 989, 837, 1002, 1409, 1331, 1430, 1306, 1530, 1456, 4035, 880, 782, 748","690, 899, 828, 806, 817, 1311, 1383, 1133, 1250, 1184, 1045, 992, 909",Gambling
111,rotiri,ro,72,1400,2.00,,rotiri gratuite fara depunere,2026-06-20 01:42:42,,1600,28000,28000,2016-07-27,"Informational,Commercial,Transactional,Non-branded,Non-local",Romanian,"766, 774, 954, 1397, 1421, 1409, 2049, 638, 478, 548, 509, 536, 401, 1439, 1433, 2015, 2091, 2581, 800, 1270, 1137, 1100, 1010, 954","823, 1128, 1353, 1214, 1375, 2425, 1424, 1270, 1138, 1101, 1010, 954, 824",Gambling
112,casino online noi,ro,78,1400,2.00,,casino online romania,2026-06-15 15:57:22,,1500,46000,51000,2019-02-19,"Informational,Commercial,Transactional,Non-branded,Non-local",Romanian,"213, 331, 405, 338, 494, 601, 604, 734, 746, 726, 733, 756, 614, 1084, 1613, 1487, 1553, 1628, 1472, 1539, 1508, 1520, 1555, 1568","1546, 1850, 1955, 1702, 1787, 1828, 1734, 1827, 1797, 1808, 1844, 1856, 1834",Gambling
113,las vegas rotiri gratuite,ro,56,1300,0.80,,las vegas rotiri gratuite,2026-06-07 11:04:48,,1700,1700,1700,2021-08-15,"Informational,Commercial,Branded,Local",Romanian,"1927, 2400, 2378, 2401, 2416, 2876, 2924, 2427, 1884, 2430, 2391, 1872, 1290, 1082, 1390, 1955, 1409, 1453, 1224, 1199, 1180, 1002, 1094, 1053","902, 866, 876, 884, 919, 964, 970, 970, 883, 768, 822, 821",Gambling
114,top casino romania,ro,75,1300,2.50,,cazinouri online,2026-06-19 05:03:51,,1600,33000,35000,2015-11-18,"Informational,Commercial,Non-branded,Non-local",English,"397, 406, 410, 411, 493, 494, 754, 230, 213, 225, 278, 768, 757, 1077, 988, 1070, 1450, 1486, 1521, 1452, 1485, 1514, 1529, 1594","1588, 1671, 1666, 1670, 1726, 1719, 1736, 1678, 1712, 1740, 1755, 1820, 1815",Gambling
115,cazinouri noi 2025,ro,71,1300,1.00,,cazinouri online,2026-06-20 22:05:47,Sitelinks,1500,34000,35000,2024-12-06,"Informational,Commercial,Non-branded,Non-local",Romanian,"0, 0, 0, 0, 2, 8, 25, 2309, 1861, 1615, 2343, 1642, 1421, 2870, 3492, 3010, 2529, 363, 363, 363, 363, 363, 363, 363","363, 363, 363, 363, 363, 363, 363, 363, 363, 363, 363, 363, 363",Gambling
116,live casino romania,ro,64,1300,4.00,,live casino romania,2026-06-27 20:03:12,Local pack,1400,1700,1800,2018-08-20,"Informational,Commercial,Transactional,Non-branded,Local",English,"12, 10, 10, 12, 0, 25, 27, 29, 21, 40, 29, 29, 25, 0, 0, 0, 0, 0, 0, 0, 15012, 115, 90, 4736",,Gambling
117,betano.com login,ro,69,1300,0.80,,betano,2026-06-20 17:22:09,Sitelinks,8000,467000,471000,2022-01-17,"Navigational,Transactional,Branded,Non-local",English,"391, 251, 376, 389, 575, 229, 575, 255, 1890, 352, 1310, 1838, 1530, 1852, 1837, 2321, 2219, 247, 341, 288, 2095, 239, 1374, 1531","688, 1230, 1078, 1337, 785, 77, 126, 811, 1243, 1318, 1025, 1036, 1056",Sports betting
118,8888,ro,68,1200,0.70,0.29,888 casino,2026-06-11 01:30:25,Video preview,772000,88000,91000,2015-09-01,"Informational,Non-branded,Non-local",,"709, 565, 584, 521, 703, 886, 935, 910, 887, 894, 916, 900, 742, 906, 1083, 1131, 1693, 1706, 1638, 1450, 1355, 1432, 1344, 1323","1245, 1183, 1192, 1348, 1520, 1443, 1865, 1502, 1394, 1465, 1369",/Other
119,casino nou online,ro,80,1200,1.30,,casino online romania,2026-06-16 13:15:09,,1300,46000,51000,2018-02-21,"Informational,Commercial,Transactional,Non-branded,Non-local",Romanian,"219, 323, 493, 492, 593, 600, 907, 1121, 923, 1342, 1353, 1126, 927, 1090, 577, 1332, 1416, 1320, 1455, 1328, 1307, 1532, 1150, 1382","1366, 1508, 1431, 1713, 1695, 1618, 1715, 1694, 1642, 1829, 1770, 1688, 1671",Gambling
120,betmen .ro,ro,58,1200,0.80,,betmen,2026-06-20 19:56:02,Sitelinks,1200,16000,17000,2023-08-17,"Navigational,Branded,Non-local",,"1089, 1042, 1042, 1043, 1036, 1211, 1220, 1435, 1038, 1050, 1120, 1083, 1126, 1079, 1080, 1080, 1074, 1249, 1258, 1473, 1076, 1088, 1158, 1121","1164, 1117, 1118, 1118, 1112, 1287, 1296, 1511, 1114, 1126, 1196, 1158",Sports betting
121,top cazinouri online romania,ro,68,1200,1.10,,cazinouri online,2026-06-17 11:08:10,Video preview,1400,35000,36000,2018-06-13,"Informational,Commercial,Non-branded,Non-local",Romanian,"125, 163, 300, 302, 245, 248, 466, 384, 549, 439, 361, 375, 461, 634, 624, 716, 761, 952, 1266, 1622, 1112, 1275, 3612, 1323","1358, 1404, 1430, 1458, 1472, 1519, 1595, 1606, 1531, 1575, 1596, 1632, 1667",Gambling
122,888 casino login,ro,84,1200,0.90,1.19,888 casino,2026-06-13 08:16:45,,45000,87000,90000,2015-10-18,"Navigational,Transactional,Branded,Non-local",English,"1174, 793, 1166, 908, 1184, 806, 1190, 1469, 1169, 911, 672, 817, 806, 841, 1234, 1215, 1486, 1490, 1241, 1584, 1240, 1165, 1067, 1127","1094, 979, 1148, 1109, 1283, 1391, 1630, 1675, 1305, 1220, 1112, 1171, 1133",Gambling
123,casino romania online,ro,83,1200,2.00,,cazinouri online,2026-06-20 05:19:30,,2000,52000,57000,2016-05-13,"Informational,Commercial,Transactional,Non-branded,Non-local",English,"399, 396, 399, 328, 386, 321, 398, 408, 472, 652, 667, 667, 587, 866, 875, 989, 1022, 1210, 1468, 1323, 1333, 1483, 1340, 1434","1314, 1394, 1460, 1468, 1495, 1294, 1370, 1381, 1381, 1524, 1370, 1460, 1333",Gambling
124,betano demo,ro,61,1200,0.50,,pacanele gratis,2026-06-22 04:11:34,Sitelinks,2000,41000,43000,2020-12-10,"Informational,Branded,Non-local",English,"829, 583, 690, 1001, 991, 1270, 1292, 1561, 1534, 1582, 1296, 1288, 943, 848, 826, 954, 1492, 1204, 1272, 1316, 1279, 1247, 1268, 1296","1227, 1198, 1193, 1211, 1215, 1208, 1181, 1230, 1202, 1163, 1190, 1214, 1149",Gambling
125,betano.,ro,70,1200,1.00,,betano,2026-06-13 12:55:03,Sitelinks,44000,470000,475000,2016-10-05,"Informational,Navigational,Commercial,Transactional,Branded,Non-local",,"992, 786, 813, 863, 946, 1217, 1387, 1131, 938, 1272, 1097, 1038, 1125, 919, 946, 996, 1080, 1350, 1520, 1264, 1071, 1405, 1230, 1171","1258, 1053, 1080, 1129, 1213, 1483, 1654, 1398, 1205, 1538, 1363, 1305, 1391",Sports betting
126,casa.pariurilor,ro,27,1200,1.30,1.08,casa pariurilor,2026-06-19 01:55:45,Sitelinks,1300,347000,380000,2015-09-02,"Navigational,Branded,Non-local",Romanian,"1042, 966, 974, 1025, 1011, 1014, 1189, 1218, 1080, 1307, 1276, 1537, 1008, 1166, 1221, 1352, 1256, 1056, 1294, 1304, 1273, 1291, 1197, 1196","1107, 1126, 1184, 1206, 1235, 1188, 1274, 1308, 1277, 1295, 1201, 1200, 1111",Sports betting
127,cele mai bune cazinouri online,ro,75,1200,5.00,,casino online romania,2026-06-14 05:40:34,"Bottom ads,Paid sitelinks,Video preview",1600,58000,63000,2015-09-14,"Informational,Commercial,Transactional,Non-branded,Non-local",Romanian,"620, 625, 515, 628, 625, 521, 946, 1163, 1151, 1384, 1393, 988, 819, 1057, 1174, 1705, 1711, 1196, 1388, 1110, 1080, 1268, 1025, 1173","1125, 1154, 1134, 1197, 1246, 1187, 1240, 1240, 1174, 1215, 1206, 1159, 1110",Gambling
128,casa de pariuri,ro,69,1200,3.00,1.07,casa pariurilor,2026-06-21 11:09:32,"Sitelinks,Knowledge panel",1500,347000,379000,2015-09-01,"Informational,Navigational,Commercial,Branded,Non-local",Romanian,"1464, 919, 943, 969, 1479, 1227, 1186, 1224, 1494, 1738, 1517, 2237, 1192, 1087, 1347, 1330, 1310, 968, 991, 1389, 1441, 1337, 1211, 1323","1203, 1122, 1244, 1152, 1325, 1308, 1328, 1365, 1419, 1319, 1196, 1308, 1191",Sports betting
129,sloturi,ro,74,1100,1.90,1.38,sloturi,2026-06-25 07:02:17,,1700,800,900,2015-09-02,"Informational,Commercial,Non-branded,Non-local",Romanian,"486, 478, 604, 744, 868, 856, 826, 788, 605, 870, 1005, 997, 890, 1002, 863, 1228, 1043, 1250, 1007, 1086, 960, 1253, 954, 1071","1027, 1041, 1166, 1132, 1179, 1167, 1088, 1135, 1076, 1185, 1169, 1087, 1043",Lottery
130,cazinou online,ro,80,1100,3.50,,fortuna casino,2026-06-14 13:29:21,,1500,38000,43000,2015-11-11,"Informational,Commercial,Transactional,Non-branded,Non-local",Romanian,"386, 474, 477, 589, 590, 474, 3744, 4506, 571, 812, 955, 692, 584, 898, 1060, 1122, 1136, 1147, 961, 1100, 1433, 1486, 1452, 1009","951, 1044, 1042, 1123, 1344, 1195, 3191, 3148, 1417, 1562, 1376, 1238, 1163",Gambling
131,casa pariurilor login,ro,0,1100,1.80,1.06,casa pariurilor,2026-06-09 15:00:42,Sitelinks,1400,332000,364000,2015-09-25,"Navigational,Transactional,Branded,Non-local",Romanian,"1459, 931, 1167, 1464, 1206, 1168, 921, 799, 881, 1175, 1193, 931, 782, 918, 913, 1182, 1179, 881, 1220, 1129, 1142, 1235, 1099, 1182","1078, 1006, 998, 1073, 1101, 1136, 1106, 1133, 1147, 1239, 1103, 1186, 1083",Sports betting
132,casino online romania bonus fara depunere,ro,76,1100,1.50,,bonus fara depunere,2026-06-13 15:03:45,Sitelinks,1400,138000,141000,2016-06-11,"Informational,Commercial,Transactional,Non-branded,Non-local",Romanian,"264, 494, 601, 407, 483, 499, 505, 765, 720, 703, 481, 403, 499, 556, 583, 719, 522, 731, 1049, 1484, 2095, 1787, 1746, 1394","1335, 1407, 1550, 1434, 1562, 1457, 1518, 1848, 1817, 1836, 1917, 1561, 1479",Gambling
133,jocurinoi,ro,0,1100,0.07,1.08,jocurinoi,2026-06-10 22:41:13,"Sitelinks,Video preview,Image pack",1100,1600,1600,2015-09-18,"Navigational,Non-branded,Non-local",Romanian,"758, 736, 877, 1357, 1618, 1561, 1371, 1100, 901, 1121, 1123, 899, 857, 1181, 1108, 1131, 1372, 1592, 1105, 1043, 1013, 1067, 1001, 914","904, 920, 944, 1179, 1225, 1343, 1167, 1024, 994, 1048, 982, 895, 885",/Other
134,online casino romania,ro,83,1100,3.00,,cazinouri online,2026-06-20 07:20:27,,1900,52000,57000,2015-09-03,"Informational,Commercial,Transactional,Non-branded,Non-local",English,"320, 387, 387, 388, 391, 459, 463, 658, 765, 292, 765, 766, 637, 935, 962, 971, 996, 1010, 1234, 1151, 1176, 1151, 1183, 1225","1232, 1289, 1306, 1338, 1370, 1389, 1442, 1471, 1496, 1471, 1503, 1546, 1552",Gambling
135,casa pariurilor deschis acum,ro,16,1100,1.00,,casa pariurilor,2026-06-18 02:54:21,"Sitelinks,Knowledge panel",1100,348000,380000,2023-11-18,"Informational,Navigational,Commercial,Transactional,Branded,Local",Romanian,"438, 365, 366, 451, 451, 364, 450, 566, 446, 557, 677, 550, 800, 843, 944, 927, 830, 959, 1262, 1150, 1187, 1220, 1231, 1270","1312, 1320, 1356, 1372, 1385, 1389, 1437, 1438, 1476, 1509, 1519, 1559, 1600",Sports betting
136,casino noi romania,ro,77,1100,0.90,,casino online romania,2026-06-10 13:17:14,,1100,64000,69000,2022-04-17,"Informational,Commercial,Non-branded,Local",Romanian,"315, 389, 482, 605, 724, 720, 720, 736, 723, 472, 321, 590, 479, 739, 1635, 914, 1115, 640, 703, 950, 1437, 1741, 1244, 1188","1223, 1367, 1458, 1458, 1524, 1560, 1610, 1673, 1711, 1783, 1762, 1822, 1858",Gambling; Business
137,ro betano,ro,23,1000,1.10,,betano,2026-06-06 04:13:01,"Sitelinks,Video preview",1300,471000,476000,2016-12-03,"Informational,Navigational,Commercial,Transactional,Branded,Non-local",,"1290, 1295, 1293, 1145, 1134, 916, 1095, 1059, 865, 851, 883, 873, 571, 607, 699, 976, 1108, 1023, 1179, 1442, 1156, 1167, 1178, 1185","1063, 1072, 1094, 1010, 1105, 1099, 1144, 1116, 1068, 1059, 1043, 1076, 944",Sports betting
138,top cazinouri,ro,65,1000,2.50,,cazinouri online,2026-06-14 10:43:02,"Top ads,Bottom ads,Paid sitelinks,Video preview",1000,36000,37000,2018-09-07,"Informational,Commercial,Non-branded,Non-local",Romanian,"194, 193, 247, 193, 252, 303, 459, 462, 465, 455, 459, 459, 369, 367, 1341, 774, 1171, 1176, 854, 672, 1469, 1481, 550, 1311","1320, 1342, 1474, 1457, 1513, 1571, 1585, 1576, 1693, 1720, 1736, 1770, 1779",Gambling
139,jocuri aparate,ro,76,1000,0.80,1.36,pacanele gratis,2026-06-08 07:44:34,,1300,69000,74000,2015-09-01,"Informational,Non-branded,Non-local",Romanian,"824, 803, 832, 920, 1024, 1098, 1210, 1332, 1253, 1150, 1001, 921, 823, 802, 831, 918, 1023, 1097, 1209, 1331, 1252, 1149, 1001, 921","822, 802, 830, 918, 1022, 1097, 1208, 1331, 1251, 1149, 1000, 920, 822",Video games; Add-ons
140,betano. ro,ro,58,1000,1.70,,betano,2026-06-15 05:40:21,Sitelinks,1700,469000,473000,2018-01-20,"Navigational,Transactional,Branded,Non-local",,"1315, 1371, 1378, 1128, 1132, 919, 1196, 1143, 914, 947, 1049, 938, 595, 637, 718, 1059, 1047, 1024, 1387, 1308, 1200, 1180, 1148, 1112","1017, 1005, 994, 946, 1156, 1248, 1402, 1308, 1200, 1180, 1148, 1112, 1017",Sports betting
141,sloturi online,ro,81,1000,5.00,1.73,sloturi,2026-06-25 23:52:04,Video preview,1600,1100,1100,2015-09-18,"Informational,Commercial,Non-branded,Non-local",Romanian,"611, 768, 583, 851, 853, 727, 818, 625, 707, 850, 1041, 896, 759, 945, 941, 1365, 1099, 979, 1049, 1118, 1066, 1113, 1090, 999","938, 998, 974, 1003, 1002, 1015, 1040, 1110, 1058, 1105, 1082, 991",Gambling
142,las vegas casino romania,ro,53,1000,0.70,,las vegas.ro,2026-06-27 20:17:30,"Sitelinks,Local pack,Video preview",2000,6700,7400,2016-06-04,"Informational,Commercial,Transactional,Branded,Non-local",English,"818, 847, 837, 826, 924, 807, 925, 822, 807, 920, 1207, 934, 815, 725, 724, 721, 1821, 1576, 993, 1118, 993, 929, 905, 865","786, 886, 798, 741, 764, 700, 823, 753, 656, 593, 588, 554, 490",Gambling
143,betfair casino,ro,70,1000,1.40,1.38,cazinouri online,2026-06-21 12:17:08,,97000,32000,33000,2015-11-15,"Informational,Commercial,Branded,Non-local",English,"816, 811, 849, 845, 1226, 962, 954, 1267, 1503, 1201, 1398, 1208, 675, 961, 1061, 1007, 880, 893, 956, 988, 977, 961, 966, 870","795, 777, 729, 701, 743, 739, 764, 812, 800, 791, 796, 705",Gambling
144,casa jocuri,ro,41,1000,0.90,,casa pariurilor casino,2026-06-10 12:17:36,Sitelinks,1200,36000,39000,2015-12-28,"Informational,Commercial,Transactional,Branded,Non-local",Romanian,"832, 878, 904, 800, 833, 930, 981, 1044, 1001, 919, 900, 911, 902, 945, 968, 861, 891, 985, 1034, 1094, 1048, 965, 943, 952","941, 982, 1004, 895, 924, 1016, 1063, 1123, 1075, 990, 968, 976, 963",Sports betting
145,unibet romania,ro,20,1000,0.30,1.09,unibet,2026-06-07 11:30:10,Sitelinks,3700,125000,131000,2015-09-04,"Informational,Navigational,Commercial,Branded,Non-local",English,"931, 841, 908, 1003, 1169, 1059, 1193, 1029, 1085, 1109, 994, 1069, 929, 840, 907, 1003, 1168, 1058, 1193, 1029, 1085, 1108, 993, 1069","929, 840, 907, 1003, 1168, 1058, 1193, 1029, 1085, 1108, 993, 1069, 929",Sports betting
146,casa pariu,ro,21,900,2.50,1.08,casa pariurilor,2026-06-12 10:05:22,Sitelinks,1000,334000,366000,2015-09-01,"Informational,Navigational,Commercial,Transactional,Branded,Non-local",Romanian,"518, 537, 649, 730, 702, 695, 700, 591, 485, 745, 841, 1073, 887, 1046, 901, 749, 910, 872, 881, 782, 809, 835, 831, 843","800, 880, 906, 876, 880, 808, 818, 719, 745, 771, 767, 780",Sports betting
147,cele mai bune cazinouri play n go,ro,46,900,,,play casino,2026-06-13 05:06:13,Featured snippet,900,400,400,2021-03-13,,,"0, 0, 0, 0, 0, 1, 0, 0, 0, 0, 0, 0, 4, 9, 0, 0, 0, 1430, 0, 0, 9668, 0, 0, 1",,
148,jocuri gratis pacanele,ro,74,900,0.60,1.35,pacanele gratis,2026-06-21 21:04:45,Video preview,1200,48000,53000,2015-10-24,"Informational,Non-branded,Non-local",Romanian,"799, 1174, 835, 929, 967, 1216, 1230, 1470, 936, 926, 896, 813, 647, 776, 547, 759, 941, 1118, 1013, 1133, 973, 1035, 1046, 885","855, 888, 805, 875, 916, 999, 1013, 1133, 973, 1035, 1047",Gambling
149,loto betano,ro,4,900,1.20,,loto online,2026-06-21 01:42:41,Sitelinks,900,5600,5700,2017-01-17,"Informational,Commercial,Transactional,Branded,Non-local",Romanian,"551, 956, 939, 691, 923, 918, 847, 696, 661, 822, 676, 568, 155, 164, 160, 360, 677, 928, 1818, 1521, 1307, 1364, 1228, 1162","1015, 1053, 1014, 952, 983, 1007, 903, 781, 738, 722, 692, 597, 521",Lottery
150,cazinouri noi online romania,ro,77,900,1.10,,casino online romania,2026-06-10 15:07:53,,1000,64000,69000,2022-07-13,"Informational,Commercial,Non-branded,Non-local",Romanian,"390, 593, 584, 734, 736, 403, 483, 326, 396, 582, 486, 594, 488, 895, 1977, 1129, 887, 854, 957, 911, 859, 818, 679, 746","684, 738, 816, 704, 661, 624, 612, 551, 527, 509, 459, 456, 419",Gambling
151,vegas casino,ro,68,900,1.30,,lasvegas,2026-06-07 07:14:26,"Local pack,Video preview",143000,23000,27000,2015-11-11,"Informational,Commercial,Non-branded,Local",English,"1482, 1796, 1452, 1223, 1201, 1485, 1744, 1541, 1807, 1759, 1508, 1462, 1188, 1033, 1301, 1259, 747, 544, 939, 964, 812, 800, 736, 689","679, 676, 737, 762, 704, 801, 820, 921, 783, 777, 719, 676, 668",Gambling; Tourist destinations
152,joc pacanele gratis,ro,76,900,0.60,1.89,pacanele gratis,2026-06-06 10:16:28,,1000,71000,77000,2015-09-08,"Informational,Branded,Non-local",Romanian,"843, 698, 730, 900, 918, 1105, 1100, 1124, 1047, 1063, 882, 753, 583, 591, 564, 781, 983, 1000, 1084, 1143, 1087, 1017, 778, 757","680, 720, 758, 1025, 1156, 1181, 1117, 1145, 1088, 1018, 779, 758, 680",Coin-op games
153,live betano,ro,27,900,1.00,,betano live,2026-06-20 02:45:35,"Sitelinks,Video preview",900,7700,8500,2016-12-13,"Informational,Navigational,Transactional,Branded,Non-local",English,"130, 126, 350, 364, 304, 298, 667, 812, 823, 825, 828, 916, 780, 947, 948, 906, 949, 881, 1207, 877, 822, 888, 876, 873","781, 782, 799, 929, 941, 892, 952, 914, 857, 925, 913, 909, 813",Sports betting; Sports
154,top casino online romania,ro,70,900,3.50,,cazinouri online,2026-06-20 09:37:43,Video preview,1200,33000,34000,2018-11-20,"Informational,Commercial,Non-branded,Local",English,"176, 223, 221, 276, 268, 323, 333, 352, 324, 494, 615, 506, 418, 685, 1024, 812, 964, 1005, 993, 999, 998, 1037, 1032, 1062","1044, 1087, 1136, 1144, 1183, 1185, 1214, 1215, 1213, 1253, 1247, 1277",Casino games; Gambling
155,cazinou nou,ro,80,900,1.20,,cazinouri online,2026-06-19 22:35:03,,1000,24000,28000,2022-06-28,"Informational,Commercial,Transactional,Non-branded,Non-local",Romanian,"143, 221, 273, 222, 408, 420, 620, 634, 518, 426, 277, 418, 413, 627, 1391, 1113, 1388, 983, 956, 1021, 963, 910, 843, 773","698, 735, 782, 725, 696, 662, 761, 775, 713, 643, 534, 525, 488",Gambling
156,lasvegas casino,ro,64,900,0.80,,lasvegas,2026-06-14 15:52:46,"Sitelinks,Local pack",1800,24000,29000,2020-02-25,"Informational,Commercial,Transactional,Non-branded,Non-local",English,"1569, 1570, 1758, 602, 585, 427, 2622, 2201, 2276, 2462, 1636, 1572, 883, 833, 924, 905, 716, 569, 729, 715, 3078, 695, 755, 569","665, 571, 632, 571, 562, 550, 793, 724, 602, 727, 592, 578, 674",Gambling
157,rotiri gratis,ro,74,900,1.40,,rotiri gratuite fara depunere,2026-06-16 20:41:58,,1000,47000,47000,2016-04-27,"Informational,Commercial,Transactional,Non-branded,Non-local",Romanian,"493, 481, 479, 488, 714, 506, 609, 744, 598, 602, 713, 591, 477, 444, 512, 805, 826, 667, 879, 1110, 1323, 1487, 1014, 1041","1070, 954, 981, 991, 1564, 1581, 1390, 1419, 1243, 1255, 1137, 1085, 1107",Gambling
158,8888 casino,ro,75,900,0.90,,888,2026-06-21 21:05:06,"Sitelinks,Thumbnail,Video preview",14000,84000,88000,2015-10-06,"Informational,Navigational,Commercial,Transactional,Branded,Non-local",English,"256, 313, 304, 309, 467, 466, 676, 689, 700, 841, 834, 578, 700, 926, 762, 744, 1004, 1638, 905, 1125, 895, 785, 733, 637","714, 597, 590, 898, 1257, 1226, 1087, 1126, 895, 786, 734, 637, 714",Gambling
159,las vegas online,ro,73,800,1.20,0.4,lasvegas,2026-06-20 17:38:56,Sitelinks,1700,24000,26000,2015-09-12,"Informational,Commercial,Transactional,Non-branded,Non-local",English,"1727, 1127, 1438, 1745, 576, 1487, 1145, 1028, 311, 349, 1020, 819, 557, 643, 774, 720, 729, 865, 878, 1322, 863, 726, 809, 649","982, 1074, 1054, 1025, 834, 975, 822, 1347, 879, 740, 824, 661, 1000",Sports betting
160,betano bonus,ro,57,800,2.00,0.99,betano bonus,2026-06-12 23:02:49,Sitelinks,6400,1100,1100,2016-05-19,"Informational,Commercial,Branded,Non-local",Romanian,"677, 558, 566, 697, 685, 684, 689, 707, 799, 669, 666, 679, 547, 706, 585, 1042, 845, 781, 868, 887, 868, 848, 809, 839","870, 834, 718, 778, 773, 839, 868, 887, 868, 848, 809",Sports betting
161,casa pariurilor.ro,ro,48,800,1.70,1.16,casa pariurilor,2026-06-28 04:03:48,Sitelinks,900,347000,379000,2015-09-01,"Informational,Navigational,Branded,Non-local",Romanian,"664, 768, 801, 873, 931, 867, 960, 866, 895, 804, 633, 653, 614, 711, 742, 810, 865, 806, 893, 807, 835, 750, 592, 611","575, 666, 696, 761, 813, 758, 841, 761, 788, 708, 559, 578",Sports betting
162,lasvegas ro,ro,53,800,0.90,,lasvegas,2026-06-14 00:11:50,Sitelinks,1400,24000,28000,2021-06-28,"Informational,Navigational,Commercial,Transactional,Branded,Non-local",,"2577, 3218, 4032, 4639, 3693, 3590, 1024, 2183, 1872, 2049, 2646, 2036, 1675, 1356, 1484, 1428, 310, 323, 477, 542, 552, 672, 689, 364",581,Gambling
163,las vegas romania,ro,60,800,0.90,,lasvegas,2026-06-10 11:10:01,"Sitelinks,Video preview",1500,24000,28000,2016-06-04,"Informational,Non-branded,Non-local",English,"360, 1090, 1133, 1378, 1395, 1359, 1386, 1154, 764, 1083, 855, 852, 336, 661, 681, 824, 933, 1109, 860, 717, 758, 846, 731, 674","563, 707, 797, 747, 722, 746, 841, 606, 636, 731, 615, 561, 451",Maps; Tourist destinations
164,păcănele online,ro,76,800,3.00,,pacanele,2026-06-27 01:25:35,,1100,12000,13000,2015-09-28,"Informational,Commercial,Non-branded,Non-local",Romanian,"510, 441, 434, 658, 659, 661, 648, 682, 565, 651, 561, 545, 446, 574, 572, 719, 758, 869, 908, 926, 895, 940, 629, 830","758, 744, 767, 852, 897, 937, 954, 1068, 1007, 1039, 900, 934, 863",Gambling
165,vegas,ro,84,800,0.07,0.33,lasvegas,2026-06-13 00:42:09,"Sitelinks,Video preview,Image pack",193000,24000,28000,2015-09-01,"Informational,Commercial,Non-branded,Non-local",English,"1721, 1737, 2061, 1723, 1753, 1814, 1815, 455, 395, 446, 1289, 1275, 1248, 1265, 1231, 988, 1022, 901, 760, 355, 342, 378, 733, 802","927, 810, 890, 864, 953, 922, 834, 419, 404, 442, 797, 867, 992",Events; Gambling; Leisure; Tourist destinations
166,top online casino,ro,73,800,5.00,,cazinouri online,2026-06-27 05:15:33,Video preview,24000,31000,33000,2019-06-14,"Informational,Commercial,Transactional,Non-branded,Non-local",English,"228, 186, 275, 278, 277, 239, 414, 350, 340, 591, 506, 509, 504, 675, 1126, 674, 921, 809, 714, 830, 819, 852, 841, 850","848, 882, 949, 926, 953, 918, 942, 992, 980, 1013, 1003, 1011, 1009",Gambling
167,aparate fara depunere,ro,72,800,2.00,,bonus fara depunere,2026-06-13 23:44:29,,800,138000,141000,2020-12-09,"Informational,Commercial,Transactional,Non-branded,Non-local",Romanian,"311, 318, 262, 259, 464, 379, 379, 586, 850, 574, 702, 380, 382, 701, 581, 856, 901, 310, 1299, 1316, 1012, 600, 422, 831","838, 892, 908, 968, 1028, 1000, 1058, 1145, 1133, 1133, 1194, 1142, 1149",Gambling
168,888 casino contact,ro,58,800,1.50,,888 casino contact,2026-06-28 12:21:15,,1300,500,500,2017-12-18,"Informational,Navigational,Branded,Non-local",English,"439, 527, 441, 532, 645, 667, 976, 385, 775, 772, 684, 676, 772, 717, 710, 812, 1028, 731, 705, 861, 908, 920, 933, 964","951, 961, 955, 995, 1041, 1047, 1082, 1077, 1125, 1137, 1149, 1180, 1168",Gambling; Business
169,betano pariuri,ro,38,800,1.70,1.04,betano,2026-06-10 09:39:04,"Sitelinks,Top stories,Thumbnail,Video preview",1200,471000,475000,2016-04-26,"Navigational,Commercial,Transactional,Branded,Non-local",Romanian,"2013, 1710, 1421, 1101, 1402, 1076, 1419, 1082, 930, 911, 912, 759, 501, 713, 837, 826, 1004, 873, 1054, 796, 870, 847, 942, 925","895, 582, 531, 505, 871, 918, 980, 740, 816, 792, 887, 871, 842",Sports betting
170,joc de noroc,ro,57,800,1.00,0.82,onjn,2026-06-27 07:21:51,"People also ask,Video preview",1100,5700,6300,2015-09-03,"Informational,Transactional,Non-branded,Non-local",Romanian,"433, 392, 540, 392, 386, 693, 1399, 626, 595, 712, 705, 491, 872, 692, 523, 1297, 1440, 829, 618, 522, 561, 981, 821, 752","748, 752, 731, 831, 924, 839, 888, 799, 744, 791, 843, 770, 766",Lottery
171,cel mai bun casino online,ro,62,800,,,top 10 casino online,2026-06-14 02:40:04,Video preview,1100,3700,3900,2016-01-20,"Informational,Commercial,Non-branded,Non-local",Romanian,"117, 132, 151, 118, 168, 126, 148, 237, 200, 236, 145, 200, 143, 752, 628, 610, 768, 887, 875, 936, 870, 773, 770, 953",833,Gambling
172,casino online bonus,ro,79,700,1.90,,888,2026-06-21 01:20:02,,13000,89000,94000,2017-03-19,"Informational,Commercial,Transactional,Non-branded,Non-local",English,"145, 112, 164, 189, 224, 124, 329, 731, 581, 1844, 745, 155, 568, 790, 886, 908, 804, 373, 337, 503, 996, 841, 474, 493","529, 544, 555, 561, 566, 508, 539, 584, 551, 681, 562, 499, 536",Gambling
173,jocuri de cazino,ro,83,700,1.70,1.73,fortuna casino,2026-06-22 10:23:08,,1000,38000,43000,2015-09-06,"Informational,Commercial,Transactional,Non-branded,Non-local",Romanian,"238, 299, 363, 306, 311, 388, 374, 314, 443, 531, 536, 551, 458, 606, 576, 1008, 679, 672, 904, 904, 829, 684, 650, 781","764, 790, 773, 786, 800, 774, 790, 833, 784, 802, 816, 809, 793",Gambling
174,casa pariurilor online,ro,34,700,1.80,1.18,casa pariurilor,2026-06-18 21:55:43,Sitelinks,900,347000,380000,2015-09-02,"Informational,Navigational,Commercial,Transactional,Branded,Non-local",Romanian,"657, 655, 729, 775, 818, 767, 845, 864, 946, 843, 705, 630, 600, 599, 668, 711, 751, 705, 777, 796, 873, 778, 652, 584","556, 556, 620, 661, 699, 657, 725, 744, 816, 728, 610, 547, 522",Sports betting
175,unibet login,ro,79,700,0.09,1.07,unibet.ro login,2026-06-09 12:18:24,,39000,1900,2800,2015-12-02,"Navigational,Transactional,Branded,Non-local",English,"868, 751, 517, 525, 751, 875, 893, 757, 742, 847, 764, 741, 623, 791, 534, 436, 624, 779, 907, 799, 819, 868, 861, 804","751, 769, 773, 695, 819, 793, 875, 800, 819, 868, 862, 804, 751",Sports betting
176,sloturi gratis,ro,73,700,0.70,1.66,sloturi gratis,2026-06-22 06:16:50,,1000,700,800,2015-09-29,"Informational,Non-branded,Non-local",Romanian,"541, 438, 442, 444, 540, 458, 649, 810, 645, 775, 798, 538, 445, 616, 629, 1013, 809, 712, 912, 950, 740, 786, 739, 716","635, 636, 645, 720, 760, 841, 997, 1036, 826, 872, 825",Gambling
177,betano com login,ro,73,700,0.80,,betano com login,2026-06-22 14:04:44,,2500,100,300,2022-11-06,"Navigational,Transactional,Branded,Non-local",English,"96, 64, 96, 96, 146, 177, 146, 217, 469, 320, 322, 487, 410, 494, 500, 637, 691, 599, 1090, 906, 915, 897, 574, 946","970, 996, 1016, 1047, 1077, 1106, 1127, 1140, 1179, 1175, 1196, 1212, 1235",Sports betting
178,mr bit rotiri gratuite,ro,60,700,1.30,,mr bit rotiri gratuite,2026-06-15 12:28:39,,900,800,800,2021-09-09,"Informational,Branded,Non-local",Romanian,"458, 459, 387, 386, 699, 710, 873, 851, 682, 837, 265, 704, 474, 477, 564, 997, 1079, 827, 672, 788, 645, 668, 583, 706","574, 547, 570, 641, 988, 808, 941, 793, 648, 671, 586, 708, 576",Browser games; Casual games
179,cazinouri online care platesc,ro,16,700,1.70,,cazinouri online care platesc,2026-06-10 11:13:11,"Bottom ads,Video preview",900,20,20,2016-06-17,"Informational,Commercial,Non-branded,Non-local",Romanian,"431, 365, 367, 375, 377, 452, 376, 459, 361, 452, 440, 362, 367, 488, 416, 556, 680, 818, 850, 1000, 866, 966, 590, 775","793, 792, 765, 831, 943, 1015, 1155, 1198, 1061, 1222, 1096, 1100, 1115",Gambling
180,jocuri online casino,ro,83,700,2.50,1.35,cazinouri online,2026-06-28 16:20:20,,1300,68000,73000,2015-11-28,"Informational,Commercial,Transactional,Non-branded,Non-local",Romanian,"178, 223, 234, 285, 283, 346, 347, 419, 384, 479, 371, 469, 378, 571, 530, 846, 562, 824, 756, 815, 740, 790, 772, 771","725, 757, 756, 785, 767, 788, 797, 856, 780, 831, 813, 812",Gambling
181,bet casino,ro,82,700,1.20,,getsbet casino,2026-06-14 16:08:10,,215000,1000,1100,2016-12-28,"Commercial,Transactional,Non-branded,Non-local",English,"207, 365, 464, 552, 536, 655, 261, 309, 703, 234, 699, 739, 545, 745, 621, 524, 609, 529, 782, 685, 731, 690, 744, 757","731, 772, 801, 802, 843, 846, 849, 877, 923, 882, 936, 949, 923",Sports betting
182,bogdan casino,ro,72,700,1.20,,bogdan casino,2026-06-16 05:08:20,Sitelinks,700,500,500,2021-02-07,"Informational,Commercial,Branded,Non-local",Romanian,"64, 87, 68, 90, 858, 1575, 2341, 1869, 1564, 1567, 992, 1014, 845, 1028, 917, 894, 1007, 573, 877, 475, 583, 370, 313, 393","412, 489, 456, 465, 585, 529, 632, 380, 364, 334, 272, 388, 408",Gambling
183,casino player,ro,84,700,0.80,,pacanele gratis,2026-06-12 00:52:35,"People also ask,Video preview",1200,27000,27000,2015-09-04,"Informational,Commercial,Non-branded,Non-local",English,"266, 263, 327, 877, 843, 1339, 1716, 1504, 1031, 1596, 1031, 753, 933, 1377, 891, 593, 462, 283, 305, 355, 1252, 532, 441, 647","265, 276, 207, 233, 195, 224, 347, 368, 329, 331, 278, 253, 264",Casino games; Gambling
184,cazino nou,ro,73,700,1.80,,unibet.ro casino,2026-06-21 20:18:10,,800,450,600,2021-08-20,"Informational,Commercial,Transactional,Non-branded,Non-local",Romanian,"100, 152, 229, 232, 348, 353, 430, 433, 428, 435, 434, 427, 348, 562, 800, 816, 971, 841, 711, 721, 732, 734, 721, 697","622, 837, 963, 841, 923, 743, 642, 740, 748, 749, 734, 708, 632",Gambling
185,jocuri păcănele gratis,ro,75,700,0.35,,pacanele gratis,2026-06-05 15:14:11,Sitelinks,900,71000,77000,2016-05-08,"Informational,Non-branded,Non-local",Romanian,"387, 530, 539, 329, 323, 545, 551, 575, 468, 379, 311, 249, 288, 528, 743, 730, 626, 632, 621, 854, 834, 965, 952, 881","851, 935, 992, 950, 948, 920, 974, 1114, 1024, 886, 858, 885, 855",Casual games
186,cazinouri rotiri gratuite,ro,67,700,1.70,,rotiri gratuite fara depunere,2026-06-27 20:09:39,Sitelinks,800,48000,49000,2022-01-19,"Informational,Commercial,Transactional,Non-branded,Non-local",Romanian,"206, 316, 255, 138, 396, 480, 491, 753, 499, 699, 478, 178, 612, 731, 606, 809, 281, 527, 630, 863, 753, 717, 868, 657","727, 760, 750, 782, 814, 840, 865, 937, 903, 950, 960, 909, 979",Gambling
187,pacanele casino,ro,75,700,1.00,,pacanele gratis,2026-06-07 10:30:31,Video preview,800,30000,33000,2015-09-08,"Informational,Commercial,Non-branded,Non-local",Romanian,"89, 105, 97, 142, 117, 73, 66, 83, 79, 111, 117, 87, 59, 92, 95, 358, 1114, 1426, 1161, 1006, 819, 909, 705, 1944","1407, 1303, 1031, 1326, 1554, 1412, 1199, 1039, 845, 939, 728, 2007",Casino games
188,casa pariurilor rezultate,ro,41,700,1.00,1.18,casa pariurilor rezultate,2026-06-15 17:57:10,Sitelinks,1000,2100,2300,2015-09-02,"Informational,Branded,Non-local",Romanian,"562, 608, 867, 925, 937, 798, 828, 812, 929, 898, 730, 499, 441, 495, 750, 814, 824, 689, 719, 705, 822, 794, 626, 398","340, 396, 652, 717, 728, 594, 625, 613, 731, 704, 538, 310, 253",Sports betting; Sports
189,bonusuri,ro,70,700,1.80,0.48,bonus fara depunere,2026-06-15 09:02:13,,1200,135000,139000,2015-10-05,"Informational,Commercial,Transactional,Non-branded,Non-local",Romanian,"349, 355, 291, 427, 432, 425, 650, 796, 652, 775, 542, 633, 518, 597, 492, 566, 830, 699, 846, 776, 835, 789, 767, 724","660, 663, 600, 638, 758, 790, 802, 792, 848, 798, 775, 730, 665",Gambling
190,betano.com casino,ro,75,700,1.00,,betano casino,2026-06-12 03:47:51,Sitelinks,6500,26000,27000,2019-07-25,"Informational,Navigational,Commercial,Transactional,Branded,Non-local",English,"258, 721, 565, 467, 385, 386, 476, 498, 486, 389, 387, 391, 304, 478, 679, 777, 776, 919, 1334, 1074, 253, 857, 220, 714","720, 977, 843, 820, 776, 808, 986, 915, 762, 805, 736, 750, 723",Gambling
191,jocuri ca la aparate gratis,ro,68,700,0.40,1.49,aparate,2026-06-14 02:05:29,Sitelinks,1200,12000,13000,2015-09-02,"Informational,Non-branded,Non-local",Romanian,"546, 475, 523, 612, 674, 670, 789, 871, 779, 837, 690, 610, 545, 474, 522, 611, 674, 670, 788, 870, 779, 837, 690, 610","545, 474, 522, 611, 673, 670, 788, 870, 779, 837, 690, 610, 545",Lottery
192,free spins,ro,46,700,1.80,1.24,free spins casino,2026-06-24 17:36:54,Video preview,74000,900,900,2015-09-25,"Informational,Commercial,Non-branded,Non-local",English,"459, 484, 411, 442, 435, 526, 523, 641, 625, 616, 536, 637, 521, 679, 584, 565, 660, 662, 681, 844, 712, 752, 724, 772","641, 684, 565, 557, 569, 578, 589, 750, 622, 661, 636, 683",Gambling
193,bit,ro,24,700,0.05,0.52,mrbit,2026-06-03 04:35:51,Video preview,326000,36000,38000,2015-09-05,"Informational,Navigational,Commercial,Non-branded,Non-local",English,"616, 601, 615, 674, 697, 717, 736, 742, 698, 685, 669, 659, 620, 605, 618, 678, 701, 721, 740, 745, 701, 688, 671, 661","622, 607, 620, 680, 703, 722, 741, 747, 703, 690, 672, 663, 623",Computer hardware; Sports betting; Technical reference; Computer science
194,top online casinos,ro,88,600,3.50,,casinos online,2026-06-09 18:46:40,Video preview,26000,1000,172000,2015-09-11,"Informational,Commercial,Transactional,Non-branded,Non-local",English,"148, 171, 79, 208, 235, 433, 115, 740, 354, 1146, 645, 730, 534, 743, 696, 357, 676, 579, 517, 632, 601, 685, 641, 657","640, 670, 660, 657, 697, 715, 678, 755, 724, 808, 764, 779, 763",Gambling
195,casino online rotiri gratuite,ro,77,600,2.00,,bonus fara depunere,2026-06-22 01:18:31,,700,130000,133000,2018-10-15,"Informational,Commercial,Non-branded,Non-local",Romanian,"150, 147, 222, 231, 336, 335, 518, 665, 630, 738, 767, 648, 529, 477, 521, 504, 619, 533, 539, 595, 556, 556, 527, 505","512, 485, 480, 455, 455, 456, 461, 509, 476, 473, 449, 422",Gambling
196,rotiri gratuite casino,ro,75,600,2.50,,rotiri gratuite fara depunere,2026-06-13 03:03:04,Sitelinks,800,42000,43000,2016-06-02,"Informational,Commercial,Transactional,Non-branded,Non-local",Romanian,"388, 376, 422, 405, 502, 530, 577, 730, 839, 897, 752, 570, 514, 591, 741, 722, 813, 716, 669, 758, 648, 609, 492, 435","618, 620, 646, 654, 678, 661, 672, 682, 686, 676, 651, 628, 621",Gambling
197,rotiri gratuite la verificare,ro,73,600,3.00,,rotiri gratuite fara depunere,2026-06-17 21:03:11,Sitelinks,600,47000,48000,2023-05-04,"Informational,Commercial,Transactional,Non-branded,Non-local",Romanian,"182, 181, 152, 184, 186, 223, 221, 230, 227, 410, 336, 228, 156, 376, 389, 665, 568, 584, 704, 659, 666, 815, 721, 669","671, 861, 786, 943, 779, 824, 903, 811, 819, 968, 874, 821, 824",Gambling
198,betano contact telefon,ro,11,600,0.90,,betano contact,2026-06-24 15:17:17,Sitelinks,600,350,350,2018-10-15,"Informational,Branded,Non-local",Romanian,"389, 321, 481, 492, 390, 68, 259, 490, 482, 394, 264, 482, 384, 399, 396, 593, 726, 739, 725, 737, 751, 734, 702, 717","661, 638, 644, 629, 619, 564, 573, 600, 605, 600, 564, 587",Gambling
199,ruleta casino,ro,57,600,3.50,0.56,ruleta casino online,2026-06-28 09:31:53,Video preview,17000,300,300,2015-10-10,"Informational,Commercial,Non-branded,Non-local",Romanian,"422, 352, 419, 431, 492, 497, 574, 584, 475, 584, 497, 514, 506, 656, 572, 613, 500, 509, 560, 594, 528, 560, 526, 544","509, 529, 512, 539, 565, 553, 592, 626, 560, 592, 558, 576",Gambling
200,rotiri gratuite la verificarea contului,ro,69,600,3.00,,rotiri gratuite fara depunere,2026-06-17 21:21:25,,700,47000,48000,2022-10-28,"Informational,Transactional,Non-branded,Non-local",Romanian,"123, 214, 120, 121, 223, 322, 423, 739, 516, 584, 596, 492, 348, 694, 611, 768, 551, 647, 579, 656, 657, 651, 634, 639","638, 688, 678, 708, 708, 735, 757, 782, 782, 777, 760, 764, 763",Lottery
201,betano.com romania,ro,39,600,1.00,,betano,2026-06-09 16:51:03,Sitelinks,800,471000,475000,2021-04-07,"Informational,Navigational,Commercial,Branded,Non-local",English,"2258, 1831, 1840, 1789, 1835, 1519, 3424, 2311, 1237, 1226, 835, 809, 643, 663, 659, 813, 685, 680, 665, 547, 465, 395, 336, 285","243, 206, 218, 300, 333, 319, 593, 372, 233, 271, 143, 104",Sports betting
202,888 casino 88 rotiri,ro,64,600,0.70,,bonus casino,2026-06-19 02:28:52,,900,7700,7900,2020-12-29,"Informational,Commercial,Transactional,Branded,Non-local",Romanian,"554, 569, 573, 1090, 1219, 1800, 621, 2531, 1088, 769, 345, 414, 341, 299, 458, 805, 984, 589, 442, 996, 731, 691, 498, 568","619, 442, 513, 511, 695, 579, 360, 898, 647, 607, 416, 486, 537",Gambling
203,pacanele rotiri gratuite,ro,74,600,2.00,,rotiri gratuite fara depunere,2026-06-21 21:04:04,,700,29000,29000,2020-09-14,"Informational,Commercial,Transactional,Non-branded,Non-local",Romanian,"82, 98, 102, 101, 124, 192, 241, 361, 440, 541, 437, 307, 357, 305, 259, 515, 779, 947, 931, 1149, 903, 536, 375, 471","510, 475, 501, 634, 653, 633, 567, 662, 487, 422, 471, 483, 522",Gambling
204,cazinouri cu rotiri gratuite,ro,73,600,2.00,,rotiri gratuite fara depunere,2026-06-10 04:59:42,"Top ads,Paid sitelinks",700,31000,32000,2019-01-15,"Informational,Commercial,Transactional,Non-branded,Non-local",Romanian,"346, 418, 429, 232, 357, 517, 871, 1177, 1369, 1091, 633, 626, 523, 634, 739, 851, 850, 743, 520, 564, 621, 544, 431, 397","385, 393, 383, 331, 306, 316, 375, 400, 420, 383, 252, 243, 223",Gambling
205,casa pariurilor contact,ro,0,600,2.50,1.22,suport@casapariurilor.ro,2026-06-08 07:07:33,Local pack,600,100,150,2015-09-06,"Informational,Navigational,Branded,Local",Romanian,"389, 389, 320, 272, 452, 376, 455, 465, 321, 396, 401, 502, 319, 355, 430, 646, 529, 507, 709, 706, 647, 656, 472, 712","596, 611, 574, 608, 709, 745, 760, 712, 656, 659, 691, 723, 606",Sports betting; Business
206,cont casa pariurilor,ro,17,600,2.50,1.39,casa pariurilor,2026-06-14 00:49:47,Sitelinks,600,346000,378000,2015-09-25,"Informational,Transactional,Branded,Non-local",Romanian,"864, 863, 842, 743, 583, 486, 585, 394, 463, 574, 722, 803, 714, 619, 509, 619, 630, 453, 515, 529, 572, 528, 604, 609","546, 534, 551, 616, 653, 728, 776, 748, 801, 732, 829, 830, 738",Sports betting
207,casa pariurilor bonus,ro,50,600,3.00,1.07,casa pariurilor bonus de bun venit,2026-06-12 13:00:54,,700,1500,1500,2015-09-08,"Informational,Commercial,Transactional,Branded,Non-local",Romanian,"395, 327, 331, 503, 498, 592, 409, 396, 394, 615, 596, 727, 491, 513, 422, 466, 424, 379, 564, 667, 653, 717, 635, 673","642, 635, 611, 621, 646, 659, 639, 682, 682, 639, 594, 618, 583",Sports betting
208,mr,ro,50,600,0.15,0.54,mr bit,2026-06-28 00:20:37,Video preview,302000,19000,23000,2015-09-01,"Non-branded,Non-local",,"600, 585, 626, 618, 601, 582, 699, 621, 593, 570, 594, 564, 598, 583, 625, 616, 600, 581, 698, 620, 592, 569, 593, 562","597, 582, 624, 615, 599, 580, 697, 619, 592, 568, 592, 562, 597",/Other
209,live casino,ro,67,600,4.00,0.89,live casino romania,2026-06-22 06:20:59,Video preview,92000,700,700,2015-12-31,"Informational,Commercial,Transactional,Non-branded,Non-local",English,"442, 521, 443, 488, 482, 538, 499, 464, 400, 658, 663, 599, 506, 605, 551, 685, 583, 540, 566, 652, 662, 846, 650, 749","735, 741, 738, 773, 699, 737, 745, 709, 680, 826, 771, 772, 759",Gambling
210,jocuri pacanele online pe bani,ro,78,600,3.50,,pacanele,2026-06-24 11:16:33,,900,14000,17000,2020-10-12,"Informational,Commercial,Transactional,Non-branded,Non-local",Romanian,"346, 231, 288, 435, 532, 522, 531, 548, 529, 521, 444, 440, 366, 585, 595, 485, 752, 654, 938, 874, 687, 664, 580, 565","544, 605, 648, 590, 634, 921, 760, 878, 689, 667, 582, 566, 546",Lottery
211,pacanele.ro,ro,61,600,1.10,,pacanele ro,2026-06-27 19:02:44,"Sitelinks,Video preview",700,1100,1200,2015-09-30,"Navigational,Non-branded,Non-local",,"31, 21, 32, 47, 25, 19, 24, 27, 27, 21, 28, 38, 17, 17, 29, 1002, 1567, 2151, 2117, 191, 165, 124, 106, 101","90, 69, 62, 731, 1009, 1065, 600, 193, 167, 125, 107",Gambling
212,mrbit.ro,ro,33,600,0.45,,mrbit,2026-06-21 20:12:15,"Sitelinks,Bottom ads,Video preview",700,26000,29000,2021-06-09,"Navigational,Transactional,Branded,Non-local",,"55, 808, 556, 68, 117, 797, 805, 718, 694, 859, 136, 746, 569, 146, 185, 1564, 838, 110, 754, 6, 552, 831, 1455, 701","804, 889, 889, 971, 966, 1121, 1065, 1081, 1211, 1211, 1214, 1258, 1211",Sports betting
213,top 10 cazinouri online,ro,64,600,7.00,,cazinouri online,2026-06-19 19:17:00,Sitelinks,700,33000,34000,2020-02-04,"Informational,Commercial,Non-branded,Non-local",Romanian,"165, 164, 163, 257, 205, 262, 323, 272, 316, 379, 395, 393, 326, 535, 1114, 660, 886, 533, 516, 632, 475, 577, 463, 543","532, 550, 603, 551, 571, 582, 577, 595, 570, 607, 589, 581, 570",Sports betting
214,l1160652w000306,ro,45,600,1.00,,casa pariurilor,2026-06-17 10:44:57,Sitelinks,600,347000,379000,2022-02-01,"Informational,Branded,Non-local",,"1994, 1658, 633, 2440, 2423, 2401, 2976, 2429, 2356, 725, 1012, 1424, 4301, 590, 391, 266, 175, 208, 142, 213, 84, 35, 90, 307","649, 176, 31, 329, 305, 266, 272, 148, 339, 51, 186, 335, 677",Sports betting; Government; Public records
215,bonus cazino,ro,71,600,4.00,,bonus fara depunere,2026-06-26 01:32:26,Local pack,800,128000,131000,2016-10-04,"Informational,Commercial,Non-branded,Non-local",Romanian,"274, 272, 262, 225, 321, 396, 388, 808, 217, 268, 228, 220, 217, 337, 352, 326, 396, 404, 1280, 888, 694, 711, 625, 588","523, 529, 468, 486, 955, 720, 937, 889, 695, 711, 625, 588, 524",Gambling
216,pacanele gratis 77777,ro,66,600,0.45,1.76,77777,2026-06-10 23:07:29,Video preview,700,10000,12000,2015-09-04,"Informational,Non-branded,Non-local",Romanian,"589, 475, 480, 876, 1005, 1573, 1023, 1340, 1293, 1275, 1017, 1017, 695, 560, 555, 1048, 933, 774, 800, 686, 269, 310, 216, 275","227, 224, 199, 299, 303, 314, 306, 325, 291, 315, 275, 256, 215",Lottery
217,online casinos,ro,91,600,3.00,,cazinouri online,2026-06-05 05:19:20,Video preview,170000,94000,98000,2015-09-03,"Informational,Commercial,Transactional,Non-branded,Non-local",English,"633, 625, 354, 353, 341, 344, 738, 248, 221, 222, 233, 251, 931, 1029, 1001, 298, 280, 292, 984, 526, 465, 528, 503, 508","623, 629, 690, 668, 573, 551, 676, 593, 523, 593, 565, 570, 698",Gambling
218,bonus casino online,ro,78,600,4.00,,bonus fara depunere,2026-06-15 03:28:40,,4800,135000,139000,2018-03-21,"Informational,Commercial,Transactional,Non-branded,Non-local",English,"308, 306, 208, 394, 395, 329, 708, 922, 1157, 3446, 489, 997, 523, 966, 1198, 981, 370, 302, 271, 292, 480, 864, 356, 523","463, 498, 509, 518, 485, 464, 499, 521, 500, 797, 486, 523, 463",Gambling
219,betano contact,ro,4,600,2.00,,betano contact telefon,2026-06-13 13:43:50,,700,250,250,2017-01-20,"Informational,Branded,Non-local",English,"893, 732, 747, 776, 941, 923, 1116, 975, 948, 936, 781, 930, 773, 638, 621, 773, 615, 582, 662, 623, 588, 566, 538, 591","530, 490, 484, 510, 554, 541, 605, 566, 531, 509, 481, 534, 473",Sports betting; Business
220,case de pariuri online,ro,73,600,6.00,1.3,unibet.ro,2026-06-17 09:26:21,,1400,11000,11000,2015-09-03,"Informational,Commercial,Non-branded,Non-local",Romanian,"379, 477, 766, 561, 864, 570, 670, 657, 770, 803, 693, 568, 379, 477, 766, 561, 864, 569, 670, 657, 770, 803, 693, 568","379, 477, 766, 561, 864, 569, 670, 657, 770, 803, 693, 568, 379",Sports betting; Sports
221,casino site,ro,87,600,3.50,,cazinouri online,2026-06-19 03:38:18,Video preview,16000,52000,57000,2020-01-10,"Informational,Commercial,Transactional,Non-branded,Non-local",English,"232, 228, 187, 228, 419, 158, 189, 393, 934, 262, 446, 418, 1660, 803, 1408, 796, 298, 244, 245, 297, 299, 172, 200, 188","296, 214, 247, 178, 166, 128, 139, 183, 255, 176, 166, 153, 265",Gambling
222,betano casino online,ro,73,600,0.90,,betano casino,2026-06-26 02:59:05,Sitelinks,12000,33000,34000,2019-01-18,"Informational,Navigational,Commercial,Transactional,Branded,Non-local",English,"274, 342, 339, 336, 779, 1076, 971, 434, 513, 521, 624, 509, 497, 532, 321, 945, 639, 297, 406, 702, 674, 834, 584, 688","695, 689, 634, 672, 697, 680, 691, 691, 753, 751, 750, 662, 669",Gambling
223,888 casino online,ro,72,600,1.30,,888 casino,2026-06-25 22:58:03,Sitelinks,6600,28000,294000,2016-07-08,"Navigational,Commercial,Transactional,Branded,Non-local",English,"263, 207, 250, 306, 408, 555, 552, 486, 490, 194, 613, 225, 201, 247, 785, 454, 786, 853, 469, 621, 578, 547, 579, 515","438, 420, 609, 485, 662, 655, 672, 639, 592, 558, 588, 522, 443",Gambling
224,cazino demo,ro,78,500,0.50,,jocuri casino online gratis,2026-05-27 09:06:00,,800,30000,33000,2020-01-10,"Informational,Branded,Non-local",Romanian,"499, 498, 501, 495, 603, 494, 612, 739, 497, 603, 603, 598, 387, 358, 437, 204, 530, 267, 954, 574, 533, 570, 560, 559","542, 538, 520, 531, 554, 514, 590, 597, 555, 591, 580, 578, 560",Lottery
225,lista cazinouri online,ro,59,500,3.00,,lista cazinouri online romania,2026-06-10 04:18:11,,600,5400,5800,2020-01-16,"Informational,Commercial,Non-branded,Non-local",Romanian,"203, 249, 204, 250, 303, 312, 259, 397, 306, 290, 252, 314, 380, 581, 602, 654, 380, 460, 461, 480, 464, 469, 462, 469","476, 505, 494, 508, 484, 506, 510, 529, 513, 518, 511, 518, 525",Gambling
226,cazino online romania,ro,83,500,4.50,,casino online romania,2026-06-17 14:35:00,Video preview,700,46000,51000,2015-10-08,"Informational,Commercial,Transactional,Non-branded,Non-local",Romanian,"195, 169, 139, 173, 201, 170, 196, 286, 339, 347, 412, 287, 341, 609, 541, 531, 500, 483, 461, 451, 470, 525, 531, 557","471, 544, 545, 558, 739, 599, 611, 594, 615, 684, 688, 717, 603",Gambling
227,online casino bonus,ro,77,500,3.00,,bonus fara depunere,2026-06-13 15:51:12,,34000,138000,141000,2018-02-17,"Informational,Commercial,Transactional,Non-branded,Non-local",English,"375, 148, 371, 537, 778, 228, 188, 136, 112, 203, 184, 173, 196, 1006, 737, 607, 651, 380, 467, 408, 429, 399, 407, 397","414, 416, 459, 494, 588, 297, 371, 309, 343, 343, 344, 341, 363",Gambling
228,888 casino rotiri gratuite,ro,67,500,1.30,,bonus casino,2026-06-18 19:38:51,"Sitelinks,Video preview",1000,7700,7900,2020-12-04,"Informational,Commercial,Transactional,Branded,Non-local",Romanian,"922, 953, 674, 1341, 1470, 453, 1699, 1593, 687, 1273, 996, 1268, 732, 575, 496, 541, 690, 385, 396, 607, 520, 444, 282, 425","291, 299, 253, 330, 336, 284, 398, 561, 386, 424, 338, 363, 235",Gambling
229,casino fara depunere bonus,ro,75,500,2.50,,rotiri gratuite fara depunere,2026-06-07 21:30:03,,600,168000,172000,2017-03-06,"Informational,Commercial,Non-branded,Non-local",Romanian,"230, 191, 210, 215, 265, 263, 287, 544, 225, 195, 495, 408, 393, 482, 556, 190, 185, 658, 734, 575, 547, 552, 586, 595","591, 595, 612, 594, 604, 659, 693, 718, 690, 695, 728, 737, 733",Gambling
230,casino cu rotiri gratuite,ro,74,500,3.00,,rotiri gratuite fara depunere,2026-06-10 13:38:30,Sitelinks,600,31000,32000,2020-08-16,"Informational,Commercial,Transactional,Non-branded,Non-local",Romanian,"99, 151, 291, 290, 443, 230, 416, 555, 443, 492, 343, 432, 636, 463, 417, 530, 328, 478, 479, 527, 496, 502, 476, 487","497, 507, 536, 550, 565, 551, 595, 636, 611, 618, 595, 607, 619",Gambling
231,betamo,ro,72,500,1.40,,betano,2026-06-20 01:45:28,"Sitelinks,Video preview",32000,467000,471000,2016-05-31,"Informational,Navigational,Commercial,Branded,Non-local",,"694, 466, 479, 562, 576, 582, 700, 691, 569, 690, 568, 471, 446, 465, 476, 567, 469, 567, 591, 579, 556, 566, 550, 561","566, 550, 577, 563, 581, 570, 610, 616, 592, 603, 587, 598, 603",Sports betting
232,jocuri online pacanele,ro,74,500,0.90,1.61,pacanele,2026-06-16 10:39:06,,700,18000,21000,2015-09-20,"Informational,Commercial,Transactional,Non-branded,Non-local",Romanian,"390, 332, 363, 455, 419, 411, 410, 502, 392, 475, 411, 358, 293, 514, 411, 569, 600, 554, 590, 590, 496, 495, 510, 449","382, 374, 358, 451, 493, 492, 488, 525, 490, 501, 439, 451, 383",Lottery
233,free spin casino,ro,72,500,1.80,,casino free spins,2026-06-12 15:53:23,,12000,2600,2600,2016-02-07,"Informational,Commercial,Non-branded,Non-local",English,"226, 339, 415, 353, 426, 425, 528, 424, 415, 490, 493, 494, 500, 384, 535, 555, 682, 440, 461, 516, 514, 511, 478, 493","462, 450, 472, 454, 483, 494, 490, 521, 519, 516, 482, 497, 467",Gambling
234,casinouri,ro,79,450,2.50,,cazinouri online,2026-06-06 08:56:59,Knowledge panel,500,98000,103000,2015-12-06,"Informational,Commercial,Non-branded,Non-local",Romanian,"292, 294, 346, 340, 365, 374, 461, 450, 437, 526, 443, 377, 369, 379, 448, 455, 483, 475, 475, 486, 479, 493, 481, 482","485, 489, 502, 503, 510, 509, 521, 531, 524, 538, 526, 527, 529",Gambling
235,slot online,ro,83,450,4.00,1.44,sloturi online,2026-06-26 05:08:25,,78000,300,300,2015-09-18,"Informational,Commercial,Transactional,Non-branded,Non-local",English,"251, 320, 258, 332, 323, 255, 330, 275, 330, 404, 479, 418, 349, 427, 433, 616, 443, 343, 385, 422, 409, 539, 411, 447","426, 457, 454, 464, 451, 439, 451, 500, 481, 503, 480, 436, 415",Lottery
236,egt casa pariurilor,ro,68,450,0.30,,cazinouri online,2026-06-20 10:09:31,Sitelinks,500,24000,28000,2022-11-27,"Informational,Navigational,Branded,Non-local",Romanian,"563, 574, 559, 466, 193, 462, 558, 469, 445, 685, 693, 470, 649, 560, 374, 671, 540, 434, 384, 429, 403, 432, 418, 391","423, 393, 369, 356, 322, 337, 354, 365, 334, 368, 352, 328, 359",Sports betting
237,cele mai bune casino online,ro,77,450,8.00,,netbet,2026-05-29 07:15:10,Sitelinks,500,176000,180000,2019-08-15,"Informational,Commercial,Transactional,Non-branded,Non-local",Romanian,"113, 178, 180, 178, 179, 148, 114, 117, 180, 107, 140, 142, 106, 169, 579, 456, 800, 530, 541, 453, 371, 379, 520, 390","383, 394, 455, 458, 497, 475, 495, 512, 524, 540, 560, 556, 541",Gambling
238,mrbet,ro,56,450,1.20,,mrbit,2026-05-26 21:09:08,,24000,36000,37000,2018-06-12,"Informational,Navigational,Commercial,Branded,Non-local",,"534, 656, 658, 662, 658, 1813, 30066, 2939, 290, 233, 505, 428, 321, 492, 478, 562, 622, 631, 998, 130, 215, 291, 267, 256",273,Gambling
239,casinouri noi,ro,79,450,1.00,,cazinouri noi romania,2026-05-20 22:16:05,Sitelinks,500,35000,35000,2021-08-20,"Informational,Commercial,Non-branded,Non-local",Romanian,"70, 103, 104, 101, 133, 135, 171, 111, 109, 154, 215, 122, 117, 159, 162, 167, 188, 190, 2592, 269, 273, 341, 370, 326","331, 365, 357, 391, 426, 451, 632, 408, 412, 480, 508, 464, 470",Gambling
240,888 romania,ro,47,450,0.60,1.04,888 casino,2026-05-17 19:43:51,"Top ads,Sitelinks,Bottom ads,Paid sitelinks",800,61000,64000,2015-10-30,"Navigational,Transactional,Branded,Non-local",English,"111, 73, 115, 76, 91, 172, 141, 113, 157, 241, 253, 214, 178, 289, 628, 611, 652, 771, 449, 400, 391, 339, 349, 318","287, 253, 267, 248, 251, 279, 311, 235, 185, 178, 173, 169, 134",Sports betting
241,betano ro live,ro,23,450,0.40,,betano live,2026-06-10 06:23:42,Sitelinks,600,7400,7600,2020-02-12,"Navigational,Transactional,Branded,Non-local",English,"38, 92, 38, 22, 44, 11, 18, 22, 18, 11, 65, 21, 5, 14, 35, 55, 178, 198, 309, 329, 630, 1204, 977, 1319",1167,Sports betting
242,casă pariurilor,ro,16,450,1.60,,casa pariurilor,2026-05-17 00:44:23,Sitelinks,450,330000,363000,2015-11-23,"Informational,Navigational,Branded,Non-local",Romanian,"206, 134, 138, 170, 172, 309, 470, 321, 135, 253, 258, 313, 128, 173, 387, 394, 558, 670, 581, 477, 425, 488, 415, 425","346, 395, 413, 404, 490, 519, 550, 477, 425, 489, 415, 425, 346",Sports betting
243,mr bit bonus,ro,55,450,1.50,,mr bit cod promotional,2026-06-21 04:02:39,,800,20,50,2020-08-23,"Informational,Commercial,Branded,Non-local",English,"164, 385, 479, 319, 378, 374, 467, 490, 584, 235, 396, 324, 319, 483, 348, 331, 243, 302, 444, 536, 639, 541, 565, 420","479, 565, 586, 452, 502, 452, 672, 583, 561, 487, 441, 435, 492",Sports betting
244,betano app,ro,66,450,2.00,1.05,betano pariuri,2026-06-05 02:17:49,,260000,900,1100,2017-02-09,"Informational,Transactional,Branded,Non-local",English,"471, 393, 396, 396, 324, 389, 479, 323, 381, 322, 316, 266, 389, 427, 505, 629, 523, 516, 459, 436, 423, 374, 331, 296","305, 551, 376, 460, 528, 494, 477, 434, 421, 373, 330, 295, 305",Sports betting; Add-ons
245,jocuri cazino gratuite,ro,75,450,0.90,,pacanele gratis,2026-06-21 06:56:46,Sitelinks,500,22000,22000,2015-09-06,"Informational,Commercial,Non-branded,Non-local",Romanian,"57, 58, 39, 56, 89, 184, 75, 126, 105, 200, 309, 390, 319, 341, 292, 380, 501, 449, 446, 455, 448, 467, 512, 497","485, 482, 467, 473, 486, 493, 482, 492, 485, 505, 550, 535, 523",Lottery
246,jocuri cu păcănele,ro,77,400,0.50,1.61,pacanele gratis,2026-05-21 20:43:07,Sitelinks,450,22000,24000,2015-10-21,"Informational,Commercial,Non-branded,Non-local",Romanian,"292, 244, 296, 375, 357, 442, 375, 411, 350, 389, 348, 345, 271, 230, 261, 365, 440, 457, 439, 517, 432, 418, 379, 380","365, 342, 368, 408, 459, 481, 466, 544, 459, 445, 406, 407, 392",Lottery
247,cazino.ro,ro,84,400,1.90,,cazinouri fara depunere,2026-05-20 15:22:19,,450,6400,6500,2016-04-11,"Navigational,Transactional,Branded,Non-local",,"410, 342, 343, 479, 487, 426, 482, 469, 346, 463, 416, 458, 385, 390, 276, 272, 455, 416, 476, 437, 451, 471, 458, 495","453, 440, 419, 460, 462, 460, 440, 447, 461, 480, 465, 502, 459",Gambling
248,ro.betano,ro,2,400,1.70,,betano,2026-06-07 15:47:07,"Top ads,Sitelinks",500,471000,476000,2016-11-05,"Navigational,Branded,Non-local",,"547, 535, 549, 426, 450, 376, 477, 448, 357, 411, 362, 357, 227, 227, 265, 385, 402, 421, 512, 482, 451, 463, 454, 468","445, 443, 445, 421, 449, 451, 471, 456, 425, 437, 428, 443, 420",Sports betting
249,888cazino,ro,39,400,1.20,,888 casino,2026-06-28 13:24:36,Sitelinks,500,74000,78000,2017-03-01,"Informational,Navigational,Commercial,Branded,Non-local",,"362, 356, 404, 414, 417, 437, 515, 510, 495, 509, 502, 427, 357, 417, 505, 498, 645, 627, 412, 348, 301, 249, 257, 227","213, 206, 208, 213, 226, 231, 235, 243, 220, 210, 194, 180, 169",Sports betting
250,casino betano,ro,72,400,0.80,,betano casino,2026-06-01 04:43:40,Sitelinks,12000,19000,19000,2017-11-01,"Informational,Navigational,Commercial,Transactional,Branded,Non-local",Romanian,"465, 395, 410, 490, 492, 468, 576, 499, 475, 405, 392, 402, 326, 387, 317, 382, 326, 328, 458, 468, 421, 402, 384, 418","410, 397, 354, 357, 370, 362, 409, 389, 362, 374, 345, 383, 375",Sports betting
251,m.casa pariurilor,ro,31,400,1.20,1.09,casa pariurilor,2026-05-22 13:08:16,Sitelinks,500,327000,360000,2015-09-20,"Navigational,Transactional,Branded,Non-local",Romanian,"475, 521, 633, 578, 643, 658, 562, 628, 535, 812, 804, 819, 605, 637, 546, 291, 350, 306, 301, 405, 423, 383, 357, 420","285, 243, 305, 300, 350, 294, 303, 405, 422, 382, 356, 420, 285",Sports betting
252,betano online,ro,75,400,1.90,,betano casino,2026-06-12 20:17:50,,6600,27000,28000,2016-09-01,"Navigational,Transactional,Branded,Non-local",English,"288, 443, 200, 297, 299, 239, 356, 336, 275, 408, 398, 231, 362, 399, 583, 209, 391, 310, 483, 418, 400, 432, 411, 389","422, 423, 428, 392, 442, 428, 481, 471, 453, 485, 464, 442, 475",Sports betting
253,cazinouri licentiate romania,ro,61,400,2.00,,lista cazinouri online romania,2026-06-07 10:40:58,,450,7400,7800,2015-11-15,"Informational,Commercial,Non-branded,Local",Romanian,"201, 303, 301, 304, 370, 381, 305, 314, 141, 196, 206, 255, 305, 559, 674, 383, 510, 362, 342, 331, 312, 352, 486, 432","508, 561, 578, 340, 444, 413, 505, 514, 530, 537, 552, 563, 579",Gambling; Legal; Business
254,cazinouri online rotiri gratuite,ro,76,400,2.00,,rotiri gratuite fara depunere,2026-06-10 16:10:54,Sitelinks,450,166000,169000,2021-01-05,"Informational,Commercial,Non-branded,Non-local",Romanian,"63, 62, 83, 134, 131, 193, 450, 677, 232, 219, 231, 191, 164, 286, 365, 607, 515, 528, 360, 448, 385, 374, 370, 375","369, 405, 380, 354, 336, 337, 368, 426, 354, 351, 341, 351, 341",Gambling
255,oriental casino,ro,44,400,0.90,,oriental casino,2026-05-24 12:01:55,,450,200,200,2020-06-14,"Informational,Commercial,Branded,Non-local",English,"46, 95, 100, 98, 222, 174, 268, 346, 272, 322, 224, 344, 505, 661, 552, 426, 428, 508, 516, 435, 235, 221, 75, 219","236, 237, 225, 198, 206, 190, 193, 190, 169, 167, 160, 157, 164",Gambling; Public records
256,toate cazinourile online din romania,ro,76,400,1.30,,cazinouri online,2026-06-05 06:52:56,Sitelinks,450,21000,22000,2020-11-01,"Informational,Commercial,Non-branded,Non-local",Romanian,"136, 170, 251, 173, 259, 213, 212, 134, 81, 86, 82, 196, 242, 333, 494, 671, 567, 357, 360, 364, 343, 351, 357, 372","366, 385, 401, 400, 390, 354, 352, 356, 335, 342, 349, 364, 358",Gambling
257,cazino online nou,ro,80,400,2.00,,casino online,2026-05-27 11:19:31,,450,79000,83000,2021-03-05,"Informational,Commercial,Transactional,Non-branded,Non-local",Romanian,"183, 296, 296, 344, 432, 519, 639, 153, 140, 122, 161, 159, 152, 296, 487, 359, 485, 510, 499, 455, 450, 453, 461, 460","459, 484, 512, 505, 540, 549, 569, 520, 515, 518, 526, 525, 524",Gambling
258,top casinos online,ro,83,400,4.00,,online top casinos,2026-06-18 20:56:02,Video preview,6600,400,130000,2015-12-12,"Informational,Commercial,Transactional,Non-branded,Non-local",English,"7, 23, 18, 18, 22, 23, 27, 9, 948, 10, 9, 8, 6, 103, 137, 152, 161, 140, 139, 822, 816, 106, 71, 2337",836,Gambling
259,88 casino,ro,83,400,1.90,,888 casino,2026-06-05 07:07:45,Sitelinks,5400,77000,82000,2015-10-16,"Informational,Navigational,Commercial,Transactional,Branded,Non-local",Romanian,"232, 230, 188, 225, 346, 419, 412, 439, 288, 353, 249, 360, 374, 357, 407, 485, 592, 473, 326, 410, 317, 340, 288, 349","339, 332, 330, 360, 414, 375, 363, 431, 338, 361, 309, 370, 360",Gambling
260,cazino.ro gratis,ro,76,400,1.00,,jocuri casino online gratis,2026-06-12 01:25:35,,450,29000,31000,2022-03-22,"Informational,Navigational,Branded,Non-local",Romanian,"449, 554, 561, 863, 839, 708, 703, 476, 441, 308, 369, 381, 359, 313, 461, 568, 702, 558, 571, 588, 214, 200, 213, 259","236, 260, 257, 342, 319, 330, 327, 315, 226, 222, 252, 269, 247",Lottery
261,888 casino ro,ro,62,400,1.30,,888 casino,2026-06-15 13:23:56,Sitelinks,900,89000,93000,2017-10-14,"Informational,Navigational,Commercial,Branded,Non-local",English,"418, 505, 404, 417, 412, 426, 518, 398, 327, 330, 332, 341, 388, 346, 414, 346, 395, 538, 416, 450, 441, 444, 444, 449","453, 465, 453, 448, 455, 466, 472, 476, 470, 472, 473, 477, 482",Gambling
262,casino online top,ro,62,400,3.00,,cazinouri online,2026-06-06 07:36:58,Video preview,2500,30000,30000,2017-08-18,"Informational,Commercial,Transactional,Non-branded,Non-local",English,"152, 156, 108, 194, 230, 83, 75, 103, 338, 118, 470, 147, 464, 151, 256, 417, 287, 284, 661, 485, 465, 495, 414, 479","475, 439, 350, 435, 431, 447, 443, 577, 550, 513, 656, 589, 583",Gambling
263,jocuri cu rotiri gratuite,ro,73,400,2.00,,cazinouri online,2026-05-29 22:47:02,,400,18000,19000,2020-05-17,"Informational,Commercial,Transactional,Non-branded,Non-local",Romanian,"140, 99, 186, 189, 191, 280, 332, 442, 364, 495, 286, 239, 292, 364, 333, 488, 384, 459, 333, 409, 390, 448, 264, 378","388, 383, 400, 400, 406, 473, 430, 473, 440, 465, 429, 415, 425",Gambling
264,inregistrare betano,ro,47,400,2.00,,betano casino,2026-06-18 19:10:31,,450,30000,31000,2016-10-22,"Informational,Navigational,Commercial,Transactional,Branded,Non-local",Romanian,"1273, 1278, 1315, 1025, 1306, 1015, 1041, 1047, 1037, 889, 712, 704, 472, 350, 354, 421, 504, 424, 355, 407, 231, 214, 213, 382","279, 169, 193, 110, 294, 199, 161, 217, 62, 52, 66, 243",Sports betting
265,jocuri păcănele,ro,77,350,0.60,,pacanele gratis,2026-06-07 12:07:24,Sitelinks,450,68000,74000,2015-09-08,"Informational,Branded,Non-local",Romanian,"397, 408, 411, 402, 425, 530, 626, 621, 496, 401, 324, 413, 327, 397, 295, 373, 294, 305, 436, 506, 343, 328, 327, 474","420, 484, 416, 419, 337, 374, 386, 430, 375, 364, 339, 488, 434",Casual games
266,betano. com,ro,71,350,1.90,,betano.com,2026-06-21 04:06:14,,2700,3800,320000,2016-11-27,"Navigational,Branded,Non-local",,"687, 573, 500, 460, 530, 452, 506, 509, 437, 382, 400, 327, 239, 312, 260, 338, 414, 402, 382, 377, 340, 335, 325, 354","333, 314, 302, 378, 380, 371, 361, 357, 322, 317, 307, 335, 315",Sports betting
267,jocuri cazino online,ro,82,350,3.00,,cazinouri online,2026-06-24 19:10:36,,450,12000,13000,2015-12-23,"Informational,Commercial,Transactional,Non-branded,Non-local",Romanian,"103, 106, 77, 159, 167, 136, 164, 106, 298, 200, 359, 360, 289, 291, 349, 570, 315, 287, 330, 426, 286, 370, 257, 362","346, 348, 344, 389, 379, 372, 359, 369, 386, 384, 394, 391, 377",Gambling
268,las vegas casino ro,ro,61,350,1.00,,las vegas.ro,2026-05-23 22:11:30,Sitelinks,1400,18000,20000,2021-07-14,"Informational,Commercial,Non-branded,Local",English,"24, 66, 132, 50, 48, 76, 117, 66, 51, 90, 113, 98, 82, 76, 104, 205, 213, 714, 413, 451, 453, 463, 475, 479","476, 500, 509, 512, 520, 575, 562, 567, 569, 579, 591, 595, 592",Gambling; Tourist destinations
269,casapar,ro,0,350,1.30,0.95,casa pariurilor,2026-05-23 11:25:27,Sitelinks,350,328000,360000,2015-09-01,"Informational,Commercial,Branded,Non-local",,"270, 267, 481, 269, 321, 270, 262, 220, 209, 401, 316, 402, 305, 484, 484, 325, 267, 258, 325, 309, 308, 298, 278, 296","259, 289, 307, 262, 257, 260, 279, 274, 273, 264, 244, 263, 226",Real estate agencies; Short-term stays
270,jocuri mecanice,ro,80,350,0.45,1.07,jocuri pacanele gratis 77777,2026-06-17 01:49:21,Sitelinks,400,3500,3600,2015-09-02,"Informational,Non-branded,Non-local",Romanian,"237, 159, 154, 132, 239, 191, 191, 286, 283, 261, 190, 381, 462, 494, 489, 335, 324, 239, 298, 326, 281, 274, 250, 273","289, 274, 272, 246, 271, 272, 292, 324, 280, 273, 249, 272",Gambling
271,888 bonus fara depunere,ro,64,350,1.20,,oferte casino,2026-05-30 03:46:35,,400,4900,5100,2019-08-09,"Informational,Commercial,Transactional,Branded,Non-local",Romanian,"162, 108, 134, 162, 160, 84, 105, 203, 183, 120, 179, 157, 104, 150, 221, 595, 523, 481, 313, 403, 362, 359, 359, 360","354, 365, 360, 393, 384, 375, 381, 432, 399, 389, 396, 392, 390",Gambling
272,live casa pariurilor,ro,22,350,0.80,1.21,casa pariurilor,2026-06-10 18:33:31,Sitelinks,400,333000,365000,2015-09-21,"Informational,Navigational,Transactional,Branded,Non-local",Romanian,"429, 594, 612, 595, 514, 620, 638, 625, 513, 429, 392, 465, 358, 330, 415, 413, 331, 393, 348, 380, 332, 306, 249, 268","204, 213, 248, 224, 327, 327, 342, 367, 315, 293, 233, 253, 188",Sports betting; Sports
273,beta o,ro,71,350,1.30,,betano,2026-05-19 11:51:08,Sitelinks,2400,472000,477000,2015-09-01,"Informational,Branded,Non-local",,"404, 218, 493, 489, 486, 188, 241, 498, 475, 489, 152, 132, 107, 237, 398, 485, 480, 466, 505, 448, 557, 467, 429, 461","419, 411, 453, 464, 476, 442, 456, 460, 568, 478, 440",/Other
274,jocuri de noroc cu rotiri gratuite,ro,73,350,1.70,,cazinouri online,2026-06-09 06:37:36,,350,37000,37000,2022-01-23,"Informational,Commercial,Transactional,Non-branded,Non-local",Romanian,"44, 121, 57, 60, 103, 24, 158, 354, 240, 284, 198, 197, 162, 459, 413, 423, 467, 284, 294, 348, 329, 313, 299, 294","288, 300, 290, 277, 287, 263, 277, 311, 292, 277, 264, 259, 253",Lottery
275,cazinouri noi cu bonus fara depunere,ro,76,350,1.00,,bonus fara depunere,2026-06-21 18:54:25,Sitelinks,400,130000,133000,2022-06-16,"Informational,Commercial,Transactional,Non-branded,Non-local",Romanian,"125, 88, 130, 86, 131, 229, 309, 819, 674, 551, 446, 442, 238, 266, 459, 474, 490, 496, 351, 469, 374, 293, 226, 238","187, 222, 251, 213, 203, 203, 169, 343, 213, 172, 89, 126, 70",Gambling
276,casino online bani reali,ro,75,350,6.00,,jocuri pacanele cu bani reali,2026-06-14 04:23:58,,500,60,150,2015-11-09,"Informational,Commercial,Transactional,Non-branded,Non-local",Romanian,"253, 306, 255, 169, 170, 115, 63, 105, 303, 370, 372, 206, 134, 264, 233, 689, 326, 368, 384, 361, 313, 376, 321, 321","292, 307, 298, 330, 291, 301, 303, 336, 333, 329, 303, 291, 262",Gambling
277,betano casino romania,ro,49,350,1.50,,betano casino,2026-06-15 16:46:25,Sitelinks,700,28000,29000,2019-01-18,"Informational,Navigational,Commercial,Transactional,Branded,Non-local",English,"162, 137, 254, 207, 241, 256, 259, 162, 199, 197, 296, 299, 355, 265, 221, 260, 269, 225, 420, 382, 361, 363, 385, 392","382, 364, 381, 361, 360, 359, 343, 339, 327, 323, 350, 353, 346",Gambling
278,casino online demo,ro,80,350,0.80,,jocuri cazino gratis,2026-06-24 20:31:59,,3000,19000,21000,2018-12-11,"Informational,Commercial,Non-branded,Non-local",English,"165, 171, 170, 210, 206, 254, 382, 482, 257, 362, 365, 300, 168, 373, 393, 410, 347, 354, 435, 458, 292, 370, 390, 323","269, 454, 421, 396, 343, 368, 439, 461, 376, 418, 422, 406, 376",Gambling
279,pacanele romania,ro,80,350,3.00,,casino online romania,2026-06-16 19:45:27,,600,46000,51000,2017-05-31,"Informational,Commercial,Non-branded,Non-local",Romanian,"61, 97, 88, 92, 98, 106, 115, 130, 117, 147, 173, 144, 104, 199, 182, 227, 393, 567, 565, 569, 566, 582, 570, 570","563, 565, 552, 554, 564, 571, 565, 569, 566, 582, 571",Gambling
280,play casino,ro,85,350,1.30,,player casino,2026-06-02 06:03:38,,17000,13000,13000,2016-09-04,"Transactional,Non-branded,Non-local",English,"139, 539, 149, 184, 170, 188, 207, 230, 810, 1372, 915, 218, 191, 1226, 208, 234, 185, 204, 247, 262, 396, 382, 289, 215","194, 339, 222, 216, 190, 218, 222, 239, 366, 357, 272, 204, 185",Gambling
281,casa pariurilor sport,ro,22,350,1.30,,casa pariurilor,2026-06-05 17:13:22,Sitelinks,400,330000,362000,2018-05-13,"Informational,Commercial,Branded,Non-local",Romanian,"123, 103, 82, 198, 195, 269, 227, 291, 235, 333, 283, 351, 357, 433, 442, 404, 317, 386, 334, 301, 379, 285, 236, 252","244, 246, 254, 246, 263, 245, 257, 302, 380, 285, 236, 253, 245",Sports betting
282,unibet online,ro,59,350,2.50,,unibet,2026-05-20 02:15:11,Sitelinks,1400,130000,135000,2015-09-14,"Informational,Navigational,Commercial,Transactional,Branded,Non-local",English,"140, 140, 177, 105, 139, 142, 323, 312, 584, 724, 720, 382, 317, 536, 437, 360, 367, 539, 552, 451, 214, 139, 107, 319","310, 320, 310, 384, 443, 469, 475, 432, 427, 401, 384, 329, 319",Sports betting
283,online cazino,ro,83,350,3.00,,casino online romania,2026-06-17 10:08:13,,1000,46000,51000,2016-06-08,"Informational,Commercial,Transactional,Non-branded,Non-local",Romanian,"303, 304, 169, 169, 169, 167, 371, 117, 99, 100, 82, 98, 448, 603, 578, 209, 206, 211, 559, 412, 288, 319, 272, 268","271, 245, 263, 233, 173, 163, 187, 141, 119, 123, 108, 108, 126",Gambling
284,jocuri pacanele online,ro,76,350,3.50,1.47,pacanele gratis,2026-05-22 17:03:37,,450,32000,35000,2015-09-11,"Informational,Commercial,Transactional,Non-branded,Non-local",Romanian,"183, 184, 155, 242, 242, 240, 279, 247, 222, 338, 285, 282, 194, 408, 438, 335, 294, 273, 293, 353, 329, 424, 357, 340","298, 293, 302, 320, 353, 340, 357, 391, 340, 352, 307, 302, 259",Lottery
285,betano pariuri sportive,ro,34,300,0.90,,betano live,2026-06-20 00:12:46,"Top stories,Thumbnail",600,7700,8500,2017-04-12,"Informational,Navigational,Commercial,Transactional,Branded,Non-local",Romanian,"196, 139, 176, 296, 515, 520, 559, 682, 650, 559, 548, 263, 174, 219, 186, 242, 252, 136, 296, 447, 638, 540, 304, 448","338, 348, 334, 387, 456, 568, 421, 566, 509, 478, 413, 465, 350",Sports betting; Sports
286,888bet,ro,79,300,0.90,0.85,888 casino,2026-06-05 09:34:15,"Sitelinks,Video preview",1830000,77000,82000,2015-10-16,"Informational,Navigational,Commercial,Branded,Non-local",,"211, 201, 156, 179, 325, 3741, 398, 330, 260, 204, 178, 225, 194, 487, 328, 215, 228, 233, 296, 295, 272, 288, 272, 284","275, 287, 289, 299, 319, 643, 309, 308, 285, 301, 285, 297, 288",Sports betting
287,jocuri de cazinou,ro,84,300,1.20,,jocuri pacanele gratis,2026-06-24 12:14:17,,450,3200,3300,2015-09-14,"Informational,Commercial,Non-branded,Non-local",Romanian,"105, 147, 208, 150, 183, 409, 160, 196, 125, 129, 221, 223, 181, 227, 224, 1084, 289, 275, 238, 253, 233, 262, 266, 252","255, 282, 287, 356, 300, 308, 296, 311, 291, 320, 324, 310",Gambling
288,casino bet online,ro,82,300,2.50,,netbet,2026-06-14 20:51:41,,5500,148000,151000,2020-03-13,"Commercial,Transactional,Non-branded,Non-local",English,"11, 12, 21, 11, 22, 372, 477, 521, 383, 902, 476, 289, 527, 690, 660, 401, 11, 11, 11, 196, 149, 309, 290, 203","256, 256, 256, 256, 256, 256, 256, 256, 256, 256, 256, 256, 256",Gambling
289,oferte casa pariurilor ro,ro,13,300,1.00,,casa pariurilor,2026-06-19 03:39:21,Sitelinks,450,347000,380000,2020-10-24,"Informational,Commercial,Branded,Non-local",Romanian,"619, 1688, 1406, 530, 541, 435, 1378, 1684, 925, 761, 629, 410, 335, 354, 349, 166, 187, 137, 357, 436, 290, 194, 286, 342","99, 251, 318, 61, 118, 46, 316, 440, 648, 424, 582, 540, 256",Sports betting
290,pacanele gratis betano,ro,66,300,0.50,,pacanele gratis,2026-06-05 04:55:50,Sitelinks,350,38000,39000,2022-03-07,"Informational,Commercial,Transactional,Branded,Non-local",Romanian,"189, 130, 95, 154, 195, 196, 241, 239, 197, 196, 155, 154, 96, 71, 99, 97, 190, 188, 101, 374, 451, 614, 845, 583","603, 579, 580, 584, 614, 600, 625, 628, 632, 662, 667, 658, 678",Sports betting
291,casa pariurilor cont,ro,0,300,1.20,1.21,casa pariurilor,2026-05-21 13:05:46,Sitelinks,300,327000,359000,2015-09-11,"Informational,Transactional,Branded,Non-local",Romanian,"264, 256, 209, 170, 350, 276, 335, 343, 202, 246, 308, 367, 270, 245, 231, 245, 297, 306, 288, 263, 242, 242, 308, 367","270, 245, 231, 245, 297, 306, 288, 263, 242, 242, 308, 367, 270",Sports betting
292,uniber,ro,31,300,0.15,0.7,unibet,2026-06-14 10:50:08,Sitelinks,5900,123000,127000,2015-09-24,"Informational,Navigational,Branded,Non-local",,"285, 237, 232, 236, 279, 281, 358, 331, 330, 330, 296, 310, 236, 245, 293, 291, 290, 290, 306, 292, 289, 291, 288, 283","271, 266, 277, 269, 286, 286, 312, 294, 291, 293, 290, 286, 273",Business; Business
293,jocuri cu sloturi,ro,79,300,2.50,,casa pariurilor casino,2026-05-20 08:52:09,,350,39000,43000,2015-10-29,"Informational,Commercial,Transactional,Non-branded,Non-local",Romanian,"112, 83, 83, 41, 120, 113, 139, 112, 133, 207, 260, 317, 263, 369, 365, 436, 227, 167, 165, 224, 264, 362, 225, 327","317, 325, 330, 321, 325, 309, 320, 328, 334, 357, 353, 354, 343",Lottery
294,betfair bonus fara depunere,ro,50,300,0.70,,100 rotiri gratuite fara depunere,2026-05-27 06:39:17,Sitelinks,350,300,300,2017-01-11,"Informational,Commercial,Branded,Non-local",Romanian,"212, 170, 179, 179, 318, 210, 143, 262, 242, 245, 372, 316, 255, 271, 225, 351, 335, 303, 299, 312, 300, 313, 307, 277","259, 239, 229, 232, 250, 241, 227, 248, 233, 250, 243, 216, 199",Sports betting
295,jocuri aparate online,ro,77,300,2.50,1.32,casa pariurilor casino,2026-05-25 03:09:35,,400,39000,42000,2015-09-01,"Informational,Commercial,Transactional,Non-branded,Non-local",Romanian,"96, 126, 126, 130, 160, 230, 183, 234, 187, 275, 340, 232, 191, 406, 496, 357, 195, 234, 219, 272, 317, 294, 277, 226","221, 255, 284, 250, 262, 281, 277, 291, 287, 285, 247, 218, 213",Lottery
296,berano,ro,7,300,,,betano,2026-06-08 00:18:58,"Sitelinks,Video preview",9100,471000,476000,2017-02-26,"Informational,Navigational,Commercial,Transactional,Branded,Non-local",,"254, 269, 233, 260, 281, 267, 375, 392, 291, 380, 309, 279, 237, 260, 268, 286, 261, 266, 356, 300, 315, 360, 291, 275",309,Sports betting
297,bonusuri betano casino,ro,60,300,1.30,,betano casino,2026-06-22 09:10:02,Sitelinks,450,33000,34000,2017-11-24,"Informational,Commercial,Branded,Non-local",Romanian,"138, 135, 169, 208, 207, 261, 268, 214, 140, 159, 203, 205, 163, 302, 206, 221, 347, 372, 375, 426, 343, 416, 297, 392","418, 429, 375, 361, 365, 364, 374, 360, 332, 330, 340, 324, 342",Gambling
298,casino ro,ro,83,300,1.10,,cazinouri fara depunere,2026-05-16 08:18:44,,900,5300,5400,2017-05-24,"Informational,Commercial,Non-branded,Local",Romanian,"132, 170, 196, 221, 197, 526, 231, 219, 203, 179, 155, 156, 160, 225, 227, 216, 552, 356, 324, 334, 357, 300, 275, 273","286, 291, 286, 284, 362, 364, 302, 310, 335, 277, 252, 251",Casino games; Gambling
299,pacanele online bani reali,ro,80,300,6.00,,pacanele gratis,2026-06-02 12:42:40,,400,34000,37000,2015-11-14,"Informational,Commercial,Transactional,Non-branded,Non-local",Romanian,"299, 363, 242, 946, 961, 265, 1418, 937, 90, 297, 265, 264, 264, 394, 383, 314, 333, 203, 227, 243, 232, 385, 282, 287","278, 292, 297, 341, 284, 258, 354, 397, 146, 207, 245, 252, 242",Lottery
300,mbit casino,ro,19,300,0.30,,mrbit,2026-05-27 02:36:17,"Video preview,Sitelinks",15000,36000,37000,2015-12-11,"Informational,Commercial,Transactional,Branded,Non-local",English,"134, 122, 129, 161, 123, 95, 123, 200, 127, 190, 127, 86, 105, 127, 199, 161, 351, 545, 381, 402, 398, 394, 377, 370","360, 355, 362, 350, 348, 357, 352, 358, 348, 349, 329, 326, 314",Gambling
301,cazino rotiri gratuite,ro,74,300,3.00,,rotiri gratuite fara depunere,2026-06-12 02:31:36,Sitelinks,350,34000,35000,2020-01-30,"Informational,Branded,Non-local",Romanian,"119, 184, 151, 71, 225, 275, 69, 84, 264, 90, 63, 65, 314, 146, 332, 458, 170, 319, 248, 260, 274, 266, 279, 255","287, 283, 294, 303, 302, 325, 301, 313, 327, 319, 333, 308, 340",Lottery
302,888 pariuri,ro,49,250,1.90,1.1,888sport,2026-06-05 04:11:07,,300,13000,13000,2015-10-26,"Informational,Navigational,Commercial,Transactional,Branded,Non-local",Romanian,"150, 150, 156, 230, 299, 313, 239, 292, 339, 345, 425, 360, 198, 301, 240, 346, 243, 259, 222, 214, 246, 283, 219, 202","150, 188, 171, 281, 273, 381, 316, 235, 228, 267, 242, 202, 149",Sports betting
303,888 casino.ro,ro,51,250,1.30,,888 casino,2026-06-02 13:23:54,Sitelinks,700,84000,89000,2015-10-19,"Navigational,Commercial,Transactional,Branded,Non-local",,"193, 241, 193, 184, 175, 192, 258, 187, 156, 172, 191, 187, 210, 167, 216, 216, 243, 303, 280, 283, 277, 277, 284, 282","281, 286, 286, 284, 289, 296, 308, 311, 304, 304, 311, 310",Gambling
304,romania casino online,ro,83,250,3.00,,cazinouri online,2026-06-18 19:43:39,,450,52000,57000,2020-01-10,"Informational,Commercial,Transactional,Non-branded,Non-local",English,"137, 169, 168, 178, 167, 202, 205, 86, 104, 98, 110, 125, 354, 239, 493, 123, 103, 110, 505, 239, 241, 246, 247, 253","278, 269, 303, 269, 268, 279, 328, 295, 298, 303, 304, 310, 335",Gambling
305,casino bet,ro,83,250,1.20,,getsbet casino,2026-05-20 07:32:59,,124000,3500,3700,2016-10-03,"Commercial,Transactional,Non-branded,Non-local",English,"90, 167, 182, 226, 222, 256, 80, 98, 258, 67, 72, 296, 225, 303, 263, 239, 269, 231, 123, 258, 232, 239, 199, 263","202, 209, 180, 209, 196, 210, 198, 256, 231, 238, 198, 263, 201",Sports betting
306,casino online cu bonus fara depunere,ro,77,250,2.00,,rotiri gratuite fara depunere,2026-05-28 20:03:44,,300,184000,188000,2015-09-01,"Informational,Commercial,Transactional,Non-branded,Non-local",Romanian,"116, 167, 77, 119, 142, 187, 225, 188, 277, 178, 112, 145, 73, 145, 138, 273, 213, 357, 223, 237, 309, 274, 263, 246","215, 226, 225, 263, 271, 312, 286, 289, 376, 331, 317, 296, 258",Gambling
307,888.ro casino,ro,64,250,0.45,,888 casino,2026-06-16 04:34:22,Sitelinks,300,84000,88000,2018-04-26,"Navigational,Commercial,Transactional,Branded,Non-local",,"25, 81, 114, 133, 193, 154, 156, 105, 167, 243, 198, 165, 150, 233, 460, 378, 460, 376, 309, 247, 129, 109, 114, 98","86, 103, 125, 105, 124, 112, 116, 103, 94, 101, 93, 89, 78",Lottery
308,jocuri noroc,ro,83,250,4.50,1.04,netbet,2026-05-30 08:18:56,,300,176000,180000,2015-09-12,"Informational,Commercial,Transactional,Non-branded,Non-local",Romanian,"182, 158, 180, 190, 183, 182, 322, 393, 324, 650, 232, 200, 252, 369, 329, 290, 252, 221, 215, 232, 262, 318, 217, 253","252, 247, 249, 300, 284, 249, 269, 291, 273, 311, 281, 260, 259",Lottery
309,online casino top,ro,76,250,2.50,,cazinouri online,2026-06-28 15:34:13,Video preview,3400,19000,20000,2020-01-16,"Informational,Commercial,Non-branded,Non-local",English,"92, 135, 72, 98, 107, 164, 170, 140, 111, 373, 319, 259, 211, 468, 579, 239, 323, 180, 177, 187, 177, 179, 161, 196","169, 188, 191, 163, 169, 178, 167, 172, 177, 171, 165, 185, 159",Gambling
310,aparate jocuri,ro,76,250,0.60,1.42,pacanele gratis,2026-06-21 12:47:43,,300,49000,54000,2015-09-01,"Informational,Commercial,Non-branded,Non-local",Romanian,"192, 149, 154, 158, 237, 233, 236, 234, 278, 282, 234, 226, 96, 143, 175, 276, 223, 241, 250, 308, 331, 319, 254, 274","277, 242, 242, 269, 300, 311, 319, 336, 308, 282, 264, 254, 257",Consoles; Video games
311,cazino ro,ro,81,250,1.80,,bonus fara depunere 2025,2026-06-24 04:08:06,,400,4200,4200,2021-09-02,"Informational,Commercial,Transactional,Branded,Non-local",Romanian,"219, 175, 168, 242, 268, 224, 269, 271, 180, 256, 224, 255, 218, 242, 176, 172, 287, 244, 246, 243, 228, 259, 235, 264","236, 230, 212, 256, 286, 261, 265, 263, 247, 279, 254, 283, 256",Gambling
312,казино,ro,82,250,1.30,0.5,cazinouri online,2026-06-20 13:14:35,"Top ads,People also ask,Local pack",258000,52000,57000,2015-09-26,"Informational,Commercial,Transactional,Non-branded,Non-local",Russian,"132, 161, 134, 141, 97, 117, 208, 186, 157, 213, 198, 286, 244, 399, 407, 153, 203, 170, 216, 202, 181, 209, 190, 193","180, 186, 169, 146, 137, 148, 158, 142, 133, 156, 142, 144, 134",Gambling
313,casa. pariurilor,ro,22,250,1.70,,casa pariurilor,2026-05-28 17:50:09,"Sitelinks,Local pack",250,328000,360000,2015-09-17,"Navigational,Branded,Non-local",Romanian,"245, 231, 271, 257, 329, 333, 331, 312, 285, 322, 316, 325, 225, 242, 305, 293, 282, 221, 290, 301, 272, 219, 227, 226","203, 202, 216, 212, 221, 218, 225, 238, 236, 233, 223, 223, 199",Sports betting
314,top cazino,ro,68,250,2.00,,cazinouri noi romania,2026-05-19 00:25:54,Video preview,350,38000,38000,2018-10-16,"Informational,Commercial,Non-branded,Local",Romanian,"213, 212, 212, 254, 259, 290, 380, 95, 88, 92, 92, 91, 120, 190, 281, 187, 251, 302, 357, 213, 232, 232, 282, 255","238, 235, 234, 200, 207, 341, 374, 243, 264, 263, 319, 289, 269",Gambling
315,casa pariurilor.ro aplicatie,ro,4,250,1.70,,casa pariurilor,2026-06-16 05:51:19,Sitelinks,300,347000,379000,2019-05-27,"Informational,Navigational,Branded,Non-local",Romanian,"7, 7, 7, 7, 7, 7, 7, 7, 7, 7, 8, 8, 7, 9, 81, 1080, 756, 327, 616, 78, 17, 17, 111, 38",48,Sports betting; Add-ons
316,jocuri online fara depunere,ro,76,250,2.50,,rotiri gratuite fara depunere,2026-06-02 04:27:27,,300,168000,172000,2015-09-02,"Informational,Commercial,Non-branded,Non-local",Romanian,"47, 107, 163, 141, 202, 132, 162, 314, 305, 297, 299, 310, 171, 264, 331, 222, 233, 236, 244, 283, 274, 278, 275, 264","247, 255, 274, 261, 280, 275, 273, 312, 303, 307, 304, 293, 276",Gambling
317,mr bit.ro,ro,24,250,0.70,,mr beast casino,2026-05-13 02:46:58,Sitelinks,300,100,200,2021-07-02,"Navigational,Branded,Non-local",,"141, 33, 43, 33, 50, 55, 77, 62, 64, 64, 379, 76, 67, 20, 25, 94, 77, 310, 97, 84, 67, 612, 805, 860","191, 185, 193, 203, 215, 253, 259, 243, 247, 270, 312, 272, 290",Classifieds
318,betfair.ro,ro,42,250,1.90,1.09,betfair,2026-06-21 15:34:04,Sitelinks,250,11000,11000,2015-09-05,"Navigational,Transactional,Branded,Non-local",,"340, 225, 288, 286, 337, 443, 322, 424, 327, 217, 271, 276, 162, 185, 277, 277, 266, 201, 261, 242, 215, 220, 222, 211","210, 197, 276, 286, 300, 289, 271, 266, 237, 241, 244, 231, 230",Sports betting
319,vegas casino online,ro,77,250,1.70,,cazinouri online,2026-06-24 09:25:58,,38000,29000,30000,2017-03-24,"Informational,Commercial,Transactional,Non-branded,Non-local",English,"277, 397, 307, 438, 453, 544, 151, 131, 276, 384, 372, 354, 296, 284, 329, 209, 331, 321, 111, 95, 175, 299, 268, 239","188, 166, 246, 155, 298, 235, 84, 84, 151, 253, 237, 226, 184",Gambling
320,betano conectare,ro,7,250,1.20,,betano,2026-05-20 10:21:53,"Top ads,Sitelinks",300,472000,477000,2020-01-11,"Navigational,Branded,Non-local",Romanian,"156, 194, 359, 356, 361, 354, 240, 295, 441, 383, 309, 189, 85, 69, 106, 131, 432, 195, 446, 327, 273, 274, 229, 225","250, 196, 194, 174, 309, 299, 360, 325, 271, 271, 227",Sports betting
321,best casino,ro,74,250,1.40,,777 casino online,2026-06-09 13:59:29,Video preview,22000,20,2400,2015-09-11,"Informational,Commercial,Non-branded,Non-local",English,"122, 177, 120, 179, 252, 249, 464, 323, 174, 453, 258, 257, 260, 384, 347, 255, 191, 156, 140, 221, 240, 213, 194, 191","180, 189, 176, 179, 191, 186, 224, 215, 232, 206, 187",Casino games; Gambling
322,bet888,ro,80,250,1.80,1.05,888sport,2026-06-15 04:14:01,Video preview,57000,12000,13000,2015-10-16,"Informational,Navigational,Branded,Non-local",,"134, 73, 82, 134, 106, 157, 103, 136, 138, 231, 252, 260, 214, 415, 336, 177, 140, 113, 393, 283, 235, 274, 233, 227","260, 253, 273, 242, 234, 237, 284, 276, 229, 268, 226, 220, 253",Sports betting
323,unibet autentificare,ro,72,250,0.09,,unibet.ro login,2026-06-02 06:20:52,,300,1900,2800,2015-09-25,"Navigational,Transactional,Branded,Non-local",Romanian,"173, 142, 169, 208, 141, 106, 104, 181, 112, 139, 140, 172, 171, 127, 190, 165, 415, 342, 365, 315, 194, 138, 126, 151","117, 109, 153, 117, 138, 114, 127, 143, 123, 161, 167, 149, 115",Sports betting
324,unibet casino romania,ro,64,250,0.90,,casino online romania,2026-05-19 09:17:14,Sitelinks,500,87000,92000,2018-09-14,"Navigational,Transactional,Branded,Non-local",English,"82, 58, 130, 36, 109, 169, 131, 51, 79, 55, 130, 59, 163, 354, 391, 420, 340, 225, 164, 141, 136, 130, 129, 120","137, 153, 156, 145, 140, 133, 119, 97, 91, 86, 84, 76, 93",Gambling
325,online casinos romania,ro,79,250,3.00,,superbet casino,2026-06-16 16:38:52,,300,14000,18000,2016-01-31,"Informational,Commercial,Transactional,Non-branded,Non-local",English,"140, 170, 171, 181, 173, 208, 209, 80, 99, 97, 108, 122, 358, 276, 515, 152, 122, 122, 545, 304, 242, 206, 171, 152","182, 274, 272, 195, 192, 169, 511, 304, 243, 207, 171, 153, 182",Gambling
326,romania@betano.com,ro,0,250,,,betano,2026-05-19 19:10:06,Sitelinks,250,472000,477000,2020-01-10,"Informational,Commercial,Branded,Non-local",,"170, 176, 168, 214, 220, 222, 313, 355, 284, 324, 253, 264, 128, 169, 185, 236, 262, 265, 351, 437, 204, 230, 143, 124",166,Sports betting
327,888casino rotiri gratuite,ro,62,250,,,888 casino bonus fara depunere,2026-05-23 11:51:04,Sitelinks,300,800,800,2021-12-30,"Informational,Commercial,Transactional,Branded,Non-local",Romanian,"69, 83, 85, 102, 58, 70, 42, 229, 131, 24, 5, 25, 6, 85, 90, 164, 212, 276, 247, 316, 454, 332, 302, 241",291,Gambling
328,88casino,ro,82,250,1.90,,888 casino,2026-05-23 12:26:38,Video preview,7500,96000,99000,2016-12-09,"Informational,Navigational,Commercial,Transactional,Branded,Non-local",,"140, 139, 121, 144, 214, 260, 246, 243, 168, 210, 149, 206, 210, 176, 227, 267, 327, 290, 187, 231, 208, 212, 194, 197","197, 194, 176, 183, 203, 208, 214, 230, 208, 211, 193, 196, 196",Gambling
329,betano .ro,ro,66,250,1.70,,betano casino,2026-06-15 12:38:50,,600,27000,28000,2017-11-03,"Informational,Navigational,Commercial,Transactional,Branded,Non-local",,"295, 303, 299, 246, 254, 259, 398, 270, 225, 251, 215, 244, 175, 186, 200, 242, 239, 274, 353, 286, 274, 269, 271, 278","268, 260, 246, 238, 272, 297, 347, 291, 278, 273, 276, 283, 273",Sports betting; Sports
330,888sport.ro,ro,59,250,1.90,,888sport.ro,2026-05-27 11:05:40,"Top ads,Video preview",250,250,250,2016-05-21,"Navigational,Transactional,Branded,Non-local",,"94, 60, 78, 95, 140, 144, 221, 119, 118, 170, 167, 133, 205, 140, 258, 222, 377, 83, 377, 243, 242, 243, 214, 191","190, 185, 202, 240, 285, 306, 304, 246, 245, 245, 215, 192, 191",Sports betting; Sports
331,aplicatia casa pariurilor,ro,15,250,2.50,0.96,casa pariurilor,2026-05-20 11:08:23,Sitelinks,250,327000,360000,2015-10-07,"Informational,Commercial,Transactional,Branded,Non-local",Romanian,"254, 361, 349, 403, 435, 516, 509, 669, 377, 328, 293, 482, 343, 350, 380, 157, 238, 278, 302, 298, 245, 170, 113, 202","164, 181, 195, 176, 211, 219, 236, 219, 194, 187, 169, 184, 146",Sports betting
332,cazino bonus,ro,74,250,2.50,,bonus fara depunere,2026-06-21 01:40:17,Local pack,350,131000,134000,2016-02-15,"Informational,Commercial,Non-branded,Non-local",Romanian,"74, 48, 67, 74, 69, 77, 96, 212, 713, 549, 180, 168, 133, 122, 165, 218, 199, 247, 238, 360, 408, 339, 299, 327","325, 322, 334, 339, 328, 339, 340, 372, 414, 343, 303, 330",Gambling
333,site casino,ro,82,250,4.50,,cazinouri online,2026-06-02 16:28:05,,1700,94000,98000,2016-12-01,"Informational,Commercial,Transactional,Non-branded,Non-local",English,"109, 112, 90, 111, 189, 61, 89, 86, 87, 90, 96, 85, 623, 158, 411, 286, 184, 153, 163, 222, 225, 230, 214, 206","258, 220, 232, 228, 234, 216, 236, 238, 241, 245, 228, 219, 271",Gambling
334,jocuri de pacanele,ro,76,250,0.90,1.09,pacanele gratis,2026-06-10 13:02:42,,350,65000,70000,2015-10-30,"Informational,Non-branded,Non-local",Romanian,"184, 217, 124, 192, 185, 274, 282, 299, 228, 282, 233, 167, 167, 375, 344, 326, 276, 252, 302, 299, 268, 263, 230, 222","208, 234, 208, 292, 343, 317, 302, 299, 268, 262, 230, 222",Gambling
335,casa pariurilor romania,ro,22,250,3.00,,casa pariurilor,2026-06-24 05:41:36,Sitelinks,400,347000,379000,2015-10-12,"Informational,Commercial,Branded,Local",Romanian,"91, 76, 103, 191, 231, 24, 41, 31, 66, 83, 112, 145, 336, 218, 343, 442, 309, 113, 164, 157, 164, 156, 175, 184","197, 174, 189, 209, 203, 164, 186, 178, 186, 178, 197, 205, 219",Sports betting
336,sloturi online romania,ro,83,250,5.00,,cazinouri online,2026-06-06 01:00:38,Sitelinks,350,98000,103000,2016-01-14,"Informational,Commercial,Non-branded,Local",Romanian,"90, 108, 89, 126, 148, 174, 160, 128, 82, 155, 158, 191, 157, 232, 233, 255, 236, 307, 270, 268, 252, 264, 263, 258","255, 259, 257, 274, 293, 282, 290, 287, 271, 284, 283, 278",Gambling
337,betabo,ro,36,250,1.20,,betano,2026-06-15 15:22:05,Sitelinks,11000,469000,473000,2016-10-30,"Informational,Non-branded,Non-local",,"462, 350, 344, 352, 338, 357, 460, 384, 419, 396, 383, 389, 342, 293, 256, 289, 240, 268, 316, 258, 247, 273, 258, 204","349, 174, 154, 187, 181, 789, 762, 237, 397, 392, 216, 200, 349",/Other
338,unibet casino online,ro,70,250,0.80,,casino online,2026-05-25 23:46:39,Sitelinks,2400,79000,83000,2015-09-20,"Navigational,Transactional,Branded,Non-local",Romanian,"211, 267, 228, 282, 274, 336, 498, 416, 352, 468, 392, 265, 186, 450, 481, 530, 108, 141, 235, 160, 157, 168, 194, 173","125, 126, 150, 168, 167, 131, 163, 122, 102, 126, 145, 131, 81",Gambling
339,cazinouri online straine,ro,19,250,0.80,,cazinouri online straine,2026-06-28 05:36:39,,500,100,200,2019-06-12,"Informational,Commercial,Non-branded,Non-local",Romanian,"24, 26, 34, 24, 44, 34, 32, 785, 683, 84, 132, 86, 57, 139, 275, 246, 289, 337, 271, 353, 340, 271, 263, 265","256, 276, 270, 276, 281, 283, 289, 371, 359, 290, 281",Gambling
340,casino unibet,ro,67,200,0.30,,cazinouri online,2026-06-17 22:39:45,Sitelinks,4900,53000,58000,2015-09-20,"Informational,Navigational,Commercial,Transactional,Branded,Non-local",,"197, 162, 135, 142, 168, 214, 303, 217, 171, 167, 148, 154, 157, 220, 190, 178, 150, 156, 212, 192, 175, 179, 181, 179","173, 191, 175, 178, 186, 179, 210, 192, 175, 179, 181, 179, 173",Lottery
341,stereo slots,ro,55,200,2.50,,stero slots,2026-06-05 03:02:33,Sitelinks,200,10000,11000,2020-01-10,"Informational,Commercial,Branded,Non-local",English,"285, 291, 296, 282, 289, 254, 245, 209, 245, 204, 141, 150, 232, 193, 165, 309, 212, 159, 164, 167, 168, 183, 165, 155","158, 157, 151, 158, 159, 151, 138, 144, 143, 160, 141, 133",Gambling
342,las vegas login,ro,84,200,0.35,,lasvegas,2026-06-17 21:54:06,"Sitelinks,People also ask",700,24000,29000,2020-05-23,"Navigational,Transactional,Non-branded,Non-local",English,"78, 176, 179, 211, 199, 119, 178, 126, 71, 62, 60, 58, 50, 52, 89, 175, 337, 550, 299, 200, 143, 171, 162, 112",150,Tourist destinations
343,cazinouri online cu rotiri gratuite,ro,76,200,3.00,,bonus fara depunere,2026-06-28 14:30:11,,250,128000,131000,2020-12-23,"Informational,Commercial,Non-branded,Non-local",Romanian,"34, 103, 81, 250, 168, 253, 245, 118, 180, 256, 255, 143, 141, 250, 275, 229, 222, 122, 190, 168, 159, 162, 154, 145","141, 157, 143, 170, 148, 166, 175, 151, 143, 146, 139",Gambling
344,cont betano,ro,59,200,2.00,,betano live,2026-06-16 23:36:49,AI Overview,250,7600,8400,2017-11-05,"Informational,Navigational,Commercial,Transactional,Branded,Non-local",Romanian,"375, 284, 233, 228, 226, 231, 272, 282, 280, 239, 185, 240, 127, 174, 146, 212, 260, 203, 225, 248, 241, 213, 207, 215","188, 181, 181, 189, 201, 207, 224, 247, 240, 212, 207, 215",Sports betting
345,jocuri cu casino,ro,78,200,,,netbet,2026-05-16 06:30:50,,250,179000,183000,2016-03-12,"Informational,Commercial,Non-branded,Non-local",Romanian,,,Gambling
346,casino sites,ro,87,200,2.50,,casino online,2026-05-28 23:44:53,,43000,84000,88000,2015-11-02,"Informational,Commercial,Transactional,Non-branded,Non-local",English,"119, 117, 79, 84, 47, 91, 116, 127, 69, 74, 98, 152, 159, 428, 341, 212, 203, 172, 179, 193, 190, 94, 114, 95",102,Gambling
347,онлайн казино,ro,82,200,2.50,,cazinouri online,2026-06-09 19:45:05,People also ask,96000,37000,37000,2015-10-21,"Informational,Commercial,Non-branded,Non-local",Russian,,,Gambling
348,www.betano,ro,72,200,2.00,,betano,2026-06-06 11:55:01,Sitelinks,6000,471000,476000,2016-07-01,"Informational,Navigational,Branded,Non-local",,"120, 119, 181, 76, 229, 190, 167, 150, 146, 144, 118, 121, 137, 97, 95, 113, 268, 378, 276, 312, 290, 277, 206, 204","270, 205, 135, 95, 200, 176, 204, 236, 201, 200, 126, 129, 196",Sports betting
349,cash casino,ro,79,200,0.45,,cashpot,2026-05-19 13:49:58,,4000,50000,52000,2016-08-26,"Informational,Commercial,Transactional,Non-branded,Non-local",English,"324, 262, 328, 258, 209, 314, 389, 325, 268, 257, 267, 220, 224, 332, 341, 264, 227, 185, 202, 196, 175, 169, 167, 164","181, 172, 171, 159, 151, 155, 164, 156, 137, 131, 130, 127, 146",Gambling
350,bit casino,ro,4,200,1.50,,mrbit,2026-06-01 05:07:08,"Sitelinks,Video preview",2500,36000,38000,2016-12-17,"Informational,Navigational,Commercial,Transactional,Branded,Non-local",English,"107, 138, 202, 157, 189, 151, 178, 227, 263, 394, 272, 219, 158, 294, 298, 156, 149, 227, 108, 155, 161, 164, 150, 135","121, 127, 137, 118, 122, 120, 124, 135, 134, 142, 126, 112, 98",Sports betting
351,jocuri online de noroc,ro,83,200,1.30,,netbet,2026-05-17 09:36:03,,200,179000,183000,2015-10-02,"Informational,Non-branded,Non-local",Romanian,"20, 15, 10, 6, 16, 32, 19, 20, 18, 15, 13, 13, 8, 188, 200, 199, 208, 216, 253, 262, 194, 194, 141, 140",160,Lottery
352,pacanele noi,ro,69,200,2.00,,cazinouri online,2026-06-23 11:57:00,,200,32000,33000,2015-09-11,"Informational,Commercial,Branded,Non-local",Romanian,"31, 30, 53, 37, 57, 42, 72, 86, 70, 89, 80, 144, 173, 269, 128, 144, 149, 184, 166, 174, 175, 177, 182, 185","190, 197, 184, 187, 193, 191, 195, 200, 201, 203, 208, 211, 216",Lottery
353,slot casino online,ro,82,200,2.00,,cazinouri online,2026-06-04 04:34:29,,8100,94000,98000,2017-10-30,"Informational,Commercial,Transactional,Non-branded,Non-local",English,"147, 124, 119, 109, 146, 144, 244, 64, 240, 113, 364, 411, 364, 141, 271, 217, 211, 193, 160, 194, 212, 225, 234, 233","223, 192, 207, 202, 211, 207, 223, 209, 228, 241, 250, 248, 239",Lottery
354,jocuri ca la cazino,ro,77,200,0.40,1.34,pacanele,2026-06-12 23:31:28,,350,5800,6200,2015-10-16,"Informational,Commercial,Transactional,Non-branded,Non-local",Romanian,"125, 189, 159, 87, 69, 52, 102, 73, 133, 114, 164, 134, 133, 155, 156, 209, 179, 129, 148, 224, 456, 453, 180, 172","154, 186, 185, 179, 154, 158, 231, 305, 281, 274, 203, 172, 155",Gambling
355,casa pariurilor conectare,ro,0,200,1.20,,casa pariurilor,2026-06-14 23:19:38,Sitelinks,250,346000,378000,2015-10-19,"Navigational,Transactional,Branded,Non-local",Romanian,"441, 435, 650, 816, 433, 366, 363, 357, 345, 354, 534, 448, 288, 104, 129, 48, 289, 239, 216, 283, 266, 233, 219, 169","116, 121, 161, 217, 134, 132, 157, 177, 205, 144, 157, 90, 55",Sports betting
356,betfair vegas,ro,55,200,1.40,,casino online,2026-05-24 08:27:48,"Sitelinks,People also ask",450,19000,19000,2019-02-18,"Informational,Branded,Non-local",English,"168, 113, 87, 106, 154, 151, 293, 379, 249, 348, 199, 241, 156, 298, 320, 178, 171, 166, 200, 206, 197, 206, 200, 219","188, 187, 176, 137, 158, 148, 176, 183, 173, 183, 177, 196, 166",Sports betting; Company news
357,netano,ro,49,200,1.60,,betano,2026-06-22 09:38:35,Sitelinks,5100,467000,471000,2017-03-10,"Informational,Commercial,Branded,Non-local",Romanian,,,Sports betting
358,cel mai nou casino online,ro,79,200,,,cazinouri noi romania,2026-05-26 07:25:33,"Top ads,Paid sitelinks,Sitelinks",250,28000,28000,2021-09-07,"Informational,Commercial,Non-branded,Non-local",Romanian,"26, 42, 54, 53, 98, 67, 56, 36, 80, 121, 139, 195, 146, 190, 194, 242, 202, 207, 219, 212, 205, 204, 175, 229",205,Gambling
359,pariuri 888,ro,43,200,2.00,,888 sport,2026-05-19 23:06:45,,200,4300,4600,2017-06-17,"Informational,Commercial,Transactional,Branded,Non-local",Romanian,"178, 174, 212, 263, 268, 271, 267, 267, 216, 224, 270, 219, 180, 193, 199, 165, 206, 261, 212, 215, 226, 190, 186, 178","154, 149, 176, 183, 185, 174, 173, 175, 182, 150, 144, 140, 115",Sports betting; Sports
360,casino free,ro,84,200,1.10,,jocuri cazino gratis,2026-06-20 04:56:35,,9400,22000,24000,2016-10-30,"Informational,Commercial,Non-branded,Non-local",English,"186, 174, 121, 219, 215, 257, 257, 222, 189, 384, 265, 222, 182, 318, 338, 222, 153, 128, 157, 158, 148, 173, 149, 147","116, 118, 113, 126, 127, 127, 130, 130, 122, 146, 123, 121, 91",Gambling
361,las vegas online casino,ro,79,200,1.20,,lasvegas,2026-06-20 10:09:36,,5100,24000,29000,2016-08-07,"Informational,Commercial,Transactional,Non-branded,Non-local",English,"233, 295, 240, 352, 344, 410, 412, 89, 197, 279, 299, 317, 258, 168, 235, 177, 270, 322, 266, 76, 102, 219, 242, 243","181, 140, 194, 192, 266, 285, 243, 11, 79, 197, 220, 221, 159",Gambling
362,conturi casino,ro,81,200,1.80,,888 casino,2026-06-02 22:14:04,,250,84000,89000,2022-01-29,"Informational,Commercial,Non-branded,Non-local",Romanian,"89, 94, 53, 93, 111, 110, 113, 177, 176, 312, 214, 180, 120, 270, 257, 248, 196, 197, 222, 229, 230, 245, 234, 236","233, 248, 245, 255, 258, 275, 279, 287, 292, 306, 297, 299, 299",Gambling
363,casino en ligne,ro,79,200,10.00,,fortuna casino,2026-06-19 19:38:08,"People also ask,Sitelinks",308000,37000,42000,2015-11-16,"Informational,Commercial,Transactional,Non-branded,Non-local",French,,,Gambling
364,best online casinos,ro,83,200,4.50,,casino online,2026-05-23 05:06:57,"People also ask,Video preview",49000,38000,39000,2015-11-08,"Informational,Commercial,Transactional,Non-branded,Non-local",English,"164, 128, 147, 119, 74, 108, 140, 94, 69, 96, 109, 123, 178, 138, 132, 167, 151, 129, 142, 147, 187, 244, 256, 271",258,Gambling
365,casino licentiate romania,ro,59,200,3.50,,lista cazinouri online romania,2026-06-12 07:36:23,,200,6100,6500,2021-10-16,"Informational,Non-branded,Non-local",English,"88, 88, 106, 200, 161, 194, 190, 255, 168, 284, 205, 205, 207, 309, 272, 234, 199, 106, 103, 112, 109, 123, 119, 117","116, 122, 123, 136, 132, 135, 137, 146, 141, 157, 153",Gambling
366,cazinouri online licentiate,ro,66,200,3.50,,lista cazinouri online romania,2026-06-16 19:53:28,Sitelinks,250,5900,6300,2016-06-13,"Informational,Commercial,Non-branded,Non-local",Romanian,"89, 94, 89, 92, 114, 139, 133, 114, 109, 132, 131, 110, 87, 150, 147, 246, 235, 197, 212, 213, 210, 223, 221, 219","223, 230, 231, 243, 245, 243, 248, 248, 246, 258, 257, 255, 259",Gambling
367,pariuri casino,ro,83,200,1.90,,casa pariurilor casino,2026-05-26 04:48:57,,250,36000,39000,2019-05-16,"Informational,Commercial,Transactional,Branded,Non-local",Romanian,"121, 155, 287, 295, 363, 355, 438, 447, 289, 217, 228, 191, 189, 332, 354, 350, 202, 161, 169, 183, 152, 162, 118, 147","153, 138, 210, 184, 172, 175, 212, 183, 161, 156, 182, 145, 152",Lottery; Sports betting
368,aparate casino,ro,81,200,1.20,1.06,pacanele gratis,2026-05-24 04:16:27,,300,25000,28000,2015-09-09,"Informational,Commercial,Non-branded,Non-local",Romanian,"75, 78, 78, 79, 96, 95, 92, 139, 112, 242, 205, 140, 114, 207, 189, 261, 184, 195, 212, 222, 221, 223, 208, 200","197, 201, 203, 206, 206, 208, 219, 229, 228, 231, 216, 207",Casino games
369,betno,ro,1,200,2.00,0.89,betano,2026-05-19 01:40:39,"Sitelinks,Video preview",5500,472000,477000,2016-06-20,"Non-branded,Non-local",,"161, 163, 141, 154, 145, 162, 200, 193, 207, 209, 190, 193, 134, 178, 150, 193, 175, 180, 284, 218, 197, 185, 156, 160",168,/Other
370,cele mai bune sloturi online,ro,62,200,3.50,,cele mai bune jocuri pacanele,2026-06-21 09:57:36,"Top ads,Paid sitelinks",300,30,30,2016-05-11,"Informational,Commercial,Non-branded,Non-local",Romanian,"87, 110, 65, 119, 66, 65, 64, 53, 130, 133, 141, 144, 139, 305, 295, 418, 150, 140, 190, 184, 186, 204, 195, 189","182, 188, 182, 196, 172, 180, 189, 182, 184, 202, 193, 188, 180",Lottery
371,poker888,ro,64,200,2.50,1.21,888,2026-05-19 01:00:21,,3000,500,500,2015-09-25,"Informational,Navigational,Commercial,Branded,Non-local",,,,Casino games
372,mrbit casino,ro,20,200,0.60,,mrbit,2026-06-02 11:50:27,Sitelinks,900,36000,38000,2020-03-01,"Informational,Navigational,Commercial,Transactional,Branded,Non-local",English,"52, 74, 214, 213, 260, 244, 302, 257, 270, 220, 198, 29, 43, 200, 201, 174, 190, 192, 246, 300, 276, 147, 385, 124","137, 149, 163, 164, 167, 181, 214, 208, 191, 160, 172, 129, 142",Sports betting
373,casino romania bonus fara depunere,ro,72,200,2.00,,bonus fara depunere,2026-06-20 14:12:26,,350,131000,134000,2018-05-13,"Informational,Commercial,Non-branded,Non-local",Romanian,"111, 110, 247, 167, 135, 197, 233, 233, 61, 42, 97, 183, 177, 150, 157, 224, 205, 267, 249, 243, 212, 201, 190, 192","195, 194, 210, 190, 175, 179, 170, 179, 141, 139, 125, 132",Gambling
374,site uri pacanele,ro,80,200,6.00,,cazinouri online,2026-06-04 09:38:52,,200,94000,98000,2018-08-30,"Informational,Commercial,Transactional,Non-branded,Non-local",Romanian,"55, 52, 59, 64, 65, 55, 69, 34, 27, 55, 29, 35, 49, 110, 158, 155, 207, 353, 228, 202, 192, 220, 183, 134",180,Lottery
375,casino slot,ro,83,200,2.50,,slotomania,2026-05-24 00:10:47,Videos,24000,700,21000,2015-12-17,"Informational,Commercial,Transactional,Non-branded,Non-local",English,"147, 149, 116, 177, 252, 54, 66, 78, 215, 86, 297, 473, 306, 360, 229, 178, 143, 117, 121, 104, 144, 167, 126, 175","148, 136, 122, 118, 125, 97, 94, 95, 104, 92, 102, 116, 89",Lottery
376,vegas cazino,ro,71,200,1.80,,las vegas.ro,2026-05-23 19:30:09,"Video preview,Top stories,Thumbnail",350,18000,20000,2020-01-18,"Informational,Commercial,Transactional,Non-branded,Non-local",Romanian,"14, 14, 18, 18, 9, 9, 13, 11, 12, 7, 11, 8, 21, 125, 128, 167, 220, 254, 253, 205, 148, 158, 189, 399",250,Lottery
377,siteuri pacanele,ro,83,200,5.00,,cazinouri online,2026-05-30 03:43:11,,250,27000,28000,2021-11-28,"Informational,Commercial,Transactional,Non-branded,Non-local",Romanian,"101, 85, 153, 129, 129, 138, 236, 198, 131, 170, 128, 128, 108, 158, 152, 253, 221, 214, 228, 230, 224, 231, 225, 228","226, 234, 245, 248, 251, 252, 268, 270, 263, 270, 265, 267, 265",Lottery
378,cazinouri romania online,ro,82,200,2.00,,cazinouri online,2026-06-21 06:27:40,Sitelinks,300,64000,69000,2015-09-09,"Informational,Commercial,Non-branded,Non-local",Romanian,"146, 121, 123, 120, 126, 111, 133, 132, 150, 194, 196, 202, 184, 243, 250, 105, 148, 155, 181, 181, 184, 188, 218, 192","192, 201, 202, 190, 197, 198, 207, 207, 210, 215, 245, 218, 219",Gambling
379,betano agentie,ro,29,200,1.40,,betano,2026-06-20 13:00:14,Sitelinks,200,467000,471000,2017-04-14,"Branded,Local",Romanian,"45, 41, 33, 44, 32, 70, 67, 71, 107, 110, 109, 91, 68, 60, 73, 161, 162, 207, 313, 220, 233, 228, 204, 209","191, 187, 224, 238, 254, 294, 305, 259, 275, 268, 239, 244, 223",Sports betting; Business
380,casa pariurilo,ro,26,200,0.15,1.11,casa pariurilor,2026-06-28 09:15:25,"Sitelinks,Knowledge panel",200,347000,379000,2015-09-06,"Informational,Navigational,Commercial,Branded,Non-local",Romanian,,,Sports betting
381,jocuri gratis cazino,ro,76,200,1.00,,jocuri casino online gratis,2026-05-29 07:12:46,,200,12000,13000,2020-04-11,"Informational,Non-branded,Non-local",Romanian,"29, 21, 33, 28, 37, 32, 60, 35, 46, 56, 22, 31, 28, 171, 199, 174, 262, 221, 243, 307, 209, 228, 184, 140",184,Lottery
382,betano cazino,ro,60,200,1.20,,betano casino,2026-05-20 13:31:53,Sitelinks,250,19000,19000,2017-10-18,"Informational,Navigational,Commercial,Transactional,Branded,Non-local",Romanian,"97, 90, 99, 103, 151, 108, 162, 119, 135, 123, 82, 92, 118, 154, 141, 146, 137, 125, 265, 268, 162, 213, 173, 322",236,Sports betting
383,new casino,ro,72,200,3.00,,cazinouri noi romania,2026-05-26 13:10:42,"Top ads,Paid sitelinks",16000,28000,28000,2018-10-28,"Informational,Commercial,Non-branded,Non-local",English,,,Casino games; Gambling
384,oferte cazinouri,ro,75,200,4.50,,bonus fara depunere,2026-05-21 04:28:16,Sitelinks,200,138000,142000,2019-07-22,"Informational,Commercial,Transactional,Non-branded,Non-local",Romanian,"108, 80, 84, 106, 133, 166, 169, 142, 196, 125, 204, 201, 134, 241, 266, 364, 144, 163, 102, 155, 143, 129, 135, 137","133, 131, 122, 133, 128, 150, 134, 154, 142, 129, 134, 137, 132",Gambling
385,888 casino 300 rotiri,ro,62,200,3.50,,bonus casino,2026-06-16 23:22:11,Sitelinks,250,7700,7900,2021-01-17,"Commercial,Transactional,Branded,Non-local",Romanian,"216, 219, 178, 180, 190, 188, 201, 207, 210, 198, 208, 205, 207, 218, 203, 198, 208, 207, 220, 226, 229, 217, 227, 224","226, 237, 222, 217, 227, 226, 239, 245, 248, 236, 246, 243, 244",Gambling
386,cazinouri legale,ro,74,200,2.50,,lista cazinouri online romania,2026-06-23 08:31:28,Sitelinks,350,5900,6300,2015-11-18,"Informational,Commercial,Non-branded,Non-local",Romanian,"91, 78, 94, 68, 125, 90, 102, 133, 73, 196, 225, 152, 103, 266, 280, 199, 196, 137, 170, 169, 152, 162, 164, 155","182, 170, 176, 158, 188, 157, 177, 176, 159, 169, 171",Gambling
387,joc casino,ro,83,200,2.50,,cazinouri online,2026-06-21 20:35:04,,250,30000,33000,2015-12-09,"Informational,Commercial,Transactional,Non-branded,Non-local",Romanian,"38, 48, 46, 54, 54, 114, 115, 212, 58, 55, 59, 208, 45, 218, 107, 106, 121, 214, 453, 158, 142, 354, 202, 251","229, 255, 247, 254, 267, 289, 308, 312, 284, 301, 294, 311, 293",Gambling
388,bonusuri betano,ro,53,200,3.00,,betano bonus,2026-06-28 16:48:37,Sitelinks,250,1200,1300,2017-02-06,"Informational,Commercial,Branded,Non-local",Romanian,"54, 47, 60, 43, 63, 63, 71, 58, 53, 67, 62, 54, 45, 148, 168, 174, 197, 258, 368, 361, 222, 175, 122, 136",144,Sports betting
389,casino 888 romania,ro,56,200,2.50,,888 casino,2026-06-03 09:55:11,Sitelinks,300,84000,89000,2020-07-21,"Informational,Navigational,Commercial,Branded,Non-local",English,"57, 0, 8, 20, 35, 35, 108, 163, 28, 39, 52, 86, 136, 88, 137, 137, 109, 255, 319, 319, 585, 185, 70, 301","284, 283, 280, 285, 276, 292, 346, 326, 330, 286, 281, 298, 282",Gambling
390,pariuri betano,ro,12,200,0.90,,betano live,2026-06-10 16:43:22,"Top stories,Thumbnail",200,7400,8100,2017-11-10,"Informational,Commercial,Transactional,Branded,Non-local",Romanian,"94, 87, 45, 46, 55, 77, 46, 56, 53, 55, 44, 55, 44, 55, 94, 249, 211, 223, 275, 194, 390, 232, 194, 185","236, 199, 317, 296, 241, 210, 205, 197, 394, 234, 197, 187, 239",Sports betting; Sports
391,sloturi pe tocuri,ro,69,200,1.70,,sloturi pe tocuri,2026-05-19 16:23:08,Sitelinks,200,70,70,2022-07-18,"Informational,Non-branded,Non-local",Romanian,"117, 118, 97, 124, 178, 117, 274, 156, 145, 262, 117, 187, 152, 241, 258, 274, 152, 148, 236, 197, 198, 228, 205, 219","215, 239, 224, 221, 219, 215, 235, 219, 220, 251, 228, 242, 238",Motorcycles; Lottery
392,las vegas ro casino,ro,60,200,0.80,,lasvegas,2026-06-02 22:35:08,Sitelinks,1100,23000,26000,2022-02-20,"Informational,Commercial,Branded,Local",Romanian,"77, 118, 119, 144, 175, 176, 174, 148, 174, 173, 120, 97, 95, 85, 67, 128, 240, 370, 416, 190, 208, 213, 198, 207","207, 227, 226, 236, 254, 265, 294, 268, 285, 290, 275, 284",Gambling
393,casino.ro,ro,85,200,1.20,,casino online romania,2026-05-19 16:07:01,,250,87000,91000,2016-04-20,"Informational,Navigational,Commercial,Transactional,Branded,Non-local",,"106, 125, 116, 183, 187, 226, 156, 229, 167, 147, 134, 133, 87, 94, 140, 130, 218, 310, 284, 189, 224, 180, 148, 200",178,Gambling
394,888 casino pareri,ro,56,200,4.00,,888 casino pareri,2026-06-07 20:43:22,,200,70,70,2016-04-25,"Informational,Branded,Non-local",Romanian,"62, 60, 64, 53, 57, 55, 64, 69, 57, 69, 53, 52, 55, 193, 198, 290, 171, 237, 255, 266, 148, 137, 157, 137",143,Gambling
395,conectare casa pariurilor,ro,0,200,0.80,,casa pariurilor,2026-06-10 06:17:04,Sitelinks,200,332000,364000,2021-03-28,"Navigational,Transactional,Branded,Non-local",Romanian,"334, 386, 221, 221, 295, 288, 285, 289, 152, 100, 149, 126, 122, 235, 150, 185, 230, 273, 241, 224, 215, 253, 237, 221","198, 231, 199, 229, 225, 212, 210, 193, 185, 217, 202, 188, 169",Sports betting
396,casinou,ro,70,200,2.50,,luck casino,2026-05-22 01:50:43,,350,15000,18000,2015-10-02,"Informational,Commercial,Transactional,Branded,Non-local",Romanian,"108, 107, 129, 129, 133, 143, 164, 170, 158, 199, 173, 139, 142, 170, 194, 201, 203, 203, 196, 201, 197, 204, 195, 194","199, 205, 209, 207, 210, 213, 222, 224, 220, 227, 218, 216, 222",Gambling
397,cazino online bani reali,ro,79,200,,,casino online,2026-05-28 23:33:23,Top ads,300,88000,92000,2020-11-05,"Informational,Commercial,Transactional,Non-branded,Non-local",Romanian,"36, 36, 96, 96, 97, 97, 66, 36, 126, 97, 96, 37, 96, 155, 187, 340, 283, 289, 221, 203, 183, 193, 190, 175","179, 181, 186, 198, 196, 193, 192, 187, 190, 194, 190, 176, 179",Gambling
398,betano.ro casino,ro,63,200,1.80,,betano,2026-06-15 02:22:17,Sitelinks,350,469000,473000,2020-03-31,"Navigational,Transactional,Branded,Non-local",,"297, 269, 266, 180, 285, 325, 316, 394, 313, 243, 271, 237, 228, 274, 163, 159, 121, 142, 196, 152, 186, 165, 175, 276",206,Gambling
399,888 login,ro,79,200,1.60,,888 casino,2026-05-23 23:57:37,Sitelinks,36000,97000,100000,2016-02-19,"Navigational,Transactional,Branded,Non-local",English,"87, 93, 115, 170, 244, 312, 225, 127, 82, 68, 129, 112, 90, 413, 619, 261, 201, 180, 90, 141, 55, 27, 43, 44",39,Sports betting
400,888 online,ro,79,200,0.35,,888 casino,2026-06-08 08:05:28,Sitelinks,1700,101000,104000,2016-01-09,"Informational,Commercial,Branded,Non-local",Romanian,"204, 203, 162, 130, 153, 71, 133, 147, 88, 151, 100, 125, 121, 256, 361, 239, 378, 101, 248, 182, 110, 124, 122, 130",126,Sports betting
401,bonus betano casino,ro,56,200,1.30,,betano bonus,2026-06-20 20:35:57,Featured snippet,400,1100,1100,2018-04-09,"Informational,Commercial,Branded,Non-local",English,"81, 80, 94, 116, 119, 147, 150, 128, 86, 95, 122, 112, 98, 251, 193, 156, 180, 208, 195, 226, 204, 257, 187, 236","247, 264, 231, 222, 222, 227, 236, 227, 214, 213, 221, 210, 219",Sports betting
402,jocuri slot online gratis,ro,73,200,,,pacanele gratis,2026-05-26 21:46:57,,200,61000,66000,2015-10-26,"Informational,Non-branded,Non-local",Romanian,"7, 6, 4, 7, 16, 19, 18, 19, 11, 7, 13, 51, 44, 426, 589, 295, 100, 127, 154, 150, 118, 114, 120, 113",116,Lottery
403,jocuri de cazino online,ro,83,200,8.00,,casino online romania,2026-06-14 20:24:21,,300,54000,59000,2016-08-02,"Informational,Commercial,Transactional,Non-branded,Non-local",Romanian,"75, 130, 99, 58, 131, 134, 109, 82, 67, 40, 110, 162, 161, 171, 182, 175, 216, 174, 157, 215, 183, 297, 197, 366","213, 221, 219, 194, 216, 199, 199, 201, 243, 336, 291, 426, 247",Gambling
404,casinos romania,ro,81,150,8.00,,casino online,2026-05-29 06:17:44,Sitelinks,200,84000,88000,2021-07-10,"Informational,Commercial,Non-branded,Local",English,"38, 67, 55, 84, 33, 34, 35, 119, 49, 72, 258, 275, 156, 407, 322, 216, 203, 138, 162, 138, 123, 16, 25, 21",19,Gambling; Business
405,cazinouri online sigure,ro,81,150,1.80,,casino online,2026-06-05 05:21:48,,200,34000,36000,2021-05-21,"Informational,Commercial,Transactional,Non-branded,Non-local",Romanian,"50, 17, 50, 51, 68, 55, 35, 71, 88, 127, 161, 162, 128, 163, 113, 217, 230, 173, 122, 142, 161, 181, 148, 159","153, 168, 156, 167, 170, 144, 133, 147, 155, 159, 156, 138, 132",Gambling
406,bonus 888 casino,ro,66,150,1.70,,bonus casino,2026-06-18 12:51:16,Sitelinks,1300,7700,7900,2020-01-10,"Informational,Commercial,Branded,Non-local",English,"200, 87, 88, 165, 189, 237, 292, 215, 166, 156, 160, 163, 82, 221, 227, 106, 196, 131, 106, 135, 142, 189, 146, 157","151, 152, 147, 142, 168, 175, 192, 202, 171, 174, 187, 175, 169",Gambling
407,betano promotii,ro,54,150,0.90,,oferte betano,2026-06-27 20:07:58,Sitelinks,150,60,60,2018-01-14,"Informational,Commercial,Branded,Non-local",Romanian,"90, 56, 53, 72, 66, 74, 146, 210, 187, 120, 116, 286, 124, 198, 162, 164, 105, 117, 151, 156, 124, 127, 135, 111",124,Sports betting
408,sloturi demo,ro,77,150,0.60,,pacanele gratis,2026-06-04 18:06:59,Sitelinks,200,71000,77000,2017-09-29,"Informational,Non-branded,Non-local",Romanian,"60, 47, 48, 92, 94, 70, 88, 53, 58, 65, 111, 134, 132, 117, 170, 192, 158, 192, 174, 191, 181, 188, 190, 188","190, 182, 193, 196, 192, 191, 184, 202, 192, 199, 200, 199, 201",Lottery
409,internet casino,ro,83,150,7.00,,cazinouri online,2026-06-08 11:28:53,Video preview,15000,12000,12000,2017-02-12,"Informational,Commercial,Transactional,Non-branded,Non-local",English,,,Gambling
410,jocuri de noroc cu bani reali,ro,73,150,0.90,,netbet,2026-06-23 07:48:18,,200,147000,150000,2016-11-05,"Informational,Commercial,Transactional,Non-branded,Non-local",Romanian,,,Gambling
411,casa pariurilor bonus fara depunere 100 lei,ro,47,150,1.30,,casa pariurilor casino,2026-05-28 06:19:54,Sitelinks,150,1900,2000,2021-11-19,"Informational,Commercial,Transactional,Branded,Non-local",Romanian,"69, 68, 71, 91, 86, 96, 129, 146, 84, 87, 53, 71, 107, 97, 98, 81, 109, 136, 177, 231, 210, 186, 175, 164",177,Sports betting
412,jocuri cazinou,ro,83,150,1.10,1.68,casa pariurilor casino,2026-06-07 21:16:14,,300,41000,45000,2015-09-07,"Informational,Commercial,Non-branded,Non-local",Romanian,"33, 48, 38, 102, 103, 46, 57, 43, 39, 32, 69, 62, 79, 153, 148, 187, 148, 168, 179, 191, 165, 180, 170, 154","144, 155, 153, 154, 177, 175, 188, 199, 172, 187, 177",Gambling
413,casapariu,ro,41,150,1.90,1.08,casa pariurilor,2026-06-22 04:42:53,Sitelinks,200,346000,379000,2015-09-06,"Navigational,Branded,Non-local",Romanian,"149, 78, 97, 219, 76, 151, 220, 185, 75, 119, 148, 269, 175, 124, 207, 146, 122, 146, 229, 179, 176, 169, 133, 145","122, 147, 168, 186, 172, 203, 192, 177, 174, 167, 132, 143, 121",/Other
414,cazinouri licentiate in romania,ro,65,150,2.50,,lista cazinouri online romania,2026-05-24 10:06:00,,150,13000,16000,2020-01-10,"Informational,Commercial,Non-branded,Non-local",Romanian,"130, 103, 98, 102, 125, 111, 138, 139, 162, 158, 199, 204, 163, 197, 169, 121, 131, 82, 151, 140, 131, 132, 145, 139","136, 137, 121, 118, 132, 121, 136, 139, 130, 131, 144, 139, 136",Lottery; Government; Business
415,bonus casino betano,ro,54,150,4.50,,bonus betano,2026-05-23 06:17:12,Sitelinks,250,600,600,2020-07-18,"Informational,Commercial,Transactional,Branded,Non-local",Romanian,"60, 49, 40, 63, 86, 86, 44, 58, 85, 101, 101, 102, 58, 125, 94, 207, 129, 175, 178, 157, 151, 156, 140, 107","118, 149, 144, 126, 124, 173, 195, 173, 167, 172, 156, 123, 134",Sports betting
416,aparate jocuri de noroc,ro,72,150,0.80,1.18,jocuri cu aparate,2026-06-21 22:57:05,Sitelinks,200,2300,2500,2015-09-22,"Informational,Commercial,Transactional,Non-branded,Non-local",Romanian,"87, 57, 72, 92, 78, 94, 110, 138, 93, 114, 96, 95, 74, 149, 233, 212, 201, 140, 170, 181, 155, 156, 136, 139","136, 134, 137, 146, 163, 171, 174, 185, 159, 160, 140, 143, 140",Lottery; Sensitive
417,las vegas casino rotiri gratuite,ro,58,150,2.50,,las vegas rotiri gratuite,2026-06-12 03:51:54,Sitelinks,200,1700,1700,2021-11-27,"Informational,Non-branded,Non-local",Romanian,"155, 279, 343, 516, 518, 297, 192, 159, 125, 117, 119, 148, 150, 124, 112, 210, 111, 80, 157, 215, 223, 154, 196, 168","131, 129, 141, 192, 148, 119, 145, 66, 76, 57, 74, 79, 31",Lottery
418,cas pot,ro,1,150,0.60,,cashpot,2026-06-18 09:06:49,Sitelinks,200,49000,50000,2020-12-21,"Navigational,Commercial,Transactional,Branded,Non-local",,"150, 130, 135, 204, 179, 125, 128, 52, 76, 58, 75, 69, 26, 80, 102, 117, 284, 118, 175, 203, 486, 95, 149, 134",127,Lottery
419,betano romania casino,ro,53,150,2.00,,betano,2026-06-24 17:48:34,,450,467000,470000,2022-05-11,"Informational,Commercial,Branded,Non-local",English,"162, 66, 31, 17, 25, 98, 291, 170, 39, 57, 226, 212, 278, 216, 64, 179, 196, 30, 227, 180, 194, 156, 126, 158","155, 142, 136, 118, 137, 145, 161, 159, 128, 137, 129, 157",Gambling
420,batano,ro,46,150,1.60,0.7,betano,2026-06-11 20:01:21,Sitelinks,6300,470000,475000,2016-04-11,"Informational,Commercial,Branded,Non-local",Romanian,"97, 90, 90, 88, 118, 130, 177, 154, 139, 147, 133, 144, 110, 107, 109, 136, 114, 126, 191, 183, 160, 130, 126, 137",132,Sports betting
421,betano.ro aplicatie,ro,4,150,0.70,,betano,2026-06-09 19:55:27,Video preview,200,23000,24000,2018-07-15,"Informational,Navigational,Commercial,Transactional,Branded,Non-local",Romanian,"9, 29, 8, 12, 11, 68, 163, 198, 243, 183, 114, 140, 59, 119, 198, 216, 269, 159, 302, 240, 172, 56, 84, 66",69,Sports betting; Add-ons
422,jocuri pe bani,ro,40,150,0.10,,castiga bani online gratis,2026-05-22 13:39:26,,200,2600,2700,2015-10-18,"Informational,Commercial,Transactional,Non-branded,Non-local",Romanian,"33, 50, 63, 101, 58, 59, 78, 146, 88, 87, 94, 102, 82, 303, 308, 117, 129, 130, 148, 192, 163, 108, 112, 100",108,Lottery; Sensitive
423,casa pariurilor egt,ro,60,150,1.20,,pacanele gratis egt,2026-06-21 07:58:13,,150,2700,2800,2021-10-23,"Informational,Navigational,Transactional,Branded,Non-local",Romanian,"385, 361, 345, 381, 464, 428, 542, 889, 728, 665, 604, 362, 152, 196, 157, 194, 134, 100, 293, 75, 59, 55, 85, 66",70,Sports betting
424,casino.romania,ro,84,150,7.00,,cazinouri online,2026-06-04 21:16:34,,200,94000,98000,2021-01-23,"Informational,Commercial,Transactional,Non-branded,Non-local",,"67, 54, 73, 42, 77, 79, 68, 63, 46, 49, 72, 63, 73, 154, 184, 154, 201, 381, 198, 245, 162, 142, 93, 90",109,Gambling
425,rotiri gratuite cazino,ro,72,150,1.70,,rotiri gratuite fara depunere,2026-06-26 07:51:28,,200,48000,49000,2016-07-29,"Informational,Commercial,Non-branded,Non-local",Romanian,"46, 47, 64, 98, 97, 82, 128, 146, 146, 175, 179, 144, 94, 90, 150, 215, 188, 223, 143, 169, 165, 168, 162, 157","146, 161, 162, 155, 150, 156, 159, 161, 156, 160, 153, 149",Gambling
426,casa cazino,ro,63,150,1.50,,cazinouri online,2026-06-25 16:45:09,Sitelinks,150,31000,34000,2020-01-12,"Informational,Branded,Local",Romanian,"71, 43, 69, 74, 88, 130, 163, 164, 174, 227, 70, 64, 61, 202, 212, 81, 83, 153, 143, 130, 124, 119, 96, 94","91, 90, 89, 76, 79, 84, 92, 88, 80, 78, 56, 56, 54",Events; Lottery
427,casa parourilor,ro,27,150,1.60,1.08,casa pariurilor,2026-06-19 15:18:02,"Sitelinks,Knowledge panel",150,347000,380000,2015-10-13,"Informational,Navigational,Commercial,Branded,Non-local",Romanian,,,Sports betting
428,casa jocurilor,ro,32,150,0.20,,cazinouri online,2026-06-21 18:03:27,Sitelinks,200,30000,33000,2015-12-26,"Informational,Commercial,Branded,Non-local",Romanian,,,Lottery
429,casa pariurilor .ro,ro,22,150,,1.17,casa pariurilor,2026-06-24 18:03:56,Sitelinks,150,347000,379000,2015-09-18,"Navigational,Transactional,Branded,Non-local",Romanian,"363, 144, 316, 448, 533, 355, 220, 424, 471, 229, 124, 123, 56, 120, 233, 187, 280, 205, 162, 144, 97, 117, 92, 92",101,Sports betting
430,casino mobile,ro,79,150,,,slotomania,2026-06-28 05:57:06,,11000,1200,53000,2020-01-09,"Informational,Commercial,Transactional,Non-branded,Non-local",English,"52, 43, 34, 31, 20, 34, 24, 21, 7, 22, 28, 21, 29, 265, 201, 196, 233, 257, 152, 196, 149, 114, 106, 112",111,Gambling
431,betano online casino,ro,67,150,0.80,,betano casino,2026-06-05 01:14:15,Sitelinks,1400,19000,19000,2020-02-10,"Informational,Commercial,Branded,Non-local",English,,,Gambling
432,casino online free,ro,86,150,1.60,2.05,jocuri casino online gratis,2026-06-10 16:04:30,,4900,30000,32000,2015-09-16,"Informational,Non-branded,Non-local",English,"105, 137, 101, 123, 131, 127, 143, 254, 167, 145, 192, 215, 209, 431, 302, 136, 153, 118, 98, 138, 121, 138, 105, 114",120,Gambling
433,betone casino,ro,53,150,2.00,,betone,2026-06-02 20:39:44,,500,0,0,2020-11-28,"Informational,Navigational,Commercial,Transactional,Branded,Non-local",,"199, 79, 51, 49, 46, 33, 70, 74, 98, 64, 65, 32, 23, 79, 79, 72, 78, 77, 108, 187, 146, 163, 233, 372",262,Sports betting
434,jocuri sloturi,ro,80,150,0.90,,jocuri cazino,2026-05-21 02:36:28,,250,3200,3200,2015-10-05,"Informational,Commercial,Transactional,Non-branded,Non-local",Romanian,"44, 67, 60, 42, 65, 65, 63, 49, 84, 132, 131, 105, 71, 141, 152, 298, 173, 141, 144, 194, 161, 210, 151, 170","160, 164, 167, 200, 215, 179, 203, 193, 194, 221, 200, 189, 180",Lottery
435,casino jocuri,ro,84,150,2.50,,jocuri cazino,2026-06-17 13:57:00,,200,21000,25000,2015-09-16,"Informational,Commercial,Transactional,Non-branded,Non-local",Romanian,"54, 65, 69, 88, 82, 185, 172, 332, 80, 85, 91, 89, 76, 368, 164, 103, 104, 140, 158, 200, 120, 208, 130, 106","80, 183, 114, 96, 97, 242, 190, 207, 124, 214, 134, 109, 83",Gambling
436,unibet .ro,ro,62,150,0.20,,unibet,2026-06-04 10:22:16,"Sitelinks,Bottom ads,Paid sitelinks",700,126000,131000,2015-12-19,"Informational,Navigational,Commercial,Branded,Non-local",,"159, 166, 180, 135, 135, 154, 165, 169, 150, 167, 143, 155, 126, 140, 149, 184, 155, 178, 207, 188, 180, 184, 171, 164","166, 156, 171, 176, 190, 183, 198, 190, 182, 185, 172, 164",Sports betting
437,888 casino demo,ro,67,150,1.20,,888 casino,2026-06-01 08:29:00,Sitelinks,250,84000,89000,2020-02-06,"Informational,Branded,Non-local",English,,,Gambling
438,jocuri ca la păcănele,ro,78,150,0.45,,pacanele gratis,2026-06-17 02:36:04,,200,49000,54000,2015-09-10,"Informational,Branded,Non-local",Romanian,"101, 75, 142, 143, 185, 144, 149, 142, 119, 190, 117, 75, 50, 159, 173, 167, 153, 177, 204, 241, 195, 157, 239, 118",172,TV shows; Family-oriented games; Children's interests
439,www.unibet.ro,ro,31,150,1.30,0.98,unibet,2026-06-04 03:14:50,Sitelinks,150,126000,131000,2015-10-11,"Navigational,Transactional,Branded,Non-local",,"135, 104, 121, 84, 36, 43, 181, 143, 240, 180, 97, 62, 68, 119, 127, 111, 87, 71, 165, 282, 350, 282, 127, 38",130,Sports betting
440,lista casino online romania,ro,68,150,3.00,,lista cazinouri online romania,2026-06-08 12:15:41,,150,5600,6000,2020-04-02,"Informational,Commercial,Non-branded,Local",Romanian,,,Gambling
441,betano pacanele gratis,ro,62,150,1.10,,pacanele gratis,2026-05-25 22:27:50,Sitelinks,150,38000,40000,2023-04-05,"Informational,Branded,Non-local",Romanian,"134, 87, 83, 117, 86, 108, 186, 111, 99, 150, 118, 129, 78, 131, 123, 123, 158, 99, 143, 224, 165, 171, 124, 197",164,Lottery
442,best casino online,ro,73,150,11.00,,top 10 casino online,2026-06-28 03:29:32,"People also ask,Video preview",27000,1400,173000,2017-03-01,"Informational,Commercial,Non-branded,Non-local",English,"143, 124, 164, 742, 750, 740, 646, 309, 40, 70, 81, 102, 115, 111, 119, 103, 76, 83, 138, 137, 178, 242, 271, 321",277,Gambling
443,contact 888 casino,ro,61,150,1.40,,888 casino contact,2026-06-06 02:15:17,,400,200,200,2020-01-11,"Informational,Branded,Non-local",English,"122, 129, 107, 122, 136, 75, 109, 162, 160, 137, 130, 105, 92, 93, 101, 154, 149, 132, 130, 277, 140, 167, 239, 174",193,Gambling
444,mrbit bonus,ro,46,150,1.20,,casino online romania,2026-06-16 08:33:43,,600,8800,12000,2020-12-23,"Informational,Commercial,Branded,Non-local",English,"37, 33, 29, 28, 37, 50, 57, 61, 27, 43, 43, 24, 24, 50, 58, 54, 35, 49, 62, 111, 203, 203, 233, 458",298,Sports betting
445,poker 888,ro,57,150,3.00,1.09,888poker,2026-06-18 18:19:31,Sitelinks,4500,3100,3100,2015-09-01,"Informational,Navigational,Commercial,Transactional,Branded,Non-local",English,"149, 124, 124, 153, 151, 125, 153, 152, 152, 262, 235, 235, 132, 125, 104, 97, 109, 129, 134, 142, 135, 191, 186, 146","101, 91, 88, 92, 95, 105, 111, 117, 111, 157, 153",Casino games
446,bonusuri casino online,ro,76,150,3.50,,bonus fara depunere,2026-06-23 09:43:16,Sitelinks,300,128000,131000,2017-04-11,"Informational,Commercial,Non-branded,Non-local",Romanian,"73, 72, 46, 93, 92, 80, 171, 177, 61, 58, 67, 190, 63, 153, 220, 221, 109, 103, 147, 148, 137, 147, 144, 156","141, 150, 160, 165, 162, 163, 172, 173, 161, 171, 169, 181, 166",Gambling
447,site uri casino,ro,82,150,7.00,,casino online,2026-05-27 03:39:56,,150,79000,83000,2018-11-16,"Informational,Commercial,Non-branded,Non-local",Romanian,"40, 26, 36, 62, 33, 35, 36, 139, 90, 68, 147, 144, 155, 414, 449, 208, 78, 63, 63, 73, 50, 50, 71, 64",63,Gambling
448,betano .com,ro,82,150,1.60,,betano.com,2026-06-11 01:25:09,,3400,2500,312000,2016-10-22,"Informational,Navigational,Branded,Non-local",,,,Sports betting
449,agentia casa pariurilor,ro,18,150,0.60,1.1,casa pariurilor,2026-05-29 03:10:08,Sitelinks,150,328000,360000,2015-09-07,"Informational,Commercial,Branded,Local",Romanian,"52, 35, 37, 41, 42, 62, 60, 41, 37, 41, 53, 46, 38, 141, 136, 156, 154, 173, 183, 182, 139, 135, 162, 146",148,Sports betting; Business
450,casa pariurilor demo,ro,43,150,0.60,,casa pariurilor casino,2026-06-10 08:31:53,Sitelinks,200,36000,39000,2017-07-09,"Informational,Branded,Non-local",Romanian,"325, 296, 359, 401, 323, 369, 437, 506, 358, 227, 324, 375, 153, 232, 244, 217, 157, 128, 157, 260, 171, 156, 76, 76",104,Gambling
451,jocuri cazinouri gratis,ro,78,150,0.60,,jocuri pacanele gratis 77777,2026-06-19 12:43:03,Sitelinks,250,26000,28000,2016-04-16,"Informational,Non-branded,Non-local",Romanian,"80, 81, 93, 93, 94, 103, 119, 312, 81, 82, 69, 59, 70, 123, 118, 148, 144, 179, 176, 176, 163, 296, 182, 214","212, 220, 220, 230, 232, 237, 246, 270, 236, 242, 237, 234, 233",Lottery
452,aplicația betano,ro,4,150,0.90,,betano app,2026-06-10 09:31:00,Video preview,150,1100,1300,2020-01-10,"Navigational,Transactional,Branded,Non-local",Romanian,"29, 35, 44, 42, 42, 39, 42, 43, 44, 43, 55, 54, 40, 89, 160, 183, 206, 142, 289, 289, 154, 86, 72, 101",87,Sports betting; Add-ons
453,cazino .ro,ro,82,150,1.60,,cazino.ro,2026-06-05 18:52:19,Sitelinks,150,5300,5300,2018-04-20,"Informational,Navigational,Commercial,Transactional,Branded,Non-local",Romanian,,,Gambling
454,casino in online,ro,85,150,9.00,,casino online romania,2026-05-20 08:41:16,,3000,87000,91000,2020-12-31,"Informational,Commercial,Transactional,Non-branded,Non-local",English,"5, 11, 8, 66, 19, 17, 19, 96, 116, 93, 237, 238, 141, 413, 309, 267, 97, 94, 98, 90, 75, 83, 60, 54",66,Gambling
455,casa pariurilor ro,ro,18,150,1.50,1.03,casa pariurilor,2026-06-02 09:52:44,Sitelinks,350,329000,362000,2015-10-08,"Informational,Navigational,Commercial,Transactional,Branded,Non-local",Romanian,"73, 59, 74, 99, 95, 99, 181, 146, 82, 77, 129, 56, 46, 137, 236, 99, 83, 89, 269, 206, 161, 155, 141, 118","107, 115, 133, 114, 128, 128, 181, 142, 147, 133, 128, 102, 95",Sports betting; Sports
456,cont casino,ro,81,150,8.00,,casa pariurilor casino,2026-05-26 21:02:44,,200,36000,39000,2020-02-19,"Informational,Commercial,Non-branded,Non-local",Romanian,,,Gambling
457,slot online romania,ro,81,150,11.00,,fortuna casino,2026-06-17 17:52:29,,200,40000,46000,2017-04-08,"Informational,Commercial,Non-branded,Non-local",English,"9, 9, 19, 66, 10, 15, 28, 105, 52, 38, 60, 61, 69, 353, 391, 215, 67, 114, 71, 46, 40, 69, 50, 70",65,Lottery
458,online pacanele,ro,73,150,,,pacanele gratis,2026-06-07 10:57:29,,150,30000,33000,2017-04-09,"Informational,Commercial,Non-branded,Non-local",Romanian,"18, 11, 10, 24, 27, 21, 23, 29, 26, 26, 28, 26, 49, 248, 221, 131, 120, 118, 121, 99, 115, 127, 104, 101",111,Gambling
459,betano com,ro,67,150,0.50,,betano,2026-05-26 19:15:51,Sitelinks,2400,470000,475000,2017-03-15,"Navigational,Transactional,Branded,Non-local",,"187, 136, 114, 114, 149, 114, 137, 139, 115, 120, 117, 93, 68, 95, 82, 97, 155, 155, 189, 208, 230, 269, 289, 253","251, 247, 254, 255, 275, 261, 260, 254, 253, 270, 274, 260, 257",Sports betting; Sports
460,sport 888,ro,60,150,2.00,,888sport,2026-06-21 16:03:30,Sitelinks,26000,12000,13000,2015-12-25,"Informational,Navigational,Commercial,Transactional,Branded,Non-local",English,"71, 49, 48, 24, 23, 50, 57, 28, 10, 60, 25, 40, 56, 368, 539, 67, 88, 43, 32, 40, 50, 55, 84, 162",101,Sports betting; Sports
461,betqno,ro,68,150,2.00,,betano casino,2026-06-09 16:56:03,,4200,26000,26000,2016-06-04,"Non-branded,Non-local",,"143, 125, 152, 131, 157, 144, 230, 243, 239, 213, 175, 203, 109, 164, 122, 182, 192, 162, 222, 168, 154, 163, 135, 142",148,/Other
462,casino.ro gratis,ro,79,150,1.60,,jocuri cazino gratis,2026-06-18 23:28:53,,150,22000,25000,2022-09-20,"Informational,Branded,Non-local",Romanian,"249, 322, 262, 345, 291, 259, 209, 163, 157, 257, 69, 149, 206, 293, 278, 124, 163, 195, 211, 182, 76, 117, 47, 34",67,Lottery
463,888casino online,ro,79,150,4.00,,888 casino,2026-05-23 06:08:53,"Sitelinks,Bottom ads,Paid sitelinks",2200,30000,851000,2018-11-05,"Informational,Navigational,Commercial,Transactional,Branded,Non-local",English,,,Gambling
464,888 pariuri sportive,ro,46,150,1.90,,888 sport,2026-05-21 18:50:59,,200,4300,4900,2015-09-02,"Informational,Navigational,Commercial,Transactional,Branded,Non-local",Romanian,"38, 136, 140, 108, 160, 312, 317, 206, 167, 164, 166, 85, 134, 63, 166, 181, 198, 235, 174, 151, 148, 138, 129, 106","113, 133, 168, 189, 170, 203, 193, 151, 148, 138, 129, 106, 113",Sports betting; Sports
465,new casino romania,ro,73,150,1.40,,cazinouri online,2026-06-10 07:16:31,,200,34000,35000,2022-05-20,"Informational,Commercial,Non-branded,Non-local",English,,,Casino games; Gambling
466,jocuri online cazino,ro,82,150,4.00,,fortuna casino,2026-06-24 19:57:43,,200,37000,42000,2015-11-25,"Informational,Commercial,Transactional,Non-branded,Non-local",Romanian,"55, 84, 40, 55, 39, 40, 59, 61, 73, 57, 55, 56, 54, 155, 148, 97, 134, 150, 134, 144, 143, 145, 140, 138","143, 154, 147, 148, 148, 142, 137, 146, 146, 147, 142, 140, 146",Gambling
467,betano pariuri live,ro,40,150,0.35,,betano live,2026-06-20 19:05:10,Sitelinks,150,7700,8500,2018-06-14,"Informational,Commercial,Branded,Non-local",Romanian,,,Sports betting
468,online casino real money,ro,88,150,6.00,,casino online gambling,2026-06-21 22:01:05,"Sitelinks,People also ask",45000,100,136000,2016-02-02,"Informational,Commercial,Transactional,Non-branded,Non-local",English,,,Gambling
469,jocuri de aparate,ro,73,150,0.60,1.31,pacanele gratis,2026-06-04 03:50:42,,150,71000,77000,2015-10-12,"Informational,Non-branded,Non-local",Romanian,"54, 68, 69, 88, 206, 161, 131, 212, 139, 204, 172, 177, 111, 169, 221, 165, 105, 94, 89, 120, 101, 113, 112, 111","92, 90, 94, 103, 105, 113, 108, 123, 104, 115, 114, 113, 95",Lottery
470,online casino bonuses,ro,78,150,8.00,,online casino bonus,2026-06-25 10:17:30,"Video preview,People also ask",10000,100,29000,2016-07-13,"Informational,Commercial,Transactional,Non-branded,Non-local",English,"66, 53, 56, 97, 41, 20, 43, 106, 60, 45, 81, 112, 75, 285, 246, 185, 105, 131, 111, 122, 102, 128, 98, 134",123,Gambling
471,casino online gambling,ro,91,150,10.00,,online gambling,2026-05-24 08:00:53,People also ask,4700,450,40000,2016-06-02,"Informational,Commercial,Transactional,Non-branded,Non-local",English,,,Gambling
472,lasvegascasino,ro,55,150,0.45,,lasvegas,2026-05-28 12:56:29,"Sitelinks,Knowledge panel,Video preview",500,24000,26000,2020-08-20,"Informational,Commercial,Transactional,Branded,Non-local",,"269, 225, 284, 297, 224, 213, 155, 101, 66, 127, 140, 94, 76, 43, 80, 63, 99, 153, 167, 173, 150, 182, 214, 205",201,Gambling
473,mr.bit,ro,21,150,1.40,,mr bit,2026-06-27 20:26:20,Sitelinks,600,19000,23000,2020-07-18,"Informational,Navigational,Commercial,Transactional,Branded,Non-local",,"390, 939, 496, 297, 662, 770, 221, 238, 165, 83, 88, 67, 116, 200, 184, 104, 20, 9, 24, 89, 118, 232, 284, 257",259,Sports betting
474,betano bet,ro,79,150,2.50,1.05,betano.com,2026-06-24 10:59:40,"Bottom ads,Paid sitelinks",69000,3900,631000,2016-05-22,"Informational,Commercial,Branded,Non-local",Romanian,,,Sports betting
475,jocuri online casino gratis,ro,75,150,1.20,,jocuri casino online gratis,2026-05-23 13:53:07,"Sitelinks,Bottom ads",200,11000,12000,2016-05-13,"Informational,Non-branded,Non-local",Romanian,"68, 34, 25, 20, 63, 65, 52, 130, 96, 87, 200, 154, 155, 464, 532, 272, 77, 97, 89, 90, 77, 78, 84, 41",68,Lottery
476,aparate cazino,ro,74,150,1.00,,777,2026-06-06 03:12:29,,200,1400,1500,2015-10-01,"Informational,Non-branded,Non-local",Romanian,"120, 149, 149, 100, 150, 160, 132, 205, 136, 134, 90, 159, 89, 103, 125, 155, 200, 248, 167, 253, 193, 208, 169, 192","157, 166, 183, 194, 210, 197, 170, 257, 196, 211, 172",Gambling
477,betwno,ro,46,150,2.00,,betano,2026-05-23 07:08:32,"Sitelinks,Video preview",3400,472000,477000,2016-10-27,"Informational,Navigational,Commercial,Branded,Non-local",Romanian,"158, 144, 139, 136, 130, 145, 177, 124, 165, 171, 165, 158, 127, 150, 118, 128, 117, 131, 171, 158, 142, 179, 151, 124",152,Sports betting
478,888 bonus,ro,68,150,2.50,,bonus casino,2026-06-18 19:31:55,Sitelinks,2000,7700,7900,2015-10-23,"Informational,Commercial,Branded,Non-local",English,"58, 45, 33, 35, 70, 69, 58, 73, 135, 194, 166, 107, 67, 112, 103, 238, 154, 112, 123, 135, 139, 150, 144, 134","125, 123, 122, 133, 136, 134, 129, 135, 140, 150, 145",Gambling
479,sloturi casino gratis,ro,74,150,1.10,,pacanele gratis,2026-05-29 00:57:09,,150,17000,18000,2018-03-01,"Informational,Non-branded,Non-local",Romanian,,,Gambling
480,casinouri romania,ro,80,150,2.50,,casino online,2026-05-29 01:43:19,Knowledge panel,250,84000,88000,2015-10-23,"Informational,Commercial,Non-branded,Non-local",Romanian,"178, 182, 210, 214, 207, 207, 320, 135, 110, 139, 110, 121, 136, 161, 166, 153, 183, 160, 201, 157, 150, 167, 158, 168","169, 175, 178, 173, 181, 177, 204, 164, 157, 174, 165, 174, 176",Gambling
481,bonus casino romania,ro,74,150,1.70,,bonus fara depunere,2026-06-16 19:51:58,,250,134000,137000,2015-09-14,"Informational,Commercial,Non-branded,Non-local",English,"51, 43, 84, 97, 146, 118, 112, 109, 124, 131, 141, 115, 131, 182, 182, 149, 151, 185, 170, 178, 172, 181, 187, 181","173, 181, 187, 181, 185, 182, 183, 190, 185, 194, 200, 194, 186",Gambling
482,jocuri de cazino gratuite,ro,73,150,0.50,,jocuri cazino,2026-05-26 06:32:29,Sitelinks,150,3400,3400,2016-01-10,"Informational,Non-branded,Non-local",Romanian,"25, 11, 8, 11, 2, 1, 2, 5, 6, 2, 6, 7, 4, 217, 175, 168, 204, 197, 248, 225, 68, 57, 84, 78",75,Lottery
483,betano de,ro,76,150,2.00,,beta o,2026-06-27 16:21:17,,8500,150,275000,2020-01-16,"Navigational,Transactional,Branded,Non-local",,"42, 98, 84, 72, 21, 24, 61, 57, 48, 42, 178, 73, 81, 78, 525, 123, 202, 103, 190, 237, 86, 178, 38, 144",121,Sports betting
484,888sport romania,ro,61,150,,,888 sport,2026-05-22 04:51:27,,200,4300,4900,2015-10-16,"Informational,Navigational,Commercial,Branded,Non-local",English,"7, 18, 105, 15, 7, 34, 44, 20, 25, 25, 21, 21, 15, 127, 175, 166, 125, 138, 163, 205, 126, 140, 156, 143",147,Sports betting; Sports
485,betano ro aplicatie,ro,53,150,1.80,,betano,2026-06-02 23:49:15,Video preview,250,23000,24000,2024-10-16,"Informational,Transactional,Branded,Non-local",Romanian,"0, 0, 0, 0, 1, 0, 2, 0, 0, 0, 0, 0, 0, 0, 0, 7, 63, 151, 200, 207, 409, 316, 273, 300",297,Sports betting; Add-ons
486,cazinoul meu,ro,76,150,1.20,,superbet casino,2026-06-19 10:59:33,Sitelinks,150,15000,17000,2021-12-16,"Informational,Navigational,Non-branded,Non-local",Romanian,"140, 97, 116, 174, 130, 84, 133, 253, 113, 79, 118, 102, 120, 370, 455, 308, 76, 33, 59, 50, 37, 62, 71, 63",67,Gambling
487,unibet live casino,ro,76,150,4.50,,live casino romania,2026-06-03 23:21:52,Sitelinks,2000,1000,1000,2016-12-25,"Navigational,Transactional,Branded,Non-local",Romanian,"27, 41, 41, 37, 35, 36, 34, 34, 32, 56, 41, 41, 45, 106, 127, 177, 119, 122, 135, 159, 125, 146, 167, 72",109,Gambling
488,cazinouri online internationale,ro,58,150,0.70,,cazinouri online straine,2026-06-02 23:37:33,Sitelinks,400,200,200,2020-05-28,"Informational,Commercial,Non-branded,Non-local",Romanian,"51, 90, 93, 53, 76, 31, 33, 42, 50, 69, 88, 69, 32, 134, 195, 145, 242, 238, 175, 191, 165, 158, 138, 121","100, 113, 98, 99, 98, 69, 57, 66, 63, 56, 51",Gambling
489,casa pariurile,ro,22,150,1.80,1.04,casa pariurilor,2026-06-07 21:50:29,Sitelinks,150,330000,362000,2015-10-09,"Informational,Navigational,Branded,Non-local",Romanian,"147, 92, 120, 129, 145, 133, 171, 147, 139, 102, 132, 94, 68, 36, 57, 159, 150, 216, 273, 154, 98, 111, 102, 79",99,Sports betting
490,cazino las vegas,ro,69,150,0.60,,lasvegas,2026-05-29 06:38:00,"Sitelinks,Knowledge panel",150,24000,26000,2017-02-04,"Informational,Commercial,Transactional,Non-branded,Non-local",Romanian,"33, 17, 26, 28, 96, 85, 33, 30, 25, 18, 17, 22, 17, 29, 37, 114, 214, 107, 136, 156, 248, 126, 195, 200",175,Sports betting
491,betano aplicatie,ro,17,150,2.50,0.97,betano app,2026-06-28 18:12:55,,200,1000,1100,2016-10-21,"Informational,Transactional,Branded,Non-local",Romanian,"213, 143, 146, 220, 175, 151, 220, 181, 173, 176, 116, 117, 143, 153, 132, 135, 173, 142, 182, 154, 155, 156, 141, 169","221, 156, 138, 149, 156, 159, 166, 155, 156, 156, 142, 170, 222",Sports betting; Add-ons
492,casa pariurilor apk download,ro,28,150,1.20,,casa pariurilor apk,2026-05-23 14:12:42,,150,1700,1900,2017-03-09,"Informational,Transactional,Branded,Non-local",Romanian,"32, 26, 63, 50, 30, 34, 32, 21, 48, 28, 42, 54, 39, 104, 122, 91, 122, 91, 144, 175, 182, 218, 254, 217",231,Sports betting; Add-ons
493,online las vegas casino,ro,76,150,5.00,,las vegas.ro,2026-06-18 17:05:38,,350,6700,7400,2020-01-11,"Informational,Commercial,Transactional,Non-branded,Non-local",English,"2, 3, 3, 44, 56, 23, 10, 94, 33, 21, 60, 120, 117, 372, 239, 105, 43, 42, 62, 90, 95, 101, 117, 110",110,Gambling
494,pariuri casa pariurilor,ro,33,150,0.80,,casa pariurilor,2026-05-25 10:50:25,Sitelinks,200,328000,361000,2016-11-30,"Informational,Navigational,Commercial,Transactional,Branded,Non-local",Romanian,,,Sports betting
495,cashpot conectare,ro,49,150,0.40,,cashpot,2026-05-26 19:00:06,Sitelinks,150,50000,54000,2022-07-11,"Informational,Navigational,Transactional,Branded,Non-local",Romanian,"401, 407, 606, 604, 742, 732, 493, 403, 267, 265, 173, 140, 175, 158, 192, 153, 157, 189, 151, 136, 103, 99, 102, 101","95, 82, 118, 105, 101, 94, 65, 65, 30, 36, 40, 45, 43",Gambling
496,cazinouri cluj,ro,47,100,1.00,,cazinouri cluj,2026-05-25 10:36:05,,100,70,80,2015-09-28,"Informational,Commercial,Non-branded,Local",Romanian,"11, 18, 15, 52, 20, 12, 28, 102, 38, 21, 54, 49, 51, 351, 445, 207, 5, 30, 25, 67, 57, 51, 55, 35",48,Gambling; Business
497,sloturi gratuite,ro,77,100,1.10,,sloturi gratis,2026-06-02 03:16:50,,200,600,700,2017-02-19,"Informational,Non-branded,Non-local",Romanian,"94, 112, 91, 90, 71, 93, 90, 70, 69, 121, 101, 69, 40, 89, 100, 194, 95, 124, 128, 127, 107, 113, 109, 106","103, 100, 95, 108, 107, 113, 114, 116, 94, 101, 97, 94",Gambling
498,casa parilor,ro,18,100,0.20,1.05,casa pariurilor,2026-06-07 07:37:55,"Sitelinks,Local pack",100,330000,362000,2015-09-28,"Informational,Commercial,Branded,Non-local",Romanian,"123, 76, 122, 154, 80, 88, 108, 102, 58, 112, 97, 79, 67, 72, 61, 69, 110, 85, 130, 150, 125, 64, 112, 134",104,Sports betting
499,jocuri slots,ro,79,100,0.70,1.61,jocuri casino online gratis,2026-06-21 11:01:49,,150,2500,2600,2015-11-21,"Informational,Commercial,Non-branded,Non-local",Romanian,,,Gambling
500,bonusuri cazinouri,ro,73,100,0.50,,bonus fara depunere,2026-06-27 15:44:48,,150,128000,131000,2021-12-26,"Informational,Commercial,Transactional,Non-branded,Non-local",Romanian,"15, 3, 13, 19, 15, 17, 22, 65, 31, 21, 58, 58, 58, 377, 449, 313, 74, 42, 19, 32, 18, 27, 28, 31",30,Gambling
501,casapariuri,ro,34,100,2.00,1.02,casa pariurilor,2026-06-08 12:21:47,Sitelinks,200,330000,362000,2015-09-29,"Informational,Navigational,Commercial,Branded,Non-local",Romanian,,,Sports betting
502,m casa pariurilor,ro,22,100,0.80,,casa pariurilor,2026-06-16 06:38:31,Sitelinks,150,347000,379000,2015-11-11,"Navigational,Transactional,Branded,Non-local",Romanian,"46, 33, 44, 39, 40, 50, 56, 138, 85, 129, 186, 133, 82, 136, 109, 142, 109, 127, 143, 130, 96, 98, 95, 75",90,Sports betting; Sports
503,jocuri noroc online,ro,82,100,1.60,,casino online romania,2026-06-12 14:45:33,Sitelinks,150,59000,64000,2015-09-13,"Informational,Commercial,Transactional,Non-branded,Non-local",Romanian,"60, 39, 42, 39, 33, 51, 69, 63, 54, 58, 83, 55, 65, 119, 139, 86, 79, 87, 88, 142, 140, 144, 158, 187",163,Lottery
504,casa pariulor,ro,22,100,,0.99,casa pariurilor,2026-05-30 12:07:32,"Sitelinks,Local pack",100,329000,362000,2015-09-10,"Informational,Commercial,Transactional,Branded,Local",Romanian,"76, 65, 90, 96, 86, 86, 142, 125, 64, 111, 105, 120, 90, 120, 85, 81, 109, 89, 73, 87, 109, 127, 149, 118",132,Sports betting; Business
505,joc pe bani,ro,73,100,0.10,,bani gratis,2026-05-28 15:49:17,,100,2500,2600,2016-06-12,"Informational,Commercial,Transactional,Non-branded,Non-local",Romanian,"4, 6, 8, 20, 5, 5, 12, 52, 25, 21, 56, 58, 50, 342, 450, 261, 12, 24, 5, 0, 0, 2, 13, 10",9,Lottery; Sensitive
506,casa pariur,ro,33,100,0.60,1,casa pariurilor,2026-05-27 12:38:13,Sitelinks,100,328000,360000,2015-09-03,"Informational,Commercial,Branded,Non-local",Romanian,,,Sports betting
507,unubet,ro,16,100,1.30,0.85,unibet,2026-05-22 02:44:21,"Sitelinks,Video preview",800,130000,135000,2015-10-16,"Informational,Navigational,Commercial,Transactional,Branded,Non-local",,"104, 88, 98, 84, 101, 106, 124, 100, 132, 112, 127, 150, 98, 131, 127, 130, 119, 138, 166, 176, 128, 124, 89, 62",83,Sports betting
508,bet 888,ro,82,100,3.50,,888sport,2026-06-01 22:01:29,"Sitelinks,Video preview",23000,13000,13000,2015-09-11,"Informational,Commercial,Branded,Non-local",English,,,Sports betting
509,beatno,ro,48,100,1.60,,betano,2026-06-01 18:38:29,Sitelinks,1200,471000,476000,2016-06-20,"Navigational,Commercial,Transactional,Branded,Non-local",,"124, 97, 70, 76, 107, 114, 143, 135, 109, 130, 92, 135, 56, 102, 85, 82, 78, 97, 125, 168, 146, 101, 81, 88",91,Sports betting; Sports
510,agentie betano,ro,42,100,1.50,,betano,2026-06-19 17:36:54,Sitelinks,150,467000,471000,2018-08-08,"Informational,Commercial,Branded,Non-local",Romanian,,,Sports betting
511,me bit,ro,43,100,2.00,,mr bit,2026-06-28 01:38:21,Sitelinks,300,19000,23000,2021-06-29,"Informational,Navigational,Commercial,Transactional,Branded,Non-local",,"56, 62, 71, 99, 160, 148, 197, 219, 147, 239, 348, 340, 384, 184, 93, 74, 87, 60, 129, 140, 222, 39, 32, 12",26,Sports betting
512,betano casino login,ro,69,100,,,betano casino,2026-06-11 03:38:19,Sitelinks,2500,26000,27000,2020-01-10,"Navigational,Branded,Non-local",English,,,Gambling
513,bonus online casino,ro,80,100,,,casino online,2026-05-26 17:52:20,,3800,79000,83000,2020-01-17,"Informational,Commercial,Transactional,Non-branded,Non-local",English,"16, 20, 10, 68, 15, 13, 22, 94, 32, 30, 79, 120, 118, 269, 151, 87, 43, 60, 91, 113, 63, 48, 79, 47",59,Gambling
514,cazinouri noi in romania,ro,77,100,2.50,,cazinouri online,2026-06-10 19:20:11,,150,34000,35000,2021-07-02,"Informational,Commercial,Non-branded,Non-local",Romanian,"22, 38, 65, 42, 43, 68, 69, 85, 35, 40, 37, 56, 49, 126, 139, 299, 122, 110, 99, 123, 80, 54, 70, 133",87,Gambling; Company news
515,betano casino bonus,ro,61,100,1.30,,betano casino,2026-06-10 21:44:53,,1500,26000,27000,2019-01-26,"Informational,Commercial,Branded,Non-local",English,"95, 74, 186, 101, 96, 48, 80, 128, 124, 114, 67, 70, 70, 90, 54, 176, 110, 113, 136, 151, 138, 125, 109, 100","102, 105, 105, 104, 112, 123, 150, 162, 149, 136, 120, 111, 112",Sports betting
516,pacanele pe bani,ro,70,100,5.00,,pacanele gratis,2026-06-05 20:48:58,,100,30000,33000,2015-10-09,"Informational,Non-branded,Non-local",Romanian,"12, 33, 54, 15, 28, 22, 31, 88, 21, 34, 13, 31, 38, 115, 69, 73, 71, 120, 99, 101, 177, 107, 120, 136",122,Niche interests
517,cashpot.ro,ro,11,100,0.50,,cashpot,2026-06-04 22:33:42,Sitelinks,150,49000,54000,2021-02-20,"Informational,Navigational,Commercial,Transactional,Branded,Non-local",,"251, 286, 368, 298, 256, 393, 349, 184, 146, 145, 110, 109, 115, 113, 121, 103, 187, 123, 172, 129, 191, 126, 63, 46",69,Gambling
518,casa pari,ro,55,100,1.70,1.1,casa pariurilor,2026-05-22 02:07:35,"Sitelinks,Local pack",150,327000,359000,2015-09-03,"Navigational,Transactional,Branded,Local",Romanian,"132, 131, 129, 109, 82, 67, 85, 71, 103, 375, 87, 86, 104, 89, 165, 113, 201, 69, 136, 146, 119, 152, 96, 74","69, 76, 68, 55, 59, 79, 111, 107, 96, 118, 72, 44, 45",Sports betting
519,aparate online romania,ro,83,100,0.70,,casino online romania,2026-05-23 16:00:54,,150,83000,88000,2021-03-05,"Informational,Commercial,Non-branded,Non-local",Romanian,,,Gambling
520,betanl,ro,48,100,1.60,,betano,2026-06-18 15:40:29,Sitelinks,8200,467000,471000,2017-10-10,"Informational,Navigational,Commercial,Transactional,Branded,Non-local",,"124, 103, 107, 116, 112, 115, 141, 130, 113, 127, 110, 130, 96, 99, 73, 91, 88, 84, 124, 108, 119, 114, 112, 105","113, 99, 81, 94, 107, 114, 117, 113, 124, 119, 117, 110, 118",Sports betting
521,casa pariurilor 321 rotiri gratuite,ro,58,100,0.90,,casa pariurilor,2026-06-14 12:34:06,,100,346000,378000,2022-07-29,"Navigational,Commercial,Transactional,Branded,Non-local",Romanian,"196, 157, 155, 178, 166, 228, 196, 174, 95, 156, 128, 208, 94, 276, 256, 176, 69, 43, 69, 71, 43, 45, 72, 54",58,Sports betting
522,jocuri cu slot,ro,77,100,,,jocuri casino online gratis,2026-06-21 04:47:44,,150,2500,2600,2016-03-10,"Informational,Commercial,Transactional,Non-branded,Non-local",Romanian,"22, 31, 37, 15, 52, 60, 34, 44, 58, 59, 58, 58, 48, 115, 126, 126, 140, 173, 173, 180, 66, 60, 110, 135",103,Lottery
523,promoti cazino,ro,73,100,2.00,,bonus fara depunere,2026-06-20 14:32:43,,100,131000,134000,2018-06-19,"Informational,Commercial,Transactional,Non-branded,Non-local",Romanian,"15, 36, 62, 60, 48, 95, 157, 154, 85, 117, 31, 21, 12, 24, 17, 82, 158, 137, 108, 127, 138, 125, 110, 118",119,Gambling
524,joc online pacanele,ro,75,100,1.60,,pacanele gratis,2026-05-23 16:08:27,,100,60000,65000,2019-05-16,"Informational,Commercial,Transactional,Non-branded,Non-local",Romanian,"17, 16, 19, 12, 14, 9, 22, 16, 16, 2, 6, 13, 7, 96, 95, 107, 122, 114, 156, 171, 130, 123, 109, 96",110,Lottery
525,casino with bonus,ro,80,100,4.50,,bonus casino,2026-05-27 02:04:55,Top ads,2300,6400,6500,2020-02-28,"Informational,Commercial,Transactional,Non-branded,Non-local",English,"7, 21, 8, 58, 9, 7, 20, 106, 66, 58, 235, 183, 135, 336, 282, 111, 43, 49, 43, 57, 51, 59, 59, 42",54,Gambling
526,casa pariurilor casino apk,ro,35,100,1.40,,casa pariurilor casino,2026-06-03 20:51:32,,100,39000,42000,2018-06-18,"Informational,Transactional,Branded,Non-local",Romanian,"29, 25, 42, 39, 42, 21, 17, 4, 12, 8, 7, 6, 1, 74, 65, 68, 93, 76, 151, 155, 80, 108, 143, 129",127,Sports betting; Add-ons
527,joc de cazino,ro,82,100,3.50,,casa pariurilor casino,2026-06-11 15:20:28,,100,36000,39000,2015-09-17,"Informational,Commercial,Transactional,Non-branded,Non-local",Romanian,"1, 7, 2, 7, 0, 7, 3, 3, 3, 5, 3, 2, 3, 79, 88, 96, 97, 101, 141, 205, 127, 99, 111, 106",106,Gambling
528,casa pariurilor inregistrare,ro,30,100,2.50,,creare cont casa pariurilor,2026-05-22 07:08:46,,100,200,250,2015-09-26,"Informational,Navigational,Commercial,Transactional,Branded,Non-local",Romanian,,,Sports betting
529,las vegas casino online romania,ro,59,100,1.20,,lasvegas,2026-06-16 09:50:57,"Sitelinks,Video preview",200,25000,29000,2021-04-07,"Informational,Commercial,Transactional,Non-branded,Non-local",English,"51, 67, 60, 77, 83, 32, 57, 77, 22, 8, 40, 114, 83, 90, 71, 26, 66, 146, 128, 81, 75, 72, 116, 238",143,Lottery
530,casino top 10,ro,62,100,11.00,,cazinouri online,2026-05-30 03:53:44,"Video preview,People also ask",2300,27000,28000,2020-01-11,"Informational,Commercial,Non-branded,Non-local",English,"9, 20, 8, 60, 8, 13, 19, 89, 27, 30, 106, 122, 131, 375, 426, 177, 7, 9, 11, 21, 14, 12, 48, 118",54,Gambling; Business
531,cazino jocuri gratis,ro,77,100,,,jocuri casino online gratis,2026-05-24 11:21:42,Sitelinks,100,33000,36000,2016-04-15,"Informational,Branded,Non-local",Romanian,,,Casino games
532,pariuri sportive casa pariurilor,ro,34,100,1.90,1.12,casa pariurilor,2026-06-02 01:57:45,Sitelinks,200,329000,362000,2015-09-04,"Informational,Navigational,Commercial,Transactional,Branded,Non-local",Romanian,"53, 38, 31, 23, 64, 51, 51, 64, 74, 48, 131, 299, 198, 124, 169, 144, 62, 65, 52, 67, 68, 94, 59, 118","76, 60, 70, 90, 116, 113, 87, 130, 118, 96, 85, 117, 76",Sports betting; Sports
533,bwtano,ro,8,100,1.60,,betano,2026-05-28 11:15:50,Sitelinks,3500,471000,476000,2017-12-23,"Informational,Navigational,Commercial,Transactional,Branded,Non-local",,"104, 75, 92, 96, 119, 110, 128, 108, 119, 126, 100, 94, 70, 92, 77, 97, 89, 108, 134, 118, 123, 112, 86, 102",102,Sports betting; Sports
534,cazinouri online gratis,ro,78,100,2.00,,jocuri casino online gratis,2026-05-28 03:51:13,Sitelinks,150,12000,13000,2015-11-30,"Informational,Commercial,Non-branded,Non-local",Romanian,"76, 92, 81, 88, 99, 98, 83, 82, 72, 84, 98, 138, 80, 97, 85, 92, 105, 104, 88, 86, 76, 89, 103, 145","84, 102, 89, 97, 110, 109, 92, 91, 79, 93, 108, 152, 88",Lottery
535,jocuri de noroc romania,ro,82,100,2.50,0.91,cazinouri online,2026-06-28 16:10:54,Sitelinks,250,68000,73000,2015-09-10,"Informational,Commercial,Non-branded,Non-local",Romanian,"71, 56, 33, 43, 80, 66, 47, 47, 64, 77, 64, 95, 81, 108, 96, 101, 80, 128, 167, 134, 135, 135, 136, 136","137, 137, 137, 138, 138, 139, 139, 139, 140, 140, 141",Gambling
536,betano logo,ro,9,100,0.30,,betano.com,2026-06-11 20:43:48,,5600,2500,320000,2017-05-04,"Informational,Branded,Non-local",English,,,Gambling
537,casino bonus online,ro,81,100,3.50,,rotiri gratuite fara depunere,2026-06-06 22:51:23,,4900,168000,172000,2020-01-13,"Informational,Commercial,Transactional,Non-branded,Non-local",English,"90, 30, 88, 141, 193, 52, 53, 53, 37, 53, 60, 56, 65, 118, 222, 167, 160, 88, 99, 95, 102, 99, 103, 102","107, 93, 150, 127, 153, 43, 79, 77, 79, 88, 87, 88, 94",Gambling
538,aplicatie betano,ro,43,100,3.50,1.15,betano app,2026-06-12 15:37:03,,150,1100,1200,2016-11-13,"Informational,Transactional,Branded,Non-local",Romanian,"577, 391, 400, 934, 685, 1013, 1026, 709, 64, 83, 66, 65, 62, 105, 98, 97, 121, 104, 111, 101, 86, 85, 91, 88","101, 77, 70, 87, 82, 93, 89, 81, 69, 68, 72, 69, 79",Sports betting; Add-ons
539,cod promotie 888 casino,ro,59,100,1.10,,cod promotie 888 casino,2026-06-11 08:26:25,"Sitelinks,Video preview",150,50,50,2020-12-08,"Informational,Commercial,Transactional,Branded,Non-local",Romanian,"204, 207, 138, 257, 261, 255, 324, 320, 260, 262, 252, 171, 206, 152, 118, 55, 116, 84, 88, 92, 97, 117, 89, 91","102, 85, 80, 85, 96, 104, 113, 106, 100, 103, 100, 84, 94",Gambling
540,casapariurilor bonus,ro,54,100,2.50,,casa pariurilor bonus de bun venit,2026-06-16 10:51:45,Sitelinks,150,1400,1400,2015-12-09,"Informational,Commercial,Branded,Non-local",Romanian,"37, 53, 39, 40, 45, 41, 44, 36, 36, 39, 61, 47, 41, 100, 88, 112, 112, 145, 141, 133, 112, 94, 111, 78",95,Sports betting
541,gambling casinos online,ro,88,100,10.00,,online gambling,2026-05-24 04:13:00,,500,450,40000,2020-05-07,"Informational,Commercial,Transactional,Non-branded,Non-local",English,"1, 3, 4, 28, 0, 3, 12, 93, 35, 24, 69, 105, 124, 356, 174, 114, 67, 71, 78, 66, 48, 44, 21, 5",21,Gambling
542,pacanele online cu cardul,ro,66,100,6.00,,pacanele online cu cardul,2026-06-28 09:21:24,Sitelinks,150,70,90,2018-10-09,"Informational,Commercial,Transactional,Non-branded,Non-local",Romanian,"75, 31, 45, 46, 56, 77, 148, 158, 97, 141, 76, 97, 96, 223, 236, 119, 76, 77, 91, 99, 92, 93, 91, 91","87, 85, 94, 78, 94, 91, 100, 108, 101, 102, 101, 100, 96",Lottery
543,jocuri cazinouri,ro,82,100,3.00,,casa pariurilor casino,2026-06-13 02:23:22,,150,37000,40000,2016-03-07,"Informational,Commercial,Transactional,Non-branded,Non-local",Romanian,"84, 91, 87, 90, 91, 166, 212, 307, 99, 101, 91, 95, 89, 114, 122, 125, 145, 131, 121, 142, 106, 114, 110, 113","109, 106, 105, 103, 105, 115, 130, 143, 106, 114, 110, 114, 109",Lottery
544,pacanele betano,ro,69,100,2.50,,pacanele gratis,2026-06-08 03:36:18,Sitelinks,150,34000,35000,2019-09-26,"Informational,Navigational,Branded,Non-local",Romanian,"146, 229, 181, 122, 142, 129, 124, 95, 72, 74, 83, 67, 87, 108, 73, 111, 128, 55, 149, 195, 103, 96, 126, 72",98,Gambling
545,site-uri casino,ro,80,100,7.00,,cazinouri online,2026-05-29 16:04:37,,100,89000,94000,2020-03-30,"Informational,Commercial,Transactional,Non-branded,Non-local",Romanian,"23, 32, 30, 68, 20, 56, 44, 61, 37, 79, 46, 90, 64, 100, 89, 81, 103, 110, 163, 199, 125, 75, 80, 83",80,Gambling
546,cazinouri online romania cu bonus fara depunere,ro,77,100,4.00,,rotiri gratuite fara depunere,2026-05-28 14:19:19,,100,184000,188000,2021-10-25,"Informational,Commercial,Transactional,Non-branded,Non-local",Romanian,"11, 17, 19, 5, 42, 88, 48, 49, 31, 62, 2, 35, 26, 93, 90, 117, 155, 102, 121, 70, 72, 87, 100, 143",111,Gambling
547,bonus 888,ro,65,100,2.50,,oferte casino,2026-06-02 21:58:15,Sitelinks,11000,5000,5100,2015-09-03,"Informational,Commercial,Branded,Non-local",English,"47, 34, 25, 26, 52, 51, 43, 54, 98, 152, 129, 89, 62, 144, 155, 211, 101, 64, 68, 75, 77, 84, 81, 72","69, 72, 72, 76, 74, 76, 74, 80, 82, 89, 85, 77, 74",Gambling
548,cazinouri jocuri gratis,ro,81,100,0.45,,jocuri casino online gratis,2026-06-20 17:29:55,Sitelinks,150,2500,2600,2020-01-12,"Informational,Non-branded,Non-local",Romanian,"28, 28, 40, 29, 27, 28, 39, 38, 39, 61, 77, 61, 50, 82, 86, 211, 155, 114, 115, 119, 125, 134, 130, 129","125, 128, 128, 136, 134, 120, 119, 122, 128, 137, 133, 132, 128",Lottery
549,agentii betano bucuresti,ro,28,100,1.70,,agentii betano bucuresti,2026-06-02 07:15:46,Knowledge panel,100,100,100,2020-01-10,"Informational,Branded,Local",Romanian,"79, 63, 77, 64, 67, 90, 102, 111, 117, 122, 122, 140, 85, 100, 105, 158, 154, 117, 137, 190, 109, 112, 78, 58",84,Sports betting; Business
550,casa pariurilor logare,ro,1,100,1.30,1.34,casa pariurilor,2026-05-27 13:00:18,Sitelinks,200,328000,360000,2015-09-21,"Navigational,Branded,Non-local",Romanian,,,Sports betting
551,aplicatii jocuri de noroc,ro,79,100,3.00,,netbet,2026-06-04 22:56:52,,150,177000,180000,2019-10-08,"Informational,Commercial,Transactional,Non-branded,Non-local",Romanian,"26, 58, 33, 59, 42, 42, 33, 44, 56, 55, 88, 83, 87, 103, 110, 108, 125, 96, 103, 104, 83, 95, 94, 72","74, 68, 51, 50, 64, 80, 59, 63, 48, 59, 60, 39, 43",Lottery; Add-ons
552,jocuri slot online,ro,79,100,9.00,1.36,pacanele gratis,2026-06-04 06:42:04,,200,30000,33000,2015-09-11,"Informational,Commercial,Transactional,Non-branded,Non-local",Romanian,"73, 57, 58, 43, 42, 33, 59, 60, 113, 136, 121, 103, 86, 210, 235, 204, 78, 58, 77, 85, 81, 97, 89, 85","78, 86, 92, 88, 77, 77, 88, 96, 92, 108, 100, 95, 88",Lottery
553,cazinouri romania bonus fara depunere,ro,76,100,3.00,,bonus fara depunere,2026-05-21 13:28:31,,100,138000,142000,2021-09-06,"Informational,Commercial,Non-branded,Non-local",Romanian,"15, 20, 44, 28, 36, 45, 50, 47, 54, 18, 8, 13, 12, 117, 108, 136, 139, 111, 83, 72, 108, 91, 90, 78",88,Gambling
554,gaming casino online,ro,86,100,10.00,,gameworld,2026-05-21 20:37:21,,1600,23000,23000,2020-01-13,"Informational,Commercial,Transactional,Non-branded,Non-local",English,"1, 5, 5, 24, 9, 3, 10, 93, 49, 29, 55, 130, 120, 300, 169, 132, 135, 105, 114, 104, 96, 13, 14, 13",13,Lottery
555,promotii betano,ro,29,100,2.00,,betano,2026-06-02 21:38:35,Sitelinks,200,471000,476000,2016-10-09,"Informational,Commercial,Branded,Non-local",Romanian,"199, 167, 113, 43, 69, 70, 52, 54, 104, 166, 107, 102, 89, 145, 92, 144, 118, 105, 136, 124, 113, 140, 138, 125","139, 124, 105, 111, 127, 121, 143, 131, 121, 148, 146, 133, 147",Sports betting
556,jocuri slot casino,ro,80,100,,,păcănele,2026-06-18 23:00:39,,150,6500,7000,2015-09-04,"Informational,Commercial,Transactional,Non-branded,Non-local",Romanian,"35, 48, 61, 68, 77, 66, 52, 40, 67, 94, 122, 121, 96, 105, 97, 207, 112, 77, 69, 69, 70, 91, 89, 87","77, 81, 81, 90, 84, 82, 74, 70, 71, 92, 90, 88, 78",Lottery
557,casino app,ro,78,100,8.00,,slotomania,2026-06-04 23:05:31,,23000,800,25000,2020-01-09,"Informational,Commercial,Non-branded,Non-local",English,,,Casino games
558,joc slot,ro,74,100,0.70,,jocuri casino online gratis,2026-06-22 03:09:39,,150,2500,2600,2015-11-28,"Informational,Non-branded,Non-local",Romanian,"0, 4, 9, 15, 2, 22, 13, 4, 8, 4, 12, 9, 4, 99, 118, 128, 128, 98, 115, 293, 121, 73, 76, 56",70,Lottery
559,cel mai bun joc de pacanele online,ro,56,100,,,casino online romania,2026-05-23 03:19:56,,150,83000,88000,2021-05-05,"Informational,Commercial,Transactional,Non-branded,Non-local",Romanian,"42, 46, 71, 69, 54, 82, 74, 85, 89, 79, 55, 73, 58, 106, 85, 119, 131, 123, 131, 159, 100, 80, 68, 93",81,Lottery
560,betano inregistrare,ro,22,100,3.00,,betano,2026-05-27 07:27:24,Sitelinks,150,470000,475000,2018-03-16,"Informational,Commercial,Transactional,Branded,Non-local",Romanian,"155, 83, 103, 103, 108, 111, 112, 92, 158, 124, 123, 102, 83, 99, 79, 88, 113, 100, 128, 107, 129, 95, 112, 125","114, 117, 88, 93, 91, 125, 129, 109, 132, 97, 114, 128, 116",Sports betting
561,online casino sites,ro,90,100,6.00,,casinos online,2026-06-26 02:37:19,Sitelinks,14000,1200,193000,2017-04-11,"Informational,Commercial,Non-branded,Non-local",English,,,Gambling
562,kasza,ro,26,100,,0.54,casa pariurilor,2026-06-01 11:22:33,"AI Overview,Thumbnail,Image pack",11000,329000,362000,2015-09-11,"Informational,Non-branded,Non-local",Polish,,,Pasta
563,cel mai bun casino online forum,ro,61,100,,,recenzii casino,2026-06-16 17:32:42,Sitelinks,100,300,300,2019-01-17,"Informational,Commercial,Non-branded,Non-local",Romanian,"154, 190, 267, 273, 224, 271, 348, 444, 279, 228, 67, 36, 28, 52, 72, 99, 112, 150, 153, 164, 36, 83, 124, 115",108,Gambling; Communities
564,betano agentii,ro,34,90,1.40,,agentii betano bucuresti,2026-06-27 07:48:42,,100,150,150,2016-08-31,"Informational,Branded,Non-local",Romanian,,,Gambling
565,oferta casino,ro,75,90,5.00,,casa pariurilor bonus fara depunere,2026-06-12 04:13:10,,250,900,1000,2020-01-10,"Informational,Commercial,Non-branded,Non-local",Romanian,,,Gambling
566,casino online las vegas,ro,86,90,1.50,,las vegas.ro,2026-05-22 13:35:28,Video preview,700,18000,21000,2020-02-09,"Informational,Commercial,Non-branded,Local",English,,,Casino games; Gambling
567,casa cazinou,ro,17,90,1.00,,casa pariurilor casino,2026-05-23 16:22:31,"Sitelinks,Bottom ads,Paid sitelinks",100,39000,42000,2018-01-28,"Informational,Navigational,Transactional,Branded,Non-local",Romanian,"62, 51, 62, 96, 63, 78, 99, 72, 44, 113, 245, 238, 171, 174, 61, 60, 68, 50, 76, 64, 56, 61, 88, 101",84,Gambling
568,betano jocuri,ro,56,90,1.10,,betano casino,2026-05-23 12:54:45,Sitelinks,100,20000,21000,2018-06-22,"Informational,Commercial,Transactional,Branded,Non-local",Romanian,"80, 77, 90, 60, 138, 162, 241, 250, 194, 89, 31, 154, 38, 48, 71, 63, 171, 85, 99, 108, 87, 124, 106, 99",111,Lottery
569,888sport ro,ro,61,90,1.80,,888sport,2026-06-02 12:28:09,,350,13000,13000,2016-10-18,"Informational,Navigational,Commercial,Branded,Non-local",,"13, 10, 13, 14, 38, 44, 39, 23, 18, 48, 51, 42, 53, 64, 94, 83, 154, 79, 106, 100, 97, 97, 81, 80","85, 80, 94, 101, 122, 105, 115, 110, 107, 107, 90, 89, 94",Sports betting; Sports
570,betano.romania,ro,16,90,,,betano,2026-05-28 18:07:15,Sitelinks,300,471000,476000,2018-05-08,"Navigational,Transactional,Branded,Non-local",,"16, 74, 73, 82, 75, 102, 73, 89, 30, 14, 39, 49, 7, 10, 18, 49, 45, 28, 169, 212, 305, 85, 84, 96",90,Sports betting; Sports
571,mrbit ro,ro,19,90,1.60,,casino online romania,2026-06-15 07:59:39,Sitelinks,200,9500,13000,2021-07-16,"Informational,Navigational,Commercial,Transactional,Branded,Non-local",,"63, 92, 120, 98, 114, 98, 48, 43, 9, 29, 60, 62, 90, 124, 202, 94, 125, 3, 33, 14, 43, 113, 192, 89",132,Sports betting
572,jocuri de casino,ro,83,90,2.00,,casa pariurilor casino,2026-06-06 12:59:25,,150,39000,42000,2015-09-11,"Informational,Commercial,Non-branded,Non-local",Romanian,"72, 91, 73, 44, 73, 95, 116, 42, 40, 42, 60, 101, 148, 97, 78, 65, 90, 64, 96, 96, 90, 93, 89, 113","121, 92, 96, 92, 92, 88, 94, 96, 90, 93, 89",Gambling
573,casa pariuri sportive,ro,60,90,1.60,,casa pariurilor,2026-06-04 19:13:45,Sitelinks,100,330000,362000,2015-09-04,"Informational,Navigational,Commercial,Transactional,Branded,Non-local",Romanian,"380, 244, 258, 373, 313, 269, 79, 147, 308, 308, 167, 252, 48, 75, 79, 105, 107, 82, 124, 113, 79, 103, 65, 110","105, 69, 152, 94, 109, 50, 112, 101, 64, 89, 53, 98, 94",Sports betting; Sports
574,shells casino,ro,34,90,4.50,,shell casino,2026-06-18 05:17:10,Sitelinks,100,20,20,2022-01-26,"Informational,Navigational,Commercial,Transactional,Branded,Non-local",English,"5, 0, 358, 133, 0, 3, 13, 23, 63, 119, 6, 11, 57, 117, 95, 68, 95, 40, 261, 77, 105, 129, 72, 15",67,Gambling
575,jocuri casa pariurilor,ro,37,90,0.60,,casa pariurilor casino,2026-05-23 09:37:11,Sitelinks,100,39000,42000,2015-11-13,"Informational,Navigational,Commercial,Transactional,Branded,Non-local",Romanian,"115, 114, 200, 92, 47, 64, 65, 98, 75, 106, 31, 76, 35, 63, 62, 77, 122, 87, 171, 75, 85, 104, 102, 103",104,Sports betting
576,casino gratis online,ro,78,90,1.50,,jocuri casino online gratis,2026-06-10 20:19:46,,4600,30000,32000,2017-03-06,"Informational,Commercial,Non-branded,Non-local",Romanian,"40, 26, 43, 19, 13, 13, 34, 60, 18, 26, 13, 18, 6, 78, 81, 64, 95, 84, 128, 146, 118, 84, 105, 109",100,Lottery
577,oferte cazino,ro,73,90,4.50,,bonus fara depunere,2026-05-26 03:07:30,,100,144000,148000,2019-06-12,"Informational,Commercial,Non-branded,Non-local",Romanian,"99, 79, 100, 92, 90, 92, 91, 100, 93, 95, 94, 97, 100, 96, 90, 91, 89, 91, 91, 99, 93, 94, 94, 96","100, 96, 90, 91, 89, 91, 91, 99, 93, 94, 94, 96",Gambling
578,mr bit romania,ro,0,90,1.20,,mrbit,2026-06-07 08:16:11,Sitelinks,200,39000,41000,2020-11-18,"Informational,Commercial,Branded,Non-local",English,"164, 243, 172, 141, 132, 87, 121, 92, 71, 63, 49, 57, 66, 121, 127, 141, 132, 87, 121, 92, 71, 63, 49, 57","66, 121, 127, 141, 132, 87, 121, 92, 71, 63, 49, 57, 66",Gambling
579,casa pa,ro,2,90,1.40,1.03,casa pariurilor,2026-06-26 00:27:16,"Sitelinks,Local pack",350,347000,379000,2015-09-04,"Informational,Navigational,Commercial,Transactional,Branded,Local",Romanian,"126, 128, 158, 160, 104, 85, 86, 106, 81, 129, 156, 128, 81, 104, 81, 83, 83, 84, 85, 84, 89, 116, 106, 93","67, 96, 76, 74, 105, 86, 62, 76, 82, 108, 98, 85, 59",Sports betting
580,sloturi pacanele,ro,79,90,3.00,,pacanele,2026-06-21 19:04:33,,100,12000,13000,2017-03-22,"Informational,Commercial,Transactional,Non-branded,Non-local",Romanian,"32, 40, 33, 40, 40, 41, 85, 80, 67, 59, 49, 50, 49, 97, 88, 94, 104, 102, 96, 104, 83, 77, 69, 84","75, 93, 79, 91, 81, 79, 69, 74, 70, 70, 69, 70, 68",Lottery
581,betano live score,ro,37,90,0.70,,betano live,2026-06-16 13:21:47,Sitelinks,100,7500,8200,2018-10-27,"Informational,Navigational,Branded,Non-local",English,"100, 144, 127, 20, 13, 20, 141, 247, 200, 20, 4, 104, 21, 85, 118, 149, 202, 111, 207, 102, 29, 27, 27, 22",26,Sports betting; Statistics
582,joc casino online,ro,83,90,4.50,,casino online romania,2026-05-21 00:04:58,,100,88000,92000,2018-05-03,"Informational,Commercial,Transactional,Non-branded,Non-local",Romanian,"3, 2, 4, 0, 2, 2, 8, 13, 10, 10, 13, 7, 7, 71, 79, 91, 79, 88, 111, 139, 110, 90, 104, 105",102,Gambling
583,vetano,ro,61,90,1.60,,betano live,2026-06-24 06:49:18,,5000,7900,8700,2019-08-02,"Informational,Navigational,Commercial,Transactional,Branded,Non-local",,"69, 85, 88, 69, 86, 70, 109, 97, 78, 83, 84, 96, 62, 78, 78, 83, 78, 81, 116, 98, 83, 105, 74, 79",87,Sports betting; Sports
584,robetano,ro,0,90,0.90,,betano,2026-05-22 23:22:48,Sitelinks,100,472000,477000,2016-07-05,"Informational,Navigational,Commercial,Branded,Non-local",Romanian,,,Sports betting
585,login betano,ro,47,90,0.35,,betano,2026-05-23 08:41:52,Sitelinks,3400,472000,477000,2021-03-29,"Navigational,Transactional,Branded,Non-local",English,"122, 41, 36, 32, 14, 5, 30, 54, 24, 66, 18, 70, 62, 71, 42, 24, 23, 19, 60, 276, 135, 102, 145, 134",128,Sports betting
586,unbet,ro,16,90,,0.9,unibet,2026-05-23 09:31:04,"Sitelinks,Video preview",3700,130000,135000,2015-10-09,"Informational,Navigational,Commercial,Branded,Non-local",,"57, 46, 50, 49, 44, 93, 58, 65, 87, 75, 50, 76, 51, 82, 83, 81, 92, 88, 116, 97, 86, 69, 86, 38",58,Sports betting
587,casa pariurilor. ro,ro,16,80,0.50,,casa pariurilor,2026-05-26 00:41:58,Sitelinks,200,328000,360000,2015-10-15,"Navigational,Transactional,Branded,Non-local",Romanian,"57, 89, 113, 92, 69, 60, 235, 46, 24, 43, 67, 36, 11, 23, 71, 45, 45, 44, 168, 145, 63, 58, 95, 160",105,Sports betting
588,descarca casa pariurilor,ro,42,80,1.80,,casa pariurilor apk,2026-05-27 23:18:36,,90,1700,1900,2016-10-03,"Informational,Transactional,Branded,Non-local",Romanian,"61, 53, 64, 803, 36, 36, 121, 776, 40, 103, 89, 53, 18, 65, 59, 59, 93, 51, 119, 125, 98, 80, 110, 60",84,Sports betting
589,lasvegas.ro rotiri gratuite,ro,51,80,,,lasvegas,2026-06-28 14:09:12,Sitelinks,80,24000,26000,2021-12-12,"Informational,Commercial,Transactional,Branded,Non-local",Romanian,"81, 101, 97, 84, 108, 107, 184, 74, 58, 56, 54, 41, 38, 69, 107, 100, 108, 74, 82, 79, 57, 65, 63, 79",70,Gambling
590,cod bonus mr bit,ro,40,80,1.30,,mr bit rotiri gratuite,2026-05-22 11:41:47,Sitelinks,150,1100,1100,2021-12-09,"Informational,Commercial,Transactional,Branded,Non-local",Romanian,"28, 37, 65, 38, 52, 55, 86, 76, 71, 64, 68, 78, 60, 116, 57, 60, 72, 95, 109, 71, 108, 104, 80, 70",85,Sports betting
591,888casino contact,ro,62,80,1.40,,888 casino contact,2026-06-25 13:34:03,,250,500,500,2020-01-11,"Informational,Branded,Non-local",English,"43, 43, 56, 48, 65, 69, 48, 59, 114, 69, 48, 57, 56, 76, 50, 50, 99, 137, 175, 100, 42, 36, 49, 45",44,Gambling; Business
592,beyano,ro,59,80,1.60,,betano live,2026-06-15 14:16:41,,2700,7400,8100,2017-03-26,"Informational,Navigational,Commercial,Transactional,Branded,Non-local",,"65, 60, 48, 54, 65, 78, 91, 79, 67, 72, 69, 68, 46, 67, 68, 75, 73, 69, 114, 80, 80, 82, 74, 68",76,Sports betting
593,casa pariurilor aplicatie online,ro,24,80,1.00,,casa pariurilor,2026-06-21 23:16:44,Sitelinks,80,346000,379000,2017-10-17,"Informational,Transactional,Branded,Non-local",Romanian,"118, 110, 204, 66, 99, 127, 94, 93, 85, 86, 100, 88, 63, 142, 119, 190, 112, 64, 92, 34, 29, 36, 50, 47",46,Sports betting
594,btano,ro,36,80,1.60,,betano,2026-06-25 11:27:15,Sitelinks,2700,467000,470000,2017-02-28,"Informational,Navigational,Non-branded,Non-local",,"44, 34, 37, 43, 30, 40, 68, 75, 91, 69, 85, 53, 36, 57, 59, 65, 83, 83, 96, 85, 89, 69, 80, 86",79,Add-ons; Social networks
595,betanoo,ro,3,80,0.60,,betano,2026-06-04 03:33:37,"Sitelinks,Video preview",1600,471000,476000,2016-09-28,"Navigational,Transactional,Branded,Non-local",,"54, 78, 54, 59, 73, 65, 58, 90, 73, 86, 77, 59, 59, 48, 59, 50, 61, 67, 136, 126, 89, 116, 77, 83",93,Sports betting; Sports
596,betano cont,ro,66,80,1.00,,betano casino,2026-06-15 02:17:03,,100,27000,28000,2017-02-26,"Informational,Transactional,Branded,Non-local",Romanian,"291, 147, 230, 147, 233, 171, 86, 47, 44, 53, 84, 67, 42, 98, 83, 86, 86, 70, 128, 102, 88, 68, 53, 65",63,Sports betting; General reference
597,betano live chat,ro,37,80,0.70,,contact betano,2026-06-04 06:04:11,,700,80,90,2016-11-06,"Informational,Branded,Non-local",English,"247, 152, 91, 104, 107, 116, 135, 125, 160, 115, 84, 103, 52, 76, 70, 83, 66, 61, 106, 106, 86, 99, 77, 77",85,Sports betting; Instant messaging
598,casino in romania,ro,79,80,8.00,,cazinouri online,2026-06-04 21:07:15,Local pack,150,94000,98000,2016-12-17,"Informational,Commercial,Non-branded,Local",English,"25, 18, 15, 20, 16, 15, 20, 28, 20, 17, 24, 31, 20, 122, 119, 106, 118, 86, 101, 89, 75, 81, 36, 24",48,Gambling; Business
599,betano casino live,ro,60,80,0.80,,casino live,2026-06-25 17:56:54,Sitelinks,150,300,300,2020-06-16,"Informational,Navigational,Transactional,Branded,Non-local",English,"34, 23, 22, 11, 29, 45, 46, 42, 47, 4, 9, 4, 7, 55, 45, 69, 55, 72, 115, 122, 107, 156, 95, 72",108,Gambling
600,cazinouri gratis,ro,75,80,1.30,,jocuri pacanele gratis 77777,2026-06-07 12:04:30,Sitelinks,90,18000,19000,2016-04-07,"Informational,Commercial,Non-branded,Non-local",Romanian,"0, 0, 0, 0, 0, 0, 25, 37, 26, 35, 19, 19, 10, 83, 95, 83, 101, 99, 142, 113, 57, 71, 43, 24",47,Lottery
601,betano cont nou,ro,42,80,3.00,,betano bonus,2026-05-24 11:08:57,Video preview,100,1300,1400,2018-09-03,"Informational,Commercial,Transactional,Branded,Non-local",Romanian,"71, 65, 62, 68, 75, 94, 84, 85, 82, 80, 80, 74, 71, 65, 62, 68, 75, 94, 84, 85, 82, 80, 80, 74","71, 65, 62, 68, 75, 94, 84, 85, 82, 80, 80, 74, 71",Sports betting
602,cazino gratis,ro,78,80,1.00,,jocuri casino online gratis,2026-05-30 01:53:31,Sitelinks,400,12000,13000,2015-10-31,"Informational,Branded,Non-local",Romanian,"71, 70, 74, 76, 86, 74, 76, 78, 77, 76, 76, 78, 79, 77, 81, 83, 93, 81, 84, 86, 84, 84, 84, 86","86, 85, 88, 91, 100, 89, 91, 93, 92, 91, 91, 93, 93",Lottery
603,betano logare,ro,56,80,0.45,,betano,2026-06-12 01:24:51,Sitelinks,100,470000,475000,2018-01-04,"Navigational,Branded,Non-local",Romanian,"283, 167, 272, 264, 162, 185, 235, 210, 169, 140, 178, 185, 95, 102, 102, 81, 73, 44, 111, 102, 64, 75, 79, 67",75,Sports betting
604,sali de jocuri,ro,53,80,0.70,,nv casino,2026-06-19 20:28:38,Local pack,90,38000,39000,2015-12-11,"Informational,Commercial,Non-branded,Local",Romanian,"58, 63, 90, 80, 62, 80, 77, 87, 106, 65, 47, 57, 64, 69, 48, 56, 96, 68, 74, 81, 78, 123, 107, 86",106,Lottery; Business
605,mr bit pariuri sportive,ro,41,80,1.20,,case pariuri online,2026-06-07 12:25:15,Sitelinks,100,1700,2400,2022-11-21,"Informational,Commercial,Branded,Non-local",Romanian,,,Sports betting
606,888 live,ro,78,80,1.60,,888 casino,2026-05-24 07:28:05,Video preview,97000,97000,100000,2017-06-15,"Informational,Branded,Non-local",English,"62, 51, 46, 28, 35, 34, 33, 41, 29, 39, 30, 38, 23, 147, 148, 99, 114, 56, 75, 93, 55, 56, 39, 52",50,Online video; Casino games; Sharing
607,casa pariurior,ro,18,80,0.60,1.15,casa pariurilor,2026-05-26 16:55:34,"Sitelinks,Local pack",90,328000,360000,2015-09-07,"Navigational,Commercial,Transactional,Branded,Local",Romanian,"40, 39, 30, 42, 21, 40, 34, 33, 47, 37, 29, 97, 41, 100, 93, 139, 98, 90, 114, 133, 80, 48, 48, 25",37,Sports betting; Sports
608,betano wikipedia,ro,51,80,1.20,,betano,2026-05-20 22:47:48,Sitelinks,250,20000,21000,2016-05-21,"Informational,Branded,Non-local",Romanian,"804, 441, 257, 233, 217, 236, 174, 221, 189, 151, 142, 173, 187, 227, 86, 74, 47, 45, 61, 49, 45, 32, 30, 37",30,Sports betting; Encyclopedias
609,casapariurlor,ro,16,80,0.60,0.97,casa pariurilor,2026-05-26 06:37:32,"Sitelinks,Local pack",80,328000,360000,2015-10-21,"Informational,Navigational,Commercial,Branded,Non-local",Romanian,"61, 67, 70, 80, 85, 88, 107, 95, 88, 78, 74, 66, 61, 67, 70, 80, 85, 88, 107, 95, 88, 78, 74, 66","61, 67, 70, 80, 85, 88, 107, 95, 88, 78, 74",Sports betting
610,sport888,ro,49,80,1.30,,888sport,2026-06-05 19:59:15,Sitelinks,6800,13000,13000,2015-11-21,"Informational,Navigational,Commercial,Branded,Non-local",,"130, 90, 71, 82, 86, 84, 76, 87, 66, 78, 131, 115, 103, 98, 105, 89, 62, 51, 74, 79, 68, 76, 78, 64",74,Sports betting
611,jocuri virtuale,ro,54,80,0.60,1.18,casa pariurilor casino,2026-05-27 19:04:34,,100,36000,39000,2015-09-10,"Informational,Non-branded,Non-local",Romanian,"73, 99, 125, 72, 95, 94, 94, 64, 68, 74, 82, 89, 48, 93, 67, 57, 76, 82, 81, 93, 86, 101, 94, 85","68, 74, 72, 63, 78, 94, 110, 92, 85, 100, 93",Browser games
612,betono,ro,0,80,0.60,,betano,2026-05-22 08:28:36,"Sitelinks,Video preview",800,472000,477000,2016-06-02,"Informational,Commercial,Branded,Non-local",Romanian,,,Sports betting
613,betanp,ro,61,80,2.00,,betano live,2026-06-21 21:17:22,,4900,7800,8600,2016-06-09,"Informational,Navigational,Commercial,Branded,Non-local",,"116, 93, 86, 94, 98, 106, 131, 112, 108, 109, 102, 113, 90, 93, 76, 83, 79, 80, 88, 78, 79, 74, 65, 62","67, 53, 45, 79, 83, 82, 88, 77, 79, 74, 65, 62, 67",Sports betting; Sports
614,casinouri online noi,ro,79,70,,,cazinouri online,2026-06-18 12:07:02,,70,53000,58000,2022-12-16,"Informational,Commercial,Non-branded,Non-local",Romanian,,,Gambling
615,unibet demo,ro,64,70,1.50,,cazinouri online,2026-06-03 20:13:52,Sitelinks,150,94000,98000,2018-03-17,"Informational,Commercial,Branded,Non-local",English,"114, 97, 105, 147, 142, 111, 104, 71, 60, 22, 72, 47, 48, 71, 116, 64, 67, 32, 138, 145, 47, 22, 44, 42",31,Gambling
616,casa pariurilor fara depunere,ro,52,70,2.50,,bonus casino,2026-06-08 12:34:34,Sitelinks,80,3400,3500,2022-01-18,"Informational,Commercial,Transactional,Branded,Non-local",Romanian,"21, 30, 59, 89, 71, 131, 256, 286, 109, 164, 189, 96, 41, 74, 26, 44, 49, 42, 94, 115, 105, 86, 62, 86",79,Sports betting
617,888 app,ro,81,70,,,casino 888,2026-06-18 03:14:53,People also ask,2000,450,450,2015-10-20,"Informational,Commercial,Transactional,Branded,Non-local",,,,Casino games; Gambling
618,casa batraneasca case ieftine de vanzare,ro,7,70,,,casa pariurilor,2026-06-01 19:21:34,"Sitelinks,Videos",90,329000,362000,2022-07-13,"Informational,Commercial,Branded,Non-local",Romanian,"125, 105, 112, 105, 121, 143, 145, 359, 243, 278, 240, 195, 102, 129, 107, 87, 65, 50, 47, 56, 63, 61, 34, 43",47,TV shows; Romance
619,jocuri online aparate,ro,76,70,1.60,1.52,pacanele gratis,2026-05-29 13:04:40,,150,34000,37000,2015-09-15,"Informational,Non-branded,Non-local",Romanian,"19, 20, 26, 68, 25, 132, 31, 32, 101, 55, 39, 74, 32, 99, 119, 52, 38, 37, 40, 77, 104, 112, 51, 54","48, 62, 71, 63, 62, 72, 75, 77, 74, 73, 62, 58, 48",Lottery
620,casino vegas online,ro,87,70,1.90,,las vegas.ro,2026-05-27 02:46:12,,2300,18000,20000,2020-01-13,"Informational,Commercial,Transactional,Non-branded,Non-local",English,"4, 5, 5, 56, 6, 13, 16, 93, 60, 29, 67, 83, 137, 320, 184, 55, 1, 3, 0, 2, 1, 1, 34, 63",34,Gambling
621,joc sloturi,ro,76,70,0.70,,jocsloturi,2026-06-05 06:32:34,,100,150,150,2016-05-24,"Informational,Non-branded,Non-local",Romanian,"55, 54, 55, 63, 78, 72, 82, 78, 77, 85, 69, 61, 55, 54, 55, 63, 77, 72, 82, 78, 77, 85, 69, 61","55, 54, 55, 63, 77, 72, 82, 78, 77, 85, 69, 61, 55",Gambling
622,joc cu aparate,ro,78,70,0.30,,pacanele gratis,2026-05-30 10:22:24,Sitelinks,70,67000,72000,2015-09-01,"Informational,Commercial,Transactional,Non-branded,Non-local",Romanian,"70, 74, 86, 104, 78, 84, 109, 110, 49, 43, 36, 35, 32, 31, 44, 32, 76, 59, 78, 147, 85, 44, 112, 111",90,Lottery
623,jocuri sloturi gratis,ro,76,70,1.20,,jocuri pacanele gratis,2026-06-23 11:32:58,,90,3000,3200,2015-11-19,"Informational,Non-branded,Non-local",Romanian,"63, 67, 55, 52, 50, 55, 70, 77, 69, 76, 69, 76, 69, 66, 63, 63, 60, 65, 80, 86, 79, 85, 79, 86","79, 76, 73, 72, 69, 74, 89, 96, 89, 95, 88, 96, 89",Lottery
624,ro.betano.com,ro,12,70,1.10,,betano,2026-05-28 09:22:46,Sitelinks,90,470000,475000,2016-11-01,"Navigational,Transactional,Branded,Non-local",,"55, 36, 63, 47, 19, 18, 59, 28, 56, 49, 44, 37, 43, 32, 58, 117, 70, 55, 161, 109, 105, 63, 35, 44",42,Sports betting
625,jocuri pariuri,ro,83,70,3.50,,casa pariurilor casino,2026-05-22 05:32:27,,80,40000,44000,2015-09-07,"Informational,Commercial,Transactional,Non-branded,Non-local",Romanian,"22, 28, 21, 20, 23, 19, 36, 34, 23, 29, 19, 20, 10, 82, 98, 78, 98, 120, 93, 100, 71, 79, 28, 23",44,Sports betting
626,pariurilor,ro,65,70,4.00,0.69,casa pariurilor,2026-06-11 12:14:31,"Sitelinks,Local pack",80,333000,365000,2015-10-01,"Informational,Commercial,Branded,Non-local",Romanian,"89, 82, 77, 82, 64, 71, 133, 72, 84, 103, 76, 68, 46, 57, 79, 61, 71, 72, 75, 67, 90, 77, 80, 61",73,Sports betting
627,beta.o,ro,75,70,,,betano,2026-06-17 03:48:59,Sitelinks,800,467000,471000,2020-08-01,"Navigational,Transactional,Branded,Non-local",,"93, 89, 81, 79, 80, 89, 111, 88, 74, 88, 67, 84, 71, 85, 82, 88, 63, 50, 83, 66, 69, 52, 56, 65",59,Sports betting
628,betano pacanele,ro,60,70,1.10,,pacanele gratis,2026-06-09 16:11:59,Sitelinks,80,33000,35000,2020-01-10,"Informational,Navigational,Branded,Non-local",Romanian,"13, 16, 9, 25, 13, 22, 24, 23, 55, 17, 63, 20, 2, 67, 40, 29, 42, 30, 118, 116, 53, 41, 92, 224",122,Gambling
629,bet in casino,ro,81,70,,,getsbet casino,2026-06-28 08:33:48,"People also ask,Video preview",500,1100,1200,2020-01-16,"Informational,Commercial,Transactional,Non-branded,Non-local",English,"0, 0, 1, 16, 1, 1, 9, 86, 32, 17, 58, 121, 119, 333, 229, 83, 2, 2, 1, 1, 1, 7, 11, 8",9,Gambling
630,betano vegas,ro,63,70,0.80,,betano.com login,2026-06-27 13:25:00,,600,100,100,2019-01-18,"Informational,Commercial,Transactional,Branded,Non-local",,"17, 35, 36, 52, 31, 37, 77, 55, 119, 64, 55, 102, 98, 76, 66, 85, 112, 37, 51, 44, 38, 28, 118, 28",59,Lottery
631,game online casino,ro,85,70,3.00,,gameworld,2026-06-06 07:47:02,People also ask,1900,27000,27000,2020-01-29,"Informational,Commercial,Non-branded,Non-local",English,,,Gambling
632,betano. casino,ro,60,70,,,betano casino,2026-05-27 03:25:15,Sitelinks,100,20000,21000,2022-02-13,"Navigational,Transactional,Branded,Non-local",,"38, 45, 62, 54, 42, 54, 51, 82, 56, 63, 65, 74, 42, 78, 86, 65, 73, 64, 109, 129, 72, 37, 58, 71",49,Gambling
633,casino online slot,ro,87,70,5.00,,cazinouri online,2026-06-06 03:49:13,,4200,98000,103000,2020-01-11,"Informational,Commercial,Transactional,Non-branded,Non-local",English,"25, 24, 14, 32, 17, 12, 15, 65, 44, 31, 64, 117, 116, 341, 142, 61, 21, 17, 14, 16, 16, 13, 24, 14",18,Lottery
634,cazinou gratis,ro,79,70,0.45,,pacanele gratis,2026-06-14 18:25:40,Sitelinks,80,16000,17000,2017-11-21,"Informational,Branded,Non-local",Romanian,,,Gambling
635,pacanele online pe telefon,ro,68,70,,,pacanele gratis,2026-05-29 12:54:50,Sitelinks,80,4400,4500,2019-01-17,"Informational,Non-branded,Non-local",Romanian,"3, 0, 6, 13, 15, 16, 14, 11, 7, 3, 2, 1, 3, 85, 83, 80, 79, 81, 75, 72, 71, 74, 82, 83",81,Lottery
636,mister bet,ro,61,70,,,mrbit,2026-06-07 06:48:11,,3100,39000,41000,2020-01-29,"Informational,Commercial,Branded,Non-local",,,,Sports betting
637,las vegas pacanele,ro,62,70,1.40,,lasvegas,2026-06-19 01:10:03,Sitelinks,100,24000,29000,2021-02-18,"Informational,Commercial,Transactional,Non-branded,Non-local",Romanian,"108, 142, 204, 239, 141, 116, 182, 225, 224, 156, 55, 27, 40, 58, 50, 54, 87, 144, 93, 87, 95, 69, 51, 47",56,Lottery
638,winner .ro,ro,71,60,0.80,,winner,2026-05-22 19:37:50,Sitelinks,100,68000,69000,2015-11-12,"Informational,Navigational,Commercial,Transactional,Branded,Non-local",,"34, 34, 35, 35, 43, 45, 42, 44, 35, 38, 36, 35, 42, 39, 47, 58, 65, 72, 73, 68, 61, 79, 72, 34","78, 65, 56, 72, 72, 71, 297, 107, 74, 130, 71, 79, 86",Sports betting
639,descarca betano,ro,4,60,2.50,,betano ro,2026-05-28 00:12:05,Video preview,60,3700,4300,2018-08-28,"Informational,Transactional,Branded,Non-local",Romanian,"44, 30, 32, 47, 65, 86, 57, 38, 28, 49, 60, 71, 71, 45, 34, 57, 38, 82, 86, 106, 83, 51, 28, 34",39,Sports betting; Add-ons
640,casa betano,ro,24,60,,,betano,2026-05-25 15:24:52,Sitelinks,250,470000,476000,2021-07-12,"Informational,Navigational,Commercial,Branded,Non-local",Romanian,"65, 74, 64, 69, 57, 34, 70, 58, 26, 75, 63, 82, 43, 62, 63, 52, 58, 62, 71, 59, 60, 65, 52, 43",54,Sports betting
641,casa pariurilot,ro,22,60,0.60,0.88,casa pariurilor,2026-05-29 22:10:28,"Sitelinks,Knowledge panel",70,329000,362000,2015-09-11,"Informational,Navigational,Commercial,Transactional,Branded,Non-local",Romanian,"80, 62, 62, 50, 60, 60, 58, 54, 63, 71, 72, 70, 43, 75, 51, 64, 65, 55, 76, 69, 43, 61, 53, 55",57,Sports betting
642,888 online casino,ro,89,60,4.00,,888 casino,2026-06-05 14:41:28,Sitelinks,4600,79000,84000,2020-01-10,"Informational,Navigational,Commercial,Transactional,Branded,Non-local",English,"27, 17, 9, 8, 3, 14, 14, 113, 40, 24, 67, 79, 67, 167, 145, 60, 14, 18, 28, 24, 11, 42, 53, 54",51,Gambling
643,casino sau cazino,ro,52,60,1.80,,cazinou,2026-05-23 19:43:26,Sitelinks,60,200,200,2015-09-02,"Informational,Non-branded,Non-local",Romanian,,,Gambling
644,mrbeast casino,ro,56,60,,,mrbit,2026-05-23 23:48:02,"Video preview,Bottom ads,Paid sitelinks",1700,38000,39000,2021-09-24,"Informational,Commercial,Branded,Non-local",English,"95, 66, 31, 18, 41, 88, 49, 40, 26, 22, 8, 28, 5, 18, 28, 17, 58, 47, 100, 133, 142, 109, 6, 6",41,Sports betting
645,betano craiova,ro,2,60,0.80,,betano craiova,2026-06-06 12:32:07,Video preview,60,20,20,2017-12-12,"Informational,Commercial,Branded,Local",Romanian,,,Sports betting
646,jocuri cu bani reali fara depunere,ro,61,60,2.00,,bani gratis,2026-05-26 09:11:08,Sitelinks,90,2500,2600,2015-11-22,"Informational,Commercial,Transactional,Non-branded,Non-local",Romanian,"45, 39, 41, 52, 90, 96, 75, 83, 59, 64, 62, 55, 43, 38, 40, 51, 88, 93, 73, 81, 57, 62, 60, 53","42, 37, 39, 49, 85, 90, 71, 78, 55, 60, 59, 51, 41",Sports betting
647,888 contact,ro,53,60,0.90,,888 casino contact,2026-05-23 00:30:06,,150,200,200,2017-02-14,"Informational,Branded,Non-local",English,"93, 110, 113, 97, 110, 51, 73, 67, 73, 102, 116, 137, 66, 91, 60, 48, 86, 56, 57, 63, 60, 53, 55, 43",51,Sports betting; Business
648,casa pariurilor games,ro,45,60,0.70,,casa pariurilor casino,2026-06-01 08:11:00,Sitelinks,70,39000,42000,2020-03-21,"Informational,Commercial,Branded,Non-local",Romanian,,,Gambling
649,betano betano,ro,54,60,,,betano,2026-05-23 21:19:34,Sitelinks,11000,472000,477000,2021-03-01,"Informational,Navigational,Commercial,Branded,Non-local",Romanian,,,Sports betting
650,betano.ri,ro,20,60,3.50,,betano,2026-06-05 06:45:54,Sitelinks,70,471000,476000,2017-04-04,"Navigational,Branded,Non-local",Romanian,,,Sports betting
651,www casa pariurilor ro,ro,0,60,0.60,,casa pariurilor,2026-05-26 00:16:11,Sitelinks,70,328000,360000,2016-05-27,"Navigational,Transactional,Branded,Non-local",Romanian,"41, 36, 32, 31, 33, 31, 31, 31, 28, 35, 37, 34, 39, 68, 70, 94, 71, 70, 97, 53, 37, 39, 46, 32",40,Sports betting
652,broker casino,ro,74,60,1.80,,cazinouri online,2026-06-24 18:07:18,,90,29000,30000,2019-03-29,"Informational,Commercial,Transactional,Branded,Non-local",English,"127, 8, 14, 54, 51, 50, 52, 49, 53, 42, 37, 37, 59, 59, 49, 62, 62, 61, 63, 60, 64, 53, 48, 48","70, 70, 60, 72, 73, 72, 74, 71, 75, 64, 59, 59, 80",Gambling
653,bettano,ro,4,60,1.60,1.1,betano,2026-06-01 17:27:18,"Sitelinks,Video preview",2000,471000,476000,2016-10-06,"Informational,Navigational,Commercial,Branded,Non-local",Romanian,,,Sports betting
654,casino gambling online,ro,85,60,10.00,,superbet casino,2026-06-10 01:19:18,People also ask,3000,15000,18000,2020-01-13,"Informational,Commercial,Transactional,Non-branded,Non-local",English,"7, 14, 7, 8, 13, 7, 20, 78, 9, 3, 4, 10, 79, 321, 239, 61, 6, 4, 5, 13, 3, 6, 2, 3",5,Gambling
655,betao,ro,8,60,1.80,0.27,betano,2026-05-29 07:48:36,"Top ads,Sitelinks,Bottom ads,Paid sitelinks",535000,471000,476000,2016-11-15,"Informational,Navigational,Commercial,Branded,Non-local",,"80, 67, 67, 44, 69, 79, 89, 71, 86, 77, 83, 79, 44, 67, 38, 58, 59, 63, 84, 82, 76, 77, 56, 52",63,Sports betting; Sports
656,las vegas casino.ro,ro,59,60,1.80,,lasvegas,2026-06-08 00:53:29,Sitelinks,200,23000,27000,2021-07-11,"Informational,Navigational,Commercial,Transactional,Non-branded,Local",Romanian,"24, 25, 47, 14, 14, 57, 66, 6, 19, 76, 101, 29, 19, 29, 44, 46, 58, 62, 67, 64, 60, 63, 41, 114",74,Gambling
657,casa pariurilor.o,ro,36,60,1.60,,casa pariurilor,2026-05-29 18:43:48,"Sitelinks,Local pack",60,329000,362000,2022-12-06,"Informational,Navigational,Commercial,Branded,Non-local",Romanian,,,Sports betting
658,promotie betano,ro,40,60,1.70,,betano,2026-06-02 05:49:50,Sitelinks,60,471000,476000,2016-10-19,"Informational,Commercial,Transactional,Branded,Non-local",Romanian,"26, 21, 24, 22, 24, 30, 30, 22, 25, 34, 30, 34, 14, 47, 41, 43, 53, 76, 86, 75, 113, 71, 49, 58",60,Sports betting
659,mr bit ro,ro,20,60,0.60,,mrbit,2026-06-05 20:48:49,Sitelinks,150,38000,40000,2021-07-18,"Informational,Commercial,Branded,Non-local",Romanian,"0, 3, 1, 5, 4, 14, 4, 20, 12, 7, 6, 13, 45, 40, 145, 15, 12, 3, 42, 98, 67, 43, 104, 91",80,Technology
660,casaparourilor,ro,18,60,,,casa pariurilor,2026-06-07 22:07:22,"Sitelinks,Local pack",60,330000,362000,2016-03-09,"Informational,Commercial,Branded,Non-local",Romanian,"47, 41, 30, 40, 31, 41, 48, 32, 38, 54, 61, 53, 30, 49, 41, 43, 94, 48, 66, 59, 51, 67, 63, 43",58,Sports betting
661,casino.online romania,ro,83,60,8.00,,cazinouri online,2026-06-27 02:28:23,,80,68000,73000,2021-04-15,"Informational,Commercial,Transactional,Branded,Non-local",,"19, 34, 33, 39, 46, 34, 51, 77, 71, 44, 26, 36, 21, 126, 116, 64, 51, 63, 57, 46, 48, 53, 53, 58",56,Gambling
662,brtano,ro,3,60,1.60,,betano,2026-06-03 06:07:44,"Sitelinks,Video preview",5300,471000,476000,2016-05-23,"Informational,Navigational,Commercial,Branded,Non-local",Romanian,"98, 66, 82, 88, 77, 84, 99, 99, 87, 83, 81, 89, 72, 71, 55, 67, 51, 58, 74, 62, 72, 55, 53, 52","58, 39, 33, 43, 72, 66, 52, 51, 61, 44, 43, 41, 48",Sports betting; Sports
663,casino ro gratis,ro,79,60,,,jocuri casino online gratis,2026-05-23 07:21:01,,60,37000,40000,2022-12-27,"Informational,Branded,Non-local",Romanian,"11, 5, 9, 16, 3, 1, 6, 100, 44, 25, 62, 52, 64, 320, 181, 12, 8, 7, 14, 13, 12, 44, 9, 4",18,Lottery
664,betnao,ro,2,60,1.60,,betano,2026-06-07 04:54:38,"Sitelinks,Video preview",7300,471000,476000,2017-03-06,"Informational,Navigational,Commercial,Transactional,Branded,Non-local",,"68, 45, 50, 51, 51, 57, 56, 58, 61, 57, 56, 60, 50, 54, 35, 56, 65, 59, 70, 66, 68, 61, 57, 54","59, 56, 49, 61, 64, 67, 66, 62, 65, 58, 54, 51, 56",Sports betting; Sports
665,betano slots,ro,61,60,1.20,,betano casino,2026-06-12 11:07:03,Sitelinks,21000,26000,27000,2018-12-11,"Informational,Commercial,Branded,Non-local",English,,,Casino games
666,"betano,ro",ro,63,60,,,betano,2026-06-14 19:26:28,"Top ads,Sitelinks",80,469000,473000,2016-06-20,"Navigational,Branded,Non-local",Romanian,,,Sports betting
667,unibetro,ro,20,60,1.20,,unibet,2026-06-10 02:29:47,Sitelinks,100,126000,131000,2015-12-10,"Informational,Commercial,Branded,Non-local",Romanian,"5, 12, 34, 32, 18, 34, 99, 54, 25, 34, 30, 34, 50, 36, 79, 26, 122, 138, 78, 47, 46, 30, 44, 13",27,Sports betting
668,bonus 888casino,ro,65,60,,,888 casino,2026-06-28 15:06:11,Sitelinks,500,74000,78000,2020-01-09,"Informational,Commercial,Branded,Non-local",English,,,Gambling
669,jocuri de păcănele,ro,76,60,0.80,,pacanele gratis,2026-06-16 15:18:45,,70,49000,54000,2016-09-21,"Informational,Non-branded,Non-local",Romanian,"68, 56, 53, 77, 91, 89, 75, 76, 73, 62, 52, 53, 56, 45, 42, 66, 80, 78, 64, 65, 62, 52, 42, 43","46, 35, 33, 57, 71, 69, 55, 57, 54, 43, 33, 35, 38",Casual games
670,casino vegas,ro,79,60,2.50,,lasvegas,2026-06-22 03:30:57,"Local pack,Video preview",15000,24000,26000,2015-12-22,"Informational,Commercial,Transactional,Non-branded,Local",English,,,Lottery; Business; Tourist destinations
671,joc gratis casino,ro,81,60,1.10,,jocuri pacanele gratis 77777,2026-06-09 06:21:20,Sitelinks,60,19000,20000,2021-05-20,"Informational,Non-branded,Non-local",Romanian,"0, 0, 0, 52, 0, 1, 8, 110, 26, 29, 69, 114, 101, 312, 174, 51, 2, 4, 3, 1, 7, 6, 12, 14",12,Casino games
672,jocuri sloturi gratuite,ro,74,60,0.35,,casino gratis,2026-06-07 20:43:13,Sitelinks,70,2300,2400,2016-04-15,"Informational,Non-branded,Non-local",Romanian,"7, 4, 9, 4, 14, 15, 20, 18, 11, 2, 3, 6, 0, 58, 57, 56, 55, 80, 88, 81, 50, 50, 73, 67",64,Gambling
673,casapariurilor ro,ro,0,60,1.20,,casa pariurilor,2026-06-26 16:41:48,Sitelinks,70,347000,379000,2015-09-09,"Navigational,Transactional,Branded,Non-local",Romanian,"45, 63, 53, 48, 44, 21, 31, 30, 103, 35, 28, 29, 27, 47, 49, 30, 30, 62, 203, 60, 55, 58, 50, 53",55,Sports betting; Sports
674,www.las vegas.ro,ro,62,60,,,lasvegas,2026-06-28 01:56:59,Sitelinks,90,24000,26000,2023-06-28,"Navigational,Transactional,Non-branded,Non-local",,"57, 199, 137, 302, 383, 218, 283, 69, 40, 115, 145, 179, 70, 47, 50, 136, 85, 85, 69, 67, 40, 44, 26, 38",37,Lottery
675,jocuri sloturi online gratis,ro,76,50,,,sloturi gratis,2026-05-28 20:11:36,,70,900,1000,2016-08-02,"Informational,Non-branded,Non-local",Romanian,"44, 43, 42, 42, 42, 40, 48, 47, 43, 50, 51, 45, 46, 46, 44, 45, 44, 43, 51, 49, 46, 53, 54, 48","49, 49, 47, 47, 47, 46, 54, 52, 48, 55, 56, 51, 52",Lottery
676,logare casa pariurilor,ro,1,50,2.50,,casa pariurilor,2026-05-28 04:01:30,Sitelinks,50,328000,360000,2015-09-30,"Navigational,Branded,Non-local",Romanian,"136, 94, 101, 133, 121, 72, 46, 55, 73, 74, 77, 69, 31, 25, 40, 51, 58, 50, 42, 45, 50, 47, 42, 46","47, 44, 41, 43, 42, 42, 49, 43, 49, 45, 41, 46",Sports betting
677,betano com romania,ro,54,50,,,betano casino,2026-06-28 02:32:08,,60,33000,34000,2022-07-31,"Navigational,Commercial,Transactional,Branded,Non-local",,"1, 3, 3, 59, 1, 0, 8, 98, 45, 24, 109, 115, 85, 309, 176, 49, 1, 2, 0, 0, 0, 0, 0, 0",1,Sports betting; Sports
678,las vegas jocuri,ro,58,50,1.00,,lasvegas,2026-06-28 03:15:38,Sitelinks,70,24000,26000,2016-05-17,"Informational,Commercial,Transactional,Non-branded,Non-local",Romanian,"15, 16, 16, 27, 15, 22, 30, 48, 37, 44, 54, 49, 60, 32, 40, 45, 58, 61, 54, 61, 55, 42, 43, 57",48,Lottery
679,aparate slot,ro,77,50,2.00,,aparate pacanele slots,2026-06-10 08:31:21,Sitelinks,80,1500,1600,2015-12-31,"Informational,Commercial,Branded,Non-local",Romanian,"47, 47, 45, 44, 51, 53, 47, 50, 52, 54, 50, 50, 51, 51, 49, 49, 55, 57, 51, 54, 56, 58, 54, 54","55, 55, 53, 53, 59, 61, 55, 58, 60, 62, 58, 58, 59",Lottery
680,unib,ro,42,50,1.60,0.35,unibet,2026-06-08 21:13:43,Sitelinks,6800,126000,131000,2015-09-10,"Informational,Commercial,Branded,Non-local",Romanian,"43, 61, 53, 54, 54, 53, 49, 65, 55, 55, 42, 60, 45, 78, 53, 51, 60, 49, 44, 39, 43, 43, 46, 44","54, 62, 60, 57, 57, 55, 38, 38, 41, 42, 45, 42, 52",Sports betting
681,pariuri sportive betano,ro,0,50,0.70,,betano,2026-05-21 17:44:48,"Sitelinks,Top stories,Thumbnail",60,472000,477000,2019-03-31,"Informational,Navigational,Commercial,Transactional,Branded,Non-local",Romanian,"18, 20, 12, 14, 12, 17, 42, 19, 19, 8, 21, 27, 39, 73, 72, 78, 42, 46, 44, 49, 37, 39, 41, 38",40,Sports betting
682,romanian online casino,ro,79,50,11.00,,cazinouri online,2026-06-11 19:30:19,Top ads,250,34000,35000,2016-05-09,"Informational,Commercial,Transactional,Non-branded,Non-local",English,"4, 7, 11, 4, 4, 4, 9, 10, 7, 14, 7, 7, 10, 44, 41, 48, 50, 46, 43, 46, 46, 59, 66, 43",57,Gambling
683,casa pariurilir,ro,18,50,,1,casa pariurilor,2026-05-22 23:36:10,Sitelinks,50,328000,360000,2015-11-04,"Informational,Navigational,Commercial,Transactional,Branded,Non-local",Romanian,"56, 45, 32, 43, 42, 46, 50, 39, 37, 49, 48, 47, 41, 41, 48, 45, 30, 38, 42, 63, 46, 40, 66, 38",49,Sports betting
684,site-uri pacanele,ro,82,50,6.00,,cazinouri online,2026-06-06 14:39:07,,70,98000,103000,2016-11-16,"Informational,Commercial,Non-branded,Non-local",Romanian,,,Gambling
685,all slots.ro,ro,62,50,4.00,,all slots,2026-05-22 02:09:50,Video preview,50,500,500,2022-07-30,"Navigational,Commercial,Transactional,Branded,Non-local",,"74, 41, 39, 62, 78, 80, 107, 83, 31, 51, 23, 30, 14, 6, 0, 8, 31, 26, 58, 84, 131, 132, 35, 20",55,Gambling
686,siteuri casino,ro,81,50,7.00,,cazinouri online,2026-06-07 06:40:37,,70,99000,104000,2021-11-16,"Informational,Commercial,Non-branded,Non-local",Romanian,"50, 51, 52, 51, 52, 53, 59, 54, 52, 52, 52, 49, 47, 48, 48, 47, 49, 49, 55, 51, 48, 48, 48, 46","43, 44, 45, 44, 45, 46, 52, 48, 45, 45, 45, 43",Gambling
687,betano mobil,ro,0,50,1.70,,betano,2026-06-26 04:52:04,Sitelinks,80,467000,470000,2016-08-28,"Informational,Commercial,Transactional,Branded,Non-local",Romanian,"114, 70, 88, 53, 67, 41, 17, 39, 86, 9, 3, 1, 115, 70, 88, 53, 67, 41, 17, 40, 86, 10, 3, 1","115, 70, 88, 53, 67, 41, 17, 40, 86, 10, 3, 1, 115",Sports betting; Add-ons
688,betano.eo,ro,0,50,,,betano,2026-05-21 04:17:53,"Top ads,Sitelinks",70,472000,477000,2017-05-22,"Navigational,Transactional,Branded,Non-local",,"47, 48, 57, 43, 44, 51, 52, 60, 55, 56, 66, 60, 54, 62, 40, 56, 36, 68, 47, 62, 69, 60, 46, 46",52,Sports betting
689,casa pariuriloe,ro,36,50,0.60,0.95,casa pariurilor,2026-06-02 13:42:46,"Sitelinks,Local pack",60,329000,362000,2015-10-02,"Informational,Navigational,Commercial,Branded,Local",Romanian,"88, 53, 48, 46, 47, 36, 104, 34, 38, 53, 45, 69, 47, 54, 40, 50, 61, 27, 60, 53, 55, 56, 61, 57",59,Sports betting; Sports
690,free spins no deposit romania,ro,66,50,3.00,,cazinouri internationale cu bonus fara depunere,2026-06-14 17:45:46,,60,800,800,2015-11-23,"Informational,Commercial,Non-branded,Local",English,,,Gambling
691,cazino free,ro,77,50,0.80,,jocuri casino online gratis,2026-05-24 00:10:13,,250,33000,36000,2019-03-12,"Informational,Branded,Non-local",Romanian,"27, 87, 47, 74, 65, 58, 68, 56, 49, 88, 93, 58, 21, 13, 21, 44, 75, 58, 82, 77, 69, 61, 64, 30",53,Lottery
692,romanian online casinos,ro,73,50,11.00,,netbet,2026-06-06 05:23:41,,250,177000,180000,2020-12-11,"Informational,Commercial,Transactional,Non-branded,Non-local",English,"2, 0, 3, 0, 1, 1, 5, 0, 2, 5, 2, 4, 4, 76, 70, 78, 85, 55, 45, 40, 36, 40, 39, 37",40,Gambling
693,betano casa de pariuri,ro,28,50,,,betano,2026-05-29 15:19:36,Sitelinks,50,471000,476000,2018-12-22,"Informational,Navigational,Commercial,Branded,Non-local",Romanian,"0, 0, 0, 0, 1, 4, 2, 1, 4, 9, 5, 9, 3, 49, 52, 46, 44, 48, 53, 51, 47, 54, 70, 60",62,Sports betting; Sports
694,casino .ro,ro,84,50,,,casino online,2026-05-29 06:31:00,,70,84000,88000,2022-06-06,"Informational,Commercial,Non-branded,Non-local",Romanian,,,Casino games; Gambling
695,autentificare betano,ro,0,50,2.00,,betano,2026-05-21 21:16:12,"Sitelinks,Video preview",60,472000,477000,2016-09-26,"Informational,Navigational,Transactional,Branded,Non-local",Romanian,"239, 189, 174, 160, 93, 132, 147, 135, 103, 186, 80, 68, 22, 49, 46, 40, 35, 22, 44, 33, 39, 39, 131, 100",91,Sports betting
696,casa pariurilor logare cont,ro,0,50,0.80,,casa pariurilor,2026-05-27 21:36:30,Sitelinks,60,328000,360000,2016-01-18,"Navigational,Transactional,Branded,Non-local",Romanian,"1, 441, 60, 4, 3, 2, 9, 65, 38, 88, 45, 34, 26, 71, 56, 80, 81, 96, 76, 35, 21, 33, 27, 27",30,Sports betting
697,betano românia,ro,3,50,1.00,,betano,2026-05-22 19:53:23,Sitelinks,250,472000,477000,2021-05-12,"Informational,Navigational,Commercial,Branded,Non-local",Romanian,"53, 20, 30, 39, 25, 26, 42, 49, 75, 86, 68, 223, 87, 95, 102, 107, 39, 44, 28, 76, 18, 5, 9, 6",7,Sports betting; Sports
698,unibet casino sloturi & jocuri,ro,71,50,,,casino online romania,2026-06-10 01:33:19,Sitelinks,60,70000,76000,2022-11-13,"Informational,Navigational,Commercial,Branded,Non-local",Romanian,,,Casino games
699,cazinoz,ro,72,50,2.50,,cazinoz,2026-06-18 23:45:41,Sitelinks,250,70,70,2020-01-14,"Informational,Navigational,Commercial,Branded,Non-local",Romanian,"98, 151, 112, 146, 118, 110, 228, 255, 118, 77, 75, 73, 30, 44, 50, 61, 59, 77, 119, 71, 35, 33, 23, 18",26,Gambling
700,casa pariurilor aplicație,ro,32,50,,,casa pariurilor apk,2026-05-29 08:04:17,,50,1700,1900,2017-11-16,"Informational,Navigational,Commercial,Transactional,Branded,Non-local",Romanian,,,Sports betting
701,new online casino,ro,89,50,2.00,,new online casinos,2026-06-22 01:38:34,,34000,60,11000,2016-09-11,"Informational,Commercial,Transactional,Non-branded,Non-local",English,"122, 146, 122, 89, 54, 92, 111, 90, 35, 55, 90, 103, 99, 61, 46, 70, 31, 25, 50, 61, 62, 58, 41, 34",45,Gambling
702,rotiri gratuite casa pariurilor,ro,42,50,4.50,,400 rotiri gratuite fara depunere,2026-06-05 03:20:28,,70,200,200,2018-06-16,"Informational,Commercial,Branded,Non-local",Romanian,"148, 121, 123, 122, 109, 103, 94, 103, 110, 97, 80, 69, 48, 49, 55, 43, 41, 39, 36, 49, 60, 50, 37, 28","10, 14, 23, 13, 14, 13, 12, 26, 39, 31, 19, 12",Gambling
703,betano oferte,ro,44,50,1.60,,betano,2026-05-21 05:38:07,Sitelinks,60,472000,477000,2017-01-28,"Informational,Commercial,Branded,Non-local",Romanian,"84, 58, 48, 41, 69, 101, 107, 72, 63, 38, 31, 34, 30, 35, 41, 43, 46, 86, 85, 90, 53, 34, 54, 51",47,Sports betting
