#,Keyword,Country,Difficulty,Volume,CPC,CPS,Parent Keyword,Last Update,SERP Features,Global volume,Traffic potential,Global traffic potential,First seen,Intents,Languages,SV trend (06-2024 - 05-2026),SV Forecasting trend (06-2026 - 06-2027),Category
1,superbet,ro,44,1670000,0.70,1.09,superbet,2026-06-21 11:58:47,"Sitelinks,Video preview",13260000,1580000,1680000,2015-09-01,"Informational,Navigational,Commercial,Transactional,Branded,Non-local",,"2059707, 1984765, 2073830, 2225970, 2029385, 1797720, 1937939, 1896620, 1803274, 1841835, 1636977, 1501428, 1220374, 1318310, 1552632, 1719418, 1778289, 1718650, 1907674, 1940211, 1813096, 1781355, 1740057, 1526858","1428312, 1506200, 1669719, 1733513, 1797635, 1713605, 1795379, 1682402, 1811780, 1780169, 1738994, 1526002, 1427579",Sports betting; Sports
2,betano,ro,31,499000,1.00,1.11,betano,2026-06-21 04:18:48,Sitelinks,35060000,467000,471000,2016-02-03,"Informational,Branded,Non-local",,"771149, 659512, 695801, 718769, 607535, 573182, 718931, 641522, 602800, 597240, 550897, 515891, 414899, 410605, 435141, 486951, 476338, 469228, 651254, 580558, 525240, 526786, 521295, 489632","510917, 469954, 457733, 473477, 513138, 506826, 599253, 524100, 527979, 509532, 504387, 472618, 494178",Sports betting
3,casa pariurilor,ro,64,304000,1.30,1.14,casa pariurilor,2026-06-21 16:59:41,"Sitelinks,Knowledge panel,Video preview",338000,346000,379000,2015-09-01,"Informational,Commercial,Branded,Non-local",Romanian,"329056, 280463, 300145, 321102, 312850, 321461, 347478, 310515, 272629, 305319, 334484, 367577, 282296, 267308, 299168, 307659, 289794, 250918, 312808, 261572, 350855, 332544, 322360, 291008","255329, 257577, 298486, 322395, 323159, 307415, 326388, 307099, 332429, 315345, 305942, 276415",Sports betting
4,netbet,ro,72,129000,0.50,1.12,netbet,2026-06-21 06:11:43,Sitelinks,494000,147000,150000,2015-09-01,"Informational,Navigational,Commercial,Branded,Non-local",Romanian,"167047, 172931, 169944, 157413, 133704, 127588, 153892, 141784, 111111, 106249, 142035, 157552, 137174, 100147, 105387, 111506, 122027, 128179, 169440, 120980, 131187, 127394, 137909, 126646","123686, 115363, 115774, 113962, 119402, 128645, 186842, 130812, 130445, 126816, 137408, 126277",Sports betting
5,unibet,ro,61,121000,0.15,1.06,unibet,2026-06-21 04:15:54,"Sitelinks,Video preview",1500000,128000,133000,2015-09-01,"Navigational,Transactional,Branded,Non-local",,"216964, 181414, 163616, 157986, 160220, 143576, 194566, 159840, 158844, 153372, 133224, 138934, 104371, 116576, 129273, 129254, 123571, 120333, 129851, 111214, 127568, 123622, 125612, 115051","117266, 109640, 117976, 117027, 119447, 120551, 136150, 123551, 125203, 121774, 124099, 113935, 116351",Sports betting
6,casino online,ro,82,55000,3.00,1.17,cazinouri online,2026-06-28 15:50:06,,989000,29000,30000,2015-09-03,"Informational,Commercial,Transactional,Non-branded,Non-local",English,"14514, 15852, 16514, 16591, 16676, 16074, 20409, 31687, 64117, 70998, 47994, 42904, 37163, 51260, 70868, 62951, 59443, 58492, 56248, 56109, 55846, 54274, 49063, 47443","45203, 44696, 43773, 40859, 39167, 38104, 37180, 37222, 37971, 36736, 32341, 31132, 29578",Gambling
7,888,ro,47,41000,0.70,0.92,888 casino,2026-06-27 22:08:43,"Top ads,Paid sitelinks,Sitelinks,Video preview",1670000,74000,78000,2015-09-02,"Informational,Navigational,Commercial,Transactional,Branded,Non-local",,"49407, 50370, 50427, 48156, 47011, 43116, 52704, 50548, 38264, 39237, 44013, 40578, 34787, 36385, 44915, 45273, 58221, 49127, 40458, 33038, 28514, 38771, 39813, 36863","35893, 35426, 35042, 35395, 36884, 37363, 41548, 40297, 37960, 37121, 38174, 35226, 34265",Gambling
8,meciuri azi,ro,59,39000,0.50,0.94,meciuri azi,2026-06-21 20:13:20,"Video preview,Image pack",54000,124000,134000,2015-09-01,"Informational,Non-branded,Non-local",Romanian,"111435, 64606, 35412, 37197, 42224, 40544, 30185, 32945, 39943, 47837, 40555, 36031, 37122, 34089, 42482, 39827, 45351, 45577, 34211, 34260, 43736, 39595, 38337, 35961","53247, 42663, 42635, 43118, 43048, 43641, 39041, 33655, 40252, 41435, 40176, 37800, 55087",Live sporting events; Sports news; Statistics
9,cazinouri online,ro,82,32000,3.00,1.21,casino online romania,2026-06-16 02:34:45,Video preview,37000,46000,51000,2015-09-09,"Informational,Commercial,Transactional,Non-branded,Non-local",Romanian,"8202, 9298, 9338, 9350, 9925, 8858, 11008, 19815, 59623, 25591, 28828, 27222, 21124, 24020, 34949, 34064, 32240, 32585, 33638, 34934, 39505, 36270, 36835, 37837","37770, 38120, 39762, 40159, 40773, 41118, 42171, 43467, 48037, 44803, 45368, 46370",Gambling
10,verificare bilet superbet,ro,64,29000,0.70,1.33,verificare bilet superbet,2026-06-27 12:35:45,"Sitelinks,Video preview",31000,69000,70000,2015-09-02,"Informational,Navigational,Transactional,Branded,Non-local",Romanian,"28282, 27084, 35514, 36347, 41796, 37513, 33391, 35458, 32913, 30078, 27284, 23621, 20447, 23697, 24982, 33495, 33733, 30383, 29931, 30977, 33820, 32576, 29318, 27628","23400, 25575, 31954, 33465, 33704, 30358, 29907, 30953, 33795, 32554, 29298, 27610, 23385",Sports betting
11,casino,ro,82,24000,2.50,0.56,betano casino,2026-06-23 06:26:14,"Top ads,Paid sitelinks,Bottom ads,Video preview",1800000,30000,31000,2015-09-01,"Informational,Commercial,Transactional,Non-branded,Non-local",English,"13242, 14121, 14547, 15652, 15064, 14489, 17878, 17390, 22400, 26891, 21842, 19044, 17612, 21603, 24691, 24980, 24700, 24702, 27010, 25313, 25947, 26117, 23838, 23989","24142, 25870, 26388, 26187, 25907, 25910, 28217, 26521, 27154, 27324, 25046, 25196, 25350",Gambling
12,fotbal azi,ro,61,22000,0.60,0.86,meciuri azi,2026-06-21 14:15:26,"Top stories,Thumbnail,Video preview",32000,123000,133000,2015-09-01,"Informational,Non-branded,Non-local",Romanian,"37295, 31501, 25227, 24363, 24816, 22663, 17827, 16299, 19853, 21835, 20221, 17528, 18982, 19520, 26413, 26587, 25564, 24056, 21224, 17045, 21921, 23732, 23106, 19769","25489, 25277, 28806, 28978, 27846, 26187, 23090, 18533, 23821, 25774, 25080, 21446, 27636",Sports news; Statistics
13,betano ro,ro,65,18000,1.10,,betano casino,2026-06-28 13:57:11,,23000,33000,34000,2016-04-26,"Informational,Navigational,Commercial,Transactional,Branded,Non-local",,"21937, 24494, 22440, 20007, 15976, 13288, 15509, 11031, 11252, 9319, 7802, 8783, 8098, 7709, 9161, 17005, 17434, 17853, 25936, 23663, 21812, 21665, 22028, 23258","23676, 24709, 23336, 23892, 24545, 25260, 27598, 24980, 23128, 22982, 23345, 24575, 24993",Sports betting
14,casa pariurilor casino,ro,59,14000,0.90,1.03,casa pariurilor,2026-06-17 09:16:32,,18000,347000,379000,2016-12-03,"Navigational,Commercial,Transactional,Branded,Non-local",Romanian,"14519, 11949, 11305, 14463, 13055, 12071, 16246, 13017, 11638, 14511, 16834, 17028, 14397, 14775, 14089, 14206, 14331, 14515, 16484, 14817, 14334, 13626, 13058, 12915","12719, 12441, 11724, 11985, 12053, 12337, 14282, 12688, 12201, 11548, 10989, 10890, 10710",Sports betting
15,ponturi pariuri,ro,61,13000,0.70,1.79,ponturi pariuri azi,2026-06-28 10:19:09,,16000,12000,13000,2015-09-01,"Informational,Commercial,Non-branded,Non-local",Romanian,"11215, 10666, 13863, 15165, 13575, 14499, 13387, 12665, 14448, 13186, 11410, 11326, 7436, 8691, 13482, 15177, 15320, 14891, 14317, 12921, 14999, 13627, 13286, 11385","9125, 9879, 12711, 14304, 14435, 14026, 13481, 12163, 14115, 12820, 12495, 10703, 8576",Sports betting; Sports
16,casa,ro,25,13000,0.04,0.76,casa pariurilor,2026-06-24 18:56:44,"Sitelinks,Video preview,Image pack",1380000,347000,379000,2015-09-01,"Informational,Non-branded,Non-local","Spanish,Italian,Portuguese","11490, 15135, 12712, 12980, 11932, 11091, 10910, 11642, 11049, 10963, 10589, 10642, 10455, 13981, 14767, 13502, 13127, 12698, 13225, 12434, 12135, 11905, 11869, 12301","11761, 12980, 14779, 13513, 13137, 12707, 13233, 12441, 12141, 11911, 11875, 12306, 11766",/Other
17,superbet verificare bilet,ro,57,13000,0.70,1.35,verificare bilet superbet,2026-06-17 18:24:40,"Sitelinks,Video preview,Image pack",14000,69000,70000,2015-09-01,"Informational,Transactional,Branded,Non-local",Romanian,"12521, 11903, 15688, 16425, 18502, 16495, 14922, 15723, 14522, 13725, 11934, 10181, 8944, 10035, 14755, 15012, 14962, 13688, 13177, 13568, 14955, 14769, 13414, 12335","10554, 11792, 14817, 15073, 15021, 13740, 13225, 13616, 15006, 14818, 13457, 12373, 10586",Sports betting
18,netbet casino,ro,66,11000,0.70,1.1,netbet.ro,2026-06-26 07:57:28,,48000,6300,6600,2015-09-09,"Informational,Navigational,Commercial,Transactional,Branded,Non-local",English,"8237, 8169, 9290, 6416, 9204, 12134, 21253, 11086, 9669, 8915, 10635, 7284, 8632, 8425, 9135, 7103, 9901, 12869, 21621, 12112, 10051, 9450, 10242, 8173","9449, 9342, 10322, 7631, 10633, 13804, 23454, 12797, 10934, 10187, 11570, 8585, 9994",Gambling
19,superbet oferta,ro,59,10000,1.10,1.18,superbet.ro,2026-06-28 09:57:50,Sitelinks,11000,66000,75000,2015-09-01,"Informational,Commercial,Branded,Non-local",Romanian,"7982, 8497, 10025, 11474, 11441, 11341, 10308, 9706, 11779, 10388, 9254, 8649, 8007, 8521, 10048, 11496, 11462, 11361, 10328, 9725, 11798, 10405, 9271, 8665","8023, 8536, 10062, 11510, 11476, 11374, 10340, 9737, 11809, 10416, 9282, 8675",Sports betting
20,pariuriplus,ro,47,10000,0.50,,pariuri plus,2026-06-27 20:22:16,Thumbnail,11000,300,300,2024-02-29,"Informational,Navigational,Commercial,Branded,Non-local",Romanian,"2359, 18940, 22189, 30847, 38692, 28609, 33069, 32555, 55347, 32900, 25781, 25018, 18707, 14099, 25084, 11984, 10187, 8659, 7360, 6256, 5317, 4520, 3842, 3400","3400, 3400, 3400, 3400, 3400, 3400, 3400, 3400, 3400, 3400, 3400, 3400, 3400",Sports betting
21,betfair,ro,74,10000,1.60,1.07,betfair,2026-06-27 12:26:32,Sitelinks,1660000,11000,11000,2015-09-01,"Informational,Commercial,Branded,Non-local",,"13211, 12334, 11647, 11906, 12116, 11695, 10781, 10813, 13402, 10601, 11674, 9927, 9255, 9878, 11183, 10838, 11288, 10090, 10732, 10279, 11236, 10211, 10516, 9176","10360, 9529, 11121, 10787, 11247, 10058, 10706, 10257, 11218, 10197, 10505, 9167",Sports betting
22,cazino,ro,82,8900,2.50,0.51,casino online romania,2026-06-17 14:43:16,Knowledge panel,26000,46000,51000,2015-09-02,"Informational,Commercial,Transactional,Branded,Non-local",Romanian,"5008, 5583, 5794, 5100, 5180, 5530, 6584, 7543, 10730, 11649, 8573, 8840, 7635, 8192, 10964, 8443, 7806, 7720, 8774, 8927, 10276, 10022, 9217, 8992","9182, 12130, 12861, 9883, 9119, 9001, 10209, 10368, 11912, 11597, 10647, 10369",Gambling
23,superbet.ro,ro,68,8800,1.30,1.11,superbet oferta,2026-06-20 17:33:40,Video preview,10000,57000,65000,2015-09-01,"Navigational,Branded,Non-local",,"7407, 7600, 8517, 10421, 9565, 8752, 8788, 9628, 9093, 9194, 9059, 7803, 7413, 7605, 8522, 10426, 9569, 8755, 8791, 9630, 9095, 9196, 9060, 7804","7414, 7606, 8523, 10426, 9569, 8756, 8791, 9630, 9095, 9196, 9060, 7804",Sports betting
24,cazino online,ro,82,8700,3.00,1.08,cazinouri online,2026-06-20 13:23:56,"Top ads,Paid sitelinks,Bottom ads,Video preview",12000,52000,57000,2015-09-02,"Commercial,Transactional,Non-branded,Non-local",Romanian,"4152, 4198, 4251, 4586, 4517, 4451, 5293, 6877, 9418, 11145, 7107, 7089, 5656, 7314, 7612, 9014, 9327, 9172, 10587, 9579, 9109, 10067, 8729, 8469","8100, 8538, 11123, 10002, 10715, 9855, 9514, 9844, 9310, 10244, 8851, 8564, 8172",Gambling
25,oferta superbet,ro,56,8600,1.10,1.04,superbet.ro,2026-06-27 18:37:58,"Sitelinks,Image pack",9400,66000,75000,2015-09-02,"Informational,Commercial,Branded,Non-local",Romanian,"6914, 6821, 8092, 8689, 8734, 8757, 8323, 8193, 9345, 8498, 7909, 7774, 7309, 7217, 8488, 9084, 9130, 9152, 8719, 8588, 9740, 8893, 8304, 8169","7705, 7612, 8883, 9480, 9525, 9547, 9114, 8984, 10135, 9289, 8700, 8565, 8100",Sports betting
26,oferta de azi la superbet,ro,47,8400,0.70,,superbet.ro,2026-06-27 15:47:09,"Sitelinks,AI Overview",8700,66000,75000,2020-07-17,"Informational,Commercial,Branded,Non-local",Romanian,"6795, 7088, 7643, 7860, 8640, 7429, 7302, 6940, 7326, 7578, 7643, 7966, 7686, 7826, 8518, 8638, 9509, 8238, 8173, 7774, 8204, 8434, 8530, 8842","8585, 8721, 9431, 9550, 10437, 9168, 9116, 8722, 9163, 9400, 9506, 9825, 9578",Sports betting
27,rez live,ro,49,8100,1.90,1.03,scoruri live,2026-06-26 05:47:06,Video preview,10000,28000,52000,2015-09-01,"Informational,Non-branded,Non-local",Romanian,"6405, 6249, 7485, 7162, 7389, 6958, 6948, 7709, 8578, 6890, 6892, 5699, 4245, 4664, 7940, 8174, 11945, 10423, 9846, 9102, 10493, 7084, 7688, 5928","3538, 4316, 7578, 7811, 11582, 10061, 9484, 8740, 10131, 6722, 7326, 5565",Statistics
28,meci azi,ro,61,8100,0.03,0.76,meciuri azi,2026-06-18 05:22:28,"Top stories,Thumbnail",8900,123000,132000,2015-09-04,"Informational,Non-branded,Non-local",Romanian,"17160, 13573, 7521, 7884, 9132, 8336, 4442, 5573, 6312, 10107, 8184, 7959, 8604, 8085, 10289, 7336, 9572, 9109, 7209, 5812, 7151, 7854, 7742, 8518","13360, 11057, 11329, 9706, 9214, 7818, 6050, 6234, 7668, 8418, 8295, 9123, 14303",Live sporting events; Soccer
29,unibet ro,ro,62,7600,0.20,1.03,unibet,2026-06-21 17:36:10,Sitelinks,14000,128000,132000,2015-09-02,"Informational,Navigational,Commercial,Transactional,Branded,Non-local",,"875, 12900, 16767, 12278, 1018, 2252, 2391, 1099, 10114, 7522, 8901, 7024, 8893, 9907, 9788, 9394, 4852, 5995, 8295, 5614, 7195, 7095, 7195, 7536","5808, 6968, 7960, 7665, 3263, 4396, 6717, 4054, 5564, 5553, 5670, 6073, 4340",Sports betting
30,jocuri cazino,ro,82,7400,2.00,1.27,cazinouri online,2026-06-28 10:28:33,,8400,12000,13000,2015-09-08,"Informational,Commercial,Transactional,Non-branded,Non-local",Romanian,"964, 945, 983, 990, 987, 1728, 2169, 3918, 7869, 12814, 8459, 8559, 8063, 7395, 7604, 8664, 8669, 8672, 8661, 10429, 8140, 5565, 2685, 4730","4021, 3937, 4387, 4758, 4651, 4819, 4938, 5524, 4910, 4971, 3308, 3985, 3777",Lottery
31,super bet,ro,55,7100,1.00,1.16,superbet,2026-06-17 14:08:20,Sitelinks,1380000,1550000,1620000,2015-09-01,"Navigational,Commercial,Transactional,Branded,Non-local",English,"4201, 7980, 8365, 8058, 6729, 6293, 6137, 6899, 7710, 8077, 6862, 6241, 6361, 7639, 8351, 8047, 6721, 6287, 6133, 6895, 7706, 8074, 6859, 6240","6359, 7637, 8350, 8046, 6721, 6287, 6132, 6895, 7706, 8074, 6859, 6240, 6359",Sports betting
32,cazino romania,ro,82,6800,4.50,,cazinouri online,2026-06-22 00:58:53,,7600,63000,68000,2015-10-24,"Informational,Commercial,Branded,Non-local",Romanian,"603, 499, 519, 520, 511, 981, 1571, 4080, 7188, 13318, 7328, 6226, 5076, 6585, 6676, 7617, 8918, 6216, 6206, 6489, 6702, 7181, 6468, 6238","6048, 6140, 6033, 5909, 5804, 5661, 5653, 5854, 6068, 6556, 5845",Gambling
33,888 sport,ro,55,6600,0.60,1.06,888sport,2026-06-24 16:59:12,Video preview,37000,12000,13000,2015-09-06,"Informational,Navigational,Commercial,Branded,Non-local",English,"4919, 5194, 5821, 6646, 6793, 7226, 6617, 5177, 6004, 6283, 7015, 6421, 5388, 5664, 6291, 7116, 7263, 7695, 7087, 5647, 6474, 6753, 7485, 6891","5858, 6133, 6761, 7586, 7733, 8165, 7557, 6117, 6944, 7223, 7955, 7361, 6328",Sports betting
34,oferta de azi la superbet fotbal,ro,40,6200,1.60,,superbet oferta,2026-06-20 23:20:31,Sitelinks,6300,57000,65000,2021-10-22,"Informational,Commercial,Transactional,Branded,Non-local",Romanian,"2751, 592, 4134, 4188, 3433, 840, 796, 4231, 4969, 6237, 5161, 1240, 3338, 806, 5136, 5056, 6134, 5987, 6295, 8413, 9165, 10021, 8609, 4977","7126, 5059, 9179, 9056, 9283, 8061, 7779, 9926, 10624, 11428, 9966, 6287, 8389",Sports betting; Soccer
35,jocuri casino,ro,82,6100,2.50,1.25,fortuna casino,2026-06-16 02:08:40,,7100,39000,44000,2015-09-02,"Informational,Commercial,Transactional,Non-branded,Non-local",Romanian,"713, 558, 843, 698, 794, 1030, 1315, 3915, 10713, 12153, 6304, 5599, 3969, 5425, 4291, 4098, 4650, 4850, 5139, 7239, 12280, 9975, 5898, 4791","4987, 4466, 4277, 4085, 4636, 4836, 5124, 7217, 12245, 9947, 5882, 4779, 4974",Gambling
36,cazinouri romania,ro,82,6000,2.50,1.19,cazinouri online,2026-06-22 08:00:12,Sitelinks,6500,63000,68000,2015-09-12,"Informational,Commercial,Non-branded,Local",Romanian,"749, 749, 855, 862, 860, 873, 1353, 3273, 10663, 9576, 5957, 5946, 4765, 5005, 6172, 7388, 7589, 6352, 6431, 6529, 6306, 6062, 4952, 4736","4078, 4013, 3607, 3290, 2974, 2742, 2538, 2557, 3109, 2731, 2113, 1913, 1592",Gambling; Business
37,ce meciuri sunt azi,ro,57,6000,0.20,1.04,meciuri azi,2026-06-25 15:41:20,,6500,21000,31000,2015-09-07,"Informational,Non-branded,Non-local",Romanian,"9504, 4377, 2931, 3597, 4394, 4398, 3575, 3637, 5195, 6545, 5377, 5383, 6620, 5425, 5493, 6417, 6480, 6365, 5404, 5770, 6008, 6236, 6121, 6146","7339, 6511, 6359, 6492, 6614, 6768, 6694, 6508, 6779, 7004, 6901, 6932, 8133",Live sporting events; Sports news; Soccer
38,super,ro,80,5700,1.00,0.66,superbet,2026-06-21 06:12:54,"Sitelinks,Video preview,Image pack",372000,1580000,1680000,2015-09-01,"Non-branded,Non-local",,"5402, 5396, 5612, 5654, 5527, 5655, 5952, 5808, 6297, 5833, 5915, 5532, 5400, 5394, 5609, 5652, 5525, 5654, 5950, 5806, 6296, 5831, 5913, 5531","5398, 5392, 5608, 5650, 5524, 5653, 5949, 5805, 6294, 5830, 5912, 5530, 5397",/Other
39,meciuri fotbal azi,ro,59,5700,0.07,1.05,meciuri azi,2026-06-18 02:10:53,Video preview,7100,123000,132000,2015-09-04,"Informational,Non-branded,Non-local",Romanian,"8025, 5513, 5979, 5692, 5204, 5469, 4589, 3367, 4475, 5113, 4852, 4507, 8740, 6001, 6504, 6188, 5654, 5938, 4980, 3652, 4851, 5540, 5254, 4878","9455, 6488, 7029, 6684, 6104, 6408, 5371, 3937, 5227, 5967, 5656, 5249",Statistics
40,888sport,ro,70,5700,0.80,1.07,888sport,2026-06-18 02:26:24,"Sitelinks,Video preview",185000,12000,13000,2015-09-02,"Informational,Navigational,Commercial,Transactional,Branded,Non-local",,"5220, 5084, 5003, 5165, 7042, 5660, 6262, 6082, 6014, 5784, 6320, 4539, 5234, 5097, 5015, 5177, 7058, 5672, 6275, 6094, 6025, 5794, 6331, 4547","5242, 5105, 5022, 5184, 7067, 5679, 6282, 6101, 6031, 5800, 6337, 4551, 5247",Sports betting
41,oferte casino,ro,69,5600,5.00,,oferte casino,2026-06-21 22:03:05,,5900,3100,3300,2018-05-12,"Informational,Commercial,Transactional,Non-branded,Non-local",Romanian,"426, 524, 527, 436, 538, 537, 533, 3169, 8043, 9522, 5886, 5846, 3981, 4953, 6060, 7317, 7476, 6260, 6105, 7566, 6995, 4759, 1924, 3897","3081, 3383, 3213, 2972, 2717, 2695, 3108, 6427, 6618, 5587, 4617, 4350, 3436",Gambling
42,ponturi pariuri azi,ro,58,5100,0.50,1.71,ponturi pariuri azi,2026-06-26 01:06:23,,6200,12000,13000,2015-09-02,"Informational,Commercial,Non-branded,Non-local",Romanian,"3509, 3766, 4829, 5282, 5475, 5522, 5187, 5163, 5533, 4943, 5377, 4350, 3690, 3947, 5010, 5463, 5656, 5703, 5368, 5344, 5714, 5124, 5558, 4531","3871, 4128, 5191, 5644, 5837, 5884, 5549, 5525, 5895, 5305, 5739, 4712, 4052",Sports betting; Sports
43,pariuri sportive,ro,72,4900,3.50,1.1,pariuri sportive,2026-06-26 08:35:45,Video preview,7800,13000,15000,2015-09-01,"Informational,Commercial,Transactional,Non-branded,Non-local",Romanian,"8351, 6633, 4974, 5442, 5397, 5961, 6697, 7520, 7897, 6794, 6059, 5483, 4165, 4268, 4692, 5058, 5117, 5137, 5111, 5134, 5574, 5080, 4879, 4236","4124, 3889, 4319, 4656, 4428, 5255, 4729, 4533, 4928, 4496, 4323, 3759, 3664",Sports betting; Sports
44,pe,ro,47,4700,0.01,0.43,pe,2026-06-17 18:35:53,"AI Overview,Thumbnail,Image pack,Video preview",306000,400,400,2015-09-01,"Informational,Non-branded,Non-local",,"4411, 4247, 4345, 4317, 4719, 4920, 4700, 4862, 4747, 4778, 4670, 4700, 4529, 4360, 4461, 4432, 4845, 5050, 4825, 4991, 4872, 4904, 4792, 4823","4647, 4474, 4577, 4547, 4970, 5181, 4949, 5119, 4997, 5030, 4915, 4946, 4765",Polymers; Chemistry
45,biletul zilei,ro,64,4500,0.60,1.99,biletul zilei,2026-06-24 18:59:02,Video preview,6700,2000,3100,2015-09-01,"Informational,Branded,Non-local",Romanian,"6464, 6502, 8685, 8194, 8235, 7696, 7648, 7244, 7183, 6718, 6538, 5472, 3980, 4061, 4976, 4505, 5286, 5089, 4783, 4459, 5329, 5310, 4085, 2712","922, 910, 3285, 4004, 4929, 4699, 4430, 4027, 5020, 4956, 3670, 2393, 525",Lottery
46,meci,ro,57,3800,0.05,0.45,meciuri azi,2026-06-16 13:59:51,"Top stories,Thumbnail,Video preview,Image pack",6500,70000,77000,2015-09-02,"Informational,Non-branded,Non-local",Romanian,"17579, 13691, 4040, 5892, 6201, 6890, 2651, 3004, 4146, 6890, 4613, 3804, 6225, 3142, 4217, 4253, 3716, 3993, 2849, 2689, 3193, 3796, 3260, 3744","6049, 4919, 4282, 4317, 3780, 4057, 2914, 2753, 3257, 3860, 3324, 3809, 6113",Live sporting events; Sports news; Soccer
47,casino romania,ro,83,3700,3.50,1,cazinouri online,2026-06-22 01:02:40,Sitelinks,6300,63000,68000,2015-09-11,"Informational,Commercial,Transactional,Non-branded,Non-local",English,"2989, 2987, 3051, 3073, 3166, 3185, 3399, 3388, 3325, 3348, 3384, 3300, 3437, 3434, 3498, 3520, 3613, 3632, 3846, 3835, 3772, 3796, 3831, 3747","3884, 3881, 3945, 3968, 4060, 4079, 4293, 4282, 4219, 4243, 4278, 4194, 4331",Gambling
48,netbet loto,ro,64,3700,1.00,1.1,italia keno,2026-06-19 03:12:01,Sitelinks,3700,18000,18000,2015-10-31,"Informational,Transactional,Branded,Non-local",Romanian,"3486, 3190, 3993, 3106, 3093, 3735, 3766, 3492, 3130, 3728, 3369, 3537, 3330, 3489, 3518, 3369, 3626, 3992, 4023, 3749, 3387, 3985, 3626, 3794","3587, 3746, 3775, 3626, 3884, 4249, 4280, 4006, 3644, 4243, 3883, 4051, 3844",Lottery
49,10 pariuri,ro,69,3600,1.70,1.09,10 pariuri,2026-06-19 01:38:53,Sitelinks,4100,6000,6500,2016-04-24,"Informational,Non-branded,Non-local",Romanian,"2916, 3057, 3467, 3323, 3286, 3413, 3306, 3263, 3412, 3724, 3637, 3235, 3215, 3355, 3766, 3622, 3585, 3712, 3604, 3562, 3710, 4023, 3936, 3534","3513, 3654, 4065, 3921, 3884, 4011, 3903, 3861, 4009, 4322, 4235, 3832, 3812",Sports betting
50,casinouri online,ro,83,3600,3.00,,cazinouri online,2026-06-21 17:37:46,Sitelinks,4000,63000,68000,2015-09-04,"Informational,Commercial,Non-branded,Non-local",Romanian,"1353, 1355, 334, 1368, 1370, 1374, 465, 2911, 5354, 5137, 3402, 3390, 2694, 2867, 3547, 4179, 4406, 3606, 3633, 3827, 3959, 3838, 3571, 3485","3384, 3338, 3159, 3195, 3140, 3087, 2997, 3192, 3340, 3224, 2970, 2890, 2801",Gambling
51,verifica bilet superbet,ro,58,3500,0.80,1.41,verificare bilet superbet,2026-06-21 19:17:55,"Sitelinks,Video preview",3600,70000,70000,2015-09-07,"Informational,Navigational,Branded,Non-local",Romanian,"2140, 2101, 2660, 2723, 3332, 2715, 3137, 3813, 3037, 2661, 2616, 2195, 2085, 2151, 3168, 3803, 3840, 3742, 3877, 4081, 4094, 3860, 3288, 3482","3354, 3386, 3767, 3835, 3628, 3306, 3406, 3760, 3735, 4365, 3602, 3608, 3479",Sports betting
52,net,ro,61,3500,0.04,0.63,netflix,2026-06-17 16:38:56,"Sitelinks,AI Overview,Video preview",1640000,389000,25230000,2015-09-03,"Informational,Transactional,Branded,Non-local",,"3402, 3398, 3272, 3436, 3599, 3541, 3650, 3746, 3617, 3549, 3540, 3430, 3361, 3361, 3240, 3405, 3570, 3515, 3626, 3723, 3598, 3532, 3524, 3416","3349, 3350, 3230, 3396, 3562, 3508, 3619, 3717, 3592, 3526, 3520, 3412, 3345",Development; Development; Technical reference
53,jocuri de noroc,ro,66,3500,0.80,0.94,jocuri de noroc,2026-06-20 23:17:32,Video preview,5000,1300,1400,2015-09-01,"Informational,Commercial,Non-branded,Non-local",Romanian,"3452, 3493, 3273, 3338, 3606, 3596, 3444, 3659, 3459, 3621, 3425, 3540, 3494, 3535, 3315, 3380, 3648, 3638, 3486, 3702, 3501, 3663, 3468, 3582","3537, 3578, 3358, 3423, 3691, 3681, 3529, 3745, 3544, 3706, 3511, 3625",Gambling
54,verificare superbet,ro,63,3300,1.50,1.32,verificare bilet superbet,2026-06-21 19:16:04,"Sitelinks,Video preview",3400,70000,70000,2015-09-12,"Informational,Navigational,Branded,Non-local",Romanian,"1682, 1388, 2015, 2015, 2564, 2575, 2568, 3058, 2991, 2553, 2052, 2062, 1981, 2578, 3114, 3737, 3799, 3677, 3270, 3550, 3754, 3586, 3149, 3238","3021, 3020, 3301, 3444, 3539, 3255, 3283, 3561, 3763, 3594, 3157, 3245, 3027",Sports betting
55,verificare bilet casa pariurilor,ro,43,3300,0.90,1.34,casa pariurilor verificare bilet,2026-06-27 05:45:33,,3300,13000,13000,2015-09-01,"Informational,Navigational,Branded,Non-local",Romanian,"2251, 2689, 2702, 3304, 3445, 3552, 3649, 3243, 4137, 3640, 3526, 2733, 2273, 2709, 2721, 3321, 3461, 3567, 3662, 3255, 4148, 3650, 3535, 2742","2281, 2716, 2727, 3327, 3466, 3572, 3666, 3259, 4152, 3654, 3539, 2745, 2284",Sports betting
56,casapariurilor,ro,0,3200,1.80,1.12,casa pariurilor,2026-06-21 22:01:11,Sitelinks,4500,346000,379000,2015-09-01,"Informational,Navigational,Commercial,Branded,Non-local",Romanian,"3804, 2507, 2472, 3041, 3034, 3044, 3041, 2509, 2690, 3837, 3560, 4205, 2981, 2506, 2491, 3422, 3568, 3817, 3737, 2525, 4324, 3998, 3330, 2216","2292, 1751, 3415, 3372, 3519, 3770, 3693, 2483, 4284, 3959, 3293, 2180, 2258",Sports betting
57,meciuri,ro,67,3200,0.10,1.01,meciuri azi,2026-06-27 21:46:27,"Top stories,Thumbnail,Bottom ads,Paid sitelinks,Video preview",5500,132000,144000,2015-09-01,"Informational,Non-branded,Non-local",Romanian,"3456, 2724, 3112, 3222, 3257, 3296, 3039, 2341, 3078, 3264, 2889, 2705, 3624, 2893, 3280, 3390, 3426, 3464, 3207, 2509, 3246, 3432, 3058, 2874","3792, 3061, 3448, 3559, 3594, 3632, 3375, 2678, 3414, 3600, 3226",Statistics
58,unibet casino,ro,60,3100,0.30,1.14,unibet casino,2026-06-26 01:06:25,,98000,3700,3700,2015-12-05,"Informational,Navigational,Commercial,Transactional,Branded,Non-local",English,"4919, 4136, 3312, 3358, 3938, 4860, 7220, 5104, 4086, 4035, 3415, 3399, 3240, 3468, 3516, 3481, 2834, 2318, 3075, 2957, 2735, 2928, 2864, 2851","2641, 2757, 2679, 2511, 2571, 2680, 3345, 3035, 2807, 3005, 2939",Gambling
59,oferta fotbal superbet,ro,46,3100,0.60,,super bet,2026-06-17 16:50:43,"Sitelinks,Image pack",3200,90000,92000,2015-09-01,"Informational,Commercial,Branded,Non-local",Romanian,"808, 986, 1136, 1447, 1464, 1453, 1461, 1458, 1788, 1812, 1500, 2164, 2093, 1864, 2728, 3180, 3987, 3860, 3336, 3609, 3719, 3637, 3396, 3451","3384, 3388, 3552, 3560, 3551, 3431, 3368, 3558, 3668, 3586, 3345, 3401",Sports betting
60,netbet.ro,ro,34,3000,0.50,1.16,netbet,2026-06-27 09:45:58,Sitelinks,3900,8900,10000,2015-09-01,"Informational,Navigational,Commercial,Branded,Non-local",,"2920, 2633, 2572, 2684, 2839, 2945, 4104, 2886, 2994, 3170, 3251, 3200, 2893, 2611, 2553, 2666, 2822, 2928, 4083, 2872, 2981, 3158, 3240, 3189","2884, 2604, 2547, 2660, 2816, 2923, 4076, 2868, 2977, 3154, 3236, 3186",Sports betting
61,oferta superbet azi,ro,42,3000,0.25,1.02,superbet.ro,2026-06-27 12:26:30,Sitelinks,3200,66000,75000,2015-09-23,"Informational,Commercial,Branded,Non-local",Romanian,"1834, 1859, 2216, 2256, 2844, 2804, 2780, 3407, 3305, 3431, 3365, 2769, 2173, 2264, 2271, 2761, 4177, 2650, 3375, 3364, 3464, 3641, 2991, 2659","2898, 3029, 3064, 3056, 3687, 3092, 3100, 3364, 3465, 3641, 2992",Sports betting
62,unibet.ro,ro,39,3000,0.20,1.08,pariuri sportive,2026-06-27 05:46:20,,5000,13000,16000,2015-09-05,"Navigational,Transactional,Branded,Non-local",,"2721, 2536, 2546, 2786, 2758, 2933, 3404, 3234, 2736, 2490, 3190, 2883, 2821, 2629, 2639, 2887, 2858, 3039, 3526, 3351, 2834, 2579, 3304, 2985","2921, 2721, 2732, 2988, 2958, 3145, 3649, 3467, 2932, 2668, 3418, 3088, 3021",Sports betting; Sports
63,superbet oferta fotbal,ro,46,3000,2.50,1.05,superbet.ro,2026-06-24 21:15:39,"Sitelinks,Video preview",3800,66000,75000,2016-11-15,"Informational,Commercial,Branded,Non-local",Romanian,"3004, 3793, 3900, 3865, 4759, 3839, 3802, 4669, 3833, 4667, 3883, 3799, 1993, 2628, 2620, 3026, 3742, 3624, 3185, 3251, 3331, 3281, 3019, 2771","2944, 3535, 3560, 3511, 4006, 3424, 3015, 3130, 3206, 3158, 2906, 2666, 2832",Sports betting; Sports
64,pariuri superbet,ro,52,2900,1.00,1.11,superbet oferta,2026-06-21 06:14:54,"Sitelinks,Video preview",3100,57000,65000,2015-09-12,"Navigational,Commercial,Transactional,Branded,Non-local",Romanian,"1963, 1919, 1988, 2037, 2493, 2980, 3063, 3260, 3799, 3191, 2724, 2791, 2166, 2220, 2667, 3065, 3110, 3029, 3169, 3208, 3267, 3227, 2972, 3089","2870, 2943, 3087, 3127, 3191, 3188, 3130, 3221, 3278, 3238, 2982, 3098, 2879",Sports betting
65,gets bet fotbal azi,ro,56,2900,0.70,,gets bets,2026-06-16 13:25:25,Sitelinks,2900,16000,16000,2022-09-18,"Informational,Branded,Non-local",Romanian,"211, 205, 250, 264, 208, 263, 392, 384, 471, 257, 257, 319, 386, 477, 875, 981, 1601, 2201, 3666, 5348, 5322, 4421, 4507, 4567","4585, 4573, 4657, 4689, 4806, 4851, 4913, 4998, 5023, 4927, 4993, 5031, 5028",Soccer
66,senator bet,ro,59,2900,1.10,0.95,senator bet pariuri sportive,2026-06-26 05:46:56,Video preview,2900,2300,2300,2015-09-03,"Informational,Commercial,Branded,Non-local",English,"725, 2459, 2536, 5118, 5362, 5992, 5621, 5646, 5903, 2833, 529, 116, 99, 1624, 1784, 4328, 4629, 5241, 4910, 4929, 5215, 2146, 19, 17","14, 992, 1168, 3721, 4035, 4657, 4338, 4368, 4665, 1607, 3, 2, 2",Sports betting
67,superbet fotbal,ro,55,2800,1.50,1.16,superbet.ro,2026-06-28 01:24:33,"Sitelinks,Video preview",3200,66000,75000,2015-09-29,"Navigational,Transactional,Branded,Non-local",Romanian,"2853, 2847, 2882, 2943, 3675, 4413, 3703, 4395, 4416, 5374, 3646, 3589, 2328, 2452, 2972, 3487, 3549, 2784, 2486, 2867, 2872, 3373, 2215, 2228","1720, 2073, 2503, 2808, 3082, 2876, 2544, 2908, 2912, 3413, 2256, 2268, 1760",Sports betting; Soccer
68,meciuri fotbal azi romania,ro,59,2800,0.20,,meciuri din superliga,2026-06-21 12:42:10,,2800,120000,138000,2016-08-04,"Informational,Non-branded,Non-local",Romanian,"4311, 3174, 2774, 3269, 3150, 3111, 1907, 1472, 2196, 3826, 2271, 2190, 3121, 2680, 2876, 2628, 2901, 3536, 1387, 1710, 2658, 4330, 2664, 2666","3889, 3405, 3472, 3351, 3593, 4030, 2064, 2306, 3180, 4788, 3125, 3127, 4350",Live sporting events; Sports news; Soccer
69,suoerbet,ro,64,2800,0.50,1,super bet,2026-06-16 13:49:15,,13000,87000,89000,2015-09-07,"Informational,Navigational,Commercial,Transactional,Branded,Non-local",,"2265, 2263, 2247, 2682, 2668, 2715, 2720, 3144, 3078, 3213, 2704, 2771, 2175, 2240, 2652, 2737, 3155, 3070, 3148, 3028, 3126, 3108, 2796, 2715","2555, 2671, 2844, 2863, 3101, 3063, 3046, 3069, 3164, 3141, 2823, 2739, 2575",Sports betting; Sports
70,stanleybet oferta fotbal,ro,39,2700,0.02,1.06,stanleybet oferta fotbal,2026-06-18 05:22:57,,2800,5600,5600,2015-11-02,"Informational,Commercial,Transactional,Branded,Non-local",Romanian,"1507, 1781, 1824, 2048, 2647, 2296, 2131, 2231, 2834, 2879, 2592, 1644, 1913, 2250, 2295, 2565, 3301, 2853, 2637, 2750, 3481, 3524, 3163, 2000","2320, 2720, 2765, 3083, 3956, 3409, 3143, 3270, 4129, 4170, 3734, 2355, 2726",Sports betting; Sports
71,netbet sport,ro,73,2600,1.30,1.07,netbet sport,2026-06-24 21:15:50,Sitelinks,9500,6000,7500,2015-09-29,"Informational,Navigational,Commercial,Transactional,Branded,Non-local",Romanian,"3261, 3238, 3328, 3332, 3845, 3212, 3243, 2639, 3183, 2687, 3936, 3841, 2584, 2283, 2244, 2321, 2722, 2806, 2853, 2750, 2684, 2760, 2640, 2544","2743, 2708, 2690, 2689, 2812, 2996, 2821, 2819, 2751, 2829, 2706, 2607, 2811",Sports betting; Sports
72,casa pariurilor verificare bilet,ro,42,2600,1.10,1.57,casa pariurilor verificare bilet,2026-06-17 18:15:57,,2700,12000,12000,2015-09-01,"Informational,Transactional,Branded,Non-local",Romanian,"2060, 2059, 2457, 2720, 2684, 2624, 2569, 2577, 3298, 2965, 3119, 2133, 2077, 2075, 2471, 2733, 2696, 2635, 2579, 2586, 3306, 2973, 3126, 2139","2083, 2080, 2476, 2738, 2700, 2639, 2582, 2589, 3309, 2976, 3129, 2142, 2085",Sports betting
73,meciuri azi fotbal,ro,60,2500,0.06,0.76,meciuri azi,2026-06-17 18:16:41,Video preview,3100,123000,132000,2015-09-17,"Informational,Non-branded,Non-local",Romanian,"2183, 1755, 1771, 1491, 1794, 1776, 1496, 1514, 1770, 2705, 2222, 1823, 2240, 2261, 2500, 2448, 3188, 3338, 2737, 2132, 2274, 2460, 2382, 2408","2510, 2214, 2659, 2758, 3197, 2704, 2426, 2272, 2423, 2620, 2536, 2563, 2670",Live sporting events; Sports news; Soccer
74,meci fotbal azi,ro,60,2400,0.07,0.72,ce meciuri sunt azi,2026-06-21 13:24:46,,2700,8600,11000,2015-09-04,"Informational,Non-branded,Non-local",Romanian,"3772, 3015, 2136, 2165, 2290, 2210, 1370, 1801, 2093, 3413, 2360, 2462, 2918, 2719, 2514, 2309, 2530, 2642, 2084, 1953, 2133, 2390, 2205, 2256","2543, 2315, 2359, 2364, 2175, 2179, 1914, 1706, 1883, 2143, 1962, 2015, 2303",Live sporting events; Sports news; Soccer
75,power bet fotbal,ro,72,2400,0.60,,powerbet,2026-06-16 02:17:34,Sitelinks,2400,80000,96000,2022-07-20,"Commercial,Transactional,Non-branded,Non-local",Romanian,"2212, 1500, 1785, 1819, 2219, 1814, 1761, 2229, 2708, 3348, 2701, 2244, 1479, 1803, 2687, 2649, 2623, 3145, 2812, 3347, 2709, 1760, 1793, 1581","1483, 1367, 1630, 1692, 1793, 1648, 1650, 1727, 1686, 1637, 1440, 1253, 1146",Sports betting; Soccer
76,casa pariurilor oferta,ro,25,2400,1.20,1.14,casa pariurilor,2026-06-27 09:14:09,Sitelinks,2600,347000,379000,2015-09-01,"Informational,Commercial,Branded,Non-local",Romanian,"733, 961, 1826, 3131, 4644, 4029, 3235, 2309, 2593, 2530, 1837, 1019, 564, 962, 1827, 3131, 4644, 4030, 3236, 2309, 2593, 2530, 1837, 1019","564, 962, 1827, 3131, 4644, 4030, 3236, 2309, 2593, 2530, 1837, 1019, 564",Sports betting
77,superbet pariuri sportive,ro,13,2400,0.45,1.12,superbet,2026-05-27 00:50:52,"Sitelinks,AI Overview",2800,1610000,1760000,2015-09-01,"Informational,Navigational,Commercial,Transactional,Branded,Non-local",Romanian,"2874, 2713, 3274, 4495, 3699, 3565, 3184, 2845, 3268, 3141, 2608, 1954, 2253, 2117, 2541, 3469, 2838, 2720, 2414, 2142, 2444, 2332, 1922, 1428","1633, 1520, 1808, 2443, 1978, 1874, 1643, 1439, 1620, 1523, 1235, 902, 1013",Sports betting; Sports
78,10pariuri,ro,49,2300,1.70,0.95,10 pariuri,2026-06-15 01:19:11,Sitelinks,2400,7400,7800,2016-05-05,"Informational,Commercial,Branded,Non-local",Romanian,"1399, 2014, 2026, 2106, 1828, 2039, 1756, 2116, 2705, 2164, 3067, 2305, 1546, 2223, 2235, 2321, 2013, 2244, 1931, 2325, 2970, 2374, 3362, 2526","1692, 2433, 2443, 2536, 2198, 2448, 2106, 2534, 3235, 2585, 3658, 2746, 1839",Sports betting
79,superbet contact,ro,58,2300,2.50,1.21,superbet contact,2026-06-20 01:44:49,Video preview,2500,7900,7900,2015-09-22,"Informational,Branded,Local",English,"1913, 1551, 1579, 1925, 2016, 2358, 2387, 2435, 2537, 2133, 1717, 1696, 1355, 1434, 1773, 2637, 3110, 2197, 2734, 2649, 2648, 2662, 2221, 2211","2023, 1979, 2272, 2433, 2679, 2785, 2564, 2650, 2649, 2663, 2222, 2212, 2023",Sports betting; Business
80,meciuri astazi,ro,59,2300,0.03,0.94,meciuri azi,2026-06-11 05:03:04,,3000,24000,33000,2015-09-07,"Informational,Non-branded,Non-local",Romanian,"4150, 2744, 1630, 1997, 2380, 2327, 1609, 1971, 1965, 2837, 2351, 2236, 2240, 1808, 2128, 2157, 2761, 2898, 2086, 2088, 2163, 2375, 2299, 2230","4035, 2708, 2669, 2711, 2963, 3118, 2468, 2374, 2456, 2693, 2604, 2522, 4558",Live sporting events; Soccer
81,verificare bilet casa pariurilor cod scurt,ro,38,2300,0.80,,casa pariurilor verificare bilet,2026-06-17 01:49:59,,2400,12000,12000,2021-03-31,"Informational,Navigational,Branded,Non-local",Romanian,"1848, 1835, 1898, 1912, 2395, 2382, 2352, 2820, 2758, 3484, 2381, 2389, 1812, 1887, 2376, 2370, 2847, 2360, 2404, 2484, 2547, 2308, 1929, 1906","3399, 2766, 3199, 2638, 3261, 2780, 2438, 2587, 2653, 2404, 2008",Sports betting
82,superbet deschis acum,ro,53,2300,0.70,,superbet,2026-06-05 07:09:13,"Sitelinks,AI Overview,Thumbnail",2400,1610000,1760000,2024-01-16,"Informational,Branded,Non-local",Romanian,"20, 15, 24, 15, 24, 17, 32, 31, 16, 30, 30, 24, 31, 447, 545, 817, 694, 822, 1024, 6278, 6150, 5102, 5039, 1012",3721,Sports betting
83,bet,ro,75,2200,4.00,0.81,indicele bet grafic,2026-06-27 06:48:58,Video preview,3810000,1200,1200,2015-09-01,"Informational,Commercial,Transactional,Non-branded,Non-local",English,"1648, 1733, 2061, 2317, 2172, 1997, 2163, 2014, 2585, 2591, 2486, 2074, 1647, 1732, 2061, 2317, 2171, 1997, 2163, 2014, 2585, 2591, 2485, 2074","1647, 1732, 2061, 2317, 2171, 1997, 2163, 2014, 2585, 2591, 2485, 2074, 1647",Sports betting; Sports
84,pontul zilei,ro,64,2200,0.80,1.49,pontul zilei,2026-06-16 07:43:50,Video preview,2400,2400,2500,2015-09-02,"Informational,Non-branded,Non-local",Romanian,"1560, 1584, 2159, 2148, 2171, 2095, 2012, 2338, 2748, 2180, 2086, 1649, 1676, 1700, 2275, 2264, 2287, 2211, 2128, 2454, 2864, 2296, 2202, 1765","1792, 1816, 2392, 2381, 2403, 2327, 2244, 2570, 2980, 2412, 2319, 1881, 1909",Motivational
85,scanare bilet casa pariurilor,ro,39,2100,0.90,,casa pariurilor verificare bilet,2026-06-26 02:55:04,,2200,13000,13000,2016-06-02,"Informational,Branded,Non-local",Romanian,"766, 651, 803, 965, 929, 1205, 1217, 1509, 1741, 2217, 1787, 2187, 1705, 1771, 1783, 2211, 2241, 2258, 2301, 2364, 2431, 2551, 2302, 2382","2235, 2302, 2409, 2528, 2552, 2603, 2606, 2682, 2749, 2868, 2620",Sports betting
86,program superbet,ro,52,2100,0.35,1.12,program superbet,2026-05-23 06:06:43,AI Overview,2200,3700,3700,2015-09-02,"Informational,Branded,Local",Romanian,"1441, 1206, 1526, 1408, 1412, 1687, 4569, 2602, 1686, 1796, 4140, 2201, 1427, 1195, 1512, 1396, 1401, 1674, 4536, 2584, 1676, 1785, 4116, 2190","1420, 1189, 1505, 1391, 1395, 1668, 4520, 2576, 1671, 1780, 4105, 2184, 1416",Sports betting; Business
87,unibet.ro login,ro,48,2100,0.09,,unibet.ro login,2026-06-27 23:24:49,,4100,700,1500,2016-05-17,"Navigational,Transactional,Branded,Non-local",English,"2687, 2682, 3222, 3194, 3197, 3159, 4788, 3958, 3196, 2591, 2675, 2670, 2555, 3882, 2662, 2618, 2146, 1677, 2158, 2133, 1657, 1310, 1324, 1458","1313, 1363, 1399, 1359, 1438, 1349, 1691, 1401, 1256, 1226, 1245, 1259, 1115",Sports betting
88,superbet ro,ro,62,2100,0.80,1.15,superbet,2026-06-12 19:04:51,Sitelinks,3100,1560000,1630000,2015-09-10,"Navigational,Transactional,Branded,Non-local",,"2321, 2445, 2420, 2571, 2390, 2389, 2497, 2972, 2355, 2488, 1947, 1899, 1726, 1865, 1902, 2174, 2227, 2165, 2237, 2303, 2247, 2187, 2021, 2025","1994, 2109, 2083, 2062, 2153, 2130, 2103, 2234, 2200, 2220, 2008, 2013, 1984",Sports betting; Sports
89,superbet.,ro,62,2100,0.50,0.96,super bet,2026-06-13 20:14:59,,8600,86000,87000,2015-09-21,"Informational,Navigational,Commercial,Transactional,Branded,Non-local",Romanian,"1866, 1814, 1771, 1996, 2139, 2120, 2087, 2391, 2380, 2447, 2014, 1912, 1537, 1568, 1880, 1938, 2323, 2297, 2425, 2339, 2368, 2329, 2103, 2133","2162, 2249, 2265, 2220, 2403, 2379, 2421, 2506, 2536, 2493, 2251, 2282",Sports betting
90,pronosticuri fotbal,ro,58,2000,0.45,1.95,biletul zilei fotbal,2026-06-24 18:58:23,Video preview,3200,7900,9400,2015-09-06,"Informational,Commercial,Non-branded,Non-local",Romanian,"1343, 1385, 2104, 2303, 2258, 2238, 2057, 1951, 2551, 2302, 2198, 1670, 1343, 1384, 2104, 2303, 2258, 2237, 2057, 1951, 2551, 2302, 2198, 1670","1343, 1384, 2104, 2303, 2258, 2237, 2057, 1951, 2551, 2302, 2198, 1670, 1343",Sports betting; Soccer
91,meciuri de fotbal azi,ro,59,2000,0.07,1.02,meciuri azi,2026-06-21 12:15:30,,2700,123000,133000,2015-11-22,"Informational,Non-branded,Non-local",Romanian,"1986, 1608, 1389, 1410, 2014, 2040, 1355, 1617, 1616, 2085, 1682, 1637, 1678, 1627, 1968, 2360, 2261, 2336, 1998, 1965, 2019, 2072, 1938, 1843","1889, 1819, 1941, 1887, 1908, 1934, 1708, 1668, 1711, 1779, 1641, 1555, 1602",Live sporting events; Sports news; Soccer
92,888.ro,ro,60,1900,1.00,1.07,casino 888,2026-06-22 07:58:46,,2300,600,900,2016-01-22,"Navigational,Transactional,Branded,Non-local",,"710, 722, 731, 582, 478, 490, 587, 488, 470, 781, 585, 709, 722, 795, 1061, 1587, 2458, 3051, 2416, 2401, 2128, 2168, 2027, 2319","2115, 2118, 2202, 2217, 2412, 2448, 2500, 2445, 2166, 2206, 2063, 2360, 2152",Sports betting
93,predictii fotbal,ro,58,1900,0.35,1.64,ponturi fotbal azi,2026-06-09 13:49:47,,2500,3700,4800,2015-09-01,"Informational,Non-branded,Non-local",Romanian,"1336, 1573, 2013, 2197, 2327, 2139, 1941, 1757, 2281, 1972, 1848, 1496, 1335, 1573, 2012, 2197, 2327, 2139, 1940, 1757, 2281, 1972, 1848, 1495","1335, 1573, 2012, 2196, 2327, 2138, 1940, 1757, 2281, 1972, 1848, 1495, 1335",Sports betting; Sports news; Soccer
94,superbet pariuri,ro,45,1800,1.00,1.03,super bet,2026-06-17 06:31:48,,2000,88000,90000,2015-10-11,"Informational,Navigational,Commercial,Transactional,Branded,Non-local",Romanian,"1586, 1324, 1693, 1700, 1996, 2102, 2165, 1971, 2160, 2106, 1690, 1397, 1585, 1323, 1693, 1700, 1996, 2102, 2165, 1970, 2159, 2105, 1690, 1396","1585, 1323, 1693, 1700, 1996, 2102, 2164, 1970, 2159, 2105, 1690, 1396",Sports betting
95,meciurile de azi,ro,60,1800,0.07,0.9,meciuri azi,2026-06-13 23:19:46,"Image pack,Video preview",3400,60000,67000,2015-09-04,"Informational,Non-branded,Non-local",Romanian,"7293, 3293, 2617, 2234, 2618, 2244, 2155, 2628, 3224, 3304, 2233, 2140, 1744, 1474, 1746, 2123, 2607, 2224, 1528, 1778, 1874, 1797, 1527, 1488","2103, 1779, 1826, 2026, 2272, 2298, 2011, 1948, 2044, 1968, 1697, 1658, 2274",Sports news; Statistics
96,oferta casa pariurilor azi,ro,24,1800,0.80,,casa pariurilor,2026-06-28 18:36:28,Sitelinks,1900,347000,379000,2015-09-12,"Informational,Commercial,Branded,Non-local",Romanian,"1043, 832, 726, 1094, 877, 1318, 1544, 2025, 1898, 2418, 1968, 1615, 701, 1631, 1626, 1608, 1986, 1983, 1968, 1949, 2078, 2095, 1814, 1897","1624, 1767, 2150, 2103, 1995, 1816, 1855, 1987, 2113, 2125, 1836, 1917, 1638",Sports betting
97,netbet ro casino,ro,75,1800,0.80,,netbet,2026-06-27 01:25:45,Sitelinks,2000,147000,149000,2020-01-10,"Informational,Navigational,Commercial,Transactional,Branded,Non-local",Romanian,"1663, 1480, 1656, 1631, 1779, 1829, 1914, 1654, 1767, 1913, 1730, 1755, 1692, 1509, 1685, 1659, 1808, 1857, 1943, 1682, 1795, 1942, 1758, 1783","1720, 1537, 1713, 1687, 1836, 1886, 1971, 1711, 1823, 1970, 1786, 1811",Gambling
98,casa pariului,ro,22,1700,1.30,1.23,casa pariurilor,2026-06-12 10:13:39,Sitelinks,1900,334000,366000,2015-09-07,"Informational,Navigational,Branded,Local",Romanian,"815, 928, 682, 810, 658, 544, 811, 968, 809, 946, 820, 1220, 801, 1244, 2197, 2581, 2602, 1739, 2219, 1482, 1240, 1476, 1508, 1347","1360, 1395, 1454, 1546, 1493, 1303, 1377, 1499, 1432, 1436, 1384, 1342, 1356",Sports betting; Sports
99,sports betting,ro,88,1700,2.00,0.52,sportsbook,2026-06-17 20:41:02,"AI Overview,Thumbnail,Bottom ads,Video preview",378000,100,889000,2015-10-07,"Informational,Commercial,Transactional,Non-branded,Non-local",English,"1619, 828, 813, 719, 1236, 126, 745, 560, 928, 863, 804, 130, 658, 837, 117, 110, 951, 3703, 3683, 849, 1119, 2767, 2806, 2745","2779, 2701, 2662, 2672, 2933, 2961, 3150, 2927, 3221, 2967, 2977, 2891, 2903",Sports betting; Sports
100,betano.ro,ro,49,1700,1.70,1.04,betano.ro,2026-06-14 23:20:32,Video preview,3000,1700,2500,2016-06-27,"Navigational,Transactional,Branded,Non-local",,"2202, 2204, 2119, 1773, 1791, 1558, 1974, 1896, 1549, 1653, 1626, 1604, 1108, 1201, 1355, 1781, 1842, 1757, 2265, 2099, 2010, 1938, 1842, 1775","1708, 1583, 1499, 1460, 1888, 2095, 2228, 2100, 2011, 1939, 1843, 1776, 1709",Sports betting
101,descarca oferta superbet,ro,66,1700,1.30,,super bet,2026-06-17 17:37:45,Sitelinks,1900,90000,92000,2016-04-02,"Commercial,Transactional,Branded,Non-local",Romanian,"3307, 2271, 2337, 3463, 2837, 2785, 2793, 4200, 2750, 3491, 2341, 1846, 1461, 1592, 2275, 2262, 2242, 1709, 1040, 1531, 1432, 1402, 1250, 1113","1402, 1577, 1389, 1554, 1581, 1556, 1348, 1522, 1425, 1396, 1246, 1110",Sports betting
102,superbey,ro,28,1700,0.50,0.78,superbet,2026-06-14 13:05:17,"Sitelinks,Video preview",9100,1560000,1620000,2015-09-19,"Navigational,Commercial,Transactional,Branded,Local",,"1325, 1301, 1293, 1573, 1557, 1592, 1600, 1857, 1817, 1906, 1598, 1593, 1288, 1322, 1531, 1573, 1820, 1803, 1916, 1891, 1902, 1919, 1853, 1939","1836, 1848, 1934, 1943, 1974, 1976, 2025, 2016, 2024, 2044, 1978, 2066, 1962",Sports betting; Sports
103,aplicatie casa pariurilor,ro,39,1700,1.90,1.2,casa pariurilor,2026-06-07 08:22:01,Sitelinks,1800,330000,362000,2015-09-06,"Informational,Navigational,Transactional,Branded,Non-local",Romanian,"1550, 2430, 2420, 2993, 2859, 3444, 3449, 3516, 2323, 2362, 1938, 2324, 1529, 1632, 1888, 1120, 1584, 1896, 2071, 1845, 1685, 1632, 1446, 1578","1226, 1586, 1772, 1706, 1891, 2025, 2028, 1908, 1748, 1695, 1509, 1641, 1289",Sports betting; Add-ons
104,www superbet,ro,62,1700,0.70,1.11,super bet,2026-06-13 05:28:44,,4600,86000,87000,2015-09-20,"Navigational,Transactional,Branded,Non-local",,"1490, 1787, 1782, 2190, 2255, 2263, 2226, 2285, 2200, 2302, 2241, 1830, 1441, 1518, 2255, 1781, 1812, 2115, 1754, 1793, 1760, 1448, 1222, 1484","1255, 1351, 1436, 1525, 1518, 1712, 1529, 1657, 1660, 1601, 1455, 1477, 1248",Sports betting; Sports
105,case pariuri online,ro,76,1700,4.50,1.22,pariuri sportive,2026-06-21 13:12:39,Sitelinks,2000,12000,14000,2015-09-03,"Informational,Commercial,Transactional,Non-branded,Non-local",Romanian,"983, 1006, 1277, 1283, 1302, 1290, 1582, 1605, 1573, 1828, 1563, 1572, 1247, 1433, 1435, 1957, 1692, 1762, 1831, 1885, 1998, 1824, 1715, 1664","1526, 1537, 1775, 1965, 2117, 2153, 2215, 2194, 2313, 2100, 1965, 1896, 1731",Sports betting
106,l1254450w001663,ro,6,1700,0.40,,casa pariurilor,2026-06-28 14:37:12,"Sitelinks,Video preview",1900,347000,379000,2025-07-03,"Informational,Non-branded,Non-local",,"0, 0, 0, 0, 0, 0, 0, 0, 0, 0, 0, 0, 0, 2168, 1491, 2798, 1353, 102, 1810, 2393, 2750, 2782, 2767, 546",2032,Technical reference
107,casapariurilor.ro,ro,7,1700,1.80,1.14,casa pariurilor,2026-06-21 05:45:01,"Sitelinks,Video preview",2200,347000,379000,2015-09-01,"Navigational,Transactional,Branded,Non-local",,"1793, 1623, 1981, 2109, 2172, 2093, 2101, 2003, 1960, 1633, 1647, 1485, 1622, 1452, 1812, 1942, 2006, 1928, 1938, 1841, 1799, 1473, 1488, 1328","1466, 1297, 1658, 1789, 1854, 1778, 1788, 1693, 1652, 1327, 1343, 1184, 1323",Sports betting
108,oferta superbet fotbal,ro,24,1600,1.60,,super bet,2026-06-13 03:26:36,Sitelinks,1700,86000,87000,2015-09-08,"Informational,Commercial,Transactional,Branded,Non-local",Romanian,"827, 1018, 1421, 1266, 841, 1014, 1231, 1442, 1412, 1448, 1423, 1415, 1231, 1832, 2247, 2206, 1840, 1364, 1451, 1476, 1597, 1554, 1404, 1368","1259, 1305, 1328, 1277, 1225, 1151, 1162, 1186, 1315, 1275, 1132, 1099, 996",Sports betting; Soccer
109,oferta azi superbet,ro,22,1600,0.45,,superbet oferta,2026-06-10 09:16:52,Sitelinks,1600,50000,51000,2016-04-04,"Informational,Commercial,Transactional,Branded,Non-local",Romanian,"30, 30, 30, 211, 91, 91, 93, 65, 272, 1450, 967, 1178, 1227, 1253, 1885, 1895, 1877, 1860, 1912, 1906, 1554, 1902, 683, 1054","784, 802, 671, 1464, 1151, 1020, 1053, 1088, 1262, 2469, 1540, 1079, 802",Sports betting
110,casa pariuri,ro,30,1600,2.00,1.05,casa pariurilor,2026-06-19 22:55:36,"Sitelinks,Local pack",1800,347000,380000,2015-09-02,"Informational,Navigational,Commercial,Transactional,Branded,Non-local",Romanian,"1099, 1039, 1301, 1314, 1336, 1333, 1297, 1041, 873, 1280, 1598, 1939, 1583, 2035, 1651, 1351, 1601, 1668, 2103, 1564, 1510, 1572, 1418, 1417","1293, 1486, 1729, 1562, 1620, 1511, 1593, 1565, 1511, 1573, 1419, 1417, 1293",Sports betting; Sports
111,casino casa pariurilor,ro,55,1600,0.90,0.99,casa pariurilor,2026-06-13 21:31:00,,1900,346000,378000,2016-11-02,"Informational,Navigational,Commercial,Transactional,Branded,Non-local",Romanian,"1101, 882, 881, 1300, 1375, 1339, 1333, 1404, 1344, 1978, 2411, 2463, 1646, 1807, 1745, 1707, 1644, 1368, 1539, 1533, 1440, 1498, 1422, 1429","1292, 1300, 1266, 1264, 1355, 1376, 1300, 1332, 1247, 1300, 1229, 1238, 1110",Sports betting
112,get bet oferta fotbal azi,ro,58,1600,0.60,,gets bets,2026-06-14 06:26:10,,1600,12000,12000,2018-09-15,"Informational,Commercial,Transactional,Branded,Non-local",Romanian,"859, 1384, 1645, 1401, 1637, 1717, 1683, 2118, 2081, 2097, 1669, 1643, 1358, 1404, 1643, 3053, 3182, 1131, 1270, 1353, 1248, 1222, 1054, 989","868, 957, 970, 969, 951, 768, 747, 768, 729, 699, 579, 520, 434",Sports betting; Soccer
113,pronosticuri fotbal azi,ro,57,1600,0.50,1.71,ponturi fotbal,2026-06-12 12:19:11,,2800,4700,5900,2015-09-04,"Informational,Non-branded,Non-local",Romanian,"1144, 1244, 1321, 1556, 1955, 1638, 1599, 1435, 1800, 1661, 1761, 1330, 1197, 1297, 1375, 1609, 2009, 1691, 1652, 1489, 1853, 1714, 1814, 1383","1250, 1350, 1428, 1662, 2062, 1744, 1705, 1542, 1906, 1768, 1867, 1436, 1303",Sports betting; Sports news; Soccer
114,loto 6 49 azi rezultate azi,ro,28,1600,0.01,1.21,loto,2026-06-12 23:29:22,Sitelinks,1600,392000,395000,2018-05-07,"Informational,Branded,Non-local",Romanian,"801, 632, 575, 1718, 2015, 1741, 1459, 6056, 1453, 1193, 922, 809, 764, 608, 557, 1675, 1975, 1713, 1440, 5992, 1441, 1185, 917, 805","761, 607, 556, 1672, 1972, 1710, 1439, 5987, 1440, 1185, 916, 805, 761",Lottery
115,betfair exchange,ro,61,1600,1.70,1.06,betfair exchange,2026-06-21 05:00:31,"Sitelinks,Video preview",186000,400,400,2015-10-06,"Informational,Commercial,Transactional,Branded,Non-local",English,"2018, 2054, 1654, 1597, 1631, 2029, 1653, 2432, 2028, 2023, 1611, 1379, 1299, 1574, 2477, 2034, 1953, 1914, 1443, 1460, 1352, 1361, 1230, 1306","1359, 1369, 1535, 1541, 1595, 1674, 1495, 1471, 1363, 1372, 1240, 1316, 1368",Sports betting
116,pariuri sportive superbet,ro,59,1600,1.70,1.09,superbet oferta,2026-06-19 03:08:18,Sitelinks,1800,56000,58000,2015-10-04,"Informational,Navigational,Commercial,Transactional,Branded,Non-local",Romanian,"1442, 1318, 1593, 2278, 1946, 1827, 1677, 1605, 1814, 1847, 1582, 1227, 1398, 1278, 1545, 2208, 1886, 1771, 1625, 1556, 1758, 1790, 1532, 1189","1354, 1238, 1496, 2139, 1827, 1715, 1574, 1506, 1702, 1733, 1483, 1151",Sports betting
117,casa pariurilor bonus fara depunere,ro,54,1500,1.60,,casa pariurilor bonus fara depunere,2026-06-12 04:09:08,,1600,3900,4100,2020-01-11,"Informational,Commercial,Non-branded,Non-local",Romanian,"1258, 1022, 859, 1296, 1269, 1583, 1286, 1586, 1536, 1868, 1919, 1583, 1240, 1348, 1070, 1571, 1640, 1655, 1447, 1692, 1649, 1442, 1328, 1252","1223, 1282, 1186, 1278, 1327, 1414, 1386, 1642, 1598, 1392, 1278, 1202",Sports betting
118,pariurix,ro,22,1500,2.00,1.06,pariurix,2026-06-16 06:28:46,"Sitelinks,Image pack",1600,3100,3500,2015-09-01,"Informational,Branded,Non-local",Romanian,"1221, 1358, 1420, 1761, 1671, 1613, 1438, 1444, 1517, 1549, 1526, 1307, 1168, 1307, 1373, 1711, 1630, 1579, 1411, 1421, 1496, 1531, 1511, 1295","1159, 1298, 1365, 1702, 1623, 1573, 1407, 1417, 1492, 1528, 1508, 1293",Sports betting
119,superbet live,ro,59,1500,0.40,1.24,oferta de azi la superbet,2026-06-24 16:23:32,"Sitelinks,Video preview",2300,8200,8900,2015-09-03,"Navigational,Transactional,Branded,Non-local",English,"1291, 1293, 1402, 1523, 1494, 1449, 1437, 1510, 1618, 1562, 1511, 1364, 1291, 1292, 1401, 1522, 1494, 1448, 1437, 1510, 1618, 1562, 1511, 1364","1291, 1292, 1401, 1522, 1494, 1448, 1437, 1510, 1618, 1562, 1511, 1364, 1291",Sports betting; Sports
120,superbet .ro,ro,53,1500,,,superbet,2026-06-13 18:18:47,"Sitelinks,Video preview",1700,1560000,1620000,2016-05-18,"Navigational,Branded,Non-local",,"884, 974, 1057, 636, 796, 1186, 1465, 1317, 1353, 1169, 1105, 1303, 819, 978, 1021, 1245, 1657, 1197, 1599, 1753, 1646, 1123, 1664, 1439",1409,Sports betting
121,don .ro,ro,59,1500,1.20,,don ro,2026-06-22 04:15:01,"Sitelinks,Video preview",1600,26000,26000,2023-12-06,"Informational,Navigational,Commercial,Transactional,Branded,Non-local",,"140, 259, 291, 268, 455, 550, 728, 796, 780, 879, 963, 1002, 980, 1404, 1196, 1157, 1328, 1333, 1736, 1700, 1681, 1692, 2008, 1720","1690, 2117, 1654, 1736, 1905, 1933, 2252, 1982, 1999, 1905, 2001, 1998, 1968",Sports betting
122,netbet ro,ro,69,1500,0.70,1,netbet,2026-06-20 08:22:46,Sitelinks,4700,9000,10000,2015-10-20,"Informational,Navigational,Commercial,Branded,Non-local",Romanian,"1129, 1139, 1177, 957, 1199, 1284, 2000, 1994, 1311, 1399, 1744, 1751, 1337, 1057, 1274, 1435, 1521, 1502, 1905, 1568, 1413, 1508, 1520, 1376","1388, 1300, 1369, 1332, 1503, 1614, 1938, 1602, 1446, 1541, 1554",Sports betting
123,power bet pariuri sportive,ro,41,1500,0.90,,powerbet,2026-06-22 01:21:18,Sitelinks,1600,80000,97000,2018-10-20,"Commercial,Transactional,Branded,Non-local",Romanian,"269, 229, 219, 754, 1148, 1173, 1236, 1092, 1019, 784, 1187, 1369, 841, 510, 886, 1421, 1814, 1840, 1902, 1759, 1686, 1451, 1854, 2036","1508, 1177, 1553, 2088, 2481, 2507, 2569, 2426, 2353, 2118, 2521, 2703, 2175",Sports betting; Sports
124,casa casino,ro,36,1500,1.30,,casa pariurilor,2026-06-10 12:22:08,Local pack,2200,333000,365000,2018-01-05,"Informational,Navigational,Commercial,Transactional,Branded,Non-local",Romanian,"542, 383, 555, 669, 694, 1019, 1233, 1307, 1262, 1494, 1905, 1893, 1875, 1577, 1315, 1315, 1301, 1092, 1617, 1628, 1307, 1551, 1356, 1504","1488, 1406, 1406, 1370, 1391, 1449, 1475, 1475, 1400, 1398, 1384, 1393, 1376",Sports betting
125,biletul zilei fotbal,ro,61,1400,0.35,1.78,biletul zilei fotbal,2026-06-22 13:03:25,,2200,7600,9200,2015-09-03,"Informational,Commercial,Branded,Non-local",Romanian,"859, 873, 1451, 1615, 1695, 1515, 1406, 1335, 1732, 1623, 1530, 1234, 857, 872, 1448, 1612, 1693, 1513, 1404, 1333, 1729, 1621, 1528, 1232","856, 871, 1447, 1610, 1691, 1511, 1402, 1331, 1728, 1619, 1527, 1231, 856",Sports betting; Soccer
126,casa pariurilor rotiri gratuite,ro,61,1400,1.60,,bonus casino,2026-06-21 17:09:27,Sitelinks,1500,4000,4100,2020-05-01,"Informational,Commercial,Transactional,Branded,Non-local",Romanian,"288, 958, 944, 789, 1144, 685, 2144, 521, 481, 573, 554, 3813, 2069, 453, 1211, 1160, 1337, 1358, 1481, 1350, 1392, 1490, 1312, 1701","1491, 1495, 1579, 1568, 1623, 1643, 1884, 1658, 1700, 1798, 1620, 2009, 1799",Sports betting
127,romania casino,ro,82,1400,3.50,,fortuna casino,2026-06-17 03:45:33,"Local pack,Thumbnail",1700,40000,45000,2017-12-17,"Informational,Commercial,Transactional,Non-branded,Non-local",English,"319, 341, 308, 409, 358, 357, 426, 677, 1717, 1928, 1178, 989, 837, 1002, 1409, 1331, 1430, 1306, 1530, 1456, 4035, 880, 782, 748","690, 899, 828, 806, 817, 1311, 1383, 1133, 1250, 1184, 1045, 992, 909",Gambling
128,pariuri online,ro,77,1400,8.00,1.33,pariuri sportive,2026-06-21 11:36:33,,2400,12000,14000,2015-09-01,"Informational,Commercial,Transactional,Non-branded,Non-local",Romanian,"1209, 1095, 1289, 1289, 1491, 1582, 1544, 1404, 1550, 1512, 1351, 1264, 1196, 1083, 1276, 1277, 1478, 1569, 1532, 1394, 1538, 1501, 1342, 1257","1189, 1077, 1269, 1271, 1471, 1561, 1525, 1388, 1532, 1496, 1337, 1252, 1185",Sports betting; Sports
129,casa pariurilor live,ro,46,1300,0.60,1.16,casa pariurilor verificare bilet,2026-06-28 08:38:55,,2500,1500,1700,2015-09-07,"Navigational,Transactional,Branded,Non-local",Romanian,"1769, 2220, 2431, 2239, 1999, 2216, 2045, 1854, 1786, 1433, 1258, 1262, 1229, 974, 1455, 1090, 1121, 1225, 1103, 1515, 1666, 2002, 1502, 1036","465, 879, 1328, 1298, 1571, 1378, 1454, 1696, 1944, 2182, 1714, 1186, 643",Sports betting
130,liga 1 betano,ro,51,1300,0.90,0.56,poziții superliga,2026-06-07 14:46:09,,2500,733000,833000,2017-07-16,"Informational,Commercial,Branded,Non-local",Romanian,"41, 1272, 1713, 1351, 1119, 1417, 1523, 320, 2014, 1206, 1277, 1244, 93, 1417, 1857, 1495, 1263, 1561, 1667, 464, 2158, 1350, 1421, 1388","237, 1561, 2001, 1639, 1407, 1705, 1811, 608, 2302, 1494, 1565, 1533, 381",Sports betting; Soccer
131,casa pariurilor jocuri,ro,57,1300,1.00,,casa pariurilor,2026-06-24 16:23:57,,1400,347000,379000,2015-12-15,"Informational,Navigational,Branded,Non-local",Romanian,"2693, 2314, 1867, 1874, 2276, 2306, 2291, 2314, 2261, 2271, 1539, 2291, 1477, 1274, 1512, 1251, 1498, 1430, 1583, 1325, 1238, 988, 840, 930","804, 823, 816, 742, 805, 846, 852, 915, 911, 986, 740, 831, 719",Sports betting
132,superbet verifica bilet,ro,54,1300,1.20,1.49,verificare bilet superbet,2026-06-14 03:27:36,"Sitelinks,Video preview",1400,69000,70000,2015-09-14,"Navigational,Transactional,Branded,Non-local",Romanian,"1184, 1443, 1437, 1480, 2157, 1718, 1719, 1482, 1180, 2159, 1744, 1197, 789, 1460, 1775, 2540, 1713, 1400, 964, 992, 1101, 1086, 993, 960","834, 945, 982, 999, 982, 880, 948, 953, 1061, 1046, 953, 921, 794",Sports betting
133,verificare bilete superbet,ro,64,1300,0.70,,verificare bilet superbet,2026-06-20 08:25:50,"Sitelinks,Video preview",1400,70000,70000,2015-11-01,"Informational,Navigational,Branded,Non-local",Romanian,"839, 688, 822, 832, 834, 985, 961, 1509, 927, 1227, 969, 965, 943, 996, 1233, 952, 1232, 1703, 1566, 1581, 1587, 1265, 998, 1271","1274, 1284, 1352, 1278, 1388, 1301, 1658, 1458, 1437, 1574, 1366, 1387, 1390",Sports betting
134,betmen .ro,ro,58,1200,0.80,,betmen,2026-06-20 19:56:02,Sitelinks,1200,16000,17000,2023-08-17,"Navigational,Branded,Non-local",,"1089, 1042, 1042, 1043, 1036, 1211, 1220, 1435, 1038, 1050, 1120, 1083, 1126, 1079, 1080, 1080, 1074, 1249, 1258, 1473, 1076, 1088, 1158, 1121","1164, 1117, 1118, 1118, 1112, 1287, 1296, 1511, 1114, 1126, 1196, 1158",Sports betting
135,superbet verificare,ro,58,1200,0.60,1.47,verificare bilet superbet,2026-06-16 18:15:54,"Sitelinks,Video preview",1300,69000,70000,2015-09-19,"Informational,Transactional,Branded,Non-local",Romanian,"1491, 1609, 1851, 2077, 1935, 1658, 1448, 1588, 1881, 1628, 1295, 1120, 998, 1108, 1379, 1605, 1484, 1212, 1019, 1166, 1474, 1229, 908, 742","630, 749, 1030, 1264, 1153, 889, 705, 859, 1176, 938, 625, 466, 362",Sports betting
136,oferta completa casa pariurilor fotbal,ro,51,1200,0.60,,casa pariurilor,2026-06-11 05:19:45,"Sitelinks,Video preview",1200,333000,365000,2019-02-26,"Informational,Commercial,Transactional,Branded,Non-local",Romanian,"2442, 2443, 2096, 2510, 2531, 2551, 3065, 3750, 2038, 1665, 1606, 1376, 839, 1141, 1109, 1357, 1373, 1300, 1383, 1245, 1310, 994, 875, 874","744, 882, 868, 930, 1818, 1457, 1387, 1278, 1344, 1020, 898, 897, 764",Sports betting; Soccer
137,casino romania online,ro,83,1200,2.00,,cazinouri online,2026-06-20 05:19:30,,2000,52000,57000,2016-05-13,"Informational,Commercial,Transactional,Non-branded,Non-local",English,"399, 396, 399, 328, 386, 321, 398, 408, 472, 652, 667, 667, 587, 866, 875, 989, 1022, 1210, 1468, 1323, 1333, 1483, 1340, 1434","1314, 1394, 1460, 1468, 1495, 1294, 1370, 1381, 1381, 1524, 1370, 1460, 1333",Gambling
138,meciul de azi,ro,59,1200,0.05,0.58,meciuri azi,2026-06-18 02:25:31,Image pack,1600,123000,132000,2015-09-04,"Informational,Non-branded,Non-local",Romanian,"4831, 4081, 1457, 1827, 2230, 1706, 849, 1092, 1294, 2146, 1375, 1459, 1847, 1523, 1238, 1196, 1448, 1425, 913, 776, 844, 998, 837, 942","1816, 1413, 959, 1018, 1025, 1020, 772, 628, 732, 1000, 745, 926, 1759",Live sporting events; Sports news; Soccer
139,betano.,ro,70,1200,1.00,,betano,2026-06-13 12:55:03,Sitelinks,44000,470000,475000,2016-10-05,"Informational,Navigational,Commercial,Transactional,Branded,Non-local",,"992, 786, 813, 863, 946, 1217, 1387, 1131, 938, 1272, 1097, 1038, 1125, 919, 946, 996, 1080, 1350, 1520, 1264, 1071, 1405, 1230, 1171","1258, 1053, 1080, 1129, 1213, 1483, 1654, 1398, 1205, 1538, 1363, 1305, 1391",Sports betting
140,superbet program,ro,60,1200,0.35,0.92,program superbet,2026-06-17 18:53:10,,1300,4000,4000,2015-09-09,"Informational,Branded,Local",Romanian,"844, 635, 846, 784, 800, 981, 2578, 1494, 945, 1040, 2318, 1406, 838, 630, 841, 779, 795, 976, 2563, 1486, 940, 1035, 2307, 1399","834, 628, 837, 776, 792, 972, 2554, 1481, 937, 1032, 2300, 1395, 832",Sports betting; Business
141,casa.pariurilor,ro,27,1200,1.30,1.08,casa pariurilor,2026-06-19 01:55:45,Sitelinks,1300,347000,380000,2015-09-02,"Navigational,Branded,Non-local",Romanian,"1042, 966, 974, 1025, 1011, 1014, 1189, 1218, 1080, 1307, 1276, 1537, 1008, 1166, 1221, 1352, 1256, 1056, 1294, 1304, 1273, 1291, 1197, 1196","1107, 1126, 1184, 1206, 1235, 1188, 1274, 1308, 1277, 1295, 1201, 1200, 1111",Sports betting
142,casa de pariuri,ro,69,1200,3.00,1.07,casa pariurilor,2026-06-21 11:09:32,"Sitelinks,Knowledge panel",1500,347000,379000,2015-09-01,"Informational,Navigational,Commercial,Branded,Non-local",Romanian,"1464, 919, 943, 969, 1479, 1227, 1186, 1224, 1494, 1738, 1517, 2237, 1192, 1087, 1347, 1330, 1310, 968, 991, 1389, 1441, 1337, 1211, 1323","1203, 1122, 1244, 1152, 1325, 1308, 1328, 1365, 1419, 1319, 1196, 1308, 1191",Sports betting
143,casa pariurilor fotbal azi,ro,53,1100,0.60,,casa pariurilor oferta fotbal azi,2026-06-20 07:51:20,"Sitelinks,Video preview",1200,1700,1900,2018-02-15,"Navigational,Transactional,Branded,Non-local",Romanian,"2065, 1760, 2046, 2583, 3079, 786, 636, 1740, 1679, 1717, 1115, 970, 933, 1424, 1118, 1724, 1376, 922, 389, 958, 1344, 594, 1048, 1101","783, 739, 833, 826, 842, 357, 216, 656, 998, 284, 739, 808, 499",Sports betting; Soccer
144,ponturi fotbal,ro,54,1100,0.45,1.88,ponturi fotbal azi,2026-06-09 11:46:03,,1300,3700,4800,2015-09-03,"Informational,Commercial,Non-branded,Non-local",Romanian,"881, 892, 1274, 1142, 1210, 1207, 1179, 1105, 1531, 1395, 1139, 1021, 832, 842, 1203, 1078, 1142, 1138, 1111, 1041, 1443, 1314, 1073, 961","783, 792, 1131, 1013, 1073, 1069, 1044, 978, 1354, 1233, 1006, 901, 734",Sports betting; Soccer
145,cazinou online,ro,80,1100,3.50,,fortuna casino,2026-06-14 13:29:21,,1500,38000,43000,2015-11-11,"Informational,Commercial,Transactional,Non-branded,Non-local",Romanian,"386, 474, 477, 589, 590, 474, 3744, 4506, 571, 812, 955, 692, 584, 898, 1060, 1122, 1136, 1147, 961, 1100, 1433, 1486, 1452, 1009","951, 1044, 1042, 1123, 1344, 1195, 3191, 3148, 1417, 1562, 1376, 1238, 1163",Gambling
146,casa pariurilor login,ro,0,1100,1.80,1.06,casa pariurilor,2026-06-09 15:00:42,Sitelinks,1400,332000,364000,2015-09-25,"Navigational,Transactional,Branded,Non-local",Romanian,"1459, 931, 1167, 1464, 1206, 1168, 921, 799, 881, 1175, 1193, 931, 782, 918, 913, 1182, 1179, 881, 1220, 1129, 1142, 1235, 1099, 1182","1078, 1006, 998, 1073, 1101, 1136, 1106, 1133, 1147, 1239, 1103, 1186, 1083",Sports betting
147,superbet fotbal azi,ro,51,1100,0.25,,superbet oferta,2026-06-08 13:24:41,Sitelinks,1200,50000,51000,2017-10-30,"Informational,Commercial,Branded,Non-local",Romanian,"262, 625, 768, 629, 934, 1159, 1431, 1740, 1410, 1428, 1148, 1153, 621, 630, 773, 773, 1142, 1391, 1744, 2446, 2439, 618, 532, 625","472, 403, 374, 343, 400, 468, 519, 648, 675, 561, 533, 469, 316",Sports betting; Soccer
148,casa pariurilor deschis acum,ro,16,1100,1.00,,casa pariurilor,2026-06-18 02:54:21,"Sitelinks,Knowledge panel",1100,348000,380000,2023-11-18,"Informational,Navigational,Commercial,Transactional,Branded,Local",Romanian,"438, 365, 366, 451, 451, 364, 450, 566, 446, 557, 677, 550, 800, 843, 944, 927, 830, 959, 1262, 1150, 1187, 1220, 1231, 1270","1312, 1320, 1356, 1372, 1385, 1389, 1437, 1438, 1476, 1509, 1519, 1559, 1600",Sports betting
149,cote alegeri prezidentiale,ro,22,1100,0.20,,pariuri politice,2026-05-20 10:42:29,Image pack,1200,700,700,2016-11-03,"Informational,Non-branded,Non-local",Romanian,"89, 111, 112, 138, 394, 586, 4531, 18636, 41, 50, 322, 1010, 12334, 50, 28, 30, 26, 24, 27, 27, 17, 15, 13, 18",,Sports betting
150,superbet rezultate,ro,54,1100,0.45,1.03,meci live,2026-06-11 03:46:03,,1100,10000,14000,2015-09-13,"Informational,Branded,Non-local",Romanian,"1189, 1271, 1393, 1477, 1446, 1227, 1118, 1284, 1400, 1315, 1144, 1046, 1011, 1092, 1218, 1302, 1275, 1056, 951, 1118, 1237, 1153, 984, 888","854, 937, 1066, 1151, 1126, 909, 806, 975, 1095, 1013, 846, 751, 719",Sports betting; Statistics
151,pariuri sportive online,ro,81,1000,5.00,1.29,unibet.ro,2026-06-19 01:08:00,Sitelinks,2000,15000,16000,2015-09-02,"Informational,Commercial,Transactional,Non-branded,Non-local",Romanian,"936, 911, 909, 928, 979, 1229, 1152, 1185, 1279, 1055, 940, 846, 936, 911, 909, 928, 979, 1229, 1152, 1185, 1279, 1055, 940, 846","936, 911, 909, 928, 979, 1229, 1152, 1185, 1279, 1055, 940, 846, 936",Sports betting
152,pariuri,ro,73,1000,6.00,0.74,pariuri sportive,2026-06-21 09:07:00,"Top stories,Thumbnail,Local pack,Video preview",1500,12000,14000,2015-09-01,"Informational,Commercial,Non-branded,Non-local",Romanian,"709, 761, 1025, 1069, 1210, 1248, 1136, 917, 1307, 1151, 906, 805, 675, 729, 993, 1039, 1181, 1220, 1108, 891, 1282, 1127, 883, 782","653, 708, 973, 1019, 1162, 1201, 1091, 874, 1265, 1111, 867, 767",Sports betting
153,betfair sportsbook,ro,58,1000,0.90,1.07,pariuri sportive,2026-06-10 12:11:25,"People also ask,Video preview",107000,900,900,2015-09-07,"Informational,Commercial,Transactional,Branded,Non-local",English,"573, 480, 818, 1076, 1542, 1032, 711, 807, 800, 1036, 1049, 1278, 777, 831, 1058, 1045, 1262, 1272, 853, 825, 907, 859, 721, 692","657, 644, 783, 779, 815, 737, 652, 612, 652, 647, 487, 486",Sports betting
154,betano. ro,ro,58,1000,1.70,,betano,2026-06-15 05:40:21,Sitelinks,1700,469000,473000,2018-01-20,"Navigational,Transactional,Branded,Non-local",,"1315, 1371, 1378, 1128, 1132, 919, 1196, 1143, 914, 947, 1049, 938, 595, 637, 718, 1059, 1047, 1024, 1387, 1308, 1200, 1180, 1148, 1112","1017, 1005, 994, 946, 1156, 1248, 1402, 1308, 1200, 1180, 1148, 1112, 1017",Sports betting
155,sloturi online,ro,81,1000,5.00,1.73,sloturi,2026-06-25 23:52:04,Video preview,1600,1100,1100,2015-09-18,"Informational,Commercial,Non-branded,Non-local",Romanian,"611, 768, 583, 851, 853, 727, 818, 625, 707, 850, 1041, 896, 759, 945, 941, 1365, 1099, 979, 1049, 1118, 1066, 1113, 1090, 999","938, 998, 974, 1003, 1002, 1015, 1040, 1110, 1058, 1105, 1082, 991",Gambling
156,casa pariurilor lucky six,ro,4,1000,1.50,1.22,lucky six,2026-06-22 04:32:39,,1000,1700,1700,2015-09-24,"Informational,Branded,Non-local",Romanian,"18, 55, 112, 164, 208, 690, 572, 586, 721, 1094, 1549, 1858, 1776, 836, 1060, 1554, 1862, 712, 325, 387, 381, 428, 441, 458","434, 368, 424, 450, 467, 399, 393, 387, 380, 428, 440, 457",Lottery
157,case de pariuri,ro,74,1000,6.00,0.98,unibet.ro,2026-06-16 17:35:22,Sitelinks,1400,14000,15000,2015-09-09,"Informational,Commercial,Non-branded,Non-local",Romanian,"943, 897, 1009, 1023, 1307, 1242, 1219, 1066, 1079, 1037, 1124, 930, 898, 854, 960, 973, 1243, 1181, 1159, 1013, 1026, 986, 1068, 883","853, 811, 911, 924, 1179, 1120, 1099, 961, 972, 934, 1012, 837, 808",Sports betting; Business
158,casa jocuri,ro,41,1000,0.90,,casa pariurilor casino,2026-06-10 12:17:36,Sitelinks,1200,36000,39000,2015-12-28,"Informational,Commercial,Transactional,Branded,Non-local",Romanian,"832, 878, 904, 800, 833, 930, 981, 1044, 1001, 919, 900, 911, 902, 945, 968, 861, 891, 985, 1034, 1094, 1048, 965, 943, 952","941, 982, 1004, 895, 924, 1016, 1063, 1123, 1075, 990, 968, 976, 963",Sports betting
159,unibet romania,ro,20,1000,0.30,1.09,unibet,2026-06-07 11:30:10,Sitelinks,3700,125000,131000,2015-09-04,"Informational,Navigational,Commercial,Branded,Non-local",English,"931, 841, 908, 1003, 1169, 1059, 1193, 1029, 1085, 1109, 994, 1069, 929, 840, 907, 1003, 1168, 1058, 1193, 1029, 1085, 1108, 993, 1069","929, 840, 907, 1003, 1168, 1058, 1193, 1029, 1085, 1108, 993, 1069, 929",Sports betting
160,oferta casa pariurilor,ro,20,1000,0.70,1.08,casa pariurilor,2026-06-20 11:56:59,Sitelinks,1200,347000,380000,2015-09-01,"Informational,Commercial,Branded,Non-local",Romanian,"1549, 1577, 1783, 1791, 1779, 2082, 2085, 2124, 1758, 1779, 1595, 1259, 834, 970, 988, 1402, 2235, 1264, 877, 435, 2231, 397, 267, 227","193, 164, 140, 2111, 2240, 1316, 890, 312, 2250, 432, 38, 32, 27",Sports betting
161,casa pariurilor loto,ro,36,1000,0.90,1.28,loto online,2026-06-24 12:52:33,Sitelinks,1100,4700,4800,2015-09-04,"Informational,Commercial,Branded,Non-local",Romanian,"1055, 993, 1046, 1051, 1033, 1078, 1196, 1142, 1218, 1101, 986, 905, 1017, 956, 1009, 1015, 998, 1043, 1162, 1109, 1186, 1069, 955, 874","987, 926, 980, 987, 970, 1016, 1136, 1083, 1160, 1044, 930, 850, 963",Lottery
162,casa pariu,ro,21,900,2.50,1.08,casa pariurilor,2026-06-12 10:05:22,Sitelinks,1000,334000,366000,2015-09-01,"Informational,Navigational,Commercial,Transactional,Branded,Non-local",Romanian,"518, 537, 649, 730, 702, 695, 700, 591, 485, 745, 841, 1073, 887, 1046, 901, 749, 910, 872, 881, 782, 809, 835, 831, 843","800, 880, 906, 876, 880, 808, 818, 719, 745, 771, 767, 780",Sports betting
163,netbetcasino,ro,81,900,0.60,1.08,netbet,2026-06-17 05:35:20,Sitelinks,2100,145000,148000,2016-04-05,"Informational,Navigational,Commercial,Transactional,Branded,Non-local",,"1113, 1352, 1103, 908, 1119, 924, 1118, 1112, 909, 908, 1359, 1358, 1107, 755, 750, 751, 761, 759, 1135, 826, 754, 786, 817, 805","777, 752, 725, 699, 791, 808, 1073, 813, 745, 779, 810",Gambling
164,superbet verificare bilet cod,ro,58,900,2.50,1.3,verificare bilet superbet,2026-06-15 19:03:47,"Sitelinks,Video preview",1000,69000,70000,2015-09-01,"Informational,Navigational,Branded,Non-local",Romanian,"430, 424, 549, 428, 535, 551, 534, 816, 792, 1776, 642, 541, 428, 433, 436, 427, 535, 1802, 1733, 395, 1489, 1394, 1214, 541","635, 849, 894, 1111, 1344, 602, 630, 718, 685, 735, 579, 352",Sports betting
165,uni bet,ro,61,900,0.20,1.12,unibet.ro,2026-06-18 23:27:10,Video preview,9000,15000,16000,2015-09-23,"Informational,Navigational,Commercial,Transactional,Branded,Non-local",,"893, 741, 737, 747, 902, 890, 1105, 1124, 1105, 1085, 890, 900, 730, 739, 905, 902, 931, 927, 939, 935, 926, 925, 771, 885","858, 821, 865, 838, 887, 910, 967, 951, 935, 914, 876, 885, 858",Sports betting
166,superbet. ro,ro,62,900,1.30,,superbet,2026-06-16 16:53:53,Sitelinks,1200,1550000,1620000,2015-12-18,"Navigational,Transactional,Branded,Non-local",,"900, 914, 903, 929, 995, 988, 1021, 1199, 924, 954, 793, 810, 777, 816, 824, 962, 967, 961, 1031, 1018, 1005, 952, 939, 915","918, 936, 932, 946, 1034, 995, 1019, 1060, 1047, 992, 978, 953, 956",Sports betting; Sports
167,fotbal superbet,ro,40,900,2.50,,superbet oferta,2026-06-07 17:08:55,Sitelinks,1000,50000,51000,2016-08-23,"Navigational,Transactional,Branded,Non-local",Romanian,"902, 821, 829, 1186, 1220, 1213, 1206, 1248, 1205, 967, 830, 841, 659, 978, 1168, 911, 1171, 885, 952, 965, 920, 894, 818, 821","706, 727, 712, 742, 780, 779, 780, 767, 758, 710, 657, 648, 548",Sports betting; Soccer
168,netbet login,ro,70,900,1.20,1.19,netbet login,2026-06-15 06:15:18,,11000,2500,2800,2015-10-19,"Navigational,Transactional,Branded,Non-local",English,"622, 768, 1150, 932, 757, 760, 752, 752, 745, 744, 906, 916, 910, 784, 792, 676, 803, 992, 1460, 1095, 985, 960, 948, 907","902, 903, 981, 960, 1006, 1124, 1217, 928, 841, 802, 804, 755, 760",Sports betting
169,netbet poker,ro,39,900,1.50,1.11,netbet poker,2026-06-13 17:28:35,Sitelinks,3200,1000,1100,2015-09-02,"Informational,Navigational,Commercial,Transactional,Branded,Non-local",,"691, 834, 832, 682, 820, 836, 1013, 1011, 831, 815, 840, 1017, 829, 912, 787, 781, 937, 952, 950, 1086, 985, 984, 1006, 945","895, 861, 871, 829, 913, 891, 988, 1095, 991, 990, 1010, 948, 898",Casino games
170,biletul zilei cota mare,ro,64,900,0.25,,biletul zilei,2026-06-20 00:52:59,Video preview,1100,6600,7500,2016-05-12,"Informational,Commercial,Branded,Non-local",Romanian,"1113, 1362, 1626, 1379, 1384, 1372, 1587, 2012, 1577, 1138, 769, 863, 504, 900, 1153, 905, 825, 940, 969, 975, 1000, 847, 818, 788","717, 1047, 1001, 932, 915, 891, 872, 949, 978, 831, 806, 778, 709",Sports betting
171,onlinesport,ro,80,900,0.40,0.99,sport.ro online,2026-06-20 00:25:09,Sitelinks,1900,1900,3200,2015-09-01,"Informational,Navigational,Branded,Non-local",,"1046, 1037, 1114, 1089, 1086, 1013, 894, 942, 969, 863, 1009, 905, 966, 957, 1035, 1009, 1006, 933, 814, 862, 889, 783, 929, 825","886, 877, 955, 930, 926, 854, 734, 782, 809, 703, 849, 745, 806",Sports news; Sports
172,flashscore .ro,ro,70,900,,0.95,flashscore,2026-06-14 09:38:06,"Sitelinks,Video preview",2300,307000,381000,2015-09-03,"Informational,Navigational,Branded,Non-local",,"35, 87, 481, 2, 3, 70, 550, 584, 311, 726, 710, 1686, 974, 572, 1387, 799, 381, 466, 635, 339, 233, 192, 2134, 1331",1216,Statistics
173,unibet. ro,ro,46,900,,,pariuri sportive,2026-06-09 15:15:43,,1900,11000,11000,2016-03-05,"Navigational,Branded,Non-local",,"421, 784, 901, 694, 630, 579, 964, 799, 817, 877, 987, 669, 583, 790, 972, 875, 926, 968, 1185, 809, 771, 1003, 913, 446",663,Sports betting
174,superber,ro,6,800,0.50,0.86,superbet,2026-06-16 15:26:47,"Sitelinks,Video preview",20000,1550000,1620000,2015-09-17,"Informational,Non-branded,Non-local",English,"599, 588, 585, 707, 722, 730, 735, 845, 810, 841, 724, 704, 560, 611, 702, 714, 834, 799, 876, 849, 849, 842, 776, 738","701, 718, 766, 785, 828, 802, 817, 852, 851, 844, 778, 740, 702",/Other
175,.net,ro,51,800,0.04,0.68,netflix,2026-06-16 18:03:48,"AI Overview,Thumbnail,Sitelinks,Video preview",154000,389000,25200000,2015-09-01,"Informational,Branded,Non-local",,"828, 809, 762, 798, 816, 833, 750, 825, 880, 906, 854, 841, 828, 809, 761, 798, 816, 833, 750, 825, 880, 906, 854, 841","828, 809, 761, 798, 816, 833, 750, 825, 880, 906, 854, 841, 828",Development; Development; Technical reference; Computer science
176,superbet rezultate live,ro,48,800,0.35,1.06,rezultate live,2026-06-16 08:24:04,,1000,17000,21000,2015-09-04,"Informational,Navigational,Branded,Non-local",Romanian,"713, 757, 818, 870, 845, 873, 808, 973, 972, 915, 769, 812, 713, 757, 818, 870, 845, 873, 808, 973, 972, 915, 769, 812","713, 757, 818, 869, 845, 873, 808, 973, 972, 915, 769, 812, 713",Sports betting; Statistics
177,netbet sports,ro,62,800,0.45,,netbet.ro,2026-06-15 16:11:04,Sitelinks,3100,11000,13000,2015-11-04,"Navigational,Transactional,Branded,Non-local",English,"843, 842, 873, 845, 866, 919, 844, 804, 848, 906, 764, 752, 745, 745, 778, 750, 773, 826, 753, 713, 758, 816, 675, 664","659, 660, 692, 666, 689, 744, 671, 632, 677, 737, 597, 586, 581",Sports betting; Sports
178,superbet oferta de azi,ro,41,800,2.50,,superbet oferta,2026-06-10 15:24:48,Sitelinks,800,51000,52000,2015-10-17,"Informational,Commercial,Branded,Non-local",Romanian,"323, 395, 318, 312, 474, 713, 865, 713, 706, 740, 734, 515, 479, 518, 626, 756, 929, 907, 951, 881, 959, 976, 843, 777","709, 792, 750, 867, 879, 927, 920, 936, 1018, 1037, 896, 825",Sports betting
179,superbet pariuri sportive fotbal,ro,51,800,0.50,,superbet.ro,2026-06-25 23:37:23,"Top ads,Sitelinks",800,66000,75000,2016-11-24,"Navigational,Commercial,Transactional,Branded,Non-local",Romanian,"468, 258, 322, 581, 393, 391, 318, 476, 564, 482, 717, 253, 228, 729, 708, 384, 587, 559, 494, 600, 1015, 1297, 1888, 683","792, 877, 1079, 1223, 953, 970, 861, 1011, 1120, 1141, 1214, 938, 1080",Sports betting; Sports
180,riverbet,ro,46,800,1.60,1.03,river bets,2026-06-20 02:13:55,"Sitelinks,Video preview",900,700,700,2015-09-05,"Informational,Navigational,Branded,Non-local",,"1173, 1327, 1114, 1357, 1404, 1293, 1291, 1398, 1536, 1210, 1454, 965, 808, 902, 748, 898, 916, 830, 814, 866, 932, 718, 842, 544","442, 478, 381, 440, 427, 367, 338, 333, 328, 226, 230, 123, 76",Sports betting
181,cod bilet superbet,ro,48,800,0.90,,verificare bilet superbet,2026-06-05 13:20:45,"Sitelinks,Video preview,AI Overview",800,69000,70000,2015-10-06,"Informational,Commercial,Transactional,Branded,Non-local",Romanian,"214, 271, 264, 264, 396, 327, 407, 495, 385, 405, 407, 334, 269, 329, 272, 392, 615, 271, 354, 1363, 1676, 1355, 1086, 1178","1081, 1016, 983, 960, 976, 881, 868, 913, 861, 808, 709, 662, 584",Sports betting
182,slovacia keno 20/80,ro,0,800,0.15,,slovacia keno,2026-06-03 10:34:31,,800,18000,18000,2015-12-20,"Informational,Branded,Non-local",Romanian,"1541, 1280, 856, 1070, 1575, 1321, 1338, 1311, 1042, 1354, 1321, 1326, 782, 731, 868, 845, 1253, 722, 776, 854, 785, 877, 749, 761","719, 685, 689, 661, 791, 701, 832, 861, 793, 884, 757, 768, 726",Lottery
183,oferte superbet,ro,62,800,2.00,1.06,super bet,2026-06-16 15:43:34,Sitelinks,800,88000,90000,2015-10-17,"Informational,Commercial,Branded,Non-local",Romanian,"574, 728, 713, 568, 350, 434, 611, 833, 808, 620, 619, 522, 405, 385, 632, 810, 829, 803, 1161, 889, 858, 810, 811, 849","888, 871, 914, 938, 934, 930, 997, 1070, 1031, 969, 968, 1011, 1055",Sports betting
184,superbwt,ro,50,800,0.50,0.96,superbet,2026-06-22 04:13:22,"Sitelinks,Video preview",2700,1570000,1670000,2015-09-11,"Informational,Navigational,Commercial,Transactional,Branded,Local",,"576, 576, 584, 713, 712, 707, 727, 843, 813, 830, 701, 689, 561, 593, 687, 717, 836, 833, 900, 863, 829, 822, 743, 799","750, 780, 851, 871, 904, 880, 914, 879, 845, 838, 759, 815, 766",Sports betting; Sports
185,supebet,ro,54,800,0.50,1.01,superbet,2026-06-13 17:04:38,Sitelinks,7700,1560000,1620000,2015-09-04,"Informational,Commercial,Branded,Non-local",Romanian,"628, 611, 614, 776, 757, 768, 758, 891, 905, 935, 763, 746, 598, 632, 759, 780, 926, 889, 928, 921, 948, 957, 922, 913","836, 826, 884, 909, 946, 931, 943, 939, 965, 973, 936",Sports betting
186,meciuri azi superbet,ro,42,800,0.25,,superbet oferta,2026-06-09 15:15:11,"Sitelinks,Video preview",800,50000,51000,2017-01-08,"Informational,Commercial,Branded,Non-local",Romanian,"603, 490, 608, 747, 1110, 919, 739, 1115, 1535, 1353, 1355, 910, 481, 509, 606, 729, 915, 873, 913, 1128, 1372, 607, 499, 541","468, 443, 470, 460, 561, 560, 503, 660, 761, 690, 589, 520, 451",Sports betting; Soccer
187,superbet tenis,ro,9,800,1.90,,oferta de azi la superbet,2026-06-20 15:51:36,Sitelinks,800,2600,2600,2015-11-15,"Navigational,Transactional,Branded,Non-local",Romanian,"674, 679, 558, 555, 819, 563, 303, 683, 553, 924, 932, 1225, 1163, 1229, 1167, 667, 925, 754, 208, 565, 521, 613, 571, 697","674, 645, 603, 552, 626, 532, 443, 674, 629, 722, 679, 806, 782",Sports betting; Racquet sports
188,casa pariurilor.ro,ro,48,800,1.70,1.16,casa pariurilor,2026-06-28 04:03:48,Sitelinks,900,347000,379000,2015-09-01,"Informational,Navigational,Branded,Non-local",Romanian,"664, 768, 801, 873, 931, 867, 960, 866, 895, 804, 633, 653, 614, 711, 742, 810, 865, 806, 893, 807, 835, 750, 592, 611","575, 666, 696, 761, 813, 758, 841, 761, 788, 708, 559, 578",Sports betting
189,biletul zilei pariu sigur,ro,61,800,0.30,1.79,biletul zilei,2026-06-16 06:57:28,"Sitelinks,Video preview",1000,8000,8900,2016-02-16,"Informational,Branded,Non-local",Romanian,"429, 337, 964, 617, 975, 1103, 888, 1002, 620, 1065, 585, 482, 512, 420, 1047, 700, 1059, 1186, 971, 1085, 704, 1148, 668, 565","595, 503, 1130, 783, 1142, 1270, 1054, 1168, 787, 1231, 751",Sports betting
190,fotbal astazi,ro,61,800,0.35,0.96,meciuri azi,2026-06-16 16:27:02,Video preview,1300,69000,76000,2015-10-03,"Informational,Commercial,Non-branded,Non-local",Romanian,"1369, 1386, 957, 769, 959, 788, 609, 622, 628, 799, 630, 630, 656, 764, 718, 735, 765, 920, 776, 722, 753, 807, 727, 725","800, 818, 833, 767, 759, 763, 678, 640, 669, 725, 645, 644, 719",Live sporting events; Sports news; Soccer
191,verificarea bilet superbet,ro,45,800,3.00,,verificare bilet superbet,2026-06-16 10:57:48,"Sitelinks,Video preview",900,69000,70000,2016-03-03,"Informational,Navigational,Branded,Non-local",Romanian,"560, 565, 624, 641, 733, 633, 832, 1052, 887, 640, 644, 567, 526, 531, 775, 966, 903, 857, 928, 881, 890, 880, 872, 911","755, 815, 1001, 963, 989, 872, 890, 988, 997, 985, 974, 1017, 842",Sports betting
192,unibet pariuri,ro,47,800,0.35,1.14,pariuri sportive,2026-06-27 11:28:18,"Sitelinks,Video preview",1100,13000,16000,2015-10-31,"Navigational,Commercial,Transactional,Branded,Non-local",Romanian,"333, 269, 220, 272, 230, 183, 412, 410, 399, 486, 739, 749, 327, 553, 673, 973, 827, 970, 1072, 973, 907, 907, 952, 896","839, 858, 906, 940, 1047, 991, 1075, 984, 919, 918, 964, 908, 851",Sports betting
193,loto polonia superbet,ro,57,800,0.90,1.2,superbet loto,2026-06-17 10:19:46,"Video preview,Image pack",900,13000,13000,2015-09-02,"Informational,Commercial,Branded,Non-local",Romanian,"1393, 1229, 827, 826, 986, 1377, 1388, 1224, 986, 997, 1006, 991, 794, 545, 674, 665, 814, 1171, 1000, 928, 868, 967, 756, 828","834, 809, 739, 762, 999, 1147, 922, 924, 863, 963, 752, 825, 831",Lottery
194,senatorbet,ro,58,800,0.30,1.06,senator bet pariuri sportive,2026-06-18 20:06:44,,800,2200,2200,2015-09-01,"Informational,Commercial,Branded,Local",,"325, 276, 235, 469, 869, 926, 727, 971, 2786, 2155, 440, 54, 46, 39, 33, 414, 823, 875, 682, 923, 2742, 2110, 398, 8","7, 6, 5, 377, 787, 839, 647, 890, 2710, 2078, 367, 1, 1",Sports betting; Business
195,betano pariuri,ro,38,800,1.70,1.04,betano,2026-06-10 09:39:04,"Sitelinks,Top stories,Thumbnail,Video preview",1200,471000,475000,2016-04-26,"Navigational,Commercial,Transactional,Branded,Non-local",Romanian,"2013, 1710, 1421, 1101, 1402, 1076, 1419, 1082, 930, 911, 912, 759, 501, 713, 837, 826, 1004, 873, 1054, 796, 870, 847, 942, 925","895, 582, 531, 505, 871, 918, 980, 740, 816, 792, 887, 871, 842",Sports betting
196,case pariuri,ro,73,800,5.00,1.04,pariuri sportive,2026-06-12 03:39:28,Sitelinks,1000,11000,11000,2015-09-07,"Informational,Non-branded,Non-local",Romanian,"758, 723, 610, 731, 735, 883, 907, 882, 889, 907, 907, 1065, 629, 729, 722, 797, 795, 705, 762, 829, 817, 833, 789, 825","800, 731, 733, 791, 813, 860, 848, 840, 827, 844, 799, 835, 811",Sports betting
197,casa pariurilor aplicatie,ro,20,800,2.50,0.98,casa pariurilor,2026-06-15 20:57:41,Sitelinks,900,347000,379000,2015-09-21,"Informational,Transactional,Branded,Non-local",Romanian,"805, 715, 774, 753, 962, 777, 975, 757, 961, 793, 766, 651, 768, 670, 730, 709, 918, 737, 931, 712, 917, 751, 724, 611","726, 630, 689, 669, 876, 696, 889, 672, 875, 711, 685, 572, 687",Sports betting; Add-ons
198,program superbet azi,ro,57,800,0.30,1.16,program superbet,2026-06-15 09:27:35,"AI Overview,Video preview",800,3900,3900,2015-11-30,"Informational,Branded,Non-local",Romanian,"74, 27, 61, 28, 28, 43, 2597, 369, 40, 77, 564, 112, 76, 25, 54, 41, 43, 88, 3765, 3796, 229, 388, 851, 743","105, 48, 48, 52, 650, 604, 858, 1703, 217, 368, 808, 706",Soccer
199,biletul zilei azi,ro,64,700,0.25,1.87,biletul zilei,2026-06-13 11:40:35,Video preview,1000,7800,8700,2015-09-05,"Informational,Commercial,Branded,Non-local",Romanian,"257, 329, 496, 610, 728, 705, 705, 728, 679, 706, 712, 721, 503, 664, 759, 717, 673, 956, 670, 707, 766, 741, 708, 701","586, 657, 722, 761, 792, 815, 780, 816, 875, 850, 817, 811, 696",Sports betting; Sports
200,ce meci e azi,ro,59,700,0.08,0.9,meciuri azi,2026-06-11 08:14:44,,800,58000,65000,2015-09-10,"Informational,Non-branded,Non-local",Romanian,"1765, 1764, 552, 565, 820, 828, 375, 563, 647, 1229, 827, 954, 1258, 831, 840, 677, 861, 716, 479, 489, 475, 496, 409, 412","629, 519, 338, 318, 300, 287, 169, 140, 172, 203, 143, 162",Soccer
201,casa pariurilor online,ro,34,700,1.80,1.18,casa pariurilor,2026-06-18 21:55:43,Sitelinks,900,347000,380000,2015-09-02,"Informational,Navigational,Commercial,Transactional,Branded,Non-local",Romanian,"657, 655, 729, 775, 818, 767, 845, 864, 946, 843, 705, 630, 600, 599, 668, 711, 751, 705, 777, 796, 873, 778, 652, 584","556, 556, 620, 661, 699, 657, 725, 744, 816, 728, 610, 547, 522",Sports betting
202,unibet login,ro,79,700,0.09,1.07,unibet.ro login,2026-06-09 12:18:24,,39000,1900,2800,2015-12-02,"Navigational,Transactional,Branded,Non-local",English,"868, 751, 517, 525, 751, 875, 893, 757, 742, 847, 764, 741, 623, 791, 534, 436, 624, 779, 907, 799, 819, 868, 861, 804","751, 769, 773, 695, 819, 793, 875, 800, 819, 868, 862, 804, 751",Sports betting
203,ponturi pariuri experti,ro,65,700,0.30,1.73,ponturi pariuri,2026-06-28 16:29:35,,1100,11000,13000,2018-07-01,"Informational,Non-branded,Non-local",Romanian,"987, 977, 977, 1244, 855, 857, 857, 896, 698, 708, 722, 988, 718, 752, 732, 762, 899, 762, 562, 747, 725, 781, 656, 705","640, 685, 673, 754, 737, 724, 672, 722, 701, 754, 634, 681, 618",Sports betting
204,www.superbet.ro,ro,66,700,1.30,1.08,superbet,2026-06-27 18:34:00,Sitelinks,900,1580000,1630000,2015-09-02,"Navigational,Branded,Non-local",,"686, 544, 748, 789, 765, 754, 676, 617, 627, 651, 593, 744, 679, 539, 742, 784, 760, 750, 673, 615, 626, 649, 592, 742","678, 538, 741, 784, 760, 750, 673, 615, 625, 649, 591, 742, 678",Sports betting
205,jocuri online casino,ro,83,700,2.50,1.35,cazinouri online,2026-06-28 16:20:20,,1300,68000,73000,2015-11-28,"Informational,Commercial,Transactional,Non-branded,Non-local",Romanian,"178, 223, 234, 285, 283, 346, 347, 419, 384, 479, 371, 469, 378, 571, 530, 846, 562, 824, 756, 815, 740, 790, 772, 771","725, 757, 756, 785, 767, 788, 797, 856, 780, 831, 813, 812",Gambling
206,casa par,ro,19,700,1.00,0.93,casa pariurilor,2026-06-14 15:04:44,"Sitelinks,Video preview",1000,346000,378000,2015-09-07,"Informational,Non-branded,Local","Spanish,Portuguese","678, 786, 802, 866, 848, 813, 646, 725, 827, 759, 615, 788, 664, 770, 785, 848, 830, 796, 632, 710, 809, 743, 602, 771","650, 753, 768, 830, 812, 779, 619, 695, 792, 727, 589, 754, 636",Residential sales
207,netbet.ro casino,ro,63,700,0.80,,netbet login,2026-06-15 23:56:09,,1400,2500,2800,2017-01-22,"Navigational,Transactional,Branded,Non-local",English,"502, 474, 453, 353, 809, 710, 795, 514, 1386, 529, 1784, 603, 505, 476, 455, 355, 813, 714, 799, 516, 1393, 531, 1793, 606","507, 479, 457, 357, 817, 717, 803, 519, 1400, 534, 1802, 609, 510",Gambling
208,oferta superbet sambata,ro,52,700,1.80,,super bet,2026-06-14 19:04:53,Sitelinks,800,89000,91000,2016-11-12,"Informational,Commercial,Branded,Non-local",Romanian,"381, 475, 593, 594, 595, 589, 576, 575, 690, 578, 472, 386, 301, 393, 594, 689, 594, 837, 1016, 843, 944, 918, 838, 763","742, 774, 899, 850, 822, 829, 775, 700, 807, 780, 704, 629, 611",Sports betting
209,pariuri fotbal superbet,ro,36,700,1.80,,superbet oferta,2026-06-11 04:08:00,Sitelinks,800,51000,52000,2018-10-17,"Navigational,Transactional,Branded,Non-local",Romanian,"576, 477, 494, 720, 610, 724, 612, 610, 580, 198, 598, 484, 389, 407, 493, 583, 598, 818, 1055, 939, 948, 866, 901, 872","888, 907, 922, 935, 927, 933, 863, 891, 903, 820, 856, 826, 843",Sports betting; Soccer
210,superbet oferta azi,ro,35,700,3.50,,superbet oferta,2026-06-10 20:38:42,Sitelinks,700,51000,52000,2015-11-07,"Informational,Commercial,Branded,Non-local",Romanian,"686, 830, 1176, 1173, 1188, 1532, 1901, 1550, 1487, 1533, 1189, 1020, 291, 200, 558, 822, 680, 682, 874, 807, 916, 881, 760, 694","742, 799, 856, 929, 777, 735, 770, 813, 923, 887, 766, 699, 748",Sports betting
211,superbe,ro,57,700,1.80,0.25,superbet,2026-06-15 03:00:13,Sitelinks,6600,1560000,1620000,2015-09-04,"Informational,Navigational,Commercial,Branded,Non-local",Romanian,"819, 813, 810, 765, 797, 744, 716, 696, 684, 733, 617, 639, 802, 796, 793, 749, 780, 728, 701, 682, 669, 718, 604, 625","785, 780, 776, 733, 763, 713, 686, 667, 655, 703, 591, 612, 768",Sports betting; Sports
212,liste „u” cluj vs rapid bucureşti,ro,1,700,,,rapid bucureşti - „u” cluj,2026-05-15 05:07:18,Sitelinks,900,7700,8100,2022-12-07,"Informational,Branded,Non-local",Romanian,"0, 0, 0, 0, 0, 0, 0, 0, 236, 21, 44, 4584, 149, 19, 46, 4105, 42, 12, 8, 0, 0, 0, 0, 1",,Statistics
213,fotbal astăzi,ro,59,700,0.35,,meciuri azi,2026-06-15 14:03:26,Video preview,1000,68000,75000,2016-07-21,"Informational,Non-branded,Non-local",Romanian,"1209, 1200, 816, 663, 795, 670, 543, 557, 556, 703, 562, 549, 554, 670, 722, 724, 711, 869, 697, 577, 609, 699, 604, 614","663, 812, 888, 805, 796, 781, 649, 577, 608, 698, 603",Statistics
214,ponturi pariuri sportive,ro,67,700,0.70,1.98,ponturi pariuri,2026-06-17 13:40:27,Video preview,1000,13000,15000,2015-09-03,"Informational,Commercial,Non-branded,Non-local",Romanian,"459, 510, 621, 677, 666, 734, 655, 620, 898, 889, 686, 584, 456, 507, 617, 673, 663, 730, 652, 617, 894, 885, 683, 582","454, 505, 615, 671, 661, 728, 651, 616, 892, 883, 681, 581, 454",Sports betting; Sports
215,meciuri superbet,ro,28,700,1.20,,superbet oferta,2026-06-09 12:59:28,"Sitelinks,Video preview",700,50000,51000,2017-03-07,"Informational,Commercial,Branded,Non-local",Romanian,"628, 773, 263, 217, 337, 512, 954, 1172, 1408, 779, 782, 954, 403, 512, 635, 632, 776, 618, 634, 771, 849, 762, 571, 564","516, 560, 591, 544, 609, 655, 701, 798, 876, 789, 598",Sports betting
216,casa pariurilor rezultate,ro,41,700,1.00,1.18,casa pariurilor rezultate,2026-06-15 17:57:10,Sitelinks,1000,2100,2300,2015-09-02,"Informational,Branded,Non-local",Romanian,"562, 608, 867, 925, 937, 798, 828, 812, 929, 898, 730, 499, 441, 495, 750, 814, 824, 689, 719, 705, 822, 794, 626, 398","340, 396, 652, 717, 728, 594, 625, 613, 731, 704, 538, 310, 253",Sports betting; Sports
217,superbet pariuri fotbal,ro,35,700,1.70,,super bet,2026-06-15 18:04:10,Sitelinks,800,87000,89000,2016-03-29,"Navigational,Transactional,Branded,Non-local",Romanian,"579, 521, 577, 620, 779, 656, 699, 767, 791, 825, 775, 622, 582, 524, 580, 623, 782, 659, 702, 770, 794, 828, 778, 625","585, 527, 583, 626, 785, 662, 705, 773, 797, 831, 781, 628, 588",Sports betting; Soccer
218,pariuri online romania,ro,81,700,7.00,1.33,netbet sport,2026-06-08 09:55:11,Sitelinks,1000,9100,11000,2015-09-02,"Informational,Commercial,Non-branded,Non-local",Romanian,"536, 359, 307, 498, 580, 570, 608, 482, 347, 618, 616, 625, 508, 777, 726, 691, 676, 679, 695, 680, 690, 697, 684, 700","684, 687, 707, 721, 738, 691, 722, 703, 710, 715, 700",Sports betting
219,superbet.ro verificare bilet,ro,48,700,1.50,1.3,verificare bilet superbet,2026-06-14 05:08:49,"Sitelinks,Video preview",700,69000,70000,2015-09-02,"Informational,Navigational,Branded,Non-local",Romanian,"261, 256, 260, 323, 498, 211, 194, 311, 547, 584, 484, 484, 376, 592, 727, 798, 1026, 1221, 488, 527, 636, 524, 551, 499","474, 494, 483, 479, 491, 431, 379, 375, 399, 364, 344, 339",Sports betting
220,cele mai bune case de pariuri online,ro,68,700,3.00,1.49,pariuri sportive,2026-06-10 18:37:55,Sitelinks,900,11000,11000,2015-10-16,"Informational,Commercial,Non-branded,Non-local",Romanian,"344, 232, 286, 352, 352, 288, 351, 354, 409, 611, 424, 415, 287, 473, 689, 780, 631, 674, 789, 704, 783, 819, 688, 692","621, 600, 651, 727, 748, 747, 723, 713, 792, 828, 695, 699, 627",Sports betting
221,meciuri fotbal,ro,62,700,0.10,0.76,flashscore,2026-06-11 00:20:39,"Top stories,Thumbnail,Video preview",800,327000,424000,2015-09-04,"Informational,Non-branded,Non-local",Romanian,"1950, 1326, 637, 768, 964, 950, 519, 764, 766, 1177, 955, 1131, 1434, 757, 615, 627, 933, 990, 567, 487, 517, 698, 452, 609","746, 300, 310, 401, 478, 528, 251, 238, 274, 504, 277, 463, 619",Sports news; Soccer
222,unibet pariuri sportive,ro,42,700,0.30,,pariuri sportive,2026-06-11 00:21:44,Sitelinks,800,11000,11000,2015-09-16,"Informational,Navigational,Commercial,Branded,Non-local",Romanian,"768, 769, 514, 628, 774, 520, 427, 638, 506, 770, 630, 523, 333, 656, 986, 809, 813, 794, 845, 811, 749, 803, 705, 691","608, 639, 582, 666, 654, 723, 766, 715, 658, 710, 615, 602",Sports betting
223,biletul zilei lavinia,ro,61,700,0.30,,biletul zilei lavinia,2026-06-21 19:34:16,,800,600,600,2018-08-13,"Informational,Branded,Non-local",Romanian,"808, 695, 980, 963, 977, 975, 842, 965, 820, 698, 699, 845, 448, 562, 563, 553, 822, 857, 839, 860, 755, 707, 676, 728","620, 751, 731, 709, 751, 834, 801, 861, 756, 707, 677, 729, 621",Sports betting
224,meciuri de azi,ro,61,700,0.05,0.89,meciuri azi,2026-06-09 09:20:31,,1300,50000,55000,2015-09-12,"Informational,Commercial,Non-branded,Non-local",Romanian,"687, 415, 919, 1147, 1368, 1172, 690, 790, 946, 1366, 933, 929, 1120, 880, 730, 767, 964, 952, 646, 558, 615, 665, 535, 466","522, 359, 437, 459, 429, 412, 314, 246, 280, 381, 240, 207, 265",Live sporting events; Sports news; Soccer
225,casino netbet,ro,62,600,0.60,1.2,netbet login,2026-06-12 13:20:52,Video preview,4600,1700,1800,2015-12-15,"Navigational,Transactional,Branded,Non-local",Romanian,"832, 1003, 826, 682, 822, 680, 846, 836, 678, 686, 1008, 1028, 833, 673, 683, 647, 645, 673, 979, 617, 551, 470, 433, 342","279, 250, 427, 387, 415, 365, 1216, 544, 485, 413, 380, 300, 244",Gambling
226,cod bilet casa pariurilor,ro,24,600,0.90,,casa pariurilor verificare bilet,2026-06-11 03:41:31,Video preview,700,11000,11000,2015-10-06,"Informational,Commercial,Transactional,Branded,Non-local",Romanian,"593, 501, 752, 1364, 1373, 1073, 318, 1705, 1058, 305, 748, 238, 748, 633, 769, 936, 769, 413, 459, 685, 652, 544, 547, 454","534, 492, 535, 574, 574, 528, 447, 618, 586, 479, 482, 390, 471",Sports betting
227,casa pariurilor rezultate ieri,ro,42,600,0.35,,casa pariurilor rezultate,2026-06-17 07:53:49,,700,2100,2300,2016-01-20,"Informational,Branded,Non-local",Romanian,"425, 515, 512, 511, 540, 437, 359, 438, 517, 656, 545, 535, 349, 362, 544, 532, 636, 631, 658, 627, 663, 838, 641, 587","530, 560, 578, 655, 662, 593, 591, 652, 685, 862, 656, 599, 540",Sports betting; Sports news; Statistics
228,casa pariurilor apk,ro,31,600,1.80,1.1,casa pariurilor apk,2026-06-21 21:29:15,,800,1800,2100,2015-09-01,"Informational,Transactional,Branded,Non-local",Romanian,"1383, 1130, 1169, 1520, 1625, 1981, 2000, 1542, 796, 925, 678, 678, 441, 591, 716, 842, 702, 477, 763, 559, 513, 431, 359, 316","261, 208, 177, 219, 147, 99, 63, 53, 45, 39, 33, 28, 24",Sports betting; Add-ons
229,player pariuri,ro,48,600,0.25,,player pariuri,2026-05-28 05:22:27,Sitelinks,600,500,600,2022-12-24,"Informational,Commercial,Branded,Non-local",Romanian,"122, 184, 153, 185, 177, 215, 210, 164, 122, 313, 238, 197, 195, 481, 584, 464, 521, 734, 777, 730, 699, 706, 708, 687","675, 693, 688, 684, 695, 711, 722, 691, 659, 668, 669, 649",Sports betting
230,cote,ro,6,600,0.80,0.81,cote,2026-06-11 08:07:23,"Knowledge card,Top stories,Thumbnail,Video preview",58000,0,0,2015-09-01,"Informational,Non-branded,Non-local",Romanian,"731, 660, 628, 610, 597, 605, 546, 598, 617, 634, 599, 678, 723, 652, 621, 603, 590, 598, 539, 591, 610, 626, 592, 670","714, 644, 613, 595, 583, 590, 533, 584, 603, 619, 585, 662, 706",Bonds; Encyclopedias
231,pariuri sportive romania,ro,81,600,7.00,1.04,unibet.ro,2026-06-16 01:05:46,Sitelinks,900,14000,15000,2015-09-09,"Informational,Commercial,Non-branded,Non-local",Romanian,"356, 236, 229, 239, 308, 312, 305, 306, 294, 302, 441, 439, 360, 364, 441, 529, 542, 582, 605, 589, 713, 807, 519, 685","738, 672, 870, 963, 903, 899, 960, 874, 894, 933, 960, 1065, 1129",Sports betting; Sports
232,betano.com romania,ro,39,600,1.00,,betano,2026-06-09 16:51:03,Sitelinks,800,471000,475000,2021-04-07,"Informational,Navigational,Commercial,Branded,Non-local",English,"2258, 1831, 1840, 1789, 1835, 1519, 3424, 2311, 1237, 1226, 835, 809, 643, 663, 659, 813, 685, 680, 665, 547, 465, 395, 336, 285","243, 206, 218, 300, 333, 319, 593, 372, 233, 271, 143, 104",Sports betting
233,loto netbet,ro,61,600,1.80,1.07,italia keno,2026-06-28 05:10:17,Sitelinks,700,17000,17000,2016-01-23,"Navigational,Transactional,Branded,Non-local",Romanian,"1049, 1045, 916, 760, 923, 918, 1046, 1039, 927, 912, 919, 1045, 913, 623, 760, 627, 750, 515, 511, 646, 569, 606, 587, 605","647, 487, 445, 389, 363, 407, 448, 524, 456, 491, 477, 495, 540",Lottery
234,biletul zilei sigur 100,ro,65,600,0.25,,biletul zilei cota mare,2026-06-27 02:54:35,Video preview,800,900,1000,2016-04-25,"Informational,Non-branded,Non-local",Romanian,"811, 812, 948, 935, 933, 929, 818, 833, 807, 812, 675, 559, 358, 671, 669, 676, 698, 555, 504, 609, 681, 657, 578, 548","467, 532, 588, 564, 617, 549, 504, 609, 681, 657, 578",Sports betting
235,netbet pariuri sportive,ro,51,600,1.60,1.26,netbet.ro,2026-06-12 00:00:11,Sitelinks,700,12000,14000,2015-09-01,"Informational,Navigational,Commercial,Transactional,Branded,Non-local",Romanian,"387, 318, 316, 313, 471, 470, 393, 583, 573, 564, 862, 587, 255, 429, 754, 744, 628, 920, 401, 587, 668, 555, 525, 437","346, 320, 366, 191, 277, 300, 386, 522, 537, 479, 409, 356",Sports betting
236,meci fotbal,ro,67,600,0.10,0.55,meciuri azi,2026-06-17 17:43:31,"Top stories,Thumbnail",700,123000,132000,2015-10-08,"Informational,Non-branded,Non-local",Romanian,"1961, 1305, 547, 669, 841, 843, 426, 646, 644, 1050, 843, 1023, 1260, 647, 530, 515, 786, 811, 449, 382, 403, 597, 370, 537","688, 239, 239, 310, 409, 462, 219, 185, 226, 453, 244, 432",Statistics
237,"superbet,ro",ro,56,600,,1.05,superbet,2026-06-12 03:16:58,Sitelinks,600,1590000,1660000,2015-09-11,"Navigational,Branded,Non-local",,"177, 191, 230, 460, 449, 666, 689, 623, 473, 462, 333, 629, 707, 870, 819, 675, 448, 278, 372, 580, 546, 458, 476, 424",453,Sports betting
238,meciuri maine,ro,48,600,0.25,1.19,meciuri maine,2026-06-26 01:07:32,,800,800,800,2015-10-17,"Informational,Non-branded,Non-local",Romanian,"905, 597, 425, 426, 631, 623, 587, 602, 692, 903, 520, 620, 509, 426, 519, 538, 646, 732, 628, 619, 663, 701, 594, 591","650, 583, 594, 619, 671, 702, 682, 654, 697, 735, 628, 626, 685",Live sporting events; Sports news; Statistics
239,casa pariurilor contact,ro,0,600,2.50,1.22,suport@casapariurilor.ro,2026-06-08 07:07:33,Local pack,600,100,150,2015-09-06,"Informational,Navigational,Branded,Local",Romanian,"389, 389, 320, 272, 452, 376, 455, 465, 321, 396, 401, 502, 319, 355, 430, 646, 529, 507, 709, 706, 647, 656, 472, 712","596, 611, 574, 608, 709, 745, 760, 712, 656, 659, 691, 723, 606",Sports betting; Business
240,meci de fotbal azi,ro,59,600,0.07,0.85,meciuri azi,2026-06-22 12:22:56,Video preview,900,124000,134000,2015-09-04,"Informational,Non-branded,Non-local",Romanian,"1864, 1238, 541, 680, 699, 707, 316, 487, 532, 1038, 700, 730, 874, 690, 520, 662, 785, 791, 430, 493, 562, 666, 575, 612","802, 716, 649, 733, 739, 777, 645, 637, 706, 810, 719, 756, 946",Sports news; Soccer
241,cont casa pariurilor,ro,17,600,2.50,1.39,casa pariurilor,2026-06-14 00:49:47,Sitelinks,600,346000,378000,2015-09-25,"Informational,Transactional,Branded,Non-local",Romanian,"864, 863, 842, 743, 583, 486, 585, 394, 463, 574, 722, 803, 714, 619, 509, 619, 630, 453, 515, 529, 572, 528, 604, 609","546, 534, 551, 616, 653, 728, 776, 748, 801, 732, 829, 830, 738",Sports betting
242,casa pariurilor bonus,ro,50,600,3.00,1.07,casa pariurilor bonus de bun venit,2026-06-12 13:00:54,,700,1500,1500,2015-09-08,"Informational,Commercial,Transactional,Branded,Non-local",Romanian,"395, 327, 331, 503, 498, 592, 409, 396, 394, 615, 596, 727, 491, 513, 422, 466, 424, 379, 564, 667, 653, 717, 635, 673","642, 635, 611, 621, 646, 659, 639, 682, 682, 639, 594, 618, 583",Sports betting
243,hochei,ro,5,600,0.06,1.06,hochei live,2026-06-12 01:03:34,"Top stories,Thumbnail,Video preview,Image pack",700,900,900,2015-09-03,"Informational,Non-branded,Non-local",,"279, 209, 258, 512, 714, 847, 981, 971, 983, 785, 687, 636, 263, 197, 243, 482, 672, 797, 923, 913, 924, 738, 645, 597","247, 185, 228, 452, 630, 747, 864, 855, 865, 691, 603, 559, 231",/Other
244,suberbet,ro,67,600,0.50,0.99,super bet,2026-06-17 11:06:03,,2000,88000,90000,2015-09-12,"Informational,Navigational,Commercial,Transactional,Branded,Non-local",,"423, 415, 414, 501, 516, 498, 502, 602, 597, 610, 502, 501, 389, 427, 487, 499, 594, 596, 607, 630, 692, 685, 547, 527","488, 505, 524, 557, 576, 563, 578, 634, 696, 689, 550, 530, 490",Sports betting; Sports
245,bilet superbet,ro,45,600,0.90,0.76,verificare bilet superbet,2026-06-26 01:05:57,Video preview,600,69000,70000,2015-11-14,"Commercial,Transactional,Branded,Non-local",Romanian,"1004, 556, 565, 844, 1028, 839, 1014, 1470, 1035, 1263, 857, 464, 295, 302, 456, 551, 676, 662, 564, 661, 649, 707, 592, 539","514, 510, 551, 640, 665, 640, 639, 709, 697, 758, 635, 578, 551",Sports betting; Sports
246,l1160652w000306,ro,45,600,1.00,,casa pariurilor,2026-06-17 10:44:57,Sitelinks,600,347000,379000,2022-02-01,"Informational,Branded,Non-local",,"1994, 1658, 633, 2440, 2423, 2401, 2976, 2429, 2356, 725, 1012, 1424, 4301, 590, 391, 266, 175, 208, 142, 213, 84, 35, 90, 307","649, 176, 31, 329, 305, 266, 272, 148, 339, 51, 186, 335, 677",Sports betting; Government; Public records
247,bonus superbet,ro,60,600,5.00,1.08,club superbet,2026-06-20 23:51:28,Video preview,1100,13000,14000,2015-09-25,"Informational,Commercial,Branded,Non-local",Romanian,"666, 571, 442, 682, 688, 816, 677, 694, 675, 672, 545, 428, 296, 378, 444, 849, 779, 645, 723, 718, 731, 681, 649, 585","540, 522, 527, 637, 718, 726, 684, 716, 729, 680, 647, 584, 539",Sports betting
248,meciuri astăzi,ro,59,600,0.03,,meciuri azi,2026-06-21 09:18:31,Video preview,800,123000,133000,2017-02-22,"Informational,Commercial,Non-branded,Non-local",Romanian,"1130, 748, 458, 552, 657, 650, 459, 547, 549, 793, 628, 619, 623, 510, 601, 599, 715, 750, 533, 623, 635, 682, 662, 658","719, 686, 679, 695, 712, 739, 698, 694, 710, 756, 738, 735, 796",Live sporting events; Sports news; Soccer
249,fotbal craiova azi,ro,8,600,0.25,,la ce ora joaca craiova azi,2026-06-15 22:27:48,"Thumbnail,Video preview,Image pack",700,11000,11000,2017-08-09,"Informational,Branded,Non-local",Romanian,"99, 448, 457, 312, 378, 244, 247, 159, 452, 310, 371, 305, 35, 245, 1267, 461, 955, 863, 847, 207, 683, 312, 456, 530","371, 578, 724, 479, 518, 456, 441, 404, 518, 446, 509, 474, 318",Sports news; Soccer
250,liga nationala de fotbal,ro,60,600,,1.27,poziții superliga,2026-06-09 09:10:35,"Video preview,Image pack,Sitelinks",600,739000,838000,2015-12-08,"Informational,Branded,Non-local",Romanian,"31, 284, 441, 520, 431, 527, 439, 238, 810, 785, 913, 801, 43, 525, 799, 540, 639, 645, 659, 488, 689, 627, 731, 735","426, 638, 666, 665, 649, 601, 604, 618, 867, 786, 913, 914, 528",Soccer
251,meciuri liga 2 azi la tv,ro,4,600,,,meciuri liga 2 azi la tv,2026-05-15 01:49:45,Sitelinks,600,600,600,2020-07-17,"Informational,Non-branded,Non-local",Romanian,"36, 82, 308, 306, 312, 313, 252, 87, 303, 690, 573, 454, 66, 251, 704, 689, 568, 706, 474, 347, 600, 972, 783, 638","252, 509, 973, 912, 759, 887, 621, 503, 757, 1129, 940, 794",Soccer
252,cote pariuri,ro,55,600,0.60,1.14,super bet,2026-06-15 15:09:52,AI Overview,800,89000,91000,2015-09-04,"Informational,Commercial,Transactional,Non-branded,Non-local",Romanian,"1305, 727, 319, 323, 400, 736, 499, 337, 328, 480, 491, 1626, 322, 396, 422, 647, 525, 554, 622, 765, 865, 894, 761, 650","617, 573, 484, 545, 590, 628, 581, 508, 547, 547, 468, 656, 623",Sports betting
253,case de pariuri online,ro,73,600,6.00,1.3,unibet.ro,2026-06-17 09:26:21,,1400,11000,11000,2015-09-03,"Informational,Commercial,Non-branded,Non-local",Romanian,"379, 477, 766, 561, 864, 570, 670, 657, 770, 803, 693, 568, 379, 477, 766, 561, 864, 569, 670, 657, 770, 803, 693, 568","379, 477, 766, 561, 864, 569, 670, 657, 770, 803, 693, 568, 379",Sports betting; Sports
254,cote superbet,ro,12,500,0.50,,superbet oferta,2026-06-12 02:04:37,Sitelinks,700,51000,53000,2016-02-17,"Informational,Commercial,Branded,Non-local",Romanian,"451, 366, 292, 350, 429, 433, 295, 380, 449, 1316, 897, 679, 418, 374, 462, 461, 564, 882, 474, 464, 509, 785, 664, 478","507, 494, 525, 529, 522, 628, 501, 508, 529, 768, 557, 478, 507",Sports betting
255,meci in seara asta,ro,59,500,0.06,0.82,meciuri azi,2026-06-08 05:09:24,Video preview,500,47000,57000,2015-09-04,"Informational,Non-branded,Non-local",Romanian,"1310, 1048, 443, 460, 682, 686, 292, 452, 643, 1014, 699, 710, 855, 524, 514, 416, 679, 553, 366, 388, 368, 416, 355, 352","415, 339, 249, 241, 249, 244, 163, 130, 165, 200, 170, 167, 250",Live sporting events; Soccer
256,cazino online romania,ro,83,500,4.50,,casino online romania,2026-06-17 14:35:00,Video preview,700,46000,51000,2015-10-08,"Informational,Commercial,Transactional,Non-branded,Non-local",Romanian,"195, 169, 139, 173, 201, 170, 196, 286, 339, 347, 412, 287, 341, 609, 541, 531, 500, 483, 461, 451, 470, 525, 531, 557","471, 544, 545, 558, 739, 599, 611, 594, 615, 684, 688, 717, 603",Gambling
257,river bet,ro,51,500,1.60,1.07,river bets,2026-06-19 23:19:06,Sitelinks,600,700,700,2015-09-06,"Informational,Commercial,Branded,Non-local",English,"180, 153, 130, 763, 768, 743, 253, 737, 1483, 1185, 168, 176, 26, 22, 18, 729, 740, 720, 234, 722, 1471, 1175, 160, 170","4, 3, 3, 726, 738, 718, 233, 720, 1470, 1174, 159, 169, 1",Sports betting
258,superbet oferta fotbal azi,ro,38,500,2.50,,superbet oferta,2026-06-12 14:42:52,Sitelinks,500,51000,53000,2016-04-24,"Informational,Commercial,Transactional,Branded,Non-local",Romanian,"549, 551, 459, 459, 371, 306, 373, 852, 555, 574, 559, 462, 361, 311, 466, 377, 692, 818, 316, 531, 515, 650, 537, 457","408, 426, 509, 413, 505, 432, 385, 537, 521, 656, 543, 463, 414",Sports betting; Soccer
259,cote pariuri fotbal azi,ro,59,500,0.45,1.04,superbet.ro,2026-06-27 20:09:17,,700,66000,75000,2015-10-08,"Informational,Commercial,Transactional,Non-branded,Non-local",Romanian,"588, 481, 745, 472, 477, 482, 596, 332, 388, 469, 695, 702, 463, 532, 481, 805, 389, 499, 401, 475, 549, 523, 375, 530","508, 506, 552, 577, 552, 578, 546, 513, 540, 551, 562, 563, 541",Sports betting; Soccer
260,liste „u” cluj vs fc rapid bucurești,ro,2,500,,,liste rapid bucureşti vs „u” cluj,2026-06-10 06:04:36,"Sitelinks,Image pack,Video preview",600,3300,3700,2023-07-15,"Informational,Branded,Non-local",Romanian,"0, 0, 0, 0, 0, 0, 0, 110, 3548, 1, 7, 4, 0, 0, 0, 0, 0, 0, 0, 0, 9, 8, 0, 4727",1367,Soccer
261,meci azi fotbal,ro,61,500,,0.91,meciuri azi,2026-06-22 00:40:47,"Top stories,Thumbnail,Video preview",600,124000,134000,2016-03-12,"Informational,Non-branded,Non-local",Romanian,"1025, 853, 238, 308, 362, 320, 140, 329, 218, 510, 544, 677, 960, 452, 333, 298, 448, 485, 311, 287, 267, 636, 632, 654",637,Sports news; Soccer
262,meciuri superliga azi,ro,53,500,0.15,,poziții superliga,2026-06-28 03:34:19,,600,744000,838000,2022-07-29,"Informational,Branded,Non-local",Romanian,"15, 536, 817, 657, 650, 797, 552, 297, 809, 543, 660, 650, 46, 440, 757, 608, 629, 673, 556, 274, 762, 499, 631, 574","17, 394, 723, 583, 606, 664, 541, 260, 749, 487, 620, 563",Soccer
263,bonus pariuri,ro,69,500,7.00,1.4,pariuri bonus,2026-06-24 11:50:30,,600,1700,1700,2015-09-22,"Informational,Commercial,Non-branded,Non-local",Romanian,"277, 222, 265, 230, 331, 268, 210, 267, 310, 470, 477, 334, 329, 550, 507, 719, 470, 460, 483, 562, 518, 574, 385, 508","500, 540, 541, 540, 538, 547, 552, 539, 571, 558, 529, 518, 509",Sports betting
264,superbet rezultate fotbal,ro,62,500,0.20,1.19,fotbal live,2026-05-23 19:59:49,Sitelinks,500,13000,16000,2015-12-21,"Informational,Branded,Non-local",Romanian,"962, 994, 1211, 1380, 1217, 1205, 996, 1222, 1184, 974, 816, 806, 516, 439, 540, 526, 530, 629, 445, 543, 442, 359, 363, 364","359, 441, 436, 459, 420, 430, 398, 447, 428, 401, 347, 333, 331",Sports betting; Statistics
265,liste rapid bucureşti vs „u” cluj,ro,2,500,,,liste rapid bucureşti vs „u” cluj,2026-06-10 02:02:03,"AI Overview,Thumbnail,Video preview",600,3300,3700,2023-01-27,"Informational,Branded,Local",Romanian,"0, 0, 0, 5634, 1, 23, 5, 0, 0, 0, 4000, 44, 8, 15, 16, 34, 10, 1, 0, 0, 0, 0, 4894, 5",1487,Soccer
266,www superbet.ro,ro,67,500,1.30,,superbet oferta,2026-06-10 06:06:01,,500,50000,51000,2015-11-15,"Navigational,Branded,Non-local",,"689, 782, 718, 565, 671, 656, 549, 538, 407, 530, 554, 421, 276, 366, 485, 726, 612, 570, 588, 570, 533, 555, 525, 519","517, 535, 566, 599, 603, 599, 546, 570, 533, 555, 525, 519, 517",Sports betting
267,bilete rapid cfr cluj,ro,1,500,0.03,,rapid cfr,2026-05-18 08:27:30,Image pack,500,1500,1500,2021-10-05,"Informational,Commercial,Transactional,Branded,Non-local",Romanian,"18, 8, 6008, 37, 46, 18, 28, 244, 7, 8, 8, 34, 1213, 9, 4951, 67, 38, 10, 16, 10, 16, 15, 14, 7",,Soccer
268,casa pariurilor fotografii,ro,18,500,1.20,,casa pariurilor,2026-05-28 05:37:59,"Sitelinks,Knowledge panel",500,328000,360000,2024-01-30,"Informational,Commercial,Branded,Local",Romanian,"235, 235, 200, 207, 239, 249, 277, 194, 239, 234, 274, 356, 187, 255, 393, 411, 500, 471, 601, 571, 639, 627, 616, 635","562, 612, 639, 622, 653, 635, 689, 651, 717, 703, 690, 706, 632",Sports betting; Business
269,casa p,ro,2,500,1.50,1.13,casa pariurilor,2026-06-09 17:21:28,Sitelinks,1300,332000,364000,2015-09-01,"Informational,Navigational,Branded,Local",Romanian,"393, 446, 573, 580, 613, 615, 381, 431, 690, 534, 568, 516, 393, 446, 573, 580, 613, 615, 381, 431, 690, 534, 568, 516","393, 446, 573, 580, 613, 615, 381, 431, 690, 534, 568, 516, 393",Food; Reservations
270,superbet pariuri live,ro,58,500,0.25,,oferta de azi la superbet,2026-05-23 00:28:21,Sitelinks,500,5900,6400,2015-09-02,"Navigational,Transactional,Branded,Non-local",Romanian,"320, 210, 323, 319, 388, 388, 385, 325, 249, 312, 203, 481, 727, 326, 394, 484, 394, 325, 375, 447, 515, 758, 511, 466","526, 478, 468, 457, 420, 456, 481, 531, 460, 576, 455, 459, 518",Sports betting; Sports
271,agentii casa pariurilor,ro,15,500,1.30,1.04,casa pariurilor,2026-06-16 07:07:10,Sitelinks,500,347000,379000,2015-09-01,"Informational,Branded,Local",Romanian,"445, 447, 528, 636, 626, 548, 521, 439, 580, 543, 584, 489, 429, 432, 510, 616, 607, 532, 507, 427, 565, 530, 570, 478","420, 423, 500, 605, 597, 523, 499, 421, 557, 522, 563, 472, 415",Sports betting; Business
272,superbet azi,ro,56,500,,,superbet.ro,2026-06-21 22:03:04,"Sitelinks,Video preview",500,66000,74000,2017-05-01,"Informational,Navigational,Commercial,Transactional,Branded,Non-local",Romanian,"270, 326, 385, 284, 297, 344, 397, 353, 297, 311, 346, 318, 346, 301, 580, 358, 556, 383, 470, 696, 466, 531, 414, 440",,Sports betting
273,süperbet,ro,60,500,1.30,,superbet,2026-06-10 21:36:29,"Sitelinks,Video preview",25000,1600000,1700000,2020-01-10,"Informational,Navigational,Commercial,Branded,Non-local",Romanian,"183, 225, 285, 627, 782, 777, 766, 754, 863, 622, 628, 417, 181, 226, 417, 521, 628, 744, 626, 589, 570, 510, 473, 438","455, 404, 484, 631, 709, 648, 573, 601, 582, 520, 481, 446, 462",Sports betting
274,superbet sport,ro,39,500,1.40,,superbet,2026-06-16 10:59:56,Sitelinks,1100,1550000,1620000,2015-09-21,"Navigational,Transactional,Branded,Non-local",Romanian,"564, 250, 246, 202, 158, 198, 301, 248, 231, 244, 243, 303, 228, 138, 202, 369, 274, 650, 868, 612, 810, 620, 471, 554","639, 451, 407, 717, 577, 646, 762, 614, 812, 622, 471, 554, 639",Sports betting; Sports
275,unibet.ro casino,ro,42,500,,,casino nou,2026-06-08 01:36:27,,900,150,150,2021-01-08,"Navigational,Transactional,Branded,Non-local",English,"237, 300, 265, 194, 299, 359, 563, 588, 576, 670, 877, 1029, 587, 509, 844, 730, 632, 200, 509, 448, 624, 200, 318, 42",163,Gambling
276,cine joaca in seara asta fotbal,ro,59,500,0.50,,meciuri azi,2026-06-15 21:42:15,,600,21000,31000,2016-04-05,"Informational,Non-branded,Non-local",Romanian,"2642, 2211, 660, 557, 664, 368, 162, 446, 442, 943, 830, 844, 1224, 828, 677, 620, 651, 683, 386, 376, 370, 246, 128, 285","350, 216, 175, 109, 222, 260, 95, 57, 48, 177, 65, 116, 199",Live sporting events; Soccer
277,pariuri sportive fotbal,ro,67,500,1.30,1.11,superbet.ro,2026-06-25 21:53:13,,800,66000,75000,2015-09-08,"Commercial,Transactional,Non-branded,Non-local",Romanian,"564, 379, 455, 463, 577, 397, 262, 473, 458, 546, 441, 361, 202, 239, 340, 532, 434, 485, 615, 880, 684, 727, 677, 540","545, 564, 662, 659, 684, 704, 705, 713, 733, 724, 594, 541, 546",Sports betting; Sports
278,pronosticuri pariuri,ro,59,500,0.70,1.9,pariuri 1x2,2026-06-27 05:31:25,,600,15000,18000,2015-09-02,"Informational,Commercial,Non-branded,Non-local",Romanian,"496, 489, 588, 597, 624, 612, 503, 613, 591, 584, 510, 511, 331, 429, 503, 534, 543, 507, 534, 578, 587, 566, 516, 490","423, 452, 506, 584, 595, 588, 550, 568, 577, 558, 510, 484, 418",Sports betting; Sports
279,oferta fotbal total bet,ro,58,500,0.35,,total bet,2026-06-13 05:30:02,"Sitelinks,Video preview",500,56000,59000,2016-09-27,"Informational,Commercial,Branded,Non-local",Romanian,"483, 1301, 300, 1037, 657, 518, 914, 741, 719, 898, 661, 488, 204, 178, 322, 390, 729, 733, 586, 595, 630, 689, 569, 608","499, 588, 429, 620, 592, 604, 607, 596, 631, 690, 570, 609, 500",Sports betting; Sports
280,superbet oferta zilei,ro,53,500,0.60,0.68,superbet oferta,2026-06-07 15:33:45,Sitelinks,500,50000,51000,2015-10-25,"Informational,Navigational,Commercial,Transactional,Branded,Non-local",Romanian,"375, 536, 475, 499, 547, 479, 445, 470, 483, 513, 437, 393, 398, 568, 503, 528, 580, 507, 471, 498, 511, 543, 462, 415","420, 600, 531, 557, 612, 535, 496, 525, 539, 572, 487",Sports betting
281,rezultate live casa pariurilor,ro,24,500,0.60,1.28,flashscore,2026-05-22 10:27:27,Sitelinks,600,334000,423000,2015-09-01,"Informational,Commercial,Branded,Non-local",Romanian,"400, 472, 492, 485, 496, 461, 455, 521, 498, 508, 515, 441, 396, 468, 487, 482, 493, 457, 452, 518, 495, 506, 513, 439","394, 466, 485, 480, 491, 456, 451, 516, 493, 504, 511, 438",Sports betting
282,rapid fcsb bilete,ro,14,500,0.15,,fc rapid bucurești,2026-06-22 06:12:08,Video preview,600,64000,70000,2021-07-22,"Informational,Commercial,Transactional,Branded,Local",Romanian,"16, 26, 36, 34, 651, 9, 8, 27, 3949, 2213, 3195, 46, 9, 65, 5965, 21, 47, 27, 334, 10, 9, 17, 8, 2",9,Live sporting events; Shopping; Soccer
283,netbet romania,ro,27,500,1.00,0.92,netbet,2026-06-27 01:14:37,Sitelinks,1400,8900,10000,2015-09-16,"Informational,Commercial,Branded,Non-local",English,"299, 301, 370, 297, 292, 295, 359, 371, 437, 546, 435, 658, 518, 532, 644, 614, 311, 366, 494, 436, 451, 455, 417, 444","417, 412, 454, 386, 399, 433, 467, 433, 449, 453, 415",Sports betting
284,superbet agentii,ro,56,500,0.45,1,superbet agentii,2026-06-16 12:31:17,Local pack,500,2100,2100,2015-09-16,"Informational,Branded,Local",Romanian,"533, 633, 522, 435, 543, 442, 544, 546, 530, 606, 533, 362, 286, 376, 558, 550, 457, 452, 579, 572, 628, 624, 468, 502","490, 489, 554, 620, 671, 589, 561, 590, 604, 624, 526, 502, 490",Sports betting; Business
285,superbet rezultate fotbal azi,ro,54,450,1.90,,rezultate live,2026-06-27 03:45:04,,500,16000,20000,2020-01-10,"Informational,Commercial,Transactional,Branded,Non-local",Romanian,"183, 227, 440, 236, 188, 353, 349, 516, 506, 525, 351, 434, 337, 362, 354, 507, 524, 607, 428, 562, 553, 546, 471, 591","482, 672, 657, 571, 578, 594, 507, 665, 653, 643, 553, 693",Sports betting; Statistics
286,ofertă superbet,ro,53,450,2.00,,super bet,2026-06-13 23:19:12,Sitelinks,450,86000,87000,2020-10-13,"Informational,Commercial,Branded,Non-local",Romanian,"440, 581, 606, 468, 257, 301, 406, 528, 485, 399, 407, 373, 284, 236, 410, 482, 495, 467, 594, 477, 472, 455, 443, 477","452, 486, 490, 471, 479, 462, 493, 502, 494, 473, 459, 492, 464",Sports betting
287,egt casa pariurilor,ro,68,450,0.30,,cazinouri online,2026-06-20 10:09:31,Sitelinks,500,24000,28000,2022-11-27,"Informational,Navigational,Branded,Non-local",Romanian,"563, 574, 559, 466, 193, 462, 558, 469, 445, 685, 693, 470, 649, 560, 374, 671, 540, 434, 384, 429, 403, 432, 418, 391","423, 393, 369, 356, 322, 337, 354, 365, 334, 368, 352, 328, 359",Sports betting
288,superbet oferta biletul zilei,ro,56,450,1.30,1.35,superbet oferta,2026-05-24 00:57:14,,600,41000,42000,2016-01-18,"Informational,Commercial,Branded,Non-local",Romanian,"389, 582, 872, 872, 878, 709, 589, 719, 712, 477, 394, 388, 258, 424, 607, 606, 507, 507, 532, 536, 503, 428, 365, 374","340, 343, 374, 739, 641, 563, 476, 530, 498, 424, 363, 373, 339",Sports betting
289,lucky six casa pariurilor,ro,4,450,1.10,1.44,lucky six,2026-06-17 14:07:22,,500,1700,1700,2015-09-10,"Informational,Navigational,Branded,Non-local",Romanian,"122, 186, 225, 186, 230, 238, 236, 427, 409, 510, 351, 354, 280, 469, 361, 377, 540, 441, 552, 478, 477, 503, 598, 465","428, 553, 521, 551, 563, 501, 471, 480, 478, 504, 599, 466, 429",Lottery; Sports betting
290,superbet bilet,ro,50,450,0.70,1.16,verificare bilet superbet,2026-06-28 12:58:35,Video preview,500,69000,70000,2015-11-05,"Informational,Branded,Non-local",Romanian,"428, 421, 428, 535, 787, 418, 346, 531, 416, 504, 408, 343, 268, 274, 407, 490, 516, 496, 622, 520, 537, 566, 451, 374","305, 312, 362, 417, 491, 465, 468, 439, 499, 540, 423",Sports betting
291,casa pariurilor sportive,ro,33,450,1.20,1.27,casa pariurilor,2026-05-24 10:23:45,Sitelinks,500,328000,360000,2015-09-03,"Commercial,Transactional,Non-branded,Non-local",Romanian,"35, 26, 24, 71, 71, 52, 88, 40, 45, 65, 132, 246, 304, 531, 456, 416, 708, 513, 540, 541, 468, 435, 341, 357","338, 350, 359, 365, 399, 334, 379, 361, 314, 272, 194, 207, 200",Sports betting
292,casa de pariuri online,ro,81,450,8.00,1.45,casa pariurilor,2026-06-14 23:56:35,"Bottom ads,Paid sitelinks",600,346000,378000,2015-09-30,"Informational,Commercial,Transactional,Non-branded,Non-local",Romanian,"184, 145, 145, 188, 219, 284, 344, 233, 231, 412, 346, 352, 281, 401, 440, 497, 397, 378, 461, 555, 624, 506, 475, 514","493, 493, 503, 510, 512, 534, 512, 510, 536, 538, 502, 516, 494",Sports betting
293,superbet rezultate fotbal ieri,ro,64,450,1.80,,rezultate fotbal ieri,2026-06-21 01:01:37,,450,8800,9700,2017-02-11,"Informational,Navigational,Branded,Non-local",Romanian,"192, 163, 248, 167, 304, 252, 251, 251, 242, 307, 251, 203, 130, 165, 202, 242, 452, 429, 382, 697, 279, 971, 700, 646","639, 658, 685, 697, 729, 749, 761, 812, 789, 863, 824, 829, 821",Sports betting; Statistics
294,888 romania,ro,47,450,0.60,1.04,888 casino,2026-05-17 19:43:51,"Top ads,Sitelinks,Bottom ads,Paid sitelinks",800,61000,64000,2015-10-30,"Navigational,Transactional,Branded,Non-local",English,"111, 73, 115, 76, 91, 172, 141, 113, 157, 241, 253, 214, 178, 289, 628, 611, 652, 771, 449, 400, 391, 339, 349, 318","287, 253, 267, 248, 251, 279, 311, 235, 185, 178, 173, 169, 134",Sports betting
295,instalare casa pariurilor,ro,23,450,0.80,,casa pariurilor apk,2026-06-22 13:17:21,,450,1800,2100,2017-05-01,"Informational,Transactional,Branded,Non-local",Romanian,"2193, 1798, 2241, 1523, 835, 805, 558, 840, 652, 557, 546, 538, 352, 378, 444, 447, 433, 433, 456, 410, 467, 365, 484, 433","359, 297, 311, 322, 313, 307, 504, 354, 402, 314, 415, 371, 307",Lottery; Sports betting; Add-ons
296,parigo bet,ro,30,450,1.00,,parigo,2026-06-17 07:25:05,Sitelinks,450,2500,2500,2018-06-11,"Informational,Navigational,Commercial,Branded,Non-local",English,"328, 402, 604, 484, 716, 606, 739, 732, 724, 611, 485, 593, 324, 483, 404, 491, 485, 326, 480, 435, 440, 438, 415, 440","351, 378, 411, 408, 464, 389, 445, 418, 424, 423, 402, 427, 342",Sports betting
297,case de pariuri noi,ro,65,450,2.00,,case pariuri online,2026-06-15 18:07:43,Sitelinks,500,2200,2700,2015-09-30,"Informational,Commercial,Non-branded,Non-local",Romanian,"212, 217, 326, 274, 328, 329, 395, 401, 399, 486, 395, 329, 320, 497, 526, 504, 453, 469, 345, 446, 453, 470, 455, 452","462, 487, 502, 503, 509, 516, 506, 532, 539, 556, 542, 538, 548",Sports betting
298,casa pariurilor rezultate live,ro,41,450,0.80,1.26,flashscore,2026-06-08 00:54:13,,1100,338000,438000,2015-09-01,"Informational,Commercial,Transactional,Branded,Non-local",Romanian,"380, 446, 499, 490, 464, 451, 463, 505, 517, 504, 505, 420, 361, 424, 475, 467, 443, 431, 443, 485, 496, 485, 486, 405","348, 410, 459, 452, 429, 418, 430, 471, 483, 472, 473, 394, 340",Sports betting; Statistics
299,pariuri fotbal,ro,64,450,3.00,1.41,superbet.ro,2026-06-28 12:53:04,,600,66000,75000,2015-09-04,"Informational,Commercial,Transactional,Non-branded,Non-local",Romanian,"416, 405, 267, 226, 341, 281, 195, 235, 279, 279, 274, 273, 228, 276, 370, 351, 411, 477, 448, 548, 582, 642, 483, 615","603, 612, 601, 619, 641, 626, 582, 593, 617, 631, 642, 609, 597",Sports betting; Soccer
300,pariuri live fotbal,ro,69,450,3.00,,888sport,2026-06-22 08:50:32,,500,12000,13000,2016-01-16,"Commercial,Transactional,Non-branded,Non-local",Romanian,"107, 56, 45, 57, 92, 188, 138, 136, 319, 393, 248, 201, 211, 198, 314, 673, 347, 442, 451, 435, 439, 524, 722, 386","389, 419, 461, 486, 473, 440, 411, 426, 482, 515, 439, 389, 392",Sports betting; Soccer
301,superbet ofertă,ro,57,450,1.10,,superbet.ro,2026-06-21 21:18:38,Sitelinks,500,66000,74000,2016-09-17,"Informational,Navigational,Commercial,Branded,Non-local",Romanian,"332, 412, 469, 397, 402, 426, 404, 485, 502, 453, 402, 382, 272, 321, 493, 408, 490, 468, 495, 480, 527, 498, 451, 457","393, 411, 469, 482, 524, 496, 465, 509, 560, 529, 478, 485, 417",Sports betting; Sports
302,total bet pariuri sportive fotbal,ro,46,450,0.60,,total bet,2026-05-17 09:00:53,"Sitelinks,Video preview",450,53000,54000,2018-07-02,"Commercial,Transactional,Non-branded,Non-local",Romanian,"122, 147, 152, 281, 218, 276, 150, 341, 337, 353, 423, 518, 283, 439, 295, 431, 430, 439, 440, 457, 503, 517, 453, 443","432, 477, 462, 495, 479, 463, 440, 457, 503, 517, 453, 443",Sports betting; Sports
303,casă pariurilor,ro,16,450,1.60,,casa pariurilor,2026-05-17 00:44:23,Sitelinks,450,330000,363000,2015-11-23,"Informational,Navigational,Branded,Non-local",Romanian,"206, 134, 138, 170, 172, 309, 470, 321, 135, 253, 258, 313, 128, 173, 387, 394, 558, 670, 581, 477, 425, 488, 415, 425","346, 395, 413, 404, 490, 519, 550, 477, 425, 489, 415, 425, 346",Sports betting
304,total bet.ro pariuri sportive,ro,41,450,1.40,,total bet,2026-05-23 20:25:21,Sitelinks,450,55000,56000,2021-05-25,"Informational,Navigational,Commercial,Transactional,Branded,Non-local",Romanian,"476, 313, 383, 471, 602, 530, 384, 649, 491, 498, 497, 517, 516, 527, 520, 453, 511, 513, 313, 320, 378, 457, 312, 375","387, 338, 381, 401, 458, 405, 462, 412, 402, 401, 401, 373, 385",Sports betting
305,case de pariuri romania,ro,74,400,5.00,1.27,pariuri sportive,2026-05-29 09:10:23,Sitelinks,700,9800,10000,2015-09-04,"Informational,Commercial,Non-branded,Local",Romanian,"378, 208, 248, 255, 298, 303, 304, 375, 367, 524, 451, 373, 303, 469, 508, 615, 359, 329, 353, 420, 425, 440, 420, 397","403, 426, 420, 434, 448, 410, 417, 447, 452, 467, 447, 424, 430",Sports betting
306,unibet live,ro,65,400,0.09,1.3,unibet live,2026-06-07 21:31:13,Sitelinks,3900,500,500,2015-10-16,"Navigational,Commercial,Transactional,Branded,Non-local",English,"409, 353, 412, 390, 433, 446, 417, 379, 399, 398, 409, 364, 408, 352, 411, 390, 432, 446, 417, 379, 399, 398, 409, 364","408, 352, 411, 390, 432, 446, 417, 379, 399, 398, 409, 364, 408",Sports betting
307,pariuri sportive live,ro,75,400,0.70,1.16,flashscore,2026-06-07 07:58:37,,2000,338000,438000,2015-09-04,"Commercial,Transactional,Non-branded,Non-local",Romanian,"371, 184, 226, 183, 187, 191, 180, 185, 178, 184, 214, 174, 147, 201, 495, 444, 316, 479, 453, 367, 476, 481, 450, 340","206, 191, 375, 390, 324, 462, 437, 351, 460, 467, 435, 326, 193",Sports betting
308,bilete superbet azi,ro,60,400,0.50,1,superbet.ro,2026-06-22 05:25:51,,450,66000,74000,2015-09-01,"Commercial,Transactional,Branded,Non-local",Romanian,"426, 338, 428, 431, 520, 526, 527, 650, 641, 526, 430, 340, 156, 159, 222, 283, 427, 646, 531, 659, 647, 433, 347, 367","318, 318, 329, 635, 486, 479, 399, 449, 457, 462, 371, 342, 297",Lottery; Shopping
309,pariuri bonus,ro,65,400,7.00,1.13,pariuri bonus,2026-06-28 16:57:52,Sitelinks,500,1700,1700,2015-09-02,"Informational,Commercial,Non-branded,Non-local",Romanian,"719, 588, 599, 720, 719, 582, 543, 665, 787, 824, 815, 553, 250, 374, 343, 644, 438, 326, 463, 455, 370, 430, 306, 324","361, 389, 383, 440, 423, 443, 408, 365, 344, 352, 318, 280, 311",Sports betting
310,ro.betano,ro,2,400,1.70,,betano,2026-06-07 15:47:07,"Top ads,Sitelinks",500,471000,476000,2016-11-05,"Navigational,Branded,Non-local",,"547, 535, 549, 426, 450, 376, 477, 448, 357, 411, 362, 357, 227, 227, 265, 385, 402, 421, 512, 482, 451, 463, 454, 468","445, 443, 445, 421, 449, 451, 471, 456, 425, 437, 428, 443, 420",Sports betting
311,loto casa pariurilor,ro,20,400,0.70,1.21,loto online,2026-06-05 04:00:13,Sitelinks,450,5800,6000,2015-09-08,"Informational,Navigational,Commercial,Transactional,Branded,Non-local",Romanian,"285, 670, 947, 367, 360, 356, 293, 240, 284, 290, 428, 449, 355, 374, 366, 310, 456, 444, 403, 413, 369, 414, 430, 418","383, 356, 423, 382, 378, 416, 427, 413, 369, 414, 430, 418, 383",Lottery
312,pariul zilei,ro,68,400,0.30,2.14,pariuri 1x2,2026-06-18 21:23:52,,500,15000,17000,2015-09-02,"Informational,Commercial,Branded,Non-local",Romanian,"275, 287, 411, 402, 411, 430, 354, 400, 492, 467, 345, 300, 273, 284, 408, 400, 408, 428, 351, 397, 489, 464, 343, 298","271, 283, 406, 398, 407, 426, 350, 396, 487, 463, 342, 297, 271",Sports betting; Sports
313,supeebet,ro,36,400,0.50,1.03,superbet,2026-06-05 02:26:55,"Sitelinks,Local pack,Video preview",1000,1610000,1760000,2015-09-03,"Informational,Navigational,Commercial,Transactional,Branded,Local",,"314, 296, 306, 367, 363, 375, 380, 430, 430, 440, 374, 367, 303, 339, 373, 370, 440, 426, 447, 413, 422, 435, 408, 399","355, 345, 387, 416, 463, 452, 443, 436, 445, 459, 430, 421, 375",Sports betting; Sports
314,netbet contact,ro,39,400,2.50,1.03,netbet login,2026-06-08 08:01:10,,500,1300,1400,2015-11-16,"Informational,Navigational,Branded,Non-local",English,"401, 399, 327, 270, 329, 477, 396, 488, 491, 396, 487, 589, 478, 290, 299, 348, 349, 369, 403, 444, 420, 455, 390, 449","387, 347, 311, 304, 320, 353, 437, 439, 416, 452, 388, 447, 385",Sports betting; Business
315,888 bet,ro,76,400,0.90,1.03,888sport,2026-06-27 10:03:06,Video preview,951000,12000,13000,2015-09-01,"Informational,Navigational,Commercial,Transactional,Branded,Non-local",Romanian,"327, 329, 264, 270, 465, 4832, 559, 446, 373, 332, 269, 319, 263, 633, 499, 362, 355, 356, 300, 547, 501, 528, 500, 482","437, 491, 477, 478, 507, 997, 538, 569, 523, 550, 523",Sports betting
316,m.casa pariurilor,ro,31,400,1.20,1.09,casa pariurilor,2026-05-22 13:08:16,Sitelinks,500,327000,360000,2015-09-20,"Navigational,Transactional,Branded,Non-local",Romanian,"475, 521, 633, 578, 643, 658, 562, 628, 535, 812, 804, 819, 605, 637, 546, 291, 350, 306, 301, 405, 423, 383, 357, 420","285, 243, 305, 300, 350, 294, 303, 405, 422, 382, 356, 420, 285",Sports betting
317,beturi,ro,54,400,1.20,,beturi,2026-06-07 08:53:42,Sitelinks,400,600,600,2016-04-20,"Informational,Non-branded,Local",Romanian,"469, 387, 389, 389, 478, 400, 405, 599, 720, 605, 580, 481, 320, 266, 265, 328, 462, 369, 465, 499, 441, 461, 395, 370","361, 285, 288, 292, 410, 481, 430, 497, 439, 460, 394, 369, 361",Accommodations; Tourist destinations
318,bonusuri case de pariuri,ro,61,400,5.00,1.41,pariuri bonus,2026-05-20 08:30:06,Sitelinks,500,1600,1600,2015-10-22,"Informational,Commercial,Non-branded,Non-local",Romanian,"132, 154, 158, 193, 192, 186, 229, 191, 261, 389, 397, 335, 288, 441, 516, 643, 348, 350, 376, 369, 368, 382, 362, 350","329, 338, 340, 360, 360, 357, 361, 356, 355, 369, 348, 337",Sports betting
319,casa pariurilor rezultate azi,ro,55,400,0.80,,casa pariurilor rezultate,2026-06-20 06:58:44,,400,2100,2300,2015-11-25,"Informational,Branded,Non-local",Romanian,"216, 276, 416, 415, 405, 415, 406, 332, 332, 422, 340, 279, 139, 228, 409, 408, 399, 483, 508, 510, 617, 414, 468, 429","379, 476, 610, 587, 571, 597, 582, 554, 598, 510, 543, 505, 455",Sports betting; Statistics
320,suprbet,ro,62,400,,0.95,super bet,2026-06-15 06:03:11,,2100,89000,91000,2015-09-18,"Informational,Navigational,Commercial,Transactional,Branded,Non-local",,"282, 259, 243, 253, 302, 298, 477, 341, 272, 351, 439, 367, 158, 184, 233, 326, 301, 361, 421, 501, 559, 496, 428, 307",410,Sports betting
321,10 pariuri.ro,ro,61,400,2.00,,10pariuri,2026-05-19 08:36:07,Sitelinks,500,5100,5400,2016-05-26,"Informational,Navigational,Branded,Non-local",Romanian,"600, 609, 717, 618, 601, 617, 528, 635, 423, 542, 354, 428, 423, 444, 452, 441, 438, 284, 458, 407, 408, 451, 429, 402","365, 428, 416, 428, 441, 384, 375, 385, 386, 426, 406, 380",Sports betting
322,netbet conectare,ro,63,400,0.90,,netbet login,2026-06-07 23:49:52,,600,1300,1400,2016-09-05,"Navigational,Branded,Non-local",Romanian,"334, 497, 403, 323, 402, 411, 501, 334, 255, 326, 493, 395, 313, 454, 663, 314, 451, 381, 405, 405, 377, 383, 390, 373","405, 421, 438, 370, 381, 439, 469, 440, 409, 415, 423, 404, 439",Sports betting
323,rezultate casa pariurilor,ro,30,400,0.80,1.09,flashscore,2026-06-05 19:24:48,,450,341000,441000,2015-09-01,"Informational,Branded,Non-local",Romanian,"357, 369, 436, 434, 432, 416, 426, 435, 456, 446, 444, 386, 343, 355, 420, 418, 417, 402, 412, 422, 442, 433, 431, 375","333, 346, 409, 408, 407, 393, 403, 412, 433, 424, 422, 368",Sports betting; Statistics
324,bonus pariuri sportive,ro,64,400,7.00,1.5,pariuri bonus,2026-05-23 11:13:17,Sitelinks,450,1600,1700,2015-09-29,"Informational,Commercial,Non-branded,Non-local",Romanian,"161, 109, 85, 167, 164, 161, 126, 131, 189, 356, 251, 252, 205, 358, 392, 545, 325, 465, 403, 415, 424, 522, 399, 420","457, 435, 416, 528, 558, 570, 508, 520, 529, 650, 494, 518, 563",Sports betting
325,casa pariurilor bonus de bun venit,ro,46,350,5.00,,bonus bun venit,2026-06-08 05:20:34,,400,600,600,2016-08-27,"Informational,Commercial,Transactional,Branded,Non-local",Romanian,"158, 105, 102, 157, 164, 247, 208, 249, 162, 295, 155, 160, 150, 179, 172, 329, 396, 366, 514, 391, 379, 357, 556, 351","339, 358, 333, 385, 413, 454, 453, 485, 464, 434, 670, 419, 402",Sports betting
326,jocuri cazino online,ro,82,350,3.00,,cazinouri online,2026-06-24 19:10:36,,450,12000,13000,2015-12-23,"Informational,Commercial,Transactional,Non-branded,Non-local",Romanian,"103, 106, 77, 159, 167, 136, 164, 106, 298, 200, 359, 360, 289, 291, 349, 570, 315, 287, 330, 426, 286, 370, 257, 362","346, 348, 344, 389, 379, 372, 359, 369, 386, 384, 394, 391, 377",Gambling
327,superbet superbet,ro,39,350,0.80,,superbet,2026-05-20 10:33:50,"Sitelinks,Local pack",1600,1610000,1740000,2015-11-15,"Navigational,Transactional,Branded,Local",,"423, 346, 341, 285, 344, 281, 423, 285, 347, 434, 424, 238, 339, 234, 786, 234, 314, 140, 361, 366, 337, 372, 372, 341","341, 330, 386, 322, 365, 361, 378, 398, 369, 403, 404, 372, 372",Sports betting; Sports
328,casapar,ro,0,350,1.30,0.95,casa pariurilor,2026-05-23 11:25:27,Sitelinks,350,328000,360000,2015-09-01,"Informational,Commercial,Branded,Non-local",,"270, 267, 481, 269, 321, 270, 262, 220, 209, 401, 316, 402, 305, 484, 484, 325, 267, 258, 325, 309, 308, 298, 278, 296","259, 289, 307, 262, 257, 260, 279, 274, 273, 264, 244, 263, 226",Real estate agencies; Short-term stays
329,casa pariurilor live score,ro,35,350,0.70,1.31,casa pariurilor rezultate,2026-05-16 04:18:01,,400,2200,2400,2015-09-04,"Informational,Navigational,Branded,Non-local",Romanian,"495, 329, 401, 697, 848, 480, 480, 409, 383, 267, 267, 213, 111, 218, 476, 483, 311, 253, 500, 360, 369, 332, 329, 348","308, 366, 389, 452, 477, 389, 365, 374, 384, 345, 342, 361, 319",Sports betting; Statistics
330,live casa pariurilor,ro,22,350,0.80,1.21,casa pariurilor,2026-06-10 18:33:31,Sitelinks,400,333000,365000,2015-09-21,"Informational,Navigational,Transactional,Branded,Non-local",Romanian,"429, 594, 612, 595, 514, 620, 638, 625, 513, 429, 392, 465, 358, 330, 415, 413, 331, 393, 348, 380, 332, 306, 249, 268","204, 213, 248, 224, 327, 327, 342, 367, 315, 293, 233, 253, 188",Sports betting; Sports
331,pariuri romania,ro,82,350,9.00,1.31,netbet sport,2026-05-28 08:39:16,,500,8900,9900,2015-09-04,"Informational,Commercial,Non-branded,Non-local",Romanian,"363, 239, 193, 192, 163, 247, 360, 249, 240, 292, 354, 362, 196, 260, 272, 526, 458, 333, 332, 415, 398, 482, 338, 398","473, 399, 424, 477, 484, 468, 450, 419, 427, 437, 436, 419, 493",Sports betting; Government; Sports
332,meciuri de fotbal,ro,59,350,0.03,0.89,meciuri azi,2026-06-14 01:20:49,,500,60000,67000,2015-09-06,"Informational,Non-branded,Non-local",Romanian,"759, 645, 433, 322, 388, 475, 373, 330, 388, 465, 444, 449, 562, 432, 330, 273, 364, 374, 347, 290, 288, 316, 302, 301","346, 306, 269, 240, 241, 272, 239, 175, 189, 211, 208, 204, 257",Sports news; Soccer
333,netbet casino romania,ro,61,350,0.25,,netbet,2026-05-19 05:56:45,Sitelinks,800,181000,185000,2018-03-29,"Informational,Navigational,Commercial,Branded,Non-local",English,"260, 328, 271, 320, 277, 341, 406, 275, 179, 201, 256, 250, 264, 544, 551, 423, 428, 424, 321, 302, 271, 279, 318, 301","270, 280, 268, 259, 253, 249, 302, 244, 204, 220, 255",Casino games; Gambling
334,cote pariuri fotbal,ro,59,350,0.35,,superbet oferta,2026-06-03 05:29:20,,450,49000,50000,2015-11-30,"Informational,Commercial,Transactional,Non-branded,Non-local",Romanian,"454, 301, 198, 197, 208, 104, 137, 138, 250, 254, 251, 253, 173, 193, 163, 353, 325, 353, 293, 407, 400, 509, 442, 455","453, 440, 440, 476, 474, 476, 461, 478, 499, 533, 501, 498, 496",Sports betting; Soccer
335,casa pariurilor program,ro,4,350,0.90,1.02,casa pariurilor,2026-05-17 09:29:26,"Local pack,Sitelinks",350,330000,363000,2015-09-01,"Informational,Branded,Local",Romanian,"232, 157, 185, 251, 305, 254, 1135, 486, 291, 346, 758, 292, 199, 206, 208, 172, 195, 163, 746, 559, 237, 322, 468, 566","230, 162, 181, 154, 214, 273, 780, 550, 228, 313, 459, 557, 221",Sports betting; Business
336,login superbet,ro,55,350,1.30,,superbet,2026-06-28 09:58:10,Sitelinks,3400,1580000,1630000,2020-01-11,"Navigational,Transactional,Branded,Non-local",English,"410, 338, 404, 281, 329, 271, 271, 274, 265, 346, 419, 314, 378, 329, 579, 572, 696, 131, 160, 648, 435, 146, 152, 238","235, 211, 230, 201, 206, 173, 185, 211, 170, 152, 152, 128, 141",Sports betting
337,pariuri sportive online romania,ro,81,350,4.00,1.52,pariuri sportive,2026-06-04 03:25:04,,500,11000,11000,2015-09-17,"Informational,Commercial,Transactional,Non-branded,Non-local",Romanian,"286, 187, 123, 166, 170, 166, 236, 236, 220, 229, 278, 337, 284, 244, 223, 363, 263, 290, 244, 347, 487, 466, 322, 439","451, 436, 436, 467, 478, 487, 483, 495, 511, 511, 512, 521, 535",Sports betting
338,superbt,ro,35,350,0.50,0.49,superbet,2026-05-27 03:51:31,"Sitelinks,Video preview",4500,1610000,1760000,2015-09-17,"Informational,Navigational,Commercial,Transactional,Branded,Non-local",,"252, 266, 265, 311, 322, 313, 315, 387, 375, 391, 314, 310, 257, 267, 320, 318, 376, 380, 400, 402, 405, 414, 392, 382","352, 354, 370, 380, 406, 407, 413, 418, 420, 430, 408, 398, 368",Sports betting; Sports
339,case de pariuri sportive,ro,75,350,7.00,0.77,pariuri sportive,2026-06-20 09:36:16,"Sitelinks,Local pack",500,12000,14000,2015-09-06,"Informational,Commercial,Transactional,Non-branded,Non-local",Romanian,"132, 84, 83, 112, 168, 165, 165, 210, 253, 301, 255, 251, 214, 360, 353, 417, 279, 250, 326, 435, 448, 446, 406, 412","409, 411, 430, 458, 430, 422, 446, 442, 431, 432, 416, 412, 409",Sports betting
340,casa pariurilor sport,ro,22,350,1.30,,casa pariurilor,2026-06-05 17:13:22,Sitelinks,400,330000,362000,2018-05-13,"Informational,Commercial,Branded,Non-local",Romanian,"123, 103, 82, 198, 195, 269, 227, 291, 235, 333, 283, 351, 357, 433, 442, 404, 317, 386, 334, 301, 379, 285, 236, 252","244, 246, 254, 246, 263, 245, 257, 302, 380, 285, 236, 253, 245",Sports betting
341,bilete pariuri,ro,72,350,0.60,1.4,pariuri 1x2,2026-06-27 15:30:18,,450,15000,18000,2015-09-05,"Informational,Commercial,Non-branded,Non-local",Romanian,"247, 267, 366, 406, 427, 450, 392, 377, 489, 457, 401, 330, 231, 251, 344, 382, 402, 424, 370, 356, 462, 432, 379, 312","219, 237, 326, 362, 382, 403, 352, 339, 440, 412, 362, 298, 209",Sports betting; Sports
342,program casa pariurilor,ro,1,350,0.90,1.08,casa pariurilor,2026-06-26 01:11:54,,350,347000,379000,2015-09-02,"Informational,Branded,Local",Romanian,"237, 160, 193, 221, 268, 229, 1256, 552, 271, 327, 831, 281, 190, 198, 210, 170, 205, 180, 865, 598, 251, 316, 543, 521","229, 195, 218, 201, 236, 306, 939, 591, 244, 309, 535, 514, 222",Sports betting; Business
343,superbet oferta zilnica,ro,55,350,0.50,1.23,superbet oferta,2026-06-21 02:33:07,Sitelinks,350,57000,65000,2015-09-22,"Informational,Commercial,Branded,Non-local",Romanian,"308, 381, 385, 379, 462, 472, 580, 382, 379, 383, 312, 469, 311, 319, 476, 383, 473, 312, 177, 280, 256, 258, 276, 240","205, 214, 244, 262, 280, 258, 244, 262, 242, 246, 266",Sports betting
344,casa pariurilor fotbal,ro,3,350,0.60,1.1,casa pariurilor,2026-06-14 20:11:41,Sitelinks,450,346000,378000,2015-09-29,"Informational,Navigational,Commercial,Transactional,Branded,Non-local",Romanian,"443, 371, 318, 382, 461, 384, 307, 454, 356, 560, 935, 563, 553, 277, 333, 330, 326, 318, 243, 328, 552, 423, 434, 337","264, 277, 328, 364, 343, 411, 390, 324, 546, 419, 430, 335, 262",Sports betting; Soccer
345,unibet online,ro,59,350,2.50,,unibet,2026-05-20 02:15:11,Sitelinks,1400,130000,135000,2015-09-14,"Informational,Navigational,Commercial,Transactional,Branded,Non-local",English,"140, 140, 177, 105, 139, 142, 323, 312, 584, 724, 720, 382, 317, 536, 437, 360, 367, 539, 552, 451, 214, 139, 107, 319","310, 320, 310, 384, 443, 469, 475, 432, 427, 401, 384, 329, 319",Sports betting
346,pariu,ro,59,350,1.50,0.42,pariu,2026-06-08 01:51:27,"Video preview,Sitelinks",1300,10,10,2015-09-10,"Informational,Non-branded,Non-local",Romanian,"296, 285, 232, 196, 247, 294, 300, 361, 352, 296, 349, 569, 378, 412, 397, 335, 322, 254, 327, 312, 300, 315, 315, 337","320, 322, 303, 291, 303, 311, 312, 311, 299, 315, 315, 336, 320",/Other
347,top case pariuri,ro,57,350,4.50,1.53,case pariuri online,2026-06-13 05:38:08,,400,2100,2600,2015-11-17,"Informational,Commercial,Non-branded,Non-local",Romanian,"216, 213, 177, 270, 265, 209, 268, 271, 268, 379, 255, 257, 169, 282, 365, 461, 325, 287, 349, 356, 367, 371, 344, 338","329, 346, 362, 388, 385, 373, 390, 405, 416, 420, 392, 387, 378",Sports betting
348,casa pariurilor casino online,ro,55,350,0.90,,casa pariurilor,2026-06-27 06:50:18,,400,347000,379000,2017-12-16,"Navigational,Commercial,Transactional,Branded,Non-local",Romanian,"98, 99, 61, 46, 99, 155, 105, 356, 239, 237, 298, 555, 431, 427, 307, 259, 217, 183, 418, 356, 335, 342, 347, 356","336, 342, 317, 315, 325, 334, 343, 356, 335, 342, 347, 356, 336",Sports betting
349,superbets,ro,44,300,1.10,1.07,superbet oferta,2026-06-09 19:19:33,Video preview,13000,50000,51000,2015-10-05,"Informational,Navigational,Branded,Non-local",,"303, 387, 480, 573, 480, 583, 641, 440, 358, 650, 336, 586, 353, 455, 455, 492, 284, 259, 382, 255, 403, 137, 138, 191","171, 204, 209, 216, 195, 190, 213, 203, 227, 229, 151, 176, 159",Sports betting
350,888 ro,ro,56,300,1.00,,888 cazino,2026-06-15 23:58:03,,600,150,700,2016-03-17,"Navigational,Non-branded,Non-local",,"108, 110, 123, 97, 88, 92, 102, 74, 79, 133, 101, 125, 120, 157, 198, 297, 425, 226, 453, 323, 296, 281, 273, 305","271, 285, 312, 297, 327, 297, 339, 325, 298, 283, 274, 307, 272",Sports betting
351,unibet ro login,ro,43,300,0.40,,unibet.ro login,2026-06-20 00:14:13,,700,600,1100,2020-01-23,"Navigational,Transactional,Branded,Non-local",English,"288, 283, 353, 349, 356, 352, 525, 456, 378, 303, 299, 308, 310, 514, 351, 339, 269, 196, 327, 259, 262, 277, 280, 277","252, 237, 248, 234, 258, 232, 273, 224, 225, 242, 244, 243, 217",Sports betting
352,pariul,ro,68,300,1.40,0.4,casa pariurilor,2026-06-18 01:27:55,,300,348000,380000,2015-09-03,"Informational,Commercial,Transactional,Branded,Non-local",Romanian,"206, 182, 253, 341, 332, 367, 359, 294, 504, 458, 319, 259, 172, 148, 220, 308, 299, 334, 327, 262, 472, 427, 288, 228","141, 118, 190, 278, 269, 305, 298, 234, 444, 398, 260, 201, 113",Sports betting
353,superbet meciuri,ro,39,300,0.70,,superbet oferta,2026-05-23 19:32:21,Sitelinks,300,43000,44000,2016-02-25,"Navigational,Transactional,Branded,Non-local",Romanian,"278, 152, 125, 229, 234, 151, 184, 187, 178, 187, 124, 147, 118, 129, 237, 345, 417, 334, 294, 312, 355, 317, 267, 285","310, 272, 262, 245, 289, 267, 219, 247, 292, 256, 206, 226, 252",Sports betting; Sports
354,betano pariuri sportive,ro,34,300,0.90,,betano live,2026-06-20 00:12:46,"Top stories,Thumbnail",600,7700,8500,2017-04-12,"Informational,Navigational,Commercial,Transactional,Branded,Non-local",Romanian,"196, 139, 176, 296, 515, 520, 559, 682, 650, 559, 548, 263, 174, 219, 186, 242, 252, 136, 296, 447, 638, 540, 304, 448","338, 348, 334, 387, 456, 568, 421, 566, 509, 478, 413, 465, 350",Sports betting; Sports
355,superbet.eo,ro,52,300,0.80,,superbet,2026-05-18 22:32:12,Sitelinks,350,1610000,1740000,2015-09-18,"Navigational,Branded,Non-local",,"247, 255, 308, 372, 252, 310, 310, 376, 245, 249, 246, 254, 234, 207, 304, 371, 305, 308, 311, 456, 306, 378, 341, 343","332, 343, 367, 377, 362, 372, 363, 384, 362, 367, 359, 361, 350",Sports betting; Sports
356,pariuri sport,ro,81,300,1.50,,netbet sport,2026-06-05 16:37:44,,350,8800,10000,2015-10-02,"Commercial,Transactional,Non-branded,Non-local",Romanian,"184, 156, 180, 157, 192, 137, 115, 113, 165, 305, 261, 311, 260, 306, 147, 270, 268, 239, 218, 263, 287, 428, 287, 348","349, 374, 372, 361, 378, 369, 352, 348, 351, 388, 351, 348, 349",Sports betting; Sports
357,888bet,ro,79,300,0.90,0.85,888 casino,2026-06-05 09:34:15,"Sitelinks,Video preview",1830000,77000,82000,2015-10-16,"Informational,Navigational,Commercial,Branded,Non-local",,"211, 201, 156, 179, 325, 3741, 398, 330, 260, 204, 178, 225, 194, 487, 328, 215, 228, 233, 296, 295, 272, 288, 272, 284","275, 287, 289, 299, 319, 643, 309, 308, 285, 301, 285, 297, 288",Sports betting
358,totalbet pariuri sportive,ro,24,300,1.30,1.34,total bet,2026-05-22 14:21:27,Sitelinks,300,54000,55000,2015-10-22,"Informational,Navigational,Transactional,Branded,Non-local",Romanian,"118, 146, 149, 186, 276, 395, 423, 343, 329, 326, 288, 232, 215, 189, 229, 233, 341, 428, 516, 423, 317, 247, 157, 217","166, 163, 191, 248, 277, 287, 317, 274, 273, 266, 211, 227, 176",Sports betting
359,oferte casa pariurilor ro,ro,13,300,1.00,,casa pariurilor,2026-06-19 03:39:21,Sitelinks,450,347000,380000,2020-10-24,"Informational,Commercial,Branded,Non-local",Romanian,"619, 1688, 1406, 530, 541, 435, 1378, 1684, 925, 761, 629, 410, 335, 354, 349, 166, 187, 137, 357, 436, 290, 194, 286, 342","99, 251, 318, 61, 118, 46, 316, 440, 648, 424, 582, 540, 256",Sports betting
360,superbet iasi,ro,46,300,0.70,0.87,superbet,2026-06-26 22:58:44,"Local pack,Sitelinks",300,1580000,1630000,2015-09-23,"Informational,Branded,Local",Romanian,"442, 364, 292, 291, 301, 371, 452, 372, 352, 521, 355, 296, 188, 164, 245, 290, 290, 234, 304, 364, 367, 365, 297, 278","308, 284, 264, 281, 417, 322, 319, 307, 318, 402, 300, 280, 310",Sports betting; Business
361,pariuri sportive unibet,ro,51,300,0.30,,unibet,2026-06-20 20:13:49,,400,128000,133000,2015-10-10,"Informational,Navigational,Commercial,Transactional,Branded,Non-local",Romanian,"195, 252, 199, 252, 304, 692, 242, 313, 242, 163, 204, 202, 248, 266, 272, 272, 329, 369, 420, 370, 304, 323, 297, 251","280, 273, 304, 287, 340, 416, 391, 400, 328, 349, 320, 270, 302",Sports betting
362,10 pariuri lavinia,ro,51,300,0.70,,biletul zilei lavinia,2026-06-06 08:03:05,,300,600,600,2020-09-02,"Informational,Navigational,Branded,Non-local",Romanian,"223, 188, 287, 282, 233, 289, 232, 227, 219, 277, 231, 184, 224, 281, 348, 283, 416, 275, 235, 250, 250, 262, 256, 254","248, 251, 277, 265, 277, 276, 268, 278, 274, 290, 281, 282, 274",Sports betting
363,acasa fortuna,ro,57,300,0.25,,efortuna.ro,2026-06-21 04:58:21,,300,4900,4900,2019-12-28,"Informational,Navigational,Commercial,Transactional,Branded,Non-local",Romanian,"673, 431, 780, 137, 357, 195, 299, 370, 354, 409, 193, 287, 161, 166, 242, 341, 888, 198, 538, 363, 299, 86, 66, 194","179, 170, 197, 131, 166, 106, 135, 109, 187, 207, 159, 195, 180",Sports betting
364,netber,ro,69,300,2.50,0.27,netbet,2026-05-26 05:01:51,Sitelinks,1800,173000,176000,2015-09-09,"Informational,Navigational,Commercial,Transactional,Branded,Non-local",,"217, 215, 217, 217, 218, 249, 157, 157, 179, 308, 365, 327, 305, 304, 298, 247, 372, 365, 320, 309, 305, 365, 307, 328","325, 346, 339, 336, 371, 383, 417, 377, 390, 427, 418, 398, 393",Sports betting
365,casa pariurilor cont,ro,0,300,1.20,1.21,casa pariurilor,2026-05-21 13:05:46,Sitelinks,300,327000,359000,2015-09-11,"Informational,Transactional,Branded,Non-local",Romanian,"264, 256, 209, 170, 350, 276, 335, 343, 202, 246, 308, 367, 270, 245, 231, 245, 297, 306, 288, 263, 242, 242, 308, 367","270, 245, 231, 245, 297, 306, 288, 263, 242, 242, 308, 367, 270",Sports betting
366,uniber,ro,31,300,0.15,0.7,unibet,2026-06-14 10:50:08,Sitelinks,5900,123000,127000,2015-09-24,"Informational,Navigational,Branded,Non-local",,"285, 237, 232, 236, 279, 281, 358, 331, 330, 330, 296, 310, 236, 245, 293, 291, 290, 290, 306, 292, 289, 291, 288, 283","271, 266, 277, 269, 286, 286, 312, 294, 291, 293, 290, 286, 273",Business; Business
367,superbet oferta fotbal sambata,ro,33,300,0.45,,superbet oferta,2026-06-02 15:05:28,"Sitelinks,AI Overview",350,49000,50000,2022-02-18,"Informational,Commercial,Transactional,Branded,Non-local",Romanian,"128, 104, 134, 198, 165, 243, 251, 161, 133, 86, 104, 39, 37, 85, 66, 84, 162, 278, 253, 311, 858, 375, 374, 440","433, 422, 426, 434, 447, 479, 466, 463, 510, 468, 455, 441, 434",Sports betting; Soccer
368,cote pariuri sportive azi,ro,64,300,0.60,,superbet.ro,2026-06-21 23:10:20,,300,66000,74000,2017-04-04,"Informational,Commercial,Transactional,Non-branded,Non-local",Romanian,"24, 39, 23, 8, 19, 9, 8, 18, 29, 48, 201, 366, 288, 375, 566, 701, 568, 558, 248, 165, 14, 15, 17, 28","36, 41, 66, 91, 73, 53, 28, 30, 15, 21, 25, 26, 20",Sports betting; Sports
369,bonus casa pariurilor,ro,40,300,3.00,1.26,400 rotiri gratuite fara depunere,2026-06-06 11:56:17,Sitelinks,400,250,250,2015-09-05,"Informational,Commercial,Branded,Non-local",Romanian,"293, 243, 237, 340, 349, 427, 286, 292, 284, 406, 410, 468, 326, 341, 275, 337, 303, 280, 252, 289, 299, 267, 223, 240","246, 243, 225, 224, 247, 275, 247, 285, 295, 263, 220",Sports betting
370,fotbal maine,ro,53,300,0.30,,meciuri maine,2026-06-07 07:58:47,,400,800,800,2018-06-23,"Informational,Non-branded,Non-local",Romanian,"311, 324, 175, 179, 212, 175, 310, 257, 249, 252, 214, 209, 167, 230, 285, 345, 433, 375, 364, 349, 326, 322, 294, 282","285, 283, 268, 269, 266, 257, 291, 265, 246, 243, 218, 206, 212",Soccer
371,ce meciuri sunt astăzi,ro,58,300,0.20,,meciuri azi,2026-06-09 12:20:43,,350,23000,32000,2020-01-09,"Informational,Non-branded,Non-local",Romanian,"1641, 221, 495, 592, 707, 723, 608, 177, 235, 273, 224, 207, 1093, 237, 216, 241, 238, 233, 229, 197, 224, 240, 220, 211","477, 208, 238, 248, 266, 287, 267, 178, 204, 221, 201, 192, 459",Live sporting events; Soccer
372,case pariuri romania,ro,73,300,8.00,1.2,case pariuri online,2026-06-28 14:40:46,Sitelinks,450,1800,2200,2015-09-03,"Informational,Commercial,Non-branded,Non-local",Romanian,"230, 182, 152, 230, 234, 233, 228, 183, 213, 329, 324, 336, 180, 213, 226, 426, 193, 303, 298, 291, 288, 312, 301, 303","287, 281, 294, 324, 317, 331, 336, 329, 326, 350, 339",Sports betting
373,ce meciuri de fotbal sunt azi,ro,60,300,0.09,,meciuri azi,2026-06-04 04:46:25,,350,47000,55000,2015-10-20,"Informational,Non-branded,Non-local",Romanian,"434, 300, 194, 159, 228, 194, 161, 190, 236, 242, 240, 239, 364, 364, 299, 294, 133, 428, 301, 289, 314, 322, 326, 324","372, 343, 350, 347, 357, 367, 347, 354, 379, 388, 391, 389, 437",Live sporting events; Sports news; Soccer
374,pariuri maraton,ro,22,300,1.90,,pariuri maraton,2026-06-24 08:13:13,Sitelinks,300,90,90,2020-01-13,"Informational,Navigational,Commercial,Transactional,Branded,Non-local",Romanian,"78, 77, 41, 121, 260, 111, 140, 118, 91, 122, 58, 57, 74, 146, 267, 144, 328, 337, 416, 381, 380, 392, 382, 393","393, 411, 429, 427, 468, 443, 465, 462, 461, 473, 463, 474, 474",Sports betting
375,meciuri pariuri sportive,ro,66,300,0.80,,superbet oferta,2026-05-26 06:03:29,,600,43000,44000,2017-02-19,"Informational,Commercial,Transactional,Non-branded,Non-local",Romanian,"462, 303, 199, 256, 257, 309, 253, 320, 385, 384, 312, 257, 181, 191, 192, 199, 282, 362, 386, 357, 359, 342, 294, 272","273, 247, 200, 188, 171, 170, 144, 146, 173, 161, 131, 117, 131",Sports betting; Sports
376,sperbet,ro,48,300,0.50,0.93,superbet,2026-06-21 17:29:48,Sitelinks,1300,1570000,1670000,2015-09-02,"Informational,Commercial,Branded,Non-local",Romanian,"233, 216, 225, 265, 268, 279, 281, 343, 325, 352, 287, 279, 215, 234, 291, 306, 342, 333, 356, 355, 358, 351, 312, 282","263, 264, 292, 319, 316, 323, 332, 355, 358, 352, 312, 283",Sports betting
377,top case de pariuri,ro,62,300,5.00,1.26,case pariuri online,2026-05-21 06:49:54,Sitelinks,450,1600,1900,2015-09-25,"Informational,Commercial,Non-branded,Non-local",Romanian,"147, 147, 123, 153, 189, 160, 159, 159, 279, 323, 328, 181, 179, 260, 336, 490, 403, 219, 268, 299, 223, 468, 273, 334","335, 349, 356, 374, 379, 375, 373, 381, 392, 401, 395, 387, 390",Sports betting
378,casa cu tei craiova,ro,30,300,,0.93,casa pariurilor,2026-05-21 05:47:18,"Videos,Image pack",300,327000,359000,2015-09-02,"Informational,Commercial,Non-branded,Local",Romanian,"1097, 837, 852, 916, 965, 1294, 1048, 1003, 978, 1067, 892, 669, 295, 175, 127, 87, 78, 90, 206, 355, 474, 457, 417, 428",433,Residential sales
379,suerbet,ro,65,300,0.50,0.99,superbet.ro,2026-06-24 18:53:25,,900,66000,75000,2015-09-25,"Informational,Non-branded,Non-local",Romanian,"221, 218, 216, 258, 264, 268, 272, 325, 321, 340, 275, 266, 216, 235, 269, 276, 316, 321, 331, 318, 315, 309, 292, 278","264, 276, 284, 302, 322, 328, 318, 307, 305, 298, 282, 267, 254",Desserts
380,meci de fotbal,ro,57,300,0.03,0.43,meciuri fotbal azi,2026-05-19 07:52:39,"Top stories,Thumbnail",300,12000,14000,2015-09-04,"Informational,Non-branded,Non-local",Romanian,"666, 525, 330, 241, 294, 350, 261, 234, 277, 354, 339, 353, 414, 326, 263, 234, 280, 309, 293, 240, 226, 255, 228, 241","264, 212, 179, 155, 172, 190, 154, 94, 110, 130, 123, 133, 170",Sports news; Soccer
381,rezultate superbet,ro,54,300,1.80,1.09,meci live,2026-06-10 18:18:53,,350,10000,14000,2015-09-11,"Informational,Navigational,Branded,Non-local",Romanian,"1405, 1433, 1425, 1446, 1012, 438, 355, 298, 299, 294, 345, 237, 229, 306, 436, 302, 414, 330, 303, 322, 321, 303, 255, 249","259, 306, 338, 404, 372, 324, 297, 316, 316, 300, 253, 247",Sports betting; Statistics
382,coduri meciuri superbet,ro,51,250,3.50,,superbet oferta,2026-05-30 08:21:13,Sitelinks,250,49000,50000,2016-02-06,"Informational,Commercial,Transactional,Branded,Non-local",Romanian,"197, 202, 248, 304, 163, 202, 200, 246, 245, 247, 236, 199, 241, 204, 253, 201, 250, 354, 211, 274, 222, 231, 210, 198","199, 198, 223, 241, 278, 292, 250, 286, 234, 243, 222, 210",Sports betting
383,site pariuri,ro,81,250,11.00,1.06,pariuri sportive,2026-05-23 17:40:28,,350,8700,8900,2015-10-13,"Navigational,Commercial,Transactional,Non-branded,Non-local",Romanian,"134, 136, 112, 138, 165, 138, 161, 164, 165, 206, 162, 199, 166, 186, 219, 302, 267, 261, 256, 256, 256, 265, 269, 259","257, 258, 263, 281, 282, 274, 273, 272, 273, 282, 286",Sports betting
384,888 pariuri,ro,49,250,1.90,1.1,888sport,2026-06-05 04:11:07,,300,13000,13000,2015-10-26,"Informational,Navigational,Commercial,Transactional,Branded,Non-local",Romanian,"150, 150, 156, 230, 299, 313, 239, 292, 339, 345, 425, 360, 198, 301, 240, 346, 243, 259, 222, 214, 246, 283, 219, 202","150, 188, 171, 281, 273, 381, 316, 235, 228, 267, 242, 202, 149",Sports betting
385,sportbet,ro,84,250,1.20,1,sportbet,2026-06-16 01:45:50,Sitelinks,674000,250,14000,2015-09-01,"Informational,Commercial,Branded,Non-local",Romanian,"201, 218, 243, 256, 247, 309, 259, 223, 287, 269, 262, 191, 202, 219, 243, 256, 247, 310, 259, 223, 287, 269, 262, 191","202, 219, 243, 256, 247, 310, 259, 223, 287, 269, 262, 191",Sports betting
386,casa pariurilor flashscore,ro,55,250,0.70,,flashscore,2026-06-16 05:59:59,Sitelinks,250,271000,322000,2015-09-29,"Informational,Branded,Non-local",Romanian,"209, 208, 251, 305, 295, 275, 277, 282, 307, 274, 263, 213, 209, 208, 251, 305, 295, 275, 277, 282, 307, 274, 263, 213","209, 208, 251, 305, 295, 275, 277, 282, 307, 274, 263",Gambling; Statistics
387,bonus fara depunere casa pariurilor,ro,54,250,4.00,,bonus casa pariurilor fara depunere,2026-06-16 23:41:51,Sitelinks,300,10,10,2016-09-12,"Informational,Commercial,Transactional,Branded,Non-local",Romanian,"168, 172, 168, 203, 254, 321, 185, 219, 209, 250, 304, 249, 165, 315, 258, 342, 270, 254, 283, 287, 284, 256, 247, 243","231, 274, 255, 268, 276, 295, 252, 285, 266, 289, 266, 252, 241",Sports betting
388,supetbet,ro,31,250,0.50,0.96,superbet,2026-05-26 13:10:07,"Sitelinks,Video preview",800,1610000,1760000,2015-09-17,"Informational,Navigational,Commercial,Transactional,Branded,Non-local",,"193, 190, 189, 229, 229, 231, 232, 266, 261, 271, 229, 230, 184, 191, 231, 235, 271, 274, 281, 282, 282, 281, 267, 265","255, 249, 267, 269, 276, 277, 282, 284, 284, 283, 269, 267, 257",Sports betting; Sports
389,case pariuri noi,ro,73,250,2.00,,cele mai bune case de pariuri online,2026-06-02 05:37:25,Sitelinks,250,1600,1900,2018-12-03,"Informational,Commercial,Non-branded,Non-local",Romanian,"57, 59, 103, 105, 126, 103, 126, 190, 161, 228, 198, 238, 193, 374, 384, 261, 189, 194, 176, 185, 188, 187, 187, 188","179, 192, 196, 197, 185, 182, 182, 185, 188, 187, 187, 188, 179",Sports betting
390,top case de pariuri online,ro,57,250,5.00,1.67,case pariuri online,2026-06-13 09:50:54,Sitelinks,300,2100,2600,2015-09-11,"Informational,Commercial,Transactional,Non-branded,Non-local",Romanian,"51, 95, 94, 95, 139, 121, 83, 86, 150, 203, 168, 107, 137, 182, 269, 341, 230, 161, 166, 270, 206, 340, 238, 252","238, 215, 250, 263, 264, 241, 256, 243, 255, 293, 238, 258, 243",Sports betting
391,casa. pariurilor,ro,22,250,1.70,,casa pariurilor,2026-05-28 17:50:09,"Sitelinks,Local pack",250,328000,360000,2015-09-17,"Navigational,Branded,Non-local",Romanian,"245, 231, 271, 257, 329, 333, 331, 312, 285, 322, 316, 325, 225, 242, 305, 293, 282, 221, 290, 301, 272, 219, 227, 226","203, 202, 216, 212, 221, 218, 225, 238, 236, 233, 223, 223, 199",Sports betting
392,liste fc botoșani vs fc hermannstadt,ro,0,250,,,poziții fc hermannstadt vs fc botoșani,2024-03-28 00:28:15,Image pack,300,1000,,2023-09-03,"Informational,Branded,Non-local",Romanian,"0, 0, 0, 0, 0, 0, 1395, 19, 8, 8, 8, 1452, 62, 17, 8, 8, 2695, 63, 24, 8, 23, 8, 0, 0",4,Sports news; Soccer
393,casa pariurilor.ro aplicatie,ro,4,250,1.70,,casa pariurilor,2026-06-16 05:51:19,Sitelinks,300,347000,379000,2019-05-27,"Informational,Navigational,Branded,Non-local",Romanian,"7, 7, 7, 7, 7, 7, 7, 7, 7, 7, 8, 8, 7, 9, 81, 1080, 756, 327, 616, 78, 17, 17, 111, 38",48,Sports betting; Add-ons
394,vin bet,ro,73,250,1.00,,winbet casino,2026-05-19 20:54:38,Top ads,1000,5300,7600,2020-02-25,"Non-branded,Non-local",Romanian,"154, 235, 125, 127, 103, 193, 190, 240, 195, 239, 197, 198, 193, 159, 193, 192, 299, 451, 437, 296, 237, 130, 129, 126","132, 133, 115, 109, 128, 156, 158, 149, 139, 135, 138, 130, 136",/Other
395,cote pariuri sportive,ro,65,250,0.70,,pariuri sportive,2026-06-09 05:30:40,,300,11000,11000,2016-01-06,"Informational,Commercial,Transactional,Non-branded,Non-local",Romanian,"208, 159, 65, 106, 129, 104, 65, 113, 124, 260, 146, 174, 148, 263, 266, 196, 160, 248, 270, 225, 237, 259, 240, 254","266, 263, 266, 260, 265, 268, 261, 265, 275, 299, 280, 294, 307",Sports betting
396,betfair.ro,ro,42,250,1.90,1.09,betfair,2026-06-21 15:34:04,Sitelinks,250,11000,11000,2015-09-05,"Navigational,Transactional,Branded,Non-local",,"340, 225, 288, 286, 337, 443, 322, 424, 327, 217, 271, 276, 162, 185, 277, 277, 266, 201, 261, 242, 215, 220, 222, 211","210, 197, 276, 286, 300, 289, 271, 266, 237, 241, 244, 231, 230",Sports betting
397,bet online,ro,87,250,2.50,1.14,getsbet,2026-06-21 12:38:11,,61000,242000,253000,2015-09-03,"Commercial,Transactional,Non-branded,Non-local",English,"183, 218, 125, 127, 99, 126, 123, 149, 146, 181, 214, 223, 185, 183, 197, 266, 282, 255, 258, 264, 236, 291, 219, 251","243, 246, 237, 255, 241, 244, 240, 314, 245, 251, 238, 245, 237",Sports betting; Sports
398,casa pariurilor download,ro,23,250,1.70,1.29,casa pariurilor apk,2026-06-28 12:53:24,,300,1900,2200,2015-11-18,"Transactional,Branded,Non-local",Romanian,"930, 580, 600, 1489, 1337, 1609, 1996, 1065, 304, 372, 388, 316, 166, 321, 394, 273, 248, 243, 261, 238, 237, 216, 202, 187","219, 209, 207, 262, 263, 256, 258, 237, 236, 215, 202, 187, 219",Sports betting; Add-ons
399,fotbal meciuri azi,ro,55,250,0.40,,flashscore,2026-05-23 19:58:52,,400,346000,436000,2015-11-18,"Informational,Non-branded,Non-local",Romanian,"309, 209, 181, 218, 268, 218, 185, 227, 219, 270, 180, 219, 267, 247, 224, 259, 313, 326, 336, 300, 275, 275, 200, 189","199, 144, 147, 226, 218, 458, 340, 307, 281, 282, 204, 193, 203",Live sporting events; Soccer
400,site pariuri sportive,ro,78,250,10.00,1.35,casa pariurilor,2026-06-06 04:28:19,Sitelinks,350,330000,362000,2015-12-10,"Informational,Commercial,Non-branded,Non-local",Romanian,"119, 75, 80, 125, 122, 119, 101, 122, 122, 149, 120, 104, 125, 302, 384, 220, 268, 277, 216, 304, 248, 249, 220, 224","223, 228, 230, 219, 220, 221, 210, 216, 197, 195, 179, 172, 171",Sports betting
401,oferta saptamanala superbet,ro,31,250,0.50,,superbet oferta,2026-06-18 22:23:39,Sitelinks,300,56000,58000,2015-12-15,"Informational,Commercial,Branded,Non-local",Romanian,"565, 468, 483, 481, 483, 581, 703, 710, 471, 311, 206, 312, 132, 213, 174, 163, 252, 130, 261, 423, 364, 299, 211, 367","186, 239, 278, 264, 430, 398, 457, 626, 567, 502, 414, 570, 388",Sports betting; Sports
402,bet888,ro,80,250,1.80,1.05,888sport,2026-06-15 04:14:01,Video preview,57000,12000,13000,2015-10-16,"Informational,Navigational,Branded,Non-local",,"134, 73, 82, 134, 106, 157, 103, 136, 138, 231, 252, 260, 214, 415, 336, 177, 140, 113, 393, 283, 235, 274, 233, 227","260, 253, 273, 242, 234, 237, 284, 276, 229, 268, 226, 220, 253",Sports betting
403,super avancronica bilete,ro,61,250,0.60,,biletul zilei pariu sigur,2026-06-10 08:58:12,,250,800,900,2021-04-09,"Informational,Branded,Non-local",Romanian,"64, 49, 166, 254, 376, 580, 579, 576, 457, 311, 250, 68, 298, 170, 310, 679, 315, 303, 687, 79, 12, 10, 7, 10",,Sports betting
404,superbrt,ro,48,250,2.50,0.98,superbet,2026-06-10 12:37:43,"Sitelinks,Local pack,Video preview",2200,1600000,1700000,2015-09-08,"Non-branded,Non-local",,"97, 86, 74, 87, 104, 183, 109, 107, 107, 123, 100, 101, 76, 80, 89, 192, 259, 185, 231, 122, 124, 133, 1550, 113","113, 104, 117, 137, 151, 153, 183, 127, 129, 139, 1610, 117, 118",/Other
405,superbetro,ro,48,250,1.30,0.84,superbet,2026-06-27 11:38:13,"Top ads,Sitelinks",250,1580000,1630000,2015-09-16,"Navigational,Transactional,Branded,Non-local",,"62, 222, 224, 150, 186, 186, 191, 182, 222, 153, 150, 188, 176, 287, 272, 219, 266, 206, 222, 213, 219, 225, 232, 219","211, 233, 232, 217, 226, 222, 221, 214, 220, 225, 232, 219, 211",Sports betting; Sports
406,netbet pariuri,ro,54,250,1.60,1.11,netbet sport,2026-06-07 06:09:15,Sitelinks,350,8900,10000,2015-09-07,"Navigational,Commercial,Transactional,Branded,Non-local",Romanian,"218, 141, 116, 90, 118, 138, 116, 402, 309, 480, 390, 206, 113, 193, 232, 536, 282, 207, 213, 343, 296, 279, 229, 225","194, 174, 154, 323, 264, 230, 215, 342, 296, 279, 229, 225, 194",Sports betting
407,contact netbet,ro,41,250,1.90,0.87,netbet contact,2026-05-16 14:09:56,Sitelinks,400,200,250,2015-10-19,"Informational,Branded,Non-local",English,"146, 100, 99, 232, 195, 183, 180, 225, 227, 276, 340, 418, 281, 234, 192, 159, 239, 237, 279, 271, 242, 253, 247, 246","217, 202, 185, 204, 203, 203, 208, 208, 186, 194, 192, 190, 163",Sports betting; Business
408,romania@betano.com,ro,0,250,,,betano,2026-05-19 19:10:06,Sitelinks,250,472000,477000,2020-01-10,"Informational,Commercial,Branded,Non-local",,"170, 176, 168, 214, 220, 222, 313, 355, 284, 324, 253, 264, 128, 169, 185, 236, 262, 265, 351, 437, 204, 230, 143, 124",166,Sports betting
409,pariuri azi,ro,55,250,0.90,,ponturi pariuri azi,2026-05-23 22:08:17,,400,4200,5900,2015-09-04,"Informational,Non-branded,Non-local",Romanian,"190, 247, 363, 306, 361, 312, 299, 365, 293, 294, 243, 199, 242, 270, 333, 281, 277, 277, 251, 265, 279, 261, 228, 216","206, 192, 244, 290, 289, 281, 251, 265, 279, 261, 228",Sports betting
410,biletul zilei superbet,ro,53,250,0.25,1.54,biletul zilei,2026-05-22 21:15:44,,300,7100,7800,2015-09-16,"Informational,Commercial,Branded,Non-local",Romanian,"362, 367, 456, 306, 562, 459, 555, 694, 680, 370, 246, 157, 154, 207, 168, 259, 325, 332, 238, 264, 329, 297, 242, 190","211, 217, 212, 325, 303, 280, 256, 264, 329, 296, 242, 190, 211",Sports betting; Sports
411,meciuri de fotbal astăzi,ro,57,250,0.20,,meciuri azi,2026-06-24 12:39:57,,350,132000,144000,2020-03-13,"Informational,Non-branded,Non-local",Romanian,"374, 260, 265, 273, 248, 268, 224, 204, 215, 248, 221, 220, 289, 225, 265, 274, 249, 268, 224, 204, 215, 248, 222, 220","290, 225, 266, 274, 249, 269, 225, 205, 215, 249, 222, 220, 290",Live sporting events; Soccer
412,betano .ro,ro,66,250,1.70,,betano casino,2026-06-15 12:38:50,,600,27000,28000,2017-11-03,"Informational,Navigational,Commercial,Transactional,Branded,Non-local",,"295, 303, 299, 246, 254, 259, 398, 270, 225, 251, 215, 244, 175, 186, 200, 242, 239, 274, 353, 286, 274, 269, 271, 278","268, 260, 246, 238, 272, 297, 347, 291, 278, 273, 276, 283, 273",Sports betting; Sports
413,aplicatia casa pariurilor,ro,15,250,2.50,0.96,casa pariurilor,2026-05-20 11:08:23,Sitelinks,250,327000,360000,2015-10-07,"Informational,Commercial,Transactional,Branded,Non-local",Romanian,"254, 361, 349, 403, 435, 516, 509, 669, 377, 328, 293, 482, 343, 350, 380, 157, 238, 278, 302, 298, 245, 170, 113, 202","164, 181, 195, 176, 211, 219, 236, 219, 194, 187, 169, 184, 146",Sports betting
414,casa pariurilor.,ro,19,250,,,casa pariurilor,2026-06-15 15:01:42,"Sitelinks,Local pack",250,346000,378000,2016-01-23,"Informational,Navigational,Branded,Non-local",Romanian,"271, 181, 227, 466, 303, 310, 361, 200, 185, 241, 314, 220, 251, 327, 176, 249, 289, 220, 274, 248, 179, 164, 182, 175",175,Sports betting
415,casa pariurilor romania,ro,22,250,3.00,,casa pariurilor,2026-06-24 05:41:36,Sitelinks,400,347000,379000,2015-10-12,"Informational,Commercial,Branded,Local",Romanian,"91, 76, 103, 191, 231, 24, 41, 31, 66, 83, 112, 145, 336, 218, 343, 442, 309, 113, 164, 157, 164, 156, 175, 184","197, 174, 189, 209, 203, 164, 186, 178, 186, 178, 197, 205, 219",Sports betting
416,netbet live,ro,63,250,0.80,1.18,netbet live,2026-06-24 17:56:25,,600,600,800,2015-10-12,"Informational,Commercial,Branded,Non-local",English,"253, 163, 256, 479, 254, 165, 167, 161, 293, 295, 365, 244, 196, 210, 184, 624, 235, 192, 221, 234, 244, 243, 218, 209","183, 178, 191, 325, 222, 207, 231, 231, 241, 241, 216, 208",Sports betting
417,aplicație casa pariurilor,ro,1,250,1.90,,casa pariurilor,2026-06-07 21:10:11,Sitelinks,250,330000,362000,2018-11-06,"Informational,Commercial,Transactional,Branded,Non-local",Romanian,"191, 262, 288, 361, 354, 450, 424, 428, 317, 319, 258, 304, 189, 222, 268, 169, 216, 280, 328, 256, 308, 240, 223, 209","198, 203, 216, 212, 241, 251, 294, 242, 293, 230, 215, 201, 192",Sports betting; Add-ons
418,unibet casino online,ro,70,250,0.80,,casino online,2026-05-25 23:46:39,Sitelinks,2400,79000,83000,2015-09-20,"Navigational,Transactional,Branded,Non-local",Romanian,"211, 267, 228, 282, 274, 336, 498, 416, 352, 468, 392, 265, 186, 450, 481, 530, 108, 141, 235, 160, 157, 168, 194, 173","125, 126, 150, 168, 167, 131, 163, 122, 102, 126, 145, 131, 81",Gambling
419,casa pariurilor rezultate live fotbal azi,ro,46,250,0.50,1.16,live meci,2026-06-27 20:01:25,,300,105000,169000,2015-09-08,"Informational,Navigational,Branded,Non-local",Romanian,"242, 284, 335, 260, 362, 347, 339, 304, 320, 281, 252, 208, 226, 265, 313, 243, 337, 323, 315, 283, 298, 261, 234, 193","210, 245, 290, 225, 312, 299, 292, 261, 275, 241, 216, 178, 194",Sports betting; Statistics
420,www casa pariurilor,ro,0,250,1.50,1.21,casa pariurilor,2026-06-25 23:57:19,Sitelinks,300,347000,379000,2015-09-01,"Navigational,Branded,Non-local",Romanian,"132, 249, 257, 416, 253, 284, 369, 184, 395, 291, 340, 197, 93, 211, 219, 379, 216, 248, 333, 149, 359, 257, 306, 164","59, 178, 186, 347, 184, 217, 302, 118, 329, 227, 276, 134, 30",Sports betting
421,net bet casino,ro,65,250,0.60,1.04,netbet login,2026-06-15 11:06:44,,3700,2500,2800,2015-09-13,"Informational,Commercial,Branded,Non-local",English,"240, 290, 238, 199, 240, 201, 239, 244, 189, 194, 292, 286, 232, 203, 226, 220, 188, 188, 266, 250, 228, 249, 255, 237","204, 198, 189, 187, 201, 207, 263, 247, 226, 247, 253, 236",Gambling
422,pariu sansa casa pariurilor,ro,2,200,0.60,1.47,pariu sansa casa pariurilor,2026-05-28 23:17:12,People also ask,200,30,30,2015-09-13,"Informational,Navigational,Branded,Non-local",Romanian,"110, 117, 188, 238, 261, 230, 173, 196, 205, 227, 233, 150, 78, 130, 172, 202, 219, 262, 220, 224, 185, 156, 163, 112",145,Sports betting
423,meciuri superbet azi,ro,35,200,3.50,,superbet oferta,2026-06-12 08:14:58,Sitelinks,200,51000,53000,2017-03-25,"Informational,Navigational,Commercial,Transactional,Branded,Non-local",Romanian,"122, 221, 147, 221, 227, 279, 185, 185, 215, 184, 151, 182, 143, 224, 152, 148, 143, 171, 157, 221, 260, 150, 120, 103","82, 94, 93, 110, 88, 73, 64, 151, 183, 84, 53",Sports betting
424,superbet oferta zilnica pdf,ro,47,200,2.50,0.43,oferta de azi la superbet,2026-06-15 11:39:03,,200,1600,1600,2015-09-23,"Informational,Branded,Non-local",Romanian,"168, 111, 170, 174, 211, 172, 208, 175, 170, 170, 316, 209, 133, 144, 209, 166, 167, 133, 95, 220, 237, 251, 166, 189","233, 186, 243, 334, 365, 221, 281, 387, 405, 418, 333, 356, 400",Sports betting; Templates
425,betfair ro,ro,46,200,1.90,,betfair,2026-05-23 14:23:45,Sitelinks,300,11000,11000,2015-10-26,"Navigational,Transactional,Branded,Non-local",,"39, 36, 33, 39, 58, 51, 44, 53, 38, 43, 64, 78, 86, 168, 141, 162, 146, 183, 296, 300, 326, 181, 175, 170",176,Sports betting; Sports
426,superbet cote,ro,18,200,0.50,,superbet oferta,2026-06-06 07:21:51,Sitelinks,250,50000,51000,2016-03-08,"Informational,Commercial,Branded,Non-local",Romanian,"616, 302, 232, 268, 71, 410, 262, 56, 335, 173, 405, 692, 66, 58, 72, 60, 69, 99, 383, 77, 289, 555, 284, 258","292, 233, 258, 170, 273, 231, 244, 170, 229, 184, 216, 258, 292",Sports betting
427,superbat,ro,60,200,1.90,0.19,superbet.ro,2026-06-26 22:19:45,,2600,66000,75000,2015-09-06,"Informational,Non-branded,Non-local",English,"191, 144, 166, 199, 219, 205, 243, 243, 155, 192, 143, 166, 102, 182, 170, 201, 142, 143, 204, 205, 239, 167, 179, 147",166,Comics
428,sport bet,ro,87,200,2.50,1.04,sportbet,2026-06-18 22:05:55,Video preview,221000,0,4330000,2015-09-01,"Informational,Commercial,Transactional,Non-branded,Non-local",English,"51, 43, 37, 334, 201, 292, 301, 141, 596, 271, 130, 9, 7, 6, 6, 310, 176, 269, 277, 118, 573, 249, 108, 1","1, 1, 1, 290, 156, 249, 258, 100, 554, 231, 91",Sports betting
429,meciurile de astazi,ro,52,200,,,meciuri azi,2026-05-25 22:49:58,,250,19000,26000,2015-11-25,"Informational,Non-branded,Non-local",Romanian,,,Soccer
430,casa pariurilor rezultate verificare bilet,ro,12,200,1.00,1.37,casa pariurilor,2026-05-18 04:03:30,Sitelinks,200,330000,362000,2015-10-21,"Informational,Transactional,Branded,Non-local",Romanian,"103, 105, 105, 66, 142, 79, 138, 98, 137, 100, 177, 140, 137, 192, 190, 193, 199, 159, 207, 316, 209, 181, 182, 169","143, 162, 172, 232, 214, 191, 183, 318, 210, 182, 182, 169, 144",Sports betting
431,betano liga 1,ro,5,200,1.50,,liga 1 betano,2026-05-26 06:29:17,,600,350,450,2017-11-19,"Informational,Commercial,Branded,Non-local",Romanian,"8, 175, 273, 221, 231, 339, 279, 233, 419, 228, 348, 229, 7, 191, 346, 228, 230, 187, 201, 103, 404, 198, 361, 145","3, 134, 267, 179, 219, 244, 235, 141, 406, 204, 367, 185",Sports betting; Soccer
432,unibet fotbal,ro,44,200,0.50,,pariuri sportive,2026-06-26 23:52:59,,300,13000,16000,2016-07-30,"Navigational,Commercial,Transactional,Branded,Non-local",Romanian,"0, 0, 0, 0, 0, 0, 0, 0, 0, 0, 614, 1304, 689, 64, 425, 551, 73, 58, 86, 115, 73, 63, 75, 33",52,Sports betting; Soccer
433,online betting,ro,91,200,5.00,1.51,betway sports,2026-05-23 13:55:25,People also ask,98000,20,467000,2015-09-17,"Informational,Commercial,Non-branded,Non-local",English,"219, 314, 188, 381, 271, 375, 354, 258, 204, 451, 179, 181, 160, 279, 335, 211, 161, 179, 126, 249, 330, 226, 191, 194","221, 226, 213, 219, 223, 238, 234, 256, 337, 233, 198, 201",Sports betting
434,casa pariurilor conectare,ro,0,200,1.20,,casa pariurilor,2026-06-14 23:19:38,Sitelinks,250,346000,378000,2015-10-19,"Navigational,Transactional,Branded,Non-local",Romanian,"441, 435, 650, 816, 433, 366, 363, 357, 345, 354, 534, 448, 288, 104, 129, 48, 289, 239, 216, 283, 266, 233, 219, 169","116, 121, 161, 217, 134, 132, 157, 177, 205, 144, 157, 90, 55",Sports betting
435,betfair vegas,ro,55,200,1.40,,casino online,2026-05-24 08:27:48,"Sitelinks,People also ask",450,19000,19000,2019-02-18,"Informational,Branded,Non-local",English,"168, 113, 87, 106, 154, 151, 293, 379, 249, 348, 199, 241, 156, 298, 320, 178, 171, 166, 200, 206, 197, 206, 200, 219","188, 187, 176, 137, 158, 148, 176, 183, 173, 183, 177, 196, 166",Sports betting; Company news
436,oferta casa pariurilor fotbal,ro,57,200,0.40,1.03,casa pariurilor,2026-06-21 06:24:10,Sitelinks,200,347000,379000,2015-09-12,"Informational,Navigational,Commercial,Branded,Non-local",Romanian,"366, 416, 338, 359, 407, 252, 126, 106, 48, 98, 186, 348, 218, 395, 321, 152, 107, 167, 208, 244, 82, 122, 155, 96",125,Sports betting; Sports
437,site uri pariuri sportive,ro,77,200,8.00,,cele mai bune case de pariuri online,2026-06-01 20:55:21,Sitelinks,300,1600,1900,2018-12-23,"Informational,Commercial,Transactional,Non-branded,Non-local",Romanian,"34, 17, 30, 32, 26, 22, 16, 58, 68, 40, 51, 59, 64, 395, 519, 280, 94, 111, 146, 123, 88, 102, 101, 93",100,Sports betting; Sports
438,pariuri 888,ro,43,200,2.00,,888 sport,2026-05-19 23:06:45,,200,4300,4600,2017-06-17,"Informational,Commercial,Transactional,Branded,Non-local",Romanian,"178, 174, 212, 263, 268, 271, 267, 267, 216, 224, 270, 219, 180, 193, 199, 165, 206, 261, 212, 215, 226, 190, 186, 178","154, 149, 176, 183, 185, 174, 173, 175, 182, 150, 144, 140, 115",Sports betting; Sports
439,bonus 888sport,ro,67,200,1.50,,888sport,2026-06-05 23:58:33,,800,13000,13000,2016-01-28,"Informational,Commercial,Branded,Non-local",English,"85, 121, 124, 156, 199, 163, 153, 158, 184, 231, 205, 238, 203, 288, 258, 317, 206, 130, 83, 96, 91, 99, 96, 100","90, 103, 91, 102, 87, 81, 77, 89, 84, 91, 88, 92",Sports betting
440,rotiri gratuite fara depunere casa pariurilor,ro,45,200,2.00,,bonus casino,2026-06-20 12:18:59,Sitelinks,200,3800,3900,2021-06-05,"Informational,Commercial,Transactional,Branded,Non-local",Romanian,"77, 59, 64, 107, 81, 94, 127, 117, 106, 111, 135, 134, 90, 197, 83, 70, 106, 100, 155, 220, 404, 330, 255, 246",278,Sports betting
441,pariuri biletul zilei,ro,63,200,0.50,2,biletul zilei,2026-05-21 15:21:17,,200,7100,7800,2015-09-21,"Informational,Commercial,Branded,Non-local",Romanian,"52, 54, 52, 61, 60, 50, 53, 63, 52, 50, 57, 47, 88, 433, 492, 283, 97, 147, 108, 131, 131, 87, 85, 83",86,Sports betting; Sports
442,pariuri casino,ro,83,200,1.90,,casa pariurilor casino,2026-05-26 04:48:57,,250,36000,39000,2019-05-16,"Informational,Commercial,Transactional,Branded,Non-local",Romanian,"121, 155, 287, 295, 363, 355, 438, 447, 289, 217, 228, 191, 189, 332, 354, 350, 202, 161, 169, 183, 152, 162, 118, 147","153, 138, 210, 184, 172, 175, 212, 183, 161, 156, 182, 145, 152",Lottery; Sports betting
443,pleyer,ro,28,200,0.40,0.45,player casino,2026-05-22 00:38:09,Sitelinks,7100,12000,12000,2015-11-13,"Informational,Non-branded,Non-local",English,,,Consumer electronics; Multimedia; Video games; Gambling
444,casa de pariuri fortuna,ro,36,200,1.00,1.4,fortuna verificare bilet,2026-06-15 16:41:35,,200,5500,5600,2015-09-14,"Informational,Commercial,Branded,Non-local",Romanian,"79, 63, 80, 125, 96, 175, 95, 65, 76, 78, 97, 102, 79, 137, 208, 178, 212, 194, 169, 222, 238, 212, 181, 174","163, 173, 178, 193, 189, 188, 170, 222, 238, 212, 181, 174",Sports betting
445,meciuri maine fotbal,ro,32,200,0.25,,meciuri maine,2026-05-19 03:12:59,,200,800,900,2016-02-23,"Informational,Commercial,Non-branded,Non-local",Romanian,"76, 42, 21, 36, 18, 16, 34, 49, 99, 109, 77, 85, 115, 95, 166, 186, 161, 216, 201, 274, 235, 243, 212, 173",211,Live sporting events; Sports news; Soccer
446,bonusuri pariuri,ro,65,200,6.00,1.51,casa pariurilor,2026-06-14 23:00:23,Sitelinks,300,346000,378000,2015-09-25,"Informational,Commercial,Non-branded,Non-local",Romanian,"88, 72, 91, 74, 112, 89, 75, 91, 107, 155, 151, 106, 105, 178, 169, 263, 185, 187, 192, 188, 191, 192, 179, 176","176, 192, 189, 196, 198, 194, 194, 190, 192, 194, 181",Sports betting
447,ponturi x,ro,68,200,0.90,1.38,ponturi pariuri,2026-06-20 14:22:34,,200,11000,13000,2015-09-02,"Informational,Non-branded,Non-local",Romanian,"190, 281, 285, 235, 235, 196, 193, 239, 188, 190, 197, 193, 150, 157, 193, 169, 208, 178, 161, 197, 184, 189, 176, 161","149, 196, 195, 193, 186, 193, 203, 207, 193, 199, 184, 169",Sports betting
448,meciu,ro,60,200,0.15,0.94,meciuri azi,2026-06-15 01:49:34,,200,23000,33000,2015-09-02,"Non-branded,Non-local",Romanian,"544, 480, 162, 201, 204, 196, 124, 138, 122, 222, 146, 134, 166, 115, 116, 129, 152, 163, 185, 319, 350, 336, 176, 39",160,/Other
449,bilete pariuri sportive,ro,70,200,1.20,2.07,biletul zilei,2026-06-04 16:38:20,,250,7800,8300,2015-09-02,"Navigational,Commercial,Transactional,Non-branded,Non-local",Romanian,,,Sports betting
450,agentii pariuri sportive,ro,80,200,4.50,0.7,pariuri sportive,2026-06-27 02:07:52,"Local pack,Sitelinks",300,13000,16000,2015-09-17,"Informational,Commercial,Non-branded,Non-local",Romanian,"288, 242, 201, 201, 203, 200, 128, 133, 151, 280, 198, 161, 192, 262, 328, 223, 208, 219, 234, 225, 208, 229, 193, 196","220, 200, 229, 203, 233, 231, 229, 220, 203, 224, 189",Sports betting
451,agentii pariuri online,ro,74,200,3.50,1.18,pariuri sportive,2026-06-26 07:11:39,Sitelinks,250,13000,16000,2015-10-16,"Informational,Commercial,Transactional,Non-branded,Non-local",Romanian,"101, 80, 61, 80, 102, 126, 103, 159, 121, 154, 154, 153, 149, 171, 146, 222, 189, 240, 215, 223, 219, 212, 216, 221","225, 187, 194, 212, 218, 243, 217, 241, 234, 224, 227, 231, 234",Sports betting; Sports
452,promotii pariuri,ro,60,200,6.00,,pariuri bonus,2026-05-22 17:57:54,Sitelinks,300,1700,1700,2016-03-19,"Informational,Commercial,Non-branded,Non-local",Romanian,"101, 106, 127, 153, 158, 101, 83, 79, 98, 135, 203, 202, 161, 170, 153, 296, 198, 196, 197, 194, 197, 208, 203, 201","201, 199, 196, 198, 196, 201, 192, 189, 192, 203, 199, 197",Sports betting
453,meciuri fotbal maine,ro,31,200,0.20,,meciuri maine,2026-06-03 15:08:18,,200,800,800,2015-09-08,"Informational,Commercial,Non-branded,Non-local",Romanian,"235, 185, 134, 139, 134, 137, 189, 194, 228, 195, 163, 216, 135, 193, 146, 175, 178, 189, 122, 199, 286, 294, 173, 149",205,Live sporting events; Sports news; Soccer
454,bilete superbet,ro,42,200,1.90,1.34,verificare bilet superbet,2026-05-21 19:18:13,Video preview,250,69000,70000,2015-10-26,"Informational,Commercial,Transactional,Branded,Non-local",Romanian,"386, 221, 262, 408, 396, 326, 329, 401, 387, 266, 274, 222, 117, 127, 185, 178, 222, 256, 250, 241, 242, 244, 199, 192","162, 205, 178, 192, 211, 194, 217, 209, 209, 211, 172, 166",Sports betting
455,casa pariurilor agentii,ro,20,200,1.30,1.03,casa pariurilor timisoara,2026-05-17 07:29:05,,250,20,20,2015-09-04,"Informational,Commercial,Branded,Local",Romanian,"168, 156, 190, 226, 263, 229, 218, 187, 248, 212, 217, 191, 168, 156, 191, 227, 263, 229, 218, 187, 248, 213, 217, 191","168, 156, 191, 227, 263, 229, 218, 187, 248, 213, 217, 191, 168",Sports betting; Business
456,cea mai buna casa de pariuri online,ro,67,200,8.00,1.56,case pariuri online,2026-05-26 00:49:48,Top ads,250,1900,2300,2015-10-09,"Informational,Commercial,Non-branded,Non-local",Romanian,"104, 104, 81, 127, 122, 101, 98, 104, 160, 224, 161, 127, 124, 281, 367, 237, 159, 180, 179, 167, 181, 172, 136, 135","138, 161, 161, 163, 183, 192, 178, 167, 181, 172, 136, 135, 138",Sports betting; Sports
457,casa pariurilo,ro,26,200,0.15,1.11,casa pariurilor,2026-06-28 09:15:25,"Sitelinks,Knowledge panel",200,347000,379000,2015-09-06,"Informational,Navigational,Commercial,Branded,Non-local",Romanian,,,Sports betting
458,oferta fotbal casa pariurilor,ro,53,200,0.60,,casa pariurilor,2026-05-30 01:47:05,Sitelinks,200,329000,362000,2015-09-05,"Informational,Commercial,Branded,Non-local",Romanian,"195, 219, 220, 152, 156, 161, 171, 246, 202, 223, 172, 169, 140, 219, 187, 261, 219, 238, 230, 222, 191, 149, 152, 69",124,Sports betting; Sports
459,superbet biletul zilei,ro,54,200,0.40,1.44,pontul zilei lavinia,2026-05-22 10:24:35,Sitelinks,200,70,70,2015-09-04,"Informational,Commercial,Branded,Non-local",Romanian,"32, 55, 53, 48, 75, 161, 158, 117, 125, 157, 127, 125, 74, 85, 123, 170, 201, 200, 280, 282, 198, 240, 241, 184",222,Sports betting
460,oferta pariuri superbet,ro,49,200,0.45,1.1,superbet oferta,2026-06-10 09:17:06,Sitelinks,250,50000,51000,2015-09-08,"Informational,Commercial,Branded,Non-local",Romanian,"53, 102, 161, 126, 127, 99, 135, 142, 86, 153, 74, 45, 50, 117, 136, 167, 147, 186, 373, 326, 188, 157, 180, 155",164,Sports betting
461,pariuri rezultate,ro,64,200,0.70,,flashscore,2026-06-05 17:16:47,,200,341000,441000,2015-10-07,"Informational,Non-branded,Non-local",Romanian,"139, 270, 174, 213, 176, 216, 176, 262, 211, 209, 143, 113, 170, 162, 132, 193, 199, 200, 255, 298, 286, 234, 210, 218","235, 264, 230, 268, 252, 250, 282, 331, 319, 267, 243, 251, 267",Statistics
462,meci maine,ro,54,200,0.15,,meciuri din superliga,2026-05-20 03:24:34,,200,87000,97000,2016-03-30,"Informational,Non-branded,Non-local",Romanian,"536, 542, 134, 164, 211, 244, 77, 144, 153, 304, 243, 315, 296, 252, 200, 165, 249, 197, 134, 114, 116, 156, 135, 166","234, 213, 147, 171, 166, 183, 141, 97, 106, 162, 130, 172, 231",Live sporting events; Sports news; Soccer
463,pariuri sigure,ro,64,200,1.70,1.59,ponturi pariuri,2026-05-25 13:43:47,,350,15000,17000,2015-09-02,"Informational,Commercial,Non-branded,Non-local",Romanian,"98, 144, 98, 108, 131, 127, 144, 118, 162, 172, 175, 213, 146, 134, 156, 271, 196, 196, 155, 196, 203, 250, 213, 205","188, 185, 194, 225, 231, 220, 216, 219, 210, 214, 208, 191, 173",Sports betting
464,netbet aplicatie,ro,0,200,1.70,0.75,netbet,2026-06-02 10:02:54,Sitelinks,300,13000,14000,2015-11-24,"Informational,Commercial,Transactional,Branded,Non-local",Romanian,"164, 162, 165, 132, 229, 166, 233, 166, 289, 353, 228, 230, 164, 225, 206, 203, 180, 220, 221, 166, 167, 281, 175, 204","125, 284, 157, 90, 100, 127, 518, 160, 169, 158, 150, 183, 104",Sports betting; Add-ons
465,supertbet,ro,50,200,0.50,1.07,superbet,2026-05-22 15:20:11,"Sitelinks,Video preview",900,1610000,1760000,2015-10-09,"Navigational,Transactional,Branded,Non-local",,"164, 166, 169, 204, 201, 211, 213, 238, 236, 233, 192, 198, 154, 172, 200, 208, 232, 236, 247, 243, 246, 248, 237, 232","219, 223, 237, 245, 247, 251, 252, 250, 254, 255, 244, 239, 226",Sports betting; Sports
466,www.superbet,ro,71,200,0.70,1.16,superbet,2026-06-15 08:20:48,Sitelinks,2400,1560000,1620000,2015-09-10,"Navigational,Transactional,Branded,Non-local",,"175, 240, 230, 273, 249, 219, 225, 229, 216, 219, 240, 174, 139, 154, 214, 200, 201, 222, 211, 231, 224, 193, 175, 179","172, 188, 197, 205, 206, 196, 197, 192, 200, 193, 196, 179, 172",Sports betting
467,unibet ro casino,ro,57,200,0.50,,unibet.ro casino,2026-06-20 08:42:44,,400,350,500,2021-06-13,"Informational,Navigational,Branded,Non-local",English,"54, 66, 54, 38, 55, 67, 102, 36, 135, 33, 45, 55, 145, 174, 84, 53, 81, 207, 309, 227, 234, 229, 232, 247","255, 258, 250, 248, 269, 277, 296, 285, 293, 288, 291, 306, 314",Gambling
468,oferta pariuri,ro,78,200,4.00,,casa pariurilor,2026-06-05 20:05:35,,250,330000,362000,2016-01-12,"Informational,Commercial,Non-branded,Non-local",Romanian,"103, 105, 90, 110, 127, 123, 124, 103, 75, 154, 158, 188, 153, 132, 113, 214, 194, 181, 198, 208, 248, 256, 254, 214","206, 214, 215, 257, 245, 257, 248, 232, 246, 253, 218, 215, 206",Sports betting
469,case de pariuri online romania,ro,74,200,6.00,1.58,pariuri sportive,2026-05-20 21:44:23,Sitelinks,300,8300,8400,2015-09-04,"Informational,Commercial,Non-branded,Non-local",Romanian,"193, 82, 160, 166, 159, 101, 103, 106, 128, 164, 130, 163, 164, 195, 232, 170, 226, 168, 188, 242, 310, 259, 236, 265","272, 267, 284, 271, 285, 281, 284, 303, 290, 286, 280, 289, 295",Sports betting; Sports
470,casa sport,ro,26,200,1.70,,casa pariurilor,2026-05-30 01:32:30,Sitelinks,2000,329000,362000,2016-10-19,"Informational,Commercial,Branded,Non-local",Romanian,"290, 198, 102, 302, 232, 229, 142, 64, 82, 155, 157, 196, 195, 336, 359, 199, 162, 156, 102, 97, 121, 151, 112, 99","97, 83, 71, 76, 77, 71, 67, 42, 61, 98, 60",Sports betting
471,pariloto live,ro,55,200,2.00,,livescore,2026-06-15 15:23:23,,250,112000,117000,2015-09-12,"Informational,Commercial,Branded,Non-local",Romanian,"143, 144, 220, 261, 265, 270, 329, 401, 321, 380, 286, 240, 207, 119, 118, 114, 216, 207, 209, 191, 154, 163, 146, 141","143, 160, 183, 199, 194, 205, 209, 191, 154, 163, 145",Lottery; Sports betting
472,oferta superbet duminica,ro,52,200,0.70,,oferta superbet duminica,2026-05-29 08:12:49,Sitelinks,200,70,70,2017-01-28,"Informational,Commercial,Branded,Non-local",Romanian,"503, 407, 461, 559, 270, 247, 254, 363, 300, 95, 97, 114, 106, 146, 154, 147, 187, 110, 230, 330, 341, 278, 179, 125",194,Sports betting; Sports
473,super bet online,ro,53,200,2.50,1.22,superbet,2026-06-01 22:36:39,"Sitelinks,Video preview",700,1610000,1760000,2015-09-12,"Informational,Navigational,Commercial,Transactional,Branded,Non-local",English,"185, 280, 345, 519, 525, 522, 641, 642, 515, 521, 513, 227, 87, 129, 232, 122, 204, 127, 242, 246, 246, 244, 223, 170","144, 189, 283, 466, 564, 489, 502, 497, 477, 457, 405, 300, 246",Sports betting; Sports
474,fotbal meciuri,ro,63,200,0.05,,meciuri din superliga,2026-06-05 20:27:34,,200,109000,124000,2015-10-20,"Informational,Non-branded,Non-local",Romanian,"242, 190, 127, 127, 160, 129, 107, 144, 159, 165, 113, 133, 170, 132, 128, 123, 196, 262, 277, 187, 197, 226, 212, 229","261, 242, 248, 222, 243, 304, 249, 220, 232, 265, 248, 267, 303",Sports news; Soccer
475,conectare casa pariurilor,ro,0,200,0.80,,casa pariurilor,2026-06-10 06:17:04,Sitelinks,200,332000,364000,2021-03-28,"Navigational,Transactional,Branded,Non-local",Romanian,"334, 386, 221, 221, 295, 288, 285, 289, 152, 100, 149, 126, 122, 235, 150, 185, 230, 273, 241, 224, 215, 253, 237, 221","198, 231, 199, 229, 225, 212, 210, 193, 185, 217, 202, 188, 169",Sports betting
476,888 sport bonus,ro,62,200,2.50,,888sport,2026-06-28 17:25:23,,500,12000,13000,2017-02-03,"Informational,Commercial,Transactional,Branded,Non-local",English,"4, 4, 9, 6, 66, 92, 40, 33, 9, 65, 80, 81, 76, 158, 167, 173, 217, 256, 161, 166, 232, 201, 309, 227",246,Sports betting; Sports
477,netbey,ro,66,200,1.90,,netbet,2026-05-30 02:17:58,Sitelinks,1000,176000,180000,2015-09-10,"Informational,Commercial,Branded,Non-local",Romanian,,,Sports betting
478,meciurile zilei,ro,62,200,0.05,1.19,ce meciuri sunt azi,2026-05-30 09:13:13,Sitelinks,200,2000,2100,2015-09-04,"Informational,Non-branded,Non-local",Romanian,"658, 244, 156, 157, 192, 155, 156, 129, 195, 236, 240, 242, 157, 203, 254, 292, 208, 197, 169, 133, 187, 182, 162, 169","210, 170, 148, 165, 169, 179, 129, 92, 147, 142, 124, 131, 173",Live sporting events; Sports news; Soccer
479,cod superbet,ro,56,200,2.50,,verificare bilet superbet,2026-06-15 04:56:59,"Sitelinks,Video preview",250,69000,70000,2016-01-12,"Informational,Commercial,Branded,Non-local",Romanian,"337, 225, 271, 276, 339, 344, 280, 334, 275, 278, 231, 232, 183, 187, 130, 228, 277, 236, 198, 198, 212, 212, 179, 175","162, 164, 183, 176, 212, 197, 175, 175, 185, 189, 154, 151",Sports betting
480,meciuri maine romania,ro,55,200,0.20,,meciuri din superliga,2026-05-28 19:43:07,,200,110000,123000,2018-09-06,"Informational,Non-branded,Non-local",Romanian,,,Soccer
481,888 login,ro,79,200,1.60,,888 casino,2026-05-23 23:57:37,Sitelinks,36000,97000,100000,2016-02-19,"Navigational,Transactional,Branded,Non-local",English,"87, 93, 115, 170, 244, 312, 225, 127, 82, 68, 129, 112, 90, 413, 619, 261, 201, 180, 90, 141, 55, 27, 43, 44",39,Sports betting
482,cea mai buna casa de pariuri,ro,68,200,4.00,0.91,casa pariurilor,2026-06-02 19:58:46,Sitelinks,200,330000,362000,2015-09-17,"Informational,Commercial,Non-branded,Non-local",Romanian,"70, 47, 40, 45, 52, 42, 56, 60, 48, 51, 49, 59, 41, 193, 198, 192, 188, 215, 224, 206, 145, 154, 202, 186",182,Sports betting
483,888 online,ro,79,200,0.35,,888 casino,2026-06-08 08:05:28,Sitelinks,1700,101000,104000,2016-01-09,"Informational,Commercial,Branded,Non-local",Romanian,"204, 203, 162, 130, 153, 71, 133, 147, 88, 151, 100, 125, 121, 256, 361, 239, 378, 101, 248, 182, 110, 124, 122, 130",126,Sports betting
484,pariu x,ro,55,200,1.50,1.16,pariurix,2026-06-28 10:12:25,Sitelinks,250,2900,3300,2015-09-17,"Informational,Commercial,Branded,Non-local",Romanian,"167, 134, 104, 110, 164, 140, 135, 169, 137, 168, 108, 108, 49, 77, 118, 319, 261, 221, 222, 319, 264, 262, 264, 271","260, 260, 255, 272, 280, 288, 291, 303, 267, 261, 253, 271, 260",Sports betting; Sports
485,netbet fotbal,ro,62,200,1.60,,netbet fotbal,2026-06-26 15:23:02,Sitelinks,350,350,400,2015-09-18,"Informational,Navigational,Commercial,Transactional,Branded,Non-local",Romanian,,,Sports betting
486,contact casa pariurilor,ro,0,200,3.00,1.26,casa pariurilor contact,2026-05-19 07:49:48,Local pack,250,800,800,2015-09-17,"Navigational,Branded,Local",Romanian,"239, 245, 246, 224, 188, 147, 180, 135, 156, 180, 215, 277, 214, 201, 166, 213, 206, 153, 304, 287, 188, 197, 209, 219","199, 189, 183, 197, 217, 222, 226, 192, 214, 228, 249, 216, 196",Sports betting; Business
487,casa pariurilor pariuri sportive,ro,48,200,1.40,,casa pariurilor,2026-06-27 00:46:53,Sitelinks,200,347000,379000,2015-09-25,"Informational,Navigational,Commercial,Transactional,Branded,Non-local",Romanian,"342, 532, 647, 774, 644, 630, 634, 633, 415, 144, 141, 94, 49, 63, 96, 184, 166, 170, 219, 216, 209, 299, 247, 271","279, 294, 304, 350, 383, 349, 313, 367, 341, 350, 306, 339, 347",Sports betting
488,agentii pariuri,ro,82,200,7.00,1.04,pariuri sportive,2026-05-27 23:03:33,"Local pack,Sitelinks",250,9600,9800,2015-09-01,"Informational,Commercial,Transactional,Non-branded,Local",Romanian,"108, 131, 129, 127, 153, 129, 121, 126, 125, 186, 186, 157, 154, 208, 209, 243, 215, 173, 180, 147, 202, 193, 173, 170","161, 175, 181, 185, 185, 197, 180, 172, 175, 173, 147, 157, 149",Sports betting; Sports
489,excelbet azi,ro,0,200,,,excelbet,2026-06-05 09:22:13,Sitelinks,200,11000,12000,2017-08-11,"Informational,Commercial,Branded,Non-local",Romanian,"11, 24, 22, 37, 49, 78, 56, 420, 95, 39, 48, 44, 29, 72, 247, 339, 341, 273, 247, 192, 159, 142, 110, 107",121,Sports betting
490,superet,ro,62,150,1.00,0.86,super bet,2026-06-15 12:44:47,,700,89000,91000,2015-09-15,"Informational,Non-branded,Non-local",Romanian,"153, 153, 153, 151, 181, 155, 110, 136, 126, 154, 156, 154, 96, 148, 148, 147, 161, 119, 102, 129, 140, 134, 133, 118","101, 112, 120, 129, 154, 137, 135, 131, 142, 136, 135, 120",Business; Society
491,agentie casa pariurilor,ro,18,150,1.30,1.14,casa pariurilor,2026-05-30 03:46:53,Local pack,150,329000,362000,2015-09-18,"Informational,Branded,Non-local",Romanian,"119, 101, 148, 170, 199, 158, 155, 117, 106, 137, 219, 140, 160, 147, 146, 159, 168, 139, 158, 158, 160, 183, 155, 135","124, 120, 138, 128, 131, 135, 135, 137, 141, 162, 134",Sports betting
492,site uri de pariuri,ro,76,150,7.00,,agentii pariuri online,2026-06-21 01:48:33,Sitelinks,200,1700,2000,2015-09-30,"Informational,Commercial,Non-branded,Non-local",Romanian,"91, 64, 77, 77, 106, 104, 101, 110, 80, 120, 221, 159, 130, 215, 231, 174, 116, 117, 120, 129, 122, 133, 137, 128","119, 122, 130, 130, 134, 131, 131, 136, 130, 141, 145, 136, 127",Sports betting; Sports
493,casa pariurilor sibiu,ro,0,150,0.60,0.78,casa pariurilor,2026-06-10 08:43:17,"Local pack,Sitelinks",150,332000,364000,2015-09-14,"Informational,Branded,Local",Romanian,"110, 89, 74, 82, 80, 97, 135, 131, 102, 134, 164, 204, 111, 175, 160, 129, 77, 118, 168, 140, 145, 152, 132, 198",161,Sports betting
494,verifica bilet casa pariurilor,ro,33,150,1.00,1.5,casa pariurilor verificare bilet,2026-06-22 12:08:24,,150,13000,13000,2015-09-14,"Informational,Transactional,Branded,Non-local",Romanian,"104, 113, 126, 67, 118, 94, 127, 101, 102, 122, 89, 92, 70, 250, 256, 101, 101, 86, 220, 255, 215, 114, 119, 51",85,Sports betting
495,pariurix biletul zilei,ro,53,150,0.30,1.02,biletul zilei,2026-06-17 19:56:36,,150,1300,1400,2015-09-26,"Informational,Branded,Non-local",Romanian,,,Sports betting
496,fortuna.ro,ro,56,150,0.05,0.99,efortuna.ro,2026-06-22 04:37:29,,300,4700,4700,2015-09-03,"Navigational,Transactional,Branded,Non-local",,"101, 145, 182, 158, 177, 177, 170, 159, 202, 213, 149, 120, 99, 142, 178, 155, 174, 174, 167, 157, 199, 210, 148, 118","98, 140, 176, 153, 173, 172, 165, 155, 197, 208, 146, 118, 97",Sports betting; Sports
497,oferte pariuri sportive,ro,70,150,3.00,,casa pariurilor,2026-06-08 10:36:57,,200,330000,362000,2015-10-02,"Informational,Commercial,Transactional,Non-branded,Non-local",Romanian,"149, 76, 44, 62, 94, 123, 79, 127, 130, 150, 123, 126, 121, 127, 159, 172, 156, 153, 140, 187, 181, 161, 167, 159","160, 150, 159, 170, 164, 159, 154, 149, 139, 134, 131, 131, 131",Sports betting
498,cote fotbal azi,ro,59,150,0.20,,superbet.ro,2026-06-27 22:17:03,,200,66000,75000,2021-08-18,"Informational,Commercial,Transactional,Non-branded,Non-local",Romanian,,,Sports betting
499,casa pariurilor mobile,ro,29,150,1.50,,casa pariurilor,2026-06-17 02:55:54,Sitelinks,200,347000,379000,2015-09-15,"Informational,Navigational,Commercial,Transactional,Branded,Non-local",Romanian,,,Sports betting
500,bonus 888 sport,ro,59,150,3.50,,pariuri sportive,2026-05-28 06:03:21,,350,2800,3600,2016-07-26,"Informational,Commercial,Transactional,Branded,Non-local",English,"31, 30, 37, 34, 36, 38, 32, 33, 32, 37, 52, 47, 40, 87, 95, 131, 151, 190, 183, 212, 138, 94, 109, 104",104,Sports betting
501,bonus pariuri online,ro,67,150,10.00,,pariuri bonus,2026-06-14 23:41:24,Sitelinks,200,1700,1800,2015-09-13,"Informational,Commercial,Non-branded,Non-local",Romanian,"53, 42, 34, 52, 52, 52, 70, 52, 70, 116, 102, 102, 118, 146, 115, 154, 140, 154, 149, 142, 149, 151, 153, 149","144, 143, 140, 148, 147, 151, 150, 143, 149, 151, 153, 149",Sports betting
502,bilete pariuri azi,ro,67,150,0.50,1.94,biletul zilei fotbal,2026-06-05 05:11:15,,200,6300,7500,2015-09-04,"Informational,Commercial,Non-branded,Non-local",Romanian,"127, 126, 104, 138, 162, 132, 173, 227, 263, 167, 93, 98, 37, 80, 129, 207, 204, 180, 167, 165, 189, 159, 132, 125","110, 130, 145, 176, 182, 172, 168, 165, 189, 159, 132, 125, 110",Sports betting
503,casapari,ro,0,150,1.30,0.94,casa pariurilor,2026-06-10 16:14:18,Knowledge panel,150,333000,365000,2015-09-20,"Informational,Navigational,Branded,Non-local",,"108, 131, 107, 86, 106, 132, 135, 131, 127, 205, 205, 205, 197, 203, 163, 163, 159, 153, 132, 153, 148, 150, 123, 107","121, 116, 119, 106, 108, 116, 122, 139, 132, 136, 108, 93, 106",Business
504,cote pariuri superbet,ro,28,150,0.50,,superbet.ro,2026-06-28 13:58:28,Sitelinks,400,66000,75000,2015-11-16,"Informational,Navigational,Commercial,Transactional,Branded,Non-local",Romanian,"15, 10, 2, 10, 44, 33, 23, 181, 111, 140, 185, 197, 17, 125, 87, 179, 212, 116, 121, 129, 165, 157, 356, 144",220,Sports betting; Sports
505,casa pariurilor bonus fara depunere 100 lei,ro,47,150,1.30,,casa pariurilor casino,2026-05-28 06:19:54,Sitelinks,150,1900,2000,2021-11-19,"Informational,Commercial,Transactional,Branded,Non-local",Romanian,"69, 68, 71, 91, 86, 96, 129, 146, 84, 87, 53, 71, 107, 97, 98, 81, 109, 136, 177, 231, 210, 186, 175, 164",177,Sports betting
506,oferta pariuri sportive,ro,78,150,0.90,,superbet oferta,2026-06-18 19:58:43,,250,56000,58000,2015-10-14,"Informational,Commercial,Non-branded,Non-local",Romanian,"144, 106, 89, 105, 127, 143, 85, 100, 119, 155, 160, 158, 163, 145, 155, 199, 167, 196, 190, 184, 180, 179, 178, 173","178, 177, 185, 188, 187, 186, 184, 180, 175, 174, 173, 168",Sports betting
507,casapariu,ro,41,150,1.90,1.08,casa pariurilor,2026-06-22 04:42:53,Sitelinks,200,346000,379000,2015-09-06,"Navigational,Branded,Non-local",Romanian,"149, 78, 97, 219, 76, 151, 220, 185, 75, 119, 148, 269, 175, 124, 207, 146, 122, 146, 229, 179, 176, 169, 133, 145","122, 147, 168, 186, 172, 203, 192, 177, 174, 167, 132, 143, 121",/Other
508,superbet galati,ro,23,150,0.80,0.66,superbet,2026-06-17 07:14:48,"Local pack,Sitelinks",150,1550000,1620000,2015-09-03,"Informational,Branded,Local",Romanian,"171, 173, 133, 95, 118, 109, 138, 123, 113, 130, 126, 109, 44, 80, 100, 110, 116, 81, 178, 134, 179, 165, 209, 137",171,Sports betting; Business
509,superbet pariuri online,ro,52,150,0.40,1.11,super bet,2026-06-15 17:38:44,,150,87000,89000,2015-09-02,"Informational,Navigational,Commercial,Transactional,Branded,Non-local",Romanian,,,Sports betting
510,biletul zilei la pariuri,ro,61,150,0.30,2.36,biletul zilei,2026-05-22 18:28:13,,150,7100,7800,2015-09-15,"Informational,Non-branded,Non-local",Romanian,"60, 62, 81, 100, 82, 65, 81, 86, 78, 81, 98, 79, 27, 75, 100, 91, 112, 129, 173, 185, 200, 195, 152, 139","133, 160, 181, 188, 196, 173, 165, 189, 203, 198, 155, 142",Sports betting
511,unibet sport,ro,54,150,1.10,,pariuri sportive,2026-05-26 18:20:50,Sitelinks,15000,9600,9800,2018-11-07,"Navigational,Transactional,Branded,Non-local",Romanian,"106, 115, 151, 90, 156, 160, 213, 99, 154, 167, 114, 117, 95, 104, 139, 78, 145, 148, 201, 87, 143, 156, 103, 106","84, 93, 129, 68, 134, 138, 191, 77, 133, 146, 93, 96, 74",Sports betting; Sports
512,casa pariurilor pacanele,ro,61,150,2.50,,casa pariurilor,2026-06-21 09:42:41,,150,347000,379000,2017-01-13,"Informational,Navigational,Commercial,Transactional,Branded,Non-local",Romanian,"71, 136, 118, 93, 211, 114, 146, 153, 183, 116, 185, 193, 50, 126, 192, 123, 143, 89, 200, 217, 107, 110, 117, 85",104,Sports betting
513,batano,ro,46,150,1.60,0.7,betano,2026-06-11 20:01:21,Sitelinks,6300,470000,475000,2016-04-11,"Informational,Commercial,Branded,Non-local",Romanian,"97, 90, 90, 88, 118, 130, 177, 154, 139, 147, 133, 144, 110, 107, 109, 136, 114, 126, 191, 183, 160, 130, 126, 137",132,Sports betting
514,cele mai bune cote la pariuri,ro,44,150,0.90,,pariuri sportive,2026-06-12 01:28:39,Sitelinks,200,11000,11000,2015-09-28,"Informational,Commercial,Non-branded,Non-local",Romanian,"119, 116, 57, 72, 95, 69, 44, 71, 264, 394, 148, 186, 125, 247, 256, 289, 129, 135, 88, 107, 135, 137, 102, 100","92, 92, 84, 90, 88, 83, 85, 76, 95, 102, 67, 67, 59",Sports betting
515,download casa pariurilor,ro,0,150,1.70,1.28,casa pariurilor apk,2026-06-16 09:20:33,,200,1900,2200,2015-11-17,"Transactional,Branded,Non-local",Romanian,"52, 42, 66, 835, 131, 78, 172, 886, 102, 115, 147, 158, 44, 352, 488, 294, 89, 109, 115, 135, 97, 99, 112, 109",107,Sports betting; Add-ons
516,ce inseamna cota 1/4,ro,0,150,,,ce inseamna cota 1/4,2026-06-27 22:49:48,"AI Overview,Thumbnail,People also ask",200,200,200,2018-12-19,"Informational,Non-branded,Non-local",Romanian,,,Sports betting
517,aplicatii pariuri sportive,ro,65,150,16.00,,aplicatie pariuri sportive,2026-06-03 21:04:59,Sitelinks,200,70,70,2016-02-16,"Informational,Commercial,Non-branded,Non-local",Romanian,"153, 99, 98, 148, 145, 124, 100, 125, 142, 147, 146, 98, 78, 125, 143, 220, 171, 183, 168, 179, 187, 181, 169, 152","158, 150, 156, 173, 180, 178, 164, 175, 183, 177, 165, 148, 154",Sports betting; Add-ons
518,casa pariurilor ofertă,ro,10,150,1.50,,casa pariurilor,2026-06-09 10:38:35,Sitelinks,150,332000,364000,2017-01-08,"Informational,Commercial,Branded,Non-local",Romanian,"260, 323, 175, 213, 176, 222, 178, 221, 254, 271, 386, 322, 249, 185, 189, 193, 135, 122, 94, 98, 100, 122, 126, 118","111, 113, 112, 102, 113, 115, 114, 107, 108, 132, 137, 128, 121",Sports betting
519,betfair online,ro,68,150,,,betfair sportsbook,2026-06-06 06:55:58,Sitelinks,900,200,102000,2020-01-06,"Informational,Commercial,Branded,Non-local",English,,,Sports betting
520,superbet pariuri sportive online,ro,29,150,1.80,,superbet,2026-06-21 11:22:34,Sitelinks,200,1580000,1680000,2023-06-06,"Informational,Navigational,Commercial,Transactional,Branded,Non-local",Romanian,,,Sports betting
521,superebt,ro,52,150,1.50,1,superbet,2026-06-27 02:21:08,"Sitelinks,Local pack",450,1580000,1630000,2015-09-21,"Informational,Commercial,Transactional,Branded,Non-local",Romanian,"76, 93, 75, 84, 105, 106, 98, 101, 122, 126, 177, 194, 51, 105, 81, 130, 133, 106, 153, 174, 247, 244, 203, 162",203,Audio; Shopping
522,suoer bet,ro,62,150,1.10,0.97,superbet oferta,2026-06-10 02:43:53,,900,50000,51000,2015-10-31,"Informational,Navigational,Commercial,Transactional,Branded,Non-local",English,"157, 125, 149, 160, 180, 199, 157, 168, 128, 165, 112, 143, 101, 135, 143, 155, 159, 180, 218, 195, 177, 158, 167, 144",157,Sports betting
523,azi meciuri,ro,59,150,0.05,,meciuri azi,2026-06-14 21:12:45,,150,68000,75000,2016-03-12,"Informational,Non-branded,Non-local",Romanian,"339, 246, 155, 117, 151, 182, 131, 99, 132, 197, 161, 165, 166, 147, 158, 138, 182, 203, 133, 108, 146, 183, 91, 126",135,Sports news; Statistics
524,aplicatia netbet,ro,58,150,1.40,,netbet sport,2026-05-27 04:44:23,,200,8900,9900,2016-01-14,"Informational,Commercial,Transactional,Branded,Non-local",Romanian,"42, 29, 35, 32, 31, 31, 35, 37, 44, 45, 41, 42, 36, 129, 133, 162, 149, 176, 196, 144, 115, 120, 135, 176",145,Sports betting
525,siteuri pariuri,ro,75,150,8.00,,pariuri sportive,2026-06-07 06:02:42,,200,11000,11000,2015-10-16,"Informational,Commercial,Non-branded,Non-local",Romanian,"111, 113, 114, 57, 70, 71, 56, 74, 88, 114, 169, 135, 127, 141, 168, 168, 160, 212, 150, 165, 169, 164, 167, 162","162, 162, 164, 161, 164, 166, 160, 161, 165, 160, 162, 158, 158",Sports betting
526,meciuri fotbal astazi,ro,60,150,0.07,,meciuri azi,2026-06-10 23:18:13,,200,58000,65000,2016-04-07,"Informational,Non-branded,Non-local",Romanian,"179, 71, 96, 99, 148, 138, 71, 75, 89, 134, 94, 118, 157, 210, 87, 89, 109, 183, 126, 110, 101, 163, 150, 132",149,Soccer
527,fotbal casa pariurilor,ro,41,150,0.30,,casa pariurilor,2026-06-19 17:09:35,Sitelinks,150,347000,380000,2016-09-01,"Informational,Commercial,Branded,Non-local",Romanian,,,Sports betting
528,superbet.ri,ro,53,150,1.60,,superbet,2026-05-25 10:33:14,"Sitelinks,Bottom ads",200,1610000,1760000,2015-09-08,"Navigational,Branded,Non-local",Romanian,,,Sports betting
529,biletul zilei pariuri sportive,ro,60,150,0.60,2.24,ponturi pariuri,2026-05-22 09:19:28,,150,16000,18000,2015-09-02,"Informational,Commercial,Branded,Non-local",Romanian,"28, 32, 48, 52, 47, 44, 38, 94, 56, 34, 20, 39, 20, 83, 106, 120, 161, 186, 202, 287, 201, 146, 172, 163",161,Sports betting; Sports
530,flashscore casa pariurilor,ro,43,150,0.60,,flashscore mobil,2026-06-18 13:25:58,,150,17000,24000,2015-09-10,"Informational,Navigational,Commercial,Branded,Non-local",Romanian,"23, 32, 36, 52, 40, 152, 289, 344, 179, 125, 122, 129, 39, 109, 128, 148, 152, 174, 159, 162, 147, 137, 129, 128","126, 129, 147, 148, 139, 149, 160, 162, 147, 138, 130, 129, 126",Sports betting; Statistics
531,casa cazino,ro,63,150,1.50,,cazinouri online,2026-06-25 16:45:09,Sitelinks,150,31000,34000,2020-01-12,"Informational,Branded,Local",Romanian,"71, 43, 69, 74, 88, 130, 163, 164, 174, 227, 70, 64, 61, 202, 212, 81, 83, 153, 143, 130, 124, 119, 96, 94","91, 90, 89, 76, 79, 84, 92, 88, 80, 78, 56, 56, 54",Events; Lottery
532,casa parourilor,ro,27,150,1.60,1.08,casa pariurilor,2026-06-19 15:18:02,"Sitelinks,Knowledge panel",150,347000,380000,2015-10-13,"Informational,Navigational,Commercial,Branded,Non-local",Romanian,,,Sports betting
533,superbet oferta pariuri,ro,54,150,,,super bet,2026-06-15 06:11:33,Sitelinks,200,89000,91000,2015-09-12,"Informational,Commercial,Transactional,Branded,Non-local",Romanian,"5, 1, 14, 4, 15, 34, 19, 27, 22, 56, 62, 71, 211, 171, 79, 59, 45, 66, 112, 296, 212, 245, 239, 143",208,Sports betting
534,super bet login,ro,57,150,2.00,,superbet,2026-06-02 14:07:39,"Sitelinks,Video preview",12000,1610000,1760000,2015-12-31,"Navigational,Transactional,Branded,Non-local",English,"200, 247, 207, 149, 91, 43, 67, 95, 44, 52, 50, 55, 90, 138, 143, 188, 233, 109, 128, 197, 219, 190, 185, 151",177,Sports betting
535,casa pariurilor aplicatie android,ro,23,150,0.90,0.88,casa pariurilor apk,2026-06-17 04:16:15,,200,1900,2200,2015-09-26,"Informational,Transactional,Branded,Non-local",Romanian,"186, 228, 226, 122, 152, 119, 102, 80, 117, 280, 229, 189, 178, 140, 142, 172, 206, 178, 138, 159, 153, 172, 162, 163","149, 165, 166, 177, 189, 165, 150, 161, 155, 174, 164, 165, 151",Sports betting; Add-ons
536,oferta fotbal,ro,56,150,0.20,,superbet oferta,2026-05-29 16:08:40,Sitelinks,150,49000,50000,2015-09-02,"Informational,Commercial,Non-branded,Non-local",Romanian,"9, 15, 19, 15, 18, 82, 69, 77, 115, 100, 106, 97, 46, 112, 124, 155, 124, 131, 191, 250, 204, 198, 171, 224",199,Outlet stores; Soccer
537,casa jocurilor,ro,32,150,0.20,,cazinouri online,2026-06-21 18:03:27,Sitelinks,200,30000,33000,2015-12-26,"Informational,Commercial,Branded,Non-local",Romanian,,,Lottery
538,pariuri online gratis,ro,80,150,6.00,,casa pariurilor,2026-06-20 19:55:01,,200,347000,379000,2015-12-14,"Informational,Commercial,Non-branded,Non-local",Romanian,"47, 20, 19, 47, 101, 46, 47, 33, 57, 96, 101, 193, 103, 224, 281, 162, 138, 111, 127, 124, 137, 134, 135, 140","131, 142, 153, 139, 148, 141, 143, 141, 154, 151, 152, 157",Sports betting
539,casa pariurilor .ro,ro,22,150,,1.17,casa pariurilor,2026-06-24 18:03:56,Sitelinks,150,347000,379000,2015-09-18,"Navigational,Transactional,Branded,Non-local",Romanian,"363, 144, 316, 448, 533, 355, 220, 424, 471, 229, 124, 123, 56, 120, 233, 187, 280, 205, 162, 144, 97, 117, 92, 92",101,Sports betting
540,superbet oferta saptamanala,ro,47,150,0.90,1.34,superbet.ro,2026-06-25 17:40:29,Sitelinks,150,66000,75000,2015-09-07,"Informational,Commercial,Branded,Non-local",Romanian,,,Sports betting
541,oferta zilei superbet,ro,42,150,0.50,,superbet oferta,2026-05-27 05:22:51,Sitelinks,150,43000,44000,2017-08-06,"Informational,Commercial,Branded,Non-local",Romanian,,,Sports betting
542,syperbet,ro,48,150,1.50,0.78,superbet,2026-06-09 04:28:47,"Sitelinks,Video preview",400,1600000,1740000,2015-09-22,"Navigational,Branded,Non-local",,"140, 124, 113, 83, 108, 109, 123, 97, 92, 106, 102, 98, 65, 120, 118, 147, 139, 99, 132, 139, 162, 149, 161, 142",151,Sports betting
543,suport casa pariurilor,ro,0,150,,1.27,casa pariurilor contact,2026-06-23 03:26:06,,200,700,700,2015-10-19,"Informational,Branded,Non-local",Romanian,"149, 125, 126, 129, 122, 128, 103, 155, 151, 153, 155, 194, 148, 145, 119, 153, 160, 160, 230, 205, 148, 145, 118, 114","98, 84, 90, 79, 86, 174, 93, 107, 78, 67, 49, 46",Gambling
544,888sport bonus,ro,66,150,1.50,,888sport,2026-06-27 19:04:27,,2300,12000,13000,2016-03-20,"Informational,Commercial,Branded,Non-local",English,"104, 158, 162, 185, 222, 177, 178, 187, 222, 253, 222, 267, 223, 260, 178, 300, 228, 116, 74, 107, 96, 96, 97, 96","100, 98, 102, 104, 116, 100, 96, 101, 90, 90, 91, 90, 94",Sports betting
545,sport pe net,ro,43,150,1.70,1.65,meciuri live,2026-06-11 13:30:21,,300,11000,31000,2015-09-07,"Informational,Non-branded,Non-local",Romanian,"180, 139, 216, 118, 116, 94, 94, 122, 92, 92, 77, 42, 141, 226, 230, 118, 95, 121, 125, 132, 145, 136, 117, 110","126, 133, 135, 131, 125, 126, 115, 125, 139, 129, 111",Sports
546,unibet .ro,ro,62,150,0.20,,unibet,2026-06-04 10:22:16,"Sitelinks,Bottom ads,Paid sitelinks",700,126000,131000,2015-12-19,"Informational,Navigational,Commercial,Branded,Non-local",,"159, 166, 180, 135, 135, 154, 165, 169, 150, 167, 143, 155, 126, 140, 149, 184, 155, 178, 207, 188, 180, 184, 171, 164","166, 156, 171, 176, 190, 183, 198, 190, 182, 185, 172, 164",Sports betting
547,superbet meciuri azi,ro,41,150,0.45,,superbet oferta,2026-05-25 13:00:52,Sitelinks,200,41000,42000,2015-09-20,"Informational,Navigational,Branded,Non-local",Romanian,"154, 50, 124, 109, 171, 183, 155, 126, 43, 40, 71, 91, 22, 80, 127, 106, 195, 145, 134, 216, 217, 210, 139, 338",229,Sports betting; Soccer
548,pariuri unibet,ro,39,150,,,pariuri sportive,2026-06-27 01:10:26,Sitelinks,200,13000,16000,2016-04-03,"Navigational,Transactional,Branded,Non-local",Romanian,"119, 51, 33, 33, 36, 42, 41, 38, 40, 38, 48, 81, 33, 129, 143, 172, 171, 156, 261, 289, 205, 237, 183, 76",165,Sports betting; Sports
549,netbet app,ro,43,150,1.20,,netbet sport,2026-06-09 06:32:45,,3700,9100,11000,2015-09-05,"Informational,Commercial,Transactional,Branded,Non-local",English,"61, 68, 71, 59, 71, 47, 48, 48, 60, 53, 54, 51, 49, 141, 158, 157, 203, 187, 217, 176, 122, 123, 199, 200",175,Sports betting
550,superbet bet,ro,61,150,1.60,,super bet,2026-06-15 09:52:15,,8400,89000,91000,2015-09-16,"Navigational,Transactional,Branded,Non-local",English,"144, 193, 167, 94, 81, 126, 48, 117, 124, 77, 53, 35, 16, 102, 129, 121, 106, 164, 163, 113, 116, 99, 266, 176",181,Sports betting; Sports
551,www.unibet.ro,ro,31,150,1.30,0.98,unibet,2026-06-04 03:14:50,Sitelinks,150,126000,131000,2015-10-11,"Navigational,Transactional,Branded,Non-local",,"135, 104, 121, 84, 36, 43, 181, 143, 240, 180, 97, 62, 68, 119, 127, 111, 87, 71, 165, 282, 350, 282, 127, 38",130,Sports betting
552,sport netbet,ro,75,150,1.30,1.04,netbet sport,2026-06-02 20:24:19,Sitelinks,300,8600,9700,2015-09-29,"Navigational,Transactional,Branded,Non-local",Romanian,"138, 148, 147, 143, 179, 137, 133, 106, 138, 122, 204, 268, 111, 141, 143, 139, 153, 149, 179, 186, 184, 167, 140, 175","158, 168, 171, 181, 184, 187, 175, 183, 181, 186, 181, 185, 169",Sports betting; Sports
553,superbet live score,ro,50,150,0.35,,rezultate live,2026-06-15 08:44:03,Sitelinks,200,16000,20000,2017-01-14,"Informational,Navigational,Branded,Non-local",English,"78, 118, 46, 36, 150, 199, 242, 220, 6, 86, 104, 24, 0, 59, 121, 78, 65, 60, 142, 241, 360, 320, 366, 249",312,Sports betting; Statistics
554,supee,ro,59,150,1.40,0.44,superbet,2026-06-09 18:33:22,"Sitelinks,Video preview",5500,1600000,1750000,2015-12-08,"Informational,Non-branded,Non-local",Romanian,"112, 79, 105, 96, 113, 128, 95, 123, 116, 132, 143, 129, 77, 139, 114, 112, 124, 108, 151, 180, 160, 170, 159, 180",171,Sports betting
555,pariuri live,ro,73,150,0.90,1.26,oferta de azi la superbet,2026-06-20 09:22:55,,800,8300,9000,2015-09-01,"Informational,Commercial,Transactional,Non-branded,Non-local",Romanian,"216, 215, 235, 240, 223, 245, 239, 214, 233, 215, 197, 171, 157, 155, 167, 170, 156, 170, 163, 144, 155, 141, 127, 109","98, 95, 100, 99, 89, 94, 88, 75, 77, 67, 57",Sports betting
556,netbwt,ro,70,150,1.50,,netbet,2026-06-27 05:57:23,Sitelinks,1100,147000,149000,2016-09-24,"Informational,Navigational,Commercial,Transactional,Branded,Non-local",,"156, 179, 186, 157, 148, 178, 222, 187, 176, 158, 207, 194, 142, 154, 121, 119, 189, 173, 244, 202, 144, 183, 147, 159",164,Sports betting
557,pawor bet.ro,ro,76,150,0.60,,powerbet,2026-06-10 05:20:29,,150,80000,90000,2022-06-23,"Navigational,Branded,Non-local",,"160, 148, 205, 242, 321, 189, 244, 246, 245, 238, 159, 142, 155, 149, 193, 181, 184, 170, 169, 137, 136, 160, 135, 123","104, 99, 107, 103, 79, 63, 105, 67, 67, 97, 74, 65, 48",Sports betting
558,oferta stanleybet fotbal,ro,42,150,0.25,,stanleybet oferta fotbal,2026-06-21 11:11:53,,150,600,700,2015-10-25,"Informational,Commercial,Branded,Non-local",Romanian,"1, 0, 15, 7, 33, 21, 17, 15, 64, 38, 33, 51, 9, 71, 193, 192, 206, 138, 254, 128, 83, 116, 63, 55",72,Sports betting; Soccer
559,superbet pariuri sportive oferta,ro,56,150,0.40,1.31,superbet oferta,2026-06-02 15:51:12,"Sitelinks,AI Overview,Thumbnail",200,49000,50000,2015-09-13,"Informational,Commercial,Transactional,Branded,Non-local",Romanian,"233, 296, 151, 237, 299, 362, 195, 366, 441, 678, 1257, 298, 140, 74, 54, 29, 50, 32, 155, 309, 347, 316, 177, 28","16, 136, 138, 204, 160, 228, 54, 336, 374, 343, 205, 56, 43",Sports betting; Sports
560,rezultate loto casa pariurilor,ro,56,150,0.30,1.14,casa pariurilor loto,2026-06-08 03:10:46,Sitelinks,150,4700,4900,2015-09-04,"Informational,Branded,Non-local",Romanian,"252, 376, 309, 263, 272, 267, 218, 264, 227, 250, 230, 204, 207, 250, 252, 152, 113, 83, 146, 153, 170, 170, 168, 136",158,Lottery
561,agentia casa pariurilor,ro,18,150,0.60,1.1,casa pariurilor,2026-05-29 03:10:08,Sitelinks,150,328000,360000,2015-09-07,"Informational,Commercial,Branded,Local",Romanian,"52, 35, 37, 41, 42, 62, 60, 41, 37, 41, 53, 46, 38, 141, 136, 156, 154, 173, 183, 182, 139, 135, 162, 146",148,Sports betting; Business
562,casa pariurilor demo,ro,43,150,0.60,,casa pariurilor casino,2026-06-10 08:31:53,Sitelinks,200,36000,39000,2017-07-09,"Informational,Branded,Non-local",Romanian,"325, 296, 359, 401, 323, 369, 437, 506, 358, 227, 324, 375, 153, 232, 244, 217, 157, 128, 157, 260, 171, 156, 76, 76",104,Gambling
563,oferta superbet azi pdf,ro,46,150,2.50,,oferta de azi la superbet,2026-06-21 03:54:19,,150,1800,1800,2016-05-12,"Informational,Commercial,Branded,Non-local",Romanian,"174, 187, 273, 405, 460, 372, 447, 493, 287, 341, 231, 125, 0, 239, 337, 283, 154, 124, 93, 87, 127, 108, 109, 116",112,Sports betting; Templates
564,verificare casa pariurilor,ro,12,150,0.70,1.33,casa pariurilor verificare bilet,2026-06-26 02:42:37,,150,13000,13000,2015-11-04,"Informational,Navigational,Branded,Non-local",Romanian,"114, 138, 162, 157, 186, 130, 125, 136, 89, 95, 106, 129, 39, 137, 86, 70, 117, 100, 167, 289, 263, 180, 128, 58",110,Sports betting
565,netbet.ro sport,ro,50,150,3.00,,netbet,2026-05-22 05:27:40,Sitelinks,350,17000,18000,2015-11-20,"Informational,Navigational,Commercial,Transactional,Branded,Non-local",Romanian,"168, 151, 236, 205, 172, 440, 355, 333, 233, 368, 317, 57, 26, 149, 357, 129, 286, 76, 150, 155, 73, 51, 48, 32",39,Sports betting; Sports
566,casa fortuna,ro,0,150,0.25,,fortuna,2026-06-27 17:30:56,"Sitelinks,Local pack",1200,213000,218000,2015-12-03,"Informational,Commercial,Branded,Local",Romanian,"53, 58, 74, 29, 56, 72, 64, 120, 97, 90, 125, 88, 103, 143, 104, 88, 323, 272, 167, 93, 86, 47, 52, 53",52,Event venue; Business
567,casa pariurilor ro,ro,18,150,1.50,1.03,casa pariurilor,2026-06-02 09:52:44,Sitelinks,350,329000,362000,2015-10-08,"Informational,Navigational,Commercial,Transactional,Branded,Non-local",Romanian,"73, 59, 74, 99, 95, 99, 181, 146, 82, 77, 129, 56, 46, 137, 236, 99, 83, 89, 269, 206, 161, 155, 141, 118","107, 115, 133, 114, 128, 128, 181, 142, 147, 133, 128, 102, 95",Sports betting; Sports
568,agentii de pariuri,ro,75,150,8.00,0.8,unibet.ro,2026-06-15 23:30:29,"Local pack,Sitelinks",200,14000,15000,2015-10-02,"Informational,Commercial,Transactional,Non-branded,Local",Romanian,"76, 94, 91, 94, 112, 114, 94, 98, 138, 116, 139, 140, 139, 142, 139, 151, 137, 153, 137, 140, 144, 147, 141, 149","135, 138, 135, 134, 152, 138, 133, 136, 139, 143, 137, 145, 131",Sports betting
569,live superbet,ro,44,150,0.80,,oferta de azi la superbet,2026-06-18 20:08:42,Sitelinks,250,7600,8300,2016-08-11,"Navigational,Commercial,Transactional,Branded,Non-local",English,,,Sports betting
570,beturi ro,ro,67,150,0.30,,beturi,2026-06-11 17:35:16,Sitelinks,200,500,500,2022-11-22,"Navigational,Branded,Non-local",Romanian,"52, 70, 61, 70, 95, 81, 102, 110, 81, 191, 184, 115, 150, 153, 111, 158, 138, 117, 153, 184, 272, 284, 219, 123",208,Sports betting
571,wwwsuperbet,ro,66,150,0.80,1.19,superbet oferta,2026-06-19 02:39:37,,250,56000,58000,2015-09-14,"Navigational,Branded,Non-local",,"42, 34, 25, 27, 42, 56, 86, 13, 8, 8, 12, 20, 1, 16, 12, 13, 24, 106, 323, 314, 250, 185, 208, 118",171,Sports betting
572,netbet mobile,ro,53,150,,1.34,netbet.ro,2026-06-15 00:47:09,,1500,12000,14000,2015-09-04,"Informational,Navigational,Commercial,Transactional,Branded,Non-local",English,,,Sports betting
573,sport 888,ro,60,150,2.00,,888sport,2026-06-21 16:03:30,Sitelinks,26000,12000,13000,2015-12-25,"Informational,Navigational,Commercial,Transactional,Branded,Non-local",English,"71, 49, 48, 24, 23, 50, 57, 28, 10, 60, 25, 40, 56, 368, 539, 67, 88, 43, 32, 40, 50, 55, 84, 162",101,Sports betting; Sports
574,fotbal.azi,ro,65,150,0.15,,meciuri azi,2026-06-15 22:22:00,"Top stories,Thumbnail",150,70000,77000,2016-08-10,"Navigational,Branded,Non-local",,"126, 149, 123, 107, 131, 125, 88, 59, 87, 86, 92, 91, 102, 92, 86, 79, 100, 103, 81, 65, 180, 258, 271, 189",239,Soccer
575,pariu sportiv,ro,81,150,4.00,,netbet sport,2026-06-04 23:04:43,,200,8800,10000,2015-10-24,"Informational,Commercial,Transactional,Non-branded,Non-local",Romanian,"228, 186, 104, 129, 132, 159, 185, 218, 217, 192, 170, 154, 151, 234, 190, 146, 143, 143, 141, 144, 138, 133, 125, 130","140, 147, 127, 120, 112, 129, 124, 126, 121, 116, 108, 113, 124",Sports betting; Sports
576,netbe,ro,70,150,2.50,0.17,netbet,2026-06-05 10:21:59,Sitelinks,700,177000,180000,2015-10-18,"Informational,Commercial,Branded,Non-local",Romanian,,,Sports betting
577,oferte casa pariurilor,ro,9,150,0.60,1.11,casa pariurilor,2026-06-15 11:54:30,Sitelinks,200,346000,378000,2015-09-07,"Informational,Commercial,Branded,Non-local",Romanian,"121, 148, 148, 142, 132, 133, 142, 146, 157, 144, 147, 137, 120, 147, 147, 142, 132, 133, 142, 146, 157, 144, 147, 137","120, 147, 147, 142, 132, 133, 142, 146, 157, 144, 147, 137, 120",Sports betting
578,888 pariuri sportive,ro,46,150,1.90,,888 sport,2026-05-21 18:50:59,,200,4300,4900,2015-09-02,"Informational,Navigational,Commercial,Transactional,Branded,Non-local",Romanian,"38, 136, 140, 108, 160, 312, 317, 206, 167, 164, 166, 85, 134, 63, 166, 181, 198, 235, 174, 151, 148, 138, 129, 106","113, 133, 168, 189, 170, 203, 193, 151, 148, 138, 129, 106, 113",Sports betting; Sports
579,bet pariuri sportive,ro,80,150,2.00,0.96,gets bet pariuri sportive,2026-05-20 11:30:54,Sitelinks,150,13000,13000,2015-09-03,"Informational,Commercial,Transactional,Non-branded,Non-local",Romanian,"110, 59, 57, 57, 89, 92, 103, 102, 75, 107, 155, 125, 101, 115, 88, 126, 125, 114, 105, 114, 253, 162, 177, 155","141, 163, 146, 205, 198, 216, 159, 246, 176, 188, 169, 177, 163",Sports betting; Sports
580,jocuri online cazino,ro,82,150,4.00,,fortuna casino,2026-06-24 19:57:43,,200,37000,42000,2015-11-25,"Informational,Commercial,Transactional,Non-branded,Non-local",Romanian,"55, 84, 40, 55, 39, 40, 59, 61, 73, 57, 55, 56, 54, 155, 148, 97, 134, 150, 134, 144, 143, 145, 140, 138","143, 154, 147, 148, 148, 142, 137, 146, 146, 147, 142, 140, 146",Gambling
581,superbet rezultate fotbal live,ro,60,150,0.50,,rezultate live,2026-06-17 20:20:30,,200,17000,21000,2015-09-29,"Informational,Branded,Non-local",Romanian,"173, 180, 264, 254, 207, 224, 178, 168, 327, 261, 219, 192, 62, 211, 170, 113, 229, 161, 144, 175, 224, 194, 213, 56",155,Sports betting; Statistics
582,betano pariuri live,ro,40,150,0.35,,betano live,2026-06-20 19:05:10,Sitelinks,150,7700,8500,2018-06-14,"Informational,Commercial,Branded,Non-local",Romanian,,,Sports betting
583,case pariuri online romania,ro,73,150,6.00,1.51,pariuri sportive,2026-06-27 00:23:05,Sitelinks,200,13000,16000,2015-09-13,"Informational,Commercial,Non-branded,Local",Romanian,,,Sports betting
584,fotbalazi,ro,58,150,0.15,,meciuri azi,2026-06-17 04:53:25,,150,21000,31000,2021-06-16,"Informational,Non-branded,Non-local",Romanian,"121, 121, 133, 129, 175, 171, 131, 237, 263, 229, 173, 158, 100, 184, 231, 48, 201, 175, 23, 24, 184, 211, 239, 240",232,Soccer
585,ce meciuri sunt mâine,ro,38,150,0.07,,meciuri maine,2026-06-18 23:45:10,,200,800,800,2022-11-13,"Informational,Non-branded,Non-local",Romanian,"254, 187, 169, 193, 129, 171, 127, 198, 256, 211, 126, 158, 145, 137, 151, 154, 120, 140, 174, 207, 209, 175, 128, 136",147,Live sporting events; Soccer
586,bet romania,ro,84,150,4.00,1.45,fortuna,2026-06-21 00:02:42,,300,229000,233000,2015-09-06,"Informational,Commercial,Transactional,Branded,Local",English,"160, 128, 159, 198, 179, 179, 193, 188, 169, 176, 151, 160, 166, 153, 189, 163, 179, 180, 193, 188, 169, 177, 151, 160","166, 153, 189, 163, 179, 180, 193, 188, 169, 177, 151, 160",Bonds; Sports betting; Financial markets news; Sports
587,casa pariurlor,ro,22,150,1.80,1.03,casa pariurilor,2026-06-11 21:59:30,"Sitelinks,Local pack",150,334000,366000,2015-09-08,"Informational,Navigational,Branded,Local",Romanian,"167, 215, 168, 227, 285, 299, 334, 211, 129, 175, 193, 217, 245, 361, 250, 99, 74, 57, 84, 49, 53, 80, 81, 62",67,Sports betting
588,site-uri pariuri sportive,ro,77,150,8.00,,cele mai bune case de pariuri online,2026-06-04 06:13:22,Sitelinks,150,1600,1900,2015-09-29,"Informational,Commercial,Transactional,Non-branded,Non-local",Romanian,"27, 29, 18, 70, 46, 29, 29, 42, 33, 11, 11, 27, 61, 88, 94, 93, 150, 156, 175, 197, 121, 162, 105, 131",133,Sports betting; Sports
589,netvet,ro,47,150,1.70,,netbet,2026-06-18 04:22:06,Sitelinks,900,145000,148000,2015-09-09,"Navigational,Branded,Non-local",,"130, 105, 153, 129, 117, 137, 177, 155, 123, 137, 150, 284, 188, 139, 104, 101, 180, 137, 219, 185, 134, 147, 138, 160",149,Veterinarians
590,super bet live,ro,55,150,0.80,1.36,oferta de azi la superbet,2026-06-22 00:57:45,Sitelinks,150,8500,9100,2015-09-03,"Navigational,Transactional,Branded,Non-local",English,"92, 190, 286, 280, 541, 799, 715, 839, 590, 475, 138, 135, 57, 118, 102, 98, 119, 80, 130, 111, 108, 274, 217, 319",270,Sports betting; Sports
591,pariuri 10,ro,66,150,1.40,,10 pariuri,2026-06-17 11:33:38,Sitelinks,150,5600,6100,2017-03-23,"Informational,Commercial,Transactional,Non-branded,Non-local",Romanian,"64, 64, 128, 205, 177, 198, 159, 183, 141, 93, 122, 111, 76, 135, 217, 154, 144, 153, 147, 169, 143, 123, 69, 93",96,Sports betting
592,casa pariurilor oradea,ro,0,150,1.00,0.96,casa pariurilor,2026-06-03 04:52:29,"Sitelinks,Local pack",150,330000,362000,2015-09-05,"Branded,Local",Romanian,"142, 246, 242, 169, 232, 188, 197, 166, 108, 81, 60, 88, 58, 155, 132, 94, 92, 77, 147, 330, 232, 230, 214, 256",234,Sports betting; Business
593,cele mai bune case de pariuri,ro,67,150,6.00,1.4,agentii pariuri online,2026-06-19 22:15:36,,150,1600,1900,2015-10-17,"Informational,Commercial,Transactional,Non-branded,Non-local",Romanian,"71, 94, 44, 96, 73, 72, 92, 149, 150, 144, 118, 125, 98, 185, 208, 130, 148, 117, 145, 169, 160, 151, 148, 145","149, 158, 158, 154, 160, 162, 173, 189, 181, 172, 169, 166, 170",Sports betting
594,meciurile de maine,ro,25,150,0.20,1.38,meciuri maine,2026-05-28 02:35:25,,250,800,800,2015-11-03,"Informational,Non-branded,Non-local",Romanian,,,Soccer
595,furtuna casa pariurilor,ro,48,150,0.80,,casa pariurilor,2026-06-19 01:35:04,,150,347000,380000,2015-10-13,"Informational,Commercial,Branded,Non-local",Romanian,"208, 223, 215, 146, 353, 259, 421, 345, 301, 748, 524, 570, 212, 264, 251, 170, 150, 98, 203, 99, 87, 76, 139, 91",103,Sports betting
596,betfair sport,ro,69,150,1.20,,betfair sportsbook,2026-05-24 06:25:43,,6100,400,400,2017-08-12,"Informational,Navigational,Commercial,Transactional,Branded,Non-local",English,"365, 315, 399, 422, 431, 411, 509, 558, 906, 494, 345, 372, 207, 85, 100, 85, 85, 71, 109, 159, 149, 183, 150, 134",156,Sports betting; Sports
597,case pariuri sportive,ro,77,150,6.00,1.68,pariuri sportive,2026-06-06 20:38:06,"Sitelinks,Local pack",200,11000,11000,2015-09-19,"Informational,Commercial,Non-branded,Non-local",Romanian,"79, 56, 56, 76, 75, 58, 76, 79, 120, 216, 107, 108, 104, 226, 245, 151, 80, 80, 120, 111, 116, 128, 108, 109","110, 115, 117, 115, 131, 117, 120, 111, 116, 128, 109, 109, 110",Sports betting
598,netbet. ro,ro,21,150,,,netbet,2026-05-26 21:27:34,Sitelinks,200,13000,14000,2017-03-07,"Navigational,Transactional,Branded,Non-local",,"145, 87, 108, 91, 156, 222, 152, 110, 107, 315, 214, 134, 102, 59, 127, 82, 119, 109, 181, 238, 372, 114, 97, 68",94,Sports betting
599,casa pariurilor app,ro,31,150,3.50,,casa pariurilor apk,2026-05-30 03:01:49,,250,1700,1900,2015-09-19,"Informational,Navigational,Commercial,Transactional,Branded,Non-local",Romanian,"493, 412, 277, 754, 692, 893, 1328, 795, 113, 93, 94, 92, 330, 359, 177, 87, 89, 80, 96, 101, 93, 93, 128, 115","113, 104, 92, 97, 89, 81, 82, 87, 80, 80, 110",Sports betting
600,pariu fortuna,ro,55,150,0.70,,fortuna,2026-06-24 13:57:48,Sitelinks,150,213000,218000,2015-11-17,"Informational,Navigational,Commercial,Branded,Non-local",Romanian,,,Sports betting
601,siperbet,ro,48,150,2.50,1.02,superbet,2026-06-20 23:06:08,Sitelinks,900,1580000,1680000,2015-09-10,"Navigational,Transactional,Branded,Non-local",,"123, 104, 104, 123, 143, 189, 148, 141, 132, 167, 139, 140, 120, 123, 130, 200, 214, 194, 221, 102, 87, 83, 289, 68","69, 313, 358, 363, 375, 361, 116, 75, 83, 84, 290, 69, 70",Sports betting
602,sport 888 live,ro,70,150,0.60,,888sport,2026-06-21 10:18:30,,20000,12000,13000,2022-11-19,"Informational,Navigational,Commercial,Transactional,Branded,Non-local",English,"29, 25, 15, 24, 66, 98, 50, 63, 16, 77, 105, 72, 80, 116, 113, 111, 199, 237, 119, 139, 190, 167, 199, 131",167,Sports betting; Sports
603,netbet vegas,ro,69,150,,,netbet vegas,2026-06-09 19:38:39,People also ask,1100,20,100,2016-03-17,"Informational,Navigational,Commercial,Transactional,Branded,Local",English,"2, 0, 1, 0, 1, 0, 1, 1, 1, 1, 1, 1, 10, 142, 154, 203, 165, 186, 187, 167, 132, 197, 158, 165",175,Gambling
604,netbet cazino,ro,68,150,1.40,,netbet,2026-06-10 12:59:09,,200,159000,162000,2016-03-28,"Informational,Navigational,Commercial,Transactional,Branded,Non-local",Romanian,"79, 78, 63, 68, 84, 83, 91, 116, 83, 59, 79, 113, 243, 136, 133, 152, 127, 161, 238, 181, 107, 101, 139, 109",117,Gambling
605,superbet.ro pariuri sportive,ro,46,150,1.30,1.19,super bet,2026-06-15 22:22:38,,150,87000,89000,2015-09-03,"Navigational,Transactional,Branded,Non-local",Romanian,"245, 204, 208, 337, 131, 230, 146, 138, 182, 111, 34, 53, 7, 59, 61, 36, 66, 71, 48, 47, 34, 46, 206, 1063",449,Sports betting; Sports
606,casa pariurilor ploiesti,ro,7,150,1.00,,casa pariurilor,2026-06-21 00:37:31,"Local pack,Sitelinks",150,347000,379000,2015-09-13,"Informational,Commercial,Transactional,Branded,Local",Romanian,"115, 49, 87, 124, 31, 110, 149, 85, 54, 188, 376, 471, 174, 187, 140, 192, 162, 104, 116, 56, 116, 123, 162, 121",136,Sports betting; Business
607,pariu box,ro,0,150,0.80,,pariuri box,2026-06-20 13:11:08,,150,60,70,2015-11-26,"Informational,Commercial,Branded,Non-local",Romanian,"39, 35, 31, 16, 47, 87, 65, 61, 57, 59, 57, 62, 56, 102, 113, 124, 160, 148, 197, 175, 138, 194, 177, 141",171,Shopping
608,oferta fotbal superbet azi,ro,24,150,0.50,,superbet oferta,2026-06-04 08:35:56,Sitelinks,200,49000,51000,2016-04-28,"Informational,Commercial,Transactional,Branded,Non-local",Romanian,"122, 80, 143, 351, 303, 540, 402, 500, 344, 274, 112, 54, 42, 71, 29, 71, 160, 162, 277, 375, 231, 193, 81, 117",131,Sports betting; Soccer
609,bilet casa pariurilor,ro,21,150,0.60,0.91,casa pariurilor,2026-05-30 05:12:19,"Sitelinks,Video preview",200,329000,362000,2015-10-24,"Informational,Branded,Non-local",Romanian,,,Sports betting
610,888sport romania,ro,61,150,,,888 sport,2026-05-22 04:51:27,,200,4300,4900,2015-10-16,"Informational,Navigational,Commercial,Branded,Non-local",English,"7, 18, 105, 15, 7, 34, 44, 20, 25, 25, 21, 21, 15, 127, 175, 166, 125, 138, 163, 205, 126, 140, 156, 143",147,Sports betting; Sports
611,bilet pariuri,ro,76,150,0.60,1.5,biletul zilei,2026-06-05 15:50:01,Bottom ads,150,7800,8400,2015-09-02,"Informational,Commercial,Non-branded,Non-local",Romanian,"222, 210, 213, 222, 219, 209, 172, 201, 167, 205, 171, 124, 94, 111, 130, 162, 148, 133, 132, 138, 154, 148, 129, 113","113, 131, 131, 143, 140, 141, 130, 137, 153, 147, 128, 113, 113",Sports betting
612,casa pariurilor oferta fotbal azi,ro,24,150,0.30,1.23,casa pariurilor fotbal,2026-06-11 23:08:13,Sitelinks,200,2100,2300,2016-02-06,"Informational,Navigational,Commercial,Transactional,Branded,Non-local",Romanian,,,Sports betting
613,unibet live casino,ro,76,150,4.50,,live casino romania,2026-06-03 23:21:52,Sitelinks,2000,1000,1000,2016-12-25,"Navigational,Transactional,Branded,Non-local",Romanian,"27, 41, 41, 37, 35, 36, 34, 34, 32, 56, 41, 41, 45, 106, 127, 177, 119, 122, 135, 159, 125, 146, 167, 72",109,Gambling
614,oferta superbet de azi,ro,46,150,0.45,,superbet.ro,2026-06-25 10:14:45,Sitelinks,150,66000,75000,2015-12-13,"Informational,Commercial,Branded,Non-local",Romanian,"78, 41, 51, 18, 24, 58, 90, 122, 27, 41, 55, 123, 158, 142, 448, 297, 186, 101, 153, 111, 125, 45, 30, 25",32,Sports betting
615,pariuri virtuale,ro,70,150,6.00,,lucky six casa pariurilor,2026-06-13 17:37:00,Sitelinks,250,200,200,2015-09-03,"Informational,Commercial,Non-branded,Non-local",Romanian,"88, 133, 88, 87, 50, 42, 53, 63, 61, 73, 170, 117, 73, 159, 142, 365, 156, 167, 171, 172, 168, 194, 188, 181","168, 174, 180, 191, 184, 172, 173, 174, 170, 196, 190, 183",Sports betting
616,azi meci,ro,59,150,0.09,,meciuri azi,2026-06-16 09:13:14,,150,70000,77000,2016-05-18,"Informational,Non-branded,Non-local",Romanian,"229, 238, 67, 70, 85, 112, 43, 86, 67, 170, 107, 100, 148, 110, 104, 113, 252, 244, 133, 149, 145, 170, 153, 133",152,Sports news; Statistics
617,netb,ro,70,150,1.50,0.45,netbet,2026-06-26 23:40:04,Sitelinks,3600,147000,149000,2016-02-05,"Informational,Non-branded,Non-local",,"112, 86, 67, 68, 91, 94, 143, 110, 66, 111, 131, 170, 116, 147, 122, 109, 153, 159, 181, 179, 123, 180, 138, 163",161,/Other
618,bilet virtual,ro,69,150,0.60,0.51,baumbet,2026-06-13 23:59:19,Sitelinks,200,2700,2800,2015-10-06,"Commercial,Transactional,Non-branded,Non-local",Romanian,"202, 142, 148, 141, 225, 247, 180, 171, 151, 212, 164, 187, 110, 207, 261, 255, 314, 123, 144, 132, 150, 124, 77, 92",99,Sports betting
619,casa pariurile,ro,22,150,1.80,1.04,casa pariurilor,2026-06-07 21:50:29,Sitelinks,150,330000,362000,2015-10-09,"Informational,Navigational,Branded,Non-local",Romanian,"147, 92, 120, 129, 145, 133, 171, 147, 139, 102, 132, 94, 68, 36, 57, 159, 150, 216, 273, 154, 98, 111, 102, 79",99,Sports betting
620,bilet superbet azi,ro,60,150,0.45,,superbet.ro,2026-06-27 08:50:14,,200,66000,75000,2017-03-14,"Informational,Commercial,Branded,Non-local",Romanian,,,Sports betting
621,descarca oferta superbet pdf,ro,45,150,1.00,,oferta de azi la superbet,2026-06-02 08:09:58,Sitelinks,150,1700,1700,2021-01-11,"Informational,Transactional,Branded,Non-local",Romanian,"240, 180, 212, 271, 303, 251, 180, 235, 143, 197, 136, 147, 89, 127, 107, 78, 147, 237, 255, 278, 165, 113, 110, 99",108,Sports betting; Templates
622,sport betting,ro,91,150,2.50,0.7,sporting bet,2026-05-26 08:34:15,,46000,1000,1140000,2015-09-09,"Informational,Commercial,Transactional,Non-branded,Non-local",English,"111, 122, 147, 718, 751, 735, 625, 339, 109, 100, 110, 124, 106, 115, 104, 116, 115, 112, 109, 121, 149, 265, 245, 252",253,Sports betting; Sports
623,netbet.,ro,59,150,1.90,,netbet login,2026-06-15 18:01:43,,900,2500,2800,2015-11-12,"Navigational,Transactional,Branded,Non-local",,"119, 109, 129, 147, 140, 193, 134, 149, 100, 86, 122, 157, 136, 152, 135, 100, 135, 130, 160, 105, 115, 141, 149, 114",136,Sports betting
624,superbety,ro,62,150,1.90,0.87,super bet,2026-06-14 16:40:00,,500,89000,91000,2015-09-16,"Informational,Navigational,Commercial,Transactional,Branded,Non-local",,"151, 121, 107, 161, 134, 168, 143, 160, 151, 199, 121, 169, 100, 111, 98, 146, 129, 124, 191, 187, 202, 207, 165, 153",175,Sports betting; Sports
625,casa pariurilor apk download,ro,28,150,1.20,,casa pariurilor apk,2026-05-23 14:12:42,,150,1700,1900,2017-03-09,"Informational,Transactional,Branded,Non-local",Romanian,"32, 26, 63, 50, 30, 34, 32, 21, 48, 28, 42, 54, 39, 104, 122, 91, 122, 91, 144, 175, 182, 218, 254, 217",231,Sports betting; Add-ons
626,www.superbet.ro fotbal,ro,50,150,0.70,,superbet oferta,2026-06-21 10:45:03,Sitelinks,150,57000,65000,2021-02-09,"Navigational,Commercial,Transactional,Branded,Non-local",Romanian,"185, 181, 186, 296, 181, 167, 141, 169, 215, 294, 39, 0, 24, 33, 35, 48, 108, 131, 240, 251, 234, 217, 182, 259",221,Sports betting; Soccer
627,oferta fotbal fortuna,ro,26,150,0.35,,fortuna,2026-06-10 11:47:37,Sitelinks,150,248000,253000,2015-10-17,"Informational,Navigational,Commercial,Transactional,Branded,Non-local",Romanian,,,Sports betting
628,betbet,ro,69,150,0.40,,netbet,2026-05-19 21:15:03,Sitelinks,42000,182000,186000,2015-11-01,"Informational,Navigational,Commercial,Transactional,Branded,Non-local",,"31, 45, 42, 36, 41, 50, 79, 58, 36, 57, 51, 65, 62, 98, 112, 91, 130, 108, 110, 143, 210, 209, 180, 242",212,Sports betting
629,casa pariurilor rotiri gratuite fara depunere,ro,56,150,3.50,,bonus casino,2026-06-21 11:40:17,Sitelinks,150,3800,3900,2021-05-02,"Informational,Commercial,Transactional,Branded,Non-local",Romanian,"70, 62, 70, 320, 315, 176, 138, 150, 126, 102, 160, 187, 53, 253, 94, 88, 123, 94, 139, 176, 174, 154, 142, 84",130,Sports betting
630,superbet creare bilet,ro,14,150,1.00,,superbet,2026-06-26 23:44:51,"Sitelinks,Video preview",200,1580000,1630000,2017-01-09,"Informational,Navigational,Commercial,Transactional,Branded,Non-local",Romanian,,,Sports betting
631,bonus sport,ro,56,150,0.15,,netbet bonus,2026-06-12 05:52:04,,7500,200,250,2020-01-14,"Informational,Navigational,Commercial,Branded,Non-local",Romanian,"30, 106, 153, 48, 158, 226, 191, 173, 167, 229, 73, 64, 97, 162, 222, 80, 130, 239, 152, 145, 143, 173, 86, 104","98, 155, 192, 82, 145, 235, 166, 153, 152, 182, 95, 113, 107",Athletic apparel; Footwear
632,verificare cont casa pariurilor,ro,0,150,0.90,,scanare bilet casa pariurilor,2026-05-28 10:26:22,,200,200,200,2016-05-28,"Informational,Navigational,Branded,Non-local",Romanian,"31, 39, 33, 43, 39, 33, 36, 35, 34, 43, 36, 40, 37, 125, 127, 160, 175, 166, 266, 281, 214, 159, 194, 159",171,Sports betting
633,pariuri casa pariurilor,ro,33,150,0.80,,casa pariurilor,2026-05-25 10:50:25,Sitelinks,200,328000,361000,2016-11-30,"Informational,Navigational,Commercial,Transactional,Branded,Non-local",Romanian,,,Sports betting
634,casa pariurilor forum,ro,17,150,0.80,,casa pariurilor forum,2026-05-30 00:20:00,,150,70,70,2015-09-18,"Informational,Navigational,Branded,Non-local",Romanian,"0, 0, 0, 0, 0, 0, 0, 0, 86, 231, 83, 155, 193, 142, 170, 103, 132, 147, 123, 137, 218, 153, 194, 75",140,Sports betting; Communities
635,bet ro,ro,73,150,1.40,,netbet.ro,2026-06-14 23:01:09,,200,12000,14000,2016-04-05,"Branded,Non-local",,"56, 68, 58, 87, 136, 160, 127, 119, 108, 128, 139, 122, 118, 184, 214, 210, 130, 142, 127, 107, 103, 97, 103, 88","81, 81, 72, 85, 83, 98, 87, 70, 63, 61, 67, 55, 47",Networks
636,cod promo casa pariurilor,ro,59,100,,,bonus casino,2026-06-27 13:42:21,Sitelinks,100,4600,4800,2018-02-08,"Informational,Commercial,Transactional,Branded,Non-local",Romanian,"87, 73, 71, 57, 64, 80, 79, 74, 54, 71, 71, 90, 57, 112, 99, 117, 104, 102, 117, 124, 130, 88, 87, 69",82,Sports betting
637,pariuri online superbet,ro,43,100,2.50,,superbet,2026-06-27 04:21:15,Sitelinks,150,1580000,1630000,2015-10-22,"Navigational,Commercial,Transactional,Branded,Non-local",Romanian,"33, 29, 33, 30, 31, 32, 31, 54, 60, 56, 39, 60, 45, 93, 92, 114, 95, 128, 139, 159, 129, 81, 76, 97",86,Sports betting
638,meciurile de azi fotbal,ro,62,100,0.20,,flashscore,2026-05-29 23:18:41,,200,358000,457000,2016-06-16,"Informational,Non-branded,Non-local",Romanian,"206, 202, 198, 126, 119, 131, 152, 135, 119, 175, 199, 177, 150, 49, 79, 61, 58, 60, 74, 65, 171, 164, 132, 164",154,Sports news; Soccer
639,casa pariurilor scanare bilet,ro,36,100,0.70,,verificare bilet casa pariurilor,2026-05-23 20:59:39,Video preview,100,12000,12000,2016-06-29,"Informational,Navigational,Branded,Non-local",Romanian,,,Sports betting
640,casa parilor,ro,18,100,0.20,1.05,casa pariurilor,2026-06-07 07:37:55,"Sitelinks,Local pack",100,330000,362000,2015-09-28,"Informational,Commercial,Branded,Non-local",Romanian,"123, 76, 122, 154, 80, 88, 108, 102, 58, 112, 97, 79, 67, 72, 61, 69, 110, 85, 130, 150, 125, 64, 112, 134",104,Sports betting
641,program casa pariurilor azi,ro,0,100,0.30,,program casa pariurilor azi,2026-06-09 19:14:31,,100,20,20,2017-02-02,"Informational,Branded,Non-local",Romanian,"30, 19, 44, 31, 33, 30, 280, 111, 16, 18, 149, 34, 41, 27, 29, 13, 15, 26, 261, 247, 36, 32, 273, 130",146,Gambling
642,superbett,ro,33,100,1.10,0.83,superbet,2026-05-30 11:08:56,"Sitelinks,Video preview",450,1610000,1760000,2015-10-11,"Informational,Navigational,Commercial,Transactional,Branded,Non-local",,"72, 125, 107, 130, 89, 102, 128, 136, 109, 174, 111, 111, 75, 83, 84, 123, 96, 105, 134, 128, 127, 123, 139, 114",126,Sports betting; Sports
643,pariuri sportive oferta,ro,73,100,1.10,1.02,superbet oferta,2026-05-24 00:06:58,,200,41000,42000,2016-03-01,"Informational,Commercial,Transactional,Non-branded,Non-local",Romanian,"90, 155, 113, 113, 94, 69, 38, 45, 39, 94, 98, 120, 96, 130, 135, 119, 140, 135, 104, 100, 200, 127, 104, 89","105, 104, 172, 376, 271, 163, 141, 135, 269, 170, 138, 117, 138",Sports betting
644,casapariuri,ro,34,100,2.00,1.02,casa pariurilor,2026-06-08 12:21:47,Sitelinks,200,330000,362000,2015-09-29,"Informational,Navigational,Commercial,Branded,Non-local",Romanian,,,Sports betting
645,cod bonus casa pariurilor,ro,51,100,0.90,,bonus casino,2026-06-01 04:49:11,,150,2500,2600,2016-04-21,"Informational,Commercial,Transactional,Branded,Non-local",Romanian,"52, 64, 75, 71, 83, 68, 92, 86, 67, 75, 72, 66, 45, 91, 88, 119, 137, 151, 164, 145, 122, 106, 71, 67",83,Sports betting
646,superbet.com,ro,71,100,,1.13,superbet login,2026-06-21 10:20:04,,7100,700,66000,2015-09-03,"Navigational,Commercial,Transactional,Branded,Non-local",,,,Sports betting
647,www.casapariurilor,ro,0,100,1.00,1.36,casa pariurilor,2026-06-14 17:08:23,Sitelinks,100,346000,378000,2015-09-03,"Navigational,Transactional,Branded,Non-local",,"229, 150, 140, 137, 208, 166, 176, 306, 199, 270, 382, 324, 108, 272, 310, 212, 142, 77, 67, 76, 67, 16, 28, 14",20,Sports betting
648,m casa pariurilor,ro,22,100,0.80,,casa pariurilor,2026-06-16 06:38:31,Sitelinks,150,347000,379000,2015-11-11,"Navigational,Transactional,Branded,Non-local",Romanian,"46, 33, 44, 39, 40, 50, 56, 138, 85, 129, 186, 133, 82, 136, 109, 142, 109, 127, 143, 130, 96, 98, 95, 75",90,Sports betting; Sports
649,oferte pariuri superbet,ro,54,100,0.40,,super bet,2026-06-16 15:25:19,Sitelinks,150,88000,90000,2016-10-01,"Informational,Navigational,Commercial,Transactional,Branded,Non-local",Romanian,"90, 35, 36, 38, 28, 24, 42, 38, 32, 51, 73, 30, 30, 43, 83, 194, 152, 70, 165, 157, 141, 72, 207, 95",125,Sports betting; Sports
650,cont pariuri sportive,ro,78,100,10.00,,casa pariurilor,2026-06-27 12:09:30,,200,347000,379000,2016-02-20,"Informational,Commercial,Transactional,Non-branded,Non-local",Romanian,"55, 37, 46, 111, 49, 28, 45, 123, 69, 67, 86, 72, 60, 82, 95, 95, 100, 89, 93, 136, 131, 123, 93, 83",101,Sports betting; Sports
651,casa pariulor,ro,22,100,,0.99,casa pariurilor,2026-05-30 12:07:32,"Sitelinks,Local pack",100,329000,362000,2015-09-10,"Informational,Commercial,Transactional,Branded,Local",Romanian,"76, 65, 90, 96, 86, 86, 142, 125, 64, 111, 105, 120, 90, 120, 85, 81, 109, 89, 73, 87, 109, 127, 149, 118",132,Sports betting; Business
652,oferta fotbal stanleybet,ro,36,100,0.50,,stanleybet oferta fotbal,2026-06-16 21:51:22,,100,5600,5600,2015-09-02,"Informational,Commercial,Transactional,Branded,Non-local",Romanian,"91, 59, 72, 96, 146, 99, 92, 116, 115, 157, 114, 118, 72, 77, 76, 95, 152, 193, 130, 111, 129, 134, 105, 117","146, 135, 112, 117, 143, 127, 113, 111, 128, 133, 105, 116, 145",Sports betting; Sports
653,casa pariurilor fortuna,ro,36,100,0.60,,e fortuna,2026-06-14 17:28:01,,100,11000,11000,2015-09-15,"Informational,Navigational,Commercial,Transactional,Branded,Non-local",Romanian,"279, 241, 204, 218, 222, 122, 63, 63, 91, 114, 69, 75, 29, 144, 148, 169, 182, 113, 155, 97, 76, 82, 91, 86",87,Sports betting
654,casa pariur,ro,33,100,0.60,1,casa pariurilor,2026-05-27 12:38:13,Sitelinks,100,328000,360000,2015-09-03,"Informational,Commercial,Branded,Non-local",Romanian,,,Sports betting
655,unubet,ro,16,100,1.30,0.85,unibet,2026-05-22 02:44:21,"Sitelinks,Video preview",800,130000,135000,2015-10-16,"Informational,Navigational,Commercial,Transactional,Branded,Non-local",,"104, 88, 98, 84, 101, 106, 124, 100, 132, 112, 127, 150, 98, 131, 127, 130, 119, 138, 166, 176, 128, 124, 89, 62",83,Sports betting
656,betano fotbal,ro,34,100,0.40,,betano live,2026-05-27 14:36:38,,150,7500,7800,2017-09-15,"Navigational,Transactional,Branded,Non-local",Romanian,"131, 139, 155, 183, 215, 242, 206, 73, 144, 98, 52, 75, 28, 113, 150, 161, 135, 60, 144, 140, 197, 149, 132, 44",109,Sports betting; Soccer
657,bet 888,ro,82,100,3.50,,888sport,2026-06-01 22:01:29,"Sitelinks,Video preview",23000,13000,13000,2015-09-11,"Informational,Commercial,Branded,Non-local",English,,,Sports betting
658,oferta superbet joi,ro,7,100,0.50,,superbet oferta,2026-05-21 10:32:52,Sitelinks,150,45000,46000,2015-11-26,"Informational,Commercial,Transactional,Branded,Non-local",Romanian,,,Sports betting
659,beatno,ro,48,100,1.60,,betano,2026-06-01 18:38:29,Sitelinks,1200,471000,476000,2016-06-20,"Navigational,Commercial,Transactional,Branded,Non-local",,"124, 97, 70, 76, 107, 114, 143, 135, 109, 130, 92, 135, 56, 102, 85, 82, 78, 97, 125, 168, 146, 101, 81, 88",91,Sports betting; Sports
660,888 sports,ro,57,100,2.00,,888sport,2026-06-10 05:04:17,Sitelinks,8100,12000,13000,2015-09-09,"Informational,Navigational,Commercial,Transactional,Branded,Non-local",English,"53, 50, 47, 49, 61, 66, 83, 138, 136, 141, 103, 486, 65, 88, 82, 73, 92, 47, 25, 49, 40, 41, 678, 98","59, 70, 71, 66, 117, 85, 129, 115, 83, 66, 64, 89, 56",Sports betting; Sports
661,casa pari,ro,55,100,1.70,1.1,casa pariurilor,2026-05-22 02:07:35,"Sitelinks,Local pack",150,327000,359000,2015-09-03,"Navigational,Transactional,Branded,Local",Romanian,"132, 131, 129, 109, 82, 67, 85, 71, 103, 375, 87, 86, 104, 89, 165, 113, 201, 69, 136, 146, 119, 152, 96, 74","69, 76, 68, 55, 59, 79, 111, 107, 96, 118, 72, 44, 45",Sports betting
662,cote fotbal,ro,51,100,0.45,,casa pariurilor fotbal,2026-05-26 15:08:29,,150,2000,2200,2015-09-05,"Informational,Commercial,Transactional,Non-branded,Non-local",Romanian,"76, 76, 17, 25, 26, 40, 25, 41, 34, 34, 53, 82, 52, 66, 81, 56, 68, 81, 205, 145, 160, 154, 152, 150","151, 147, 143, 141, 146, 153, 156, 158, 172, 167, 165, 163, 164",Sports betting; Soccer
663,casa pariurilor 321 rotiri gratuite,ro,58,100,0.90,,casa pariurilor,2026-06-14 12:34:06,,100,346000,378000,2022-07-29,"Navigational,Commercial,Transactional,Branded,Non-local",Romanian,"196, 157, 155, 178, 166, 228, 196, 174, 95, 156, 128, 208, 94, 276, 256, 176, 69, 43, 69, 71, 43, 45, 72, 54",58,Sports betting
664,www.superbet.ro verificare bilet,ro,48,100,0.60,,verificare bilet superbet,2026-06-10 03:16:14,"Sitelinks,Video preview",100,69000,70000,2015-12-07,"Navigational,Transactional,Branded,Non-local",Romanian,"195, 249, 248, 314, 319, 312, 273, 512, 229, 67, 44, 58, 42, 67, 86, 25, 12, 0, 105, 287, 212, 184, 153, 150",163,Sports betting
665,superbet ro pariuri sportive,ro,50,100,0.80,,super bet,2026-06-16 14:48:58,,150,88000,90000,2015-10-10,"Navigational,Transactional,Branded,Non-local",Romanian,"29, 28, 32, 34, 30, 33, 31, 36, 33, 58, 86, 103, 112, 185, 162, 130, 114, 112, 113, 59, 85, 94, 81, 92",90,Sports betting; Sports
666,betfair pariuri,ro,16,100,5.00,0.97,betfair,2026-05-23 09:40:36,,150,11000,11000,2015-10-21,"Informational,Navigational,Commercial,Transactional,Branded,Non-local",Romanian,"42, 26, 27, 27, 34, 36, 22, 34, 101, 121, 121, 68, 33, 71, 82, 262, 67, 61, 77, 113, 97, 115, 96, 95","93, 63, 53, 100, 107, 97, 80, 116, 100, 118, 99, 98, 96",Sports betting; Sports
667,casa pariurilor cod promotional,ro,61,100,1.70,,bonus casino,2026-06-24 08:01:47,,150,4600,4700,2018-05-17,"Informational,Commercial,Transactional,Branded,Non-local",Romanian,"74, 77, 60, 78, 105, 102, 87, 62, 53, 74, 62, 78, 55, 99, 89, 103, 149, 154, 135, 147, 114, 106, 106, 117",110,Sports betting
668,www casa pariurilor oferta,ro,29,100,0.60,,casa pariurilor,2026-05-24 04:24:37,Sitelinks,100,328000,360000,2015-09-11,"Informational,Navigational,Commercial,Branded,Non-local",Romanian,"363, 281, 208, 373, 271, 226, 182, 150, 201, 128, 167, 248, 134, 144, 194, 117, 98, 113, 123, 80, 62, 56, 60, 54",58,Sports betting
669,pariu fotbal,ro,61,100,2.00,,superbet oferta,2026-05-24 10:22:32,,100,41000,42000,2016-02-10,"Informational,Commercial,Transactional,Non-branded,Non-local",Romanian,"142, 149, 106, 47, 85, 113, 33, 64, 113, 74, 76, 90, 16, 98, 125, 79, 111, 135, 67, 105, 185, 179, 126, 143",150,Sports betting; Soccer
670,superbet fotbal live,ro,55,100,0.30,,rezultate live,2026-06-15 13:17:19,Sitelinks,150,16000,20000,2015-11-10,"Informational,Navigational,Commercial,Transactional,Branded,Non-local",Romanian,,,Sports betting
671,casa pariurilor casino apk,ro,35,100,1.40,,casa pariurilor casino,2026-06-03 20:51:32,,100,39000,42000,2018-06-18,"Informational,Transactional,Branded,Non-local",Romanian,"29, 25, 42, 39, 42, 21, 17, 4, 12, 8, 7, 6, 1, 74, 65, 68, 93, 76, 151, 155, 80, 108, 143, 129",127,Sports betting; Add-ons
672,casa pariurilor inregistrare,ro,30,100,2.50,,creare cont casa pariurilor,2026-05-22 07:08:46,,100,200,250,2015-09-26,"Informational,Navigational,Commercial,Transactional,Branded,Non-local",Romanian,,,Sports betting
673,verificare bilete fotbal,ro,38,100,0.60,,verificare bilet superbet,2026-05-27 03:14:12,Video preview,150,69000,70000,2017-04-21,"Informational,Transactional,Non-branded,Non-local",Romanian,"468, 466, 391, 389, 394, 335, 394, 319, 312, 484, 325, 211, 111, 120, 104, 81, 76, 61, 105, 151, 241, 158, 102, 79","76, 131, 84, 79, 112, 78, 110, 158, 254, 166, 107, 83, 80",Sports betting; Soccer
674,casa pariurilor rezultate loto,ro,46,100,0.60,1.41,loto online,2026-06-24 19:21:57,Sitelinks,150,4700,4800,2015-09-01,"Informational,Branded,Non-local",Romanian,"96, 105, 123, 117, 135, 132, 122, 125, 135, 138, 110, 90, 92, 101, 119, 113, 131, 128, 118, 121, 131, 134, 107, 88","90, 98, 116, 110, 128, 126, 116, 119, 128, 132, 105, 86, 88",Lottery
675,bonusuri casa pariurilor,ro,32,100,2.00,,bonus casino,2026-06-07 19:30:00,Sitelinks,100,3400,3500,2016-03-24,"Informational,Commercial,Branded,Non-local",Romanian,"70, 53, 58, 60, 67, 63, 64, 65, 53, 69, 94, 89, 47, 99, 99, 129, 122, 162, 123, 118, 139, 110, 77, 31",74,Sports betting
676,suprrbet,ro,48,100,,,superbet,2026-06-21 22:23:04,Sitelinks,300,1570000,1670000,2015-09-01,"Informational,Navigational,Commercial,Transactional,Branded,Non-local",,"88, 89, 82, 87, 91, 102, 92, 97, 77, 114, 73, 111, 102, 103, 99, 120, 81, 82, 123, 109, 140, 134, 121, 129",128,Sports betting; Sports
677,pariuri sportive casa pariurilor,ro,34,100,1.90,1.12,casa pariurilor,2026-06-02 01:57:45,Sitelinks,200,329000,362000,2015-09-04,"Informational,Navigational,Commercial,Transactional,Branded,Non-local",Romanian,"53, 38, 31, 23, 64, 51, 51, 64, 74, 48, 131, 299, 198, 124, 169, 144, 62, 65, 52, 67, 68, 94, 59, 118","76, 60, 70, 90, 116, 113, 87, 130, 118, 96, 85, 117, 76",Sports betting; Sports
678,meciuri sambata,ro,56,100,0.15,,meciuri din superliga,2026-06-04 00:55:53,,100,109000,123000,2015-12-25,"Informational,Non-branded,Non-local",Romanian,"341, 158, 96, 71, 157, 87, 50, 69, 113, 154, 170, 193, 147, 95, 87, 82, 153, 190, 98, 106, 136, 153, 81, 81",105,Live sporting events; Soccer
679,bwtano,ro,8,100,1.60,,betano,2026-05-28 11:15:50,Sitelinks,3500,471000,476000,2017-12-23,"Informational,Navigational,Commercial,Transactional,Branded,Non-local",,"104, 75, 92, 96, 119, 110, 128, 108, 119, 126, 100, 94, 70, 92, 77, 97, 89, 108, 134, 118, 123, 112, 86, 102",102,Sports betting; Sports
680,pariu superbet,ro,47,100,1.00,,superbet.ro,2026-06-24 12:50:27,,150,66000,75000,2019-10-05,"Informational,Navigational,Commercial,Transactional,Branded,Non-local",Romanian,"287, 264, 212, 234, 245, 152, 189, 153, 190, 250, 96, 97, 40, 173, 146, 131, 161, 128, 99, 88, 117, 80, 169, 103",118,Sports betting; Sports
681,pariuri fotbal azi,ro,53,100,0.60,,casa pariurilor fotbal,2026-05-25 03:16:23,,250,2000,2200,2015-11-08,"Informational,Commercial,Transactional,Non-branded,Non-local",Romanian,"109, 129, 70, 70, 67, 72, 115, 141, 136, 216, 259, 139, 135, 127, 125, 104, 105, 163, 105, 126, 124, 114, 97, 78","78, 101, 142, 102, 133, 125, 113, 124, 122, 113, 96, 78, 77",Sports betting; Soccer
682,duperbet,ro,20,100,2.50,0.85,superbet,2026-06-16 11:53:41,"Sitelinks,Knowledge panel",1000,1550000,1620000,2015-09-01,"Informational,Navigational,Commercial,Transactional,Branded,Non-local",,"80, 68, 67, 91, 88, 88, 93, 94, 102, 90, 139, 175, 128, 133, 114, 134, 141, 97, 127, 131, 156, 102, 89, 72",92,Sports betting; Sports
683,real bet fotbal,ro,59,100,0.50,,real bet pariuri sportive,2026-06-23 13:52:53,,100,150,150,2020-01-13,"Informational,Navigational,Commercial,Transactional,Branded,Non-local",Romanian,,,Sports betting
684,verificare bilete casa pariurilor,ro,19,100,0.80,,verificare bilet casa pariurilor,2026-05-17 09:56:30,Video preview,100,13000,13000,2015-12-31,"Informational,Navigational,Branded,Non-local",Romanian,"124, 160, 170, 165, 149, 136, 162, 136, 68, 106, 89, 105, 102, 120, 105, 93, 82, 79, 90, 110, 96, 117, 54, 62","95, 124, 136, 184, 210, 138, 155, 176, 162, 182, 120, 128",Sports betting
685,bet bet,ro,76,100,2.50,,getsbet,2026-05-26 03:48:00,,17000,246000,255000,2015-09-22,"Informational,Commercial,Transactional,Non-branded,Non-local",English,"52, 57, 41, 40, 62, 44, 51, 46, 37, 44, 53, 47, 28, 72, 78, 65, 81, 93, 69, 140, 157, 195, 203, 167",188,Sports betting; Sports
686,superbet ploiesti,ro,36,100,0.60,,superbet,2026-06-18 15:39:57,"Local pack,Sitelinks",100,1550000,1660000,2015-09-13,"Informational,Branded,Local",Romanian,,,Sports betting
687,pariuri sportive azi,ro,61,100,0.50,,ponturi pariuri azi,2026-06-07 12:53:03,,200,9600,11000,2015-09-29,"Informational,Commercial,Transactional,Non-branded,Non-local",Romanian,"28, 20, 13, 21, 29, 41, 19, 70, 127, 32, 21, 32, 14, 14, 35, 55, 46, 67, 97, 158, 162, 280, 238, 71",196,Sports betting; Sports
688,pariloto,ro,22,100,2.50,1.08,pariloto,2026-06-03 19:19:02,Image pack,300,100,150,2015-09-01,"Informational,Commercial,Branded,Non-local",Romanian,"68, 63, 75, 122, 131, 124, 116, 106, 118, 112, 78, 67, 68, 63, 75, 122, 131, 124, 116, 106, 118, 112, 78, 67","68, 63, 75, 122, 131, 124, 116, 106, 118, 112, 78, 67, 68",Sports betting; Sports
689,oferte pariuri,ro,79,100,5.00,,pariuri bonus,2026-06-15 21:19:22,,150,1700,1800,2015-09-12,"Informational,Commercial,Non-branded,Non-local",Romanian,"53, 49, 43, 49, 65, 64, 77, 63, 49, 93, 94, 115, 91, 91, 81, 164, 154, 127, 148, 120, 138, 135, 117, 111","104, 108, 111, 141, 140, 148, 145, 121, 140, 137, 118, 112, 106",Sports betting
690,casapariurilor bonus,ro,54,100,2.50,,casa pariurilor bonus de bun venit,2026-06-16 10:51:45,Sitelinks,150,1400,1400,2015-12-09,"Informational,Commercial,Branded,Non-local",Romanian,"37, 53, 39, 40, 45, 41, 44, 36, 36, 39, 61, 47, 41, 100, 88, 112, 112, 145, 141, 133, 112, 94, 111, 78",95,Sports betting
691,pariază,ro,52,100,1.30,0.19,casa pariurilor fotbal azi,2026-06-21 22:15:34,Video preview,200,1800,2000,2015-10-24,"Informational,Non-branded,Non-local",Romanian,"126, 127, 103, 127, 106, 104, 102, 130, 128, 126, 102, 125, 84, 113, 91, 91, 90, 93, 109, 136, 133, 134, 111, 112","104, 113, 119, 145, 144, 130, 121, 137, 144, 149, 137, 127, 120",Sports betting; Foreign language
692,casa pariurilor descarca,ro,28,100,1.30,,casa pariurilor apk,2026-06-21 07:54:56,,150,1800,2100,2019-05-12,"Informational,Transactional,Branded,Non-local",Romanian,"13, 17, 31, 19, 20, 25, 43, 61, 157, 35, 123, 110, 42, 104, 167, 102, 89, 80, 254, 158, 96, 76, 111, 107",99,Sports betting
693,superbet bilet virtual,ro,38,100,1.00,,superbet,2026-06-28 05:38:37,"Sitelinks,Video preview",100,1580000,1630000,2015-09-01,"Informational,Transactional,Branded,Non-local",Romanian,"138, 69, 98, 124, 144, 128, 115, 125, 129, 87, 51, 35, 16, 19, 110, 79, 106, 103, 107, 143, 237, 129, 43, 74",83,Sports betting; Sports
694,bonus 888,ro,65,100,2.50,,oferte casino,2026-06-02 21:58:15,Sitelinks,11000,5000,5100,2015-09-03,"Informational,Commercial,Branded,Non-local",English,"47, 34, 25, 26, 52, 51, 43, 54, 98, 152, 129, 89, 62, 144, 155, 211, 101, 64, 68, 75, 77, 84, 81, 72","69, 72, 72, 76, 74, 76, 74, 80, 82, 89, 85, 77, 74",Gambling
695,pariuri sportive fotbal azi,ro,55,100,0.60,,superbet oferta,2026-06-04 15:23:23,,150,50000,51000,2015-12-29,"Informational,Commercial,Transactional,Non-branded,Non-local",Romanian,,,Sports betting
696,bilet pariuri azi,ro,60,100,0.30,1.67,biletul zilei,2026-05-27 07:58:08,,150,6900,7600,2015-10-28,"Informational,Commercial,Non-branded,Non-local",Romanian,"202, 170, 162, 153, 202, 169, 152, 191, 170, 194, 113, 96, 44, 88, 108, 79, 105, 63, 136, 205, 191, 139, 133, 113",128,Sports betting; Sports
697,siteuri pariuri sportive,ro,77,100,8.00,,agentii pariuri online,2026-06-22 00:42:10,,200,1600,1900,2015-11-06,"Informational,Commercial,Non-branded,Non-local",Romanian,"31, 30, 27, 28, 18, 8, 18, 4, 23, 48, 28, 24, 30, 104, 102, 114, 128, 96, 92, 121, 116, 144, 122, 138",135,Sports betting; Sports
698,fotbal pariuri sportive,ro,71,100,,,superbet oferta,2026-06-20 01:57:46,,150,56000,65000,2015-12-06,"Informational,Commercial,Transactional,Non-branded,Non-local",Romanian,"2, 2, 2, 1, 2, 9, 2, 2, 8, 10, 13, 85, 5, 64, 77, 67, 71, 133, 142, 201, 136, 168, 185, 205",187,Sports betting; Sports
699,pariaza,ro,62,100,1.10,,casa pariurilor,2026-06-01 18:40:38,"Sitelinks,Video preview",100,329000,362000,2015-09-16,"Informational,Non-branded,Non-local",Romanian,"27, 24, 15, 13, 13, 12, 10, 21, 11, 13, 24, 15, 6, 148, 79, 71, 70, 93, 130, 201, 116, 109, 123, 135",124,Sports betting; Compulsive gambling; Ethics; Educational
700,supwrbet,ro,65,100,0.70,1.02,superbet oferta,2026-06-21 09:30:42,,1200,57000,65000,2015-09-02,"Informational,Navigational,Commercial,Transactional,Branded,Non-local",,"108, 94, 100, 107, 96, 110, 116, 96, 94, 100, 101, 93, 83, 101, 92, 109, 100, 100, 134, 142, 143, 120, 106, 92","76, 63, 76, 88, 128, 95, 88, 124, 126, 124, 120, 92, 76",Sports betting; Sports
701,nerbet,ro,69,100,1.60,,netbet,2026-05-29 15:39:25,Sitelinks,600,176000,180000,2015-10-13,"Informational,Navigational,Commercial,Transactional,Branded,Non-local",,"74, 77, 94, 71, 84, 99, 126, 115, 56, 101, 107, 120, 91, 105, 69, 84, 107, 141, 158, 169, 110, 96, 99, 104",101,Sports betting
702,site uri pariuri,ro,76,100,10.00,,cele mai bune case de pariuri online,2026-06-10 06:38:40,Sitelinks,200,1600,1900,2016-12-18,"Informational,Commercial,Non-branded,Non-local",Romanian,"52, 42, 61, 81, 116, 113, 79, 79, 81, 80, 66, 85, 105, 180, 184, 131, 93, 71, 72, 72, 87, 78, 68, 75","67, 81, 80, 84, 89, 85, 84, 83, 97, 88, 79, 86",Sports betting
703,casa pariurilor excelbet,ro,59,100,0.70,,excelbet,2026-06-12 15:10:41,,150,11000,12000,2018-01-12,"Informational,Navigational,Commercial,Transactional,Branded,Non-local",Romanian,"0, 4, 1, 1, 0, 24, 17, 7, 9, 9, 5, 17, 14, 95, 151, 65, 114, 100, 205, 220, 96, 110, 131, 133",125,Lottery; Sports betting
704,unibet.,ro,47,100,0.70,,pariuri sportive,2026-06-25 20:46:06,,2900,13000,16000,2015-11-12,"Informational,Navigational,Commercial,Transactional,Branded,Non-local",,"85, 82, 112, 112, 91, 175, 240, 182, 99, 119, 74, 84, 49, 94, 134, 83, 78, 124, 99, 115, 106, 139, 110, 49",85,Sports betting
705,netbet online,ro,75,100,1.60,,netbet,2026-06-07 10:09:16,Sitelinks,450,173000,177000,2015-09-21,"Informational,Navigational,Commercial,Transactional,Branded,Non-local",English,"48, 39, 33, 33, 52, 43, 33, 50, 98, 98, 100, 171, 49, 69, 82, 226, 99, 84, 118, 128, 117, 122, 116, 136","110, 106, 102, 127, 121, 106, 116, 131, 120, 125, 119, 138, 113",Gambling
706,casa pariurilor logare,ro,1,100,1.30,1.34,casa pariurilor,2026-05-27 13:00:18,Sitelinks,200,328000,360000,2015-09-21,"Navigational,Branded,Non-local",Romanian,,,Sports betting
707,888sports,ro,68,100,1.30,1.17,888sport,2026-05-26 15:35:40,Sitelinks,5500,1500,349000,2015-09-30,"Informational,Navigational,Commercial,Branded,Non-local",,"122, 100, 119, 118, 146, 146, 128, 180, 168, 163, 153, 125, 114, 123, 121, 94, 107, 108, 137, 123, 120, 111, 108, 96","90, 91, 133, 123, 130, 111, 120, 117, 113, 105, 102, 90, 85",Sports betting; Sports
708,agentie de pariuri,ro,78,100,3.00,,casa pariurilor,2026-05-21 11:42:07,"Local pack,Sitelinks",100,327000,359000,2015-09-12,"Informational,Commercial,Transactional,Non-branded,Local",Romanian,"26, 16, 28, 21, 29, 24, 21, 28, 32, 25, 32, 30, 11, 86, 114, 95, 124, 98, 110, 102, 98, 199, 113, 100",138,Sports betting; Business
709,casa pariurilor loto polonia,ro,34,100,0.30,1.4,loto polonia 20 din 80,2026-05-30 05:20:57,,150,7700,7900,2015-10-16,"Informational,Branded,Non-local",Romanian,,,Lottery
710,meciuri de fotbal astazi,ro,56,100,,,meciuri azi,2026-05-23 14:23:42,,100,29000,33000,2015-09-12,"Informational,Non-branded,Non-local",Romanian,,,Soccer
711,cele mai bune site-uri de pariuri,ro,71,100,6.00,1.47,case pariuri online,2026-05-22 06:46:47,Sitelinks,150,1900,2300,2015-09-13,"Informational,Commercial,Non-branded,Non-local",Romanian,"39, 32, 32, 27, 33, 45, 28, 28, 13, 13, 13, 21, 4, 108, 121, 126, 115, 121, 133, 125, 104, 135, 121, 121",126,Sports betting; Sports
712,parisport live,ro,57,100,0.60,,livescore,2026-06-16 04:49:36,Video preview,100,112000,117000,2016-12-17,"Informational,Navigational,Non-branded,Non-local",English,"54, 170, 239, 280, 256, 312, 260, 182, 88, 57, 157, 105, 196, 222, 118, 93, 67, 66, 48, 66, 141, 212, 175, 72",134,Sports
713,meciurile,ro,61,100,0.02,0.56,flashscore,2026-06-17 14:32:20,Video preview,150,266000,317000,2015-09-10,"Informational,Non-branded,Non-local",Romanian,"388, 216, 111, 170, 137, 136, 130, 135, 136, 169, 132, 108, 138, 108, 132, 102, 128, 109, 105, 91, 93, 110, 90, 89","110, 87, 76, 78, 75, 81, 69, 54, 61, 78, 60",Statistics
714,superbet oferte,ro,64,100,0.90,,superbet oferta,2026-06-19 18:46:24,,100,56000,65000,2017-01-17,"Informational,Commercial,Transactional,Branded,Non-local",Romanian,"75, 70, 103, 93, 100, 124, 119, 121, 84, 52, 60, 41, 19, 44, 57, 64, 76, 63, 169, 171, 118, 50, 139, 195",128,Sports betting
715,kasza,ro,26,100,,0.54,casa pariurilor,2026-06-01 11:22:33,"AI Overview,Thumbnail,Image pack",11000,329000,362000,2015-09-11,"Informational,Non-branded,Non-local",Polish,,,Pasta
716,oferta superbet pdf,ro,39,100,3.00,,superbet.ro,2026-06-28 00:35:47,,150,66000,75000,2015-09-23,"Informational,Transactional,Branded,Non-local",Romanian,"80, 160, 141, 185, 189, 251, 250, 174, 159, 233, 258, 246, 137, 213, 216, 218, 200, 114, 63, 81, 70, 76, 42, 32",51,Sports betting; Templates
717,agentie pariuri sportive,ro,79,100,2.50,,pariuri sportive,2026-06-07 12:20:01,"Local pack,Sitelinks",100,11000,11000,2015-10-19,"Commercial,Transactional,Non-branded,Local",Romanian,"23, 36, 25, 21, 12, 26, 13, 17, 11, 16, 34, 15, 15, 86, 85, 78, 106, 92, 126, 148, 148, 181, 121, 110",139,Sports betting; Sports
718,fotbal de azi,ro,60,90,0.25,,flashscore,2026-06-03 22:35:43,,250,341000,442000,2016-02-21,"Informational,Commercial,Non-branded,Non-local",Romanian,"60, 80, 24, 19, 15, 17, 100, 69, 136, 112, 44, 27, 21, 31, 28, 142, 170, 245, 147, 48, 82, 56, 52, 38",50,Sports news; Soccer
719,casa cazinou,ro,17,90,1.00,,casa pariurilor casino,2026-05-23 16:22:31,"Sitelinks,Bottom ads,Paid sitelinks",100,39000,42000,2018-01-28,"Informational,Navigational,Transactional,Branded,Non-local",Romanian,"62, 51, 62, 96, 63, 78, 99, 72, 44, 113, 245, 238, 171, 174, 61, 60, 68, 50, 76, 64, 56, 61, 88, 101",84,Gambling
720,biletul zilei casa pariurilor,ro,61,90,0.30,1.66,superbet biletul zilei,2026-06-10 17:35:11,,100,700,1000,2015-09-26,"Informational,Commercial,Branded,Non-local",Romanian,"196, 102, 163, 212, 101, 95, 101, 159, 89, 88, 95, 74, 46, 62, 71, 62, 76, 84, 169, 165, 117, 85, 70, 57",62,Sports betting; Sports
721,meciurile de fotbal de azi,ro,59,90,0.10,,flashscore,2026-06-09 19:26:05,Knowledge panel,100,323000,422000,2016-03-01,"Informational,Non-branded,Non-local",Romanian,"158, 94, 77, 94, 136, 159, 173, 185, 201, 224, 212, 174, 154, 144, 96, 149, 110, 97, 44, 36, 81, 60, 22, 22",36,Statistics
722,bilete pariuri online,ro,81,90,0.80,,ponturi pariuri,2026-06-15 17:48:10,,100,16000,18000,2015-12-04,"Navigational,Commercial,Transactional,Non-branded,Non-local",Romanian,,,Sports betting
723,888sport ro,ro,61,90,1.80,,888sport,2026-06-02 12:28:09,,350,13000,13000,2016-10-18,"Informational,Navigational,Commercial,Branded,Non-local",,"13, 10, 13, 14, 38, 44, 39, 23, 18, 48, 51, 42, 53, 64, 94, 83, 154, 79, 106, 100, 97, 97, 81, 80","85, 80, 94, 101, 122, 105, 115, 110, 107, 107, 90, 89, 94",Sports betting; Sports
724,betano.romania,ro,16,90,,,betano,2026-05-28 18:07:15,Sitelinks,300,471000,476000,2018-05-08,"Navigational,Transactional,Branded,Non-local",,"16, 74, 73, 82, 75, 102, 73, 89, 30, 14, 39, 49, 7, 10, 18, 49, 45, 28, 169, 212, 305, 85, 84, 96",90,Sports betting; Sports
725,superbet bilet online,ro,28,90,1.10,,superbet,2026-05-27 01:49:02,"Sitelinks,Video preview",100,1610000,1760000,2016-09-03,"Navigational,Commercial,Transactional,Branded,Non-local",Romanian,,,Sports betting
726,casa pariurilor bistrita,ro,0,90,1.60,,casa pariurilor,2026-06-17 18:59:06,"Local pack,Sitelinks",90,348000,380000,2015-09-26,"Navigational,Commercial,Transactional,Branded,Local",Romanian,"49, 50, 146, 113, 69, 128, 121, 306, 291, 385, 155, 119, 34, 38, 34, 28, 45, 49, 54, 61, 59, 150, 396, 124",222,Sports betting; Business
727,poverbet,ro,48,90,0.90,,superbet,2026-06-17 08:48:33,Sitelinks,100,1550000,1620000,2020-01-13,"Informational,Commercial,Branded,Non-local",Romanian,,,Sports betting
728,m.casapariurilor,ro,0,90,0.20,,casa pariurilor,2026-06-21 18:02:11,Sitelinks,90,346000,379000,2015-09-26,"Navigational,Transactional,Branded,Non-local",,"57, 49, 117, 30, 77, 104, 95, 61, 49, 41, 80, 66, 64, 52, 0, 111, 94, 128, 184, 130, 75, 87, 80, 46",72,Sports betting
729,casa pariurilor iasi,ro,0,90,1.40,0.85,casa pariurilor,2026-06-02 02:33:22,"Local pack,Sitelinks",90,329000,362000,2015-10-25,"Informational,Navigational,Branded,Local",Romanian,"188, 232, 287, 191, 63, 78, 77, 63, 82, 108, 63, 125, 47, 66, 66, 101, 102, 98, 124, 97, 83, 83, 63, 67","52, 61, 73, 88, 107, 108, 119, 97, 83, 83, 63, 67",Sports betting
730,loto casa pariurilor rezultate loto,ro,48,90,0.70,1.23,loto online,2026-05-21 18:09:40,Sitelinks,100,9700,9900,2017-09-20,"Informational,Branded,Non-local",Romanian,"350, 432, 228, 194, 193, 239, 65, 102, 61, 79, 60, 82, 80, 92, 88, 92, 102, 92, 124, 112, 93, 89, 82, 82","77, 82, 62, 86, 92, 93, 76, 77, 63, 59, 54, 53, 49",Lottery
731,pariaza online,ro,78,90,18.00,1.24,unibet.ro,2026-06-16 20:56:32,Sitelinks,150,14000,15000,2015-09-13,"Informational,Commercial,Transactional,Branded,Non-local",Romanian,"124, 147, 76, 123, 90, 89, 112, 101, 61, 137, 86, 71, 56, 72, 96, 130, 101, 98, 92, 86, 99, 103, 85, 82","85, 106, 94, 116, 95, 93, 92, 86, 100, 103, 85, 82, 85",Sports betting; Sports
732,casa pariuri sportive,ro,60,90,1.60,,casa pariurilor,2026-06-04 19:13:45,Sitelinks,100,330000,362000,2015-09-04,"Informational,Navigational,Commercial,Transactional,Branded,Non-local",Romanian,"380, 244, 258, 373, 313, 269, 79, 147, 308, 308, 167, 252, 48, 75, 79, 105, 107, 82, 124, 113, 79, 103, 65, 110","105, 69, 152, 94, 109, 50, 112, 101, 64, 89, 53, 98, 94",Sports betting; Sports
733,casa pariurilor baia mare,ro,0,90,1.70,0.39,casa pariurilor,2026-06-09 04:01:17,"Local pack,Sitelinks",90,332000,364000,2015-10-17,"Informational,Branded,Local",Romanian,"86, 60, 31, 30, 46, 33, 60, 90, 55, 53, 86, 90, 46, 47, 69, 57, 87, 103, 117, 103, 100, 105, 98, 99","102, 95, 95, 95, 101, 100, 110, 103, 100, 105, 98, 99, 102",Sports betting; Business
734,superbet bilete,ro,28,90,1.00,,verificare bilet superbet,2026-05-23 08:33:37,Video preview,100,69000,70000,2016-02-03,"Informational,Transactional,Branded,Non-local",Romanian,"92, 50, 95, 223, 254, 154, 258, 137, 118, 102, 55, 55, 23, 71, 73, 71, 63, 55, 75, 113, 125, 141, 83, 123",118,Sports betting
735,pariez online,ro,80,90,,,pariez online,2026-05-29 01:10:41,,100,30,30,2020-01-13,"Informational,Commercial,Non-branded,Non-local",Romanian,,,Sports betting
736,bonusuri pariuri sportive,ro,64,90,6.00,,pariuri bonus,2026-06-04 16:42:09,Sitelinks,100,1700,1800,2016-02-17,"Informational,Commercial,Non-branded,Non-local",Romanian,,,Sports betting
737,casa pariurilor aplicatia,ro,11,90,1.10,,casa pariurilor,2026-06-19 21:42:14,Sitelinks,150,347000,380000,2020-01-14,"Informational,Commercial,Transactional,Branded,Non-local",Romanian,,,Sports betting
738,jocuri casa pariurilor,ro,37,90,0.60,,casa pariurilor casino,2026-05-23 09:37:11,Sitelinks,100,39000,42000,2015-11-13,"Informational,Navigational,Commercial,Transactional,Branded,Non-local",Romanian,"115, 114, 200, 92, 47, 64, 65, 98, 75, 106, 31, 76, 35, 63, 62, 77, 122, 87, 171, 75, 85, 104, 102, 103",104,Sports betting
739,supwrbwt,ro,35,90,1.50,,superbet,2026-06-08 12:40:51,"Sitelinks,Video preview",300,1600000,1750000,2015-12-24,"Informational,Commercial,Non-branded,Non-local",Romanian,,,Sports betting
740,total bet fotbal pariuri,ro,51,90,0.60,,total bet,2026-06-08 21:00:15,Sitelinks,150,56000,57000,2018-04-05,"Informational,Commercial,Branded,Non-local",Romanian,,,Sports betting
741,cel mai bun site de pariuri,ro,67,90,,1.29,case pariuri online,2026-05-24 11:33:18,Sitelinks,90,1900,2300,2015-10-17,"Informational,Commercial,Non-branded,Non-local",Romanian,"64, 51, 44, 43, 56, 51, 44, 47, 42, 40, 25, 27, 14, 80, 92, 98, 78, 122, 101, 125, 90, 80, 75, 63",73,Sports betting; Sports
742,verificare bilet la superbet,ro,53,90,0.40,,verificare bilet superbet,2026-06-28 10:26:04,"Sitelinks,Video preview",100,69000,70000,2017-09-10,"Informational,Navigational,Branded,Non-local",Romanian,"140, 220, 149, 125, 105, 145, 134, 183, 80, 82, 69, 44, 74, 28, 67, 93, 87, 74, 127, 96, 79, 93, 110, 109",105,Sports betting
743,bilete pariuri castigatoare,ro,55,90,0.80,1.6,ponturi pariuri,2026-05-22 17:51:05,"Image pack,Sitelinks",100,16000,18000,2015-09-12,"Informational,Commercial,Non-branded,Non-local",Romanian,"68, 68, 105, 67, 105, 91, 94, 111, 109, 104, 108, 43, 54, 81, 67, 92, 89, 93, 82, 116, 115, 122, 89, 47","19, 44, 59, 82, 113, 91, 82, 116, 115, 122, 89, 47, 19",Sports betting
744,casa.,ro,43,90,0.15,0.42,casa pariurilor,2026-06-25 18:05:55,,4500,347000,379000,2015-10-17,"Non-branded,Non-local",Spanish,"70, 109, 105, 67, 108, 109, 109, 127, 100, 118, 121, 113, 91, 138, 115, 96, 99, 96, 97, 89, 69, 101, 73, 65",80,/Other
745,casa pa,ro,2,90,1.40,1.03,casa pariurilor,2026-06-26 00:27:16,"Sitelinks,Local pack",350,347000,379000,2015-09-04,"Informational,Navigational,Commercial,Transactional,Branded,Local",Romanian,"126, 128, 158, 160, 104, 85, 86, 106, 81, 129, 156, 128, 81, 104, 81, 83, 83, 84, 85, 84, 89, 116, 106, 93","67, 96, 76, 74, 105, 86, 62, 76, 82, 108, 98, 85, 59",Sports betting
746,netbet pariuri online,ro,55,90,,,netbet sport,2026-05-26 07:46:56,Sitelinks,100,8900,9900,2015-12-15,"Informational,Navigational,Commercial,Transactional,Branded,Non-local",Romanian,"3, 0, 5, 0, 2, 0, 1, 1, 0, 3, 14, 13, 0, 75, 77, 71, 98, 117, 148, 137, 104, 95, 105, 93",99,Sports betting; Sports
747,casapa,ro,0,90,0.80,0.93,casa pariurilor,2026-06-28 12:10:59,Image pack,450,347000,379000,2015-09-02,"Informational,Commercial,Branded,Non-local",,"77, 108, 49, 46, 81, 75, 87, 48, 58, 82, 71, 83, 44, 227, 212, 64, 67, 62, 53, 55, 94, 68, 64, 68",67,Business services; Business; Short-term stays
748,superbet log in,ro,58,90,1.00,,superbet,2026-05-23 03:40:29,Sitelinks,900,1610000,1760000,2017-01-22,"Navigational,Transactional,Branded,Non-local",English,"172, 186, 136, 213, 190, 223, 218, 236, 188, 217, 187, 74, 61, 201, 85, 104, 89, 76, 74, 82, 68, 79, 70, 58","62, 80, 61, 72, 67, 72, 75, 73, 60, 70, 62, 49, 53",Sports betting
749,netbet download,ro,63,90,1.80,,netbet,2026-06-11 04:33:11,Sitelinks,200,14000,15000,2015-10-11,"Commercial,Transactional,Branded,Non-local",English,"30, 22, 28, 26, 32, 45, 36, 25, 22, 34, 27, 59, 24, 69, 69, 73, 104, 82, 85, 94, 64, 88, 129, 175",132,Sports betting
750,bilet zilei,ro,61,90,0.25,2.15,biletul zilei cota mare,2026-05-27 11:41:35,,150,700,700,2015-09-13,"Informational,Commercial,Branded,Non-local",Romanian,"10, 13, 24, 13, 31, 27, 15, 23, 36, 12, 18, 7, 2, 24, 53, 70, 119, 119, 118, 152, 125, 79, 88, 82",84,Sports betting
751,888 betting,ro,75,90,1.70,,888sport,2026-06-10 20:20:07,"People also ask,Video preview",6200,12000,13000,2019-05-12,"Informational,Commercial,Branded,Non-local",English,"13, 12, 5, 25, 12, 5, 14, 104, 31, 29, 52, 56, 57, 339, 412, 155, 15, 15, 15, 16, 18, 13, 16, 15",16,Sports betting
752,casa pariuri fortuna,ro,30,90,0.60,0.94,fortuna,2026-06-05 16:28:38,Sitelinks,90,249000,255000,2015-09-21,"Informational,Navigational,Commercial,Transactional,Branded,Non-local",Romanian,"55, 59, 51, 83, 89, 102, 63, 55, 36, 59, 55, 48, 46, 104, 92, 82, 85, 121, 83, 100, 74, 76, 84, 75",79,Lottery; Sports betting
753,fortuna casa de pariuri,ro,45,90,1.20,0.98,fortuna,2026-05-30 07:34:37,"Sitelinks,Video preview",100,249000,253000,2015-09-20,"Informational,Commercial,Branded,Non-local",Romanian,"21, 21, 21, 13, 8, 26, 18, 40, 24, 17, 23, 23, 38, 110, 72, 68, 62, 130, 98, 137, 95, 89, 93, 95",93,Sports betting
754,senator bet pariuri sportive,ro,54,90,0.45,0.83,senator bet,2026-06-05 14:22:37,Sitelinks,100,2200,2200,2015-09-03,"Informational,Commercial,Branded,Non-local",Romanian,"42, 43, 68, 86, 103, 81, 38, 51, 67, 114, 41, 45, 46, 81, 95, 148, 97, 124, 134, 105, 91, 62, 61, 6",39,Sports betting
755,unbet,ro,16,90,,0.9,unibet,2026-05-23 09:31:04,"Sitelinks,Video preview",3700,130000,135000,2015-10-09,"Informational,Navigational,Commercial,Branded,Non-local",,"57, 46, 50, 49, 44, 93, 58, 65, 87, 75, 50, 76, 51, 82, 83, 81, 92, 88, 116, 97, 86, 69, 86, 38",58,Sports betting
756,casa pariurilor. ro,ro,16,80,0.50,,casa pariurilor,2026-05-26 00:41:58,Sitelinks,200,328000,360000,2015-10-15,"Navigational,Transactional,Branded,Non-local",Romanian,"57, 89, 113, 92, 69, 60, 235, 46, 24, 43, 67, 36, 11, 23, 71, 45, 45, 44, 168, 145, 63, 58, 95, 160",105,Sports betting
757,descarca casa pariurilor,ro,42,80,1.80,,casa pariurilor apk,2026-05-27 23:18:36,,90,1700,1900,2016-10-03,"Informational,Transactional,Branded,Non-local",Romanian,"61, 53, 64, 803, 36, 36, 121, 776, 40, 103, 89, 53, 18, 65, 59, 59, 93, 51, 119, 125, 98, 80, 110, 60",84,Sports betting
758,casa pariuri live,ro,62,80,0.45,,casa pariurilor,2026-06-14 18:10:49,,90,346000,378000,2016-02-26,"Informational,Navigational,Commercial,Transactional,Branded,Non-local",Romanian,"7, 3, 16, 8, 1, 0, 0, 0, 61, 115, 90, 75, 20, 94, 95, 97, 113, 95, 86, 116, 95, 67, 62, 64",65,Sports betting
759,nr contact casa pariurilor,ro,0,80,0.45,,casa pariurilor telefon,2026-05-25 16:41:20,Local pack,90,30,40,2019-02-01,"Informational,Branded,Local",Romanian,"66, 77, 79, 64, 67, 78, 101, 75, 80, 83, 66, 74, 66, 77, 79, 64, 67, 78, 101, 75, 80, 83, 66, 74","66, 77, 79, 64, 67, 78, 101, 75, 80, 83, 66, 74, 66",Sports betting; Business
760,uinbet,ro,15,80,0.20,,pariuri sportive,2026-06-19 20:34:57,,800,12000,14000,2015-12-15,"Informational,Navigational,Commercial,Transactional,Branded,Non-local",Romanian,,,Sports betting
761,bet net,ro,68,80,2.50,1.08,netbet sport,2026-06-21 17:57:49,Video preview,2000,7300,8800,2015-09-02,"Informational,Navigational,Commercial,Transactional,Branded,Non-local",,"92, 36, 31, 36, 97, 88, 108, 59, 75, 49, 105, 159, 45, 79, 93, 52, 95, 94, 79, 148, 101, 36, 44, 30",38,Sports betting
762,casa pariuri online,ro,69,80,6.00,1.11,casa pariurilor,2026-06-08 12:32:27,Sitelinks,100,330000,362000,2015-09-12,"Informational,Commercial,Branded,Non-local",Romanian,"32, 29, 29, 39, 43, 35, 46, 61, 30, 32, 39, 59, 72, 141, 76, 77, 108, 119, 124, 37, 80, 18, 34, 43","35, 99, 13, 49, 43, 69, 45, 29, 29, 10, 10, 13, 12",Sports betting
763,casa pariurilor craiova,ro,0,80,0.50,,casa pariurilor,2026-06-04 19:25:07,"Local pack,Sitelinks",90,330000,362000,2016-02-27,"Informational,Branded,Local",Romanian,"63, 59, 46, 37, 53, 103, 123, 107, 151, 120, 136, 118, 46, 52, 55, 81, 72, 70, 95, 97, 113, 104, 106, 107",106,Sports betting; Business
764,casa pariurilor constanta,ro,0,80,0.90,,casa pariurilor,2026-05-30 02:28:33,"Local pack,Sitelinks",80,329000,362000,2015-10-15,"Informational,Branded,Local",Romanian,"44, 54, 74, 69, 60, 104, 84, 19, 21, 65, 61, 69, 35, 74, 82, 126, 43, 62, 102, 94, 84, 97, 83, 126",103,Sports betting; Business
765,casino.netbet,ro,78,80,1.10,,netbet,2026-06-26 02:21:25,Sitelinks,450,147000,149000,2015-12-22,"Navigational,Transactional,Branded,Non-local",,"94, 76, 57, 84, 43, 26, 52, 40, 30, 41, 57, 40, 17, 50, 41, 49, 50, 166, 163, 129, 83, 72, 58, 34",47,Sports betting
766,azi fotbal,ro,62,80,0.20,,meciuri azi,2026-06-14 20:33:42,,100,68000,75000,2016-04-01,"Informational,Non-branded,Non-local",Romanian,,,Statistics
767,casa pariurilor timisoara,ro,15,80,0.70,,casa pariurilor,2026-06-15 05:07:42,"Local pack,Sitelinks,Video preview",80,346000,378000,2016-01-12,"Informational,Branded,Local",Romanian,"73, 57, 43, 57, 66, 98, 55, 90, 71, 55, 81, 144, 32, 61, 101, 84, 40, 47, 56, 74, 89, 89, 94, 137",108,Sports betting; Business
768,stanleybet oferta fotbal azi,ro,38,80,0.10,1.01,stanleybet oferta fotbal,2026-05-28 06:35:10,Sitelinks,80,3300,3300,2016-03-04,"Informational,Commercial,Transactional,Branded,Non-local",Romanian,"44, 23, 85, 133, 81, 73, 82, 95, 105, 78, 62, 62, 60, 65, 57, 94, 78, 71, 80, 92, 102, 76, 60, 61","58, 64, 55, 91, 76, 69, 77, 90, 99, 74, 58, 59, 57",Sports betting; Soccer
769,casa pariurilor aplicatie online,ro,24,80,1.00,,casa pariurilor,2026-06-21 23:16:44,Sitelinks,80,346000,379000,2017-10-17,"Informational,Transactional,Branded,Non-local",Romanian,"118, 110, 204, 66, 99, 127, 94, 93, 85, 86, 100, 88, 63, 142, 119, 190, 112, 64, 92, 34, 29, 36, 50, 47",46,Sports betting
770,super be,ro,0,80,1.20,0.87,superbet,2026-06-07 04:17:03,"Sitelinks,Video preview",1200,1600000,1760000,2015-09-30,"Informational,Commercial,Branded,Non-local",Romanian,,,Sports betting
771,extragere italia keno,ro,46,80,0.25,,italia keno,2026-05-28 19:49:30,,90,266000,271000,2018-02-07,"Informational,Branded,Non-local",Romanian,"217, 385, 531, 313, 145, 145, 43, 112, 57, 102, 33, 153, 150, 185, 186, 85, 60, 181, 67, 26, 14, 18, 22, 15","96, 288, 20, 17, 15, 12, 11, 331, 93, 94, 82, 5, 8",Lottery
772,oferte case de pariuri,ro,68,80,3.50,,pariuri bonus,2026-06-24 22:18:48,Sitelinks,80,1700,1700,2015-10-16,"Informational,Commercial,Non-branded,Non-local",Romanian,"63, 43, 32, 41, 43, 37, 38, 44, 41, 42, 33, 50, 17, 63, 71, 83, 71, 86, 103, 135, 78, 62, 59, 63",63,Sports betting
773,www casa pariurilor ro oferta,ro,12,80,1.00,,casa pariurilor,2026-06-12 20:55:33,Sitelinks,100,334000,366000,2020-01-14,"Informational,Navigational,Commercial,Branded,Non-local",Romanian,,,Sports betting
774,parigo pariuri sportive,ro,35,80,1.10,,parigo,2026-06-20 14:20:52,Sitelinks,90,2500,2500,2020-08-09,"Informational,Navigational,Commercial,Transactional,Branded,Non-local",Romanian,,,Sports betting
775,betanoo,ro,3,80,0.60,,betano,2026-06-04 03:33:37,"Sitelinks,Video preview",1600,471000,476000,2016-09-28,"Navigational,Transactional,Branded,Non-local",,"54, 78, 54, 59, 73, 65, 58, 90, 73, 86, 77, 59, 59, 48, 59, 50, 61, 67, 136, 126, 89, 116, 77, 83",93,Sports betting; Sports
776,meciuri mâine,ro,47,80,0.09,,meciuri maine,2026-06-09 19:51:34,,90,800,800,2020-01-10,"Informational,Non-branded,Non-local",Romanian,"93, 58, 64, 46, 70, 50, 45, 64, 43, 75, 62, 48, 63, 44, 49, 84, 84, 71, 75, 99, 148, 150, 90, 48",96,Soccer
777,netbet casino login,ro,70,80,0.30,1.2,netbet login,2026-06-15 21:56:43,,1900,2500,2800,2015-11-15,"Navigational,Transactional,Branded,Non-local",English,"63, 67, 55, 68, 89, 93, 112, 114, 78, 66, 65, 63, 68, 72, 60, 73, 94, 98, 117, 119, 83, 71, 70, 68","73, 76, 65, 78, 98, 103, 122, 124, 88, 76, 75, 73, 78",Gambling
778,superbet com,ro,60,80,1.20,,superbet,2026-06-21 08:16:17,Sitelinks,1400,1580000,1680000,2017-02-12,"Informational,Navigational,Commercial,Branded,Non-local",,,,Sports betting
779,casa pariurilor oferte,ro,32,80,1.50,1.16,casa pariurilor,2026-05-22 12:29:56,"Sitelinks,Bottom ads",150,327000,360000,2015-09-01,"Informational,Commercial,Branded,Non-local",Romanian,"65, 119, 89, 81, 79, 66, 63, 72, 83, 68, 71, 60, 63, 117, 88, 81, 78, 65, 62, 72, 82, 68, 71, 60","63, 117, 88, 80, 78, 65, 62, 72, 82, 68, 71, 60, 63",Sports betting
780,casa pariurilor oferta fotbal,ro,49,80,1.00,1.06,casa pariurilor,2026-06-19 11:51:02,Sitelinks,100,347000,380000,2015-10-24,"Navigational,Transactional,Branded,Non-local",Romanian,"187, 134, 163, 201, 295, 355, 355, 245, 82, 189, 371, 94, 89, 140, 86, 121, 68, 66, 65, 65, 59, 70, 85, 35","36, 46, 51, 67, 68, 71, 77, 64, 59, 69, 84, 34, 36",Sports betting; Soccer
781,net et,ro,64,80,0.60,,netbet,2026-05-24 08:19:53,Sitelinks,450,12000,13000,2015-10-17,"Informational,Navigational,Commercial,Non-branded,Non-local",Romanian,,,Sports betting
782,superbet.ro/pariuri-sportive,ro,55,80,0.60,1.16,superbet,2026-06-20 12:42:06,Sitelinks,80,1580000,1680000,2016-02-18,"Navigational,Transactional,Branded,Non-local",Romanian,"8, 7, 104, 257, 169, 4, 29, 8, 248, 83, 108, 1, 1, 1, 104, 256, 168, 1, 29, 8, 248, 83, 108, 1","1, 1, 104, 256, 168, 1, 29, 8, 248, 83, 108, 1, 1",Sports betting; Sports
783,sport.netbet,ro,75,80,0.80,,netbet sport,2026-05-29 13:01:37,Sitelinks,150,9000,10000,2015-11-16,"Navigational,Transactional,Branded,Non-local",,"172, 159, 65, 66, 93, 57, 21, 35, 123, 141, 172, 119, 104, 137, 147, 116, 69, 121, 99, 23, 21, 21, 35, 15",21,Sports betting; Sports
784,super ber,ro,45,80,1.50,1.06,superbet,2026-05-28 03:55:29,"Sitelinks,Video preview",1900,1610000,1760000,2015-09-13,"Navigational,Commercial,Transactional,Branded,Non-local",,"75, 74, 60, 109, 89, 71, 95, 76, 76, 69, 58, 57, 47, 77, 89, 81, 69, 55, 91, 94, 110, 74, 93, 98",89,Sports betting; Sports
785,casa pariurilor biletul zilei,ro,64,80,0.30,1.37,casa pariurilor,2026-06-18 09:14:18,,100,348000,380000,2015-09-04,"Informational,Commercial,Transactional,Branded,Non-local",Romanian,"94, 68, 73, 116, 107, 99, 104, 87, 102, 119, 63, 53, 77, 53, 50, 98, 93, 83, 84, 73, 88, 105, 51, 43","65, 43, 43, 85, 80, 71, 73, 62, 75, 91, 42, 34, 55",Sports betting
786,888 live,ro,78,80,1.60,,888 casino,2026-05-24 07:28:05,Video preview,97000,97000,100000,2017-06-15,"Informational,Branded,Non-local",English,"62, 51, 46, 28, 35, 34, 33, 41, 29, 39, 30, 38, 23, 147, 148, 99, 114, 56, 75, 93, 55, 56, 39, 52",50,Online video; Casino games; Sharing
787,bilet virtual superbet,ro,38,80,0.70,,superbet,2026-06-28 13:49:07,"Sitelinks,Video preview",100,1580000,1630000,2015-10-20,"Informational,Commercial,Transactional,Branded,Non-local",Romanian,"110, 26, 27, 50, 81, 95, 104, 204, 162, 93, 107, 94, 29, 35, 30, 57, 44, 77, 165, 163, 131, 112, 46, 34",65,Sports betting
788,betnet,ro,57,80,1.70,1.01,netbet login,2026-06-10 15:43:20,,7300,1400,1500,2015-09-02,"Informational,Navigational,Commercial,Branded,Non-local",Romanian,"96, 54, 64, 48, 104, 86, 108, 57, 70, 58, 101, 147, 55, 66, 79, 53, 81, 105, 86, 80, 93, 110, 94, 94","69, 69, 74, 59, 81, 89, 88, 80, 93, 110, 94, 93, 69",Sports betting
789,casa pariurior,ro,18,80,0.60,1.15,casa pariurilor,2026-05-26 16:55:34,"Sitelinks,Local pack",90,328000,360000,2015-09-07,"Navigational,Commercial,Transactional,Branded,Local",Romanian,"40, 39, 30, 42, 21, 40, 34, 33, 47, 37, 29, 97, 41, 100, 93, 139, 98, 90, 114, 133, 80, 48, 48, 25",37,Sports betting; Sports
790,fotbal bet,ro,75,80,0.40,,total bet,2026-05-30 03:02:08,,100,55000,58000,2015-11-14,"Commercial,Transactional,Non-branded,Non-local",Romanian,"53, 243, 130, 85, 102, 55, 47, 66, 51, 45, 46, 52, 50, 47, 55, 104, 81, 80, 82, 79, 102, 120, 98, 66",95,Sports betting; Soccer
791,casapariurlor,ro,16,80,0.60,0.97,casa pariurilor,2026-05-26 06:37:32,"Sitelinks,Local pack",80,328000,360000,2015-10-21,"Informational,Navigational,Commercial,Branded,Non-local",Romanian,"61, 67, 70, 80, 85, 88, 107, 95, 88, 78, 74, 66, 61, 67, 70, 80, 85, 88, 107, 95, 88, 78, 74, 66","61, 67, 70, 80, 85, 88, 107, 95, 88, 78, 74",Sports betting
792,super pariuri superbet,ro,52,80,0.70,,super pariuri superbet,2026-06-27 08:20:38,Video preview,100,40,40,2021-03-23,"Informational,Commercial,Branded,Non-local",Romanian,"126, 90, 38, 49, 69, 43, 47, 53, 72, 80, 59, 35, 20, 35, 51, 40, 65, 123, 140, 135, 77, 126, 74, 71",91,Sports betting; Sports
793,sport888,ro,49,80,1.30,,888sport,2026-06-05 19:59:15,Sitelinks,6800,13000,13000,2015-11-21,"Informational,Navigational,Commercial,Branded,Non-local",,"130, 90, 71, 82, 86, 84, 76, 87, 66, 78, 131, 115, 103, 98, 105, 89, 62, 51, 74, 79, 68, 76, 78, 64",74,Sports betting
794,unibet.com,ro,76,80,0.08,1.16,unibet,2026-06-06 10:41:37,Sitelinks,3000,7300,149000,2015-09-01,"Informational,Navigational,Commercial,Branded,Non-local",,"158, 83, 59, 46, 46, 47, 38, 80, 59, 108, 109, 83, 84, 84, 62, 82, 40, 85, 62, 91, 83, 78, 70, 73",,Sports betting
795,download casa pariurilor apk,ro,14,80,1.40,,casa pariurilor apk,2026-06-16 09:55:25,,90,1900,2200,2016-10-09,"Transactional,Branded,Non-local",Romanian,"30, 5, 20, 17, 42, 30, 32, 33, 24, 32, 24, 22, 23, 86, 83, 75, 74, 77, 81, 93, 65, 88, 103, 81",91,Sports betting; Add-ons
796,agentia de pariuri,ro,79,80,3.00,0.97,fortuna,2026-06-25 15:14:34,Local pack,90,213000,218000,2015-09-04,"Informational,Commercial,Non-branded,Non-local",Romanian,"31, 32, 32, 30, 34, 5, 1, 3, 1, 3, 4, 1, 4, 62, 68, 66, 81, 97, 106, 117, 109, 79, 84, 92",86,Sports betting
797,meciuri maine superbet,ro,30,80,0.40,,superbet oferta,2026-06-06 04:15:31,Sitelinks,100,50000,51000,2016-04-10,"Informational,Navigational,Commercial,Branded,Non-local",Romanian,"123, 104, 82, 62, 58, 78, 99, 70, 62, 59, 65, 79, 33, 64, 81, 79, 99, 68, 127, 103, 99, 88, 90, 64",82,Sports betting; Soccer
798,meciul de fotbal,ro,58,80,0.25,0.42,meciuri azi,2026-06-16 14:55:05,"Top stories,Thumbnail",90,69000,76000,2015-09-06,"Informational,Non-branded,Non-local",Romanian,"427, 255, 126, 114, 152, 142, 60, 79, 76, 120, 70, 96, 128, 110, 74, 34, 62, 89, 58, 52, 86, 148, 68, 86",101,Sports news; Soccer
799,cele mai bune site uri de pariuri,ro,73,70,6.00,,case pariuri online,2026-06-05 04:06:54,Sitelinks,80,1900,2400,2015-11-15,"Informational,Commercial,Non-branded,Non-local",Romanian,"9, 9, 9, 22, 11, 7, 9, 20, 27, 16, 22, 33, 5, 63, 65, 63, 70, 79, 80, 68, 77, 79, 104, 85",90,Sports betting
800,superebet,ro,61,70,1.60,0.96,superbet oferta,2026-06-11 03:23:15,,300,51000,52000,2015-09-24,"Informational,Navigational,Commercial,Branded,Non-local",Romanian,"40, 46, 66, 59, 68, 53, 48, 47, 73, 75, 55, 42, 37, 46, 35, 70, 66, 70, 66, 105, 83, 75, 74, 65",72,Sports betting
801,suepr,ro,47,70,0.25,,superbet,2026-06-13 01:00:59,Sitelinks,1100,1560000,1630000,2015-09-03,"Informational,Navigational,Non-branded,Non-local",English,"55, 63, 50, 70, 68, 64, 74, 65, 66, 71, 58, 57, 60, 50, 52, 64, 77, 62, 91, 77, 69, 91, 53, 60",69,Comedy films; Sports betting; Encyclopedias; Sports
802,superbet cod,ro,56,70,1.30,,verificare bilet superbet,2026-06-16 20:06:35,Sitelinks,100,69000,70000,2015-09-19,"Informational,Navigational,Branded,Non-local",Romanian,"76, 47, 81, 89, 132, 112, 70, 68, 90, 106, 83, 100, 38, 41, 64, 57, 81, 48, 65, 119, 89, 63, 71, 73",70,Sports betting
803,superbeet,ro,62,70,3.50,0.92,super bet,2026-06-14 18:28:53,,450,89000,91000,2015-10-26,"Informational,Navigational,Commercial,Transactional,Branded,Non-local",,"58, 49, 33, 56, 48, 77, 76, 65, 76, 48, 59, 37, 39, 50, 53, 55, 68, 62, 85, 101, 90, 92, 69, 77",80,Sports betting
804,oferta casa pariurilor azi fotbal,ro,46,70,,1.16,casa pariurilor,2026-06-09 06:24:28,Sitelinks,80,332000,364000,2015-10-02,"Informational,Commercial,Transactional,Branded,Non-local",Romanian,"28, 27, 30, 35, 33, 33, 31, 32, 29, 50, 36, 32, 32, 62, 82, 108, 89, 96, 82, 53, 51, 62, 70, 42",59,Sports betting
805,pariuri sportive live online,ro,70,70,,,oferta de azi la superbet,2026-06-22 12:45:51,,150,8500,9100,2015-12-06,"Navigational,Commercial,Transactional,Non-branded,Non-local",Romanian,"48, 58, 65, 93, 78, 68, 68, 63, 63, 78, 73, 61, 66, 60, 68, 93, 81, 70, 71, 66, 65, 81, 76, 63","68, 62, 70, 96, 84, 73, 73, 68, 68, 84, 78, 65",Sports betting
806,casa pariurilor fara depunere,ro,52,70,2.50,,bonus casino,2026-06-08 12:34:34,Sitelinks,80,3400,3500,2022-01-18,"Informational,Commercial,Transactional,Branded,Non-local",Romanian,"21, 30, 59, 89, 71, 131, 256, 286, 109, 164, 189, 96, 41, 74, 26, 44, 49, 42, 94, 115, 105, 86, 62, 86",79,Sports betting
807,cote meciuri azi,ro,58,70,0.10,,casa pariurilor fotbal,2026-06-07 15:21:29,,90,1900,2100,2016-03-20,"Informational,Commercial,Non-branded,Non-local",Romanian,"141, 85, 30, 30, 31, 27, 67, 70, 35, 62, 50, 24, 11, 58, 60, 51, 61, 75, 77, 85, 75, 81, 84, 79",82,Statistics
808,casa batraneasca case ieftine de vanzare,ro,7,70,,,casa pariurilor,2026-06-01 19:21:34,"Sitelinks,Videos",90,329000,362000,2022-07-13,"Informational,Commercial,Branded,Non-local",Romanian,"125, 105, 112, 105, 121, 143, 145, 359, 243, 278, 240, 195, 102, 129, 107, 87, 65, 50, 47, 56, 63, 61, 34, 43",47,TV shows; Romance
809,888.ro login,ro,62,70,2.50,,888.ro,2026-06-28 16:43:27,,80,2200,2500,2017-09-27,"Navigational,Transactional,Branded,Non-local",English,"10, 2, 3, 0, 0, 0, 0, 0, 0, 0, 0, 5, 3, 13, 18, 16, 19, 41, 21, 51, 154, 199, 118, 148",156,Sports betting
810,888sport aplicatie,ro,49,70,,,888 ro,2026-06-05 06:53:00,Video preview,80,150,150,2018-01-14,"Informational,Commercial,Transactional,Branded,Non-local",Romanian,"3, 1, 3, 0, 2, 0, 1, 1, 0, 2, 3, 1, 1, 69, 91, 86, 65, 72, 89, 127, 86, 69, 82, 39",64,Sports betting
811,oferta zilnica superbet,ro,51,70,0.90,,super bet,2026-06-16 14:14:52,Sitelinks,90,87000,89000,2015-12-15,"Informational,Commercial,Branded,Non-local",Romanian,"35, 64, 30, 141, 94, 102, 91, 96, 94, 78, 32, 15, 28, 57, 23, 134, 87, 95, 84, 89, 87, 71, 25, 8","21, 50, 16, 128, 80, 88, 78, 83, 81, 65, 19, 2",Sports betting
812,online sport,ro,81,70,0.35,1.19,sport.ro online,2026-06-25 12:58:18,Sitelinks,3000,2300,3700,2015-09-24,"Informational,Branded,Non-local",English,"182, 162, 102, 60, 107, 86, 79, 57, 59, 74, 64, 87, 67, 127, 86, 54, 50, 83, 64, 55, 84, 67, 66, 72",70,Sports news; Sports
813,casa pariurilor promotii,ro,59,70,2.00,,bonus casino,2026-06-27 13:02:19,,90,4600,4800,2015-12-16,"Informational,Commercial,Branded,Non-local",Romanian,"28, 12, 8, 32, 26, 36, 26, 22, 16, 33, 43, 36, 5, 38, 37, 28, 49, 49, 121, 251, 79, 38, 51, 49",41,Sports betting
814,supoerbet,ro,49,70,,1.08,superbet,2026-06-14 20:09:28,Sitelinks,350,1560000,1620000,2015-09-21,"Navigational,Commercial,Transactional,Branded,Non-local",,"37, 53, 45, 67, 56, 59, 65, 66, 46, 68, 54, 55, 35, 49, 47, 55, 69, 60, 60, 73, 75, 82, 70, 145",100,Sports betting; Sports
815,ro.betano.com,ro,12,70,1.10,,betano,2026-05-28 09:22:46,Sitelinks,90,470000,475000,2016-11-01,"Navigational,Transactional,Branded,Non-local",,"55, 36, 63, 47, 19, 18, 59, 28, 56, 49, 44, 37, 43, 32, 58, 117, 70, 55, 161, 109, 105, 63, 35, 44",42,Sports betting
816,jocuri pariuri,ro,83,70,3.50,,casa pariurilor casino,2026-05-22 05:32:27,,80,40000,44000,2015-09-07,"Informational,Commercial,Transactional,Non-branded,Non-local",Romanian,"22, 28, 21, 20, 23, 19, 36, 34, 23, 29, 19, 20, 10, 82, 98, 78, 98, 120, 93, 100, 71, 79, 28, 23",44,Sports betting
817,pariurilor,ro,65,70,4.00,0.69,casa pariurilor,2026-06-11 12:14:31,"Sitelinks,Local pack",80,333000,365000,2015-10-01,"Informational,Commercial,Branded,Non-local",Romanian,"89, 82, 77, 82, 64, 71, 133, 72, 84, 103, 76, 68, 46, 57, 79, 61, 71, 72, 75, 67, 90, 77, 80, 61",73,Sports betting
818,superbeg,ro,48,70,2.50,,superbet,2026-05-22 16:03:05,"Sitelinks,Video preview",700,1610000,1760000,2015-11-15,"Informational,Navigational,Commercial,Branded,Non-local",Romanian,"53, 57, 51, 57, 60, 64, 67, 67, 65, 83, 64, 76, 52, 67, 65, 74, 65, 50, 73, 65, 72, 58, 54, 47","47, 45, 53, 27, 52, 60, 48, 50, 55, 43, 39",Sports betting
819,unibet live chat,ro,52,70,0.80,,contact unibet,2026-06-24 19:42:24,,1600,50,300,2015-11-26,"Informational,Navigational,Branded,Non-local",English,"103, 101, 111, 84, 72, 69, 93, 94, 85, 77, 62, 41, 29, 61, 57, 63, 63, 85, 114, 110, 76, 53, 45, 47",49,Sports betting
820,casa priurilor,ro,32,70,,1.05,casa pariurilor,2026-06-26 14:17:00,Sitelinks,70,347000,379000,2015-09-14,"Navigational,Commercial,Transactional,Branded,Local",Romanian,"93, 59, 61, 54, 61, 76, 81, 66, 100, 72, 52, 69, 38, 56, 37, 47, 118, 83, 69, 74, 95, 92, 60, 43",66,Sports betting
821,pariori,ro,58,70,2.50,1.37,pariuri 1x2,2026-06-20 09:06:28,,90,15000,17000,2015-09-01,"Informational,Non-branded,Non-local",Romanian,"43, 9, 37, 61, 74, 55, 63, 76, 116, 151, 125, 75, 41, 6, 35, 59, 72, 53, 62, 74, 114, 149, 123, 73","40, 5, 34, 58, 71, 52, 61, 73, 113, 148, 123, 73",Sports betting
822,bilet fotbal azi,ro,65,70,0.35,,biletul zilei fotbal,2026-06-23 13:35:24,,80,7900,9400,2019-10-01,"Informational,Commercial,Non-branded,Non-local",Romanian,"157, 102, 130, 141, 139, 165, 143, 98, 96, 82, 47, 48, 18, 28, 56, 49, 43, 49, 63, 119, 137, 89, 77, 60",76,Sports betting; Soccer
823,superbetr,ro,48,70,2.00,1.02,superbet,2026-06-15 16:50:53,Sitelinks,350,1550000,1620000,2015-10-13,"Informational,Navigational,Commercial,Transactional,Branded,Non-local",,"72, 86, 350, 63, 80, 84, 86, 88, 57, 93, 85, 99, 37, 44, 59, 54, 67, 62, 63, 84, 87, 80, 63, 75",73,Sports betting; Sports
824,casa pariurilor galati,ro,0,70,0.80,0.94,casa pariurilor,2026-05-26 17:26:46,"Local pack,Sitelinks",70,328000,360000,2015-10-27,"Informational,Branded,Local",Romanian,"52, 25, 17, 26, 30, 25, 71, 79, 64, 74, 68, 75, 25, 33, 55, 68, 55, 31, 63, 86, 51, 79, 104, 124",104,Sports betting; Business
825,superbet oferta pdf,ro,44,70,1.20,,oferta de azi la superbet,2026-06-19 22:48:08,,100,1800,1800,2015-09-15,"Informational,Commercial,Branded,Non-local",Romanian,"18, 22, 35, 42, 49, 55, 31, 41, 20, 34, 37, 112, 49, 71, 80, 80, 93, 99, 62, 64, 48, 45, 59, 60",56,Sports betting; Templates
826,ofertă casa pariurilor,ro,4,70,1.00,,casa pariurilor,2026-05-21 22:18:59,Sitelinks,80,327000,359000,2016-01-12,"Informational,Commercial,Branded,Non-local",Romanian,,,Sports betting
827,ssuperbet,ro,6,70,1.50,1,superbet,2026-06-07 13:29:05,"Sitelinks,Video preview,Bottom ads,Paid sitelinks",300,1600000,1760000,2015-10-16,"Informational,Commercial,Branded,Non-local",Romanian,"60, 51, 42, 64, 78, 62, 71, 70, 64, 57, 62, 70, 30, 58, 50, 66, 82, 76, 84, 89, 73, 78, 69, 55",68,Sports betting
828,aplicatie pariuri sportive,ro,46,70,4.50,,aplicatii pariuri sportive,2026-06-16 08:22:51,,90,100,100,2016-06-01,"Informational,Commercial,Transactional,Non-branded,Non-local",Romanian,"61, 57, 59, 66, 74, 76, 67, 71, 73, 73, 66, 62, 62, 58, 60, 67, 74, 77, 68, 72, 74, 74, 66, 63","62, 59, 60, 67, 75, 77, 69, 73, 74, 74, 67, 64, 63",Sports betting; Add-ons
829,superbet.r,ro,59,70,1.50,,superbet,2026-05-28 11:58:51,"Top ads,Sitelinks,Bottom ads",80,1610000,1760000,2015-09-01,"Navigational,Transactional,Branded,Non-local",,"65, 62, 59, 69, 59, 97, 109, 86, 65, 93, 68, 79, 49, 44, 62, 65, 65, 48, 78, 87, 82, 76, 71, 58",69,Sports betting; Sports
830,superbet],ro,42,70,0.50,1.2,superbet,2026-06-14 09:32:47,Sitelinks,200,1560000,1620000,2015-09-24,"Navigational,Transactional,Branded,Non-local",,"51, 48, 51, 57, 59, 58, 59, 71, 73, 71, 57, 63, 48, 49, 60, 62, 73, 71, 72, 68, 77, 73, 61, 63","57, 61, 66, 67, 69, 65, 68, 68, 78, 73, 61, 63, 57",Sports betting; Sports
831,casa pariurilor tenis,ro,0,70,0.60,,pariuri tenis,2026-06-07 02:03:04,Sitelinks,70,100,100,2015-09-02,"Informational,Navigational,Commercial,Transactional,Branded,Non-local",Romanian,"14, 22, 12, 17, 29, 9, 4, 36, 2, 13, 16, 25, 12, 76, 75, 60, 55, 46, 67, 84, 64, 95, 91, 84",91,Sports betting; Racquet sports
832,cota pariuri,ro,48,70,0.60,0.61,super bet,2026-06-18 10:46:10,People also ask,90,90000,92000,2015-11-10,"Informational,Commercial,Transactional,Non-branded,Non-local",Romanian,"69, 72, 64, 65, 74, 78, 74, 61, 72, 66, 59, 68, 69, 72, 64, 66, 74, 78, 74, 61, 72, 66, 59, 68","69, 72, 64, 66, 74, 78, 74, 61, 72, 66, 59, 68, 69",Sports betting; Expert content; Sports
833,creare cont casa pariurilor,ro,15,60,2.50,1.52,casa pariurilor inregistrare,2026-06-02 10:49:56,,60,150,200,2015-09-17,"Informational,Commercial,Transactional,Branded,Non-local",Romanian,"23, 27, 19, 30, 24, 31, 12, 18, 13, 25, 4, 15, 11, 35, 47, 38, 36, 50, 96, 90, 76, 48, 77, 87",71,Sports betting
834,bilet pariuri sportive,ro,68,60,0.80,1.41,pariuri 1x2,2026-06-21 20:31:22,,70,15000,17000,2015-11-22,"Informational,Commercial,Transactional,Non-branded,Non-local",Romanian,"89, 56, 29, 34, 54, 38, 36, 41, 36, 51, 28, 30, 13, 21, 29, 34, 60, 80, 50, 74, 94, 110, 100, 86",100,Sports betting
835,zuperbet,ro,48,60,1.50,,superbet,2026-06-21 17:52:31,Sitelinks,300,1570000,1670000,2016-08-28,"Informational,Navigational,Commercial,Transactional,Branded,Non-local",,"58, 57, 50, 47, 46, 58, 71, 44, 50, 43, 54, 58, 30, 44, 53, 65, 52, 27, 57, 70, 79, 65, 62, 61",63,Sports betting; Sports
836,casa pariurilot,ro,22,60,0.60,0.88,casa pariurilor,2026-05-29 22:10:28,"Sitelinks,Knowledge panel",70,329000,362000,2015-09-11,"Informational,Navigational,Commercial,Transactional,Branded,Non-local",Romanian,"80, 62, 62, 50, 60, 60, 58, 54, 63, 71, 72, 70, 43, 75, 51, 64, 65, 55, 76, 69, 43, 61, 53, 55",57,Sports betting
837,super bet.,ro,60,60,1.50,,superbet.ro,2026-06-24 03:29:07,,900,66000,75000,2015-11-28,"Informational,Navigational,Commercial,Branded,Non-local",Romanian,,,Sports betting
838,agentie pariuri,ro,82,60,4.00,,casa pariurilor,2026-06-04 11:25:04,"Local pack,Sitelinks",70,330000,362000,2015-11-20,"Informational,Commercial,Non-branded,Local",Romanian,"50, 31, 35, 35, 49, 38, 23, 36, 28, 45, 43, 32, 27, 68, 44, 59, 61, 50, 66, 68, 70, 63, 76, 59",67,Sports betting; Business
839,oferta superbet marti,ro,35,60,0.70,,superbet oferta,2026-06-18 23:52:23,Sitelinks,90,56000,58000,2015-09-23,"Informational,Commercial,Branded,Non-local",Romanian,"210, 240, 283, 208, 120, 141, 168, 194, 107, 45, 45, 39, 32, 54, 53, 102, 110, 85, 37, 54, 62, 43, 38, 40",41,Sports betting; Sports
840,betfair login,ro,52,60,1.10,,betfair sportsbook,2026-05-20 00:57:13,,55000,100,150,2015-10-20,"Navigational,Transactional,Branded,Non-local",English,"60, 45, 91, 275, 229, 55, 62, 33, 45, 55, 59, 44, 53, 90, 113, 63, 61, 41, 48, 37, 34, 70, 56, 100",76,Sports betting
841,meciuri de maine,ro,26,60,0.40,,meciuri maine,2026-06-11 12:25:53,,70,800,800,2015-09-21,"Informational,Non-branded,Non-local",Romanian,,,Soccer
842,www.casapariurilor.ro,ro,11,60,1.00,1.12,casa pariurilor,2026-06-27 22:01:55,Sitelinks,100,347000,379000,2015-09-12,"Navigational,Transactional,Branded,Non-local",,"45, 65, 59, 53, 95, 79, 100, 73, 117, 98, 107, 41, 29, 50, 44, 38, 81, 65, 86, 59, 104, 85, 94, 28","17, 38, 32, 26, 69, 53, 75, 48, 93, 74, 83, 18, 6",Sports betting; Sports
843,casa pariurilor rezultate fotbal live,ro,41,60,0.15,,flashscore,2026-05-26 11:18:41,,60,352000,448000,2016-03-31,"Informational,Branded,Non-local",Romanian,"79, 62, 8, 0, 59, 93, 70, 51, 26, 0, 0, 0, 0, 0, 0, 0, 0, 43, 109, 112, 0, 142, 179, 169",164,Sports news; Statistics
844,10 pariuri ro,ro,64,60,0.60,,10 pariuri,2026-06-05 03:43:12,Sitelinks,60,6000,6300,2017-12-07,"Informational,Non-branded,Non-local",Romanian,,,Sports betting
845,tbet.ro,ro,69,60,1.40,1.03,total bet,2026-06-16 03:14:48,Sitelinks,60,56000,60000,2015-09-14,"Navigational,Transactional,Branded,Non-local",,"6, 5, 4, 4, 29, 90, 122, 23, 122, 195, 121, 2, 1, 1, 1, 1, 23, 84, 116, 17, 116, 190, 115, 1","1, 1, 1, 1, 18, 79, 111, 12, 111, 185, 111, 1, 1",Sports betting; Sports
846,superbet oferta saptamanala pdf,ro,44,60,,,oferta de azi la superbet,2026-06-09 20:59:34,,80,1700,1700,2015-09-25,"Informational,Branded,Non-local",Romanian,"66, 72, 76, 65, 51, 56, 92, 85, 62, 59, 65, 140, 91, 113, 107, 71, 73, 59, 37, 36, 36, 40, 23, 55",41,Sports betting
847,netbet inregistrare,ro,66,60,4.50,,netbet inregistrare,2026-06-06 04:46:52,,100,150,150,2016-02-15,"Navigational,Commercial,Transactional,Branded,Non-local",Romanian,"62, 58, 64, 62, 67, 67, 70, 70, 63, 70, 69, 64, 60, 56, 62, 60, 65, 65, 68, 68, 61, 68, 67, 62","58, 54, 60, 57, 63, 63, 66, 66, 59, 66, 65, 60, 56",Sports betting
848,casa pariurilor arad,ro,0,60,1.10,,casa pariurilor,2026-06-16 03:39:29,"Local pack,Sitelinks",60,347000,379000,2015-12-09,"Branded,Local",Romanian,"64, 67, 28, 32, 40, 21, 43, 48, 34, 44, 54, 38, 26, 60, 38, 45, 29, 52, 59, 69, 66, 134, 100, 68",101,Sports betting; Business
849,casa pariurilor satu mare,ro,0,60,1.00,,casa pariurilor,2026-06-20 21:35:44,"Local pack,Sitelinks",70,347000,379000,2016-03-28,"Informational,Branded,Local",Romanian,"43, 39, 66, 33, 70, 62, 78, 57, 44, 40, 42, 61, 29, 93, 65, 40, 46, 47, 102, 69, 50, 32, 78, 93",68,Sports betting; Business
850,casa pariurilor games,ro,45,60,0.70,,casa pariurilor casino,2026-06-01 08:11:00,Sitelinks,70,39000,42000,2020-03-21,"Informational,Commercial,Branded,Non-local",Romanian,,,Gambling
851,superbet live fotbal,ro,56,60,0.30,,fotbal live,2026-05-23 08:27:46,Sitelinks,80,13000,16000,2017-09-18,"Navigational,Transactional,Branded,Non-local",Romanian,"29, 44, 28, 2, 0, 0, 0, 0, 1, 11, 40, 39, 12, 40, 48, 64, 80, 61, 91, 69, 79, 53, 34, 70",48,Sports betting; Soccer
852,www casa pariurilor ro,ro,0,60,0.60,,casa pariurilor,2026-05-26 00:16:11,Sitelinks,70,328000,360000,2016-05-27,"Navigational,Transactional,Branded,Non-local",Romanian,"41, 36, 32, 31, 33, 31, 31, 31, 28, 35, 37, 34, 39, 68, 70, 94, 71, 70, 97, 53, 37, 39, 46, 32",40,Sports betting
853,superbet eurovision,ro,39,60,,,pariuri eurovision,2026-06-09 21:39:59,,80,70,70,2017-05-13,"Informational,Commercial,Branded,Non-local",English,"4, 9, 4, 0, 0, 0, 0, 0, 0, 0, 0, 89, 0, 1, 0, 0, 0, 0, 0, 0, 0, 57, 94, 580",218,Sports betting
854,netbrt,ro,69,60,1.60,,netbet,2026-06-06 13:43:40,Sitelinks,200,177000,180000,2015-10-17,"Informational,Navigational,Commercial,Transactional,Branded,Non-local",,"58, 93, 93, 54, 52, 71, 101, 76, 52, 57, 80, 98, 51, 61, 59, 56, 89, 66, 64, 54, 54, 66, 59, 51",60,Sports betting
855,agenti casa pariurilor,ro,14,60,2.50,1.02,casa pariurilor,2026-05-25 16:50:04,Sitelinks,80,328000,361000,2015-09-02,"Informational,Commercial,Branded,Local",Romanian,"55, 68, 75, 97, 61, 77, 69, 43, 101, 64, 99, 38, 47, 58, 64, 83, 53, 66, 60, 38, 88, 56, 87, 33","41, 51, 57, 74, 47, 59, 53, 34, 79, 50, 78, 30, 37",Sports betting; Business
856,betao,ro,8,60,1.80,0.27,betano,2026-05-29 07:48:36,"Top ads,Sitelinks,Bottom ads,Paid sitelinks",535000,471000,476000,2016-11-15,"Informational,Navigational,Commercial,Branded,Non-local",,"80, 67, 67, 44, 69, 79, 89, 71, 86, 77, 83, 79, 44, 67, 38, 58, 59, 63, 84, 82, 76, 77, 56, 52",63,Sports betting; Sports
857,casa pariurilor numar de telefon,ro,5,60,0.40,,casa pariurilor contact,2026-06-16 22:22:45,Local pack,70,600,600,2016-02-22,"Informational,Branded,Local",Romanian,"32, 34, 24, 27, 50, 11, 45, 47, 33, 46, 46, 101, 53, 49, 68, 55, 58, 26, 67, 77, 51, 43, 56, 57",53,Sports betting; Business
858,superbeyt,ro,49,60,1.60,,superbet,2026-06-27 07:37:11,"Sitelinks,Local pack",250,1580000,1630000,2015-10-01,"Informational,Navigational,Commercial,Transactional,Branded,Non-local",,"84, 45, 48, 45, 48, 54, 46, 41, 43, 41, 31, 35, 30, 36, 49, 99, 78, 50, 55, 50, 61, 56, 41, 69",56,Sports betting; Sports
859,oferta superbet vineri,ro,39,60,0.50,,superbet oferta,2026-05-22 20:38:48,Sitelinks,80,43000,44000,2016-11-11,"Informational,Commercial,Branded,Non-local",Romanian,"263, 169, 175, 201, 172, 249, 187, 178, 141, 63, 37, 53, 34, 88, 66, 66, 70, 63, 57, 62, 57, 73, 68, 55",59,Sports betting; Sports
860,casa pariurilor.o,ro,36,60,1.60,,casa pariurilor,2026-05-29 18:43:48,"Sitelinks,Local pack",60,329000,362000,2022-12-06,"Informational,Navigational,Commercial,Branded,Non-local",Romanian,,,Sports betting
861,casaparourilor,ro,18,60,,,casa pariurilor,2026-06-07 22:07:22,"Sitelinks,Local pack",60,330000,362000,2016-03-09,"Informational,Commercial,Branded,Non-local",Romanian,"47, 41, 30, 40, 31, 41, 48, 32, 38, 54, 61, 53, 30, 49, 41, 43, 94, 48, 66, 59, 51, 67, 63, 43",58,Sports betting
862,ponturi pariuri fotbal astazi,ro,57,60,0.35,,ponturi fotbal azi,2026-06-03 22:31:13,,80,3600,4800,2016-01-30,"Informational,Commercial,Non-branded,Non-local",Romanian,"41, 36, 37, 24, 55, 84, 81, 62, 13, 9, 0, 2, 0, 38, 58, 41, 55, 51, 59, 54, 79, 87, 90, 73",84,Sports betting; Soccer
863,pariuri live superbet,ro,53,60,0.45,,oferta de azi la superbet,2026-06-26 05:05:04,Sitelinks,80,8200,8900,2015-10-15,"Navigational,Transactional,Branded,Non-local",Romanian,"16, 5, 8, 24, 19, 13, 14, 10, 7, 12, 15, 10, 3, 44, 40, 30, 27, 22, 83, 103, 84, 78, 78, 88",72,Sports betting; Sports
864,tenis superbet,ro,11,60,1.70,,oferta de azi la superbet,2026-06-19 11:02:03,Sitelinks,80,2600,2600,2017-06-10,"Navigational,Transactional,Branded,Non-local",Romanian,"100, 95, 61, 42, 33, 39, 8, 72, 64, 53, 72, 89, 120, 113, 105, 41, 55, 11, 33, 44, 36, 43, 40, 80","93, 87, 82, 60, 56, 42, 21, 79, 63, 72, 59, 83, 93",Sports betting; Racquet sports
865,brtano,ro,3,60,1.60,,betano,2026-06-03 06:07:44,"Sitelinks,Video preview",5300,471000,476000,2016-05-23,"Informational,Navigational,Commercial,Branded,Non-local",Romanian,"98, 66, 82, 88, 77, 84, 99, 99, 87, 83, 81, 89, 72, 71, 55, 67, 51, 58, 74, 62, 72, 55, 53, 52","58, 39, 33, 43, 72, 66, 52, 51, 61, 44, 43, 41, 48",Sports betting; Sports
866,meciurile de azi superbet,ro,43,60,,,superbet oferta,2026-06-08 05:15:29,Sitelinks,80,50000,51000,2019-02-14,"Informational,Navigational,Commercial,Transactional,Branded,Non-local",Romanian,"0, 2, 0, 0, 196, 289, 332, 267, 0, 0, 0, 0, 0, 3, 29, 22, 85, 70, 166, 126, 122, 67, 29, 13",34,Sports betting
867,betnao,ro,2,60,1.60,,betano,2026-06-07 04:54:38,"Sitelinks,Video preview",7300,471000,476000,2017-03-06,"Informational,Navigational,Commercial,Transactional,Branded,Non-local",,"68, 45, 50, 51, 51, 57, 56, 58, 61, 57, 56, 60, 50, 54, 35, 56, 65, 59, 70, 66, 68, 61, 57, 54","59, 56, 49, 61, 64, 67, 66, 62, 65, 58, 54, 51, 56",Sports betting; Sports
868,casapariurilo,ro,18,60,,0.89,casa pariurilor,2026-06-09 06:56:09,"Sitelinks,Local pack",60,332000,364000,2015-09-10,"Informational,Commercial,Branded,Non-local",Romanian,"47, 50, 47, 47, 56, 37, 47, 99, 38, 47, 50, 67, 43, 31, 30, 35, 38, 33, 71, 57, 51, 75, 76, 50",68,Sports betting
869,meciul de fotbal de azi,ro,58,60,0.10,,flashscore,2026-05-30 05:45:40,,60,358000,457000,2015-09-08,"Informational,Non-branded,Non-local",Romanian,"32, 25, 7, 13, 15, 15, 7, 22, 4, 7, 16, 17, 17, 26, 21, 16, 21, 19, 24, 22, 72, 169, 140, 144",152,Live sporting events; Sports news; Soccer
870,"betano,ro",ro,63,60,,,betano,2026-06-14 19:26:28,"Top ads,Sitelinks",80,469000,473000,2016-06-20,"Navigational,Branded,Non-local",Romanian,,,Sports betting
871,netbet casino online,ro,77,60,1.70,,netbet,2026-06-20 21:36:12,Sitelinks,600,147000,150000,2018-01-15,"Navigational,Transactional,Branded,Non-local",English,"79, 35, 26, 27, 27, 49, 68, 63, 28, 2, 12, 16, 23, 38, 42, 85, 38, 73, 97, 71, 61, 25, 80, 133",80,Gambling
872,beturi.ro,ro,72,60,0.30,,beturi,2026-06-06 00:46:54,Sitelinks,70,600,600,2017-12-27,"Informational,Navigational,Non-branded,Non-local",,"33, 22, 28, 19, 23, 46, 35, 30, 68, 26, 46, 53, 38, 75, 91, 82, 84, 44, 67, 60, 51, 45, 41, 62",50,Sports betting
873,uperbet,ro,48,60,2.50,0.99,superbet,2026-06-20 13:36:56,Sitelinks,450,1580000,1680000,2015-09-19,"Navigational,Commercial,Transactional,Branded,Local",,"35, 40, 23, 34, 34, 58, 41, 41, 38, 48, 36, 48, 31, 34, 49, 69, 100, 77, 86, 71, 41, 55, 134, 14","39, 91, 96, 7, 54, 17, 48, 14, 15, 17, 69, 8, 10",Sports betting; Sports
874,unibetro,ro,20,60,1.20,,unibet,2026-06-10 02:29:47,Sitelinks,100,126000,131000,2015-12-10,"Informational,Commercial,Branded,Non-local",Romanian,"5, 12, 34, 32, 18, 34, 99, 54, 25, 34, 30, 34, 50, 36, 79, 26, 122, 138, 78, 47, 46, 30, 44, 13",27,Sports betting
875,agenti pariuri,ro,68,60,4.50,,case pariuri online,2026-06-24 18:48:43,"Local pack,Sitelinks",70,1700,2000,2015-11-18,"Informational,Commercial,Non-branded,Local",Romanian,"17, 24, 24, 32, 25, 28, 29, 25, 20, 26, 24, 20, 13, 82, 94, 50, 71, 50, 53, 54, 49, 116, 63, 39",74,Sports betting; Business
876,bilete fotbal azi,ro,59,60,0.30,,biletul zilei fotbal,2026-06-13 03:15:35,,90,7400,8800,2015-10-03,"Informational,Commercial,Non-branded,Non-local",Romanian,"47, 39, 74, 54, 77, 98, 61, 62, 105, 103, 89, 53, 28, 35, 51, 55, 65, 66, 77, 81, 86, 79, 73, 70",75,Sports betting; Soccer
877,casa pariurilor verifica bilet,ro,25,60,1.10,1.23,casa pariurilor verificare bilet,2026-06-15 23:52:28,,60,12000,12000,2015-09-15,"Informational,Navigational,Transactional,Branded,Non-local",Romanian,"73, 42, 72, 54, 95, 146, 51, 91, 70, 91, 68, 29, 49, 57, 56, 43, 74, 96, 90, 59, 70, 63, 51, 44","43, 55, 77, 77, 88, 78, 90, 59, 70, 63, 51, 44, 43",Sports betting
878,auperbet,ro,60,60,0.90,1.02,club superbet,2026-06-23 06:50:56,,1100,67000,67000,2015-10-10,"Informational,Navigational,Commercial,Transactional,Branded,Non-local",,"57, 73, 57, 55, 53, 55, 72, 63, 59, 61, 62, 72, 40, 60, 62, 63, 60, 53, 51, 66, 66, 65, 61, 57","41, 37, 38, 46, 71, 51, 50, 66, 66, 65, 60, 56, 41",Sports betting; Sports
879,site-uri pariuri,ro,77,60,9.00,1.19,cele mai bune case de pariuri online,2026-06-05 14:28:48,Sitelinks,70,1600,1900,2015-09-15,"Informational,Commercial,Non-branded,Non-local",Romanian,,,Sports betting
880,casa pariurilor bucurești,ro,35,60,1.20,0.56,casa pariurilor contact,2026-06-22 13:35:36,Local pack,70,700,700,2015-09-29,"Branded,Local",Romanian,"28, 14, 29, 28, 34, 51, 31, 36, 24, 33, 50, 61, 34, 165, 84, 85, 32, 18, 53, 43, 33, 47, 44, 52",49,Sports betting; Business
881,casapariurilor ro,ro,0,60,1.20,,casa pariurilor,2026-06-26 16:41:48,Sitelinks,70,347000,379000,2015-09-09,"Navigational,Transactional,Branded,Non-local",Romanian,"45, 63, 53, 48, 44, 21, 31, 30, 103, 35, 28, 29, 27, 47, 49, 30, 30, 62, 203, 60, 55, 58, 50, 53",55,Sports betting; Sports
882,sueprbet,ro,48,60,2.50,0.94,superbet,2026-05-22 11:00:58,"Sitelinks,Video preview",400,1610000,1760000,2015-09-26,"Informational,Navigational,Commercial,Transactional,Branded,Non-local",,"42, 32, 36, 37, 39, 69, 53, 44, 51, 68, 56, 46, 45, 51, 51, 59, 49, 48, 54, 66, 60, 67, 57, 54",63,Sports betting; Sports
883,www.netbet.ro,ro,47,60,0.35,0.9,netbet,2026-05-26 01:15:30,Sitelinks,70,13000,14000,2015-09-14,"Informational,Navigational,Commercial,Branded,Non-local",,,,Sports betting
884,inregistrare casa pariurilor,ro,39,50,1.60,,creare cont casa pariurilor,2026-05-22 22:28:53,,50,150,200,2015-12-12,"Informational,Transactional,Branded,Non-local",Romanian,"28, 26, 20, 59, 15, 27, 30, 22, 20, 25, 14, 13, 13, 34, 31, 24, 29, 32, 61, 110, 94, 39, 62, 57",53,Sports betting
885,cea mai buna aplicatie de pariuri sportive,ro,1,50,4.00,,cea mai buna aplicatie de pariuri sportive,2026-06-19 22:44:50,Sitelinks,100,40,40,2016-04-02,"Informational,Commercial,Non-branded,Non-local",Romanian,,,Sports betting
886,fotbal meci,ro,61,50,,,flashscore,2026-05-28 20:37:25,"Top stories,Thumbnail",50,358000,455000,2015-09-07,"Informational,Non-branded,Non-local",Romanian,"152, 120, 52, 62, 69, 47, 31, 49, 36, 75, 57, 88, 69, 46, 37, 38, 41, 51, 36, 47, 32, 51, 59, 32",41,Sports news; Soccer
887,logare casa pariurilor,ro,1,50,2.50,,casa pariurilor,2026-05-28 04:01:30,Sitelinks,50,328000,360000,2015-09-30,"Navigational,Branded,Non-local",Romanian,"136, 94, 101, 133, 121, 72, 46, 55, 73, 74, 77, 69, 31, 25, 40, 51, 58, 50, 42, 45, 50, 47, 42, 46","47, 44, 41, 43, 42, 42, 49, 43, 49, 45, 41, 46",Sports betting
888,xpariuri,ro,79,50,1.40,1.09,unibet.ro,2026-06-14 16:37:15,"Top stories,Thumbnail",60,14000,15000,2015-09-01,"Informational,Commercial,Transactional,Non-branded,Non-local",Romanian,"67, 38, 1, 9, 40, 50, 62, 12, 26, 54, 56, 53, 64, 72, 55, 34, 0, 45, 76, 55, 47, 55, 67, 66",64,Sports betting; Sports
889,suprebet,ro,25,50,1.50,1,superbet,2026-05-25 18:22:23,"Sitelinks,Video preview",200,1610000,1760000,2015-10-21,"Informational,Commercial,Branded,Non-local",Romanian,,,Sports betting
890,paorbet,ro,35,50,1.80,,superbet,2026-05-27 13:15:53,"Sitelinks,Video preview",50,1610000,1760000,2020-11-23,"Navigational,Transactional,Branded,Non-local",,"13, 13, 39, 33, 24, 34, 32, 42, 61, 86, 68, 66, 34, 55, 38, 26, 43, 29, 39, 72, 55, 70, 55, 43",58,Sports betting; Sports
891,unib,ro,42,50,1.60,0.35,unibet,2026-06-08 21:13:43,Sitelinks,6800,126000,131000,2015-09-10,"Informational,Commercial,Branded,Non-local",Romanian,"43, 61, 53, 54, 54, 53, 49, 65, 55, 55, 42, 60, 45, 78, 53, 51, 60, 49, 44, 39, 43, 43, 46, 44","54, 62, 60, 57, 57, 55, 38, 38, 41, 42, 45, 42, 52",Sports betting
892,pariuri sportive betano,ro,0,50,0.70,,betano,2026-05-21 17:44:48,"Sitelinks,Top stories,Thumbnail",60,472000,477000,2019-03-31,"Informational,Navigational,Commercial,Transactional,Branded,Non-local",Romanian,"18, 20, 12, 14, 12, 17, 42, 19, 19, 8, 21, 27, 39, 73, 72, 78, 42, 46, 44, 49, 37, 39, 41, 38",40,Sports betting
893,program fotbal,ro,59,50,,0.74,program digi sport 1,2026-06-23 08:47:36,"Top stories,Thumbnail",100,59000,68000,2015-09-03,"Informational,Non-branded,Non-local",Romanian,"493, 198, 64, 91, 59, 57, 22, 36, 44, 63, 46, 47, 117, 76, 58, 55, 21, 38, 31, 10, 89, 100, 26, 11",40,TV shows; Soccer
894,net bet sport,ro,68,50,1.00,,netbet.ro,2026-06-15 14:54:24,Sitelinks,450,12000,14000,2015-10-29,"Informational,Navigational,Commercial,Transactional,Branded,Non-local",Romanian,"118, 73, 94, 305, 530, 367, 350, 10, 16, 29, 18, 29, 14, 47, 26, 30, 50, 121, 47, 41, 139, 31, 27, 23",28,Sports betting; Sports
895,superbef,ro,37,50,4.00,,superbet,2026-05-20 09:58:53,"Sitelinks,Video preview",300,1610000,1740000,2015-10-26,"Informational,Branded,Non-local",Romanian,,,Sports betting
896,apk casa pariurilor,ro,37,50,1.20,,casa pariurilor apk,2026-05-27 12:07:59,,60,1700,1900,2018-12-09,"Informational,Commercial,Transactional,Branded,Non-local",Romanian,,,Sports betting
897,verificate bilet casa pariurilor,ro,38,50,0.50,,verificare bilet casa pariurilor cod scurt,2026-06-04 04:14:05,"Featured snippet,Video preview",50,500,500,2018-02-19,"Informational,Transactional,Branded,Non-local",Romanian,"13, 12, 17, 16, 24, 26, 18, 25, 40, 42, 21, 16, 17, 27, 28, 21, 33, 41, 120, 108, 59, 44, 68, 38",51,Sports betting
898,casa pariurulor,ro,26,50,0.60,0.96,casa pariurilor,2026-06-27 18:30:36,Sitelinks,50,347000,379000,2015-09-04,"Informational,Navigational,Commercial,Transactional,Branded,Local",Romanian,"61, 139, 91, 39, 28, 51, 32, 43, 13, 28, 32, 63, 22, 47, 51, 39, 68, 36, 68, 50, 41, 49, 54, 40",49,Sports betting
899,bonus de bun venit casa pariurilor,ro,46,50,3.00,,400 rotiri gratuite fara depunere,2026-06-05 10:09:23,,60,200,200,2016-04-21,"Informational,Commercial,Branded,Non-local",Romanian,"30, 22, 36, 44, 47, 55, 48, 46, 24, 44, 59, 47, 25, 53, 38, 50, 53, 41, 49, 51, 55, 43, 59, 42",49,Sports betting
900,siteuri de pariuri,ro,76,50,8.00,0.76,unibet.ro,2026-06-16 09:57:17,Sitelinks,60,14000,15000,2015-10-17,"Informational,Commercial,Transactional,Non-branded,Non-local",Romanian,"22, 27, 35, 33, 41, 47, 28, 42, 32, 39, 34, 25, 15, 46, 58, 43, 54, 74, 81, 50, 50, 33, 59, 59",51,Sports betting
901,livescore casa pariurilor,ro,42,50,0.60,,flashscore,2026-05-22 00:26:05,Sitelinks,50,335000,424000,2015-09-25,"Informational,Navigational,Branded,Non-local",Romanian,"0, 0, 0, 0, 0, 0, 9, 12, 11, 19, 17, 9, 53, 18, 44, 62, 30, 96, 57, 41, 56, 77, 44, 41",55,Sports betting; Statistics
902,casa pariurilir,ro,18,50,,1,casa pariurilor,2026-05-22 23:36:10,Sitelinks,50,328000,360000,2015-11-04,"Informational,Navigational,Commercial,Transactional,Branded,Non-local",Romanian,"56, 45, 32, 43, 42, 46, 50, 39, 37, 49, 48, 47, 41, 41, 48, 45, 30, 38, 42, 63, 46, 40, 66, 38",49,Sports betting
903,verificare cod bilet casa pariurilor,ro,40,50,,1.27,casa pariurilor verificare bilet,2026-06-26 17:50:12,,50,13000,13000,2015-09-03,"Informational,Navigational,Branded,Non-local",Romanian,,,Sports betting
904,rezultate live superbet,ro,55,50,0.45,,rezultate live,2026-06-24 06:51:46,,70,16000,20000,2015-09-22,"Informational,Navigational,Commercial,Branded,Non-local",Romanian,"50, 36, 68, 65, 47, 48, 33, 43, 24, 37, 27, 13, 3, 71, 55, 45, 34, 34, 29, 50, 49, 103, 74, 85",88,Sports betting; Statistics
905,aplicația casa pariurilor,ro,18,50,1.20,,casa pariurilor apk,2026-06-16 11:58:02,,60,1900,2200,2017-02-06,"Informational,Transactional,Branded,Non-local",Romanian,"30, 20, 35, 43, 41, 57, 78, 92, 62, 227, 142, 122, 14, 43, 51, 57, 52, 42, 54, 39, 99, 70, 86, 39",66,Sports betting; Add-ons
906,betfair sports,ro,63,50,1.20,,betfair sportsbook,2026-06-16 03:49:55,,12000,700,700,2018-05-18,"Informational,Navigational,Commercial,Transactional,Branded,Non-local",English,"38, 24, 46, 10, 26, 9, 12, 6, 10, 22, 11, 23, 7, 59, 62, 88, 39, 30, 31, 11, 47, 50, 62, 120",78,Sports betting
907,superbet pariuri sportive verificare bilet,ro,49,50,,1.19,verificare bilet superbet,2026-06-17 01:30:37,"Sitelinks,Video preview",70,69000,70000,2015-09-19,"Informational,Navigational,Branded,Non-local",Romanian,"15, 7, 17, 8, 42, 32, 30, 9, 4, 9, 10, 9, 2, 20, 22, 23, 27, 39, 99, 115, 83, 60, 56, 90",62,Sports betting
908,casa pariuriloe,ro,36,50,0.60,0.95,casa pariurilor,2026-06-02 13:42:46,"Sitelinks,Local pack",60,329000,362000,2015-10-02,"Informational,Navigational,Commercial,Branded,Local",Romanian,"88, 53, 48, 46, 47, 36, 104, 34, 38, 53, 45, 69, 47, 54, 40, 50, 61, 27, 60, 53, 55, 56, 61, 57",59,Sports betting; Sports
909,pariurix ponturi,ro,46,50,1.90,1.23,ponturi pariuri,2026-06-05 16:25:31,Sitelinks,60,13000,14000,2015-11-28,"Informational,Branded,Non-local",Romanian,,,Sports betting
910,casa pariurilor descarcare,ro,31,50,2.50,,casa pariurilor apk,2026-06-08 08:53:59,,70,1800,2100,2016-11-12,"Commercial,Transactional,Branded,Non-local",Romanian,,,Sports betting
911,netbet cont,ro,63,50,2.50,,netbet login,2026-06-02 21:50:04,,60,1400,1500,2016-02-12,"Navigational,Transactional,Branded,Non-local",Romanian,,,Sports betting
912,oferta pariuri sportive superbet,ro,43,50,0.45,,super bet,2026-06-15 08:05:05,"Sitelinks,AI Overview,Thumbnail",100,89000,91000,2017-04-18,"Informational,Commercial,Transactional,Branded,Non-local",Romanian,"23, 46, 87, 54, 33, 35, 37, 45, 60, 55, 34, 34, 36, 58, 76, 41, 36, 38, 40, 49, 65, 59, 37, 37","39, 63, 82, 45, 39, 41, 43, 53, 70, 64, 40, 39, 42",Sports betting
913,oferta superbet miercuri,ro,19,50,0.80,,superbet oferta,2026-05-22 22:25:43,Sitelinks,70,43000,44000,2016-09-29,"Informational,Commercial,Transactional,Branded,Non-local",Romanian,,,Sports betting
914,rezultate fotbal superbet,ro,61,50,0.40,,rezultate live,2026-06-18 12:49:16,,80,17000,21000,2015-09-14,"Informational,Navigational,Branded,Non-local",Romanian,"48, 37, 132, 179, 102, 49, 40, 42, 33, 34, 24, 28, 17, 44, 39, 42, 28, 56, 134, 13, 54, 70, 81, 49",68,Sports betting; Statistics
915,casa pariurilor bonusuri,ro,33,50,3.00,,casa pariurilor bonus de bun venit,2026-05-21 06:07:42,Sitelinks,60,1500,1600,2015-09-10,"Informational,Commercial,Branded,Non-local",Romanian,,,Sports betting
916,suber bet,ro,31,50,,,superbet,2026-05-26 01:07:50,"Sitelinks,Video preview",200,1610000,1760000,2015-09-19,"Navigational,Transactional,Branded,Non-local",English,"63, 68, 40, 58, 56, 65, 71, 72, 43, 55, 33, 38, 34, 35, 49, 55, 54, 52, 63, 64, 72, 42, 53, 40",46,Sports betting; Sports
917,betano casa de pariuri,ro,28,50,,,betano,2026-05-29 15:19:36,Sitelinks,50,471000,476000,2018-12-22,"Informational,Navigational,Commercial,Branded,Non-local",Romanian,"0, 0, 0, 0, 1, 4, 2, 1, 4, 9, 5, 9, 3, 49, 52, 46, 44, 48, 53, 51, 47, 54, 70, 60",62,Sports betting; Sports
918,super bey,ro,35,50,1.60,,superbet,2026-06-07 19:17:16,"Sitelinks,Local pack,Video preview",350,1600000,1750000,2016-02-14,"Informational,Commercial,Branded,Non-local",Romanian,"62, 53, 41, 37, 52, 62, 65, 52, 45, 58, 48, 56, 29, 58, 36, 45, 42, 41, 59, 65, 59, 44, 41, 53",47,Sports betting
919,efbet romania,ro,57,50,2.00,1.18,efbet,2026-06-16 03:40:09,Knowledge panel,100,700,700,2017-11-05,"Informational,Commercial,Branded,Non-local",,"44, 83, 35, 38, 61, 62, 62, 36, 45, 43, 36, 48, 35, 22, 40, 30, 48, 106, 37, 58, 53, 55, 55, 49","45, 43, 47, 45, 50, 64, 53, 59, 53, 55, 55, 49, 45",Sports betting; Company news
920,mecuri,ro,64,50,0.25,,flashscore,2026-05-29 16:18:04,,900,358000,457000,2015-10-08,"Informational,Non-branded,Non-local",Romanian,"74, 60, 37, 60, 53, 73, 44, 48, 71, 77, 59, 67, 57, 42, 28, 33, 45, 50, 26, 37, 57, 71, 52, 37",54,Sports news; Statistics
921,supe bet,ro,0,50,1.60,0.78,superbet,2026-06-04 22:07:55,"Sitelinks,Video preview",250,1610000,1760000,2015-09-15,"Informational,Navigational,Commercial,Transactional,Branded,Non-local",English,"26, 39, 27, 55, 41, 35, 45, 41, 40, 35, 30, 25, 19, 40, 43, 32, 46, 35, 48, 56, 59, 58, 60, 44",55,Sports betting
922,superbet',ro,36,50,,1.23,superbet,2026-06-23 09:18:40,Sitelinks,150,1570000,1670000,2015-11-08,"Navigational,Transactional,Branded,Non-local",,"49, 54, 29, 40, 92, 68, 106, 38, 60, 74, 85, 58, 39, 32, 45, 62, 57, 46, 76, 63, 61, 67, 35, 58",54,Sports betting; Sports
923,castig pariuri sportive,ro,1,50,0.70,,impozit pariuri,2026-06-16 16:33:57,"AI Overview,Thumbnail,Sitelinks,Video preview,Image pack",50,150,150,2015-09-15,"Informational,Commercial,Non-branded,Non-local",Romanian,"76, 25, 23, 27, 18, 22, 23, 28, 16, 19, 11, 10, 18, 42, 56, 36, 50, 32, 57, 77, 48, 50, 36, 36",42,Sports betting; General reference
924,verificarea bilet casa pariurilor,ro,2,50,,,verificare bilet,2026-05-29 08:00:35,Video preview,50,2400,2400,2015-10-12,"Informational,Navigational,Branded,Non-local",Romanian,,,Sports betting
925,casa pariurilor logare cont,ro,0,50,0.80,,casa pariurilor,2026-05-27 21:36:30,Sitelinks,60,328000,360000,2016-01-18,"Navigational,Transactional,Branded,Non-local",Romanian,"1, 441, 60, 4, 3, 2, 9, 65, 38, 88, 45, 34, 26, 71, 56, 80, 81, 96, 76, 35, 21, 33, 27, 27",30,Sports betting
926,casa pariurilor rezultate fotbal,ro,47,50,0.20,1.1,flashscore,2026-06-08 09:43:54,,50,338000,438000,2015-09-02,"Informational,Commercial,Branded,Non-local",Romanian,"72, 109, 148, 189, 166, 211, 223, 143, 110, 41, 0, 0, 0, 131, 49, 0, 0, 47, 62, 79, 16, 41, 58, 52",47,Sports betting; Statistics
927,betano românia,ro,3,50,1.00,,betano,2026-05-22 19:53:23,Sitelinks,250,472000,477000,2021-05-12,"Informational,Navigational,Commercial,Branded,Non-local",Romanian,"53, 20, 30, 39, 25, 26, 42, 49, 75, 86, 68, 223, 87, 95, 102, 107, 39, 44, 28, 76, 18, 5, 9, 6",7,Sports betting; Sports
928,ponturi pariuri x,ro,57,50,1.90,,ponturi pariuri,2026-06-01 05:42:55,Sitelinks,50,15000,17000,2015-09-08,"Informational,Commercial,Non-branded,Non-local",Romanian,"46, 41, 58, 58, 66, 62, 59, 77, 60, 56, 49, 45, 24, 40, 44, 39, 62, 53, 41, 44, 58, 62, 37, 68",57,Sports betting
929,unibet casino sloturi & jocuri,ro,71,50,,,casino online romania,2026-06-10 01:33:19,Sitelinks,60,70000,76000,2022-11-13,"Informational,Navigational,Commercial,Branded,Non-local",Romanian,,,Casino games
930,casa pariurilor brasov,ro,0,50,1.70,0.83,casa pariurilor,2026-05-30 10:10:48,"Local pack,Sitelinks",60,329000,362000,2015-10-19,"Informational,Branded,Local",Romanian,"72, 59, 37, 37, 48, 50, 41, 58, 27, 66, 39, 58, 18, 39, 52, 76, 40, 38, 41, 39, 41, 91, 63, 63","59, 55, 61, 72, 74, 95, 93, 70, 72, 82, 63, 63, 59",Sports betting; Business
931,rezultate superbet fotbal,ro,58,50,0.50,,flashscore,2026-06-16 09:44:03,,70,271000,322000,2015-11-26,"Informational,Branded,Non-local",Romanian,"143, 11, 0, 0, 0, 0, 0, 0, 0, 0, 0, 0, 13, 57, 72, 78, 106, 57, 80, 57, 16, 0, 0, 0",1,Sports betting; Soccer
932,pariuri laif,ro,70,50,0.60,,betano live,2026-05-26 16:52:58,,50,7500,7800,2017-01-17,"Commercial,Transactional,Branded,Non-local",Romanian,"3, 0, 1, 4, 10, 5, 2, 0, 0, 0, 1, 4, 11, 53, 48, 50, 48, 45, 44, 52, 44, 58, 69, 59",63,Sports betting; Sports
933,superrbet,ro,50,50,1.50,1.12,superbet,2026-05-24 01:46:11,Sitelinks,200,1610000,1760000,2015-09-02,"Navigational,Transactional,Branded,Non-local",,"38, 31, 19, 40, 37, 48, 43, 62, 38, 56, 29, 45, 37, 47, 41, 39, 59, 47, 54, 64, 72, 48, 62, 48",54,Sports betting; Sports
934,superbet oferta de astazi,ro,56,50,1.00,,superbet oferta,2026-05-21 11:45:37,Sitelinks,70,45000,46000,2016-10-04,"Informational,Commercial,Branded,Non-local",Romanian,"88, 123, 148, 133, 148, 222, 322, 213, 206, 156, 108, 44, 42, 42, 42, 25, 30, 51, 85, 74, 87, 38, 33, 58",44,Sports betting
935,hattrick casa,ro,0,50,0.40,,hattrick casa,2026-06-01 18:48:59,,60,10,10,2018-04-10,"Informational,Commercial,Branded,Non-local",Romanian,"151, 144, 161, 149, 168, 135, 131, 153, 132, 154, 123, 142, 100, 80, 62, 61, 29, 34, 60, 36, 33, 32, 52, 27",38,Business finance; Investing; Sports betting; Company news; Business
936,casa pariurilor aplicație,ro,32,50,,,casa pariurilor apk,2026-05-29 08:04:17,,50,1700,1900,2017-11-16,"Informational,Navigational,Commercial,Transactional,Branded,Non-local",Romanian,,,Sports betting
937,pariurile,ro,79,50,4.00,0.71,casa pariurilor,2026-05-28 14:11:52,Bottom ads,60,328000,360000,2015-09-01,"Informational,Commercial,Transactional,Branded,Non-local",Romanian,"40, 56, 55, 76, 65, 58, 119, 87, 106, 80, 96, 73, 47, 38, 48, 74, 66, 47, 46, 46, 50, 51, 53, 39",49,Sports betting
938,netbet demo,ro,69,50,0.45,,netbet,2026-06-01 17:39:14,Sitelinks,300,177000,180000,2017-01-21,"Informational,Commercial,Branded,Non-local",English,"131, 133, 51, 113, 76, 83, 101, 106, 68, 47, 47, 59, 37, 54, 52, 51, 60, 55, 54, 68, 44, 63, 68, 46",60,Gambling
