Domain,Is spam,DR,Dofollow ref. domains,Dofollow linked domains,"Traffic ","Keywords ",Links to target,New links,Lost links,Dofollow links,First seen,Lost
goo.gl,false,97,3511227,0,99877,22437,1,1,0,1,2026-05-27 22:30:12,
t.me,false,97,1939733,548160,31322366,427589,12,10,0,12,2026-03-23 03:52:26,
pages.dev,true,93,233391,365820,16760908,89853,6,0,0,5,2024-10-11 17:49:22,
netlify.app,false,92,154268,248984,2476693,54818,3,2,0,3,2022-07-05 12:53:17,
windows.net,false,92,135626,57171,687142,154276,1,1,0,1,2026-05-10 20:11:49,
web.app,false,91,71511,938555,1087451,18652,93,93,0,93,2026-04-29 21:28:29,
telegra.ph,false,88,83800,271648,16295,3388,77,71,0,77,2023-08-22 12:04:54,
firebaseapp.com,true,88,19412,673225,1544592,4596,4,0,0,4,2025-12-15 14:21:23,
dothome.co.kr,false,86,22079,47572,39206,1011,1,0,0,0,2024-12-13 06:34:37,
rapidapi.com,false,83,19406,88858,145802,4074,3,2,0,3,2025-09-29 04:44:21,
de.tl,false,82,25286,135598,10167,3121,2,0,0,2,2023-01-30 15:27:47,
archi.fr,false,78,10008,19349,58988,2245,1,0,0,0,2024-04-18 16:20:11,
big.or.jp,false,78,12331,8279,12612,1644,2,0,0,0,2024-02-25 12:33:56,
adevarul.ro,false,77,13737,2590,702506,50885,14,0,0,0,2022-09-27 12:26:56,
nintendolife.com,false,76,21198,7935,499851,56234,2,0,1,0,2022-08-09 08:17:55,
hotnews.ro,false,76,10741,27575,666020,23218,1,0,0,1,2026-01-28 08:24:45,
stirileprotv.ro,false,75,9906,18723,1642344,49338,5,0,0,5,2021-09-10 10:04:15,
jocresponsabil.ro,false,75,1271,48,1107,29,2,2,0,2,2026-06-02 16:44:59,
es.tl,false,74,10053,138813,57989,6624,99,32,27,99,2023-02-20 01:09:11,
rankyour.website,true,74,150,998,0,0,3,3,0,0,2026-04-26 23:47:31,
factmags.com,true,74,5183,39241247,0,0,2,2,0,0,2026-05-13 01:58:25,
ziare.com,false,73,6915,24152,521003,16805,7,1,0,7,2020-06-01 10:31:13,
tvr.ro,false,73,4512,1839,63998,3227,2,0,0,2,2025-06-18 13:49:37,
pastelink.net,false,73,18889,24,3827,155,11,7,0,0,2024-11-26 08:22:23,
seoexpress.org,true,73,1345,7,0,0,2,2,2,0,2026-03-31 13:21:00,2026-04-09 17:19:42
wpswings.com,false,73,3139,16674,1233,408,2,0,0,0,2023-04-03 11:27:36,
zeroweb.kr,true,72,4658,111457,165,24,1,0,0,1,2024-10-26 03:53:05,
buybacklinks.agency,true,72,418,998,0,0,3,2,0,0,2026-03-14 16:23:28,
ufal.br,false,72,8755,7105,92458,8043,1,0,1,0,2025-08-13 08:15:11,2026-06-26 19:28:12
fogbugz.com,false,71,9957,27,2570,93,7,0,0,0,2022-01-13 14:31:38,
evz.ro,false,71,5907,16923,185808,9480,2,0,0,2,2019-03-10 20:22:03,
cancilleria.gob.ec,false,71,3973,725,30858,4205,1,0,0,0,2025-05-06 19:04:29,
siteprice.org,false,71,9171,60,17271,5078,30,15,1,0,2025-07-09 12:45:46,
voilathemes.com,true,71,636,11465,0,0,1,0,0,0,2023-03-19 08:06:27,
capital.ro,false,71,3971,13870,43194,2532,1,0,0,1,2018-12-01 19:50:48,
gandul.ro,false,71,5716,11635,215817,8725,2,0,0,2,2025-08-05 11:25:43,
kingranks.com,true,71,4927,6201717,0,0,6,2,0,6,2022-08-14 22:48:39,
realitatea.net,false,70,6038,3536,119227,1556,1,0,1,1,2025-08-22 16:18:45,2026-05-14 01:57:10
gsp.ro,false,70,6122,11553,2882458,27393,1,0,0,1,2025-09-24 00:46:51,
jurnalul.ro,false,70,5098,10618,103043,11808,5,2,0,5,2020-08-25 14:55:38,
observatornews.ro,false,70,4357,7190,94957,11385,4,0,0,4,2020-06-06 03:07:45,
developmentmi.com,true,69,1632,5035240,0,0,1,0,0,1,2025-02-26 02:06:45,
articlement.com,true,69,4005,6092005,0,0,1,0,0,1,2025-02-26 01:55:23,
protv.ro,false,69,6130,8578,561901,17149,1,0,0,1,2023-11-17 06:24:29,
demakkab.go.id,false,68,5882,390,85597,6640,1,1,0,0,2026-04-11 01:40:15,
doa.go.th,false,67,6758,5286,78909,6096,4,0,0,0,2025-08-19 07:34:34,
publish0x.com,false,67,6409,54162,1244,406,1,0,0,1,2020-06-22 07:23:18,
cotidianul.ro,false,66,3088,6963,42937,1029,2,0,0,2,2025-05-29 16:28:59,
sitelike.org,false,66,9673,22,4977,2069,2,0,0,0,2021-09-23 06:30:50,
prosport.ro,false,66,5108,7026,839180,11051,3,0,0,3,2025-07-12 12:17:38,
dcnews.ro,false,65,3444,9722,71209,1688,1,0,0,1,2025-08-18 22:08:27,
world-today-news.com,false,65,3168,32949,0,0,6,0,0,6,2026-01-01 11:49:17,
wta.ro,false,65,694,1882,19,14,2,0,0,2,2023-08-10 09:37:31,
rank-top.click,true,63,127,998,0,0,3,3,0,0,2026-05-01 20:14:15,
opoint.com,false,63,2569,2298,852,18,2,0,2,2,2023-05-21 19:30:41,2026-04-23 15:56:31
descopera.ro,false,63,3477,6658,54395,7282,1,0,0,1,2026-03-10 09:29:05,
romaniajournal.ro,false,62,2570,4731,5532,903,1,1,0,1,2026-05-20 11:12:13,
schoolism.com,false,62,747,466,15120,513,1,0,1,0,2025-05-19 10:38:38,2026-04-22 03:43:40
sport.ro,false,62,3375,4455,1219752,12818,26,0,0,26,2018-07-23 19:16:56,
click.ro,false,62,3916,1483,197063,12997,14,0,5,0,2022-06-03 10:22:18,
webscountry.com,true,61,2908,171175,0,0,1,0,1,1,2024-06-08 20:20:27,2026-06-13 13:04:39
snippet.host,true,61,6650,3,0,0,274,165,2,0,2024-11-27 06:26:55,
spotmedia.ro,false,61,3513,12017,228291,6999,2,0,0,2,2025-02-03 21:06:36,
apsoz.com,true,61,1150,1256838,0,0,1,0,0,1,2025-05-03 19:54:15,
heavenarticle.com,true,61,6992,93955,0,0,4,0,4,4,2022-09-26 18:43:38,2026-05-29 23:50:30
gabonreview.com,false,61,9769,18176,3662,425,3,3,0,3,2026-04-25 02:18:46,
newsweek.ro,false,60,3025,7103,106997,6296,1,0,0,1,2025-08-19 05:09:06,
wayranks.com,true,60,4959,7443039,0,1,1,0,0,1,2024-07-29 13:25:30,
historia.ro,false,60,3152,2939,64932,7105,3,0,0,3,2022-05-04 09:39:20,
nexioe.com,true,59,1249,4039545,0,0,1,0,0,1,2024-10-14 05:29:10,
cancan.ro,false,59,3771,3713,454678,14045,1,0,0,0,2026-03-06 14:13:15,
eselundlandspielhof.de,true,59,2154,53128,1962,48,3,2,0,3,2025-09-29 14:19:04,
unica.ro,false,59,3156,7429,219616,15155,2,1,0,2,2022-11-21 01:04:15,
talladega.edu,true,58,3719,88275,2318,293,5,0,0,5,2024-03-22 00:01:25,
ziuaconstanta.ro,false,58,2179,6072,17014,2298,1,0,0,1,2025-08-19 09:56:02,
printwhatyoulike.com,true,58,4112,170310,632,76,3,0,0,3,2023-05-21 21:06:30,
roportal.ro,false,58,1357,11835,729,335,1,0,0,1,2023-12-04 05:54:40,
dilemaveche.ro,false,57,2055,3360,3665,804,9,0,0,9,2022-05-18 22:09:08,
turnulsfatului.ro,false,57,4826,5228,24498,334,8,2,2,8,2026-03-18 23:10:10,
ebihoreanul.ro,false,57,1715,1059,57671,2816,1,0,1,1,2025-08-08 04:21:53,2026-04-20 15:16:10
abes-dn.org.br,false,57,7003,23729,1065,260,2,0,0,0,2024-01-27 22:11:34,
chidaneh.com,false,57,1972,7445,849,428,2,0,0,0,2025-08-21 06:35:20,
topacted.com,true,56,351,1221435,0,0,1,0,0,1,2024-12-31 19:28:15,
websitehubs.com,true,56,394,2044359,0,0,1,0,0,1,2025-01-01 07:13:30,
directoryoflink.com,true,56,254,1204431,0,0,1,0,0,1,2024-12-31 04:25:47,
json-stat.org,true,56,654,32985,0,0,2,0,0,2,2023-05-21 15:44:09,
sbyme.com,true,56,473,2116723,0,0,1,0,0,1,2024-12-31 06:55:32,
money.ro,false,56,2230,8789,9679,1279,1,0,0,1,2025-07-22 08:41:31,
alba24.ro,false,56,2089,2846,78899,6897,1,0,0,1,2022-06-13 00:03:48,
business24.ro,false,56,1138,7600,1490,465,2,0,0,2,2020-03-30 16:58:43,
utt.edu.tt,false,56,5234,9501,1755,593,1,0,0,1,2025-04-07 06:03:03,
npontu.com,false,55,91,59637,78,14,1,0,0,1,2025-02-28 23:29:57,
desteptarea.ro,false,55,1160,2543,26236,678,100,49,60,100,2025-01-20 17:27:24,
puterea.ro,false,55,1362,6349,10746,1238,1,0,0,1,2025-07-09 08:55:43,
feather.blog,false,55,1191,70896,32,55,2,0,0,2,2025-09-28 12:42:56,
paginademedia.ro,false,55,2007,3618,14353,1081,1,0,0,1,2024-10-02 02:15:06,
regplates.com,false,54,7361,16197,3662,646,3,3,0,3,2026-05-07 04:00:23,
uv.ro,true,54,3637,47440,449,118,1,0,0,1,2024-03-17 22:51:49,
ilogic.co.il,true,54,6580,13479,0,2,3,3,0,3,2026-05-02 04:09:53,
comunicatedepresa.ro,true,54,1441,18595,8150,1987,1,0,0,1,2023-08-12 22:20:29,
curierulnational.ro,false,54,1313,6710,7126,584,3,0,0,3,2019-12-21 21:21:22,
linkrankpro.shop,true,54,144,998,0,0,3,3,0,0,2026-05-10 01:07:40,
thearticletime.com,true,54,334,1337433,0,0,1,0,0,1,2025-01-01 07:33:09,
ziarulevenimentul.ro,false,54,1204,6955,13707,275,12,1,0,12,2024-10-23 02:24:02,
rankxlinks.shop,true,54,108,998,0,0,4,4,1,0,2026-04-21 05:33:00,
ranklinkerpro.shop,true,54,105,2,0,0,2,2,0,0,2026-05-07 00:52:22,
cugetliber.ro,false,54,1060,1360,7507,745,3,0,0,3,2025-03-11 01:30:34,
seorankflow.shop,true,54,98,2,0,0,2,2,0,0,2026-05-25 00:02:32,
starcourts.com,true,54,1391,4414137,0,5,2,0,0,2,2023-07-09 06:38:21,
buyseobacklinks.shop,true,54,96,998,0,0,3,3,0,0,2026-05-04 21:54:45,
rankrisebacklinks.shop,true,54,81,0,0,0,1,1,1,0,2026-04-23 13:39:57,2026-05-07 13:58:54
seorankify.shop,true,54,80,0,0,0,1,1,1,0,2026-04-19 03:12:02,2026-05-03 02:57:19
oradesibiu.ro,false,53,1094,3397,36117,1836,1,0,0,1,2019-09-09 03:09:19,
hattiesburgms.com,false,53,6762,36918,5892,645,1,0,0,0,2023-12-25 10:57:43,
authoritybacklinks.shop,true,53,119,998,0,0,3,3,0,0,2026-05-08 07:50:27,
lovethatmax.com,false,53,3906,7745,165,142,3,3,0,3,2026-05-04 18:32:26,
intergen.online,true,53,3103,119,0,0,132,0,124,132,2025-01-09 16:00:16,
zi-de-zi.ro,false,53,829,2621,4170,183,1,0,0,1,2025-09-18 03:24:07,
guncelprojebilgileri.com,false,53,9163,6585,11200,3582,3,3,0,3,2026-05-03 23:06:00,
stiridecluj.ro,false,53,3269,3245,173381,1436,1,0,0,1,2026-03-25 20:43:19,
backlinker.shop,true,52,590,0,0,0,3,1,0,0,2025-09-27 09:51:04,
holiday.by,false,52,9187,11078,22118,3062,3,3,0,3,2026-04-14 00:53:50,
pbnseolinks.shop,true,52,233,998,0,0,3,3,0,0,2026-05-04 11:28:45,
peaktech.nz,true,52,1828,66,0,0,1,0,0,0,2025-08-19 12:31:43,
linkrankboost.shop,true,52,137,999,0,0,3,3,0,0,2026-05-08 01:56:42,
linkseopro.shop,true,52,202,998,0,0,3,3,0,0,2026-05-07 06:04:39,
seolinkpro.shop,true,52,122,998,0,0,3,3,0,0,2026-05-04 06:28:32,
premiumseolinks.shop,true,52,124,998,0,0,3,3,0,0,2026-05-08 05:20:44,
ranklinkpro.shop,true,52,122,998,0,0,3,3,0,0,2026-05-09 13:45:40,
ranklinkx.shop,true,52,112,998,0,0,2,2,0,0,2026-05-10 12:52:38,
toplinkranker.shop,true,52,118,998,0,0,3,3,0,0,2026-05-09 14:01:43,
linkrankseo.shop,true,52,99,998,0,0,3,3,0,0,2026-06-13 19:16:09,
forumgratuit.ro,false,52,778,5942,78,41,1,1,0,0,2026-04-26 04:53:23,
tribuna.ro,false,52,1386,1241,9838,835,1,0,0,1,2025-07-15 13:48:11,
webemail24.com,true,51,233,3755,0,0,2,0,2,2,2024-09-27 13:08:13,2026-06-25 13:59:41
linkpitcherdirectory.com,true,51,440,8770007,0,0,1,0,0,1,2025-10-01 15:39:19,
wpxblog.jp,true,51,3479,60452,216,45,1,0,0,0,2024-09-27 07:58:24,
smartwaydirectory.com,true,51,359,8769729,0,0,1,0,0,1,2025-10-02 17:02:35,
socialzonedirectory.com,true,51,456,8776885,0,0,1,0,0,1,2025-09-29 04:30:42,
topupdirectory.com,true,51,463,1300293,0,0,1,0,0,1,2024-12-31 17:13:25,
virtualsdirectory.com,true,51,434,1304953,0,0,1,0,0,1,2024-12-31 02:13:08,
superbhubdirectory.com,true,51,452,8776795,0,0,1,0,0,1,2025-12-18 13:16:18,
5056dy.com,true,51,608,34953,0,0,4,4,0,0,2026-05-23 05:53:55,
webguestpostsdirectory.com,true,50,331,8768885,0,0,1,0,0,1,2025-08-23 05:31:10,
toplinksites.com,true,50,381,1237745,0,0,1,0,0,1,2024-12-31 04:40:03,
prepostlink.com,true,50,367,395637,0,0,1,0,1,1,2024-12-31 06:24:39,2026-06-15 02:03:42
bestdirectorysite.com,true,50,239,148635,0,0,1,0,1,1,2025-01-01 02:10:32,2026-06-10 22:30:13
aradon.ro,false,50,1114,2146,58943,353,1,0,0,1,2024-05-04 06:15:36,
bistriteanul.ro,false,50,766,1829,7161,187,1,1,0,1,2026-04-14 08:17:39,
sante.gov.mg,false,50,3700,16373,107,103,79,0,0,0,2025-11-29 00:45:14,
exlinko.net,true,50,1849,0,0,0,1,0,1,0,2025-02-28 02:09:02,2026-03-31 05:23:40
drparvincarter.com,true,50,804,17648,21,3,13,0,0,0,2025-09-04 18:01:34,
spynews.ro,false,50,2310,3128,58836,5560,1,0,0,1,2021-03-17 12:52:41,
noimai.com,true,50,1679,41801,0,1,2,0,0,2,2023-05-21 15:43:36,
c99.nl,true,49,5825,3770700,31105,865,32,32,0,32,2026-05-15 10:57:43,
osp.org.pl,true,49,1753,49771,1135,258,1,0,0,0,2023-11-02 19:33:15,
postsdirectory.com,true,49,304,8777017,0,0,1,0,0,1,2025-09-09 04:42:13,
rankfastdirectory.com,true,49,298,8777672,0,0,1,0,0,1,2025-10-22 15:42:53,
1directory.org,true,49,2666,150260,0,4,2,0,2,2,2023-11-03 01:03:02,2026-05-19 15:07:35
viva.ro,false,49,2258,6217,97989,6759,4,1,0,4,2019-06-02 10:22:12,
bye.fyi,false,49,818,18,3,2,2,0,0,0,2026-01-21 10:35:16,
ewin.biz,true,48,6904,77520,0,0,2,0,0,2,2023-05-21 23:57:14,
avantaje.ro,false,48,1825,5711,15394,2114,4,1,0,4,2019-06-07 16:11:27,
quero.party,true,48,443,18,0,0,1,0,0,0,2026-01-29 03:26:44,
trafficspike.shop,true,48,65,0,0,0,2,2,0,0,2026-06-15 11:50:34,
bzb.ro,false,48,1373,1431,34485,1397,1,0,0,1,2025-07-21 21:58:17,
linkpointdirectory.com,true,48,264,8770578,0,0,1,0,0,1,2025-10-08 16:46:00,
adsflourish.com,true,48,926,15926,5,1,72,0,36,0,2025-10-05 20:12:04,
ziuanews.ro,false,47,1012,1858,12016,54,1,0,0,1,2025-06-01 14:09:17,
gazetadambovitei.ro,false,47,499,2320,2976,394,4,0,0,4,2025-05-04 00:44:31,
openflightmaps.org,false,47,850,27,10,9,3,0,0,0,2025-09-19 07:10:17,
worldzonedirectory.com,true,47,358,8773863,0,1,1,0,0,1,2025-09-30 07:22:05,
sureprofitscoach.com,true,47,346,8770125,0,0,1,0,0,1,2025-10-03 22:02:25,
rasunetul.ro,false,47,519,4248,4334,321,4,0,0,4,2022-08-24 12:45:34,
expressdebanat.ro,false,46,788,2028,81,10,1,0,0,1,2025-03-24 18:49:04,
mostrankingdirectory.com,true,46,291,8773382,0,0,1,0,0,1,2025-12-16 20:23:42,
worldwebsitesdirectory.com,true,46,280,8773865,0,0,1,0,0,1,2025-12-27 22:56:54,
1004114.co.kr,true,46,2235,26878,97,14,1,0,0,1,2025-12-06 01:00:36,
botosani.ro,false,46,874,3184,21951,160,1,1,0,1,2026-06-19 01:44:36,
topviraldirectory.com,true,46,284,8771094,0,0,1,0,0,1,2025-10-03 22:17:39,
rankingwebdirectory.com,true,46,288,8770249,0,0,1,0,0,1,2025-11-20 18:57:17,
mediapostdirectory.com,true,46,343,8772758,0,0,1,0,0,1,2025-10-02 00:19:23,
besttopdirectory.com,true,46,283,8770012,0,0,1,0,0,1,2025-10-02 06:54:14,
topworlddirectory.com,true,46,293,8773962,0,0,1,0,0,1,2025-10-14 17:35:23,
websiteworlddirectory.com,true,46,294,8755483,0,0,1,0,0,1,2025-12-14 06:35:27,
biblia.ru,false,46,364,180,823,159,82,8,45,0,2022-06-24 03:15:20,
topdomaindirectory.com,true,46,289,8730422,0,0,1,0,0,1,2026-01-27 16:33:55,
cytoday.eu,true,46,2688,55581,89,8,1,0,0,1,2025-10-04 22:14:28,
zcj.ro,false,46,1079,4585,56524,436,6,2,0,6,2025-04-27 23:05:09,
addsite.ro,false,46,518,783,19,6,1,0,0,1,2023-11-24 07:55:16,
article-home.com,true,46,680,106,0,0,8,0,0,0,2024-07-08 23:34:10,
newsbucovina.ro,false,46,986,2020,5313,68,3,0,0,3,2018-10-17 08:01:43,
arsomsilp.ac.th,true,45,1345,38038,0,1,3,0,0,3,2023-05-21 15:50:36,
webservator.ro,true,45,358,549,0,0,1,0,0,1,2024-12-02 02:28:00,
ziaruldevrancea.ro,false,45,765,1226,6830,166,1,0,0,1,2025-09-05 00:08:55,
feminis.ro,false,44,7359,19113,60,21,3,3,0,3,2026-04-23 09:33:10,
sepanodp.com,true,44,2570,15470,1,2,1,0,0,0,2025-10-13 15:17:58,
craiovaforum.ro,false,44,1719,1190,2186,328,2,0,0,1,2020-01-19 17:05:47,
art-trope.com,true,44,1072,40608,0,0,2,0,0,2,2025-09-26 23:32:21,
gazetadecluj.ro,false,44,1583,5214,6635,202,2,0,0,2,2019-02-10 10:16:07,
sport-life.club,true,44,1143,9294,0,0,1,0,0,1,2025-12-25 21:41:19,
aktual24.ro,false,44,1022,3605,31533,220,1,0,0,1,2025-09-08 14:52:46,
hpguild.com,true,43,1185,36829,0,0,3,1,0,3,2025-09-30 21:07:06,
candidatis.eu,true,43,2082,44580,6,5,3,1,0,3,2025-09-27 12:53:00,
article-city.com,true,43,729,106,0,0,7,0,0,0,2024-07-11 06:49:20,
murloc.fr,true,43,1460,39569,0,0,1,0,0,1,2025-10-04 00:31:44,
cinematicdb.com,true,43,339,3237,0,0,2061,2061,0,2061,2026-06-02 14:50:53,
motor-direkt.de,true,43,1618,45763,0,0,2,1,0,2,2025-09-30 21:28:04,
rikor.com,true,43,4241,102228,620,54,72,39,28,0,2025-09-19 19:44:19,
c2h.at,false,43,193,33,1,4,2,0,0,0,2024-07-23 09:21:46,
ambiente.gob.sv,false,42,2520,3622,5529,524,1,0,0,0,2025-05-07 19:27:59,
botosaninews.ro,false,42,675,2455,16562,223,3,0,1,3,2019-01-13 22:12:31,
allsome.my,true,42,287,19878,0,4,2,0,0,0,2025-08-01 16:48:05,
botosaneanul.ro,false,42,795,2985,14665,94,6,0,0,6,2024-10-14 06:18:35,
atomizelink.icu,true,42,523,18,0,0,4,1,1,0,2026-02-02 03:59:55,
article-world.com,false,42,697,106,0,0,4,0,0,0,2024-07-22 15:04:13,
obiectivbr.ro,false,42,760,328,7823,64,1,0,0,1,2026-02-21 03:23:39,
chaboclubedobrasil.com.br,true,42,2481,2,0,0,9,0,9,0,2026-01-12 18:52:47,2026-04-30 17:39:30
nfdr.no,false,42,663,1244,202,77,2,0,0,0,2025-09-22 10:14:54,
mytex.ro,false,42,960,4616,3516,192,11,0,0,11,2022-10-14 04:08:56,
kupangkota.go.id,true,42,4350,59780,8257,670,122,0,0,0,2025-05-01 18:13:42,
egreef.kr,true,42,2361,49587,79,8,1,0,0,1,2025-09-09 23:34:37,
clickpentrufemei.ro,false,42,1863,652,50568,4407,7,0,0,0,2022-04-18 02:27:34,
otwartedrzwi.pl,false,42,3024,924,909,136,1,0,0,0,2023-07-12 05:58:30,
blogsphere.top,true,41,78,18,0,0,1,0,0,0,2026-02-25 14:42:51,
analyticshaven.top,true,41,157,18,0,0,2,1,0,0,2026-03-18 15:16:49,
bho.pl,true,41,651,6331,97,20,8,0,6,0,2025-10-01 16:32:30,
ct100.ro,false,41,471,2483,3053,257,1,0,0,1,2019-05-31 03:56:36,
auto-bild.ro,false,41,620,2159,3799,772,1,0,0,1,2025-03-31 23:48:07,
presasm.ro,false,41,766,1593,31279,212,6,1,3,6,2025-08-01 01:18:07,
heroes.app,false,41,4629,11514,7,3,10,8,0,0,2025-07-01 20:49:51,
article-sphere.com,false,41,671,106,0,0,7,0,0,0,2024-07-14 16:02:16,
byteshort.xyz,true,41,168,18,0,0,1,0,0,0,2026-02-02 01:00:40,
screenshots.wiki,true,41,134,47,0,0,2,0,0,0,2026-03-09 16:18:16,
ele.ro,false,41,776,3272,873,338,2,0,0,2,2023-03-08 02:12:07,
bucuresteni.ro,false,40,888,3222,18735,3782,4,0,0,4,2023-10-06 03:24:42,
hope2sleepguide.co.uk,false,40,7000,17476,11,5,6,6,0,6,2026-04-15 20:26:36,
wobbymedia.com,false,40,764,1078,0,3,1,0,0,0,2023-06-28 19:17:12,
mistoonline.com,true,40,274,20310,0,0,13413,470,8949,13413,2021-05-22 11:59:10,
optimizeflow.top,true,40,212,18,0,0,2,0,0,0,2026-01-24 13:55:59,
mdlpl.ro,false,40,445,980,153,105,1,0,0,1,2025-03-25 10:36:01,
binusian.org,true,40,5939,66865,1310,568,1,0,0,0,2024-02-13 13:48:46,
article-star.com,false,40,713,106,0,0,3,0,0,0,2024-07-18 20:37:19,
timponline.ro,false,40,676,2013,14697,190,1,0,0,1,2025-07-15 23:44:54,
iner.pl,false,40,506,2818,339,25,1,0,0,0,2024-01-22 15:07:00,
socialnewsdirectory.com,true,40,51,8777109,0,0,1,0,0,1,2025-09-29 06:37:50,
currencylovers.com,true,39,3920,150499,0,2,66,64,0,66,2026-02-12 02:49:29,
fotbollsthlm.se,false,39,334,499,15953,823,1,0,1,0,2026-01-29 02:48:09,2026-06-06 13:17:00
jake.eu,true,39,155,1275,0,0,2,0,0,0,2026-01-31 05:47:01,
opet.com.br,true,39,1083,21321,2701,21,15,0,0,0,2025-08-25 04:48:44,
wincept.eu,true,39,1233,39226,0,0,2,0,0,2,2023-04-01 03:46:10,
punctul.ro,false,38,572,2319,6900,350,3,0,0,3,2025-01-15 03:08:00,
funescapes.com.au,true,38,291,3938,0,0,2,0,0,0,2023-07-02 07:24:34,
ziarulargesul.ro,false,38,591,2043,12618,143,3,0,0,3,2025-02-14 15:20:46,
inlogic.ae,true,38,412,9255,238,52,1,0,0,0,2024-09-21 10:40:50,
pandurul.ro,false,38,629,1344,24483,194,6,0,0,6,2023-11-23 19:15:43,
menclub.hk,false,38,3829,3765,570,38,8,0,0,8,2018-11-22 23:48:08,
jasipa.jp,false,38,213,5707,1,5,1,0,0,0,2023-09-27 14:53:52,
top1.ro,false,38,390,661,781,110,3,0,2,3,2024-08-12 05:07:45,
mesagerulneamt.ro,false,38,555,1892,15002,184,3,0,0,3,2020-04-12 10:04:50,
eballsviet.com,true,37,6836,12573,0,0,3,3,0,3,2026-05-02 16:09:07,
jurnaluldearges.ro,false,37,560,1893,15732,346,2,0,0,2,2025-05-29 12:11:58,
39504.org,true,37,4623,67429,0,0,3,0,0,3,2025-09-30 12:29:05,
ciao.ro,false,37,1404,1706,12353,1174,1,0,0,1,2025-09-02 07:41:45,
technofizi.net,false,37,5090,939,395,23,2,0,0,0,2021-09-04 01:11:50,
sinapeyman.com,true,37,388,2088,0,0,1,1,0,0,2026-06-15 07:50:50,
maritime-professionals.com,false,37,3608,1556,428,129,1,0,0,0,2024-10-11 13:26:21,
e-oferta.ro,false,37,5387,28531,3,6,4,0,0,4,2021-09-25 16:11:14,
catchy.ro,false,36,445,3014,106,62,1,0,0,1,2022-01-11 11:25:54,
iamsport.ro,false,36,829,1760,160032,4320,3,2,0,3,2025-07-03 18:22:52,
seedtagpreview.com,true,36,477,43411,0,0,2,0,0,2,2025-05-03 07:12:47,
iasitvlife.ro,false,36,432,1560,604,205,1,0,0,1,2023-02-07 04:08:20,
niki-sho.com,true,36,820,33296,0,0,2,2,0,2,2026-04-19 11:59:14,
substackfwd.xyz,true,36,781,27454,0,0,4,3,0,4,2025-09-30 20:57:41,
timisoreni.ro,false,36,504,2727,34149,4501,1,0,0,1,2021-05-13 09:28:08,
okmagazine.ro,false,36,1545,844,23070,1192,1,0,0,0,2025-04-11 11:13:57,
nialatea.at,false,36,2130,22141,2,1,2,0,1,0,2023-12-28 14:21:33,
blogulluicatalina.com,false,36,6726,16833,25,16,3,3,0,3,2026-05-06 19:52:39,
congresonayarit.gob.mx,false,36,3055,2952,1471,242,1,0,0,0,2023-06-21 05:17:17,
beritakorupsi.co,false,36,6705,18930,412,28,3,3,0,3,2026-04-22 13:11:32,
doctorsacademy.org.uk,true,36,1087,16224,80,53,11,11,0,0,2026-03-29 02:52:25,
wipy.tv,false,35,6408,13500,55,107,3,3,0,3,2026-05-06 15:02:55,
tvmania.ro,false,35,1283,2535,166816,10260,5,1,0,5,2021-08-25 21:31:15,
editiadedimineata.ro,false,35,505,5472,1428,417,2,0,0,2,2019-06-30 21:01:53,
haus-xxl.de,true,35,2376,53294,389,313,84,0,0,0,2025-08-29 06:46:44,
solacebase.com,false,35,3857,1656,162,94,1,0,0,0,2024-09-04 14:08:51,
jurnalulolteniei.ro,false,35,358,1272,1407,129,1,0,0,1,2025-10-02 20:44:36,
kuluckadunyasi.com,false,34,6631,19307,13,11,3,3,0,3,2026-04-29 02:57:21,
boliviaimpuestos.com,false,34,100,286,9441,2074,1,0,1,0,2025-05-26 01:49:39,2026-03-31 14:38:43
scissortailrecords.com,false,34,5928,13082,11,3,6,6,0,6,2026-05-02 00:56:46,
clearthis.page,false,34,1178,3,0,0,2,1,0,0,2025-08-21 09:21:49,
capitalcomunicate.ro,false,34,143,2129,2,6,4,0,0,4,2022-11-12 19:22:36,
woow.ro,false,34,767,618,633,103,2,0,2,2,2021-10-07 15:47:56,2026-05-27 21:28:42
serendipitywines.com,false,34,902,125,1132,713,1,0,0,0,2025-10-04 21:31:08,
blackblaze.ru,true,34,5899,0,0,0,1,1,0,1,2026-04-24 05:51:34,
mesageruldecovasna.ro,false,34,343,2656,243,45,2,0,0,2,2024-06-23 17:19:50,
directoryanalytic.com,true,34,2058,38331,0,0,3,0,0,3,2023-08-31 05:23:48,
getlokal.ro,false,34,433,322,354,57,1,0,1,1,2021-06-17 18:12:05,2026-06-19 03:47:04
celestialdirectory.com,true,34,1338,73947,0,0,2,0,0,2,2025-02-02 08:45:24,
voudes.com,true,34,1139,20408,6,9,94,0,0,0,2025-08-06 18:20:28,
guruht.com,true,33,6834,14512,0,1,3,3,0,3,2026-04-30 19:32:14,
obmain.com,true,33,1309,128,0,0,1,0,1,1,2026-01-06 13:22:30,2026-04-01 22:21:22
incisivdeprahova.ro,false,33,2059,7490,2636,85,3,0,0,3,2018-05-27 09:06:50,
geobuch.de,false,33,6585,18019,18,18,3,3,0,3,2026-04-28 13:58:24,
zen-nice.org,false,33,331,1199,0,0,1,0,0,0,2025-03-14 16:19:23,
brasovultau.ro,false,33,322,1284,2,1,1,0,1,1,2025-03-04 05:35:06,2026-03-30 10:58:43
sekarpawitra.com,false,33,6999,15780,1,1,3,3,0,3,2026-05-06 07:24:38,
top21.ro,false,33,266,844,33,12,1,0,0,1,2025-02-01 01:10:21,
ziaruldevalcea.ro,false,33,442,2460,2139,61,1,0,1,1,2019-09-21 12:33:09,2026-06-18 04:31:16
advertisingtimes.fr,false,33,6387,10364,85,33,3,3,0,3,2026-05-02 15:23:05,
grafikmk.pl,true,33,2557,11393,11,11,3,0,3,0,2025-08-31 23:20:28,2026-06-09 22:21:52
capcadivi.com.vn,true,33,6459,16214,0,1,3,3,0,3,2026-05-02 04:01:37,
fortuna-opt.com.ua,true,33,7593,14003,0,2,3,3,0,3,2026-05-01 17:35:12,
news365.ro,false,33,312,826,44,15,1,0,0,1,2024-07-16 23:01:39,
ziarultop.ro,false,33,317,948,328,126,2,0,1,2,2022-01-11 19:27:20,
expresul.ro,false,33,273,425,0,7,1,0,1,1,2024-06-12 17:20:46,2026-05-25 01:24:28
imaginelife.ro,false,33,517,851,234,76,1,0,0,1,2025-02-18 20:26:09,
directmm.ro,false,33,297,1051,3176,573,1,0,0,1,2021-04-12 13:54:08,
gazetanoua.ro,false,33,432,538,2722,73,1,0,0,1,2025-09-09 00:18:27,
magazinsalajean.ro,false,33,532,2243,1458,58,3,0,0,3,2020-01-10 23:47:04,
sitescooponline.com,true,32,1127,318703,0,0,1,0,0,1,2025-12-23 13:59:35,
smart21.ro,false,32,233,638,609,172,1,0,0,1,2025-02-05 23:30:07,
zerowastemaldives.com,true,32,198,363,75,6,5,0,5,0,2025-12-28 14:52:17,2026-06-16 02:21:17
straza.com.co,true,32,2705,59315,0,0,10,3,0,0,2025-09-29 01:58:30,
coisadecearense.com.br,false,32,6584,17433,50,19,3,3,0,3,2026-04-27 21:17:22,
director-web.ro,true,32,135,35319,0,12,1,1,0,1,2026-06-04 14:44:34,
jurnalmm.ro,false,32,351,2023,666,118,3,3,0,3,2026-06-21 12:03:00,
steppermotorly.com,true,32,6292,15952,0,0,3,3,0,3,2026-04-22 00:44:37,
onlinesport.ro,true,32,535,18438,7909,417,103263,103263,64458,0,2026-06-12 15:06:45,
kostas-chatziafratis.gr,true,32,846,6,0,0,4,0,4,0,2026-02-01 13:47:43,2026-04-15 19:21:30
goldsite.ro,false,32,329,704,4,12,1,0,1,1,2024-11-03 12:47:23,2026-06-11 07:19:16
webpostdirectory.com,true,32,222,8773145,0,0,1,0,0,1,2025-09-29 19:55:13,
premiera.ro,false,32,369,252,6,14,1,0,1,1,2024-11-14 19:25:47,2026-06-12 18:58:44
informatiahr.ro,false,32,207,607,276,50,2,0,0,2,2019-08-07 15:04:16,
moneypoint.ro,false,32,248,560,38,21,1,0,1,1,2024-08-27 13:41:31,2026-06-06 11:57:32
hotstop.ro,true,32,242,460,0,0,1,0,1,1,2024-07-16 23:01:52,2026-05-31 22:49:25
marketinghubdirectoy.com,true,32,218,8777125,0,0,1,0,0,1,2025-09-30 21:48:07,
worldtopwebsite.com,true,32,228,8776724,0,0,1,0,0,1,2025-09-27 04:52:34,
siaya.go.ke,true,32,288,6828,510,43,1,0,0,0,2024-10-02 21:39:44,
thishappylifeblog.com,true,32,7336,18462,3,3,3,3,0,3,2026-04-23 12:18:55,
bietdienhotel.com.vn,false,32,226,248,65,4,3,0,3,0,2025-09-05 08:17:19,2026-04-03 09:16:54
dozadesanatate.ro,false,32,318,4127,130,72,1,0,0,1,2021-05-20 05:34:21,
goldevent.ro,false,31,226,418,44,9,1,0,0,1,2024-11-17 06:42:00,
trafic-site.ro,true,31,298,17201,0,2,2,0,0,2,2024-10-12 21:19:09,
actualmm.ro,false,31,477,3743,1395,49,1,0,0,1,2022-01-31 10:17:32,
lynk.vn,false,31,6519,18858,10,4,6,6,0,6,2026-05-03 16:03:40,
ziarulactualitatea.ro,false,31,559,107,376,43,1,0,1,1,2023-07-03 22:03:41,2026-04-19 20:45:13
one2bay.de,true,31,2497,114574,0,0,11,0,0,11,2024-10-11 18:15:14,
drustvogil-galad.si,true,31,4379,54344,0,1,3,0,0,3,2024-11-16 11:51:34,
monarchydanang.com.vn,false,31,6417,16088,119,12,3,3,0,3,2026-04-18 13:48:44,
evzcomunicate.ro,false,31,88,1785,12,9,3,0,0,3,2022-11-15 14:01:35,
mediazonedirectory.com,true,31,208,8776843,0,0,1,0,0,1,2025-12-24 05:42:21,
boliviainfoforum.org.uk,true,31,3157,4840,0,0,3,3,0,3,2026-05-02 22:13:24,
papeer.tech,true,31,760,19871,0,1,2,0,0,2,2025-12-07 23:20:28,
winmasters.ro,false,31,593,21,32133,56,2,0,0,2,2025-10-10 13:02:04,
worldsitedirectory.com,true,31,237,8777106,0,0,1,0,0,1,2025-12-25 15:52:22,
clicktobuydirectory.com,true,31,209,8777005,0,0,1,0,0,1,2025-09-26 11:31:51,
businesswebsitesdirectory.com,true,31,242,8777541,0,0,1,0,0,1,2025-10-11 11:30:57,
portalmanagement.ro,false,31,244,1781,746,176,1,0,0,1,2025-03-26 10:35:53,
webzonedirectory.com,true,31,224,8773206,0,0,1,0,0,1,2025-09-29 17:36:51,
marketingdirectoy.com,true,31,213,8777042,0,0,1,0,0,1,2025-08-30 21:10:40,
processus.edu.br,false,31,1376,6104,4837,656,6,0,6,0,2025-10-06 03:52:44,2026-04-21 08:39:56
mostrankdirectory.com,true,31,211,8777327,0,1,1,0,0,1,2025-12-08 02:16:56,
cluju.ro,false,31,410,2240,574,223,5,5,0,5,2026-04-17 19:24:57,
clicktorankdirectoy.com,true,31,218,8777393,0,0,1,0,0,1,2025-09-11 15:25:18,
riadpost.com,true,31,2475,6,0,0,3,0,3,0,2025-03-18 11:22:30,2026-04-26 06:40:13
visavis.com.ar,false,31,2048,8399,195,43,1,0,1,0,2022-05-17 01:01:23,2026-06-06 05:50:48
incomod-media.ro,false,31,227,1293,726,77,1,0,0,1,2025-07-27 08:21:17,
guestpostsdirectory.com,true,31,223,8777462,0,0,1,0,0,1,2025-08-27 17:28:46,
creativdana.in.ua,true,31,7067,13351,0,2,6,6,0,6,2026-05-02 05:10:29,
onlinegroup.no,true,31,3218,11869,0,0,1,0,0,0,2025-10-30 06:34:07,
websitedirectoy.com,true,31,209,8777114,0,0,1,0,0,1,2025-10-02 16:32:18,
mediedirectory.com,true,31,222,8777430,0,0,1,0,0,1,2025-08-23 16:37:11,
rankzonedirectory.com,true,31,212,8773206,0,0,1,0,0,1,2025-10-08 13:40:46,
yipyipyo.com,true,31,1546,70862,263,15,3,0,0,3,2024-10-25 21:57:26,
eliteshost.com,true,31,4512,57128,0,1,2,0,1,2,2025-04-06 04:19:44,
websiteslinkdirectory.com,true,30,212,8773519,0,0,1,0,0,1,2025-10-03 13:15:11,
practicar.ca,true,30,496,10912,442,46,117,0,26,0,2025-08-26 23:51:47,
institutofernandabenead.com.br,true,30,2123,66174,0,0,1,0,0,0,2025-10-11 09:27:53,
worldmarketingdirectoy.com,true,30,201,8772874,0,0,1,0,0,1,2025-10-04 03:51:10,
nettools.guru,true,30,1312,398968381,0,0,2,0,0,2,2025-12-17 19:31:31,
ancashnoticias.com,false,30,1784,10431,2028,73,10,0,8,0,2025-03-14 02:10:46,
seo-high-ranking.shop,true,30,1343,237,0,0,3,3,2,0,2026-04-20 14:28:26,
scmoatti.com,false,30,1629,1246,44,16,12,12,3,0,2026-04-12 18:27:40,
oldpcgaming.net,false,30,5251,345,410,54,3,0,0,0,2023-09-01 20:18:31,
listerhospital.com.gh,false,30,2032,13,318,15,1,0,1,0,2025-12-26 06:43:54,2026-04-28 12:14:33
betano.ro,false,30,147,34,3348,50,2,0,0,0,2019-12-18 03:52:15,
faithscienceonline.com,true,30,2731,0,0,0,1,0,1,1,2023-05-21 16:53:44,2026-04-24 02:29:59
lunyee.net,true,30,6381,14877,1,1,3,3,0,3,2026-04-23 14:19:26,
morumotto.hu,true,30,6436,16921,0,0,6,6,0,6,2026-05-02 11:55:03,
iasi4u.ro,false,30,301,4145,555,112,3,0,0,3,2019-11-26 19:04:31,
upn242.com,false,30,6286,16126,727,61,3,3,0,3,2026-05-05 09:11:43,
lacola.jp,true,30,6332,16804,0,1,3,3,0,3,2026-05-03 17:39:33,
bzc.ro,false,30,411,1733,313,42,1,0,0,1,2025-03-25 11:21:23,
mummylovesfoodball.gr,true,30,6181,13428,0,0,3,3,0,3,2026-05-02 19:21:53,
klazify.com,true,30,2484,4373394,16242,1512,1,1,0,1,2026-06-08 01:06:45,
thebacklink.shop,true,29,865,240,0,0,1,1,0,0,2026-05-05 02:23:42,
seoexpress.website,true,29,889,247,0,0,3,3,2,0,2026-04-29 11:24:17,
seoexpress.site,true,29,875,240,0,0,3,3,2,0,2026-04-30 07:47:53,
123webshop.shop,true,29,872,237,0,0,2,2,2,0,2026-04-17 16:07:13,2026-05-31 14:27:14
theseohighranking.shop,true,29,872,237,0,0,3,3,2,0,2026-04-30 11:04:16,
thetoprankingseo.shop,true,29,859,240,0,0,2,2,1,0,2026-05-05 03:23:51,
seohighranking.shop,true,29,860,237,0,0,2,2,1,0,2026-04-29 14:26:36,
highseoranking.shop,true,29,877,237,0,0,3,3,2,0,2026-04-30 07:50:56,
therankboostseo.shop,true,29,876,247,0,0,1,1,0,0,2026-05-22 06:20:55,
rankinghighseo.shop,true,29,939,237,0,0,1,1,0,0,2026-05-12 18:55:05,
theseomasterhigh.shop,true,29,860,237,0,0,3,3,2,0,2026-04-23 23:03:54,
ziaristii.com,false,29,677,2210,834,152,1,0,0,1,2025-08-20 09:27:18,
activeshop.shop,true,29,969,240,0,0,3,3,2,0,2026-04-20 13:37:49,
seoexpress.store,true,29,870,237,0,0,3,3,2,0,2026-04-26 17:07:27,
thehighseo.shop,true,29,878,237,0,0,3,3,2,0,2026-04-23 06:47:22,
therankinghighseo.shop,true,29,877,240,0,0,2,2,1,0,2026-04-20 17:54:11,
theguestposts.shop,true,29,874,237,0,0,3,3,2,0,2026-04-23 23:30:53,
kawaiishop.shop,true,29,875,237,0,0,3,3,2,0,2026-04-23 09:46:46,
lunyeespindle.com,true,29,6043,13061,0,0,3,3,0,3,2026-04-21 11:08:28,
theguestpost.shop,true,29,873,250,0,0,3,3,2,0,2026-05-06 10:09:16,
theseorankinghigh.shop,true,29,871,237,0,0,3,3,2,0,2026-04-26 05:37:33,
mysky-shop.shop,true,29,871,237,0,0,3,3,2,0,2026-04-24 18:54:59,
ekenkoshop.shop,true,29,875,240,0,0,3,3,2,0,2026-05-03 09:57:08,
seoexpress.space,true,29,865,237,0,0,2,2,1,0,2026-05-08 14:01:50,
thebacklinks.shop,true,29,869,247,0,0,2,2,0,0,2026-04-29 12:26:57,
lixil-reformshop.shop,true,29,864,237,0,0,1,1,0,0,2026-06-01 09:44:10,
shopbetreiber-blog.shop,true,29,874,241,0,0,3,3,2,0,2026-04-28 01:16:43,
glasul-hd.ro,false,29,334,766,773,66,2,0,0,2,2019-05-16 22:44:16,
seorankinghigh.shop,true,29,864,237,0,0,1,1,0,0,2026-06-06 12:07:12,
seoexpress.shop,true,29,865,248,0,0,3,3,2,0,2026-04-28 10:36:50,
rankingseohigh.shop,true,29,865,237,0,0,3,3,2,0,2026-04-19 07:30:13,
highseo.shop,true,29,920,240,0,0,3,3,2,0,2026-04-24 13:56:24,
thehighseoranking.shop,true,29,871,250,0,0,3,3,1,0,2026-04-23 12:04:23,
therankingseohigh.shop,true,29,874,237,0,0,1,1,0,0,2026-05-21 01:13:00,
simplywebshop.shop,true,29,875,237,0,0,3,3,2,0,2026-05-01 13:31:18,
rent-a-shop.shop,true,29,869,240,0,0,3,3,2,0,2026-05-04 23:24:50,
thehighrankseo.shop,true,29,865,247,0,0,3,3,2,0,2026-05-03 02:58:49,
seoagency.sale,true,29,429,0,0,0,3,1,0,0,2025-10-22 21:57:41,
shop-inframe.shop,true,29,863,237,0,0,2,2,1,0,2026-04-29 15:32:12,
kmoshops.shop,true,29,867,237,0,0,2,2,1,0,2026-04-29 11:54:26,
seoexpress.online,true,29,869,237,0,0,3,3,1,0,2026-04-24 12:32:05,
thietkecanhquan.info,false,29,6293,14785,3,2,3,3,0,3,2026-05-02 06:49:34,
bengalcraft.shop,true,29,6170,14516,0,0,3,3,0,3,2026-04-27 01:13:00,
seogeko.shop,true,29,588,0,0,0,3,3,0,0,2026-04-29 09:01:43,
invo.ro,true,29,2809,34761,0,0,1,1,0,0,2026-06-12 15:52:28,
kozai-reuse.org,true,29,2780,21643,5,6,24,0,0,0,2025-09-11 13:14:15,
tint.melbourne,true,29,257,14881,83,20,1,0,0,0,2025-06-07 05:12:37,
nicehairvietnam.net,true,29,6292,15579,0,1,3,3,0,3,2026-04-30 04:01:57,
blindsforless.com,false,29,6246,15915,0,1,9,9,0,9,2026-05-03 10:28:08,
telegrama.ro,false,29,339,1733,1064,169,2,0,1,2,2024-10-13 06:36:55,
stiri.com.ro,false,29,190,1404,59,6,1,0,0,1,2022-02-09 22:44:47,
petitcomite.net,false,29,4845,8415,13,11,3,3,0,3,2026-04-21 02:48:28,
watrbar.io,true,29,2493,24786,0,0,2,0,2,0,2025-09-07 09:31:41,2026-04-27 02:04:25
goooogla.com,true,29,1000,73868287,0,0,2,2,0,0,2026-05-15 22:00:10,
advanced-seo-firm-seoexpress.store,true,29,306,237,0,0,1,1,0,0,2026-05-19 09:31:29,
seoexpress-leading-dofollow-pros.store,true,29,280,237,0,0,1,1,0,0,2026-05-19 17:16:19,
global-digital-seoexpress-portal.store,true,29,288,240,0,0,1,1,0,0,2026-05-19 09:29:00,
expert-organic-seoexpress.store,true,29,282,240,0,0,1,1,0,0,2026-05-20 18:55:40,
verified-seoexpress-search-directory.store,true,29,277,240,0,0,1,1,0,0,2026-05-23 08:28:05,
modern-guest-post-consultants-seoexpress.store,true,29,279,237,0,0,1,1,0,0,2026-05-23 09:32:32,
advanced-search-seoexpress-pros.store,true,29,287,240,0,0,1,1,0,0,2026-05-19 10:04:52,
exclusive-traffic-experts-seoexpress.store,true,29,275,237,0,0,1,1,0,0,2026-05-20 23:10:18,
seoexpress-professional-white-hat-team.store,true,29,281,240,0,0,1,1,0,0,2026-05-21 17:51:12,
authentic-tier-1-partners-seoexpress.store,true,29,277,237,0,0,1,1,0,0,2026-05-19 11:46:32,
modern-authority-seoexpress.store,true,29,278,240,0,0,1,1,0,0,2026-05-20 23:57:12,
epic-link-baron-hub.store,true,29,276,237,0,0,1,1,0,0,2026-06-19 22:37:02,
alpha-local-seo-group-rank-forge.store,true,29,276,240,0,0,1,1,0,0,2026-06-24 12:03:56,
expert-search-seoexpress-team.store,true,29,274,240,0,0,1,1,0,0,2026-05-22 05:13:06,
first-class-seoexpress-keyword-exchange.store,true,29,273,237,0,0,1,1,0,0,2026-05-22 04:00:50,
master-digital-studio-seoexpress.store,true,29,281,240,0,0,1,1,0,0,2026-05-23 07:32:31,
authentic-seoexpress-keyword-firm.store,true,29,275,237,0,0,1,1,0,0,2026-05-20 20:24:32,
trusted-organic-seoexpress-house.store,true,29,272,240,0,0,1,1,0,0,2026-05-19 13:07:32,
seoexpress-superior-on-page-house.store,true,29,277,237,0,0,1,1,0,0,2026-05-21 23:00:18,
trusted-dofollow-team-seoexpress.store,true,29,275,240,0,0,1,1,0,0,2026-05-21 22:04:15,
exclusive-keyword-team-seoexpress.store,true,29,274,237,0,0,1,1,0,0,2026-05-22 07:58:42,
certified-seoexpress-organic-services.store,true,29,279,240,0,0,1,1,0,0,2026-05-22 09:27:17,
seoexpress-verified-website-system.store,true,29,273,237,0,0,1,1,0,0,2026-05-23 05:45:26,
prime-high-da-seoexpress.store,true,29,273,237,0,0,1,1,0,0,2026-06-01 15:28:51,
bold-outrank-hq-serp-workshop.store,true,29,273,237,0,0,1,1,0,0,2026-06-24 20:20:56,
master-seoexpress-content-consultants.store,true,29,272,237,0,0,1,1,0,0,2026-05-20 19:06:19,
professional-seoexpress-marketing-studio.store,true,29,275,240,0,0,1,1,0,0,2026-06-01 12:14:12,
modern-link-baron-marketing-portal.store,true,29,270,237,0,0,1,1,0,0,2026-06-24 02:49:23,
seoexpress-master-digital-portal.store,true,29,283,237,0,0,1,1,0,0,2026-05-31 22:03:31,
smart-marketing-seoexpress.store,true,29,278,237,0,0,1,1,0,0,2026-05-20 21:34:49,
master-seoexpress-guest-post-partners.store,true,29,275,240,0,0,1,1,0,0,2026-05-20 19:00:53,
seoexpress-pbn-experts.store,true,29,271,237,0,0,1,1,0,0,2026-05-19 20:25:30,
official-seoexpress-white-hat-team.store,true,29,277,240,0,0,1,1,0,0,2026-05-22 02:57:56,
exclusive-webpage-center-seoexpress.store,true,29,281,237,0,0,1,1,0,0,2026-05-20 22:15:06,
modern-organic-group-seoexpress.store,true,29,273,240,0,0,1,1,0,0,2026-05-21 02:42:12,
master-rank-forge-pbn-league.store,true,29,270,237,0,0,1,1,0,0,2026-06-22 18:56:45,
seoexpress-digital-system.store,true,29,271,237,0,0,1,1,0,0,2026-05-19 16:09:13,
master-off-page-seoexpress-directory.store,true,29,269,240,0,0,1,1,0,0,2026-06-12 20:23:54,
dr-90-rank-forge-department.store,true,29,273,237,0,0,1,1,0,0,2026-06-26 03:19:06,
outrank-hq-ultimate-ranking.store,true,29,263,237,0,0,1,1,0,0,2026-06-26 07:07:20,
elite-domain-seoexpress-consultants.store,true,29,284,240,0,0,1,1,0,0,2026-05-31 00:29:05,
master-seoexpress-search-agency.store,true,29,276,237,0,0,1,1,0,0,2026-05-20 23:58:05,
best-seoexpress-off-page-network.store,true,29,278,237,0,0,1,1,0,0,2026-05-21 19:40:46,
official-anchor-text-seoexpress-system.store,true,29,278,240,0,0,1,1,0,0,2026-05-22 20:55:17,
supreme-anchor-text-provider-seoexpress.store,true,29,280,237,0,0,1,1,0,0,2026-05-31 21:13:37,
advanced-saas-seo-directory-outrank-hq.store,true,29,267,237,0,0,1,1,0,0,2026-06-16 11:07:12,
forum-provider-link-baron.store,true,29,267,237,0,0,1,1,0,0,2026-06-28 11:57:42,
onion.cl,true,29,51,872,0,0,144,144,144,144,2026-04-12 15:50:10,2026-05-31 16:39:45
seoexpress-best-seo-firm.store,true,29,281,240,0,0,1,1,0,0,2026-06-01 08:48:31,
global-keyword-seoexpress.store,true,29,284,240,0,0,1,1,0,0,2026-05-31 00:48:43,
elite-high-da-center-seoexpress.store,true,29,281,237,0,0,1,1,0,0,2026-05-19 18:20:57,
ultimate-seoexpress-niche-edit-experts.store,true,29,277,240,0,0,1,1,0,0,2026-05-20 13:17:09,
trusted-off-page-pros-seoexpress.store,true,29,284,237,0,0,1,1,0,0,2026-05-21 22:48:06,
seoexpress-authority-portal.store,true,29,270,237,0,0,1,1,0,0,2026-05-21 02:41:55,
elite-outreach-seoexpress-pros.store,true,29,269,240,0,0,1,1,0,0,2026-05-23 11:32:46,
premium-tier-1-company-seoexpress.store,true,29,279,240,0,0,1,1,0,0,2026-06-08 22:10:15,
powerful-link-building-hub-seoexpress.store,true,29,270,237,0,0,1,1,0,0,2026-05-21 19:11:24,
professional-seoexpress-high-da-partners.store,true,29,283,237,0,0,1,1,0,0,2026-05-22 06:51:17,
seoexpress-modern-backlink-platform.store,true,29,278,237,0,0,1,1,0,0,2026-05-22 04:59:47,
seoexpress-off-page-solutions.store,true,29,275,237,0,0,1,1,0,0,2026-05-21 01:51:20,
instant-webpage-seoexpress-consultants.store,true,29,281,237,0,0,1,1,0,0,2026-05-30 11:09:03,
smart-seoexpress-webpage-experts.store,true,29,273,237,0,0,1,1,0,0,2026-05-21 17:54:44,
zch.ro,false,29,420,1637,1487,61,5,0,0,5,2019-01-11 00:51:36,
global-authority-seoexpress-group.store,true,29,281,237,0,0,1,1,0,0,2026-05-31 01:18:13,
seoexpress-pbn-company.store,true,29,273,237,0,0,1,1,0,0,2026-05-18 03:31:31,
trusted-seoexpress-backlink-experts.store,true,29,267,237,0,0,1,1,0,0,2026-05-21 16:25:24,
high-seoexpress-organic-team.store,true,29,267,237,0,0,1,1,0,0,2026-05-20 23:57:13,
expert-domain-seoexpress-specialists.store,true,29,276,237,0,0,1,1,0,0,2026-05-22 07:38:10,
seoexpress-best-outreach-experts.store,true,29,279,240,0,0,1,1,0,0,2026-06-06 16:51:56,
prime-white-hat-seoexpress-network.store,true,29,277,240,0,0,1,1,0,0,2026-05-15 20:21:34,
exclusive-backlink-seoexpress-firm.store,true,29,276,237,0,0,1,1,0,0,2026-05-23 16:08:44,
seoexpress-organic-partners.store,true,29,278,240,0,0,1,1,0,0,2026-05-21 04:15:12,
seoexpress-marketing-exchange.store,true,29,271,240,0,0,1,1,0,0,2026-05-21 01:59:04,
elite-authority-marketplace-seoexpress.store,true,29,272,240,0,0,1,1,0,0,2026-05-21 14:53:27,
link-baron-grand-cluster-works.store,true,29,269,237,0,0,1,1,0,0,2026-06-22 14:44:54,
advanced-link-building-group-seoexpress.store,true,29,282,240,0,0,1,1,0,0,2026-05-18 23:46:11,
global-guest-post-seoexpress-group.store,true,29,273,237,0,0,1,1,0,0,2026-05-22 12:34:52,
link-baron-pro-off-page.store,true,29,271,237,0,0,1,1,0,0,2026-06-19 21:51:49,
seoexpress-keyword-network.store,true,29,277,237,0,0,1,1,0,0,2026-05-21 15:23:55,
seoexpress-website-experts.store,true,29,277,237,0,0,1,1,0,0,2026-05-30 18:55:24,
premium-seoexpress-outreach-provider.store,true,29,275,240,0,0,1,1,0,0,2026-05-21 17:24:15,
seoexpress-white-hat-group.store,true,29,273,237,0,0,1,1,0,0,2026-06-03 10:59:29,
seoexpress-outreach-team.store,true,29,279,237,0,0,1,1,0,0,2026-05-31 21:55:38,
seoexpress-anchor-text-experts.store,true,29,278,240,0,0,1,1,0,0,2026-05-22 01:15:40,
epic-syndicate-link-baron-keyword.store,true,29,270,237,0,0,1,1,0,0,2026-06-21 10:21:04,
high-crew-link-baron-intent.store,true,29,270,237,0,0,1,1,0,0,2026-06-21 07:59:06,
seoexpress-niche-edit-group.store,true,29,273,237,0,0,1,1,0,0,2026-05-23 13:31:04,
seoexpress-ranking-hub.store,true,29,278,237,0,0,1,1,0,0,2026-05-19 02:21:47,
outrank-hq-spam-score-dynamic-firm.store,true,29,261,240,0,0,1,1,0,0,2026-06-19 00:54:25,
supreme-dofollow-seoexpress-hub.store,true,29,280,373,0,0,1,1,0,0,2026-05-20 20:31:51,
high-domain-seoexpress-center.store,true,29,269,237,0,0,1,1,0,0,2026-05-21 19:58:31,
high-outrank-hq-dofollow-platform.store,true,29,262,240,0,0,1,1,0,0,2026-06-22 11:08:20,
link-baron-syndicate-equity.store,true,29,264,237,0,0,1,1,0,0,2026-06-20 12:49:19,
verified-digital-firm-seoexpress.store,true,29,256,237,0,0,1,1,0,0,2026-05-31 06:46:46,
ctr-agency-rank-forge.store,true,29,252,237,0,0,1,1,0,0,2026-06-15 19:32:09,
epic-webpage-rank-forge-academy.store,true,29,268,237,0,0,1,1,0,0,2026-06-25 21:40:36,
optimal-website-outrank-hq.store,true,29,250,237,0,0,1,1,0,0,2026-06-22 10:04:56,
link-baron-luxury-anchor-text-partners.store,true,29,251,237,0,0,1,1,0,0,2026-06-23 13:31:01,
smart-indexer-seoexpress.store,true,28,275,240,0,0,1,1,0,0,2026-06-02 19:31:08,
premium-seoexpress-digital-solutions.store,true,28,276,237,0,0,1,1,0,0,2026-05-19 17:53:52,
seoexpress-content-experts.store,true,28,282,240,0,0,1,1,0,0,2026-06-01 16:27:47,
seoexpress-verified-high-da-consultants.store,true,28,280,237,0,0,1,1,0,0,2026-05-21 12:12:30,
exclusive-link-baron-search-syndicate.store,true,28,271,237,0,0,1,1,0,0,2026-06-18 03:53:39,
best-keyword-seoexpress-portal.store,true,28,272,240,0,0,1,1,0,0,2026-05-31 09:25:38,
official-domain-seoexpress.store,true,28,278,237,0,0,1,1,0,0,2026-05-19 18:58:58,
luxury-seoexpress-tier-1-house.store,true,28,276,240,0,0,1,1,0,0,2026-05-19 17:52:02,
advanced-keyword-group-seoexpress.store,true,28,273,240,0,0,1,1,0,0,2026-06-06 12:15:13,
golden-link-building-rank-forge.store,true,28,266,237,0,0,1,1,0,0,2026-06-22 21:02:06,
global-seo-group-seoexpress.store,true,28,276,237,0,0,1,1,0,0,2026-05-19 20:17:27,
grand-link-baron-league.store,true,28,269,237,0,0,1,1,0,0,2026-06-18 09:08:56,
outrank-hq-master-anchor-text.store,true,28,266,237,0,0,1,1,0,0,2026-06-28 10:57:53,
seoexpress-backlink-hub.store,true,28,268,240,0,0,1,1,0,0,2026-05-20 00:21:15,
brilliant-edu-link-firm-outrank-hq.store,true,28,260,240,0,0,1,1,0,0,2026-06-21 19:27:56,
advanced-ranking-seoexpress-specialists.store,true,28,293,237,0,0,1,1,0,0,2026-05-22 05:31:25,
oficialmedia.com,false,28,329,3825,11,7,2,0,0,2,2020-01-09 13:12:54,
phonline.ro,false,28,339,544,13570,679,1,0,0,1,2025-08-29 08:05:14,
on-time-staffing.com,true,28,1259,22360,0,0,6,0,5,0,2025-04-28 10:25:15,
topiqs.online,true,28,1152,101988,0,0,1,0,0,1,2023-05-21 16:07:22,
atlantic-city.net,true,28,3375,36747,0,0,35,1,3,0,2025-08-02 09:34:12,
harmangofret.com.tr,false,28,5965,13587,32,1,3,3,0,3,2026-05-05 19:56:35,
bolerodans.net,false,28,6016,11171,67,32,3,3,0,3,2026-05-03 00:12:40,
elsa.ro,false,28,214,198,1445,231,1,0,0,1,2025-03-24 21:25:54,
hlaa-la.org,true,28,62,1081,4,3,39,1,2,0,2025-09-24 08:30:55,
sportpesurse.ro,false,28,350,1080,1399,162,2,1,0,2,2025-06-03 12:09:44,
pentiumsilicon.com,true,28,326,7,0,0,95,0,95,0,2025-10-16 11:00:33,2026-04-21 00:21:42
urbeamea.ro,false,27,195,1042,118,43,5,0,0,5,2019-12-18 05:47:12,
artonsedgwick.org,true,27,185,13998,5,7,2,0,0,0,2023-06-19 16:34:32,
gazetadebistrita.ro,false,27,448,2131,2396,30,5,0,0,5,2020-05-24 13:34:00,
obiectiv.net,false,27,251,782,493,27,1,0,0,1,2024-02-29 10:50:51,
dierenmarkt.eu,true,27,1112,34663,53,1,6,0,0,0,2025-10-17 09:30:39,
digicontechnologies.com,true,27,879,2175,294,61,93,0,92,0,2025-10-03 00:14:28,
jetadoreboudoir.com,true,27,5693,11518,0,1,3,3,0,3,2026-04-22 15:29:57,
presadeazi.ro,false,27,323,1657,80,28,1,0,0,1,2025-01-19 06:32:10,
ampress.ro,false,27,445,1077,52,30,1,0,1,1,2020-01-27 21:21:40,2026-04-24 11:49:07
amzprofitsites.com,true,27,912,35795,0,0,2,2,0,0,2026-05-11 12:57:26,
suceavalive.ro,false,27,344,2376,940,89,2,1,0,2,2019-08-09 07:37:39,
techno.bg,false,27,1121,6548,27,9,33,0,31,0,2025-07-30 14:08:47,
bihorstiri.ro,false,27,229,1459,729,44,1,0,0,1,2025-02-25 10:01:46,
bitbuzz.org,true,27,2040,60116,0,0,3,3,0,0,2026-05-08 01:15:06,
isoc.rs,true,27,181,217,0,1,1,0,0,0,2023-03-20 17:34:48,
ziarulclujean.ro,false,27,359,1575,994,181,2,2,0,2,2026-05-14 17:42:33,
farovilan.com,true,27,477,6063,38,21,1,0,0,0,2023-10-01 14:28:23,
facilitconsultoria.com.br,true,27,2141,39368,6,2,18,0,0,0,2025-12-05 07:09:32,
sabaqinsure.ly,true,27,2344,45720,0,0,5,1,0,0,2025-04-20 11:28:39,
radioinfinit.ro,false,27,373,385,529,30,1,0,0,1,2025-04-30 11:45:09,
ziptet.com,true,27,1107,0,0,0,1,0,1,1,2024-10-15 06:49:03,2026-04-14 18:31:25
kwiawtstelmexw.com,true,27,110,2544,0,0,1,0,0,1,2023-03-07 08:34:16,
abydleni.cz,true,27,5569,11347,0,0,3,3,0,3,2026-05-02 07:38:47,
ilgazzettinometropolitano.it,false,27,1473,392,1884,349,1,0,0,0,2023-09-24 05:21:56,
valorsyndic.ma,true,27,2051,76293,0,0,4,0,0,0,2025-12-18 17:24:09,
msimasters.com,true,27,2227,11989,0,0,33,0,0,0,2025-07-23 23:19:49,
criteriul.ro,true,27,274,7656,0,0,6,0,0,6,2024-04-12 17:29:05,
xchronic.com,true,27,968,43022,0,0,1,0,0,0,2025-10-27 02:38:48,
stiridinsurse.ro,false,27,131,693,0,1,1,0,1,0,2026-03-25 11:54:59,2026-06-12 06:31:10
kraemer.dk,false,27,5172,8135,4,1,3,3,0,3,2026-05-01 07:26:56,
vinhome-goldenriver.com.vn,true,26,6154,11086,0,0,3,3,3,3,2026-05-02 03:56:07,2026-05-02 05:42:36
piratedirectory.org,true,26,1138,58847,0,0,4,0,2,4,2022-10-09 13:14:14,
reporterbuzoian.ro,false,26,334,871,7686,112,3,0,0,3,2019-11-26 01:54:51,
bzv.ro,false,26,711,1061,932,83,5,0,0,5,2024-10-03 06:07:56,
letspushplugin.com,true,26,2081,4995,0,0,1,0,1,0,2025-10-09 05:44:48,2026-04-19 09:20:27
bestbusniessdirectory.com,true,26,193,8770036,0,0,1,0,0,1,2025-10-09 05:20:58,
albindustrial.com,false,26,5679,11391,4,9,3,3,0,3,2026-04-21 17:45:51,
nailsbyvenzel.com,true,26,1680,12242,0,4,71,69,0,0,2025-08-04 18:02:23,
sharecovid19story.com,true,26,2316,137740,0,0,4,1,0,4,2022-06-20 07:23:48,
ziareonline24.ro,true,26,133,2996,0,0,1,0,0,1,2026-02-16 23:03:36,
businessvocal.com,true,26,403,7,0,0,1,0,0,0,2025-08-23 00:44:30,
lateroundqb.com,false,26,696,1428,2,3,1,0,1,0,2026-02-01 02:37:54,2026-06-20 06:36:33
gz-jj.com,true,26,1621,1370,0,0,1,0,1,1,2026-03-07 03:36:14,2026-05-14 03:34:33
superpont.com,false,26,197,22,1343,225,2612,1,0,7,2023-07-26 10:29:35,
amazingpuglia.com,false,26,161,569,138,125,2,1,1,0,2023-08-08 07:11:11,
realserver1.com,true,26,1850,27905,12,3,1,0,0,1,2025-09-10 03:28:49,
aanderud.net,true,26,795,50,0,0,2,0,1,0,2025-04-29 09:12:00,
csnakliyat.com,true,26,2631,6522,0,1,1,1,1,0,2026-05-21 19:15:06,2026-06-28 22:04:07
expresspress.ro,false,26,275,2740,20,10,1,0,0,1,2021-05-28 04:23:51,
qkk.hu,true,26,5420,6438,0,0,3,3,0,3,2026-05-04 00:53:14,
youtrading.com,true,26,782,43053,14,8,1,0,0,0,2023-08-21 06:27:22,
news24.ro,false,26,121,1677,37,17,1,0,0,1,2021-06-27 01:05:17,
coles-directory.com,true,26,1063,27595,11,1,132,100,0,132,2023-11-13 12:34:31,
nationalul.ro,false,26,229,6537,85,17,3,0,0,3,2019-12-24 13:39:54,
rowingact.org.au,false,26,3484,9879,8,16,1,0,0,0,2024-08-30 13:39:10,
suceavanews.ro,false,26,225,683,5,5,3,0,0,3,2019-03-16 20:23:07,
teensex.vip,true,26,526,4481,0,0,1,0,0,0,2024-09-13 02:44:14,
bestdirectory4you.com,true,26,1316,116781,0,0,1,0,0,1,2024-01-23 20:21:43,
vilagrad.com,true,25,2460,15298,0,0,85,0,83,0,2025-10-21 20:44:37,
cadranpolitic.ro,true,25,1163,21208,3,5,4,3,0,0,2026-01-15 14:04:30,
tecnovenstore.com.ve,true,25,2442,783,0,0,4,0,4,0,2025-08-22 21:26:22,2026-04-25 15:34:09
ziuadecj.ro,false,25,365,4345,0,4,3,2,0,3,2025-08-27 04:17:56,
sktaeroshutter.com,true,25,981,14438,0,0,1,1,0,0,2026-05-12 13:56:21,
newspascani.com,false,25,365,3884,3847,26,1,0,0,1,2022-06-28 19:06:00,
sportm.ro,false,25,244,1136,334,36,1,0,0,1,2024-08-07 14:16:09,
dej24.ro,false,25,188,396,525,36,1,0,0,1,2018-12-19 20:25:26,
developpement-conscience.com,true,25,4627,6030,0,1,3,3,0,3,2026-04-19 03:55:33,
opiniatransilvana.ro,false,25,148,1053,12,11,4,0,0,4,2022-01-16 02:06:21,
jurnalulnational.ro,false,25,200,2251,3818,66,1,0,0,1,2021-03-30 02:35:14,
motivonti.ro,false,25,112,876,12,4,1,0,0,1,2023-07-19 20:36:58,
sen-ev.de,false,25,127,43,442,18,1,0,1,0,2024-08-30 04:11:55,2026-04-22 00:15:44
tekniknyhet.nu,true,25,190,0,0,0,1,0,1,0,2023-09-24 02:54:26,2026-05-21 11:07:33
redesteptarea.ro,false,24,293,1298,1154,86,1,0,0,1,2020-03-29 20:12:13,
e-suceava.ro,false,24,39,871,108,24,1,0,0,1,2021-03-19 18:25:50,
herodion.co.il,false,24,159,165,5,1,1,0,0,0,2023-09-26 23:19:50,
dbonline.ro,false,24,217,818,42,14,30,20,22,30,2019-04-08 06:47:04,
masstr.net,true,24,992,44910,0,0,2,0,0,2,2024-10-27 22:47:46,
evenimentvalcean.ro,false,24,101,162,216,43,4,0,0,4,2018-08-15 08:31:45,
wwii-enlistment.com,false,24,3860,32,140,5,7,0,0,0,2025-09-11 10:28:47,
fyi.com.pl,true,24,1709,92,0,0,1,0,1,0,2025-09-22 10:10:05,2026-04-28 22:42:02
software-contable.co,true,24,4764,7829,0,0,3,3,0,3,2026-05-04 11:24:31,
diliul.ro,true,24,36,461,71,28,1,0,0,1,2025-07-02 12:12:46,
gazetadinvest.ro,false,24,183,738,558,140,1,0,0,1,2019-08-13 18:13:51,
vuink.com,false,24,212,789520,0,0,1,1,0,1,2026-06-01 10:25:39,
dejeanul.ro,false,24,409,1050,1481,109,2,2,0,2,2026-04-29 13:54:40,
q-devengine.com,true,24,755,4147,0,0,1,0,0,0,2025-02-27 03:46:50,
theloansbazaar.com,true,24,1224,1,0,0,2,0,2,0,2025-09-30 11:18:52,2026-05-13 09:53:29
lugojinfo.ro,false,24,321,543,975,26,1,0,0,1,2023-02-23 20:09:50,
bsr.ru,true,24,139,166,0,0,19,0,15,0,2025-05-05 05:24:04,
worldbusinesspromote.com,true,23,259,9223,0,0,1,0,0,0,2026-03-25 09:41:17,
nosolomerida.es,false,23,3802,8021,3,2,3,3,0,3,2026-04-13 15:07:08,
gittejakobsen.dk,true,23,4667,8216,0,0,3,3,0,3,2026-04-16 10:43:23,
sighet-online.ro,false,23,197,1393,212,4,1,0,0,1,2025-12-09 10:35:31,
buchveroeffentlichen.com,true,23,349,43,0,0,28,28,28,0,2026-04-21 12:40:45,2026-05-11 04:05:10
erakonopi.pl,true,23,1540,27805,104,82,36,6,0,0,2025-09-16 05:12:51,
intersel.com,true,23,1171,39888,75,10,82,0,48,0,2025-08-04 04:32:12,
open-ressources.fr,true,23,443,33360,15,6,1,0,0,1,2023-05-22 00:16:49,
bioquinor.com,true,23,1771,23299,0,0,1,0,0,0,2026-01-26 15:45:04,
smoothtel.com,false,23,212,237,164,1,2,0,2,0,2025-08-24 14:29:06,2026-04-06 15:39:20
prolinkseo.com,true,23,147,0,0,0,1,0,1,0,2025-03-17 22:08:21,2026-04-13 08:09:10
nihongo.edu.lk,true,23,859,34911,0,0,2,0,1,2,2026-01-06 07:02:57,
aroeats.net,true,23,1389,74198,0,0,12,11,0,0,2025-02-28 03:33:29,
assentec.com.br,true,23,1320,9511,0,0,3,0,1,0,2025-08-04 17:56:23,
otadenshi.com,true,23,935,36946,0,0,1,0,0,0,2025-02-26 11:41:16,
dorohoinews.ro,false,22,194,392,4380,78,2,1,0,2,2025-08-29 04:13:38,
klmpolimer.com,false,22,1843,15899,1,1,2,0,0,0,2025-09-05 11:26:29,
targovistenews.ro,false,22,200,630,96,12,3,0,0,3,2018-08-16 05:17:17,
bisd.rs,true,22,2029,1299,4,4,2,0,2,0,2025-10-01 22:38:44,2026-04-28 23:48:26
solazbellavistadecolchagua.cl,true,22,752,23455,3,2,3,0,0,0,2025-09-02 12:35:45,
romance-manga.com,true,22,3805,42712,1808,316,115,0,0,0,2025-11-05 00:52:53,
webbranddirectory.com,true,22,167,8754925,0,0,1,1,0,1,2026-04-24 07:35:01,
level7techgroup.com,true,22,944,30780,0,1,1,0,0,0,2025-04-22 15:24:57,
samikshaharmony.com,true,22,2143,36047,0,0,14,14,0,0,2026-05-15 21:15:38,
strechyperfekt.cz,true,22,1539,11456,0,0,29,4,26,0,2025-09-15 22:55:11,
refleqtmedia.ro,false,22,203,1395,449,69,1,0,0,1,2021-05-04 14:30:51,
group-images2.com,true,22,832,49,0,0,84,0,82,0,2025-12-20 16:36:54,
freeda.fr,true,22,364,5981,0,0,1,0,0,0,2023-05-26 17:17:04,
jumpdev.com,true,22,988,32,0,0,1,1,0,1,2026-05-05 07:55:58,
taisei-ts.co.jp,false,22,581,13,1,7,1,0,1,0,2026-01-07 01:37:09,2026-04-03 16:02:30
e-politic.ro,false,22,232,1714,0,1,1,0,0,1,2025-06-03 22:09:56,
letsfixit.co.uk,true,22,860,16672,4,5,27,2,0,0,2025-07-25 01:10:45,
argesulonline.ro,false,22,210,138,34,38,1,0,1,1,2025-07-31 18:35:53,2026-04-03 21:43:21
comunicatebusiness.ro,false,22,257,1322,0,0,1,0,0,1,2024-08-27 11:34:33,
tenisperu.com.pe,true,22,378,8146,635,46,32,0,0,0,2025-12-23 13:47:00,
wandel-mit-spirit.vision,true,21,33,16278,1,1,1,0,0,0,2024-10-09 17:50:26,
avantulliber.ro,false,21,502,1213,7701,574,1,0,0,1,2025-04-27 22:12:41,
matrixmy.com,false,21,4332,9509,13,41,1,0,0,0,2025-09-09 08:06:41,
miku-miku.net,true,21,988,54342,0,0,4,0,0,0,2025-08-31 21:38:51,
resonancelabjo.com,true,21,418,33,0,0,1,0,0,0,2025-10-07 09:25:40,
montada.com,true,21,423,64007,0,0,1,1,0,1,2026-05-23 23:24:38,
kanghanrak.net,true,21,1084,22658,0,0,10,0,0,0,2026-01-22 16:52:52,
tiohuli.com.br,true,21,1724,46728,16,2,1,1,0,0,2026-06-17 20:11:49,
germanymedicine.com,true,21,843,48003,0,0,2,0,0,0,2025-09-21 06:54:08,
sevia.biz,false,21,1795,12888,19,1,4,0,4,0,2025-08-23 09:35:12,2026-06-28 22:10:37
bet-cafe.ro,true,21,588,1037,0,1,1,0,0,0,2025-07-12 21:52:18,
ellalan.com,false,20,1113,10246,44,23,3,0,0,0,2025-10-05 13:56:28,
kofukusangyo.co.jp,true,20,40,7791,0,1,9,0,0,0,2025-08-03 17:34:26,
hormigonesjm.com,true,20,788,31282,0,0,10,4,0,0,2025-07-31 23:00:17,
ilovecluj.ro,false,20,148,736,143,50,1,0,0,1,2025-02-25 23:04:40,
pismozblizenia.pl,true,20,98,3500,10,4,1,0,0,0,2025-07-24 12:52:31,
bgeek.it,true,20,454,19221,66,17,2,0,0,0,2025-10-25 14:26:48,
evelgraph.com,true,20,306,9135,0,0,1,0,0,0,2025-04-30 13:49:12,
lekhafoods.com,true,20,376,75699,1148,452,1,0,0,1,2025-06-29 12:15:36,
casa-pariuri.ro,true,20,587,1038,0,0,3,0,3,0,2025-07-23 04:39:13,2026-06-04 16:52:56
shilohinnhotels.com,true,20,343,10446,0,0,16,0,0,0,2026-01-19 18:52:12,
storiaememorie.org,true,20,344,7788,0,0,7,7,0,0,2026-04-29 06:44:48,
salajeanul.ro,false,20,194,594,649,128,4,0,0,4,2025-01-20 16:36:01,
loveletternyc.com,true,20,4225,7558,0,0,3,3,0,3,2026-05-05 23:55:06,
ageonrealtyservices.com,true,20,1018,11382,0,0,1,1,0,0,2026-06-07 14:02:47,
databoostdirectory.com,true,20,71,8763933,0,0,1,0,0,1,2025-10-10 00:30:33,
usdirectorylist.com,true,20,74,8770879,0,0,1,0,0,1,2025-09-30 13:21:13,
andreicenusa.ro,false,20,179,1256,2,1,1,0,0,1,2022-05-27 12:49:30,
toplevelwebhost.com,true,20,1334,40431,0,0,2,0,0,0,2025-09-23 13:31:36,
paczkowscy.pl,true,20,1664,13217,0,0,6,0,0,0,2026-01-29 02:12:39,
djangoamsterdam.com,true,19,293,22943,0,0,8,0,0,0,2025-08-29 11:53:55,
rankvanceseo.info,true,19,706,18429770,0,0,2,0,2,2,2025-08-29 07:24:42,2026-06-04 23:45:18
kyiv-online.net,true,19,829,11,0,0,1,0,1,0,2025-07-31 22:54:00,2026-04-13 17:14:26
trendy-innovation.com,true,19,3892,40485,920,64,6,0,0,0,2023-05-16 20:38:22,
artify.fr,true,19,170,9855,0,3,1,0,0,0,2024-07-24 13:31:52,
liebehotelyaounde.com,true,19,1663,252,0,0,1,0,1,0,2025-05-06 22:00:48,2026-04-02 23:20:14
nhdtlogs.com,true,19,124,8322,0,1,2,2,0,0,2026-06-11 11:47:53,
aradeni.ro,false,19,210,866,2637,547,1,0,0,1,2024-02-04 20:28:25,
newsstatix.com,true,19,1887,8073,0,0,2,0,0,0,2026-01-04 15:45:32,
vinniebatten.com,true,19,503,18961,0,0,2,2,0,0,2026-05-30 11:57:31,
danceplanet.se,true,19,1057,6744,0,0,7,0,7,7,2024-10-24 23:52:38,2026-05-22 03:49:27
kompster.com,false,19,721,5483,563,37,5,0,3,0,2025-12-22 22:28:19,
makatais.com,true,19,1013,462,0,0,1,0,1,0,2025-09-07 11:03:54,2026-04-28 01:22:21
acebet.ro,true,19,586,0,0,0,1,0,1,0,2025-08-17 21:39:32,2026-05-20 10:01:38
zona-pariurilor.ro,true,19,586,0,0,0,1,0,1,0,2025-08-08 15:38:16,2026-05-28 20:44:11
top-cote.ro,true,19,586,0,0,0,1,0,1,0,2025-07-11 07:54:07,2026-05-26 00:50:46
builtindia.in,true,19,153,9349,252,22,1,0,0,0,2023-09-11 12:43:10,
sportbetnews.ro,true,19,585,1036,0,0,1,0,1,0,2025-07-31 22:20:59,2026-06-02 11:39:37
bet888.ro,true,19,585,1041,0,0,1,0,1,0,2025-07-15 12:59:18,2026-06-05 14:23:11
live-betting.ro,true,19,585,1032,0,0,1,0,1,0,2025-08-08 19:12:02,2026-05-14 07:50:08
sterling-store.co,true,19,858,13575,0,2,12,0,0,0,2025-08-04 17:57:13,
ziartopdearges.com,false,19,127,395,4764,66,1,0,0,1,2024-06-12 10:02:04,
vmmedical.gr,true,19,1421,26290,1,7,1,0,0,0,2025-11-19 02:29:39,
cdnews.ro,false,19,1489,763,1,9,1,1,0,1,2026-05-29 20:59:18,
mendenarena.de,true,19,1132,84599,18,2,131,128,0,0,2025-04-04 08:26:16,
redsnowcollective.ca,true,18,460,32496,0,0,12,0,1,0,2023-06-02 18:37:38,
npcnewstv.com,false,18,2965,2711,6,10,1,0,0,0,2023-08-07 21:04:14,
sportsin.ro,false,18,119,282,0,1,3,0,0,3,2021-04-06 11:56:13,
newnanotech.uk,true,18,1085,25103,0,0,2,0,0,0,2025-05-04 11:48:28,
awakenedmillionaireacademy.com,true,18,700,454,0,0,2,0,2,0,2025-09-22 17:03:00,2026-06-01 10:45:35
seikensha.net,true,18,306,5359,0,0,1,0,0,0,2025-08-29 14:15:03,
carbossonline.com,true,18,1484,31694,0,0,20,20,0,0,2026-05-21 20:30:34,
newsarad.ro,false,18,101,1075,4,3,1,0,0,1,2020-10-27 21:15:03,
uptozion.org,true,18,639,3379,0,0,1,0,1,0,2025-07-31 22:53:40,2026-04-29 20:15:39
oflazsirketlergrubu.com,false,18,3756,6670,4,7,3,3,0,3,2026-05-03 07:54:16,
camerabinhan.com,true,18,907,15669,0,0,4,0,0,0,2025-07-30 05:41:55,
theinsightnewsonline.com,true,18,3813,1973,0,1,1,0,1,0,2024-03-30 16:50:21,2026-06-17 20:26:54
qualitypoint.com.do,false,18,796,2556,19,10,4,0,4,0,2025-10-22 20:52:07,2026-05-30 03:49:38
das-sielhaus.de,true,18,436,7,0,0,2,0,2,0,2025-09-13 03:25:45,2026-05-01 21:14:21
ziaredelaalaz.ro,true,18,235,694,0,5,1,0,0,1,2024-10-23 14:41:26,
guestpostwebdirectory.com,true,18,205,8777430,0,0,1,0,0,1,2025-12-14 17:41:10,
monbaba.fr,true,18,1193,45770,0,0,9,0,0,0,2025-08-04 23:54:54,
heartsofoaksc.com,false,18,1301,3731,1760,33,2,0,2,0,2025-03-13 21:28:41,2026-04-27 18:46:45
webdirectoryzone.com,true,17,217,0,0,0,1,0,1,1,2025-08-07 09:22:22,2026-04-10 17:19:33
eclujeanul.ro,false,17,232,2798,104,45,1,0,0,1,2019-11-26 04:33:20,
getwebsiteworth.com,true,17,358,399189273,0,0,6,2,1,6,2026-01-02 14:29:10,
worldwide-studies.com,false,17,1060,4191,83,51,198,0,0,0,2026-01-15 17:58:35,
charbucks.com,true,17,575,26153,0,0,8,7,0,0,2025-09-03 03:07:55,
anantva.com,true,17,525,55383,2192,48,42,3,9,0,2025-08-01 20:57:01,
raptuscreativi.com,false,17,136,31,0,2,1,1,0,0,2026-05-25 07:00:49,
empower.ro,false,17,161,939,0,3,2,0,0,2,2023-07-02 00:51:30,
eliotzigmundjazz.com,true,17,976,33316,0,0,20,11,0,0,2025-12-30 21:06:20,
pietrocarlopellegrini.it,true,17,410,10297,58,1,1,0,0,0,2025-07-13 21:11:05,
germanyapteka.com,true,17,818,83387,0,0,3,0,0,0,2025-09-07 08:15:04,
prospirebpo.com,true,17,967,2375,0,0,4,1,4,0,2025-08-25 09:34:29,2026-05-15 05:57:32
arges-sport.ro,false,17,91,26,625,30,1,0,1,1,2024-11-15 13:48:59,2026-04-16 04:50:32
elarranque.org,true,17,998,20849,0,0,2,0,0,0,2025-09-09 11:29:16,
inari.site,true,17,246,1216,0,0,2,0,2,0,2025-09-22 10:04:13,2026-04-29 13:35:54
directorycloudhub.com,true,17,125,8777180,0,0,1,0,0,1,2025-11-10 21:41:57,
foodshelterclothinglearn.co.uk,true,17,1031,35979,0,0,4,4,0,0,2026-05-05 00:23:47,
chateauturcaud.com,false,17,697,14,115,25,1,0,0,0,2022-08-10 22:12:57,
hwnerds.com,true,17,924,45881,0,0,2,2,0,0,2026-05-27 22:49:07,
gimnasiodelnorte.edu.co,false,17,1942,917,715,51,1,0,0,0,2023-05-20 11:34:56,
korealol.com,true,17,569,65735,0,0,15,10,0,15,2024-11-11 10:39:09,
g5engineerings.com,true,17,1007,20139,0,0,10,5,0,0,2025-09-05 05:28:56,
rbrserien.se,true,17,2105,27614,0,0,1,0,0,1,2025-02-03 00:45:16,
teal-server.com,true,17,649,70895,1,1,3,0,0,0,2025-04-22 16:04:21,
epako.ao,true,16,1256,55293,0,0,260,1,0,0,2025-11-29 20:57:01,
jataya.net,true,16,1039,91666,0,2,21,2,11,21,2025-05-15 08:16:14,
bridgesintech.com,true,16,589,13903,0,0,1,0,1,0,2025-08-04 17:57:42,2026-04-24 00:27:26
ready.pro,true,16,96,18,0,0,7,7,1,0,2026-05-08 18:38:13,
denary.pl,true,16,383,5289,2,5,2,0,0,0,2025-10-05 09:43:36,
detale.ca,false,16,1386,57,0,0,29,0,29,0,2025-09-10 07:33:25,2026-04-30 15:53:00
roselanemarketing.com,true,16,486,12968,0,0,1,0,0,0,2024-09-24 18:05:29,
shandeeland.com,true,16,796,35,6,7,1,0,1,0,2024-07-16 02:44:06,2026-04-29 16:51:03
extranews.ro,false,16,208,1137,7,8,1,0,0,1,2026-03-16 17:45:36,
oceanofgames.pk,true,16,1534,11216,0,4,1,0,0,0,2025-10-25 17:30:35,
hgtactical.net,true,16,800,55374,0,0,3,0,0,0,2025-04-28 11:44:52,
suitsandsuitsblog.com,true,16,1348,26754,0,3,8,0,0,0,2022-06-29 23:57:45,
bcet-consulting.com,true,16,1391,15501,0,0,18,0,0,0,2025-10-20 21:50:17,
askmen.ro,false,16,170,450,408,25,1,0,0,1,2023-06-12 09:05:44,
dirbear.com,false,16,1619,18,0,0,1,1,0,0,2026-05-02 08:00:29,
cook72.com,true,16,1312,11262,2,8,54,0,0,0,2025-07-31 22:54:03,
augustapha.org,true,16,326,48533,2072,211,4,0,0,0,2025-09-22 07:29:37,
rbexcellentairportservicesinc.ca,true,16,776,40804,0,0,21,13,0,0,2026-01-09 23:05:28,
plenita.ro,true,16,840,17192,2,4,2,0,0,0,2026-01-20 02:56:23,
orcosildigital.com.br,true,16,1086,27741,0,0,5,4,2,0,2026-03-20 09:23:38,
giurgiupesurse.ro,false,16,620,303,3182,206,2,0,0,2,2019-12-24 14:11:58,
xtrem.ro,false,16,136,203,23,5,1,0,0,1,2021-03-15 10:31:27,
petitspasqatar.com,true,16,286,15836,0,0,9,0,0,0,2025-08-24 14:57:09,
breastmates.org,true,16,46,5141,0,0,1,0,0,0,2022-06-29 10:49:54,
colourann.com,true,16,523,14098,0,0,1,1,0,0,2026-05-15 01:53:16,
pasyanthi.com,true,16,936,43539,0,0,2,0,0,0,2025-05-07 07:33:18,
voicesofleaders.com,true,15,953,6992,0,0,1,0,1,0,2023-10-07 02:28:14,2026-04-15 17:00:39
mikrobeta.com.tr,true,15,187,6617,11,23,2,0,1,0,2023-10-02 15:19:56,
lesementoring.de,true,15,1004,12,0,0,5,0,5,0,2025-07-31 00:37:46,2026-05-18 09:59:47
sglab.com,true,15,1121,2810,44,30,1,0,0,0,2025-09-25 19:09:21,
somogyim.hu,true,15,908,3317,0,0,2,0,2,0,2025-08-19 08:12:03,2026-04-21 17:48:29
pathfindertechcorp.com,true,15,1141,2045,0,0,8,8,8,0,2026-05-23 18:27:45,2026-06-22 23:56:14
clujeni.com,false,15,108,764,1800,544,1,0,0,1,2021-04-07 02:50:21,
linkboostdirectory.com,true,15,178,8773352,0,0,1,0,0,1,2025-08-27 23:01:47,
rankvanceauthority.info,true,15,690,25379330,0,0,1,0,0,1,2025-08-30 06:22:58,
hotavn.com,true,15,1779,105796,1,8,2,1,0,2,2023-11-12 23:57:08,
eseguro.mx,true,15,996,41127,0,0,12,2,1,0,2025-09-08 05:10:52,
globalrankdirectory.com,true,15,154,8772871,0,0,1,0,0,1,2025-12-13 11:26:57,
pgc-ks.com,true,15,1314,58880,6,4,143,0,2,0,2025-08-10 00:18:54,
seotrafficdirectory.com,true,15,157,8769443,0,0,1,0,0,1,2025-10-02 17:42:00,
worldseodirectory.com,true,15,162,8774501,0,0,1,0,0,1,2025-09-04 10:13:50,
fisiogymsalerno.it,true,15,567,17423,0,5,6,0,0,0,2025-09-08 23:11:55,
topla.hr,true,15,1245,21791,28,3,87,0,0,0,2025-10-18 07:34:56,
semrushdirectory.com,true,15,447,8773331,0,0,1,0,0,1,2025-09-26 12:21:56,
bnrincorporadora.com.br,true,15,1311,6532,0,4,13,13,9,0,2026-05-15 19:51:49,
gazetasportului.ro,false,15,215,135,0,0,1,0,0,1,2024-06-12 18:48:15,
searchstackdirectory.com,true,15,151,8763028,0,0,1,0,0,1,2026-01-26 10:53:02,
skdgroupofinstitutions.com,false,15,1193,14,23,5,101,0,101,0,2025-08-19 07:33:34,2026-05-24 20:25:48
lauklimited.co.uk,true,15,81,3499,276,21,3,0,0,0,2025-07-25 19:07:48,
myouaibe.com,false,15,620,26366,37,7,1,0,0,1,2025-02-19 15:06:18,
lyve-app.com,true,15,68,8657,0,1,2,0,0,0,2025-06-14 08:19:04,
rarar.com.bd,false,15,1028,8577,0,0,2,0,1,0,2025-12-31 08:54:55,
topbillion.net,true,15,52,6,0,0,1,1,0,0,2026-06-28 04:33:25,
digitalatto.io,true,15,747,12201,1,1,15,0,13,0,2025-12-26 14:06:20,
trovity.com,true,15,50,21118,16,1,3,0,3,0,2025-08-05 20:36:56,2026-04-28 00:33:48
alexandrinesouchaud.com,true,15,96,4,0,0,1,0,0,0,2023-05-23 21:25:17,
protecto401.com,false,15,40,316,36,7,1,1,0,0,2026-04-29 02:44:24,
fedimetal.com.ec,true,15,282,6942,222,18,1,0,0,0,2025-04-01 01:05:53,
tantascan.com,true,15,647,169271,0,0,1,0,0,0,2026-03-10 04:38:12,
sencora.com,true,15,1129,59542,0,0,67,67,0,0,2026-04-26 03:11:52,
castellovinci.it,false,15,1336,2153,1,1,4,0,4,0,2026-01-18 20:01:07,2026-05-04 13:23:50
tripbox.cc,true,14,342,24751,0,0,2,0,0,0,2024-08-14 17:51:28,
acquire.co.in,true,14,63,1,0,0,2,2,0,0,2026-05-07 10:59:34,
jpwork.pl,true,14,1043,18089,0,0,22,0,1,0,2025-07-04 02:34:28,
bestomegawatches.com,true,14,84,12231,0,0,1,0,0,0,2025-02-26 02:48:12,
clientsbee.com,true,14,57,423376,0,0,2,2,0,2,2026-06-11 17:46:45,
axime.co,true,14,1242,14805,0,0,1,0,1,0,2025-10-10 20:36:35,2026-05-07 21:42:24
cueee.jp,true,14,585,57928,0,0,7,4,0,0,2025-09-07 08:15:31,
procurement.gov.ck,true,14,401,24669,1,1,15,0,0,0,2025-08-14 21:16:41,
sblmerchant.com,true,14,138,18046,0,0,2,2,0,0,2026-05-07 09:36:58,
jkprohost.com,true,14,718,1149,0,1,2,0,2,0,2025-12-13 03:47:18,2026-05-09 20:54:44
linkdirectoryzone.com,true,14,54,8766332,0,0,1,0,0,1,2025-09-29 10:22:43,
rotirifaradepunere.com.ro,false,14,85,10,964,142,15,1,0,15,2025-02-26 00:48:44,
thedroolitzer.com,true,14,739,22425,0,0,1,0,0,0,2025-09-04 23:07:48,
authorityprodirectory.com,true,14,156,8771102,0,0,1,0,0,1,2025-10-22 02:09:51,
sudanbiz.net,true,14,768,25058,204,23,5,0,0,0,2025-07-31 22:55:27,
vocea-olteniei.ro,false,14,139,1542,0,3,2,0,0,2,2018-07-08 15:40:06,
smartviet.com.vn,true,14,17,1721,0,1,1,0,1,0,2025-09-30 19:14:38,2026-06-03 18:43:49
marketinghubdirectory.com,true,14,198,8777040,0,0,1,0,0,1,2025-09-04 19:44:32,
allcryptocurrencies.news,true,14,230,315,0,0,1,0,0,1,2024-08-27 13:41:21,
rankongoogle.agency,true,14,168,1,0,0,3,1,3,0,2025-12-20 18:15:35,2026-06-14 05:21:35
ruthieridleyblog.com,false,14,2714,926,1,1,1,0,0,0,2025-08-24 23:26:49,
opensports.ro,true,14,211,407,0,0,1,0,0,1,2024-07-21 05:38:02,
kelseyjphotos.com,true,14,905,43729,0,0,4,1,1,0,2025-07-31 22:53:52,
lemont.cn,true,14,25,3,0,0,1,0,0,0,2023-04-27 06:04:32,
nxgindonesia.or.id,true,14,77,8,1,1,1,0,1,0,2024-04-19 12:12:38,2026-05-12 10:22:16
landhotel-zumstaffelwirt.de,true,14,262,11708,12,5,7,0,0,0,2025-12-27 07:10:02,
cornerstoneraleigh.org,false,14,2137,12577,2,3,12,10,0,0,2025-11-29 09:11:39,
smartdirectoryhub.com,true,14,165,8762877,0,0,1,0,0,1,2025-10-01 15:55:00,
sportprofit.ro,true,14,120,779,0,0,2,0,0,2,2024-09-28 09:08:03,
streetwiseworld.com.ng,true,14,594,59516,0,0,1,0,0,1,2024-10-15 01:05:50,
rumblespoon.com,true,14,158,22404,0,0,5,0,0,0,2023-07-14 15:45:19,
ricettevegane.net,true,14,456,5675,0,0,1,1,0,0,2026-04-20 08:26:37,
morikouji.jp,true,14,393,11223,1,1,1,0,0,0,2025-02-26 13:27:39,
khabarwani.com,false,14,249,207,7,24,1,0,0,0,2024-09-13 18:43:42,
invengenio.com,true,14,121,2524,0,0,3,1,0,0,2025-08-04 21:05:51,
shiatsutherapy.org,true,13,198,22799,0,1,8,0,1,0,2025-09-16 03:24:20,
wap2p.com,true,13,758,75815,0,0,15,3,0,15,2026-01-01 18:08:52,
crittendenonline.com,true,13,411,13329,0,0,4,0,0,0,2025-08-29 12:42:30,
ecogripzone.com,true,13,392,2232,0,1,1,0,1,0,2025-08-19 15:08:18,2026-05-14 23:22:44
queensgroup.net,true,13,217,8373,0,0,1,0,0,0,2024-01-12 17:24:29,
gzn.ro,false,13,6,128,3,3,8,0,0,8,2019-04-08 13:19:47,
pt-altraman.com,true,13,368,10219,8291,529,1,0,0,0,2023-11-10 09:27:27,
seowebsitesdirectory.com,true,13,188,8770039,0,0,1,0,0,1,2025-10-03 14:54:04,
territoiressud.org,true,13,591,43,0,0,1,0,0,0,2025-12-07 13:53:51,
national-liberal.ro,false,13,218,503,0,0,1,0,0,1,2024-10-18 15:38:35,
traffichubdirectory.com,true,13,174,8777078,0,0,1,0,0,1,2025-09-29 16:52:23,
soicaumienbac368.com,true,13,369,3059,0,0,4,4,0,0,2026-05-13 15:08:21,
quadrat.ro,true,13,658,45804,16,37,4,2,0,0,2025-08-29 10:32:08,
timeshasampson.com,true,13,418,10571,0,0,2,0,0,0,2025-09-22 10:47:45,
nxtpop.be,false,13,75,8683,173,167,1,0,0,0,2025-02-26 16:41:08,
thegrasscourt.com,true,13,189,42401,2,1,2,1,0,2,2023-10-10 03:09:39,
ageokousei.jp,true,13,480,0,0,0,1,0,1,1,2025-04-25 19:14:58,2026-04-05 14:46:17
occidentalgypsyband.com,true,13,154,10315,0,0,1,0,0,0,2024-06-17 21:10:53,
homeupgradepros.com,true,13,381,8804,0,0,13,0,0,0,2025-12-14 02:35:36,
rankpilot.shop,true,13,611,0,0,0,3,1,0,0,2025-09-28 10:46:11,
hierhoudenwevan.nl,true,13,117,6308,0,0,1,0,0,0,2024-10-06 00:11:18,
smilingtiger.com,true,13,1300,7977,0,0,10,0,10,0,2025-04-05 23:20:02,2026-06-14 21:25:17
presale-vancouver.ca,true,13,1042,45237,0,0,16,0,0,0,2025-12-21 17:33:33,
topsiterankdirectory.com,true,13,100,8772417,0,0,1,0,0,1,2025-11-14 10:50:39,
ferienwohnung-augsburgland.de,true,13,519,56382,0,0,2,2,0,0,2026-05-30 07:52:40,
nr2d.com,true,13,449,157,0,0,1,0,1,0,2025-10-23 10:43:52,2026-04-02 23:01:31
geekhub.it,true,13,492,12606,0,0,18,0,8,0,2026-02-09 09:54:15,
highauthoritydirectory.com,true,13,1530,8762808,0,0,1,0,0,1,2025-09-15 18:22:17,
agroinsursas.com,true,13,717,27111,0,0,1,1,0,0,2026-03-30 14:19:21,
bajaculinaria.com.mx,true,13,609,12153,0,0,3,0,2,0,2023-08-18 00:52:56,
sibieni.ro,false,13,46,220,499,96,1,0,0,1,2025-08-29 16:13:07,
ventscrunch.com,true,13,919,11947,0,0,6,0,0,0,2025-12-15 16:26:37,
natashakundi.com,true,13,979,5406,0,0,1,0,0,0,2025-10-13 03:27:34,
haslaws.com,true,13,277,219,0,0,1,0,1,0,2026-02-17 13:18:38,2026-04-28 06:29:09
etxeon.net,true,13,109,13097,0,1,2,0,0,0,2024-09-01 02:30:52,
bzt.ro,false,13,136,1248,7,5,5,0,0,5,2020-06-08 08:20:18,
tabletennisnorth.ca,true,13,97,2799,13,10,1,0,0,0,2023-08-07 17:34:42,
ameriprosautobody.com,true,13,838,10561,0,0,1,0,0,0,2025-09-16 08:06:25,
thvadvogados.com.br,true,13,903,27704,0,0,2,0,2,0,2025-09-23 03:23:41,2026-05-16 17:26:54
ito-ss.co.jp,true,12,697,9512,4,7,1,1,0,0,2026-05-30 22:06:06,
teatroabrescia.it,true,12,1146,54153,0,7,3,0,0,0,2025-09-30 08:07:26,
kentarou.net,true,12,854,36504,0,0,2,2,0,0,2026-04-21 14:09:22,
lopezexpressgt.com,true,12,1125,20026,1,1,1,0,0,0,2026-02-01 05:17:39,
poesiademorras.com,true,12,591,7282,2346,351,1,0,0,0,2025-04-01 08:56:19,
ijpfiasi.ro,true,12,422,13317,0,0,1,0,0,0,2025-03-30 17:41:43,
frentedostorcedores.com.br,true,12,522,0,0,0,1,0,0,0,2025-05-18 21:27:23,
tektreeinc.co.in,true,12,443,630,0,0,1,0,1,0,2025-10-16 19:42:45,2026-04-30 21:32:41
ibake2016.com,true,12,2481,86,0,1,61,0,61,0,2025-10-02 01:30:15,2026-05-24 14:32:33
basketgdynia.pl,true,12,844,10012,57,17,1,0,1,0,2025-05-16 01:40:39,2026-04-26 14:52:43
inakakurashi-ouen.net,true,12,60,2123,0,0,1,0,0,0,2024-01-21 15:41:45,
powerlinkdirectory.com,true,12,120,8773512,0,0,1,0,0,1,2025-10-06 13:09:13,
argesplus.ro,false,12,194,1127,238,67,2,0,0,2,2022-07-21 02:58:25,
desa.com.my,true,12,685,57442,0,0,5,1,0,0,2025-04-29 04:39:57,
smartcabsnorwich.co.uk,true,12,739,27322,0,0,12,3,0,0,2026-02-13 14:35:10,
coems.app,true,12,134,7426,37,1,1,0,1,0,2024-08-30 02:46:03,2026-05-13 23:46:03
faktualid.com,false,12,3266,5,221,161,1,0,0,0,2024-03-26 18:58:51,
seo-anomaly-wave.online,true,12,682,0,0,0,14,0,14,0,2025-05-07 11:23:34,2026-04-05 15:06:12
suenosdebodas.com.ve,true,12,784,7612,0,0,3,0,0,0,2025-08-01 01:30:10,
primesolodirectory.com,true,12,51,8777693,0,0,1,0,0,1,2025-10-02 04:04:03,
seo-anomaly-traffic.online,true,12,671,0,0,0,27,0,27,0,2025-05-07 01:55:30,2026-04-10 06:53:43
spottedcow.media,true,12,627,35462,8,2,3,3,0,0,2026-04-25 18:40:34,
bit24.ro,false,12,164,1373,788,44,1,0,0,1,2024-10-25 01:16:55,
seo-anomaly-turbo.online,true,12,680,0,0,0,25,0,25,0,2025-05-09 06:56:17,2026-04-07 22:00:54
constantadeazi.ro,false,12,164,730,944,92,2,0,0,2,2021-07-31 23:03:19,
raumplan.space,true,12,256,57,0,0,2,0,2,0,2025-09-05 20:56:41,2026-04-11 02:35:07
seo-anomaly-launch.online,true,12,695,0,0,0,18,0,18,0,2025-05-03 03:58:18,2026-04-05 09:59:29
cisnu.org,true,12,244,3308,0,0,2,0,0,0,2025-04-23 22:36:52,
seo-anomaly-gamma.online,true,12,671,0,0,0,19,0,19,0,2025-05-03 13:27:34,2026-04-10 16:19:56
tintsandtools.com,true,12,682,29,0,1,10,0,10,0,2025-04-22 13:48:23,2026-04-14 09:16:41
grubtechnologies.com.mx,true,12,550,11,0,0,1,0,1,0,2025-07-25 17:59:45,2026-04-29 11:42:46
ahrefs-links.com,true,12,175,8768740,0,0,1,0,0,1,2025-09-29 12:33:22,
vanisedainese.com.br,true,12,1414,17360,0,1,2,0,0,0,2025-08-13 23:15:13,
hakuhou-kou.co.jp,true,12,470,895,0,0,1,0,1,0,2024-07-07 14:15:12,2026-05-31 03:35:26
interesargesean.ro,false,12,127,254,188,31,1,1,0,1,2026-04-03 01:22:42,
seo-anomaly-growth.online,true,12,681,0,0,0,4,0,4,0,2025-05-05 14:17:05,2026-04-10 14:45:57
seo-anomaly-blueprint.online,true,12,691,1,0,0,6,0,6,0,2025-05-03 03:21:53,2026-04-07 08:44:17
bigtrakisback.com,true,11,1042,719,0,0,131,0,131,0,2025-12-16 20:35:13,2026-05-05 06:14:00
seo-anomaly-spark.online,true,11,678,0,0,0,4,0,4,0,2025-05-07 11:11:38,2026-04-08 05:15:53
myskupera.ru,true,11,1304,6,0,0,4,0,2,0,2024-09-07 12:59:38,
cinebuzztimes.com,true,11,748,13933,0,1,8,0,0,0,2025-08-24 21:14:10,
marianoelstrada.com.ar,true,11,2314,5454,0,0,3,3,0,3,2026-05-03 12:24:13,
capetownthing.co.za,true,11,451,21889,0,0,1,1,0,0,2026-04-20 11:37:40,
seo-anomaly-quest.online,true,11,678,0,0,0,2,0,2,0,2025-07-02 08:43:47,2026-04-02 15:49:13
cronicaolteniei.ro,false,11,72,656,2,7,3,0,0,3,2024-09-25 09:03:18,
toptierdirectory.com,true,11,87,8766179,0,0,1,0,0,1,2025-12-10 00:33:07,
seo-anomaly-onpage.online,true,11,665,0,0,0,20,0,20,0,2025-05-02 23:10:32,2026-04-06 09:56:52
milennium-global.net,true,11,346,5848,0,0,2,0,0,0,2025-07-09 10:30:01,
bmstrading.ca,true,11,898,9034,0,0,1,0,0,0,2025-09-05 05:29:11,
dotnxt.om,true,11,294,11867,0,1,97,0,0,0,2025-09-11 16:37:20,
seo-anomaly-energy.online,true,11,705,0,0,0,19,0,19,0,2025-05-02 23:11:53,2026-04-11 11:55:59
schreinerei-oberthulba.de,true,11,228,7296,0,0,2,0,0,0,2025-06-24 20:19:21,
armaghcarandvansales.com,true,11,89,9751,220,15,1,0,0,0,2024-01-28 23:44:51,
themasterdirectory.com,true,11,89,8770701,0,0,1,0,0,1,2025-09-30 03:15:35,
seo-anomaly-hub.online,true,11,667,0,0,0,6,0,6,0,2025-05-05 14:34:25,2026-04-09 15:11:45
priama-demokracia.sk,true,11,29,35758,20,8,13,0,0,13,2024-09-21 12:12:25,
list.show,true,11,142,102,0,0,1,0,0,0,2025-11-26 04:31:22,
kingbluecondos.ca,true,11,749,36045,0,0,11,4,0,0,2025-09-03 14:03:28,
zdp.ro,false,11,190,729,119,34,1,1,0,1,2026-05-07 11:04:23,
paynegeo.com.au,true,11,462,8249,0,0,1,0,0,0,2025-04-23 10:04:28,
mercadodevillaverde.net,true,11,410,39824,106,15,21,0,0,0,2025-10-03 22:24:07,
seo-anomaly-summit.online,true,11,678,0,0,0,12,0,12,0,2025-05-12 09:42:21,2026-04-09 05:16:53
briantes.fr,true,11,105,9610,21,2,1,0,0,0,2026-02-12 08:07:50,
shomes-orbears.icu,true,11,528,728283,0,0,1,1,0,1,2026-06-15 00:02:59,
aibacklinkdirectory.com,true,11,77,0,0,0,1,0,1,1,2025-08-28 15:30:06,2026-04-17 04:54:12
frontiirsg.com,true,11,303,15,0,0,1,0,1,0,2025-08-04 19:11:13,2026-03-30 23:58:21
roboticurologicsurgery.com,true,11,664,9399,0,0,3,0,2,0,2025-08-29 15:01:22,
academia.edu.gt,true,11,825,12102,1,3,208,0,0,0,2026-01-07 18:52:19,
trestonline.cz,true,11,568,24515,0,1,1,0,0,0,2023-05-25 22:48:33,
seo-anomaly-content.online,true,11,673,0,0,0,31,0,31,0,2025-05-06 05:48:42,2026-04-06 14:25:42
delos.co.in,true,11,530,5659,0,2,12,0,12,0,2025-09-05 05:29:07,2026-04-18 23:46:39
cvww.org.uk,true,11,222,3419,0,0,2,0,2,0,2025-09-25 03:47:20,2026-04-22 13:06:52
taneliukai.com,true,11,133,7294,18,4,22,3,4,0,2025-09-29 22:16:35,
haugstrupgaard.dk,true,11,196,7395,21,7,8,0,4,0,2025-10-16 02:40:04,
seo-anomaly-guru.online,true,11,692,0,0,0,28,0,28,0,2025-05-08 03:15:34,2026-04-07 08:20:31
safecam.org,true,11,925,16408,0,3,4,0,2,0,2025-09-23 03:45:02,
seo-anomaly-forge.online,true,11,724,0,0,0,17,0,17,0,2025-05-07 01:16:44,2026-04-03 18:19:29
sieubep.com,true,10,696,11,0,0,1,0,1,0,2025-08-02 00:10:47,2026-04-05 13:11:33
hadieth.nl,true,10,1129,38349,523,137,1,0,0,0,2024-03-23 07:00:40,
brnnetwork.org,true,10,339,23327,1,3,2,0,0,0,2025-07-17 11:04:31,
seo-anomaly-revolution.online,true,10,685,0,0,0,13,0,13,0,2025-05-02 21:01:26,2026-04-08 21:23:48
rhinorepro.org,true,10,204,3305,0,0,1,0,0,0,2025-09-26 15:05:45,
productx.org,false,10,623,11,7,4,18,5,10,0,2026-02-03 17:18:52,
seo-anomaly-analytics.online,true,10,665,0,0,0,77,0,77,0,2025-05-03 09:26:12,2026-04-21 03:43:30
jipanco.fr,true,10,211,2909,0,0,13,0,12,0,2025-09-26 06:19:37,
kopareykir.com,true,10,309,5674,0,0,1,0,0,0,2024-03-29 09:24:22,
seo-anomaly-optimization.online,true,10,662,0,0,0,28,0,28,0,2025-05-01 20:56:04,2026-04-08 08:32:12
kunden-erfahrungen.com,true,10,630,41755,0,0,10,0,0,0,2025-09-08 12:55:31,
seo-anomaly-foundry.online,true,10,711,0,0,0,25,0,25,0,2025-05-10 18:18:39,2026-04-10 23:08:29
unique-creativity.com,true,10,610,38279,0,0,22,0,0,0,2025-09-25 00:35:34,
seo-anomaly-mastery.online,true,10,683,0,0,0,12,0,12,0,2025-05-05 16:45:12,2026-04-08 08:04:59
elady.ro,true,10,168,5412,43,23,2,0,0,2,2020-08-30 09:52:08,
tamasha.blog,true,10,150,5611,0,0,1,0,0,0,2025-09-16 05:37:09,
findit.co.in,false,10,41,2,2,3,3,3,0,0,2026-05-16 08:54:03,
seo-anomaly-path.online,true,10,687,0,0,0,16,0,16,0,2025-05-08 02:10:44,2026-04-04 16:16:06
newsallert.ro,false,10,84,296,398,41,1,0,0,1,2024-09-13 16:45:55,
seo-anomaly-incubator.online,true,10,699,0,0,0,5,0,5,0,2025-05-03 22:39:37,2026-04-06 18:41:14
drrad-implant.com,true,10,266,25331,0,0,1,0,0,0,2025-02-25 15:33:29,
seo-anomaly-studio.online,true,10,707,0,0,0,13,0,13,0,2025-05-07 04:39:09,2026-04-10 12:01:36
seo-anomaly-beacon.online,true,10,704,0,0,0,13,0,13,0,2025-05-09 20:06:06,2026-04-05 15:09:00
ultimasnoticiasvenezuela.com,true,10,626,29164,0,1,9,0,0,0,2026-01-20 02:09:17,
kanma-marketing.com,true,10,379,82,0,0,4,1,4,0,2026-01-10 23:38:02,2026-05-31 13:01:33
seo-anomaly-vortex.online,true,10,695,0,0,0,24,0,24,0,2025-05-08 05:06:24,2026-04-10 02:01:06
formarecrut.com,true,10,542,12217,4,18,1,0,0,0,2025-10-20 10:11:20,
apartamentosmiriam.com,true,10,322,9,1,1,1,0,1,0,2024-11-01 08:36:15,2026-04-16 15:38:54
seo-anomaly-dynamo.online,true,10,686,0,0,0,49,0,49,0,2025-05-06 16:10:39,2026-04-12 04:29:47
seo-anomaly-innovation.online,true,10,684,0,0,0,19,0,19,0,2025-05-03 11:09:44,2026-04-05 17:54:12
seo-anomaly-pulse.online,true,10,689,0,0,0,21,0,21,0,2025-05-02 07:32:02,2026-04-07 15:09:50
seo-anomaly-pinnacle.online,true,10,692,0,0,0,24,0,24,0,2025-05-04 00:35:21,2026-04-07 11:32:55
magicalmakingup.net,true,10,202,1327,0,0,2,0,2,0,2025-09-28 06:02:05,2026-05-06 15:12:21
noangulo.com.br,true,10,665,33633,65,9,1,0,0,0,2025-04-01 23:19:42,
seo-anomaly-scenario.online,true,10,707,0,0,0,14,0,14,0,2025-05-03 16:05:47,2026-04-16 10:06:34
seo-anomaly-ranking.online,true,10,676,0,0,0,7,0,7,0,2025-05-03 16:13:25,2026-04-06 06:22:31
artburomaroc.com,true,10,325,4147,0,0,1,0,1,0,2025-04-28 16:52:40,2026-04-27 12:11:04
seo-anomaly-audit.online,true,10,676,0,0,0,7,0,7,0,2025-05-08 20:31:52,2026-04-09 15:32:23
seo-anomaly-evolution.online,true,10,695,0,0,0,17,0,17,0,2025-05-10 06:45:02,2026-04-06 16:24:15
seo-anomaly-catalyst.online,true,10,696,0,0,0,7,0,7,0,2025-05-05 15:41:23,2026-04-04 20:05:01
seo-anomaly-best.online,true,10,665,0,0,0,3,0,3,0,2025-05-07 14:02:00,2026-04-06 12:37:24
seo-anomaly-insight.online,true,10,695,0,0,0,17,0,17,0,2025-05-03 20:35:08,2026-04-04 17:10:24
seo-anomaly-alpha.online,true,10,674,0,0,0,11,0,11,0,2025-05-03 17:09:36,2026-04-06 18:00:07
roulettecalculators.com,false,10,156,136,4,1,18,0,10,0,2025-12-03 17:24:12,
seo-anomaly-prime.online,true,10,679,0,0,0,29,0,29,0,2025-05-08 14:02:16,2026-04-09 19:36:42
seo-anomaly-pivot.online,true,10,679,0,0,0,16,0,16,0,2025-05-03 07:31:46,2026-04-09 06:10:57
seo-anomaly-zenith.online,true,10,685,0,0,0,30,0,30,0,2025-05-02 20:45:58,2026-04-07 19:41:26
seo-anomaly-mobile.online,true,10,684,0,0,0,22,0,22,0,2025-05-06 23:44:26,2026-04-08 03:19:01
seo-anomaly-rocket.online,true,10,678,0,0,0,14,0,14,0,2025-05-08 05:34:35,2026-04-05 06:04:36
seo-anomaly-synergy.online,true,10,677,0,0,0,17,0,17,0,2025-05-03 10:07:09,2026-04-03 06:09:09
eldekahealth.net,true,10,612,17602,0,0,10,0,0,0,2025-09-22 01:57:48,
drcatherinebehzad.com,true,10,823,15604,0,0,20,0,0,0,2025-09-29 15:06:20,
seo-anomaly-digital.online,true,10,666,0,0,0,6,0,6,0,2025-05-03 17:15:31,2026-04-09 17:17:34
seo-anomaly-shift.online,true,10,681,0,0,0,30,0,30,0,2025-05-07 04:38:36,2026-04-06 22:54:46
seo-anomaly-voyage.online,true,10,690,0,0,0,4,0,4,0,2025-05-07 11:25:08,2026-04-11 20:31:59
seo-anomaly-algorithm.online,true,10,677,0,0,0,50,0,50,0,2025-05-03 02:20:00,2026-04-09 08:10:43
seo-anomaly-orbit.online,true,10,689,0,0,0,30,0,30,0,2025-05-08 08:47:09,2026-04-04 10:49:17
seo-anomaly-pro.online,true,10,680,0,0,0,18,0,18,0,2025-05-08 04:03:50,2026-04-08 07:03:28
tiptip.kr,true,10,833,59015,0,0,4,0,0,4,2024-11-11 01:43:24,
seo-anomaly-engine.online,true,10,705,0,0,0,10,0,10,0,2025-05-07 21:39:38,2026-04-08 15:15:17
seo-anomaly-keywords.online,true,10,688,0,0,0,2,0,2,0,2025-05-06 15:22:34,2026-03-31 08:25:43
greattraveladvisor.com,true,10,589,29715,0,0,1,1,0,0,2026-05-23 07:42:32,
seo-anomaly-lab.online,true,10,686,0,0,0,20,0,20,0,2025-05-04 01:41:17,2026-04-15 15:37:59
seo-anomaly-arrow.online,true,10,692,0,0,0,51,0,51,0,2025-05-07 05:22:00,2026-04-09 05:44:49
seo-anomaly-vision.online,true,10,658,0,0,0,4,0,4,0,2025-05-02 18:06:22,2026-04-09 22:42:35
seo-anomaly-fusion.online,true,10,698,0,0,0,9,0,9,0,2025-05-05 13:16:31,2026-04-09 09:05:21
seo-anomaly-delta.online,true,10,687,0,0,0,12,0,12,0,2025-05-05 16:27:22,2026-04-10 03:38:19
seo-anomaly-expert.online,true,10,681,0,0,0,17,0,17,0,2025-05-09 21:15:45,2026-04-08 05:37:17
seo-anomaly-genesis.online,true,10,699,0,0,0,16,0,16,0,2025-05-02 17:57:31,2026-04-16 08:31:06
seo-anomaly-edge.online,true,10,676,0,0,0,5,0,5,0,2025-05-07 01:04:53,2026-04-06 04:19:42
seo-anomaly-beta.online,true,10,684,0,0,0,8,0,8,0,2025-05-09 04:13:55,2026-04-09 16:17:14
larex.co.il,true,10,872,6817,0,0,1,1,0,0,2026-05-03 07:29:48,
seo-anomaly-strategy.online,true,10,665,0,0,0,14,0,14,0,2025-05-08 09:34:37,2026-03-30 11:49:03
seo-anomaly-vantage.online,true,10,682,0,0,0,16,0,16,0,2025-05-04 02:28:58,2026-04-09 15:52:05
brave-nà.com,true,10,302,41,0,0,1,0,1,0,2025-11-26 04:55:56,2026-04-14 17:45:26
seo-anomaly-design.online,true,10,698,0,0,0,5,0,5,0,2025-05-09 11:36:54,2026-04-01 03:26:18
seo-anomaly-station.online,true,10,699,0,0,0,22,0,22,0,2025-05-06 06:37:45,2026-04-08 09:25:38
seo-anomaly-sprint.online,true,10,687,0,0,0,17,0,17,0,2025-05-06 07:12:36,2026-04-13 00:47:15
seo-anomaly-voice.online,true,10,675,0,0,0,4,0,4,0,2025-05-03 20:05:33,2026-04-10 07:11:04
seo-anomaly-metrics.online,true,10,666,0,0,0,46,0,46,0,2025-05-03 00:02:20,2026-04-12 03:12:44
seo-anomaly-marketing.online,true,10,677,0,0,0,38,0,38,0,2025-05-07 02:03:30,2026-04-09 05:43:24
seo-anomaly-concept.online,true,10,694,0,0,0,17,0,17,0,2025-05-07 19:23:55,2026-04-05 12:25:37
seo-anomaly-offpage.online,true,10,699,0,0,0,5,0,5,0,2025-05-12 02:19:53,2026-04-04 08:22:42
seo-anomaly-drive.online,true,10,680,0,0,0,30,0,30,0,2025-05-03 12:59:35,2026-04-10 07:02:02
seo-anomaly-sigma.online,true,10,686,0,0,0,13,0,13,0,2025-05-10 19:05:23,2026-04-08 00:21:41
vtubermatomesoku.com,true,10,302,2695,0,0,2,0,0,0,2024-08-13 04:10:03,
websiterace.com,true,10,87,400056499,0,0,5,5,0,5,2026-05-06 15:06:47,
seo-anomaly-nexus.online,true,10,687,0,0,0,7,0,7,0,2025-05-11 16:41:18,2026-04-09 01:36:54
seo-anomaly-jump.online,true,10,687,0,0,0,26,0,26,0,2025-05-08 16:46:02,2026-04-06 09:49:52
seo-anomaly-mission.online,true,10,686,0,0,0,17,0,17,0,2025-05-03 09:08:30,2026-04-09 05:57:54
marmaraelectronic.com,true,10,940,574,0,1,1,0,1,0,2026-01-21 08:58:50,2026-05-09 03:51:23
seo-anomaly-technical.online,true,10,673,0,0,0,24,0,24,0,2025-05-03 07:08:29,2026-04-06 17:09:28
seo-anomaly-surge.online,true,10,691,0,0,0,48,0,48,0,2025-05-03 09:27:33,2026-04-14 17:20:53
seo-anomaly-shine.online,true,10,677,0,0,0,15,0,15,0,2025-05-06 14:49:33,2026-04-08 07:58:45
seo-anomaly-wizard.online,true,10,688,0,0,0,36,0,36,0,2025-05-03 14:54:37,2026-04-12 05:43:17
seo-anomaly-local.online,true,10,676,0,0,0,17,0,17,0,2025-05-08 15:28:49,2026-04-07 16:59:48
seo-anomaly-leap.online,true,10,685,0,0,0,42,0,42,0,2025-05-08 05:48:09,2026-04-06 04:45:00
kringelholt.dk,true,10,623,38565,2,3,12,1,0,0,2025-09-24 07:39:41,
seo-anomaly-realm.online,true,10,678,0,0,0,44,0,44,0,2025-05-03 07:04:42,2026-04-05 12:57:43
seo-anomaly-canvas.online,true,10,710,0,0,0,3,0,3,0,2025-05-03 14:43:08,2026-04-01 21:59:38
seo-anomaly-apex.online,true,10,675,0,0,0,7,0,7,0,2025-05-05 02:27:54,2026-04-10 02:17:04
seo-anomaly-backlinks.online,true,10,676,0,0,0,2,0,2,0,2025-05-04 01:17:47,2026-04-09 09:45:42
seo-anomaly-ignition.online,true,10,683,0,0,0,4,0,4,0,2025-05-03 06:30:33,2026-04-05 05:13:04
seo-anomaly-cool.online,true,10,666,0,0,0,9,0,9,0,2025-05-12 22:27:20,2026-04-06 16:38:36
seo-anomaly-peak.online,true,10,675,0,0,0,5,0,5,0,2025-05-03 16:01:46,2026-04-07 06:37:22
seo-anomaly-apogee.online,true,10,667,0,0,0,7,0,7,0,2025-05-03 03:07:04,2026-04-06 10:23:36
seo-anomaly-horizon.online,true,10,673,0,0,0,16,0,16,0,2025-05-07 02:16:16,2026-04-21 10:14:01
seo-anomaly-visibility.online,true,10,677,0,0,0,3,0,3,0,2025-05-07 02:33:54,2026-04-03 07:16:11
seo-anomaly-frontier.online,true,10,671,0,0,0,16,0,16,0,2025-05-02 23:07:35,2026-04-08 11:54:13
comisaruldeprahova.ro,false,9,129,3820,113,7,3,0,0,3,2018-04-29 02:50:18,
seo-anomaly-focus.online,true,9,674,0,0,0,19,0,19,0,2025-05-03 03:50:41,2026-04-09 13:58:19
seo-anomaly-echo.online,true,9,677,0,0,0,2,0,2,0,2025-05-16 20:39:06,2026-03-31 15:24:22
seo-anomaly-boost.online,true,9,674,0,0,0,20,0,20,0,2025-05-03 04:20:15,2026-04-18 03:06:29
seo-anomaly-trail.online,true,9,690,0,0,0,34,0,34,0,2025-05-05 16:42:05,2026-04-08 04:34:32
alazharcilacap.sch.id,true,9,436,7846,0,0,2,0,0,0,2026-02-23 02:33:52,
omarghanem.com.br,true,9,338,6575,1,3,1,0,0,0,2025-03-14 04:36:04,
zenithprobar.com,true,9,400,4319,0,0,1,1,0,0,2026-05-17 15:12:19,
seo-anomaly-clarity.online,true,9,662,0,0,0,34,0,34,0,2025-05-02 07:07:46,2026-04-07 06:28:51
e-iasi.ro,false,9,17,330,4,2,1,0,0,1,2021-03-20 03:28:01,
polish-law.eu,true,9,306,4009,0,0,3,0,2,0,2023-04-23 17:40:37,
mbcm.in,true,9,264,10466,0,2,55,35,24,0,2026-01-01 22:25:54,
charmemedical.com,true,9,157,6555,137,32,36,0,0,0,2025-09-15 22:58:32,
simplygaurav.com,true,9,279,77938,0,0,265,3,0,0,2025-07-30 12:37:26,
clubulmedia.ro,true,9,78,425,0,0,1,0,0,1,2025-02-26 14:44:06,
newsblogsports.site,true,9,18,48647660,0,0,2,2,0,2,2026-05-08 03:12:49,
addurl.in,false,9,42,1,214,25,3,3,0,0,2026-05-12 06:00:43,
autoservants.com,true,9,701,6257,0,0,9,0,0,0,2025-08-06 07:14:18,
smartkey.com.my,true,9,276,5039,0,0,1,0,0,0,2025-08-04 17:56:19,
alljobs.info,true,9,164,401664447,0,0,6,6,0,6,2026-05-11 21:35:43,
betterparent.id,true,9,273,1550,0,0,1,0,1,0,2025-04-29 18:03:37,2026-04-16 16:01:08
crystalshk.com,true,9,3556,13783,0,3,4,0,0,0,2025-09-24 03:42:28,
flipping4profit.ca,true,9,169,1300,3,9,1,0,0,0,2024-09-07 17:18:51,
iesjuandopazo.es,true,9,358,6425,567,284,8,0,0,0,2025-02-07 20:17:18,
robuta.com,true,9,40,1197273,0,0,6,6,1,6,2026-04-06 14:36:41,
kempol.de,true,9,1166,12062,0,1,2,0,0,0,2025-09-28 21:52:53,
kphermosa.org,false,9,535,88,195,12,1,0,0,0,2024-10-12 23:40:27,
lumeapacanelelor.ro,false,9,101,90,1353,169,2284,43,4,2284,2023-05-30 01:36:24,
bdjokes.com,true,9,547,7004,0,0,6081,4556,4366,0,2025-08-26 21:40:26,
inlinenow.com,true,9,525,17101,0,0,35,8,14,0,2025-08-02 00:26:46,
superprofit.ro,true,9,63,723,0,0,2,0,0,2,2024-06-11 16:39:13,
gaister.com,true,9,173,1488,0,0,1,0,0,0,2025-10-01 02:31:23,
topganlasers.com,true,9,151,13096,32,1,5,0,0,0,2025-08-19 07:33:05,
dcoutesnjacob.com,true,9,662,6334,0,0,132,132,129,0,2026-05-12 21:31:43,
allinone.co.in,true,9,40,2,0,0,3,3,0,0,2026-05-18 18:31:17,
admissionroute.com,true,9,735,9479,0,1,1,0,1,0,2026-02-11 05:54:17,2026-06-12 03:48:26
saasdirectorywebsites.com,true,9,290,0,0,0,1,0,1,1,2025-08-09 19:05:47,2026-04-19 05:44:58
rusty-hook.com,true,9,143,3526,17,1,4,0,0,0,2023-06-22 05:54:18,
kardes.com.tr,false,9,407,144,0,1,10,0,10,0,2026-02-12 04:50:23,2026-04-11 08:20:47
cdj-bouffort.com,true,9,478,92956,0,5,25,0,1,0,2025-12-07 06:54:32,
systeckllc.com,true,9,473,37876,0,0,14,5,0,0,2025-10-22 00:27:45,
seoprodirectory.com,true,9,128,8763611,0,0,1,0,0,1,2026-01-04 09:22:14,
dekorator.com.tr,true,9,162,6069,0,0,1,0,0,0,2023-06-01 20:27:02,
taviramonte.com,true,9,397,5597,0,1,2,0,0,0,2026-02-26 08:03:57,
seo-anomaly-dynamic.online,true,9,717,0,0,0,3,0,3,0,2025-05-04 10:31:19,2026-03-31 14:31:26
e-bacau.ro,false,9,15,267,0,2,1,0,0,1,2021-03-25 14:51:23,
ocnamuresonline.ro,false,9,62,457,173,5,1,0,0,1,2024-09-28 04:57:02,
cristianosendemocracia.com,false,9,60,626,67,25,1,0,0,0,2022-03-15 04:20:48,
letsbdgo.xyz,true,9,300,2581,0,0,1,0,1,0,2025-09-27 21:55:49,2026-04-28 00:43:00
khajehfatholah.com,true,9,272,9740,0,0,9,0,0,0,2025-09-27 16:24:33,
primebeautylounge.com,true,9,837,51713,4,3,261,135,0,0,2026-01-06 23:33:23,
usaseodirectory.com,true,9,175,8768586,0,0,1,0,0,1,2025-10-02 13:41:00,
thedorsay.com,true,9,373,6021,0,1,1,1,0,0,2026-05-11 03:24:29,
maison-housedream.fr,true,9,134,4463,0,0,1,0,0,0,2023-04-03 11:11:03,
idoineurope.com,true,9,97,1779,0,0,3,0,3,0,2025-08-16 11:10:59,2026-04-19 09:46:17
carsdaddy.com,true,9,277,4033,0,0,18,10,0,0,2025-09-30 22:01:14,
technewsmail.com,true,9,727,33993,0,0,56,0,0,0,2025-08-21 07:19:11,
delaveine.com,true,9,152,2651,53,12,4,0,0,0,2025-09-28 01:09:40,
prettywomenciki.com,true,9,527,332,0,0,1,0,1,0,2025-08-04 17:57:12,2026-04-24 16:00:43
chambrepa.com,true,9,127,12187,0,0,1,0,0,0,2024-07-17 07:14:36,
tradingquant.com.br,true,9,795,1030,13,2,27,0,27,0,2025-11-26 20:42:29,2026-05-27 15:07:13
deluxehouses.ae,true,9,625,4070,0,0,4,0,0,0,2025-08-04 18:05:38,
proplayersports.com,true,9,542,34893,0,0,24,3,0,0,2025-07-23 21:52:42,
watermanindia.in,false,8,868,64,2,1,2,0,1,0,2025-10-19 05:35:27,
virnavitteri.com,false,8,1510,4467,52,64,3,3,0,3,2026-05-03 08:01:58,
canaldapoeira.com.br,true,8,830,72,0,0,1,0,0,0,2025-06-09 05:53:48,
sanatyips.com,true,8,425,17931,36,17,71,0,0,0,2025-08-29 21:36:42,
globalherbalfarms.com,true,8,707,36695,16,3,3,3,1,3,2026-05-05 22:36:13,
vorticeweb.com,true,8,245,14838,0,0,2,0,2,0,2024-09-02 16:06:38,2026-04-12 13:48:30
qualifiedbuildinginspectors.co.nz,true,8,502,25740,0,0,8,8,0,0,2026-05-23 15:49:45,
ilait-reseller.com,true,8,739,49283,0,0,2,1,0,0,2025-09-05 05:28:27,
adeal.re,true,8,243,5271,0,0,2,0,0,0,2025-02-15 00:59:41,
vanudenips.com,false,8,596,5367,2,3,155,0,151,0,2025-09-27 12:32:28,
bnb-housekeeping.co.uk,true,8,567,12083,0,0,6,0,1,0,2025-12-18 04:47:25,
zplbaltojivoke.lt,true,8,264,20677,0,0,1,0,0,0,2023-11-07 14:19:36,
jirathaimassage.co.uk,true,8,559,29285,10,3,12,5,5,0,2025-09-03 20:01:23,
bbinary.net,true,8,86,4370,0,0,1,0,0,0,2025-09-08 05:15:46,
xedulichdaklak.com,true,8,486,139,0,0,1,1,1,0,2026-05-04 12:58:21,2026-06-15 10:01:56
taverna-meteora.de,false,8,243,4,307,19,10,3,2,0,2026-02-28 00:22:06,
askamominsurance.net,true,8,409,21337,0,0,6,2,3,0,2025-08-23 23:21:13,
uaestore.com,true,8,283,6780,51,29,4,4,4,0,2026-05-15 22:33:28,2026-06-28 21:00:49
cosmoselectrodes.in,true,8,553,3380,0,0,2,0,0,0,2025-09-13 16:35:48,
salarkhodroyeshomal.ir,true,8,139,10136,0,0,42,5,9,0,2025-08-19 17:09:11,
carweb.tokyo,true,8,308,28142,0,0,1,0,0,0,2023-06-09 11:31:18,
booksreadr.org,true,8,193,394745554,0,0,2,1,0,2,2026-02-10 13:43:07,
alligatorlaundromat.com,true,8,1037,1431,0,0,47,0,0,0,2025-08-28 11:23:47,
mensetsu-check21.net,true,8,321,26588,0,0,2,0,0,0,2025-12-01 00:36:29,
tamamtadbir.ir,true,8,185,11694,0,0,1,0,0,0,2024-09-14 21:04:15,
baominhstore.vn,true,8,465,2123,0,0,4,0,4,0,2025-08-26 12:49:29,2026-06-04 06:34:36
supremedirectory.com,true,8,69,0,0,0,1,0,1,1,2025-09-13 07:59:50,2026-04-18 05:26:10
undepariem.com,true,8,603,5,0,0,2,1,0,2,2023-07-03 12:48:06,
observatorulnationaltv.ro,false,8,14,308,22,5,2,0,0,2,2024-08-23 10:33:51,
bpwcyprus.online,true,8,207,12071,0,0,1,0,0,0,2025-07-23 22:57:18,
transyasu.com,true,8,2443,3,0,0,1,1,0,0,2026-05-02 22:16:31,
hugoburger.nl,true,8,289,14188,0,0,1,0,0,0,2025-02-26 20:40:53,
humanstories.in,true,8,491,5158,4,1,1,0,0,0,2025-08-27 04:01:51,
pearllynnbanks.com,true,8,332,15482,0,0,2,0,0,0,2025-07-29 12:09:03,
digitaltechking.icu,true,8,490,1117351,0,0,2,2,0,2,2026-06-13 16:00:13,
eurovalcea.ro,false,8,45,881,0,0,2,0,0,0,2019-09-29 15:32:34,
lfciasocal.com,false,8,273,21739,0,0,2,0,0,0,2023-08-22 03:10:26,
copboxe.fr,true,8,218,19616,5,4,2,0,0,0,2023-11-11 02:08:19,
7starzmoving.ca,true,8,175,10244,0,0,10,0,0,0,2025-12-28 03:57:46,
418418.jp,true,8,1606,11495,0,0,1,1,0,0,2026-04-29 14:25:15,
conteadv.com.br,true,8,333,1339,0,0,1,0,1,0,2025-08-22 22:58:46,2026-05-25 07:44:20
lineaceramicasrl.com,true,8,553,23170,2,1,9,0,0,0,2025-09-03 03:07:41,
jesuitasboqueron.com.ar,true,8,482,21002,0,0,1,0,0,0,2025-04-12 09:22:50,
ciento29.com,true,7,262,4,0,6,4,1,3,0,2025-10-16 06:50:53,
haumana.cz,true,7,628,0,0,0,3,0,1,0,2026-02-22 01:00:54,
kirmes-werkel.de,true,7,308,55382,0,0,5,1,0,5,2026-02-16 20:46:05,
kvsrajgarh.com,true,7,599,4224,0,0,7,0,2,0,2025-07-31 01:32:55,
shopthefinest.com,false,7,581,674,481,119,126,0,126,0,2025-08-28 07:00:37,2026-05-10 04:32:07
zandlegal.com,true,7,390,9925,1,1,11,0,0,0,2025-10-25 06:14:06,
licitamos.cl,true,7,454,12002,86,16,73,0,0,0,2025-08-21 07:09:24,
hotrocovid19.net,true,7,806,14864,0,0,5,0,0,0,2026-01-24 13:34:13,
ufn.network,true,7,113,6891,13,10,20,0,0,0,2025-10-02 09:12:33,
clubatleticopilar.com,true,7,84,2242,32,11,114,0,0,0,2025-11-07 12:48:39,
cloorient.com,false,7,599,48,7,2,6,0,6,0,2025-11-30 06:15:48,2026-04-26 07:10:48
ciber-tips.com,false,7,72,36,0,1,1,0,0,0,2024-10-13 10:44:19,
e-bitlis.com,true,7,878,21104,135,30,1,1,0,0,2026-06-13 22:49:00,
seo-balap-neverdienu.online,true,7,50,0,0,0,1,0,1,0,2025-06-05 07:07:11,2026-04-09 01:39:25
iotaseo-balap-kaca.online,true,7,50,0,0,0,16,0,16,0,2025-05-16 02:40:02,2026-04-12 13:27:00
seo-balap-kacapi.online,true,7,49,0,0,0,11,0,11,0,2025-05-31 10:28:13,2026-04-02 12:34:12
betaseo-balap.online,true,7,50,0,0,0,44,0,44,0,2025-05-31 13:25:39,2026-04-14 15:44:16
lankaadventureholidays.com,true,7,399,840,0,0,8,0,8,0,2025-12-13 19:55:02,2026-04-27 19:35:37
deltaseo-balap-tempur.online,true,7,49,0,0,0,2,0,2,0,2025-06-09 06:01:14,2026-04-10 01:05:27
mf-niederdorla.de,true,7,166,28107,0,0,6,3,4,6,2026-03-10 08:24:12,
afriquela1ère.com,true,7,404,7336,0,0,1,0,0,0,2023-06-29 00:04:45,
tntnewsonline.com,true,7,77,1438,0,0,1,0,1,0,2023-11-02 07:25:01,2026-06-15 16:16:24
isatekstil.com.tr,true,7,225,319,0,0,2,0,2,0,2025-08-14 07:55:28,2026-04-13 08:29:00
ccdevprojects.com,true,7,128,633,0,0,1,0,1,0,2025-05-19 19:26:08,2026-04-20 16:04:20
indiafdiwatch.org,false,7,145,50680,1,8,1,0,0,1,2022-12-06 08:13:13,
panevinomilano.com,true,7,465,1673,0,0,1,0,0,0,2025-08-17 08:31:29,
ezfinancial.ca,true,7,299,6181,0,0,116,0,0,0,2025-10-03 18:35:20,
orionbilisim.net,true,7,354,0,0,0,6,0,6,0,2025-12-07 03:43:15,2026-05-13 12:01:25
profine-energia.es,true,7,175,3641,0,0,1,0,0,0,2024-09-25 02:30:40,
ycm.info,true,7,62,401715717,0,0,5,5,0,5,2026-05-19 03:06:16,
recozilla.com,true,7,466,6341,0,0,1,0,1,0,2025-08-04 18:01:26,2026-04-17 15:19:56
covelo.com,true,7,52,259,0,0,1,0,0,0,2023-05-15 20:14:26,
powerworkselectric.com,true,7,511,51646,59,12,81,3,3,0,2025-10-02 01:55:51,
way2check.cv,true,7,96,396773425,0,0,2,1,0,2,2026-02-10 15:32:26,
weeblydirectory.com,true,7,43,0,0,0,1,0,1,1,2025-08-31 13:09:54,2026-04-20 23:18:20
primeseodirectory.com,true,7,33,0,0,0,1,0,1,1,2025-10-01 00:13:13,2026-04-21 01:05:08
samiramira.de,true,7,253,3,0,0,1,0,0,0,2026-03-14 16:53:24,
djexacta.com,true,7,242,116,0,0,1,0,1,0,2025-09-03 17:24:28,2026-04-12 08:40:16
globalecommerce.org,true,7,154,395300890,0,0,2,1,0,2,2026-01-21 18:48:30,
tekkaledogaltas.com,false,7,483,193,0,1,32,0,0,0,2025-10-02 17:14:23,
thesocialhouseja.com,true,7,688,48055,0,2,1,1,0,0,2026-05-17 00:58:28,
911auto.it,true,7,527,28720,29,23,149,1,0,0,2025-12-20 09:12:22,
lucruriprivitedejosinsus.ro,true,7,26,731,5,2,1,0,0,1,2019-12-26 10:42:58,
datapointpos.com,true,7,249,6978,0,0,9,0,0,0,2025-09-10 11:10:25,
gazetasv.ro,false,7,157,32,154,29,2,0,2,2,2023-10-27 05:39:12,2026-03-29 23:58:39
kpimarketing.es,true,7,437,7,0,0,1,0,0,0,2023-04-14 08:47:42,
sisgroup.lk,false,7,539,14,1,1,1,0,1,0,2025-10-05 19:38:36,2026-04-03 20:34:45
geoconsultor.cl,true,7,572,9163,0,0,2,0,0,0,2025-12-25 15:48:49,
perfilacosp.com,false,7,369,20,9,14,2,0,0,0,2025-10-22 18:50:51,
calgaryisbeautiful.com,true,7,174,32760,0,0,2,0,0,0,2023-12-17 15:35:27,
marthataylorviolin.com,true,7,474,8916,0,0,36,0,36,0,2025-10-21 21:52:16,2026-05-06 02:21:23
rokolla.ro,true,7,40,1402,27,12,1,0,0,1,2020-02-16 16:01:37,
depostjabar.com,true,7,274,15714,8,7,1,0,1,0,2024-05-21 01:53:21,2026-04-19 00:15:29
quentinschneider.fr,true,7,174,25377,8,1,1,0,0,0,2024-09-03 07:14:45,
osmgm.pl,true,7,150,5852,35,4,1,0,0,0,2023-09-17 06:40:34,
care4it.ro,false,7,154,1024,0,1,2,0,0,2,2024-08-15 14:18:03,
auntsandysskinks.com,true,7,239,11532,4,7,1,1,1,0,2026-04-30 19:47:46,2026-06-25 19:37:59
directaircon.co.uk,true,6,598,18673,0,1,8,0,0,0,2025-09-12 02:57:00,
stiridb.ro,false,6,102,144,0,4,2,0,2,2,2025-09-26 04:01:32,2026-05-31 01:25:29
bonusurifaradepunere.com.ro,false,6,85,75,30,36,18,0,0,18,2025-02-25 17:14:34,
mahdance.se,true,6,328,26637,0,0,1,0,0,0,2025-03-15 13:48:39,
cikolatashop.info,false,6,118,1049,3,1,3,0,3,0,2023-03-11 23:25:24,2026-04-15 13:54:29
s-sign.co.jp,true,6,114,3415,0,0,2,0,0,0,2021-04-17 09:55:52,
drivingtesthelp.ca,true,6,488,1608,0,0,3,0,3,0,2025-12-27 15:31:56,2026-04-10 22:29:07
craze.cl,true,6,580,40,0,1,100,0,10,0,2025-12-12 14:26:26,
akashjadhav.com,true,6,593,5116,0,0,10,0,0,0,2025-12-31 21:30:49,
hotel-makarim-tetouan.com,true,6,535,24656,0,0,2,0,0,0,2025-03-07 03:12:51,
unitedtsglobal.com,true,6,276,15972,0,0,9,0,0,0,2025-09-05 05:28:49,
stardba.net,true,6,489,79,0,0,1,0,1,0,2025-07-31 22:54:33,2026-04-28 04:11:10
ibizasoulluxuryvillas.com,true,6,2070,19828,0,0,2,0,2,0,2023-06-06 16:24:50,2026-06-05 20:19:18
buzz-wings.com,true,6,584,15779,0,0,18,0,0,0,2026-01-15 03:59:28,
cpc.com.au,true,6,186,3421,6,3,1,0,0,0,2025-09-03 03:24:39,
scenterprisesgroup.com,true,6,403,24922,0,0,1,0,0,0,2023-03-03 14:08:15,
tamashi.com,true,6,152,5182,110,12,8,8,4,0,2026-05-13 04:36:38,
exponto.com.au,true,6,37,197,0,0,1,0,0,0,2023-10-31 17:48:39,
doosanmetal.com,true,6,257,6400,0,0,2,2,0,0,2026-05-22 17:39:57,
platinumnursingcare.co.uk,true,6,182,13673,2,2,1,1,0,0,2026-04-29 03:54:37,
gpmateo.es,true,6,179,7027,1,2,1,0,1,0,2025-02-26 13:32:35,2026-04-09 17:20:00
gamechangerit.com,true,6,379,11821,0,0,2,0,0,0,2023-04-16 01:45:56,
acesworldwide.net,true,6,2408,3,0,1,1,0,0,0,2023-06-01 11:41:45,
ziarulluiipu.ro,false,6,125,972,1,3,2,0,2,2,2022-05-19 23:13:57,2026-04-25 01:25:50
myktdc.com,true,6,36,6236,0,0,8,0,2,0,2025-09-06 09:36:53,
local.co.zw,true,6,181,4645,0,0,9,0,0,0,2025-08-16 07:35:10,
analoggames.de,true,6,364,28875,0,2,1,0,0,0,2024-09-25 19:45:36,
wdtexblog.com,true,6,104,6667,0,0,8,0,0,0,2025-09-12 20:51:03,
ianforbesng.com,true,6,182,31397,0,0,1,0,0,0,2022-07-18 05:27:58,
globaldiamond.co.uk,false,6,2441,13097,18,13,1,0,0,0,2023-07-25 01:02:53,
chxpressfitness.com,true,6,347,30231,0,0,4,0,0,0,2025-09-27 22:18:05,
seodirectorypro.com,true,6,68,8774360,0,0,1,0,0,1,2026-02-01 08:58:03,
sportularadean.ro,false,6,102,193,10,10,4,0,0,4,2023-11-04 01:18:30,
emt-euroambulance.de,true,6,120,306,0,0,1,0,0,0,2024-03-31 23:56:32,
oryalabs.com,false,6,597,0,5,6,15,7,4,0,2025-11-02 05:25:54,
ijrajournal.com,true,6,3160,14205,0,2,1,0,0,0,2024-09-02 21:07:22,
cyberwebit.com,true,6,490,7824,0,0,1,0,0,0,2025-12-29 12:34:43,
seo-anomaly-alttext.website,true,6,106,160,0,0,1,0,0,0,2025-09-04 13:37:58,
luckiestgamblers.com,true,6,264,62984,0,0,1,0,0,0,2024-09-26 22:32:05,
multiplejobs.jp,true,6,246,25862,0,0,1,0,0,0,2022-09-15 08:58:00,
hammersmith.co.jp,true,6,107,66477,5,4,1,0,0,1,2023-09-17 03:44:16,
pudhe.com,true,6,74,359954949,0,0,2,2,0,2,2026-05-07 15:54:23,
indexaward.com,true,6,52,377736642,0,0,4,4,0,4,2026-05-31 06:08:15,
iacopinigioielli.com,false,6,2985,117,180,63,1,0,0,0,2023-02-22 10:26:58,
zlote-centrum.pl,false,6,273,2,71,26,2,0,0,0,2024-08-30 05:44:40,
meritacitit.ro,false,6,159,110,3,1,1,0,1,1,2024-07-22 16:22:46,2026-04-07 18:00:50
rsdb.ro,false,6,437,4229,11,6,2,0,0,0,2025-03-16 13:35:42,
seo-anomaly-canonical.online,true,6,105,160,0,0,1,0,0,0,2025-08-28 04:00:19,
seo-anomaly-engagement.online,true,6,105,165,0,0,1,0,0,0,2025-08-28 00:01:09,
seo-anomaly-keydensity.online,true,6,106,166,0,0,1,0,0,0,2025-08-28 03:17:32,
seo-anomaly-linkbuilding.site,true,6,105,162,0,0,1,0,0,0,2025-08-28 05:14:04,
seo-anomaly-hreflang.online,true,6,105,160,0,0,1,0,0,0,2025-08-28 10:56:17,
seo-anomaly-index.online,true,6,105,159,0,0,1,0,0,0,2025-08-28 01:01:41,
seo-anomaly-seoaudit.website,true,6,106,160,0,0,1,0,0,0,2025-08-25 20:35:21,
seo-anomaly-crawlbudget.online,true,6,106,159,0,0,1,0,0,0,2025-08-25 18:02:05,
seo-anomaly-metadata.online,true,6,105,159,0,0,1,0,0,0,2025-08-26 16:59:55,
seo-anomaly-crawlbudget.site,true,6,105,160,0,0,1,0,0,0,2025-08-28 08:21:44,
seo-anomaly-linkbuilding.website,true,6,106,164,0,0,1,0,0,0,2025-08-28 08:57:48,
seo-anomaly-engagement.site,true,6,105,168,0,0,1,0,0,0,2025-08-28 02:30:17,
seo-anomaly-linkbuilding.online,true,6,105,160,0,0,1,0,0,0,2025-08-26 00:00:16,
seo-anomaly-backlink.online,true,6,105,160,0,0,1,0,0,0,2025-08-25 20:51:23,
seo-anomaly-snippet.website,true,6,106,159,0,0,1,0,0,0,2025-08-26 03:08:00,
seo-anomaly-indexing.website,true,6,106,159,0,0,1,0,0,0,2025-08-28 02:48:31,
seo-anomaly-keydensity.website,true,6,106,164,0,0,1,0,0,0,2025-08-28 02:22:37,
seo-anomaly-crawling.site,true,6,106,161,0,0,1,0,0,0,2025-08-28 06:39:20,
seo-anomaly-keydensity.site,true,6,105,164,0,0,1,0,0,0,2025-08-27 00:31:05,
seo-anomaly-teacher.site,true,6,105,162,0,0,1,0,0,0,2025-08-28 03:00:37,
seo-anomaly-ctr.website,true,6,106,160,0,0,1,0,0,0,2025-08-28 08:39:01,
seo-anomaly-canonical.website,true,6,106,164,0,0,1,0,0,0,2025-08-27 14:16:35,
seo-anomaly-snippet.online,true,6,105,157,0,0,1,0,0,0,2025-08-26 04:04:21,
seo-anomaly-metadata.site,true,6,105,160,0,0,1,0,0,0,2025-08-25 17:22:47,
seo-anomaly-dofollow.website,true,6,106,160,0,0,1,0,0,0,2025-08-28 05:47:34,
seo-anomaly-domain.website,true,6,107,162,0,0,1,0,0,0,2025-08-25 21:22:49,
seo-anomaly-index.website,true,6,106,162,0,0,1,0,0,0,2025-08-25 18:39:54,
seo-anomaly-dofollow.site,true,6,105,156,0,0,1,0,0,0,2025-08-25 18:06:04,
seo-anomaly-seoaudit.site,true,6,105,162,0,0,1,0,0,0,2025-08-25 20:34:47,
seo-anomaly-domain.site,true,6,106,161,0,0,1,0,0,0,2025-08-25 20:09:17,
seo-anomaly-bounce.site,true,6,104,161,0,0,1,0,0,0,2025-08-28 01:34:45,
seo-anomaly-crawling.website,true,6,105,158,0,0,1,0,0,0,2025-08-28 06:06:04,
seo-anomaly-anchor.website,true,6,105,161,0,0,1,0,0,0,2025-08-26 04:05:39,
seo-anomaly-black.site,true,6,104,162,0,0,1,0,0,0,2025-08-25 18:33:40,
seo-anomaly-seoaudit.online,true,6,104,161,0,0,1,0,0,0,2025-08-28 01:34:42,
seo-anomaly-engagement.website,true,6,105,163,0,0,1,0,0,0,2025-08-28 02:46:02,
seo-anomaly-conversion.website,true,6,106,160,0,0,1,0,0,0,2025-08-25 18:12:22,
seo-anomaly-serp.site,true,6,104,161,0,0,1,0,0,0,2025-08-28 04:18:52,
seo-anomaly-conversion.site,true,6,104,160,0,0,1,0,0,0,2025-08-28 01:35:01,
seo-anomaly-alttext.online,true,6,104,159,0,0,1,0,0,0,2025-08-26 01:08:06,
seo-anomaly-hreflang.website,true,6,105,161,0,0,1,0,0,0,2025-08-25 20:51:22,
seo-anomaly-bounce.website,true,6,105,160,0,0,1,0,0,0,2025-08-28 05:36:47,
seo-anomaly-master.site,true,6,104,161,0,0,1,0,0,0,2025-08-28 01:55:28,
seo-anomaly-serp.online,true,6,104,161,0,0,1,0,0,0,2025-08-28 02:24:14,
seo-anomaly-backlink.website,true,6,105,159,0,0,1,0,0,0,2025-08-25 20:18:25,
seo-anomaly-black.website,true,6,105,162,0,0,1,0,0,0,2025-08-28 00:20:46,
seo-anomaly-authority.online,true,6,104,160,0,0,1,0,0,0,2025-08-26 02:04:15,
seo-anomaly-ctr.online,true,6,104,160,0,0,1,0,0,0,2025-08-28 03:02:07,
seo-anomaly-crawling.online,true,6,104,160,0,0,1,0,0,0,2025-08-28 10:51:21,
seo-anomaly-indexing.site,true,6,104,162,0,0,1,0,0,0,2025-08-26 04:25:52,
seo-anomaly-serp.website,true,6,105,162,0,0,1,0,0,0,2025-08-28 04:47:18,
seo-anomaly-bounce.online,true,6,104,160,0,0,1,0,0,0,2025-08-25 19:39:30,
seo-anomaly-crawlbudget.website,true,6,106,160,0,0,1,0,0,0,2025-08-27 19:01:11,
seo-anomaly-rock.site,true,6,104,162,0,0,1,0,0,0,2025-08-25 19:10:13,
seo-anomaly-conversion.online,true,6,105,160,0,0,1,0,0,0,2025-08-28 04:38:29,
seo-anomaly-metadata.website,true,6,105,160,0,0,1,0,0,0,2025-08-25 21:51:35,
seo-anomaly-black.online,true,6,104,162,0,0,1,0,0,0,2025-08-28 04:04:46,
seo-anomaly-sitemap.online,true,6,104,165,0,0,1,0,0,0,2025-08-28 00:42:16,
seo-anomaly-organic.website,true,6,105,167,0,0,1,0,0,0,2025-08-28 01:29:48,
seo-anomaly-backlink.site,true,6,104,161,0,0,1,0,0,0,2025-08-27 03:16:29,
seo-anomaly-anchor.online,true,6,104,166,0,0,1,0,0,0,2025-08-28 00:36:17,
seo-anomaly-authority.website,true,6,105,159,0,0,1,0,0,0,2025-08-25 19:09:17,
seo-anomaly-snippet.site,true,6,104,161,0,0,1,0,0,0,2025-08-28 02:09:27,
seo-anomaly-ctr.site,true,6,104,165,0,0,1,0,0,0,2025-08-28 04:33:11,
seo-anomaly-anchor.site,true,6,104,160,0,0,1,0,0,0,2025-08-25 17:40:46,
seo-anomaly-organic.site,true,6,104,163,0,0,1,0,0,0,2025-08-25 16:24:19,
seo-anomaly-indexing.online,true,6,104,159,0,0,1,0,0,0,2025-08-25 23:05:24,
seo-anomaly-sitemap.website,true,6,105,160,0,0,1,0,0,0,2025-08-27 19:15:17,
seo-anomaly-domain.online,true,6,104,162,0,0,1,0,0,0,2025-08-25 18:53:07,
seo-anomaly-canonical.site,true,6,104,165,0,0,1,0,0,0,2025-08-26 01:23:10,
seo-anomaly-organic.online,true,6,104,165,0,0,1,0,0,0,2025-08-25 17:16:08,
seo-anomaly-dofollow.online,true,6,104,166,0,0,1,0,0,0,2025-09-06 23:21:13,
seo-anomaly-alttext.site,true,6,104,161,0,0,1,0,0,0,2025-08-27 22:32:24,
seo-anomaly-authority.site,true,6,104,161,0,0,1,0,0,0,2025-08-26 00:56:26,
huppertlawoffice.com,true,6,489,9019,1,6,8,0,0,0,2025-09-27 11:20:28,
vandellimarcelloartist.com,false,6,113,176,0,0,1,0,1,0,2023-06-20 06:20:15,2026-04-05 05:43:22
30movie.ir,true,6,197,1831,0,0,1,0,1,0,2025-08-02 14:37:46,2026-04-03 07:14:34
kitsuke-kyo-roman.com,false,6,2964,32,31,4,2,0,0,0,2022-12-27 12:25:34,
arkanholding.ly,true,6,353,4,0,0,4,0,4,0,2025-10-02 05:56:23,2026-05-20 16:23:09
seo-anomaly-organic.space,true,6,104,157,0,0,1,0,0,0,2025-08-28 12:16:20,
unigrowth-supply.com,true,6,383,20439,0,0,1,0,0,0,2025-10-01 02:05:17,
parafiazaczarnie.pl,true,6,110,6418,232,4,1,0,0,0,2025-10-12 07:39:45,
kidguitarist.com,true,6,204,10628,0,0,1,0,0,0,2025-02-26 16:20:35,
seo-anomaly-sitemap.space,true,6,104,158,0,0,1,0,0,0,2025-08-26 04:44:11,
ralucabrezniceanu.ro,false,6,28,640,927,112,2,0,0,2,2018-12-20 09:21:15,
seo-anomaly-metadata.space,true,6,103,163,0,0,1,0,0,0,2025-08-25 20:01:19,
seo-anomaly-serp.space,true,6,104,156,0,0,1,0,0,0,2025-08-28 03:29:38,
seo-anomaly-seoaudit.space,true,6,103,156,0,0,1,0,0,0,2025-08-26 06:59:53,
seo-anomaly-hreflang.space,true,6,103,159,0,0,1,0,0,0,2025-08-26 06:26:03,
seo-anomaly-crawlbudget.space,true,6,103,156,0,0,1,0,0,0,2025-08-27 19:05:30,
seo-anomaly-snippet.space,true,6,103,158,0,0,1,0,0,0,2025-08-28 03:20:51,
seo-anomaly-linkbuilding.space,true,6,103,158,0,0,1,0,0,0,2025-08-28 00:51:12,
seo-anomaly-domain.space,true,6,104,157,0,0,1,0,0,0,2025-08-28 00:08:36,
seo-anomaly-authority.space,true,6,103,161,0,0,1,0,0,0,2025-08-25 23:23:22,
seo-anomaly-bounce.space,true,6,103,158,0,0,1,0,0,0,2025-08-25 17:25:41,
seo-anomaly-indexing.space,true,6,104,159,0,0,1,0,0,0,2025-08-28 03:01:43,
seo-anomaly-black.space,true,6,103,156,0,0,1,0,0,0,2025-08-25 18:22:00,
seo-anomaly-index.space,true,6,103,158,0,0,1,0,0,0,2025-08-26 01:47:01,
seo-anomaly-ctr.space,true,6,104,157,0,0,1,0,0,0,2025-08-26 22:26:04,
seo-anomaly-canonical.space,true,6,103,160,0,0,1,0,0,0,2025-08-25 22:16:51,
seo-anomaly-keydensity.space,true,6,104,162,0,0,1,0,0,0,2025-08-25 17:24:42,
seo-anomaly-dofollow.space,true,6,103,157,0,0,1,0,0,0,2025-08-28 00:47:51,
seo-anomaly-alttext.space,true,6,103,156,0,0,1,0,0,0,2025-08-25 20:14:19,
seo-anomaly-anchor.space,true,6,103,157,0,0,1,0,0,0,2025-08-26 02:29:44,
seo-anomaly-engagement.space,true,6,103,156,0,0,1,0,0,0,2025-08-27 00:58:53,
seo-anomaly-crawling.space,true,6,104,157,0,0,1,0,0,0,2025-08-28 04:50:21,
seo-anomaly-conversion.space,true,6,103,161,0,0,1,0,0,0,2025-08-25 19:37:52,
seo-anomaly-backlink.space,true,6,103,157,0,0,1,0,0,0,2025-08-25 17:59:56,
quidoo.in,true,5,169,8039,0,0,21,0,0,0,2022-05-25 19:07:31,
fcevents.com.au,true,5,454,20565,0,0,6,0,0,0,2025-11-17 00:53:31,
sasycakeaway.com,true,5,418,9222,0,0,1,0,0,0,2025-08-26 03:29:21,
pagosdiarios.com,true,5,331,13445,0,0,2,2,0,0,2026-05-17 01:09:24,
octoldit.info,true,5,122,10153,0,0,1,0,0,0,2024-01-23 02:35:14,
eastphoenixau.com,false,5,86,0,0,0,1,1,0,0,2026-05-20 00:40:21,
mediumdirectory.com,true,5,33,0,0,0,1,0,1,1,2025-10-22 14:46:36,2026-04-15 18:18:28
sehørehandle.no,true,5,555,16978,0,0,6,6,0,0,2026-05-27 19:21:12,
tozhamai.com,true,5,501,3413,0,2,7,0,5,0,2025-07-28 20:59:54,
hyderabadneurosurgeon.co.in,true,5,294,161,0,0,122,0,115,0,2025-09-27 16:29:13,
vlb.fr,true,5,46,1,0,0,7,7,5,0,2026-05-20 12:02:03,
phuketnews.info,true,5,240,144778,0,0,1,0,0,1,2025-12-24 11:06:48,
tumblrdirectory.com,true,5,39,0,0,0,1,0,1,1,2025-09-29 22:34:47,2026-04-16 12:59:14
diamondlawmiami.com,true,5,407,133,0,0,1,0,1,0,2025-03-14 14:06:57,2026-03-31 12:34:09
phinkidtoys.com,false,5,4812,3301,1779,113,1,0,0,0,2025-09-13 11:37:16,
irreverendos.com,true,5,99,1116,4,1,1,0,0,0,2024-08-16 02:20:10,
vivamosenfamilia.org,true,5,323,17500,0,0,1,1,0,0,2026-04-30 12:13:50,
contentengine.ai,true,5,337,42151,1,3,2,0,0,0,2022-06-14 05:47:55,
theshopsmart.ca,true,5,206,3251,2,1,3,0,0,0,2025-09-26 01:18:09,
assemamed.ly,true,5,500,17939,0,0,4,0,0,0,2025-09-03 12:04:20,
artambalaj.com,false,5,1277,2,242,3,1,0,1,0,2025-12-09 04:59:42,2026-04-25 03:37:58
federacaocrp.org.cv,true,5,250,4432,0,0,10,0,10,0,2025-10-23 02:15:39,2026-06-13 11:46:48
coems.com,true,5,30,3353,0,0,1,1,0,0,2026-06-17 01:49:04,
peterchayward.com,true,5,2059,17717,0,0,2,0,0,0,2024-08-30 08:03:59,
shemezaclouds.com,true,5,360,13756,0,1,2,0,0,2,2022-07-21 20:43:54,
wolfmcgill.com,true,5,202,1310,0,0,1,0,1,0,2025-07-30 23:39:35,2026-04-13 07:08:11
watchesry.com,true,5,142,10817,0,0,1,0,0,0,2025-03-14 15:31:34,
suntech-lift.com,true,5,143,2003,0,0,14,14,0,0,2026-06-28 19:49:57,
douchenbaggan.com,true,5,194,47029,0,0,1,0,0,1,2023-12-08 20:12:26,
hotspot.mg,true,5,223,206,0,0,1,0,1,0,2025-04-01 23:14:03,2026-04-21 19:18:18
julymonday.net,true,5,152,2,0,0,12,0,0,0,2025-04-14 19:57:16,
ivnt.com,true,5,104,13633,0,0,1,0,0,1,2024-06-07 09:10:21,
buurtpreventiealmelo.nl,true,5,118,7233,0,0,1,0,0,0,2024-01-15 05:29:38,
allistingdirectory.com,true,5,88,8777278,0,1,1,0,0,1,2025-10-11 02:00:39,
skillbuzz.org,true,5,235,7608,0,0,2,0,0,0,2025-10-23 08:12:41,
piercing-tattoo-lounge.de,false,5,720,13,2,4,1,0,1,0,2024-03-14 23:34:25,2026-05-25 16:31:07
seoelitedirectory.com,true,5,35,2,0,0,1,0,1,1,2025-09-30 12:17:26,2026-04-19 18:10:46
kishi-hiroyasu.com,false,4.9,119,299,0,0,1,0,0,0,2024-06-06 01:13:40,
still.id.au,false,4.9,149,878,3,2,1,0,0,0,2023-06-19 14:31:52,
artevisual.com.co,true,4.9,189,32,2,1,2,1,1,0,2026-01-02 12:47:50,
linkbuildingdirectory.com,true,4.9,51,1818728,0,0,1,0,1,1,2025-10-01 00:49:56,2026-04-17 01:50:26
eprintex.jp,true,4.9,201,9261,0,0,1,1,0,0,2026-06-11 22:42:13,
privateproperty.pt,true,4.9,517,2492,0,0,1,0,1,0,2025-08-06 14:54:04,2026-04-28 12:38:17
driftmotoshop.com,true,4.9,109,38260,0,1,3,0,1,0,2025-09-25 20:46:13,
drsupply.com.mx,true,4.9,444,30730,0,0,2,0,0,0,2025-09-27 13:48:40,
saaswebdirectory.com,true,4.9,37,0,0,0,1,0,1,1,2025-09-10 21:26:11,2026-04-17 16:41:19
stiridepitesti.ro,false,4.9,143,316,6,5,1,0,0,1,2025-02-27 15:21:02,
webusdirectory.com,true,4.9,39,2,0,0,1,0,1,1,2025-09-26 23:09:10,2026-04-20 04:59:35
verifieddirectory.com,true,4.8,61,0,0,0,1,0,1,1,2025-08-31 23:19:33,2026-04-21 04:29:53
coreoriginator.com,true,4.8,269,0,0,0,1,0,1,0,2025-08-09 07:48:40,2026-04-11 12:40:51
backlinksdirectoryhub.com,true,4.8,31,0,0,0,1,0,1,1,2025-09-26 16:52:50,2026-04-25 00:14:38
lovemagzine.com,true,4.8,100,3,0,0,1,0,0,0,2024-08-26 07:09:57,
rauchconsulting.pl,true,4.8,231,3948,0,2,1,0,0,0,2022-07-14 15:42:43,
topsaasdirectory.com,true,4.8,34,2,0,0,1,0,1,1,2025-10-02 16:30:36,2026-04-21 22:51:34
aiarticledirectory.com,true,4.8,43,0,0,0,1,0,1,1,2025-09-05 06:03:54,2026-04-29 05:35:04
socialrankdirectory.com,true,4.8,30,0,0,0,1,0,1,1,2025-10-08 00:33:17,2026-04-17 00:36:36
businesslistingportal.com,true,4.8,18,8773891,0,0,1,0,0,1,2025-12-16 08:50:33,
seodirectoryzone.com,true,4.7,33,0,0,0,1,0,1,1,2025-08-31 10:07:22,2026-04-19 19:34:03
seologixdirectory.com,true,4.7,32,0,0,0,1,0,1,1,2025-09-18 16:27:48,2026-04-26 06:13:57
dailybibleteaching.com,true,4.7,339,16841,1,1,1,0,0,0,2024-08-30 14:51:34,
yiwu2050.com,true,4.7,353,40559,0,0,1,0,0,0,2025-05-12 05:03:40,
prolistingdirectory.com,true,4.7,29,0,0,0,1,0,1,1,2025-09-27 04:36:59,2026-04-17 03:24:32
linkflowdirectory.com,true,4.7,30,0,0,0,1,0,1,1,2025-10-03 20:08:22,2026-04-19 04:28:11
medhiun.id,true,4.7,84,5863,5,9,1,0,0,0,2024-09-17 10:16:44,
rankvanceagency.info,true,4.7,6,6701131,0,0,1,0,1,1,2025-10-10 18:34:27,2026-05-02 21:37:29
saasdirectoryzone.com,true,4.7,33,0,0,0,1,0,1,1,2025-09-06 20:12:19,2026-04-24 12:38:16
bhs-links-ares.website,true,4.7,124,314,0,0,10,2,0,0,2025-10-13 03:39:59,
topbacklinksdirectory.com,true,4.6,29,0,0,0,1,0,1,1,2025-10-03 13:11:55,2026-04-18 04:23:58
bhs-links-helios.site,true,4.6,122,318,0,0,10,0,0,0,2025-10-02 02:45:53,
almeriavisitasguiadas.com,true,4.6,368,13167,55,3,204,0,24,0,2025-10-02 17:58:15,
tecnividrio.com.ec,true,4.6,182,13444,31,3,60,0,0,0,2026-01-05 09:20:51,
bhs-links-selene.website,true,4.6,124,315,0,0,10,0,0,0,2025-10-04 09:25:44,
bhs-links-hestia.website,true,4.6,124,322,0,0,10,0,0,0,2025-10-01 23:21:31,
bhs-links-uranus.site,true,4.6,122,319,0,0,10,0,0,0,2025-10-01 17:22:14,
bhs-links-ares.online,true,4.6,122,316,0,0,10,0,0,0,2025-10-01 19:32:25,
bhs-links-rhea.site,true,4.6,122,316,0,0,10,0,0,0,2025-10-10 02:37:56,
bhs-links-poseidon.site,true,4.6,123,314,0,0,10,0,0,0,2025-10-09 01:58:38,
bhs-links-artemis.site,true,4.6,122,314,0,0,10,0,0,0,2025-10-01 19:00:11,
bhs-links-aphrodite.site,true,4.6,122,318,0,0,10,0,0,0,2025-10-01 18:05:07,
bhs-links-apollo.online,true,4.6,123,316,0,0,10,0,0,0,2025-10-01 19:46:05,
bhs-links-apollo.site,true,4.6,122,315,0,0,10,0,0,0,2025-10-01 18:25:10,
bhs-links-rhea.website,true,4.6,124,317,0,0,10,0,0,0,2025-10-10 22:47:53,
bhs-links-hera.online,true,4.6,122,315,0,0,10,0,0,0,2025-10-04 18:30:05,
bhs-links-athena.site,true,4.6,122,317,0,0,10,0,0,0,2025-10-01 19:06:42,
bhs-links-hestia.online,true,4.6,122,316,0,0,10,0,0,0,2025-10-01 13:19:24,
bhs-links-poseidon.website,true,4.6,124,318,0,0,10,0,0,0,2025-10-02 19:12:09,
bhs-links-zeus.website,true,4.6,124,313,0,0,10,0,0,0,2025-10-01 19:27:20,
bhs-links-apollo.website,true,4.6,123,308,0,0,10,0,0,0,2025-10-01 15:22:57,
bhs-links-zeus.site,true,4.6,121,316,0,0,10,0,0,0,2025-10-01 20:08:19,
bhs-links-morpheus.site,true,4.6,121,318,0,0,10,0,0,0,2025-10-10 02:42:08,
bhs-links-gaia.online,true,4.6,121,319,0,0,10,0,0,0,2025-10-10 02:59:39,
bhs-links-hades.site,true,4.6,122,315,0,0,10,0,0,0,2025-10-01 18:35:53,
bhs-links-ares.site,true,4.6,122,321,0,0,10,0,0,0,2025-10-13 08:26:00,
bhs-links-artemis.online,true,4.6,121,320,0,0,10,0,0,0,2025-10-04 06:57:39,
bhs-links-persephone.site,true,4.6,121,317,0,0,10,0,0,0,2025-10-10 03:37:44,
bhs-links-uranus.website,true,4.6,123,315,0,0,10,0,0,0,2025-10-01 18:26:54,
bhs-links-hera.site,true,4.6,121,316,0,0,10,0,0,0,2025-10-04 15:21:35,
bhs-links-zeus.online,true,4.6,121,315,0,0,10,0,0,0,2025-10-01 20:40:45,
bhs-links-cronus.site,true,4.6,122,315,0,0,10,0,0,0,2025-10-01 18:15:09,
bhs-links-thanatos.website,true,4.6,124,315,0,0,10,0,0,0,2025-10-01 18:57:25,
bhs-links-hades.online,true,4.6,121,314,0,0,10,0,0,0,2025-10-01 17:13:39,
bhs-links-eros.site,true,4.6,122,316,0,0,10,0,0,0,2025-10-01 20:05:37,
bhs-links-nyx.site,true,4.6,121,313,0,0,10,0,0,0,2025-10-01 17:42:54,
bhs-links-gaia.site,true,4.6,122,315,0,0,10,0,0,0,2025-10-12 03:12:37,
bhs-links-nyx.website,true,4.6,123,316,0,0,10,0,0,0,2025-10-01 16:57:20,
bhs-links-demeter.site,true,4.6,121,322,0,0,10,0,0,0,2025-10-13 02:04:23,
bhs-links-helios.online,true,4.6,121,316,0,0,10,0,0,0,2025-10-01 20:56:11,
bhs-links-dionysus.online,true,4.6,121,316,0,0,10,0,0,0,2025-10-01 19:17:27,
bhs-links-hephaestus.site,true,4.6,121,318,0,0,10,0,0,0,2025-10-16 04:03:39,
bhs-links-dionysus.site,true,4.6,121,317,0,0,10,0,0,0,2025-10-01 17:22:42,
bhs-links-selene.site,true,4.6,121,317,0,0,10,0,0,0,2025-10-02 12:42:59,
bhs-links-thanatos.site,true,4.6,122,315,0,0,10,0,0,0,2025-10-01 19:18:34,
bhs-links-aphrodite.online,true,4.6,121,315,0,0,10,0,0,0,2025-10-01 15:03:46,
bhs-links-hephaestus.online,true,4.6,122,317,0,0,10,0,0,0,2025-10-15 01:30:08,
bhs-links-persephone.online,true,4.6,121,319,0,0,10,0,0,0,2025-10-01 17:55:49,
bhs-links-morpheus.website,true,4.6,123,318,0,0,10,0,0,0,2025-10-10 14:52:08,
bhs-links-hestia.site,true,4.6,122,316,0,0,10,0,0,0,2025-10-15 03:10:03,
bhs-links-persephone.website,true,4.6,123,315,0,0,10,0,0,0,2025-10-01 19:12:35,
bhs-links-aphrodite.website,true,4.6,123,316,0,0,10,0,0,0,2025-10-15 07:58:01,
vintageslcolombo.com,true,4.6,281,29703,0,0,1,0,0,0,2024-02-12 04:11:45,
entratec.com,true,4.6,92,6746,0,0,1,0,0,0,2024-09-27 23:47:18,
ziareph.ro,true,4.6,43,3125,17,6,3,2,0,3,2023-07-08 19:16:52,
infomoldova.ro,false,4.6,22,1112,0,1,2,0,0,2,2022-10-21 07:39:34,
news-mehedinti.ro,false,4.5,147,529,23,2,2,0,0,2,2025-01-31 06:54:50,
productionfunctionusa.com,true,4.5,120,2,0,0,1,0,1,0,2025-09-30 17:24:32,2026-04-09 21:53:00
consentido.com,true,4.5,384,4255,0,0,11,0,0,0,2025-09-27 05:08:56,
bhs-links-rhea.space,true,4.5,120,307,0,0,10,0,0,0,2025-10-05 21:08:58,
bhs-links-morpheus.space,true,4.5,119,309,0,0,10,0,0,0,2025-10-12 03:22:53,
bhs-links-nyx.space,true,4.5,118,307,0,0,10,0,0,0,2025-10-15 00:41:26,
bhs-links-cronus.space,true,4.5,118,310,0,0,10,0,0,0,2025-10-01 21:09:17,
bhs-links-hephaestus.space,true,4.5,117,310,0,0,10,0,0,0,2025-10-01 18:21:04,
bhs-links-poseidon.space,true,4.5,117,310,0,0,10,0,0,0,2025-10-01 17:30:03,
bhs-links-zeus.space,true,4.5,119,305,0,0,10,0,0,0,2025-10-01 16:43:15,
bhs-links-persephone.space,true,4.5,117,308,0,0,10,0,0,0,2025-10-01 22:11:30,
bhs-links-athena.space,true,4.5,119,307,0,0,10,0,0,0,2025-10-02 11:41:46,
bhs-links-gaia.space,true,4.5,117,308,0,0,10,0,0,0,2025-10-01 20:53:40,
bhs-links-selene.space,true,4.5,117,307,0,0,10,0,0,0,2025-10-11 08:11:03,
bhs-links-eros.space,true,4.5,118,311,0,0,10,0,0,0,2025-10-01 17:25:33,
bhs-links-hestia.space,true,4.5,119,308,0,0,10,0,0,0,2025-10-01 23:07:29,
bhs-links-thanatos.space,true,4.5,117,310,0,0,10,0,0,0,2025-10-01 21:48:39,
bhs-links-dionysus.space,true,4.5,117,308,0,0,10,0,0,0,2025-10-13 23:30:33,
bhs-links-uranus.space,true,4.5,118,310,0,0,10,0,0,0,2025-10-07 22:30:51,
bhs-links-hera.space,true,4.5,117,306,0,0,10,0,0,0,2025-10-01 18:52:22,
bhs-links-helios.space,true,4.5,118,308,0,0,10,0,0,0,2025-10-01 17:45:48,
bhs-links-demeter.space,true,4.5,117,308,0,0,10,0,0,0,2025-10-01 16:55:02,
promotstore.com,true,4.4,183,21419,0,0,2,0,0,0,2023-12-26 19:05:27,
pinluo.com,true,4.4,175,246,0,0,1,0,0,0,2025-04-08 23:08:37,
franciscoperezyomaholdings.com,true,4.4,88,1625,2,1,2,0,0,0,2025-03-16 18:39:24,
ju-jutsu-hot.de,true,4.4,178,19,0,0,10,0,0,0,2025-03-20 10:41:18,
luikbedieningen.nl,true,4.4,53,2707,9,7,1,0,1,0,2025-08-19 00:50:58,2026-04-18 08:32:38
bluecantera.com,true,4.4,378,246,0,0,2,0,2,0,2026-02-23 22:35:12,2026-05-08 09:23:15
createit.dev,false,4.4,38,149,13,10,2,1,0,0,2026-02-09 13:09:14,
bhs-links-hades.space,true,4.4,116,307,0,0,10,0,0,0,2025-10-06 22:12:19,
shareevery.day,true,4.4,410,12132,0,0,18,0,0,0,2025-10-14 13:26:01,
paulagallego.es,true,4.3,106,5098,488,12,1,0,0,0,2024-09-03 10:34:17,
tunca.org,true,4.3,65,396889400,0,0,5,5,0,5,2026-05-10 19:03:55,
pagesearch.net,true,4.3,113,398446161,0,0,6,5,0,6,2026-02-18 13:47:06,
bhs-links-genie.online,true,4.3,290,0,0,0,52,0,52,0,2025-07-07 08:46:03,2026-04-12 00:55:16
favicool.com,true,4.3,4,389344,0,0,1,1,0,1,2026-06-19 11:59:38,
bhs-links-crew.online,true,4.2,289,0,0,0,49,0,49,0,2025-06-09 20:07:08,2026-04-20 14:49:45
koloseum.rs,true,4.2,492,979,0,0,7,0,7,0,2025-08-01 01:15:37,2026-05-15 09:04:57
revan-me.com,true,4.2,270,21616,0,0,1,1,0,0,2026-05-14 13:57:26,
jms-company.pl,true,4.2,271,10258,0,0,2,0,0,0,2025-03-09 12:08:18,
stablegeeksstaffing.com,true,4.2,335,34,0,0,1,1,0,0,2026-05-07 19:19:09,
draclaudialossa.com,true,4.2,1390,5044,0,0,2,0,0,0,2025-09-15 19:12:53,
keletdent.hu,true,4.2,358,13823,0,0,18,18,0,0,2026-05-12 03:56:14,
rsintegration.com,true,4.2,256,1991,0,0,1,0,0,0,2025-03-17 18:55:53,
itcvertebraljundiai.com.br,true,4.2,1684,10018,0,4,1,0,0,0,2022-06-29 17:00:48,
betamarkconsult.com,true,4.2,257,10013,0,0,2,0,0,0,2025-07-26 00:43:46,
evilsalesman.com,true,4.1,500,19035,0,0,2,0,0,0,2025-09-03 03:07:54,
tournermontrer.com,true,4.1,169,30849,0,0,1,0,0,0,2023-06-07 11:27:12,
zdrave2003.bg,true,4.1,50,2921,130,27,1,0,1,0,2025-08-12 22:10:31,2026-04-19 19:56:34
chambres-hotes-la-rochelle-le-thou.fr,true,4.1,148,2543,0,0,1,0,0,0,2023-11-02 16:53:13,
teenconcept.com,true,4.1,715,51,0,0,1,0,1,0,2022-06-29 19:05:14,2026-05-05 22:05:32
holo-news.com,true,4.1,141,46410,0,1,1,0,0,0,2023-11-19 01:41:29,
feedc0de.net,true,4,268,3626,0,0,8,0,0,0,2022-02-24 06:07:41,
atelier-athanor.fr,true,4,238,17473,0,0,1,0,0,0,2024-01-09 03:51:49,
evansgrafx.com,true,4,144,5975,0,0,1,0,0,0,2022-06-29 21:53:06,
windfallrafting.xyz,true,4,493,337979,0,0,1,0,1,1,2025-11-18 17:31:13,2026-05-18 02:52:53
timora.ir,true,4,111,2457,0,0,10,0,4,0,2025-12-18 15:05:28,
runningwebsites.net,true,4,72,54752,0,0,1,0,1,1,2026-02-13 03:07:18,2026-04-11 13:44:59
olido.ru,true,4,246,2220,0,0,3,0,3,0,2025-09-28 06:17:36,2026-04-23 23:11:56
autoworldofconcord.com,true,4,111,4504,3,4,4,1,2,0,2025-09-27 19:56:37,
kb.ac.th,true,3.9,77,160,0,0,1,0,0,0,2025-09-09 22:21:16,
manazmentdomacnosti.sk,false,3.9,31,19482,0,0,1,0,1,1,2022-12-02 02:00:14,2026-04-19 04:20:04
mikegurak.com,true,3.9,281,9967,0,0,1,0,1,1,2025-04-01 06:02:32,2026-04-05 22:12:40
uplandlaserdermatology.com,false,3.8,676,2267,195,27,1,0,1,0,2024-08-29 07:06:42,2026-04-09 23:11:25
slkade.com,true,3.8,557,137,0,1,4,0,4,0,2025-12-15 09:13:27,2026-06-16 16:05:42
bbgym.ro,true,3.8,161,15641,0,0,1,0,0,0,2024-11-12 00:21:46,
siteinternet.ro,true,3.8,85,4204,0,0,1,0,0,1,2025-02-27 03:49:47,
johnnysort.dk,false,3.8,138,14,10,1,1,1,0,0,2026-05-27 23:41:36,
qadsmedia.my,true,3.8,334,45701,0,0,1,0,0,0,2025-07-31 22:53:31,
ama-zumagroup.com,true,3.8,285,19588,37,3,4,0,0,0,2025-08-19 00:39:36,
metier-capital.com,true,3.8,282,17658,6,3,4,4,0,0,2026-05-12 20:39:55,
sarvamedical.lk,false,3.8,126,6402,6,5,2,0,0,0,2026-02-08 11:46:06,
fazedoradevideos.com.br,false,3.8,88,282,0,0,2,0,0,0,2025-08-01 00:15:34,
phantom-ilv.com,true,3.8,278,1612,0,0,18,0,18,0,2025-10-04 09:19:59,2026-05-22 04:02:15
awaydays.org,false,3.7,220,0,0,0,1,0,1,0,2022-05-16 19:48:58,2026-04-28 06:50:55
job-interview.ru,true,3.7,215,3174,0,0,4,0,1,0,2023-12-24 00:32:07,
marocscrabble.com,true,3.7,1541,12270,0,0,3,0,0,3,2022-08-03 09:45:22,
algolinkers.com,true,3.7,21,1,0,0,1,0,0,0,2025-12-21 00:48:53,
rankvancelinks.info,true,3.7,66,5922966,0,0,2,0,2,2,2025-10-07 02:30:28,2026-06-02 10:28:07
bhs-links-grow.online,true,3.6,289,0,0,0,45,0,45,0,2025-07-01 22:46:46,2026-04-19 13:16:41
protegecordeiro.com.br,true,3.6,328,18378,0,0,3,1,0,0,2026-01-21 21:10:03,
pokerdog.com,true,3.6,127,21789,0,0,1,0,0,0,2024-09-25 15:09:12,
michlal-school.com,true,3.6,47,8779,2,4,8,0,0,8,2025-04-25 14:07:14,
aradhotspots.ro,true,3.5,88,37,0,0,1,0,0,1,2025-05-11 11:04:07,
ccoai.org,true,3.5,102,0,0,0,1,0,1,0,2024-02-14 19:34:53,2026-04-24 01:41:22
uhtalotekniikka.fi,false,3.5,143,67,4,3,1,0,0,0,2023-11-23 23:48:10,
arrachaz.com,true,3.5,178,8461,0,0,4,0,0,0,2026-01-25 06:52:04,
domainsc.com,true,3.5,74,379419051,0,0,2,2,0,2,2026-04-12 05:30:42,
bhs-links-team.online,true,3.5,287,0,0,0,23,0,23,0,2025-07-01 22:01:04,2026-04-22 16:16:07
mikeiken-works.com,true,3.5,340,35639,0,0,1,0,0,0,2024-09-11 14:59:11,
smartsupplyco.com,false,3.5,132,6,7,4,4,0,2,0,2026-03-06 07:15:05,
sterling3000.co.uk,true,3.5,660,22821,0,0,1,0,0,0,2025-02-28 07:50:14,
tramapolitica.com.ar,true,3.5,8,2435,0,0,1,0,0,0,2025-03-16 11:50:21,
pelitadesa.com,false,3.4,158,19,1006,49,1,0,1,0,2023-12-17 14:46:35,2026-04-18 07:46:20
quangcao.cz,true,3.4,231,45,0,0,18,0,18,0,2025-10-03 00:57:50,2026-05-09 13:12:34
fifemaroc.net,true,3.4,92,6800,0,0,2,1,0,0,2023-11-08 01:49:36,
entez.com,false,3.4,38,7,0,0,2,0,0,2,2026-01-13 19:25:43,
pei-studyabroad.com,true,3.4,246,13,0,1,1,0,0,0,2024-09-19 11:47:58,
breakoutaccelerator.org.au,false,3.4,209,23,98,4,1,0,0,0,2023-06-06 00:04:11,
optimumhealthcaregroup.com,true,3.4,254,5288,0,0,2,0,0,0,2025-08-29 07:43:18,
thebohemiancrown.com,true,3.3,297,464,1,1,1,0,0,0,2023-06-10 04:30:45,
koaia.pl,true,3.3,200,6924,0,0,20,0,0,0,2025-12-10 04:27:58,
westlondon-dogtrainer.co.uk,true,3.3,190,46487,0,0,2,0,0,2,2023-07-09 20:19:59,
sickautos.com,true,3.3,448,65734,0,0,29,28,0,29,2023-02-05 11:16:24,
clintbakerphotography.com,true,3.3,260,10556,0,0,2,2,2,0,2026-04-25 15:36:50,2026-06-26 08:52:52
portlandlandscapepros.com,true,3.3,241,5624,7,1,3,0,0,0,2025-11-30 15:17:17,
bjcopyright.com.cn,true,3.3,57,9050,0,0,1,0,0,1,2024-10-02 11:00:06,
mpsbounce.com,true,3.3,154,7351,0,1,4,0,0,0,2025-10-02 16:55:54,
avanate.es,true,3.3,185,11,0,0,1,0,0,0,2024-10-01 01:10:48,
hristic.ro,true,3.3,67,4708,0,0,2,0,0,0,2025-09-25 10:04:51,
timsmagazines.com,true,3.3,180,29,108,28,1,1,1,0,2026-04-27 02:14:56,2026-05-25 02:13:40
bhs-links-blastup.online,true,3.3,269,0,0,0,33,0,33,0,2025-06-26 06:19:00,2026-04-20 02:43:49
letscallitsteve.com,false,3.3,49,313,0,0,9,0,1,0,2023-04-03 10:57:38,
allanjensengulve.dk,true,3.3,204,12162,0,0,4,0,0,0,2025-08-31 00:03:35,
elegancecleanerslb.com,true,3.3,332,16936,0,0,1,0,0,0,2023-11-25 18:53:20,
rickcue.com,true,3.3,287,5,0,0,1,0,1,0,2024-10-09 14:36:40,2026-04-12 01:55:08
pacteanoia.cat,true,3.2,173,582,0,0,1,0,1,0,2025-11-23 05:07:33,2026-04-28 12:18:00
brandschutz.berlin,false,3.2,4,32,63,12,9,0,5,0,2026-03-21 03:36:04,
ky-translations.de,true,3.2,104,15380,0,1,1,0,0,0,2023-03-08 00:51:42,
bhs-links-power.online,true,3.2,288,0,0,0,23,0,23,0,2025-07-01 22:31:37,2026-04-14 01:55:18
tradeapps.id,true,3.2,66,227610,0,0,1,0,1,1,2025-07-30 03:25:42,2026-04-16 04:12:24
devicenice.icu,true,3.2,511,990031,0,0,1,1,0,1,2026-06-26 02:35:11,
caligreek.com,true,3.2,25,18,0,0,1,0,1,0,2025-10-02 17:29:16,2026-04-05 04:48:52
tandheelkunde-centrum.nl,true,3.2,153,5714,6,3,4,0,0,0,2025-02-04 20:57:58,
toptabu.ro,false,3.2,105,355,0,0,1,0,1,1,2019-12-06 17:06:44,2026-05-14 22:15:29
heavyandthebeast.co.ke,true,3.2,20,1200,0,0,1,0,0,0,2025-04-08 04:57:45,
accessfood.icu,true,3.2,504,1115118,0,0,1,1,0,1,2026-06-15 09:01:25,
packwant.icu,true,3.2,501,984175,0,0,1,1,0,1,2026-06-14 13:08:47,
monthmean.icu,true,3.2,503,956290,0,0,2,2,0,2,2026-06-14 08:34:38,
mealsky.icu,true,3.2,494,1117499,0,0,2,2,0,2,2026-06-14 04:27:13,
destroyfan.icu,true,3.2,497,1117443,0,0,2,2,0,2,2026-06-14 09:47:16,
unionban.icu,true,3.2,497,1117000,0,0,2,2,0,2,2026-06-18 17:27:56,
shoplogist.com,true,3.2,165,54,0,0,1,1,1,0,2026-05-09 02:48:10,2026-05-23 03:13:29
boomowner.icu,true,3.2,493,985550,0,0,1,1,0,1,2026-06-26 02:26:34,
gneexpo.net,true,3.2,309,3147,0,0,2,0,0,0,2024-11-26 02:35:44,
muc-advisory.com,true,3.1,349,440,0,0,2,0,0,0,2025-07-23 22:47:53,
violationfunding.com,true,3.1,183,348419,0,0,127,0,0,127,2025-12-20 13:28:18,
einka.is,true,3.1,15,0,0,1,1,0,0,0,2023-05-26 03:11:10,
brainygains.com,true,3.1,100,1107,0,0,1,0,0,0,2023-06-21 22:15:54,
prettyhaircali.com,true,3.1,59,13592,0,0,1,0,0,0,2023-04-06 20:36:47,
baandeehomedesign.com,true,3.1,252,73,0,0,2,0,2,0,2025-09-17 10:46:31,2026-05-21 12:38:11
rosemirfolhas.com.br,true,3.1,358,12204,0,0,18,0,0,0,2025-09-30 18:42:17,
bhs-links-smart.online,true,3.1,288,0,0,0,59,0,59,0,2025-06-09 12:07:20,2026-04-12 14:56:49
rimarticolitecnici.it,true,3.1,182,2636,0,0,5,0,0,0,2025-10-03 05:24:11,
spider666.icu,true,3.1,507,1116886,0,0,2,2,0,2,2026-06-15 19:54:51,
coolland.net,true,3.1,439,17516,0,0,20,0,0,0,2026-01-06 08:48:57,
ainformation.xyz,true,3.1,869,472075,0,0,2,0,2,2,2025-11-20 13:41:18,2026-06-01 05:54:38
bayardheimer.com,true,3.1,167,9624,0,0,1,0,0,0,2024-09-21 16:56:49,
mksync.com,true,3.1,75,0,0,0,2,0,2,0,2025-11-20 17:51:31,2026-04-21 10:52:32
mandachisme.com,true,3.1,39,614,1,2,2,0,0,2,2021-03-30 04:33:04,
oradedolj.ro,false,3,25,114,0,1,1,0,0,1,2024-05-25 03:19:16,
meteovelo.fr,true,3,185,3445,0,0,2,0,0,0,2025-02-05 16:28:14,
bestwebstats.com,true,3,60,358519387,0,0,2,2,1,2,2026-05-11 09:06:35,
xiuxianpu.icu,true,3,502,1116943,0,0,2,2,0,2,2026-06-14 02:23:16,
eliterankdirectory.com,true,3,13,8750159,0,0,1,0,0,1,2026-01-27 05:54:25,
equipetrol.com.ec,true,3,135,9073,3,2,148,0,1,0,2025-12-22 03:07:54,
labvirtus.com.br,true,2.9,334,66246,3,1,21,0,0,21,2025-08-31 10:01:44,
asege.es,true,2.9,214,198,0,0,1,0,1,0,2025-08-27 02:13:51,2026-04-19 03:32:41
rollanarquitectura.com,true,2.9,446,4237,102,29,1,0,0,0,2025-09-26 07:18:27,
centrumperto.pl,true,2.9,114,8039,0,0,8,0,0,0,2026-02-08 19:56:30,
olenamakukha.com,true,2.8,111,15404,0,0,1,0,0,0,2023-10-03 18:50:02,
enfoques.pe,true,2.8,284,19380,0,1,2,0,0,0,2024-09-18 08:22:37,
cyrfitness.fr,true,2.8,137,207,0,0,1,0,0,0,2023-09-30 16:33:08,
apeservicesinc.com,true,2.8,134,2116,0,0,2,0,0,0,2025-07-29 03:27:27,
defendingdads.org,true,2.8,187,547,0,0,1,0,0,0,2024-09-07 00:34:06,
yolospeak.pl,true,2.8,327,90022,0,0,5,0,5,5,2024-12-21 01:44:57,2026-04-26 16:12:01
minatomotors.com,true,2.8,221,23556,0,0,2,2,0,0,2026-04-28 17:39:46,
bhs-links-frame.online,true,2.8,311,0,0,0,3,0,3,0,2025-06-30 23:49:42,2026-04-18 06:14:35
isomannederland.nl,false,2.8,123,999,0,1,1,0,0,0,2025-12-19 00:31:42,
appliedomics.com,true,2.7,302,30611,0,0,2,1,0,0,2024-07-13 19:54:38,
braemhof.ch,true,2.7,199,3476,0,0,10,0,0,0,2025-08-04 17:57:20,
thiennguyen.icu,true,2.7,502,694831,0,0,1,1,0,1,2026-06-15 01:19:53,
xuongkimcuong.com,true,2.7,212,4290,0,0,2,0,2,0,2025-08-19 16:02:48,2026-04-20 12:52:11
miu-nail.com,true,2.7,299,4761,0,0,1,0,1,0,2024-10-05 00:28:10,2026-05-31 02:35:43
linksnatcher.com,true,2.7,84,396334832,0,0,2,2,0,2,2026-05-11 23:59:58,
cdga.ie,true,2.7,94,8265,14,5,1,1,0,0,2026-06-15 04:56:18,
kiarashdoost.ir,true,2.7,94,8861,0,0,7,0,1,0,2025-10-14 13:19:39,
skills-ph.com,true,2.7,186,6701,0,0,1,0,1,0,2025-04-28 20:10:33,2026-04-21 06:42:54
gbrands.co.ke,true,2.7,217,19442,0,0,6,2,0,0,2025-08-20 04:57:33,
modernatucasa.com,true,2.7,1396,10554,0,0,2,0,0,0,2025-12-21 15:51:13,
tominosuke.jp,true,2.6,330,40353,0,0,2,0,0,0,2025-03-29 08:37:03,
glassdeep.com,true,2.6,205,8701,0,0,1,0,0,0,2024-09-20 14:32:59,
fenshen.icu,true,2.6,552,996778,0,0,1,1,0,1,2026-06-26 02:40:18,
g7bet.icu,true,2.6,512,1110921,0,0,1,1,0,1,2026-06-14 18:10:36,
drolmedo.com,true,2.6,127,726,0,0,8,0,8,0,2025-07-26 00:15:54,2026-04-25 00:21:42
sdeflores.com,true,2.6,156,458,0,0,1,0,0,0,2022-05-15 08:36:50,
laundrytouch.com,true,2.6,80,3131,0,0,1,1,0,0,2026-05-14 04:13:29,
michaelbfischer.at,true,2.6,287,2,0,0,3,0,1,0,2025-10-20 05:21:34,
natureldrop.com.tr,true,2.6,90,115,54,5,2,0,2,0,2025-08-25 21:45:18,2026-06-24 11:19:09
urhelper.com,true,2.6,67,46440,0,0,1,0,0,1,2022-01-21 00:36:06,
arteza.fr,true,2.6,214,13,0,0,1,0,1,0,2026-03-17 03:03:07,2026-04-13 05:24:35
wallpapsy.com,true,2.6,236,9280,0,0,1,0,1,0,2024-11-01 13:22:04,2026-03-30 01:56:39
topten.vip,true,2.6,247,23,0,0,2,2,2,0,2026-04-23 04:58:20,2026-05-13 14:40:08
ixcha.com,true,2.6,278,32138,0,6,3,0,0,0,2023-10-27 01:52:32,
primecompanydirectory.com,true,2.6,22,8761751,0,0,1,0,0,1,2026-01-04 01:44:37,
togobox.com,true,2.6,322,29146,0,0,18,0,0,0,2025-12-06 06:07:55,
wavednet.com,true,2.5,640,10734,4,2,99,0,0,0,2025-09-29 15:05:33,
sccclearning.com,true,2.5,146,6075,0,0,2,2,0,0,2026-05-06 07:47:25,
gopbmx.pl,true,2.5,228,4151,4,1,1,0,0,0,2025-07-01 15:34:26,
bhs-links-glow.online,true,2.5,296,0,0,0,35,0,35,0,2025-06-30 23:33:31,2026-04-21 02:31:23
websitesea.com,true,2.5,64,32291802,0,0,1,0,0,1,2026-02-13 03:38:11,
sporstcenter.com,true,2.5,69,204506354,0,0,1,1,1,1,2026-05-20 04:38:19,2026-06-23 13:33:29
mosaiccargo.com,true,2.5,115,5323,0,0,26,26,0,0,2026-05-01 02:31:49,
online-biblesalon.com,true,2.5,115,4,0,0,1,0,1,0,2025-02-25 15:12:18,2026-06-12 17:09:37
bestperformanceteam.it,true,2.5,38,3,0,0,14,0,0,0,2026-01-28 06:39:29,
maxoilsac.com,true,2.5,282,1,0,0,4,1,1,0,2026-02-06 02:39:47,
onelife-4.com,true,2.5,252,4,0,0,6,6,6,0,2026-05-01 15:24:03,2026-05-18 02:42:23
power-essays.icu,true,2.4,502,1111022,0,0,1,1,0,1,2026-06-14 19:38:53,
jgpaintingandremodeling.net,true,2.4,173,16454,0,0,16,16,0,0,2026-05-17 20:48:03,
jasshpharma.com,true,2.4,31,768,0,0,2,0,2,0,2025-08-31 09:55:58,2026-04-11 11:02:11
tbab953.icu,true,2.4,529,445631,0,0,1,1,0,1,2026-06-12 21:47:51,
bhs-links-gain.online,true,2.4,300,0,0,0,32,0,32,0,2025-07-02 10:48:13,2026-04-21 02:34:56
akademiachinskiego.pl,false,2.4,85,13048,0,3,1,0,1,1,2023-12-16 04:04:37,2026-06-09 03:03:58
gregmichener.com,true,2.4,137,15,0,0,1,0,1,0,2024-09-01 02:08:25,2026-04-23 17:25:24
vershoekschewaard.nl,true,2.4,40,134,0,0,1,0,0,0,2024-11-24 22:27:25,
energigon.pt,false,2.4,121,4,62,1,7,2,3,0,2026-02-01 15:23:34,
bhs-links-hub.online,true,2.4,287,0,0,0,14,0,14,0,2025-05-30 00:58:53,2026-04-22 21:29:49
anadala.co.za,true,2.4,214,15065,0,0,10,0,0,0,2026-03-18 19:39:51,
read.org.in,true,2.3,40,394814370,0,0,2,1,0,2,2025-12-30 09:05:39,
sallandsevoetbaldagen.nl,true,2.3,191,12120,2,1,1,0,0,0,2023-11-30 17:08:37,
potatoplus.icu,true,2.3,482,1114962,0,0,1,1,0,1,2026-06-14 20:26:01,
freespinsnodeposituk.icu,true,2.3,541,1115946,0,0,2,2,0,2,2026-06-12 21:16:15,
xoivotv.icu,true,2.3,519,1116888,0,0,2,2,0,2,2026-06-13 10:56:50,
bhs-links-clicker.online,true,2.3,290,0,0,0,22,0,22,0,2025-06-26 00:47:34,2026-04-22 08:37:42
neighborhoodsal.com,true,2.3,248,14430,0,0,18,0,0,0,2026-02-04 07:48:20,
ruralaffinity.icu,true,2.3,503,1117188,0,0,2,2,0,2,2026-06-13 22:14:32,
bhs-links-hive.online,true,2.3,295,0,0,0,44,0,44,0,2025-06-26 23:56:53,2026-04-18 10:16:47
ancagogu.ro,true,2.3,119,6525,0,0,1,0,0,0,2025-03-22 01:08:54,
wikiheb.icu,true,2.3,508,1117297,0,0,2,2,0,2,2026-06-17 17:33:17,
realvaluepharmacynyc.com,true,2.3,276,13873,6,8,3,0,0,0,2023-04-02 07:25:29,
marketinghospitalityco.com,true,2.3,172,12544,0,0,2,0,0,0,2024-11-17 12:58:13,
seo-anomaly-mexico.online,true,2.3,54,209,0,0,3,0,2,0,2025-11-12 02:14:33,
pokerstarsnodepositbonus.icu,true,2.3,538,1114914,0,0,2,2,0,2,2026-06-13 10:22:58,
jumbabetnodepositbonus.icu,true,2.3,548,1117417,0,0,2,2,0,2,2026-06-14 04:25:27,
newcasinonodepositbonuscodes.icu,true,2.3,536,10989,0,0,1,1,1,1,2026-06-11 22:57:23,2026-06-25 22:46:12
nodepositbonuscasino.icu,true,2.3,533,510415,0,0,1,1,0,1,2026-06-13 02:08:13,
katscasinonodepositbonuscodes.icu,true,2.3,526,761519,0,0,1,1,0,1,2026-06-18 02:26:18,
bhs-links-tracker.online,true,2.3,291,0,0,0,44,0,44,0,2025-06-30 23:16:11,2026-04-22 02:09:46
statescarrental.com.au,true,2.3,36,607,0,0,1,0,1,0,2025-03-20 14:30:46,2026-04-14 03:59:06
pacificspinscasinonodepositbonus.icu,true,2.3,528,1099142,0,0,1,1,0,1,2026-06-18 17:39:47,
bhs-links-stack.online,true,2.3,307,171,0,0,102,0,0,0,2025-08-16 14:13:29,
ozwincasinonodepositbonus.icu,true,2.2,539,1113231,0,0,1,1,0,1,2026-06-15 17:44:26,
miamiclubcasinonodepositbonus.icu,true,2.2,538,1101196,0,0,1,1,0,1,2026-06-17 20:13:08,
lionslotsnodepositbonuscodes.icu,true,2.2,532,709709,0,0,1,1,0,1,2026-06-18 00:03:54,
funclubcasinonodepositbonus.icu,true,2.2,533,1116510,0,0,2,2,0,2,2026-06-12 23:43:05,
dreamcasinonodepositbonuscode.icu,true,2.2,522,995778,0,0,2,2,0,2,2026-06-14 06:43:50,
mrocasinonodepositbonus.icu,true,2.2,522,4427,0,0,1,1,1,1,2026-06-12 01:55:57,2026-06-26 01:47:07
clubplayercasino150nodepositbonuscodes2023.icu,true,2.2,529,1117582,0,0,2,2,0,2,2026-06-17 03:43:54,
netbetcasinonodepositbonus.icu,true,2.2,533,1117127,0,0,2,2,0,2,2026-06-19 04:31:54,
dreamscasinonodepositbonuscodes.icu,true,2.2,532,866673,0,0,1,1,0,1,2026-06-17 16:11:14,
rubyslots100nodepositbonus2023.icu,true,2.2,527,2302,0,0,1,1,1,1,2026-06-12 03:28:45,2026-06-26 03:35:34
katscasinonodepositbonus.icu,true,2.2,523,979649,0,0,2,2,0,2,2026-06-17 12:39:53,
nodepositfreespins.icu,true,2.2,534,1117120,0,0,2,2,0,2,2026-06-16 12:54:11,
rippercasinonodepositbonuscodes.icu,true,2.2,520,1115524,0,0,2,2,0,2,2026-06-18 01:06:06,
freecashnodepositbonuscasino.icu,true,2.2,529,1117562,0,0,2,2,0,2,2026-06-16 17:03:32,
shazamcasinonodepositbonus.icu,true,2.2,525,1111580,0,0,1,1,0,1,2026-06-25 00:54:43,
freespinsonregistrationnodeposit.icu,true,2.2,522,1117495,0,0,2,2,0,2,2026-06-16 07:01:14,
paydaycasinonodepositbonus.icu,true,2.2,535,1006049,0,0,1,1,0,1,2026-06-25 15:15:37,
oltelean.com,true,2.2,117,333,0,0,2,0,0,2,2018-09-13 03:52:03,
elroyalecasinonodepositbonus.icu,true,2.2,526,1115399,0,0,1,1,0,1,2026-06-16 02:59:44,
75nodepositbonuscodesunriseslots.icu,true,2.2,522,1117380,0,0,2,2,0,2,2026-06-14 01:07:31,
duckyluckcasinonodepositbonus.icu,true,2.2,516,781969,0,0,1,1,0,1,2026-06-15 10:08:26,
cryptoleocasinonodepositbonus.icu,true,2.2,524,879178,0,0,2,2,0,2,2026-06-17 09:35:53,
yabbycasino225nodepositbonuscodes.icu,true,2.2,519,1116997,0,0,2,2,0,2,2026-06-13 05:40:20,
protonjon.com,true,2.2,87,47210,0,1,2,0,0,2,2024-09-19 06:53:37,
gossipslotsnodepositbonus.icu,true,2.2,526,1113613,0,0,1,1,0,1,2026-06-18 18:42:55,
luckycharmssweepstakescasinonodepositbonus.icu,true,2.2,521,1117603,0,0,2,2,0,2,2026-06-17 03:08:59,
archergroupinvestments.com,true,2.2,286,16172,0,0,72,0,0,0,2025-10-05 16:26:21,
sunriseslotsnodepositbonus2024.icu,true,2.2,517,995494,0,0,2,2,0,2,2026-06-16 15:28:00,
sunriseslots100nodepositbonus.icu,true,2.2,520,1117365,0,0,2,2,0,2,2026-06-13 22:56:29,
luckcasinonodepositbonus.icu,true,2.2,526,1115614,0,0,1,1,0,1,2026-06-17 23:55:10,
candylandcasinonodepositbonus.icu,true,2.2,518,1116726,0,0,2,2,0,2,2026-06-13 09:21:32,
spindimensionnodepositbonus.icu,true,2.2,503,787670,0,0,1,1,0,1,2026-06-17 08:18:23,
slotscapitalcasino.icu,true,2.2,512,1117261,0,0,2,2,0,2,2026-06-16 03:43:15,
50nodepositbonuscasinoextreme.icu,true,2.2,515,1117342,0,0,2,2,0,2,2026-06-13 22:42:56,
abigcandycasinonodepositbonus.icu,true,2.2,512,1117371,0,0,2,2,0,2,2026-06-14 00:29:38,
jumbabetnodepositbonuscodes.icu,true,2.2,522,1117690,0,0,2,2,0,2,2026-06-17 09:31:12,
vegas2web100freespins.icu,true,2.2,518,359524,0,0,1,1,1,1,2026-06-12 09:05:49,2026-06-26 08:55:41
down5.icu,true,2.2,474,989108,0,0,1,1,0,1,2026-06-14 05:19:17,
newnodepositcasinos.icu,true,2.2,515,1111267,0,0,1,1,0,1,2026-06-15 19:10:38,
lionslotsnodepositbonus.icu,true,2.2,508,1115666,0,0,1,1,0,1,2026-06-17 17:59:00,
kudoscasinonodepositbonus.icu,true,2.2,513,1117342,0,0,2,2,0,2,2026-06-19 07:30:34,
freecashnodepositcasino.icu,true,2.2,511,1117369,0,0,2,2,0,2,2026-06-13 17:58:48,
slotscapital.icu,true,2.2,508,2223,0,0,1,1,1,1,2026-06-11 19:30:30,2026-06-25 19:10:36
bhs-links-flow.online,true,2.2,290,0,0,0,49,0,49,0,2025-06-14 00:14:52,2026-04-17 02:45:32
kongcash.icu,true,2.2,499,1107454,0,0,1,1,0,1,2026-06-18 03:41:20,
captainspeaking.com.pl,true,2.2,181,7562,0,0,1,0,0,0,2025-09-04 11:07:12,
velvetspinnodepositbonuscodes2024active.icu,true,2.2,489,1113003,0,0,1,1,0,1,2026-06-14 03:30:36,
bhs-links-hacks.online,true,2.2,291,0,0,0,73,0,73,0,2025-06-30 22:41:07,2026-04-20 07:18:27
lionsslotsnodepositbonus.icu,true,2.2,514,1116679,0,0,2,2,0,2,2026-06-12 17:40:46,
laroutedelasoie.fr,true,2.2,129,6931,0,0,1,0,0,0,2024-09-27 10:00:19,
slotslv100nodepositbonuscodes.icu,true,2.2,502,1117398,0,0,2,2,0,2,2026-06-13 10:22:30,
miraxcasinonodepositbonus.icu,true,2.2,507,870786,0,0,1,1,0,1,2026-06-15 03:19:05,
diclofenac.icu,true,2.2,638,1115420,0,0,2,2,0,2,2026-06-12 17:56:24,
bhs-links-funnel.online,true,2.2,302,0,0,0,32,0,32,0,2025-06-23 23:00:47,2026-04-22 14:44:57
bhs-links-growth.online,true,2.2,300,0,0,0,37,0,37,0,2025-06-26 10:38:36,2026-04-22 06:52:06
comicplaycasinonodepositbonus.icu,true,2.2,507,1115119,0,0,1,1,0,1,2026-06-14 06:22:47,
mp3-here.icu,true,2.2,522,1116854,0,0,2,2,0,2,2026-06-17 13:58:21,
zahnarzt-eckelmann.de,false,2.2,1561,705,0,1,1,0,0,0,2023-05-08 10:49:36,
ercbusinesssolutions.com,true,2.2,149,2405,11,5,1,0,0,0,2025-03-20 00:12:55,
ftwbet.icu,true,2.2,511,659499,0,0,1,1,0,1,2026-06-12 12:44:28,
bhs-links-engine.online,true,2.2,292,0,0,0,58,0,58,0,2025-06-13 05:07:46,2026-04-19 01:24:21
slotmadness100nodepositbonuscodes.icu,true,2.2,497,467433,0,0,1,1,1,1,2026-06-11 17:01:40,2026-06-25 17:03:30
wohnungnein.icu,true,2.2,506,740711,0,0,1,1,0,1,2026-06-17 23:58:48,
plucking-fingers.com,true,2.1,67,1,0,0,1,0,1,0,2024-09-26 23:16:26,2026-04-26 01:37:23
wallpapers.pro,true,2.1,33,402002379,0,0,6,6,0,6,2026-04-29 22:16:39,
indians.cc,true,2.1,49,394346047,0,0,2,2,0,2,2026-05-09 11:03:37,
maintuna55.icu,true,2.1,541,1117612,0,0,2,2,0,2,2026-06-19 19:17:55,
breadfruit.me,true,2.1,215,4303,2,1,1,1,0,0,2026-04-08 07:20:12,
trueffortunecasinonodepositbonus.icu,true,2.1,494,1113095,0,0,1,1,0,1,2026-06-15 00:58:25,
ramzana.com,true,2.1,34,5586,29,8,1,0,0,0,2025-02-25 21:17:49,
bhs-links-ass.online,true,2.1,287,0,0,0,41,0,41,0,2025-06-26 20:43:05,2026-04-23 22:32:42
bhs-links-vault.online,true,2.1,277,0,0,0,44,0,44,0,2025-06-21 21:11:08,2026-04-19 09:58:33
tuna55.icu,true,2.1,501,1117658,0,0,2,2,0,2,2026-06-17 05:31:57,
bhs-links-wave.online,true,2.1,286,0,0,0,35,0,35,0,2025-06-30 23:45:49,2026-04-22 14:18:04
bhs-links-powerup.online,true,2.1,294,0,0,0,52,0,52,0,2025-06-30 22:33:39,2026-04-22 14:51:00
bhs-links-rankboost.online,true,2.1,294,0,0,0,11,0,11,0,2025-05-31 08:08:24,2026-04-20 02:38:56
bets-az.icu,true,2.1,569,1115219,0,0,1,1,0,1,2026-06-15 08:39:23,
bhs-links-jump.online,true,2.1,292,0,0,0,49,0,49,0,2025-06-09 15:12:52,2026-04-20 02:25:36
bhs-links-meta.online,true,2.1,282,0,0,0,33,0,33,0,2025-07-05 12:52:51,2026-04-20 12:14:32
clomidonline.icu,true,2.1,580,2211,0,0,1,1,1,1,2026-06-11 18:05:42,2026-06-25 18:09:45
bhs-links-fixer.online,true,2.1,292,0,0,0,39,0,39,0,2025-06-30 22:45:18,2026-04-12 05:23:54
bhs-links-spark.online,true,2.1,302,0,0,0,34,0,34,0,2025-06-30 23:30:24,2026-04-20 12:07:58
bhs-links-turbo.online,true,2.1,302,0,0,0,59,0,59,0,2025-06-27 14:05:23,2026-04-22 20:54:10
bhs-links-direct.online,true,2.1,289,0,0,0,28,0,28,0,2025-06-24 02:26:21,2026-04-16 03:45:13
okestream.icu,true,2.1,529,1117499,0,0,2,2,0,2,2026-06-13 15:40:53,
secabinets.com.au,false,2.1,182,2,2,5,3,2,0,0,2026-02-01 23:02:11,
bhs-links-zone.online,true,2.1,297,0,0,0,23,0,23,0,2025-06-18 16:00:50,2026-04-23 03:13:35
kick-it-soccer.com,true,2.1,124,7054,0,0,1,1,0,0,2026-06-28 14:02:33,
zofran.icu,true,2.1,614,758544,0,0,1,1,0,1,2026-06-13 13:08:40,
bhs-links-echo.online,true,2.1,297,0,0,0,52,0,52,0,2025-06-24 19:15:45,2026-04-21 14:23:59
bhs-links-pump.online,true,2.1,293,0,0,0,25,0,25,0,2025-06-25 18:06:19,2026-04-19 06:13:55
rentalmobilbangka.xyz,true,2.1,293,251867,0,0,1,0,1,1,2025-12-06 11:17:54,2026-06-05 00:29:46
centrotandem.it,true,2,132,5343,0,0,2,0,1,0,2025-05-15 19:17:41,
finlandiacasino.icu,true,2,536,1115503,0,0,1,1,0,1,2026-06-15 17:10:35,
slutcams.icu,true,2,625,191536,0,0,1,1,1,1,2026-06-12 10:38:31,2026-06-26 10:22:30
cortedeifornai.it,true,2,100,9047,0,0,18,10,0,0,2026-02-19 14:07:21,
playslotsonline.icu,true,2,653,1116424,0,0,2,2,0,2,2026-06-12 19:10:58,
bhs-links-info.online,true,2,282,0,0,0,40,0,40,0,2025-06-18 13:20:54,2026-04-21 16:53:56
bhs-links-stacker.online,true,2,291,0,0,0,43,0,43,0,2025-06-26 17:21:08,2026-04-16 23:05:34
bhs-links-edge.online,true,2,290,0,19,1,51,0,51,0,2025-06-18 17:15:07,2026-04-21 14:56:20
bhs-links-surgeup.online,true,2,289,0,0,0,18,0,18,0,2025-07-02 11:59:58,2026-04-10 21:56:09
bhs-links-bubs.online,true,2,281,0,0,0,39,0,39,0,2025-06-24 06:21:27,2026-04-22 01:09:19
bhs-links-insight.online,true,2,292,0,0,0,18,0,18,0,2025-06-23 21:15:07,2026-04-19 12:24:01
bhs-links-jumpstart.online,true,2,295,0,0,0,24,0,24,0,2025-07-01 19:50:43,2026-04-17 16:47:05
prismbot.icu,true,2,523,6583,0,0,1,1,1,1,2026-06-11 14:14:19,2026-06-25 14:18:50
oripoker.icu,true,2,506,239673,0,0,1,1,1,1,2026-06-12 04:59:34,2026-06-26 04:49:41
gay-porno.icu,true,2,509,1007980,0,0,2,2,0,2,2026-06-13 23:35:11,
ku33.icu,true,2,506,1114151,0,0,2,2,0,2,2026-06-14 09:40:00,
diform-apporal.icu,true,2,487,1007704,0,0,1,1,0,1,2026-06-25 21:36:07,
v9poker.icu,true,2,503,1117162,0,0,2,2,0,2,2026-06-15 23:40:37,
lfp-service.de,true,2,38,42709,0,0,8,4,0,8,2025-07-30 20:53:10,
ku99.icu,true,2,511,1117342,0,0,2,2,0,2,2026-06-14 08:20:21,
bhs-links-checker.online,true,2,286,0,0,0,44,0,44,0,2025-06-01 13:11:05,2026-04-19 01:57:37
bhs-links-finder.online,true,2,289,0,0,0,22,0,22,0,2025-07-01 22:01:39,2026-04-20 14:51:20
bhs-links-storm.online,true,2,288,0,0,0,44,0,44,0,2025-06-18 19:19:49,2026-04-20 02:19:13
bhs-links-stats.online,true,2,292,0,0,0,48,0,48,0,2025-06-24 15:07:14,2026-04-22 04:46:34
bhs-links-blaze.online,true,2,275,0,0,0,32,0,32,0,2025-05-30 15:12:21,2026-04-20 04:54:45
bhs-links-strategy.online,true,2,294,0,0,0,56,0,56,0,2025-07-04 06:17:39,2026-04-20 00:07:31
hanaslot88.icu,true,2,518,1116472,0,0,2,2,0,2,2026-06-14 21:05:41,
kubiccomps.icu,true,2,502,996770,0,0,2,2,0,2,2026-06-14 18:39:14,
santapoker.icu,true,2,491,1115681,0,0,2,2,0,2,2026-06-17 20:00:43,
bhs-links-surge.online,true,2,280,0,0,0,35,0,35,0,2025-07-01 23:04:24,2026-04-19 02:07:18
loveplaneta.icu,true,2,503,146283,0,0,1,1,1,1,2026-06-12 00:00:40,2026-06-25 23:47:58
loisjonatha.icu,true,2,504,1117106,0,0,2,2,0,2,2026-06-14 06:35:43,
bhs-links-snap.online,true,2,301,0,0,0,49,0,49,0,2025-07-02 03:26:49,2026-04-18 04:46:18
bhs-links-speed.online,true,2,291,0,0,0,35,0,35,0,2025-06-06 11:15:21,2026-04-21 03:41:34
jppoker.icu,true,2,513,998253,0,0,1,1,0,1,2026-06-13 19:41:02,
blackmoney.icu,true,2,502,973623,0,0,1,1,0,1,2026-06-14 11:31:56,
bhs-links-crawlbot.online,true,2,287,0,0,0,31,0,31,0,2025-06-21 03:32:12,2026-04-16 12:37:30
bhs-links-flux.online,true,2,287,0,0,0,35,0,35,0,2025-06-10 15:23:36,2026-04-21 02:43:38
bhs-links-target.online,true,2,292,0,0,0,31,0,31,0,2025-05-30 09:07:25,2026-04-17 16:55:26
bhs-links-shift.online,true,2,285,0,0,0,40,0,40,0,2025-06-17 08:28:11,2026-04-22 02:18:28
yurumu.icu,true,2,510,1117537,0,0,2,2,0,2,2026-06-13 16:39:21,
bhs-links-net.online,true,2,288,0,0,0,68,0,68,0,2025-07-01 19:26:12,2026-04-15 23:02:25
tadalafil.icu,true,2,599,1113499,0,0,1,1,0,1,2026-06-17 07:32:06,
autogen.icu,true,2,510,967661,0,0,1,1,0,1,2026-06-15 00:18:24,
vasi.ro,false,2,119,318,31,14,2,0,0,2,2024-09-30 23:05:45,
slkade.lk,true,2,78,35279,0,0,14,0,0,0,2025-08-29 21:48:30,
bhs-links-trail.online,true,2,289,0,0,0,37,0,37,0,2025-06-30 23:11:35,2026-04-22 07:04:52
livecamgirls.icu,true,2,617,1107371,0,0,1,1,0,1,2026-06-18 10:28:50,
bhs-links-move.online,true,2,279,0,29,1,28,0,28,0,2025-06-27 13:06:51,2026-04-22 09:26:51
bhs-links-suite.online,true,2,287,0,0,0,16,0,16,0,2025-06-18 15:06:38,2026-04-17 00:03:45
srxjtwcu.icu,true,2,519,1117457,0,0,2,2,0,2,2026-06-13 23:36:08,
bhs-links-connect.online,true,2,287,0,0,0,27,0,27,0,2025-06-14 16:41:15,2026-04-19 07:43:59
deltasone.icu,true,2,566,1101306,0,0,1,1,0,1,2026-06-18 13:23:54,
bhs-links-pushup.online,true,2,289,0,0,0,43,0,43,0,2025-07-07 15:12:39,2026-04-23 02:56:19
bhs-links-links.online,true,2,273,0,0,0,10,0,10,0,2025-07-02 09:56:00,2026-04-15 06:05:33
yuineko.icu,true,2,492,716614,0,0,1,1,0,1,2026-06-18 08:04:35,
kcjisu.icu,true,2,528,1117262,0,0,2,2,0,2,2026-06-13 21:55:04,
bhs-links-traffic.online,true,2,284,0,0,0,46,0,46,0,2025-07-10 06:54:07,2026-04-17 05:43:42
onlinecasinogames24.icu,true,2,651,1117288,0,0,2,2,0,2,2026-06-13 09:31:04,
pixelwallet.icu,true,1.9,611,1117553,0,0,2,2,0,2,2026-06-16 13:14:17,
homefinance.co.in,true,1.9,8,200088078,0,0,1,1,0,1,2026-06-07 08:02:57,
bhs-links-expert.online,true,1.9,300,0,0,0,35,0,35,0,2025-06-07 19:36:52,2026-04-20 00:11:27
catcasinos.icu,true,1.9,525,1117581,0,0,2,2,0,2,2026-06-16 21:38:59,
1xbet-ubt.icu,true,1.9,528,1000808,0,0,2,2,0,2,2026-06-16 05:55:58,
bhs-links-push.online,true,1.9,278,0,0,0,50,0,50,0,2025-06-12 22:05:19,2026-04-20 15:31:05
bhs-links-elite.online,true,1.9,285,0,0,0,33,0,33,0,2025-07-04 18:50:51,2026-04-18 03:05:23
bestwedding.icu,true,1.9,486,1103259,0,0,1,1,0,1,2026-06-18 16:44:12,
vegascasinoslots.icu,true,1.9,659,1115706,0,0,2,2,0,2,2026-06-12 18:48:08,
bhs-links-signal.online,true,1.9,292,0,0,0,39,0,39,0,2025-07-05 04:34:00,2026-04-21 16:18:54
allwebsitesdirectory.com,true,1.9,73,355605459,0,0,1,1,0,1,2026-05-14 05:02:46,
bhs-links-shine.online,true,1.9,290,0,0,0,39,0,39,0,2025-05-29 11:48:20,2026-04-22 21:46:27
win88.icu,true,1.9,510,1116129,0,0,2,2,0,2,2026-06-14 08:03:22,
bhs-links-keyword.online,true,1.9,283,0,0,0,26,0,26,0,2025-06-21 19:50:46,2026-04-13 00:59:29
zouha.in,true,1.9,95,8988,0,0,2,0,0,0,2025-09-23 12:55:08,
incotedes.org.ar,true,1.9,133,4369,0,0,6,0,0,0,2025-08-02 17:20:37,
bhs-links-click.online,true,1.9,296,0,0,0,38,0,38,0,2025-07-01 20:23:31,2026-04-21 13:26:32
bhs-links-query.online,true,1.9,290,0,0,0,35,0,35,0,2025-06-07 02:11:34,2026-04-20 02:40:01
bactrim.icu,true,1.9,681,262271,0,0,1,1,1,1,2026-06-12 03:57:16,2026-06-26 03:46:17
imxlrt.icu,true,1.9,496,1117200,0,0,2,2,0,2,2026-06-14 02:37:55,
quando-tua.icu,true,1.9,501,1117656,0,0,2,2,0,2,2026-06-17 07:01:00,
bettinginsider.icu,true,1.9,549,722411,0,0,1,1,0,1,2026-06-17 03:02:28,
bimbim.icu,true,1.9,514,1111322,0,0,1,1,0,1,2026-06-15 09:56:21,
videochatroom.icu,true,1.9,621,1117344,0,0,2,2,0,2,2026-06-16 02:27:06,
bhs-links-anchor.online,true,1.9,281,0,0,0,36,0,36,0,2025-07-01 14:41:30,2026-04-20 12:13:12
bhs-links-lead.online,true,1.9,276,0,0,0,62,0,62,0,2025-06-05 22:41:08,2026-04-19 21:11:42
bhs-links-buzz.online,true,1.9,276,0,0,0,46,0,46,0,2025-06-27 06:28:14,2026-04-18 10:32:10
bhs-links-boostify.online,true,1.9,277,0,0,0,34,0,34,0,2025-07-02 09:54:15,2026-04-19 01:41:15
pornlive.icu,true,1.9,620,1117331,0,0,2,2,0,2,2026-06-16 16:16:06,
bhs-links-fix.online,true,1.9,298,0,0,0,32,0,32,0,2025-06-30 23:37:54,2026-04-22 10:59:20
nameking.icu,true,1.9,500,1117284,0,0,2,2,0,2,2026-06-14 08:55:41,
bhs-links-pulse.online,true,1.9,286,0,0,0,43,0,43,0,2025-06-26 02:14:48,2026-04-21 00:04:29
bhs-links-boostup.online,true,1.9,280,0,0,0,19,0,19,0,2025-07-02 12:17:57,2026-04-20 01:09:52
do-data.icu,true,1.9,492,984632,0,0,1,1,0,1,2026-06-26 02:24:41,
bhs-links-audit.online,true,1.9,271,0,0,0,32,0,32,0,2025-06-09 14:14:19,2026-04-21 12:15:31
bhs-links-organic.online,true,1.9,285,0,0,0,42,0,42,0,2025-06-20 20:43:33,2026-04-22 03:45:10
freeadultcam.icu,true,1.9,614,1113984,0,0,1,1,0,1,2026-06-14 07:26:11,
bhs-links-path.online,true,1.9,294,172,0,0,102,0,0,0,2025-05-30 00:47:52,
casinogameslist.icu,true,1.9,649,1115926,0,0,1,1,0,1,2026-06-17 10:09:05,
gurl.pro,true,1.9,66,1696,0,0,4,4,0,4,2026-04-19 08:38:09,
bhs-links-profiler.online,true,1.9,286,0,0,0,46,0,46,0,2025-05-29 23:33:53,2026-04-22 16:10:55
takumi748.icu,true,1.9,497,1115096,0,0,1,1,0,1,2026-06-14 13:54:00,
bhs-links-results.online,true,1.9,291,0,0,0,49,0,49,0,2025-06-30 22:44:13,2026-04-22 14:34:21
bhs-links-rank.online,true,1.9,279,0,0,0,37,0,37,0,2025-06-19 01:15:18,2026-04-22 20:28:54
bhs-links-blast.online,true,1.9,275,0,0,0,58,0,58,0,2025-06-17 21:01:02,2026-04-19 01:34:28
bound4the.icu,true,1.9,536,1116646,0,0,2,2,0,2,2026-06-13 08:59:59,
bhs-links-wizard.online,true,1.9,275,0,0,0,23,0,23,0,2025-06-10 12:41:43,2026-04-20 05:10:32
bhs-links-score.online,true,1.9,282,0,0,0,54,0,54,0,2025-06-22 18:49:42,2026-04-22 01:06:16
norskecasino.icu,true,1.9,515,1117356,0,0,2,2,0,2,2026-06-13 18:56:57,
harpstudio.nl,true,1.9,145,21149,0,0,1,0,0,1,2024-03-23 14:59:51,
clubhipico.net,true,1.9,92,42,1,2,3,3,0,0,2026-05-13 17:11:47,
playonlinecasino24.icu,true,1.9,645,1101160,0,0,1,1,0,1,2026-06-18 08:01:53,
wen-shi.icu,true,1.9,529,1117383,0,0,2,2,0,2,2026-06-16 08:54:47,
bhs-links-beacon.online,true,1.9,278,0,0,0,44,0,44,0,2025-06-23 16:03:48,2026-04-19 06:06:02
bhs-links-launch.online,true,1.9,274,0,0,0,38,0,38,0,2025-06-11 20:54:05,2026-04-19 04:10:51
kerincare.com,true,1.9,145,14448,0,1,1,1,0,0,2026-05-15 07:45:03,
stromexpert.at,true,1.9,216,4,0,0,2,2,0,0,2026-05-31 02:53:38,
bhs-links-rocket.online,true,1.9,283,0,0,0,47,0,47,0,2025-06-25 18:54:01,2026-04-21 05:03:18
zbetvn.icu,true,1.9,502,0,0,0,1,1,1,1,2026-06-11 12:59:09,2026-06-25 12:55:25
bhs-links-boost.online,true,1.9,274,0,0,0,53,0,53,0,2025-05-29 19:15:42,2026-04-16 19:47:06
bhs-links-crawl.online,true,1.9,285,0,0,0,31,0,31,0,2025-06-23 18:53:54,2026-04-13 06:01:44
dominokiu.icu,true,1.9,512,739135,0,0,1,1,0,1,2026-06-18 07:06:13,
rtpwajikslot.icu,true,1.9,529,1115112,0,1,1,1,0,1,2026-06-14 20:31:48,
reinigung-langenfeld.de,true,1.9,143,6956,1,1,1,0,0,0,2025-10-03 02:20:43,
slotsrealmoney.icu,true,1.9,636,1117259,0,0,2,2,0,2,2026-06-16 05:42:00,
bhs-links-tools.online,true,1.9,283,0,0,0,37,0,37,0,2025-06-22 13:55:13,2026-04-18 11:55:54
freecasinoplay.icu,true,1.9,637,1117634,0,0,2,2,0,2,2026-06-16 20:14:34,
bhs-links-seo.online,true,1.9,277,0,0,0,10,0,10,0,2025-06-18 17:06:09,2026-04-19 16:38:19
bhs-links-niche.online,true,1.9,284,0,0,0,24,0,24,0,2025-06-19 14:07:57,2026-04-12 11:06:31
filmindir.icu,true,1.9,495,984736,0,0,1,1,0,1,2026-06-26 11:52:20,
hotwebcamgirls.icu,true,1.9,600,709970,0,0,1,1,0,1,2026-06-18 04:30:08,
freeliveporn.icu,true,1.9,608,553667,1,1,1,1,0,1,2026-06-25 16:33:04,
bhs-links-alpha.online,true,1.9,272,0,0,0,38,0,38,0,2025-06-05 17:22:49,2026-04-20 03:15:58
cooook.icu,true,1.9,490,1117612,0,0,2,2,0,2,2026-06-16 18:12:28,
koinesansan.com,true,1.9,87,3050,0,0,2,0,0,0,2025-07-30 08:30:01,
yzxdd.icu,true,1.9,499,1116814,0,0,2,2,0,2,2026-06-13 01:33:33,
arabpack.org,true,1.9,231,6351,0,0,3,0,1,0,2025-07-31 22:53:39,
bhs-links-vision.online,true,1.9,272,0,0,0,50,0,50,0,2025-07-01 19:20:51,2026-04-21 15:30:32
bhs-links-logic.online,true,1.8,271,0,0,0,3,0,3,0,2025-06-21 07:57:10,2026-04-12 02:24:58
789betin.icu,true,1.8,487,989879,0,0,2,2,0,2,2026-06-13 19:41:55,
bhs-links-ranker.online,true,1.8,285,0,0,0,57,0,57,0,2025-06-30 23:29:08,2026-04-20 01:15:17
webcamamateur.icu,true,1.8,614,781995,0,0,1,1,0,1,2026-06-12 13:48:19,
instantcasinoplay.icu,true,1.8,636,1102825,0,0,2,2,0,2,2026-06-13 13:25:41,
intimacybyheather.com,true,1.8,65,2506,0,1,1,0,1,0,2024-07-24 14:52:11,2026-06-04 19:25:24
maturecams.icu,true,1.8,601,1113516,0,0,2,2,0,2,2026-06-14 01:29:32,
vendingsolution.it,true,1.8,116,3046,0,0,2,0,0,0,2025-12-30 15:37:26,
soupcraft.icu,true,1.8,524,1117518,0,0,2,2,0,2,2026-06-15 19:35:44,
ringer.icu,true,1.8,549,998955,0,0,1,1,0,1,2026-06-25 21:38:44,
storepubhere.icu,true,1.8,478,969808,0,0,2,2,0,2,2026-06-17 02:13:20,
skrbt29.icu,true,1.8,495,736304,0,0,1,1,0,1,2026-06-14 13:15:56,
feelist.icu,true,1.8,494,982912,0,0,2,2,0,2,2026-06-14 08:36:26,
selpasemicom.com,true,1.8,214,30638,0,0,1,0,0,1,2024-11-11 12:00:59,
ijournalpapers.icu,true,1.8,501,1117426,0,0,2,2,0,2,2026-06-14 03:10:04,
2xbets.icu,true,1.8,533,1106965,0,1,1,1,0,1,2026-06-14 17:39:17,
freesexwebcam.icu,true,1.8,598,1111510,0,0,1,1,0,1,2026-06-17 11:30:07,
rankvance.info,true,1.8,61,7820336,0,0,1,0,1,1,2025-09-25 11:43:46,2026-06-10 19:44:42
flextrade.icu,true,1.8,502,1117344,0,0,2,2,0,2,2026-06-13 19:35:40,
eprintingbooks.icu,true,1.8,497,1117347,0,0,2,2,0,2,2026-06-17 06:33:17,
instantonlinecasino.icu,true,1.8,645,1101250,0,0,1,1,0,1,2026-06-17 22:08:17,
wantbeef.de,false,1.8,130,11,8,8,1,0,0,0,2026-01-24 01:39:27,
indah4d.icu,true,1.8,569,1117004,0,0,2,2,0,2,2026-06-19 11:14:40,
maturewebcam.icu,true,1.8,626,1117663,0,0,2,2,0,2,2026-06-16 22:55:54,
playcasinovegas.icu,true,1.8,639,4408,0,0,1,1,1,1,2026-06-12 03:05:23,2026-06-26 03:05:22
randomchaos.icu,true,1.8,533,1117640,0,0,2,2,0,2,2026-06-16 11:29:33,
thietbithinhphat.vn,true,1.8,201,9,0,0,2,0,2,0,2025-09-23 14:48:01,2026-04-12 14:42:44
freekeys.icu,true,1.7,493,983683,0,0,1,1,0,1,2026-06-25 03:01:19,
enterprisedirectoryhub.com,true,1.7,18,8777350,0,0,1,0,0,1,2025-12-12 21:14:43,
videotom.icu,true,1.7,512,1117486,0,0,2,2,0,2,2026-06-13 22:41:03,
howmuchdocamgirlsmake.icu,true,1.7,533,1112905,0,0,1,1,0,1,2026-06-12 20:56:25,
seamless.icu,true,1.7,542,1103304,0,0,1,1,0,1,2026-06-18 18:53:37,
odhouse.org,true,1.7,140,225,0,0,1,0,0,0,2025-10-04 23:22:56,
myinfinity.icu,true,1.7,503,1117043,0,0,2,2,0,2,2026-06-12 23:25:08,
pipshotrade.icu,true,1.7,507,1116824,0,0,2,2,0,2,2026-06-14 05:18:16,
kanalizacijas.lv,false,1.7,57,0,0,0,2,0,0,0,2026-02-10 04:50:32,
v2fly.icu,true,1.7,543,452207,0,0,1,1,0,1,2026-06-12 14:54:11,
riobetcasino.icu,true,1.7,555,725488,0,0,1,1,0,1,2026-06-11 14:27:37,
wearymeadow.icu,true,1.7,497,1113511,0,0,1,1,0,1,2026-06-17 08:12:08,
cbdoilonline.icu,true,1.7,517,1099144,0,0,1,1,0,1,2026-06-18 09:53:42,
impact-fukui.com,true,1.7,632,12032,0,0,1,0,0,0,2023-11-10 22:38:36,
chankai.hk,true,1.7,121,6762,0,2,2,0,0,0,2025-09-29 17:08:52,
mnohem-nami.icu,true,1.7,503,726617,0,0,1,1,0,1,2026-06-18 08:39:15,
wcikorea.co.kr,true,1.7,100,271,0,0,8,0,0,0,2025-10-25 03:34:31,
eduprz.icu,true,1.7,500,1117501,0,0,2,2,0,2,2026-06-13 23:41:56,
bluecant.icu,true,1.7,527,826788,0,0,1,1,0,1,2026-06-14 13:48:49,
youme.icu,true,1.7,544,1116330,0,0,1,1,0,1,2026-06-14 21:40:57,
girlcam.icu,true,1.7,615,989466,0,0,1,1,0,1,2026-06-25 23:51:46,
freechatrooms.icu,true,1.7,611,412391,0,0,1,1,1,1,2026-06-12 08:50:34,2026-06-26 08:38:44
lasix.icu,true,1.7,611,985906,0,0,2,2,0,2,2026-06-13 18:02:23,
i9bet48.icu,true,1.7,520,998977,0,0,2,2,0,2,2026-06-13 01:08:29,
covisit.icu,true,1.7,504,870020,0,0,1,1,0,1,2026-06-14 15:00:47,
cbdoilsale.icu,true,1.7,505,1115285,0,0,1,1,0,1,2026-06-15 08:52:12,
tedkocaeliblog.com,true,1.7,221,5023,13,12,4,2,2,0,2025-12-22 22:00:07,
platinumsports.es,true,1.7,120,3640,9,5,1,0,0,0,2024-04-09 20:08:42,
citangsoo.com,true,1.7,53,7741,0,1,4,0,0,0,2026-01-01 11:49:09,
wmzyw.icu,true,1.6,513,1117217,0,0,2,2,0,2,2026-06-16 12:39:49,
flowerloves.icu,true,1.6,490,1117416,0,0,2,2,0,2,2026-06-14 14:27:46,
888starzvip.icu,true,1.6,550,0,0,0,1,1,1,1,2026-06-11 22:53:39,2026-06-25 22:32:06
iprintingbooks.icu,true,1.6,507,957534,0,0,1,1,0,1,2026-06-14 14:40:25,
terminalbetgates.icu,true,1.6,546,1113121,0,0,1,1,0,1,2026-06-15 09:28:07,
wgsa29.icu,true,1.6,502,996521,0,0,1,1,0,1,2026-06-13 22:49:02,
yanzpei.icu,true,1.6,529,1117275,0,0,2,2,0,2,2026-06-16 01:31:39,
nekoya.icu,true,1.6,484,1117370,0,0,2,2,0,2,2026-06-13 23:15:35,
tamani.icu,true,1.6,488,1117395,0,0,2,2,0,2,2026-06-14 05:57:54,
blog3003.xyz,true,1.6,573,328779,0,0,1,0,1,1,2025-12-06 03:08:19,2026-06-05 02:08:09
freeadultvideochat.icu,true,1.6,600,1116129,0,0,2,2,0,2,2026-06-12 23:51:09,
freeonlineslots.icu,true,1.6,522,1117043,0,0,2,2,0,2,2026-06-13 17:18:46,
liwenkai.icu,true,1.6,518,1113019,0,0,1,1,0,1,2026-06-14 10:52:46,
i9bet100.icu,true,1.6,523,1116929,0,0,2,2,0,2,2026-06-15 20:30:47,
joodalarab.com,true,1.6,105,336,0,0,1,0,0,0,2024-08-13 08:10:09,
faustop.com,true,1.6,243,978,0,0,1,1,0,0,2026-04-28 10:49:25,
backlinksolutions.info,true,1.6,5,2005126,0,0,2,0,2,2,2026-01-01 22:21:11,2026-06-05 06:53:54
buy-quality-backlinks.online,true,1.6,3,4734703,0,0,1,0,1,1,2025-12-23 05:47:27,2026-05-04 10:53:39
rankvancelinks.online,true,1.6,3,4956361,0,0,2,1,1,2,2025-10-25 18:35:06,
pokerdewi.icu,true,1.6,585,965634,0,0,1,1,0,1,2026-06-26 02:40:39,
playcasinoslots.icu,true,1.6,513,1113077,0,0,1,1,0,1,2026-06-14 22:31:07,
cialissoft.icu,true,1.6,515,4359,0,0,1,1,1,1,2026-06-11 19:28:30,2026-06-25 19:09:18
pharmacyshippingtousa.icu,true,1.6,599,1117321,0,0,2,2,0,2,2026-06-14 03:30:07,
freeonlinesex.icu,true,1.6,614,1117202,0,0,2,2,0,2,2026-06-14 03:41:26,
coinshub.icu,true,1.6,499,1117338,0,0,2,2,0,2,2026-06-14 12:57:17,
doorroomhome.icu,true,1.6,504,1117044,0,0,2,2,0,2,2026-06-18 22:02:31,
rankvanceseo.website,true,1.6,2,8094157,0,0,1,1,1,1,2026-05-07 19:07:07,2026-06-04 20:49:11
dev1.icu,true,1.6,513,1117401,0,0,2,2,0,2,2026-06-14 12:27:31,
zhouhong.icu,true,1.6,531,1116748,0,0,2,2,0,2,2026-06-12 19:49:29,
online-casinos.icu,true,1.6,508,961086,0,0,1,1,0,1,2026-06-14 06:53:58,
backlinkoptimizer.pro,true,1.6,3,0,0,0,1,0,1,1,2026-01-27 07:17:23,2026-04-23 16:23:52
laowang47.icu,true,1.6,537,989299,0,0,1,1,0,1,2026-06-14 04:51:41,
livesydney.icu,true,1.6,514,1117231,0,0,2,2,0,2,2026-06-16 01:01:00,
pdfleadership.icu,true,1.6,505,1117403,0,0,2,2,0,2,2026-06-14 03:26:43,
nusantaraproject.org,false,1.6,114,4,0,0,10,8,5,0,2026-03-28 09:40:27,
top100casinobig.icu,true,1.6,519,1117244,0,0,2,2,0,2,2026-06-13 04:58:43,
madonnamatrichss.com,true,1.5,1855,23554,13,2,1,0,0,0,2024-08-31 12:18:00,
pro2web.icu,true,1.5,517,1117751,0,0,2,2,0,2,2026-06-19 22:47:01,
mobilsikis.icu,true,1.5,505,1116971,0,0,2,2,0,2,2026-06-13 00:39:33,
netmonitorcrack.icu,true,1.5,501,4413,0,0,1,1,1,1,2026-06-12 03:03:58,2026-06-26 03:00:59
michalnaidoo.com,true,1.5,3229,4242,0,0,1,0,0,0,2024-08-29 11:26:20,
hustbee.icu,true,1.5,508,1115601,0,0,1,1,0,1,2026-06-17 03:00:03,
doktorpoker.icu,true,1.5,1963,1009927,0,0,1,1,0,1,2026-06-25 11:19:48,
lathermomix.es,true,1.5,150,13563,0,0,6,0,0,0,2025-10-02 14:46:24,
businessmanagement.icu,true,1.5,546,886481,0,0,2,2,0,2,2026-06-17 20:40:33,
adultchatrooms.icu,true,1.5,601,1000023,0,0,2,2,0,2,2026-06-13 14:57:55,
troop103atlanta.org,true,1.5,138,6878,0,0,8,0,4,0,2025-10-04 20:53:02,
asuspoker.icu,true,1.5,565,763679,0,0,1,1,0,1,2026-06-17 22:29:32,
cu1universe.icu,true,1.5,503,1116805,0,0,2,2,0,2,2026-06-14 14:27:37,
vzlom-whats.icu,true,1.5,507,730042,0,0,1,1,0,1,2026-06-14 20:14:23,
mp3ringtones888plus.icu,true,1.5,535,1114535,0,0,2,2,0,2,2026-06-17 11:48:00,
hitclub1.icu,true,1.5,472,1117019,0,0,2,2,0,2,2026-06-14 02:53:43,
sanju.at,true,1.5,146,0,0,0,10,1,8,0,2026-02-01 10:50:50,
reklamaaa.icu,true,1.5,507,989032,0,0,2,2,0,2,2026-06-16 20:44:36,
phygital-media.com,true,1.5,98,3132,0,0,1,0,0,0,2025-04-30 07:41:05,
lajme.icu,true,1.5,526,1117236,0,0,2,2,0,2,2026-06-14 20:24:20,
pm-demo.icu,true,1.5,510,1117407,0,0,2,2,0,2,2026-06-17 16:07:05,
pornoarsiv.icu,true,1.5,483,1117362,0,0,2,2,0,2,2026-06-14 07:02:10,
sultanpoker.icu,true,1.5,563,0,0,0,1,1,1,1,2026-06-12 06:31:38,2026-06-26 06:21:14
laowang19.icu,true,1.5,522,1113225,0,0,1,1,0,1,2026-06-17 09:10:48,
kresko.icu,true,1.5,500,831924,0,0,1,1,0,1,2026-06-14 08:42:04,
terramining.icu,true,1.5,497,1117211,0,0,2,2,0,2,2026-06-17 10:05:15,
xyzporna.icu,true,1.5,487,1117070,0,0,2,2,0,2,2026-06-15 17:51:33,
datarocket.icu,true,1.5,503,15363,0,0,1,1,1,1,2026-06-12 00:16:44,2026-06-26 00:18:16
bizn.it,true,1.5,59,52934,0,0,15,0,0,0,2025-08-03 13:15:23,
domainanalysis.org,true,1.5,57,361558090,0,0,2,1,1,2,2026-03-20 03:25:56,
yvetteshealthykitchen.com,false,1.5,995,943,0,2,1,0,1,0,2023-09-07 17:04:54,2026-04-14 20:14:24
gaozhi.icu,true,1.5,479,1116329,0,0,2,2,0,2,2026-06-14 11:27:07,
skarmskydd.icu,true,1.5,500,1117522,0,0,2,2,0,2,2026-06-17 03:37:24,
gametest.icu,true,1.5,499,1117065,0,0,2,2,0,2,2026-06-15 22:29:44,
arenajackpot.icu,true,1.5,547,1117201,0,0,2,2,0,2,2026-06-14 08:12:22,
gxy789.com,true,1.5,181,10432,0,0,1,1,0,0,2026-06-11 03:42:31,
littlegeckotech.com,true,1.5,34,15,0,0,1,0,0,0,2024-02-08 17:12:25,
mobilfodral.icu,true,1.5,495,1117317,0,0,2,2,0,2,2026-06-14 02:38:30,
rajaremi.icu,true,1.5,561,883224,0,0,1,1,0,1,2026-06-14 16:29:30,
tricor.icu,true,1.5,501,1092082,0,0,2,2,0,2,2026-06-13 10:59:38,
i-phoneskal.icu,true,1.5,492,1094266,0,0,1,1,0,1,2026-06-14 11:01:24,
tusmundo.icu,true,1.5,524,840587,0,0,1,1,0,1,2026-06-17 18:26:41,
cuspoker.icu,true,1.5,555,1117201,0,0,2,2,0,2,2026-06-13 14:40:11,
dugempoker.icu,true,1.5,550,1103244,0,0,1,1,0,1,2026-06-18 01:59:28,
tca-tokyo.co.jp,true,1.5,126,9699,0,1,1,0,0,0,2023-09-08 08:45:37,
malmoi-phone.icu,true,1.5,498,1117244,0,0,2,2,0,2,2026-06-14 07:32:10,
bigwin138.icu,true,1.5,574,999032,0,0,2,2,0,2,2026-06-13 17:01:01,
karturaja.icu,true,1.5,550,996665,0,0,1,1,0,1,2026-06-25 06:21:09,
makeupmesha.com,true,1.5,3015,3083,0,0,2,0,0,0,2023-06-11 07:55:38,
projecthades.org,true,1.5,153,65060,0,0,6,0,6,6,2024-01-11 01:58:36,2026-04-24 11:39:19
qqalienpoker.icu,true,1.5,544,56662,0,0,1,1,1,1,2026-06-12 06:07:21,2026-06-26 06:07:36
adultchatroom.icu,true,1.5,607,1028828,0,0,1,1,0,1,2026-06-11 10:56:14,
indo7poker.icu,true,1.5,567,884774,0,0,1,1,0,1,2026-06-14 16:36:58,
soccom.icu,true,1.5,493,1105416,0,0,1,1,0,1,2026-06-18 06:53:43,
indopokerku.icu,true,1.5,550,1115581,0,0,1,1,0,1,2026-06-17 00:59:01,
mukapoker.icu,true,1.5,548,1117597,0,0,2,2,0,2,2026-06-19 08:24:17,
yfauk.org,true,1.5,206,293,0,0,1,0,0,0,2025-09-08 05:12:47,
outleman-blodge.icu,true,1.5,526,1107475,0,0,1,1,0,1,2026-06-18 19:18:25,
rajapoker88.icu,true,1.5,546,1115404,0,0,1,1,0,1,2026-06-15 16:11:24,
rahmaniam.com,true,1.5,88,5754,0,0,2,0,0,0,2025-12-29 10:28:29,
jwpoker.icu,true,1.5,573,752903,0,0,1,1,0,1,2026-06-15 07:12:14,
poker899.icu,true,1.4,558,1117633,0,0,2,2,0,2,2026-06-16 23:39:42,
bacanpoker.icu,true,1.4,544,1117279,0,0,2,2,0,2,2026-06-16 04:50:16,
buyneurontin.icu,true,1.4,526,1117487,0,0,2,2,0,2,2026-06-16 17:03:05,
wiese-generalbau.de,true,1.4,86,1272,0,0,1,0,0,0,2021-04-25 11:11:38,
g11poker.icu,true,1.4,541,1116804,0,0,2,2,0,2,2026-06-12 23:50:48,
fifteenzhang.icu,true,1.4,524,1117594,0,0,2,2,0,2,2026-06-19 15:30:45,
freelivesexchat.icu,true,1.4,604,724670,0,0,1,1,0,1,2026-06-18 23:39:26,
defiscalisation.icu,true,1.4,528,1115363,0,0,1,1,0,1,2026-06-15 09:19:26,
thekhatrimaza.icu,true,1.4,506,1107385,0,0,1,1,0,1,2026-06-18 08:03:50,
runfew.icu,true,1.4,549,976556,0,0,1,1,0,1,2026-06-16 13:24:25,
pokerhokibet88.icu,true,1.4,533,0,0,0,1,1,1,1,2026-06-11 23:29:09,2026-06-25 23:15:40
azino777-yq1je.icu,true,1.4,532,1117300,0,0,2,2,0,2,2026-06-17 07:31:52,
aktifpoker.icu,true,1.4,544,1116378,0,0,1,1,0,1,2026-06-14 13:37:18,
viski.icu,true,1.4,522,777367,0,0,1,1,0,1,2026-06-15 14:51:58,
acehpoker.icu,true,1.4,565,988961,0,0,1,1,0,1,2026-06-25 02:54:10,
adultsexchat.icu,true,1.4,605,1117332,0,1,2,2,0,2,2026-06-17 04:33:06,
pokerampm.icu,true,1.4,547,1111691,0,0,2,2,0,2,2026-06-14 19:33:48,
cryptohugecloud.icu,true,1.4,488,1101204,0,0,2,2,0,2,2026-06-14 22:59:25,
homedoorroom.icu,true,1.4,509,750863,0,0,1,1,0,1,2026-06-14 23:50:31,
miniono.icu,true,1.4,521,999750,0,0,2,2,0,2,2026-06-17 04:32:24,
nudelive.icu,true,1.4,603,1117373,0,0,2,2,0,2,2026-06-13 20:59:03,
sleepydriver.ca,true,1.4,232,2871,4,1,2,0,0,0,2026-02-18 23:56:47,
bigpoker88.icu,true,1.4,566,726029,0,0,1,1,0,1,2026-06-15 23:40:33,
wallstreetbets.icu,true,1.4,532,981727,0,0,1,1,0,1,2026-06-16 07:38:07,
room-doorhome.icu,true,1.4,519,21711,0,0,1,1,1,1,2026-06-11 22:02:41,2026-06-25 21:52:21
fenrisx.icu,true,1.4,494,892038,0,0,1,1,0,1,2026-06-26 09:42:35,
n0namefile-6.icu,true,1.4,499,977505,0,0,1,1,0,1,2026-06-26 05:18:38,
judibola.icu,true,1.4,507,767904,0,0,1,1,0,1,2026-06-18 12:05:46,
pokerdomgo.icu,true,1.4,535,987996,0,0,2,2,0,2,2026-06-12 14:59:09,
konsultant-seo-2021.icu,true,1.4,540,1117276,0,0,2,2,0,2,2026-06-14 17:11:32,
malmo-i-phone.icu,true,1.4,475,987905,0,0,1,1,0,1,2026-06-25 16:37:45,
buybactrim.icu,true,1.4,517,1096541,0,0,1,1,0,1,2026-06-14 07:12:17,
francepilule.icu,true,1.4,568,0,0,0,1,1,1,1,2026-06-12 10:46:30,2026-06-26 10:35:26
spiermassa-opbouwen.xyz,true,1.4,901,333764,0,0,2,0,2,2,2025-12-04 13:54:26,2026-06-04 00:33:41
web321.icu,true,1.4,496,1117633,0,0,2,2,0,2,2026-06-17 05:01:39,
brandcialis.icu,true,1.4,511,1117019,0,0,2,2,0,2,2026-06-15 23:53:26,
regalin.icu,true,1.4,501,1117253,0,0,2,2,0,2,2026-06-14 09:22:58,
pokerindo88.icu,true,1.4,553,1117598,0,0,2,2,0,2,2026-06-16 21:00:33,
tobytoken.icu,true,1.4,544,1116901,0,0,2,2,0,2,2026-06-13 08:05:24,
155comic.icu,true,1.4,535,994235,0,0,1,1,0,1,2026-06-13 19:54:38,
wilions-eminal.icu,true,1.4,492,1117402,0,0,2,2,0,2,2026-06-13 16:21:02,
bbfat.icu,true,1.4,540,0,0,0,1,1,1,1,2026-06-12 13:30:32,2026-06-26 13:30:51
optime.icu,true,1.4,521,1116617,0,0,2,2,0,2,2026-06-12 14:26:04,
vanold.icu,true,1.4,528,1117460,0,0,2,2,0,2,2026-06-13 22:04:30,
nexusnext.agency,true,1.4,132,997,0,0,3,3,0,0,2026-04-01 22:38:19,
camsites.icu,true,1.4,626,1117163,0,0,2,2,0,2,2026-06-13 16:57:31,
hotamateurtube.icu,true,1.4,490,975871,0,0,1,1,0,1,2026-06-26 17:48:38,
yoshinoyin.icu,true,1.4,491,1117251,0,0,2,2,0,2,2026-06-14 07:04:58,
kimsacasino.icu,true,1.4,551,1117443,0,0,2,2,0,2,2026-06-13 17:02:14,
cialisprofessional.icu,true,1.4,531,1113198,0,0,1,1,0,1,2026-06-15 04:56:20,
dot-shine.com,true,1.4,75,4162,0,0,4,0,0,0,2026-02-14 23:58:06,
domainstore.icu,true,1.4,506,1116133,0,0,2,2,0,2,2026-06-13 07:07:39,
shrektheharvey.icu,true,1.4,499,996914,0,0,2,2,0,2,2026-06-16 17:43:57,
grimace.icu,true,1.4,521,536297,0,0,2,2,1,2,2026-06-11 09:59:11,
intdevices.icu,true,1.4,502,1115333,0,0,1,1,0,1,2026-06-15 10:05:25,
microfrog.icu,true,1.4,527,891812,0,0,2,2,0,2,2026-06-19 04:12:40,
s79media.com,true,1.4,37,2514,0,0,2,0,0,0,2023-06-13 08:10:50,
burningcat.icu,true,1.4,526,995034,0,0,2,2,0,2,2026-06-13 00:22:35,
pormhub.icu,true,1.4,518,1111049,0,0,1,1,0,1,2026-06-14 18:10:56,
buylevitra.icu,true,1.4,497,1117266,0,0,2,2,0,2,2026-06-13 14:07:41,
twinksporn.icu,true,1.4,503,1116687,0,0,2,2,0,2,2026-06-14 09:30:10,
konigreich.icu,true,1.4,479,1117343,0,0,2,2,0,2,2026-06-14 19:48:34,
ukraineonlinecredit.icu,true,1.4,508,1115360,0,0,1,1,0,1,2026-06-14 20:59:10,
tchat.icu,true,1.4,503,989423,0,0,1,1,0,1,2026-06-14 10:43:28,
wikiait.icu,true,1.4,503,1117267,0,0,2,2,0,2,2026-06-13 19:36:46,
ninjaduck.icu,true,1.4,545,1117642,0,0,2,2,0,2,2026-06-17 04:12:10,
sbobet88.icu,true,1.4,506,1117469,0,0,2,2,0,2,2026-06-14 00:25:51,
brandviagra.icu,true,1.4,591,389272,0,0,1,1,0,1,2026-06-12 15:49:49,
rogier.icu,true,1.4,514,1116922,0,0,2,2,0,2,2026-06-14 04:43:30,
solwars.icu,true,1.4,528,1117355,0,0,2,2,0,2,2026-06-13 14:31:29,
tariquebusiness.icu,true,1.4,481,1117576,0,0,2,2,0,2,2026-06-17 01:35:03,
milfparty.icu,true,1.4,491,1113153,0,0,1,1,0,1,2026-06-15 02:55:11,
bigtop100casino.icu,true,1.4,616,858448,0,0,2,2,0,2,2026-06-14 08:54:31,
pennysol.icu,true,1.4,522,998719,0,0,2,2,0,2,2026-06-13 07:31:19,
spolecnepro.cz,true,1.4,174,0,0,0,1,0,1,0,2025-09-19 22:26:59,2026-04-03 00:11:47
revcot.icu,true,1.4,499,1113567,0,0,1,1,0,1,2026-06-18 03:59:22,
graylightedu.co.uk,true,1.4,123,2928,0,2,4,0,0,0,2025-09-08 05:31:32,
solnudes.icu,true,1.4,518,587665,0,0,1,1,1,1,2026-06-12 11:24:05,2026-06-26 11:17:43
amateurporn.icu,true,1.4,487,1113513,0,0,1,1,0,1,2026-06-16 18:33:54,
termoelectrico.icu,true,1.4,510,1001328,0,0,1,1,0,1,2026-06-13 15:12:31,
interkultureltkvinderaad.dk,true,1.4,78,1168,0,0,2,0,0,0,2024-06-27 22:29:32,
fux0r.icu,true,1.4,510,1117343,0,0,2,2,0,2,2026-06-14 03:01:02,
axelsol.icu,true,1.4,516,1113585,0,0,1,1,0,1,2026-06-17 14:32:18,
visitenkarte.icu,true,1.4,502,955029,0,0,1,1,0,1,2026-06-13 22:31:23,
buyfemaleviagra.icu,true,1.4,505,1113075,0,0,1,1,0,1,2026-06-14 18:13:33,
xtechsoftwarelib.com,true,1.4,107,74,0,0,1,0,0,0,2022-02-10 01:15:18,
datingguruclub.icu,true,1.4,497,1117502,0,0,2,2,0,2,2026-06-13 14:36:50,
gamebetvn.icu,true,1.4,502,1112080,0,0,1,1,0,1,2026-06-14 08:54:27,
lindar.icu,true,1.3,509,1115254,0,0,1,1,0,1,2026-06-15 07:30:22,
obtain.icu,true,1.3,507,1116657,0,0,1,1,0,1,2026-06-17 15:44:15,
strucktour.com,true,1.3,450,30443,0,0,2,0,0,0,2024-10-03 05:16:31,
americanhero.icu,true,1.3,517,82284,0,0,1,1,1,1,2026-06-12 04:32:32,2026-06-26 04:33:11
immortality.icu,true,1.3,516,1117403,0,0,2,2,0,2,2026-06-13 21:02:19,
beblunafedericiana.it,true,1.3,147,31481,3,4,1,0,0,0,2025-06-19 09:10:24,
mitchellvet.com,true,1.3,459,5,0,0,1,0,0,0,2024-01-18 18:23:00,
mists.icu,true,1.3,496,978396,0,0,2,2,0,2,2026-06-14 04:11:46,
apparel.icu,true,1.3,529,1117595,0,0,2,2,0,2,2026-06-16 15:04:17,
bonten.icu,true,1.3,506,1116397,0,0,1,1,0,1,2026-06-14 04:21:19,
kidsee.icu,true,1.3,505,1117665,0,0,2,2,0,2,2026-06-16 03:41:11,
sald2.icu,true,1.3,495,982615,0,0,2,2,0,2,2026-06-17 03:44:37,
fileporwmf-3.icu,true,1.3,510,1115139,0,0,1,1,0,1,2026-06-13 13:00:18,
988betc.icu,true,1.3,535,1115208,0,0,1,1,0,1,2026-06-13 21:33:09,
admiralx-casino.icu,true,1.3,520,1117637,0,0,2,2,0,2,2026-06-20 00:58:22,
hiifan.icu,true,1.3,530,1115258,0,0,1,1,0,1,2026-06-15 15:58:46,
sensa.icu,true,1.3,498,529901,0,0,1,1,1,1,2026-06-11 11:20:42,2026-06-25 11:13:53
ttr-casino-mirror.icu,true,1.3,537,1117454,0,0,2,2,0,2,2026-06-16 15:40:24,
homejob.icu,true,1.3,488,1117104,0,0,2,2,0,2,2026-06-13 06:52:15,
doxycycline.icu,true,1.3,581,1117173,0,0,2,2,0,2,2026-06-13 03:38:01,
themum.icu,true,1.3,530,1117290,0,0,2,2,0,2,2026-06-16 11:09:44,
freebitoshi.icu,true,1.3,483,209959,0,0,1,1,0,1,2026-06-12 17:54:00,
f93948.icu,true,1.3,494,1115606,0,0,1,1,0,1,2026-06-19 02:39:30,
onlinebestcredit.icu,true,1.3,499,1116719,0,0,2,2,0,2,2026-06-13 00:01:25,
vk-winder.icu,true,1.3,510,985826,0,0,2,2,0,2,2026-06-14 09:06:50,
adsnet.icu,true,1.3,512,1117073,0,0,2,2,0,2,2026-06-15 18:58:57,
origamisystems.ro,true,1.3,64,1471,0,0,2,0,0,0,2024-01-05 03:31:51,
get-coin.icu,true,1.3,515,817278,0,0,1,1,0,1,2026-06-24 18:56:38,
personaldating.icu,true,1.3,487,1117007,0,0,2,2,0,2,2026-06-15 19:04:26,
soluna.icu,true,1.3,501,986835,0,0,2,2,0,2,2026-06-16 19:37:25,
homyes.icu,true,1.3,495,1117136,0,0,2,2,0,2,2026-06-14 20:14:40,
spoints.icu,true,1.3,498,1117365,0,0,2,2,0,2,2026-06-13 10:42:40,
fastline.club,true,1.3,201,34,0,0,2,0,2,0,2025-09-08 05:12:11,2026-04-18 01:11:47
bandarsbobet.icu,true,1.3,513,991642,0,0,2,2,0,2,2026-06-17 00:58:03,
yingshi.icu,true,1.3,506,1117630,0,0,2,2,0,2,2026-06-17 01:20:58,
psnaccount1.icu,true,1.3,580,1113006,0,0,1,1,0,1,2026-06-13 18:03:35,
ingpet.icu,true,1.3,522,1116488,0,0,2,2,0,2,2026-06-19 01:09:57,
antonioarrieta.com,true,1.3,120,16467,0,0,2,0,0,0,2024-09-05 18:59:32,
ksasc.com,true,1.3,189,16250,0,0,18,0,0,0,2025-10-23 12:22:59,
trueredirect65.icu,true,1.3,487,1001546,0,0,2,2,0,2,2026-06-14 10:49:43,
rvfumigacion.com,false,1.3,99,0,0,0,1,0,1,0,2024-08-13 11:28:57,2026-06-18 01:40:32
assami.icu,true,1.3,523,773805,0,0,1,1,0,1,2026-06-19 00:38:46,
mation.icu,true,1.3,489,1116692,0,0,2,2,0,2,2026-06-16 10:13:59,
cryptoa.icu,true,1.3,488,1117357,0,0,2,2,0,2,2026-06-13 17:28:04,
wessed-neancing.icu,true,1.3,497,987739,0,0,1,1,0,1,2026-06-17 02:43:16,
proxysite.icu,true,1.3,556,1117248,0,0,2,2,0,2,2026-06-16 05:18:39,
898bet.icu,true,1.3,517,823676,0,0,1,1,0,1,2026-06-13 22:30:08,
kepao.icu,true,1.3,510,744784,0,0,1,1,0,1,2026-06-15 14:37:50,
instat.icu,true,1.3,492,967936,0,0,2,2,0,2,2026-06-19 06:27:30,
properti.icu,true,1.3,489,2213,0,0,1,1,1,1,2026-06-11 23:51:11,2026-06-25 23:36:35
hotdeal.icu,true,1.3,543,1116339,0,0,2,2,0,2,2026-06-14 08:02:03,
viagraplus.icu,true,1.3,510,1117151,0,0,2,2,0,2,2026-06-13 12:36:52,
sertraline.icu,true,1.3,508,1116886,0,0,2,2,0,2,2026-06-13 01:00:19,
tabletki-na-mase.icu,true,1.3,515,1116860,0,0,2,2,0,2,2026-06-14 03:30:52,
aumentar-masa-muscular.xyz,true,1.3,705,316194,0,0,3,0,3,3,2025-11-13 13:53:53,2026-05-17 07:10:17
bangan.icu,true,1.3,489,1117609,0,0,2,2,0,2,2026-06-16 21:11:40,
hurik.icu,true,1.3,504,1111616,0,0,1,1,0,1,2026-06-13 12:57:46,
talktowendys.icu,true,1.3,537,214414,0,0,1,1,1,1,2026-06-12 05:48:48,2026-06-26 05:45:34
onlinea.icu,true,1.3,492,1117710,0,0,2,2,0,2,2026-06-17 04:33:23,
wolf-treasure-free-spins.icu,true,1.3,525,989010,0,0,1,1,0,1,2026-06-16 00:44:22,
vuabetvn.icu,true,1.3,500,753582,0,0,1,1,0,1,2026-06-18 04:06:25,
vdown.icu,true,1.3,493,1117635,0,0,2,2,0,2,2026-06-17 04:43:31,
ihttp.icu,true,1.3,505,1117477,0,0,2,2,0,2,2026-06-14 00:57:44,
yuibot.icu,true,1.3,492,1117374,0,0,2,2,0,2,2026-06-14 03:43:34,
bilisa.icu,true,1.3,522,999109,0,0,2,2,0,2,2026-06-13 16:35:40,
xxxhamster.icu,true,1.3,506,963163,0,0,2,2,0,2,2026-06-14 07:21:07,
extrasuperviagra.icu,true,1.3,500,1117247,0,0,2,2,0,2,2026-06-14 22:38:21,
pokersgp.icu,true,1.3,566,1115149,0,0,1,1,0,1,2026-06-14 19:53:04,
webgaming.icu,true,1.3,517,969824,0,0,2,2,0,2,2026-06-13 22:26:04,
tvwatchers.nl,true,1.3,68,190,0,0,1,0,0,0,2022-07-15 11:33:31,
turbo-trx.icu,true,1.3,550,1117032,0,0,2,2,0,2,2026-06-12 23:49:11,
videoskins.icu,true,1.3,503,988683,0,0,2,2,0,2,2026-06-13 18:40:02,
casaest.ro,false,1.3,17,1367,1,1,2,0,0,2,2019-12-25 22:45:27,
turktube.icu,true,1.3,496,757018,0,0,1,1,0,1,2026-06-15 11:33:35,
viagraprofessional.icu,true,1.3,513,0,0,0,1,1,1,1,2026-06-12 10:07:15,2026-06-26 10:04:37
vkbot-pro.icu,true,1.3,486,1113015,0,0,1,1,0,1,2026-06-14 16:36:27,
imtyf.icu,true,1.3,497,1117353,0,0,2,2,0,2,2026-06-16 23:34:37,
wikibn.icu,true,1.3,499,967291,0,0,2,2,0,2,2026-06-14 11:04:30,
bestcallgirl.xyz,true,1.3,350,243346,0,0,2,0,2,2,2025-12-04 18:49:07,2026-06-08 02:43:40
umfp.ma,true,1.3,159,18364,0,0,2,0,0,0,2023-06-22 10:13:28,
vzlomer.icu,true,1.3,492,4378,0,0,1,1,1,1,2026-06-11 14:42:24,2026-06-25 14:38:18
championshippga.icu,true,1.3,501,1098334,0,0,1,1,0,1,2026-06-13 17:57:43,
traxadrom.icu,true,1.3,512,1117210,0,0,2,2,0,2,2026-06-14 23:58:00,
566betvn.icu,true,1.3,505,988795,0,0,2,2,0,2,2026-06-17 05:38:22,
fabetvn.icu,true,1.3,497,964485,0,0,1,1,0,1,2026-06-14 04:58:12,
asiagentingvvip.icu,true,1.3,509,1105368,0,0,1,1,0,1,2026-06-18 19:10:41,
paperypaper.icu,true,1.3,495,1117692,0,0,2,2,0,2,2026-06-17 07:55:42,
buyantabuse.icu,true,1.3,499,541760,0,0,1,1,1,1,2026-06-12 10:52:53,2026-06-26 10:37:31
vuabet.icu,true,1.3,517,844174,0,0,2,2,0,2,2026-06-14 07:01:05,
getlim.icu,true,1.3,496,1112954,0,0,1,1,0,1,2026-06-14 16:11:41,
turbo-usdt.icu,true,1.3,513,964762,0,0,1,1,0,1,2026-06-26 03:03:02,
lmw-solutions.com,true,1.3,52,8,0,1,1,0,0,0,2025-02-25 15:12:12,
worldhyips.icu,true,1.3,488,1116959,0,0,2,2,0,2,2026-06-13 21:36:38,
wikihsv.icu,true,1.2,482,1115106,0,0,1,1,0,1,2026-06-15 06:06:54,
megapoker99.icu,true,1.2,513,1103377,0,0,1,1,0,1,2026-06-18 17:39:51,
odno-ok.icu,true,1.2,486,978678,0,0,1,1,0,1,2026-06-16 19:27:09,
sdcodisha.in,false,1.2,33,13,12,11,17,12,10,0,2025-07-09 19:04:53,
fast-dash.icu,true,1.2,515,1117358,0,0,2,2,0,2,2026-06-14 03:06:26,
fast-zcash.icu,true,1.2,507,1117020,0,0,2,2,0,2,2026-06-13 22:15:03,
turbo-ltc.icu,true,1.2,536,1116910,0,0,2,2,0,2,2026-06-13 01:01:36,
ddrcreations.com,true,1.2,145,30898,0,0,8,0,0,8,2023-08-09 18:39:06,
qetacilomisu.icu,true,1.2,516,991503,0,0,1,1,0,1,2026-06-13 17:26:04,
dvdvilla.icu,true,1.2,500,995364,0,0,2,2,0,2,2026-06-17 00:18:41,
vue3.icu,true,1.2,536,734807,0,0,1,1,0,1,2026-06-15 05:23:36,
mtmoney.icu,true,1.2,499,1114630,0,0,2,2,0,2,2026-06-17 04:18:24,
bamjang.icu,true,1.2,510,989159,0,0,1,1,0,1,2026-06-14 14:23:42,
ku6107.icu,true,1.2,509,1117349,0,0,2,2,0,2,2026-06-16 21:03:46,
fast-tether.icu,true,1.2,537,1116378,0,0,2,2,0,2,2026-06-14 12:36:41,
turbo-zec.icu,true,1.2,528,983963,0,0,1,1,0,1,2026-06-26 14:28:01,
789betvn.icu,true,1.2,501,1117410,0,0,2,2,0,2,2026-06-13 14:11:23,
jun88bet.icu,true,1.2,506,985351,0,0,2,2,0,2,2026-06-16 18:55:06,
boydgroup.icu,true,1.2,506,1117430,0,0,2,2,0,2,2026-06-17 05:19:56,
laowang09.icu,true,1.2,506,982759,0,0,1,1,0,1,2026-06-25 04:16:27,
weeb-central.icu,true,1.2,497,766057,0,0,1,1,0,1,2026-06-18 06:57:44,
fast-ethereum.icu,true,1.2,506,974697,0,0,1,1,0,1,2026-06-25 10:35:42,
10mit10.de,true,1.2,41,1,0,0,1,0,0,0,2025-04-18 05:00:52,
magecal.icu,true,1.2,520,985053,0,0,2,2,0,2,2026-06-16 12:40:55,
handcashfriends.icu,true,1.2,499,1117649,0,0,2,2,0,2,2026-06-16 14:38:39,
pagalmovies.icu,true,1.2,498,1105209,0,0,1,1,0,1,2026-06-15 17:28:58,
jizhi6.icu,true,1.2,499,1117350,0,0,2,2,0,2,2026-06-13 23:04:21,
weslay.fr,true,1.2,117,4,0,0,2,0,0,0,2023-11-22 10:08:26,
sv88bet.icu,true,1.2,489,1117272,0,0,2,2,0,2,2026-06-13 20:39:43,
freegiftcard.icu,true,1.2,497,1116851,0,0,2,2,0,2,2026-06-14 09:05:57,
fast-digibyte.icu,true,1.2,490,975179,0,0,2,2,0,2,2026-06-17 02:15:43,
biosector.com.br,true,1.2,99,19956,0,0,1,0,0,0,2023-12-24 04:46:02,
aog777vip.icu,true,1.2,504,875580,0,0,1,1,0,1,2026-06-14 15:29:44,
09vipvn.icu,true,1.2,508,753498,0,0,1,1,0,1,2026-06-18 00:51:38,
cuspoll.icu,true,1.2,509,1117331,0,0,2,2,0,2,2026-06-16 15:14:26,
scheint-theater.icu,true,1.2,499,1073924,0,0,1,1,0,1,2026-06-13 00:48:32,
clubsaludable.icu,true,1.2,492,979782,0,0,1,1,0,1,2026-06-14 12:26:44,
skithenortheast.icu,true,1.2,488,971102,0,0,2,2,0,2,2026-06-14 08:14:35,
linkforgepro.shop,true,1.2,64,0,0,0,3,3,0,0,2026-06-16 10:39:44,
seolinkkart.shop,true,1.2,64,0,0,0,1,1,0,0,2026-06-28 15:47:24,
rankdeals.shop,true,1.2,64,0,0,0,2,2,0,0,2026-06-20 13:06:32,
backlinkorbit.shop,true,1.2,64,0,0,0,3,3,0,0,2026-06-22 04:58:26,
backlinkzeno.shop,true,1.2,64,0,0,0,2,2,0,0,2026-06-21 16:24:30,
rankbasket.shop,true,1.2,64,0,0,0,3,3,0,0,2026-06-11 07:47:00,
backlinkshop.shop,true,1.2,64,996,0,0,3,3,0,0,2026-06-11 06:03:19,
linkbundle.shop,true,1.2,64,996,0,0,3,3,0,0,2026-06-20 15:07:30,
linkcrate.shop,true,1.2,64,996,0,0,2,2,0,0,2026-06-20 02:35:49,
backlinkvault.shop,true,1.2,64,996,0,0,2,2,0,0,2026-06-11 12:10:30,
primebacklinks.shop,true,1.2,64,0,0,0,3,3,0,0,2026-06-21 23:43:22,
seowagon.shop,true,1.2,64,0,0,0,3,3,0,0,2026-06-21 12:21:20,
seobits.shop,true,1.2,64,0,0,0,3,3,0,0,2026-06-21 04:02:28,
seomart.shop,true,1.2,64,0,0,0,3,3,0,0,2026-06-22 16:57:26,
linkwares.shop,true,1.2,64,0,0,0,3,3,0,0,2026-06-21 16:22:43,
linkory.shop,true,1.2,64,997,0,0,3,3,0,0,2026-06-20 10:54:31,
nigeljones.icu,true,1.2,500,1117574,0,0,2,2,0,2,2026-06-17 02:54:22,
webcine.icu,true,1.2,514,1111459,0,0,1,1,0,1,2026-06-17 19:22:30,
dramacute.icu,true,1.2,519,1117111,0,2,2,2,0,2,2026-06-18 16:52:22,
unpdflibrary.icu,true,1.2,502,1115100,0,0,1,1,0,1,2026-06-14 06:03:36,
turbo-dgb.icu,true,1.2,495,1116774,0,0,2,2,0,2,2026-06-13 05:19:50,
hi79betvn.icu,true,1.2,506,1117293,0,0,2,2,0,2,2026-06-14 11:35:39,
patches.icu,true,1.2,502,1117352,0,0,2,2,0,2,2026-06-14 01:38:56,
2money.icu,true,1.2,499,1001402,0,0,1,1,0,1,2026-06-25 15:38:04,
niitv.icu,true,1.2,521,1117380,0,0,2,2,0,2,2026-06-14 02:00:16,
ku6123.icu,true,1.2,495,990485,0,0,1,1,0,1,2026-06-25 20:02:07,
i9bet52.icu,true,1.2,519,970781,0,0,2,2,0,2,2026-06-14 01:10:04,
789betcc.icu,true,1.2,493,986824,0,0,2,2,0,2,2026-06-16 17:20:32,
comitatus.icu,true,1.2,516,1117482,0,0,2,2,0,2,2026-06-16 14:46:31,
indofilm.icu,true,1.2,522,1113644,0,0,1,1,0,1,2026-06-20 11:58:54,
newsplanetinternational.com,true,1.2,44,61,0,0,1,0,0,0,2023-08-23 22:56:57,
onion-casino.icu,true,1.2,552,983242,0,0,1,1,0,1,2026-06-19 11:40:38,
ronaldoslothoki49.icu,true,1.2,516,976182,0,0,1,1,0,1,2026-06-16 20:40:09,
ftwbetvn.icu,true,1.2,525,1117350,0,0,2,2,0,2,2026-06-13 17:58:12,
newmodelz.icu,true,1.2,491,1116491,0,0,2,2,0,2,2026-06-17 04:36:49,
thesparkshop.icu,true,1.2,652,1080980,0,0,2,2,0,2,2026-06-16 16:58:59,
targoncapital.ie,true,1.2,607,2209,3,9,6,0,0,0,2026-02-25 22:50:35,
zsquaresln.com,true,1.2,62,7902,0,0,1,0,0,0,2025-02-27 21:28:48,
utcanev-tabla.hu,true,1.2,61,253,0,0,2,0,2,0,2025-09-21 00:30:59,2026-05-12 17:50:57
superbowllive.icu,true,1.2,499,1113119,0,0,1,1,0,1,2026-06-15 09:35:38,
v9betvn.icu,true,1.2,531,1117123,0,0,2,2,0,2,2026-06-14 02:10:15,
markowe-spodnice.icu,true,1.2,509,1116919,0,0,2,2,0,2,2026-06-14 05:38:24,
kaikaiyun.icu,true,1.2,525,749014,0,0,1,1,0,1,2026-06-18 12:50:43,
secureknifepro.icu,true,1.2,492,875606,0,0,1,1,0,1,2026-06-20 23:29:38,
superbowllivestream.icu,true,1.2,490,1117635,0,0,2,2,0,2,2026-06-16 21:59:49,
daduda.icu,true,1.2,571,988998,0,0,2,2,0,2,2026-06-16 04:35:14,
lovenman.icu,true,1.2,532,1115204,0,0,1,1,0,1,2026-06-15 08:36:20,
thehitmovies.icu,true,1.2,481,886388,0,0,1,1,0,1,2026-06-17 08:23:29,
roomhomedoor.icu,true,1.1,493,845801,0,0,2,2,0,2,2026-06-12 17:44:53,
metronews.ro,false,1.1,4,130,0,1,1,0,1,1,2024-07-17 06:38:56,2026-05-08 11:03:10
raymund.icu,true,1.1,511,1117416,0,0,2,2,0,2,2026-06-14 04:52:32,
imagefap.icu,true,1.1,494,1112989,0,0,1,1,0,1,2026-06-13 20:24:09,
g7betvn.icu,true,1.1,520,1117423,0,0,2,2,0,2,2026-06-13 21:21:04,
omnia.icu,true,1.1,522,1103349,0,0,1,1,0,1,2026-06-18 15:49:32,
seowarez.shop,true,1.1,51,0,0,0,1,1,0,0,2026-06-29 03:05:08,
linkstockly.shop,true,1.1,51,0,0,0,1,1,0,0,2026-06-26 21:27:20,
rankchest.shop,true,1.1,51,0,0,0,1,1,0,0,2026-06-22 04:40:23,
seowares.shop,true,1.1,51,0,0,0,3,3,0,0,2026-06-22 09:01:42,
rankgoods.shop,true,1.1,51,0,0,0,1,1,0,0,2026-06-21 23:19:12,
linkchest.shop,true,1.1,51,996,0,0,3,3,0,0,2026-06-20 09:48:33,
linktrove.shop,true,1.1,51,996,0,0,3,3,0,0,2026-06-25 17:46:54,
ranktrove.shop,true,1.1,51,0,0,0,2,2,0,0,2026-06-22 19:03:45,
seopicks.shop,true,1.1,51,0,0,0,1,1,0,0,2026-06-28 18:54:43,
backlinkmart.shop,true,1.1,51,996,0,0,3,3,0,0,2026-06-22 16:25:32,
seoedge.shop,true,1.1,51,0,0,0,1,1,0,0,2026-06-28 17:21:11,
linkstash.shop,true,1.1,51,0,0,0,2,2,0,0,2026-06-27 15:53:53,
rankfinds.shop,true,1.1,51,0,0,0,3,3,0,0,2026-06-23 10:31:05,
seochest.shop,true,1.1,51,0,0,0,1,1,0,0,2026-06-28 08:57:23,
rankoutlet.shop,true,1.1,51,0,0,0,2,2,0,0,2026-06-28 03:30:40,
seosupply.shop,true,1.1,51,0,0,0,1,1,0,0,2026-06-28 23:48:50,
seobundle.shop,true,1.1,51,0,0,0,1,1,0,0,2026-06-28 06:16:15,
linkbarn.shop,true,1.1,51,996,0,0,3,3,0,0,2026-06-22 00:17:53,
seocrate.shop,true,1.1,51,0,0,0,2,2,0,0,2026-06-28 14:53:50,
rankseohub.shop,true,1.1,51,0,0,0,1,1,0,0,2026-06-29 01:26:54,
rankgear.shop,true,1.1,51,0,0,0,1,1,0,0,2026-06-23 00:15:28,
linkpicks.shop,true,1.1,51,0,0,0,1,1,0,0,2026-06-25 09:23:29,
safaa.icu,true,1.1,508,1117178,0,0,2,2,0,2,2026-06-16 04:01:15,
konsultantseo.icu,true,1.1,481,1114284,0,0,1,1,0,1,2026-06-17 17:07:32,
diziizle.icu,true,1.1,607,1115266,0,0,1,1,0,1,2026-06-15 07:57:40,
blueearth.icu,true,1.1,495,1105307,0,0,1,1,0,1,2026-06-18 18:03:45,
vulcanrussia.icu,true,1.1,513,1096534,0,0,1,1,0,1,2026-06-12 07:20:24,
mb66bet.icu,true,1.1,483,882575,0,0,2,2,0,2,2026-06-14 10:41:04,
continews.icu,true,1.1,485,1116315,0,0,2,2,0,2,2026-06-14 11:22:27,
fabet-vn.icu,true,1.1,506,1115351,0,0,1,1,0,1,2026-06-15 06:27:18,
alnour-steel.com,true,1.1,116,95,0,0,1,0,1,0,2025-10-01 06:31:13,2026-06-06 23:46:33
anomaly-seo-southwick.online,true,1.1,46,344,0,0,595,0,6,0,2026-02-11 01:46:12,
anomaly-seo-westwood.online,true,1.1,46,342,0,0,595,1,7,0,2026-02-11 00:15:47,
anomaly-seo-greendale.site,true,1.1,46,343,0,0,591,0,5,0,2026-02-11 03:48:57,
krphoto.icu,true,1.1,605,996153,0,0,2,2,0,2,2026-06-19 02:51:22,
zbet-vn.icu,true,1.1,494,985699,0,0,2,2,0,2,2026-06-14 06:25:38,
33betvn.icu,true,1.1,501,1117361,0,0,2,2,0,2,2026-06-17 01:05:31,
khamphaxunghe.com,true,1.1,40,2197,0,0,2,0,0,0,2023-06-13 04:13:01,
i9betvip.icu,true,1.1,495,1117481,0,0,2,2,0,2,2026-06-13 17:36:51,
unitywellness.com.au,true,1.1,132,2411,0,0,2,2,2,0,2026-04-09 15:25:44,2026-05-25 02:58:33
gemch.ac.in,false,1.1,112,13,351,22,4,0,4,0,2025-09-28 07:43:48,2026-05-07 15:35:24
adroisites.com,true,1.1,50,276,0,0,1,0,0,0,2025-08-24 04:46:11,
riobet-cazino.icu,true,1.1,522,988513,0,0,1,1,0,1,2026-06-16 06:50:42,
siddhaspirituality.com,true,1.1,121,2163,0,0,1,0,0,0,2024-09-11 15:46:39,
apexfulfilment.com,true,1,89,13051,0,3,1,1,0,0,2026-06-10 20:38:24,
jasapressrelease.icu,true,1,504,540865,0,0,1,1,1,1,2026-06-11 19:37:02,2026-06-25 19:33:52
phoenixsolution.icu,true,1,532,1115539,0,0,1,1,0,1,2026-06-17 08:45:55,
buyherepayherelouisvilleky.net,true,1,72,3161,0,0,1,0,0,0,2024-09-22 17:24:17,
bong4.icu,true,1,544,1097251,0,0,2,2,0,2,2026-06-12 14:21:04,
181betvn.icu,true,1,487,999967,0,0,1,1,0,1,2026-06-17 02:47:59,
chipmixer.icu,true,1,506,1117462,0,0,2,2,0,2,2026-06-14 04:18:48,
mihoyo-is-in.icu,true,1,536,1107431,0,0,1,1,0,1,2026-06-17 15:57:31,
goldencoin.icu,true,1,490,1117560,0,0,2,2,0,2,2026-06-16 21:16:01,
nickybrix.com,true,1,492,3688,0,0,1,0,0,0,2024-09-04 13:40:52,
lfxsvip.icu,true,1,541,528858,0,0,1,1,1,1,2026-06-11 22:01:12,2026-06-25 21:49:04
flipped.icu,true,1,533,718379,0,0,1,1,0,1,2026-06-17 16:11:38,
baoloc.icu,true,1,511,735144,0,0,1,1,0,1,2026-06-18 15:00:13,
distinction.icu,true,1,501,996805,0,0,1,1,0,1,2026-06-26 00:01:50,
meowland.icu,true,1,531,1117494,0,0,2,2,0,2,2026-06-13 17:13:24,
twin688.icu,true,1,501,984932,0,0,2,2,0,2,2026-06-17 03:12:52,
i9bet84.icu,true,1,532,1115059,0,0,1,1,0,1,2026-06-15 01:15:37,
difinked-camatch.icu,true,1,499,1096765,0,0,1,1,0,1,2026-06-15 06:50:55,
cheaptrip.icu,true,1,493,956892,0,0,1,1,0,1,2026-06-14 14:11:17,
awfordjr.icu,true,1,530,1115095,0,0,1,1,0,1,2026-06-14 12:15:45,
ragnarok.icu,true,1,519,1117656,0,0,2,2,0,2,2026-06-16 06:30:29,
i9bet50.icu,true,1,515,1105343,0,0,1,1,0,1,2026-06-18 07:56:46,
numberpies.icu,true,1,525,994790,0,0,1,1,0,1,2026-06-26 14:08:17,
qmysj.icu,true,1,499,975938,0,0,1,1,0,1,2026-06-26 11:06:46,
ghotaale.com,true,1,133,18547,0,0,1,0,0,0,2024-09-26 01:23:29,
mariakorslund.no,true,1,192,26748,0,0,1,0,0,0,2025-01-23 15:36:52,
radwinter.icu,true,1,493,1117425,0,0,2,2,0,2,2026-06-17 14:55:18,
lapak123.icu,true,1,523,676458,0,0,1,1,0,1,2026-06-12 23:54:53,
oltenitainfo.ro,false,1,88,522,0,0,1,0,0,1,2020-02-22 02:08:39,
magicalpdf.icu,true,1,494,969009,0,0,2,2,0,2,2026-06-16 21:47:58,
links-bhs-brown.space,true,1,48,175,0,0,1020,0,4,0,2026-02-11 09:57:23,
metrooffset.com,true,1,55,5327,0,0,1,0,0,0,2024-09-28 04:25:55,
bong5.icu,true,1,519,1117239,0,0,2,2,0,2,2026-06-16 15:00:30,
bong3.icu,true,1,519,981363,0,0,1,1,0,1,2026-06-25 16:34:42,
railgun.icu,true,1,485,986717,0,0,2,2,0,2,2026-06-14 15:52:41,
mastistaph.eu,true,1,144,2728,0,1,1,0,0,0,2024-03-18 22:56:49,
i-choose-healthy.com,true,1,143,0,0,0,1,0,1,0,2024-12-14 20:17:03,2026-04-20 17:08:33
repelis24.icu,true,1,515,292408,0,1,1,1,1,1,2026-06-12 03:24:01,2026-06-26 03:13:38
mmh-audit.com,true,1,181,4,0,1,6,3,0,0,2025-12-30 19:05:06,
massagetherapy.icu,true,1,504,989437,0,0,2,2,0,2,2026-06-16 20:00:39,
nawar.ly,true,0.9,103,5067,0,2,1,0,1,0,2025-08-04 18:08:28,2026-03-31 16:01:30
한국사이버신학대학교.kr,true,0.9,97,40413,8,2,129,0,0,0,2025-09-19 22:25:56,
seo-anomaly-istanbul.website,true,0.9,55,210,0,0,3,0,2,0,2025-11-28 04:13:12,
seo-anomaly-karachi.website,true,0.9,54,202,0,0,3,0,1,0,2025-11-15 02:33:01,
motors-world.com,true,0.9,36,3738,0,0,1,0,0,0,2024-09-08 20:51:19,
mcafee-com-activate.xyz,true,0.9,553,310956,0,0,2,0,2,2,2025-11-17 22:45:34,2026-05-28 00:20:06
duocnamlong.com,true,0.9,100,286,0,0,2,0,2,0,2025-09-05 07:42:04,2026-04-20 13:15:42
standardykvality.cz,true,0.9,94,15383,35,19,1,1,0,0,2026-05-14 07:35:15,
kachaimp3.xyz,true,0.9,404,193961,0,0,1,0,1,1,2025-12-14 20:07:46,2026-06-13 00:39:51
thallium-marketing.com,true,0.8,132,55,0,0,1,0,1,0,2025-06-03 02:05:47,2026-04-04 03:28:26
seo-anomaly-tokyo.space,true,0.8,58,206,0,0,3,0,0,0,2025-11-10 07:59:17,
i-wapp.es,true,0.8,149,61375,0,0,2,1,0,0,2025-07-10 22:04:52,
diasporanews.ro,false,0.8,2,2814,0,0,2,2,0,1,2026-06-26 02:23:20,
sehateffectors.com,true,0.8,49,1584,0,0,1,0,0,0,2025-07-21 07:38:49,
freeloveproblemsolutions.com,true,0.8,252,6990,0,0,1,0,1,0,2024-08-26 02:58:54,2026-06-16 13:51:49
alpefpre.com,false,0.8,54,2,16,1,2,2,0,0,2026-04-08 01:11:47,
aziendaagricolaluzi.it,true,0.8,69,196,0,0,1,0,1,0,2025-09-18 13:00:28,2026-05-03 08:25:15
sakurakoumuten.net,true,0.8,97,2891,0,0,2,0,0,0,2024-01-05 20:56:32,
seo-anomaly-osaka.site,true,0.8,56,206,0,0,3,0,2,0,2025-11-16 00:57:55,
seo-anomaly-kolkata.website,true,0.8,60,204,0,0,3,0,2,0,2025-11-19 16:23:49,
uszn.zp.ua,false,0.8,118,85,3782,531,1,0,0,0,2025-01-23 07:03:51,
wonvision.com,true,0.8,113,399764440,0,0,5,4,0,5,2026-03-25 14:10:53,
seo-anomaly-shenzhen.online,true,0.8,59,205,0,0,3,0,2,0,2025-11-07 06:05:23,
seo-anomaly-sao-paulo.site,true,0.8,62,207,0,0,3,0,2,0,2025-11-29 13:36:49,
seo-anomaly-istanbul.site,true,0.8,57,206,0,0,3,0,2,0,2025-11-15 03:39:13,
seo-anomaly-moscow.site,true,0.8,58,205,0,0,3,0,2,0,2025-11-29 11:31:25,
seo-anomaly-mumbai.site,true,0.8,61,209,0,0,3,0,2,0,2025-11-14 22:33:18,
drasimhussain.com,true,0.8,240,7028,0,2,1,0,0,0,2023-03-01 19:54:21,
seo-anomaly-manila.online,true,0.8,63,202,0,0,3,0,2,0,2025-11-10 14:17:12,
p2plendingfamily.com,true,0.8,105,5053,0,0,18,0,0,0,2025-12-13 07:18:32,
seo-anomaly-cairo.online,true,0.8,58,202,0,0,3,0,2,0,2025-11-18 06:06:50,
seo-anomaly-sao-paulo.online,true,0.8,58,203,0,0,3,0,2,0,2025-11-20 15:57:18,
seo-anomaly-shenzhen.website,true,0.8,60,204,0,0,3,0,2,0,2025-11-13 11:03:48,
seo-anomaly-guangzhou.site,true,0.8,53,200,0,0,3,0,2,0,2025-11-29 02:01:56,
seo-anomaly-shanghai.site,true,0.8,61,205,0,0,3,0,2,0,2025-11-11 08:04:52,
bmclending.com,true,0.8,107,8076,0,1,4,0,0,0,2025-09-06 07:14:51,
seo-anomaly-shanghai.online,true,0.8,57,207,0,0,3,0,2,0,2025-11-18 19:04:03,
alterando.com,true,0.8,32,2335,0,0,1,0,0,0,2024-09-08 00:32:49,
seo-anomaly-mexico.space,true,0.8,57,199,0,0,3,0,1,0,2025-11-19 15:29:15,
seo-anomaly-mexico.website,true,0.8,58,206,0,0,3,0,2,0,2025-11-15 13:39:15,
seo-anomaly-dhaka.website,true,0.8,56,204,0,0,3,0,3,0,2025-12-18 20:10:38,2026-06-21 00:08:43
seo-anomaly-jakarta.site,true,0.8,58,206,0,0,3,0,2,0,2025-11-16 22:00:39,
seo-anomaly-jakarta.space,true,0.8,54,202,0,0,3,0,2,0,2025-11-16 04:59:53,
seo-anomaly-lagos.site,true,0.8,53,206,0,0,3,0,2,0,2025-11-10 10:30:39,
seo-anomaly-sao-paulo.website,true,0.8,55,203,0,0,3,0,2,0,2025-12-01 11:41:53,
seo-anomaly-kolkata.online,true,0.8,54,193,0,0,2,0,2,0,2025-11-14 08:11:26,2026-06-03 04:23:02
seo-anomaly-shenzhen.site,true,0.8,55,206,0,0,3,0,2,0,2025-11-20 18:08:33,
seo-anomaly-delhi.online,true,0.8,56,202,0,0,3,0,1,0,2025-11-05 18:11:30,
seo-anomaly-lagos.online,true,0.8,54,207,0,0,3,0,1,0,2025-11-17 22:21:49,
seo-anomaly-los-angeles.online,true,0.8,58,205,0,0,3,0,1,0,2025-11-09 00:31:01,
seo-anomaly-jakarta.website,true,0.8,55,205,0,0,3,0,1,0,2025-11-12 12:24:38,
seo-anomaly-los-angeles.website,true,0.8,57,212,0,0,3,0,2,0,2025-11-05 17:54:56,
bayitvegan.co.il,true,0.8,61,3246,0,0,1,0,0,0,2024-01-27 18:55:34,
seo-anomaly-dhaka.online,true,0.8,53,206,0,0,3,0,2,0,2025-11-09 10:49:00,
seo-anomaly-beijing.website,true,0.8,55,207,0,0,3,0,2,0,2025-11-05 21:52:05,
seo-anomaly-mumbai.online,true,0.8,54,208,0,0,3,0,0,0,2025-11-11 17:55:03,
seo-anomaly-karachi.space,true,0.8,52,199,0,0,3,0,2,0,2025-11-10 18:05:28,
seo-anomaly-moscow.website,true,0.8,53,202,0,0,3,0,2,0,2025-11-13 19:32:55,
seo-anomaly-kolkata.site,true,0.8,54,206,0,0,3,0,2,0,2025-11-15 04:32:35,
seo-anomaly-lagos.website,true,0.8,54,204,0,0,3,0,2,0,2025-11-28 05:34:02,
seo-anomaly-manila.website,true,0.8,53,208,0,0,3,0,0,0,2025-11-19 11:41:00,
seo-anomaly-mexico.site,true,0.8,53,208,0,0,3,0,2,0,2025-11-05 18:01:25,
seo-anomaly-seoul.online,true,0.8,54,202,0,0,3,0,2,0,2025-11-14 00:11:26,
seo-anomaly-lahore.site,true,0.8,52,205,0,0,3,0,2,0,2025-11-12 08:09:35,
seo-anomaly-tianjin.site,true,0.8,52,212,0,0,3,0,2,0,2025-11-23 03:36:45,
seo-anomaly-dhaka.site,true,0.8,52,205,0,0,3,0,2,0,2025-11-27 16:31:42,
seo-anomaly-guangzhou.website,true,0.8,52,207,0,0,3,0,2,0,2025-11-10 20:03:56,
seo-anomaly-tianjin.website,true,0.8,53,210,0,0,3,0,2,0,2025-11-23 08:08:13,
seo-anomaly-rio.website,true,0.8,52,201,0,0,3,0,2,0,2025-11-11 22:08:15,
seo-anomaly-karachi.site,true,0.8,52,203,0,0,3,0,2,0,2025-11-17 16:04:34,
seo-anomaly-lahore.online,true,0.8,53,211,0,0,3,0,0,0,2025-11-07 07:06:05,
seo-anomaly-tianjin.online,true,0.8,53,205,0,0,3,0,2,0,2025-11-05 21:52:15,
seo-anomaly-chongqing.online,true,0.8,52,206,0,0,3,0,1,0,2025-11-13 16:23:34,
seo-anomaly-tokyo.online,true,0.8,52,207,0,0,3,0,2,0,2025-11-20 08:59:52,
seo-anomaly-chongqing.site,true,0.8,52,208,0,0,3,0,1,0,2025-11-17 10:34:25,
seo-anomaly-istanbul.online,true,0.8,52,206,0,0,3,0,2,0,2025-11-16 01:36:44,
seo-anomaly-guangzhou.online,true,0.8,53,205,0,0,3,0,2,0,2025-11-14 18:26:59,
seo-anomaly-rio.online,true,0.8,52,202,0,0,3,0,1,0,2025-11-05 18:13:19,
seo-anomaly-tokyo.website,true,0.8,52,203,0,0,3,0,2,0,2025-11-16 10:25:33,
seo-anomaly-rio.site,true,0.8,52,210,0,0,3,0,2,0,2025-11-08 09:41:36,
seo-anomaly-beijing.online,true,0.8,52,208,0,0,3,0,2,0,2025-11-07 10:43:54,
seo-anomaly-manila.site,true,0.8,54,205,0,0,3,0,2,0,2025-11-12 20:13:10,
seo-anomaly-karachi.online,true,0.8,52,209,0,0,3,0,0,0,2025-12-01 22:06:07,
seo-anomaly-cairo.website,true,0.8,52,201,0,0,3,0,2,0,2025-11-11 22:24:43,
seo-anomaly-chongqing.website,true,0.8,52,211,0,0,3,0,1,0,2025-11-10 15:53:28,
seo-anomaly-moscow.online,true,0.8,52,208,0,0,3,0,1,0,2025-11-06 21:41:06,
seo-anomaly-seoul.site,true,0.8,53,202,0,0,3,0,2,0,2025-11-11 18:40:16,
seo-anomaly-osaka.online,true,0.8,52,202,0,0,3,0,2,0,2025-11-17 10:54:05,
seo-anomaly-delhi.website,true,0.8,52,204,0,0,3,0,1,0,2025-11-09 18:13:33,
seo-anomaly-seoul.website,true,0.8,53,207,0,0,3,0,2,0,2025-11-15 20:14:18,
seo-anomaly-beijing.site,true,0.8,52,206,0,0,3,0,2,0,2025-11-14 13:19:32,
seo-anomaly-jakarta.online,true,0.8,52,207,0,0,3,0,2,0,2025-11-11 02:31:41,
seo-anomaly-lahore.website,true,0.8,53,207,0,0,3,0,2,0,2025-11-07 14:36:15,
seo-anomaly-mumbai.website,true,0.8,53,206,0,0,3,0,2,0,2025-11-15 10:09:53,
seo-anomaly-tokyo.site,true,0.8,52,203,0,0,3,0,2,0,2025-11-14 11:26:42,
seo-anomaly-osaka.website,true,0.8,52,205,0,0,3,0,2,0,2025-11-11 18:28:03,
seo-anomaly-cairo.site,true,0.8,52,202,0,0,3,0,2,0,2025-11-19 09:50:05,
seo-anomaly-shanghai.website,true,0.8,52,208,0,0,3,0,0,0,2025-11-11 01:59:02,
seo-anomaly-delhi.site,true,0.8,53,201,0,0,3,0,2,0,2025-11-13 08:21:19,
seo-anomaly-cairo.space,true,0.7,50,201,0,0,3,0,2,0,2025-11-16 09:23:57,
seo-anomaly-chongqing.space,true,0.7,50,203,0,0,3,0,2,0,2025-11-11 13:14:21,
seo-anomaly-lahore.space,true,0.7,50,198,0,0,3,0,2,0,2025-11-24 03:41:07,
seo-anomaly-seoul.space,true,0.7,51,199,0,0,3,0,2,0,2025-11-15 20:18:34,
seo-anomaly-delhi.space,true,0.7,50,197,0,0,3,0,2,0,2025-11-08 10:15:10,
seo-anomaly-manila.space,true,0.7,50,204,0,0,3,0,2,0,2025-11-14 08:16:56,
seo-anomaly-beijing.space,true,0.7,50,208,0,0,3,0,2,0,2025-11-10 15:17:31,
seo-anomaly-shenzhen.space,true,0.7,50,197,0,0,3,0,2,0,2025-11-14 17:58:56,
seo-anomaly-los-angeles.space,true,0.7,51,199,0,0,3,0,2,0,2025-11-20 21:05:55,
seo-anomaly-osaka.space,true,0.7,50,202,0,0,3,0,2,0,2025-11-10 18:09:28,
seo-anomaly-shanghai.space,true,0.7,50,203,0,0,3,0,2,0,2025-11-05 19:44:47,
seo-anomaly-tianjin.space,true,0.7,51,197,0,0,3,0,1,0,2025-11-13 07:54:53,
livingpriceless.com,true,0.7,68,4,0,0,1,0,1,0,2025-02-25 20:04:00,2026-03-29 07:55:55
seo-anomaly-dhaka.space,true,0.7,50,198,0,0,3,0,2,0,2025-11-16 20:56:16,
seo-anomaly-istanbul.space,true,0.7,50,200,0,0,3,0,2,0,2025-11-11 04:20:21,
seo-anomaly-guangzhou.space,true,0.7,50,202,0,0,3,0,1,0,2025-11-05 19:43:26,
seo-anomaly-mumbai.space,true,0.7,50,202,0,0,3,0,1,0,2025-11-10 15:52:08,
seo-anomaly-moscow.space,true,0.7,50,203,0,0,3,0,2,0,2025-11-11 20:34:07,
seo-anomaly-rio.space,true,0.7,51,198,0,0,3,0,2,0,2025-11-27 15:30:50,
seo-anomaly-kolkata.space,true,0.7,50,198,0,0,3,0,2,0,2025-11-18 22:56:17,
seo-anomaly-sao-paulo.space,true,0.7,50,199,0,0,3,0,2,0,2025-11-19 02:44:12,
seo-anomaly-lagos.space,true,0.7,50,207,0,0,3,0,1,0,2025-11-15 03:33:09,
tenshikoubou.info,true,0.7,38,8414,0,0,1,0,0,0,2025-01-01 09:40:05,
autohiv.com,true,0.7,122,0,0,0,1,0,1,0,2025-08-28 11:53:03,2026-04-27 21:05:41
lvcontainer.co.za,true,0.7,115,4692,0,0,1,0,0,0,2024-04-27 14:54:33,
prothor-ing.com,true,0.7,115,5773,0,0,1,0,0,0,2026-03-06 06:33:13,
delicii-traditionale.ro,false,0.7,5,62605,14,5,1,0,0,1,2025-02-21 02:24:37,
takao-t.com,true,0.7,43,314,0,0,2,0,1,0,2022-06-29 11:34:24,
casagrandecaribe.com,true,0.7,27,8,0,0,2,2,0,0,2026-04-23 22:57:35,
dekaqualita.com,false,0.7,1429,330,0,1,1,1,1,0,2026-06-11 06:34:36,2026-06-25 06:37:14
adwaa-alkhalil.com,true,0.7,95,2630,5,3,1,0,0,0,2025-07-17 13:36:32,
internationalstockloans.com,true,0.7,134,15258,0,0,1,0,0,0,2023-06-08 07:59:52,
workgate-invest.com,true,0.7,148,28616,0,0,1,0,0,1,2023-04-08 04:14:09,
qumily.co.uk,true,0.6,117,3284,0,2,4,0,0,0,2025-09-17 01:27:47,
vipasador.com,true,0.6,52,1301,9,11,35,0,0,0,2025-09-22 15:09:10,
lilycoggin.com,true,0.6,132,9760,0,0,1,0,0,0,2026-01-26 16:50:47,
webbyria.xyz,true,0.6,1603,606915,0,0,5,0,3,5,2026-01-15 21:33:05,
163shayu.xyz,true,0.6,1606,562857,0,0,1,0,0,1,2026-02-17 01:48:21,
putaoav4.xyz,true,0.6,1603,458386,0,0,1,0,1,1,2026-02-27 13:14:34,2026-04-14 15:02:12
lonvi.cn,true,0.6,52,5016,0,0,1,0,1,0,2023-12-24 21:29:40,2026-06-16 16:23:44
unitedsteel.com.sg,true,0.6,54,11718,32,2,1,0,0,0,2023-11-05 09:56:54,
agradeps.com.au,true,0.6,2950,1976,0,1,2,0,0,0,2025-07-24 00:44:51,
morskibobolin.pl,true,0.6,32,7,0,0,1,0,0,0,2025-05-27 23:58:08,
orchhalitfest.in,true,0.6,34,18986,0,4,2,2,0,0,2026-04-28 20:36:20,
andreea-ivan.ro,false,0.6,86,649,0,0,1,0,0,1,2020-03-14 17:59:40,
walknroll.online,true,0.5,171,14646,0,0,2,1,0,0,2023-02-20 04:51:05,
kamillekiecker.com,true,0.5,45,1362,0,0,2,0,0,0,2025-04-03 11:53:09,
forumagricol.ro,true,0.5,47,50289,0,0,21,0,0,21,2024-07-25 21:45:41,
successwet.com,true,0.5,85,8459,0,0,1,0,0,0,2024-10-14 21:35:45,
newsalert.ro,false,0.5,7,24,0,0,1,1,0,0,2026-06-27 10:02:17,
cristianmateica.com,true,0.5,37,540,0,0,2,0,0,2,2019-02-23 22:45:04,
solutnetic.co.za,true,0.5,42,5074,0,0,1,0,0,1,2024-08-14 18:03:29,
bestdev.ro,true,0.5,1,113,0,2,20,18,14,0,2026-02-21 09:54:09,
tq88.bet,true,0.5,12,651,0,0,1,0,1,0,2024-06-10 11:55:49,2026-05-21 18:23:16
kk-jp.net,true,0.5,66,67,0,0,1,0,0,0,2024-09-27 21:33:31,
burkappraisals.com,true,0.5,53,1,0,0,1,0,1,0,2026-02-12 10:02:26,2026-05-07 11:12:05
behbagha.ir,true,0.5,82,18187,0,0,1,0,1,1,2023-10-30 00:39:23,2026-05-18 00:01:43
praveena.fr,true,0.5,123,5490,0,1,1,0,0,0,2024-09-28 18:36:52,
alzahwah.xyz,true,0.5,1606,500314,0,0,4,0,4,4,2026-02-09 16:25:55,2026-05-02 06:58:11
leadlazo.xyz,true,0.5,1603,392601,0,0,3,0,2,3,2026-02-07 18:52:35,
tvme2024.xyz,true,0.5,1606,353204,0,0,1,0,1,1,2026-02-25 19:49:35,2026-04-30 15:08:37
havenhot.xyz,true,0.5,1601,356640,0,0,2,0,2,2,2026-02-15 09:39:43,2026-04-22 23:14:47
tisnaver.xyz,true,0.5,1606,450167,0,0,2,0,2,2,2026-02-21 16:38:30,2026-04-16 03:59:17
wayrocks.xyz,true,0.5,1605,506373,0,0,2,0,2,2,2026-02-07 18:22:19,2026-06-06 17:47:26
uwakjitu.xyz,true,0.5,1604,458273,0,0,3,0,3,3,2026-02-16 11:11:17,2026-05-08 13:17:25
totempvp.xyz,true,0.5,1603,365875,0,0,3,0,3,3,2026-01-20 20:06:25,2026-05-01 15:45:25
technanoltd.com,true,0.5,87,28771,0,0,1,0,0,0,2024-09-27 09:33:25,
venytedigo.xyz,true,0.4,389,204441,0,0,1,0,1,1,2025-11-30 22:12:24,2026-05-30 03:26:14
tutyaman.xyz,true,0.4,1604,462562,0,0,3,0,1,3,2026-01-21 12:52:27,
domain.com.lc,true,0.4,30,369762734,0,0,2,2,0,2,2026-04-06 19:51:19,
51cgblzx.xyz,true,0.4,1600,497932,0,0,2,0,0,2,2026-02-16 00:38:53,
preparation.co.in,true,0.4,21,338456774,0,0,1,1,0,1,2026-06-28 10:12:01,
zsquaresln.co.uk,true,0.4,56,10837,0,0,1,0,0,0,2025-03-17 14:12:40,
rankvanceboost.info,true,0.4,70,703160,0,0,2,0,2,2,2025-08-31 20:32:59,2026-05-04 02:07:33
theface.in,true,0.4,7,101737860,0,0,1,1,0,1,2026-05-13 16:52:24,
atelierlagrange.fr,true,0.4,107,4013,0,0,1,0,0,0,2023-07-20 09:41:29,
taipax.com,true,0.4,29,44052,0,0,1,0,1,1,2025-07-16 19:54:37,2026-04-08 08:49:11
c44zlcsv.xyz,true,0.4,1594,446469,0,0,1,0,0,1,2026-02-07 22:35:30,
stayamor.xyz,true,0.4,1594,450333,0,0,1,0,0,1,2026-02-17 11:03:03,
yimiaogj.xyz,true,0.4,1591,602122,0,0,3,0,3,3,2026-02-10 15:27:49,2026-04-27 04:48:11
arianeservices.fr,true,0.4,99,89,0,0,2,0,0,0,2022-11-21 16:02:05,
tyres.pro,true,0.4,7,40119123,0,0,1,1,1,1,2026-05-22 08:49:27,2026-06-19 08:58:54
anomaly-seo-springdale.online,true,0.4,48,344,0,0,595,0,5,0,2026-02-11 00:37:28,
blutkraehe.de,true,0.4,34,352,0,0,1,0,1,0,2025-10-02 05:56:28,2026-04-18 21:12:17
tanexes.xyz,true,0.4,1609,570240,0,0,1,0,0,1,2026-01-11 07:49:29,
africatechtv.com,true,0.4,80,7,0,0,4,2,1,0,2026-02-24 03:42:56,
mostbet-au1.xyz,true,0.4,289,222199,0,0,1,0,1,1,2025-12-04 07:43:41,2026-06-03 03:18:41
domusconsultorias.com,false,0.4,41,10,20,4,1,0,1,0,2024-01-26 23:07:46,2026-05-26 17:33:52
jeanpierredoran.nl,false,0.4,92,47132,2,7,1,0,0,1,2025-01-21 05:05:00,
deotrust.xyz,true,0.4,916,200145,0,0,1,0,1,1,2025-12-18 03:13:52,2026-06-17 02:20:51
mi3group.xyz,true,0.4,912,237724,0,0,1,0,1,1,2025-12-20 03:51:29,2026-06-19 03:01:09
theziara.xyz,true,0.4,911,79630,0,0,1,0,1,1,2025-12-20 09:39:47,2026-06-19 02:02:59
anomaly-seo-oakridge.website,true,0.4,45,345,0,0,595,2,6,0,2026-02-11 10:55:06,
anomaly-seo-woodbridge.online,true,0.4,45,342,0,0,595,0,7,0,2026-02-10 23:59:12,
anomaly-seo-silverton.website,true,0.4,45,343,0,0,594,1,6,0,2026-02-12 19:44:08,
anomaly-seo-pinecrest.website,true,0.4,45,344,0,0,595,0,4,0,2026-02-10 23:57:03,
anomaly-seo-hillcrest.site,true,0.4,45,342,0,0,595,0,8,0,2026-02-12 23:40:47,
anomaly-seo-lakeside.site,true,0.4,45,344,0,0,595,0,7,0,2026-02-11 01:40:54,
anomaly-seo-riverford.website,true,0.4,45,343,0,0,595,0,4,0,2026-02-16 02:08:01,
anomaly-seo-meadowbrook.site,true,0.4,46,344,0,0,595,0,7,0,2026-02-11 00:21:50,
anomaly-seo-northfield.website,true,0.4,45,344,0,0,595,0,7,0,2026-02-14 03:34:00,
anomaly-seo-maplegrove.site,true,0.4,46,344,0,0,595,0,7,0,2026-02-11 02:24:56,
anomaly-seo-stonehill.online,true,0.4,45,343,0,0,582,13,5,0,2026-02-11 00:28:28,
ljustore.xyz,true,0.4,1316,354704,0,0,1,0,0,1,2026-02-20 20:25:03,
vuokrahuvila.fi,true,0.4,1877,742,0,0,2,0,0,0,2023-07-26 00:12:27,
bonfireu.xyz,true,0.4,1317,437028,0,0,1,0,1,1,2026-02-19 19:46:37,2026-04-07 13:49:14
saibonfx.xyz,true,0.4,1314,471875,0,0,1,0,1,1,2026-02-16 00:11:14,2026-05-02 13:29:27
superxxxwomen.xyz,true,0.4,1621,438583,0,0,2,0,2,2,2026-02-11 11:59:58,2026-05-23 11:36:55
seojefr.xyz,true,0.4,1596,502472,0,0,2,0,0,2,2026-02-09 06:58:25,
aseraflix.xyz,true,0.4,1594,517281,0,0,2,0,2,2,2026-02-13 14:33:27,2026-05-13 18:34:15
a035.xyz,true,0.4,1594,488443,0,0,6,0,5,6,2026-01-20 05:11:42,
xjnat3enj6.xyz,true,0.4,1621,506954,0,0,1,0,0,1,2026-01-22 03:02:17,
hotelcenter.co,true,0.4,136,2850,22,4,4,0,0,0,2023-10-02 13:19:45,
velorienterede.dk,true,0.3,42,576,0,0,1,0,0,0,2025-03-14 02:53:47,
rnogroup.com,true,0.3,73,1175,0,0,1,0,0,0,2024-09-16 08:13:41,
seo-anomaly-6.xyz,true,0.3,80,114,0,0,280,0,8,0,2026-02-20 18:25:23,
obscurita-eterna.de,true,0.3,44,36441,0,0,3,3,1,3,2026-05-06 01:10:57,
seo-anomaly-2.xyz,true,0.3,80,115,0,0,280,0,7,0,2026-02-20 17:30:11,
seo-anomaly-10.xyz,true,0.3,80,113,0,0,280,0,7,0,2026-02-20 20:48:35,
seo-anomaly-9.xyz,true,0.3,80,114,0,0,280,0,8,0,2026-02-20 17:30:22,
seo-anomaly-5.xyz,true,0.3,80,113,0,0,280,0,7,0,2026-02-20 18:51:31,
seo-anomaly-8.xyz,true,0.3,80,114,0,0,280,0,8,0,2026-02-20 19:07:46,
seo-anomaly-1.xyz,true,0.3,80,114,0,0,274,0,8,0,2026-02-20 18:11:37,
seo-anomaly-7.xyz,true,0.3,80,114,0,0,280,0,8,0,2026-02-20 17:36:08,
seo-anomaly-3.xyz,true,0.3,80,114,0,0,280,3,8,0,2026-02-20 20:33:10,
seo-anomaly-4.xyz,true,0.3,80,114,0,0,280,0,8,0,2026-02-20 17:38:35,
jojokaka.xyz,true,0.3,1213,532737,0,0,2,0,2,2,2026-02-08 20:21:08,2026-05-09 08:50:42
cesstank.xyz,true,0.3,1211,539925,0,0,3,0,2,3,2026-02-11 00:20:23,
saylorqr.xyz,true,0.3,1211,330388,0,0,2,0,1,2,2026-01-09 09:54:02,
zzsaifei.xyz,true,0.3,1211,562118,0,0,1,0,1,1,2026-02-11 00:19:22,2026-04-05 12:37:17
klobba10.xyz,true,0.3,1209,441937,0,0,4,0,3,4,2026-02-12 05:35:43,
ajlsilva.xyz,true,0.3,1211,395759,0,0,1,0,0,1,2026-02-14 03:28:23,
brumifan.xyz,true,0.3,1213,634307,0,0,2,0,0,2,2026-02-10 14:35:57,
inmeplay.xyz,true,0.3,1211,430040,0,0,2,0,1,2,2026-02-13 04:10:36,
shiakidz.xyz,true,0.3,1211,593591,0,0,1,0,0,1,2026-02-13 18:04:56,
tt-track1.xyz,true,0.3,1201,189409,0,0,1,0,0,1,2026-01-07 01:13:12,
evaronix.xyz,true,0.3,1375,522801,0,0,1,0,0,1,2026-02-20 09:53:28,
rtwbypac.xyz,true,0.3,1373,553615,0,0,2,0,1,2,2026-01-21 21:01:35,
deyomist.xyz,true,0.3,1374,448920,0,0,6,0,5,6,2026-02-09 19:12:37,
spedning.xyz,true,0.3,1374,401831,0,0,1,0,1,1,2026-02-14 03:32:07,2026-05-01 00:15:34
eijewels.xyz,true,0.3,1374,526381,0,0,1,0,0,1,2026-01-13 02:08:59,
cheapsmmprovider.info,true,0.3,9,419159,0,0,1,1,1,1,2026-06-01 01:53:51,2026-06-15 03:33:15
vmlumina.xyz,true,0.3,1276,482632,0,0,2,0,2,2,2026-02-21 17:24:42,2026-04-20 06:13:18
reshopid.xyz,true,0.3,1273,440843,0,0,2,0,1,2,2026-02-08 14:51:04,
tidnjufh.xyz,true,0.3,1276,489271,0,0,1,0,1,1,2026-02-22 10:44:27,2026-04-15 04:25:58
igloozoa.xyz,true,0.3,1275,473177,0,0,1,0,1,1,2026-02-13 08:57:12,2026-04-02 19:38:15
luxetore.xyz,true,0.3,1274,331516,0,0,1,0,1,1,2026-02-21 08:38:50,2026-04-10 14:48:11
jponcasi.xyz,true,0.3,1271,504839,0,0,1,0,1,1,2026-02-11 17:27:20,2026-04-09 09:27:11
azvippro.xyz,true,0.3,1273,371451,0,0,1,0,0,1,2026-02-08 07:56:45,
parvagrotech.com,true,0.3,54,2021,0,0,2,0,0,0,2025-09-26 16:02:54,
hazarat.in,true,0.3,39,1900,0,0,49,0,49,0,2025-08-04 17:56:04,2026-04-18 13:39:17
aremacronus.net,true,0.3,35,647,0,0,1,0,0,0,2026-02-18 05:58:54,
arbetslos.xyz,true,0.3,364,240339,0,0,1,0,1,1,2025-11-23 08:27:23,2026-05-23 01:01:00
hotzamon.xyz,true,0.3,701,159200,0,0,1,0,1,1,2025-12-20 14:24:17,2026-06-19 05:54:13
mikecampworld.com,true,0.3,93,13720,0,0,4,0,0,0,2024-07-18 11:06:29,
archiom.eu,true,0.3,98,5689,0,0,2,0,0,0,2024-01-22 19:49:52,
getonline.co.in,true,0.3,3,38571396,0,0,1,1,0,1,2026-06-06 09:30:29,
booking-dlf.com,true,0.3,69,16445,0,0,1,0,0,1,2023-06-15 20:56:43,
marathiladies.com,true,0.3,44,166464837,0,0,1,1,1,1,2026-05-16 02:59:34,2026-06-13 10:11:54
diyent.com,true,0.3,109,2590,0,0,2,0,0,0,2023-11-02 19:28:32,
afetshop.xyz,true,0.3,1255,514234,0,0,3,0,1,3,2026-01-20 21:27:50,
palmgone.xyz,true,0.3,1256,438201,0,0,1,0,0,1,2026-02-12 05:31:43,
links-bhs-big.online,true,0.3,48,172,0,0,337,0,0,0,2026-02-11 08:23:09,
qqalfa24.xyz,true,0.3,1258,426773,0,0,2,0,0,2,2026-02-14 02:45:10,
wayofara.xyz,true,0.3,1259,496448,0,0,2,0,1,2,2026-01-24 21:39:32,
4beta.nl,true,0.2,24,3295,0,0,1,0,0,1,2024-03-22 01:31:03,
drsjapancars.com,true,0.2,70,4,0,2,6,0,0,0,2026-03-12 05:33:28,
ikonebox.xyz,true,0.2,684,217057,0,0,1,0,1,1,2025-12-18 05:04:12,2026-06-17 02:36:18
cowan4ct.xyz,true,0.2,684,106931,0,0,1,0,1,1,2025-12-19 11:05:42,2026-06-18 02:06:56
3obl2h97x.info,true,0.2,797,468775,0,0,2,0,2,2,2026-02-10 08:27:09,2026-04-03 13:46:17
25pye1map.info,true,0.2,799,525464,0,0,2,0,2,2,2026-02-13 02:51:09,2026-05-13 16:11:43
oe3fg7.info,true,0.2,808,515269,0,0,1,0,1,1,2026-02-17 16:48:38,2026-04-14 16:58:21
qzrzhvm.info,true,0.2,796,419619,0,0,1,0,0,1,2026-02-20 01:51:43,
skl4ej.info,true,0.2,796,506799,0,0,1,0,0,1,2026-02-12 12:48:25,
9c5kxfuib.info,true,0.2,795,546828,0,0,4,0,1,4,2026-02-15 08:04:25,
y007vc.info,true,0.2,794,540805,0,0,2,0,0,2,2026-02-16 08:47:21,
h4244e.info,true,0.2,795,532574,0,0,2,0,1,2,2026-02-11 11:00:07,
7j7fh9.info,true,0.2,794,582271,0,0,3,0,1,3,2026-01-25 11:08:13,
uqire74ej.info,true,0.2,799,400391,0,0,3,0,2,3,2026-02-08 21:08:40,
x3dcya.info,true,0.2,800,375218,0,0,1,0,1,1,2026-02-22 15:35:36,2026-04-15 00:32:58
ebeh8c.info,true,0.2,797,509452,0,0,1,0,1,1,2026-02-13 13:39:18,2026-04-01 18:13:10
8zw1di.info,true,0.2,793,508350,0,0,2,0,1,2,2026-02-19 15:33:26,
goebu8a.info,true,0.2,805,504403,0,0,1,0,0,1,2026-02-09 16:41:13,
xxes54.info,true,0.2,795,578534,0,0,2,0,0,2,2026-02-21 05:42:01,
kxwdez2of.info,true,0.2,791,413097,0,0,2,0,2,2,2026-02-18 15:24:19,2026-04-25 12:49:26
bdd1pr.info,true,0.2,797,589584,0,0,2,0,1,2,2026-02-06 08:11:44,
bifsl2.info,true,0.2,797,495367,0,0,4,0,4,4,2026-02-11 13:02:01,2026-05-13 07:49:44
xsyztq.info,true,0.2,798,428601,0,0,1,0,1,1,2026-02-15 12:32:25,2026-04-10 03:13:19
grandmai.xyz,true,0.2,781,262374,0,0,1,0,0,1,2026-01-06 23:07:00,
bookmarkingworld.xyz,true,0.2,578,295963,0,0,1,0,1,1,2025-11-24 05:39:26,2026-05-24 00:23:55
lawunicorn.com,true,0.2,52,15387,0,0,1,0,0,0,2026-02-16 05:01:03,
minposi.com,true,0.2,98,916,112,104,3,1,0,0,2024-11-17 09:37:05,
website-info.net,true,0.2,38,343412,0,5,1,1,0,1,2026-06-16 22:37:12,
tmevents.ro,true,0.2,7,48,0,0,1,0,0,1,2019-09-14 09:10:44,
ultra78official.xyz,true,0.2,686,287236,0,0,2,0,2,2,2025-11-11 14:40:50,2026-05-13 05:03:23
ablondeperspective.com,true,0.2,46,4,0,0,1,0,0,0,2022-06-29 10:55:32,
loveisruff.com,true,0.2,45,357,0,0,1,0,0,0,2023-03-05 23:49:46,
links-bhs-nice.xyz,true,0.2,44,176,0,0,1020,12,4,0,2026-02-13 02:02:45,
links-bhs-yellow.xyz,true,0.2,43,176,0,0,1018,0,4,0,2026-02-13 21:24:46,
links-bhs-green.xyz,true,0.2,43,176,0,0,1019,1,2,0,2026-02-13 10:16:57,
links-bhs-red.xyz,true,0.2,43,177,0,0,1006,0,4,0,2026-02-13 21:03:25,
links-bhs-great.xyz,true,0.2,44,176,0,0,1020,3,4,0,2026-02-13 07:52:45,
links-bhs-black.xyz,true,0.2,43,175,0,0,1020,0,3,0,2026-02-12 23:26:18,
links-bhs-blue.xyz,true,0.2,43,175,0,0,1002,0,5,0,2026-02-14 02:45:27,
links-bhs-sharp.xyz,true,0.2,43,175,0,0,1019,1,3,0,2026-02-17 08:35:09,
topcms.info,true,0.2,30,20,0,0,3,0,3,0,2024-12-17 16:39:26,2026-04-23 03:42:09
weaveinns.com,true,0.2,58,17943,0,0,1,0,0,0,2025-11-11 18:50:21,
itoshimashi-seniorkonkatsu.xyz,true,0.2,495,300988,0,0,2,0,2,2,2025-11-12 03:17:49,2026-05-12 00:46:48
aivisuai.xyz,true,0.1,459,66665,0,0,1,0,1,1,2025-12-18 20:02:03,2026-06-17 09:04:28
seo-anomaly-lumos.online,true,0.1,26,71,0,0,19,0,0,0,2026-01-27 18:47:30,
seo-anomaly-incendio.online,true,0.1,26,70,0,0,19,0,0,0,2026-01-28 05:03:22,
seo-anomaly-rennervate.online,true,0.1,26,69,0,0,19,0,0,0,2026-01-27 15:16:15,
seo-anomaly-accio.online,true,0.1,26,73,0,0,19,0,0,0,2026-01-27 15:04:17,
bominote.xyz,true,0.1,459,118559,0,0,1,0,1,1,2025-12-18 18:35:43,2026-06-28 13:18:57
seo-anomaly-muffliato.online,true,0.1,26,70,0,0,19,0,0,0,2026-01-27 14:56:25,
seo-anomaly-expecto-patronum.online,true,0.1,26,70,0,0,19,0,0,0,2026-01-27 15:50:21,
kostebet.xyz,true,0.1,492,100755,0,0,1,0,1,1,2025-12-18 22:32:38,2026-06-17 11:29:57
styllora.xyz,true,0.1,464,96985,0,0,1,0,1,1,2025-12-18 15:05:49,2026-06-17 05:03:49
novempix.xyz,true,0.1,460,42279,0,0,1,0,1,1,2025-12-17 22:09:16,2026-06-16 08:25:51
hsvihgs.info,true,0.1,787,453278,0,0,1,0,1,1,2026-02-27 08:32:42,2026-05-22 11:37:45
quamigos.xyz,true,0.1,460,119253,0,0,1,0,1,1,2025-12-19 00:54:45,2026-06-18 02:46:27
getpivor.xyz,true,0.1,463,126379,0,0,1,0,1,1,2025-12-17 21:19:50,2026-06-16 01:57:40
kemiri77.xyz,true,0.1,460,58113,0,0,1,0,1,1,2025-12-19 01:48:54,2026-06-18 02:59:19
1331gw21.xyz,true,0.1,460,24507,0,0,1,0,1,1,2025-12-19 02:40:55,2026-06-18 02:00:12
seo-anomaly-expecto-patronum.site,true,0.1,25,70,0,0,19,0,0,0,2026-03-05 08:30:02,
seo-anomaly-rennervate.site,true,0.1,25,69,0,0,19,0,0,0,2026-03-04 05:02:39,
seo-anomaly-finite-incantatem.online,true,0.1,25,73,0,0,19,0,0,0,2026-01-27 15:06:03,
seo-anomaly-petrificus-totalus.online,true,0.1,25,71,0,0,19,0,0,0,2026-01-27 15:08:41,
seo-anomaly-wingardium-leviosa.website,true,0.1,25,70,0,0,19,0,0,0,2026-03-04 09:15:08,
seo-anomaly-episkey.website,true,0.1,25,65,0,0,19,0,0,0,2026-03-05 01:16:23,
seo-anomaly-avada-kedavra.website,true,0.1,25,70,0,0,19,0,0,0,2026-03-04 09:12:30,
seo-anomaly-protego.website,true,0.1,25,70,0,0,19,0,0,0,2026-03-04 09:36:10,
seo-anomaly-stupefy.website,true,0.1,25,70,0,0,19,0,0,0,2026-03-05 06:44:30,
seo-anomaly-reparo.site,true,0.1,25,71,0,0,19,0,0,0,2026-03-04 22:42:53,
seo-anomaly-episkey.online,true,0.1,25,69,0,0,19,0,0,0,2026-01-29 23:38:31,
seo-anomaly-wingardium-leviosa.site,true,0.1,25,73,0,0,19,0,0,0,2026-03-04 04:53:35,
seo-anomaly-nox.website,true,0.1,25,69,0,0,19,0,0,0,2026-03-05 03:52:19,
seo-anomaly-confundus.online,true,0.1,25,70,0,0,19,0,0,0,2026-01-27 14:53:52,
seo-anomaly-crucio.website,true,0.1,25,67,0,0,19,0,0,0,2026-03-05 08:54:28,
seo-anomaly-expelliarmus.site,true,0.1,25,69,0,0,19,0,0,0,2026-01-27 16:14:41,
seo-anomaly-silencio.site,true,0.1,25,70,0,0,19,0,0,0,2026-03-04 08:10:53,
seo-anomaly-rennervate.website,true,0.1,25,70,0,0,19,0,0,0,2026-03-04 09:56:51,
seo-anomaly-muffliato.website,true,0.1,25,69,0,0,19,0,0,0,2026-03-05 07:01:30,
seo-anomaly-finite-incantatem.site,true,0.1,25,70,0,0,19,0,0,0,2026-01-27 17:35:21,
seo-anomaly-stupefy.site,true,0.1,25,70,0,0,19,0,0,0,2026-03-05 07:27:30,
seo-anomaly-imperio.online,true,0.1,25,71,0,0,19,0,0,0,2026-01-27 17:06:42,
seo-anomaly-silencio.website,true,0.1,25,69,0,0,19,0,0,0,2026-03-04 22:32:18,
seo-anomaly-expecto-patronum.website,true,0.1,25,70,0,0,19,0,0,0,2026-03-05 04:05:10,
seo-anomaly-lumos.website,true,0.1,25,70,0,0,19,0,0,0,2026-03-04 10:43:13,
seo-anomaly-aguamenti.site,true,0.1,25,70,0,0,19,0,0,0,2026-01-27 14:34:25,
seo-anomaly-obliviate.site,true,0.1,25,70,0,0,19,0,0,0,2026-01-27 17:50:37,
seo-anomaly-accio.website,true,0.1,25,70,0,0,19,0,0,0,2026-03-04 21:52:06,
seo-anomaly-protego.online,true,0.1,25,69,0,0,19,0,0,0,2026-01-27 16:58:31,
seo-anomaly-wingardium-leviosa.online,true,0.1,25,73,0,0,19,0,0,0,2026-01-28 13:01:43,
seo-anomaly-imperio.site,true,0.1,25,70,0,0,19,0,0,0,2026-01-27 14:46:13,
seo-anomaly-reducto.website,true,0.1,25,69,0,0,19,0,0,0,2026-03-05 06:17:09,
seo-anomaly-aguamenti.website,true,0.1,25,69,0,0,19,0,0,0,2026-03-05 03:57:37,
seo-anomaly-expelliarmus.online,true,0.1,25,70,0,0,19,0,0,0,2026-01-27 19:42:05,
seo-anomaly-reparo.website,true,0.1,25,73,0,0,19,0,0,0,2026-03-04 11:43:35,
seo-anomaly-nox.site,true,0.1,25,67,0,0,19,0,0,0,2026-01-27 17:51:09,
seo-anomaly-obliviate.online,true,0.1,25,70,0,0,19,0,0,0,2026-01-28 12:36:54,
seo-anomaly-imperio.website,true,0.1,25,70,0,0,19,1,0,0,2026-03-04 12:42:06,
seo-anomaly-levicorpus.site,true,0.1,25,68,0,0,19,0,0,0,2026-01-28 11:31:36,
seo-anomaly-stupefy.online,true,0.1,25,71,0,0,19,0,0,0,2026-01-28 00:07:09,
seo-anomaly-nox.online,true,0.1,25,73,0,0,19,0,0,0,2026-01-28 11:00:37,
seo-anomaly-aparecium.site,true,0.1,25,73,0,0,19,0,0,0,2026-01-28 11:50:31,
seo-anomaly-incendio.site,true,0.1,25,69,0,0,19,0,0,0,2026-01-27 23:35:04,
seo-anomaly-expelliarmus.website,true,0.1,25,69,0,0,19,0,0,0,2026-03-05 05:45:05,
seo-anomaly-petrificus-totalus.site,true,0.1,25,70,0,0,19,0,0,0,2026-01-27 14:40:50,
seo-anomaly-incendio.website,true,0.1,25,70,0,0,19,0,0,0,2026-03-04 11:16:13,
seo-anomaly-confundus.site,true,0.1,25,67,0,0,19,0,0,0,2026-03-04 11:09:26,
seo-anomaly-accio.site,true,0.1,25,71,0,0,19,0,0,0,2026-01-27 15:10:45,
seo-anomaly-episkey.site,true,0.1,25,69,0,0,19,0,0,0,2026-03-05 05:26:19,
seo-anomaly-crucio.online,true,0.1,25,71,0,0,19,0,0,0,2026-01-29 22:45:19,
seo-anomaly-silencio.online,true,0.1,25,70,0,0,19,0,0,0,2026-01-27 18:32:51,
seo-anomaly-levicorpus.website,true,0.1,25,70,0,0,19,0,0,0,2026-03-05 11:31:54,
seo-anomaly-confundus.website,true,0.1,25,69,0,0,19,0,0,0,2026-03-05 05:07:40,
seo-anomaly-muffliato.site,true,0.1,25,71,0,0,19,0,0,0,2026-01-28 11:12:16,
seo-anomaly-levicorpus.online,true,0.1,25,70,0,0,19,0,0,0,2026-01-28 10:57:23,
seo-anomaly-petrificus-totalus.website,true,0.1,25,72,0,0,19,0,0,0,2026-03-04 22:45:25,
seo-anomaly-avada-kedavra.online,true,0.1,25,72,0,0,19,0,0,0,2026-01-27 18:10:37,
seo-anomaly-reducto.online,true,0.1,25,70,0,0,19,0,0,0,2026-01-27 14:27:08,
seo-anomaly-finite-incantatem.website,true,0.1,25,70,0,0,19,0,0,0,2026-03-04 07:27:46,
seo-anomaly-reducto.site,true,0.1,25,70,0,0,19,0,0,0,2026-03-04 02:34:21,
seo-anomaly-obliviate.website,true,0.1,25,69,0,0,19,0,0,0,2026-03-05 05:23:57,
seo-anomaly-lumos.site,true,0.1,25,71,0,0,19,0,0,0,2026-01-28 10:53:11,
seo-anomaly-aguamenti.online,true,0.1,25,70,0,0,19,0,0,0,2026-01-28 12:06:42,
seo-anomaly-crucio.site,true,0.1,25,70,0,0,19,0,0,0,2026-03-04 22:46:23,
seo-anomaly-protego.site,true,0.1,25,71,0,0,19,0,0,0,2026-03-04 07:42:05,
seo-anomaly-aparecium.online,true,0.1,25,70,0,0,19,0,0,0,2026-01-29 11:21:29,
seo-anomaly-aparecium.website,true,0.1,25,70,0,0,19,0,0,0,2026-03-04 09:54:34,
seo-anomaly-reparo.online,true,0.1,25,68,0,0,19,0,0,0,2026-01-27 13:23:09,
seo-anomaly-aguamenti.space,true,0.1,24,67,0,0,19,0,0,0,2026-01-28 01:02:21,
seo-anomaly-rennervate.space,true,0.1,24,67,0,0,19,0,0,0,2026-01-29 01:17:23,
seo-anomaly-obliviate.space,true,0.1,24,67,0,0,19,0,0,0,2026-01-28 13:57:27,
seo-anomaly-muffliato.space,true,0.1,24,67,0,0,19,0,0,0,2026-01-27 13:49:27,
seo-anomaly-wingardium-leviosa.space,true,0.1,24,66,0,0,19,0,0,0,2026-01-27 15:26:01,
seo-anomaly-expelliarmus.space,true,0.1,24,67,0,0,19,0,0,0,2026-01-27 15:21:59,
seo-anomaly-levicorpus.space,true,0.1,24,67,0,0,19,0,0,0,2026-01-27 20:57:08,
seo-anomaly-stupefy.space,true,0.1,24,68,0,0,19,0,0,0,2026-01-27 14:36:45,
seo-anomaly-protego.space,true,0.1,24,67,0,0,19,0,0,0,2026-01-27 14:35:36,
seo-anomaly-expecto-patronum.space,true,0.1,24,68,0,0,19,0,0,0,2026-01-28 01:04:45,
seo-anomaly-episkey.space,true,0.1,24,67,0,0,19,0,0,0,2026-01-27 19:33:59,
seo-anomaly-nox.space,true,0.1,24,67,0,0,19,0,0,0,2026-01-27 15:26:33,
seo-anomaly-aparecium.space,true,0.1,24,67,0,0,19,0,0,0,2026-01-29 00:53:49,
seo-anomaly-silencio.space,true,0.1,24,67,0,0,19,0,0,0,2026-01-30 14:31:35,
seo-anomaly-finite-incantatem.space,true,0.1,24,67,0,0,19,0,0,0,2026-01-29 10:51:43,
seo-anomaly-reparo.space,true,0.1,24,67,0,0,19,0,0,0,2026-01-27 13:22:58,
seo-anomaly-confundus.space,true,0.1,24,67,0,0,19,0,0,0,2026-01-27 17:19:29,
seo-anomaly-reducto.space,true,0.1,24,67,0,0,19,0,0,0,2026-01-27 14:41:29,
seo-anomaly-avada-kedavra.space,true,0.1,24,67,0,0,19,0,0,0,2026-01-29 00:05:13,
seo-anomaly-imperio.space,true,0.1,24,67,0,0,19,0,0,0,2026-01-27 18:37:29,
seo-anomaly-crucio.space,true,0.1,24,67,0,0,19,0,0,0,2026-01-27 18:12:46,
seo-anomaly-incendio.space,true,0.1,24,67,0,0,19,0,0,0,2026-01-27 19:27:53,
seo-anomaly-lumos.space,true,0.1,24,67,0,0,19,0,0,0,2026-01-28 23:28:11,
seo-anomaly-petrificus-totalus.space,true,0.1,24,67,0,0,19,0,0,0,2026-01-28 23:05:15,
seo-anomaly-accio.space,true,0.1,24,67,0,0,19,0,0,0,2026-01-28 23:19:27,
lunaconsultingcreditrepair.com,true,0.1,35,3825,0,0,1,1,0,1,2026-05-07 01:38:41,
jethcode.xyz,true,0.1,462,94978,0,0,1,0,1,1,2025-12-18 20:35:49,2026-06-17 06:27:14
panictea.xyz,true,0.1,463,60625,0,0,1,0,1,1,2025-12-18 10:16:51,2026-06-17 01:05:59
okngnmtb.xyz,true,0.1,458,106658,0,0,1,0,1,1,2025-12-18 07:03:12,2026-06-17 02:12:38
exdarren.xyz,true,0.1,462,85565,0,0,1,0,1,1,2025-12-18 22:14:23,2026-06-17 01:43:56
startm77.xyz,true,0.1,459,78907,0,0,1,0,1,1,2025-12-18 22:32:15,2026-06-17 06:33:43
spavacay.xyz,true,0.1,462,25518,0,0,1,0,1,1,2025-12-19 04:50:21,2026-06-18 03:22:02
affsignal.com,true,0.1,4,356948,2,5,5,5,1,5,2026-05-25 21:17:34,
bitex4mx.xyz,true,0.1,459,19528,0,0,1,0,1,1,2025-12-18 22:59:33,2026-06-17 10:36:19
seo-anomaly-los-angeles.site,true,0.1,32,200,0,0,2,0,1,0,2025-12-09 10:04:06,
press-iaa.com,true,0.1,30,21621,0,0,1,0,0,0,2025-08-26 17:43:57,
chantelbeautymart.com,true,0.1,52,4418,0,0,4,0,0,0,2025-08-20 16:56:34,
ktghjdsthht.xyz,true,0.1,779,341291,0,0,2,0,2,2,2025-11-16 11:16:24,2026-06-10 02:31:55
ucineled.xyz,true,0.1,463,116920,0,0,1,0,1,1,2025-12-18 07:01:31,2026-06-17 02:35:21
abundine.xyz,true,0.1,461,131316,0,0,1,0,1,1,2025-12-18 18:54:05,2026-06-25 05:12:05
neterp2p.xyz,true,0.1,461,75710,0,0,1,0,1,1,2025-12-18 03:48:44,2026-06-17 03:32:39
korchika.xyz,true,0.1,462,113271,0,0,1,0,1,1,2025-12-18 15:04:33,2026-06-17 17:14:10
chtp.xyz,true,0.1,575,311421,0,0,1,0,1,1,2025-12-02 01:01:07,2026-06-01 02:01:01
ibuki-dc.site,true,0.1,47,10459,0,0,1,0,0,0,2026-02-11 12:20:21,
2g90qo.asia,true,0.1,774,530709,0,0,2,0,2,2,2026-02-09 10:25:36,2026-04-10 01:52:58
1slsrg.asia,true,0.1,763,354906,0,0,1,0,0,1,2026-02-13 14:46:31,
6482f8.asia,true,0.1,760,640074,0,0,2,0,2,2,2026-02-07 10:26:55,2026-05-13 16:15:19
77qy20.asia,true,0.1,746,408138,0,0,1,0,0,1,2026-02-22 23:05:50,
4jwdsa.asia,true,0.1,756,366949,0,0,1,0,1,1,2026-02-11 04:14:29,2026-04-07 13:45:34
1w1g03.asia,true,0.1,758,617244,0,0,3,0,1,3,2026-02-08 05:25:19,
6t6euh.asia,true,0.1,757,548390,0,0,1,0,0,1,2026-02-11 21:49:42,
emx1mp.asia,true,0.1,764,485716,0,0,2,0,2,2,2026-02-23 07:34:55,2026-05-13 13:38:26
alcym8.asia,true,0.1,757,470794,0,0,4,0,4,4,2026-02-09 02:54:15,2026-04-21 22:04:59
925d32.asia,true,0.1,761,497018,0,0,3,0,1,3,2026-01-13 23:00:49,
66blm.asia,true,0.1,769,436922,0,0,1,0,0,1,2026-02-11 17:26:51,
2rdd6k.asia,true,0.1,764,543059,0,0,2,0,2,2,2026-02-10 05:05:34,2026-04-07 05:30:54
glw7cf.asia,true,0.1,758,565944,0,0,2,0,1,2,2026-02-09 00:36:37,
coc5yb.asia,true,0.1,754,444495,0,0,1,0,1,1,2026-02-16 17:30:50,2026-04-23 00:04:10
dgv0p2.asia,true,0.1,766,491591,0,0,3,0,2,3,2026-02-16 20:16:23,
400gj4.asia,true,0.1,757,518974,0,0,2,0,1,2,2026-02-12 02:45:13,
7dq82z.asia,true,0.1,757,498724,0,0,3,0,3,3,2026-02-10 11:58:18,2026-04-19 18:16:34
ymz3fv.asia,true,0.1,758,532957,0,0,1,0,0,1,2026-02-15 03:29:05,
3ceayx.asia,true,0.1,763,583932,0,0,2,0,1,2,2026-02-10 19:01:47,
8hbq8h.asia,true,0.1,761,462285,0,0,2,0,2,2,2026-02-11 02:25:00,2026-04-14 19:46:28
2juhp6.asia,true,0.1,767,481612,0,0,5,0,5,5,2026-01-14 06:18:45,2026-04-28 11:56:54
2ie4wt.asia,true,0.1,762,542581,0,0,1,0,1,1,2026-02-11 04:41:01,2026-04-23 16:44:18
bui6qi.asia,true,0.1,754,446921,0,0,2,0,2,2,2026-02-15 22:30:15,2026-06-13 11:52:17
htb0ky.asia,true,0.1,762,515950,0,0,2,0,2,2,2026-02-12 00:35:57,2026-04-21 19:36:25
2p9owg.asia,true,0.1,755,450573,0,0,2,0,2,2,2026-02-19 09:29:20,2026-04-19 03:09:50
5tzuyg.asia,true,0.1,758,564918,0,0,2,0,2,2,2026-02-15 21:12:58,2026-04-10 09:42:46
2p29vu.asia,true,0.1,754,466765,0,0,1,0,1,1,2026-02-10 16:10:24,2026-04-14 13:02:56
7y85xy.asia,true,0.1,760,520707,0,0,2,0,1,2,2026-02-20 06:56:00,
0wc0sb.asia,true,0.1,760,532193,0,0,2,0,1,2,2026-02-10 00:51:29,
chq1se.asia,true,0.1,758,493331,0,0,1,0,0,1,2026-02-20 04:25:31,
95vcqk.asia,true,0.1,764,549947,0,0,1,0,0,1,2026-02-22 09:55:08,
es7und.asia,true,0.1,757,548028,0,0,1,0,0,1,2026-02-13 03:40:43,
efxvz4.asia,true,0.1,759,560503,0,0,1,0,1,1,2026-02-15 05:40:43,2026-04-03 12:11:06
2pfdoi.asia,true,0.1,758,415881,0,0,1,0,0,1,2026-02-26 22:21:17,
hur50o.asia,true,0.1,760,552147,0,0,1,0,0,1,2026-02-19 15:06:33,
dogv9j.asia,true,0.1,762,538344,0,0,1,0,1,1,2026-02-08 22:55:12,2026-04-09 17:39:08
as175c.asia,true,0.1,756,419763,0,0,1,0,1,1,2026-02-10 23:03:25,2026-04-29 07:48:47
23hh0r.asia,true,0.1,756,555713,0,0,2,0,0,2,2026-02-14 19:54:53,
f6kmxw.asia,true,0.1,762,480122,0,0,1,0,0,1,2026-02-21 17:52:22,
11t0mr.asia,true,0.1,754,494164,0,0,3,0,0,3,2026-02-22 02:39:26,
0qq7dv.asia,true,0.1,763,435352,0,0,4,0,3,4,2026-02-08 13:14:05,
3aatu7.asia,true,0.1,766,480579,0,0,3,0,3,3,2026-02-09 23:38:44,2026-04-17 16:12:16
2bzv4r.asia,true,0.1,754,519362,0,0,3,0,1,3,2026-02-07 11:18:25,
e1k6y2.asia,true,0.1,766,614377,0,0,4,0,1,4,2026-02-07 14:52:20,
e0g3ch.asia,true,0.1,766,475361,0,0,1,0,0,1,2026-02-08 21:38:44,
es9hw7.asia,true,0.1,759,542477,0,0,1,0,0,1,2026-02-12 04:19:28,
hqxl0h.asia,true,0.1,758,519115,0,0,3,0,2,3,2026-02-09 05:48:47,
hj132g.asia,true,0.1,755,524028,0,0,1,0,0,1,2026-02-15 18:42:17,
4os828.asia,true,0.1,758,486274,0,0,1,0,1,1,2026-02-20 18:06:49,2026-04-22 18:18:54
7pipbx.asia,true,0.1,757,343380,0,0,1,0,1,1,2026-02-11 11:11:35,2026-04-02 17:30:20
25twxl.asia,true,0.1,759,486411,0,0,1,0,1,1,2026-02-19 07:42:11,2026-04-08 23:39:00
dkr4az.asia,true,0.1,757,446849,0,0,2,0,2,2,2026-02-15 22:38:17,2026-05-01 21:41:50
8yggfd.asia,true,0.1,755,531572,0,0,2,0,2,2,2026-02-18 23:03:51,2026-05-01 11:58:31
e13x98.asia,true,0.1,754,591926,0,0,2,0,0,2,2026-02-14 09:16:51,
2orjyj.asia,true,0.1,757,524817,0,0,1,0,0,1,2026-02-11 11:15:20,
hs6wzh.asia,true,0.1,764,495064,0,0,1,0,0,1,2026-02-25 23:41:30,
1i2n37.asia,true,0.1,759,522916,0,0,1,0,1,1,2026-02-19 20:32:44,2026-04-24 13:45:33
4topyp.asia,true,0.1,756,509922,0,0,1,0,1,1,2026-02-08 12:05:00,2026-04-02 21:16:00
ex68ks.asia,true,0.1,762,433854,0,0,2,0,1,2,2026-02-11 21:43:41,
6su9iz.asia,true,0.1,762,525249,0,0,1,0,1,1,2026-02-18 20:07:53,2026-04-08 06:51:14
5ftzc4.asia,true,0.1,762,581382,0,0,1,0,0,1,2026-02-12 03:53:59,
03sxjm.asia,true,0.1,758,418232,0,0,1,0,0,1,2026-02-11 01:24:23,
ay6si8.asia,true,0.1,758,522436,0,0,1,0,0,1,2026-02-10 17:16:53,
2mc2xa.asia,true,0.1,757,496011,0,0,4,0,4,4,2026-02-10 12:29:52,2026-05-02 15:48:57
m7n3gj.asia,true,0.1,765,489233,0,0,1,0,0,1,2026-02-18 22:04:19,
85qq6d.asia,true,0.1,754,596940,0,0,3,0,0,3,2026-02-14 06:28:50,
9p9uwn.asia,true,0.1,758,595732,0,0,4,0,2,4,2026-02-09 00:49:44,
1jtdm6.asia,true,0.1,760,409026,0,0,5,0,5,5,2026-02-09 05:54:46,2026-04-23 19:50:36
65rl28.asia,true,0.1,756,474557,0,0,1,0,1,1,2026-02-16 23:34:25,2026-04-05 00:49:01
5zopi2.asia,true,0.1,762,549905,0,0,1,0,0,1,2026-02-10 18:15:01,
2bbva6.asia,true,0.1,763,602937,0,0,4,0,0,4,2026-02-07 14:07:52,
09rptt.asia,true,0.1,759,428878,0,0,1,0,0,1,2026-02-08 16:56:44,
7j138e.asia,true,0.1,762,577862,0,0,4,0,2,4,2026-02-08 04:58:06,
4883ep.asia,true,0.1,757,389117,0,0,1,0,1,1,2026-02-20 08:42:25,2026-04-14 03:55:00
6h83d8.asia,true,0.1,769,625650,0,0,3,0,1,3,2026-01-12 07:37:48,
04cdac.asia,true,0.1,755,540856,0,0,2,0,0,2,2026-02-12 18:41:00,
44kr7g.asia,true,0.1,759,527456,0,0,2,0,0,2,2026-02-12 19:11:40,
41pncv.asia,true,0.1,755,483067,0,0,3,0,1,3,2026-02-10 14:30:46,
9id8n7.asia,true,0.1,758,544516,0,0,3,0,2,3,2026-02-11 03:57:55,
p0qquj.asia,true,0.1,763,628163,0,0,5,0,1,5,2026-02-07 15:18:19,
6c463d.asia,true,0.1,761,489864,0,0,1,0,0,1,2026-02-24 04:03:27,
au4he7.asia,true,0.1,756,492229,0,0,2,0,2,2,2026-02-15 04:08:10,2026-03-29 10:42:06
bf2g4e.asia,true,0.1,761,477071,0,0,2,0,2,2,2026-02-19 21:50:47,2026-05-15 17:57:09
6btf83.asia,true,0.1,759,414061,0,0,2,0,1,2,2026-02-18 13:49:57,
99w56l.asia,true,0.1,758,618049,0,0,1,0,0,1,2026-02-17 05:13:23,
9b7b8m.asia,true,0.1,764,480606,0,0,1,0,1,1,2026-02-10 03:27:50,2026-04-16 11:36:05
4aumjg.asia,true,0.1,766,610527,0,0,3,0,0,3,2026-02-19 07:01:26,
2yfqcy.asia,true,0.1,758,503656,0,0,1,0,1,1,2026-02-25 03:28:26,2026-04-20 23:52:48
gs8dfd.asia,true,0.1,766,565690,0,0,2,0,1,2,2026-02-08 18:54:05,
2cq6hg.asia,true,0.1,759,504959,0,0,1,0,1,1,2026-02-13 23:43:08,2026-03-29 06:55:45
7vsadm.asia,true,0.1,761,569977,0,0,1,0,0,1,2026-02-11 21:50:25,
07l8j6.asia,true,0.1,762,506620,0,0,1,0,0,1,2026-02-12 22:17:58,
0zgrui.asia,true,0.1,762,567195,0,0,1,0,1,1,2026-02-13 16:30:15,2026-04-01 22:04:06
d1bqaq.asia,true,0.1,757,441930,0,0,5,0,3,5,2026-02-10 14:10:47,
eyaq2d.asia,true,0.1,757,513417,0,0,3,0,2,3,2026-02-10 11:02:30,
4x00at.asia,true,0.1,764,536970,0,0,5,0,3,5,2026-02-09 08:52:58,
39cdg8.asia,true,0.1,754,568123,0,0,1,0,0,1,2026-02-08 11:26:11,
17lbgk.asia,true,0.1,755,461277,0,0,3,0,2,3,2026-02-07 23:45:48,
4l283b.asia,true,0.1,762,458068,0,0,2,0,2,2,2026-02-11 02:02:54,2026-04-21 21:50:50
1y7qn2.asia,true,0.1,755,468390,0,0,1,0,0,1,2026-02-12 22:35:28,
ecl87i.asia,true,0.1,753,478282,0,0,4,0,2,4,2026-02-07 19:10:21,
07bbpc.asia,true,0.1,758,505622,0,0,1,0,1,1,2026-02-10 23:57:32,2026-04-12 09:40:56
9af9xz.asia,true,0.1,756,380684,0,0,2,0,2,2,2026-02-08 18:32:36,2026-04-20 01:01:40
h3v0ef.asia,true,0.1,757,465028,0,0,2,0,1,2,2026-02-20 19:08:38,
4ep4rc.asia,true,0.1,754,515192,0,0,4,0,1,4,2026-02-09 03:00:33,
d9jtli.asia,true,0.1,748,612620,0,0,1,0,0,1,2026-02-09 18:58:10,
hif4pq.asia,true,0.1,751,529395,0,0,2,0,0,2,2026-02-22 00:04:00,
79o909.asia,true,0.1,755,535816,0,0,3,0,3,3,2026-02-18 17:18:35,2026-04-27 04:47:11
3qgjga.asia,true,0.1,751,392253,0,0,5,0,1,5,2026-02-08 16:09:07,
9wvwhm.asia,true,0.1,757,507236,0,0,1,0,1,1,2026-02-23 21:49:10,2026-04-22 22:01:06
4jspsg.asia,true,0.1,750,559141,0,0,2,0,1,2,2026-02-16 02:58:42,
6dfrea.asia,true,0.1,755,503139,0,0,1,0,0,1,2026-02-09 11:45:09,
aqya5v.asia,true,0.1,765,493234,0,0,2,0,1,2,2026-02-12 19:30:09,
6i5ar0.asia,true,0.1,752,556369,0,0,1,0,0,1,2026-02-21 09:36:53,
2w7oa5.asia,true,0.1,752,494864,0,0,4,0,4,4,2026-02-08 03:19:53,2026-04-20 11:17:00
2qo0c1.asia,true,0.1,753,511779,0,0,2,0,2,2,2026-02-08 23:14:13,2026-04-10 20:36:07
4ehypm.asia,true,0.1,749,454990,0,0,2,0,2,2,2026-02-11 08:05:58,2026-04-13 03:28:52
cg76ss.asia,true,0.1,750,358647,0,0,1,0,1,1,2026-02-17 11:25:46,2026-04-16 15:12:29
b9xe9q.asia,true,0.1,747,519622,0,0,3,0,2,3,2026-02-11 02:34:01,
65uws3.asia,true,0.1,752,520029,0,0,1,0,0,1,2026-02-25 17:07:27,
fac813.asia,true,0.1,754,538006,0,0,2,0,2,2,2026-02-15 05:39:03,2026-04-16 10:05:50
3khgqo.asia,true,0.1,752,361744,0,0,3,0,3,3,2026-01-11 13:06:04,2026-04-28 12:11:41
86rlah.asia,true,0.1,746,545568,0,0,3,0,1,3,2026-02-07 11:46:14,
2wfqmb.asia,true,0.1,748,498275,0,0,3,0,3,3,2026-02-08 11:09:29,2026-05-06 10:00:11
6orx9l.asia,true,0.1,747,466319,0,0,1,0,0,1,2026-02-12 20:33:28,
jvjk5m.asia,true,0.1,748,577182,0,0,2,0,1,2,2026-02-09 02:16:51,
4ztgtj.asia,true,0.1,761,372942,0,0,1,0,1,1,2026-02-25 02:59:07,2026-04-12 20:41:35
347tk6.asia,true,0.1,754,385637,0,0,3,0,3,3,2026-02-21 13:46:55,2026-04-16 18:46:57
213j5p.asia,true,0.1,756,535532,0,0,2,0,2,2,2026-02-12 19:46:51,2026-04-09 11:50:38
df0wv9.asia,true,0.1,753,483859,0,0,3,0,1,3,2026-02-08 06:41:45,
8f7rer.asia,true,0.1,752,475622,0,0,6,0,5,6,2026-02-07 16:05:21,
875tut.asia,true,0.1,754,516980,0,0,3,0,2,3,2026-02-12 05:31:54,
isbs2u.asia,true,0.1,753,464009,0,0,1,0,1,1,2026-02-13 22:02:36,2026-04-24 18:50:18
45eywv.asia,true,0.1,753,582377,0,0,1,0,1,1,2026-02-08 16:44:53,2026-04-12 08:31:44
grhd7w.asia,true,0.1,751,371885,0,0,2,0,0,2,2026-02-16 03:42:24,
af9jq5.asia,true,0.1,754,527086,0,0,2,0,1,2,2026-01-24 19:12:36,
85t82t.asia,true,0.1,754,538033,0,0,3,0,1,3,2026-02-15 21:52:35,
7ku159.asia,true,0.1,753,379298,0,0,2,0,1,2,2026-02-13 01:04:12,
8l3nbi.asia,true,0.1,754,538211,0,0,2,0,1,2,2026-02-20 22:20:20,
43qos7.asia,true,0.1,751,558237,0,0,2,0,1,2,2026-02-19 12:42:45,
link-legion-7.xyz,true,0.1,31,0,0,0,87,87,0,0,2026-06-14 00:07:57,
link-legion-32.xyz,true,0.1,31,0,0,0,115,115,0,0,2026-06-13 23:36:36,
link-legion-43.xyz,true,0.1,31,0,0,0,115,115,0,0,2026-06-13 16:29:33,
link-legion-40.xyz,true,0.1,31,0,0,0,115,115,0,0,2026-06-13 17:10:17,
link-legion-17.xyz,true,0.1,31,0,0,0,115,115,0,0,2026-06-13 20:32:22,
link-legion-35.xyz,true,0.1,31,1,0,0,55,55,0,0,2026-06-13 19:12:23,
link-legion-12.xyz,true,0.1,31,0,0,0,115,115,0,0,2026-06-13 19:28:48,
link-legion-47.xyz,true,0.1,31,1,0,0,46,46,0,0,2026-06-14 00:00:46,
link-legion-5.xyz,true,0.1,31,0,0,0,115,115,0,0,2026-06-13 21:20:42,
link-legion-30.xyz,true,0.1,31,0,0,0,72,72,0,0,2026-06-14 02:11:54,
link-legion-24.xyz,true,0.1,31,1,0,0,91,91,0,0,2026-06-13 22:25:03,
link-legion-46.xyz,true,0.1,31,1,0,0,78,78,0,0,2026-06-17 00:06:23,
link-legion-50.xyz,true,0.1,31,0,0,0,115,115,0,0,2026-06-14 01:37:13,
link-legion-28.xyz,true,0.1,31,0,0,0,57,57,0,0,2026-06-13 22:57:32,
link-legion-33.xyz,true,0.1,31,0,0,0,30,30,0,0,2026-06-16 20:34:49,
link-legion-23.xyz,true,0.1,31,0,0,0,115,115,0,0,2026-06-28 19:45:08,
link-legion-8.xyz,true,0.1,31,0,0,0,69,69,0,0,2026-06-18 05:59:44,
link-legion-19.xyz,true,0.1,31,0,0,0,114,114,0,0,2026-06-13 21:26:04,
link-legion-25.xyz,true,0.1,31,0,0,0,99,99,0,0,2026-06-13 22:13:09,
link-legion-26.xyz,true,0.1,31,0,0,0,115,115,0,0,2026-06-14 03:23:46,
link-legion-34.xyz,true,0.1,31,0,0,0,115,115,0,0,2026-06-17 04:01:46,
link-legion-16.xyz,true,0.1,31,0,0,0,66,66,0,0,2026-06-14 02:03:44,
link-legion-36.xyz,true,0.1,31,0,0,0,115,115,0,0,2026-06-14 03:37:28,
link-legion-10.xyz,true,0.1,31,0,0,0,71,71,0,0,2026-06-17 00:18:54,
link-legion-39.xyz,true,0.1,31,0,0,0,115,115,0,0,2026-06-16 16:43:36,
link-legion-1.xyz,true,0.1,31,1,0,0,72,72,0,0,2026-06-16 18:44:17,
link-legion-2.xyz,true,0.1,31,0,0,0,107,107,0,0,2026-06-14 04:41:54,
link-legion-45.xyz,true,0.1,31,0,0,0,115,115,0,0,2026-06-13 21:53:20,
link-legion-21.xyz,true,0.1,31,0,0,0,115,115,0,0,2026-06-13 17:27:45,
link-legion-42.xyz,true,0.1,31,0,0,0,62,62,0,0,2026-06-16 20:13:58,
link-legion-9.xyz,true,0.1,31,1,0,0,61,61,0,0,2026-06-14 00:16:56,
link-legion-13.xyz,true,0.1,31,0,0,0,115,115,0,0,2026-06-16 22:49:08,
link-legion-41.xyz,true,0.1,31,0,0,0,115,115,0,0,2026-06-13 22:31:27,
link-legion-6.xyz,true,0.1,31,0,0,0,115,115,0,0,2026-06-14 03:27:42,
link-legion-18.xyz,true,0.1,31,0,0,0,115,115,0,0,2026-06-13 23:04:01,
link-legion-31.xyz,true,0.1,31,0,0,0,115,115,0,0,2026-06-14 04:51:48,
link-legion-44.xyz,true,0.1,31,0,0,0,115,115,0,0,2026-06-14 07:52:59,
link-legion-15.xyz,true,0.1,31,0,0,0,115,115,0,0,2026-06-14 00:03:04,
link-legion-3.xyz,true,0.1,31,0,0,0,115,115,0,0,2026-06-13 20:45:24,
link-legion-37.xyz,true,0.1,31,1,0,0,81,81,0,0,2026-06-13 19:21:03,
link-legion-20.xyz,true,0.1,31,0,0,0,115,115,0,0,2026-06-18 06:39:23,
link-legion-11.xyz,true,0.1,31,0,0,0,115,115,0,0,2026-06-13 23:52:10,
link-legion-49.xyz,true,0.1,31,0,0,0,115,115,0,0,2026-06-13 21:40:26,
link-legion-14.xyz,true,0.1,31,0,0,0,115,115,0,0,2026-06-13 20:18:11,
link-legion-48.xyz,true,0.1,31,0,0,0,115,115,0,0,2026-06-14 01:30:34,
link-legion-22.xyz,true,0.1,31,0,0,0,71,71,0,0,2026-06-14 04:35:43,
link-legion-38.xyz,true,0.1,31,0,0,0,93,93,0,0,2026-06-13 19:36:56,
link-legion-29.xyz,true,0.1,31,0,0,0,91,91,0,0,2026-06-18 09:43:24,
link-legion-4.xyz,true,0.1,31,0,0,0,73,73,0,0,2026-06-14 01:05:06,
link-legion-27.xyz,true,0.1,31,0,0,0,115,115,0,0,2026-06-13 20:26:57,
qkms.xyz,true,0.1,424,223482,0,0,1,0,1,1,2025-12-05 21:59:02,2026-06-04 01:09:57
oppz.xyz,true,0.1,847,305108,0,0,1,0,1,1,2025-11-16 14:37:03,2026-05-16 02:49:26
amkqcgmg.xyz,true,0.1,845,331947,0,0,1,0,1,1,2025-11-24 23:52:12,2026-05-24 02:55:32
streamlinesales.de,true,0.1,11,255,0,0,2,0,2,0,2025-08-31 11:48:33,2026-04-14 22:33:20
o829ui.info,true,0.1,794,373867,0,0,2,0,2,2,2026-02-13 17:39:14,2026-04-18 17:10:02
piuz88.info,true,0.1,794,387559,0,0,2,0,2,2,2026-02-10 10:32:39,2026-04-22 11:55:59
x4dk4650.info,true,0.1,793,490853,0,0,2,0,0,2,2026-02-07 14:12:56,
xipmmtfr.info,true,0.1,796,491188,0,0,3,0,1,3,2026-02-08 02:51:14,
yphy1q.info,true,0.1,794,536390,0,0,2,0,2,2,2026-02-08 03:07:10,2026-05-08 09:25:23
wtutzb.info,true,0.1,794,436412,0,0,1,0,0,1,2026-01-20 11:25:10,
s0vk5o.info,true,0.1,799,593365,0,0,1,0,1,1,2026-02-11 12:39:39,2026-04-03 23:15:56
kzv6gpifq.info,true,0.1,795,389369,0,0,3,0,1,3,2026-02-18 20:09:21,
1bygpdq.info,true,0.1,794,512792,0,0,1,0,0,1,2026-02-27 13:11:55,
lcrmyoq.info,true,0.1,798,441354,0,0,3,0,2,3,2026-01-09 16:09:47,
intrex3is.info,true,0.1,795,542336,0,0,1,0,1,1,2026-02-15 13:29:05,2026-04-05 13:57:31
63n90q0lo.info,true,0.1,794,421619,0,0,2,0,1,2,2026-02-07 14:37:39,
6lgwhgo.info,true,0.1,789,599619,0,0,1,0,1,1,2026-02-13 22:01:00,2026-04-14 06:44:23
jss9qv.info,true,0.1,797,506400,0,0,2,0,1,2,2026-02-11 18:51:22,
n15uyv2gz.info,true,0.1,794,488147,0,0,1,0,1,1,2026-01-10 19:04:02,2026-04-29 04:53:02
zlkiepe.info,true,0.1,795,461124,0,0,2,0,2,2,2026-02-08 01:44:38,2026-04-16 18:46:58
l9wiil4h3.info,true,0.1,807,514091,0,0,2,0,1,2,2026-02-09 15:10:47,
t6unz9.info,true,0.1,790,534427,0,0,2,0,2,2,2026-02-19 08:21:31,2026-04-18 19:44:35
fc52b7.info,true,0.1,797,504474,0,0,1,0,0,1,2026-02-10 16:58:35,
7zrxh7c0m.info,true,0.1,796,484245,0,0,1,0,0,1,2026-02-11 02:11:09,
7wyrj3ny2.info,true,0.1,797,384081,0,0,1,0,0,1,2026-02-24 06:09:38,
nzai3gasi.info,true,0.1,795,426619,0,0,2,0,0,2,2026-02-21 03:51:58,
lnk4tc.info,true,0.1,798,411658,0,0,3,0,2,3,2026-02-10 17:22:32,
11jvtr6zd.info,true,0.1,796,404951,0,0,1,0,0,1,2026-02-25 01:11:41,
3hlzkqe9s.info,true,0.1,794,465544,0,0,2,0,2,2,2026-02-07 22:50:34,2026-04-20 12:59:15
qlfevxi.info,true,0.1,799,574726,0,0,1,0,0,1,2026-02-10 11:54:02,
43a19n.info,true,0.1,799,450345,0,0,2,0,2,2,2026-02-08 15:28:02,2026-06-13 22:16:00
9wl7ky.info,true,0.1,798,524673,0,0,2,0,1,2,2026-02-17 02:15:34,
243loh.info,true,0.1,801,573536,0,0,2,0,1,2,2026-02-12 20:04:55,
y66kcwq.info,true,0.1,796,527796,0,0,1,0,1,1,2026-02-11 21:09:08,2026-04-03 19:27:08
rv89mp6ua.info,true,0.1,793,495278,0,0,2,0,2,2,2026-02-13 18:18:29,2026-04-11 19:43:08
aswnfyb72.info,true,0.1,791,506246,0,0,5,0,1,5,2026-02-08 22:01:12,
h1m2t9.info,true,0.1,791,403233,0,0,2,0,2,2,2026-02-21 15:28:09,2026-04-07 09:27:31
ffv5l10.info,true,0.1,791,442564,0,0,2,0,2,2,2026-02-12 15:34:49,2026-04-03 07:29:23
78ej63bzu.info,true,0.1,799,535134,0,0,2,0,1,2,2026-02-09 16:26:38,
dfx185bn6.info,true,0.1,797,421730,0,0,2,0,1,2,2026-02-07 12:09:29,
p1h0qb0.info,true,0.1,801,445325,0,0,2,0,2,2,2026-02-20 13:25:12,2026-04-12 02:16:44
q4xlmw.info,true,0.1,796,492084,0,0,2,0,2,2,2026-02-10 22:57:29,2026-04-18 11:03:06
gw266d.info,true,0.1,797,468593,0,0,2,0,2,2,2026-02-08 18:37:40,2026-06-13 03:57:06
zj6x486x8.info,true,0.1,796,450700,0,0,1,0,1,1,2026-02-08 02:36:33,2026-04-10 02:01:11
0c6peylfj.info,true,0.1,795,329104,0,0,1,0,1,1,2026-02-07 17:49:28,2026-03-29 08:17:40
ct3pd0mdv.info,true,0.1,790,476618,0,0,1,0,1,1,2026-02-09 11:28:09,2026-03-30 04:08:55
nzymlyk.info,true,0.1,797,472461,0,0,3,0,3,3,2026-02-13 01:34:55,2026-04-17 08:12:43
sky6xw.info,true,0.1,796,536747,0,0,4,0,3,4,2026-01-15 23:18:03,
r8oiub.info,true,0.1,799,523797,0,0,1,0,1,1,2026-02-13 02:45:10,2026-03-30 23:27:47
rx6fjpuhs.info,true,0.1,789,518425,0,0,2,0,1,2,2026-02-09 20:38:06,
wioqxp.info,true,0.1,797,420198,0,0,1,0,1,1,2026-02-21 03:24:21,2026-04-08 17:23:59
4kf6wph9.info,true,0.1,795,497638,0,0,3,0,2,3,2026-01-09 22:09:25,
2eady8.info,true,0.1,801,535036,0,0,3,0,2,3,2026-02-11 04:07:15,
zadzmnr6.info,true,0.1,793,447854,0,0,2,0,1,2,2026-02-08 18:44:52,
dvfsrjohe.info,true,0.1,791,407744,0,0,2,0,2,2,2026-02-10 09:11:03,2026-04-18 21:33:43
12qjdv8n3.info,true,0.1,796,489457,0,0,1,0,1,1,2026-02-13 02:32:16,2026-03-30 18:26:42
evbm19.info,true,0.1,799,468581,0,0,1,0,0,1,2026-02-11 15:06:27,
gdmouni.info,true,0.1,796,502299,0,0,2,0,1,2,2026-02-10 23:13:24,
gnu61u1f1.info,true,0.1,796,486736,0,0,1,0,1,1,2026-02-10 22:03:18,2026-03-30 17:53:43
varoaz.info,true,0.1,792,393686,0,0,3,0,1,3,2026-02-11 11:47:12,
4hb5fc47z.info,true,0.1,795,494876,0,0,4,0,4,4,2026-02-09 22:56:23,2026-04-06 23:56:24
gvbwskz.info,true,0.1,791,486766,0,0,1,0,0,1,2026-01-11 01:48:44,
cjrscqh.info,true,0.1,789,575026,0,0,1,0,0,1,2026-01-12 18:00:40,
ssjlegp.info,true,0.1,792,419560,0,0,3,0,3,3,2026-01-22 06:47:12,2026-05-14 17:41:59
3a977kjm.info,true,0.1,791,490126,0,0,4,0,4,4,2026-02-08 06:06:16,2026-04-12 03:12:26
9xfe6u92r.info,true,0.1,797,444059,0,0,1,0,1,1,2026-02-08 22:27:46,2026-04-07 18:11:10
y3sl19.info,true,0.1,799,547239,0,0,3,0,0,3,2026-02-21 04:49:32,
salwgewt.info,true,0.1,791,443554,0,0,1,0,0,1,2026-02-10 18:33:49,
pj8cz6.info,true,0.1,794,457634,0,0,2,0,1,2,2026-02-19 13:31:08,
lyh5mo.info,true,0.1,797,492595,0,0,2,0,1,2,2026-02-08 23:33:47,
fhjrjld75.info,true,0.1,794,512323,0,0,3,0,3,3,2026-02-08 20:56:18,2026-04-17 21:08:01
bwumsct.info,true,0.1,793,511964,0,0,1,0,0,1,2026-02-12 09:46:53,
2zlgbfhi8.info,true,0.1,792,562357,0,0,3,0,2,3,2026-02-09 11:55:02,
x2p6zyg96.info,true,0.1,800,506126,0,0,1,0,1,1,2026-02-14 03:47:51,2026-04-04 03:53:04
pxxga5fgy.info,true,0.1,798,497211,0,0,1,0,0,1,2026-02-13 08:34:56,
jnsz3385.info,true,0.1,799,576996,0,0,4,0,1,4,2026-02-12 09:59:48,
emlnrvk.info,true,0.1,797,367157,0,0,1,0,1,1,2026-02-23 00:56:43,2026-04-16 08:12:38
hgmyzy.info,true,0.1,797,605645,0,0,2,0,1,2,2026-02-08 09:58:39,
7h5twf.info,true,0.1,801,472915,0,0,3,0,2,3,2026-02-08 11:02:16,
wzwzk0sc.info,true,0.1,796,552001,0,0,3,0,2,3,2026-02-09 16:01:19,
ncfq3u.info,true,0.1,794,585694,0,0,2,0,1,2,2026-02-07 19:20:05,
hsrdhtf.info,true,0.1,793,506072,0,0,1,0,0,1,2026-02-12 13:14:41,
xzj33g.info,true,0.1,793,547574,0,0,1,0,0,1,2026-02-18 18:51:52,
qrsddqe.info,true,0.1,797,468400,0,0,4,0,4,4,2026-02-14 02:41:03,2026-04-29 03:32:49
ynw69sksu.info,true,0.1,791,514913,0,0,5,0,3,5,2026-02-14 11:29:15,
zdlmypb.info,true,0.1,795,504831,0,0,1,0,0,1,2026-02-21 23:23:03,
xjgmros.info,true,0.1,803,528935,0,0,3,0,2,3,2026-02-09 07:39:47,
i2eo1e0px.info,true,0.1,797,477739,0,0,3,0,3,3,2026-02-08 20:55:48,2026-04-04 05:26:06
yjuvamm.info,true,0.1,798,455455,0,0,1,0,0,1,2026-02-11 01:02:12,
9jvv8n.info,true,0.1,797,525227,0,0,2,0,2,2,2026-02-21 11:37:08,2026-04-15 20:26:40
hk90gbr3p.info,true,0.1,797,386384,0,0,2,0,2,2,2026-02-12 03:41:55,2026-04-14 18:31:38
cphjsdv.info,true,0.1,802,536924,0,0,3,0,2,3,2026-02-09 11:38:18,
ke3nrma.info,true,0.1,799,490553,0,0,2,0,2,2,2026-02-12 10:13:10,2026-04-11 15:29:20
ivhhtxj.info,true,0.1,794,465716,0,0,2,0,1,2,2026-02-10 03:22:44,
5th88s.info,true,0.1,798,563177,0,0,2,0,1,2,2026-02-10 01:22:28,
j3u3tb.info,true,0.1,789,525686,0,0,2,0,2,2,2026-02-13 03:26:07,2026-04-04 10:41:45
ufck2v.info,true,0.1,796,466781,0,0,2,0,1,2,2026-01-23 13:50:02,
zyipdx.info,true,0.1,803,558687,0,0,2,0,2,2,2026-02-22 07:15:15,2026-04-19 23:08:56
8253qa679.info,true,0.1,799,515561,0,0,2,0,2,2,2026-02-13 14:41:07,2026-05-08 16:41:01
ukrygg.info,true,0.1,792,524306,0,0,1,0,1,1,2026-02-14 20:15:49,2026-04-20 09:57:39
pphazel8.info,true,0.1,795,563493,0,0,3,0,0,3,2026-02-11 11:14:17,
drrvdir.info,true,0.1,801,564487,0,0,2,0,2,2,2026-01-11 01:53:20,2026-05-15 03:05:53
osdyrcl.info,true,0.1,791,510117,0,0,2,0,2,2,2026-02-15 16:46:09,2026-05-08 13:14:53
boqtojk.info,true,0.1,792,486718,0,0,1,0,0,1,2026-01-21 17:16:10,
papf2annr.info,true,0.1,796,535409,0,0,1,0,0,1,2026-02-08 10:48:11,
s642dk5g.info,true,0.1,789,518487,0,0,4,0,3,4,2026-02-12 06:40:17,
f0c9wth0.info,true,0.1,801,377153,0,0,2,0,2,2,2026-02-09 13:32:05,2026-04-13 06:18:58
agtlbgsra.info,true,0.1,800,503132,0,0,1,0,1,1,2026-02-19 13:24:50,2026-04-08 02:04:55
vgzi56i.info,true,0.1,796,541427,0,0,2,0,2,2,2026-02-17 01:23:49,2026-04-19 07:22:53
ypkvao.info,true,0.1,794,355808,0,0,1,0,0,1,2026-01-20 22:44:10,
tfz0cb.info,true,0.1,798,501500,0,0,2,0,1,2,2026-02-08 23:03:52,
4ayf9vcgj.info,true,0.1,794,547277,0,0,1,0,1,1,2026-02-16 09:41:58,2026-04-15 21:49:53
fcex8f.info,true,0.1,802,373180,0,0,1,0,0,1,2026-02-23 02:14:35,
dn4tj1.info,true,0.1,795,421659,0,0,3,0,1,3,2026-01-20 13:45:15,
ftyqrhou0.info,true,0.1,791,514677,0,0,2,0,2,2,2026-02-11 12:09:26,2026-04-22 21:14:34
lmabjuj.info,true,0.1,800,505637,0,0,1,0,1,1,2026-02-10 20:47:51,2026-04-16 13:08:54
rijnvto.info,true,0.1,798,393651,0,0,1,0,1,1,2026-02-11 07:29:42,2026-04-03 17:03:52
aux8uw.info,true,0.1,793,462066,0,0,3,0,2,3,2026-02-10 04:54:06,
2uw4egvwd.info,true,0.1,794,548267,0,0,1,0,0,1,2026-02-26 11:33:46,
zktur928.info,true,0.1,793,326247,0,0,1,0,1,1,2026-02-20 03:30:39,2026-04-15 03:26:10
348xhe.info,true,0.1,799,464116,0,0,5,0,5,5,2026-01-10 01:21:55,2026-04-29 01:38:50
e5of9a.info,true,0.1,800,480274,0,0,4,0,3,4,2026-02-08 21:56:40,
o7xdqy.info,true,0.1,795,440921,0,0,1,0,1,1,2026-02-21 13:59:14,2026-04-09 05:18:49
cyvdpimbk.info,true,0.1,796,438605,0,0,2,0,1,2,2026-02-08 02:01:00,
4vaz1w.info,true,0.1,797,601502,0,0,2,0,1,2,2026-02-13 23:54:22,
seg4jfgow.info,true,0.1,796,471783,0,0,1,0,1,1,2026-02-14 01:49:52,2026-04-03 16:33:27
np75wl.info,true,0.1,800,485159,0,0,1,0,0,1,2026-02-18 15:11:19,
donarqd.info,true,0.1,795,454499,0,0,1,0,0,1,2026-02-12 00:41:58,
nqfrz27h.info,true,0.1,798,469506,0,0,1,0,1,1,2026-02-25 21:06:50,2026-04-11 17:44:14
8hzzqe.info,true,0.1,801,525775,0,0,3,0,2,3,2026-02-07 14:57:26,
gegqwh4x9.info,true,0.1,798,478593,0,0,2,0,1,2,2026-02-15 22:29:28,
ooqyovi.info,true,0.1,796,585628,0,0,1,0,1,1,2026-02-10 15:09:53,2026-03-29 06:19:31
kcwqa5.info,true,0.1,801,488373,0,0,4,0,2,4,2026-02-11 20:23:22,
ayyxypo.info,true,0.1,799,582821,0,0,4,0,1,4,2026-02-11 11:33:29,
8kp867.info,true,0.1,794,611160,0,0,4,0,3,4,2026-02-09 01:10:43,
eskywook.info,true,0.1,796,563049,0,0,2,0,2,2,2026-02-12 12:14:20,2026-04-20 10:23:12
1f0e64.info,true,0.1,796,365509,0,0,1,0,1,1,2026-02-21 08:15:53,2026-04-05 12:30:26
wasvxjc.info,true,0.1,804,403642,0,0,1,0,0,1,2026-02-11 13:55:40,
rcil44.info,true,0.1,792,495503,0,0,2,0,1,2,2026-02-08 00:26:36,
dopbyji.info,true,0.1,796,505823,0,0,2,0,2,2,2026-02-13 06:00:00,2026-04-28 02:54:22
pzoudoe.info,true,0.1,791,533265,0,0,3,0,1,3,2026-02-08 07:37:12,
ikuxx7.info,true,0.1,790,555900,0,0,1,0,0,1,2026-02-12 12:39:51,
iw7mkr.info,true,0.1,795,574034,0,0,3,0,0,3,2026-02-08 16:33:55,
ivvm6msnz.info,true,0.1,792,489981,0,0,2,0,1,2,2026-02-09 03:00:26,
sv2f2u.info,true,0.1,794,492136,0,0,1,0,1,1,2026-02-09 16:41:14,2026-04-10 11:20:54
ptdc9vaba.info,true,0.1,794,579514,0,0,3,0,0,3,2026-02-13 15:43:22,
bwr7wii6i.info,true,0.1,794,470545,0,0,1,0,1,1,2026-02-14 23:23:49,2026-04-02 06:19:23
zhstheme.xyz,true,0.1,411,265692,0,0,1,0,1,1,2025-12-09 03:46:15,2026-06-08 03:31:09
kinayak.xyz,true,0.1,409,283453,0,0,1,0,1,1,2025-12-04 12:44:55,2026-06-03 01:08:36
zapgrupos.xyz,true,0.1,379,324325,0,0,1,0,1,1,2025-12-12 08:19:03,2026-06-11 02:56:46
vesomyy-zhestoko.xyz,true,0.1,407,179376,0,0,1,0,1,1,2025-12-13 03:47:57,2026-06-12 03:57:41
azizulhakiminquiry.xyz,true,0.1,407,327920,0,0,2,0,2,2,2025-11-26 07:35:50,2026-06-08 13:36:17
seo-anomaly-longtail-2.xyz,true,0.1,18,61,0,0,6,6,0,0,2026-05-24 22:59:01,
seo-anomaly-schema-2.xyz,true,0.1,18,127,0,0,6,6,0,0,2026-05-24 08:39:16,
seo-anomaly-canonical-1.xyz,true,0.1,18,80,0,0,106,106,0,0,2026-05-24 20:55:00,
seo-anomaly-pingback-1.xyz,true,0.1,18,62,0,0,6,6,0,0,2026-05-25 17:30:10,
seo-anomaly-canonical-2.xyz,true,0.1,18,80,0,0,106,106,0,0,2026-05-24 17:42:48,
seo-anomaly-clickrate-2.xyz,true,0.1,18,47,0,0,1,1,0,0,2026-05-24 23:51:03,
seo-anomaly-backlink-2.xyz,true,0.1,18,80,0,0,106,106,0,0,2026-05-24 19:45:29,
seo-anomaly-traffic-2.xyz,true,0.1,18,128,0,0,6,6,0,0,2026-05-25 01:46:28,
seo-anomaly-sitemap-1.xyz,true,0.1,18,80,0,0,90,90,0,0,2026-05-24 17:46:30,
seo-anomaly-citation-1.xyz,true,0.1,18,62,0,0,6,6,0,0,2026-05-24 21:47:56,
seo-anomaly-q-2.xyz,true,0.1,18,62,0,0,6,6,0,0,2026-05-25 06:03:56,
seo-anomaly-q-1.xyz,true,0.1,18,62,0,0,6,6,0,0,2026-05-25 00:25:29,
seo-anomaly-snippet-1.xyz,true,0.1,18,80,0,0,106,106,0,0,2026-05-24 12:41:15,
seo-anomaly-organic-2.xyz,true,0.1,18,127,0,0,6,6,0,0,2026-05-25 00:53:12,
seo-anomaly-dwell-2.xyz,true,0.1,18,47,0,0,1,1,0,0,2026-05-25 04:18:17,
seo-anomaly-domain-2.xyz,true,0.1,18,126,0,0,6,6,0,0,2026-05-25 09:51:34,
seo-anomaly-metatag-1.xyz,true,0.1,18,80,0,0,106,106,0,0,2026-05-24 13:25:13,
seo-anomaly-serp-2.xyz,true,0.1,18,128,0,0,6,6,0,0,2026-05-24 19:39:28,
seo-anomaly-crawler-1.xyz,true,0.1,18,80,0,0,106,106,0,0,2026-05-24 14:47:05,
seo-anomaly-bounce-2.xyz,true,0.1,18,47,0,0,1,1,0,0,2026-05-25 15:47:13,
seo-anomaly-query-2.xyz,true,0.1,18,61,0,0,6,6,0,0,2026-05-24 17:10:23,
seo-anomaly-snippetbox-2.xyz,true,0.1,18,47,0,0,1,1,0,0,2026-05-25 03:07:19,
seo-anomaly-linkjuice-1.xyz,true,0.1,18,47,0,0,1,1,0,0,2026-05-24 22:04:03,
seo-anomaly-velocity-1.xyz,true,0.1,18,47,0,0,1,1,0,0,2026-05-25 02:55:20,
seo-anomaly-keyword-1.xyz,true,0.1,18,80,0,0,106,106,0,0,2026-05-25 04:49:08,
seo-anomaly-anchor-1.xyz,true,0.1,18,80,0,0,106,106,0,0,2026-05-25 03:20:32,
seo-anomaly-longtail-1.xyz,true,0.1,18,62,0,0,6,6,0,0,2026-05-25 06:12:05,
seo-anomaly-velocity-2.xyz,true,0.1,18,47,0,0,1,1,0,0,2026-05-25 10:15:17,
seo-anomaly-pillar-2.xyz,true,0.1,18,47,0,0,1,1,0,0,2026-05-25 14:33:55,
seo-anomaly-domain-1.xyz,true,0.1,18,128,0,0,6,6,0,0,2026-05-24 18:38:18,
seo-anomaly-w-1.xyz,true,0.1,18,62,0,0,6,6,0,0,2026-05-25 08:14:24,
seo-anomaly-trustflow-1.xyz,true,0.1,18,62,0,0,6,6,0,0,2026-05-24 10:16:28,
seo-anomaly-robots-1.xyz,true,0.1,18,128,0,0,6,6,0,0,2026-05-24 10:33:14,
seo-anomaly-ranking-1.xyz,true,0.1,18,128,0,0,6,6,0,0,2026-05-24 15:28:15,
seo-anomaly-indexing-2.xyz,true,0.1,18,80,0,0,106,106,0,0,2026-05-24 18:08:53,
seo-anomaly-w-2.xyz,true,0.1,18,62,0,0,6,6,0,0,2026-05-24 16:02:54,
seo-anomaly-position-1.xyz,true,0.1,18,47,0,0,1,1,0,0,2026-05-25 11:16:35,
seo-anomaly-impression-1.xyz,true,0.1,18,47,0,0,1,1,0,0,2026-05-24 22:31:46,
seo-anomaly-robots-2.xyz,true,0.1,18,128,0,0,6,6,0,0,2026-05-25 04:30:10,
seo-anomaly-organic-1.xyz,true,0.1,18,128,0,0,6,6,0,0,2026-05-24 17:30:02,
seo-anomaly-indexing-1.xyz,true,0.1,18,80,0,0,105,105,0,0,2026-05-24 12:23:49,
seo-anomaly-clickrate-1.xyz,true,0.1,18,47,0,0,1,1,0,0,2026-05-24 20:21:54,
seo-anomaly-authority-2.xyz,true,0.1,18,47,0,0,1,1,0,0,2026-05-25 00:50:05,
seo-anomaly-ranking-2.xyz,true,0.1,18,128,0,0,6,6,0,0,2026-05-25 00:40:22,
seo-anomaly-authority-1.xyz,true,0.1,18,47,0,0,1,1,0,0,2026-05-25 16:05:34,
seo-anomaly-impression-2.xyz,true,0.1,18,47,0,0,1,1,0,0,2026-05-24 14:39:59,
seo-anomaly-pillar-1.xyz,true,0.1,18,47,0,0,1,1,0,0,2026-05-25 11:05:12,
seo-anomaly-snippet-2.xyz,true,0.1,18,80,0,0,106,106,0,0,2026-05-24 16:09:47,
seo-anomaly-shorttail-2.xyz,true,0.1,18,62,0,0,6,6,0,0,2026-05-25 03:32:57,
seo-anomaly-intent-2.xyz,true,0.1,18,62,0,0,6,6,0,0,2026-05-24 21:27:32,
seo-anomaly-metatag-2.xyz,true,0.1,18,80,0,0,106,106,0,0,2026-05-24 16:25:45,
seo-anomaly-shorttail-1.xyz,true,0.1,18,62,0,0,6,6,0,0,2026-05-25 03:57:48,
seo-anomaly-crawler-2.xyz,true,0.1,18,80,0,0,106,106,0,0,2026-05-24 21:30:05,
seo-anomaly-crawling-2.xyz,true,0.1,18,128,0,0,6,6,0,0,2026-05-24 10:58:42,
seo-anomaly-redirect-2.xyz,true,0.1,18,80,0,0,106,106,0,0,2026-05-25 01:49:24,
seo-anomaly-trustflow-2.xyz,true,0.1,18,62,0,0,6,6,0,0,2026-05-25 02:52:16,
seo-anomaly-keyword-2.xyz,true,0.1,18,80,0,0,106,106,0,0,2026-05-24 13:55:57,
seo-anomaly-position-2.xyz,true,0.1,18,47,0,0,1,1,0,0,2026-05-25 04:44:00,
seo-anomaly-citation-2.xyz,true,0.1,18,62,0,0,6,6,0,0,2026-05-24 13:05:57,
seo-anomaly-spider-2.xyz,true,0.1,18,62,0,0,6,6,0,0,2026-05-24 18:12:14,
seo-anomaly-dwell-1.xyz,true,0.1,18,47,0,0,1,1,0,0,2026-05-24 19:16:31,
seo-anomaly-anchor-2.xyz,true,0.1,18,80,0,0,106,106,0,0,2026-05-25 01:32:28,
seo-anomaly-intent-1.xyz,true,0.1,18,62,0,0,6,6,0,0,2026-05-25 04:44:12,
seo-anomaly-query-1.xyz,true,0.1,18,62,0,0,6,6,0,0,2026-05-25 03:49:21,
seo-anomaly-cluster-2.xyz,true,0.1,18,128,0,0,6,6,0,0,2026-05-24 20:06:33,
seo-anomaly-crawling-1.xyz,true,0.1,18,128,0,0,6,6,0,0,2026-05-24 15:12:10,
seo-anomaly-pagerank-1.xyz,true,0.1,18,128,0,0,6,6,0,0,2026-05-24 20:12:46,
seo-anomaly-serp-1.xyz,true,0.1,18,127,0,0,6,6,0,0,2026-05-24 13:12:18,
seo-anomaly-redirect-1.xyz,true,0.1,18,80,0,0,106,106,0,0,2026-05-24 08:33:02,
seo-anomaly-sitemap-2.xyz,true,0.1,18,80,0,0,106,106,0,0,2026-05-24 14:14:03,
seo-anomaly-pingback-2.xyz,true,0.1,18,62,0,0,6,6,0,0,2026-05-24 13:04:23,
seo-anomaly-schema-1.xyz,true,0.1,18,128,0,0,6,6,0,0,2026-05-24 15:03:12,
seo-anomaly-spider-1.xyz,true,0.1,18,59,0,0,6,6,0,0,2026-05-25 06:22:27,
seo-anomaly-backlink-1.xyz,true,0.1,18,80,0,0,106,106,0,0,2026-05-24 19:18:23,
seo-anomaly-bounce-1.xyz,true,0.1,18,47,0,0,1,1,0,0,2026-05-25 02:39:43,
seo-anomaly-cluster-1.xyz,true,0.1,18,128,0,0,6,6,0,0,2026-05-25 05:07:39,
seo-anomaly-traffic-1.xyz,true,0.1,18,128,0,0,6,6,0,0,2026-05-24 19:03:49,
seo-anomaly-snippetbox-1.xyz,true,0.1,18,47,0,0,1,1,0,0,2026-05-25 12:41:29,
seo-anomaly-linkjuice-2.xyz,true,0.1,18,47,0,0,1,1,0,0,2026-05-25 00:01:54,
seo-anomaly-pagerank-2.xyz,true,0.1,18,128,0,0,6,6,0,0,2026-05-25 01:59:17,
wfzkjh6.xyz,true,0.1,409,318323,0,0,2,0,2,2,2025-11-26 18:25:02,2026-06-04 01:44:17
innosol.tech,true,0,77,0,0,0,2,1,0,0,2024-10-25 12:50:13,
bez-merystrastno.xyz,true,0,406,301264,0,0,1,0,1,1,2025-11-26 07:48:07,2026-05-26 00:50:44
arkmet.com,true,0,31,34910,1,5,1,0,1,1,2025-02-08 23:38:25,2026-04-23 11:52:33
stadnika.xyz,true,0,166,31285,0,0,1,0,1,1,2025-12-18 23:53:21,2026-06-17 07:03:23
vava4dcd.xyz,true,0,166,78654,0,0,1,0,1,1,2025-12-18 20:22:12,2026-06-17 06:31:03
exmabank.xyz,true,0,167,54568,0,0,1,0,1,1,2025-12-18 10:55:27,2026-06-17 02:33:39
sigputts.xyz,true,0,166,55043,0,0,1,0,1,1,2025-12-18 09:08:36,2026-06-17 12:48:58
kushcali.xyz,true,0,411,241046,0,0,4,0,4,4,2025-12-06 04:56:08,2026-06-10 00:26:03
felinair.xyz,true,0,167,33268,0,0,1,0,1,1,2025-12-18 20:50:23,2026-06-17 09:35:46
alfa5566.xyz,true,0,166,44192,0,0,1,0,1,1,2025-12-17 19:08:08,2026-06-16 02:35:35
bhs-links-byakugou-1.xyz,true,0,18,72,0,0,9,9,0,0,2026-05-25 01:57:10,
bhs-links-anbu-1.xyz,true,0,18,72,0,0,9,9,0,0,2026-05-24 16:43:19,
bhs-links-bijuu-1.xyz,true,0,18,93,0,0,93,93,0,0,2026-05-24 19:30:24,
bhs-links-shuriken-1.xyz,true,0,18,93,0,0,93,93,0,0,2026-05-24 16:38:21,
bhs-links-taijutsu-1.xyz,true,0,18,93,0,0,93,93,0,0,2026-05-24 19:37:44,
bhs-links-jinchuriki-1.xyz,true,0,18,93,0,0,93,93,0,0,2026-05-24 14:43:22,
bhs-links-ninjutsu-1.xyz,true,0,18,93,0,0,93,93,0,0,2026-05-24 20:25:56,
bhs-links-genin-1.xyz,true,0,18,72,0,0,9,9,0,0,2026-05-24 17:06:15,
bhs-links-genjutsu-2.xyz,true,0,18,93,0,0,93,93,0,0,2026-05-24 17:15:23,
bhs-links-jonin-2.xyz,true,0,18,72,0,0,9,9,0,0,2026-05-24 21:12:31,
bhs-links-chakra-2.xyz,true,0,18,93,0,0,93,93,0,0,2026-05-24 20:24:39,
bhs-links-chunin-1.xyz,true,0,18,72,0,0,9,9,0,0,2026-05-24 21:03:38,
bhs-links-chunin-2.xyz,true,0,18,72,0,0,9,9,0,0,2026-05-24 12:05:44,
bhs-links-kunai-2.xyz,true,0,18,93,0,0,93,93,0,0,2026-05-24 10:33:52,
bhs-links-genjutsu-1.xyz,true,0,18,93,0,0,93,93,0,0,2026-05-24 20:05:40,
bhs-links-genin-2.xyz,true,0,18,72,0,0,9,9,0,0,2026-05-24 18:32:41,
bhs-links-kage-1.xyz,true,0,18,72,0,0,9,9,0,0,2026-05-24 21:59:52,
bhs-links-kekkei-1.xyz,true,0,18,93,0,0,93,93,0,0,2026-05-24 15:55:49,
bhs-links-shinobi-2.xyz,true,0,18,93,0,0,93,93,0,0,2026-05-24 14:29:07,
bhs-links-byakugou-2.xyz,true,0,18,72,0,0,9,9,0,0,2026-05-24 19:48:43,
bhs-links-taijutsu-2.xyz,true,0,18,92,0,0,93,93,0,0,2026-05-24 16:23:01,
bhs-links-bijuu-2.xyz,true,0,18,93,0,0,93,93,0,0,2026-05-25 02:09:00,
bhs-links-jinchuriki-2.xyz,true,0,18,93,0,0,93,93,0,0,2026-05-25 01:57:03,
bhs-links-rasenshuriken-2.xyz,true,0,18,72,0,0,9,9,0,0,2026-05-24 18:25:56,
bhs-links-kage-2.xyz,true,0,18,72,0,0,9,9,0,0,2026-05-25 00:06:48,
bhs-links-rasenshuriken-1.xyz,true,0,18,71,0,0,9,9,0,0,2026-05-24 13:03:07,
bhs-links-shinobi-1.xyz,true,0,18,93,0,0,93,93,0,0,2026-05-24 16:09:52,
bhs-links-kunai-1.xyz,true,0,18,92,0,0,93,93,0,0,2026-05-24 17:47:15,
bhs-links-sennin-1.xyz,true,0,18,72,0,0,9,9,0,0,2026-05-24 12:53:45,
bhs-links-sennin-2.xyz,true,0,18,71,0,0,9,9,0,0,2026-05-24 13:02:30,
bhs-links-kotoamatsukami-1.xyz,true,0,18,72,0,0,9,9,0,0,2026-05-24 06:32:53,
bhs-links-chakra-1.xyz,true,0,18,93,0,0,93,93,0,0,2026-05-24 18:47:12,
bhs-links-kotoamatsukami-2.xyz,true,0,18,72,0,0,9,9,0,0,2026-05-24 22:14:30,
bhs-links-anbu-2.xyz,true,0,18,72,0,0,9,9,0,0,2026-05-24 16:24:05,
bhs-links-kekkei-2.xyz,true,0,18,93,0,0,93,93,0,0,2026-05-24 14:19:09,
bhs-links-hokage-2.xyz,true,0,18,72,0,0,8,8,0,0,2026-05-25 02:53:16,
bhs-links-hokage-1.xyz,true,0,18,72,0,0,9,9,0,0,2026-05-24 12:02:34,
bhs-links-shuriken-2.xyz,true,0,18,93,0,0,93,93,0,0,2026-05-25 04:57:51,
bhs-links-ninjutsu-2.xyz,true,0,18,93,0,0,93,93,0,0,2026-05-24 19:15:24,
bhs-links-jonin-1.xyz,true,0,18,72,0,0,9,9,0,0,2026-05-24 14:29:32,
samanda.web.id,false,0,16,6277,0,0,1,0,0,0,2025-10-17 04:30:38,
combcorp.xyz,true,0,166,6352,0,0,1,0,1,1,2025-12-17 14:32:31,2026-06-16 03:26:21
box44racing.de,false,0,10,25,2,2,1,0,0,0,2023-12-14 02:03:56,
seo-anomaly-canonical.xyz,true,0,18,80,0,0,106,106,0,0,2026-05-11 20:07:15,
seo-anomaly-bounce.xyz,true,0,18,46,0,0,1,1,0,0,2026-05-12 16:18:24,
seo-anomaly-cluster.xyz,true,0,18,128,0,0,6,6,0,0,2026-05-11 18:35:20,
seo-anomaly-longtail.xyz,true,0,18,62,0,0,6,6,0,0,2026-05-11 16:02:05,
seo-anomaly-velocity.xyz,true,0,18,46,0,0,1,1,0,0,2026-05-12 01:53:26,
seo-anomaly-shorttail.xyz,true,0,18,62,0,0,6,6,0,0,2026-05-12 02:03:44,
seo-anomaly-query.xyz,true,0,18,62,0,0,6,6,0,0,2026-05-11 23:48:03,
seo-anomaly-citation.xyz,true,0,18,62,0,0,6,6,0,0,2026-05-12 04:16:02,
seo-anomaly-metatag.xyz,true,0,18,80,0,0,106,106,0,0,2026-05-11 16:49:26,
seo-anomaly-serp.xyz,true,0,18,128,0,0,6,6,0,0,2026-05-11 13:50:36,
seo-anomaly-trustflow.xyz,true,0,18,60,0,0,6,6,0,0,2026-05-11 23:08:04,
seo-anomaly-position.xyz,true,0,18,47,0,0,1,1,0,0,2026-05-12 08:22:59,
seo-anomaly-pingback.xyz,true,0,18,61,0,0,6,6,0,0,2026-05-12 10:15:39,
seo-anomaly-spider.xyz,true,0,18,62,0,0,6,6,0,0,2026-05-12 03:39:28,
seo-anomaly-impression.xyz,true,0,18,47,0,0,1,1,0,0,2026-05-12 09:58:27,
seo-anomaly-schema.xyz,true,0,18,128,0,0,5,5,0,0,2026-05-11 20:22:59,
seo-anomaly-keyword.xyz,true,0,18,80,0,0,106,106,0,0,2026-05-11 22:02:48,
seo-anomaly-intent.xyz,true,0,18,62,0,0,6,6,0,0,2026-05-12 05:11:54,
seo-anomaly-robots.xyz,true,0,18,124,0,0,6,6,0,0,2026-05-11 14:51:36,
seo-anomaly-backlink.xyz,true,0,18,80,0,0,106,106,0,0,2026-05-11 18:10:15,
seo-anomaly-ranking.xyz,true,0,18,128,0,0,6,6,0,0,2026-05-12 02:35:17,
seo-anomaly-crawling.xyz,true,0,18,127,0,0,6,6,0,0,2026-05-11 15:45:42,
seo-anomaly-traffic.xyz,true,0,18,125,0,0,6,6,0,0,2026-05-11 19:01:11,
seo-anomaly-offpage.xyz,true,0,18,62,0,0,6,6,0,0,2026-05-12 00:13:29,
seo-anomaly-domain.xyz,true,0,18,127,0,0,6,6,0,0,2026-05-12 04:35:10,
seo-anomaly-crawler.xyz,true,0,18,80,0,0,106,106,0,0,2026-05-11 10:05:13,
seo-anomaly-snippetbox.xyz,true,0,18,47,0,0,1,1,0,0,2026-05-12 09:37:40,
seo-anomaly-redirect.xyz,true,0,18,79,0,0,106,106,0,0,2026-05-11 15:53:01,
pin-up-official-site1.xyz,true,0,658,245924,0,0,1,0,1,1,2025-11-24 12:18:00,2026-05-24 01:03:07
seo-anomaly-snippet.xyz,true,0,18,80,0,0,106,106,0,0,2026-05-11 05:49:56,
news4all.xyz,true,0,661,315021,0,0,2,0,2,2,2025-12-02 16:32:29,2026-06-06 01:53:29
rowoodcraft.xyz,true,0,687,322344,0,0,4,0,4,4,2025-11-17 10:51:20,2026-05-28 19:33:32
ray1800.xyz,true,0,684,261167,0,0,2,0,2,2,2025-11-16 16:33:55,2026-06-05 01:17:41
best-hair-growth-for-women-96974.xyz,true,0,688,229961,0,0,1,0,1,1,2025-11-27 01:29:44,2026-05-27 01:34:45
seo-anomaly-authority.xyz,true,0,17,47,0,0,1,1,0,0,2026-05-12 16:10:51,
baoliaotv.xyz,true,0,659,300355,0,0,2,0,2,2,2025-11-09 17:47:36,2026-05-13 02:01:49
y2a.xyz,true,0,694,242447,0,0,3,0,3,3,2025-11-20 05:57:11,2026-06-08 15:25:33
nmss1.xyz,true,0,685,297991,0,0,1,0,1,1,2025-11-25 20:28:33,2026-05-25 03:44:17
gfjf.xyz,true,0,694,297155,0,0,3,0,3,3,2025-11-30 05:21:40,2026-06-05 03:29:21
cryptofaucete.xyz,true,0,682,305748,0,0,1,0,1,1,2025-11-21 08:23:55,2026-05-21 04:18:28
wzth678.xyz,true,0,688,299885,0,0,1,0,1,1,2025-11-12 16:20:15,2026-05-12 04:05:00
lakuuu.xyz,true,0,684,289500,0,0,3,0,3,3,2025-11-16 16:19:08,2026-06-03 08:11:33
usav22.xyz,true,0,686,288246,0,0,4,0,4,4,2025-11-06 20:25:57,2026-06-10 17:21:00
infokeren.xyz,true,0,684,256398,0,0,1,0,1,1,2025-11-17 18:38:51,2026-05-17 08:36:24
seo-anomaly-clickrate.xyz,true,0,17,47,0,0,1,1,0,0,2026-05-12 10:38:38,
seo-anomaly-onpage.xyz,true,0,16,62,0,0,6,6,0,0,2026-05-12 06:45:26,
otvs.xyz,true,0,680,228249,0,0,2,0,2,2,2025-11-15 12:17:11,2026-06-06 02:49:03
aojiaodizhi1.xyz,true,0,681,342014,0,0,1,0,1,1,2025-12-05 08:08:22,2026-06-04 01:32:52
pgjs.xyz,true,0,657,349741,0,0,2,0,2,2,2025-11-09 01:26:56,2026-05-15 03:28:20
vxfd.xyz,true,0,682,318896,0,0,1,0,1,1,2025-12-03 03:51:09,2026-06-02 03:02:58
mostbet-wu3.xyz,true,0,318,216415,0,0,1,0,1,1,2025-12-07 19:04:35,2026-06-06 01:55:55
tyc7115b.xyz,true,0,408,249451,0,0,1,0,1,1,2025-12-02 01:53:40,2026-06-01 03:13:38
zwdating.xyz,true,0,371,236521,0,0,1,0,1,1,2025-12-03 21:36:59,2026-06-02 03:15:50
to88yule.xyz,true,0,413,138885,0,0,1,0,1,1,2025-12-01 02:29:48,2026-05-31 03:28:18
insademy.xyz,true,0,410,276989,0,0,1,0,1,1,2025-11-28 21:14:20,2026-05-28 03:32:20
dhbhukuk.xyz,true,0,410,301268,0,0,1,0,1,1,2025-12-01 21:05:46,2026-05-31 01:31:42
luxiviva.xyz,true,0,411,293967,0,0,4,0,4,4,2025-12-06 20:54:04,2026-06-14 06:25:09
incacard.xyz,true,0,411,302073,0,0,4,0,4,4,2025-11-16 12:39:53,2026-06-14 12:15:38
tuxizang.xyz,true,0,410,306250,0,0,3,0,3,3,2025-12-01 10:13:55,2026-06-08 07:53:08
rankvance-agency.online,true,0,2,5578737,0,0,1,0,0,1,2025-12-27 17:57:30,
randvere.xyz,true,0,410,246048,0,0,6,0,6,6,2025-12-01 10:37:13,2026-06-09 04:21:30
jobprobd.xyz,true,0,408,289501,0,0,1,0,1,1,2025-11-24 13:36:07,2026-05-24 04:06:50
rayonhealthcare.com,true,0,38,1803,0,0,2,2,0,0,2026-06-18 00:07:44,
pinthink.xyz,true,0,411,255569,0,0,2,0,2,2,2025-12-15 06:59:12,2026-06-14 07:38:28
bsbruner.xyz,true,0,407,219219,0,0,1,0,1,1,2025-12-08 12:37:30,2026-06-07 02:36:49
ledatweb.xyz,true,0,362,272751,0,0,1,0,1,1,2025-12-02 22:48:19,2026-06-01 04:53:16
lidernews.ro,false,0,2,2535,0,0,2,1,0,0,2024-06-18 02:54:32,
kargardi.xyz,true,0,406,208025,0,0,2,0,2,2,2025-12-06 21:14:50,2026-06-06 01:27:55
link-legion-75.xyz,true,0,17,0,0,0,1,1,0,0,2026-06-23 15:43:06,
link-legion-70.xyz,true,0,17,0,0,0,1,1,0,0,2026-06-24 06:11:04,
link-legion-52.xyz,true,0,17,0,0,0,1,1,0,0,2026-06-24 02:06:37,
link-legion-73.xyz,true,0,17,0,0,0,1,1,0,0,2026-06-23 08:57:20,
link-legion-62.xyz,true,0,17,0,0,0,1,1,0,0,2026-06-23 16:58:26,
link-legion-51.xyz,true,0,17,0,0,0,1,1,0,0,2026-06-23 07:15:40,
link-legion-53.xyz,true,0,17,0,0,0,1,1,0,0,2026-06-23 08:14:11,
link-legion-60.xyz,true,0,17,0,0,0,1,1,0,0,2026-06-23 05:05:24,
link-legion-77.xyz,true,0,17,0,0,0,1,1,0,0,2026-06-22 22:35:57,
link-legion-57.xyz,true,0,17,0,0,0,1,1,0,0,2026-06-24 01:11:39,
link-legion-66.xyz,true,0,17,0,0,0,1,1,0,0,2026-06-23 15:51:36,
link-legion-76.xyz,true,0,17,0,0,0,1,1,0,0,2026-06-23 08:44:21,
link-legion-79.xyz,true,0,17,0,0,0,1,1,0,0,2026-06-23 16:16:46,
link-legion-61.xyz,true,0,17,1,0,0,1,1,0,0,2026-06-23 08:03:05,
link-legion-55.xyz,true,0,17,0,0,0,1,1,0,0,2026-06-23 13:08:29,
link-legion-65.xyz,true,0,17,0,0,0,1,1,0,0,2026-06-23 17:27:23,
link-legion-58.xyz,true,0,17,0,0,0,1,1,0,0,2026-06-23 20:40:54,
link-legion-72.xyz,true,0,17,0,0,0,1,1,0,0,2026-06-23 07:30:09,
link-legion-78.xyz,true,0,17,0,0,0,1,1,0,0,2026-06-23 22:08:48,
link-legion-54.xyz,true,0,17,0,0,0,1,1,0,0,2026-06-23 17:45:20,
link-legion-56.xyz,true,0,17,0,0,0,1,1,0,0,2026-06-23 17:45:07,
link-legion-67.xyz,true,0,17,0,0,0,1,1,0,0,2026-06-22 22:36:01,
link-legion-80.xyz,true,0,17,1,0,0,1,1,0,0,2026-06-23 09:29:56,
link-legion-68.xyz,true,0,17,0,0,0,1,1,0,0,2026-06-23 11:06:40,
link-legion-59.xyz,true,0,17,0,0,0,1,1,0,0,2026-06-23 19:10:56,
oracletoday.org,true,0,89,136,0,0,2,0,0,0,2025-12-07 07:20:24,
engineering-degree-experttoolspro.xyz,true,0,792,388957,0,0,2,0,0,2,2026-02-07 11:29:52,
mimkirov.xyz,true,0,372,243839,0,0,3,0,3,3,2025-12-01 12:21:31,2026-06-04 14:29:17
gymthicc.xyz,true,0,370,242454,0,0,2,0,2,2,2025-11-20 18:52:10,2026-06-02 01:14:01
tftparty.xyz,true,0,363,234614,0,0,1,0,1,1,2025-12-01 14:20:19,2026-05-31 02:06:08
system4c.xyz,true,0,368,230331,0,0,2,0,2,2,2025-12-06 14:06:24,2026-06-06 02:16:32
pawrades.xyz,true,0,366,171565,0,0,4,0,4,4,2025-11-16 20:31:45,2026-06-07 02:28:14
shopin60.xyz,true,0,365,251803,0,0,1,0,1,1,2025-11-26 01:09:19,2026-05-26 01:20:49
keqingkj.xyz,true,0,365,208992,0,0,1,0,1,1,2025-11-26 09:53:58,2026-05-26 01:40:29
fanciara.xyz,true,0,364,232339,0,0,1,0,1,1,2025-11-17 00:10:56,2026-05-17 01:35:47
haimaiyi.xyz,true,0,365,232792,0,0,1,0,1,1,2025-11-22 06:22:56,2026-05-22 02:03:01
chuhaitu.xyz,true,0,368,198339,0,0,2,0,2,2,2025-11-17 06:16:14,2026-06-07 02:54:49
eduraion.xyz,true,0,368,252865,0,0,1,0,1,1,2025-11-17 15:51:52,2026-05-17 02:15:35
c44seqgz.xyz,true,0,365,190834,0,0,3,0,3,3,2025-11-21 12:48:56,2026-06-03 06:51:28
diyateam.xyz,true,0,367,219861,0,0,3,0,3,3,2025-11-16 16:22:20,2026-06-06 04:07:45
eulogico.xyz,true,0,365,86550,0,0,1,0,1,1,2025-11-05 03:59:47,2026-05-05 03:24:57
dazecase.xyz,true,0,365,234868,0,0,2,0,2,2,2025-12-03 19:30:05,2026-06-02 10:52:51
cpstacos.xyz,true,0,366,210449,0,0,2,0,2,2,2025-11-18 03:45:35,2026-05-29 14:56:13
tekaroma.xyz,true,0,369,229411,0,0,2,0,2,2,2025-11-19 20:12:49,2026-05-25 04:11:57
acfmaroc.xyz,true,0,369,229719,0,0,1,0,1,1,2025-11-23 13:25:12,2026-05-23 01:50:01
ecothunk.xyz,true,0,370,258289,0,0,1,0,1,1,2025-12-03 23:55:40,2026-06-02 12:36:07
numbmode.xyz,true,0,367,225337,0,0,2,0,2,2,2025-12-06 13:04:10,2026-06-06 01:51:35
vvvv0020.xyz,true,0,369,197342,0,0,2,0,2,2,2025-12-04 01:17:46,2026-06-08 05:57:23
wainayya.xyz,true,0,367,296503,0,0,1,0,1,1,2025-12-03 13:55:41,2026-06-02 13:12:02
lixcious.xyz,true,0,366,225398,0,0,1,0,1,1,2025-11-26 00:35:09,2026-05-26 01:27:55
alerusrs.xyz,true,0,361,264378,0,0,1,0,1,1,2025-12-03 16:41:30,2026-06-02 01:45:42
vyuduinc.xyz,true,0,368,263623,0,0,3,0,3,3,2025-11-17 15:46:52,2026-05-26 01:42:46
heptaceo.xyz,true,0,366,209053,0,0,2,0,2,2,2025-11-29 02:30:08,2026-06-02 01:33:10
capabess.xyz,true,0,363,289497,0,0,1,0,1,1,2025-11-22 21:02:46,2026-05-22 01:43:26
gombilog.xyz,true,0,368,249353,0,0,1,0,1,1,2025-12-07 11:11:32,2026-06-06 03:03:13
surgirux.xyz,true,0,368,229280,0,0,1,0,1,1,2025-11-18 02:28:05,2026-05-18 01:38:24
encorone.xyz,true,0,367,196242,0,0,1,0,1,1,2025-11-23 12:31:13,2026-05-23 02:07:15
mxdaigua.xyz,true,0,368,216714,0,0,1,0,1,1,2025-12-07 04:01:06,2026-06-06 02:50:30
ycouncil.xyz,true,0,368,264151,0,0,3,0,3,3,2025-11-26 16:41:03,2026-06-08 19:18:45
pamotion.xyz,true,0,365,217431,0,0,2,0,2,2,2025-12-05 13:13:22,2026-06-05 02:00:00
jainneha.xyz,true,0,364,238931,0,0,2,0,2,2,2025-11-20 09:25:29,2026-06-06 03:29:46
carlacuc.xyz,true,0,362,234855,0,0,2,0,2,2,2025-11-20 07:43:21,2026-06-03 02:27:34
lujoboom.xyz,true,0,366,262830,0,0,1,0,1,1,2025-11-15 01:25:51,2026-05-15 01:38:06
niviaglo.xyz,true,0,367,249779,0,0,1,0,1,1,2025-11-16 00:26:55,2026-05-16 02:59:34
zionxusa.xyz,true,0,365,187209,0,0,1,0,1,1,2025-11-17 05:12:14,2026-05-17 02:31:53
nitaonet.xyz,true,0,365,230001,0,0,4,0,4,4,2025-12-06 05:55:57,2026-06-10 19:54:24
slot118a.xyz,true,0,366,254015,0,0,1,0,1,1,2025-12-03 01:02:40,2026-06-02 03:45:17
wewillpe.xyz,true,0,365,128118,0,0,1,0,1,1,2025-11-04 00:51:52,2026-05-04 03:22:33
xrediptv.xyz,true,0,367,99530,0,0,5,0,5,5,2025-11-08 00:09:58,2026-05-12 10:37:43
prvindia.xyz,true,0,363,220165,0,0,1,0,1,1,2025-12-03 17:23:26,2026-06-02 07:17:48
vdkqates.xyz,true,0,363,152820,0,0,1,0,1,1,2025-12-07 01:43:14,2026-06-06 00:21:13
inwatery.xyz,true,0,366,256093,0,0,1,0,1,1,2025-11-19 16:08:59,2026-05-19 03:19:08
gamexpin.xyz,true,0,363,156467,0,0,1,0,1,1,2025-11-26 22:19:09,2026-05-26 03:41:35
fzjqjczy.xyz,true,0,365,275543,0,0,1,0,1,1,2025-11-25 11:06:37,2026-05-25 02:13:33
dovemere.xyz,true,0,365,273133,0,0,3,0,3,3,2025-12-04 12:39:21,2026-06-08 04:20:48
movieily.xyz,true,0,367,139311,0,0,1,0,1,1,2025-12-02 19:03:52,2026-06-01 03:32:28
minagazi.xyz,true,0,367,203781,0,0,1,0,1,1,2025-12-01 23:05:17,2026-05-31 07:57:34
ezez8888.xyz,true,0,365,254569,0,0,1,0,1,1,2025-11-25 14:48:44,2026-05-25 00:05:46
prettyzz.xyz,true,0,365,196254,0,0,1,0,1,1,2025-12-02 20:38:55,2026-06-01 08:00:03
nnavatar.xyz,true,0,370,206087,0,0,2,0,2,2,2025-11-20 16:52:06,2026-05-29 14:05:32
yourboba.xyz,true,0,367,269898,0,0,1,0,1,1,2025-11-23 23:21:07,2026-05-23 00:37:47
emiroart.xyz,true,0,369,179170,0,0,1,0,1,1,2025-11-25 06:00:29,2026-05-25 00:41:17
kolsplay.xyz,true,0,365,247811,0,0,1,0,1,1,2025-12-05 06:12:57,2026-06-04 03:57:28
gzikang6.xyz,true,0,365,222562,0,0,1,0,1,1,2025-11-29 11:27:48,2026-05-29 04:35:55
enemafan.xyz,true,0,365,161103,0,0,1,0,1,1,2025-11-26 00:48:33,2026-05-26 00:39:11
tianhao1.xyz,true,0,366,255977,0,0,1,0,1,1,2025-12-05 20:16:03,2026-06-04 04:32:15
taptcash.xyz,true,0,369,121794,0,0,2,0,2,2,2025-12-02 08:55:32,2026-06-08 01:59:02
www217zh.xyz,true,0,365,156107,0,0,2,0,2,2,2025-11-30 07:57:59,2026-06-06 05:54:51
twchuchu.xyz,true,0,369,52739,0,0,1,0,1,1,2025-11-04 09:54:46,2026-05-04 03:15:58
sqkvalve.xyz,true,0,365,256459,0,0,1,0,1,1,2025-11-15 19:21:01,2026-05-15 00:42:01
kanisani.xyz,true,0,365,192456,0,0,1,0,1,1,2025-12-02 13:59:15,2026-06-01 01:07:24
smiletvs.xyz,true,0,362,216525,0,0,1,0,1,1,2025-12-07 00:51:02,2026-06-06 02:18:01
letslarp.xyz,true,0,362,212568,0,0,1,0,1,1,2025-12-11 02:38:43,2026-06-10 02:21:13
pazhidai.xyz,true,0,367,229106,0,0,1,0,1,1,2025-11-17 10:43:40,2026-05-17 01:06:29
hannahtw.xyz,true,0,366,186474,0,0,1,0,1,1,2025-12-02 04:44:36,2026-06-01 01:44:43
concipta.xyz,true,0,367,247990,0,0,1,0,1,1,2025-11-25 02:43:20,2026-05-25 02:07:03
kupianwu.xyz,true,0,360,243037,0,0,1,0,1,1,2025-12-02 12:34:47,2026-06-01 05:57:46
itagcorp.xyz,true,0,365,141046,0,0,1,0,1,1,2025-11-29 09:20:22,2026-05-29 02:27:21
ldnorder.xyz,true,0,367,245287,0,0,3,0,3,3,2025-11-17 11:21:14,2026-06-08 03:21:44
nomadgst.xyz,true,0,364,228808,0,0,2,0,2,2,2025-11-19 09:27:34,2026-06-07 03:25:59
datanfin.xyz,true,0,367,21925,0,0,1,0,1,1,2025-11-07 01:42:56,2026-05-07 00:48:20
shivamcg.xyz,true,0,365,135438,0,0,3,0,3,3,2025-11-25 02:32:02,2026-06-05 02:35:01
liztrent.xyz,true,0,362,278379,0,0,1,0,1,1,2025-11-27 10:06:57,2026-05-27 03:02:44
soryalie.xyz,true,0,361,247364,0,0,2,0,2,2,2025-11-28 08:41:26,2026-06-05 06:25:56
iptvmade.xyz,true,0,362,176851,0,0,1,0,1,1,2025-12-04 10:13:20,2026-06-03 06:51:59
jedan711.xyz,true,0,362,155012,0,0,2,0,2,2,2025-12-03 03:13:31,2026-06-07 00:28:45
hanbanan.xyz,true,0,365,187862,0,0,1,0,1,1,2025-12-07 01:01:27,2026-06-06 00:18:27
xpj70016.xyz,true,0,369,149409,0,0,1,0,1,1,2025-11-19 15:15:12,2026-05-19 00:25:52
isgpaket.xyz,true,0,365,229492,0,0,1,0,1,1,2025-12-03 20:45:05,2026-06-02 04:58:10
aviazoom.xyz,true,0,365,200361,0,0,1,0,1,1,2025-12-05 03:49:10,2026-06-06 02:06:46
cippangu.xyz,true,0,365,215199,0,0,1,0,1,1,2025-12-03 00:17:30,2026-06-02 03:56:18
lnwchiro.xyz,true,0,365,258674,0,0,2,0,2,2,2025-11-29 06:16:44,2026-06-11 01:09:48
eletexsg.xyz,true,0,370,271235,0,0,2,0,2,2,2025-11-22 05:55:20,2026-06-02 08:14:45
jeweltjq.xyz,true,0,364,138360,0,0,1,0,1,1,2025-11-11 19:37:35,2026-05-11 08:03:51
cornecto.xyz,true,0,367,221711,0,0,1,0,1,1,2025-12-04 22:45:22,2026-06-03 00:48:45
curovane.xyz,true,0,368,249864,0,0,1,0,1,1,2025-11-28 12:24:02,2026-05-28 04:24:15
petere00.xyz,true,0,363,267931,0,0,1,0,1,1,2025-12-01 09:56:31,2026-05-31 00:44:28
jouet24h.xyz,true,0,366,272737,0,0,1,0,1,1,2025-11-26 16:53:43,2026-05-26 01:18:27
techvisu.xyz,true,0,363,240838,0,0,3,0,3,3,2025-11-19 14:44:13,2026-06-03 05:05:12
shopikgo.xyz,true,0,368,244247,0,0,1,0,1,1,2025-11-17 11:13:21,2026-05-17 00:47:28
unimag24.xyz,true,0,363,226147,0,0,1,0,1,1,2025-11-15 22:34:53,2026-05-15 00:35:39
stillclo.xyz,true,0,365,219852,0,0,1,0,1,1,2025-12-04 13:49:50,2026-06-03 05:35:33
ntwestbk.xyz,true,0,365,220480,0,0,1,0,1,1,2025-11-14 04:56:20,2026-05-14 01:09:14
xushuish.xyz,true,0,365,225144,0,0,1,0,1,1,2025-12-04 08:48:24,2026-06-03 01:53:30
arcontel.xyz,true,0,362,109125,0,0,1,0,1,1,2025-11-09 09:41:44,2026-05-09 01:26:55
touachat.xyz,true,0,365,219815,0,0,1,0,1,1,2025-11-20 06:50:16,2026-05-20 02:35:41
halaal24.xyz,true,0,366,226621,0,0,1,0,1,1,2025-11-16 22:43:57,2026-05-16 02:13:24
zunbao08.xyz,true,0,363,235263,0,0,3,0,3,3,2025-11-22 07:21:44,2026-06-04 03:12:27
lv116688.xyz,true,0,361,169484,0,0,1,0,1,1,2025-12-05 02:04:15,2026-06-04 03:27:30
julienboucher.fr,true,0,153,5063,0,0,1,0,0,0,2023-11-15 22:14:09,
21effect.xyz,true,0,366,177357,0,0,1,0,1,1,2025-11-15 09:02:34,2026-05-15 00:45:24
shinoria.xyz,true,0,362,136559,0,0,1,0,1,1,2025-11-27 15:14:51,2026-05-27 01:02:00
seo-anomaly-anchor.xyz,true,0,16,80,0,0,106,106,0,0,2026-05-11 14:10:03,
seo-anomaly-sitemap.xyz,true,0,16,80,0,0,105,105,0,0,2026-05-11 15:15:46,
seo-anomaly-organic.xyz,true,0,16,128,0,0,6,6,0,0,2026-05-11 16:00:17,
seo-anomaly-pagerank.xyz,true,0,16,128,0,0,6,6,0,0,2026-05-11 16:48:47,
seo-anomaly-dwell.xyz,true,0,16,47,0,0,1,1,0,0,2026-05-11 20:50:31,
complete-auto-repair-docs.xyz,true,0,792,415778,0,0,1,0,1,1,2026-02-19 11:51:39,2026-04-03 08:47:53
seo-anomaly-linkjuice.xyz,true,0,15,47,0,0,1,1,0,0,2026-05-12 12:39:20,
seo-anomaly-indexing.xyz,true,0,15,78,0,0,106,106,0,0,2026-05-11 23:52:48,
sskd.xyz,true,0,468,327153,0,0,1,0,1,1,2025-11-12 22:56:52,2026-05-12 01:44:10
thgj.xyz,true,0,456,324786,0,0,1,0,1,1,2025-11-29 16:43:29,2026-05-29 16:05:38
seopositivo.net,true,0,51,142165,0,0,1,0,0,1,2021-05-27 10:00:20,
subhoporinoy.in,true,0,2,5797,0,0,1,0,1,1,2026-02-20 09:08:52,2026-04-11 19:42:00
bsn-degree-dataskills.xyz,true,0,800,399018,0,0,2,0,0,2,2026-02-17 00:14:00,
aircon-repair-solutionsquickfix.xyz,true,0,790,498987,0,0,1,0,0,1,2026-03-01 20:04:27,
aircon-cleaning-service-spot.xyz,true,0,795,433216,0,0,1,0,0,1,2026-02-16 21:21:17,
kvlxwvi.info,true,0,796,395602,0,0,1,0,0,1,2026-02-07 21:32:24,
vgrddpn.info,true,0,799,431513,0,0,1,0,0,1,2026-02-22 12:38:30,
aircon-repair-fasttrack.xyz,true,0,791,439895,0,0,1,0,0,1,2026-02-12 05:43:27,
customercarerefrigerator.xyz,true,0,295,203580,0,0,1,0,1,1,2025-11-28 20:19:39,2026-05-28 02:17:09
clinical-psych-strategyxyz.xyz,true,0,786,395550,0,0,1,0,1,1,2026-02-21 03:45:18,2026-04-07 05:22:46
simple-airduct-repair-spot.xyz,true,0,801,382141,0,0,1,0,1,1,2026-02-21 16:41:09,2026-04-07 09:45:05
dobuiht.info,true,0,799,465463,0,0,2,0,1,2,2026-02-13 16:32:41,
dbaznll.info,true,0,798,490516,0,0,1,0,0,1,2026-02-12 21:54:47,
osh4f2.asia,true,0,796,425324,0,0,4,0,3,4,2026-02-11 18:50:36,
clinical-psych-degree-analyticstech.xyz,true,0,789,474513,0,0,4,0,0,4,2026-01-15 03:28:08,
data-analysis-studio.xyz,true,0,789,532972,0,0,2,0,1,2,2026-02-15 04:50:20,
ujwvutg.info,true,0,795,438561,0,0,2,0,2,2,2026-02-07 18:02:36,2026-05-14 20:22:33
xvgstjv.info,true,0,800,399785,0,0,1,0,0,1,2026-02-08 06:04:19,
oykjiug.info,true,0,797,498232,0,0,2,0,0,2,2026-02-07 18:48:07,
mywwvhf.info,true,0,790,460523,0,0,2,0,1,2,2026-01-24 16:15:19,
bykllxo.info,true,0,798,464596,0,0,4,0,3,4,2026-02-12 11:06:10,
mkilkju.info,true,0,799,458277,0,0,6,0,4,6,2026-01-20 07:16:59,
ifrferv.info,true,0,798,431171,0,0,1,0,1,1,2026-02-22 03:49:57,2026-04-15 22:11:27
mkvuhht.info,true,0,791,451066,0,0,1,0,0,1,2026-02-13 17:09:57,
data-analysis-development.xyz,true,0,800,454384,0,0,2,0,2,2,2026-02-15 13:36:09,2026-04-05 19:59:51
yjuvwiu.info,true,0,805,451523,0,0,2,0,2,2,2026-02-16 04:33:08,2026-05-19 12:29:04
utrqqct.info,true,0,800,380670,0,0,1,0,1,1,2026-02-10 02:53:57,2026-04-23 12:26:21
data-analysis-degree-datateamwork.xyz,true,0,800,444650,0,0,1,0,0,1,2026-02-18 18:56:38,
nlkjvhg.info,true,0,800,446404,0,0,2,0,0,2,2026-02-14 04:13:18,
u6x9xf.asia,true,0,793,576777,0,0,1,0,0,1,2026-01-22 19:08:25,
aircon-repair-helpdeskpro.xyz,true,0,799,386836,0,0,2,0,2,2,2026-02-14 13:38:34,2026-03-31 15:07:53
fqoanzy.info,true,0,798,397656,0,0,2,0,0,2,2026-02-14 00:38:48,
qb6pom.asia,true,0,801,510610,0,0,1,0,0,1,2026-02-07 13:00:15,
smart-auto-repair-help.xyz,true,0,796,405055,0,0,2,0,0,2,2026-02-13 06:20:16,
smart-car-freight-help.xyz,true,0,799,427136,0,0,3,0,0,3,2026-01-22 17:33:34,
engineering-degree-datateamwork.xyz,true,0,799,504225,0,0,3,0,0,3,2026-02-10 21:29:20,
urban-auto-repair-point.xyz,true,0,805,360369,0,0,2,0,1,2,2026-02-11 00:16:53,
ozkkkww.info,true,0,802,540631,0,0,1,0,0,1,2026-02-10 13:06:31,
aircon-repair-maintenanceexperts.xyz,true,0,794,445659,0,0,3,0,0,3,2026-02-09 03:31:37,
clinical-psych-degree-datateamwork.xyz,true,0,796,476359,0,0,1,0,0,1,2026-02-13 22:11:37,
hffefep.info,true,0,795,450528,0,0,2,0,1,2,2026-02-13 07:46:10,
bsn-degree-analyticstech.xyz,true,0,798,457484,0,0,1,0,0,1,2026-02-11 23:01:36,
gfdugsr.info,true,0,788,400785,0,0,2,0,2,2,2026-01-16 07:43:51,2026-05-11 14:26:36
wvamyxd.info,true,0,791,464531,0,0,1,0,1,1,2026-02-15 06:34:06,2026-05-26 17:42:27
pnzrqco.info,true,0,786,433412,0,0,1,0,0,1,2026-02-14 10:09:13,
pozyzlx.info,true,0,785,414630,0,0,1,0,1,1,2026-02-26 12:09:18,2026-04-06 03:40:45
i1b4tt.asia,true,0,793,467364,0,0,2,0,2,2,2026-02-12 20:19:10,2026-05-11 04:55:33
iffeqep.info,true,0,789,488037,0,0,3,0,1,3,2026-02-11 03:29:05,
xwuhgsd.info,true,0,791,485113,0,0,2,0,0,2,2026-02-18 13:46:14,
pzypcoz.info,true,0,792,438859,0,0,1,0,0,1,2026-02-13 01:40:57,
xa0win.asia,true,0,793,433859,0,0,1,0,1,1,2026-02-14 13:44:57,2026-03-30 06:26:27
aircon-repair-expertfix.xyz,true,0,786,340360,0,0,1,0,0,1,2026-02-24 00:12:57,
floor-repair-efficientcare.xyz,true,0,789,418446,0,0,1,0,0,1,2026-02-16 15:58:13,
rpggffr.info,true,0,787,464218,0,0,2,0,0,2,2026-02-12 20:16:51,
q9zyrv.asia,true,0,789,425028,0,0,4,0,1,4,2026-02-09 04:16:46,
hteqdcp.info,true,0,795,495861,0,0,1,0,1,1,2026-02-25 14:21:35,2026-04-08 22:47:01
mold-cleaning-knowhow247.xyz,true,0,797,462721,0,0,4,0,1,4,2026-01-22 03:45:46,
fdoosed.info,true,0,780,467035,0,0,1,0,0,1,2026-01-20 07:25:00,
u29o4g.asia,true,0,794,487330,0,0,2,0,1,2,2026-02-08 00:15:47,
fqbnzll.info,true,0,790,438300,0,0,2,0,2,2,2026-02-12 11:58:44,2026-05-19 17:30:56
data-analysis-solutionspro.xyz,true,0,796,410099,0,0,2,0,2,2,2026-02-15 16:11:33,2026-04-06 04:46:17
auto-repair-service-spot.xyz,true,0,791,399961,0,0,1,0,1,1,2026-02-16 04:44:13,2026-04-02 06:00:15
mold-cleaning-teamwork711.xyz,true,0,795,416017,0,0,1,0,1,1,2026-02-18 13:19:02,2026-04-02 12:47:43
rdqrvih.info,true,0,793,489399,0,0,2,0,1,2,2026-02-08 22:13:59,
sirn91.asia,true,0,781,441709,0,0,1,0,1,1,2026-02-15 22:29:45,2026-04-04 02:43:27
lx39vy.asia,true,0,794,414159,0,0,1,0,1,1,2026-02-20 12:06:24,2026-05-01 14:58:43
full-car-freight-help.xyz,true,0,794,420401,0,0,1,0,0,1,2026-01-18 19:22:40,
kitgfqc.info,true,0,793,476612,0,0,2,0,0,2,2026-01-15 20:17:35,
akbnzyx.info,true,0,798,445175,0,0,2,0,2,2,2026-01-24 19:18:42,2026-04-30 21:08:47
data-analysis-growthhub.xyz,true,0,794,433030,0,0,3,0,3,3,2026-02-18 16:38:30,2026-04-09 10:16:25
q3svxv.asia,true,0,796,482486,0,0,2,0,0,2,2026-02-13 07:26:26,
paarfrr.info,true,0,797,431706,0,0,1,0,1,1,2026-02-23 18:04:56,2026-04-04 19:40:02
kigfswu.info,true,0,791,426182,0,0,1,0,0,1,2026-02-09 00:37:01,
olyxyxi.info,true,0,790,450675,0,0,1,0,1,1,2026-02-13 19:02:14,2026-04-29 04:19:49
clinical-psych-degree-insightscenterhub.xyz,true,0,794,413760,0,0,1,0,0,1,2026-02-09 08:25:38,
clinical-psych-degree-resultsprogram.xyz,true,0,794,436633,0,0,3,0,0,3,2026-01-23 03:33:28,
aircon-cleaning-support-line.xyz,true,0,791,388921,0,0,1,0,1,1,2026-02-15 19:55:02,2026-03-31 12:43:59
your-aircon-cleaning-check.xyz,true,0,793,436517,0,0,2,0,0,2,2026-01-23 12:32:37,
vtsseqd.info,true,0,795,487413,0,0,2,0,1,2,2026-01-14 01:09:58,
dozmayk.info,true,0,793,511547,0,0,1,0,0,1,2026-02-26 03:05:28,
oxv0y5.asia,true,0,788,452807,0,0,3,0,2,3,2026-02-13 14:23:31,
clinical-psych-degree-datasupport.xyz,true,0,794,464896,0,0,2,0,1,2,2026-02-13 02:14:42,
floor-repair-helpdeskpro.xyz,true,0,793,424234,0,0,2,0,1,2,2026-02-08 10:57:15,
car-freight-service-spot.xyz,true,0,795,400060,0,0,1,0,0,1,2026-02-13 06:23:17,
w8umgl.asia,true,0,795,466373,0,0,1,0,1,1,2026-02-11 02:58:44,2026-06-02 23:29:17
dbammpo.info,true,0,789,457987,0,0,3,0,3,3,2026-02-16 19:47:14,2026-05-18 18:33:15
x7nyfl.asia,true,0,783,600689,0,0,4,0,3,4,2026-02-09 19:44:56,
rbamyko.info,true,0,791,449297,0,0,8,0,5,8,2026-01-20 21:46:32,
t8ex5d.asia,true,0,790,444756,0,0,1,0,1,1,2026-01-23 09:15:54,2026-04-17 22:21:06
igerpon.info,true,0,790,455968,0,0,1,0,0,1,2026-02-09 18:33:02,
n97ddh.asia,true,0,793,513382,0,0,1,0,1,1,2026-02-21 15:58:04,2026-04-14 13:19:04
qbamylq.info,true,0,794,464979,0,0,2,0,0,2,2026-01-23 00:41:05,
palxcon.info,true,0,794,424609,0,0,1,0,1,1,2026-01-25 10:47:21,2026-05-09 06:36:31
gddrdco.info,true,0,793,496485,0,0,1,0,1,1,2026-02-14 01:01:53,2026-04-01 23:13:28
w0l1g6.asia,true,0,788,432911,0,0,3,0,3,3,2026-02-12 10:16:54,2026-04-19 13:07:29
mold-cleaning-maintenanceexperts.xyz,true,0,796,414640,0,0,1,0,1,1,2026-02-14 23:37:55,2026-04-02 13:32:31
r821h7.asia,true,0,792,578871,0,0,1,0,0,1,2026-02-18 20:17:32,
clinical-psych-growthhub.xyz,true,0,792,421435,0,0,1,0,0,1,2026-02-24 02:16:10,
kwiuttf.info,true,0,787,400285,0,0,2,0,2,2,2026-01-22 04:23:24,2026-05-01 08:08:02
uj3iy6.asia,true,0,788,503477,0,0,3,0,3,3,2026-02-14 06:53:48,2026-04-23 18:18:12
airduct-repair-service-spot.xyz,true,0,790,384895,0,0,2,0,1,2,2026-01-11 20:23:23,
jt4zb7.asia,true,0,788,417424,0,0,1,0,1,1,2026-02-14 05:58:54,2026-04-09 12:09:12
m2d2r0.asia,true,0,791,428449,0,0,1,0,1,1,2026-02-20 13:25:21,2026-04-09 02:02:52
rjy5l6.asia,true,0,795,535520,0,0,2,0,0,2,2026-01-16 00:59:05,
bsn-degree-reportdesk.xyz,true,0,789,436257,0,0,3,0,1,3,2026-02-11 08:58:07,
sqooamk.info,true,0,785,453038,0,0,3,0,1,3,2026-02-21 01:18:20,
data-analysis-careerdeck.xyz,true,0,790,422131,0,0,2,0,1,2,2026-02-09 13:36:05,
clinical-psych-degree-solutionsdeskpro.xyz,true,0,795,485301,0,0,2,0,2,2,2026-02-20 05:17:02,2026-04-14 21:01:00
urban-car-freight-point.xyz,true,0,785,439687,0,0,2,0,1,2,2026-02-18 22:24:29,
mold-cleaning-skillspro365.xyz,true,0,794,407104,0,0,2,0,1,2,2026-02-14 02:31:05,
j799a5.asia,true,0,795,511057,0,0,1,0,1,1,2026-02-10 08:03:59,2026-05-02 20:25:27
practical-auto-repair-info.xyz,true,0,794,389742,0,0,2,0,0,2,2026-02-08 23:22:49,
clinical-psych-datahub.xyz,true,0,794,436821,0,0,3,0,1,3,2026-02-09 13:47:36,
jusrdel.info,true,0,792,429618,0,0,1,0,0,1,2026-02-14 21:35:48,
whunaza.info,true,0,791,570261,0,0,1,0,1,1,2026-02-11 16:39:23,2026-04-25 20:46:29
vtfrdpb.info,true,0,784,472718,0,0,1,0,1,1,2026-02-11 00:01:21,2026-05-13 11:37:36
hufgseq.info,true,0,795,428836,0,0,2,0,1,2,2026-02-09 19:34:36,
zxvhgfe.info,true,0,791,449275,0,0,2,0,2,2,2026-02-16 21:35:57,2026-04-05 03:49:19
bzpoamy.info,true,0,794,445132,0,0,1,0,1,1,2026-02-14 23:34:32,2026-03-30 22:10:13
jugghhl.info,true,0,791,457743,0,0,1,0,1,1,2026-01-25 09:35:39,2026-05-13 00:17:31
ljvuivu.info,true,0,790,547295,0,0,3,0,1,3,2026-02-13 17:01:56,
mkwxoop.info,true,0,789,497474,0,0,5,0,4,5,2026-02-15 02:29:34,
ufsrsrs.info,true,0,793,453881,0,0,2,0,1,2,2026-02-12 00:19:02,
ueeqeqq.info,true,0,794,466314,0,0,1,0,0,1,2026-02-09 22:33:12,
gutter-repair-expertfix.xyz,true,0,785,452167,0,0,2,0,0,2,2026-02-08 19:06:46,
kigfrdc.info,true,0,794,468946,0,0,2,0,1,2,2026-02-09 10:56:04,
gdqdqcp.info,true,0,789,468205,0,0,2,0,0,2,2026-02-20 09:11:27,
clinical-psych-education365.xyz,true,0,791,447453,0,0,1,0,1,1,2026-02-21 03:45:14,2026-04-15 23:05:34
data-analysis-degree-insightscenterhub.xyz,true,0,791,393206,0,0,2,0,0,2,2026-02-12 04:15:11,
mold-cleaning-maintenancehelp.xyz,true,0,796,440834,0,0,4,0,1,4,2026-01-19 07:22:15,
bsn-degree-resultsprogram.xyz,true,0,794,491537,0,0,3,0,1,3,2026-02-07 11:52:33,
z9fona.asia,true,0,795,489143,0,0,3,0,1,3,2026-02-09 09:05:33,
practical-car-freight-info.xyz,true,0,794,399164,0,0,2,0,1,2,2026-02-21 23:09:25,
sqoamlp.info,true,0,793,431880,0,0,3,0,3,3,2026-01-25 13:08:47,2026-05-09 12:22:46
l2v2lg.asia,true,0,789,455251,0,0,2,0,1,2,2026-01-25 03:28:22,
airduct-repair-support-line.xyz,true,0,795,458370,0,0,3,0,1,3,2026-02-11 17:31:36,
flooring-install-map-access.xyz,true,0,787,451787,0,0,4,0,0,4,2026-01-11 06:23:32,
zop99i.asia,true,0,793,454417,0,0,3,0,0,3,2026-02-09 13:13:59,
mold-cleaning-quickservicepro.xyz,true,0,792,425478,0,0,2,0,0,2,2026-02-13 06:16:38,
divcity.xyz,true,0,314,288958,0,0,3,0,3,3,2025-11-26 02:23:07,2026-06-03 00:55:01
engineering-degree-resultsprogram.xyz,true,0,794,485156,0,0,2,0,0,2,2026-01-22 13:40:09,
scoamqc.info,true,0,788,425602,0,0,1,0,1,1,2026-02-14 02:48:48,2026-04-02 13:37:19
otp3x1.asia,true,0,784,384250,0,0,1,0,0,1,2026-02-07 18:47:46,
ywiugfe.info,true,0,794,408504,0,0,3,0,2,3,2026-02-08 08:59:39,
expert-window-repair-lab.xyz,true,0,795,408133,0,0,4,0,1,4,2026-01-10 12:16:26,
dommlki.info,true,0,790,507827,0,0,1,0,1,1,2026-02-25 20:39:07,2026-04-26 04:04:49
hgfeiiu.info,true,0,792,441472,0,0,1,0,1,1,2026-02-27 05:45:43,2026-04-09 19:22:05
auto-repair-support-line.xyz,true,0,794,403229,0,0,2,0,0,2,2026-01-21 05:35:06,
gsdqcoa.info,true,0,787,467573,0,0,1,0,0,1,2026-02-21 18:17:49,
bmamlzx.info,true,0,795,450915,0,0,3,0,1,3,2026-02-12 19:06:46,
aljwdrr.info,true,0,796,440569,0,0,2,0,1,2,2026-02-10 12:31:05,
juhtgse.info,true,0,796,469821,0,0,2,0,1,2,2026-02-11 00:00:13,
whfstrq.info,true,0,781,463845,0,0,4,0,1,4,2026-01-21 04:01:19,
bzyxjvu.info,true,0,790,448744,0,0,1,0,1,1,2026-01-22 19:07:39,2026-03-30 20:01:18
licentiada.com,false,0,5,1,0,0,2,2,0,1,2026-05-22 17:57:16,
mostbet-ws2.xyz,true,0,324,278753,0,0,2,0,2,2,2025-11-28 04:34:12,2026-05-28 02:38:19
bhs-links-chakra.xyz,true,0,11,93,0,0,91,91,0,0,2026-05-11 17:19:09,
bhs-links-shuriken.xyz,true,0,11,92,0,0,93,93,0,0,2026-05-11 13:56:20,
bhs-links-taijutsu.xyz,true,0,11,93,0,0,93,93,0,0,2026-05-11 23:11:10,
bhs-links-kunai.xyz,true,0,11,92,0,0,93,93,0,0,2026-05-11 18:33:10,
bhs-links-shinobi.xyz,true,0,11,93,0,0,93,93,0,0,2026-05-11 06:44:46,
u4updates.xyz,true,0,292,253226,0,0,1,0,1,1,2025-11-28 12:11:40,2026-05-28 02:45:53
bhs-links-kage.xyz,true,0,11,72,0,0,9,9,0,0,2026-05-11 17:49:19,
bhs-links-kekkei.xyz,true,0,11,93,0,0,93,93,0,0,2026-05-11 19:55:32,
bhs-links-genin.xyz,true,0,11,72,0,0,9,9,0,0,2026-05-12 00:11:45,
bhs-links-rasenshuriken.xyz,true,0,11,71,0,0,9,9,0,0,2026-05-11 23:16:39,
bhs-links-jonin.xyz,true,0,11,71,0,0,8,8,0,0,2026-05-11 07:41:51,
bhs-links-genjutsu.xyz,true,0,11,93,0,0,93,93,0,0,2026-05-11 17:38:49,
bhs-links-byakugou.xyz,true,0,11,72,0,0,9,9,0,0,2026-05-12 05:53:42,
bhs-links-hokage.xyz,true,0,11,70,0,0,9,9,0,0,2026-05-11 13:18:22,
bhs-links-kotoamatsukami.xyz,true,0,11,72,0,0,9,9,0,0,2026-05-11 10:37:37,
bhs-links-ninjutsu.xyz,true,0,11,93,0,0,93,93,0,0,2026-05-11 19:54:21,
bhs-links-bijuu.xyz,true,0,11,35,0,0,22,22,0,0,2026-05-11 21:24:58,
bhs-links-sennin.xyz,true,0,11,72,0,0,9,9,0,0,2026-05-11 21:56:46,
backlinkboosters.online,true,0,2,2498918,0,0,1,0,1,1,2026-03-07 01:07:24,2026-06-06 03:01:45
socailbookmark.xyz,true,0,290,155713,0,0,1,0,1,1,2025-12-04 13:35:17,2026-06-03 03:24:39
balikowie.pl,true,0,32,9959,0,0,1,0,1,0,2026-02-14 01:35:37,2026-06-06 08:12:26
bhs-links-chunin.xyz,true,0,10,71,0,0,9,9,0,0,2026-05-11 08:51:42,
bhs-links-jinchuriki.xyz,true,0,10,93,0,0,93,93,0,0,2026-05-11 12:53:32,
travestimodeller15.xyz,true,0,315,256970,0,0,1,0,1,1,2025-12-06 14:36:13,2026-06-05 01:48:31
rtpjbs88.xyz,true,0,289,231395,0,0,1,0,1,1,2025-12-04 08:53:16,2026-06-03 01:20:24
tmcart.xyz,true,0,314,210948,0,0,1,0,1,1,2025-12-08 14:38:14,2026-06-07 02:33:14
bookmarkingsiteforu.xyz,true,0,390,253960,0,0,1,0,1,1,2025-12-08 08:36:43,2026-06-07 02:20:55
breakdest.xyz,true,0,296,163892,0,0,1,0,1,1,2025-12-03 23:02:46,2026-06-02 02:57:40
fasttlink.xyz,true,0,315,233409,0,0,1,0,1,1,2025-11-26 22:43:47,2026-05-26 02:58:31
ershopsale2.xyz,true,0,299,257748,0,0,1,0,1,1,2025-11-12 21:04:02,2026-05-12 04:06:12
brainshoping2.xyz,true,0,323,174460,0,0,1,0,1,1,2025-11-25 16:44:09,2026-05-25 00:58:32
lyncoco.xyz,true,0,312,259306,0,0,1,0,1,1,2025-12-05 15:14:20,2026-06-04 00:36:35
ttsl22hwqy.xyz,true,0,310,250609,0,0,1,0,1,1,2025-12-04 16:57:47,2026-06-03 01:26:55
krav220.xyz,true,0,311,236766,0,0,1,0,1,1,2025-12-03 18:31:35,2026-06-02 02:01:19
wadoucho.xyz,true,0,312,212542,0,0,1,0,1,1,2025-12-04 12:35:32,2026-06-03 02:25:14
ralyearsfou.xyz,true,0,313,296598,0,0,1,0,1,1,2025-11-20 10:35:47,2026-05-20 02:48:06
cerioperty.xyz,true,0,286,247846,0,0,1,0,1,1,2025-12-09 01:51:41,2026-06-08 00:18:34
twinyuru.xyz,true,0,285,242902,0,0,1,0,1,1,2025-11-29 18:38:42,2026-05-29 03:32:08
maltepeokul3.xyz,true,0,312,227296,0,0,1,0,1,1,2025-12-08 08:43:22,2026-06-07 00:14:49
6hyqs.xyz,true,0,309,235349,0,0,1,0,1,1,2025-12-08 11:34:04,2026-06-07 02:36:28
smmegy.xyz,true,0,312,163510,0,0,1,0,1,1,2025-11-28 04:23:53,2026-05-28 03:29:56
binodonbuzz.xyz,true,0,284,276563,0,0,1,0,1,1,2025-12-09 10:28:56,2026-06-08 00:35:47
naturemyanmar.xyz,true,0,286,258876,0,0,1,0,1,1,2025-12-01 22:40:51,2026-05-31 03:50:26
honglm2.xyz,true,0,314,240798,0,0,1,0,1,1,2025-12-02 18:34:30,2026-06-01 03:31:15
maltepeokul5.xyz,true,0,314,211269,0,0,1,0,1,1,2025-11-28 06:47:51,2026-05-28 04:06:51
madeenavpnnet.xyz,true,0,312,252478,0,0,1,0,1,1,2025-11-17 16:29:46,2026-05-17 03:31:41
bryannabartel.com,true,0,30,181,0,0,1,0,0,0,2024-11-18 20:42:32,
moviz-tv.xyz,true,0,310,123968,0,0,1,0,1,1,2025-11-10 14:48:10,2026-05-10 03:42:16
vpnalg.xyz,true,0,314,266409,0,0,1,0,1,1,2025-11-25 10:59:55,2026-05-25 00:41:30
ctu3ep.xyz,true,0,309,210165,0,0,2,0,2,2,2025-11-25 15:47:26,2026-05-26 01:08:25
g-room.de,false,0,11,23847,0,0,1,0,0,1,2022-01-03 03:00:02,
meadovia.xyz,true,0,134,84828,0,0,1,0,1,1,2025-12-18 08:25:39,2026-06-17 01:02:58
afrikiosque.com,false,0,33,31295,0,0,1,0,0,1,2022-12-02 12:17:51,
paloturvakontit.eu,true,0,7,172,0,0,1,0,0,0,2025-03-25 10:34:11,
thozhamai.com,true,0,28,6669,0,0,4,4,1,0,2026-05-24 04:55:21,
bibletrade.ru,true,0,27,149,0,0,15,0,5,0,2022-07-13 12:11:47,
presence-mobile.fr,true,0,30,101,0,0,2,0,0,0,2023-05-07 01:04:30,
allsportswiki.com,true,0,31,142,0,0,1,0,0,0,2024-12-25 15:32:43,
terezkrt27.hu,true,0,3,2051,0,1,1,0,1,0,2021-05-03 05:34:16,2026-06-28 13:48:31
mortgagesfortheforces.co.uk,true,0,4,5509,0,0,4,4,0,0,2026-05-20 14:06:03,
climbaluminumsheet.com,false,0,32,14305,0,0,1,0,0,1,2025-06-12 22:43:01,
baseballandamerica.com,true,0,29,359,0,0,1,0,0,0,2024-12-19 20:26:55,
medamooz.ir,true,0,3,268,0,0,1,0,0,0,2025-03-27 10:30:29,
anuntultau.co.uk,true,0,28,1,0,0,1,0,0,0,2026-01-29 10:17:27,
anomaly-seo-fairview.space,false,0,0,0,0,0,112,0,7,0,2026-02-15 06:29:18,
