Domain,Is spam,DR,Dofollow ref. domains,Dofollow linked domains,"Traffic ","Keywords ",Links to target,New links,Lost links,Dofollow links,First seen,Lost
pages.dev,true,93,233391,365820,16760908,89853,2,0,0,2,2024-05-01 12:35:16,
netlify.app,false,92,154268,248984,2476693,54818,2,0,0,0,2026-03-19 22:51:17,
free.fr,false,91,193894,792365,10574890,260320,2,0,0,0,2025-09-17 00:57:49,
js.org,false,91,61047,12172,955570,11505,1,0,1,0,2022-08-12 20:27:25,2026-04-23 23:33:12
web.app,false,91,71511,938555,1087451,18652,27,27,0,27,2026-04-05 08:51:11,
google.ro,false,86,26462,53346,317597,4810,1,1,0,1,2026-04-13 14:04:25,
softpedia.com,false,86,37644,98101,243966,36236,5,0,0,5,2019-01-06 03:35:09,
itxoft.com,true,83,2535,7,0,0,1,0,1,0,2025-02-28 01:29:53,2026-04-26 04:47:09
uba.ar,false,81,28037,18902,490932,48358,1,0,0,0,2026-01-21 06:20:08,
trafic.ro,false,80,3639,812,6717,772,3,0,0,3,2025-05-07 10:49:36,
gpwa.org,false,80,8762,24919,5028,938,2,0,1,2,2022-01-26 18:10:44,
spaceweather.com,false,77,16315,3033,31265,1130,8920,821,4,8920,2020-10-09 08:21:05,
adevarul.ro,false,77,13737,2590,702506,50885,3,0,0,2,2022-10-13 17:46:39,
whatsmyip.org,false,77,3072,678,206301,1221,1,0,0,1,2023-04-07 07:49:08,
ventsmagazine.com,true,77,11151,94949,0,0,2,2,0,2,2026-06-02 10:01:50,
hotnews.ro,false,76,10741,27575,666020,23218,1,0,0,1,2024-06-28 20:34:00,
example3.com,true,75,5183,503,0,5,2,0,0,0,2026-02-10 08:50:34,
stirileprotv.ro,false,75,9906,18723,1642344,49338,12,0,1,12,2021-11-05 16:17:23,
apnnews.com,false,75,6766,5,53,38,1,0,1,1,2022-11-17 19:36:21,2026-04-13 11:35:30
rankyour.website,true,74,150,998,0,0,2,2,0,0,2026-05-08 07:37:45,
mediafax.ro,false,74,7466,13558,581395,14356,3,1,0,3,2025-03-04 22:30:06,
ziare.com,false,73,6915,24152,521003,16805,11,0,0,11,2020-05-30 12:24:13,
seoexpress.org,true,73,1345,7,0,0,2,2,2,0,2026-04-03 10:35:50,2026-04-08 21:42:18
livepartners.com,false,72,2121,125,400,60,5,2,0,5,2020-05-03 20:50:50,
buybacklinks.agency,true,72,418,998,0,0,2,2,0,0,2026-03-29 06:55:40,
evz.ro,false,71,5907,16923,185808,9480,10,0,0,10,2020-03-25 05:25:03,
capital.ro,false,71,3971,13870,43194,2532,3,0,0,3,2020-04-09 13:41:55,
sfatulmedicului.ro,false,71,4023,807,1395820,96370,1,0,0,0,2023-05-05 09:48:31,
kingranks.com,true,71,4927,6201717,0,0,4,0,0,4,2024-07-24 07:01:23,
realitatea.net,false,70,6038,3536,119227,1556,4,1,2,4,2023-12-25 20:26:30,
economica.net,false,70,3283,5715,76103,8425,8,0,0,8,2019-12-06 12:07:14,
jurnalul.ro,false,70,5098,10618,103043,11808,11,0,0,11,2019-10-04 18:45:48,
observatornews.ro,false,70,4357,7190,94957,11385,5,0,0,5,2024-12-31 07:37:41,
stiripesurse.ro,false,69,3935,7792,795357,4814,5,0,0,5,2025-09-27 04:11:37,
bursa.ro,false,69,2716,1932,33804,3615,3,0,0,3,2024-07-18 11:45:24,
articlement.com,true,69,4005,6092005,0,0,4,0,0,4,2025-02-25 18:26:12,
iqads.ro,false,69,3183,10624,10808,2627,1,0,0,1,2021-11-03 11:50:59,
protv.ro,false,69,6130,8578,561901,17149,9,1,0,9,2023-10-04 11:53:44,
simpkb.id,false,68,6387,17737,4813872,10028,2,0,0,0,2025-12-26 08:46:32,
doa.go.th,false,67,6758,5286,78909,6096,9,0,0,0,2025-08-19 07:34:34,
scam-detector.com,false,67,9000,969,11648,7771,2,0,0,0,2024-10-06 02:21:04,
startupcafe.ro,false,66,2047,5430,61888,2221,1,0,0,1,2025-03-06 02:03:15,
cotidianul.ro,false,66,3088,6963,42937,1029,9,0,0,9,2023-10-01 01:01:10,
prosport.ro,false,66,5108,7026,839180,11051,3,0,0,3,2025-02-09 15:59:23,
dcnews.ro,false,65,3444,9722,71209,1688,6,0,0,6,2021-04-06 17:05:42,
wta.ro,false,65,694,1882,19,14,3,0,0,3,2022-09-08 04:21:44,
csid.ro,false,64,3267,393,36990,6569,1,0,0,0,2021-05-20 22:13:00,
europafm.ro,false,63,2508,4331,35671,3325,2,0,0,2,2020-11-11 20:24:52,
rank-top.click,true,63,127,998,0,0,2,2,0,0,2026-05-08 00:37:29,
casinolifemagazine.com,false,63,7280,3169,3008,682,2,0,0,2,2023-07-08 14:38:55,
worldranksite.com,true,63,3000,479527,0,0,2,0,2,2,2024-05-29 08:49:56,2026-04-04 09:32:12
descopera.ro,false,63,3477,6658,54395,7282,1,0,0,1,2022-03-19 13:11:20,
romaniajournal.ro,false,62,2570,4731,5532,903,4,0,0,4,2024-10-05 08:23:08,
microlinksite.com,true,62,2291,517992,0,0,4,0,0,4,2024-03-07 19:47:50,
sport.ro,false,62,3375,4455,1219752,12818,5,0,0,5,2022-03-17 16:41:58,
6te.net,false,62,10933,20000,3748,973,1,1,0,0,2026-05-04 13:25:51,
click.ro,false,62,3916,1483,197063,12997,3,0,0,0,2022-04-15 01:45:25,
webscountry.com,true,61,2908,171175,0,0,6,0,4,6,2024-05-26 00:33:36,
spotmedia.ro,false,61,3513,12017,228291,6999,7,0,0,7,2021-11-22 19:41:27,
apsoz.com,true,61,1150,1256838,0,0,2,0,0,2,2025-05-03 09:05:31,
heavenarticle.com,true,61,6992,93955,0,0,4,0,4,4,2025-04-01 02:35:25,2026-04-29 18:26:05
newsweek.ro,false,60,3025,7103,106997,6296,4,0,0,4,2022-08-29 15:28:47,
wayranks.com,true,60,4959,7443039,0,1,10,0,0,10,2022-06-21 06:08:40,
historia.ro,false,60,3152,2939,64932,7105,3,0,0,2,2022-04-25 00:44:11,
businesscomputingworld.co.uk,false,60,806,5836,806,21,3,0,0,3,2022-11-02 16:52:01,
nexioe.com,true,59,1249,4039545,0,0,4,0,0,4,2024-10-13 19:31:03,
cancan.ro,false,59,3771,3713,454678,14045,5,0,0,5,2021-06-12 04:19:46,
unica.ro,false,59,3156,7429,219616,15155,5,0,0,5,2023-01-08 06:29:27,
gds.ro,false,59,2191,5765,34091,1491,5,0,0,5,2021-10-13 22:02:41,
ziuaconstanta.ro,false,58,2179,6072,17014,2298,7,0,0,7,2022-06-28 13:09:39,
roportal.ro,false,58,1357,11835,729,335,5,0,0,5,2021-04-26 00:37:15,
monitorulsv.ro,false,57,2058,2843,24814,244,1,0,0,1,2025-09-14 22:11:25,
dilemaveche.ro,false,57,2055,3360,3665,804,2,0,0,1,2022-05-16 19:15:16,
turnulsfatului.ro,false,57,4826,5228,24498,334,3,1,0,3,2026-03-21 06:48:27,
ebihoreanul.ro,false,57,1715,1059,57671,2816,1,0,1,1,2025-08-13 11:20:11,2026-04-27 22:45:39
ziarulunirea.ro,false,57,2471,569,87514,5708,1,0,0,1,2025-01-18 10:00:27,
toptohigh.com,true,57,3560,3541359,0,0,4,0,0,4,2022-05-25 18:33:39,
chidaneh.com,false,57,1972,7445,849,428,3,0,0,0,2025-08-21 06:35:20,
topacted.com,true,56,351,1221435,0,0,2,0,0,2,2024-12-14 06:22:57,
websitehubs.com,true,56,394,2044359,0,0,2,0,0,2,2024-12-13 09:57:45,
directoryoflink.com,true,56,254,1204431,0,0,2,0,0,2,2024-12-13 14:55:51,
sbyme.com,true,56,473,2116723,0,0,2,0,0,2,2024-12-13 12:54:31,
money.ro,false,56,2230,8789,9679,1279,4,0,0,4,2023-11-07 21:07:54,
alba24.ro,false,56,2089,2846,78899,6897,4,0,0,4,2021-11-22 19:07:43,
business24.ro,false,56,1138,7600,1490,465,3,0,0,3,2020-04-13 11:20:19,
glarity.app,false,55,4092,19,3122,2799,3,0,0,0,2024-06-26 17:48:05,
desteptarea.ro,false,55,1160,2543,26236,678,189,106,109,189,2023-06-03 03:48:17,
transilvaniabusiness.ro,false,55,759,3783,882,190,1,0,0,1,2024-07-11 18:27:47,
puterea.ro,false,55,1362,6349,10746,1238,1,0,0,1,2022-10-26 13:06:15,
gearfuse.com,false,55,1854,5454,13347,300,1,0,0,1,2024-05-06 01:24:46,
timpul.md,false,54,1535,3590,8527,563,2,0,0,2,2025-04-07 03:05:23,
redactia.ro,false,54,571,3450,177,89,2,0,0,2,2026-02-02 16:54:12,
comunicatedepresa.ro,true,54,1441,18595,8150,1987,3,0,0,3,2023-08-23 01:05:24,
curierulnational.ro,false,54,1313,6710,7126,584,5,0,1,4,2020-01-06 08:05:58,
linkrankpro.shop,true,54,144,998,0,0,2,2,0,0,2026-05-08 18:42:55,
thearticletime.com,true,54,334,1337433,0,0,2,0,0,2,2024-12-13 15:42:38,
psychologies.ro,false,54,1119,3627,2866,596,1,0,0,1,2023-05-18 00:07:28,
ziarulevenimentul.ro,false,54,1204,6955,13707,275,15,0,0,15,2024-08-06 02:21:12,
viata-libera.ro,false,54,1781,1963,11920,434,12,1,0,12,2023-07-05 13:54:12,
rankxlinks.shop,true,54,108,998,0,0,2,2,0,0,2026-05-08 11:16:13,
ranklinkerpro.shop,true,54,105,2,0,0,2,2,0,0,2026-05-01 07:05:08,
seorankflow.shop,true,54,98,2,0,0,2,2,0,0,2026-06-22 05:52:28,
rankcoreseo.shop,true,54,80,0,0,0,2,2,2,0,2026-04-21 05:58:33,2026-05-05 05:56:37
observatorulph.ro,false,54,1506,1796,87711,1266,1,0,0,0,2025-03-16 08:50:15,
oradesibiu.ro,false,53,1094,3397,36117,1836,2,0,0,2,2022-02-22 23:24:19,
authoritybacklinks.shop,true,53,119,998,0,0,2,2,0,0,2026-05-09 22:29:05,
freetzi.com,false,53,8260,19867,7144,656,1,0,1,0,2025-02-28 07:27:17,2026-05-25 10:24:20
as.ro,false,53,1562,2941,110856,7142,4,0,0,4,2023-07-18 03:22:51,
zi-de-zi.ro,false,53,829,2621,4170,183,5,2,0,5,2025-12-19 01:32:59,
stiridecluj.ro,false,53,3269,3245,173381,1436,4,0,0,4,2024-03-06 09:55:14,
backlinker.shop,true,52,590,0,0,0,2,0,0,0,2025-10-01 21:53:36,
b365.ro,false,52,2085,6247,41574,4737,3,0,0,3,2022-01-20 00:00:29,
pbnseolinks.shop,true,52,233,998,0,0,2,2,0,0,2026-05-08 02:30:05,
peaktech.nz,true,52,1828,66,0,0,3,0,0,0,2025-08-28 02:35:50,
life.ro,false,52,1538,4115,6318,845,1,0,0,1,2020-11-26 14:48:20,
linkrankboost.shop,true,52,137,999,0,0,2,2,0,0,2026-05-13 13:47:01,
linkseopro.shop,true,52,202,998,0,0,2,2,0,0,2026-05-08 08:40:16,
seolinkpro.shop,true,52,122,998,0,0,2,2,0,0,2026-05-09 18:58:11,
premiumseolinks.shop,true,52,124,998,0,0,2,2,0,0,2026-05-11 15:56:14,
ranklinkpro.shop,true,52,122,998,0,0,2,2,0,0,2026-05-16 13:11:28,
toplinkranker.shop,true,52,118,998,0,0,2,2,0,0,2026-05-13 03:55:31,
monitorulcj.ro,false,52,1892,3643,39278,1400,4,0,0,4,2022-08-19 15:15:46,
technofaq.org,false,52,4869,15004,98,167,1,0,0,1,2021-12-03 10:25:53,
epochtimes-romania.com,false,52,1602,4093,3919,498,1,0,0,1,2025-02-07 12:18:19,
tribuna.ro,false,52,1386,1241,9838,835,4,1,0,4,2025-06-18 17:12:36,
tlists.com,false,52,275,3845,1,6,4,0,0,4,2019-10-19 15:15:00,
justalittlebite.com,false,52,809,418,1840,200,3,0,0,3,2025-12-16 03:30:22,
pirdu.com,true,51,1269,4177116,1,1,2,0,2,2,2024-12-13 09:26:07,2026-06-22 17:03:08
toparticlesdirectory.com,true,51,1228,2323518,0,0,2,0,0,2,2024-12-14 23:01:44,
promotor.ro,false,51,1257,3380,12168,1235,1,0,0,1,2022-04-02 00:14:07,
linkpitcherdirectory.com,true,51,440,8770007,0,0,4,0,0,4,2025-09-29 10:16:56,
clubantreprenor.ro,false,51,390,5477,716,187,3,0,0,3,2023-03-23 13:34:51,
99bestsite.com,true,51,300,2383164,0,0,2,0,0,2,2024-12-13 12:30:16,
seoarticletime.com,true,51,395,2519403,0,0,2,0,0,2,2024-12-13 11:05:22,
smartwaydirectory.com,true,51,359,8769729,0,0,4,0,0,4,2025-09-29 20:19:10,
socialzonedirectory.com,true,51,456,8776885,0,0,4,0,0,4,2025-09-15 03:30:20,
ranksdirectory.com,true,51,960,2775405,0,0,4,0,0,4,2024-04-13 23:04:31,
golazo.ro,false,51,1960,3102,221592,4866,1,0,0,1,2024-10-20 00:56:28,
topupdirectory.com,true,51,463,1300293,0,0,2,0,0,2,2024-12-14 00:40:09,
virtualsdirectory.com,true,51,434,1304953,0,0,2,0,0,2,2024-12-13 13:31:00,
prlog.ru,false,51,5151,1752,94,71,3,0,0,0,2019-07-24 01:30:51,
beliebtestewebseite.de,false,51,534,1,3,3,1,0,1,0,2023-02-06 19:27:34,2026-04-05 13:09:38
superbhubdirectory.com,true,51,452,8776795,0,0,4,0,0,4,2025-11-10 18:27:52,
5056dy.com,true,51,608,34953,0,0,10,10,0,0,2026-05-23 05:53:55,
webguestpostsdirectory.com,true,50,331,8768885,0,0,4,0,0,4,2025-08-20 03:12:23,
toplinksites.com,true,50,381,1237745,0,0,2,0,0,2,2024-12-13 10:30:52,
prepostlink.com,true,50,367,395637,0,0,2,0,0,2,2024-12-13 14:36:40,
bestdirectorysite.com,true,50,239,148635,0,0,2,0,2,2,2024-12-13 10:55:10,2026-06-13 17:58:52
bistriteanul.ro,false,50,766,1829,7161,187,8,2,0,8,2021-05-26 19:09:07,
sante.gov.mg,false,50,3700,16373,107,103,71,0,0,0,2025-12-05 10:40:34,
drparvincarter.com,true,50,804,17648,21,3,12,0,0,0,2025-09-04 00:17:25,
spynews.ro,false,50,2310,3128,58836,5560,6,0,0,6,2022-05-20 15:45:28,
gameindustry.com,false,50,5975,3457,2676,910,1,0,0,1,2019-06-15 03:25:47,
replicaonline.ro,false,49,1322,1140,26881,513,4,0,0,4,2024-02-23 04:47:14,
postsdirectory.com,true,49,304,8777017,0,0,4,0,0,4,2025-09-05 08:04:30,
rankfastdirectory.com,true,49,298,8777672,0,0,4,0,0,4,2025-10-18 15:41:16,
go4it.ro,false,49,1055,4916,6118,858,2,0,0,2,2022-04-01 16:02:37,
viva.ro,false,49,2258,6217,97989,6759,4,0,0,4,2020-10-01 00:32:36,
offseq.com,false,49,1194,118085,52,71,2,0,0,2,2025-12-26 10:47:11,
copilul.ro,false,49,1247,3530,8484,1451,3,0,0,3,2024-12-01 18:06:47,
bye.fyi,false,49,818,18,3,2,8,2,0,0,2026-01-04 19:27:58,
avantaje.ro,false,48,1825,5711,15394,2114,2,0,0,2,2020-09-28 19:25:40,
quero.party,true,48,443,18,0,0,10,0,0,0,2026-02-11 09:12:07,
trafficspike.shop,true,48,65,0,0,0,2,2,0,0,2026-06-16 02:08:31,
bzb.ro,false,48,1373,1431,34485,1397,4,0,0,4,2023-10-06 03:28:11,
twuffer.com,false,48,518,444,1,1,1,0,0,1,2025-12-15 01:59:16,
linkpointdirectory.com,true,48,264,8770578,0,0,4,0,0,4,2025-10-06 15:39:46,
adsflourish.com,true,48,926,15926,5,1,60,0,30,0,2025-10-05 20:12:04,
ziuanews.ro,false,47,1012,1858,12016,54,5,2,0,5,2024-06-17 19:51:02,
cluj24.ro,false,47,1130,1836,4994,780,6,0,0,6,2022-06-26 13:05:03,
gazetadambovitei.ro,false,47,499,2320,2976,394,7,0,0,7,2025-05-05 19:40:40,
openflightmaps.org,false,47,850,27,10,9,4,0,0,0,2025-09-19 06:28:11,
worldzonedirectory.com,true,47,358,8773863,0,1,4,0,0,4,2025-09-27 23:40:04,
sureprofitscoach.com,true,47,346,8770125,0,0,4,0,0,4,2025-10-01 19:28:46,
rasunetul.ro,false,47,519,4248,4334,321,6,2,0,6,2024-02-16 21:50:26,
national.ro,false,47,1511,3905,28181,340,1,1,0,1,2026-04-28 05:42:53,
ratb.ro,false,46,604,328,4,15,2,2,0,2,2026-04-27 21:48:48,
doctorulzilei.ro,false,46,1674,6519,1206,451,2,0,0,2,2024-11-24 16:43:18,
expressdebanat.ro,false,46,788,2028,81,10,7,0,0,6,2020-12-28 13:04:39,
mostrankingdirectory.com,true,46,291,8773382,0,0,4,0,0,4,2025-10-24 21:17:43,
worldwebsitesdirectory.com,true,46,280,8773865,0,0,4,0,0,4,2025-12-26 01:02:03,
telegrafonline.ro,false,46,726,1286,968,66,1,0,0,1,2024-08-12 19:33:56,
botosani.ro,false,46,874,3184,21951,160,5,0,0,5,2022-06-28 16:53:07,
topviraldirectory.com,true,46,284,8771094,0,0,4,0,0,4,2025-09-30 13:19:06,
rankingwebdirectory.com,true,46,288,8770249,0,0,4,0,0,4,2025-10-06 08:33:39,
mediapostdirectory.com,true,46,343,8772758,0,0,4,0,0,4,2025-10-01 10:59:40,
besttopdirectory.com,true,46,283,8770012,0,0,4,0,0,4,2025-09-30 03:21:57,
topworlddirectory.com,true,46,293,8773962,0,0,4,0,0,4,2025-10-01 23:09:47,
websiteworlddirectory.com,true,46,294,8755483,0,0,4,0,0,4,2025-12-08 17:41:36,
topdomaindirectory.com,true,46,289,8730422,0,0,4,0,0,4,2026-01-28 17:05:53,
servuscluj.ro,false,46,772,781,3285,274,1,0,0,1,2023-03-23 14:12:16,
monitorulbt.ro,false,46,1042,1860,8036,107,2,0,0,2,2024-05-28 20:52:13,
crisana.ro,false,46,507,1094,3744,87,7,4,0,7,2025-05-17 23:06:45,
heidimerrick.com,false,46,1747,1212,1393,83,3,0,0,0,2021-11-21 13:21:15,
zcj.ro,false,46,1079,4585,56524,436,12,2,0,12,2024-10-26 05:57:15,
addsite.ro,false,46,518,783,19,6,2,0,0,2,2023-05-09 10:59:24,
sitescorechecker.com,false,46,7936,5402,1427537,19802,2,2,0,0,2026-05-09 14:19:20,
newsbucovina.ro,false,46,986,2020,5313,68,5,0,0,5,2021-08-12 10:45:59,
criticatac.ro,false,45,1076,3359,347,61,1,0,0,1,2025-09-28 04:53:13,
ziaruldevrancea.ro,false,45,765,1226,6830,166,11,8,0,11,2025-09-04 06:46:35,
cvlpress.ro,false,45,1068,2044,1359,298,6,0,0,6,2022-06-12 02:57:30,
defenseromania.ro,false,45,1204,1666,8068,538,5,0,0,5,2023-06-01 17:56:23,
feminis.ro,false,44,7359,19113,60,21,3,0,0,2,2019-12-22 12:53:49,
sepanodp.com,true,44,2570,15470,1,2,3,0,0,0,2025-03-18 23:28:49,
vremeanoua.ro,false,44,986,1652,42660,219,1,0,0,1,2025-09-02 13:49:17,
casino-magazine.ro,false,44,3514,688,306,105,1,0,0,1,2023-04-01 01:25:38,
craiovaforum.ro,false,44,1719,1190,2186,328,11,0,0,11,2020-11-04 18:20:28,
creativeposts.top,true,44,148,18,0,0,2,0,0,0,2026-01-07 09:57:38,
gazetadecluj.ro,false,44,1583,5214,6635,202,8,0,0,8,2019-02-09 06:58:37,
4tuning.ro,false,43,1270,152,10706,2790,3,0,0,0,2019-02-19 04:08:45,
inspectmun.ro,false,43,390,619,122,58,1,0,0,1,2024-01-18 12:19:56,
obiectiv.info,false,43,9303,263,6,3,5,0,0,5,2020-01-10 23:12:51,
vestea.net,false,43,363,596,5414,66,2,0,0,2,2021-10-29 13:49:11,
dltech.forum,true,43,139,183,0,0,2,2,0,0,2026-04-28 23:28:31,
webversatility.com,true,43,3967,38557,0,0,3,0,2,0,2025-07-26 04:11:50,
linkingdirectory.com,true,43,2019,344036,0,0,2,0,0,2,2024-03-09 05:59:05,
debanat.ro,false,43,687,1903,6122,166,1,0,0,1,2021-05-27 07:16:48,
infocultural.eu,false,43,982,741,2089,410,1,0,0,1,2025-12-09 23:00:14,
rikor.com,true,43,4241,102228,620,54,68,37,23,0,2025-09-05 09:36:35,
stiridiaspora.ro,false,42,6797,17134,1257,156,2,0,0,2,2023-09-27 14:50:23,
ambiente.gob.sv,false,42,2520,3622,5529,524,2,0,0,0,2025-05-07 18:42:56,
botosaninews.ro,false,42,675,2455,16562,223,4,0,1,4,2021-02-09 11:34:42,
allsome.my,true,42,287,19878,0,4,4,0,0,0,2025-04-11 12:17:53,
botosaneanul.ro,false,42,795,2985,14665,94,20,0,0,20,2024-03-20 01:47:27,
atomizelink.icu,true,42,523,18,0,0,8,2,0,0,2025-12-25 10:04:07,
bacau.net,false,42,601,59,8464,209,18,0,18,18,2024-02-03 00:37:53,2026-06-27 18:51:36
sfatulparintilor.ro,false,42,2092,2772,88059,4818,1,0,0,1,2023-02-24 14:02:40,
obiectivbr.ro,false,42,760,328,7823,64,3,1,1,3,2025-10-01 00:57:49,
chaboclubedobrasil.com.br,true,42,2481,2,0,0,10,0,10,0,2026-01-12 20:40:14,2026-04-30 17:39:01
eegaming.org,false,42,1906,4475,10,11,1,0,0,1,2021-02-16 20:20:37,
nfdr.no,false,42,663,1244,202,77,2,0,0,0,2025-09-16 18:15:08,
mytex.ro,false,42,960,4616,3516,192,4,0,0,4,2022-12-16 15:20:51,
kupangkota.go.id,true,42,4350,59780,8257,670,183,1,2,0,2025-05-01 18:13:42,
bugetul.ro,false,42,957,2875,6676,491,2,0,0,2,2025-08-01 07:19:12,
joeant.com,true,42,767,67468,0,1,4,0,0,4,2020-03-06 17:36:29,
clickpentrufemei.ro,false,42,1863,652,50568,4407,4,0,0,0,2022-04-17 08:47:36,
specialarad.ro,false,42,756,5447,9019,288,1,0,0,1,2022-05-28 18:50:25,
calarasipress.ro,false,42,431,705,158,66,5,0,0,5,2024-06-10 13:40:16,
actualdecluj.ro,false,42,798,2035,9225,917,5,0,0,3,2021-12-15 11:32:18,
obiectivdesuceava.ro,false,41,745,1135,5779,69,1,0,0,1,2021-08-12 10:02:27,
blogsphere.top,true,41,78,18,0,0,2,0,0,0,2026-03-27 19:09:39,
metamagic.top,true,41,111,18,0,0,8,2,4,0,2026-02-09 00:24:19,
analyticshaven.top,true,41,157,18,0,0,8,0,2,0,2025-12-24 06:54:48,
elegantes.ro,false,41,326,682,1866,361,1,0,0,1,2026-02-24 16:59:17,
bho.pl,true,41,651,6331,97,20,4,0,4,0,2025-10-02 12:24:26,2026-06-03 04:52:23
secda.info,true,41,1670,72953,140,35,1,0,0,0,2025-04-18 05:09:23,
orangesport.ro,false,41,947,1248,62685,1719,2,2,0,2,2026-06-17 14:54:54,
renasterea.ro,false,41,677,1928,3402,116,1,0,0,1,2022-04-13 10:44:11,
auto-bild.ro,false,41,620,2159,3799,772,1,0,0,1,2025-03-31 21:46:59,
presasm.ro,false,41,766,1593,31279,212,6,3,3,6,2025-10-03 07:43:50,
heroes.app,false,41,4629,11514,7,3,10,9,0,0,2025-07-15 10:30:15,
facebrands.ro,false,41,565,263,33,20,1,0,1,1,2025-08-04 10:18:48,2026-06-03 13:15:59
bethanyfamilyinstitute.com,true,41,1369,0,0,0,1,0,1,0,2024-12-02 06:23:27,2026-03-29 08:57:07
graiul.ro,false,41,431,260,2568,180,1,0,0,1,2025-08-26 23:38:08,
blogdeantreprenor.ro,false,41,132,214,0,4,1,0,1,1,2025-10-05 15:53:19,2026-04-21 03:20:37
byteshort.xyz,true,41,168,18,0,0,4,0,2,0,2026-02-08 05:17:46,
screenshots.wiki,true,41,134,47,0,0,10,0,4,0,2026-02-05 14:45:42,
ele.ro,false,41,776,3272,873,338,7,1,0,7,2023-03-24 09:52:51,
freegameempire.com,false,41,3076,22,2090,569,1,0,1,1,2021-08-03 17:01:55,2026-05-03 22:21:14
curentul.info,false,40,718,989,3312,303,3,0,0,3,2023-03-13 18:19:46,
bucuresteni.ro,false,40,888,3222,18735,3782,11,0,0,11,2021-04-13 12:15:01,
optimizeflow.top,true,40,212,18,0,0,6,2,0,0,2026-02-25 16:10:23,
cluj.com,false,40,584,2044,28215,4106,2,0,0,2,2021-07-05 20:23:11,
mdlpl.ro,false,40,445,980,153,105,6,0,0,6,2022-04-18 10:22:42,
primasport.ro,false,40,610,1386,98814,2833,1,0,0,1,2025-07-05 23:40:07,
timponline.ro,false,40,676,2013,14697,190,5,2,0,5,2020-12-09 18:49:32,
socialnewsdirectory.com,true,40,51,8777109,0,0,4,0,0,4,2025-09-20 11:36:46,
chantel.ro,true,40,405,325,0,1,2,0,0,2,2024-06-26 20:49:23,
jake.eu,true,39,155,1275,0,0,10,4,2,0,2026-01-01 03:24:15,
addesigns.ro,false,39,398,671,73,9,1,0,0,1,2023-06-11 22:16:36,
gazetanord-vest.ro,false,39,504,1524,3944,170,9,2,0,9,2024-07-15 18:38:59,
dailymusings.top,true,39,76,18,0,0,2,0,0,0,2026-01-03 03:55:06,
antenastars.ro,false,39,479,872,3729,427,1,0,0,1,2020-08-13 16:25:38,
opet.com.br,true,39,1083,21321,2701,21,20,0,0,0,2025-08-25 04:42:19,
dcbusiness.ro,false,38,510,1336,1169,196,2,2,0,2,2026-04-16 16:09:27,
1616.ro,false,38,828,2276,464,70,1,0,0,1,2025-06-21 12:59:44,
9z.ro,false,38,1088,1235,4,5,1,0,0,1,2023-02-25 01:43:52,
punctul.ro,false,38,572,2319,6900,350,2,1,0,2,2025-01-15 00:50:48,
ziarsm.ro,true,38,24,398,65,16,1,0,0,1,2023-10-31 11:38:21,
urlumbrella.com,true,38,1292,395071,132,143,2,0,0,2,2024-04-24 00:41:03,
ziarulargesul.ro,false,38,591,2043,12618,143,9,0,0,9,2022-04-06 05:14:31,
banatulazi.ro,false,38,597,1801,933,125,3,1,0,3,2023-09-12 14:10:08,
sapteseri.ro,false,38,502,2141,951,433,1,0,0,1,2022-05-23 22:47:31,
codfiscal.net,false,38,337,595,746,57,1,1,0,1,2026-04-09 13:17:01,
banisiafaceri.ro,false,38,237,290,8,5,3,0,3,3,2018-11-21 13:24:42,2026-04-23 16:36:55
universul.net,false,38,734,3992,12313,332,1,0,0,1,2025-05-26 20:25:58,
top15.ro,false,38,1013,717,100,62,5,0,0,5,2024-05-27 10:08:17,
pandurul.ro,false,38,629,1344,24483,194,11,0,0,11,2023-11-23 21:05:53,
top1.ro,false,38,390,661,781,110,6,0,4,6,2024-06-08 23:20:34,
gameogre.com,false,38,3507,3202,38,93,1,0,0,1,2026-02-01 20:49:45,
moneybuzz.ro,true,38,246,2577,2385,752,6,0,1,6,2023-02-09 22:45:23,
mesagerulneamt.ro,false,38,555,1892,15002,184,8,4,0,8,2021-11-09 13:18:55,
thetrentonline.com,false,38,726,8879,43,70,1,0,0,1,2023-11-10 23:33:14,
jurnaluldearges.ro,false,37,560,1893,15732,346,7,0,0,7,2021-07-19 18:37:29,
quantumbooks.com,false,37,604,502,0,0,2,0,0,2,2022-11-23 04:58:18,
gamerlimit.com,true,37,559,1288,0,1,1,0,0,1,2025-09-26 23:56:58,
vhm.ro,true,37,420,565,0,0,1,0,0,1,2023-02-24 15:08:42,
glsa.ro,false,37,507,504,4227,264,3,0,0,3,2024-09-25 15:42:45,
telegraph.md,false,37,466,2327,1231,210,1,1,0,1,2026-05-25 21:28:39,
constitutia.ro,false,37,379,218,1725,278,5,0,0,5,2023-01-30 12:23:19,
ciao.ro,false,37,1404,1706,12353,1174,4,0,0,4,2022-03-19 00:29:17,
cunoastelumea.ro,false,37,3425,1606,305,89,2,0,0,0,2023-12-20 17:55:01,
utilis.ro,false,37,415,918,48,26,1,0,1,1,2024-11-15 12:12:26,2026-06-09 12:30:58
jocuricazinouri.com,false,37,1208,46,1824,211,7,1,0,6,2025-12-19 14:35:51,
yaari.co.in,true,37,2416,4436,0,0,2,0,2,0,2025-09-17 13:34:39,2026-05-27 12:25:53
vivafm.ro,false,37,341,1839,145,60,1,0,0,1,2025-03-17 06:59:04,
stiridinromania.ro,false,37,600,2011,89,28,1,0,0,1,2023-05-11 17:04:00,
gedave.ro,false,37,615,658,36,32,1,0,0,1,2023-10-16 09:09:50,
comisarul.ro,false,36,670,6752,30974,207,11,0,0,11,2021-02-02 15:41:46,
casamea.ro,false,36,495,2620,327,86,1,0,0,1,2020-03-09 17:20:40,
apropotv.ro,false,36,626,5125,461,75,1,0,0,1,2022-04-01 09:34:27,
catchy.ro,false,36,445,3014,106,62,1,0,0,1,2024-01-30 14:38:27,
iamsport.ro,false,36,829,1760,160032,4320,3,0,0,3,2025-09-22 07:46:41,
iasitvlife.ro,false,36,432,1560,604,205,2,0,0,2,2023-03-13 12:48:09,
r3media.ro,false,36,462,3157,6163,96,3,0,0,3,2022-08-31 10:55:40,
topgear.ro,false,36,552,234,54,31,4,0,4,4,2023-02-21 17:24:56,2026-06-08 08:41:24
timisoreni.ro,false,36,504,2727,34149,4501,15,1,0,15,2021-04-21 10:41:33,
okmagazine.ro,false,36,1545,844,23070,1192,3,0,0,0,2022-04-19 02:26:11,
doctorsacademy.org.uk,true,36,1087,16224,80,53,52,52,0,0,2026-03-29 02:52:25,
qhtycw.com,true,35,1439,9242,0,0,2,0,0,2,2025-12-23 05:53:24,
ecopolitic.ro,false,35,369,1229,16,34,2,0,0,2,2023-03-30 00:34:37,
tvmania.ro,false,35,1283,2535,166816,10260,4,2,0,4,2022-02-24 09:02:00,
newsbucuresti.ro,false,35,252,2057,210,141,1,0,0,1,2023-03-28 00:06:24,
floteauto.ro,false,35,108,956,54,18,1,0,0,1,2023-05-23 18:55:28,
toateanimalele.ro,false,35,890,841,3932,725,7,7,0,7,2026-04-08 05:20:39,
ziarulamprenta.ro,false,35,454,2600,12817,1448,2,0,0,2,2025-04-03 06:25:05,
mdrl.ro,false,35,588,573,1196,283,3,0,0,3,2023-05-25 20:27:22,
fleuriste-toulouse.fr,true,35,2839,98906,4,2,1,0,0,0,2026-01-02 17:41:47,
clujulcultural.ro,false,35,348,586,499,129,1,1,0,1,2026-05-04 02:30:58,
haus-xxl.de,true,35,2376,53294,389,313,120,0,0,0,2025-09-04 18:50:05,
clicksanatate.ro,false,35,478,994,342,174,1,0,0,0,2022-05-05 19:55:54,
jurnalulolteniei.ro,false,35,358,1272,1407,129,3,0,0,3,2025-10-03 22:43:22,
info-suceava.com,false,35,66,581,200,6,2,0,0,2,2025-02-25 17:09:27,
baniinostri.ro,false,35,485,900,9,13,1,0,0,1,2023-04-05 11:39:55,
semdays.ro,false,34,392,1234,87,21,2,0,0,2,2023-10-09 05:39:25,
abcfashion.ro,false,34,202,246,226,45,3,1,0,3,2024-11-21 11:36:43,
virginradio.ro,false,34,541,1151,14656,928,2,0,0,2,2020-11-13 16:50:29,
jocsloturi.ro,false,34,2283,52,13890,953,1,0,0,0,2025-07-15 12:10:35,
ctrl-d.ro,false,34,462,732,107,51,2,0,0,2,2024-03-28 19:50:52,
dcmedical.ro,false,34,496,3802,2155,867,2,0,0,2,2025-07-28 10:50:36,
woow.ro,false,34,767,618,633,103,7,0,7,7,2022-12-09 12:03:22,2026-06-11 08:46:48
mesageruldecovasna.ro,false,34,343,2656,243,45,3,0,0,3,2024-02-07 00:00:07,
povesteacasei.ro,false,34,449,1055,695,177,2,1,1,2,2024-02-23 00:15:26,
clubitc.ro,false,34,158,4050,170,86,4,0,0,4,2023-05-22 08:55:21,
omnilit.com,false,34,437,4,0,1,2,0,0,0,2023-05-08 17:09:36,
getlokal.ro,false,34,433,322,354,57,3,0,3,3,2022-02-07 15:48:55,2026-06-14 20:13:56
oraexacta.net,false,34,160,153,2337,312,1,0,0,1,2025-02-08 08:55:29,
foaiatransilvana.ro,false,34,333,1164,1589,178,1,0,0,1,2025-10-02 22:31:18,
voudes.com,true,34,1139,20408,6,9,139,0,0,0,2025-09-01 21:57:45,
replicahd.ro,false,34,416,1514,1898,222,1,0,0,1,2025-07-06 09:55:28,
graiulsalajului.ro,false,34,1109,379,3124,122,3,0,3,3,2024-11-24 09:48:53,2026-04-24 09:38:36
tvhappy.ro,true,34,256,3736,27920,1846,2,0,0,2,2021-03-17 16:49:48,
incisivdeprahova.ro,false,33,2059,7490,2636,85,11,0,0,11,2018-03-11 19:05:25,
adevarulonline.ro,false,33,512,969,1,12,11,5,5,11,2023-03-06 19:52:37,
destepti.ro,false,33,1028,386,8246,2093,1,0,0,1,2023-08-25 21:01:23,
filmoria.co.uk,false,33,485,845,74,66,1,0,0,1,2024-12-02 23:41:55,
andreibucur.ro,true,33,31,440,24,21,4,0,0,4,2023-08-25 18:09:33,
top21.ro,false,33,266,844,33,12,1,0,0,1,2023-05-09 10:32:24,
tirgumureseanul.ro,false,33,393,531,30,27,1,0,0,1,2023-03-23 17:41:48,
grafikmk.pl,true,33,2557,11393,11,11,3,0,2,0,2025-03-04 15:20:47,
revistacaminul.ro,false,33,295,737,83,11,1,0,0,1,2023-03-08 17:18:06,
casa-si-gradina.ro,false,33,269,426,190,39,1,0,1,1,2023-08-31 10:55:57,2026-06-08 10:34:32
b24fun.ro,false,33,884,1921,1062,175,2,1,0,2,2022-12-04 06:04:11,
averea.ro,false,33,468,760,558,81,1,0,0,1,2023-10-11 05:50:27,
prahovabusiness.ro,false,33,321,2119,1714,244,3,0,0,3,2024-10-03 00:44:42,
hr-romania.ro,false,33,255,243,76,34,3,0,3,3,2025-09-11 19:27:19,2026-05-30 02:47:05
ziaristul.ro,false,33,652,137,0,0,1,0,0,1,2024-02-23 16:16:19,
ziarultop.ro,false,33,317,948,328,126,3,0,1,3,2023-11-01 13:00:54,
studentie.ro,false,33,410,1586,12,3,4,0,0,4,2021-07-29 03:28:24,
charmy.ro,false,33,596,396,54,27,3,0,2,3,2023-03-13 12:40:14,
imaginelife.ro,false,33,517,851,234,76,4,0,0,4,2025-02-18 16:52:23,
directmm.ro,false,33,297,1051,3176,573,2,0,0,2,2024-02-22 23:37:28,
love21.ro,false,33,246,398,113,19,1,0,1,1,2023-03-14 12:10:57,2026-06-19 00:39:21
gazetanoua.ro,false,33,432,538,2722,73,2,0,0,2,2025-10-04 09:26:24,
magazinsalajean.ro,false,33,532,2243,1458,58,12,0,0,12,2018-04-20 18:19:57,
ctnews.ro,false,33,380,504,919,223,1,0,0,1,2023-03-31 11:22:04,
foxi.ro,false,33,423,1028,1424,412,4,0,0,4,2025-03-22 11:05:17,
sptfm.ro,false,32,617,207,1158,164,1,0,0,1,2023-04-12 10:41:34,
zerowastemaldives.com,true,32,198,363,75,6,4,0,4,0,2025-12-29 02:28:07,2026-06-16 02:24:40
straza.com.co,true,32,2705,59315,0,0,13,8,1,0,2025-08-11 04:44:52,
gsmland.ro,false,32,379,232,1076,215,2,0,2,2,2025-04-08 20:35:15,2026-06-04 06:30:58
studentiada.ro,false,32,747,232,3236,469,2,0,2,2,2025-03-26 22:53:40,2026-06-24 14:15:42
bmwyng.com,true,32,1312,27663,0,0,2,0,2,2,2025-12-21 06:12:52,2026-03-29 21:25:45
lumeacartii.ro,false,32,256,276,42,61,2,0,0,2,2025-10-22 09:56:30,
director-web.ro,true,32,135,35319,0,12,1,1,0,1,2026-06-04 14:44:34,
jurnalmm.ro,false,32,351,2023,666,118,1,1,0,1,2026-06-16 18:04:58,
1az.ro,false,32,1060,4593,3,9,1,0,0,1,2023-07-31 15:20:18,
femei-moderne.ro,false,32,296,456,40,13,1,0,1,1,2023-10-15 12:22:42,2026-05-30 13:16:47
onlinesport.ro,true,32,535,18438,7909,417,1,0,1,1,2023-12-08 10:18:16,2026-04-14 10:57:48
kostas-chatziafratis.gr,true,32,846,6,0,0,7,0,7,0,2026-02-01 13:47:43,2026-04-15 19:21:50
mediascop.ro,false,32,247,258,380,116,2,0,2,2,2026-02-13 11:03:25,2026-06-01 00:13:37
monitoruldevaslui.ro,false,32,349,823,825,81,12,0,0,12,2026-01-22 14:10:41,
goldsite.ro,false,32,329,704,4,12,2,0,0,2,2023-07-09 01:43:11,
airlinestravel.ro,false,32,570,1113,610,210,4,0,0,4,2022-07-19 11:39:47,
webpostdirectory.com,true,32,222,8773145,0,0,4,0,0,4,2025-09-27 07:06:17,
kaleidoscope.ro,false,32,243,233,787,216,3,0,3,3,2025-09-11 16:33:02,2026-06-14 00:48:52
uby.ro,false,32,245,535,6,19,1,0,0,1,2023-11-18 04:08:38,
premiera.ro,false,32,369,252,6,14,1,0,1,1,2024-04-16 18:28:24,2026-06-07 18:43:11
cronicaromana.net,false,32,366,3828,147,78,4,0,0,4,2024-07-31 03:22:48,
informatiahr.ro,false,32,207,607,276,50,2,0,0,2,2023-04-21 06:29:16,
e-mariage.ro,false,32,300,232,57,16,2,0,2,2,2022-09-01 21:53:46,2026-05-31 09:29:08
viitorulromaniei.ro,false,32,279,513,173,58,1,0,0,1,2022-07-12 01:53:18,
hotstop.ro,true,32,242,460,0,0,1,0,1,1,2024-05-16 01:46:36,2026-06-05 09:03:47
musicmix.ro,false,32,259,258,497,108,1,0,0,1,2025-07-07 14:29:35,
pe-internet.ro,false,32,316,589,200,54,1,0,0,1,2024-03-20 05:53:51,
bonapetit.ro,true,32,258,489,0,1,2,0,0,2,2025-10-16 11:35:28,
infopinia.ro,false,32,313,1,151,49,1,0,1,1,2025-03-15 15:44:14,2026-06-02 07:16:10
fashion8.ro,false,32,611,4075,7,8,2,0,0,2,2023-05-17 07:47:25,
ziaristi.ro,false,32,72,1582,0,2,2,0,0,2,2024-07-29 07:42:11,
chatfete.ro,false,32,305,339,118,10,1,0,0,1,2025-03-14 21:09:31,
webstyle.ro,false,32,236,560,92,41,1,0,0,1,2026-02-07 17:14:42,
marketinghubdirectoy.com,true,32,218,8777125,0,0,4,0,0,4,2025-09-28 05:17:19,
worldtopwebsite.com,true,32,228,8776724,0,0,4,0,0,4,2025-08-30 19:30:47,
livemag.ro,false,32,337,261,69,20,1,0,0,1,2025-05-12 22:05:37,
bucurestibusiness.ro,false,32,224,2848,3024,207,2,0,0,2,2025-02-27 16:24:20,
uniunea.ro,false,32,287,961,6,3,4,0,0,4,2023-04-07 03:29:23,
hit.ro,false,32,364,1994,40,16,3,0,0,3,2025-05-18 00:45:04,
bietdienhotel.com.vn,false,32,226,248,65,4,6,0,6,0,2025-09-05 08:17:19,2026-04-03 09:24:32
radioimpuls.ro,false,32,822,1321,118453,5072,2,0,0,2,2023-05-24 19:31:04,
mesagerulhunedorean.ro,false,31,381,565,1609,73,4,0,0,4,2022-08-12 12:12:45,
actualmm.ro,false,31,477,3743,1395,49,7,0,0,7,2024-07-19 10:38:51,
gorjonline.ro,false,31,379,808,17819,186,1,0,1,1,2022-06-03 10:53:07,2026-04-23 02:48:49
mediazonedirectory.com,true,31,208,8776843,0,0,4,0,0,4,2025-12-22 01:16:00,
casoteca.ro,false,31,260,1497,118,65,4,0,0,4,2022-10-25 19:58:07,
worldsitedirectory.com,true,31,237,8777106,0,0,4,0,0,4,2025-12-24 21:56:24,
jerial-jor.com,true,31,2767,31970,0,2,4,0,0,0,2025-09-24 01:12:57,
clicktobuydirectory.com,true,31,209,8777005,0,0,4,0,0,4,2025-09-23 05:23:41,
businesswebsitesdirectory.com,true,31,242,8777541,0,0,4,0,0,4,2025-10-06 02:08:41,
portalmanagement.ro,false,31,244,1781,746,176,8,0,2,8,2024-06-05 23:48:24,
webzonedirectory.com,true,31,224,8773206,0,0,4,0,0,4,2025-09-28 01:14:31,
marketingdirectoy.com,true,31,213,8777042,0,0,4,0,0,4,2025-08-28 07:03:30,
processus.edu.br,false,31,1376,6104,4837,656,1,0,1,0,2025-10-06 03:53:00,2026-04-19 21:00:10
mostrankdirectory.com,true,31,211,8777327,0,1,4,0,0,4,2025-12-06 04:05:56,
cluju.ro,false,31,410,2240,574,223,2,2,0,2,2026-04-07 05:31:08,
clicktorankdirectoy.com,true,31,218,8777393,0,0,4,0,0,4,2025-09-12 03:50:11,
riadpost.com,true,31,2475,6,0,0,1,0,1,0,2025-09-06 09:56:19,2026-04-17 06:22:51
incomod-media.ro,false,31,227,1293,726,77,3,0,0,3,2021-09-27 09:58:38,
guestpostsdirectory.com,true,31,223,8777462,0,0,4,0,0,4,2025-08-26 12:23:24,
onlinegroup.no,true,31,3218,11869,0,0,3,0,0,0,2025-09-06 09:57:34,
websitedirectoy.com,true,31,209,8777114,0,0,4,0,0,4,2025-09-29 01:18:09,
mediedirectory.com,true,31,222,8777430,0,0,4,0,0,4,2025-08-24 08:31:02,
rankzonedirectory.com,true,31,212,8773206,0,0,4,0,0,4,2025-10-05 22:04:29,
novatv.ro,false,31,258,803,608,27,3,0,0,3,2022-01-13 19:54:31,
ziarmaramures.ro,false,31,405,1024,2091,93,2,0,0,2,2024-06-08 15:11:44,
televiziunea-medicala.ro,false,31,122,981,9,23,2,0,0,2,2023-06-01 05:00:39,
evenimentulistoric.ro,false,31,321,1175,1464,612,1,0,0,1,2022-08-24 10:13:00,
websiteslinkdirectory.com,true,30,212,8773519,0,0,4,0,0,4,2025-09-29 03:58:58,
accept-romania.ro,false,30,437,691,91,34,3,0,0,3,2022-04-18 13:07:34,
practicar.ca,true,30,496,10912,442,46,184,0,43,0,2025-08-26 23:51:47,
romania24.ro,false,30,341,1218,21,29,1,0,0,1,2022-08-31 16:20:32,
vasiledale.ro,false,30,502,658,6601,58,8,4,0,8,2022-08-26 10:47:47,
institutofernandabenead.com.br,true,30,2123,66174,0,0,2,0,0,0,2025-10-11 09:22:44,
7est.ro,false,30,460,2418,7994,166,1,0,0,1,2025-07-05 06:03:50,
worldmarketingdirectoy.com,true,30,201,8772874,0,0,4,0,0,4,2025-10-01 07:24:04,
nettools.guru,true,30,1312,398968381,0,0,2,0,0,2,2025-12-23 03:24:20,
ancashnoticias.com,false,30,1784,10431,2028,73,36,0,34,0,2025-03-14 02:09:02,
seo-high-ranking.shop,true,30,1343,237,0,0,2,2,1,0,2026-04-19 19:11:48,
scmoatti.com,false,30,1629,1246,44,16,7,7,1,0,2026-05-27 03:55:07,
ziarulincomod.ro,false,30,443,689,3246,178,1,0,0,1,2025-07-03 17:52:08,
listerhospital.com.gh,false,30,2032,13,318,15,1,0,1,0,2025-12-26 06:43:54,2026-04-28 12:14:33
monitorfg.ro,false,30,533,980,1189,146,3,0,0,3,2021-09-01 03:03:21,
ziaresireviste.ro,false,30,376,999,1,11,1,0,0,1,2023-04-25 16:58:51,
news20.ro,false,30,308,5318,11,9,3,0,0,3,2025-12-21 01:53:37,
iasi4u.ro,false,30,301,4145,555,112,8,0,0,8,2020-10-13 07:52:35,
computerblog.ro,false,30,385,2215,6707,959,3,0,0,3,2025-04-20 08:57:22,
bzc.ro,false,30,411,1733,313,42,3,0,0,3,2023-03-28 07:13:59,
e-femeia.ro,false,30,255,4355,58,15,1,0,0,1,2024-11-21 21:32:59,
casino-fair.com,true,29,2299,1509,0,1,2,0,0,2,2021-11-17 20:21:06,
thebacklink.shop,true,29,865,240,0,0,2,2,1,0,2026-05-07 07:40:43,
editie.ro,false,29,428,485,424,34,3,0,0,3,2024-10-14 12:32:55,
seoexpress.website,true,29,889,247,0,0,2,2,1,0,2026-04-29 16:07:32,
seoexpress.site,true,29,875,240,0,0,2,2,1,0,2026-05-02 10:13:51,
123webshop.shop,true,29,872,237,0,0,1,1,0,0,2026-05-23 05:01:53,
iconcert.ro,false,29,407,727,327,133,1,0,0,1,2023-04-07 18:09:01,
theseohighranking.shop,true,29,872,237,0,0,2,2,1,0,2026-05-02 05:24:04,
thetoprankingseo.shop,true,29,859,240,0,0,2,2,1,0,2026-05-02 19:09:36,
seohighranking.shop,true,29,860,237,0,0,2,2,1,0,2026-04-24 07:40:24,
highseoranking.shop,true,29,877,237,0,0,2,2,1,0,2026-05-05 01:29:19,
therankboostseo.shop,true,29,876,247,0,0,1,1,0,0,2026-05-22 10:47:25,
rankinghighseo.shop,true,29,939,237,0,0,2,2,1,0,2026-05-07 00:30:35,
theseomasterhigh.shop,true,29,860,237,0,0,2,2,1,0,2026-04-29 14:21:09,
ziaristii.com,false,29,677,2210,834,152,2,0,0,2,2023-03-24 16:05:36,
activeshop.shop,true,29,969,240,0,0,2,2,1,0,2026-05-03 21:39:43,
seoexpress.store,true,29,870,237,0,0,1,1,0,0,2026-05-21 18:37:39,
thehighseo.shop,true,29,878,237,0,0,2,2,1,0,2026-04-24 03:59:47,
therankinghighseo.shop,true,29,877,240,0,0,2,2,1,0,2026-05-07 13:41:34,
theguestposts.shop,true,29,874,237,0,0,1,1,0,0,2026-05-21 04:05:28,
kawaiishop.shop,true,29,875,237,0,0,2,2,1,0,2026-05-10 00:03:26,
theguestpost.shop,true,29,873,250,0,0,1,1,0,0,2026-05-21 16:26:23,
theseorankinghigh.shop,true,29,871,237,0,0,2,2,1,0,2026-04-29 15:37:55,
mysky-shop.shop,true,29,871,237,0,0,2,2,1,0,2026-04-21 05:20:49,
ekenkoshop.shop,true,29,875,240,0,0,2,2,1,0,2026-05-05 07:15:24,
seoexpress.space,true,29,865,237,0,0,2,2,1,0,2026-05-10 19:30:27,
thebacklinks.shop,true,29,869,247,0,0,2,2,1,0,2026-05-08 08:08:00,
lixil-reformshop.shop,true,29,864,237,0,0,2,2,1,0,2026-05-01 18:29:50,
shopbetreiber-blog.shop,true,29,874,241,0,0,2,2,1,0,2026-05-07 11:46:23,
glasul-hd.ro,false,29,334,766,773,66,5,0,0,5,2022-04-06 10:37:53,
seorankinghigh.shop,true,29,864,237,0,0,1,1,0,0,2026-06-03 20:57:31,
seoexpress.shop,true,29,865,248,0,0,2,2,1,0,2026-05-04 21:42:46,
rankingseohigh.shop,true,29,865,237,0,0,2,2,1,0,2026-04-28 20:31:40,
highseo.shop,true,29,920,240,0,0,2,2,1,0,2026-05-04 16:47:03,
thehighseoranking.shop,true,29,871,250,0,0,2,2,1,0,2026-04-29 14:17:29,
turismistoric.ro,false,29,340,1722,846,193,2,2,0,2,2026-05-21 13:18:17,
therankingseohigh.shop,true,29,874,237,0,0,2,2,1,0,2026-05-02 03:56:17,
simplywebshop.shop,true,29,875,237,0,0,2,2,1,0,2026-04-22 18:00:11,
rent-a-shop.shop,true,29,869,240,0,0,2,2,1,0,2026-04-23 17:56:57,
thehighrankseo.shop,true,29,865,247,0,0,1,1,0,0,2026-05-21 02:58:15,
seoagency.sale,true,29,429,0,0,0,2,0,0,0,2025-12-14 02:36:34,
shop-inframe.shop,true,29,863,237,0,0,2,2,1,0,2026-04-20 05:37:07,
kmoshops.shop,true,29,867,237,0,0,2,2,0,0,2026-05-04 18:03:48,
seoexpress.online,true,29,869,237,0,0,1,1,0,0,2026-05-22 03:36:42,
kozai-reuse.org,true,29,2780,21643,5,6,55,0,1,0,2025-07-26 03:20:41,
tint.melbourne,true,29,257,14881,83,20,3,0,0,0,2025-05-16 18:06:44,
satumareonline.ro,false,29,679,2019,1306,72,1,0,1,1,2021-09-17 13:10:31,2026-06-06 21:44:23
lataifas.ro,false,29,312,120,189,123,2,0,0,2,2023-08-08 07:00:58,
onlineslots-vegas.com,true,29,598,919,0,0,3,1,0,3,2023-03-05 19:19:57,
telegrama.ro,false,29,339,1733,1064,169,7,4,1,7,2023-05-25 11:21:09,
stiri.com.ro,false,29,190,1404,59,6,4,0,0,4,2022-02-12 05:09:14,
casino-reviewadvisor.com,true,29,2739,1284,0,1,6,0,3,6,2018-10-29 07:56:09,
goooogla.com,true,29,1000,73868287,0,0,2,2,0,0,2026-05-04 14:53:28,
advanced-seo-firm-seoexpress.store,true,29,306,237,0,0,1,1,0,0,2026-05-19 09:56:30,
seoexpress-leading-dofollow-pros.store,true,29,280,237,0,0,1,1,0,0,2026-05-24 00:27:07,
global-digital-seoexpress-portal.store,true,29,288,240,0,0,1,1,0,0,2026-05-19 10:40:26,
luxury-niche-edit-seoexpress-services.store,true,29,281,240,0,0,1,1,0,0,2026-05-22 23:44:18,
expert-organic-seoexpress.store,true,29,282,240,0,0,1,1,0,0,2026-05-22 00:01:47,
verified-seoexpress-search-directory.store,true,29,277,240,0,0,1,1,0,0,2026-05-16 10:08:23,
modern-guest-post-consultants-seoexpress.store,true,29,279,237,0,0,1,1,0,0,2026-05-22 14:36:59,
advanced-search-seoexpress-pros.store,true,29,287,240,0,0,1,1,0,0,2026-05-21 02:45:41,
exclusive-traffic-experts-seoexpress.store,true,29,275,237,0,0,1,1,0,0,2026-05-20 19:41:42,
authentic-tier-1-partners-seoexpress.store,true,29,277,237,0,0,1,1,0,0,2026-05-23 18:22:19,
modern-authority-seoexpress.store,true,29,278,240,0,0,1,1,0,0,2026-05-19 07:22:23,
expert-search-seoexpress-team.store,true,29,274,240,0,0,1,1,0,0,2026-05-21 22:47:23,
first-class-seoexpress-keyword-exchange.store,true,29,273,237,0,0,1,1,0,0,2026-05-31 07:42:02,
master-digital-studio-seoexpress.store,true,29,281,240,0,0,1,1,0,0,2026-05-31 04:03:53,
authentic-seoexpress-keyword-firm.store,true,29,275,237,0,0,1,1,0,0,2026-05-22 06:44:59,
trusted-organic-seoexpress-house.store,true,29,272,240,0,0,1,1,0,0,2026-05-21 22:15:35,
seoexpress-superior-on-page-house.store,true,29,277,237,0,0,1,1,0,0,2026-05-30 16:31:58,
trusted-dofollow-team-seoexpress.store,true,29,275,240,0,0,1,1,0,0,2026-05-19 22:29:28,
exclusive-keyword-team-seoexpress.store,true,29,274,237,0,0,1,1,0,0,2026-05-24 00:19:26,
certified-seoexpress-organic-services.store,true,29,279,240,0,0,1,1,0,0,2026-05-20 21:05:48,
seoexpress-verified-website-system.store,true,29,273,237,0,0,1,1,0,0,2026-06-07 08:43:41,
prime-high-da-seoexpress.store,true,29,273,237,0,0,1,1,0,0,2026-05-22 03:26:59,
master-seoexpress-content-consultants.store,true,29,272,237,0,0,1,1,0,0,2026-05-21 00:04:15,
professional-seoexpress-marketing-studio.store,true,29,275,240,0,0,1,1,0,0,2026-05-24 00:15:37,
modern-link-baron-marketing-portal.store,true,29,270,237,0,0,1,1,0,0,2026-06-24 18:05:08,
expert-seoexpress-authority-directory.store,true,29,276,237,0,0,1,1,0,0,2026-05-30 15:50:10,
smart-marketing-seoexpress.store,true,29,278,237,0,0,1,1,0,0,2026-05-21 22:54:09,
seoexpress-dr-90-group.store,true,29,275,237,0,0,1,1,0,0,2026-05-15 20:14:10,
master-seoexpress-guest-post-partners.store,true,29,275,240,0,0,1,1,0,0,2026-05-21 23:48:16,
seoexpress-pbn-experts.store,true,29,271,237,0,0,1,1,0,0,2026-05-22 11:22:47,
official-seoexpress-white-hat-team.store,true,29,277,240,0,0,1,1,0,0,2026-05-20 11:33:10,
exclusive-webpage-center-seoexpress.store,true,29,281,237,0,0,1,1,0,0,2026-05-21 23:29:53,
modern-organic-group-seoexpress.store,true,29,273,240,0,0,1,1,0,0,2026-05-20 19:20:17,
master-rank-forge-pbn-league.store,true,29,270,237,0,0,1,1,0,0,2026-06-18 00:12:23,
seoexpress-digital-system.store,true,29,271,237,0,0,1,1,0,0,2026-05-23 00:44:58,
master-off-page-seoexpress-directory.store,true,29,269,240,0,0,1,1,0,0,2026-06-20 13:00:12,
dr-90-rank-forge-department.store,true,29,273,237,0,0,1,1,0,0,2026-06-24 16:38:43,
elite-editorial-outrank-hq.store,true,29,259,237,0,0,1,1,0,0,2026-06-23 14:38:56,
outrank-hq-ultimate-ranking.store,true,29,263,237,0,0,1,1,0,0,2026-06-20 05:21:15,
link-baron-da-pa-luxury-directory.store,true,29,267,237,0,0,1,1,0,0,2026-06-19 02:39:33,
link-baron-pro-press-release.store,true,29,267,237,0,0,1,1,0,0,2026-06-18 01:44:06,
outrank-hq-engine-dofollow.store,true,29,256,237,0,0,1,1,0,0,2026-06-21 02:16:19,
link-baron-optimal-organic-collective.store,true,29,259,237,0,0,1,1,0,0,2026-06-28 10:54:21,
master-seoexpress-search-agency.store,true,29,276,237,0,0,1,1,0,0,2026-05-21 04:14:23,
best-seoexpress-off-page-network.store,true,29,278,237,0,0,1,1,0,0,2026-05-22 05:29:38,
official-anchor-text-seoexpress-system.store,true,29,278,240,0,0,1,1,0,0,2026-05-22 07:57:13,
supreme-anchor-text-provider-seoexpress.store,true,29,280,237,0,0,1,1,0,0,2026-06-02 14:44:40,
forum-provider-link-baron.store,true,29,267,237,0,0,1,1,0,0,2026-06-21 02:15:20,
onlinecasino4nl.com,true,29,205,961,0,0,1,1,0,1,2026-06-10 17:56:53,
seoexpress-best-seo-firm.store,true,29,281,240,0,0,1,1,0,0,2026-06-02 23:04:10,
global-keyword-seoexpress.store,true,29,284,240,0,0,1,1,0,0,2026-05-30 13:22:33,
ultimate-seoexpress-niche-edit-experts.store,true,29,277,240,0,0,1,1,0,0,2026-05-22 08:04:06,
seoexpress-authority-portal.store,true,29,270,237,0,0,1,1,0,0,2026-05-22 02:22:01,
elite-outreach-seoexpress-pros.store,true,29,269,240,0,0,1,1,0,0,2026-05-19 14:43:17,
elite-seoexpress-link-building-team.store,true,29,280,240,0,0,1,1,0,0,2026-05-18 22:32:20,
premium-tier-1-company-seoexpress.store,true,29,279,240,0,0,1,1,0,0,2026-06-03 09:59:53,
powerful-link-building-hub-seoexpress.store,true,29,270,237,0,0,1,1,0,0,2026-05-22 00:46:15,
professional-seoexpress-high-da-partners.store,true,29,283,237,0,0,1,1,0,0,2026-05-22 15:56:50,
seoexpress-modern-backlink-platform.store,true,29,278,237,0,0,1,1,0,0,2026-05-30 12:00:38,
seoexpress-off-page-solutions.store,true,29,275,237,0,0,1,1,0,0,2026-05-21 21:36:30,
instant-webpage-seoexpress-consultants.store,true,29,281,237,0,0,1,1,0,0,2026-05-23 08:19:52,
smart-seoexpress-webpage-experts.store,true,29,273,237,0,0,1,1,0,0,2026-05-21 18:01:33,
zch.ro,false,29,420,1637,1487,61,6,1,0,6,2021-05-18 13:40:44,
global-authority-seoexpress-group.store,true,29,281,237,0,0,1,1,0,0,2026-05-16 18:03:31,
seoexpress-pbn-company.store,true,29,273,237,0,0,1,1,0,0,2026-05-22 05:05:28,
trusted-seoexpress-backlink-experts.store,true,29,267,237,0,0,1,1,0,0,2026-05-22 18:35:54,
high-seoexpress-organic-team.store,true,29,267,237,0,0,1,1,0,0,2026-05-22 06:18:32,
expert-domain-seoexpress-specialists.store,true,29,276,237,0,0,1,1,0,0,2026-05-22 15:31:34,
seoexpress-best-outreach-experts.store,true,29,279,240,0,0,1,1,0,0,2026-06-03 07:20:13,
prime-white-hat-seoexpress-network.store,true,29,277,240,0,0,1,1,0,0,2026-06-03 23:18:31,
exclusive-backlink-seoexpress-firm.store,true,29,276,237,0,0,1,1,0,0,2026-06-01 13:39:30,
certified-link-building-seoexpress.store,true,29,282,237,0,0,1,1,0,0,2026-05-16 17:29:12,
seoexpress-organic-partners.store,true,29,278,240,0,0,1,1,0,0,2026-05-22 08:48:52,
seoexpress-marketing-exchange.store,true,29,271,240,0,0,1,1,0,0,2026-05-19 03:02:08,
elite-authority-marketplace-seoexpress.store,true,29,272,240,0,0,1,1,0,0,2026-05-21 14:52:41,
link-baron-grand-cluster-works.store,true,29,269,237,0,0,1,1,0,0,2026-06-21 17:59:44,
advanced-link-building-group-seoexpress.store,true,29,282,240,0,0,1,1,0,0,2026-05-22 00:47:27,
global-guest-post-seoexpress-group.store,true,29,273,237,0,0,1,1,0,0,2026-05-22 05:18:08,
seoexpress-keyword-network.store,true,29,277,237,0,0,1,1,0,0,2026-05-22 23:11:24,
seoexpress-website-experts.store,true,29,277,237,0,0,1,1,0,0,2026-05-19 23:03:56,
premium-seoexpress-outreach-provider.store,true,29,275,240,0,0,1,1,0,0,2026-05-20 10:25:29,
nutrition-veterinaire.com,false,29,385,3225,21,5,1,0,0,0,2025-02-02 07:06:11,
seoexpress-white-hat-group.store,true,29,273,237,0,0,1,1,0,0,2026-05-21 20:40:28,
seoexpress-outreach-team.store,true,29,279,237,0,0,1,1,0,0,2026-05-31 08:21:51,
seoexpress-anchor-text-experts.store,true,29,278,240,0,0,1,1,0,0,2026-05-20 13:27:50,
epic-syndicate-link-baron-keyword.store,true,29,270,237,0,0,1,1,0,0,2026-06-18 01:18:15,
seoexpress-niche-edit-group.store,true,29,273,237,0,0,1,1,0,0,2026-06-04 20:18:26,
seoexpress-ranking-hub.store,true,29,278,237,0,0,1,1,0,0,2026-05-22 11:20:17,
outrank-hq-spam-score-dynamic-firm.store,true,29,261,240,0,0,1,1,0,0,2026-06-28 22:04:07,
supreme-dofollow-seoexpress-hub.store,true,29,280,373,0,0,1,1,0,0,2026-05-21 00:38:57,
high-outrank-hq-dofollow-platform.store,true,29,262,240,0,0,1,1,0,0,2026-06-17 13:37:29,
luxury-outrank-hq-crew.store,true,29,259,237,0,0,1,1,0,0,2026-06-28 18:35:34,
link-baron-innovative-press-release-house.store,true,29,254,240,0,0,1,1,0,0,2026-06-22 14:21:22,
verified-digital-firm-seoexpress.store,true,29,256,237,0,0,1,1,0,0,2026-05-31 22:08:54,
epic-webpage-rank-forge-academy.store,true,29,268,237,0,0,1,1,0,0,2026-06-23 02:32:34,
outrank-hq-platinum-high-da-exchange.store,true,29,249,237,0,0,1,1,0,0,2026-06-20 17:34:26,
optimal-website-outrank-hq.store,true,29,250,237,0,0,1,1,0,0,2026-06-29 03:16:37,
link-baron-luxury-anchor-text-partners.store,true,29,251,237,0,0,1,1,0,0,2026-06-26 02:05:24,
definitive-team-link-baron-wiki.store,true,28,257,240,0,0,1,1,0,0,2026-06-23 18:51:18,
informateca.ro,false,28,255,2079,53,81,5,5,0,5,2026-05-13 16:48:36,
cutremurul.ro,false,28,184,228,14,8,1,0,0,1,2024-08-27 18:10:44,
smart-indexer-seoexpress.store,true,28,275,240,0,0,1,1,0,0,2026-05-19 22:55:28,
premium-seoexpress-digital-solutions.store,true,28,276,237,0,0,1,1,0,0,2026-05-21 02:24:09,
seoexpress-content-experts.store,true,28,282,240,0,0,1,1,0,0,2026-05-21 18:37:39,
seoexpress-verified-high-da-consultants.store,true,28,280,237,0,0,1,1,0,0,2026-05-22 00:35:22,
exclusive-link-baron-search-syndicate.store,true,28,271,237,0,0,1,1,0,0,2026-06-24 15:47:30,
best-keyword-seoexpress-portal.store,true,28,272,240,0,0,1,1,0,0,2026-05-31 16:32:07,
official-domain-seoexpress.store,true,28,278,237,0,0,1,1,0,0,2026-05-21 14:44:43,
luxury-seoexpress-tier-1-house.store,true,28,276,240,0,0,1,1,0,0,2026-05-19 21:50:51,
outrank-hq-prime-blogger.store,true,28,263,237,0,0,1,1,0,0,2026-06-19 12:38:40,
advanced-keyword-group-seoexpress.store,true,28,273,240,0,0,1,1,0,0,2026-06-11 03:16:42,
golden-link-building-rank-forge.store,true,28,266,237,0,0,1,1,0,0,2026-06-22 02:30:20,
global-seo-group-seoexpress.store,true,28,276,237,0,0,1,1,0,0,2026-05-20 20:38:16,
grand-link-baron-league.store,true,28,269,237,0,0,1,1,0,0,2026-06-26 05:39:28,
outrank-hq-master-anchor-text.store,true,28,266,237,0,0,1,1,0,0,2026-06-18 10:27:51,
seoexpress-backlink-hub.store,true,28,268,240,0,0,1,1,0,0,2026-05-21 20:45:39,
advanced-ranking-seoexpress-specialists.store,true,28,293,237,0,0,1,1,0,0,2026-05-22 09:44:06,
actualitate.net,false,28,258,26,1310,170,2,0,0,0,2024-09-16 07:44:38,
oficialmedia.com,false,28,329,3825,11,7,1,0,0,1,2021-10-01 04:07:54,
ekonews.ro,false,28,2427,4341,19,11,2,0,0,2,2025-02-28 13:09:51,
phonline.ro,false,28,339,544,13570,679,8,2,0,8,2023-03-15 17:58:14,
on-time-staffing.com,true,28,1259,22360,0,0,2,0,1,0,2025-02-12 07:43:14,
obiectiv-sm.ro,false,28,246,848,1841,87,3,1,0,3,2023-08-09 08:06:19,
apix.ro,false,28,292,615,5944,238,3,0,0,3,2023-06-13 10:14:03,
monitorulneamt.ro,false,28,430,476,2085,57,1,0,1,1,2024-11-23 18:23:52,2026-06-18 21:52:34
nextfilmfestival.ro,false,28,551,454,2154,244,3,0,0,3,2023-08-27 21:18:11,
atlantic-city.net,true,28,3375,36747,0,0,41,0,2,0,2025-08-02 02:54:23,
elsa.ro,false,28,214,198,1445,231,8,0,0,8,2023-01-30 15:00:16,
mazilique.ro,false,28,261,614,4586,422,1,0,0,0,2020-02-29 23:43:30,
hlaa-la.org,true,28,62,1081,4,3,63,11,15,0,2025-09-24 08:31:55,
sportpesurse.ro,false,28,350,1080,1399,162,2,0,0,2,2025-03-03 12:02:28,
yexhub.com,true,28,1121,0,0,0,2,0,2,2,2024-10-13 23:49:17,2026-04-12 10:54:14
skylinkseo.site,true,28,994,778,0,0,4,0,0,0,2025-12-04 22:30:01,
pentiumsilicon.com,true,28,326,7,0,0,159,0,159,0,2025-10-16 02:37:01,2026-05-11 02:58:56
baschet.ro,false,28,234,790,5965,318,1,0,0,1,2022-05-12 08:13:45,
urbeamea.ro,false,27,195,1042,118,43,1,0,0,1,2021-01-05 13:08:13,
fashion365.ro,false,27,351,649,58,50,2,0,0,2,2023-08-22 14:58:38,
byteyo.com,true,27,1183,0,0,0,2,0,2,2,2024-11-22 07:22:28,2026-03-31 15:53:51
daynews24.ro,false,27,85,176,0,0,1,0,1,0,2025-04-10 14:01:06,2026-04-11 00:49:25
gazetadebistrita.ro,false,27,448,2131,2396,30,7,0,0,5,2019-04-07 16:33:39,
huff.ro,false,27,449,1310,99,151,2,0,0,2,2022-06-15 18:59:39,
obiectiv.net,false,27,251,782,493,27,1,0,0,1,2024-03-14 13:58:17,
dierenmarkt.eu,true,27,1112,34663,53,1,24,0,0,0,2025-04-10 13:06:46,
inmetal.com.br,true,27,2522,6,0,0,2,0,1,0,2025-10-18 12:48:02,
digicontechnologies.com,true,27,879,2175,294,61,147,0,147,0,2025-09-27 14:53:31,2026-06-11 04:27:18
gagan.tokyo,true,27,1921,42834,0,0,2,0,0,0,2025-02-21 08:43:59,
finduzzcatcafe.se,true,27,1389,20107,0,3,1,0,0,0,2025-03-03 23:34:05,
presadeazi.ro,false,27,323,1657,80,28,1,0,0,1,2023-09-09 14:35:08,
1001case.ro,false,27,294,402,13,15,1,0,0,1,2025-03-21 21:39:07,
amzprofitsites.com,true,27,912,35795,0,0,3,1,0,0,2025-10-07 06:48:00,
suceavalive.ro,false,27,344,2376,940,89,9,1,1,9,2020-10-10 14:00:50,
techno.bg,false,27,1121,6548,27,9,43,0,39,0,2025-07-30 14:08:28,
ziarultimisoara.ro,false,27,217,497,372,98,3,0,0,3,2023-12-29 12:11:30,
ziarulexclusiv.ro,false,27,110,507,346,74,2,0,0,2,2022-07-11 22:20:16,
bihorstiri.ro,false,27,229,1459,729,44,1,0,0,1,2022-12-12 11:51:58,
ziarebotosani.ro,false,27,5375,10135,7,13,1,0,0,1,2021-09-29 12:13:53,
argesexpres.ro,false,27,231,567,3432,213,24,0,0,24,2021-11-25 00:42:48,
bitbuzz.org,true,27,2040,60116,0,0,6,6,0,0,2026-05-10 06:49:27,
sportulsalajean.ro,false,27,351,154,3991,49,1,1,0,1,2026-05-03 02:28:03,
reporter24.ro,false,27,286,1672,66,24,8,0,0,8,2023-06-23 05:27:51,
seoprobox.click,true,27,2000,0,0,0,2,0,2,0,2024-12-01 07:01:10,2026-04-10 22:58:47
ghidularadean.ro,false,27,353,1296,142,26,4,0,0,4,2023-03-07 17:52:17,
facilitconsultoria.com.br,true,27,2141,39368,6,2,16,0,0,0,2025-12-05 07:09:32,
sabaqinsure.ly,true,27,2344,45720,0,0,24,0,0,0,2025-04-18 22:39:29,
radioinfinit.ro,false,27,373,385,529,30,5,0,0,5,2025-05-06 22:45:10,
ziptet.com,true,27,1107,0,0,0,4,0,4,4,2024-10-14 16:23:13,2026-04-10 13:14:39
sporttim.ro,true,27,145,1498,5121,132,2,0,0,2,2021-07-19 21:00:50,
finantistii.ro,false,27,428,483,4,3,1,0,0,1,2024-10-16 12:26:39,
tvmneamt.ro,false,27,655,24,579,39,3,0,3,3,2021-07-13 18:21:26,2026-05-22 23:02:24
valorsyndic.ma,true,27,2051,76293,0,0,2,0,0,0,2025-12-18 17:24:32,
msimasters.com,true,27,2227,11989,0,0,126,0,0,0,2025-02-22 00:19:13,
criteriul.ro,true,27,274,7656,0,0,8,0,0,8,2024-04-14 10:54:34,
ziarobiectiv.ro,false,27,387,599,3387,81,2,0,0,2,2024-11-14 21:03:30,
xchronic.com,true,27,968,43022,0,0,10,1,0,0,2025-10-27 02:38:48,
stiridinsurse.ro,false,27,131,693,0,1,1,0,0,1,2023-03-27 17:18:32,
salvatidelta.ro,false,27,303,297,28,27,1,0,0,1,2023-12-25 16:59:52,
realitatearomaneasca.ro,false,27,291,597,17,11,1,0,0,1,2023-04-25 16:26:22,
tirnaveni.ro,false,26,74,971,1463,35,1,0,0,1,2024-12-08 09:35:09,
exploremag.ro,false,26,181,1152,3976,249,4,0,0,4,2026-02-05 22:44:59,
bzv.ro,false,26,711,1061,932,83,11,0,0,11,2024-03-24 08:21:20,
gazetadedimineata.ro,false,26,334,663,27,4,2,0,0,2,2023-02-03 10:01:17,
letspushplugin.com,true,26,2081,4995,0,0,1,0,1,0,2025-10-09 05:44:48,2026-04-19 09:20:27
bestbusniessdirectory.com,true,26,193,8770036,0,0,4,0,0,4,2025-10-02 20:01:27,
nailsbyvenzel.com,true,26,1680,12242,0,4,129,127,0,0,2025-04-19 17:52:00,
ziareonline24.ro,true,26,133,2996,0,0,10,10,0,10,2026-04-28 12:11:24,
businessvocal.com,true,26,403,7,0,0,1,0,0,0,2025-08-30 20:08:04,
novapress.ro,false,26,238,51,43,11,1,0,0,1,2023-07-10 16:05:45,
ilive.ro,false,26,469,600,1,2,2,0,0,2,2023-04-15 20:38:51,
lateroundqb.com,false,26,696,1428,2,3,1,0,1,0,2025-10-22 19:46:58,2026-06-21 20:58:36
ponturifierbinti.com,false,26,173,523,10,2,1,0,0,1,2023-09-21 11:32:43,
buybooks.ro,false,26,390,273,491,141,2,0,0,2,2025-03-21 21:49:15,
jurnalul-bucurestiului.ro,false,26,103,6987,344,77,2,0,0,2,2023-05-12 16:57:44,
csnakliyat.com,true,26,2631,6522,0,1,1,1,1,0,2026-05-21 19:15:06,2026-06-28 22:04:07
shtiu.ro,false,26,1241,195,10047,1766,1,0,0,1,2025-07-03 17:52:21,
expresspress.ro,false,26,275,2740,20,10,11,0,2,11,2021-05-26 19:54:14,
freehali.com,true,26,498,15419,843,11,1,0,0,0,2025-03-03 17:42:48,
lugojeanul.ro,false,26,242,778,1471,23,4,0,0,4,2026-03-04 01:09:17,
doctorite.ro,false,26,152,311,34,12,1,0,0,1,2025-03-14 10:06:51,
news24.ro,false,26,121,1677,37,17,1,0,0,1,2023-04-25 15:14:52,
orasulsuceava.ro,false,26,229,985,263,98,2,0,0,2,2022-08-05 01:58:13,
blogary.ro,false,26,354,536,123,52,1,0,0,1,2023-01-24 02:49:27,
nationalul.ro,false,26,229,6537,85,17,3,0,0,3,2023-10-30 14:47:43,
judetulsuceava.ro,false,26,77,370,50,23,1,0,0,1,2022-08-06 15:12:44,
suceavanews.ro,false,26,225,683,5,5,1,0,0,1,2021-02-16 15:27:45,
gazetaoltului.ro,false,26,270,631,1890,40,1,0,0,1,2025-12-16 01:13:26,
oglindadeazi.ro,false,26,88,347,573,27,4,0,0,4,2022-11-19 07:13:01,
developer24x7.com,true,26,976,9894,0,0,1,0,0,0,2025-02-12 17:07:18,
vulping.ro,false,26,274,1198,625,114,6,0,0,6,2022-06-15 17:24:53,
observatorbn.ro,false,25,283,456,267,24,2,0,2,2,2021-09-24 17:03:26,2026-06-11 02:36:37
vilagrad.com,true,25,2460,15298,0,0,96,0,96,0,2026-01-12 11:45:59,2026-06-06 04:06:27
tribunaeconomica.ro,false,25,213,429,77,31,5,0,0,5,2024-07-19 11:13:52,
parishkaar.com,true,25,552,78,0,0,3,0,2,0,2025-12-10 17:22:47,
animale.ro,false,25,315,159,168,85,3,0,0,3,2023-05-24 11:08:20,
cadranpolitic.ro,true,25,1163,21208,3,5,3,2,0,0,2026-01-15 14:04:30,
tecnovenstore.com.ve,true,25,2442,783,0,0,9,0,9,0,2025-08-22 21:17:45,2026-04-25 15:34:09
ziuadecj.ro,false,25,365,4345,0,4,7,4,0,7,2025-03-25 00:31:02,
evenimentdeolt.ro,false,25,220,609,505,5,7,0,0,7,2022-09-24 02:13:40,
sktaeroshutter.com,true,25,981,14438,0,0,2,1,0,0,2025-08-05 05:18:23,
newspascani.com,false,25,365,3884,3847,26,6,0,0,6,2020-11-26 13:04:58,
sportm.ro,false,25,244,1136,334,36,1,0,0,1,2024-07-02 05:23:22,
dej24.ro,false,25,188,396,525,36,1,0,0,1,2022-12-29 14:48:14,
esquire.ro,false,25,331,584,270,55,1,0,0,1,2025-06-21 08:28:05,
portcetate.ro,false,25,307,236,27,20,1,0,0,1,2023-03-15 15:06:38,
newsflash.ro,false,25,96,258,0,0,1,0,0,1,2023-03-27 16:54:28,
opiniatransilvana.ro,false,25,148,1053,12,11,1,0,0,1,2024-01-03 08:33:24,
monden.ro,false,25,181,892,97,63,1,0,0,1,2023-08-24 17:33:11,
jurnalulnational.ro,false,25,200,2251,3818,66,4,0,0,4,2021-08-27 09:54:45,
autentici.ro,false,25,215,434,6,8,1,0,0,1,2023-01-30 13:46:03,
bravonet.ro,false,25,277,993,9,3,1,0,0,1,2025-01-17 05:11:34,
myhealth.ph,true,25,258,532,3047,502,1,0,1,0,2026-02-20 09:22:22,2026-06-23 22:34:26
arenavalceana.ro,false,25,261,81,2198,75,2,0,0,0,2020-11-19 22:21:50,
ramnicuvalceaweek.ro,false,25,147,1179,108,32,1,0,1,1,2024-11-16 06:43:11,2026-05-12 14:18:57
cronicadefalticeni.ro,false,25,188,223,643,12,1,0,0,1,2024-06-12 14:33:36,
viajoa.ro,false,24,345,470,733,129,4,0,0,4,2023-07-04 21:07:58,
redesteptarea.ro,false,24,293,1298,1154,86,5,0,0,5,2022-01-21 08:52:18,
someseanul.ro,false,24,315,863,191,41,1,0,0,1,2022-01-26 10:13:23,
e-suceava.ro,false,24,39,871,108,24,1,0,0,1,2023-07-10 10:00:37,
ilovesex.ro,false,24,165,373,680,54,4,0,0,4,2024-07-19 00:50:23,
wwii-enlistment.com,false,24,3860,32,140,5,12,0,0,0,2025-09-08 23:13:54,
fyi.com.pl,true,24,1709,92,0,0,1,0,1,0,2025-09-22 10:10:05,2026-04-28 22:42:02
kmarket.ro,false,24,317,419,907,270,4,0,0,4,2025-03-21 22:05:47,
lumeapresei.ro,false,24,119,273,6,6,1,0,0,1,2021-08-13 11:01:18,
reparatii-masinidespalat.net,false,24,145,33,1,1,1,0,0,1,2024-02-24 08:55:45,
tpu.ro,false,24,3696,480,204453,30780,5,0,0,0,2020-04-27 16:51:12,
diliul.ro,true,24,36,461,71,28,1,0,0,1,2025-08-02 21:19:53,
vuink.com,false,24,212,789520,0,0,1,0,1,1,2026-03-09 00:17:36,2026-05-15 18:49:59
coltulcolectionarului.ro,false,24,524,253,1686,379,2,0,0,2,2025-03-21 21:03:29,
dejeanul.ro,false,24,409,1050,1481,109,3,3,0,3,2026-04-27 18:56:40,
theloansbazaar.com,true,24,1224,1,0,0,4,0,4,0,2025-09-16 08:48:18,2026-05-13 07:46:39
lugojinfo.ro,false,24,321,543,975,26,2,0,0,2,2023-03-13 11:55:51,
infocs.ro,false,24,278,871,70,31,3,0,0,3,2021-06-04 17:38:50,
orasulciteste.ro,false,23,253,317,65,26,3,0,0,3,2025-03-21 21:25:22,
worldbusinesspromote.com,true,23,259,9223,0,0,6,2,0,0,2026-03-12 12:40:56,
la-vorbitor.ro,false,23,76,459,2,5,2,0,0,2,2024-01-20 22:10:10,
sighet-online.ro,false,23,197,1393,212,4,3,0,1,3,2025-09-12 20:00:24,
impactpress.ro,false,23,298,953,770,69,1,0,0,1,2022-10-08 02:16:23,
buchveroeffentlichen.com,true,23,349,43,0,0,39,39,39,0,2026-04-24 13:13:15,2026-05-11 20:03:52
erakonopi.pl,true,23,1540,27805,104,82,72,7,1,0,2025-09-16 02:19:21,
intersel.com,true,23,1171,39888,75,10,106,0,63,0,2025-08-03 23:41:34,
tvblog.ro,false,23,362,513,9,25,1,0,0,1,2022-01-31 12:31:49,
bioquinor.com,true,23,1771,23299,0,0,1,0,0,0,2026-02-08 06:51:34,
pedagoteca.ro,false,23,89,715,64,23,1,0,0,1,2025-04-04 15:50:36,
perfectbeauty.ro,false,23,184,296,18,19,19,3,3,19,2025-03-22 02:52:06,
prolinkseo.com,true,23,147,0,0,0,2,0,2,0,2025-03-17 01:04:02,2026-04-16 18:12:46
ziarul21.ro,false,23,255,858,245,39,8,0,0,8,2022-12-13 21:25:04,
livearad.ro,false,23,310,117,519,18,3,3,0,3,2026-06-21 15:46:11,
adevaruldespredaci.ro,false,23,330,304,9,17,1,0,0,1,2023-08-22 13:04:59,
vervesitestaging.com,true,23,332,3235,0,0,1,0,1,0,2025-04-22 23:17:28,2026-04-27 03:31:40
spectacola.ro,false,23,214,1396,252,63,1,0,0,1,2025-05-10 21:10:45,
dayofdifference.org.au,false,23,669,19,0,0,1,0,0,0,2024-10-01 04:13:05,
lipa-lipa.ro,false,23,224,1305,2477,276,1,0,0,0,2019-07-23 07:02:54,
ziaruldetulcea.ro,false,23,202,434,394,67,3,0,0,3,2023-08-30 12:41:59,
curierul.ro,false,23,280,673,442,28,2,0,0,2,2023-05-19 15:20:39,
aroeats.net,true,23,1389,74198,0,0,24,15,2,0,2025-02-09 05:22:38,
assentec.com.br,true,23,1320,9511,0,0,10,0,4,0,2025-08-08 17:27:37,
otadenshi.com,true,23,935,36946,0,0,2,0,0,0,2025-02-12 03:02:49,
calificativ.ro,true,22,279,346,10,1,2,0,0,2,2024-01-16 15:49:41,
dorohoinews.ro,false,22,194,392,4380,78,3,1,0,3,2023-08-30 15:44:26,
bcrclubantreprenori.ro,true,22,182,11055,18,8,1,0,0,1,2023-02-02 04:45:04,
klmpolimer.com,false,22,1843,15899,1,1,7,0,0,0,2025-09-05 11:26:29,
targovistenews.ro,false,22,200,630,96,12,4,0,0,4,2021-07-13 15:56:13,
sikaku-style.com,true,22,1178,57380,0,2,1,0,1,0,2025-04-23 14:00:17,2026-04-12 05:41:58
bisd.rs,true,22,2029,1299,4,4,5,0,5,0,2025-10-02 09:07:54,2026-04-28 16:31:33
solazbellavistadecolchagua.cl,true,22,752,23455,3,2,10,0,0,0,2025-09-02 12:36:08,
romance-manga.com,true,22,3805,42712,1808,316,184,0,1,0,2025-11-05 00:52:53,
webbranddirectory.com,true,22,167,8754925,0,0,4,0,0,4,2025-12-31 15:53:45,
level7techgroup.com,true,22,944,30780,0,1,7,0,0,0,2025-04-18 21:11:54,
samikshaharmony.com,true,22,2143,36047,0,0,8,8,0,0,2026-05-15 20:49:24,
lyla.ro,false,22,245,514,29,9,1,0,0,1,2023-05-16 12:25:21,
strechyperfekt.cz,true,22,1539,11456,0,0,39,13,36,0,2025-09-22 10:58:56,
refleqtmedia.ro,false,22,203,1395,449,69,5,0,0,5,2021-04-28 10:47:03,
criterii.ro,false,22,231,699,193,15,2,0,0,2,2025-04-17 21:03:41,
group-images2.com,true,22,832,49,0,0,134,0,132,0,2025-12-20 16:36:59,
radiosimplu.ro,false,22,159,399,4,8,1,0,0,1,2022-10-17 10:15:02,
backlinkdirectory.site,true,22,1024,2365476,0,0,2,0,2,2,2025-10-14 19:23:39,2026-05-07 05:53:56
hitchedforever.com,false,22,570,7,0,0,1,0,1,0,2025-03-07 04:38:19,2026-05-02 02:53:05
ibebe.ro,false,22,191,223,137,31,1,0,0,1,2025-04-04 12:49:25,
dobrogea.tv,false,22,153,542,0,4,4,0,0,4,2023-03-14 14:06:52,
taisei-ts.co.jp,false,22,581,13,1,7,8,0,8,0,2025-05-01 02:17:19,2026-04-05 11:48:13
reparatii-televizoare.net,true,22,134,0,1,1,4,0,4,4,2024-02-21 13:11:53,2026-06-11 11:11:28
dcisgoingtohell.com,true,22,327,4121,0,0,2,0,2,0,2025-09-13 08:08:01,2026-04-21 22:50:46
e-politic.ro,false,22,232,1714,0,1,5,2,0,5,2024-06-17 20:21:48,
letsfixit.co.uk,true,22,860,16672,4,5,43,6,0,0,2025-07-24 23:05:53,
argesulonline.ro,false,22,210,138,34,38,1,0,1,1,2024-03-25 11:28:41,2026-04-11 20:58:46
tvpartener.ro,false,22,214,1215,12,18,4,2,0,4,2023-11-20 16:32:49,
guraialomitei.com,false,22,188,394,86,16,1,0,0,1,2021-07-30 06:58:29,
ideipentrucasa.ro,false,22,259,0,42,22,1,0,1,1,2024-11-22 16:15:19,2026-04-19 00:39:23
tenisperu.com.pe,true,22,378,8146,635,46,30,2,0,0,2025-12-23 13:47:00,
bucuresti365.ro,true,22,44,714,833,243,1,0,0,1,2023-08-03 09:20:45,
avantulliber.ro,false,21,502,1213,7701,574,9,0,0,9,2021-07-28 10:19:30,
pressonline.ro,false,21,103,498,0,2,2,0,0,2,2023-03-27 18:41:23,
gay-fest.ro,false,21,222,233,476,93,1,0,0,1,2023-07-12 19:01:28,
matrixmy.com,false,21,4332,9509,13,41,1,0,0,0,2026-01-04 06:25:41,
miku-miku.net,true,21,988,54342,0,0,9,0,0,0,2025-08-31 21:35:38,
resonancelabjo.com,true,21,418,33,0,0,1,0,1,0,2025-10-11 14:46:01,2026-03-29 00:47:19
kanghanrak.net,true,21,1084,22658,0,0,10,0,0,0,2026-01-22 05:28:21,
paginaolteniei.ro,false,21,134,499,10,9,1,0,0,1,2025-01-18 23:24:03,
tiohuli.com.br,true,21,1724,46728,16,2,9,6,1,0,2025-08-13 10:01:51,
marketingexperts.click,true,21,490,11,0,0,4,2,0,0,2026-02-22 10:50:31,
germanymedicine.com,true,21,843,48003,0,0,2,0,0,0,2025-09-21 23:33:10,
clasamentele.ro,false,21,119,80,2,6,1,1,0,1,2026-05-17 11:04:23,
retetesivedete.ro,true,21,209,2106,773,176,1,0,0,1,2026-03-10 21:57:00,
sevia.biz,false,21,1795,12888,19,1,9,0,9,0,2025-08-23 09:35:12,2026-06-28 22:52:35
stirisuceava.net,false,21,263,1536,37,12,4,0,0,4,2022-11-01 21:19:03,
astraonline.ro,false,21,287,554,0,1,1,0,0,1,2023-01-30 16:30:54,
ellalan.com,false,20,1113,10246,44,23,2,0,0,0,2025-10-05 13:56:28,
monitoruldesalaj.ro,false,20,170,483,3906,75,6,0,0,6,2022-06-10 12:00:48,
kofukusangyo.co.jp,true,20,40,7791,0,1,14,0,0,0,2025-08-03 17:34:26,
kabasawa-saw.jp,true,20,1207,26942,3,2,4,0,0,0,2025-04-22 22:36:34,
hormigonesjm.com,true,20,788,31282,0,0,31,9,0,0,2025-07-31 23:00:17,
danskjagtformidling.dk,false,20,707,1154,277,81,1,0,0,0,2025-04-24 10:17:15,
ilovecluj.ro,false,20,148,736,143,50,1,0,0,1,2024-02-07 10:48:46,
pismozblizenia.pl,true,20,98,3500,10,4,4,0,0,0,2025-07-24 12:51:56,
evelgraph.com,true,20,306,9135,0,0,1,0,0,0,2025-04-30 13:49:12,
div9interior.com,true,20,967,11838,4,7,1,0,0,0,2025-09-17 03:25:10,
stireadeiasi.ro,false,20,221,275,921,28,1,0,0,1,2025-04-11 14:46:04,
shilohinnhotels.com,true,20,343,10446,0,0,28,0,0,0,2025-12-18 03:13:52,
academiacatavencu.com,false,20,294,652,58,17,2,0,0,2,2023-11-18 18:47:07,
inmatriculariauto.net,false,20,129,26,4,7,2,0,0,2,2024-01-18 21:42:00,
buletindecarei.ro,false,20,294,1372,492,25,2,0,0,0,2021-09-30 13:59:14,
storiaememorie.org,true,20,344,7788,0,0,9,9,2,0,2026-05-03 16:47:42,
salajeanul.ro,false,20,194,594,649,128,1,0,0,1,2025-01-21 17:31:46,
conde.ro,false,20,236,726,36,77,4,0,0,4,2022-08-30 08:09:36,
elradwancompany.com,false,20,1101,4867,1,1,1,0,1,0,2025-10-28 00:51:39,2026-05-05 16:19:18
coolgirl.ro,false,20,204,428,94,29,1,0,0,1,2023-07-06 00:01:34,
murahkitchen.my,false,20,5199,17059,181,58,1,0,0,0,2025-04-22 14:21:31,
databoostdirectory.com,true,20,71,8763933,0,0,4,0,0,4,2025-10-07 04:12:04,
usdirectorylist.com,true,20,74,8770879,0,0,4,0,0,4,2025-09-28 05:25:31,
andreicenusa.ro,false,20,179,1256,2,1,5,0,0,5,2021-10-06 18:57:02,
stirileolteniei.ro,false,20,226,435,889,47,4,0,2,4,2023-08-27 14:12:53,
satumarenews.ro,false,20,158,653,1036,76,4,0,0,4,2023-07-14 01:16:16,
lovesite.ro,true,20,204,621,1,6,1,0,0,1,2023-03-06 17:21:05,
toplevelwebhost.com,true,20,1334,40431,0,0,3,0,0,0,2025-09-23 13:31:36,
newsmoldova.ro,false,20,202,771,162,29,1,1,0,1,2026-04-18 06:53:06,
repuestossudamerica.com,true,20,1040,454,0,0,2,0,2,0,2025-12-06 09:13:45,2026-06-07 05:58:03
paczkowscy.pl,true,20,1664,13217,0,0,8,0,0,0,2026-01-29 02:12:39,
djangoamsterdam.com,true,19,293,22943,0,0,10,0,0,0,2025-08-29 02:53:10,
rankvanceseo.info,true,19,706,18429770,0,0,2,0,0,2,2026-03-19 20:28:29,
fashiondex.ro,false,19,173,252,7,4,5,1,1,5,2023-10-02 10:04:20,
kyiv-online.net,true,19,829,11,0,0,1,0,1,0,2025-07-31 22:54:00,2026-04-13 17:14:26
incredibilia.ro,false,19,649,3654,4769,900,2,0,0,2,2022-08-26 18:50:48,
liebehotelyaounde.com,true,19,1663,252,0,0,1,0,1,0,2025-05-06 22:00:48,2026-04-02 23:20:14
nhdtlogs.com,true,19,124,8322,0,1,1,1,0,0,2026-06-11 11:47:53,
timisoarastiri.ro,false,19,287,300,39,13,2,0,1,2,2023-10-27 04:38:45,
primarph.ro,false,19,92,701,14,10,1,0,0,1,2024-09-02 01:53:13,
reparatiifrigidere.net,false,19,130,25,3,3,3,0,0,3,2024-02-19 04:51:34,
aradeni.ro,false,19,210,866,2637,547,9,0,0,9,2021-04-20 05:26:23,
ghid-constructii.ro,false,19,133,595,1760,212,1,0,0,1,2023-08-14 21:47:31,
primalex.com.ua,true,19,1333,12721,0,0,1,0,1,0,2025-06-13 18:18:00,2026-06-08 02:55:42
energymgmt.us,true,19,79,407,0,0,3,3,3,0,2026-04-01 00:51:59,2026-06-09 10:00:15
salutfagaras.ro,false,19,185,380,1016,90,14,0,5,14,2021-07-27 12:23:22,
newsstatix.com,true,19,1887,8073,0,0,2,0,0,0,2026-01-04 15:44:28,
andreigheorghe.ro,false,19,212,294,840,234,5,0,0,5,2023-07-12 17:32:48,
vinniebatten.com,true,19,503,18961,0,0,7,7,0,0,2026-05-30 05:16:47,
tendintemoda.ro,false,19,264,367,9,25,2,0,0,2,2023-02-06 13:55:47,
daolink.mom,true,19,104,340,0,0,2,0,2,0,2026-01-14 06:47:25,2026-04-12 00:49:08
kompster.com,false,19,721,5483,563,37,6,0,1,0,2025-12-21 06:18:17,
steaualibera.com,false,19,70,226,315,14,2,0,0,2,2023-09-22 09:14:44,
premierbet.ro,true,19,586,0,0,0,4,0,4,0,2025-07-10 22:40:58,2026-05-24 16:17:36
zona-pariurilor.ro,true,19,586,0,0,0,3,0,3,0,2025-08-08 16:21:42,2026-05-24 04:51:03
pariuri-bet.ro,true,19,586,0,0,0,1,0,1,0,2025-07-25 13:13:05,2026-05-21 09:46:33
vegas-life.ro,true,19,586,0,0,0,1,0,1,0,2025-07-17 20:55:48,2026-05-15 03:19:22
arhibet.ro,true,19,587,1034,0,0,1,0,1,0,2025-08-06 13:18:51,2026-05-18 17:43:15
club-pariuri.ro,true,19,587,1044,0,0,1,0,1,0,2025-07-13 14:39:11,2026-06-09 21:55:03
gambleking.ro,true,19,585,1034,0,0,1,0,0,0,2025-08-11 15:07:33,
crazycasino.ro,true,19,585,1034,0,0,1,0,1,0,2025-08-13 11:59:02,2026-05-16 20:48:48
gambling-zone.ro,true,19,585,1031,0,0,1,0,1,0,2025-08-04 18:07:44,2026-05-20 15:46:42
fortuna-bets.ro,true,19,586,1039,0,0,2,0,2,0,2025-07-11 14:19:24,2026-05-31 02:18:29
ghidul-pariurilor.ro,true,19,585,1031,0,0,1,0,0,0,2025-07-11 21:50:47,
betchampion.ro,true,19,585,1032,0,0,2,0,1,0,2025-08-17 20:30:46,
stiri-pariuri.ro,true,19,585,1031,0,0,1,0,1,0,2025-08-13 11:25:18,2026-05-24 13:59:19
fun-casino.ro,true,19,585,1039,0,0,1,0,0,0,2025-08-20 03:12:43,
vegas-vibes.ro,true,19,585,1031,0,0,2,0,2,0,2025-07-17 09:04:40,2026-05-27 15:05:39
24bet.ro,true,19,585,1031,0,0,1,0,1,0,2025-07-15 08:36:31,2026-05-26 15:39:50
lucky-jackpot.ro,true,19,585,1031,0,0,1,0,1,0,2025-07-21 16:17:57,2026-05-25 05:54:52
sterling-store.co,true,19,858,13575,0,2,26,0,0,0,2025-10-07 16:02:36,
trustratings.com,false,19,417,15,1,11,2,2,0,0,2026-05-27 04:53:17,
vmmedical.gr,true,19,1421,26290,1,7,1,0,0,0,2025-11-19 02:29:39,
cdnews.ro,false,19,1489,763,1,9,3,3,0,3,2026-05-29 19:03:02,
mendenarena.de,true,19,1132,84599,18,2,221,210,0,0,2025-03-01 10:12:48,
infoactual.ro,false,19,150,1302,50,38,1,0,1,1,2022-08-23 14:13:52,2026-05-20 08:46:04
stirilebzi.ro,false,18,115,516,365,54,2,2,0,2,2026-04-28 04:32:22,
ziardambovita.ro,false,18,198,6,259,16,1,0,1,1,2023-04-07 10:41:58,2026-05-01 11:58:55
jurgenvandervelde.com,true,18,1282,7662,0,0,3,0,0,0,2025-09-16 18:03:12,
tuktuk.ro,true,18,267,3525,1773,268,3,0,0,3,2024-07-31 01:02:49,
substantial.ro,false,18,277,921,32,50,2,0,0,2,2023-08-24 17:20:19,
seikensha.net,true,18,306,5359,0,0,5,0,0,0,2025-08-29 10:13:46,
carbossonline.com,true,18,1484,31694,0,0,18,18,0,0,2026-05-18 12:51:22,
supover.com,true,18,549,135,0,0,2,0,2,0,2025-08-21 23:17:47,2026-05-24 09:15:22
newsarad.ro,false,18,101,1075,4,3,3,0,0,3,2020-10-29 21:32:47,
uptozion.org,true,18,639,3379,0,0,1,0,1,0,2025-07-31 22:53:40,2026-04-29 20:15:39
camerabinhan.com,true,18,907,15669,0,0,14,0,0,0,2025-07-30 05:41:25,
agroteca.ro,false,18,79,413,146,43,3,0,0,3,2024-11-14 19:56:54,
postmodern.ro,false,18,901,455,17150,1856,1,0,0,1,2023-05-03 10:53:51,
accentmedia.ro,false,18,116,923,153,31,1,0,0,1,2023-12-02 01:19:20,
qualitypoint.com.do,false,18,796,2556,19,10,2,0,2,0,2025-10-22 22:47:36,2026-05-30 03:48:31
stiricraiova.ro,false,18,128,481,605,51,1,0,0,1,2023-06-26 18:51:44,
guestpostwebdirectory.com,true,18,205,8777430,0,0,4,0,0,4,2025-12-02 05:44:36,
monbaba.fr,true,18,1193,45770,0,0,13,0,0,0,2025-08-01 07:43:15,
ardeal24.ro,false,18,84,1054,30,31,1,1,1,1,2026-05-04 06:30:57,2026-05-11 20:47:42
sfatulmedical.ro,false,18,35,97,1,4,3,3,3,3,2026-05-10 23:13:52,2026-05-27 15:57:44
easy96.com,true,18,331,7145,34,7,1,0,0,0,2025-02-22 01:05:07,
buzz2fone.com,false,18,193,2046,0,3,1,0,0,1,2020-12-23 03:02:22,
infoneamt.ro,false,18,45,500,5,6,1,0,0,1,2023-03-06 16:45:23,
zumi.ro,true,18,152,366,0,6,1,0,0,1,2023-01-30 13:35:03,
heartsofoaksc.com,false,18,1301,3731,1760,33,7,0,7,0,2025-03-13 21:26:42,2026-05-26 01:01:35
ivip.ro,false,18,154,330,109,16,2,0,0,2,2023-10-12 18:13:15,
eclujeanul.ro,false,17,232,2798,104,45,4,0,0,3,2021-06-14 07:12:16,
getwebsiteworth.com,true,17,358,399189273,0,0,4,0,0,4,2026-01-12 07:09:15,
webdirectoryofworld.site,true,17,988,4254452,0,0,2,0,2,2,2025-10-18 03:34:10,2026-06-03 13:05:30
worldwide-studies.com,false,17,1060,4191,83,51,306,0,0,0,2026-01-15 17:51:37,
playresponsibly.ro,false,17,1216,499,2237,160,3,0,0,3,2022-09-06 12:30:22,
mezi.ro,false,17,159,408,19,24,14,0,0,14,2023-01-23 17:46:15,
cozzy.ro,false,17,183,211,29,10,1,0,0,1,2025-03-21 22:31:07,
charbucks.com,true,17,575,26153,0,0,10,10,0,0,2026-05-19 05:08:41,
anantva.com,true,17,525,55383,2192,48,74,8,16,0,2025-08-01 20:57:01,
extra.com.fj,true,17,540,2535,54,13,2,0,1,0,2025-02-01 09:35:40,
seintamplainvalcea.ro,false,17,108,76,743,37,1,0,1,1,2023-11-20 16:01:16,2026-04-20 15:26:17
prahovamedicala.ro,false,17,161,608,35,12,1,0,0,1,2024-07-16 21:02:12,
eliotzigmundjazz.com,true,17,976,33316,0,0,25,16,0,0,2025-12-30 21:06:20,
orademedias.ro,false,17,193,406,116,12,1,0,0,1,2023-05-16 17:07:32,
germanyapteka.com,true,17,818,83387,0,0,4,0,0,0,2025-09-22 18:35:46,
prospirebpo.com,true,17,967,2375,0,0,7,0,7,0,2025-08-05 19:46:30,2026-05-20 21:24:40
inari.site,true,17,246,1216,0,0,2,0,2,0,2025-09-16 18:11:33,2026-04-30 14:14:08
exquis.ro,false,17,321,1607,100,54,2,0,0,2,2022-07-22 17:07:57,
howtorankfast.site,true,17,998,4299224,0,0,2,0,2,2,2025-10-17 05:41:55,2026-06-01 02:54:25
directorycloudhub.com,true,17,125,8777180,0,0,4,0,0,4,2025-10-28 02:35:10,
foodshelterclothinglearn.co.uk,true,17,1031,35979,0,0,2,2,0,0,2026-05-07 23:33:29,
pantechelearning.com,true,17,1411,954,92,75,1,0,1,0,2026-03-12 02:36:12,2026-05-22 06:57:48
ecolife-ec.co.jp,true,17,668,16,6,1,1,0,1,0,2026-01-26 18:19:09,2026-05-02 05:54:40
handbalmania.ro,false,17,95,180,1698,155,4,0,0,4,2021-07-03 21:01:58,
hwnerds.com,true,17,924,45881,0,0,1,1,0,0,2026-05-31 08:47:08,
codlea-info.ro,false,17,178,33,260,95,2,0,0,0,2023-09-23 23:32:46,
g5engineerings.com,true,17,1007,20139,0,0,12,5,0,0,2026-02-15 09:05:32,
teal-server.com,true,17,649,70895,1,1,9,0,0,0,2025-04-22 15:20:52,
infoiasionline.ro,false,17,103,1289,390,40,3,0,0,3,2020-12-30 10:42:10,
atsameip.com,false,17,4087,11,164,55,652,114,388,0,2025-10-30 08:05:31,
informatiata.ro,false,17,284,159,98,9,2,0,0,2,2023-10-14 15:36:17,
radiotop.ro,false,17,288,280,174,46,1,0,0,1,2023-07-03 14:20:11,
epako.ao,true,16,1256,55293,0,0,434,30,0,0,2025-12-05 10:50:02,
bridgesintech.com,true,16,589,13903,0,0,3,0,0,0,2025-09-30 18:09:06,
ready.pro,true,16,96,18,0,0,24,22,6,0,2026-02-04 00:49:45,
abcsex.ro,false,16,148,74,145,20,1,0,0,1,2025-03-29 10:26:00,
cinefocus.ro,false,16,25,139,0,0,1,0,0,1,2025-10-24 20:43:41,
bookmakere.net,true,16,19,357,81,18,1,1,0,1,2026-04-10 06:07:50,
denisuca.com,false,16,196,1873,102,29,1,0,0,1,2023-06-29 12:04:40,
wikis.ro,false,16,118,580,33,40,2,0,0,2,2023-06-27 17:58:08,
detale.ca,false,16,1386,57,0,0,43,0,43,0,2025-08-24 22:03:14,2026-04-30 15:53:00
andressa.ro,false,16,258,1027,30,23,1,0,0,0,2020-02-04 07:08:37,
tecdud.com,false,16,208,18,172,131,4,0,0,0,2021-07-26 19:52:59,
parfumurionline.ro,false,16,167,52,10,12,4,0,0,4,2025-03-22 00:41:18,
indexstiri.ro,false,16,208,177,67,66,1,0,0,1,2023-04-07 18:25:05,
allare.io,true,16,375,72,0,1,2,2,0,0,2026-05-27 11:11:12,
najwan-flowers-center.online,true,16,239,1926,0,0,3,3,1,0,2026-04-01 16:33:39,
hgtactical.net,true,16,800,55374,0,0,2,0,0,0,2025-04-27 16:01:37,
saratremo.ro,false,16,397,104,4692,720,1,0,0,1,2025-07-06 17:05:10,
bcet-consulting.com,true,16,1391,15501,0,0,16,0,0,0,2025-10-20 21:50:17,
askmen.ro,false,16,170,450,408,25,5,0,1,5,2023-06-12 08:21:35,
dirbear.com,false,16,1619,18,0,0,2,2,0,0,2026-04-30 21:58:45,
cook72.com,true,16,1312,11262,2,8,74,0,0,0,2025-07-31 22:54:03,
augustapha.org,true,16,326,48533,2072,211,5,0,0,0,2025-09-22 11:10:09,
qosnetworksmw.com,true,16,1102,0,1,32,4,0,4,0,2025-10-07 00:18:29,2026-05-16 23:35:24
rbexcellentairportservicesinc.ca,true,16,776,40804,0,0,13,9,0,0,2026-01-09 23:05:28,
diane.ro,false,16,922,551,917,322,1,0,0,0,2019-07-16 03:02:10,
plenita.ro,true,16,840,17192,2,4,5,0,0,0,2026-01-20 22:28:46,
ultracdn.net,false,16,619,2407,0,1,1,0,0,1,2025-01-20 13:01:14,
ideepop.com,true,16,1202,4989,0,0,2,0,2,0,2025-03-04 12:56:02,2026-04-14 07:23:29
orcosildigital.com.br,true,16,1086,27741,0,0,10,10,5,0,2026-04-05 19:43:51,
giurgiupesurse.ro,false,16,620,303,3182,206,6,0,0,6,2021-06-10 15:12:24,
xtrem.ro,false,16,136,203,23,5,1,0,0,1,2024-01-17 02:00:31,
petitspasqatar.com,true,16,286,15836,0,0,7,0,0,0,2025-10-24 21:51:00,
honpmt.com,true,16,477,1884,0,0,1,0,0,0,2025-04-27 17:26:03,
cricul.ro,false,16,78,258,12,8,1,0,0,1,2023-10-31 18:09:42,
colourann.com,true,16,523,14098,0,0,1,1,0,0,2026-05-15 01:53:16,
pasyanthi.com,true,16,936,43539,0,0,2,0,0,0,2025-03-09 03:30:41,
fier-vechi.net,true,16,60,0,0,0,3,0,0,3,2025-03-14 11:28:24,
cronicadeteleorman.ro,false,15,141,220,130,23,1,0,0,1,2025-05-09 11:19:55,
inturda.ro,false,15,228,1637,1445,219,2,0,0,2,2025-03-02 05:19:57,
lesementoring.de,true,15,1004,12,0,0,18,0,18,0,2025-07-31 00:37:46,2026-05-18 09:59:47
somogyim.hu,true,15,908,3317,0,0,3,0,3,0,2025-08-19 08:12:03,2026-04-21 17:48:29
pathfindertechcorp.com,true,15,1141,2045,0,0,24,24,24,0,2026-05-19 08:00:53,2026-06-22 23:56:14
ztv.ro,false,15,233,379,340,19,1,0,0,1,2021-07-07 15:27:11,
glasulsucevei.ro,false,15,104,669,10,9,3,0,0,3,2023-05-15 12:55:47,
clujeni.com,false,15,108,764,1800,544,8,0,0,8,2021-04-09 17:06:26,
linkboostdirectory.com,true,15,178,8773352,0,0,4,0,0,4,2025-08-24 17:02:13,
rankvanceauthority.info,true,15,690,25379330,0,0,2,0,2,2,2025-12-23 18:23:18,2026-04-03 01:52:46
eseguro.mx,true,15,996,41127,0,0,17,2,5,0,2025-09-06 09:54:21,
globalrankdirectory.com,true,15,154,8772871,0,0,4,0,0,4,2025-12-13 02:51:28,
pgc-ks.com,true,15,1314,58880,6,4,203,0,3,0,2025-08-09 23:59:22,
seotrafficdirectory.com,true,15,157,8769443,0,0,4,0,0,4,2025-09-30 01:42:37,
worldseodirectory.com,true,15,162,8774501,0,0,4,0,0,4,2025-08-31 06:28:17,
fisiogymsalerno.it,true,15,567,17423,0,5,14,0,0,0,2025-09-08 21:31:44,
topla.hr,true,15,1245,21791,28,3,134,0,0,0,2025-10-18 08:24:19,
semrushdirectory.com,true,15,447,8773331,0,0,4,0,0,4,2025-09-22 10:00:39,
bucharest-guide.ro,false,15,265,562,281,34,1,0,0,1,2022-04-21 12:40:06,
bnrincorporadora.com.br,true,15,1311,6532,0,4,27,27,20,0,2026-05-15 17:35:13,
sjomatkompanietas.no,true,15,1400,22740,0,0,1,0,0,0,2025-09-06 09:55:31,
sexfiles.ro,true,15,147,313,0,0,1,0,0,1,2023-02-06 17:14:11,
foradhoras.com.pt,true,15,471,4125,0,1,6,0,6,0,2023-03-04 15:45:57,2026-05-22 13:46:07
searchstackdirectory.com,true,15,151,8763028,0,0,4,0,0,4,2025-12-18 21:49:56,
skdgroupofinstitutions.com,false,15,1193,14,23,5,168,0,168,0,2025-08-19 07:33:34,2026-05-24 20:25:48
vav.com.my,true,15,572,21044,20,12,1,0,0,0,2025-03-18 22:52:41,
pscoaches.co.uk,true,15,427,2554,0,0,1,0,1,0,2025-08-29 20:56:14,2026-04-17 07:45:49
adrianbolocan.ro,false,15,43,424,422,147,4,0,0,4,2023-09-23 04:48:49,
lauklimited.co.uk,true,15,81,3499,276,21,11,0,0,0,2025-07-25 19:03:59,
stirigorj.ro,false,15,236,1420,112,10,1,0,0,1,2026-02-15 06:32:55,
ziarulargesenilor.ro,false,15,150,155,135,45,2,0,0,2,2024-02-27 00:23:29,
rarar.com.bd,false,15,1028,8577,0,0,2,0,1,0,2025-12-31 08:54:41,
onlines.ro,false,15,223,490,2,41,1,0,0,1,2023-05-31 21:59:15,
lirat.org,true,15,870,25,1358,257,1,0,1,0,2026-02-22 03:50:34,2026-05-14 13:32:47
digitalatto.io,true,15,747,12201,1,1,8,0,4,0,2025-12-26 14:06:20,
incomod.info,false,15,245,1499,144,33,1,0,0,1,2023-12-28 22:31:57,
bacaul.ro,false,15,246,501,145,55,1,0,0,1,2020-10-07 17:31:08,
fedimetal.com.ec,true,15,282,6942,222,18,2,0,0,0,2025-03-31 14:53:32,
sencora.com,true,15,1129,59542,0,0,100,99,0,0,2025-12-23 23:47:37,
castellovinci.it,false,15,1336,2153,1,1,4,0,4,0,2025-09-05 14:46:28,2026-05-04 07:04:45
acquire.co.in,true,14,63,1,0,0,2,2,0,0,2026-05-13 14:15:48,
infotulcea.ro,false,14,182,374,920,135,3,0,0,3,2023-07-04 15:00:52,
dambovitanews.com,false,14,113,194,651,19,1,0,0,1,2023-07-06 01:06:29,
myassignmenthelp.net,true,14,836,32073,45,28,1,0,0,0,2025-09-27 02:38:40,
axime.co,true,14,1242,14805,0,0,1,0,1,0,2025-10-10 20:36:35,2026-05-07 21:42:24
cueee.jp,true,14,585,57928,0,0,13,7,0,0,2026-01-26 18:32:00,
procurement.gov.ck,true,14,401,24669,1,1,3,0,1,0,2025-08-14 21:16:41,
sblmerchant.com,true,14,138,18046,0,0,3,3,0,0,2026-05-06 20:49:14,
elektral.com,true,14,2076,469,0,0,1,0,1,0,2025-04-27 22:55:17,2026-04-19 16:21:28
jkprohost.com,true,14,718,1149,0,1,2,0,2,0,2025-12-13 03:46:57,2026-04-10 00:17:26
linkdirectoryzone.com,true,14,54,8766332,0,0,4,0,0,4,2025-09-27 11:02:48,
kickoffree.com,true,14,711,10139,0,0,1,0,0,0,2025-08-31 17:35:04,
thedroolitzer.com,true,14,739,22425,0,0,3,0,0,0,2025-09-04 23:07:48,
oradeni.ro,false,14,67,219,496,89,2,0,0,2,2023-08-22 13:37:46,
authorityprodirectory.com,true,14,156,8771102,0,0,4,0,0,4,2025-10-22 23:31:39,
sudanbiz.net,true,14,768,25058,204,23,14,0,0,0,2025-07-31 22:55:27,
sighet247.ro,false,14,250,1347,577,6,1,0,0,1,2025-03-04 06:06:13,
smartviet.com.vn,true,14,17,1721,0,1,1,1,0,0,2026-05-20 15:53:33,
stireasucevei.ro,false,14,114,407,5,7,1,0,0,1,2023-04-21 20:43:40,
marketinghubdirectory.com,true,14,198,8777040,0,0,4,0,0,4,2025-08-19 09:57:34,
rankongoogle.agency,true,14,168,1,0,0,2,0,2,0,2025-12-08 18:51:08,2026-06-14 09:05:03
echoparknow.com,false,14,509,1001,3,2,2,0,0,0,2024-10-20 21:45:34,
kelseyjphotos.com,true,14,905,43729,0,0,18,4,0,0,2025-07-31 22:53:52,
berlin-immobilien-verkaufen.de,true,14,445,20009,0,1,1,1,0,0,2026-04-17 08:16:57,
landhotel-zumstaffelwirt.de,true,14,262,11708,12,5,5,0,0,0,2025-12-25 13:54:19,
aidirectoryzone.com,true,14,360,0,0,0,2,0,2,2,2025-06-04 14:00:27,2026-04-05 23:38:23
cornerstoneraleigh.org,false,14,2137,12577,2,3,18,11,0,0,2025-11-29 09:11:39,
smartdirectoryhub.com,true,14,165,8762877,0,0,4,0,0,4,2025-09-29 03:55:14,
sportprofit.ro,true,14,120,779,0,0,1,0,0,1,2024-09-28 02:14:00,
contactoproyectos.com,true,14,888,207,0,0,1,0,1,0,2025-10-29 22:46:58,2026-05-31 22:32:58
fresh24.ro,false,14,153,377,0,0,2,1,0,2,2023-03-06 18:20:56,
pitesti24.ro,false,14,64,307,1213,159,2,0,0,2,2023-06-28 21:02:04,
morikouji.jp,true,14,393,11223,1,1,1,0,0,0,2025-03-04 16:04:22,
invengenio.com,true,14,121,2524,0,0,7,0,0,0,2025-11-17 13:35:13,
agromedia.ro,false,14,207,280,4,17,1,0,0,1,2023-03-06 16:39:05,
ab-skovledet.dk,true,14,247,3069,0,0,1,0,1,0,2025-12-19 17:32:33,2026-06-18 10:32:11
shiatsutherapy.org,true,13,198,22799,0,1,10,0,0,0,2025-09-16 03:24:20,
crittendenonline.com,true,13,411,13329,0,0,5,0,0,0,2025-08-29 12:42:30,
ecogripzone.com,true,13,392,2232,0,1,1,0,1,0,2025-08-19 15:08:18,2026-05-14 23:22:44
aperd.co.jp,true,13,119,3831,0,0,1,0,1,0,2025-10-01 07:30:10,2026-04-28 22:04:11
seowebsitesdirectory.com,true,13,188,8770039,0,0,4,0,0,4,2025-10-04 01:54:59,
territoiressud.org,true,13,591,43,0,0,1,0,0,0,2025-12-09 10:18:27,
hayeon.net,true,13,521,23764,4,4,1,0,0,0,2025-10-18 16:39:54,
ameeralbaher.com,true,13,1004,15268,0,0,2,0,1,0,2025-09-20 08:26:16,
traffichubdirectory.com,true,13,174,8777078,0,0,4,0,0,4,2025-09-29 14:47:13,
soicaumienbac368.com,true,13,369,3059,0,0,12,12,0,0,2026-05-06 02:19:54,
alternamed.ro,false,13,38,57,0,1,1,0,1,1,2025-01-23 04:05:57,2026-04-09 13:36:54
quadrat.ro,true,13,658,45804,16,37,2,0,0,0,2025-02-15 06:56:17,
timeshasampson.com,true,13,418,10571,0,0,7,2,0,0,2025-09-22 10:47:45,
livitbelize.com,false,13,422,1976,55,9,2,0,2,0,2025-08-09 20:39:14,2026-04-27 05:24:07
homeupgradepros.com,true,13,381,8804,0,0,6,0,0,0,2025-12-14 02:35:43,
rankpilot.shop,true,13,611,0,0,0,2,0,0,0,2025-09-30 21:55:01,
smilingtiger.com,true,13,1300,7977,0,0,6,0,6,0,2025-04-24 15:55:17,2026-05-16 16:24:02
presale-vancouver.ca,true,13,1042,45237,0,0,9,0,0,0,2025-12-20 18:01:43,
ponturihunter.com,false,13,66,62,6824,114,2,0,0,2,2025-01-02 03:09:22,
topsiterankdirectory.com,true,13,100,8772417,0,0,4,0,0,4,2025-10-18 20:58:48,
ferienwohnung-augsburgland.de,true,13,519,56382,0,0,1,1,0,0,2026-06-05 06:04:21,
nr2d.com,true,13,449,157,0,0,1,0,1,0,2025-10-23 10:43:52,2026-04-02 23:01:31
calatoriaperfecta.ro,false,13,173,1062,562,180,1,0,0,1,2023-11-20 14:56:07,
geekhub.it,true,13,492,12606,0,0,16,0,10,0,2025-12-21 05:50:47,
highauthoritydirectory.com,true,13,1530,8762808,0,0,4,0,0,4,2025-09-12 13:46:21,
agroinsursas.com,true,13,717,27111,0,0,2,2,0,0,2026-03-30 14:16:50,
traiestemuzica.ro,false,13,285,398,326,235,1,0,0,1,2023-04-03 17:59:23,
sibieni.ro,false,13,46,220,499,96,2,0,0,2,2024-05-15 07:57:17,
ventscrunch.com,true,13,919,11947,0,0,4,0,0,0,2025-12-14 23:12:54,
haslaws.com,true,13,277,219,0,0,4,0,4,0,2026-02-17 13:18:38,2026-04-29 10:28:58
ghid-turistic.ro,false,13,70,143,103,50,2,0,0,2,2024-02-28 09:45:23,
bzt.ro,false,13,136,1248,7,5,9,0,0,9,2020-05-05 02:01:34,
ameriprosautobody.com,true,13,838,10561,0,0,2,0,0,0,2025-09-16 08:06:09,
thvadvogados.com.br,true,13,903,27704,0,0,4,0,4,0,2025-09-23 03:26:46,2026-05-17 00:22:23
60mbatiment.fr,true,13,885,22004,0,1,7,7,0,0,2026-04-26 03:34:19,
ito-ss.co.jp,true,12,697,9512,4,7,6,6,0,0,2026-04-18 22:39:13,
teatroabrescia.it,true,12,1146,54153,0,7,4,0,0,0,2025-09-30 17:53:38,
jurnalulph.ro,false,12,227,1159,263,73,5,0,0,5,2022-01-11 08:59:13,
kentarou.net,true,12,854,36504,0,0,2,2,0,0,2026-04-21 14:09:22,
lopezexpressgt.com,true,12,1125,20026,1,1,2,0,0,0,2025-09-01 19:45:03,
stiriactuale.ro,false,12,188,969,9,10,4,2,2,4,2025-08-20 18:56:16,
poesiademorras.com,true,12,591,7282,2346,351,5,0,0,0,2025-01-29 19:22:59,
ijpfiasi.ro,true,12,422,13317,0,0,7,0,0,0,2025-03-30 14:51:30,
medicina-umana.ro,false,12,50,205,206,77,2,0,0,2,2024-05-17 11:27:42,
ibake2016.com,true,12,2481,86,0,1,86,0,86,0,2025-09-30 18:29:21,2026-05-24 14:32:33
clujazi.ro,false,12,68,568,45,6,1,0,0,1,2023-09-27 17:19:56,
powerlinkdirectory.com,true,12,120,8773512,0,0,4,0,0,4,2025-10-03 20:12:15,
jesuslovesnewlondon.com,true,12,685,9,0,0,1,0,1,0,2025-10-23 15:37:50,2026-05-08 12:30:16
solodirectoryzone.com,true,12,113,0,0,0,2,0,2,2,2025-06-05 06:41:20,2026-04-05 04:49:00
cluj360.ro,false,12,49,143,17,26,1,0,0,1,2024-10-19 10:41:57,
desa.com.my,true,12,685,57442,0,0,2,1,0,0,2025-10-20 08:02:24,
smartcabsnorwich.co.uk,true,12,739,27322,0,0,25,22,0,0,2026-02-13 14:35:10,
lavie-ephrat.co.il,true,12,248,13955,0,0,12,12,0,0,2026-04-17 19:44:57,
romaniabusiness.biz,false,12,195,845,1,1,2,0,0,0,2025-02-27 13:44:42,
seo-anomaly-wave.online,true,12,682,0,0,0,42,0,42,0,2025-05-02 07:14:11,2026-04-08 17:10:19
suenosdebodas.com.ve,true,12,784,7612,0,0,9,0,0,0,2025-08-01 01:30:10,
primesolodirectory.com,true,12,51,8777693,0,0,4,0,0,4,2025-09-30 07:17:41,
curierulderamnic.ro,false,12,76,1152,86,17,1,0,0,1,2022-10-13 10:36:33,
seo-anomaly-traffic.online,true,12,671,0,0,0,88,0,88,0,2025-05-03 06:40:46,2026-04-14 04:17:26
spottedcow.media,true,12,627,35462,8,2,2,2,0,0,2026-05-22 23:05:31,
bit24.ro,false,12,164,1373,788,44,3,0,0,3,2024-10-21 09:18:03,
seo-anomaly-turbo.online,true,12,680,0,0,0,88,0,88,0,2025-05-05 15:31:27,2026-04-09 07:10:20
constantadeazi.ro,false,12,164,730,944,92,2,0,0,2,2021-10-03 17:28:55,
seo-anomaly-launch.online,true,12,695,0,0,0,36,0,36,0,2025-05-02 00:04:55,2026-04-07 20:15:17
jupanu.ro,false,12,94,141,0,1,1,0,0,1,2023-07-03 14:04:23,
seo-anomaly-gamma.online,true,12,671,0,0,0,40,0,40,0,2025-05-03 22:08:23,2026-04-13 08:08:38
tintsandtools.com,true,12,682,29,0,1,26,0,26,0,2025-01-29 20:17:29,2026-04-16 01:55:03
grubtechnologies.com.mx,true,12,550,11,0,0,4,0,4,0,2025-07-25 17:59:30,2026-04-29 12:38:58
ahrefs-links.com,true,12,175,8768740,0,0,4,0,0,4,2025-09-30 05:23:44,
vanisedainese.com.br,true,12,1414,17360,0,1,8,0,0,0,2025-05-13 21:53:10,
interesargesean.ro,false,12,127,254,188,31,1,1,0,1,2026-04-03 06:35:41,
jazminsbeautysalon.be,true,12,793,154975,27,3,2,2,2,2,2026-04-22 14:57:57,2026-05-30 17:52:06
seo-anomaly-growth.online,true,12,681,0,0,0,8,0,8,0,2025-05-05 17:53:55,2026-04-12 08:57:47
seo-anomaly-blueprint.online,true,12,691,1,0,0,5,0,5,0,2025-05-04 08:54:29,2026-04-07 08:44:17
pkiener.com,true,12,784,54,0,0,2,0,2,0,2025-08-02 08:20:32,2026-04-17 07:42:07
atacul.ro,false,12,165,736,1735,40,2,0,0,2,2022-01-30 05:28:26,
laurelstreetsmiles.com,true,12,754,13047,13,4,2,1,1,0,2025-10-24 02:49:13,
constanteni.ro,false,12,54,294,1416,178,3,0,0,3,2022-07-25 00:30:34,
bigtrakisback.com,true,11,1042,719,0,0,218,0,218,0,2025-12-16 20:37:30,2026-05-05 19:10:22
harmonise.org.uk,true,11,262,7566,13,1,2,0,0,0,2025-08-24 05:43:39,
seo-anomaly-spark.online,true,11,678,0,0,0,11,0,11,0,2025-05-05 05:58:17,2026-04-08 15:07:19
roman24.ro,false,11,171,756,157,28,4,0,0,4,2021-10-28 02:16:32,
cinebuzztimes.com,true,11,748,13933,0,1,18,0,0,0,2025-08-24 21:14:10,
tomorrow505.xyz,true,11,492,204728,0,0,1,0,1,1,2025-12-01 22:57:15,2026-05-31 01:03:55
capetownthing.co.za,true,11,451,21889,0,0,3,3,0,0,2026-04-18 22:16:55,
seo-anomaly-quest.online,true,11,678,0,0,0,4,0,4,0,2025-05-12 22:44:42,2026-04-02 15:49:13
cronicaolteniei.ro,false,11,72,656,2,7,4,0,0,4,2024-09-03 22:45:18,
toptierdirectory.com,true,11,87,8766179,0,0,4,0,0,4,2025-10-04 20:28:57,
seo-anomaly-onpage.online,true,11,665,0,0,0,41,0,41,0,2025-05-02 04:07:34,2026-04-09 14:11:41
milennium-global.net,true,11,346,5848,0,0,1,0,0,0,2025-08-05 16:15:39,
bmstrading.ca,true,11,898,9034,0,0,1,0,0,0,2025-12-01 19:04:56,
smlive.ro,true,11,156,1575,80,29,2,0,0,2,2022-08-23 16:28:12,
dotnxt.om,true,11,294,11867,0,1,154,0,0,0,2025-11-11 20:03:11,
seo-anomaly-energy.online,true,11,705,0,0,0,36,0,36,0,2025-05-02 23:11:53,2026-04-11 11:55:59
schreinerei-oberthulba.de,true,11,228,7296,0,0,1,0,0,0,2025-08-24 16:50:44,
stiriromania.ro,false,11,224,564,83,38,1,0,0,1,2022-11-03 23:26:20,
themasterdirectory.com,true,11,89,8770701,0,0,4,0,0,4,2025-09-29 05:54:17,
seo-anomaly-hub.online,true,11,667,0,0,0,10,0,10,0,2025-05-04 20:16:59,2026-04-04 02:28:55
primedirectoryzone.com,true,11,73,0,0,0,2,0,2,2,2025-08-01 06:07:14,2026-03-31 05:35:19
list.show,true,11,142,102,0,0,3,0,0,0,2025-11-10 10:16:35,
kingbluecondos.ca,true,11,749,36045,0,0,17,3,0,0,2025-09-03 14:03:28,
zdp.ro,false,11,190,729,119,34,2,2,0,2,2026-05-06 22:42:18,
paynegeo.com.au,true,11,462,8249,0,0,1,0,0,0,2025-01-31 17:30:20,
mercadodevillaverde.net,true,11,410,39824,106,15,43,0,1,0,2025-10-03 22:24:07,
jocaparat.ro,true,11,113,15,0,0,7,7,0,7,2026-04-18 00:44:23,
seo-anomaly-summit.online,true,11,678,0,0,0,42,0,42,0,2025-05-13 18:45:29,2026-04-03 06:35:54
aibacklinkdirectory.com,true,11,77,0,0,0,4,0,4,4,2025-08-26 17:40:06,2026-04-18 04:04:07
stiripescurt.ro,false,11,145,112,8,6,1,0,0,1,2022-07-12 21:19:58,
academia.edu.gt,true,11,825,12102,1,3,315,0,0,0,2026-01-07 18:51:33,
seo-anomaly-content.online,true,11,673,0,0,0,96,0,96,0,2025-05-02 07:54:36,2026-04-06 14:25:42
bergasushi.nu,true,11,496,12671,691,10,8,8,0,0,2026-05-01 20:42:44,
sips.re.kr,false,11,401,1985,19,10,2,0,0,0,2025-12-16 21:18:31,
4x4adventure.ro,true,11,53,684,806,175,1,0,0,1,2023-11-22 00:24:17,
ploiesteni.ro,false,11,33,114,114,32,4,0,2,4,2024-08-27 19:09:28,
delos.co.in,true,11,530,5659,0,2,26,0,26,0,2025-09-17 08:35:32,2026-04-20 19:35:15
gumtarg.pl,true,11,500,22963,2,1,1,1,0,0,2026-05-16 02:52:22,
cvww.org.uk,true,11,222,3419,0,0,1,0,0,0,2026-03-17 03:37:43,
taneliukai.com,true,11,133,7294,18,4,26,4,5,0,2025-09-08 20:36:52,
haugstrupgaard.dk,true,11,196,7395,21,7,18,0,9,0,2025-10-15 07:45:51,
seo-anomaly-guru.online,true,11,692,0,0,0,64,0,64,0,2025-05-02 02:53:42,2026-04-10 04:57:51
safecam.org,true,11,925,16408,0,3,9,0,6,0,2025-09-23 03:44:57,
seo-anomaly-forge.online,true,11,724,0,0,0,36,0,36,0,2025-05-04 20:18:02,2026-04-06 10:39:04
icobgr.info,true,10,71,1654,0,0,1,0,1,0,2025-08-23 19:01:44,2026-04-28 11:06:04
sieubep.com,true,10,696,11,0,0,4,0,4,0,2025-08-02 00:10:47,2026-04-29 02:26:58
michaelgreenwood.co.uk,true,10,337,5790,0,0,4,0,4,0,2025-01-29 21:09:19,2026-04-27 09:39:22
seo-anomaly-revolution.online,true,10,685,0,0,0,51,0,51,0,2025-05-03 11:35:37,2026-04-09 04:49:47
revista-femeia.ro,false,10,508,457,925,106,1,0,0,1,2025-03-14 23:45:10,
seo-anomaly-analytics.online,true,10,665,0,0,0,188,0,188,0,2025-05-02 12:57:14,2026-04-21 03:43:30
jipanco.fr,true,10,211,2909,0,0,18,0,18,0,2025-09-26 11:09:53,2026-06-05 19:47:07
seo-anomaly-optimization.online,true,10,662,0,0,0,62,0,62,0,2025-05-05 17:10:53,2026-04-08 08:32:12
kunden-erfahrungen.com,true,10,630,41755,0,0,4,0,0,0,2025-09-08 13:05:35,
seo-anomaly-foundry.online,true,10,711,0,0,0,67,0,67,0,2025-05-05 17:33:43,2026-04-18 17:25:38
unique-creativity.com,true,10,610,38279,0,0,34,2,0,0,2025-09-24 23:17:45,
seo-anomaly-mastery.online,true,10,683,0,0,0,48,0,48,0,2025-05-05 13:51:53,2026-04-08 08:04:59
gorjdomino.ro,false,10,144,66,592,37,1,0,0,1,2026-03-10 09:37:30,
tamasha.blog,true,10,150,5611,0,0,3,0,0,0,2025-09-16 01:18:48,
findit.co.in,false,10,41,2,2,3,2,2,0,0,2026-05-22 23:16:15,
seo-anomaly-path.online,true,10,687,0,0,0,43,0,43,0,2025-05-01 20:48:24,2026-04-04 12:32:04
newsallert.ro,false,10,84,296,398,41,1,0,0,1,2024-09-13 21:39:49,
seo-anomaly-incubator.online,true,10,699,0,0,0,12,0,12,0,2025-05-03 21:54:16,2026-04-09 22:45:38
seo-anomaly-studio.online,true,10,707,0,0,0,38,0,38,0,2025-05-02 00:32:22,2026-04-10 12:01:36
seo-anomaly-beacon.online,true,10,704,0,0,0,46,0,46,0,2025-05-11 03:24:53,2026-04-05 16:33:29
botosaniexpres.ro,false,10,77,17,0,2,3,0,3,3,2023-04-01 11:17:14,2026-05-06 14:38:45
ultimasnoticiasvenezuela.com,true,10,626,29164,0,1,10,0,0,0,2026-01-21 04:50:16,
vasluianul.ro,false,10,75,20,953,26,3,0,0,0,2024-08-01 02:17:19,
kanma-marketing.com,true,10,379,82,0,0,6,2,6,0,2026-01-10 23:38:30,2026-05-31 11:35:55
seo-anomaly-vortex.online,true,10,695,0,0,0,79,0,79,0,2025-05-03 02:49:41,2026-04-10 09:55:30
formarecrut.com,true,10,542,12217,4,18,5,0,0,0,2025-10-20 10:11:40,
seo-anomaly-dynamo.online,true,10,686,0,0,0,136,0,136,0,2025-05-01 23:26:01,2026-04-13 00:51:16
seo-anomaly-innovation.online,true,10,684,0,0,0,51,0,51,0,2025-05-02 22:33:07,2026-04-11 11:19:07
seo-anomaly-pulse.online,true,10,689,0,0,0,37,0,37,0,2025-05-02 15:49:28,2026-04-07 15:09:50
seo-anomaly-pinnacle.online,true,10,692,0,0,0,51,0,51,0,2025-05-05 06:54:44,2026-04-07 23:34:21
observnews.ro,false,10,39,431,0,0,2,0,0,2,2023-04-18 17:36:12,
seobooastdirectory.com,true,10,339,0,0,0,2,0,2,2,2025-05-18 15:48:23,2026-03-29 02:10:54
magicalmakingup.net,true,10,202,1327,0,0,1,0,1,0,2025-05-18 06:15:44,2026-05-05 17:29:07
storm-hold.com,true,10,601,6619,0,0,1,0,0,0,2025-08-29 21:10:35,
almanahonline.ro,false,10,169,153,0,0,2,0,0,2,2024-03-20 01:05:57,
seo-anomaly-scenario.online,true,10,707,0,0,0,31,0,31,0,2025-05-02 05:44:49,2026-04-16 16:32:41
seo-anomaly-ranking.online,true,10,676,0,0,0,5,0,5,0,2025-05-03 16:13:25,2026-04-08 07:52:44
seo-anomaly-audit.online,true,10,676,0,0,0,11,0,11,0,2025-05-03 05:29:42,2026-04-09 15:32:23
seo-anomaly-evolution.online,true,10,695,0,0,0,50,0,50,0,2025-05-04 22:57:52,2026-04-10 08:17:15
seo-anomaly-catalyst.online,true,10,696,0,0,0,12,0,12,0,2025-05-03 12:48:57,2026-04-06 09:14:07
seo-anomaly-best.online,true,10,665,0,0,0,8,0,8,0,2025-05-03 06:27:24,2026-04-09 05:46:01
seo-anomaly-insight.online,true,10,695,0,0,0,51,0,51,0,2025-05-03 12:46:29,2026-04-08 05:41:27
seo-anomaly-alpha.online,true,10,674,0,0,0,9,0,9,0,2025-05-03 09:13:52,2026-04-06 20:02:26
roulettecalculators.com,false,10,156,136,4,1,15,0,6,0,2025-12-03 17:24:12,
seo-anomaly-prime.online,true,10,679,0,0,0,95,0,95,0,2025-05-02 05:52:18,2026-04-12 01:33:03
informatiadeseverin.eu,false,10,72,235,9,5,1,0,0,1,2023-11-02 20:18:10,
seo-anomaly-pivot.online,true,10,679,0,0,0,30,0,30,0,2025-05-02 07:04:30,2026-04-08 16:29:00
seo-anomaly-zenith.online,true,10,685,0,0,0,68,0,68,0,2025-05-02 18:44:52,2026-04-13 07:29:18
seo-anomaly-mobile.online,true,10,684,0,0,0,51,0,51,0,2025-05-02 03:41:44,2026-04-08 03:19:01
seo-anomaly-rocket.online,true,10,678,0,0,0,57,0,57,0,2025-05-05 14:13:03,2026-04-06 06:07:54
seo-anomaly-synergy.online,true,10,677,0,0,0,55,0,55,0,2025-05-02 19:07:37,2026-04-03 18:41:30
eldekahealth.net,true,10,612,17602,0,0,11,0,0,0,2025-09-22 01:42:38,
drcatherinebehzad.com,true,10,823,15604,0,0,22,0,0,0,2025-09-29 15:06:20,
seo-anomaly-digital.online,true,10,666,0,0,0,12,0,12,0,2025-05-02 20:15:06,2026-04-09 17:17:34
fitted.ro,false,10,83,660,50,18,1,0,0,1,2023-06-27 04:45:27,
seo-anomaly-shift.online,true,10,681,0,0,0,72,0,72,0,2025-05-01 23:28:01,2026-04-07 04:21:37
seo-anomaly-voyage.online,true,10,690,0,0,0,9,0,9,0,2025-05-04 07:56:04,2026-04-10 01:39:00
seo-anomaly-algorithm.online,true,10,677,0,0,0,129,0,129,0,2025-05-04 06:26:48,2026-04-07 07:06:54
seo-anomaly-orbit.online,true,10,689,0,0,0,91,0,91,0,2025-05-02 06:51:17,2026-04-09 10:28:47
seo-anomaly-pro.online,true,10,680,0,0,0,60,0,60,0,2025-05-03 10:45:11,2026-04-08 07:03:28
seo-anomaly-engine.online,true,10,705,0,0,0,9,0,9,0,2025-05-08 01:30:15,2026-04-05 09:08:46
seo-anomaly-keywords.online,true,10,688,0,0,0,6,0,6,0,2025-05-03 03:21:41,2026-04-07 18:11:13
greattraveladvisor.com,true,10,589,29715,0,0,2,2,0,0,2026-05-25 21:09:53,
seo-anomaly-lab.online,true,10,686,0,0,0,35,0,35,0,2025-05-04 01:41:17,2026-04-12 06:45:50
seo-anomaly-arrow.online,true,10,692,0,0,0,168,0,168,0,2025-05-02 02:29:02,2026-04-09 05:44:49
seo-anomaly-vision.online,true,10,658,0,0,0,4,0,4,0,2025-05-02 01:49:41,2026-04-10 19:55:07
seo-anomaly-fusion.online,true,10,698,0,0,0,10,0,10,0,2025-05-05 09:32:59,2026-04-09 21:22:54
seo-anomaly-delta.online,true,10,687,0,0,0,12,0,12,0,2025-05-06 03:34:08,2026-04-07 05:33:36
seo-anomaly-expert.online,true,10,681,0,0,0,36,0,36,0,2025-05-07 01:32:29,2026-04-08 09:54:09
seo-anomaly-genesis.online,true,10,699,0,0,0,53,0,53,0,2025-05-02 05:11:57,2026-04-10 23:26:40
seo-anomaly-edge.online,true,10,676,0,0,0,11,0,11,0,2025-05-01 22:33:15,2026-04-08 20:36:02
seo-anomaly-beta.online,true,10,684,0,0,0,9,0,9,0,2025-05-08 17:00:28,2026-04-08 10:54:17
larex.co.il,true,10,872,6817,0,0,1,1,0,1,2026-05-04 08:57:15,
seo-anomaly-strategy.online,true,10,665,0,0,0,40,0,40,0,2025-05-08 09:34:37,2026-04-10 14:47:03
seo-anomaly-vantage.online,true,10,682,0,0,0,48,0,48,0,2025-05-03 01:12:17,2026-04-05 15:09:48
brave-nà.com,true,10,302,41,0,0,3,0,1,0,2025-02-23 07:55:54,
seo-anomaly-design.online,true,10,698,0,0,0,7,0,7,0,2025-05-05 22:39:24,2026-04-04 15:20:11
seo-anomaly-station.online,true,10,699,0,0,0,55,0,55,0,2025-05-02 01:07:52,2026-04-09 15:43:23
seo-anomaly-sprint.online,true,10,687,0,0,0,33,0,33,0,2025-05-13 22:53:28,2026-04-14 04:01:39
seo-anomaly-voice.online,true,10,675,0,0,0,9,0,9,0,2025-05-03 23:54:18,2026-04-10 02:17:53
seo-anomaly-metrics.online,true,10,666,0,0,0,96,0,96,0,2025-05-02 07:50:12,2026-04-12 13:22:24
seo-anomaly-marketing.online,true,10,677,0,0,0,95,0,95,0,2025-05-02 18:37:19,2026-04-11 07:41:36
seo-anomaly-concept.online,true,10,694,0,0,0,48,0,48,0,2025-05-02 00:02:21,2026-04-08 16:10:07
seo-anomaly-offpage.online,true,10,699,0,0,0,7,0,7,0,2025-05-08 23:23:12,2026-04-07 23:07:07
seo-anomaly-drive.online,true,10,680,0,0,0,87,0,87,0,2025-05-03 03:33:32,2026-04-10 07:02:02
seo-anomaly-sigma.online,true,10,686,0,0,0,67,0,67,0,2025-05-08 17:25:21,2026-04-08 19:30:55
websiterace.com,true,10,87,400056499,0,0,4,4,0,4,2026-05-18 00:41:41,
seo-anomaly-nexus.online,true,10,687,0,0,0,8,0,8,0,2025-05-11 09:51:34,2026-04-04 19:38:01
thedirectoryportal.com,true,10,141,0,0,0,2,0,2,2,2025-08-05 08:11:07,2026-04-11 02:01:56
seo-anomaly-jump.online,true,10,687,0,0,0,60,0,60,0,2025-05-03 12:30:45,2026-04-06 09:49:52
seo-anomaly-mission.online,true,10,686,0,0,0,65,0,65,0,2025-05-02 15:07:53,2026-04-09 06:02:19
marmaraelectronic.com,true,10,940,574,0,1,3,0,3,0,2025-09-05 08:04:49,2026-05-09 15:29:08
seo-anomaly-technical.online,true,10,673,0,0,0,64,0,64,0,2025-05-01 23:54:13,2026-04-10 01:03:22
seo-anomaly-surge.online,true,10,691,0,0,0,118,0,118,0,2025-05-02 12:48:55,2026-04-14 17:20:53
seo-anomaly-shine.online,true,10,677,0,0,0,35,0,35,0,2025-05-06 06:44:02,2026-04-07 15:36:08
seo-anomaly-wizard.online,true,10,688,0,0,0,77,0,77,0,2025-05-04 16:28:40,2026-04-16 14:15:52
seo-anomaly-local.online,true,10,676,0,0,0,36,0,36,0,2025-05-02 20:42:49,2026-04-07 16:59:48
seo-anomaly-leap.online,true,10,685,0,0,0,135,0,135,0,2025-05-03 14:06:55,2026-04-06 04:45:00
kringelholt.dk,true,10,623,38565,2,3,34,3,3,0,2025-09-24 07:39:41,
seo-anomaly-realm.online,true,10,678,0,0,0,95,0,95,0,2025-05-03 07:04:42,2026-04-05 12:57:43
seo-anomaly-canvas.online,true,10,710,0,0,0,5,0,5,0,2025-05-02 17:00:01,2026-04-06 15:07:25
ziarulzigzag.ro,false,10,43,152,90,28,1,0,0,1,2023-07-10 10:22:59,
seo-anomaly-apex.online,true,10,675,0,0,0,3,0,3,0,2025-05-02 02:52:35,2026-04-08 03:55:49
seo-anomaly-backlinks.online,true,10,676,0,0,0,9,0,9,0,2025-05-04 16:48:51,2026-04-10 07:45:53
seo-anomaly-ignition.online,true,10,683,0,0,0,8,0,8,0,2025-05-02 07:13:25,2026-04-06 19:57:58
seo-anomaly-cool.online,true,10,666,0,0,0,45,0,45,0,2025-05-09 12:55:02,2026-04-08 16:57:15
seo-anomaly-peak.online,true,10,675,0,0,0,7,0,7,0,2025-05-03 16:01:46,2026-04-05 10:35:11
seo-anomaly-apogee.online,true,10,667,0,0,0,19,0,19,0,2025-05-01 19:09:53,2026-04-12 18:11:44
seo-anomaly-horizon.online,true,10,673,0,0,0,36,0,36,0,2025-05-03 11:15:43,2026-04-20 16:01:11
seo-anomaly-visibility.online,true,10,677,0,0,0,7,0,7,0,2025-05-02 22:21:13,2026-04-05 05:07:54
seo-anomaly-frontier.online,true,10,671,0,0,0,30,0,30,0,2025-05-02 02:46:46,2026-04-07 04:31:20
walisha.org,false,9,1954,132,6,5,1,0,1,0,2026-03-10 05:33:49,2026-03-29 13:20:26
newseurope.info,false,9,204,4145,0,0,1,0,0,1,2023-09-01 00:51:34,
seo-anomaly-focus.online,true,9,674,0,0,0,47,0,47,0,2025-05-01 20:15:33,2026-04-15 03:22:05
seo-anomaly-echo.online,true,9,677,0,0,0,7,0,7,0,2025-05-12 05:17:27,2026-04-05 06:59:41
seo-anomaly-boost.online,true,9,674,0,0,0,39,0,39,0,2025-05-02 04:58:05,2026-04-13 04:24:15
seo-anomaly-trail.online,true,9,690,0,0,0,77,0,77,0,2025-05-02 11:20:45,2026-04-08 00:26:17
alazharcilacap.sch.id,true,9,436,7846,0,0,2,0,0,0,2026-02-24 19:43:03,
omarghanem.com.br,true,9,338,6575,1,3,4,0,0,0,2025-03-14 04:11:18,
zenithprobar.com,true,9,400,4319,0,0,7,7,0,0,2026-05-17 15:12:19,
macula-systems.com,true,9,798,9576,0,0,2,2,0,0,2026-06-23 16:43:07,
ziuaonline.com,false,9,71,770,179,15,2,0,0,2,2024-08-29 11:10:41,
seo-anomaly-clarity.online,true,9,662,0,0,0,83,0,83,0,2025-05-01 20:30:45,2026-04-08 14:28:43
casapaiva.pt,true,9,274,20566,4,1,5,5,0,0,2026-04-01 15:52:04,
mbcm.in,true,9,264,10466,0,2,53,25,19,0,2026-01-02 04:28:26,
charmemedical.com,true,9,157,6555,137,32,25,0,0,0,2025-08-24 19:45:51,
simplygaurav.com,true,9,279,77938,0,0,434,15,3,0,2025-07-30 15:55:17,
drdeco.ro,false,9,54,93,85,37,1,0,0,1,2025-02-26 10:37:13,
newsblogsports.site,true,9,18,48647660,0,0,4,4,0,4,2026-05-08 04:24:01,
framesgalleyuae.com,true,9,600,6,0,0,3,0,3,0,2025-12-10 18:11:06,2026-04-05 22:17:32
addurl.in,false,9,42,1,214,25,2,2,0,0,2026-05-17 16:35:03,
autoservants.com,true,9,701,6257,0,0,4,0,0,0,2025-08-06 07:14:18,
sakinatou.com,true,9,228,8361,0,1,3,3,1,0,2026-04-11 15:21:28,
smartkey.com.my,true,9,276,5039,0,0,2,0,2,0,2025-09-04 02:49:03,2026-06-13 23:09:46
alljobs.info,true,9,164,401664447,0,0,4,4,0,4,2026-05-12 20:51:52,
betterparent.id,true,9,273,1550,0,0,2,0,2,0,2025-03-31 14:57:27,2026-04-16 16:01:08
crystalshk.com,true,9,3556,13783,0,3,2,0,0,0,2025-09-24 03:41:43,
iesjuandopazo.es,true,9,358,6425,567,284,33,0,1,0,2025-02-07 20:17:18,
robuta.com,true,9,40,1197273,0,0,14,14,1,14,2026-04-14 10:35:39,
kempol.de,true,9,1166,12062,0,1,3,0,0,0,2025-09-28 21:52:53,
qwer.ro,false,9,41,1164,0,4,1,0,0,1,2023-04-09 04:06:17,
stirihub.ro,false,9,22,607,1,5,2,0,0,2,2023-06-26 21:16:46,
bdjokes.com,true,9,547,7004,0,0,9498,7120,6799,0,2025-08-26 21:40:26,
wonder.ro,true,9,101,1163,4,5,1,0,0,1,2023-09-21 13:43:37,
inlinenow.com,true,9,525,17101,0,0,40,8,13,0,2025-08-01 22:56:23,
gaister.com,true,9,173,1488,0,0,1,0,0,0,2025-09-26 19:02:27,
topganlasers.com,true,9,151,13096,32,1,6,0,0,0,2025-08-05 02:44:11,
dcoutesnjacob.com,true,9,662,6334,0,0,215,197,213,0,2025-09-07 06:41:55,
allinone.co.in,true,9,40,2,0,0,2,2,0,0,2026-05-23 09:36:26,
polispecialisticomedical.it,true,9,214,2550,0,0,1,0,1,0,2025-03-22 05:42:21,2026-04-23 08:13:46
kardes.com.tr,false,9,407,144,0,1,7,0,7,0,2025-09-30 19:51:57,2026-04-11 08:20:47
cdj-bouffort.com,true,9,478,92956,0,5,52,1,6,0,2025-03-07 18:05:24,
systeckllc.com,true,9,473,37876,0,0,22,12,0,0,2025-10-22 00:27:18,
seoprodirectory.com,true,9,128,8763611,0,0,4,0,0,4,2026-01-02 02:09:23,
taviramonte.com,true,9,397,5597,0,1,4,0,0,0,2026-02-16 03:27:40,
seo-anomaly-dynamic.online,true,9,717,0,0,0,4,0,4,0,2025-05-04 10:31:19,2026-04-04 05:54:09
ocnamuresonline.ro,false,9,62,457,173,5,1,0,0,1,2023-07-19 16:53:20,
letsbdgo.xyz,true,9,300,2581,0,0,3,0,3,0,2025-09-27 19:21:40,2026-04-28 00:43:00
khajehfatholah.com,true,9,272,9740,0,0,10,0,0,0,2025-09-27 15:14:06,
primebeautylounge.com,true,9,837,51713,4,3,439,247,0,0,2026-01-06 23:33:23,
usaseodirectory.com,true,9,175,8768586,0,0,4,0,0,4,2025-10-03 03:34:24,
kqbd90p.com,true,9,1306,17418,0,3,7,4,3,7,2026-02-25 17:42:01,
thedorsay.com,true,9,373,6021,0,1,2,2,0,0,2026-05-13 14:27:33,
aydindograma.com,true,9,227,357,0,0,2,0,1,0,2025-04-27 12:11:22,
carsdaddy.com,true,9,277,4033,0,0,15,6,0,0,2025-09-30 22:01:14,
technewsmail.com,true,9,727,33993,0,0,117,0,0,0,2025-08-21 06:54:47,
delaveine.com,true,9,152,2651,53,12,4,0,0,0,2025-09-28 01:09:59,
orasulcluj.ro,false,9,126,802,244,50,1,0,0,1,2022-08-09 02:34:25,
tradingquant.com.br,true,9,795,1030,13,2,47,0,47,0,2025-12-20 11:18:18,2026-05-28 01:13:58
deluxehouses.ae,true,9,625,4070,0,0,9,0,0,0,2025-08-05 06:44:27,
proplayersports.com,true,9,542,34893,0,0,59,19,0,0,2025-07-23 21:48:36,
watermanindia.in,false,8,868,64,2,1,4,0,3,0,2025-10-18 14:44:14,
opiniedecarei.com,false,8,115,177,2369,32,1,0,0,1,2025-07-01 11:16:28,
barikada.ro,false,8,90,785,24,11,1,0,0,1,2022-06-20 05:18:11,
sanatyips.com,true,8,425,17931,36,17,89,0,0,0,2025-08-29 21:36:42,
globalherbalfarms.com,true,8,707,36695,16,3,80,66,59,80,2026-03-07 03:58:02,
qualifiedbuildinginspectors.co.nz,true,8,502,25740,0,0,9,9,0,0,2026-05-23 15:49:45,
e-bucuresti.ro,false,8,13,307,10,6,1,0,0,1,2024-05-14 16:25:03,
giurgiuonline.com,true,8,56,1304,0,0,4,0,0,4,2023-10-03 20:41:04,
ilait-reseller.com,true,8,739,49283,0,0,2,2,0,0,2026-05-11 03:14:29,
afrocasts.com,true,8,405,4532,0,0,2,2,0,0,2026-04-04 04:17:10,
adeal.re,true,8,243,5271,0,0,145,0,0,0,2025-02-06 22:51:25,
vanudenips.com,false,8,596,5367,2,3,253,1,246,0,2025-09-18 09:09:49,
bnb-housekeeping.co.uk,true,8,567,12083,0,0,4,0,0,0,2025-12-12 16:30:48,
tv2.ro,true,8,67,396,0,0,2,2,0,2,2026-05-17 00:21:33,
litoralpress.ro,false,8,26,201,1,3,1,0,0,1,2025-07-11 19:40:51,
ilnegoziologgia.it,true,8,735,1550,0,0,1,0,1,0,2025-09-07 10:01:37,2026-04-11 22:39:07
vpmarketingllc.com,true,8,690,26040,0,0,1,1,0,0,2026-05-04 11:30:24,
jirathaimassage.co.uk,true,8,559,29285,10,3,37,14,18,0,2025-09-03 20:01:23,
bbinary.net,true,8,86,4370,0,0,1,0,0,0,2025-09-03 06:07:53,
xedulichdaklak.com,true,8,486,139,0,0,2,2,2,0,2026-05-05 06:42:39,2026-06-15 12:50:50
askamominsurance.net,true,8,409,21337,0,0,19,8,9,0,2025-08-23 23:21:13,
uaestore.com,true,8,283,6780,51,29,12,12,12,0,2026-05-07 22:22:48,2026-06-28 21:00:49
cosmoselectrodes.in,true,8,553,3380,0,0,6,0,3,0,2025-09-13 16:35:48,
salarkhodroyeshomal.ir,true,8,139,10136,0,0,38,5,6,0,2025-08-19 17:09:11,
alligatorlaundromat.com,true,8,1037,1431,0,0,74,0,0,0,2025-08-28 11:23:47,
mensetsu-check21.net,true,8,321,26588,0,0,1,0,0,0,2025-11-29 17:47:36,
fishmag.ro,false,8,89,214,0,0,1,0,0,1,2025-05-07 19:13:22,
dambovitapress.ro,false,8,29,539,1,5,1,0,0,1,2023-04-18 13:55:28,
zimhoustonians.org,true,8,486,440,0,0,2,0,2,0,2025-09-24 16:41:30,2026-04-30 00:35:47
baominhstore.vn,true,8,465,2123,0,0,7,0,7,0,2025-08-26 12:49:29,2026-06-05 06:47:07
supremedirectory.com,true,8,69,0,0,0,4,0,4,4,2025-09-10 10:02:02,2026-04-17 13:20:30
banatnews.ro,false,8,15,831,1,4,2,0,0,2,2025-02-03 23:17:40,
bpwcyprus.online,true,8,207,12071,0,0,1,0,0,0,2025-07-23 22:57:18,
humanstories.in,true,8,491,5158,4,1,2,0,0,0,2025-08-27 04:02:33,
pearllynnbanks.com,true,8,332,15482,0,0,7,0,0,0,2025-07-29 03:20:54,
7starzmoving.ca,true,8,175,10244,0,0,11,0,0,0,2025-12-28 03:55:57,
lineaceramicasrl.com,true,8,553,23170,2,1,10,0,0,0,2025-09-03 06:08:14,
nhaxehungthinh.com.vn,true,8,161,16208,0,0,1,0,0,0,2025-07-27 10:45:27,
kvsrajgarh.com,true,7,599,4224,0,0,12,0,4,0,2025-07-31 01:32:38,
shopthefinest.com,false,7,581,674,481,119,188,0,188,0,2025-08-20 01:17:43,2026-05-10 04:32:07
zandlegal.com,true,7,390,9925,1,1,31,0,0,0,2025-10-24 09:17:05,
licitamos.cl,true,7,454,12002,86,16,108,0,0,0,2025-08-21 07:09:24,
hotrocovid19.net,true,7,806,14864,0,0,4,0,0,0,2026-01-24 13:46:31,
ufn.network,true,7,113,6891,13,10,22,0,0,0,2025-09-28 23:36:16,
clubatleticopilar.com,true,7,84,2242,32,11,176,1,1,0,2025-11-04 08:19:26,
cloorient.com,false,7,599,48,7,2,8,0,8,0,2025-11-30 06:15:48,2026-04-26 07:10:48
e-bitlis.com,true,7,878,21104,135,30,1,1,0,0,2026-06-14 14:18:16,
seo-balap-kaca.online,true,7,49,4,0,0,1,0,1,0,2025-05-30 08:37:32,2026-03-29 11:45:34
iotaseo-balap-kaca.online,true,7,50,0,0,0,60,0,60,0,2025-05-16 03:21:54,2026-04-20 13:15:15
seo-balap-keratonphi.online,true,7,49,1,0,0,1,0,1,0,2025-05-17 01:46:46,2026-04-01 00:28:04
seo-balap-kacapi.online,true,7,49,0,0,0,26,0,26,0,2025-05-17 19:37:11,2026-04-21 03:14:11
kappaseo-balap-neverdie.online,true,7,50,0,0,0,2,0,2,0,2025-05-20 13:06:05,2026-06-20 23:58:02
betaseo-balap.online,true,7,50,0,0,0,97,0,97,0,2025-05-31 13:25:39,2026-04-14 15:44:16
lankaadventureholidays.com,true,7,399,840,0,0,10,0,10,0,2025-12-13 15:44:30,2026-04-27 19:36:16
deltaseo-balap-tempur.online,true,7,49,0,0,0,1,0,1,0,2025-06-09 06:07:41,2026-03-31 16:19:23
tecupdate.com,false,7,194,9,22,44,4,0,0,0,2024-06-02 15:15:11,
isatekstil.com.tr,true,7,225,319,0,0,6,0,6,0,2025-08-14 07:55:28,2026-04-18 16:11:41
stirisportive.ro,false,7,157,31,268,72,2,0,2,2,2023-06-01 13:24:54,2026-06-23 20:55:41
observtot.ro,false,7,57,1655,50,2,1,0,0,1,2025-12-19 13:18:15,
ezfinancial.ca,true,7,299,6181,0,0,179,0,0,0,2025-09-08 09:02:04,
ycm.info,true,7,62,401715717,0,0,2,2,0,2,2026-06-12 01:19:17,
recozilla.com,true,7,466,6341,0,0,2,0,2,0,2025-08-05 00:04:08,2026-04-25 20:37:14
labucatarie.ro,false,7,110,295,19,12,1,0,0,1,2023-08-08 16:36:51,
powerworkselectric.com,true,7,511,51646,59,12,105,1,3,0,2025-10-02 03:38:35,
weeblydirectory.com,true,7,43,0,0,0,4,0,4,4,2025-08-28 23:46:12,2026-04-20 04:29:36
marketoneroom.com,true,7,363,7039,0,0,2,0,0,0,2025-06-02 05:49:42,
kilim-tv.com,true,7,99,2304,0,0,4,3,1,0,2025-06-18 11:08:20,
stiridinhunedoara.ro,false,7,71,261,642,28,2,0,0,2,2023-09-13 15:27:18,
primeseodirectory.com,true,7,33,0,0,0,4,0,4,4,2025-09-28 09:36:57,2026-04-20 10:28:42
earnplify.com,true,7,517,3914,0,0,1,0,0,0,2025-08-04 05:19:52,
aaifoundation.org,true,7,1006,9008,0,0,1,0,0,0,2026-03-23 19:49:45,
tekkaledogaltas.com,false,7,483,193,0,1,44,0,0,0,2025-10-02 17:14:23,
thesocialhouseja.com,true,7,688,48055,0,2,3,3,0,0,2026-05-13 20:39:02,
911auto.it,true,7,527,28720,29,23,235,12,0,0,2025-12-21 20:53:44,
adelaideaus.xyz,true,7,485,332320,0,0,2,0,2,2,2025-11-14 22:53:01,2026-05-15 03:37:25
datapointpos.com,true,7,249,6978,0,0,10,0,0,0,2025-09-10 11:10:25,
epedia.ro,false,7,32,179,1014,234,2,0,0,2,2023-09-25 23:44:52,
sisgroup.lk,false,7,539,14,1,1,1,0,1,0,2025-10-05 23:53:09,2026-04-22 04:02:54
perfilacosp.com,false,7,369,20,9,14,5,0,0,0,2025-10-06 21:32:18,
alinapink.ro,true,7,107,1591,0,1,5,0,0,5,2024-08-10 20:45:56,
antenadambovita.ro,false,7,143,152,3,2,2,0,0,2,2023-11-21 01:48:44,
marthataylorviolin.com,true,7,474,8916,0,0,32,0,32,0,2025-10-21 21:52:16,2026-05-23 05:42:22
rokolla.ro,true,7,40,1402,27,12,50,10,15,50,2018-04-13 00:20:55,
lugojexpres.ro,false,7,58,237,1059,42,1,0,0,1,2023-06-28 15:41:40,
auntsandysskinks.com,true,7,239,11532,4,7,12,12,10,0,2026-05-01 02:42:06,
suadienlanhhaiduong.com,true,7,730,129,0,0,1,1,1,0,2026-04-12 13:56:49,2026-05-12 13:52:05
observi.ro,false,6,51,693,1,4,1,0,0,1,2022-09-09 00:47:24,
directaircon.co.uk,true,6,598,18673,0,1,14,0,0,0,2025-09-12 02:53:04,
cleanzoid.com,true,6,641,12620,0,0,3,3,0,0,2026-05-04 20:37:45,
luminaryexperts.com,true,6,554,35319,0,0,2,0,0,0,2026-03-20 14:34:32,
babyoops.com.tw,true,6,210,6713,0,0,1,0,0,0,2026-02-16 14:20:02,
fusioncreations.co.uk,true,6,386,32650,0,0,14,12,0,0,2025-09-29 23:13:06,
drivingtesthelp.ca,true,6,488,1608,0,0,4,0,4,0,2025-12-27 14:22:51,2026-04-10 20:12:40
flickrdirectory.com,true,6,34,0,0,0,2,0,2,2,2025-10-31 21:58:20,2026-04-14 14:50:37
craze.cl,true,6,580,40,0,1,156,0,21,0,2025-11-29 03:28:44,
akashjadhav.com,true,6,593,5116,0,0,6,0,0,0,2025-12-31 21:30:49,
hotel-makarim-tetouan.com,true,6,535,24656,0,0,2,0,0,0,2025-03-07 03:12:51,
unitedtsglobal.com,true,6,276,15972,0,0,10,2,0,0,2026-02-14 21:06:44,
ascenigeria.org,true,6,77,1782,6,9,2,0,0,0,2025-08-15 11:02:34,
stardba.net,true,6,489,79,0,0,1,0,1,0,2025-07-31 22:54:33,2026-04-28 04:11:10
buzz-wings.com,true,6,584,15779,0,0,16,0,0,0,2025-12-26 12:27:33,
darkpassion.ro,true,6,60,810,239,111,2,0,0,2,2024-10-05 18:54:43,
tamashi.com,true,6,152,5182,110,12,24,24,13,0,2026-05-08 02:00:27,
adsiduous.com,true,6,381,17142,13,2,2,0,0,0,2026-01-27 13:13:50,
platinumnursingcare.co.uk,true,6,182,13673,2,2,9,9,0,0,2026-04-25 07:31:50,
ziarulluiipu.ro,false,6,125,972,1,3,8,0,8,8,2023-11-09 10:27:54,2026-04-17 03:16:27
myktdc.com,true,6,36,6236,0,0,8,0,4,0,2025-09-06 09:36:53,
local.co.zw,true,6,181,4645,0,0,13,0,0,0,2025-03-05 10:19:30,
air24.ro,false,6,146,300,17,12,2,0,0,2,2020-04-15 03:41:37,
wdtexblog.com,true,6,104,6667,0,0,14,0,0,0,2025-09-13 00:35:06,
chxpressfitness.com,true,6,347,30231,0,0,14,1,0,0,2025-09-27 20:19:54,
seodirectorypro.com,true,6,68,8774360,0,0,4,0,0,4,2025-12-18 15:39:46,
sportularadean.ro,false,6,102,193,10,10,3,0,0,3,2024-07-16 01:36:23,
sportsprint.com.au,true,6,426,34693,64,2,2,2,0,0,2026-05-14 09:16:35,
cyberwebit.com,true,6,490,7824,0,0,5,0,0,0,2025-12-29 12:34:43,
mobile247.ro,false,6,113,589,8,3,4,0,0,4,2018-04-21 21:58:48,
betit.ro,false,6,153,256,3,1,1,0,0,1,2024-08-08 14:12:25,
finestamenity.co.uk,true,6,366,10,0,0,2,0,2,0,2025-08-21 00:49:13,2026-04-15 02:17:28
indexaward.com,true,6,52,377736642,0,0,4,4,0,4,2026-05-21 04:07:44,
domnuroz.ro,false,6,560,109,2895,61,1,0,0,1,2023-10-31 16:20:32,
meritacitit.ro,false,6,159,110,3,1,1,0,1,1,2022-10-26 09:53:28,2026-04-04 19:05:17
concretolt.ro,false,6,126,79,578,8,1,0,0,1,2023-05-18 14:50:36,
rsdb.ro,false,6,437,4229,11,6,4,0,0,0,2025-03-16 13:35:42,
huppertlawoffice.com,true,6,489,9019,1,6,17,0,0,0,2025-09-27 03:42:18,
netmedical.ro,false,6,10,14,0,1,3,0,3,3,2025-11-10 12:53:50,2026-04-21 13:15:30
30movie.ir,true,6,197,1831,0,0,1,0,1,0,2025-08-02 14:37:46,2026-04-03 07:14:34
rastomgemmological.com,true,6,143,5254,0,1,1,1,0,0,2026-04-30 15:32:21,
arkanholding.ly,true,6,353,4,0,0,2,0,2,0,2025-12-17 13:48:55,2026-05-22 10:48:23
sportulsatmarean.ro,false,6,29,203,475,67,129,21,13,129,2022-10-08 08:12:12,
unigrowth-supply.com,true,6,383,20439,0,0,2,0,0,0,2025-09-05 14:44:19,
thepoc.ro,false,6,170,141,144,103,2,0,0,2,2023-09-22 23:12:18,
thetarotalk.com,true,6,445,553,0,0,1,1,1,0,2026-05-12 19:23:15,2026-05-26 19:25:32
fcevents.com.au,true,5,454,20565,0,0,8,0,0,0,2025-11-17 00:53:31,
sasycakeaway.com,true,5,418,9222,0,0,3,0,0,0,2025-04-25 20:47:11,
pagosdiarios.com,true,5,331,13445,0,0,7,2,0,0,2026-01-25 08:34:43,
mediumdirectory.com,true,5,33,0,0,0,4,0,4,4,2025-10-20 07:00:52,2026-04-15 04:22:17
sehørehandle.no,true,5,555,16978,0,0,9,8,0,0,2025-09-04 00:27:33,
tozhamai.com,true,5,501,3413,0,2,13,0,9,0,2025-08-29 06:10:33,
rkwebhostbd.com,true,5,280,19,0,0,1,0,1,0,2026-02-16 18:31:26,2026-05-03 12:58:34
hyderabadneurosurgeon.co.in,true,5,294,161,0,0,151,0,144,0,2025-09-28 04:02:18,
airbersihuntuksemua.com,true,5,279,531,0,1,1,0,1,0,2025-09-30 16:17:18,2026-05-01 10:29:26
tumblrdirectory.com,true,5,39,0,0,0,4,0,4,4,2025-09-27 17:23:34,2026-04-15 17:25:53
diamondlawmiami.com,true,5,407,133,0,0,2,0,1,0,2025-03-14 11:42:33,
phinkidtoys.com,false,5,4812,3301,1779,113,4,0,0,0,2025-02-12 17:15:01,
efcf.org.eg,false,5,450,71,1,4,2,0,2,0,2026-01-01 18:29:12,2026-04-10 17:22:59
vivamosenfamilia.org,true,5,323,17500,0,0,14,14,0,0,2026-04-29 16:12:58,
fashionwords.ro,true,5,17,414,0,0,6,0,0,6,2018-09-15 21:41:53,
theshopsmart.ca,true,5,206,3251,2,1,13,0,0,0,2025-09-26 01:20:17,
boujeecasinos.com,true,5,242,13181,0,0,1,1,0,0,2026-05-23 06:41:25,
erion.cl,true,5,189,14038,4,6,3,3,0,0,2026-05-09 04:53:41,
triply.ro,false,5,31,263,10,5,2,0,0,2,2024-03-13 21:47:51,
assemamed.ly,true,5,500,17939,0,0,9,0,0,0,2025-09-03 12:04:20,
tejfinancial.com,true,5,410,6733,0,0,2,2,0,0,2026-04-16 20:28:45,
federacaocrp.org.cv,true,5,250,4432,0,0,11,0,11,0,2025-10-23 02:15:08,2026-06-13 11:47:35
wolfmcgill.com,true,5,202,1310,0,0,6,0,6,0,2025-07-30 19:31:26,2026-06-08 08:40:46
suntech-lift.com,true,5,143,2003,0,0,9,9,0,0,2026-06-28 22:49:33,
allistingdirectory.com,true,5,88,8777278,0,1,4,0,0,4,2025-10-09 18:36:44,
skillbuzz.org,true,5,235,7608,0,0,7,0,0,0,2025-10-18 07:21:34,
valentinoschool.it,true,5,185,3733,0,0,2,0,0,0,2025-01-29 21:05:56,
seoelitedirectory.com,true,5,35,2,0,0,4,0,4,4,2025-09-28 01:29:47,2026-04-19 05:57:36
linkbuildingdirectory.com,true,4.9,51,1818728,0,0,2,0,2,2,2025-09-28 23:16:50,2026-04-17 06:39:50
driftmotoshop.com,true,4.9,109,38260,0,1,2,0,0,0,2025-09-26 05:56:53,
drsupply.com.mx,true,4.9,444,30730,0,0,7,0,0,0,2025-09-27 13:48:40,
homefresh.ro,false,4.9,28,30,5,8,1,0,0,1,2024-11-25 09:53:17,
saaswebdirectory.com,true,4.9,37,0,0,0,4,0,4,4,2025-09-08 02:59:18,2026-04-17 13:32:30
turatii.ro,false,4.9,166,355,308,82,1,0,0,1,2023-07-10 14:10:15,
webusdirectory.com,true,4.9,39,2,0,0,4,0,4,4,2025-08-31 13:37:54,2026-04-19 11:38:13
verifieddirectory.com,true,4.8,61,0,0,0,4,0,4,4,2025-08-29 07:54:57,2026-04-20 01:51:40
backlinksdirectoryhub.com,true,4.8,31,0,0,0,4,0,4,4,2025-09-20 02:08:20,2026-04-17 14:11:55
topsaasdirectory.com,true,4.8,34,2,0,0,4,0,4,4,2025-09-29 23:41:29,2026-04-21 06:55:36
onesupport.dk,true,4.8,552,13092,0,0,1,1,0,0,2026-06-19 11:29:07,
aiarticledirectory.com,true,4.8,43,0,0,0,4,0,4,4,2025-09-03 12:29:59,2026-04-29 02:40:29
socialrankdirectory.com,true,4.8,30,0,0,0,4,0,4,4,2025-10-02 10:16:05,2026-04-18 02:27:40
businesslistingportal.com,true,4.8,18,8773891,0,0,4,0,0,4,2025-12-11 11:18:08,
seodirectoryzone.com,true,4.7,33,0,0,0,4,0,4,4,2025-08-28 01:17:05,2026-04-18 19:20:39
rankifydirectory.com,true,4.7,33,2,0,0,2,0,2,2,2025-12-03 04:35:28,2026-04-28 14:34:02
ake-production.com,true,4.7,212,3667,0,0,2,0,2,0,2025-08-20 08:59:06,2026-04-20 00:07:26
seologixdirectory.com,true,4.7,32,0,0,0,4,0,4,4,2025-09-11 23:11:47,2026-04-25 16:13:25
prolistingdirectory.com,true,4.7,29,0,0,0,4,0,4,4,2025-09-04 03:02:10,2026-04-18 00:08:42
camelliatravels.com,true,4.7,276,28,0,0,1,0,0,0,2026-01-01 03:25:19,
linkflowdirectory.com,true,4.7,30,0,0,0,4,0,4,4,2025-09-30 11:11:54,2026-04-17 19:49:58
rankvanceagency.info,true,4.7,6,6701131,0,0,2,2,2,2,2026-04-05 19:39:21,2026-05-03 02:23:34
saasdirectoryzone.com,true,4.7,33,0,0,0,4,0,4,4,2025-09-04 17:46:43,2026-04-23 12:16:17
bhs-links-ares.website,true,4.7,124,314,0,0,13,0,1,0,2025-10-11 20:20:36,
topbacklinksdirectory.com,true,4.6,29,0,0,0,4,0,4,4,2025-10-01 01:04:54,2026-04-18 19:49:24
bhs-links-helios.site,true,4.6,122,318,0,0,13,0,1,0,2025-10-01 23:31:00,
almeriavisitasguiadas.com,true,4.6,368,13167,55,3,340,0,49,0,2025-09-21 05:40:40,
tecnividrio.com.ec,true,4.6,182,13444,31,3,153,0,0,0,2026-01-05 09:20:51,
bhs-links-selene.website,true,4.6,124,315,0,0,13,0,0,0,2025-10-04 08:59:20,
bhs-links-hestia.website,true,4.6,124,322,0,0,13,0,1,0,2025-10-01 23:07:35,
bhs-links-uranus.site,true,4.6,122,319,0,0,13,0,1,0,2025-10-01 17:50:27,
bhs-links-ares.online,true,4.6,122,316,0,0,13,0,1,0,2025-10-01 15:57:11,
bhs-links-rhea.site,true,4.6,122,316,0,0,13,0,1,0,2025-10-10 13:13:16,
bhs-links-poseidon.site,true,4.6,123,314,0,0,13,0,1,0,2025-10-09 07:36:58,
bhs-links-artemis.site,true,4.6,122,314,0,0,13,0,1,0,2025-10-01 15:49:54,
bhs-links-aphrodite.site,true,4.6,122,318,0,0,13,0,1,0,2025-10-01 18:04:13,
bhs-links-apollo.online,true,4.6,123,316,0,0,13,0,1,0,2025-10-01 18:00:15,
bhs-links-apollo.site,true,4.6,122,315,0,0,13,0,2,0,2025-10-01 17:29:31,
bhs-links-rhea.website,true,4.6,124,317,0,0,13,0,1,0,2025-10-10 23:31:25,
bhs-links-hera.online,true,4.6,122,315,0,0,13,0,1,0,2025-10-04 15:25:03,
bhs-links-athena.site,true,4.6,122,317,0,0,13,0,1,0,2025-10-01 17:49:00,
bhs-links-hestia.online,true,4.6,122,316,0,0,13,0,1,0,2025-10-01 13:19:24,
bhs-links-poseidon.website,true,4.6,124,318,0,0,13,0,1,0,2025-10-02 08:02:00,
bhs-links-zeus.website,true,4.6,124,313,0,0,13,0,1,0,2025-10-01 19:21:39,
bhs-links-apollo.website,true,4.6,123,308,0,0,13,0,1,0,2025-10-01 13:45:39,
bhs-links-zeus.site,true,4.6,121,316,0,0,13,0,1,0,2025-10-01 19:37:04,
bhs-links-morpheus.site,true,4.6,121,318,0,0,13,0,1,0,2025-10-10 21:44:24,
bhs-links-gaia.online,true,4.6,121,319,0,0,13,0,1,0,2025-10-09 00:18:33,
bhs-links-hades.site,true,4.6,122,315,0,0,13,0,1,0,2025-10-01 18:22:58,
bhs-links-ares.site,true,4.6,122,321,0,0,13,0,1,0,2025-10-13 17:57:57,
bhs-links-artemis.online,true,4.6,121,320,0,0,13,0,0,0,2025-10-04 04:25:24,
bhs-links-persephone.site,true,4.6,121,317,0,0,13,0,1,0,2025-10-10 22:43:27,
bhs-links-uranus.website,true,4.6,123,315,0,0,13,0,1,0,2025-10-01 17:53:51,
bhs-links-hera.site,true,4.6,121,316,0,0,13,0,1,0,2025-10-04 14:58:12,
bhs-links-zeus.online,true,4.6,121,315,0,0,13,0,1,0,2025-10-01 18:02:25,
bhs-links-cronus.site,true,4.6,122,315,0,0,13,0,2,0,2025-10-01 14:47:42,
bhs-links-thanatos.website,true,4.6,124,315,0,0,13,0,1,0,2025-10-01 16:27:16,
bhs-links-hades.online,true,4.6,121,314,0,0,13,0,2,0,2025-10-01 17:13:03,
bhs-links-eros.site,true,4.6,122,316,0,0,13,0,1,0,2025-10-01 20:02:24,
bhs-links-nyx.site,true,4.6,121,313,0,0,13,0,1,0,2025-10-01 13:21:07,
bhs-links-gaia.site,true,4.6,122,315,0,0,13,0,1,0,2025-10-12 04:40:41,
bhs-links-nyx.website,true,4.6,123,316,0,0,13,0,1,0,2025-10-01 16:57:20,
bhs-links-demeter.site,true,4.6,121,322,0,0,13,0,0,0,2025-10-13 03:20:28,
bhs-links-helios.online,true,4.6,121,316,0,0,13,0,1,0,2025-10-01 20:51:21,
bhs-links-dionysus.online,true,4.6,121,316,0,0,13,0,1,0,2025-10-01 19:24:12,
bhs-links-hephaestus.site,true,4.6,121,318,0,0,13,0,1,0,2025-10-16 02:51:05,
bhs-links-dionysus.site,true,4.6,121,317,0,0,13,0,1,0,2025-10-01 17:18:35,
bhs-links-selene.site,true,4.6,121,317,0,0,13,0,1,0,2025-10-02 11:35:20,
bhs-links-thanatos.site,true,4.6,122,315,0,0,13,0,1,0,2025-10-01 15:57:14,
bhs-links-aphrodite.online,true,4.6,121,315,0,0,13,0,1,0,2025-10-01 15:03:46,
bhs-links-hephaestus.online,true,4.6,122,317,0,0,13,0,0,0,2025-10-15 01:16:35,
bhs-links-persephone.online,true,4.6,121,319,0,0,13,0,2,0,2025-10-01 17:55:49,
bhs-links-morpheus.website,true,4.6,123,318,0,0,13,0,1,0,2025-10-10 14:52:08,
bhs-links-hestia.site,true,4.6,122,316,0,0,13,0,1,0,2025-10-15 02:50:58,
bhs-links-persephone.website,true,4.6,123,315,0,0,13,0,1,0,2025-10-01 17:34:07,
bhs-links-aphrodite.website,true,4.6,123,316,0,0,13,0,0,0,2025-10-15 07:30:20,
turism365.com,false,4.6,164,168,293,61,2,0,0,2,2024-01-09 00:21:05,
ziareph.ro,true,4.6,43,3125,17,6,5,0,0,5,2019-11-17 02:59:07,
autovital.ro,false,4.6,136,157,3,6,12,0,0,12,2024-05-27 16:16:12,
news-mehedinti.ro,false,4.5,147,529,23,2,2,0,0,2,2025-01-31 00:42:00,
fmzent.com,true,4.5,181,5648,0,0,1,0,0,0,2026-03-21 01:16:58,
newscj.ro,false,4.5,16,159,2,3,3,0,0,3,2023-09-20 19:53:15,
productionfunctionusa.com,true,4.5,120,2,0,0,1,0,1,0,2025-09-26 15:39:33,2026-04-23 01:54:17
consentido.com,true,4.5,384,4255,0,0,8,0,0,0,2025-09-27 05:01:09,
bhs-links-rhea.space,true,4.5,120,307,0,0,13,0,1,0,2025-10-05 22:08:14,
prahovalibera.ro,true,4.5,25,792,0,1,6,3,4,6,2024-07-19 07:54:50,
bhs-links-morpheus.space,true,4.5,119,309,0,0,13,0,1,0,2025-10-12 02:37:20,
bhs-links-nyx.space,true,4.5,118,307,0,0,13,0,1,0,2025-10-15 19:25:18,
bhs-links-cronus.space,true,4.5,118,310,0,0,13,0,0,0,2025-10-01 21:05:27,
bhs-links-hephaestus.space,true,4.5,117,310,0,0,13,0,1,0,2025-10-01 17:24:29,
bhs-links-poseidon.space,true,4.5,117,310,0,0,13,0,1,0,2025-10-01 17:30:03,
bhs-links-zeus.space,true,4.5,119,305,0,0,13,0,1,0,2025-10-01 16:43:15,
bhs-links-persephone.space,true,4.5,117,308,0,0,13,0,1,0,2025-10-01 20:48:15,
bhs-links-athena.space,true,4.5,119,307,0,0,13,0,1,0,2025-10-02 01:11:10,
bhs-links-gaia.space,true,4.5,117,308,0,0,13,0,1,0,2025-10-01 18:43:58,
bhs-links-selene.space,true,4.5,117,307,0,0,13,0,1,0,2025-10-11 07:57:49,
bhs-links-eros.space,true,4.5,118,311,0,0,13,0,1,0,2025-10-01 17:19:39,
bhs-links-hestia.space,true,4.5,119,308,0,0,13,0,1,0,2025-10-01 22:15:41,
bhs-links-thanatos.space,true,4.5,117,310,0,0,13,0,1,0,2025-10-01 16:57:43,
bhs-links-dionysus.space,true,4.5,117,308,0,0,13,0,1,0,2025-10-13 23:21:17,
bhs-links-uranus.space,true,4.5,118,310,0,0,13,0,1,0,2025-10-08 06:04:12,
bhs-links-hera.space,true,4.5,117,306,0,0,13,0,1,0,2025-10-01 18:52:22,
bhs-links-helios.space,true,4.5,118,308,0,0,13,0,1,0,2025-10-01 17:44:59,
bhs-links-demeter.space,true,4.5,117,308,0,0,13,0,1,0,2025-10-01 14:52:00,
tango7holidays.com,true,4.5,93,3946,0,0,3,3,0,0,2026-04-27 22:52:29,
1stcallglasscare.com,true,4.4,164,8995716,0,0,4,0,4,4,2025-12-31 08:04:45,2026-06-04 03:25:21
franciscoperezyomaholdings.com,true,4.4,88,1625,2,1,4,0,1,0,2025-03-16 18:39:24,
ideisanatoase.ro,false,4.4,102,94,20,19,1,0,0,1,2022-11-18 19:23:56,
ju-jutsu-hot.de,true,4.4,178,19,0,0,11,0,0,0,2025-03-26 20:26:05,
bluecantera.com,true,4.4,378,246,0,0,1,1,1,0,2026-04-02 22:40:46,2026-05-08 10:59:52
bhs-links-hades.space,true,4.4,116,307,0,0,13,0,1,0,2025-10-05 10:19:23,
shareevery.day,true,4.4,410,12132,0,0,15,0,0,0,2025-10-14 13:26:01,
tunca.org,true,4.3,65,396889400,0,0,2,2,0,2,2026-05-15 11:52:03,
pagesearch.net,true,4.3,113,398446161,0,0,4,4,0,4,2026-05-31 19:33:27,
ranglaxmi.com,true,4.3,107,3858,0,0,2,2,0,0,2026-06-13 18:40:01,
bhs-links-genie.online,true,4.3,290,0,0,0,126,0,126,0,2025-06-18 14:11:11,2026-04-14 01:15:15
favicool.com,true,4.3,4,389344,0,0,2,2,0,2,2026-06-11 06:15:56,
ebda3team.com,false,4.2,2728,5123,102,62,2,0,1,0,2025-04-05 22:32:57,
bhs-links-crew.online,true,4.2,289,0,0,0,132,0,132,0,2025-07-01 23:04:58,2026-04-21 08:30:39
koloseum.rs,true,4.2,492,979,0,0,8,0,8,0,2025-08-01 01:15:37,2026-05-15 09:04:57
revan-me.com,true,4.2,270,21616,0,0,3,3,0,0,2026-04-22 07:05:41,
jms-company.pl,true,4.2,271,10258,0,0,11,0,0,0,2025-03-04 18:07:14,
stablegeeksstaffing.com,true,4.2,335,34,0,0,4,4,0,0,2026-05-07 01:50:21,
draclaudialossa.com,true,4.2,1390,5044,0,0,7,0,0,0,2025-09-15 03:35:34,
keletdent.hu,true,4.2,358,13823,0,0,17,15,0,0,2025-09-30 19:51:43,
rsintegration.com,true,4.2,256,1991,0,0,2,0,0,0,2025-03-17 18:55:53,
betamarkconsult.com,true,4.2,257,10013,0,0,6,0,0,0,2025-07-24 09:22:14,
suhanihospital.com,true,4.2,429,18139,0,0,3,3,0,0,2026-05-10 14:32:38,
evilsalesman.com,true,4.1,500,19035,0,0,2,1,0,0,2025-09-03 06:06:41,
zdrave2003.bg,true,4.1,50,2921,130,27,5,0,5,0,2025-08-14 08:06:34,2026-04-26 10:49:55
timora.ir,true,4,111,2457,0,0,6,0,1,0,2025-12-18 15:04:18,
king12.com,true,4,174,5135,0,0,2,0,0,0,2025-07-31 05:25:13,
tzpfqpin.xyz,true,4,32,283,0,0,1,0,1,1,2025-07-26 13:25:54,2026-03-30 11:18:29
24monden.ro,true,4,22,762,2,2,9,3,9,9,2020-04-17 22:24:47,2026-06-22 13:56:33
falundafaromania.net,false,4,61,2466,0,0,1,0,1,1,2025-02-07 17:00:06,2026-04-27 03:40:20
olido.ru,true,4,246,2220,0,0,5,0,5,0,2025-09-28 06:17:36,2026-04-23 23:11:56
dr-kelber-nuklearmedizin.de,true,4,101,3934,87,5,2,0,0,0,2025-04-06 06:33:55,
autoworldofconcord.com,true,4,111,4504,3,4,7,0,2,0,2025-09-27 21:43:00,
mewebsure.com,true,3.9,608,1538,0,0,1,0,0,0,2025-10-06 15:51:52,
oznepatent.com,true,3.9,106,161,0,0,1,0,1,0,2026-02-27 05:17:27,2026-05-01 06:34:01
kb.ac.th,true,3.9,77,160,0,0,1,0,1,0,2026-02-13 16:21:58,2026-04-28 15:46:12
slkade.com,true,3.8,557,137,0,1,7,0,7,0,2025-12-15 09:13:27,2026-06-16 16:05:46
siteinternet.ro,true,3.8,85,4204,0,0,4,0,0,4,2025-01-06 07:22:13,
qadsmedia.my,true,3.8,334,45701,0,0,8,0,0,0,2025-07-31 22:53:31,
ama-zumagroup.com,true,3.8,285,19588,37,3,8,0,0,0,2025-02-27 12:56:59,
metier-capital.com,true,3.8,282,17658,6,3,12,12,1,0,2026-05-06 18:13:08,
sarvamedical.lk,false,3.8,126,6402,6,5,2,0,0,0,2026-02-08 13:50:02,
fazedoradevideos.com.br,false,3.8,88,282,0,0,1,0,0,0,2025-08-01 00:15:34,
phantom-ilv.com,true,3.8,278,1612,0,0,15,0,15,0,2025-10-04 09:19:59,2026-05-22 04:02:15
rankvancelinks.info,true,3.7,66,5922966,0,0,2,0,2,2,2026-03-16 14:50:55,2026-06-04 03:35:16
ftxed.xyz,true,3.7,687,292574,0,0,2,0,2,2,2025-11-20 10:08:34,2026-05-23 02:03:27
bhs-links-grow.online,true,3.6,289,0,0,0,136,0,136,0,2025-06-11 09:16:08,2026-04-20 14:55:56
protegecordeiro.com.br,true,3.6,328,18378,0,0,5,0,0,0,2026-01-12 23:23:24,
australianluxuryliving.com.au,true,3.6,340,3091,0,0,2,0,2,0,2025-08-22 17:12:56,2026-04-18 01:47:53
al-jawharaa.com,true,3.5,40,1442,0,0,1,1,1,0,2026-04-28 16:32:49,2026-05-12 16:32:12
arrachaz.com,true,3.5,178,8461,0,0,2,0,0,0,2026-01-25 18:44:26,
bhs-links-team.online,true,3.5,287,0,0,0,52,0,52,0,2025-06-18 08:26:13,2026-04-22 01:32:41
vitroland.com,true,3.5,155,672,1,7,8,8,8,0,2026-04-09 12:09:17,2026-05-28 02:58:40
sterling3000.co.uk,true,3.5,660,22821,0,0,1,0,0,0,2025-03-31 00:00:17,
anomaly-wrangler.site,true,3.5,50,60,0,0,40,0,1,0,2026-02-12 22:08:23,
anomaly-charger.online,true,3.5,50,60,0,0,40,0,1,0,2026-02-12 22:29:15,
quangcao.cz,true,3.4,231,45,0,0,16,0,16,0,2025-09-30 20:00:16,2026-05-09 13:12:34
xcweb.net,true,3.4,235,3304,0,0,1,0,1,0,2025-10-02 10:59:15,2026-06-29 00:57:36
drsusantatah.org,true,3.4,36,95,0,0,3,3,3,0,2026-03-31 16:06:43,2026-05-29 17:26:50
nexta.ro,false,3.4,23,4200,0,1,3,3,0,3,2026-05-19 01:44:35,
35-cash-official.xyz,true,3.4,340,247508,0,0,1,0,1,1,2025-12-07 23:06:32,2026-06-06 01:53:27
optimumhealthcaregroup.com,true,3.4,254,5288,0,0,7,0,0,0,2025-08-07 06:57:46,
koaia.pl,true,3.3,200,6924,0,0,12,0,0,0,2025-12-10 04:27:58,
portlandlandscapepros.com,true,3.3,241,5624,7,1,16,1,0,0,2025-12-28 23:15:39,
sacekimibilgi.xyz,true,3.3,237,247034,0,0,1,0,1,1,2025-09-05 20:13:38,2026-04-24 06:54:05
mpsbounce.com,true,3.3,154,7351,0,1,14,0,0,0,2025-09-12 23:03:09,
hristic.ro,true,3.3,67,4708,0,0,2,0,1,0,2025-08-27 15:40:50,
timsmagazines.com,true,3.3,180,29,108,28,14,14,14,0,2026-04-17 23:38:17,2026-05-25 10:23:07
bhs-links-blastup.online,true,3.3,269,0,0,0,101,0,101,0,2025-05-29 21:35:48,2026-04-21 04:54:13
allanjensengulve.dk,true,3.3,204,12162,0,0,14,0,0,0,2025-08-29 22:20:12,
bitcoins-game.xyz,true,3.3,274,139647,0,0,1,0,1,1,2025-09-02 10:11:54,2026-04-26 00:54:56
dmgestaocontabil.com.br,true,3.2,183,3052,0,0,2,0,0,0,2026-02-03 06:04:30,
bhs-links-power.online,true,3.2,288,0,0,0,51,0,51,0,2025-06-19 06:20:39,2026-04-14 08:52:53
caligreek.com,true,3.2,25,18,0,0,1,0,1,0,2025-10-02 18:00:32,2026-04-05 02:50:21
tandheelkunde-centrum.nl,true,3.2,153,5714,6,3,11,0,1,0,2025-02-04 20:57:58,
shoplogist.com,true,3.2,165,54,0,0,2,2,2,0,2026-05-10 22:31:14,2026-05-24 22:55:17
muc-advisory.com,true,3.1,349,440,0,0,6,0,0,0,2025-07-23 20:55:04,
crlynk.com,true,3.1,1840,9895,0,0,3,3,0,0,2026-05-11 13:12:39,
violationfunding.com,true,3.1,183,348419,0,0,200,5,0,200,2025-12-21 12:05:51,
baandeehomedesign.com,true,3.1,252,73,0,0,4,0,4,0,2025-09-29 13:07:16,2026-05-15 21:47:09
rosemirfolhas.com.br,true,3.1,358,12204,0,0,16,0,0,0,2025-09-30 18:28:48,
bhs-links-smart.online,true,3.1,288,0,0,0,141,0,141,0,2025-06-09 13:28:44,2026-04-20 13:46:18
rimarticolitecnici.it,true,3.1,182,2636,0,0,4,0,0,0,2025-10-03 04:16:01,
coolland.net,true,3.1,439,17516,0,0,22,0,0,0,2026-01-04 16:55:26,
ainformation.xyz,true,3.1,869,472075,0,0,4,0,4,4,2025-09-20 04:12:08,2026-05-31 09:56:26
mksync.com,true,3.1,75,0,0,0,5,0,5,0,2025-11-20 17:51:31,2026-04-21 08:07:55
magroup.pk,true,3,251,7979,6,3,3,0,0,0,2025-09-25 19:18:38,
hksfyuks.xyz,true,3,209,154741,0,0,2,0,2,2,2025-09-15 19:56:12,2026-04-08 09:58:55
meteovelo.fr,true,3,185,3445,0,0,13,0,0,0,2025-01-29 23:47:41,
eliterankdirectory.com,true,3,13,8750159,0,0,4,0,0,4,2025-12-17 06:54:10,
equipetrol.com.ec,true,3,135,9073,3,2,248,1,10,0,2025-12-22 03:07:54,
tpwst.com.hk,true,2.9,166,22,0,0,4,0,4,0,2025-03-21 22:58:25,2026-05-10 17:34:42
asege.es,true,2.9,214,198,0,0,1,0,1,0,2025-08-19 14:18:31,2026-03-31 18:50:00
olanrei.com,true,2.9,172,3742,0,0,1,0,1,0,2025-10-08 22:59:49,2026-05-07 03:46:53
centrumperto.pl,true,2.9,114,8039,0,0,7,0,0,0,2026-02-08 18:04:44,
jeleed.ly,true,2.8,405,11694,0,0,3,0,0,0,2025-08-23 19:43:18,
apeservicesinc.com,true,2.8,134,2116,0,0,2,0,0,0,2025-07-29 03:27:27,
fastbeezgo.com,true,2.8,111,0,0,0,2,0,2,0,2025-08-25 13:08:27,2026-04-08 16:41:49
productossavore.com,true,2.8,69,1528,0,5,3,3,0,0,2026-04-06 07:52:10,
bhs-links-frame.online,true,2.8,311,0,0,0,15,0,15,0,2025-06-10 00:49:42,2026-04-18 02:05:56
seomafiya.com,true,2.8,261,78,47,3,3,3,3,0,2026-04-02 03:43:04,2026-05-26 14:40:29
csblackdevil.ro,false,2.7,11,15,138,56,2,0,0,0,2025-12-30 18:17:21,
unicule.com,true,2.7,153,5629,0,0,3,3,1,0,2026-04-15 10:03:00,
braemhof.ch,true,2.7,199,3476,0,0,17,0,0,0,2025-08-10 17:14:13,
polovita.vn,true,2.7,182,7739,0,0,2,0,2,0,2025-09-24 17:08:41,2026-04-12 14:55:20
xuongkimcuong.com,true,2.7,212,4290,0,0,3,0,3,0,2025-08-19 16:02:48,2026-04-20 12:52:11
cdga.ie,true,2.7,94,8265,14,5,1,1,0,0,2026-06-15 03:42:06,
kiarashdoost.ir,true,2.7,94,8861,0,0,3,0,0,0,2025-10-14 13:21:33,
skills-ph.com,true,2.7,186,6701,0,0,2,0,2,0,2025-09-10 10:57:47,2026-04-26 06:15:32
gbrands.co.ke,true,2.7,217,19442,0,0,8,2,0,0,2025-08-20 04:57:33,
devorbalacafea.ro,false,2.7,17,190,14,16,2,0,0,2,2023-08-26 18:28:19,
avrservicioslegales.cl,true,2.6,167,11863,0,0,1,1,0,0,2026-05-07 07:53:21,
automobile101.ro,false,2.6,19,77,143,55,2,0,0,2,2023-06-08 11:29:10,
albaexpres.ro,false,2.6,46,464,0,0,2,1,0,2,2025-12-30 16:19:53,
drolmedo.com,true,2.6,127,726,0,0,6,0,6,0,2025-07-26 04:13:44,2026-04-25 00:21:42
laundrytouch.com,true,2.6,80,3131,0,0,8,8,0,0,2026-05-07 16:20:42,
natureldrop.com.tr,true,2.6,90,115,54,5,3,0,0,0,2025-08-25 21:45:06,
arteza.fr,true,2.6,214,13,0,0,3,0,3,0,2026-03-12 18:39:28,2026-04-13 05:27:00
sergrass.com,true,2.6,62,274,0,0,1,1,1,0,2026-05-11 00:32:01,2026-05-25 01:19:32
topten.vip,true,2.6,247,23,0,0,2,2,2,0,2026-04-23 04:58:20,2026-05-13 14:40:08
wdaijun.xyz,true,2.6,372,0,0,0,1,0,1,1,2025-07-22 09:19:24,2026-03-30 14:42:37
erahedanesh.ir,true,2.6,101,5897,0,0,2,0,0,0,2025-09-28 21:04:15,
alphablog.ro,false,2.6,25,87,0,0,6,0,0,6,2023-09-26 13:50:41,
primecompanydirectory.com,true,2.6,22,8761751,0,0,4,0,0,4,2025-12-30 14:42:22,
sditdarulhijrah.sch.id,true,2.6,48,6604,13,7,1,1,0,1,2026-05-06 16:37:28,
togobox.com,true,2.6,322,29146,0,0,16,0,0,0,2025-09-30 15:04:54,
wavednet.com,true,2.5,640,10734,4,2,161,1,1,0,2025-09-29 15:05:33,
sccclearning.com,true,2.5,146,6075,0,0,13,13,0,0,2026-05-04 20:23:06,
bhs-links-glow.online,true,2.5,296,0,0,0,82,0,82,0,2025-06-09 15:56:48,2026-04-21 02:31:23
gorjexpres.ro,false,2.5,54,531,379,10,4,2,2,4,2024-04-11 23:17:55,
mosaiccargo.com,true,2.5,115,5323,0,0,29,29,0,0,2026-05-01 03:10:25,
gamecih.me,true,2.5,118,134,0,0,1,0,0,1,2022-09-26 21:30:57,
marcioandreemidio.com.br,true,2.5,145,1224,0,0,1,0,1,0,2025-09-11 00:26:42,2026-04-27 15:36:39
francisc.org,true,2.5,125,1273,0,1,5,0,0,5,2024-10-03 06:30:08,
onelife-4.com,true,2.5,252,4,0,0,21,16,21,0,2025-12-10 15:52:33,2026-05-18 06:37:31
jgpaintingandremodeling.net,true,2.4,173,16454,0,0,48,48,0,0,2026-05-14 21:43:20,
yifanhu.xyz,true,2.4,262,0,0,0,1,0,1,1,2025-07-21 17:53:40,2026-03-29 11:35:22
toyomi.org,true,2.4,606,4329,0,0,2,0,0,0,2023-04-19 03:54:18,
jasshpharma.com,true,2.4,31,768,0,0,6,0,6,0,2025-08-31 17:53:25,2026-04-26 02:55:53
bhs-links-gain.online,true,2.4,300,0,0,0,59,0,59,0,2025-07-02 23:19:18,2026-04-18 11:20:44
sfschool.ca,true,2.4,11,0,15,1,3,3,3,0,2026-05-31 18:14:08,2026-06-15 04:31:02
cazinouromania.ro,false,2.4,515,22,5,4,1,0,0,1,2023-04-20 11:09:06,
bhs-links-hub.online,true,2.4,287,0,0,0,17,0,17,0,2025-05-30 06:16:39,2026-04-23 08:47:15
anadala.co.za,true,2.4,214,15065,0,0,12,1,0,0,2026-03-18 08:20:47,
cyberteraonline.co.za,true,2.3,191,6618,3,4,7,7,5,0,2026-03-30 22:55:08,
bhs-links-clicker.online,true,2.3,290,0,0,0,27,0,27,0,2025-07-01 00:25:54,2026-04-22 08:37:42
neighborhoodsal.com,true,2.3,248,14430,0,0,16,0,0,0,2026-01-24 09:33:15,
bhs-links-hive.online,true,2.3,295,0,0,0,143,0,143,0,2025-06-26 23:59:45,2026-04-21 17:09:22
jurnalfinanciar.ro,false,2.3,12,287,9,7,2,0,0,2,2023-11-21 22:39:59,
ideipractice.ro,false,2.3,40,127,0,1,1,0,0,1,2023-08-31 00:22:27,
bhs-links-tracker.online,true,2.3,291,0,0,0,116,0,116,0,2025-05-30 12:21:33,2026-04-20 02:08:20
statescarrental.com.au,true,2.3,36,607,0,0,2,0,2,0,2025-03-20 14:30:46,2026-04-14 03:59:06
blogulmeudecalator.ro,false,2.3,37,68,1118,96,1,0,0,0,2022-06-30 14:06:17,
partenertv.ro,false,2.3,14,994,0,1,2,0,0,2,2025-01-24 13:09:58,
bhs-links-stack.online,true,2.3,307,171,0,0,267,0,0,0,2025-07-07 22:32:11,
agriculturalacostum.ro,false,2.2,18,54,297,44,1,0,0,1,2025-01-18 12:07:24,
sportalert.ro,true,2.2,23,98,1,20,1,0,0,1,2023-03-27 19:01:30,
archergroupinvestments.com,true,2.2,286,16172,0,0,64,0,0,0,2025-10-05 16:26:21,
d-real-estate.com,true,2.2,92,2454,0,0,4,0,4,0,2025-07-12 23:12:01,2026-04-03 12:28:33
bhs-links-flow.online,true,2.2,290,0,0,0,122,0,122,0,2025-06-20 16:20:40,2026-04-19 05:22:26
bhs-links-hacks.online,true,2.2,291,0,0,0,191,0,191,0,2025-06-01 21:56:22,2026-04-21 02:39:35
bhs-links-funnel.online,true,2.2,302,0,0,0,74,0,74,0,2025-06-03 08:25:11,2026-04-21 06:43:47
bhs-links-growth.online,true,2.2,300,0,0,0,70,0,70,0,2025-05-30 12:44:14,2026-04-22 06:52:06
ercbusinesssolutions.com,true,2.2,149,2405,11,5,2,0,0,0,2025-03-20 00:12:55,
bhs-links-engine.online,true,2.2,292,0,0,0,154,0,154,0,2025-06-14 04:52:47,2026-04-20 01:13:08
wallpapers.pro,true,2.1,33,402002379,0,0,4,4,0,4,2026-05-15 00:50:38,
breadfruit.me,true,2.1,215,4303,2,1,2,2,0,0,2026-04-08 07:20:12,
bhs-links-ass.online,true,2.1,287,0,0,0,75,0,75,0,2025-06-26 20:43:05,2026-04-23 22:32:42
bhs-links-vault.online,true,2.1,277,0,0,0,74,0,74,0,2025-06-23 01:58:48,2026-04-18 01:50:15
bhs-links-wave.online,true,2.1,286,0,0,0,64,0,64,0,2025-06-09 13:26:31,2026-04-20 12:46:11
bhs-links-powerup.online,true,2.1,294,0,0,0,127,0,127,0,2025-06-06 15:11:58,2026-04-21 06:54:25
bhs-links-rankboost.online,true,2.1,294,0,0,0,23,0,23,0,2025-05-29 18:26:42,2026-04-20 02:46:47
bhs-links-jump.online,true,2.1,292,0,0,0,131,0,131,0,2025-06-09 12:46:38,2026-04-21 00:24:44
bhs-links-meta.online,true,2.1,282,0,0,0,106,0,106,0,2025-07-05 12:52:51,2026-04-22 18:29:13
bhs-links-fixer.online,true,2.1,292,0,0,0,95,0,95,0,2025-06-07 14:43:10,2026-04-18 04:11:57
bhs-links-spark.online,true,2.1,302,0,0,0,111,0,111,0,2025-06-13 07:56:44,2026-04-20 12:07:58
bhs-links-turbo.online,true,2.1,302,0,0,0,139,0,139,0,2025-06-27 15:14:52,2026-04-24 21:02:32
bhs-links-direct.online,true,2.1,289,0,0,0,95,0,95,0,2025-06-18 21:06:16,2026-04-21 02:15:08
shoeresidence.com,false,2.1,146,829,5431,238,5,5,0,5,2026-05-18 07:45:42,
bhs-links-zone.online,true,2.1,297,0,0,0,65,0,65,0,2025-06-18 12:09:50,2026-04-19 21:39:48
kick-it-soccer.com,true,2.1,124,7054,0,0,1,1,0,0,2026-06-11 04:49:48,
bhs-links-echo.online,true,2.1,297,0,0,0,137,0,137,0,2025-07-04 21:38:00,2026-04-22 06:34:12
bhs-links-pump.online,true,2.1,293,0,0,0,52,0,52,0,2025-06-25 07:03:04,2026-04-19 06:13:55
cortedeifornai.it,true,2,100,9047,0,0,16,6,0,0,2025-12-19 18:49:51,
bhs-links-info.online,true,2,282,0,0,0,97,0,97,0,2025-07-01 21:24:51,2026-04-21 16:53:56
bhs-links-stacker.online,true,2,291,0,0,0,131,0,131,0,2025-06-28 01:21:33,2026-04-22 04:57:51
bhs-links-edge.online,true,2,290,0,19,1,126,0,126,0,2025-06-14 08:56:21,2026-04-20 04:46:45
bhs-links-surgeup.online,true,2,289,0,0,0,51,0,51,0,2025-06-18 23:26:42,2026-04-15 00:48:47
bhs-links-bubs.online,true,2,281,0,0,0,68,0,68,0,2025-06-24 04:37:22,2026-04-23 01:16:14
bhs-links-insight.online,true,2,292,0,0,0,58,0,58,0,2025-07-03 21:54:05,2026-04-19 12:24:01
bhs-links-jumpstart.online,true,2,295,0,0,0,51,0,51,0,2025-07-01 01:01:38,2026-04-17 16:47:05
bhs-links-checker.online,true,2,286,0,0,0,103,0,103,0,2025-06-23 21:03:31,2026-04-19 03:49:02
bhs-links-finder.online,true,2,289,0,0,0,49,0,49,0,2025-06-07 19:13:33,2026-04-19 06:34:54
bhs-links-storm.online,true,2,288,0,0,0,139,0,139,0,2025-06-20 02:43:17,2026-04-21 02:12:19
bhs-links-stats.online,true,2,292,0,0,0,112,0,112,0,2025-06-24 19:20:16,2026-04-22 04:46:34
bhs-links-blaze.online,true,2,275,0,0,0,94,0,94,0,2025-05-30 16:59:25,2026-04-18 12:31:10
bhs-links-strategy.online,true,2,294,0,0,0,140,0,140,0,2025-07-03 02:41:43,2026-04-20 00:07:31
bhs-links-surge.online,true,2,280,0,0,0,90,0,90,0,2025-06-11 07:37:56,2026-04-21 02:12:35
bhs-links-snap.online,true,2,301,0,0,0,170,0,170,0,2025-06-07 03:26:54,2026-04-22 00:11:45
bhs-links-speed.online,true,2,291,0,0,0,75,0,75,0,2025-06-06 04:58:22,2026-04-21 03:38:47
bhs-links-crawlbot.online,true,2,287,0,0,0,92,0,92,0,2025-06-30 23:12:46,2026-04-20 05:06:37
bhs-links-flux.online,true,2,287,0,0,0,85,0,85,0,2025-06-09 21:18:13,2026-04-21 02:43:38
bhs-links-target.online,true,2,292,0,0,0,67,0,67,0,2025-05-31 06:43:32,2026-04-23 01:37:29
bhs-links-shift.online,true,2,285,0,0,0,103,0,103,0,2025-06-17 19:07:45,2026-04-21 02:24:19
bhs-links-net.online,true,2,288,0,0,0,181,0,181,0,2025-06-30 22:44:30,2026-04-17 13:57:40
bsn-degree-datasupport.xyz,true,2,799,466950,0,0,8,3,1,8,2026-02-11 12:33:59,
slkade.lk,true,2,78,35279,0,0,8,0,0,0,2025-08-10 18:31:53,
bhs-links-trail.online,true,2,289,0,0,0,73,0,73,0,2025-06-21 12:22:58,2026-04-20 14:24:51
bhs-links-move.online,true,2,279,0,29,1,74,0,74,0,2025-06-18 13:11:59,2026-04-22 08:43:58
bhs-links-suite.online,true,2,287,0,0,0,50,0,50,0,2025-06-24 03:31:12,2026-04-20 06:25:44
bhs-links-connect.online,true,2,287,0,0,0,33,0,33,0,2025-06-18 18:12:20,2026-04-21 08:57:42
bhs-links-pushup.online,true,2,289,0,0,0,117,0,117,0,2025-07-07 15:12:39,2026-04-23 02:56:19
bhs-links-links.online,true,2,273,0,0,0,13,0,13,0,2025-06-18 14:17:43,2026-04-15 07:18:27
bhs-links-traffic.online,true,2,284,0,0,0,97,0,97,0,2025-07-10 07:14:36,2026-04-19 00:41:41
bhs-links-expert.online,true,1.9,300,0,0,0,93,0,93,0,2025-06-09 18:27:58,2026-04-23 00:10:58
bhs-links-push.online,true,1.9,278,0,0,0,143,0,143,0,2025-06-12 11:41:47,2026-04-20 15:31:05
bhs-links-elite.online,true,1.9,285,0,0,0,89,0,89,0,2025-06-27 09:04:04,2026-04-20 03:11:49
bhs-links-signal.online,true,1.9,292,0,0,0,129,0,129,0,2025-06-23 16:21:39,2026-04-21 16:18:54
bhs-links-shine.online,true,1.9,290,0,0,0,109,0,109,0,2025-06-13 04:34:50,2026-04-18 12:35:59
bhs-links-keyword.online,true,1.9,283,0,0,0,92,0,92,0,2025-07-08 15:21:44,2026-04-13 00:22:26
zouha.in,true,1.9,95,8988,0,0,7,0,0,0,2025-09-23 12:55:08,
incotedes.org.ar,true,1.9,133,4369,0,0,22,0,0,0,2025-08-01 22:21:33,
bhs-links-click.online,true,1.9,296,0,0,0,87,0,87,0,2025-05-30 01:36:21,2026-04-21 13:26:32
bhs-links-query.online,true,1.9,290,0,0,0,108,0,108,0,2025-06-06 22:04:53,2026-04-21 06:10:45
bhs-links-anchor.online,true,1.9,281,0,0,0,105,0,105,0,2025-06-14 14:54:17,2026-04-14 22:36:47
bhs-links-lead.online,true,1.9,276,0,0,0,173,0,173,0,2025-06-30 23:07:50,2026-04-21 03:19:21
bhs-links-buzz.online,true,1.9,276,0,0,0,123,0,123,0,2025-06-27 06:12:37,2026-04-14 12:08:04
bhs-links-boostify.online,true,1.9,277,0,0,0,61,0,61,0,2025-06-20 09:36:20,2026-04-18 02:16:10
bhs-links-fix.online,true,1.9,298,0,0,0,101,0,101,0,2025-06-10 02:13:14,2026-04-20 09:30:51
bhs-links-pulse.online,true,1.9,286,0,0,0,122,0,122,0,2025-06-30 23:46:31,2026-04-21 00:04:29
bhs-links-boostup.online,true,1.9,280,0,0,0,57,0,57,0,2025-06-13 03:07:15,2026-04-20 01:04:53
bhs-links-audit.online,true,1.9,271,0,0,0,98,0,98,0,2025-06-09 16:50:49,2026-04-21 12:15:31
bhs-links-organic.online,true,1.9,285,0,0,0,127,0,127,0,2025-07-05 15:37:02,2026-04-22 03:45:10
bhs-links-path.online,true,1.9,294,172,0,0,267,0,0,0,2025-05-29 20:57:26,
bhs-links-profiler.online,true,1.9,286,0,0,0,110,0,110,0,2025-05-29 20:33:41,2026-04-22 16:19:16
bhs-links-results.online,true,1.9,291,0,0,0,132,0,132,0,2025-06-02 17:01:06,2026-04-21 16:45:05
bhs-links-rank.online,true,1.9,279,0,0,0,101,0,101,0,2025-06-26 14:56:00,2026-04-22 18:40:27
bhs-links-blast.online,true,1.9,275,0,0,0,140,0,140,0,2025-06-18 04:23:15,2026-04-19 05:08:10
bhs-links-wizard.online,true,1.9,275,0,0,0,45,0,45,0,2025-06-10 14:57:13,2026-04-16 17:04:27
bhs-links-score.online,true,1.9,282,0,0,0,129,0,129,0,2025-06-21 19:39:34,2026-04-22 01:06:16
bhs-links-beacon.online,true,1.9,278,0,0,0,120,0,120,0,2025-06-26 13:58:35,2026-04-18 16:32:06
bhs-links-launch.online,true,1.9,274,0,0,0,97,0,97,0,2025-06-30 22:53:07,2026-04-19 04:10:51
kerincare.com,true,1.9,145,14448,0,1,7,7,0,0,2026-05-15 07:45:03,
bhs-links-rocket.online,true,1.9,283,0,0,0,108,0,108,0,2025-06-25 18:51:17,2026-04-21 05:03:18
bhs-links-boost.online,true,1.9,274,0,0,0,138,0,138,0,2025-05-30 01:48:21,2026-04-17 05:56:11
bhs-links-crawl.online,true,1.9,285,0,0,0,103,0,103,0,2025-06-03 14:50:10,2026-04-22 03:23:30
bhs-links-tools.online,true,1.9,283,0,0,0,68,0,68,0,2025-06-26 00:02:08,2026-04-23 00:40:46
criticnational.ro,false,1.9,24,617,0,0,2,2,0,2,2026-05-07 23:55:51,
bhs-links-seo.online,true,1.9,277,0,0,0,22,0,22,0,2025-06-10 11:38:33,2026-04-19 16:38:19
bhs-links-niche.online,true,1.9,284,0,0,0,49,0,49,0,2025-07-03 20:44:53,2026-04-13 03:23:50
bhs-links-alpha.online,true,1.9,272,0,0,0,107,0,107,0,2025-06-26 05:14:49,2026-04-20 03:15:58
koinesansan.com,true,1.9,87,3050,0,0,1,0,0,0,2026-02-11 14:51:16,
arabpack.org,true,1.9,231,6351,0,0,9,0,1,0,2025-07-31 22:53:39,
bhs-links-vision.online,true,1.9,272,0,0,0,120,0,120,0,2025-05-29 23:35:27,2026-04-23 14:41:33
bhs-links-logic.online,true,1.8,271,0,0,0,13,0,13,0,2025-07-02 02:43:05,2026-04-12 02:31:05
bhs-links-ranker.online,true,1.8,285,0,0,0,146,0,146,0,2025-06-04 02:38:27,2026-04-20 01:15:17
därför.nu,true,1.8,233,16558,0,0,1,0,0,0,2025-09-30 15:06:45,
scrie-cu-stiloul.ro,true,1.8,42,2160,0,0,3,0,0,3,2021-04-09 00:38:27,
vendingsolution.it,true,1.8,116,3046,0,0,5,0,0,0,2025-12-30 15:33:34,
rankvance.info,true,1.8,61,7820336,0,0,2,0,0,2,2025-12-19 21:51:07,
thietbithinhphat.vn,true,1.8,201,9,0,0,1,0,1,0,2025-09-23 14:49:32,2026-04-12 00:59:36
enterprisedirectoryhub.com,true,1.7,18,8777350,0,0,4,0,0,4,2025-10-07 21:45:35,
agricultorii.ro,false,1.7,35,50,14,7,2,0,0,2,2024-03-29 00:27:45,
dotscounselling.com,true,1.7,197,13089,0,0,1,1,0,0,2026-05-16 11:19:41,
odhouse.org,true,1.7,140,225,0,0,3,0,3,0,2025-10-05 00:14:06,2026-04-10 02:29:47
chankai.hk,true,1.7,121,6762,0,2,4,0,0,0,2025-09-29 11:41:02,
9en.us,true,1.7,196,21,0,0,11,0,0,0,2024-11-01 03:38:38,
wcikorea.co.kr,true,1.7,100,271,0,0,10,0,0,0,2025-09-30 19:59:47,
studentpenet.ro,false,1.7,101,503,253,101,3,0,0,3,2024-02-28 23:52:03,
sportpost.ro,false,1.7,27,47,1,4,2,0,0,2,2023-10-27 00:03:05,
citangsoo.com,true,1.7,53,7741,0,1,7,0,0,0,2026-01-01 11:47:23,
blog3003.xyz,true,1.6,573,328779,0,0,2,0,2,2,2025-11-11 06:56:15,2026-05-12 02:09:17
arenadoseduardoehijo.com.ar,true,1.6,95,3338,0,0,3,3,0,0,2026-05-01 23:52:50,
backlinksolutions.info,true,1.6,5,2005126,0,0,2,0,2,2,2025-12-31 23:22:25,2026-06-05 05:24:07
rankvancelinks.online,true,1.6,3,4956361,0,0,2,2,0,2,2026-05-09 05:24:26,
lathermomix.es,true,1.5,150,13563,0,0,4,0,0,0,2025-10-02 13:56:30,
troop103atlanta.org,true,1.5,138,6878,0,0,16,0,6,0,2025-10-04 20:53:02,
phygital-media.com,true,1.5,98,3132,0,0,2,0,0,0,2025-04-20 16:00:22,
matrixmanpowersolutions.xyz,true,1.5,223,97858,0,0,2,0,2,2,2025-09-05 09:24:05,2026-04-19 04:14:23
bizn.it,true,1.5,59,52934,0,0,12,0,0,0,2025-08-03 09:15:26,
gxy789.com,true,1.5,181,10432,0,0,1,1,0,0,2026-06-10 23:15:16,
autoconcret.ro,false,1.5,24,40,277,43,1,0,0,1,2024-10-17 14:48:27,
helium-pool.de,true,1.5,50,3431,0,0,1,1,0,0,2026-05-17 23:17:42,
yfauk.org,true,1.5,206,293,0,0,2,0,2,0,2025-09-06 09:55:12,2026-06-09 10:11:45
rahmaniam.com,true,1.5,88,5754,0,0,3,0,0,0,2025-12-29 10:28:29,
newsphonereview.xyz,true,1.4,230,76,0,0,1,0,1,1,2025-07-22 18:24:55,2026-04-03 17:19:45
spiermassa-opbouwen.xyz,true,1.4,901,333764,0,0,2,0,2,2,2025-11-11 22:51:20,2026-06-29 02:08:42
nexusnext.agency,true,1.4,132,997,0,0,2,2,0,0,2026-04-16 15:14:51,
dot-shine.com,true,1.4,75,4162,0,0,2,0,0,0,2026-02-15 01:35:40,
ucdarnetal.fr,true,1.4,277,7425,0,1,2,0,2,0,2025-10-08 13:52:35,2026-05-31 13:58:56
casa365.ro,true,1.4,14,19,0,3,2,0,0,2,2024-06-04 23:50:11,
graylightedu.co.uk,true,1.4,123,2928,0,2,10,0,0,0,2025-09-08 05:36:44,
fastline.club,true,1.3,201,34,0,0,1,0,1,0,2025-10-25 09:30:41,2026-04-17 21:26:09
ksasc.com,true,1.3,189,16250,0,0,15,0,0,0,2025-10-23 12:22:59,
e-cuisine.ro,false,1.3,18,71,4043,218,5,0,0,5,2025-02-03 14:39:54,
aumentar-masa-muscular.xyz,true,1.3,705,316194,0,0,1,0,1,1,2025-11-19 02:20:25,2026-05-19 03:11:54
marialuisa.ro,true,1.2,19,1108,0,0,20,0,0,20,2024-11-19 06:46:51,
backlinkorbit.shop,true,1.2,64,0,0,0,2,2,0,0,2026-06-22 21:26:40,
backlinkzeno.shop,true,1.2,64,0,0,0,2,2,0,0,2026-06-22 17:25:49,
backlinkshop.shop,true,1.2,64,996,0,0,2,2,0,0,2026-06-11 04:36:44,
linkbundle.shop,true,1.2,64,996,0,0,2,2,0,0,2026-06-20 11:47:56,
linkcrate.shop,true,1.2,64,996,0,0,2,2,0,0,2026-06-20 05:08:25,
backlinkvault.shop,true,1.2,64,996,0,0,2,2,0,0,2026-06-13 05:35:42,
primebacklinks.shop,true,1.2,64,0,0,0,2,2,0,0,2026-06-22 08:19:46,
seowagon.shop,true,1.2,64,0,0,0,2,2,0,0,2026-06-23 17:56:14,
seobits.shop,true,1.2,64,0,0,0,2,2,0,0,2026-06-21 22:43:00,
linkwares.shop,true,1.2,64,0,0,0,2,2,0,0,2026-06-20 21:09:49,
linkory.shop,true,1.2,64,997,0,0,2,2,0,0,2026-06-20 14:22:59,
givealittlelouder.org,false,1.2,106,3,1,3,6,6,2,0,2026-04-29 05:29:19,
totuldesprebichoni.ro,false,1.2,18,141,436,53,2,0,0,2,2024-03-29 20:53:27,
targoncapital.ie,true,1.2,607,2209,3,9,11,0,0,0,2025-09-14 07:11:16,
utcanev-tabla.hu,true,1.2,61,253,0,0,2,0,2,0,2025-09-21 00:30:59,2026-05-11 04:30:55
jyoti13gazette.com,false,1.1,28,0,0,0,1,0,1,0,2024-10-23 10:35:28,2026-04-21 08:50:45
gccx.xyz,true,1.1,703,314872,0,0,1,0,1,1,2025-11-19 00:29:34,2026-05-19 02:36:33
linkchest.shop,true,1.1,51,996,0,0,2,2,0,0,2026-06-23 22:44:06,
linktrove.shop,true,1.1,51,996,0,0,2,2,0,0,2026-06-26 13:53:56,
rankstock.shop,true,1.1,51,0,0,0,2,2,0,0,2026-06-28 06:13:47,
backlinkmart.shop,true,1.1,51,996,0,0,2,2,0,0,2026-06-23 19:46:46,
seoedge.shop,true,1.1,51,0,0,0,2,2,0,0,2026-06-28 09:32:18,
linkstash.shop,true,1.1,51,0,0,0,2,2,0,0,2026-06-28 01:05:50,
linkbarn.shop,true,1.1,51,996,0,0,2,2,0,0,2026-06-20 02:28:57,
linkrank.shop,true,1.1,51,0,0,0,2,2,0,0,2026-06-29 05:07:00,
linkpicks.shop,true,1.1,51,0,0,0,2,2,0,0,2026-06-27 22:18:57,
alnour-steel.com,true,1.1,116,95,0,0,2,0,2,0,2025-10-01 06:30:04,2026-06-06 23:51:28
shawanbooks.com,true,1.1,43,3941,0,2,2,0,0,0,2025-02-27 19:04:26,
anomaly-seo-southwick.online,true,1.1,46,344,0,0,1586,1,21,0,2026-02-11 04:33:24,
anomaly-seo-westwood.online,true,1.1,46,342,0,0,1585,1,18,0,2026-02-10 23:52:41,
anomaly-seo-greendale.site,true,1.1,46,343,0,0,1572,1,21,0,2026-02-10 23:56:53,
costa-supply.com,true,1.1,76,15,0,1,2,2,2,0,2026-04-01 09:02:32,2026-06-02 08:12:28
gemch.ac.in,false,1.1,112,13,351,22,2,0,2,0,2025-09-28 08:30:37,2026-05-07 14:35:43
adroisites.com,true,1.1,50,276,0,0,2,0,0,0,2025-08-24 04:45:29,
csrb.ro,true,1.1,21,20,0,0,2,0,0,2,2025-08-13 23:54:38,
apexfulfilment.com,true,1,89,13051,0,3,1,1,0,0,2026-06-11 04:56:15,
torodo.xyz,true,1,1000,254445,0,0,1,0,1,1,2025-11-30 17:30:18,2026-05-30 01:33:26
ditywanp.xyz,true,1,31,226522,0,0,2,0,2,2,2025-07-08 01:27:00,2026-04-23 02:59:07
mspcdn5.xyz,true,1,320,267487,0,0,1,0,1,1,2025-12-03 13:52:11,2026-06-02 01:17:58
links-bhs-brown.space,true,1,48,175,0,0,2669,0,5,0,2026-02-11 09:57:23,
paginideaur.ro,false,1,8,6,3,4,2,0,2,2,2024-02-04 20:51:45,2026-05-16 03:02:50
blaze-3.xyz,true,1,415,243082,0,0,2,0,2,2,2025-11-25 11:36:45,2026-06-05 01:58:30
thekitbloke.com,true,0.9,78,1238,0,0,1,1,0,0,2026-05-23 04:14:43,
한국사이버신학대학교.kr,true,0.9,97,40413,8,2,202,0,0,0,2025-08-11 07:46:12,
duocnamlong.com,true,0.9,100,286,0,0,1,0,1,0,2025-09-04 18:33:34,2026-05-04 07:01:35
standardykvality.cz,true,0.9,94,15383,35,19,8,8,1,0,2026-05-07 00:40:50,
thallium-marketing.com,true,0.8,132,55,0,0,1,0,1,0,2025-06-11 00:49:34,2026-03-30 15:49:05
i-wapp.es,true,0.8,149,61375,0,0,3,2,0,0,2025-07-10 07:05:20,
wonvision.com,true,0.8,113,399764440,0,0,4,4,2,4,2026-05-19 04:04:06,
ionut-cosmin.ro,false,0.8,25,163,0,0,3,0,3,3,2025-02-23 13:16:40,2026-06-18 07:40:01
p2plendingfamily.com,true,0.8,105,5053,0,0,15,0,0,0,2025-12-13 07:18:32,
bmclending.com,true,0.8,107,8076,0,1,4,0,0,0,2025-09-06 07:14:51,
ttgdqp.xyz,true,0.8,382,271900,0,0,1,0,1,1,2025-12-10 11:28:09,2026-06-09 00:53:15
sentralpariwisata.xyz,true,0.8,255,0,0,0,1,0,1,1,2025-07-27 04:41:36,2026-03-30 23:31:59
autohiv.com,true,0.7,122,0,0,0,1,0,1,0,2025-08-28 11:54:00,2026-04-27 16:39:35
lemon-juice.xyz,true,0.7,241,204,0,0,1,0,1,1,2025-07-24 03:06:59,2026-04-04 21:47:04
prothor-ing.com,true,0.7,115,5773,0,0,1,0,0,0,2026-02-26 18:21:47,
listeleionelei.ro,true,0.7,15,587,0,0,2,0,0,0,2024-02-14 14:39:15,
adwaa-alkhalil.com,true,0.7,95,2630,5,3,3,0,0,0,2025-07-17 13:33:37,
etradm.com,false,0.7,42,3481,0,0,1,0,0,1,2025-07-11 00:49:12,
ducatulbukowina.ro,false,0.7,8,928,20,16,1,0,0,1,2026-03-25 17:06:57,
creditrepairdallas.xyz,true,0.7,269,76898,0,0,1,0,1,1,2025-08-10 02:30:14,2026-04-08 16:03:49
qumily.co.uk,true,0.6,117,3284,0,2,9,1,0,0,2025-09-16 19:10:35,
vipasador.com,true,0.6,52,1301,9,11,51,0,0,0,2025-09-22 15:09:10,
dmpswrp.xyz,true,0.6,370,143638,0,0,3,0,3,3,2025-09-12 16:35:20,2026-04-27 18:33:30
datingseiten24.xyz,true,0.6,292,0,0,0,2,0,2,2,2025-07-24 15:57:57,2026-04-21 22:05:38
erotikdating24.xyz,true,0.6,281,0,0,0,1,0,1,1,2025-07-26 13:47:25,2026-03-29 21:33:24
webbyria.xyz,true,0.6,1603,606915,0,0,9,3,3,9,2026-02-10 07:29:12,
maniaksc.xyz,true,0.6,1606,326183,0,0,6,5,2,6,2026-03-24 16:51:01,
jaunmood.xyz,true,0.6,1606,336986,0,0,1,1,0,1,2026-04-02 00:16:48,
pipazkpc.xyz,true,0.6,1605,318819,0,0,3,2,2,3,2026-03-20 11:28:40,
163shayu.xyz,true,0.6,1606,562857,0,0,5,3,1,5,2026-02-14 19:02:18,
putaoav4.xyz,true,0.6,1603,458386,0,0,6,5,5,6,2026-03-23 23:06:13,
powiekszaniepiersi24pl.xyz,true,0.6,255,0,0,0,1,0,1,1,2025-07-27 10:34:22,2026-03-31 19:31:56
agradeps.com.au,true,0.6,2950,1976,0,1,1,0,0,0,2025-07-24 00:44:51,
officeprinty.net,true,0.6,105,539,0,0,1,1,0,0,2026-04-16 13:51:53,
orchhalitfest.in,true,0.6,34,18986,0,4,1,1,0,0,2026-05-03 00:56:12,
ogooga.com,false,0.6,31,13,126,2,2,0,0,2,2025-01-20 21:43:49,
kamillekiecker.com,true,0.5,45,1362,0,0,4,0,0,0,2025-04-03 11:53:09,
memoirsof.xyz,true,0.5,243,0,0,0,1,0,1,1,2025-07-26 03:09:20,2026-03-31 17:21:22
pariusigur.com,false,0.5,32,123,106,13,1,0,0,1,2023-10-17 20:57:58,
alabamadailynews.xyz,true,0.5,509,302051,0,0,1,0,1,1,2025-11-21 05:49:51,2026-05-21 00:15:47
bestdev.ro,true,0.5,1,113,0,2,26,22,14,0,2026-02-16 03:38:07,
orukubimak.xyz,true,0.5,321,218287,0,0,1,0,1,1,2025-11-14 22:59:38,2026-05-14 00:08:15
itsquare.lk,true,0.5,72,3068,0,0,12,8,8,12,2026-03-26 05:40:43,
seo-anomaly-four.xyz,true,0.5,31,76,0,0,11,3,0,0,2026-03-24 06:59:57,
seo-anomaly-one.xyz,true,0.5,31,76,0,0,11,1,0,0,2026-03-24 08:23:11,
seo-anomaly-nine.xyz,true,0.5,31,76,0,0,11,1,0,0,2026-03-24 15:16:32,
seo-anomaly-six.xyz,true,0.5,31,76,0,0,11,3,0,0,2026-03-25 00:08:14,
seo-anomaly-three.xyz,true,0.5,31,76,0,0,11,3,0,0,2026-03-24 16:44:41,
seo-anomaly-two.xyz,true,0.5,31,76,0,0,11,3,0,0,2026-03-25 18:33:29,
seo-anomaly-five.xyz,true,0.5,31,76,0,0,10,2,0,0,2026-03-24 05:52:09,
seo-anomaly-seven.xyz,true,0.5,31,76,0,0,10,0,0,0,2026-03-24 14:22:53,
seo-anomaly-eight.xyz,true,0.5,30,76,0,0,10,0,0,0,2026-03-24 10:09:48,
seo-anomaly-ten.xyz,true,0.5,30,76,0,0,10,3,0,0,2026-03-25 20:35:40,
alzahwah.xyz,true,0.5,1606,500314,0,0,6,4,2,6,2026-02-18 18:13:35,
mechelta.xyz,true,0.5,1603,334766,0,0,2,1,0,2,2026-03-17 00:17:13,
lifeajoi.xyz,true,0.5,1604,410077,0,0,3,1,1,3,2026-02-14 05:01:55,
leadlazo.xyz,true,0.5,1603,392601,0,0,3,1,0,3,2026-02-21 01:53:38,
tvme2024.xyz,true,0.5,1606,353204,0,0,3,3,2,3,2026-05-16 02:31:11,
jancoarp.xyz,true,0.5,1606,410041,0,0,4,2,3,4,2026-03-18 11:40:55,
powurmax.xyz,true,0.5,1601,280764,0,0,2,1,2,2,2026-02-10 16:26:35,2026-05-12 06:24:10
wwwbi590.xyz,true,0.5,1605,354872,0,0,2,2,0,2,2026-04-07 03:35:48,
havenhot.xyz,true,0.5,1601,356640,0,0,1,1,0,1,2026-06-25 23:17:58,
ozvirals.xyz,true,0.5,1604,305870,0,0,7,6,7,7,2026-03-25 16:53:41,2026-06-22 03:44:33
yanyan92.xyz,true,0.5,1605,315057,0,0,3,3,2,3,2026-04-19 17:29:27,
asateeen.xyz,true,0.5,1604,282642,0,0,1,1,1,1,2026-05-11 17:17:02,2026-06-04 12:57:07
amapulse.xyz,true,0.5,1606,308058,0,0,1,1,1,1,2026-05-28 18:18:09,2026-06-11 21:33:07
tisnaver.xyz,true,0.5,1606,450167,0,0,12,9,2,12,2026-03-22 06:37:11,
putaoav6.xyz,true,0.5,1605,341583,0,0,5,4,5,5,2026-03-26 01:05:00,2026-06-02 20:05:37
bugsterz.xyz,true,0.5,1605,317858,0,0,3,3,0,3,2026-03-30 06:25:02,
wayrocks.xyz,true,0.5,1605,506373,0,0,7,2,2,7,2026-02-15 19:05:35,
bts88vip.xyz,true,0.5,1601,454188,0,0,5,5,0,5,2026-04-12 11:55:29,
ixingeir.xyz,true,0.5,1599,402675,0,0,2,2,1,2,2026-04-03 05:57:25,
uwakjitu.xyz,true,0.5,1604,458273,0,0,6,3,2,6,2026-02-16 17:43:51,
totempvp.xyz,true,0.5,1603,365875,0,0,2,1,0,2,2026-03-20 18:14:09,
chouhats.xyz,true,0.4,1601,481863,0,0,9,8,4,9,2026-02-11 01:31:27,
tutyaman.xyz,true,0.4,1604,462562,0,0,7,5,4,7,2026-01-14 02:16:13,
fnmatric.xyz,true,0.4,1602,458135,0,0,7,2,5,7,2026-02-08 11:47:56,
60bertha.xyz,true,0.4,1603,350723,0,0,7,7,4,7,2026-04-02 06:11:13,
sunsetea.xyz,true,0.4,1604,451776,0,0,4,3,1,4,2026-02-22 19:50:41,
seodirectories.xyz,true,0.4,317,0,0,0,1,0,1,1,2025-07-22 13:42:07,2026-03-31 01:57:14
namyangjukranma.xyz,true,0.4,232,0,0,0,3,0,3,3,2025-07-23 03:12:16,2026-04-06 11:35:55
51cgblzx.xyz,true,0.4,1600,497932,0,0,5,4,0,5,2026-02-20 04:51:05,
rankvanceboost.info,true,0.4,70,703160,0,0,2,0,2,2,2025-12-23 12:49:06,2026-05-02 21:57:34
gspqzw.info,true,0.4,1905,451664,0,0,11,11,4,11,2026-03-31 05:30:34,
suhwzpp.xyz,true,0.4,2384,156554,0,0,2,2,1,2,2026-06-07 23:02:20,
ygvip693.xyz,true,0.4,1596,295947,0,0,2,2,1,2,2026-05-01 12:52:50,
caobokun.xyz,true,0.4,1594,382320,0,0,7,4,5,7,2026-02-22 23:08:19,
cupidobo.xyz,true,0.4,1596,485298,0,0,4,4,3,4,2026-04-16 15:09:14,
xiari123.xyz,true,0.4,1597,378982,0,0,4,3,3,4,2026-03-17 19:43:00,
shygreen.xyz,true,0.4,1598,413391,0,0,7,4,5,7,2025-12-05 02:37:59,
mlive911.xyz,true,0.4,1595,377938,0,0,7,7,6,7,2026-04-05 09:12:44,
c44zlcsv.xyz,true,0.4,1594,446469,0,0,3,2,2,3,2026-02-08 02:08:55,
stayamor.xyz,true,0.4,1594,450333,0,0,8,4,4,8,2026-02-15 07:09:29,
goatwind.xyz,true,0.4,1593,545781,0,0,12,2,7,12,2026-02-10 18:26:15,
yimiaogj.xyz,true,0.4,1591,602122,0,0,6,4,1,6,2026-01-22 22:02:30,
knvqbsf.xyz,true,0.4,2392,190800,0,0,1,1,0,1,2026-06-22 13:03:02,
mkkwnrr.info,true,0.4,1897,366631,0,0,2,2,0,2,2026-04-12 17:16:29,
7xuav0.info,true,0.4,1903,415225,0,0,12,11,3,12,2026-03-20 22:10:19,
hoqgtzw.xyz,true,0.4,2367,183332,0,0,1,1,0,1,2026-06-20 19:13:58,
xh1940.xyz,true,0.4,233,63,0,0,2,0,2,2,2025-07-25 19:34:16,2026-04-09 21:57:43
medicalsupplystore.xyz,true,0.4,1964,575174,0,0,2,1,0,2,2026-01-12 19:19:04,
fuzoku-douga.xyz,true,0.4,237,0,0,0,1,0,1,1,2025-07-27 06:53:43,2026-03-29 03:19:35
xeuckmf.xyz,true,0.4,2391,191666,0,0,2,2,1,2,2026-06-05 15:53:31,
eeiodsxf.xyz,true,0.4,252,342375,0,0,5,0,5,5,2025-07-29 02:47:13,2026-04-14 23:43:40
rqomlgt.xyz,true,0.4,2397,231692,0,0,1,1,0,1,2026-06-20 13:01:55,
anomaly-seo-springdale.online,true,0.4,48,344,0,0,1585,0,17,0,2026-02-10 23:53:16,
tanexes.xyz,true,0.4,1609,570240,0,0,4,0,1,4,2026-02-14 06:54:36,
putaoav5.xyz,true,0.4,1156,210537,0,0,1,0,0,1,2025-12-31 08:58:18,
goshihub.xyz,true,0.4,1160,351981,0,0,2,0,0,2,2025-12-31 09:41:29,
nuvohire.xyz,true,0.4,1154,168208,0,0,1,0,0,1,2026-01-01 09:48:32,
mostbet-au1.xyz,true,0.4,289,222199,0,0,1,0,1,1,2025-12-12 01:12:23,2026-06-11 00:44:17
newzcandy.xyz,true,0.4,927,329491,0,0,3,0,3,3,2025-11-05 22:35:35,2026-05-17 02:23:10
mzr9pdy7.xyz,true,0.4,2395,84254,0,0,1,1,0,1,2026-06-11 10:00:55,
pzwpwzuz.xyz,true,0.4,250,312229,0,0,4,0,4,4,2025-08-04 16:49:27,2026-04-23 22:30:54
ueid15jwhc5.pro,true,0.4,674,136398,0,0,1,1,0,1,2026-06-19 04:39:23,
nlvmkwl.info,true,0.4,676,309493,0,0,1,1,0,1,2026-04-13 06:04:16,
48cartas.xyz,true,0.4,918,50295,0,0,1,0,1,1,2025-12-20 12:23:40,2026-06-19 07:00:54
r5lni8z5.xyz,true,0.4,913,207271,0,0,1,0,1,1,2025-12-19 18:08:12,2026-06-18 05:06:13
mi3group.xyz,true,0.4,912,237724,0,0,2,0,2,2,2025-12-19 01:43:18,2026-06-19 15:17:59
dcomicro.xyz,true,0.4,908,258012,0,0,1,0,1,1,2025-12-18 11:17:11,2026-06-17 02:51:48
psmxjlwt.xyz,true,0.4,251,55583,0,0,1,0,1,1,2025-08-31 04:14:54,2026-04-15 07:06:07
anomaly-seo-oakridge.website,true,0.4,45,345,0,0,1586,2,20,0,2026-02-11 02:32:59,
anomaly-seo-woodbridge.online,true,0.4,45,342,0,0,1586,1,21,0,2026-02-10 23:59:12,
anomaly-seo-silverton.website,true,0.4,45,343,0,0,1585,1,20,0,2026-02-12 20:33:23,
anomaly-seo-pinecrest.website,true,0.4,45,344,0,0,1585,0,8,0,2026-02-11 00:57:54,
anomaly-seo-hillcrest.site,true,0.4,45,342,0,0,1586,1,22,0,2026-02-12 23:12:28,
anomaly-seo-lakeside.site,true,0.4,45,344,0,0,1587,2,21,0,2026-02-11 06:15:14,
anomaly-seo-riverford.website,true,0.4,45,343,0,0,1586,1,16,0,2026-02-16 01:57:10,
anomaly-seo-meadowbrook.site,true,0.4,46,344,0,0,1585,0,21,0,2026-02-11 00:37:25,
anomaly-seo-northfield.website,true,0.4,45,344,0,0,1585,1,21,0,2026-02-13 22:03:56,
anomaly-seo-maplegrove.site,true,0.4,46,344,0,0,1586,1,19,0,2026-02-10 23:51:51,
anomaly-seo-stonehill.online,true,0.4,45,343,0,0,1558,31,10,0,2026-02-11 00:43:12,
k9luyz.asia,true,0.4,674,124251,0,0,3,3,1,3,2026-05-04 23:45:08,
ugv6rp.asia,true,0.4,674,186867,0,0,1,1,1,1,2026-05-21 10:20:04,2026-06-04 10:13:10
hfrqckv.info,true,0.4,674,173864,0,0,1,1,1,1,2026-06-02 18:33:41,2026-06-17 02:07:50
travelholyc.com,false,0.4,48,20,255,24,1,0,0,0,2021-03-28 15:19:01,
tomxagva.xyz,true,0.4,254,51542,0,0,2,0,2,2,2025-08-07 05:28:58,2026-04-11 13:11:38
vartonex.xyz,true,0.4,1316,506275,0,0,7,1,5,7,2026-01-23 00:39:59,
viiibozn.xyz,true,0.4,1317,554954,0,0,7,3,0,7,2026-02-14 16:24:55,
ljustore.xyz,true,0.4,1316,354704,0,0,3,0,2,3,2026-02-07 23:24:17,
bonfireu.xyz,true,0.4,1317,437028,0,0,6,4,2,6,2026-02-11 18:25:37,
viirmbdj.xyz,true,0.4,1315,368064,0,0,5,5,2,5,2026-04-08 04:18:23,
v8en4tzd.xyz,true,0.4,1316,484829,0,0,3,2,1,3,2026-03-21 22:40:10,
saibonfx.xyz,true,0.4,1314,471875,0,0,8,5,2,8,2026-02-11 01:49:45,
cheezyqs.xyz,true,0.4,1316,304685,0,0,2,1,1,2,2026-03-24 02:59:32,
uhuxkwxx.xyz,true,0.4,232,196317,0,0,1,0,1,1,2025-07-23 11:08:41,2026-04-27 16:40:34
doordeer.xyz,true,0.4,1316,341852,0,0,2,2,2,2,2026-04-13 03:27:24,2026-05-01 14:14:00
heapdeal.xyz,true,0.4,1314,303577,0,0,1,1,0,1,2026-06-27 04:14:05,
illirose.xyz,true,0.4,1316,315639,0,0,3,2,0,3,2026-03-27 19:48:40,
superxxxwomen.xyz,true,0.4,1621,438583,0,0,3,1,1,3,2026-02-08 01:12:29,
yceliacoforrelat.xyz,true,0.4,1619,526552,0,0,4,1,2,4,2026-01-19 13:15:11,
seojefr.xyz,true,0.4,1596,502472,0,0,5,4,1,5,2026-01-03 10:32:13,
aseraflix.xyz,true,0.4,1594,517281,0,0,9,3,6,9,2026-02-19 18:21:56,
a035.xyz,true,0.4,1594,488443,0,0,4,2,0,4,2026-02-09 21:04:14,
xjnat3enj6.xyz,true,0.4,1621,506954,0,0,5,2,2,5,2026-01-12 19:19:27,
boryeongkranma.xyz,true,0.3,255,0,0,0,1,0,1,1,2025-07-28 02:07:17,2026-04-04 10:57:34
merica99.xyz,true,0.3,1154,229557,0,0,1,0,0,1,2026-01-02 01:37:12,
yvvntzo.xyz,true,0.3,2315,245488,0,0,2,2,0,2,2026-06-09 12:03:29,
goesankranma.xyz,true,0.3,338,0,0,0,1,0,1,1,2025-07-27 17:23:31,2026-03-30 16:17:34
browseware.xyz,true,0.3,235,0,0,0,2,0,2,2,2025-07-22 18:05:44,2026-03-31 01:26:20
seo-anomaly-6.xyz,true,0.3,80,114,0,0,171,1,6,0,2026-02-20 17:20:38,
seo-anomaly-2.xyz,true,0.3,80,115,0,0,171,7,5,0,2026-02-20 17:30:11,
aasosmgx.xyz,true,0.3,29,0,0,0,1,0,1,1,2025-07-27 04:38:45,2026-04-06 14:07:26
seo-anomaly-10.xyz,true,0.3,80,113,0,0,171,1,5,0,2026-02-20 17:59:35,
seo-anomaly-9.xyz,true,0.3,80,114,0,0,171,1,5,0,2026-02-20 15:25:33,
housefilms.xyz,true,0.3,251,533,0,0,1,0,1,1,2025-07-21 05:48:56,2026-03-29 08:02:54
seo-anomaly-5.xyz,true,0.3,80,113,0,0,171,1,4,0,2026-02-20 17:33:53,
seo-anomaly-8.xyz,true,0.3,80,114,0,0,171,1,5,0,2026-02-20 16:18:23,
seo-anomaly-1.xyz,true,0.3,80,114,0,0,166,1,5,0,2026-02-20 17:39:38,
seo-anomaly-7.xyz,true,0.3,80,114,0,0,172,2,5,0,2026-02-20 17:36:08,
abdulmuneeb.xyz,true,0.3,275,0,0,0,1,0,1,1,2025-07-23 00:37:59,2026-04-01 11:09:22
ubmyofh.info,true,0.3,674,181304,0,0,1,1,1,1,2026-06-07 20:48:12,2026-06-21 20:39:03
nhykvba.info,true,0.3,674,140108,0,0,1,1,0,1,2026-06-16 10:03:27,
seo-anomaly-3.xyz,true,0.3,80,114,0,0,170,6,5,0,2026-02-20 18:22:03,
seo-anomaly-4.xyz,true,0.3,80,114,0,0,172,2,5,0,2026-02-20 17:38:35,
30namatak.xyz,true,0.3,716,0,0,0,1,0,1,1,2025-07-21 11:54:07,2026-04-01 19:29:39
8122w276.xyz,true,0.3,917,193676,0,0,1,0,1,1,2025-12-20 03:01:21,2026-06-19 03:02:13
leopollo.xyz,true,0.3,1214,442295,0,0,4,2,1,4,2026-02-09 23:09:33,
jojokaka.xyz,true,0.3,1213,532737,0,0,10,5,3,10,2026-02-07 12:39:45,
ctbgck8u.xyz,true,0.3,1214,540815,0,0,2,1,1,2,2026-03-20 01:33:19,
cooletic.xyz,true,0.3,1213,450570,0,0,7,7,0,7,2026-04-07 07:29:07,
cesstank.xyz,true,0.3,1211,539925,0,0,9,5,4,9,2026-02-09 11:13:12,
hkiqueen.xyz,true,0.3,1210,369069,0,0,1,1,0,1,2026-04-11 23:11:20,
saylorqr.xyz,true,0.3,1211,330388,0,0,4,4,0,4,2026-04-03 15:55:37,
trkapr22.xyz,true,0.3,1211,473457,0,0,9,6,2,9,2026-02-25 21:24:54,
zzsaifei.xyz,true,0.3,1211,562118,0,0,7,5,2,7,2026-02-10 09:54:14,
ipulsefr.xyz,true,0.3,1214,368351,0,0,3,2,3,3,2026-02-18 06:29:44,2026-05-15 14:56:03
klobba10.xyz,true,0.3,1209,441937,0,0,10,5,5,10,2026-02-22 15:30:09,
ajlsilva.xyz,true,0.3,1211,395759,0,0,5,3,2,5,2026-02-14 06:23:36,
brumifan.xyz,true,0.3,1213,634307,0,0,7,3,1,7,2026-02-08 07:33:27,
inmeplay.xyz,true,0.3,1211,430040,0,0,6,4,5,6,2026-02-22 16:53:26,
shiakidz.xyz,true,0.3,1211,593591,0,0,5,4,0,5,2026-02-21 05:40:58,
proditej.xyz,true,0.3,1211,505379,0,0,3,2,1,3,2026-02-10 09:36:55,
lamondon.xyz,true,0.3,1211,329705,0,0,3,2,1,3,2026-03-18 11:04:20,
alpelean.xyz,true,0.3,1211,348440,0,0,2,0,0,2,2026-02-22 12:31:06,
aeca.ro,false,0.3,3,215,0,0,1,0,0,1,2025-07-10 01:32:01,
esclavastucuman.edu.ar,false,0.3,3,21132,0,1,1,0,0,1,2025-05-31 06:10:45,
ootchaig.xyz,true,0.3,1201,180442,0,0,1,0,0,1,2026-01-01 09:49:56,
evaronix.xyz,true,0.3,1375,522801,0,0,4,0,1,4,2026-02-20 12:39:19,
rtwbypac.xyz,true,0.3,1373,553615,0,0,6,3,1,6,2026-02-15 19:12:02,
iaqwqqor.xyz,true,0.3,1375,369330,0,0,2,2,0,2,2026-04-19 08:16:11,
spruce27.xyz,true,0.3,1373,432597,0,0,5,2,2,5,2026-02-11 15:55:33,
deyomist.xyz,true,0.3,1374,448920,0,0,4,1,3,4,2026-02-18 20:07:23,
fulishuo.xyz,true,0.3,1375,459856,0,0,6,2,4,6,2026-01-12 02:47:43,
spedning.xyz,true,0.3,1374,401831,0,0,3,2,1,3,2026-03-21 16:18:01,
two6zero.xyz,true,0.3,1375,365768,0,0,4,1,2,4,2026-02-11 05:16:28,
eijewels.xyz,true,0.3,1374,526381,0,0,5,4,0,5,2026-01-11 09:38:01,
vmlumina.xyz,true,0.3,1276,482632,0,0,8,4,3,8,2026-02-21 22:57:16,
lovelium.xyz,true,0.3,1275,357511,0,0,3,2,2,3,2026-02-07 10:44:24,
euniterx.xyz,true,0.3,1273,287575,0,0,1,1,1,1,2026-05-19 01:29:37,2026-06-05 08:47:31
stasiyim.xyz,true,0.3,1276,372838,0,0,2,2,2,2,2026-04-28 04:45:52,2026-05-26 04:05:34
reshopid.xyz,true,0.3,1273,440843,0,0,4,2,0,4,2026-02-25 06:07:29,
tidnjufh.xyz,true,0.3,1276,489271,0,0,4,0,2,4,2026-02-08 08:28:06,
igloozoa.xyz,true,0.3,1275,473177,0,0,4,3,0,4,2026-02-20 20:02:17,
luxetore.xyz,true,0.3,1274,331516,0,0,5,4,0,5,2026-03-18 18:58:37,
jponcasi.xyz,true,0.3,1271,504839,0,0,5,2,2,5,2026-02-11 02:45:46,
zerka-lo1.xyz,true,0.3,254,1484,0,0,3,0,3,3,2025-07-26 18:25:04,2026-04-06 04:20:14
azvippro.xyz,true,0.3,1273,371451,0,0,1,1,1,1,2026-05-23 09:19:01,2026-06-06 09:23:15
tztkkrqj.xyz,true,0.3,251,84085,0,0,1,0,1,1,2025-08-04 05:24:12,2026-04-07 23:45:38
hogsfoot.xyz,true,0.3,1372,432619,0,0,6,3,2,6,2026-02-12 00:06:48,
ducklife.xyz,true,0.3,245,188515,0,0,1,0,1,1,2025-09-05 22:15:49,2026-04-09 05:42:54
jklcasoz.xyz,true,0.3,252,85544,0,0,1,0,1,1,2025-08-10 08:40:02,2026-04-11 20:07:08
parvagrotech.com,true,0.3,54,2021,0,0,10,0,0,0,2025-09-26 12:05:51,
flipbean.xyz,true,0.3,246,0,0,0,1,0,1,1,2025-07-27 22:05:23,2026-03-30 06:24:06
superslot289.xyz,true,0.3,229,0,0,0,1,0,1,1,2025-07-25 10:34:19,2026-03-30 18:16:32
nkzgwczm.xyz,true,0.3,248,447381,0,0,2,0,2,2,2025-07-31 10:48:06,2026-04-28 08:18:09
beacrisp.xyz,true,0.3,956,194684,0,0,2,0,0,2,2025-12-31 13:39:59,
tk88vnam.xyz,true,0.3,959,187107,0,0,1,0,0,1,2026-01-01 16:50:02,
hazarat.in,true,0.3,39,1900,0,0,80,0,80,0,2025-07-23 17:38:16,2026-04-25 00:12:16
rnxbxilq.xyz,true,0.3,250,354361,0,0,2,0,2,2,2025-07-30 07:00:16,2026-04-11 08:44:15
ifoqazns.xyz,true,0.3,254,136322,0,0,1,0,1,1,2025-08-06 19:58:54,2026-04-02 20:26:30
starvemx.xyz,true,0.3,702,152148,0,0,1,0,1,1,2025-12-18 04:09:12,2026-06-17 03:47:57
sadhvika.xyz,true,0.3,1168,253707,0,0,1,0,0,1,2025-12-31 07:13:45,
darkwang.xyz,true,0.3,705,113054,0,0,1,0,1,1,2025-12-18 10:05:46,2026-06-17 01:37:21
lawsofgc.xyz,true,0.3,702,107025,0,0,1,0,1,1,2025-12-19 17:05:40,2026-06-18 07:03:51
hotzamon.xyz,true,0.3,701,159200,0,0,2,0,2,2,2025-12-19 12:48:42,2026-06-19 02:05:42
win168ar.xyz,true,0.3,699,113896,0,0,1,0,1,1,2025-12-18 15:16:10,2026-06-17 05:48:45
horusmkt.xyz,true,0.3,1165,357422,0,0,1,0,0,1,2025-12-31 21:54:53,
doobiezz.xyz,true,0.3,1160,220365,0,0,1,0,0,1,2025-12-31 14:36:24,
fixaible.xyz,true,0.3,964,285629,0,0,2,0,2,2,2025-12-16 06:06:50,2026-06-15 13:30:57
ujsbpuny.xyz,true,0.3,32,0,0,0,1,0,1,1,2025-07-23 13:47:57,2026-03-29 11:50:15
mdamdkki.xyz,true,0.3,250,51436,0,0,1,0,1,1,2025-07-25 10:14:47,2026-03-30 10:15:02
yuk888ge9.info,true,0.3,1904,422184,0,0,20,19,1,20,2026-03-21 17:44:33,
fn0zdt.info,true,0.3,1903,445214,0,0,18,17,4,18,2026-03-25 10:46:45,
akt336.info,true,0.3,1906,417143,0,0,16,16,1,16,2026-04-09 20:38:35,
juhtugg.info,true,0.3,1900,395204,0,0,7,6,2,7,2026-03-21 12:54:30,
uupk888wt16.info,true,0.3,1901,416944,0,0,22,19,7,22,2026-03-20 13:47:59,
bwmddk.info,true,0.3,1905,465567,0,0,21,20,1,21,2026-03-20 18:50:42,
uupk888wt4.info,true,0.3,1906,461754,0,0,19,15,6,19,2026-03-20 14:10:36,
mxvhhss.info,true,0.3,1908,166468,0,0,1,1,0,1,2026-05-05 17:54:21,
uupk888wt6.info,true,0.3,1902,334294,0,0,6,5,1,6,2026-03-26 17:51:03,
zwoaona.info,true,0.3,1904,451341,0,0,16,16,6,16,2026-03-30 02:15:03,
autk888wt24.info,true,0.3,1902,283376,0,0,1,1,0,1,2026-04-23 14:08:08,
myjvzyx.info,true,0.3,1900,419432,0,0,15,15,0,15,2026-04-17 10:06:23,
whgtsed.info,true,0.3,1903,458582,0,0,8,6,3,8,2026-03-25 04:46:48,
uerfyi12.info,true,0.3,1903,458023,0,0,14,13,6,14,2026-03-21 11:27:47,
jmct3n.info,true,0.3,1905,352668,0,0,6,6,0,6,2026-03-30 09:17:00,
dhpsea.info,true,0.3,1899,366151,0,0,4,4,0,4,2026-04-01 04:00:52,
tp9bur.info,true,0.3,1901,467624,0,0,16,16,1,16,2026-04-06 04:15:04,
yuuk888ge5.info,true,0.3,1893,361616,0,0,8,8,0,8,2026-04-02 17:02:18,
5fm87xg.xyz,true,0.3,2388,189244,0,0,1,1,0,1,2026-06-17 19:31:41,
sjjlhxar.xyz,true,0.3,249,82907,0,0,1,0,1,1,2025-08-04 14:13:35,2026-04-13 00:36:17
zzemoxsh.xyz,true,0.3,255,92838,0,0,2,0,2,2,2025-07-30 06:32:00,2026-04-10 03:57:08
karhbyw.xyz,true,0.3,2375,188376,0,0,1,1,0,1,2026-06-21 17:59:03,
pomegranate888.xyz,true,0.3,313,0,0,0,1,0,1,1,2025-07-25 23:56:11,2026-03-30 08:26:27
yproqqo.xyz,true,0.3,2382,188964,0,0,1,1,0,1,2026-06-18 06:32:31,
nuhekae.xyz,true,0.3,2383,186415,0,0,1,1,0,1,2026-06-18 14:04:51,
0stqeq.info,true,0.3,1905,228624,0,0,3,3,2,3,2026-04-05 10:22:05,
uerredq.info,true,0.3,1912,473749,0,0,26,25,7,26,2026-03-26 01:36:52,
uerfyi18.info,true,0.3,1902,355613,0,0,3,3,1,3,2026-04-28 05:21:42,
kigtfrd.info,true,0.3,1912,448131,0,0,8,8,1,8,2026-04-09 16:46:31,
roooban.info,true,0.3,1906,350600,0,0,2,2,0,2,2026-04-29 18:27:53,
pux2yt.info,true,0.3,1900,448052,0,0,13,13,2,13,2026-04-12 17:00:15,
culjez.info,true,0.3,1903,372010,0,0,3,3,0,3,2026-04-27 06:05:38,
uupk888wt9.info,true,0.3,1906,384789,0,0,11,10,6,11,2026-03-25 00:29:35,
hx0yze.info,true,0.3,1907,411195,0,0,17,15,5,17,2026-03-26 03:53:06,
rht4j6.info,true,0.3,1913,460816,0,0,21,19,6,21,2026-03-21 16:15:19,
uerfyi3.info,true,0.3,1898,400749,0,0,17,17,9,17,2026-04-02 15:29:37,
i438xz.info,true,0.3,1909,253939,0,0,1,1,1,1,2026-04-23 22:10:18,2026-05-07 22:21:59
4b97wv.info,true,0.3,1903,230558,0,0,1,1,1,1,2026-05-13 07:58:59,2026-05-30 09:35:39
yuuk888ge20.info,true,0.3,1894,351254,0,0,6,6,0,6,2026-04-23 05:36:57,
uerfyi16.info,true,0.3,1897,363093,0,0,7,7,2,7,2026-04-19 01:46:28,
szid7w.info,true,0.3,1891,359685,0,0,4,4,1,4,2026-04-04 00:19:10,
j801px.info,true,0.3,1895,352666,0,0,4,4,0,4,2026-04-07 05:24:40,
uik888wt9.info,true,0.3,1899,471077,0,0,7,6,3,7,2026-03-26 23:19:03,
pszkrbek.xyz,true,0.3,246,303732,0,0,2,0,2,2,2025-08-04 02:36:56,2026-04-20 03:30:27
qi6dyo.info,true,0.3,1903,447072,0,0,6,6,1,6,2026-04-25 14:37:17,
ueid15jwhc9.info,true,0.3,1902,359081,0,0,3,3,1,3,2026-04-05 10:00:17,
zk870f.info,true,0.3,1900,403165,0,0,8,8,3,8,2026-04-13 21:35:15,
uerfyi8.info,true,0.3,1897,460405,0,0,29,28,10,29,2026-03-20 15:08:44,
iedg4u.info,true,0.3,1895,466317,0,0,14,14,7,14,2026-04-03 21:20:48,
mponnzy.info,true,0.3,1897,416687,0,0,15,15,2,15,2026-03-31 20:49:01,
cudvjsq.xyz,true,0.3,2423,155599,0,0,1,1,0,1,2026-06-19 13:25:20,
wyxzvtz.xyz,true,0.3,2378,175050,0,0,1,1,0,1,2026-06-16 16:21:23,
eantyiy.xyz,true,0.3,2368,194567,0,0,1,1,0,1,2026-06-19 03:59:48,
bnpxodb.xyz,true,0.3,2413,339688,0,0,4,4,0,4,2026-06-08 23:16:05,
lzvifjb.xyz,true,0.3,2372,250733,0,0,1,1,0,1,2026-06-20 19:28:11,
nhefqgq.xyz,true,0.3,2351,218801,0,0,1,1,0,1,2026-06-20 05:42:08,
acozzxn.xyz,true,0.3,2381,130979,0,0,2,2,0,2,2026-06-08 13:45:18,
pxwwrava.xyz,true,0.3,249,354518,0,0,3,0,3,3,2025-07-30 23:25:33,2026-04-08 08:59:56
aejrkh9.xyz,true,0.3,2337,136160,0,0,1,1,1,1,2026-06-08 03:42:10,2026-06-22 04:10:43
vwqlz.xyz,true,0.3,2358,117325,0,0,3,3,1,3,2026-06-05 20:05:35,
zeaxkfg.xyz,true,0.3,2395,196256,0,0,1,1,0,1,2026-06-10 03:59:35,
jhcz2t5.xyz,true,0.3,2366,135870,0,0,1,1,0,1,2026-06-22 17:13:55,
rdobnzq.info,true,0.3,1907,444351,0,0,14,13,6,14,2026-03-25 10:40:17,
9qm69v.info,true,0.3,1901,218085,0,0,3,3,1,3,2026-04-29 07:15:27,
oa9wx2.info,true,0.3,1908,359010,0,0,7,7,2,7,2026-04-06 06:23:01,
autk888wt10.info,true,0.3,1904,450962,0,0,17,14,12,17,2026-03-20 20:57:14,
yevcze.info,true,0.3,1908,321300,0,0,1,0,1,1,2026-03-21 08:51:59,2026-04-13 00:27:33
9sybxh.info,true,0.3,1907,208997,0,0,3,3,2,3,2026-04-23 07:32:47,
401ze5.info,true,0.3,1902,454746,0,0,17,16,2,17,2026-03-24 20:36:54,
vtjv7i.info,true,0.3,1894,367403,0,0,5,5,0,5,2026-04-23 03:52:43,
tegtelz.xyz,true,0.3,2373,333373,0,0,2,2,0,2,2026-06-13 06:55:37,
hrdconz.info,true,0.3,1892,394589,0,0,4,4,1,4,2026-04-13 17:43:18,
jc6xvf.info,true,0.3,1900,359727,0,0,8,8,0,8,2026-03-30 00:39:10,
nkkcpbo.info,true,0.3,1895,356870,0,0,9,8,1,9,2026-03-20 19:24:44,
grppoay.info,true,0.3,1900,282192,0,0,1,1,0,1,2026-05-19 08:38:07,
6i0rec8.xyz,true,0.3,2361,125680,0,0,1,1,1,1,2026-06-04 20:32:35,2026-06-18 20:26:18
1uamyb.info,true,0.3,1899,305863,0,0,1,1,1,1,2026-04-30 03:33:43,2026-05-14 03:25:16
h00znz.info,true,0.3,1898,401438,0,0,3,3,1,3,2026-04-07 03:31:18,
yb0hgm.info,true,0.3,1894,437295,0,0,20,18,6,20,2026-03-20 17:04:03,
j0xsvi.info,true,0.3,1899,470787,0,0,22,19,4,22,2026-03-20 09:54:58,
lhdoyi.info,true,0.3,1899,355654,0,0,6,6,0,6,2026-04-18 14:17:20,
gxheka.info,true,0.3,1901,462802,0,0,13,12,6,13,2026-03-26 18:26:55,
6c585kui.xyz,true,0.3,2348,124251,0,0,1,1,1,1,2026-06-06 22:47:32,2026-06-20 22:36:02
ubgyzyah.xyz,true,0.3,256,106219,0,0,1,0,1,1,2025-08-08 18:06:11,2026-04-03 16:07:14
cfegllw.xyz,true,0.3,2392,139671,0,0,1,1,0,1,2026-06-15 09:35:07,
wikifa.xyz,true,0.3,255,0,0,0,2,0,2,2,2025-07-27 05:44:39,2026-04-08 17:48:48
suxebsr.xyz,true,0.3,2392,186009,0,0,1,1,0,1,2026-06-11 12:42:25,
fnddihci.xyz,true,0.3,251,310858,0,0,2,0,2,2,2025-08-03 19:04:34,2026-04-13 15:38:29
cdjxqzjo.xyz,true,0.3,250,49471,0,0,1,0,1,1,2025-08-06 23:02:11,2026-04-18 04:12:06
opddrkm.xyz,true,0.3,2378,174844,0,0,2,2,1,2,2026-06-03 16:48:10,
shopbmth.xyz,true,0.3,1258,457635,0,0,7,6,1,7,2026-03-21 14:32:28,
phaarmaa.xyz,true,0.3,1259,367479,0,0,4,3,1,4,2026-02-25 11:17:01,
alhurish.xyz,true,0.3,1255,359898,0,0,1,0,0,1,2026-02-22 03:18:16,
afetshop.xyz,true,0.3,1255,514234,0,0,1,1,0,1,2026-04-28 18:35:54,
palmgone.xyz,true,0.3,1256,438201,0,0,5,3,2,5,2026-02-09 06:41:45,
myntraco.xyz,true,0.3,1258,436413,0,0,5,4,2,5,2026-02-26 12:40:15,
bammbooo.xyz,true,0.3,1257,413398,0,0,4,4,0,4,2026-04-03 00:52:15,
14good88.xyz,true,0.3,1257,426774,0,0,1,1,0,1,2026-04-05 18:06:13,
lilpeeep.xyz,true,0.3,1260,432203,0,0,3,2,1,3,2026-03-20 11:36:35,
links-bhs-big.online,true,0.3,48,172,0,0,883,0,0,0,2026-02-11 08:23:09,
deqtabv.xyz,true,0.3,2384,190476,0,0,1,1,1,1,2026-06-04 02:03:03,2026-06-18 01:57:57
jxsportz.xyz,true,0.3,1256,351261,0,0,6,3,3,6,2026-02-18 08:20:12,
lakamari.xyz,true,0.3,1257,383104,0,0,3,3,0,3,2026-04-18 05:28:54,
acaciaci.xyz,true,0.3,1256,418268,0,0,3,3,0,3,2026-05-06 05:50:40,
qqalfa24.xyz,true,0.3,1258,426773,0,0,7,3,3,7,2026-02-11 07:43:56,
joculesq.xyz,true,0.3,1257,375072,0,0,2,1,1,2,2026-02-21 01:17:53,
wayofara.xyz,true,0.3,1259,496448,0,0,3,0,0,3,2026-02-13 11:00:28,
courtish.xyz,true,0.3,1257,439954,0,0,4,4,0,4,2026-04-15 09:30:29,
modafuse.xyz,true,0.3,1256,437378,0,0,4,4,0,4,2026-04-06 15:13:05,
olhxgdy.xyz,true,0.2,2383,137148,0,0,1,1,0,1,2026-06-22 23:19:34,
ozknitud.xyz,true,0.2,253,120933,0,0,3,0,3,3,2025-07-29 07:10:31,2026-04-11 03:41:22
iqpfjdqw.xyz,true,0.2,256,205391,0,0,1,0,1,1,2025-09-14 03:12:38,2026-03-30 12:55:46
xkjunjb.xyz,true,0.2,2377,119655,0,0,1,1,0,1,2026-06-12 22:25:27,
bqhypvfi.xyz,true,0.2,248,56570,0,0,1,0,1,1,2025-08-10 12:09:51,2026-04-19 02:37:57
wxezstv.xyz,true,0.2,2363,141667,0,0,1,1,0,1,2026-06-15 17:57:17,
dmcwhtuk.xyz,true,0.2,253,126756,0,0,1,0,1,1,2025-08-09 02:34:44,2026-04-07 22:31:05
ooknnsmd.xyz,true,0.2,251,173810,0,0,1,0,1,1,2025-08-10 11:27:04,2026-04-22 16:07:02
jxqmspy.xyz,true,0.2,2393,186347,0,0,1,1,1,1,2026-06-05 20:14:54,2026-06-19 20:32:34
omcvnkj.xyz,true,0.2,2405,189903,0,0,1,1,0,1,2026-06-15 08:26:17,
wcufchj.xyz,true,0.2,2371,187337,0,0,1,1,0,1,2026-06-17 20:28:04,
lus2.info,true,0.2,1403,183716,0,0,2,2,0,2,2026-05-13 00:51:13,
dqruu.info,true,0.2,1401,308279,0,0,2,1,1,2,2026-03-22 15:05:55,
bxcybym.xyz,true,0.2,2371,184344,0,0,1,1,0,1,2026-06-19 02:33:03,
5msbu.info,true,0.2,1401,306786,0,0,3,2,1,3,2026-03-17 03:02:23,
al30v.info,true,0.2,1398,311658,0,0,1,1,0,1,2026-04-19 01:36:12,
9ieke.info,true,0.2,1405,294729,0,0,5,4,2,5,2026-03-22 05:43:01,
sxzitlm.xyz,true,0.2,2403,140000,0,0,1,1,1,1,2026-06-05 11:15:45,2026-06-19 11:12:06
697fp.info,true,0.2,1401,306020,0,0,2,2,0,2,2026-04-08 05:53:19,
4u3d2d.info,true,0.2,1386,298905,0,0,1,1,0,1,2026-04-23 09:02:17,
d4fur.info,true,0.2,1389,299841,0,0,1,1,1,1,2026-04-17 18:30:08,2026-05-05 16:55:26
c6spn4.info,true,0.2,1387,241712,0,0,4,4,1,4,2026-04-22 10:28:19,
eii9n.info,true,0.2,1393,276568,0,0,5,4,0,5,2026-03-22 08:12:21,
2yynm.info,true,0.2,1377,323844,0,0,7,5,2,7,2026-03-18 15:48:51,
fb7mxd.info,true,0.2,1387,370671,0,0,4,4,0,4,2026-04-03 15:55:25,
7caru.info,true,0.2,1376,293910,0,0,3,2,2,3,2026-03-17 18:50:50,
n5vsxtwr.xyz,true,0.2,2411,109300,0,0,1,1,0,1,2026-06-18 22:28:10,
cvdcjov.xyz,true,0.2,2375,184294,0,0,1,1,1,1,2026-06-07 01:19:22,2026-06-21 01:10:30
rzsawhf.xyz,true,0.2,2374,185412,0,0,1,1,1,1,2026-06-04 06:32:43,2026-06-18 06:50:15
4kyho.info,true,0.2,1374,314559,0,0,3,1,2,3,2026-03-18 08:33:43,
efmxf.info,true,0.2,1373,298611,0,0,7,4,4,7,2026-03-25 01:42:29,
gamekapital.xyz,true,0.2,255,319314,0,0,2,0,2,2,2025-06-12 22:07:22,2026-04-27 02:39:26
pieta360.xyz,true,0.2,882,182523,0,0,1,0,0,1,2026-01-02 06:52:43,
casinoplay.ro,false,0.2,7,43,3,1,5,0,0,5,2024-07-05 16:51:56,
4b1s0b81.xyz,true,0.2,2398,95799,0,0,1,1,1,1,2026-06-05 11:04:24,2026-06-19 11:04:15
jypkdabr.xyz,true,0.2,252,457290,0,0,2,0,2,2,2025-07-31 19:33:18,2026-04-21 08:34:28
tteekpm.xyz,true,0.2,2379,141105,0,0,1,1,0,1,2026-06-20 02:01:41,
yretzkuc.xyz,true,0.2,251,43424,0,0,3,0,3,3,2025-08-04 07:38:36,2026-04-27 11:01:47
rdhddrs.xyz,true,0.2,2370,184111,0,0,1,1,0,1,2026-06-19 13:30:24,
jvvzdcnc.xyz,true,0.2,256,60204,0,0,1,0,1,1,2025-08-05 20:14:16,2026-04-12 10:58:58
fgugvtx.xyz,true,0.2,2365,137294,0,0,1,1,0,1,2026-06-09 17:41:58,
yhdlrqe.xyz,true,0.2,2408,180688,0,0,1,1,0,1,2026-06-17 19:45:29,
ydvkzdpb.xyz,true,0.2,31,0,0,0,1,0,1,1,2025-07-27 13:20:28,2026-04-07 01:03:05
bnaylis.xyz,true,0.2,2339,136292,0,0,1,1,0,1,2026-06-10 03:10:23,
iqgpsjsp.xyz,true,0.2,253,230511,0,0,2,0,2,2,2025-08-09 07:31:55,2026-04-09 00:48:45
bcorfsc.xyz,true,0.2,2367,139370,0,0,1,1,1,1,2026-06-05 19:38:03,2026-06-19 20:24:26
jgqyfsl.xyz,true,0.2,2359,185992,0,0,1,1,1,1,2026-06-03 20:22:49,2026-06-17 20:16:01
eoglkujn.xyz,true,0.2,249,52646,0,0,2,0,2,2,2025-07-23 20:03:55,2026-04-05 04:22:22
allyblcp.xyz,true,0.2,251,75664,0,0,2,0,2,2,2025-08-03 19:44:27,2026-04-07 02:41:13
jstwcod.xyz,true,0.2,2375,194509,0,0,1,1,0,1,2026-06-10 04:55:56,
srpbepn.xyz,true,0.2,2357,185518,0,0,1,1,1,1,2026-06-03 10:31:30,2026-06-17 10:27:41
srrejtwb.xyz,true,0.2,251,405382,0,0,4,0,4,4,2025-08-01 13:47:42,2026-04-13 23:39:59
kjhuseyc.xyz,true,0.2,254,82908,0,0,1,0,1,1,2025-08-30 13:49:20,2026-04-24 05:56:12
axojefkj.xyz,true,0.2,255,239452,0,0,2,0,2,2,2025-07-27 17:02:08,2026-04-07 01:35:11
kpiqkvgr.xyz,true,0.2,32,0,0,0,1,0,1,1,2025-07-22 19:17:43,2026-04-02 13:56:39
jhgvydv.xyz,true,0.2,2325,304840,0,0,2,2,0,2,2026-06-12 23:01:26,
h1demega.xyz,true,0.2,826,192276,0,0,2,0,0,2,2025-12-31 08:27:28,
everiend.xyz,true,0.2,825,203877,0,0,1,0,0,1,2026-01-03 03:08:11,
chilauri.xyz,true,0.2,829,196394,0,0,1,0,0,1,2026-01-01 19:05:52,
taiwansc.xyz,true,0.2,831,192913,0,0,1,0,0,1,2026-01-02 17:28:53,
sumitamp.xyz,true,0.2,828,196605,0,0,1,0,0,1,2025-12-31 20:54:54,
lemgpiz.xyz,true,0.2,2318,362829,0,0,1,1,0,1,2026-06-13 18:41:44,
pseempep.xyz,true,0.2,823,230829,0,0,2,0,0,2,2025-12-31 07:18:53,
maizbans.xyz,true,0.2,841,205892,0,0,1,0,0,1,2026-01-01 15:09:48,
anomaly-civic.online,true,0.2,49,60,0,0,40,0,1,0,2026-02-13 07:02:16,
qc4ff.info,true,0.2,673,139894,0,0,1,1,0,1,2026-06-22 22:41:52,
3obl2h97x.info,true,0.2,797,468775,0,0,15,10,6,15,2026-02-07 14:26:03,
wglgech.info,true,0.2,673,177584,0,0,1,1,0,1,2026-04-23 17:32:07,
practiot.xyz,true,0.2,828,198226,0,0,1,0,0,1,2026-01-06 03:26:15,
alecssia.xyz,true,0.2,838,191701,0,0,1,0,0,1,2026-01-01 17:37:51,
icahaber.xyz,true,0.2,841,204972,0,0,1,0,0,1,2025-12-31 14:02:18,
zaperaid.xyz,true,0.2,868,211837,0,0,1,0,0,1,2025-12-31 17:13:39,
25pye1map.info,true,0.2,799,525464,0,0,10,3,5,10,2026-02-09 21:41:44,
parkerss.xyz,true,0.2,839,229593,0,0,2,0,0,2,2026-01-02 13:20:59,
ltukugy.info,true,0.2,791,301886,0,0,2,2,0,2,2026-04-24 07:52:02,
oe3fg7.info,true,0.2,808,515269,0,0,8,4,4,8,2026-02-10 01:33:08,
9lqain.info,true,0.2,673,343270,0,0,3,3,0,3,2026-04-21 16:42:24,
qzrzhvm.info,true,0.2,796,419619,0,0,2,2,1,2,2026-05-09 03:18:04,
top4done.xyz,true,0.2,837,229579,0,0,1,0,0,1,2026-01-04 02:38:15,
sdofqj.info,true,0.2,796,510064,0,0,4,2,1,4,2026-02-18 15:48:14,
anomaly-mustang.website,true,0.2,49,60,0,0,40,0,1,0,2026-02-13 09:55:23,
vidaieth.xyz,true,0.2,825,249176,0,0,1,0,0,1,2026-01-06 17:20:41,
diasonie.xyz,true,0.2,841,236591,0,0,2,0,0,2,2025-12-31 11:36:27,
28tutvv0.info,true,0.2,797,407741,0,0,2,0,1,2,2026-02-23 08:58:53,
z5ow2v.info,true,0.2,675,181350,0,0,1,1,1,1,2026-06-06 01:04:39,2026-06-20 00:59:00
skl4ej.info,true,0.2,796,506799,0,0,2,1,0,2,2026-03-16 22:37:13,
9c5kxfuib.info,true,0.2,795,546828,0,0,6,5,1,6,2026-02-19 18:33:45,
ugfjwih.info,true,0.2,673,345636,0,0,3,3,0,3,2026-04-23 17:13:30,
yzcq90.info,true,0.2,798,446196,0,0,3,1,1,3,2026-02-21 17:28:17,
2ia8qi.info,true,0.2,796,508632,0,0,10,6,4,10,2026-02-09 04:16:28,
y007vc.info,true,0.2,794,540805,0,0,5,2,1,5,2026-02-14 12:33:58,
lmcuppg.info,true,0.2,673,254915,0,0,4,4,1,4,2026-04-12 18:41:25,
h4244e.info,true,0.2,795,532574,0,0,3,0,0,3,2026-02-22 21:04:50,
boronvit.xyz,true,0.2,827,241763,0,0,2,0,0,2,2026-01-03 06:18:09,
yuwl3s.info,true,0.2,804,439436,0,0,7,6,1,7,2026-02-14 11:10:35,
cysuyuan.xyz,true,0.2,840,191971,0,0,3,0,0,3,2025-12-31 13:08:54,
7j7fh9.info,true,0.2,794,582271,0,0,5,3,1,5,2026-02-15 21:01:28,
rgfnj2.asia,true,0.2,673,100142,0,0,1,1,0,1,2026-06-18 12:58:59,
wtpruyi.info,true,0.2,673,336595,0,0,3,3,0,3,2026-04-26 05:41:05,
flybylux.xyz,true,0.2,840,187641,0,0,1,0,0,1,2025-12-31 17:32:06,
uuq0lg.info,true,0.2,673,166563,0,0,2,2,1,2,2026-06-06 03:31:26,
k402ip23q.info,true,0.2,795,361916,0,0,3,2,1,3,2026-02-23 23:42:33,
onbet125.xyz,true,0.2,841,204489,0,0,1,0,0,1,2026-01-01 23:24:12,
uqire74ej.info,true,0.2,799,400391,0,0,4,0,2,4,2026-02-13 22:01:34,
rre88trws9.info,true,0.2,673,225422,0,0,1,1,0,1,2026-04-21 22:56:39,
bloodots.xyz,true,0.2,845,193509,0,0,1,0,0,1,2026-01-01 18:36:27,
proxesde.xyz,true,0.2,842,246608,0,0,1,0,0,1,2025-12-31 15:01:14,
astacada.xyz,true,0.2,824,238061,0,0,1,0,0,1,2026-01-03 05:19:15,
x3dcya.info,true,0.2,800,375218,0,0,3,1,2,3,2026-02-17 02:49:37,
pt1clvma1.info,true,0.2,797,543782,0,0,10,6,3,10,2026-02-14 01:47:02,
ebeh8c.info,true,0.2,797,509452,0,0,4,1,2,4,2026-02-10 07:46:42,
ydh88wt14.info,true,0.2,673,292388,0,0,3,3,0,3,2026-04-19 12:13:45,
8zw1di.info,true,0.2,793,508350,0,0,6,4,1,6,2026-02-13 23:56:31,
giabbnf.info,true,0.2,673,314557,0,0,2,2,0,2,2026-04-23 06:20:33,
autodspy.xyz,true,0.2,827,209415,0,0,1,0,0,1,2026-01-03 01:21:51,
goebu8a.info,true,0.2,805,504403,0,0,6,3,3,6,2026-02-16 08:42:04,
vjrysp.asia,true,0.2,673,70028,0,0,1,1,0,1,2026-06-19 00:26:06,
xxes54.info,true,0.2,795,578534,0,0,2,0,0,2,2026-02-10 04:43:10,
anomaly-corvette.online,true,0.2,49,60,0,0,40,0,0,0,2026-02-12 22:04:14,
wyp7vt.info,true,0.2,801,509582,0,0,5,1,1,5,2026-02-19 15:08:05,
anomaly-impreza.website,true,0.2,49,60,0,0,40,0,0,0,2026-02-13 20:52:28,
synovaco.xyz,true,0.2,829,191184,0,0,1,0,0,1,2026-01-06 05:21:34,
kxwdez2of.info,true,0.2,791,413097,0,0,9,6,2,9,2026-02-13 05:32:20,
anomaly-skyline.website,true,0.2,49,60,0,0,40,0,1,0,2026-02-14 21:38:29,
bdd1pr.info,true,0.2,797,589584,0,0,7,2,3,7,2026-02-08 23:23:02,
bifsl2.info,true,0.2,797,495367,0,0,6,6,1,6,2026-03-29 13:12:24,
xsyztq.info,true,0.2,798,428601,0,0,5,3,1,5,2026-02-23 07:33:07,
50yrloan.xyz,true,0.2,839,189317,0,0,1,0,0,1,2025-12-31 18:29:24,
hljpkwi.xyz,true,0.2,2320,341063,0,0,2,2,0,2,2026-06-06 06:03:17,
kjvxfwg.xyz,true,0.2,2307,239788,0,0,1,1,0,1,2026-06-14 23:42:34,
yipwzemm.xyz,true,0.2,250,44960,0,0,1,0,1,1,2025-08-11 20:31:32,2026-04-19 05:17:24
jbstires.xyz,true,0.2,776,186086,0,0,1,0,0,1,2026-01-05 03:06:05,
yeenowok.xyz,true,0.2,776,206283,0,0,1,0,0,1,2026-01-01 08:47:47,
bijapurs.xyz,true,0.2,775,197661,0,0,1,0,0,1,2026-01-01 08:01:39,
camsodea.xyz,true,0.2,779,177632,0,0,2,0,0,2,2025-12-31 11:20:19,
grandmai.xyz,true,0.2,781,262374,0,0,2,0,0,2,2026-01-05 01:38:38,
sylkrode.xyz,true,0.2,779,198619,0,0,2,0,0,2,2025-12-31 07:30:46,
kodyjmh.xyz,true,0.2,2311,250428,0,0,1,1,0,1,2026-06-17 22:00:22,
orzdkurs.xyz,true,0.2,776,201038,0,0,1,0,0,1,2025-12-31 06:33:34,
ndlmtfc.xyz,true,0.2,2307,173415,0,0,1,1,0,1,2026-06-20 12:19:53,
vdtrkfv.xyz,true,0.2,2325,333154,0,0,3,3,0,3,2026-06-06 02:44:35,
fumvesv.xyz,true,0.2,2305,298678,0,0,3,3,0,3,2026-06-08 09:31:10,
gkadiqv.xyz,true,0.2,2325,208347,0,0,2,2,0,2,2026-06-08 20:20:13,
udhbesd.xyz,true,0.2,2319,320302,0,0,1,1,0,1,2026-06-07 04:17:27,
hvnauum.xyz,true,0.2,2322,350197,0,0,1,1,0,1,2026-06-05 03:30:09,
wenejgql.xyz,true,0.2,250,88169,0,0,3,0,3,3,2025-07-29 21:02:31,2026-04-18 08:32:58
fflgabb.xyz,true,0.2,2317,247286,0,0,1,1,0,1,2026-06-19 13:14:03,
lfjngac.xyz,true,0.2,2322,216088,0,0,1,1,0,1,2026-06-05 09:54:32,
xycnepc.xyz,true,0.2,2327,244221,0,0,1,1,0,1,2026-06-21 21:51:58,
fjojahdb.xyz,true,0.2,253,0,0,0,1,0,1,1,2025-08-07 09:29:12,2026-04-04 14:38:54
tmihkec.xyz,true,0.2,2316,312436,0,0,1,1,0,1,2026-06-19 01:01:28,
eoyuggz.xyz,true,0.2,2302,244981,0,0,1,1,0,1,2026-06-10 23:53:15,
dkuncoj.xyz,true,0.2,2320,341080,0,0,2,2,0,2,2026-06-14 23:07:43,
npaqkpnb.xyz,true,0.2,252,63248,0,0,1,0,1,1,2025-08-07 13:46:34,2026-04-16 12:32:15
hj2wzs.asia,true,0.2,690,90162,0,0,1,1,0,1,2026-05-05 03:10:17,
vkdiyruj.xyz,true,0.2,251,72138,0,0,1,0,1,1,2025-08-07 10:26:53,2026-04-18 04:06:15
fbmatmn.xyz,true,0.2,2313,328249,0,0,1,1,0,1,2026-06-16 10:01:37,
gjbtzwe.xyz,true,0.2,2297,394401,0,0,1,1,0,1,2026-06-06 00:03:07,
eumtsok.xyz,true,0.2,2326,245444,0,0,1,1,0,1,2026-06-09 18:51:08,
mtanlui.xyz,true,0.2,2303,190649,0,0,1,1,0,1,2026-06-08 15:28:51,
ipmzzzj.xyz,true,0.2,2310,306310,0,0,1,1,0,1,2026-06-12 12:33:22,
loslzjj.xyz,true,0.2,2316,242048,0,0,1,1,0,1,2026-06-19 05:44:26,
vgilfunp.xyz,true,0.2,256,176796,0,0,1,0,1,1,2025-09-05 11:59:05,2026-04-26 22:36:43
thtjrde.xyz,true,0.2,2310,319091,0,0,3,3,0,3,2026-06-02 01:33:44,
lqlsdvh.xyz,true,0.2,2315,82685,0,0,1,1,0,1,2026-06-20 13:50:47,
igfawua.info,true,0.2,673,137616,0,0,1,1,0,1,2026-06-20 00:11:18,
osfbtfaa.xyz,true,0.2,249,14037,0,0,1,0,1,1,2025-08-02 21:14:25,2026-04-14 10:50:30
rzcbxb.asia,true,0.2,673,139527,0,0,1,1,0,1,2026-05-03 23:25:17,
rak3cp.asia,true,0.2,673,160656,0,0,1,1,0,1,2026-05-02 21:33:37,
ed1sy1.info,true,0.2,675,341446,0,0,7,7,0,7,2026-04-17 19:51:35,
zbiv4k.info,true,0.2,675,185383,0,0,2,2,2,2,2026-05-22 11:21:30,2026-06-19 15:40:12
srifaz.info,true,0.2,675,178581,0,0,2,2,1,2,2026-06-02 19:09:56,
zolohwcg.xyz,true,0.2,256,65071,0,0,1,0,1,1,2025-07-30 05:11:04,2026-04-05 15:28:40
gvgidwu.info,true,0.2,673,164487,0,0,3,3,2,3,2026-06-02 23:35:41,
ntx3ue.asia,true,0.2,673,159211,0,0,1,1,0,1,2026-05-06 05:59:07,
xbmceza.info,true,0.2,673,177615,0,0,3,3,0,3,2026-06-19 16:10:28,
ydh88wt4.info,true,0.2,673,169195,0,0,3,3,1,3,2026-06-13 04:56:25,
ofdeush.info,true,0.2,673,350035,0,0,2,2,0,2,2026-04-23 01:35:07,
che54s.info,true,0.2,673,334064,0,0,4,4,0,4,2026-04-11 04:43:11,
ftyzl.xyz,true,0.2,2327,264817,0,0,1,1,0,1,2026-06-20 16:17:33,
sssssudisjw11.info,true,0.2,673,220091,0,0,2,2,1,2,2026-04-21 21:28:04,
jddsrju.info,true,0.2,673,157454,0,0,1,1,1,1,2026-06-02 09:47:29,2026-06-16 09:41:55
st65663.info,true,0.2,675,328274,0,0,1,1,0,1,2026-04-23 16:42:51,
osserqb.info,true,0.2,675,132529,0,0,1,1,0,1,2026-06-24 09:35:41,
ylllkcd.info,true,0.2,673,142178,0,0,2,2,1,2,2026-06-05 19:25:48,
sssssudisjw18.info,true,0.2,673,329995,0,0,3,3,0,3,2026-04-13 10:13:36,
hhncthip.xyz,true,0.2,253,172386,0,0,3,0,3,3,2025-08-07 14:37:32,2026-04-19 06:15:08
rdjuzr.asia,true,0.2,673,114599,0,0,1,1,0,1,2026-05-05 03:22:56,
ywj99u.asia,true,0.2,675,193087,0,0,1,1,0,1,2026-05-05 23:05:25,
ffbujcz.xyz,true,0.2,2298,293022,0,0,2,2,0,2,2026-06-11 18:45:57,
ggobtfwh.xyz,true,0.2,250,1127,0,0,1,0,1,1,2025-08-07 02:00:28,2026-04-09 16:57:56
xepgefd.xyz,true,0.2,2308,125268,0,0,1,1,0,1,2026-06-16 11:27:22,
lujxdfa.xyz,true,0.2,2306,395583,0,0,5,5,0,5,2026-06-05 13:42:32,
wlcbvyjd.xyz,true,0.2,252,95301,0,0,2,0,2,2,2025-08-09 12:53:53,2026-04-11 03:29:22
shehonm.xyz,true,0.2,2312,234318,0,0,1,1,0,1,2026-06-05 12:26:41,
excqlzt.xyz,true,0.2,2318,225333,0,0,1,1,0,1,2026-06-19 22:54:22,
tvmydfd.xyz,true,0.2,2317,300066,0,0,1,1,0,1,2026-06-07 08:26:37,
paotung168.xyz,true,0.2,227,0,0,0,1,0,1,1,2025-07-27 18:20:29,2026-04-11 04:50:31
uzjvana.xyz,true,0.2,2300,329766,0,0,1,1,0,1,2026-06-12 00:03:01,
lxlkcka.xyz,true,0.2,2306,300240,0,0,1,1,0,1,2026-06-22 01:58:09,
xrpoyjxm.xyz,true,0.2,250,211105,0,0,3,0,3,3,2025-08-04 01:08:58,2026-04-18 13:16:34
cgumygt.xyz,true,0.2,2319,302848,0,0,1,1,0,1,2026-06-09 05:32:06,
vzrcj1.asia,true,0.2,675,219021,0,0,2,2,0,2,2026-05-04 02:52:30,
gkulpkk.info,true,0.2,673,182422,0,0,2,2,0,2,2026-04-19 15:31:40,
ykxwy7.asia,true,0.2,673,90892,0,0,1,1,1,1,2026-05-30 20:06:05,2026-06-13 20:01:51
fedqdoc.info,true,0.2,673,194983,0,0,2,2,1,2,2026-06-05 15:11:33,
kybmjuj.info,true,0.2,673,325032,0,0,1,1,0,1,2026-04-26 13:57:16,
ss2ggm.asia,true,0.2,673,140807,0,0,1,1,1,1,2026-05-22 17:08:09,2026-06-05 17:10:06
ebtgsa.info,true,0.2,673,249733,0,0,2,2,0,2,2026-04-20 02:49:46,
rrbszvsv.xyz,true,0.2,251,69111,0,0,2,0,2,2,2025-08-07 15:25:49,2026-04-25 03:41:21
qyqhppa.info,true,0.2,673,180065,0,0,1,1,1,1,2026-06-03 14:49:22,2026-06-17 21:26:36
wwwttt888t3.pro,true,0.2,673,370276,0,0,2,2,0,2,2026-06-15 19:57:22,
yvavgg.asia,true,0.2,673,99034,0,0,1,1,0,1,2026-05-22 19:15:17,
duiafop.info,true,0.2,675,311436,0,0,1,1,0,1,2026-04-25 08:44:50,
lvog6.info,true,0.2,674,348221,0,0,7,7,0,7,2026-04-20 23:16:08,
p5ffej.info,true,0.2,673,265636,0,0,4,4,0,4,2026-04-18 14:21:18,
hnddnxrh.xyz,true,0.2,251,74895,0,0,1,0,1,1,2025-08-06 02:28:16,2026-04-17 06:46:17
n063y.info,true,0.2,673,333696,0,0,2,2,1,2,2026-05-02 03:41:28,
vp6ehx.info,true,0.2,673,139876,0,0,1,1,1,1,2026-06-02 12:43:44,2026-06-16 23:37:33
riqhdlu.info,true,0.2,673,290533,0,0,3,3,0,3,2026-04-12 20:19:18,
jkelrpa.info,true,0.2,673,273909,0,0,2,2,0,2,2026-04-14 12:22:45,
tme6io.asia,true,0.2,673,120777,0,0,1,1,0,1,2026-05-04 17:57:16,
pqizhxz.info,true,0.2,673,332249,0,0,4,4,0,4,2026-04-23 05:42:26,
anthem-kouryaku.xyz,true,0.2,237,301,0,0,1,0,1,1,2025-07-24 08:55:11,2026-04-03 17:08:22
vevhjivh.xyz,true,0.2,251,101214,0,0,2,0,2,2,2025-08-09 10:25:36,2026-04-21 16:30:46
owvzfug.xyz,true,0.2,2299,246366,0,0,1,1,0,1,2026-06-17 09:56:34,
ybdcdeg.xyz,true,0.2,2297,302615,0,0,1,1,0,1,2026-06-22 19:44:31,
bwxfdjq.xyz,true,0.2,2300,305355,0,0,3,3,0,3,2026-06-14 03:37:26,
ddwsbkcm.xyz,true,0.2,247,31371,0,0,1,0,1,1,2025-07-23 18:29:01,2026-03-31 14:49:55
tpmkkeuf.xyz,true,0.2,249,142862,0,0,2,0,2,2,2025-07-29 03:57:18,2026-04-15 04:39:40
aimaiw.xyz,true,0.2,244,390,0,0,1,0,1,1,2025-07-27 15:37:31,2026-04-05 05:20:37
vtgwmliv.xyz,true,0.2,251,77860,0,0,2,0,2,2,2025-08-02 20:29:20,2026-04-12 15:19:31
bcwpgeb.xyz,true,0.2,2296,247729,0,0,1,1,0,1,2026-06-02 21:38:47,
tdxcouzr.xyz,true,0.2,251,211348,0,0,3,0,3,3,2025-09-06 04:19:35,2026-04-25 17:41:18
daftaryupitoto.xyz,true,0.2,750,0,0,0,1,0,1,1,2025-07-25 00:19:23,2026-04-04 15:37:24
hsmfpmds.xyz,true,0.2,251,260196,0,0,1,0,1,1,2025-08-08 15:01:15,2026-04-19 22:04:50
grdosmue.xyz,true,0.2,255,70917,0,0,2,0,2,2,2025-08-02 14:18:23,2026-04-20 00:20:07
nqkjqnfr.xyz,true,0.2,250,76446,0,0,3,0,3,3,2025-08-03 14:50:24,2026-04-10 02:24:38
ezksteqz.xyz,true,0.2,251,150354,0,0,1,0,1,1,2025-08-07 01:37:47,2026-04-13 09:38:51
umzwcfqs.xyz,true,0.2,251,66859,0,0,1,0,1,1,2025-07-23 17:19:01,2026-03-29 05:36:10
ultra78official.xyz,true,0.2,686,287236,0,0,7,0,7,7,2025-11-12 14:24:58,2026-06-04 00:45:39
qfynwqky.xyz,true,0.2,30,0,0,0,1,0,1,1,2025-07-28 06:51:07,2026-04-10 04:04:19
lshbahwl.xyz,true,0.2,247,73822,0,0,1,0,1,1,2025-08-05 01:25:25,2026-04-04 08:06:29
ffliovqz.xyz,true,0.2,253,68764,0,0,2,0,2,2,2025-07-28 16:10:36,2026-04-15 20:37:14
ihnrsdza.xyz,true,0.2,250,257645,0,0,3,0,3,3,2025-07-22 09:50:10,2026-04-18 14:08:57
aspxtxma.xyz,true,0.2,253,57769,0,0,1,0,1,1,2025-07-22 00:18:23,2026-03-31 11:56:30
ddortewx.xyz,true,0.2,251,446807,0,0,5,0,5,5,2025-08-05 13:32:18,2026-04-24 22:37:47
acgttios.xyz,true,0.2,31,0,0,0,1,0,1,1,2025-07-27 22:55:09,2026-04-09 06:19:38
slrfvlhj.xyz,true,0.2,252,2099,0,0,2,0,2,2,2025-08-07 07:00:18,2026-04-10 13:01:37
ehgrvfdr.xyz,true,0.2,248,89835,0,0,1,0,1,1,2025-08-08 08:23:46,2026-04-07 11:15:18
ljyqymci.xyz,true,0.2,246,479881,0,0,1,0,1,1,2025-08-03 13:09:12,2026-04-23 19:34:25
ukivpyzl.xyz,true,0.2,252,105875,0,0,2,0,2,2,2025-08-09 12:54:51,2026-04-12 17:15:02
rteyumip.xyz,true,0.2,248,85686,0,0,1,0,1,1,2025-08-08 06:29:32,2026-04-09 10:27:52
lpparvmd.xyz,true,0.2,251,58700,0,0,1,0,1,1,2025-09-02 10:00:39,2026-04-21 22:46:52
uoufvycf.xyz,true,0.2,251,133624,0,0,3,0,3,3,2025-08-05 06:49:59,2026-04-15 04:44:50
malixbyf.xyz,true,0.2,250,63896,0,0,2,0,2,2,2025-07-21 12:15:12,2026-04-11 16:19:59
nklkkdly.xyz,true,0.2,252,66762,0,0,3,0,3,3,2025-07-31 02:47:48,2026-04-19 02:38:36
wttseksa.xyz,true,0.2,249,279822,0,0,3,0,3,3,2025-08-05 00:02:41,2026-04-19 20:05:07
kzxblbxj.xyz,true,0.2,252,249246,0,0,2,0,2,2,2025-09-07 23:46:36,2026-04-23 15:42:58
enumbin.com,true,0.2,40,1362,0,0,1,0,0,0,2025-09-30 19:46:35,
aqzjjtht.xyz,true,0.2,254,45926,0,0,1,0,1,1,2025-08-03 22:44:14,2026-04-14 09:59:45
ixcxxdas.xyz,true,0.2,248,377901,0,0,3,0,3,3,2025-07-30 08:52:19,2026-04-24 00:38:26
links-bhs-nice.xyz,true,0.2,44,176,0,0,2667,32,5,0,2026-02-13 03:11:20,
links-bhs-yellow.xyz,true,0.2,43,176,0,0,2667,0,3,0,2026-02-13 21:24:46,
links-bhs-green.xyz,true,0.2,43,176,0,0,2669,0,4,0,2026-02-13 08:36:34,
links-bhs-red.xyz,true,0.2,43,177,0,0,2657,1,5,0,2026-02-13 21:14:58,
links-bhs-great.xyz,true,0.2,44,176,0,0,2670,3,4,0,2026-02-13 02:47:47,
links-bhs-black.xyz,true,0.2,43,175,0,0,2675,2,1,0,2026-02-12 23:26:18,
links-bhs-blue.xyz,true,0.2,43,175,0,0,2610,0,8,0,2026-02-14 05:50:21,
links-bhs-sharp.xyz,true,0.2,43,175,0,0,2669,4,3,0,2026-02-17 04:57:11,
ocyozbhs.xyz,true,0.2,253,112601,0,0,1,0,1,1,2025-07-29 01:09:27,2026-04-04 18:48:58
mjbefnqt.xyz,true,0.2,248,463271,0,0,5,0,5,5,2025-07-25 17:30:13,2026-04-25 20:45:00
mlncxpfw.xyz,true,0.2,248,65227,0,0,1,0,1,1,2025-08-03 00:48:37,2026-04-03 19:53:57
llytiuxa.xyz,true,0.2,246,75015,0,0,1,0,1,1,2025-08-10 12:33:35,2026-04-03 17:18:29
wwsrzbyk.xyz,true,0.2,251,29684,0,0,1,0,1,1,2025-08-04 18:16:22,2026-04-06 15:44:59
iauakowq.xyz,true,0.2,248,372778,0,0,3,0,3,3,2025-08-02 17:23:48,2026-04-23 13:18:59
qfhaynib.xyz,true,0.2,248,137358,0,0,1,0,1,1,2025-07-25 18:49:11,2026-04-01 06:39:33
igrnyfyg.xyz,true,0.2,252,107347,0,0,1,0,1,1,2025-08-11 08:45:00,2026-04-06 03:33:58
slotxo79.xyz,true,0.2,229,0,0,0,1,0,1,1,2025-07-26 19:18:45,2026-03-30 06:53:45
rmshtaqb.xyz,true,0.2,247,42212,0,0,5,0,5,5,2025-08-01 10:23:33,2026-04-13 05:58:46
pomdedhs.xyz,true,0.2,245,308970,0,0,4,0,4,4,2025-07-27 09:46:29,2026-04-21 20:03:01
onlinedatingwebsites.xyz,true,0.2,573,317457,0,0,2,0,2,2,2025-11-12 01:42:18,2026-05-19 01:43:40
jsisfkyj.xyz,true,0.2,246,34404,0,0,1,0,1,1,2025-09-02 10:39:07,2026-04-17 00:44:27
mbddpomm.xyz,true,0.2,247,75592,0,0,1,0,1,1,2025-08-03 06:46:31,2026-04-10 02:10:12
buyiptvreddit.xyz,true,0.2,243,116795,0,0,1,0,1,1,2025-09-06 19:35:55,2026-04-06 14:49:12
qxncxexs.xyz,true,0.2,245,174144,0,0,1,0,1,1,2025-07-29 10:20:52,2026-04-07 14:34:14
fxravdrx.xyz,true,0.2,253,126592,0,0,1,0,1,1,2025-08-02 11:26:33,2026-04-03 19:11:50
tccflups.xyz,true,0.2,253,69769,0,0,1,0,1,1,2025-08-09 08:00:14,2026-04-15 14:52:20
tkozlsoe.xyz,true,0.2,255,78182,0,0,2,0,2,2,2025-08-06 16:22:20,2026-04-09 02:53:05
iqnzmhgv.xyz,true,0.2,256,252908,0,0,3,0,3,3,2025-07-25 22:50:51,2026-04-19 01:32:18
tuoeswer.xyz,true,0.2,247,88304,0,0,1,0,1,1,2025-08-04 03:17:16,2026-04-04 15:26:25
wmhxqfby.xyz,true,0.2,249,81721,0,0,2,0,2,2,2025-08-02 22:46:19,2026-04-15 06:15:36
bmirehzq.xyz,true,0.2,248,52962,0,0,1,0,1,1,2025-08-04 06:49:49,2026-03-30 16:13:25
linkcraft.pro,true,0.2,34,3,0,0,2,0,2,0,2026-03-10 12:03:22,2026-03-29 11:26:49
qmlrpqea.xyz,true,0.2,255,3919,0,0,1,0,1,1,2025-08-12 05:48:31,2026-04-02 04:55:56
timpurile.com,false,0.2,33,2411,0,0,1,0,1,1,2025-04-28 04:08:06,2026-04-18 06:37:10
pro-arges.ro,false,0.1,2,333,0,1,2,1,0,2,2025-07-24 11:37:56,
pgslot1330.xyz,true,0.1,295,188650,0,0,1,0,1,1,2025-12-04 01:46:15,2026-06-03 03:20:52
gpryzdwc.xyz,true,0.1,250,61480,0,0,1,0,1,1,2025-07-30 17:05:18,2026-04-06 19:48:57
fxdqkyci.xyz,true,0.1,253,86214,0,0,4,0,4,4,2025-07-29 12:54:24,2026-04-18 03:11:52
hdgzuqrt.xyz,true,0.1,253,344531,0,0,2,0,2,2,2025-08-08 15:47:55,2026-04-22 15:21:31
dkmexxvi.xyz,true,0.1,251,56359,0,0,1,0,1,1,2025-08-11 23:46:58,2026-03-30 02:32:02
acorugsh.xyz,true,0.1,254,360698,0,0,4,0,4,4,2025-07-26 03:46:53,2026-04-26 07:28:59
ohaxyfpv.xyz,true,0.1,252,79361,0,0,1,0,1,1,2025-08-01 07:44:02,2026-04-01 06:58:39
whwsuyvy.xyz,true,0.1,252,312,0,0,1,0,1,1,2025-08-07 14:28:30,2026-04-09 11:44:14
ugvihcwy.xyz,true,0.1,251,241736,0,0,2,0,2,2,2025-08-05 00:13:26,2026-03-30 06:01:50
gdqwjtua.xyz,true,0.1,251,73215,0,0,1,0,1,1,2025-08-31 23:24:52,2026-03-31 12:39:30
seo-anomaly-lumos.online,true,0.1,26,71,0,0,27,0,0,0,2026-01-27 19:00:56,
seo-anomaly-incendio.online,true,0.1,26,70,0,0,27,0,0,0,2026-01-27 20:30:53,
seo-anomaly-rennervate.online,true,0.1,26,69,0,0,27,0,0,0,2026-01-27 15:32:27,
seo-anomaly-accio.online,true,0.1,26,73,0,0,27,0,0,0,2026-01-27 15:17:45,
seo-anomaly-muffliato.online,true,0.1,26,70,0,0,27,0,0,0,2026-01-27 15:15:09,
seo-anomaly-expecto-patronum.online,true,0.1,26,70,0,0,27,0,0,0,2026-01-27 15:35:06,
shinmee.com,true,0.1,34,1305,0,0,3,3,1,0,2026-05-16 09:21:09,
kostebet.xyz,true,0.1,492,100755,0,0,1,0,1,1,2025-12-18 00:44:21,2026-06-17 03:24:19
tpwbxpmb.xyz,true,0.1,247,69694,0,0,1,0,1,1,2025-08-06 10:17:33,2026-04-14 04:08:55
yutksfba.xyz,true,0.1,461,98106,0,0,1,0,1,1,2025-12-18 16:28:47,2026-06-17 05:29:44
parsgoaltom.xyz,true,0.1,241,0,0,0,1,0,1,1,2025-07-24 06:47:18,2026-04-05 03:19:11
cuzlxumf.xyz,true,0.1,463,114022,0,0,1,0,1,1,2025-12-18 22:15:05,2026-06-17 05:19:01
hsvihgs.info,true,0.1,787,453278,0,0,6,3,3,6,2026-01-25 03:54:34,
conpulpo.xyz,true,0.1,459,108157,0,0,1,0,1,1,2025-12-18 22:18:24,2026-06-17 06:36:51
aigdprai.xyz,true,0.1,463,102804,0,0,1,0,1,1,2025-12-18 15:58:55,2026-06-17 02:03:45
kemiri77.xyz,true,0.1,460,58113,0,0,1,0,1,1,2025-12-17 21:43:36,2026-06-16 02:57:09
furrfido.xyz,true,0.1,462,65365,0,0,1,0,1,1,2025-12-19 10:09:46,2026-06-18 05:02:27
1331gw21.xyz,true,0.1,460,24507,0,0,1,0,1,1,2025-12-18 02:32:34,2026-06-17 01:46:09
seo-anomaly-expecto-patronum.site,true,0.1,25,70,0,0,27,0,0,0,2026-03-05 05:42:24,
seo-anomaly-rennervate.site,true,0.1,25,69,0,0,27,0,0,0,2026-03-04 07:11:57,
seo-anomaly-finite-incantatem.online,true,0.1,25,73,0,0,27,0,0,0,2026-01-27 15:16:12,
seo-anomaly-petrificus-totalus.online,true,0.1,25,71,0,0,27,0,0,0,2026-01-27 15:18:56,
seo-anomaly-wingardium-leviosa.website,true,0.1,25,70,0,0,27,0,0,0,2026-03-04 05:18:48,
seo-anomaly-episkey.website,true,0.1,25,65,0,0,27,0,0,0,2026-03-05 01:24:40,
seo-anomaly-avada-kedavra.website,true,0.1,25,70,0,0,27,0,0,0,2026-03-04 06:32:37,
seo-anomaly-protego.website,true,0.1,25,70,0,0,27,0,0,0,2026-03-04 09:03:32,
seo-anomaly-stupefy.website,true,0.1,25,70,0,0,27,0,0,0,2026-03-05 05:07:03,
seo-anomaly-reparo.site,true,0.1,25,71,0,0,27,0,0,0,2026-03-04 22:53:51,
seo-anomaly-episkey.online,true,0.1,25,69,0,0,27,0,0,0,2026-01-28 13:38:54,
seo-anomaly-wingardium-leviosa.site,true,0.1,25,73,0,0,27,0,0,0,2026-03-04 04:53:35,
seo-anomaly-nox.website,true,0.1,25,69,0,0,27,0,0,0,2026-03-05 03:29:19,
seo-anomaly-confundus.online,true,0.1,25,70,0,0,27,0,0,0,2026-01-27 15:08:31,
seo-anomaly-crucio.website,true,0.1,25,67,0,0,27,0,0,0,2026-03-05 06:16:33,
seo-anomaly-expelliarmus.site,true,0.1,25,69,0,0,27,0,0,0,2026-01-27 16:47:33,
seo-anomaly-silencio.site,true,0.1,25,70,0,0,27,0,0,0,2026-03-04 08:10:53,
seo-anomaly-rennervate.website,true,0.1,25,70,0,0,27,0,0,0,2026-03-04 08:15:37,
seo-anomaly-muffliato.website,true,0.1,25,69,0,0,27,0,0,0,2026-03-05 01:15:34,
seo-anomaly-finite-incantatem.site,true,0.1,25,70,0,0,27,0,0,0,2026-01-27 16:11:03,
seo-anomaly-stupefy.site,true,0.1,25,70,0,0,27,0,0,0,2026-03-05 03:38:06,
seo-anomaly-imperio.online,true,0.1,25,71,0,0,27,0,0,0,2026-01-27 16:34:43,
seo-anomaly-silencio.website,true,0.1,25,69,0,0,27,0,0,0,2026-03-04 22:42:04,
seo-anomaly-expecto-patronum.website,true,0.1,25,70,0,0,27,0,0,0,2026-03-05 03:15:17,
seo-anomaly-lumos.website,true,0.1,25,70,0,0,27,0,0,0,2026-03-04 06:14:53,
seo-anomaly-aguamenti.site,true,0.1,25,70,0,0,27,0,0,0,2026-01-27 14:49:29,
seo-anomaly-obliviate.site,true,0.1,25,70,0,0,27,0,0,0,2026-01-27 18:02:42,
seo-anomaly-accio.website,true,0.1,25,70,0,0,27,0,0,0,2026-03-04 22:26:06,
seo-anomaly-protego.online,true,0.1,25,69,0,0,27,0,1,0,2026-01-27 13:52:30,
seo-anomaly-wingardium-leviosa.online,true,0.1,25,73,0,0,27,0,0,0,2026-01-27 16:33:34,
seo-anomaly-imperio.site,true,0.1,25,70,0,0,27,0,0,0,2026-01-27 15:03:59,
seo-anomaly-reducto.website,true,0.1,25,69,0,0,27,0,0,0,2026-03-05 03:39:11,
seo-anomaly-aguamenti.website,true,0.1,25,69,0,0,27,0,0,0,2026-03-04 22:32:15,
seo-anomaly-expelliarmus.online,true,0.1,25,70,0,0,27,0,0,0,2026-01-27 16:22:52,
seo-anomaly-reparo.website,true,0.1,25,73,0,0,27,0,0,0,2026-03-04 07:32:52,
seo-anomaly-nox.site,true,0.1,25,67,0,0,27,0,1,0,2026-01-27 17:41:29,
seo-anomaly-obliviate.online,true,0.1,25,70,0,0,27,0,0,0,2026-01-28 12:38:52,
seo-anomaly-imperio.website,true,0.1,25,70,0,0,27,1,0,0,2026-03-04 05:32:50,
seo-anomaly-levicorpus.site,true,0.1,25,68,0,0,27,0,0,0,2026-01-27 14:21:59,
seo-anomaly-stupefy.online,true,0.1,25,71,0,0,27,0,0,0,2026-01-27 20:44:09,
seo-anomaly-nox.online,true,0.1,25,73,0,0,27,0,0,0,2026-01-27 22:06:38,
seo-anomaly-aparecium.site,true,0.1,25,73,0,0,27,0,0,0,2026-01-27 22:05:34,
seo-anomaly-incendio.site,true,0.1,25,69,0,0,27,0,0,0,2026-01-27 20:12:42,
seo-anomaly-expelliarmus.website,true,0.1,25,69,0,0,27,0,0,0,2026-03-05 03:15:19,
seo-anomaly-petrificus-totalus.site,true,0.1,25,70,0,0,27,0,0,0,2026-01-27 15:00:40,
seo-anomaly-incendio.website,true,0.1,25,70,0,0,27,0,0,0,2026-03-04 06:10:50,
seo-anomaly-confundus.site,true,0.1,25,67,0,0,26,0,1,0,2026-03-04 06:50:47,
seo-anomaly-accio.site,true,0.1,25,71,0,0,27,0,0,0,2026-01-27 15:12:59,
seo-anomaly-episkey.site,true,0.1,25,69,0,0,27,0,1,0,2026-03-05 01:27:36,
seo-anomaly-crucio.online,true,0.1,25,71,0,0,27,0,0,0,2026-01-28 11:51:43,
seo-anomaly-silencio.online,true,0.1,25,70,0,0,27,0,0,0,2026-01-27 18:43:50,
seo-anomaly-levicorpus.website,true,0.1,25,70,0,0,27,0,0,0,2026-03-05 04:46:34,
seo-anomaly-confundus.website,true,0.1,25,69,0,0,27,0,0,0,2026-03-05 01:51:39,
seo-anomaly-muffliato.site,true,0.1,25,71,0,0,27,0,0,0,2026-01-27 20:22:16,
seo-anomaly-levicorpus.online,true,0.1,25,70,0,0,27,0,0,0,2026-01-27 20:17:10,
seo-anomaly-petrificus-totalus.website,true,0.1,25,72,0,0,27,0,0,0,2026-03-04 22:45:25,
seo-anomaly-avada-kedavra.online,true,0.1,25,72,0,0,27,0,0,0,2026-01-27 17:14:43,
seo-anomaly-reducto.online,true,0.1,25,70,0,0,27,0,0,0,2026-01-27 14:32:02,
seo-anomaly-finite-incantatem.website,true,0.1,25,70,0,0,27,0,0,0,2026-03-04 06:41:22,
seo-anomaly-reducto.site,true,0.1,25,70,0,0,27,0,0,0,2026-03-04 02:34:21,
seo-anomaly-obliviate.website,true,0.1,25,69,0,0,27,0,0,0,2026-03-05 01:40:34,
seo-anomaly-lumos.site,true,0.1,25,71,0,0,27,0,0,0,2026-01-27 19:12:56,
seo-anomaly-aguamenti.online,true,0.1,25,70,0,0,27,0,0,0,2026-01-27 23:07:06,
seo-anomaly-crucio.site,true,0.1,25,70,0,0,27,0,0,0,2026-03-04 22:53:01,
seo-anomaly-protego.site,true,0.1,25,71,0,0,27,0,0,0,2026-03-04 04:44:58,
seo-anomaly-aparecium.online,true,0.1,25,70,0,0,27,0,0,0,2026-01-28 05:01:37,
seo-anomaly-aparecium.website,true,0.1,25,70,0,0,27,0,0,0,2026-03-04 07:55:27,
seo-anomaly-reparo.online,true,0.1,25,68,0,0,27,0,1,0,2026-01-27 13:36:52,
seo-anomaly-aguamenti.space,true,0.1,24,67,0,0,27,0,0,0,2026-01-27 18:07:57,
seo-anomaly-rennervate.space,true,0.1,24,67,0,0,27,0,0,0,2026-01-27 16:27:15,
seo-anomaly-obliviate.space,true,0.1,24,67,0,0,27,0,0,0,2026-01-27 20:09:13,
seo-anomaly-muffliato.space,true,0.1,24,67,0,0,27,0,0,0,2026-01-27 13:53:50,
seo-anomaly-wingardium-leviosa.space,true,0.1,24,66,0,0,27,0,0,0,2026-01-27 15:34:26,
seo-anomaly-expelliarmus.space,true,0.1,24,67,0,0,27,0,0,0,2026-01-27 15:26:12,
seo-anomaly-levicorpus.space,true,0.1,24,67,0,0,27,0,0,0,2026-01-27 21:06:23,
seo-anomaly-stupefy.space,true,0.1,24,68,0,0,27,0,0,0,2026-01-27 14:52:32,
seo-anomaly-protego.space,true,0.1,24,67,0,0,27,0,0,0,2026-01-27 14:50:57,
seo-anomaly-expecto-patronum.space,true,0.1,24,68,0,0,27,0,0,0,2026-01-27 22:44:50,
seo-anomaly-episkey.space,true,0.1,24,67,0,0,27,0,0,0,2026-01-27 19:48:07,
seo-anomaly-nox.space,true,0.1,24,67,0,0,27,0,0,0,2026-01-27 15:32:03,
bacahentai.xyz,true,0.1,235,0,0,0,1,0,1,1,2025-07-21 14:32:14,2026-03-29 19:42:23
seo-anomaly-aparecium.space,true,0.1,24,67,0,0,27,0,0,0,2026-01-27 22:02:16,
seo-anomaly-silencio.space,true,0.1,24,67,0,0,27,0,0,0,2026-01-29 01:53:30,
seo-anomaly-finite-incantatem.space,true,0.1,24,67,0,0,27,0,0,0,2026-01-27 18:09:32,
seo-anomaly-reparo.space,true,0.1,24,67,0,0,27,0,0,0,2026-01-27 13:31:01,
rxxjusmp.xyz,true,0.1,247,333368,0,0,4,0,4,4,2025-08-03 11:51:17,2026-04-21 21:11:13
seo-anomaly-confundus.space,true,0.1,24,67,0,0,27,0,0,0,2026-01-27 17:30:41,
seo-anomaly-reducto.space,true,0.1,24,67,0,0,27,0,0,0,2026-01-27 14:55:40,
seo-anomaly-avada-kedavra.space,true,0.1,24,67,0,0,27,0,0,0,2026-01-27 16:33:49,
seo-anomaly-imperio.space,true,0.1,24,67,0,0,27,0,0,0,2026-01-27 18:48:11,
seo-anomaly-crucio.space,true,0.1,24,67,0,0,27,0,0,0,2026-01-27 18:24:06,
seo-anomaly-incendio.space,true,0.1,24,67,0,0,27,0,0,0,2026-01-27 18:50:42,
seo-anomaly-lumos.space,true,0.1,24,67,0,0,27,0,0,0,2026-01-27 17:17:12,
seo-anomaly-petrificus-totalus.space,true,0.1,24,67,0,0,27,0,0,0,2026-01-27 15:37:33,
seo-anomaly-accio.space,true,0.1,24,67,0,0,27,0,0,0,2026-01-27 21:58:37,
lokvzcaa.xyz,true,0.1,250,64595,0,0,2,0,2,2,2025-08-05 07:27:50,2026-04-19 22:50:18
imenrood.xyz,true,0.1,466,102883,0,0,1,0,1,1,2025-12-19 04:55:45,2026-06-18 03:04:48
relaxa4d.xyz,true,0.1,465,87551,0,0,1,0,1,1,2025-12-18 09:00:44,2026-06-17 02:57:56
genaietf.xyz,true,0.1,465,81716,0,0,1,0,1,1,2025-12-18 03:35:04,2026-06-17 01:59:30
hiu168th.xyz,true,0.1,463,66344,0,0,1,0,1,1,2025-12-18 21:28:03,2026-06-17 06:29:22
lizhiav5.xyz,true,0.1,460,111490,0,0,1,0,1,1,2025-12-18 19:58:08,2026-06-17 19:53:08
eljewels.xyz,true,0.1,459,77002,0,0,1,0,1,1,2025-12-17 16:43:15,2026-06-16 03:56:15
1331gw26.xyz,true,0.1,462,91519,0,0,2,0,2,2,2025-12-18 16:23:11,2026-06-17 04:59:42
lizhiav6.xyz,true,0.1,462,116289,0,0,1,0,1,1,2025-12-19 10:26:17,2026-06-18 02:38:08
relaxa69.xyz,true,0.1,459,88351,0,0,1,0,1,1,2025-12-18 16:40:11,2026-06-17 07:58:55
qhkxhycu.xyz,true,0.1,251,64194,0,0,1,0,1,1,2025-07-30 13:55:06,2026-04-09 17:34:57
thameweb.xyz,true,0.1,460,116517,0,0,1,0,1,1,2025-12-19 12:45:35,2026-06-18 06:04:49
affsignal.com,true,0.1,4,356948,2,5,26,26,0,26,2026-05-20 12:09:06,
xljnqphv.xyz,true,0.1,251,59115,0,0,1,0,1,1,2025-08-11 02:07:06,2026-04-07 11:40:41
iphone-se.xyz,true,0.1,244,0,0,0,1,0,1,1,2025-07-26 02:25:46,2026-04-03 22:33:06
bpjnxgvs.xyz,true,0.1,247,113636,0,0,4,0,4,4,2025-08-03 22:36:25,2026-04-14 12:38:05
vipnjelv.xyz,true,0.1,250,60977,0,0,2,0,2,2,2025-07-31 03:10:57,2026-04-13 21:34:07
wbpthjfx.xyz,true,0.1,249,458500,0,0,5,0,5,5,2025-07-29 17:35:19,2026-04-15 09:30:24
ffvqtibx.xyz,true,0.1,247,225608,0,0,3,0,3,3,2025-08-03 09:47:17,2026-04-16 14:36:14
sjwr.info,true,0.1,1368,282320,0,0,1,1,1,1,2026-03-29 16:43:24,2026-04-27 22:48:08
ixo0iv.info,true,0.1,1913,464229,0,0,15,14,2,15,2026-03-20 13:29:36,
w2fo5x.info,true,0.1,1916,412699,0,0,7,6,2,7,2026-03-27 00:55:28,
uik888wt5.info,true,0.1,1902,427042,0,0,8,7,3,8,2026-03-26 14:58:17,
zkxwiuh.info,true,0.1,1903,339420,0,0,5,5,1,5,2026-04-10 03:07:02,
yuuk888ge14.info,true,0.1,1900,371993,0,0,2,2,0,2,2026-04-01 20:41:42,
wutswiu.info,true,0.1,1899,434989,0,0,8,8,3,8,2026-04-10 14:57:51,
dokcqd.info,true,0.1,1901,436947,0,0,13,13,6,13,2026-04-01 01:33:26,
t7kab8.info,true,0.1,1901,472277,0,0,24,21,6,24,2026-03-20 22:53:45,
yus83k.info,true,0.1,1898,445557,0,0,10,9,6,10,2026-03-24 23:20:52,
r3fyz2.info,true,0.1,1905,426160,0,0,18,18,1,18,2026-04-01 11:17:08,
tscrq1.info,true,0.1,1908,195225,0,0,1,1,1,1,2026-05-12 22:00:44,2026-05-27 09:05:30
ueid15jwhc7.info,true,0.1,1900,356891,0,0,3,2,2,3,2026-03-21 09:13:24,
dcixjhm.info,true,0.1,1908,353352,0,0,3,2,1,3,2026-03-21 05:46:10,
ecjsc4.info,true,0.1,1910,388056,0,0,15,14,9,15,2026-03-26 00:24:02,
vtfedpv.info,true,0.1,1900,451720,0,0,12,12,1,12,2026-04-03 23:39:37,
uupk888wt3.info,true,0.1,1900,316418,0,0,2,2,0,2,2026-04-11 14:31:35,
i70rps.info,true,0.1,1906,337789,0,0,2,2,1,2,2026-04-13 18:40:40,
v5xr4x.info,true,0.1,1912,437965,0,0,22,21,3,22,2026-03-21 13:30:16,
rtvbqt.info,true,0.1,1907,329235,0,0,1,1,1,1,2026-04-05 11:07:40,2026-04-21 09:21:44
wutsrqu.info,true,0.1,1903,458772,0,0,16,15,5,16,2026-03-20 11:48:07,
qi7mje.info,true,0.1,1910,419957,0,0,14,13,2,14,2026-03-20 13:48:03,
hrequts.info,true,0.1,1904,399269,0,0,16,15,9,16,2026-03-20 18:37:56,
ueid15jwhc4.info,true,0.1,1904,309431,0,0,3,3,0,3,2026-04-20 05:00:15,
uerfyi2.info,true,0.1,1917,457777,0,0,13,13,5,13,2026-04-07 09:14:13,
uupk888wt15.info,true,0.1,1899,452922,0,0,14,14,5,14,2026-03-30 21:44:14,
ueid15jwhc6.info,true,0.1,1900,364294,0,0,7,7,1,7,2026-04-25 10:18:19,
epcpdba.info,true,0.1,1898,365020,0,0,6,5,0,6,2026-03-25 05:11:07,
uferqeh.info,true,0.1,1905,458638,0,0,10,10,2,10,2026-04-16 14:19:38,
pe0nkh.info,true,0.1,1908,273915,0,0,3,3,2,3,2026-04-15 23:55:46,
kvgfrfd.info,true,0.1,1905,443345,0,0,18,18,5,18,2026-03-30 20:15:11,
b1onxt.info,true,0.1,1917,458149,0,0,12,12,2,12,2026-04-09 12:23:11,
pamlyky.info,true,0.1,1902,388401,0,0,9,8,3,9,2026-03-20 11:59:08,
5bfdog.info,true,0.1,1898,365968,0,0,7,7,0,7,2026-04-20 20:37:08,
gnzbwez.info,true,0.1,1913,384209,0,0,5,4,4,5,2026-03-20 17:15:27,
yvugfrd.info,true,0.1,1899,437884,0,0,11,11,2,11,2026-04-03 12:41:32,
uerfyi14.info,true,0.1,1899,361436,0,0,6,5,2,6,2026-03-21 02:24:04,
o52olk.info,true,0.1,1898,460942,0,0,12,12,0,12,2026-04-09 07:15:20,
onylxbb.info,true,0.1,1901,422522,0,0,13,11,6,13,2026-03-21 05:18:22,
uerfyi4.info,true,0.1,1906,460370,0,0,9,7,2,9,2026-03-20 16:59:53,
drqzo7.info,true,0.1,1908,447246,0,0,9,9,1,9,2026-04-23 12:37:56,
uik888wt11.info,true,0.1,1908,419530,0,0,10,9,3,10,2026-03-21 00:48:58,
eboabna.info,true,0.1,1903,444486,0,0,6,6,0,6,2026-04-11 13:38:33,
ttjxjih.info,true,0.1,1903,411224,0,0,11,10,5,11,2026-03-27 14:24:22,
kviuhtf.info,true,0.1,1905,443382,0,0,5,5,0,5,2026-04-19 10:45:15,
alkllxy.info,true,0.1,1901,364665,0,0,2,2,0,2,2026-04-25 23:08:46,
jvhtsef.info,true,0.1,1909,426759,0,0,9,6,7,9,2026-03-21 12:29:29,
epanzml.info,true,0.1,1899,352201,0,0,9,9,0,9,2026-04-05 04:58:17,
gavbfw.info,true,0.1,1902,364216,0,0,3,3,0,3,2026-04-04 23:42:21,
kischje.info,true,0.1,1899,427302,0,0,9,8,2,9,2026-03-20 09:21:25,
8k6p0z.info,true,0.1,1902,463333,0,0,21,20,9,21,2026-03-27 12:06:15,
uik888wt6.info,true,0.1,1897,455698,0,0,18,17,3,18,2026-03-26 15:11:53,
psh71c.info,true,0.1,1905,426574,0,0,8,8,2,8,2026-03-29 22:08:47,
2m4r09.info,true,0.1,1901,473373,0,0,11,11,3,11,2026-04-07 07:12:06,
zkkjvit.info,true,0.1,1901,456759,0,0,12,12,4,12,2026-03-30 10:44:40,
gecobay.info,true,0.1,1905,473057,0,0,19,19,1,19,2026-04-04 22:22:15,
sdogsrd.info,true,0.1,1909,371870,0,0,8,8,0,8,2026-03-30 00:09:31,
frqdcon.info,true,0.1,1899,369116,0,0,6,6,2,6,2026-03-30 12:04:22,
fqbaaml.info,true,0.1,1908,268423,0,0,3,3,0,3,2026-04-08 09:50:56,
pbqwwl.info,true,0.1,1905,428748,0,0,19,19,14,19,2026-03-31 22:13:08,
lb5rw3.info,true,0.1,1903,433062,0,0,8,8,2,8,2026-04-03 04:47:00,
k1r74b.info,true,0.1,1897,442565,0,0,21,19,3,21,2026-03-20 17:17:53,
yuuk888ge2.info,true,0.1,1906,406876,0,0,16,14,12,16,2026-03-25 08:12:01,
zjauaid.info,true,0.1,1903,423390,0,0,10,9,2,10,2026-03-20 13:37:28,
autk888wt9.info,true,0.1,1909,435471,0,0,22,19,5,22,2026-03-21 09:08:51,
uupk888wt7.info,true,0.1,1901,356404,0,0,1,1,0,1,2026-04-07 12:56:01,
8i1zvs.info,true,0.1,1908,354583,0,0,3,3,0,3,2026-04-11 11:32:41,
mkivuss.info,true,0.1,1911,409164,0,0,10,8,3,10,2026-03-24 11:53:18,
yuuk888ge15.info,true,0.1,1904,467449,0,0,10,8,3,10,2026-03-20 07:00:04,
gehqcks.info,true,0.1,1905,361751,0,0,6,6,0,6,2026-04-23 21:59:35,
uupk888wt5.info,true,0.1,1902,410303,0,0,8,8,3,8,2026-04-02 00:40:45,
uupk888wt17.info,true,0.1,1906,414619,0,0,5,5,4,5,2026-04-26 12:31:05,
dhsseed.info,true,0.1,1900,359305,0,0,8,7,2,8,2026-03-24 20:29:17,
6b21fm.info,true,0.1,1904,355294,0,0,5,5,0,5,2026-04-11 10:23:17,
g4uopt.info,true,0.1,1897,315055,0,0,4,4,0,4,2026-04-19 10:19:21,
ljuvhug.info,true,0.1,1910,436752,0,0,23,21,6,23,2026-03-20 19:01:46,
e647ds.info,true,0.1,1903,471991,0,0,22,20,6,22,2026-03-21 11:39:50,
eiugutg.info,true,0.1,1897,468466,0,0,11,11,5,11,2026-03-30 05:14:12,
0hqc6r.info,true,0.1,1900,361436,0,0,5,5,0,5,2026-04-26 10:29:45,
yuk888ge16.info,true,0.1,1903,463909,0,0,14,12,2,14,2026-03-20 16:25:04,
yuuk888ge6.info,true,0.1,1907,441406,0,0,16,15,5,16,2026-03-25 07:22:43,
8ole6b.info,true,0.1,1905,423558,0,0,10,8,3,10,2026-03-20 12:09:52,
autk888wt25.info,true,0.1,1901,419276,0,0,12,12,0,12,2026-04-15 12:43:01,
xitgsju.info,true,0.1,1902,307164,0,0,2,2,0,2,2026-04-08 02:29:05,
ueid15jwhc3.info,true,0.1,1901,426474,0,0,10,9,3,10,2026-03-24 14:50:33,
amlmkji.info,true,0.1,1901,245790,0,0,1,1,1,1,2026-06-13 02:57:23,2026-06-27 02:55:06
uik888wt12.info,true,0.1,1898,424482,0,0,15,15,1,15,2026-04-12 07:27:48,
jbnk3m.info,true,0.1,1908,355179,0,0,4,4,0,4,2026-04-25 01:08:21,
pwnlnys.info,true,0.1,1902,412799,0,0,10,8,3,10,2026-03-27 04:54:16,
dplog5.info,true,0.1,1901,306376,0,0,1,1,0,1,2026-04-15 16:30:53,
0szr2d.info,true,0.1,1906,416622,0,0,15,13,2,15,2026-03-20 14:50:25,
ywvhvug.info,true,0.1,1903,340388,0,0,5,4,3,5,2026-03-28 00:52:19,
yuuk888ge13.info,true,0.1,1909,332396,0,0,6,5,2,6,2026-03-20 22:07:43,
znkjzne.info,true,0.1,1903,442901,0,0,17,17,3,17,2026-03-30 12:30:42,
klmsvoz.info,true,0.1,1916,450120,0,0,8,8,2,8,2026-04-09 08:08:53,
4a6fhx.info,true,0.1,1907,364394,0,0,5,5,0,5,2026-04-08 15:04:33,
jgmjwmq.info,true,0.1,1902,352339,0,0,3,3,0,3,2026-04-13 13:59:59,
wvhhihu.info,true,0.1,1905,462200,0,0,16,16,0,16,2026-04-26 16:28:00,
enagv8.info,true,0.1,1904,461164,0,0,14,11,5,14,2026-03-20 07:55:47,
bzlmlpa.info,true,0.1,1902,469361,0,0,17,16,4,17,2026-03-21 17:35:43,
jhgfrdc.info,true,0.1,1902,428621,0,0,9,8,2,9,2026-03-25 10:38:55,
zjivute.info,true,0.1,1893,364587,0,0,3,3,0,3,2026-04-25 15:19:49,
vho276.info,true,0.1,1897,375086,0,0,4,4,1,4,2026-05-05 15:07:18,
vjfhyq.info,true,0.1,1896,254390,0,0,2,2,1,2,2026-04-09 04:28:47,
ueid15jwhc8.info,true,0.1,1894,432903,0,0,13,11,10,13,2026-03-21 00:31:22,
uerfyi11.info,true,0.1,1893,446630,0,0,14,12,3,14,2026-03-20 07:34:29,
uik888wt15.info,true,0.1,1893,440732,0,0,18,18,1,18,2026-04-03 07:11:39,
2i2308.info,true,0.1,1896,482420,0,0,18,17,6,18,2026-03-25 09:13:08,
uerfyi13.info,true,0.1,1894,347322,0,0,2,2,0,2,2026-04-07 06:29:22,
b0m0qk.info,true,0.1,1894,262985,0,0,4,4,1,4,2026-05-04 06:07:27,
uupk888wt1.info,true,0.1,1893,366675,0,0,9,8,1,9,2026-03-21 18:20:18,
razkfz.info,true,0.1,1893,422901,0,0,14,14,1,14,2026-04-09 13:12:08,
25jh35.info,true,0.1,1896,440964,0,0,7,7,3,7,2026-03-31 01:45:07,
sdoosec.info,true,0.1,1896,321998,0,0,5,5,4,5,2026-04-07 15:23:02,
ueid15jwhc1.info,true,0.1,1887,308185,0,0,2,2,0,2,2026-04-20 02:30:10,
mkkwcpd.info,true,0.1,1890,442976,0,0,13,13,4,13,2026-03-31 16:40:44,
7ddsv2.info,true,0.1,1894,448061,0,0,17,16,2,17,2026-03-26 08:06:47,
ommazyj.info,true,0.1,1896,351298,0,0,7,6,1,7,2026-03-20 17:18:51,
wwwttt888t9.info,true,0.1,1893,322698,0,0,1,1,0,1,2026-04-24 21:03:51,
y895ic.info,true,0.1,1893,372852,0,0,8,7,5,8,2026-03-26 08:16:28,
zdtm3j.info,true,0.1,1897,422028,0,0,12,12,4,12,2026-04-05 03:01:40,
zvpclx.info,true,0.1,1894,452181,0,0,17,17,5,17,2026-04-14 16:28:29,
5h5cl4.info,true,0.1,1896,470281,0,0,16,16,2,16,2026-04-13 17:03:59,
oi97uh.info,true,0.1,1895,356220,0,0,5,4,1,5,2026-03-21 14:33:16,
28nzs4.info,true,0.1,1893,476442,0,0,12,11,2,12,2026-03-21 09:01:22,
yuuk888ge7.info,true,0.1,1898,415839,0,0,14,14,1,14,2026-04-10 10:15:27,
jhvuhht.info,true,0.1,1895,356003,0,0,8,8,0,8,2026-03-30 01:19:20,
kihtfri.info,true,0.1,1897,408650,0,0,10,10,0,10,2026-03-30 22:42:55,
zselziid.xyz,true,0.1,250,139888,0,0,3,0,3,3,2025-08-05 22:55:18,2026-04-15 04:50:26
xfiupirn.xyz,true,0.1,251,95891,0,0,1,0,1,1,2025-08-03 05:23:37,2026-04-07 02:12:19
oricecauti.ro,true,0.1,3,21,7,13,2,0,2,2,2023-11-25 12:05:35,2026-05-05 16:09:10
njhldxxe.xyz,true,0.1,249,244114,0,0,2,0,2,2,2025-09-05 08:03:00,2026-04-26 05:15:35
rxkfkdah.xyz,true,0.1,245,40766,0,0,1,0,1,1,2025-08-02 15:01:04,2026-04-12 01:28:55
3atv6238.xyz,true,0.1,460,66901,0,0,1,0,1,1,2025-12-18 05:38:36,2026-06-17 00:44:14
lvtpshfv.xyz,true,0.1,247,323591,0,0,2,0,2,2,2025-08-10 09:34:20,2026-04-24 22:31:56
chantelbeautymart.com,true,0.1,52,4418,0,0,13,0,0,0,2025-08-20 16:56:34,
nbqzfzch.xyz,true,0.1,246,82775,0,0,2,0,2,2,2025-07-28 09:28:25,2026-04-07 16:25:16
bsdullev.xyz,true,0.1,246,72432,0,0,1,0,1,1,2025-08-08 07:36:11,2026-04-03 21:51:52
cppyoszm.xyz,true,0.1,247,305024,0,0,3,0,3,3,2025-08-03 05:08:34,2026-04-23 13:48:04
dominiopersonal.xyz,true,0.1,421,298959,0,0,1,0,1,1,2025-12-11 22:58:59,2026-06-10 06:23:06
rhrhnj.info,true,0.1,1395,294226,0,0,1,0,1,1,2026-03-28 23:25:18,2026-04-26 04:11:14
leym7.info,true,0.1,1397,296378,0,0,1,0,0,1,2026-03-26 06:36:01,
lk3di6.info,true,0.1,1395,371717,0,0,10,8,3,10,2026-03-21 10:17:52,
qkzv.info,true,0.1,1395,292137,0,0,2,1,0,2,2026-03-28 19:52:51,
qmi5r.info,true,0.1,1390,320054,0,0,4,4,0,4,2026-03-31 14:10:47,
ppi7.info,true,0.1,1388,279396,0,0,2,2,2,2,2026-05-01 00:24:53,2026-06-19 05:47:33
bhs-links-guinness.xyz,true,0.1,36,58,0,0,2,2,0,0,2026-05-23 01:44:17,
wqrmyj.info,true,0.1,1374,407354,0,0,2,2,1,2,2026-05-25 07:39:31,
rqln4.info,true,0.1,1374,305321,0,0,3,3,1,3,2026-04-04 12:03:55,
bhs-links-asahi.xyz,true,0.1,36,57,0,0,2,2,0,0,2026-05-23 05:58:34,
i2niu.info,true,0.1,1389,370043,0,0,5,2,3,5,2026-03-20 00:32:00,
bhs-links-modelo.xyz,true,0.1,36,60,0,0,2,2,0,0,2026-05-27 04:01:54,
klvpjw.info,true,0.1,1376,301047,0,0,4,3,1,4,2026-03-18 20:31:18,
tnzuu.info,true,0.1,1378,408086,0,0,3,3,1,3,2026-04-08 07:35:25,
xs9o.info,true,0.1,1379,320016,0,0,3,0,2,3,2026-03-16 20:27:59,
bhs-links-carlsberg.xyz,true,0.1,36,60,0,0,2,2,0,0,2026-05-22 14:45:49,
oglbg.info,true,0.1,1384,327760,0,0,2,1,0,2,2026-03-23 19:42:16,
pmqevz.info,true,0.1,1388,311948,0,0,3,3,1,3,2026-03-29 11:25:08,
qvaqv.info,true,0.1,1388,244054,0,0,2,2,2,2,2026-04-11 02:35:31,2026-05-21 23:13:33
shgu.info,true,0.1,1377,309603,0,0,3,2,1,3,2026-03-22 13:14:42,
bhs-links-tuborg.xyz,true,0.1,36,60,0,0,2,2,0,0,2026-05-27 05:26:23,
bhs-links-tsingtao.xyz,true,0.1,36,56,0,0,2,2,0,0,2026-05-27 05:42:41,
jbqbnn.info,true,0.1,1389,295439,0,0,7,5,1,7,2026-03-23 15:19:23,
nhqeh.info,true,0.1,1376,285095,0,0,5,2,3,5,2026-03-16 17:09:09,
griwxnl.info,true,0.1,1386,331764,0,0,2,2,0,2,2026-04-15 05:45:02,
nwt38w.info,true,0.1,1378,311072,0,0,3,2,1,3,2026-03-22 11:01:31,
weqts.info,true,0.1,1375,327505,0,0,5,3,2,5,2026-03-19 19:33:53,
bhs-links-lvivske.xyz,true,0.1,36,57,0,0,2,2,0,0,2026-05-23 00:48:21,
icaat.info,true,0.1,1379,318796,0,0,2,1,1,2,2026-03-16 18:25:57,
gepaw.info,true,0.1,1380,324291,0,0,3,2,0,3,2026-03-02 14:25:42,
sc3vd.info,true,0.1,1381,305325,0,0,2,2,0,2,2026-04-19 11:45:57,
bhs-links-chernihivske.xyz,true,0.1,36,60,0,0,2,2,0,0,2026-05-22 14:55:10,
nvnvpkr.info,true,0.1,1380,310895,0,0,6,6,0,6,2026-03-31 18:59:54,
qjn6.info,true,0.1,1386,314609,0,0,3,3,0,3,2026-04-04 03:10:49,
yibbk.info,true,0.1,1368,313212,0,0,1,1,0,1,2026-05-04 19:18:02,
nhjl9.info,true,0.1,1376,321189,0,0,1,1,0,1,2026-04-08 03:25:02,
tbu0.info,true,0.1,1384,358423,0,0,1,0,1,1,2026-03-26 22:17:40,2026-04-24 04:08:44
hzd7.info,true,0.1,1383,302761,0,0,1,1,0,1,2026-06-24 09:08:04,
hdhhax.info,true,0.1,1382,304290,0,0,2,0,1,2,2026-03-18 07:07:18,
plwed.info,true,0.1,1377,301490,0,0,1,1,1,1,2026-05-21 11:46:24,2026-06-04 11:50:11
jetn.info,true,0.1,1390,296466,0,0,1,1,0,1,2026-05-05 13:11:17,
rvq3qu.info,true,0.1,1384,304921,0,0,2,2,1,2,2026-04-21 15:09:26,
bhs-links-duvel.xyz,true,0.1,36,54,0,0,2,2,0,0,2026-05-27 11:36:15,
gly31.info,true,0.1,1395,315857,0,0,2,1,1,2,2026-03-24 07:41:51,
fmexwx.info,true,0.1,1385,370295,0,0,5,5,5,5,2026-04-04 09:49:56,2026-06-20 01:20:00
gghw.info,true,0.1,1383,356864,0,0,4,4,1,4,2026-04-05 10:39:06,
ls1ii.info,true,0.1,1371,323464,0,0,4,3,1,4,2026-03-16 20:17:20,
ilufh.info,true,0.1,1383,310536,0,0,5,5,1,5,2026-03-29 21:06:24,
gvjnyos.info,true,0.1,1388,263472,0,0,5,3,2,5,2026-03-19 01:29:09,
kiebh.info,true,0.1,1375,322255,0,0,2,1,1,2,2026-03-24 00:07:48,
psawcw.info,true,0.1,1389,309053,0,0,2,1,0,2,2026-03-18 01:01:24,
bhs-links-amstel.xyz,true,0.1,36,60,0,0,2,2,0,0,2026-05-22 16:32:09,
n5fgu.info,true,0.1,1378,314640,0,0,3,3,1,3,2026-04-04 05:40:31,
s9mrf.info,true,0.1,1372,269497,0,0,3,3,2,3,2026-04-06 21:05:55,
fm0zi.info,true,0.1,1382,304095,0,0,1,0,1,1,2026-03-21 22:01:18,2026-04-13 16:18:45
onvcz.info,true,0.1,1379,288741,0,0,1,1,1,1,2026-06-10 22:49:44,2026-06-24 23:34:59
bhs-links-paulaner.xyz,true,0.1,36,56,0,0,2,2,0,0,2026-05-27 17:12:35,
hli0d.info,true,0.1,1381,278540,0,0,2,1,2,2,2026-03-22 04:22:04,2026-04-21 11:54:21
gudmd.info,true,0.1,1373,316234,0,0,3,2,0,3,2026-03-19 15:52:32,
k3fp4v.info,true,0.1,1383,313530,0,0,3,1,2,3,2026-03-17 13:57:28,
lwhp6.info,true,0.1,1387,272929,0,0,3,2,2,3,2026-03-27 01:00:36,
nivzm.info,true,0.1,1380,333934,0,0,7,6,1,7,2026-03-16 16:22:47,
tj7nu.info,true,0.1,1390,320263,0,0,2,0,0,2,2026-03-21 05:45:22,
rtvsd.info,true,0.1,1393,306072,0,0,3,2,2,3,2026-03-21 17:00:51,
osd6rv.info,true,0.1,1378,315460,0,0,3,2,0,3,2026-03-21 12:09:45,
ofpexx.info,true,0.1,1389,284705,0,0,3,3,0,3,2026-03-30 15:23:23,
pt3aq.info,true,0.1,1381,185576,0,0,1,1,1,1,2026-06-12 20:50:32,2026-06-26 21:32:12
qsli.info,true,0.1,1391,296601,0,0,3,2,1,3,2026-03-24 23:15:21,
bhs-links-slavutych.xyz,true,0.1,36,52,0,0,2,2,0,0,2026-05-27 10:08:25,
kilr.info,true,0.1,1388,320594,0,0,4,4,0,4,2026-03-30 06:27:14,
bhs-links-chernigivske.xyz,true,0.1,36,55,0,0,2,2,0,0,2026-05-27 00:22:55,
q8jjam.info,true,0.1,1384,331993,0,0,2,2,0,2,2026-04-01 22:59:51,
mcxrs.info,true,0.1,1377,420380,0,0,9,7,5,9,2026-03-20 07:47:58,
n9rit7.info,true,0.1,1379,322632,0,0,1,0,1,1,2026-03-16 23:29:42,2026-04-07 09:19:35
qntjg.info,true,0.1,1394,303472,0,0,4,3,2,4,2026-03-28 04:15:18,
iofm65.info,true,0.1,1379,311483,0,0,1,1,0,1,2026-04-28 02:46:52,
bhs-links-erdinger.xyz,true,0.1,36,58,0,0,2,2,0,0,2026-05-27 22:15:54,
bhs-links-corona.xyz,true,0.1,36,60,0,0,2,2,0,0,2026-05-23 03:12:04,
tp3xnu.info,true,0.1,1377,306261,0,0,5,2,0,5,2026-03-24 01:44:16,
bhs-links-pacifico.xyz,true,0.1,36,59,0,0,2,2,0,0,2026-05-26 23:37:16,
bhs-links-grolsch.xyz,true,0.1,36,58,0,0,2,2,0,0,2026-05-27 06:48:20,
nxftg.info,true,0.1,1386,303056,0,0,1,1,0,1,2026-04-07 05:34:17,
zgshb.info,true,0.1,1388,265484,0,0,4,2,0,4,2026-03-22 04:01:43,
plsck.info,true,0.1,1381,302859,0,0,2,1,2,2,2026-03-18 04:51:15,2026-05-12 13:54:56
p43th.info,true,0.1,1382,314309,0,0,5,3,2,5,2026-03-17 02:42:00,
bhs-links-leffe.xyz,true,0.1,36,56,0,0,2,2,0,0,2026-05-28 01:52:15,
mojuml.info,true,0.1,1378,319359,0,0,2,2,2,2,2026-05-07 07:54:02,2026-05-28 14:30:31
huha5.info,true,0.1,1392,298601,0,0,1,1,1,1,2026-05-31 14:55:33,2026-06-21 14:49:35
jnabnu.info,true,0.1,1388,316082,0,0,6,4,3,6,2026-03-17 00:29:20,
gsnvfh.info,true,0.1,1378,279770,0,0,1,0,0,1,2026-03-20 00:54:10,
wbhyk.info,true,0.1,1380,229748,0,0,3,3,2,3,2026-04-23 09:10:19,
hhqzq.info,true,0.1,1377,289384,0,0,5,4,1,5,2026-03-22 17:04:21,
j8mr.info,true,0.1,1387,308192,0,0,2,2,0,2,2026-04-18 14:11:27,
gptuf.info,true,0.1,1372,322391,0,0,1,0,0,1,2026-03-26 16:17:47,
mtubp.info,true,0.1,1380,267330,0,0,1,1,0,1,2026-04-18 10:41:34,
q2s3y.info,true,0.1,1380,273727,0,0,3,2,1,3,2026-03-20 06:58:09,
kgb05x.info,true,0.1,1376,310564,0,0,3,2,1,3,2026-03-22 13:35:31,
pzts.info,true,0.1,1378,272963,0,0,1,1,0,1,2026-04-16 20:27:57,
qwvyiu.info,true,0.1,1382,312052,0,0,2,2,0,2,2026-04-21 06:26:06,
mepiald.info,true,0.1,1383,317080,0,0,1,0,1,1,2026-03-24 03:10:21,2026-04-17 16:18:15
kvaw2d.info,true,0.1,1381,301216,0,0,3,1,2,3,2026-03-23 13:52:38,
silguv.info,true,0.1,1382,284907,0,0,2,1,1,2,2026-03-16 22:53:50,
bhs-links-zhygulivske.xyz,true,0.1,36,56,0,0,2,2,0,0,2026-05-27 09:52:28,
nzlvc.info,true,0.1,1391,315218,0,0,3,2,1,3,2026-03-26 12:09:46,
bhs-links-singha.xyz,true,0.1,36,59,0,0,2,2,0,0,2026-05-27 20:42:16,
oivhmm.info,true,0.1,1374,310258,0,0,2,2,0,2,2026-04-04 13:56:33,
ncayj.info,true,0.1,1367,311138,0,0,5,3,2,5,2026-03-19 00:32:31,
bhs-links-warsteiner.xyz,true,0.1,36,60,0,0,2,2,0,0,2026-05-27 09:15:11,
bhs-links-becks.xyz,true,0.1,36,53,0,0,1,1,0,0,2026-05-27 14:45:49,
kf4d5.info,true,0.1,1388,305296,0,0,1,1,0,1,2026-04-12 04:25:08,
mb7ih.info,true,0.1,1391,404621,0,0,2,1,0,2,2026-03-23 20:08:05,
th7w2l.info,true,0.1,1379,374917,0,0,5,4,2,5,2026-03-25 10:29:47,
ifjws.info,true,0.1,1386,301247,0,0,2,1,2,2,2026-03-25 14:47:41,2026-06-09 18:43:26
bhs-links-obolon.xyz,true,0.1,36,59,0,0,2,2,0,0,2026-05-27 12:05:55,
haxc36.info,true,0.1,1381,218846,0,0,2,2,1,2,2026-05-04 18:32:54,
fxz6h.info,true,0.1,1381,302400,0,0,4,4,0,4,2026-04-08 13:07:50,
bhs-links-hoegaarden.xyz,true,0.1,36,58,0,0,2,2,0,0,2026-05-27 17:59:18,
oe8ds.info,true,0.1,1389,288209,0,0,1,0,1,1,2026-03-25 19:27:53,2026-04-23 04:55:03
mcetx.info,true,0.1,1375,304922,0,0,1,1,0,1,2026-04-05 18:22:35,
q5ns.info,true,0.1,1381,399441,0,0,3,3,1,3,2026-05-07 04:54:28,
gp66hf.info,true,0.1,1375,281474,0,0,1,1,0,1,2026-04-14 03:45:06,
o6rnjn.info,true,0.1,1388,278960,0,0,1,1,0,1,2026-04-20 11:34:46,
bhs-links-peroni.xyz,true,0.1,36,60,0,0,2,2,0,0,2026-05-22 11:29:03,
ufnyc.info,true,0.1,1383,331221,0,0,2,2,0,2,2026-05-06 00:50:26,
nqxd7.info,true,0.1,1371,308675,0,0,1,1,0,1,2026-04-18 22:42:08,
jfllzu.info,true,0.1,1378,188114,0,0,6,6,3,6,2026-05-06 22:35:43,
jhuuu.info,true,0.1,1378,316184,0,0,2,2,1,2,2026-04-09 03:13:17,
bhs-links-kirin.xyz,true,0.1,36,57,0,0,1,1,0,0,2026-05-22 21:48:58,
kghkh.info,true,0.1,1392,328160,0,0,4,3,2,4,2026-03-17 12:15:09,
ldg9h.info,true,0.1,1379,243010,0,0,2,2,2,2,2026-06-04 03:46:57,2026-06-21 04:56:25
bhs-links-baltika.xyz,true,0.1,36,56,0,0,1,1,0,0,2026-05-27 01:18:28,
npaomy.info,true,0.1,1379,320318,0,0,4,2,2,4,2026-03-16 21:01:41,
l9itv.info,true,0.1,1386,237609,0,0,4,1,2,4,2026-03-19 18:24:48,
bhs-links-stella.xyz,true,0.1,36,55,0,0,1,1,0,0,2026-05-23 04:38:44,
l59s4.info,true,0.1,1388,335444,0,0,3,3,1,3,2026-04-23 03:08:34,
mwleyn.info,true,0.1,1378,318365,0,0,4,4,1,4,2026-04-04 01:54:08,
ltiqzub.info,true,0.1,1380,234806,0,0,1,1,0,1,2026-06-28 01:37:11,
bhs-links-pilsner.xyz,true,0.1,36,57,0,0,2,2,0,0,2026-05-27 18:05:25,
mtsnmn.info,true,0.1,1392,326739,0,0,2,0,1,2,2026-03-19 15:41:23,
r4bk.info,true,0.1,1388,314814,0,0,5,4,1,5,2026-03-18 18:18:56,
j5sst.info,true,0.1,1376,315610,0,0,3,2,1,3,2026-03-21 00:51:07,
jyflw.info,true,0.1,1382,301601,0,0,2,2,0,2,2026-04-07 18:07:50,
n6zt.info,true,0.1,1388,231590,0,0,1,1,1,1,2026-04-08 23:54:48,2026-04-25 13:34:09
opyjhuqs.xyz,true,0.1,250,3177,0,0,1,0,1,1,2025-08-07 08:55:51,2026-04-07 11:09:48
tnubm.info,true,0.1,1382,305689,0,0,3,1,2,3,2026-03-20 02:10:01,
fpou.info,true,0.1,1390,305582,0,0,1,1,0,1,2026-04-10 04:20:00,
mbk7w.info,true,0.1,1378,317555,0,0,3,3,3,3,2026-05-01 15:06:41,2026-06-28 13:32:23
p78qh.info,true,0.1,1362,379110,0,0,5,5,3,5,2026-04-07 01:00:02,
vyhzo.info,true,0.1,1374,305616,0,0,3,3,0,3,2026-04-06 05:52:01,
njpa1w.info,true,0.1,1372,316606,0,0,1,1,0,1,2026-04-07 11:07:04,
izpxn2.info,true,0.1,1363,320078,0,0,2,2,1,2,2026-04-26 01:14:15,
qd77a.info,true,0.1,1369,302250,0,0,6,5,3,6,2026-03-21 12:07:26,
tlvx6.info,true,0.1,1368,409227,0,0,12,10,2,12,2026-03-17 18:18:55,
ovhz8.info,true,0.1,1372,294871,0,0,1,1,0,1,2026-04-23 19:16:30,
tq4ld.info,true,0.1,1370,321030,0,0,5,5,0,5,2026-04-12 05:42:25,
lbkgu.info,true,0.1,1372,287026,0,0,2,1,1,2,2026-03-26 17:42:15,
poqes.info,true,0.1,1372,303689,0,0,3,2,1,3,2026-03-22 11:07:53,
k8jt.info,true,0.1,1375,315739,0,0,4,3,0,4,2026-03-21 00:45:49,
rkmp.info,true,0.1,1367,313505,0,0,1,1,0,1,2026-04-10 01:55:43,
olyf.info,true,0.1,1363,264811,0,0,1,1,0,1,2026-04-15 17:00:02,
gxcuxw.info,true,0.1,1370,310374,0,0,2,2,1,2,2026-03-29 18:45:06,
kout0y.info,true,0.1,1364,315898,0,0,1,1,0,1,2026-03-30 02:39:09,
vpekyx.info,true,0.1,1372,323756,0,0,2,1,1,2,2026-03-20 08:22:00,
wnhfxbrw.xyz,true,0.1,249,126492,0,0,1,0,1,1,2025-07-26 04:37:35,2026-04-28 00:17:05
omnvga.info,true,0.1,1373,303216,0,0,4,4,0,4,2026-04-04 11:27:39,
kvszz.info,true,0.1,1369,294114,0,0,3,2,0,3,2026-03-19 18:57:30,
hfha.info,true,0.1,1373,303353,0,0,1,0,1,1,2026-03-18 02:55:53,2026-04-05 11:05:37
yhdkx.info,true,0.1,1377,302099,0,0,5,4,1,5,2026-03-20 18:05:04,
svk7in.info,true,0.1,1368,307424,0,0,2,2,0,2,2026-04-13 17:44:29,
qtjgcp.info,true,0.1,1372,321231,0,0,4,2,2,4,2026-03-28 03:19:38,
jijtefr.info,true,0.1,1365,293165,0,0,3,1,2,3,2026-03-17 08:00:27,
lrkyzf.info,true,0.1,1368,171154,0,0,2,2,2,2,2026-04-18 07:46:34,2026-06-03 17:34:46
g9q23.info,true,0.1,1363,312757,0,0,1,1,0,1,2026-04-08 15:54:31,
q8uzl.info,true,0.1,1367,313928,0,0,4,2,1,4,2026-03-19 01:03:03,
lpfcej.info,true,0.1,1373,271631,0,0,3,3,1,3,2026-05-02 21:59:36,
tl84r5.info,true,0.1,1373,307228,0,0,2,1,1,2,2026-03-19 13:06:40,
ipvkk.info,true,0.1,1375,221242,0,0,2,2,1,2,2026-05-04 04:27:02,
t336cp.info,true,0.1,1369,315720,0,0,2,1,1,2,2026-03-28 07:45:04,
keapah.info,true,0.1,1373,314161,0,0,2,2,1,2,2026-04-24 17:53:29,
mkj6ca.info,true,0.1,1375,311510,0,0,1,0,0,1,2026-03-27 02:27:13,
qt9mmc.info,true,0.1,1369,316557,0,0,3,3,0,3,2026-04-17 15:12:41,
qgzkw.info,true,0.1,1376,323747,0,0,2,2,0,2,2026-03-29 00:38:34,
u1ch.info,true,0.1,1374,305278,0,0,4,3,1,4,2026-03-22 10:07:00,
lsvq.info,true,0.1,1378,320388,0,0,3,3,0,3,2026-03-29 10:04:03,
hjdpcq.info,true,0.1,1370,300828,0,0,2,2,0,2,2026-04-03 14:32:08,
gn8ml.info,true,0.1,1368,292236,0,0,4,2,2,4,2026-03-18 02:03:29,
vhtom.info,true,0.1,1367,397928,0,0,2,2,0,2,2026-05-12 02:50:09,
q8py5.info,true,0.1,1369,441537,0,0,5,3,4,5,2026-03-18 08:33:49,
vywm.info,true,0.1,1373,320100,0,0,6,4,2,6,2026-03-18 15:04:06,
r95zro.info,true,0.1,1371,380445,0,0,5,3,2,5,2026-03-21 23:51:03,
gk4on.info,true,0.1,1363,314405,0,0,2,2,0,2,2026-03-29 22:15:17,
rfcp.info,true,0.1,1370,320346,0,0,2,1,0,2,2026-03-25 16:50:28,
fresh6.info,true,0.1,1370,281497,0,0,3,3,2,3,2026-04-17 22:04:16,
mp6u3.info,true,0.1,1371,296290,0,0,1,1,0,1,2026-04-13 19:53:22,
vbyic.info,true,0.1,1375,306693,0,0,2,2,0,2,2026-04-05 18:59:39,
jrsufld.info,true,0.1,1368,304285,0,0,3,3,0,3,2026-04-08 12:22:26,
ljfn0.info,true,0.1,1367,312816,0,0,3,2,1,3,2026-03-28 18:12:27,
qmfydn.info,true,0.1,1371,284390,0,0,4,4,0,4,2026-03-29 15:51:08,
k7bi.info,true,0.1,1376,300932,0,0,2,1,0,2,2026-03-28 14:01:35,
gxj4u.info,true,0.1,1365,278282,0,0,5,3,5,5,2026-03-22 06:39:14,2026-06-24 11:49:30
momy3l.info,true,0.1,1361,317191,0,0,4,2,2,4,2026-03-21 02:29:02,
qviq9r.info,true,0.1,1376,292849,0,0,7,6,2,7,2026-03-17 20:19:12,
opgj.info,true,0.1,1353,290036,0,0,1,1,0,1,2026-05-06 04:03:05,
hknmw.info,true,0.1,1373,306263,0,0,5,3,1,5,2026-03-17 15:08:41,
tazwu.info,true,0.1,1367,295339,0,0,1,1,0,1,2026-06-21 00:16:16,
nwjkmx.info,true,0.1,1374,245019,0,0,2,2,1,2,2026-04-14 02:47:14,
lsabq.info,true,0.1,1379,303308,0,0,5,4,2,5,2026-03-21 12:25:40,
jx5v5.info,true,0.1,1366,317642,0,0,1,1,0,1,2026-04-20 17:33:21,
k7sap.info,true,0.1,1356,295859,0,0,6,3,3,6,2026-03-18 13:17:03,
qmmz.info,true,0.1,1370,307113,0,0,2,1,1,2,2026-03-17 14:44:15,
srz1y.info,true,0.1,1365,360493,0,0,7,7,5,7,2026-04-20 12:10:47,
qvdhn.info,true,0.1,1364,315393,0,0,2,1,1,2,2026-03-17 22:15:30,
hsiwd.info,true,0.1,1368,307641,0,0,4,2,2,4,2026-03-17 22:13:20,
lsaivny.info,true,0.1,1372,316774,0,0,3,1,2,3,2026-03-21 09:42:45,
gnaoqp.info,true,0.1,1377,296132,0,0,2,1,0,2,2026-03-25 12:38:45,
griglaby.xyz,true,0.1,250,81595,0,0,1,0,1,1,2025-07-30 19:01:00,2026-04-09 12:23:45
o133s.info,true,0.1,1359,184511,0,0,4,4,4,4,2026-05-07 02:27:43,2026-06-23 08:42:19
azuruppu.xyz,true,0.1,244,214857,0,0,2,0,2,2,2025-08-04 11:57:28,2026-04-13 16:06:07
puenzyoy.xyz,true,0.1,248,316988,0,0,2,0,2,2,2025-08-04 21:21:22,2026-04-18 07:11:16
ihdhnleu.xyz,true,0.1,248,67822,0,0,2,0,2,2,2025-08-05 07:07:16,2026-04-14 17:50:37
bhs-links-sapporo.xyz,true,0.1,34,59,0,0,2,2,0,0,2026-05-27 22:23:57,
lmuyxxhn.xyz,true,0.1,244,233374,0,0,2,0,2,2,2025-08-10 16:37:38,2026-04-22 03:40:04
bestegamblingsider.com,true,0.1,3,385,2,4,1,1,0,1,2026-04-07 13:39:06,
linlix.xyz,true,0.1,223,0,0,0,1,0,1,1,2025-07-22 01:45:08,2026-04-01 10:57:17
2g90qo.asia,true,0.1,774,530709,0,0,4,2,3,4,2026-02-17 06:47:44,
zpyrxqot.xyz,true,0.1,34,0,0,0,1,0,1,1,2025-07-26 01:29:50,2026-04-03 10:16:41
1slsrg.asia,true,0.1,763,354906,0,0,5,1,3,5,2026-01-11 03:38:21,
6482f8.asia,true,0.1,760,640074,0,0,13,5,2,13,2026-02-12 16:12:51,
77qy20.asia,true,0.1,746,408138,0,0,5,2,2,5,2026-02-25 23:24:31,
4jwdsa.asia,true,0.1,756,366949,0,0,4,0,3,4,2026-02-11 00:35:07,
1w1g03.asia,true,0.1,758,617244,0,0,8,5,0,8,2026-02-10 15:27:54,
5g81mo.asia,true,0.1,760,357604,0,0,2,2,0,2,2026-04-07 04:40:57,
6t6euh.asia,true,0.1,757,548390,0,0,7,3,2,7,2026-02-15 01:56:15,
emx1mp.asia,true,0.1,764,485716,0,0,9,6,4,9,2026-02-18 13:26:14,
cj5w8d.asia,true,0.1,761,541653,0,0,10,6,3,10,2026-02-12 01:01:58,
alcym8.asia,true,0.1,757,470794,0,0,16,8,9,16,2026-02-07 13:31:24,
cdnxs.info,true,0.1,1413,316490,0,0,5,4,1,5,2026-03-27 13:14:27,
925d32.asia,true,0.1,761,497018,0,0,6,1,1,6,2026-02-12 10:47:36,
66blm.asia,true,0.1,769,436922,0,0,10,0,0,10,2026-02-07 08:16:35,
esibt0.info,true,0.1,1410,305859,0,0,2,1,0,2,2026-03-25 10:46:46,
2rdd6k.asia,true,0.1,764,543059,0,0,13,8,2,13,2026-02-10 03:55:17,
glw7cf.asia,true,0.1,758,565944,0,0,10,6,1,10,2026-02-07 22:26:49,
gh4rfb.asia,true,0.1,760,441576,0,0,6,3,2,6,2026-02-18 22:09:25,
coc5yb.asia,true,0.1,754,444495,0,0,2,2,0,2,2026-04-06 10:56:01,
dgv0p2.asia,true,0.1,766,491591,0,0,6,3,3,6,2026-02-13 14:02:39,
400gj4.asia,true,0.1,757,518974,0,0,2,2,0,2,2026-05-13 02:02:07,
7dq82z.asia,true,0.1,757,498724,0,0,3,3,0,3,2026-04-10 13:52:44,
ymz3fv.asia,true,0.1,758,532957,0,0,5,4,1,5,2026-02-25 16:59:46,
64kdq.info,true,0.1,1406,326942,0,0,1,1,0,1,2026-06-28 00:54:59,
fc54yj.asia,true,0.1,768,543972,0,0,6,2,1,6,2026-02-09 02:19:08,
3ceayx.asia,true,0.1,763,583932,0,0,8,5,4,8,2026-02-09 20:20:20,
9izvw1.asia,true,0.1,762,348657,0,0,3,3,3,3,2026-05-07 13:16:16,2026-06-26 15:45:46
dd2ffw.asia,true,0.1,760,441816,0,0,9,3,2,9,2026-02-08 03:07:09,
8hbq8h.asia,true,0.1,761,462285,0,0,6,5,1,6,2026-02-26 03:23:13,
2juhp6.asia,true,0.1,767,481612,0,0,6,5,4,6,2026-02-19 01:58:34,
2ie4wt.asia,true,0.1,762,542581,0,0,9,2,4,9,2026-01-25 09:54:17,
bui6qi.asia,true,0.1,754,446921,0,0,10,8,6,10,2026-02-17 13:50:56,
htb0ky.asia,true,0.1,762,515950,0,0,10,6,6,10,2026-02-09 00:17:10,
51118.asia,true,0.1,760,444235,0,0,2,0,0,2,2026-02-26 14:13:49,
5c7j45.asia,true,0.1,756,332327,0,0,12,5,7,12,2026-02-21 12:52:17,
2p9owg.asia,true,0.1,755,450573,0,0,6,3,3,6,2026-02-19 13:08:05,
5fbf.info,true,0.1,1405,289344,0,0,2,2,0,2,2026-03-30 23:59:09,
5tzuyg.asia,true,0.1,758,564918,0,0,10,3,5,10,2026-02-08 19:24:11,
bodos.info,true,0.1,1438,322301,0,0,1,1,1,1,2026-03-30 00:04:24,2026-04-22 14:32:56
2p29vu.asia,true,0.1,754,466765,0,0,4,1,2,4,2026-02-08 21:50:27,
7y85xy.asia,true,0.1,760,520707,0,0,11,9,1,11,2026-02-26 16:20:52,
0wc0sb.asia,true,0.1,760,532193,0,0,4,1,2,4,2026-02-11 06:22:37,
chq1se.asia,true,0.1,758,493331,0,0,4,1,3,4,2026-02-08 08:47:41,
95vcqk.asia,true,0.1,764,549947,0,0,6,5,1,6,2026-02-25 03:59:46,
es7und.asia,true,0.1,757,548028,0,0,4,3,1,4,2026-02-20 22:07:45,
cnadwo.info,true,0.1,1404,306714,0,0,1,1,0,1,2026-04-15 21:48:21,
efxvz4.asia,true,0.1,759,560503,0,0,6,2,3,6,2026-02-09 07:33:32,
2pfdoi.asia,true,0.1,758,415881,0,0,4,1,1,4,2026-02-15 03:07:31,
hur50o.asia,true,0.1,760,552147,0,0,1,0,0,1,2026-02-23 06:55:14,
d9twst.asia,true,0.1,752,361002,0,0,3,1,0,3,2026-03-22 17:49:35,
dogv9j.asia,true,0.1,762,538344,0,0,5,3,1,5,2026-02-09 22:58:31,
as175c.asia,true,0.1,756,419763,0,0,9,4,3,9,2026-02-15 16:24:05,
1ceaae.asia,true,0.1,760,455156,0,0,4,1,0,4,2026-02-10 22:28:25,
23hh0r.asia,true,0.1,756,555713,0,0,15,12,3,15,2026-02-14 10:45:36,
f6kmxw.asia,true,0.1,762,480122,0,0,11,4,8,11,2026-02-12 16:45:49,
hcckb5.asia,true,0.1,767,527522,0,0,10,5,5,10,2026-02-11 16:08:09,
11t0mr.asia,true,0.1,754,494164,0,0,6,3,1,6,2026-02-19 10:37:26,
0qq7dv.asia,true,0.1,763,435352,0,0,9,5,3,9,2026-02-23 04:19:39,
3aatu7.asia,true,0.1,766,480579,0,0,7,4,3,7,2026-02-21 11:02:12,
tpo0xe.asia,true,0.1,760,356655,0,0,3,1,1,3,2026-02-09 10:14:34,
n9vco3.asia,true,0.1,752,448249,0,0,3,3,0,3,2026-05-18 20:12:49,
2bzv4r.asia,true,0.1,754,519362,0,0,5,4,2,5,2026-02-23 00:02:56,
e1k6y2.asia,true,0.1,766,614377,0,0,9,7,1,9,2026-02-14 13:06:33,
e0g3ch.asia,true,0.1,766,475361,0,0,8,4,3,8,2026-02-15 18:49:27,
es9hw7.asia,true,0.1,759,542477,0,0,8,5,1,8,2026-02-06 07:01:27,
hqxl0h.asia,true,0.1,758,519115,0,0,10,6,7,10,2026-02-09 10:42:24,
hj132g.asia,true,0.1,755,524028,0,0,8,5,1,8,2026-02-15 00:14:50,
4os828.asia,true,0.1,758,486274,0,0,6,3,3,6,2026-01-21 12:26:50,
21fifk.asia,true,0.1,764,445089,0,0,5,1,5,5,2026-02-13 20:07:42,2026-05-08 06:58:47
3bsmin.asia,true,0.1,757,537531,0,0,8,3,4,8,2026-02-15 19:19:21,
nl0cw7.asia,true,0.1,765,334487,0,0,3,3,2,3,2026-04-16 21:19:15,
7pipbx.asia,true,0.1,757,343380,0,0,6,6,3,6,2026-04-14 18:01:40,
25twxl.asia,true,0.1,759,486411,0,0,13,6,7,13,2026-02-09 05:43:10,
dkr4az.asia,true,0.1,757,446849,0,0,3,2,1,3,2026-02-22 22:43:17,
5t8dgb.asia,true,0.1,757,404283,0,0,4,1,3,4,2026-02-06 06:17:30,
8yggfd.asia,true,0.1,755,531572,0,0,10,9,1,10,2026-02-19 06:56:13,
23ogsz.asia,true,0.1,760,551551,0,0,4,3,1,4,2026-02-08 02:25:44,
e13x98.asia,true,0.1,754,591926,0,0,7,5,3,7,2026-02-19 03:31:41,
2orjyj.asia,true,0.1,757,524817,0,0,6,5,1,6,2026-03-28 04:17:15,
6bwkqx.asia,true,0.1,760,329402,0,0,2,2,0,2,2026-04-06 19:45:27,
hs6wzh.asia,true,0.1,764,495064,0,0,9,5,4,9,2026-02-16 10:37:43,
d39ubs.asia,true,0.1,758,357439,0,0,5,2,1,5,2026-03-20 23:43:41,
1i2n37.asia,true,0.1,759,522916,0,0,4,3,2,4,2026-02-21 23:57:45,
4topyp.asia,true,0.1,756,509922,0,0,12,6,3,12,2026-01-21 06:25:45,
ex68ks.asia,true,0.1,762,433854,0,0,6,2,3,6,2026-02-07 15:40:21,
6su9iz.asia,true,0.1,762,525249,0,0,5,2,1,5,2026-02-18 20:35:34,
5ftzc4.asia,true,0.1,762,581382,0,0,11,6,1,11,2026-02-10 18:47:30,
03sxjm.asia,true,0.1,758,418232,0,0,1,0,0,1,2026-03-20 11:27:38,
ay6si8.asia,true,0.1,758,522436,0,0,6,2,3,6,2026-02-16 16:54:06,
2mc2xa.asia,true,0.1,757,496011,0,0,9,6,4,9,2026-02-11 00:00:01,
m7n3gj.asia,true,0.1,765,489233,0,0,8,4,1,8,2026-02-10 05:24:12,
85qq6d.asia,true,0.1,754,596940,0,0,6,4,2,6,2026-02-19 04:26:12,
9p9uwn.asia,true,0.1,758,595732,0,0,19,13,7,19,2026-02-12 01:09:15,
1jtdm6.asia,true,0.1,760,409026,0,0,3,3,0,3,2026-04-04 10:58:43,
65rl28.asia,true,0.1,756,474557,0,0,12,8,3,12,2026-02-08 16:35:13,
5zopi2.asia,true,0.1,762,549905,0,0,11,7,2,11,2026-02-12 00:24:07,
2bbva6.asia,true,0.1,763,602937,0,0,10,2,1,10,2026-02-07 13:27:00,
7j138e.asia,true,0.1,762,577862,0,0,10,6,1,10,2026-02-12 02:40:12,
gc4u79.asia,true,0.1,759,280569,0,0,4,4,3,4,2026-04-17 09:50:58,
4883ep.asia,true,0.1,757,389117,0,0,3,1,1,3,2026-02-21 03:49:58,
6h83d8.asia,true,0.1,769,625650,0,0,3,1,1,3,2026-02-09 17:53:38,
04cdac.asia,true,0.1,755,540856,0,0,12,8,1,12,2026-02-12 06:42:05,
aj8b.info,true,0.1,1418,298355,0,0,1,1,1,1,2026-06-03 10:19:58,2026-06-17 10:25:50
44kr7g.asia,true,0.1,759,527456,0,0,6,3,1,6,2026-02-09 04:29:13,
41pncv.asia,true,0.1,755,483067,0,0,3,2,1,3,2026-02-14 17:56:16,
9id8n7.asia,true,0.1,758,544516,0,0,3,2,1,3,2026-02-21 14:13:44,
p0qquj.asia,true,0.1,763,628163,0,0,7,0,0,7,2026-02-09 19:58:14,
6c463d.asia,true,0.1,761,489864,0,0,10,6,3,10,2026-02-19 00:11:58,
8nk399.asia,true,0.1,764,398655,0,0,3,2,0,3,2026-02-26 11:43:58,
au4he7.asia,true,0.1,756,492229,0,0,4,3,1,4,2026-02-21 11:19:23,
bf2g4e.asia,true,0.1,761,477071,0,0,12,9,1,12,2026-02-09 17:26:20,
6btf83.asia,true,0.1,759,414061,0,0,3,1,1,3,2026-02-21 08:17:17,
99w56l.asia,true,0.1,758,618049,0,0,9,6,1,9,2026-02-13 13:25:59,
9b7b8m.asia,true,0.1,764,480606,0,0,5,3,3,5,2026-02-14 14:28:22,
4aumjg.asia,true,0.1,766,610527,0,0,8,2,1,8,2026-02-10 00:09:44,
6r85tr.asia,true,0.1,758,620200,0,0,18,17,4,18,2026-02-21 12:21:09,
gggu9r.asia,true,0.1,756,363958,0,0,6,4,2,6,2026-03-02 03:18:11,
a23hpq.asia,true,0.1,757,514525,0,0,11,7,4,11,2026-02-14 03:12:30,
99gwhn.asia,true,0.1,757,545365,0,0,7,3,1,7,2026-02-13 06:27:49,
bnxiv5.asia,true,0.1,764,471907,0,0,10,5,8,10,2026-02-08 19:09:26,
2yfqcy.asia,true,0.1,758,503656,0,0,8,8,0,8,2026-03-31 19:53:23,
6vp6vt.asia,true,0.1,761,392410,0,0,6,4,3,6,2026-02-24 04:31:52,
gs8dfd.asia,true,0.1,766,565690,0,0,11,7,2,11,2026-02-12 03:46:06,
2cq6hg.asia,true,0.1,759,504959,0,0,9,3,3,9,2026-02-09 01:10:58,
7vsadm.asia,true,0.1,761,569977,0,0,13,6,5,13,2026-02-15 16:38:59,
07l8j6.asia,true,0.1,762,506620,0,0,2,1,1,2,2026-02-20 01:52:03,
d1a2ub.asia,true,0.1,755,458189,0,0,7,3,4,7,2026-02-12 11:18:30,
do1nlq.asia,true,0.1,760,445816,0,0,2,0,1,2,2026-02-09 06:39:34,
0zgrui.asia,true,0.1,762,567195,0,0,3,1,0,3,2026-02-17 15:59:00,
vu5vrd.asia,true,0.1,756,314223,0,0,2,2,0,2,2026-04-17 21:24:10,
d1bqaq.asia,true,0.1,757,441930,0,0,3,1,2,3,2026-02-25 08:29:41,
eyaq2d.asia,true,0.1,757,513417,0,0,5,5,1,5,2026-04-28 18:07:28,
4x00at.asia,true,0.1,764,536970,0,0,6,3,2,6,2026-02-11 19:14:42,
39cdg8.asia,true,0.1,754,568123,0,0,8,2,3,8,2026-02-15 04:03:12,
17lbgk.asia,true,0.1,755,461277,0,0,6,3,4,6,2026-02-16 05:52:13,
4l283b.asia,true,0.1,762,458068,0,0,5,4,0,5,2026-03-17 20:07:39,
1y7qn2.asia,true,0.1,755,468390,0,0,2,2,1,2,2026-04-23 21:08:56,
ecl87i.asia,true,0.1,753,478282,0,0,8,3,2,8,2026-02-11 16:36:42,
07bbpc.asia,true,0.1,758,505622,0,0,11,7,4,11,2026-02-20 22:12:16,
crn61g.asia,true,0.1,764,548345,0,0,6,2,2,6,2026-02-12 08:36:08,
9af9xz.asia,true,0.1,756,380684,0,0,2,1,0,2,2026-03-22 19:29:24,
caf6cp.asia,true,0.1,756,491226,0,0,8,4,3,8,2026-02-14 23:13:47,
cmjjk.info,true,0.1,1414,287161,0,0,3,1,1,3,2026-03-21 08:50:59,
h3v0ef.asia,true,0.1,757,465028,0,0,10,5,6,10,2026-02-12 09:31:27,
9yemyt.info,true,0.1,1400,340402,0,0,2,2,2,2,2026-05-17 12:27:50,2026-06-20 00:14:19
7pw6z.info,true,0.1,1402,445228,0,0,10,10,4,10,2026-04-03 14:45:16,
4ep4rc.asia,true,0.1,754,515192,0,0,4,0,2,4,2026-02-18 08:42:56,
98m0.info,true,0.1,1399,295618,0,0,3,3,0,3,2026-04-03 00:23:28,
c2nr7c.asia,true,0.1,750,341069,0,0,7,4,2,7,2026-02-21 22:26:45,
detkrd.info,true,0.1,1392,303758,0,0,2,1,0,2,2026-03-17 01:17:50,
asejrg.info,true,0.1,1391,305265,0,0,3,1,2,3,2026-03-23 04:21:39,
ezmn.info,true,0.1,1397,362874,0,0,4,3,2,4,2026-03-17 00:28:42,
bnorrn.info,true,0.1,1398,441368,0,0,6,4,5,6,2026-03-25 01:43:01,
evmiqrd.info,true,0.1,1393,302058,0,0,4,4,0,4,2026-04-04 09:32:53,
by8xm.info,true,0.1,1386,335135,0,0,6,6,3,6,2026-04-03 02:56:51,
8vihjq.info,true,0.1,1398,308188,0,0,3,2,0,3,2026-03-23 17:50:37,
2kz0nz.info,true,0.1,1389,307731,0,0,2,1,1,2,2026-03-19 21:26:43,
8q8e3t.asia,true,0.1,752,274057,0,0,2,2,1,2,2026-04-04 23:05:22,
d9jtli.asia,true,0.1,748,612620,0,0,10,6,1,10,2026-02-21 15:29:16,
9kx2.info,true,0.1,1409,303050,0,0,1,1,0,1,2026-06-23 08:10:28,
hif4pq.asia,true,0.1,751,529395,0,0,4,2,2,4,2026-02-09 08:19:50,
60wy.info,true,0.1,1396,288358,0,0,1,1,0,1,2026-04-07 00:32:22,
16lb91.asia,true,0.1,754,510587,0,0,4,3,0,4,2026-03-19 09:06:41,
5xr9wi.info,true,0.1,1403,292261,0,0,2,2,1,2,2026-03-30 15:39:07,
79o909.asia,true,0.1,755,535816,0,0,4,4,0,4,2026-03-30 00:51:39,
3qgjga.asia,true,0.1,751,392253,0,0,5,2,3,5,2026-02-08 22:00:20,
9wvwhm.asia,true,0.1,757,507236,0,0,6,2,3,6,2026-02-19 16:07:47,
akux4g.asia,true,0.1,755,385790,0,0,5,5,1,5,2026-04-18 23:52:10,
4jspsg.asia,true,0.1,750,559141,0,0,9,5,3,9,2026-02-11 20:19:16,
crakq.info,true,0.1,1400,323250,0,0,3,2,0,3,2026-03-21 15:26:22,
cyuln.info,true,0.1,1399,265425,0,0,3,2,2,3,2026-03-22 06:00:31,
aiao7u.info,true,0.1,1390,303470,0,0,1,1,0,1,2026-04-25 10:47:05,
3ldmwn.info,true,0.1,1401,282079,0,0,7,4,4,7,2026-03-20 18:21:52,
evzyj.info,true,0.1,1387,304917,0,0,4,4,1,4,2026-04-08 00:04:32,
28lqw.info,true,0.1,1391,311714,0,0,2,2,0,2,2026-04-07 14:02:23,
6dfrea.asia,true,0.1,755,503139,0,0,9,6,4,9,2026-02-12 20:20:32,
dhktx.info,true,0.1,1382,250544,0,0,2,1,1,2,2026-03-22 02:43:36,
83ebfv.info,true,0.1,1397,223480,0,0,2,2,2,2,2026-04-18 14:05:52,2026-06-16 22:01:07
cf97nx.asia,true,0.1,753,270188,0,0,1,1,0,1,2026-05-05 02:16:33,
02qke.info,true,0.1,1393,297148,0,0,2,1,1,2,2026-03-25 07:39:13,
8ejvs9.asia,true,0.1,745,543765,0,0,13,11,2,13,2026-02-22 22:08:11,
aqya5v.asia,true,0.1,765,493234,0,0,12,10,1,12,2026-02-09 17:10:23,
2y0w.info,true,0.1,1396,303858,0,0,2,2,0,2,2026-04-04 08:23:45,
6i5ar0.asia,true,0.1,752,556369,0,0,7,4,2,7,2026-02-17 07:24:39,
dl9da.info,true,0.1,1394,323913,0,0,2,0,1,2,2026-03-19 12:58:55,
fclq.info,true,0.1,1394,278855,0,0,3,1,2,3,2026-03-25 18:45:58,
b8pz6.info,true,0.1,1391,283402,0,0,5,5,2,5,2026-05-15 21:14:49,
hrylbfun.xyz,true,0.1,244,421272,0,0,1,0,1,1,2025-08-01 20:13:01,2026-04-05 22:38:03
fluqx.info,true,0.1,1395,364699,0,0,3,3,0,3,2026-06-10 21:01:07,
8c8afb.asia,true,0.1,749,415834,0,0,2,1,0,2,2026-03-21 03:04:15,
2w7oa5.asia,true,0.1,752,494864,0,0,5,0,4,5,2026-02-07 11:47:29,
2qo0c1.asia,true,0.1,753,511779,0,0,2,2,0,2,2026-04-10 07:08:51,
aby4tb.asia,true,0.1,752,521712,0,0,3,1,1,3,2026-02-16 10:22:40,
2fritv.info,true,0.1,1392,357405,0,0,4,4,2,4,2026-04-10 11:35:53,
0qfzz.info,true,0.1,1394,295459,0,0,1,1,0,1,2026-04-25 11:17:57,
4ehypm.asia,true,0.1,749,454990,0,0,8,4,4,8,2026-02-15 23:57:16,
cg76ss.asia,true,0.1,750,358647,0,0,2,0,1,2,2026-02-18 13:54:56,
bev19z.info,true,0.1,1400,261661,0,0,1,1,0,1,2026-04-19 11:55:00,
61qtyn.info,true,0.1,1393,284566,0,0,1,1,1,1,2026-06-02 23:09:56,2026-06-16 23:12:13
csl39y.asia,true,0.1,746,260394,0,0,4,4,3,4,2026-04-21 06:10:55,
ckpez.info,true,0.1,1391,284538,0,0,5,4,1,5,2026-03-23 20:00:53,
f2jfs.info,true,0.1,1392,300537,0,0,3,2,1,3,2026-03-24 11:18:50,
b9xe9q.asia,true,0.1,747,519622,0,0,2,1,1,2,2026-02-22 20:47:04,
6r525z.asia,true,0.1,756,514486,0,0,9,5,3,9,2026-01-23 18:35:49,
65uws3.asia,true,0.1,752,520029,0,0,9,5,4,9,2026-02-12 06:01:14,
btejxu.info,true,0.1,1401,234341,0,0,2,2,1,2,2026-05-02 15:23:42,
69h6c.info,true,0.1,1397,305252,0,0,3,2,1,3,2026-03-23 00:45:59,
e0ciz9.asia,true,0.1,749,523384,0,0,5,3,2,5,2026-02-16 09:43:24,
fac813.asia,true,0.1,754,538006,0,0,12,8,4,12,2026-02-07 15:47:45,
3khgqo.asia,true,0.1,752,361744,0,0,6,2,3,6,2026-02-17 08:22:11,
lkjy9.info,true,0.1,1385,313255,0,0,6,6,1,6,2026-04-03 14:40:34,
3yc93e.asia,true,0.1,751,308644,0,0,5,4,2,5,2026-03-20 03:11:22,
86rlah.asia,true,0.1,746,545568,0,0,7,6,1,7,2026-02-22 09:44:03,
c84s0p.asia,true,0.1,753,330753,0,0,2,2,0,2,2026-04-15 12:45:51,
q6hiq.info,true,0.1,1394,421871,0,0,7,7,3,7,2026-03-29 13:47:25,
c4wr.info,true,0.1,1398,320659,0,0,4,3,1,4,2026-03-20 09:05:12,
2wfqmb.asia,true,0.1,748,498275,0,0,9,6,3,9,2026-02-17 07:56:07,
8qbrnm.info,true,0.1,1402,242773,0,0,3,3,2,3,2026-04-24 13:08:12,
bxgvm.info,true,0.1,1402,327097,0,0,3,2,0,3,2026-03-28 05:35:25,
6orx9l.asia,true,0.1,747,466319,0,0,6,3,2,6,2026-02-08 13:04:36,
jvjk5m.asia,true,0.1,748,577182,0,0,3,2,1,3,2026-02-09 20:35:35,
7qrl7u.info,true,0.1,1392,305265,0,0,3,1,0,3,2026-03-25 07:31:42,
4ztgtj.asia,true,0.1,761,372942,0,0,6,3,1,6,2026-02-21 14:20:05,
4kbc.info,true,0.1,1396,299444,0,0,2,2,0,2,2026-04-23 10:47:50,
347tk6.asia,true,0.1,754,385637,0,0,1,0,0,1,2026-02-08 09:15:00,
dretcq.info,true,0.1,1388,303528,0,0,2,2,0,2,2026-04-06 18:20:35,
7ihs.info,true,0.1,1389,302899,0,0,1,1,0,1,2026-03-29 19:20:30,
56xv5g.info,true,0.1,1391,208342,0,0,3,3,2,3,2026-04-30 18:48:28,
bp03jb.info,true,0.1,1401,309882,0,0,1,1,0,1,2026-04-19 13:55:53,
4nkbj.info,true,0.1,1390,331918,0,0,1,1,0,1,2026-04-21 01:50:28,
0eo57n.info,true,0.1,1390,327006,0,0,5,5,3,5,2026-05-04 06:43:04,
d07qd.info,true,0.1,1394,278504,0,0,3,3,3,3,2026-05-02 19:31:48,2026-06-22 08:55:35
213j5p.asia,true,0.1,756,535532,0,0,7,3,4,7,2026-02-10 20:42:59,
6atc.info,true,0.1,1402,238919,0,0,2,1,2,2,2026-03-19 12:28:30,2026-06-11 03:48:33
em8uno.asia,true,0.1,754,532422,0,0,8,5,0,8,2026-02-12 07:26:09,
94lcu8.asia,true,0.1,755,490229,0,0,7,5,1,7,2026-02-11 01:17:49,
02vvra.asia,true,0.1,755,311291,0,0,2,2,0,2,2026-04-23 08:15:35,
elpb.info,true,0.1,1398,191636,0,0,2,2,2,2,2026-04-19 04:39:17,2026-06-02 19:55:14
5x239g.asia,true,0.1,749,533868,0,0,8,2,2,8,2026-02-14 12:07:57,
6iycq.info,true,0.1,1401,230068,0,0,3,3,1,3,2026-04-14 01:31:40,
tnfnnq.info,true,0.1,1390,309074,0,0,6,6,1,6,2026-03-30 23:22:12,
0jl7.info,true,0.1,1392,296453,0,0,5,4,2,5,2026-03-28 19:42:31,
7efdc.info,true,0.1,1396,248397,0,0,4,4,3,4,2026-04-07 12:09:21,
cffri.info,true,0.1,1401,280108,0,0,5,3,3,5,2026-03-20 11:30:35,
ch63.info,true,0.1,1390,315575,0,0,5,5,1,5,2026-03-29 00:31:13,
ajotdc.info,true,0.1,1403,268210,0,0,3,2,2,3,2026-03-21 12:38:05,
f0wgl.info,true,0.1,1385,312142,0,0,5,5,4,5,2026-04-12 00:41:01,
df0wv9.asia,true,0.1,753,483859,0,0,11,5,7,11,2026-01-11 12:33:05,
obwv9a.asia,true,0.1,752,465907,0,0,3,1,2,3,2026-02-20 10:05:07,
7ouo8.info,true,0.1,1395,310523,0,0,5,4,0,5,2026-03-19 00:36:15,
fd3ch.info,true,0.1,1391,329176,0,0,1,1,0,1,2026-05-30 10:59:57,
a1bcif.info,true,0.1,1407,299092,0,0,4,3,0,4,2026-03-25 16:44:01,
mo46.info,true,0.1,1396,311251,0,0,2,1,1,2,2026-03-17 02:38:02,
f5ina.info,true,0.1,1389,289539,0,0,5,4,0,5,2026-03-24 21:26:43,
8f7rer.asia,true,0.1,752,475622,0,0,9,5,6,9,2026-02-09 15:23:47,
d3mb7c.asia,true,0.1,753,454060,0,0,4,2,1,4,2026-02-08 02:41:53,
bkqq.info,true,0.1,1387,296673,0,0,2,2,2,2,2026-05-16 23:42:48,2026-06-06 05:49:44
a0ncv.info,true,0.1,1399,300973,0,0,1,1,0,1,2026-03-29 14:29:54,
9ydz.info,true,0.1,1386,310524,0,0,1,1,0,1,2026-04-12 03:24:56,
3vtgje.info,true,0.1,1403,317870,0,0,2,1,1,2,2026-03-27 21:38:46,
cj2h7.info,true,0.1,1392,310607,0,0,2,2,0,2,2026-04-28 22:12:46,
8pvd.info,true,0.1,1390,329020,0,0,1,1,0,1,2026-04-12 03:23:26,
1fti.info,true,0.1,1405,298838,0,0,2,0,0,2,2026-03-20 02:22:17,
875tut.asia,true,0.1,754,516980,0,0,8,5,1,8,2026-02-08 15:54:43,
aubiy.info,true,0.1,1392,295117,0,0,4,0,4,4,2026-03-20 18:19:58,2026-04-22 11:15:52
02bqax.asia,true,0.1,746,430493,0,0,7,4,3,7,2026-02-09 01:41:52,
9ha05x.asia,true,0.1,754,489880,0,0,8,4,3,8,2026-02-20 02:08:54,
axsxx3.info,true,0.1,1395,302723,0,0,2,2,0,2,2026-04-08 04:29:51,
b5oh6a.asia,true,0.1,753,381268,0,0,8,7,2,8,2026-02-26 21:05:39,
1gtsnj.info,true,0.1,1391,277751,0,0,2,2,0,2,2026-05-06 15:03:59,
isbs2u.asia,true,0.1,753,464009,0,0,6,4,1,6,2026-02-19 05:47:39,
d91o9e.asia,true,0.1,752,394151,0,0,4,0,1,4,2026-02-08 19:15:05,
bnthq.info,true,0.1,1389,297478,0,0,1,1,1,1,2026-06-06 01:12:56,2026-06-20 01:17:12
0qle0.info,true,0.1,1388,292420,0,0,1,0,1,1,2026-03-22 00:49:42,2026-04-22 06:42:01
45eywv.asia,true,0.1,753,582377,0,0,11,7,0,11,2026-02-08 00:10:47,
grhd7w.asia,true,0.1,751,371885,0,0,1,0,1,1,2026-02-21 19:31:29,2026-04-15 02:59:26
5hh2.info,true,0.1,1401,382603,0,0,5,3,2,5,2026-03-17 22:07:56,
cave0d.info,true,0.1,1388,311135,0,0,4,3,1,4,2026-03-19 20:07:26,
br36f.info,true,0.1,1393,272641,0,0,2,2,1,2,2026-03-31 14:51:23,
3wiyv.info,true,0.1,1392,299948,0,0,3,3,0,3,2026-04-09 04:18:05,
3qay5.info,true,0.1,1396,320382,0,0,2,0,1,2,2026-03-26 12:31:24,
cx7w5.info,true,0.1,1400,306904,0,0,5,3,2,5,2026-03-21 17:42:52,
eeatwx.info,true,0.1,1399,315900,0,0,3,2,1,3,2026-03-18 17:06:33,
3egrzj.info,true,0.1,1400,298417,0,0,5,4,1,5,2026-03-17 15:53:42,
798vmj.asia,true,0.1,745,552295,0,0,12,7,4,12,2026-02-09 02:58:07,
7wwjk.info,true,0.1,1393,284514,0,0,3,2,1,3,2026-03-23 05:08:28,
2lxgxj.info,true,0.1,1392,300019,0,0,3,3,1,3,2026-04-04 10:57:54,
70lcp.info,true,0.1,1393,299598,0,0,1,1,0,1,2026-04-05 05:42:42,
evlzhv.info,true,0.1,1392,247880,0,0,2,2,1,2,2026-05-05 00:27:11,
af9jq5.asia,true,0.1,754,527086,0,0,2,2,1,2,2026-06-21 01:31:32,
ctnvf8.asia,true,0.1,747,569301,0,0,9,6,3,9,2026-02-23 00:07:02,
cqtq.info,true,0.1,1396,304552,0,0,1,1,0,1,2026-06-16 15:51:01,
2uqpsr.info,true,0.1,1397,281518,0,0,2,2,2,2,2026-03-31 08:43:22,2026-06-23 16:13:33
85t82t.asia,true,0.1,754,538033,0,0,7,6,0,7,2026-03-21 12:36:40,
4xnzxt.info,true,0.1,1389,294687,0,0,2,0,0,2,2026-03-18 06:28:11,
e7kpt.info,true,0.1,1397,368380,0,0,3,3,1,3,2026-04-03 16:18:17,
bfg4vx.info,true,0.1,1397,257113,0,0,1,1,0,1,2026-05-01 05:26:09,
ajhcc.info,true,0.1,1399,274227,0,0,1,1,0,1,2026-04-28 19:48:20,
djnka.info,true,0.1,1390,289087,0,0,3,3,0,3,2026-04-09 21:16:05,
8o8ive.info,true,0.1,1407,314357,0,0,4,2,3,4,2026-03-18 03:32:00,
1dzhi.info,true,0.1,1388,238430,0,0,3,3,3,3,2026-04-19 17:43:41,2026-05-23 12:38:29
1bybzh.info,true,0.1,1400,300101,0,0,4,2,3,4,2026-03-17 23:09:33,
atxdy.info,true,0.1,1395,296491,0,0,1,1,0,1,2026-03-31 16:35:00,
7ku159.asia,true,0.1,753,379298,0,0,6,2,3,6,2026-02-07 15:05:51,
35rvi.info,true,0.1,1388,287667,0,0,1,1,0,1,2026-05-01 17:18:01,
8l3nbi.asia,true,0.1,754,538211,0,0,9,6,4,9,2026-02-11 20:42:49,
43qos7.asia,true,0.1,751,558237,0,0,5,3,3,5,2026-02-17 01:46:13,
a7swcf.info,true,0.1,1393,281440,0,0,2,2,1,2,2026-04-08 08:25:34,
7zhj.info,true,0.1,1385,292432,0,0,1,1,0,1,2026-04-05 20:30:08,
4u92p.info,true,0.1,1382,316551,0,0,2,1,1,2,2026-03-27 06:04:37,
4sbyel.info,true,0.1,1386,313874,0,0,2,1,1,2,2026-03-27 08:38:53,
link-legion-7.xyz,true,0.1,31,0,0,0,184,184,0,0,2026-06-13 23:27:42,
7ytrq.info,true,0.1,1381,309346,0,0,3,1,2,3,2026-03-21 13:27:08,
link-legion-32.xyz,true,0.1,31,0,0,0,261,261,0,0,2026-06-13 23:56:23,
link-legion-43.xyz,true,0.1,31,0,0,0,262,262,0,0,2026-06-13 16:29:33,
cdjojb.info,true,0.1,1382,241581,0,0,3,3,3,3,2026-04-14 13:49:22,2026-05-24 13:57:23
260fmc.info,true,0.1,1387,243332,0,0,1,1,0,1,2026-04-24 23:46:30,
4lwasu.info,true,0.1,1385,289922,0,0,4,3,1,4,2026-03-17 17:51:18,
5fxj6.info,true,0.1,1389,299924,0,0,4,2,3,4,2026-03-17 22:43:06,
link-legion-40.xyz,true,0.1,31,0,0,0,264,264,0,0,2026-06-13 17:40:16,
bdhxi.info,true,0.1,1384,314255,0,0,2,2,1,2,2026-04-18 04:01:58,
link-legion-17.xyz,true,0.1,31,0,0,0,263,263,0,0,2026-06-13 20:59:12,
link-legion-35.xyz,true,0.1,31,1,0,0,142,142,0,0,2026-06-13 21:02:41,
link-legion-12.xyz,true,0.1,31,0,0,0,264,264,0,0,2026-06-13 19:31:35,
link-legion-47.xyz,true,0.1,31,1,0,0,102,102,0,0,2026-06-14 00:29:31,
elmutpn.info,true,0.1,1381,297089,0,0,4,2,0,4,2026-03-21 10:49:33,
link-legion-5.xyz,true,0.1,31,0,0,0,260,260,0,0,2026-06-13 21:20:42,
link-legion-30.xyz,true,0.1,31,0,0,0,173,173,0,0,2026-06-14 02:45:17,
94t5z.info,true,0.1,1386,303222,0,0,5,2,2,5,2026-03-17 13:02:41,
link-legion-24.xyz,true,0.1,31,1,0,0,187,187,0,0,2026-06-14 02:07:18,
link-legion-46.xyz,true,0.1,31,1,0,0,187,187,0,0,2026-06-16 23:06:33,
link-legion-50.xyz,true,0.1,31,0,0,0,262,262,0,0,2026-06-14 01:37:13,
link-legion-28.xyz,true,0.1,31,0,0,0,124,124,0,0,2026-06-13 22:57:32,
link-legion-33.xyz,true,0.1,31,0,0,0,64,64,0,0,2026-06-16 19:58:31,
link-legion-23.xyz,true,0.1,31,0,0,0,263,263,0,0,2026-06-28 19:16:30,
dkmy.info,true,0.1,1383,298951,0,0,2,1,1,2,2026-03-20 20:37:06,
link-legion-8.xyz,true,0.1,31,0,0,0,142,142,0,0,2026-06-18 05:59:44,
link-legion-19.xyz,true,0.1,31,0,0,0,260,260,0,0,2026-06-13 20:28:35,
link-legion-25.xyz,true,0.1,31,0,0,0,235,235,0,0,2026-06-13 22:13:09,
link-legion-26.xyz,true,0.1,31,0,0,0,260,260,0,0,2026-06-14 03:23:46,
f22u0.info,true,0.1,1382,312574,0,0,4,3,0,4,2026-03-24 16:10:13,
euup2a.info,true,0.1,1393,304188,0,0,7,4,2,7,2026-03-19 04:29:41,
link-legion-34.xyz,true,0.1,31,0,0,0,262,262,0,0,2026-06-17 03:38:13,
link-legion-16.xyz,true,0.1,31,0,0,0,159,159,0,0,2026-06-14 01:34:37,
link-legion-36.xyz,true,0.1,31,0,0,0,261,261,0,0,2026-06-14 03:13:17,
cfaih.info,true,0.1,1386,306791,0,0,3,3,0,3,2026-04-03 06:48:51,
a6lq5.info,true,0.1,1383,295145,0,0,3,2,1,3,2026-03-21 09:56:35,
eexpgr.info,true,0.1,1389,298951,0,0,2,1,1,2,2026-03-24 19:36:22,
link-legion-10.xyz,true,0.1,31,0,0,0,189,189,0,0,2026-06-17 00:05:10,
bw9dr.info,true,0.1,1388,315078,0,0,1,1,1,1,2026-03-31 03:44:30,2026-04-27 05:23:54
csy05.info,true,0.1,1384,304302,0,0,4,1,3,4,2026-03-20 22:02:24,
b8ybav.info,true,0.1,1382,373850,0,0,8,5,4,8,2026-03-17 10:10:37,
qbje.info,true,0.1,1388,246195,0,0,1,1,0,1,2026-04-28 07:16:22,
8oeh1.info,true,0.1,1389,289731,0,0,2,2,0,2,2026-04-06 05:35:18,
ekguz.info,true,0.1,1386,319492,0,0,2,2,0,2,2026-04-11 16:10:50,
link-legion-39.xyz,true,0.1,31,0,0,0,261,261,0,0,2026-06-16 18:04:27,
link-legion-1.xyz,true,0.1,31,1,0,0,145,145,0,0,2026-06-16 18:44:17,
link-legion-2.xyz,true,0.1,31,0,0,0,243,243,0,0,2026-06-14 04:41:54,
3jqcz.info,true,0.1,1386,299512,0,0,1,1,0,1,2026-04-21 10:06:28,
link-legion-45.xyz,true,0.1,31,0,0,0,265,265,0,0,2026-06-13 19:06:54,
link-legion-21.xyz,true,0.1,31,0,0,0,261,261,0,0,2026-06-13 17:21:06,
eqganb.info,true,0.1,1379,277364,0,0,3,1,2,3,2026-03-16 16:49:23,
95c4wv.info,true,0.1,1389,295253,0,0,3,1,2,3,2026-03-23 23:34:54,
link-legion-42.xyz,true,0.1,31,0,0,0,119,119,0,0,2026-06-16 20:02:08,
0zthq.info,true,0.1,1389,310945,0,0,6,5,3,6,2026-03-18 05:49:51,
dlgmr.info,true,0.1,1387,290668,0,0,2,2,0,2,2026-03-30 17:41:05,
link-legion-9.xyz,true,0.1,31,1,0,0,145,145,0,0,2026-06-14 00:16:56,
link-legion-13.xyz,true,0.1,31,0,0,0,262,262,0,0,2026-06-16 21:01:53,
3jgpc1.info,true,0.1,1376,315764,0,0,4,3,1,4,2026-03-21 04:02:18,
link-legion-41.xyz,true,0.1,31,0,0,0,260,260,0,0,2026-06-13 22:35:59,
9nbk53.info,true,0.1,1381,313186,0,0,4,4,1,4,2026-03-29 04:28:59,
abamxcg.info,true,0.1,1388,304972,0,0,8,4,4,8,2026-03-22 13:24:36,
ctoqdoj.info,true,0.1,1382,310197,0,0,1,0,1,1,2026-03-18 06:52:43,2026-04-10 17:46:44
avv4.info,true,0.1,1387,291655,0,0,3,3,0,3,2026-03-31 17:47:11,
b0dltw.info,true,0.1,1384,428053,0,0,2,2,1,2,2026-05-15 08:57:15,
egfyf.info,true,0.1,1387,275441,0,0,1,0,0,1,2026-03-22 13:44:53,
link-legion-6.xyz,true,0.1,31,0,0,0,262,262,0,0,2026-06-14 02:09:17,
link-legion-18.xyz,true,0.1,31,0,0,0,265,265,0,0,2026-06-13 22:02:15,
link-legion-31.xyz,true,0.1,31,0,0,0,266,266,0,0,2026-06-14 04:18:39,
link-legion-44.xyz,true,0.1,31,0,0,0,263,263,0,0,2026-06-14 07:52:59,
1a3q.info,true,0.1,1379,290975,0,0,3,3,1,3,2026-04-11 20:06:21,
link-legion-15.xyz,true,0.1,31,0,0,0,262,262,0,0,2026-06-13 23:25:31,
adze7.info,true,0.1,1386,321180,0,0,2,2,0,2,2026-04-13 03:11:29,
oip0t.info,true,0.1,1384,296204,0,0,6,5,2,6,2026-03-18 10:20:01,
poyaa.info,true,0.1,1384,303833,0,0,4,2,0,4,2026-03-27 10:24:40,
link-legion-3.xyz,true,0.1,31,0,0,0,264,264,0,0,2026-06-13 20:38:50,
6h1zyd.info,true,0.1,1375,211713,0,0,2,2,1,2,2026-04-18 15:53:52,
9ulox.info,true,0.1,1382,295158,0,0,2,2,0,2,2026-04-11 14:15:13,
link-legion-37.xyz,true,0.1,31,1,0,0,157,157,0,0,2026-06-13 19:58:06,
link-legion-20.xyz,true,0.1,31,0,0,0,261,261,0,0,2026-06-18 06:36:13,
6b1l5.info,true,0.1,1379,302161,0,0,5,2,4,5,2026-03-18 10:56:23,
link-legion-11.xyz,true,0.1,31,0,0,0,263,263,0,0,2026-06-13 22:52:27,
link-legion-49.xyz,true,0.1,31,0,0,0,262,262,0,0,2026-06-13 19:41:00,
6gq0nr.info,true,0.1,1387,254688,0,0,3,3,1,3,2026-05-15 19:32:42,
link-legion-14.xyz,true,0.1,31,0,0,0,260,260,0,0,2026-06-13 19:18:27,
f02agc.info,true,0.1,1388,314109,0,0,3,3,1,3,2026-04-13 02:20:51,
byaiyi.info,true,0.1,1384,318491,0,0,3,0,3,3,2026-03-17 05:54:44,2026-04-24 02:02:14
ffrr.info,true,0.1,1391,270370,0,0,2,0,1,2,2026-03-20 21:01:52,
lkcb.info,true,0.1,1407,307667,0,0,4,2,1,4,2026-03-22 01:10:42,
link-legion-48.xyz,true,0.1,31,0,0,0,264,264,0,0,2026-06-13 22:01:03,
link-legion-22.xyz,true,0.1,31,0,0,0,156,156,0,0,2026-06-14 03:53:15,
link-legion-38.xyz,true,0.1,31,0,0,0,217,217,0,0,2026-06-13 18:28:57,
1xf4jh.info,true,0.1,1383,331269,0,0,2,2,1,2,2026-04-28 16:55:05,
link-legion-29.xyz,true,0.1,31,0,0,0,227,227,0,0,2026-06-18 09:43:24,
link-legion-4.xyz,true,0.1,31,0,0,0,181,181,0,0,2026-06-14 01:05:06,
link-legion-27.xyz,true,0.1,31,0,0,0,262,262,0,0,2026-06-13 19:43:27,
f8xouc.info,true,0.1,1375,306084,0,0,4,2,0,4,2026-03-25 13:43:45,
cejte.info,true,0.1,1363,334125,0,0,3,3,1,3,2026-04-18 18:59:47,
144-217-180-114.xyz,true,0.1,244,195437,0,0,2,0,2,2,2025-09-14 12:05:42,2026-04-27 18:56:09
qkms.xyz,true,0.1,424,223482,0,0,1,0,1,1,2025-11-30 17:46:06,2026-05-30 01:28:46
ykeekdycf.xyz,true,0.1,333,248468,0,0,1,0,1,1,2025-12-05 04:55:15,2026-06-04 04:01:51
stirinonstop.ro,false,0.1,4,705,0,0,1,0,1,1,2020-06-17 01:32:18,2026-05-08 18:52:47
tzlmnnvu.xyz,true,0.1,27,0,0,0,1,0,1,1,2025-07-26 02:45:27,2026-03-29 11:56:27
egjqkvry.xyz,true,0.1,25,0,0,0,1,0,1,1,2025-07-27 19:10:57,2026-04-08 06:56:53
ikgtgwko.xyz,true,0.1,27,0,0,0,1,0,1,1,2025-07-28 06:42:30,2026-04-12 17:48:13
wqxaqjoo.xyz,true,0.1,28,0,0,0,4,0,4,4,2025-06-17 18:37:02,2026-04-20 23:08:36
oppz.xyz,true,0.1,847,305108,0,0,3,0,3,3,2025-12-04 18:50:09,2026-06-09 01:02:43
amkqcgmg.xyz,true,0.1,845,331947,0,0,1,0,1,1,2025-11-19 19:37:23,2026-05-19 06:39:50
fsfuqf.asia,true,0.1,633,90696,0,0,1,1,0,1,2026-05-06 09:39:08,
mostbet-wi8.xyz,true,0.1,407,308895,0,0,1,0,1,1,2025-11-28 21:05:09,2026-05-28 07:24:44
ket6dv.asia,true,0.1,631,60612,0,0,1,1,0,1,2026-05-04 19:10:07,
hnh1xd.asia,true,0.1,633,114322,0,0,1,1,0,1,2026-05-03 06:31:06,
cse10z.asia,true,0.1,631,128552,0,0,1,1,0,1,2026-06-26 19:46:30,
hh2ow0.asia,true,0.1,631,81621,0,0,1,1,0,1,2026-05-04 05:40:10,
d9yhgp.asia,true,0.1,631,151198,0,0,1,1,0,1,2026-05-06 22:21:27,
foramv.asia,true,0.1,633,92933,0,0,2,2,0,2,2026-05-06 06:12:50,
dt76la.asia,true,0.1,631,98317,0,0,1,1,0,1,2026-05-03 22:36:45,
mqdktplu.xyz,true,0.1,28,131,0,0,1,0,1,1,2025-07-22 16:55:47,2026-03-30 11:23:20
streamlinesales.de,true,0.1,11,255,0,0,5,0,5,0,2025-08-31 11:48:33,2026-04-26 02:13:28
stechservices.net,true,0.1,54,5279,0,0,4,0,1,0,2025-03-31 04:28:03,
o829ui.info,true,0.1,794,373867,0,0,5,1,1,5,2026-02-15 18:20:43,
piuz88.info,true,0.1,794,387559,0,0,1,0,0,1,2026-02-23 23:15:28,
0d48jskn9.info,true,0.1,791,451554,0,0,6,2,1,6,2026-02-17 05:44:35,
x4dk4650.info,true,0.1,793,490853,0,0,6,2,3,6,2026-02-20 09:36:20,
rirbcp.info,true,0.1,795,526328,0,0,5,1,0,5,2026-02-08 23:46:30,
xipmmtfr.info,true,0.1,796,491188,0,0,9,4,2,9,2026-02-08 21:46:32,
yphy1q.info,true,0.1,794,536390,0,0,6,2,4,6,2026-02-12 23:19:31,
wtutzb.info,true,0.1,794,436412,0,0,5,3,2,5,2026-02-07 19:13:58,
m0fg6up7a.info,true,0.1,796,308930,0,0,3,2,1,3,2026-03-21 23:22:16,
s0vk5o.info,true,0.1,799,593365,0,0,13,5,4,13,2026-02-09 18:46:27,
kzv6gpifq.info,true,0.1,795,389369,0,0,4,2,2,4,2026-02-21 11:11:03,
1bygpdq.info,true,0.1,794,512792,0,0,4,3,0,4,2026-02-09 17:36:37,
lcrmyoq.info,true,0.1,798,441354,0,0,7,4,4,7,2026-02-10 11:12:57,
intrex3is.info,true,0.1,795,542336,0,0,9,6,1,9,2026-03-24 08:49:13,
63n90q0lo.info,true,0.1,794,421619,0,0,5,1,2,5,2026-02-09 08:11:35,
6lgwhgo.info,true,0.1,789,599619,0,0,8,2,5,8,2026-02-07 12:22:04,
jss9qv.info,true,0.1,797,506400,0,0,7,4,3,7,2026-02-16 19:14:15,
sb85v1.info,true,0.1,801,490831,0,0,7,4,2,7,2026-02-26 16:51:05,
ul1jmpxvr.info,true,0.1,794,465837,0,0,11,8,5,11,2026-01-25 05:13:42,
12fcg5la.info,true,0.1,792,497307,0,0,6,5,1,6,2026-02-16 06:38:52,
n15uyv2gz.info,true,0.1,794,488147,0,0,14,10,11,14,2026-02-21 01:19:37,
zlkiepe.info,true,0.1,795,461124,0,0,6,2,4,6,2026-02-17 14:08:03,
efg95jqdg.info,true,0.1,794,376487,0,0,7,5,3,7,2026-02-25 04:20:45,
l9wiil4h3.info,true,0.1,807,514091,0,0,9,8,2,9,2026-02-27 00:25:21,
t6unz9.info,true,0.1,790,534427,0,0,5,4,0,5,2026-02-26 01:12:58,
z1sluw9nz.info,true,0.1,792,560563,0,0,9,6,3,9,2026-02-14 15:59:28,
fc52b7.info,true,0.1,797,504474,0,0,8,3,4,8,2026-02-07 14:04:12,
7zrxh7c0m.info,true,0.1,796,484245,0,0,3,3,0,3,2026-04-05 01:33:42,
gmjjw00mt.info,true,0.1,793,591894,0,0,7,7,2,7,2026-04-01 19:01:44,
7wyrj3ny2.info,true,0.1,797,384081,0,0,4,0,1,4,2026-02-10 18:32:02,
nzai3gasi.info,true,0.1,795,426619,0,0,4,4,2,4,2026-04-08 05:11:10,
lnk4tc.info,true,0.1,798,411658,0,0,1,1,0,1,2026-03-31 00:30:47,
11jvtr6zd.info,true,0.1,796,404951,0,0,2,1,1,2,2026-02-26 00:14:09,
3hlzkqe9s.info,true,0.1,794,465544,0,0,4,0,2,4,2026-02-08 15:30:50,
mtbeec.info,true,0.1,800,385023,0,0,2,0,1,2,2026-02-10 12:42:52,
l2bpun7q5.info,true,0.1,793,444952,0,0,5,4,1,5,2026-03-21 18:39:41,
qlfevxi.info,true,0.1,799,574726,0,0,4,1,1,4,2026-02-14 18:53:05,
xnphtxn.info,true,0.1,794,541515,0,0,5,5,0,5,2026-04-09 21:23:44,
43a19n.info,true,0.1,799,450345,0,0,6,4,3,6,2026-02-11 10:42:07,
9wl7ky.info,true,0.1,798,524673,0,0,4,2,1,4,2026-03-16 21:14:29,
243loh.info,true,0.1,801,573536,0,0,6,4,0,6,2026-02-07 23:29:48,
y66kcwq.info,true,0.1,796,527796,0,0,6,4,1,6,2026-02-08 22:22:15,
rv89mp6ua.info,true,0.1,793,495278,0,0,6,4,3,6,2026-02-11 06:24:44,
qgyn5t2ee.info,true,0.1,794,485580,0,0,11,9,4,11,2026-02-13 22:01:56,
ohh86g.info,true,0.1,793,507286,0,0,9,1,8,9,2026-02-12 04:39:51,
25epwj.info,true,0.1,801,371798,0,0,3,3,1,3,2026-04-02 13:43:33,
aswnfyb72.info,true,0.1,791,506246,0,0,11,5,2,11,2026-02-07 11:54:23,
h1m2t9.info,true,0.1,791,403233,0,0,1,1,0,1,2026-05-04 17:27:59,
ffv5l10.info,true,0.1,791,442564,0,0,1,0,0,1,2026-02-25 03:59:02,
78ej63bzu.info,true,0.1,799,535134,0,0,9,7,3,9,2026-02-18 23:33:30,
mie2xs.info,true,0.1,796,361293,0,0,2,2,1,2,2026-05-14 18:47:23,
dfx185bn6.info,true,0.1,797,421730,0,0,6,5,3,6,2026-02-10 20:27:04,
p1h0qb0.info,true,0.1,801,445325,0,0,4,2,3,4,2026-02-19 07:56:01,
q4xlmw.info,true,0.1,796,492084,0,0,5,3,3,5,2026-02-12 01:37:34,
gw266d.info,true,0.1,797,468593,0,0,3,2,0,3,2026-03-22 18:39:48,
zj6x486x8.info,true,0.1,796,450700,0,0,5,4,1,5,2026-01-10 23:47:44,
uclt5y.info,true,0.1,793,251083,0,0,2,2,1,2,2026-04-23 08:32:56,
r3v5r1dac.info,true,0.1,800,356942,0,0,4,2,1,4,2026-03-17 07:49:00,
0c6peylfj.info,true,0.1,795,329104,0,0,3,2,0,3,2026-02-07 13:00:44,
x9lvotgow.info,true,0.1,794,442676,0,0,3,1,2,3,2026-01-14 00:33:02,
rnvkcll.info,true,0.1,794,575124,0,0,9,4,1,9,2026-02-15 01:54:26,
ct3pd0mdv.info,true,0.1,790,476618,0,0,3,1,1,3,2026-02-25 01:46:20,
nzymlyk.info,true,0.1,797,472461,0,0,6,3,1,6,2026-02-16 21:04:01,
sky6xw.info,true,0.1,796,536747,0,0,11,5,7,11,2026-02-09 22:20:43,
i1hudlpjt.info,true,0.1,792,380971,0,0,4,2,1,4,2026-02-15 13:44:33,
ce2d50qvw.info,true,0.1,795,542344,0,0,6,4,0,6,2026-02-25 13:23:09,
kqfokgcbh.info,true,0.1,791,412013,0,0,4,2,1,4,2026-02-26 04:56:44,
69azq5.info,true,0.1,794,331821,0,0,3,2,2,3,2026-03-18 02:09:47,
r8oiub.info,true,0.1,799,523797,0,0,6,2,4,6,2025-12-31 18:37:09,
rx6fjpuhs.info,true,0.1,789,518425,0,0,6,5,5,6,2026-02-26 02:52:23,
vj2in1h0.info,true,0.1,792,482039,0,0,8,7,1,8,2026-02-12 10:49:15,
wioqxp.info,true,0.1,797,420198,0,0,5,3,1,5,2026-02-13 17:53:14,
bexlne5zp.info,true,0.1,799,352934,0,0,2,2,1,2,2026-04-20 19:45:38,
4kf6wph9.info,true,0.1,795,497638,0,0,4,3,1,4,2026-02-23 03:56:36,
2eady8.info,true,0.1,801,535036,0,0,8,4,2,8,2026-02-15 10:51:58,
zyyxkkd.info,true,0.1,791,284249,0,0,5,4,4,5,2026-03-18 14:44:52,
mtj012.info,true,0.1,802,469492,0,0,4,4,0,4,2026-05-02 14:22:23,
zadzmnr6.info,true,0.1,793,447854,0,0,6,1,6,6,2026-02-10 14:48:31,2026-05-16 18:27:23
xugsrri.info,true,0.1,794,503618,0,0,7,4,1,7,2026-01-09 22:34:11,
yzvloi.info,true,0.1,791,314297,0,0,4,4,2,4,2026-04-03 14:44:21,
dvfsrjohe.info,true,0.1,791,407744,0,0,12,5,3,12,2026-02-09 05:59:59,
12qjdv8n3.info,true,0.1,796,489457,0,0,10,7,2,10,2026-02-14 16:17:05,
xhcmhyr.info,true,0.1,798,497889,0,0,8,3,4,8,2026-02-14 23:31:49,
h4kjmt.info,true,0.1,794,337049,0,0,1,1,0,1,2026-04-03 00:03:22,
vylsn6t.info,true,0.1,794,456621,0,0,5,1,1,5,2026-02-09 18:19:39,
evbm19.info,true,0.1,799,468581,0,0,5,2,3,5,2026-02-14 13:58:18,
gdmouni.info,true,0.1,796,502299,0,0,5,3,1,5,2026-02-19 22:08:05,
gnu61u1f1.info,true,0.1,796,486736,0,0,6,5,2,6,2026-02-12 19:46:31,
xgmi52.info,true,0.1,798,460136,0,0,3,1,1,3,2026-02-26 08:41:35,
e4plwh6fa.info,true,0.1,793,299028,0,0,1,0,1,1,2026-02-21 19:17:36,2026-04-13 12:44:04
varoaz.info,true,0.1,792,393686,0,0,3,1,2,3,2026-02-15 17:16:18,
4hb5fc47z.info,true,0.1,795,494876,0,0,7,4,3,7,2026-02-09 10:40:16,
gvbwskz.info,true,0.1,791,486766,0,0,8,5,2,8,2026-02-11 20:31:25,
cjrscqh.info,true,0.1,789,575026,0,0,5,3,0,5,2026-02-19 10:34:16,
xle6k0sbl.info,true,0.1,797,465037,0,0,9,7,3,9,2026-02-16 02:50:46,
ssjlegp.info,true,0.1,792,419560,0,0,5,2,1,5,2026-02-28 16:17:39,
3a977kjm.info,true,0.1,791,490126,0,0,4,3,0,4,2026-02-14 06:48:25,
czkgocp.info,true,0.1,793,289764,0,0,3,3,1,3,2026-04-19 11:30:20,
jqef0z4yg.info,true,0.1,796,537803,0,0,5,2,1,5,2026-02-09 23:06:33,
gelxcxy.info,true,0.1,793,538317,0,0,3,2,1,3,2026-02-19 08:22:15,
9xfe6u92r.info,true,0.1,797,444059,0,0,4,2,1,4,2026-03-20 05:39:14,
y3sl19.info,true,0.1,799,547239,0,0,6,3,3,6,2026-02-08 04:40:34,
salwgewt.info,true,0.1,791,443554,0,0,13,6,8,13,2026-02-12 15:24:24,
pj8cz6.info,true,0.1,794,457634,0,0,10,4,6,10,2026-02-12 07:25:15,
5skw60.info,true,0.1,793,529703,0,0,9,8,1,9,2026-02-20 08:49:11,
lyh5mo.info,true,0.1,797,492595,0,0,5,2,2,5,2026-02-15 01:36:40,
fhjrjld75.info,true,0.1,794,512323,0,0,9,3,3,9,2026-02-07 09:02:35,
bwumsct.info,true,0.1,793,511964,0,0,7,3,3,7,2026-02-21 23:20:26,
2zlgbfhi8.info,true,0.1,792,562357,0,0,10,7,2,10,2026-02-10 05:04:07,
kqax7a.info,true,0.1,795,358793,0,0,5,4,1,5,2026-03-21 01:26:58,
x2p6zyg96.info,true,0.1,800,506126,0,0,11,5,8,11,2026-01-21 23:45:52,
pxxga5fgy.info,true,0.1,798,497211,0,0,10,7,3,10,2026-03-17 08:18:52,
1bo9k4.info,true,0.1,791,408150,0,0,1,0,1,1,2026-02-21 15:09:49,2026-04-15 16:17:50
jnsz3385.info,true,0.1,799,576996,0,0,12,5,2,12,2026-02-13 12:53:20,
emlnrvk.info,true,0.1,797,367157,0,0,3,3,2,3,2026-04-15 20:26:24,
hgmyzy.info,true,0.1,797,605645,0,0,7,7,2,7,2026-04-13 18:26:50,
7h5twf.info,true,0.1,801,472915,0,0,3,3,0,3,2026-04-17 23:12:12,
wzwzk0sc.info,true,0.1,796,552001,0,0,6,6,0,6,2026-03-30 16:36:03,
ncfq3u.info,true,0.1,794,585694,0,0,8,4,3,8,2026-01-24 02:24:40,
hsrdhtf.info,true,0.1,793,506072,0,0,8,3,4,8,2026-02-08 07:14:42,
w2i1opgx1.info,true,0.1,795,581058,0,0,4,2,1,4,2026-02-19 11:01:37,
3p3t476j3.info,true,0.1,796,466440,0,0,3,2,0,3,2026-03-26 14:03:21,
h6wdf7.info,true,0.1,800,405238,0,0,5,2,3,5,2026-02-08 16:28:34,
3tvwt2fqr.info,true,0.1,799,520570,0,0,3,3,0,3,2026-03-29 13:48:49,
xzj33g.info,true,0.1,793,547574,0,0,8,4,2,8,2026-02-09 04:34:44,
ydooais.info,true,0.1,799,519230,0,0,6,4,4,6,2026-02-12 03:23:22,
qrsddqe.info,true,0.1,797,468400,0,0,2,1,2,2,2026-02-13 13:31:59,2026-05-17 21:11:35
ynw69sksu.info,true,0.1,791,514913,0,0,9,3,1,9,2026-02-09 04:39:35,
2za4gn.info,true,0.1,795,464107,0,0,5,3,2,5,2026-01-12 16:51:33,
zdlmypb.info,true,0.1,795,504831,0,0,3,2,2,3,2026-02-19 22:57:48,
xjgmros.info,true,0.1,803,528935,0,0,4,1,3,4,2026-01-20 02:20:28,
i2eo1e0px.info,true,0.1,797,477739,0,0,9,5,5,9,2026-02-08 18:48:24,
yjuvamm.info,true,0.1,798,455455,0,0,3,0,2,3,2026-02-12 09:46:40,
9jvv8n.info,true,0.1,797,525227,0,0,11,6,4,11,2026-02-09 10:46:57,
dzqtlurg7.info,true,0.1,794,528765,0,0,9,6,1,9,2026-03-18 01:44:52,
ol002f.info,true,0.1,801,488700,0,0,9,6,3,9,2026-02-19 22:47:50,
2zk4yc.info,true,0.1,798,494502,0,0,4,4,0,4,2026-04-15 15:56:29,
wbhxnzb.info,true,0.1,792,514565,0,0,7,4,2,7,2026-02-20 21:40:19,
hk90gbr3p.info,true,0.1,797,386384,0,0,7,5,1,7,2026-02-14 19:56:41,
a3666k.info,true,0.1,794,442514,0,0,4,4,3,4,2026-04-15 10:16:37,
cphjsdv.info,true,0.1,802,536924,0,0,8,2,3,8,2026-01-20 14:12:44,
ke3nrma.info,true,0.1,799,490553,0,0,9,3,4,9,2026-02-10 02:00:06,
hfkhvwp0s.info,true,0.1,800,316757,0,0,2,2,0,2,2026-04-14 23:02:28,
ivhhtxj.info,true,0.1,794,465716,0,0,15,5,8,15,2026-02-09 15:24:03,
5th88s.info,true,0.1,798,563177,0,0,7,4,1,7,2026-02-15 03:23:46,
j3u3tb.info,true,0.1,789,525686,0,0,4,3,1,4,2026-02-10 16:27:14,
ufck2v.info,true,0.1,796,466781,0,0,2,2,0,2,2026-04-09 11:00:11,
zyipdx.info,true,0.1,803,558687,0,0,7,3,3,7,2026-02-27 11:39:28,
c7jt2qk.info,true,0.1,795,338035,0,0,3,2,3,3,2026-03-17 12:48:17,2026-06-23 18:37:19
8253qa679.info,true,0.1,799,515561,0,0,4,2,2,4,2026-02-17 11:48:49,
9pcm4ydko.info,true,0.1,796,450255,0,0,8,5,5,8,2026-02-09 02:41:09,
2gbiq6fei.info,true,0.1,795,510528,0,0,7,4,2,7,2026-02-15 03:54:51,
ukrygg.info,true,0.1,792,524306,0,0,6,3,1,6,2026-01-20 11:52:08,
pphazel8.info,true,0.1,795,563493,0,0,4,2,0,4,2026-02-12 19:29:16,
xq4uk3tw0.info,true,0.1,796,547144,0,0,11,7,4,11,2026-02-20 07:11:03,
ys44bvv0i.info,true,0.1,797,486581,0,0,6,1,4,6,2026-02-10 21:05:52,
ulb5h4.info,true,0.1,792,424698,0,0,3,1,1,3,2026-02-11 22:23:07,
drrvdir.info,true,0.1,801,564487,0,0,11,7,4,11,2026-02-16 16:46:39,
osdyrcl.info,true,0.1,791,510117,0,0,5,3,3,5,2026-02-14 21:26:04,
boqtojk.info,true,0.1,792,486718,0,0,4,4,3,4,2026-04-02 23:56:18,
papf2annr.info,true,0.1,796,535409,0,0,10,7,2,10,2026-02-08 17:45:01,
s642dk5g.info,true,0.1,789,518487,0,0,3,2,0,3,2026-02-09 23:41:55,
f0c9wth0.info,true,0.1,801,377153,0,0,4,0,3,4,2026-02-08 08:31:34,
awgelap.xyz,true,0.1,383,144492,0,0,2,0,2,2,2025-11-27 23:36:28,2026-05-28 04:02:03
b7o1iw.info,true,0.1,797,331102,0,0,2,1,1,2,2026-02-21 09:55:27,
tlktqyi.info,true,0.1,802,493349,0,0,8,4,3,8,2026-02-11 00:45:43,
agtlbgsra.info,true,0.1,800,503132,0,0,8,2,3,8,2026-02-07 23:04:06,
89s3o1.info,true,0.1,796,380255,0,0,6,3,1,6,2026-02-14 04:50:27,
vgzi56i.info,true,0.1,796,541427,0,0,5,2,2,5,2026-02-18 08:57:43,
ypkvao.info,true,0.1,794,355808,0,0,3,1,0,3,2026-03-17 13:42:46,
tfz0cb.info,true,0.1,798,501500,0,0,8,5,1,8,2026-02-07 14:35:06,
4ayf9vcgj.info,true,0.1,794,547277,0,0,13,5,3,13,2026-02-12 14:35:33,
fcex8f.info,true,0.1,802,373180,0,0,6,2,1,6,2026-02-17 10:53:06,
dn4tj1.info,true,0.1,795,421659,0,0,6,1,5,6,2026-02-13 06:52:12,
ftyqrhou0.info,true,0.1,791,514677,0,0,8,6,4,8,2026-02-14 15:44:25,
qoi46bztw.info,true,0.1,801,335617,0,0,4,4,0,4,2026-04-15 05:20:32,
lmabjuj.info,true,0.1,800,505637,0,0,6,1,3,6,2026-01-18 22:52:58,
rijnvto.info,true,0.1,798,393651,0,0,4,2,1,4,2026-02-10 15:18:39,
5n7a64.info,true,0.1,796,333091,0,0,2,1,2,2,2026-02-20 14:26:42,2026-05-07 20:37:25
dh7fgyy0.info,true,0.1,795,373330,0,0,3,3,1,3,2026-04-22 13:32:44,
5apmvh.info,true,0.1,803,391080,0,0,5,2,2,5,2026-02-11 02:52:13,
aux8uw.info,true,0.1,793,462066,0,0,9,5,6,9,2026-02-12 21:12:59,
4haq66dl.info,true,0.1,796,554777,0,0,13,9,7,13,2026-02-08 00:24:57,
2uw4egvwd.info,true,0.1,794,548267,0,0,3,2,0,3,2026-02-23 02:27:11,
zktur928.info,true,0.1,793,326247,0,0,2,0,1,2,2026-02-23 18:44:10,
348xhe.info,true,0.1,799,464116,0,0,7,1,2,7,2026-02-19 07:45:23,
tek13j7h8.info,true,0.1,793,384735,0,0,2,2,1,2,2026-04-21 05:28:50,
neoc7y.info,true,0.1,795,490344,0,0,4,1,1,4,2026-02-14 17:48:41,
6kv5r2.info,true,0.1,796,551539,0,0,10,6,4,10,2026-02-07 12:44:44,
e5of9a.info,true,0.1,800,480274,0,0,10,1,7,10,2026-01-13 07:30:46,
cwnabgy.info,true,0.1,800,579059,0,0,6,2,2,6,2026-02-09 06:20:59,
o7xdqy.info,true,0.1,795,440921,0,0,5,3,2,5,2026-02-20 23:55:55,
cyvdpimbk.info,true,0.1,796,438605,0,0,7,3,4,7,2026-02-09 15:42:07,
v7ww7krhb.info,true,0.1,795,478129,0,0,4,1,3,4,2026-02-12 00:54:11,
4vaz1w.info,true,0.1,797,601502,0,0,6,3,1,6,2026-02-17 00:09:12,
seg4jfgow.info,true,0.1,796,471783,0,0,6,3,4,6,2026-02-11 05:49:13,
np75wl.info,true,0.1,800,485159,0,0,5,4,1,5,2026-02-21 18:35:23,
sow5rut.info,true,0.1,796,463464,0,0,8,3,3,8,2026-02-13 05:16:47,
donarqd.info,true,0.1,795,454499,0,0,5,2,0,5,2026-02-16 10:35:00,
nqfrz27h.info,true,0.1,798,469506,0,0,7,4,4,7,2026-02-10 10:37:41,
8hzzqe.info,true,0.1,801,525775,0,0,6,3,3,6,2026-02-21 17:50:50,
gegqwh4x9.info,true,0.1,798,478593,0,0,5,3,3,5,2026-02-15 03:47:34,
ooqyovi.info,true,0.1,796,585628,0,0,7,5,0,7,2026-02-09 13:15:19,
kcwqa5.info,true,0.1,801,488373,0,0,3,0,3,3,2026-02-19 22:26:27,2026-05-09 15:44:55
ayyxypo.info,true,0.1,799,582821,0,0,5,4,1,5,2026-03-19 00:11:29,
8kp867.info,true,0.1,794,611160,0,0,10,4,5,10,2026-02-07 20:46:50,
eskywook.info,true,0.1,796,563049,0,0,6,3,2,6,2026-02-08 18:45:21,
1f0e64.info,true,0.1,796,365509,0,0,7,1,4,7,2026-02-17 01:25:00,
wasvxjc.info,true,0.1,804,403642,0,0,5,4,1,5,2026-02-19 07:36:00,
rcil44.info,true,0.1,792,495503,0,0,13,8,4,13,2026-01-22 04:52:35,
dopbyji.info,true,0.1,796,505823,0,0,4,4,1,4,2026-04-02 02:57:53,
n70r27.info,true,0.1,797,573130,0,0,2,1,0,2,2026-02-27 14:08:35,
hylidt.info,true,0.1,796,330265,0,0,1,1,0,1,2026-05-05 21:54:35,
29m1i30mb.info,true,0.1,794,377502,0,0,1,1,0,1,2026-04-28 14:36:14,
pzoudoe.info,true,0.1,791,533265,0,0,5,0,4,5,2026-02-08 22:47:07,
ikuxx7.info,true,0.1,790,555900,0,0,10,6,4,10,2026-02-21 05:43:26,
iw7mkr.info,true,0.1,795,574034,0,0,10,1,1,10,2026-02-07 15:45:25,
ivvm6msnz.info,true,0.1,792,489981,0,0,4,1,3,4,2026-02-10 20:59:11,
sv2f2u.info,true,0.1,794,492136,0,0,6,6,3,6,2026-03-31 09:43:36,
ptdc9vaba.info,true,0.1,794,579514,0,0,3,0,0,3,2026-02-14 18:25:26,
bwr7wii6i.info,true,0.1,794,470545,0,0,16,15,11,16,2026-02-18 23:31:01,
ozw3ngu1.info,true,0.1,792,360630,0,0,5,3,1,5,2026-02-13 07:35:40,
1sk20.asia,true,0.1,674,307494,0,0,3,3,0,3,2026-04-19 23:13:25,
helenbendis101.xyz,true,0.1,411,179293,0,0,1,0,1,1,2025-11-17 00:43:00,2026-05-17 01:37:30
ofpb4y.info,true,0.1,674,345501,0,0,7,7,1,7,2026-04-12 04:06:01,
pkywlbf.info,true,0.1,674,296262,0,0,3,3,0,3,2026-04-20 07:50:16,
xubwgu.info,true,0.1,674,338401,0,0,3,3,0,3,2026-04-23 21:12:57,
hltlghs.info,true,0.1,674,344549,0,0,1,1,0,1,2026-04-30 22:23:19,
z1hsbn.asia,true,0.1,672,172057,0,0,1,1,0,1,2026-05-04 01:38:23,
1ihw7c.info,true,0.1,672,262872,0,0,1,1,0,1,2026-04-17 14:07:38,
hsrrfrr.info,true,0.1,674,127128,0,0,1,1,0,1,2026-06-24 04:27:09,
xrohzkl.info,true,0.1,672,36281,0,0,1,1,0,1,2026-06-26 16:26:45,
ewdydyr.info,true,0.1,672,247718,0,0,1,1,0,1,2026-04-17 19:49:50,
lsachiv.info,true,0.1,672,248213,0,0,2,2,0,2,2026-04-20 17:52:05,
zcutun.asia,true,0.1,672,197562,0,0,1,1,1,1,2026-05-07 10:16:49,2026-05-21 11:22:59
rre88trws17.info,true,0.1,672,343906,0,0,6,6,0,6,2026-04-08 00:50:33,
1s120.asia,true,0.1,672,243817,0,0,1,1,0,1,2026-04-23 06:50:18,
thsif4.asia,true,0.1,672,190330,0,0,1,1,0,1,2026-05-04 21:42:16,
w1wshx.asia,true,0.1,672,120098,0,0,1,1,0,1,2026-05-06 02:36:00,
zzhv8o.info,true,0.1,672,154218,0,0,1,1,0,1,2026-06-26 04:59:39,
osqsqhu.info,true,0.1,672,260307,0,0,2,2,0,2,2026-04-17 01:26:49,
vlod67.asia,true,0.1,672,153271,0,0,2,2,0,2,2026-05-06 20:59:38,
efm7ho.info,true,0.1,672,291625,0,0,2,2,1,2,2026-04-10 00:07:10,
whtxy.info,true,0.1,672,263192,0,0,1,1,1,1,2026-05-31 19:40:37,2026-06-14 21:13:05
aopevkc.info,true,0.1,672,328798,0,0,4,4,0,4,2026-04-27 20:27:19,
lhnenu.asia,true,0.1,672,180043,0,0,1,1,0,1,2026-05-04 18:52:43,
x7wvt2.asia,true,0.1,674,135294,0,0,1,1,0,1,2026-05-06 03:23:23,
pygw0h.info,true,0.1,672,343391,0,0,2,2,0,2,2026-04-20 20:19:38,
1edwau.info,true,0.1,673,304837,0,0,1,1,0,1,2026-04-27 08:24:17,
1jg20.asia,true,0.1,672,88664,0,0,1,1,0,1,2026-05-24 18:02:55,
888hc2.info,true,0.1,672,285439,0,0,2,2,0,2,2026-04-19 03:34:06,
cjup0g.info,true,0.1,672,97515,0,0,1,1,0,1,2026-04-27 13:16:56,
ejsk15uuwt8.pro,true,0.1,672,348041,0,0,2,2,0,2,2026-04-25 16:00:35,
vrpb3r.asia,true,0.1,672,153722,0,0,2,2,0,2,2026-05-05 05:51:55,
tqrjopc.info,true,0.1,672,242175,0,0,2,2,1,2,2026-04-11 11:59:07,
yjotoz.asia,true,0.1,672,192195,0,0,1,1,0,1,2026-05-06 21:48:45,
mthmlqi.info,true,0.1,672,181653,0,0,1,1,0,1,2026-06-20 15:22:39,
qmavi1.info,true,0.1,672,331086,0,0,2,2,0,2,2026-04-23 04:18:11,
vusatzk.info,true,0.1,672,180378,0,0,1,1,0,1,2026-06-20 22:50:42,
unfld4.asia,true,0.1,672,138548,0,0,1,1,0,1,2026-05-06 05:30:16,
td1wyi.asia,true,0.1,672,160695,0,0,1,1,0,1,2026-05-04 15:36:30,
xvzxuln.info,true,0.1,672,70613,0,0,1,1,1,1,2026-06-14 05:20:17,2026-06-28 19:06:55
pmztqy.asia,true,0.1,674,189529,0,0,1,1,0,1,2026-05-03 17:46:56,
qvqvygv.info,true,0.1,672,348461,0,0,3,3,1,3,2026-04-19 04:43:40,
lwxdomc.info,true,0.1,672,255090,0,0,1,1,0,1,2026-04-20 15:31:27,
f36fix.info,true,0.1,672,199204,0,0,1,1,1,1,2026-06-04 00:14:18,2026-06-18 00:01:42
rrb2n1.asia,true,0.1,672,173544,0,0,1,1,0,1,2026-05-04 05:40:35,
xhiohiw.info,true,0.1,672,130285,0,0,1,1,0,1,2026-04-26 03:14:19,
hgbxsck.info,true,0.1,672,248810,0,0,1,1,0,1,2026-04-21 05:30:59,
grpxcdh.info,true,0.1,672,137261,0,0,1,1,0,1,2026-06-17 21:58:15,
udsfuhsd8guwje18.info,true,0.1,672,302077,0,0,1,1,0,1,2026-04-21 11:27:55,
togsylc.info,true,0.1,672,249092,0,0,1,1,0,1,2026-04-24 00:32:52,
uaheplj.info,true,0.1,672,330088,0,0,3,3,2,3,2026-04-12 02:17:22,
tnb7ga.asia,true,0.1,672,182402,0,0,1,1,0,1,2026-05-02 16:58:38,
jtljz6.info,true,0.1,672,294920,0,0,1,1,0,1,2026-04-27 03:39:21,
xhvkzw.info,true,0.1,672,263784,0,0,3,3,1,3,2026-04-12 15:18:35,
q3bbpj.info,true,0.1,672,327926,0,0,2,2,0,2,2026-04-25 05:29:07,
5ptgyc.info,true,0.1,672,156139,0,0,1,1,1,1,2026-05-23 22:30:27,2026-06-23 11:30:45
uttlvv.asia,true,0.1,674,124513,0,0,1,1,0,1,2026-06-14 20:13:44,
hokxots.info,true,0.1,672,315003,0,0,1,1,0,1,2026-05-05 01:43:12,
vgykjwi.info,true,0.1,672,303431,0,0,2,2,1,2,2026-05-01 23:10:16,
rre88trws5.info,true,0.1,672,328573,0,0,4,4,0,4,2026-04-13 13:10:38,
qbaonzm.info,true,0.1,672,341140,0,0,2,2,0,2,2026-04-19 12:44:02,
zd2l8s.info,true,0.1,674,208298,0,0,2,2,1,2,2026-04-12 02:51:42,
vubpie.asia,true,0.1,672,99326,0,0,1,1,0,1,2026-05-21 09:47:47,
ejsk15uuwt7.pro,true,0.1,672,259472,0,0,1,1,0,1,2026-04-28 02:50:02,
zxyx3u.asia,true,0.1,674,92797,0,0,1,1,0,1,2026-05-04 20:03:14,
rre88trws16.info,true,0.1,673,146624,0,0,1,1,0,1,2026-06-18 20:24:51,
ppkrgi.asia,true,0.1,672,204497,0,0,2,2,0,2,2026-05-02 13:01:54,
oxygush.info,true,0.1,672,178928,0,0,1,1,1,1,2026-06-05 19:27:18,2026-06-19 19:36:28
swozbix.info,true,0.1,672,269394,0,0,1,1,0,1,2026-04-21 15:21:46,
r3xihc.info,true,0.1,672,154677,0,0,1,1,0,1,2026-04-26 14:08:55,
g2qe80.info,true,0.1,672,312547,0,0,2,2,0,2,2026-04-26 06:19:28,
rftmdde.info,true,0.1,672,152854,0,0,1,1,0,1,2026-04-23 21:19:50,
nibsuj.asia,true,0.1,672,150751,0,0,1,1,1,1,2026-06-06 01:31:01,2026-06-20 01:43:59
ydh88wt18.info,true,0.1,672,335019,0,0,2,2,0,2,2026-04-17 06:11:46,
666whc8.info,true,0.1,673,145472,0,0,1,1,0,1,2026-06-15 22:10:56,
ersxiiz.info,true,0.1,672,288502,0,0,1,1,0,1,2026-04-26 06:46:24,
666whc10.info,true,0.1,673,159303,0,0,1,1,1,1,2026-05-23 01:52:53,2026-06-06 02:10:47
tdmgsr.asia,true,0.1,672,146647,0,0,1,1,0,1,2026-05-05 05:31:34,
1nm20.asia,true,0.1,672,339826,0,0,3,3,1,3,2026-04-06 04:00:07,
fgxzvge.info,true,0.1,674,136837,0,0,1,1,1,1,2026-06-07 22:19:26,2026-06-21 22:07:05
k80kml.info,true,0.1,672,320757,0,0,2,2,0,2,2026-04-29 22:03:29,
nwwvtk.asia,true,0.1,672,175456,0,0,1,1,1,1,2026-06-05 17:22:25,2026-06-19 17:19:11
wiamnr.asia,true,0.1,672,168884,0,0,2,2,0,2,2026-05-02 20:13:16,
xhocxp.asia,true,0.1,672,107986,0,0,2,2,0,2,2026-05-04 09:56:25,
lmrfzio.info,true,0.1,672,342721,0,0,3,3,0,3,2026-04-26 23:02:17,
mcbmaf.asia,true,0.1,672,140994,0,0,2,2,0,2,2026-05-05 15:16:26,
xmar5c.asia,true,0.1,672,174705,0,0,1,1,0,1,2026-05-03 08:24:16,
duajkwl.info,true,0.1,672,320987,0,0,2,2,0,2,2026-04-24 09:05:53,
zcltrjz.info,true,0.1,672,332443,0,0,5,5,1,5,2026-04-11 21:17:15,
wymofi.asia,true,0.1,672,147877,0,0,1,1,0,1,2026-05-06 19:57:26,
igredch.info,true,0.1,672,332278,0,0,4,4,1,4,2026-04-17 12:21:01,
nkshma.asia,true,0.1,672,137611,0,0,1,1,1,1,2026-06-12 01:11:00,2026-06-26 01:13:15
ufwuxq.asia,true,0.1,672,170743,0,0,2,2,0,2,2026-05-03 09:18:53,
xsdtemq.info,true,0.1,672,99983,0,0,1,1,1,1,2026-06-06 17:38:28,2026-06-21 04:44:13
888wt2.info,true,0.1,673,364905,0,0,1,1,0,1,2026-04-12 17:10:53,
pjj2hi.asia,true,0.1,674,100840,0,0,1,1,0,1,2026-05-04 21:52:44,
v4rimw.asia,true,0.1,672,155195,0,0,1,1,1,1,2026-06-02 21:19:16,2026-06-24 09:36:05
spsvoz.asia,true,0.1,672,157297,0,0,1,1,0,1,2026-05-05 07:53:01,
hdx8p2.info,true,0.1,672,116718,0,0,2,2,0,2,2026-05-04 03:05:45,
rttrws11.info,true,0.1,672,224285,0,0,1,1,0,1,2026-05-28 02:05:38,
o1sfbi.info,true,0.1,672,236458,0,0,2,2,0,2,2026-04-19 07:43:04,
uqfxeq.asia,true,0.1,672,170658,0,0,1,1,0,1,2026-05-02 16:15:43,
zr9mfj.asia,true,0.1,672,148251,0,0,1,1,1,1,2026-05-07 07:40:57,2026-05-21 11:26:53
cksasen.info,true,0.1,672,212856,0,0,2,2,1,2,2026-04-25 09:04:39,
jxqzld.asia,true,0.1,674,162408,0,0,1,1,0,1,2026-05-05 04:48:39,
l20det.info,true,0.1,672,173669,0,0,1,1,0,1,2026-06-28 20:57:40,
mkbntbw.info,true,0.1,674,165254,0,0,3,3,0,3,2026-04-23 07:04:11,
ueid15jwhc8.pro,true,0.1,674,77259,0,0,1,1,0,1,2026-05-30 03:54:47,
xezlxot.info,true,0.1,672,315970,0,0,1,1,0,1,2026-04-17 19:51:45,
lpvqtkq.info,true,0.1,672,289144,0,0,3,3,0,3,2026-04-13 21:01:51,
nalypz.asia,true,0.1,672,191643,0,0,1,1,0,1,2026-05-05 23:36:10,
ksponde.info,true,0.1,672,314225,0,0,3,3,0,3,2026-04-28 22:41:20,
snkbtia.info,true,0.1,672,186992,0,0,3,3,0,3,2026-04-20 13:28:43,
zapgrupos.xyz,true,0.1,379,324325,0,0,1,0,1,1,2025-12-15 03:27:43,2026-06-14 02:50:57
sports-all4k.xyz,true,0.1,381,293451,0,0,1,0,1,1,2025-11-20 01:18:09,2026-05-20 03:10:37
electroshemi1.xyz,true,0.1,407,298427,0,0,1,0,1,1,2025-12-15 21:39:16,2026-06-14 03:33:07
oh6132v.xyz,true,0.1,408,206526,0,0,1,0,1,1,2025-12-13 19:09:29,2026-06-12 06:04:36
seo-anomaly-longtail-2.xyz,true,0.1,18,61,0,0,7,7,0,0,2026-05-24 22:59:01,
seo-anomaly-schema-2.xyz,true,0.1,18,127,0,0,10,10,0,0,2026-05-24 09:19:50,
seo-anomaly-canonical-1.xyz,true,0.1,18,80,0,0,299,299,0,0,2026-05-24 20:32:07,
seo-anomaly-pingback-1.xyz,true,0.1,18,62,0,0,7,7,0,0,2026-05-25 17:30:10,
seo-anomaly-canonical-2.xyz,true,0.1,18,80,0,0,300,300,0,0,2026-05-24 18:52:38,
seo-anomaly-clickrate-2.xyz,true,0.1,18,47,0,0,1,1,0,0,2026-05-25 12:17:34,
seo-anomaly-backlink-2.xyz,true,0.1,18,80,0,0,299,299,0,0,2026-05-24 19:18:13,
seo-anomaly-traffic-2.xyz,true,0.1,18,128,0,0,10,10,0,0,2026-05-25 00:55:14,
seo-anomaly-sitemap-1.xyz,true,0.1,18,80,0,0,258,258,0,0,2026-05-24 16:59:01,
seo-anomaly-citation-1.xyz,true,0.1,18,62,0,0,7,7,0,0,2026-05-24 21:47:56,
seo-anomaly-q-2.xyz,true,0.1,18,62,0,0,7,7,0,0,2026-05-25 06:03:56,
seo-anomaly-q-1.xyz,true,0.1,18,62,0,0,7,7,0,0,2026-05-25 00:25:29,
seo-anomaly-snippet-1.xyz,true,0.1,18,80,0,0,297,297,0,0,2026-05-24 12:34:21,
seo-anomaly-organic-2.xyz,true,0.1,18,127,0,0,10,10,0,0,2026-05-25 00:21:28,
seo-anomaly-dwell-2.xyz,true,0.1,18,47,0,0,1,1,0,0,2026-06-24 03:41:07,
seo-anomaly-domain-2.xyz,true,0.1,18,126,0,0,10,10,0,0,2026-05-25 03:45:04,
seo-anomaly-metatag-1.xyz,true,0.1,18,80,0,0,300,300,0,0,2026-05-24 12:32:13,
seo-anomaly-serp-2.xyz,true,0.1,18,128,0,0,10,10,0,0,2026-05-24 21:46:13,
seo-anomaly-crawler-1.xyz,true,0.1,18,80,0,0,300,300,0,0,2026-05-24 14:47:05,
seo-anomaly-bounce-2.xyz,true,0.1,18,47,0,0,1,1,0,0,2026-05-25 09:42:13,
seo-anomaly-query-2.xyz,true,0.1,18,61,0,0,7,7,0,0,2026-05-24 10:17:04,
seo-anomaly-snippetbox-2.xyz,true,0.1,18,47,0,0,1,1,0,0,2026-05-24 22:53:44,
seo-anomaly-linkjuice-1.xyz,true,0.1,18,47,0,0,1,1,0,0,2026-05-25 00:30:26,
seo-anomaly-velocity-1.xyz,true,0.1,18,47,0,0,1,1,0,0,2026-05-25 08:42:20,
seo-anomaly-keyword-1.xyz,true,0.1,18,80,0,0,299,299,0,0,2026-05-25 04:57:55,
seo-anomaly-anchor-1.xyz,true,0.1,18,80,0,0,299,299,0,0,2026-05-25 03:20:32,
seo-anomaly-longtail-1.xyz,true,0.1,18,62,0,0,7,7,0,0,2026-05-25 04:41:41,
seo-anomaly-velocity-2.xyz,true,0.1,18,47,0,0,1,1,0,0,2026-05-25 05:13:29,
seo-anomaly-pillar-2.xyz,true,0.1,18,47,0,0,1,1,0,0,2026-05-25 20:33:17,
seo-anomaly-domain-1.xyz,true,0.1,18,128,0,0,10,10,0,0,2026-05-24 19:13:22,
seo-anomaly-w-1.xyz,true,0.1,18,62,0,0,7,7,0,0,2026-05-25 07:41:21,
seo-anomaly-trustflow-1.xyz,true,0.1,18,62,0,0,7,7,0,0,2026-05-24 07:46:47,
seo-anomaly-robots-1.xyz,true,0.1,18,128,0,0,10,10,0,0,2026-05-24 16:14:17,
seo-anomaly-ranking-1.xyz,true,0.1,18,128,0,0,10,10,0,0,2026-05-24 17:31:21,
seo-anomaly-indexing-2.xyz,true,0.1,18,80,0,0,299,299,0,0,2026-05-24 17:12:02,
seo-anomaly-w-2.xyz,true,0.1,18,62,0,0,7,7,0,0,2026-05-24 16:02:54,
seo-anomaly-position-1.xyz,true,0.1,18,47,0,0,1,1,0,0,2026-05-25 03:36:41,
seo-anomaly-impression-1.xyz,true,0.1,18,47,0,0,1,1,0,0,2026-05-24 23:40:35,
seo-anomaly-robots-2.xyz,true,0.1,18,128,0,0,10,10,0,0,2026-05-25 00:35:44,
seo-anomaly-organic-1.xyz,true,0.1,18,128,0,0,10,10,0,0,2026-05-24 22:16:39,
seo-anomaly-indexing-1.xyz,true,0.1,18,80,0,0,299,299,0,0,2026-05-24 13:20:04,
seo-anomaly-clickrate-1.xyz,true,0.1,18,47,0,0,1,1,0,0,2026-05-24 09:15:54,
seo-anomaly-authority-2.xyz,true,0.1,18,47,0,0,1,1,0,0,2026-05-25 12:15:21,
seo-anomaly-ranking-2.xyz,true,0.1,18,128,0,0,10,10,0,0,2026-05-24 21:02:23,
seo-anomaly-authority-1.xyz,true,0.1,18,47,0,0,1,1,0,0,2026-05-25 00:36:34,
seo-anomaly-impression-2.xyz,true,0.1,18,47,0,0,1,1,0,0,2026-05-25 00:31:58,
seo-anomaly-pillar-1.xyz,true,0.1,18,47,0,0,1,1,0,0,2026-05-25 11:29:14,
seo-anomaly-snippet-2.xyz,true,0.1,18,80,0,0,299,299,0,0,2026-05-24 14:53:57,
seo-anomaly-shorttail-2.xyz,true,0.1,18,62,0,0,7,7,0,0,2026-05-25 03:32:57,
seo-anomaly-intent-2.xyz,true,0.1,18,62,0,0,7,7,0,0,2026-05-24 21:27:32,
seo-anomaly-metatag-2.xyz,true,0.1,18,80,0,0,299,299,0,0,2026-05-24 16:25:45,
seo-anomaly-shorttail-1.xyz,true,0.1,18,62,0,0,7,7,0,0,2026-05-24 21:39:59,
seo-anomaly-crawler-2.xyz,true,0.1,18,80,0,0,301,301,0,0,2026-05-24 21:30:05,
seo-anomaly-crawling-2.xyz,true,0.1,18,128,0,0,10,10,0,0,2026-05-24 12:03:11,
seo-anomaly-redirect-2.xyz,true,0.1,18,80,0,0,299,299,0,0,2026-05-25 01:25:43,
seo-anomaly-trustflow-2.xyz,true,0.1,18,62,0,0,7,7,0,0,2026-05-24 22:19:46,
seo-anomaly-keyword-2.xyz,true,0.1,18,80,0,0,299,299,0,0,2026-05-24 13:25:59,
seo-anomaly-position-2.xyz,true,0.1,18,47,0,0,1,1,0,0,2026-05-25 04:09:56,
seo-anomaly-citation-2.xyz,true,0.1,18,62,0,0,7,7,0,0,2026-05-24 13:05:57,
seo-anomaly-spider-2.xyz,true,0.1,18,62,0,0,7,7,0,0,2026-05-24 18:12:14,
seo-anomaly-dwell-1.xyz,true,0.1,18,47,0,0,1,1,0,0,2026-05-24 16:22:04,
seo-anomaly-anchor-2.xyz,true,0.1,18,80,0,0,301,301,0,0,2026-05-25 01:28:29,
seo-anomaly-intent-1.xyz,true,0.1,18,62,0,0,7,7,0,0,2026-05-25 04:44:12,
seo-anomaly-query-1.xyz,true,0.1,18,62,0,0,7,7,0,0,2026-05-25 03:49:21,
seo-anomaly-cluster-2.xyz,true,0.1,18,128,0,0,10,10,0,0,2026-05-24 16:04:41,
seo-anomaly-crawling-1.xyz,true,0.1,18,128,0,0,10,10,0,0,2026-05-24 18:43:09,
seo-anomaly-pagerank-1.xyz,true,0.1,18,128,0,0,10,10,0,0,2026-05-25 01:03:40,
seo-anomaly-serp-1.xyz,true,0.1,18,127,0,0,10,10,0,0,2026-05-24 20:04:20,
seo-anomaly-redirect-1.xyz,true,0.1,18,80,0,0,299,299,0,0,2026-05-24 10:02:34,
seo-anomaly-sitemap-2.xyz,true,0.1,18,80,0,0,299,299,0,0,2026-05-24 14:12:29,
seo-anomaly-pingback-2.xyz,true,0.1,18,62,0,0,7,7,0,0,2026-05-24 13:04:23,
seo-anomaly-schema-1.xyz,true,0.1,18,128,0,0,10,10,0,0,2026-05-24 14:32:26,
seo-anomaly-spider-1.xyz,true,0.1,18,59,0,0,7,7,0,0,2026-05-24 21:56:42,
seo-anomaly-backlink-1.xyz,true,0.1,18,80,0,0,299,299,0,0,2026-05-24 18:37:05,
seo-anomaly-bounce-1.xyz,true,0.1,18,47,0,0,1,1,0,0,2026-05-25 15:01:17,
seo-anomaly-cluster-1.xyz,true,0.1,18,128,0,0,10,10,0,0,2026-05-25 09:33:21,
seo-anomaly-traffic-1.xyz,true,0.1,18,128,0,0,10,10,0,0,2026-05-24 16:35:14,
seo-anomaly-snippetbox-1.xyz,true,0.1,18,47,0,0,1,1,0,0,2026-05-25 03:49:00,
seo-anomaly-linkjuice-2.xyz,true,0.1,18,47,0,0,1,1,0,0,2026-05-24 22:12:26,
seo-anomaly-pagerank-2.xyz,true,0.1,18,128,0,0,10,10,0,0,2026-05-24 14:43:07,
axhnhcqz.xyz,true,0.1,29,0,0,0,1,0,1,1,2025-07-27 20:36:58,2026-04-07 19:27:23
9e7hwt.asia,true,0.1,690,89133,0,0,1,1,0,1,2026-05-04 18:24:40,
aopusd.asia,true,0.1,688,55736,0,0,1,1,0,1,2026-05-04 23:22:24,
dwyrsc.asia,true,0.1,688,184943,0,0,1,1,0,1,2026-06-24 06:13:49,
3dr4i7.asia,true,0.1,688,100037,0,0,1,1,0,1,2026-05-07 00:01:11,
4awyv9.asia,true,0.1,688,58305,0,0,1,1,0,1,2026-05-30 09:42:14,
bysqsi.asia,true,0.1,688,43519,0,0,1,1,0,1,2026-05-05 00:19:12,
i69b78.asia,true,0.1,688,89369,0,0,1,1,1,1,2026-06-12 15:28:51,2026-06-26 15:31:23
technologywebinfo.com,true,0.1,4,324725,0,0,2,2,0,2,2026-05-12 05:37:55,
5xrqsf.asia,true,0.1,688,80205,0,0,1,1,0,1,2026-06-19 13:49:43,
2oel4h.asia,true,0.1,690,101789,0,0,1,1,0,1,2026-05-05 21:47:19,
bedapf.asia,true,0.1,688,138446,0,0,1,1,0,1,2026-05-07 01:51:45,
agobqv.asia,true,0.1,688,195034,0,0,1,1,0,1,2026-05-05 15:08:14,
ba2evz.asia,true,0.1,690,271583,0,0,1,1,0,1,2026-06-21 04:02:09,
0ubqdo.asia,true,0.1,688,66242,0,0,2,2,0,2,2026-05-04 09:09:45,
5uhnrc.asia,true,0.1,688,98151,0,0,2,2,0,2,2026-05-03 01:31:25,
6haque.asia,true,0.1,688,59489,0,0,1,1,1,1,2026-04-30 19:52:02,2026-05-29 14:15:43
wfzkjh6.xyz,true,0.1,409,318323,0,0,1,0,1,1,2025-12-06 23:15:18,2026-06-05 02:21:56
chikappa.xyz,true,0.1,299,282330,0,0,1,0,1,1,2025-11-28 06:38:33,2026-05-28 04:01:04
promodog.xyz,true,0.1,312,199845,0,0,1,0,1,1,2025-11-24 02:15:17,2026-05-24 01:06:08
pnl-bucuresti.ro,true,0,2,21,0,0,3,0,0,3,2025-05-21 11:41:18,
bgyu9.xyz,true,0,407,284030,0,0,1,0,1,1,2025-12-15 14:56:26,2026-06-14 03:55:32
backlink-agency.online,true,0,5,2836783,0,0,2,2,2,2,2026-04-19 01:29:32,2026-06-06 09:57:25
setpwrai.xyz,true,0,166,65245,0,0,1,0,1,1,2025-12-17 10:18:18,2026-06-16 03:58:35
kushcali.xyz,true,0,411,241046,0,0,1,0,1,1,2025-12-08 00:31:56,2026-06-07 00:19:06
magicote.xyz,true,0,166,66668,0,0,1,0,1,1,2025-12-18 08:49:50,2026-06-17 01:58:36
lifeinmotioncoaching.co.uk,true,0,15,2223,0,0,2,2,0,0,2026-05-09 06:09:24,
bhs-links-byakugou-1.xyz,true,0,18,72,0,0,12,12,0,0,2026-05-24 22:35:40,
bhs-links-anbu-1.xyz,true,0,18,72,0,0,12,12,0,0,2026-05-24 18:18:03,
bhs-links-bijuu-1.xyz,true,0,18,93,0,0,255,255,0,0,2026-05-24 19:24:55,
bhs-links-shuriken-1.xyz,true,0,18,93,0,0,256,256,0,0,2026-05-24 16:07:49,
bhs-links-taijutsu-1.xyz,true,0,18,93,0,0,255,255,0,0,2026-05-24 19:33:58,
bhs-links-jinchuriki-1.xyz,true,0,18,93,0,0,255,255,0,0,2026-05-24 12:38:31,
bhs-links-ninjutsu-1.xyz,true,0,18,93,0,0,255,255,0,0,2026-05-24 20:25:16,
zdrro.info,true,0,1369,371648,0,0,3,2,1,3,2026-03-20 20:47:27,
bhs-links-genin-1.xyz,true,0,18,72,0,0,12,12,0,0,2026-05-24 18:40:59,
bhs-links-genjutsu-2.xyz,true,0,18,93,0,0,255,255,0,0,2026-05-24 17:37:37,
bhs-links-jonin-2.xyz,true,0,18,72,0,0,12,12,0,0,2026-05-24 18:58:24,
bhs-links-chakra-2.xyz,true,0,18,93,0,0,255,255,0,0,2026-05-24 21:31:10,
bhs-links-chunin-1.xyz,true,0,18,72,0,0,12,12,0,0,2026-05-24 21:03:38,
bhs-links-chunin-2.xyz,true,0,18,72,0,0,12,12,0,0,2026-05-24 16:07:02,
bhs-links-kunai-2.xyz,true,0,18,93,0,0,256,256,0,0,2026-05-24 12:57:08,
bhs-links-genjutsu-1.xyz,true,0,18,93,0,0,255,255,0,0,2026-05-24 18:32:01,
bhs-links-genin-2.xyz,true,0,18,72,0,0,12,12,0,0,2026-05-24 16:01:43,
bhs-links-kage-1.xyz,true,0,18,72,0,0,12,12,0,0,2026-05-24 20:42:01,
bhs-links-kekkei-1.xyz,true,0,18,93,0,0,255,255,0,0,2026-05-24 16:27:46,
bhs-links-shinobi-2.xyz,true,0,18,93,0,0,256,256,0,0,2026-05-24 15:32:58,
bhs-links-byakugou-2.xyz,true,0,18,72,0,0,12,12,0,0,2026-05-25 00:09:05,
bhs-links-taijutsu-2.xyz,true,0,18,92,0,0,255,255,0,0,2026-05-24 14:50:47,
bhs-links-bijuu-2.xyz,true,0,18,93,0,0,255,255,0,0,2026-05-25 01:25:06,
bhs-links-jinchuriki-2.xyz,true,0,18,93,0,0,255,255,0,0,2026-05-25 00:30:15,
bhs-links-rasenshuriken-2.xyz,true,0,18,72,0,0,12,12,0,0,2026-05-24 20:00:53,
bhs-links-kage-2.xyz,true,0,18,72,0,0,12,12,0,0,2026-05-24 18:05:49,
bhs-links-rasenshuriken-1.xyz,true,0,18,71,0,0,12,12,0,0,2026-05-24 11:34:37,
bhs-links-shinobi-1.xyz,true,0,18,93,0,0,255,255,0,0,2026-05-24 16:12:21,
bhs-links-kunai-1.xyz,true,0,18,92,0,0,256,256,0,0,2026-05-24 16:34:43,
bhs-links-sennin-1.xyz,true,0,18,72,0,0,12,12,0,0,2026-05-24 19:28:20,
bhs-links-sennin-2.xyz,true,0,18,71,0,0,12,12,0,0,2026-05-24 13:02:30,
bhs-links-kotoamatsukami-1.xyz,true,0,18,72,0,0,12,12,0,0,2026-05-24 09:14:48,
bhs-links-chakra-1.xyz,true,0,18,93,0,0,256,256,0,0,2026-05-24 18:11:01,
bhs-links-kotoamatsukami-2.xyz,true,0,18,72,0,0,12,12,0,0,2026-05-24 19:49:06,
bhs-links-anbu-2.xyz,true,0,18,72,0,0,12,12,0,0,2026-05-24 17:39:35,
bhs-links-kekkei-2.xyz,true,0,18,93,0,0,255,255,0,0,2026-05-24 14:48:59,
bhs-links-hokage-2.xyz,true,0,18,72,0,0,11,11,0,0,2026-05-25 03:14:31,
bhs-links-hokage-1.xyz,true,0,18,72,0,0,12,12,0,0,2026-05-24 13:31:20,
bhs-links-shuriken-2.xyz,true,0,18,93,0,0,255,255,0,0,2026-05-25 04:59:33,
bhs-links-ninjutsu-2.xyz,true,0,18,93,0,0,255,255,0,0,2026-05-24 19:18:04,
bhs-links-jonin-1.xyz,true,0,18,72,0,0,12,12,0,0,2026-05-24 13:10:15,
sertarulcujucarii.com,true,0,30,119,0,1,8,0,0,8,2022-01-02 17:01:49,
wris-tbands.xyz,true,0,212,358185,0,0,6,0,6,6,2025-09-03 10:12:54,2026-05-07 21:03:29
seo-anomaly-canonical.xyz,true,0,18,80,0,0,299,299,0,0,2026-05-11 20:48:39,
seo-anomaly-bounce.xyz,true,0,18,46,0,0,1,1,0,0,2026-05-11 18:13:13,
seo-anomaly-cluster.xyz,true,0,18,128,0,0,10,10,0,0,2026-05-11 17:17:10,
seo-anomaly-longtail.xyz,true,0,18,62,0,0,7,7,0,0,2026-05-11 14:47:23,
seo-anomaly-velocity.xyz,true,0,18,46,0,0,1,1,0,0,2026-05-11 13:24:13,
seo-anomaly-shorttail.xyz,true,0,18,62,0,0,7,7,0,0,2026-05-12 02:03:44,
seo-anomaly-query.xyz,true,0,18,62,0,0,7,7,0,0,2026-05-11 18:52:45,
seo-anomaly-citation.xyz,true,0,18,62,0,0,7,7,0,0,2026-05-12 04:16:02,
seo-anomaly-metatag.xyz,true,0,18,80,0,0,301,301,0,0,2026-05-11 16:52:41,
seo-anomaly-serp.xyz,true,0,18,128,0,0,10,10,0,0,2026-05-11 10:09:08,
seo-anomaly-trustflow.xyz,true,0,18,60,0,0,7,7,0,0,2026-05-11 13:11:22,
seo-anomaly-position.xyz,true,0,18,47,0,0,1,1,0,0,2026-05-12 07:21:35,
seo-anomaly-pingback.xyz,true,0,18,61,0,0,7,7,0,0,2026-05-11 22:40:36,
seo-anomaly-spider.xyz,true,0,18,62,0,0,7,7,0,0,2026-05-12 03:39:28,
seo-anomaly-impression.xyz,true,0,18,47,0,0,1,1,0,0,2026-05-12 07:52:55,
seo-anomaly-schema.xyz,true,0,18,128,0,0,10,10,0,0,2026-05-12 04:39:47,
seo-anomaly-keyword.xyz,true,0,18,80,0,0,299,299,0,0,2026-05-11 22:58:17,
seo-anomaly-intent.xyz,true,0,18,62,0,0,7,7,0,0,2026-05-12 05:06:33,
seo-anomaly-robots.xyz,true,0,18,124,0,0,10,10,0,0,2026-05-11 12:45:19,
seo-anomaly-backlink.xyz,true,0,18,80,0,0,299,299,0,0,2026-05-11 16:43:08,
seo-anomaly-ranking.xyz,true,0,18,128,0,0,10,10,0,0,2026-05-12 00:44:04,
seo-anomaly-crawling.xyz,true,0,18,127,0,0,10,10,0,0,2026-05-11 16:06:03,
seo-anomaly-traffic.xyz,true,0,18,125,0,0,10,10,0,0,2026-05-11 16:38:58,
seo-anomaly-offpage.xyz,true,0,18,62,0,0,7,7,0,0,2026-05-11 21:34:30,
eoyucflb.xyz,true,0,29,0,0,0,1,0,1,1,2025-07-26 12:58:52,2026-04-03 22:46:24
seo-anomaly-domain.xyz,true,0,18,127,0,0,10,10,0,0,2026-05-12 05:06:09,
seo-anomaly-crawler.xyz,true,0,18,80,0,0,300,300,0,0,2026-05-11 10:05:13,
seo-anomaly-snippetbox.xyz,true,0,18,47,0,0,1,1,0,0,2026-05-11 21:35:13,
seo-anomaly-redirect.xyz,true,0,18,79,0,0,299,299,0,0,2026-05-11 16:02:49,
pin-up-official-site1.xyz,true,0,658,245924,0,0,2,0,2,2,2025-12-06 18:51:24,2026-06-06 01:52:32
seo-anomaly-snippet.xyz,true,0,18,80,0,0,300,300,0,0,2026-05-11 06:46:42,
news4all.xyz,true,0,661,315021,0,0,2,0,2,2,2025-11-11 10:25:38,2026-06-09 01:47:42
rowoodcraft.xyz,true,0,687,322344,0,0,8,0,8,8,2025-11-16 21:04:32,2026-05-29 15:55:17
femmecougargeneve.xyz,true,0,244,179316,0,0,1,0,1,1,2025-09-05 16:50:04,2026-04-15 09:04:16
best-hair-growth-for-women-96974.xyz,true,0,688,229961,0,0,4,0,4,4,2025-11-12 14:13:08,2026-06-08 02:19:35
seo-anomaly-authority.xyz,true,0,17,47,0,0,1,1,0,0,2026-05-12 11:23:30,
baoliaotv.xyz,true,0,659,300355,0,0,5,0,5,5,2025-11-12 21:03:45,2026-06-03 21:56:09
y2a.xyz,true,0,694,242447,0,0,1,0,1,1,2025-11-14 04:51:28,2026-05-14 02:14:09
gfjf.xyz,true,0,694,297155,0,0,2,0,2,2,2025-11-24 12:27:02,2026-06-03 04:00:59
ilikecode.xyz,true,0,683,290056,0,0,1,0,1,1,2025-11-12 06:11:40,2026-05-12 03:38:42
wzth678.xyz,true,0,688,299885,0,0,4,0,4,4,2025-11-12 15:16:41,2026-05-28 00:44:55
lakuuu.xyz,true,0,684,289500,0,0,1,0,1,1,2025-11-15 21:51:10,2026-05-15 01:09:46
usav22.xyz,true,0,686,288246,0,0,1,0,1,1,2025-12-10 00:46:47,2026-06-09 01:21:23
infokeren.xyz,true,0,684,256398,0,0,2,0,2,2,2025-11-15 23:15:38,2026-06-09 04:19:06
seo-anomaly-clickrate.xyz,true,0,17,47,0,0,1,1,0,0,2026-05-11 23:32:16,
shirtspk.xyz,true,0,417,309963,0,0,2,0,2,2,2025-11-24 00:27:02,2026-05-25 01:35:39
seo-anomaly-onpage.xyz,true,0,16,62,0,0,7,7,0,0,2026-05-11 22:04:12,
aojiaodizhi1.xyz,true,0,681,342014,0,0,1,0,1,1,2025-11-12 07:39:16,2026-05-12 01:32:01
yszxbohu.xyz,true,0,415,227723,0,0,1,0,1,1,2025-12-19 00:42:51,2026-06-18 01:36:14
sxios.xyz,true,0,684,266743,0,0,4,0,4,4,2025-11-09 13:49:21,2026-06-02 04:01:45
vxfd.xyz,true,0,682,318896,0,0,1,0,1,1,2025-12-02 14:24:38,2026-06-01 10:50:19
mostbet-wu3.xyz,true,0,318,216415,0,0,1,0,1,1,2025-12-02 21:21:18,2026-06-01 01:28:25
gayasoku.xyz,true,0,413,319181,0,0,1,0,1,1,2025-12-02 18:27:38,2026-06-01 01:04:39
tyc7115b.xyz,true,0,408,249451,0,0,1,0,1,1,2025-12-10 04:07:37,2026-06-09 03:51:38
insademy.xyz,true,0,410,276989,0,0,1,0,1,1,2025-12-04 23:57:46,2026-06-03 03:47:01
vip88861.xyz,true,0,408,298919,0,0,1,0,1,1,2025-12-13 12:45:52,2026-06-12 06:10:06
perangjudi.xyz,true,0,777,160989,0,0,1,0,1,1,2025-09-08 10:40:11,2026-04-11 19:27:18
dhbhukuk.xyz,true,0,410,301268,0,0,1,0,1,1,2025-12-02 02:17:01,2026-06-01 01:28:40
luxiviva.xyz,true,0,411,293967,0,0,4,0,4,4,2025-12-03 03:09:20,2026-06-14 22:28:56
incacard.xyz,true,0,411,302073,0,0,1,0,1,1,2025-12-05 22:40:43,2026-06-04 12:49:31
tuxizang.xyz,true,0,410,306250,0,0,3,0,3,3,2025-12-10 03:59:15,2026-06-14 03:54:46
randvere.xyz,true,0,410,246048,0,0,3,0,3,3,2025-12-06 14:53:58,2026-06-09 08:27:48
jobprobd.xyz,true,0,408,289501,0,0,1,0,1,1,2025-11-30 21:15:17,2026-05-30 00:17:47
rayonhealthcare.com,true,0,38,1803,0,0,8,8,0,0,2026-06-17 05:04:29,
whachatz.xyz,true,0,412,310237,0,0,1,0,1,1,2025-11-29 14:25:20,2026-05-29 01:34:20
bsbruner.xyz,true,0,407,219219,0,0,3,0,3,3,2025-12-06 18:29:32,2026-06-10 06:25:49
ledatweb.xyz,true,0,362,272751,0,0,1,0,1,1,2025-11-20 06:26:08,2026-05-20 02:22:23
lidernews.ro,false,0,2,2535,0,0,1,1,0,1,2026-06-20 16:21:02,
link-legion-75.xyz,true,0,17,0,0,0,4,4,0,0,2026-06-23 10:14:46,
link-legion-70.xyz,true,0,17,0,0,0,6,6,0,0,2026-06-23 07:28:00,
link-legion-52.xyz,true,0,17,0,0,0,7,7,0,0,2026-06-23 02:32:23,
link-legion-73.xyz,true,0,17,0,0,0,7,7,0,0,2026-06-23 02:11:59,
link-legion-62.xyz,true,0,17,0,0,0,8,8,0,0,2026-06-22 19:15:05,
link-legion-51.xyz,true,0,17,0,0,0,7,7,0,0,2026-06-23 01:59:45,
link-legion-53.xyz,true,0,17,0,0,0,6,6,0,0,2026-06-23 01:18:08,
link-legion-60.xyz,true,0,17,0,0,0,7,7,0,0,2026-06-23 06:51:24,
link-legion-77.xyz,true,0,17,0,0,0,6,6,0,0,2026-06-23 00:16:28,
link-legion-64.xyz,true,0,17,0,0,0,3,3,0,0,2026-06-24 15:06:41,
link-legion-57.xyz,true,0,17,0,0,0,7,7,0,0,2026-06-23 03:36:33,
link-legion-66.xyz,true,0,17,0,0,0,7,7,0,0,2026-06-23 08:43:19,
link-legion-76.xyz,true,0,17,0,0,0,7,7,0,0,2026-06-23 07:02:25,
link-legion-79.xyz,true,0,17,0,0,0,7,7,0,0,2026-06-23 01:40:11,
link-legion-69.xyz,true,0,17,0,0,0,4,4,0,0,2026-06-23 01:34:09,
link-legion-61.xyz,true,0,17,1,0,0,6,6,0,0,2026-06-23 11:10:56,
link-legion-74.xyz,true,0,17,0,0,0,6,6,0,0,2026-06-23 04:56:05,
link-legion-55.xyz,true,0,17,0,0,0,6,6,0,0,2026-06-23 05:03:37,
link-legion-65.xyz,true,0,17,0,0,0,6,6,0,0,2026-06-23 10:34:53,
link-legion-63.xyz,true,0,17,0,0,0,3,3,0,0,2026-06-23 09:55:02,
link-legion-58.xyz,true,0,17,0,0,0,8,8,0,0,2026-06-23 02:02:59,
link-legion-72.xyz,true,0,17,0,0,0,8,8,0,0,2026-06-22 23:36:53,
link-legion-78.xyz,true,0,17,0,0,0,8,8,0,0,2026-06-23 01:09:06,
link-legion-54.xyz,true,0,17,0,0,0,8,8,0,0,2026-06-23 04:07:51,
link-legion-56.xyz,true,0,17,0,0,0,8,8,0,0,2026-06-23 00:40:32,
link-legion-67.xyz,true,0,17,0,0,0,2,2,0,0,2026-06-22 23:29:56,
link-legion-71.xyz,true,0,17,0,0,0,5,5,0,0,2026-06-23 17:17:45,
link-legion-80.xyz,true,0,17,1,0,0,7,7,0,0,2026-06-23 03:32:45,
link-legion-68.xyz,true,0,17,0,0,0,4,4,0,0,2026-06-23 06:12:51,
link-legion-59.xyz,true,0,17,0,0,0,6,6,0,0,2026-06-23 06:21:53,
y0mm8.info,true,0,1387,398279,0,0,3,2,1,3,2026-03-20 17:27:12,
vuuiuht.info,true,0,1388,390021,0,0,3,3,0,3,2026-05-10 16:27:30,
thckftv.info,true,0,1388,368381,0,0,4,4,0,4,2026-04-20 11:41:59,
zaysro.info,true,0,1388,440519,0,0,8,7,1,8,2026-03-17 09:59:33,
0kyzb3.info,true,0,1388,418421,0,0,5,4,2,5,2026-03-20 23:39:15,
deveanul.ro,false,0,6,268,0,0,1,0,0,1,2024-07-19 13:26:18,
vjz0x.info,true,0,1378,403390,0,0,7,6,3,7,2026-03-22 06:56:48,
xvvhgsg.info,true,0,1375,340589,0,0,3,3,0,3,2026-04-15 13:14:16,
ozabjh.info,true,0,1373,406361,0,0,5,2,3,5,2026-03-20 01:37:40,
ekbpuj.info,true,0,1374,375121,0,0,3,1,2,3,2026-03-20 19:44:05,
6eevtk.info,true,0,1372,441013,0,0,7,7,2,7,2026-03-31 09:59:42,
22ganu.info,true,0,1376,401368,0,0,2,1,1,2,2026-03-27 18:54:51,
xwv5rk.info,true,0,1384,427538,0,0,4,4,0,4,2026-05-18 15:56:59,
lgjax.info,true,0,1379,371237,0,0,2,1,1,2,2026-03-27 13:40:04,
z73ak.info,true,0,1384,382119,0,0,2,2,1,2,2026-04-06 21:58:51,
xmrjhl.info,true,0,1374,359952,0,0,2,2,0,2,2026-05-11 04:11:40,
wt8byd.info,true,0,1372,424089,0,0,5,3,0,5,2026-03-24 06:05:44,
mdk0un.info,true,0,1380,419626,0,0,4,3,1,4,2026-03-25 17:57:52,
ou3onz.info,true,0,1381,352060,0,0,4,3,1,4,2026-03-18 23:18:54,
vowua.info,true,0,1381,406211,0,0,6,5,1,6,2026-03-23 06:28:02,
y2uq8g.info,true,0,1371,326420,0,0,2,2,0,2,2026-04-04 01:27:07,
kiuugsd.info,true,0,1372,430707,0,0,5,5,0,5,2026-05-28 23:05:43,
un06q.info,true,0,1369,415661,0,0,5,3,4,5,2026-03-18 04:43:52,
vtuxplm.info,true,0,1380,421769,0,0,3,3,0,3,2026-04-05 02:20:18,
zyevlx.info,true,0,1376,301968,0,0,3,1,2,3,2026-03-18 11:33:59,
wswe.info,true,0,1380,439696,0,0,5,3,2,5,2026-03-18 18:45:27,
ui2vlo.info,true,0,1370,427949,0,0,11,10,1,11,2026-03-20 09:19:10,
w5oe.info,true,0,1375,370031,0,0,1,1,0,1,2026-04-12 20:19:49,
nphlgsr.info,true,0,1371,428701,0,0,6,5,2,6,2026-03-17 12:46:45,
ayxjwxp.info,true,0,1373,408663,0,0,7,7,1,7,2026-03-29 09:34:56,
ysxnq.info,true,0,1377,335431,0,0,5,5,0,5,2026-04-11 05:46:03,
hmiqogz.info,true,0,1374,400982,0,0,8,7,1,8,2026-03-25 19:50:02,
xbhk1.info,true,0,1378,412783,0,0,5,4,0,5,2026-03-21 14:46:07,
kabmpkb.info,true,0,1372,342326,0,0,1,0,0,1,2026-03-24 23:34:34,
nkl7g2.info,true,0,1378,354519,0,0,5,5,1,5,2026-03-30 08:54:25,
mf5qkv.info,true,0,1374,334584,0,0,5,5,0,5,2026-04-02 02:35:28,
utadxy.info,true,0,1383,315447,0,0,5,4,1,5,2026-03-19 15:53:07,
kvjmskt.info,true,0,1381,335496,0,0,6,6,0,6,2026-04-29 05:25:44,
apugyhs.info,true,0,1370,352897,0,0,5,4,1,5,2026-03-17 16:41:57,
y5hbb.info,true,0,1372,344391,0,0,4,4,0,4,2026-04-02 03:00:10,
bhps4b.info,true,0,1375,386525,0,0,4,4,0,4,2026-04-24 16:16:59,
pahrj.info,true,0,1375,425603,0,0,5,5,0,5,2026-04-06 01:09:27,
wyper.info,true,0,1373,398323,0,0,4,4,2,4,2026-03-31 11:55:00,
zrdi9.info,true,0,1380,397738,0,0,3,3,0,3,2026-04-10 01:44:53,
ypb14.info,true,0,1381,407469,0,0,2,2,1,2,2026-04-01 21:15:00,
wy6hw.info,true,0,1380,387062,0,0,3,1,1,3,2026-03-17 18:40:31,
wujiagang.info,true,0,1376,416659,0,0,2,1,0,2,2026-03-24 15:23:56,
wkpyv.info,true,0,1376,422198,0,0,6,4,1,6,2026-03-26 03:06:42,
otfevk.info,true,0,1379,305971,0,0,2,2,0,2,2026-05-08 15:22:12,
mn8scy.info,true,0,1372,391312,0,0,6,6,0,6,2026-03-29 03:15:39,
ywwvhgs.info,true,0,1380,414305,0,0,5,4,0,5,2026-03-24 02:41:00,
mtbzoo.info,true,0,1381,376541,0,0,2,2,0,2,2026-04-03 17:12:29,
7auxq.info,true,0,1377,367696,0,0,3,3,0,3,2026-03-31 04:34:53,
twca3.info,true,0,1373,420219,0,0,3,3,0,3,2026-05-05 17:19:12,
vxhy.info,true,0,1372,403510,0,0,3,3,0,3,2026-04-18 07:52:44,
paxufqc.info,true,0,1377,373514,0,0,2,2,0,2,2026-04-24 07:50:58,
uweflv.info,true,0,1377,383126,0,0,2,1,1,2,2026-03-16 20:28:14,
cqdvftu.info,true,0,1366,427470,0,0,7,5,3,7,2026-03-22 16:20:58,
y7kiwq.info,true,0,1372,429951,0,0,12,12,1,12,2026-04-11 16:06:35,
s62fx9.info,true,0,1373,376898,0,0,1,1,0,1,2026-06-01 00:42:11,
vgpqv.info,true,0,1376,403191,0,0,2,2,0,2,2026-04-02 07:38:10,
xifqph.info,true,0,1375,352286,0,0,2,2,0,2,2026-04-02 08:00:59,
xl3o9.info,true,0,1374,358312,0,0,2,1,0,2,2026-03-19 20:50:25,
w5wdqa.info,true,0,1374,418208,0,0,8,7,1,8,2026-03-19 02:37:55,
ubl6q0.info,true,0,1372,357137,0,0,2,2,0,2,2026-05-18 12:28:42,
w7zo.info,true,0,1377,335232,0,0,3,3,1,3,2026-03-29 15:43:54,
unlue.info,true,0,1371,390056,0,0,6,4,0,6,2026-03-17 23:29:58,
ynezuha.info,true,0,1379,436869,0,0,3,3,0,3,2026-04-12 19:42:36,
x2qct.info,true,0,1375,420327,0,0,3,3,0,3,2026-04-03 01:28:36,
qdol0k.info,true,0,1377,349335,0,0,4,3,1,4,2026-03-18 21:04:55,
zzui6n.info,true,0,1380,381156,0,0,1,1,0,1,2026-04-11 21:52:22,
waol5.info,true,0,1374,432849,0,0,3,2,0,3,2026-03-23 10:22:04,
wcgjeh.info,true,0,1369,408296,0,0,3,3,0,3,2026-05-06 02:00:42,
zxkzamx.info,true,0,1374,284036,0,0,1,1,0,1,2026-05-14 17:57:43,
jvuiwvu.info,true,0,1369,417427,0,0,1,1,0,1,2026-06-18 07:40:14,
fqanw7.info,true,0,1377,417197,0,0,2,2,0,2,2026-05-13 18:38:09,
yzv9qk.info,true,0,1372,428681,0,0,2,2,0,2,2026-05-13 14:34:43,
xwjihtf.info,true,0,1372,383754,0,0,2,2,0,2,2026-04-15 04:46:44,
aj5eu.info,true,0,1378,370695,0,0,3,3,0,3,2026-04-24 05:18:34,
dandrei.com,false,0,6,5,0,0,4,0,4,4,2025-03-14 23:56:02,2026-04-06 21:27:50
ufvkka.info,true,0,1377,446798,0,0,8,7,0,8,2026-03-27 22:18:18,
rqcphug.info,true,0,1382,396761,0,0,2,2,0,2,2026-04-11 17:29:10,
zfory1.info,true,0,1369,398891,0,0,10,7,1,10,2026-03-17 12:10:52,
ibksjmn.info,true,0,1375,441724,0,0,7,7,1,7,2026-04-02 05:16:36,
yed5dy.info,true,0,1375,346689,0,0,3,2,1,3,2026-03-25 22:45:59,
lrah83.info,true,0,1373,430814,0,0,3,3,0,3,2026-05-05 21:20:03,
edbbazx.info,true,0,1373,400876,0,0,6,3,1,6,2026-03-21 03:17:38,
wj2in.info,true,0,1379,328912,0,0,1,1,0,1,2026-06-20 14:15:46,
yjhtqta.info,true,0,1379,404338,0,0,5,5,0,5,2026-04-10 06:51:07,
ni32t.info,true,0,1366,429651,0,0,4,3,1,4,2026-03-22 14:09:57,
vwldtrj.info,true,0,1359,422230,0,0,1,0,0,1,2026-03-23 16:04:11,
vnosl.info,true,0,1365,393223,0,0,1,1,1,1,2026-05-02 02:40:26,2026-06-19 16:16:37
xmyja.info,true,0,1359,430120,0,0,2,2,0,2,2026-05-06 14:53:27,
onllykj.info,true,0,1353,368604,0,0,6,6,1,6,2026-04-04 12:48:08,
k5hfhi.info,true,0,1366,413455,0,0,4,2,1,4,2026-03-16 22:23:48,
zje64.info,true,0,1359,441300,0,0,5,3,1,5,2026-03-18 04:08:04,
ujhogix.info,true,0,1370,413189,0,0,5,5,0,5,2026-04-04 04:37:02,
rhi9j1.info,true,0,1365,385344,0,0,4,3,1,4,2026-03-16 17:19:34,
tnvpnq.info,true,0,1351,404979,0,0,2,2,0,2,2026-04-07 21:05:21,
uunvl.info,true,0,1359,346559,0,0,1,1,0,1,2026-04-08 01:27:24,
ygkdb3.info,true,0,1366,418256,0,0,3,2,1,3,2026-03-24 01:11:49,
qomlxjv.info,true,0,1365,433716,0,0,5,4,0,5,2026-03-27 14:37:10,
xgrqvt.info,true,0,1363,404941,0,0,3,3,0,3,2026-04-21 18:11:03,
letiana.info,true,0,1355,429534,0,0,8,8,0,8,2026-04-06 21:53:46,
y8l3p.info,true,0,1360,421182,0,0,5,4,0,5,2026-03-17 17:01:00,
htrrdut.info,true,0,1362,427115,0,0,4,4,0,4,2026-04-24 16:24:23,
ynkud.info,true,0,1359,383523,0,0,4,4,0,4,2026-04-10 06:20:21,
urkb.info,true,0,1365,427077,0,0,4,4,0,4,2026-04-23 11:43:04,
8xoqai.info,true,0,1361,347362,0,0,3,3,1,3,2026-03-30 13:22:30,
ivbxyv.info,true,0,1361,370136,0,0,3,2,0,3,2026-03-24 00:57:20,
12lvfq.info,true,0,1369,358169,0,0,1,1,0,1,2026-05-30 02:50:12,
uug78.info,true,0,1365,432666,0,0,7,6,1,7,2026-03-22 08:54:28,
7h0ox.info,true,0,1364,413089,0,0,6,6,0,6,2026-04-08 02:39:05,
vgkgiv.info,true,0,1365,433222,0,0,5,4,1,5,2026-03-26 20:28:47,
uglasnc.info,true,0,1364,409316,0,0,2,0,2,2,2026-03-20 01:39:47,2026-04-09 12:26:57
evfr3u.info,true,0,1365,350083,0,0,4,3,1,4,2026-03-18 12:43:49,
h0b2s5.info,true,0,1366,382192,0,0,5,5,0,5,2026-04-05 10:48:07,
vm1i4r.info,true,0,1365,425120,0,0,5,5,0,5,2026-04-03 03:04:14,
xqgr.info,true,0,1364,427360,0,0,2,2,1,2,2026-04-20 18:00:12,
vmgfjlm.info,true,0,1365,356355,0,0,6,6,0,6,2026-04-04 12:40:08,
132ko.info,true,0,1370,412667,0,0,4,4,0,4,2026-04-04 10:03:28,
vjufbtf.info,true,0,1366,428082,0,0,3,3,0,3,2026-04-05 21:14:11,
vlckol.info,true,0,1362,396676,0,0,2,1,1,2,2026-03-28 21:35:35,
xho6dj.info,true,0,1362,424399,0,0,7,7,0,7,2026-04-05 08:39:35,
vfrq2w.info,true,0,1369,418307,0,0,7,7,2,7,2026-03-31 05:22:19,
w02mqb.info,true,0,1355,402245,0,0,7,6,1,7,2026-03-19 11:56:43,
letianc.info,true,0,1362,371900,0,0,1,1,0,1,2026-05-24 18:31:47,
xvqne.info,true,0,1360,357245,0,0,1,1,0,1,2026-04-13 10:00:12,
y449b.info,true,0,1360,406576,0,0,5,4,0,5,2026-03-21 12:40:01,
xzwkh.info,true,0,1392,433002,0,0,6,6,0,6,2026-04-04 18:56:24,
alqt1b.info,true,0,1362,385764,0,0,2,2,2,2,2026-03-29 13:43:13,2026-04-25 16:27:45
vjiuo.info,true,0,1365,345861,0,0,3,2,1,3,2026-03-19 11:15:39,
wfy5p.info,true,0,1365,424224,0,0,7,4,1,7,2026-03-19 20:11:38,
jxpnctx.info,true,0,1358,379633,0,0,2,2,0,2,2026-06-07 01:25:06,
tdrqb7.info,true,0,1366,420939,0,0,1,1,0,1,2026-04-02 08:33:37,
rcofstf.info,true,0,1364,409947,0,0,2,2,0,2,2026-04-25 09:35:14,
unacz.info,true,0,1367,408714,0,0,6,5,1,6,2026-03-28 07:35:47,
wynje.info,true,0,1367,428057,0,0,2,2,0,2,2026-04-13 21:42:32,
wututft.info,true,0,1362,374434,0,0,4,4,0,4,2026-04-08 05:21:22,
ucnwb.info,true,0,1367,377736,0,0,1,1,0,1,2026-05-15 20:42:51,
y3o9q.info,true,0,1364,389927,0,0,3,3,1,3,2026-04-05 23:30:01,
ywsvs.info,true,0,1367,427910,0,0,3,2,1,3,2026-03-20 23:15:35,
xdmov.info,true,0,1366,400985,0,0,4,4,0,4,2026-04-02 17:29:11,
o7f4fb.info,true,0,1362,423128,0,0,1,1,0,1,2026-05-08 23:06:29,
lihtfgs.info,true,0,1366,396458,0,0,3,3,1,3,2026-04-21 22:37:25,
vnd15.info,true,0,1370,341752,0,0,2,2,0,2,2026-05-02 07:20:56,
yu86m.info,true,0,1365,338792,0,0,1,1,0,1,2026-04-14 04:49:02,
tufw0.info,true,0,1368,414622,0,0,6,5,0,6,2026-03-28 05:39:18,
pmlo0m.info,true,0,1369,430479,0,0,6,5,1,6,2026-03-18 07:31:32,
thcqsif.info,true,0,1365,446184,0,0,5,5,1,5,2026-04-21 09:32:57,
ole2lf.info,true,0,1369,446452,0,0,4,4,0,4,2026-03-30 18:32:04,
tsrddqc.info,true,0,1363,395240,0,0,2,1,0,2,2026-03-18 11:12:05,
ze3zf8.info,true,0,1363,388747,0,0,10,8,1,10,2026-03-16 15:53:54,
glgzozk.info,true,0,1354,405091,0,0,4,4,0,4,2026-04-19 16:37:03,
jtlxwxv.info,true,0,1364,428158,0,0,6,5,1,6,2026-03-20 09:16:02,
nt0y1i.info,true,0,1365,340410,0,0,1,1,0,1,2026-05-11 01:43:52,
z8pys.info,true,0,1366,386923,0,0,1,1,0,1,2026-05-04 12:34:16,
rofphjn.info,true,0,1363,391693,0,0,7,7,0,7,2026-04-07 19:04:24,
z949v.info,true,0,1359,445299,0,0,4,4,2,4,2026-04-11 03:31:04,
vrdeq.info,true,0,1357,406954,0,0,2,1,1,2,2026-03-23 05:11:57,
yjcqok.info,true,0,1371,388997,0,0,4,3,1,4,2026-03-24 21:08:09,
zigui.info,true,0,1367,256668,0,0,1,1,0,1,2026-06-04 06:48:59,
zimix.info,true,0,1368,421277,0,0,5,3,2,5,2026-03-16 19:03:46,
95slv.info,true,0,1361,427033,0,0,2,2,0,2,2026-05-08 14:59:13,
uyigt8.info,true,0,1356,387362,0,0,6,5,1,6,2026-03-19 22:04:06,
iaxyqp.info,true,0,1364,430935,0,0,5,4,0,5,2026-03-21 15:20:08,
gtutffj.info,true,0,1366,419782,0,0,5,4,0,5,2026-03-19 17:16:36,
usbkl.info,true,0,1366,439099,0,0,10,9,1,10,2026-03-22 08:31:22,
7del1l.info,true,0,1371,341567,0,0,2,2,0,2,2026-05-14 18:05:50,
zqxue.info,true,0,1357,439744,0,0,3,2,1,3,2026-03-17 11:49:55,
ubgomus.info,true,0,1364,384140,0,0,2,2,0,2,2026-05-03 00:42:52,
gfdcdhf.info,true,0,1367,417913,0,0,4,4,1,4,2026-04-15 03:08:08,
jyjcxub.info,true,0,1367,424148,0,0,9,7,3,9,2026-03-17 02:19:51,
bkkcm.info,true,0,1358,347168,0,0,1,1,0,1,2026-04-20 01:04:52,
wtcsv.info,true,0,1357,400958,0,0,3,1,2,3,2026-03-21 23:18:44,
qozylwv.info,true,0,1367,440568,0,0,10,8,1,10,2026-03-27 06:13:33,
uluh.info,true,0,1366,358096,0,0,4,1,2,4,2026-03-18 08:57:31,
zhm3j.info,true,0,1362,359324,0,0,4,3,1,4,2026-03-25 12:22:56,
drmedbz.info,true,0,1365,391221,0,0,3,2,1,3,2026-03-28 21:01:58,
zhzzh.info,true,0,1366,364942,0,0,5,3,1,5,2026-03-21 12:39:54,
rpspnpg.info,true,0,1368,420753,0,0,4,4,0,4,2026-04-02 05:53:12,
wm6cw.info,true,0,1364,430861,0,0,8,7,1,8,2026-03-23 06:26:21,
wd5xj.info,true,0,1361,417336,0,0,5,3,3,5,2026-03-19 05:37:49,
wnzxh.info,true,0,1359,387739,0,0,5,5,0,5,2026-05-12 23:51:42,
xvwqohs.info,true,0,1370,364468,0,0,2,2,0,2,2026-03-31 17:00:38,
fjcyvh.info,true,0,1362,447514,0,0,8,8,0,8,2026-05-06 12:00:45,
yichang.info,true,0,1362,415339,0,0,5,4,1,5,2026-03-25 09:48:26,
wkisx.info,true,0,1348,358820,0,0,1,1,1,1,2026-04-07 01:01:07,2026-04-28 12:57:20
jkduna.info,true,0,1349,353962,0,0,3,2,1,3,2026-03-18 03:18:09,
oedbxu.info,true,0,1354,354876,0,0,1,1,0,1,2026-06-16 01:01:11,
letianb.info,true,0,1343,410323,0,0,3,3,0,3,2026-05-18 04:18:18,
zfni0.info,true,0,1351,392732,0,0,4,3,1,4,2026-03-24 13:45:19,
yfm6z4.info,true,0,1351,434025,0,0,6,6,1,6,2026-03-31 11:54:40,
engineering-degree-experttoolspro.xyz,true,0,792,388957,0,0,2,0,0,2,2026-02-15 05:06:10,
taige011.xyz,true,0,369,140727,0,0,2,0,2,2,2025-12-03 07:18:18,2026-06-07 06:21:31
biobatco.xyz,true,0,369,192177,0,0,1,0,1,1,2025-12-04 10:49:00,2026-06-03 02:32:18
gymthicc.xyz,true,0,370,242454,0,0,1,0,1,1,2025-12-05 09:40:47,2026-06-04 00:34:03
tftparty.xyz,true,0,363,234614,0,0,1,0,1,1,2025-11-28 16:59:10,2026-05-28 01:51:42
system4c.xyz,true,0,368,230331,0,0,1,0,1,1,2025-12-05 10:25:28,2026-06-04 04:57:41
pawrades.xyz,true,0,366,171565,0,0,3,0,3,3,2025-11-29 11:47:40,2026-06-03 05:27:54
e66gicap.xyz,true,0,362,271611,0,0,1,0,1,1,2025-11-18 06:34:11,2026-05-18 01:01:32
sdmy1319.xyz,true,0,368,246993,0,0,1,0,1,1,2025-11-26 09:46:14,2026-05-26 01:24:15
keqingkj.xyz,true,0,365,208992,0,0,2,0,2,2,2025-11-29 11:46:54,2026-06-05 01:01:18
chuhaitu.xyz,true,0,368,198339,0,0,1,0,1,1,2025-11-29 05:30:20,2026-05-29 02:03:31
diyateam.xyz,true,0,367,219861,0,0,2,0,2,2,2025-12-04 23:35:05,2026-06-05 02:45:39
eulogico.xyz,true,0,365,86550,0,0,1,0,1,1,2025-11-09 16:03:40,2026-05-09 02:36:08
dazecase.xyz,true,0,365,234868,0,0,1,0,1,1,2025-12-06 22:30:49,2026-06-05 10:52:16
tarnimah.xyz,true,0,365,84497,0,0,1,0,1,1,2025-11-04 10:51:22,2026-05-04 03:25:47
mychogan.xyz,true,0,366,212427,0,0,2,0,2,2,2025-11-27 08:47:26,2026-05-31 03:26:21
qingseav.xyz,true,0,740,168490,0,0,1,0,1,1,2025-09-09 13:09:54,2026-04-18 00:03:07
mrshanes.xyz,true,0,366,127132,0,0,1,0,1,1,2025-12-06 19:22:51,2026-06-05 07:29:17
ecothunk.xyz,true,0,370,258289,0,0,1,0,1,1,2025-11-12 23:13:40,2026-05-12 00:24:47
fanrendm.xyz,true,0,369,159290,0,0,1,0,1,1,2025-12-10 00:52:07,2026-06-09 01:20:12
numbmode.xyz,true,0,367,225337,0,0,1,0,1,1,2025-12-01 10:18:52,2026-05-31 01:02:28
vvvv0020.xyz,true,0,369,197342,0,0,1,0,1,1,2025-12-05 12:09:22,2026-06-04 04:27:54
wainayya.xyz,true,0,367,296503,0,0,2,0,2,2,2025-11-16 07:07:29,2026-06-02 05:16:04
yajiaspj.xyz,true,0,369,217394,0,0,1,0,1,1,2025-12-03 09:49:32,2026-06-02 03:38:03
xpujing5.xyz,true,0,367,250038,0,0,4,0,4,4,2025-11-20 18:09:42,2026-06-02 01:30:59
lixcious.xyz,true,0,366,225398,0,0,1,0,1,1,2025-12-03 00:26:46,2026-06-02 01:30:39
unimeats.xyz,true,0,362,132867,0,0,1,0,1,1,2025-12-01 22:04:17,2026-05-31 01:41:55
alerusrs.xyz,true,0,361,264378,0,0,1,0,1,1,2025-11-13 15:11:53,2026-05-13 01:03:42
heptaceo.xyz,true,0,366,209053,0,0,1,0,1,1,2025-11-28 13:44:12,2026-05-28 01:32:07
capabess.xyz,true,0,363,289497,0,0,1,0,1,1,2025-11-23 14:17:33,2026-05-23 01:53:59
gombilog.xyz,true,0,368,249353,0,0,4,0,4,4,2025-11-24 03:14:27,2026-06-06 03:01:03
jenlaret.xyz,true,0,367,47912,0,0,1,0,1,1,2025-11-04 22:26:29,2026-05-04 06:25:16
takinoil.xyz,true,0,365,122631,0,0,1,0,1,1,2025-11-29 19:15:29,2026-05-29 02:03:44
mxdaigua.xyz,true,0,368,216714,0,0,3,0,3,3,2025-12-01 18:55:08,2026-06-05 05:32:34
igoganka.xyz,true,0,368,185722,0,0,3,0,3,3,2025-11-23 17:04:15,2026-06-05 05:38:55
ludongmm.xyz,true,0,366,88537,0,0,1,0,1,1,2025-11-04 10:45:58,2026-05-04 02:56:01
ycouncil.xyz,true,0,368,264151,0,0,2,0,2,2,2025-12-01 16:35:52,2026-06-04 01:57:23
pamotion.xyz,true,0,365,217431,0,0,1,0,1,1,2025-12-03 21:34:26,2026-06-02 14:34:55
carlacuc.xyz,true,0,362,234855,0,0,1,0,1,1,2025-11-16 06:07:30,2026-05-16 02:06:23
freyabea.xyz,true,0,367,217561,0,0,1,0,1,1,2025-12-05 08:19:01,2026-06-04 02:03:18
ppstvapp.xyz,true,0,366,172403,0,0,1,0,1,1,2025-12-04 10:48:34,2026-06-03 02:27:15
digisnbi.xyz,true,0,365,271533,0,0,2,0,2,2,2025-12-03 23:03:42,2026-06-03 22:38:30
zionxusa.xyz,true,0,365,187209,0,0,1,0,1,1,2025-12-05 01:34:10,2026-06-04 02:27:27
slot118a.xyz,true,0,366,254015,0,0,2,0,2,2,2025-12-06 05:48:34,2026-06-08 07:50:08
mvariate.xyz,true,0,364,142427,0,0,1,0,1,1,2025-12-05 15:19:32,2026-06-04 06:27:41
takscout.xyz,true,0,364,250958,0,0,1,0,1,1,2025-12-03 22:16:29,2026-06-02 03:27:03
prvindia.xyz,true,0,363,220165,0,0,1,0,1,1,2025-12-02 10:57:00,2026-06-01 03:22:06
vdkqates.xyz,true,0,363,152820,0,0,1,0,1,1,2025-12-06 14:35:39,2026-06-05 07:00:11
gamexpin.xyz,true,0,363,156467,0,0,1,0,1,1,2025-12-07 19:05:41,2026-06-06 04:17:51
mbayeart.xyz,true,0,365,195849,0,0,1,0,1,1,2025-12-04 15:08:02,2026-06-03 07:42:50
v9181004.xyz,true,0,363,227658,0,0,2,0,2,2,2025-11-16 20:21:16,2026-05-17 07:10:28
cfcfacil.xyz,true,0,366,225065,0,0,3,0,3,3,2025-11-22 11:03:52,2026-05-29 03:34:21
kaluowei.xyz,true,0,361,194293,0,0,2,0,2,2,2025-12-05 13:52:52,2026-06-04 07:27:02
prettyzz.xyz,true,0,365,196254,0,0,1,0,1,1,2025-12-03 02:37:51,2026-06-02 04:02:34
custom-wristbands.xyz,true,0,235,330331,0,0,2,0,2,2,2025-09-05 14:32:53,2026-04-22 05:36:28
nnavatar.xyz,true,0,370,206087,0,0,2,0,2,2,2025-12-02 21:18:43,2026-06-05 07:40:11
usanamys.xyz,true,0,367,225248,0,0,2,0,2,2,2025-12-02 18:18:33,2026-06-04 04:01:33
gzikang6.xyz,true,0,365,222562,0,0,1,0,1,1,2025-11-28 19:35:14,2026-05-28 04:26:33
enemafan.xyz,true,0,365,161103,0,0,1,0,1,1,2025-11-20 14:44:18,2026-05-20 00:20:06
tianhao1.xyz,true,0,366,255977,0,0,1,0,1,1,2025-12-02 14:12:40,2026-06-01 09:11:07
yy444333.xyz,true,0,367,249924,0,0,1,0,1,1,2025-12-04 10:06:52,2026-06-03 05:16:52
taptcash.xyz,true,0,369,121794,0,0,1,0,1,1,2025-12-06 09:52:37,2026-06-05 00:32:21
www217zh.xyz,true,0,365,156107,0,0,2,0,2,2,2025-12-01 21:55:56,2026-06-05 04:29:29
swinking.xyz,true,0,366,221359,0,0,1,0,1,1,2025-11-25 00:48:14,2026-05-25 01:05:57
sqkvalve.xyz,true,0,365,256459,0,0,1,0,1,1,2025-11-24 16:55:57,2026-05-24 01:06:39
ilang101.xyz,true,0,366,221447,0,0,1,0,1,1,2025-11-29 20:30:18,2026-05-29 16:23:36
kanisani.xyz,true,0,365,192456,0,0,2,0,2,2,2025-11-19 16:36:03,2026-05-19 00:44:54
writezai.xyz,true,0,364,228487,0,0,2,0,2,2,2025-12-04 21:54:02,2026-06-04 00:39:45
alloush1.xyz,true,0,367,196930,0,0,1,0,1,1,2025-12-02 17:54:37,2026-06-01 02:26:43
emmedyat.xyz,true,0,365,242204,0,0,1,0,1,1,2025-12-04 03:05:27,2026-06-03 01:21:02
letslarp.xyz,true,0,362,212568,0,0,3,0,3,3,2025-12-06 10:19:26,2026-06-06 02:18:21
pazhidai.xyz,true,0,367,229106,0,0,3,0,3,3,2025-11-19 17:06:27,2026-06-01 01:35:39
hannahtw.xyz,true,0,366,186474,0,0,1,0,1,1,2025-12-03 08:08:37,2026-06-02 01:59:44
dfxindia.xyz,true,0,363,170650,0,0,1,0,1,1,2025-11-19 17:10:59,2026-05-19 01:55:48
vamlinks.xyz,true,0,366,276016,0,0,1,0,1,1,2025-12-05 03:31:06,2026-06-04 01:35:15
ausserum.xyz,true,0,364,255390,0,0,1,0,1,1,2025-11-18 10:51:59,2026-05-18 01:45:37
edythban.xyz,true,0,361,216669,0,0,1,0,1,1,2025-11-20 19:49:31,2026-05-20 05:42:34
kupianwu.xyz,true,0,360,243037,0,0,3,0,3,3,2025-11-20 18:15:16,2026-06-02 10:00:43
flaptime.xyz,true,0,365,147639,0,0,1,0,1,1,2025-12-01 01:47:20,2026-05-31 02:30:51
deltaftx.xyz,true,0,365,213865,0,0,2,0,2,2,2025-11-12 05:25:23,2026-05-20 02:24:46
nomadgst.xyz,true,0,364,228808,0,0,2,0,2,2,2025-12-01 07:13:30,2026-06-02 10:22:16
kwtipack.xyz,true,0,366,220104,0,0,1,0,1,1,2025-12-02 13:57:53,2026-06-01 03:00:06
shivamcg.xyz,true,0,365,135438,0,0,2,0,2,2,2025-12-07 22:00:32,2026-06-07 03:49:52
soryalie.xyz,true,0,361,247364,0,0,1,0,1,1,2025-12-03 10:04:30,2026-06-02 03:20:46
ispadvis.xyz,true,0,364,119951,0,0,1,0,1,1,2025-11-20 14:21:29,2026-05-20 02:55:57
jedan711.xyz,true,0,362,155012,0,0,2,0,2,2,2025-11-30 20:48:11,2026-06-07 04:20:33
yymaimai.xyz,true,0,366,102239,0,0,1,0,1,1,2025-11-11 12:49:40,2026-05-11 02:58:51
hanbanan.xyz,true,0,365,187862,0,0,1,0,1,1,2025-12-07 05:21:26,2026-06-06 00:25:00
xpj70016.xyz,true,0,369,149409,0,0,3,0,3,3,2025-12-05 17:37:29,2026-06-07 00:20:26
cippangu.xyz,true,0,365,215199,0,0,1,0,1,1,2025-12-05 07:24:56,2026-06-04 03:39:32
booshelf.xyz,true,0,365,137971,0,0,1,0,1,1,2025-12-02 17:55:08,2026-06-01 03:57:46
chamoshi.xyz,true,0,365,253777,0,0,1,0,1,1,2025-12-06 00:13:08,2026-06-05 03:25:47
lnwchiro.xyz,true,0,365,258674,0,0,2,0,2,2,2025-11-24 10:45:52,2026-05-26 04:13:52
eletexsg.xyz,true,0,370,271235,0,0,3,0,3,3,2025-11-20 01:15:48,2026-05-29 04:38:02
jeweltjq.xyz,true,0,364,138360,0,0,1,0,1,1,2025-11-11 09:09:47,2026-05-11 00:04:54
88530tyc.xyz,true,0,363,234799,0,0,1,0,1,1,2025-11-27 20:01:25,2026-05-27 00:37:43
kuai1688.xyz,true,0,365,222330,0,0,3,0,3,3,2025-11-20 04:22:46,2026-05-27 00:47:50
phonetis.xyz,true,0,364,221811,0,0,1,0,1,1,2025-11-16 20:31:39,2026-05-16 00:12:26
jouet24h.xyz,true,0,366,272737,0,0,1,0,1,1,2025-11-25 11:45:27,2026-05-25 05:09:20
vistacab.xyz,true,0,363,186182,0,0,1,0,1,1,2025-12-01 20:55:52,2026-05-31 01:23:36
shopikgo.xyz,true,0,368,244247,0,0,1,0,1,1,2025-11-11 12:42:54,2026-05-11 00:39:23
xushuish.xyz,true,0,365,225144,0,0,1,0,1,1,2025-11-25 19:05:26,2026-05-25 00:19:54
riadimmo.xyz,true,0,363,174586,0,0,1,0,1,1,2025-12-09 13:27:57,2026-06-08 06:49:43
arcontel.xyz,true,0,362,109125,0,0,2,0,2,2,2025-11-11 12:29:37,2026-05-11 01:29:30
touachat.xyz,true,0,365,219815,0,0,1,0,1,1,2025-12-06 22:45:24,2026-06-05 02:16:05
halaal24.xyz,true,0,366,226621,0,0,1,0,1,1,2025-11-16 16:43:48,2026-05-16 02:11:45
diempays.xyz,true,0,361,122838,0,0,1,0,1,1,2025-11-12 10:53:55,2026-05-12 02:40:26
lv116688.xyz,true,0,361,169484,0,0,1,0,1,1,2025-12-11 08:20:47,2026-06-10 00:58:47
sennapro.xyz,true,0,365,276289,0,0,1,0,1,1,2025-11-27 21:51:44,2026-05-27 01:07:18
typekist.xyz,true,0,366,230681,0,0,1,0,1,1,2025-12-01 21:28:04,2026-05-31 05:28:19
pdhorton.xyz,true,0,362,237708,0,0,2,0,2,2,2025-11-16 18:07:12,2026-06-08 01:22:18
seo-anomaly-anchor.xyz,true,0,16,80,0,0,299,299,0,0,2026-05-11 11:03:47,
seo-anomaly-sitemap.xyz,true,0,16,80,0,0,298,298,0,0,2026-05-11 13:39:09,
seo-anomaly-organic.xyz,true,0,16,128,0,0,10,10,0,0,2026-05-11 18:09:09,
seo-anomaly-pagerank.xyz,true,0,16,128,0,0,10,10,0,0,2026-05-11 15:08:41,
seo-anomaly-dwell.xyz,true,0,16,47,0,0,1,1,0,0,2026-05-12 08:17:04,
complete-auto-repair-docs.xyz,true,0,792,415778,0,0,4,3,0,4,2026-02-17 04:30:43,
seo-anomaly-linkjuice.xyz,true,0,15,47,0,0,1,1,0,0,2026-05-12 18:16:12,
seo-anomaly-indexing.xyz,true,0,15,78,0,0,299,299,0,0,2026-05-11 22:27:53,
abc-2.xyz,true,0,210,125194,0,0,1,0,1,1,2025-09-08 17:16:54,2026-04-20 07:03:02
promotional-wrist-bands.xyz,true,0,206,188878,0,0,1,0,1,1,2025-08-31 10:22:54,2026-04-25 14:10:11
ambsuperslot-login.xyz,true,0,700,171567,0,0,1,0,1,1,2025-09-06 08:19:38,2026-04-06 22:07:54
sskd.xyz,true,0,468,327153,0,0,3,0,3,3,2025-11-10 22:18:16,2026-05-12 01:43:31
fbmsg.xyz,true,0,243,203970,0,0,1,0,1,1,2025-09-13 13:08:08,2026-04-17 16:28:59
xxx356.xyz,true,0,282,146058,0,0,1,0,1,1,2025-09-03 15:57:51,2026-04-12 17:23:24
thgj.xyz,true,0,456,324786,0,0,2,0,2,2,2025-11-15 00:07:46,2026-05-16 03:36:24
shapk2023d.xyz,true,0,235,263856,0,0,1,0,1,1,2025-09-06 01:03:47,2026-04-25 21:39:34
duuourvd.xyz,true,0,207,102530,0,0,1,0,1,1,2025-08-30 22:27:25,2026-04-14 04:39:41
bakurco.xyz,true,0,236,162848,0,0,1,0,1,1,2025-09-06 00:41:12,2026-04-06 06:50:27
advanceautomattedbusiness.xyz,true,0,230,159538,0,0,1,0,1,1,2025-08-31 05:08:52,2026-04-20 06:03:18
fcfkpstq.xyz,true,0,205,239981,0,0,2,0,2,2,2025-09-22 03:43:17,2026-04-22 07:13:19
89slotxo.xyz,true,0,207,171568,0,0,1,0,1,1,2025-09-06 16:39:50,2026-04-03 02:00:15
qeryyyyzrrr.xyz,true,0,244,145247,0,0,2,0,2,2,2025-09-06 02:20:49,2026-04-14 17:26:57
zdteijhk.xyz,true,0,209,111760,0,0,2,0,2,2,2025-08-31 19:02:49,2026-04-18 20:45:37
stazllxd.xyz,true,0,206,180603,0,0,1,0,1,1,2025-09-14 12:30:03,2026-04-09 02:12:29
8lhggo4xm.xyz,true,0,207,136772,0,0,1,0,1,1,2025-09-16 21:30:09,2026-04-07 06:48:08
144-217-68-170.xyz,true,0,246,153393,0,0,1,0,1,1,2025-09-04 09:53:14,2026-04-24 01:36:24
dvwjkplk.xyz,true,0,205,174138,0,0,1,0,1,1,2025-09-07 20:22:12,2026-04-17 22:57:57
i-11-cdn.xyz,true,0,234,158415,0,0,1,0,1,1,2025-09-10 02:04:22,2026-04-06 04:38:56
edllsian.xyz,true,0,210,77398,0,0,1,0,1,1,2025-08-31 17:06:48,2026-04-18 07:54:22
ewigovdr.xyz,true,0,210,149779,0,0,2,0,2,2,2025-09-05 20:05:55,2026-04-25 02:15:27
mesjowae.xyz,true,0,205,181976,0,0,2,0,2,2,2025-08-31 14:05:16,2026-04-23 08:27:56
i-technology.xyz,true,0,230,169759,0,0,2,0,2,2,2025-08-30 11:54:10,2026-04-15 08:13:49
toakiiikarrrt.xyz,true,0,246,98599,0,0,1,0,1,1,2025-08-11 17:22:16,2026-04-13 06:38:57
nynboxdo.xyz,true,0,205,160923,0,0,2,0,2,2,2025-09-05 15:54:19,2026-04-26 13:53:55
megagame888.xyz,true,0,205,131653,0,0,1,0,1,1,2025-09-05 07:10:45,2026-04-11 02:00:53
zyovpzth.xyz,true,0,206,55481,0,0,1,0,1,1,2025-09-09 17:35:41,2026-04-05 04:54:55
bsn-degree-dataskills.xyz,true,0,800,399018,0,0,3,1,0,3,2026-02-19 23:28:42,
aircon-repair-solutionsquickfix.xyz,true,0,790,498987,0,0,4,2,0,4,2026-02-11 17:17:40,
simple-washer-repair-spot.xyz,true,0,798,453432,0,0,5,1,2,5,2026-02-08 17:26:00,
epnazyx.info,true,0,787,456054,0,0,7,5,1,7,2026-02-15 18:15:33,
aircon-cleaning-service-spot.xyz,true,0,795,433216,0,0,3,1,0,3,2026-02-11 03:54:23,
clinical-psych-solutionspro.xyz,true,0,791,452745,0,0,4,1,1,4,2026-01-21 04:40:13,
kvlxwvi.info,true,0,796,395602,0,0,5,3,1,5,2026-02-08 21:22:58,
vgrddpn.info,true,0,799,431513,0,0,7,2,2,7,2026-01-22 08:54:29,
aircon-repair-fasttrack.xyz,true,0,791,439895,0,0,5,2,2,5,2026-02-16 00:08:51,
bepobml.info,true,0,804,401251,0,0,3,2,0,3,2026-02-25 08:26:42,
clinical-psych-strategyxyz.xyz,true,0,786,395550,0,0,3,0,1,3,2026-02-12 13:45:48,
simple-airduct-repair-spot.xyz,true,0,801,382141,0,0,1,1,0,1,2026-03-31 15:05:33,
dobuiht.info,true,0,799,465463,0,0,8,5,3,8,2026-01-19 07:24:04,
dbaznll.info,true,0,798,490516,0,0,6,4,0,6,2026-02-25 10:35:43,
osh4f2.asia,true,0,796,425324,0,0,9,3,2,9,2026-02-14 12:01:08,
clinical-psych-degree-analyticstech.xyz,true,0,789,474513,0,0,1,1,0,1,2026-03-30 15:51:15,
teponoz.info,true,0,795,444148,0,0,5,3,2,5,2026-01-17 12:46:17,
data-analysis-studio.xyz,true,0,789,532972,0,0,2,0,0,2,2026-02-08 01:02:11,
ujwvutg.info,true,0,795,438561,0,0,2,0,2,2,2026-02-07 14:47:47,2026-05-01 11:01:02
vc0ri9.asia,true,0,789,472683,0,0,2,2,0,2,2026-05-31 03:46:15,
igz4te.asia,true,0,799,390173,0,0,4,1,1,4,2026-02-16 10:41:05,
xvgstjv.info,true,0,800,399785,0,0,4,1,3,4,2026-02-08 22:01:34,
justgse.info,true,0,799,423755,0,0,4,2,2,4,2026-02-23 05:41:11,
oykjiug.info,true,0,797,498232,0,0,7,0,4,7,2026-02-14 06:54:59,
your-airduct-repair-check.xyz,true,0,803,337737,0,0,4,3,0,4,2026-03-19 03:57:47,
mywwvhf.info,true,0,790,460523,0,0,4,2,1,4,2026-01-22 03:12:33,
bykllxo.info,true,0,798,464596,0,0,3,0,2,3,2026-02-09 11:15:26,
mkilkju.info,true,0,799,458277,0,0,6,3,2,6,2026-02-14 19:42:32,
ifrferv.info,true,0,798,431171,0,0,1,0,1,1,2026-02-15 02:55:36,2026-04-06 20:09:06
mkvuhht.info,true,0,791,451066,0,0,7,4,2,7,2026-02-13 15:48:20,
data-analysis-development.xyz,true,0,800,454384,0,0,5,2,1,5,2026-02-26 20:34:46,
rbnzlxj.info,true,0,800,371639,0,0,6,2,2,6,2026-02-11 16:18:57,
yjuvwiu.info,true,0,805,451523,0,0,6,1,3,6,2026-01-24 03:40:44,
utrqqct.info,true,0,800,380670,0,0,4,1,2,4,2026-01-13 23:22:11,
aircon-repair-maintenancehelp.xyz,true,0,802,455972,0,0,2,1,0,2,2026-02-18 12:51:46,
panbmdc.info,true,0,800,521699,0,0,3,1,0,3,2026-02-20 09:53:45,
data-analysis-degree-datateamwork.xyz,true,0,800,444650,0,0,3,1,0,3,2026-02-13 14:35:09,
itfserq.info,true,0,792,503214,0,0,6,5,1,6,2026-03-23 16:37:53,
sqdcgtf.info,true,0,791,432821,0,0,6,2,3,6,2026-02-16 02:06:45,
nlkjvhg.info,true,0,800,446404,0,0,2,1,0,2,2026-03-26 04:07:52,
u6x9xf.asia,true,0,793,576777,0,0,5,4,0,5,2026-02-13 08:19:59,
twvutfe.info,true,0,798,340024,0,0,1,1,0,1,2026-06-16 05:11:24,
aircon-repair-helpdeskpro.xyz,true,0,799,386836,0,0,3,0,2,3,2026-02-21 15:42:26,
ifrkwjv.info,true,0,793,433999,0,0,5,3,1,5,2026-02-13 09:51:30,
fqoanzy.info,true,0,798,397656,0,0,3,0,2,3,2026-01-15 20:39:10,
qb6pom.asia,true,0,801,510610,0,0,4,2,1,4,2026-02-21 04:34:34,
smart-auto-repair-help.xyz,true,0,796,405055,0,0,1,0,0,1,2026-02-19 05:32:57,
smart-car-freight-help.xyz,true,0,799,427136,0,0,3,1,1,3,2026-02-15 00:58:16,
engineering-degree-datateamwork.xyz,true,0,799,504225,0,0,5,0,2,5,2026-01-12 08:10:58,
uxvhvgs.info,true,0,796,453292,0,0,7,4,1,7,2026-02-13 17:57:24,
practical-fridge-repair-info.xyz,true,0,793,423282,0,0,2,1,0,2,2026-03-16 17:20:07,
tidgy8.asia,true,0,788,420924,0,0,5,3,0,5,2026-02-26 05:17:36,
urban-auto-repair-point.xyz,true,0,805,360369,0,0,2,1,0,2,2026-03-28 15:44:59,
kx474q.asia,true,0,792,439420,0,0,6,4,2,6,2026-02-09 15:20:09,
ozkkkww.info,true,0,802,540631,0,0,6,1,0,6,2026-02-09 15:57:08,
vgsefdp.info,true,0,801,449179,0,0,4,4,0,4,2026-04-26 02:01:35,
aircon-repair-maintenanceexperts.xyz,true,0,794,445659,0,0,3,1,1,3,2026-02-11 13:54:34,
clinical-psych-degree-datateamwork.xyz,true,0,796,476359,0,0,4,0,0,4,2026-02-13 11:11:25,
hffefep.info,true,0,795,450528,0,0,6,1,4,6,2026-02-20 01:27:33,
bsn-degree-analyticstech.xyz,true,0,798,457484,0,0,6,3,1,6,2026-02-11 18:31:40,
livunnz.info,true,0,796,479956,0,0,2,0,1,2,2026-02-21 11:32:34,
gfdugsr.info,true,0,788,400785,0,0,8,5,3,8,2026-02-11 15:10:17,
wvamyxd.info,true,0,791,464531,0,0,3,2,2,3,2026-02-20 08:21:43,
data-analysis-degree-datasupport.xyz,true,0,794,429514,0,0,4,1,1,4,2026-02-16 22:20:46,
pnzrqco.info,true,0,786,433412,0,0,5,2,0,5,2026-02-23 05:30:13,
pozyzlx.info,true,0,785,414630,0,0,1,0,0,1,2026-02-14 16:55:24,
ihfggss.info,true,0,793,382993,0,0,1,0,1,1,2026-02-21 11:37:36,2026-05-02 11:35:57
i1b4tt.asia,true,0,793,467364,0,0,5,1,2,5,2026-02-11 22:08:40,
iyylyzx.info,true,0,786,483451,0,0,6,4,2,6,2026-02-15 15:53:12,
iffeqep.info,true,0,789,488037,0,0,2,2,0,2,2026-04-18 22:33:38,
xwuhgsd.info,true,0,791,485113,0,0,4,1,2,4,2026-02-13 18:46:26,
clinical-psych-explore.xyz,true,0,797,441156,0,0,3,1,2,3,2026-02-19 17:58:23,
pzypcoz.info,true,0,792,438859,0,0,2,0,1,2,2026-02-09 08:48:11,
xa0win.asia,true,0,793,433859,0,0,7,3,3,7,2026-02-15 17:25:50,
ufrrdbn.info,true,0,789,461436,0,0,3,1,1,3,2026-02-10 09:10:41,
gutter-repair-solutionswork.xyz,true,0,794,285568,0,0,1,0,0,1,2026-03-19 10:27:26,
aircon-repair-expertfix.xyz,true,0,786,340360,0,0,2,1,0,2,2026-02-16 20:09:55,
floor-repair-efficientcare.xyz,true,0,789,418446,0,0,3,3,0,3,2026-04-02 11:39:01,
rpggffr.info,true,0,787,464218,0,0,12,9,2,12,2026-02-10 09:55:35,
i00qbl.asia,true,0,797,411000,0,0,5,4,1,5,2026-03-20 03:15:54,
airduct-cleaning-skillspro365.xyz,true,0,792,409056,0,0,6,3,2,6,2026-02-14 03:30:47,
q9zyrv.asia,true,0,789,425028,0,0,2,0,2,2,2026-02-21 11:27:15,2026-04-16 14:09:28
hteqdcp.info,true,0,795,495861,0,0,10,7,2,10,2026-01-24 08:44:50,
your-fridge-repair-check.xyz,true,0,792,357622,0,0,1,0,0,1,2026-01-21 04:33:26,
alkjnaa.info,true,0,791,514848,0,0,6,1,2,6,2026-01-13 17:30:56,
mold-cleaning-knowhow247.xyz,true,0,797,462721,0,0,2,0,0,2,2026-02-22 01:56:34,
fdoosed.info,true,0,780,467035,0,0,4,2,1,4,2026-02-20 10:38:00,
jhhykji.info,true,0,786,455157,0,0,11,4,6,11,2026-01-19 00:41:15,
u29o4g.asia,true,0,794,487330,0,0,2,0,1,2,2026-02-10 14:36:24,
fqbnzll.info,true,0,790,438300,0,0,5,3,1,5,2026-02-10 09:23:33,
data-analysis-solutionspro.xyz,true,0,796,410099,0,0,4,1,2,4,2026-02-10 22:17:44,
auto-repair-service-spot.xyz,true,0,791,399961,0,0,3,0,1,3,2026-02-20 02:18:37,
mold-cleaning-teamwork711.xyz,true,0,795,416017,0,0,4,0,1,4,2026-02-13 22:24:08,
rdqrvih.info,true,0,793,489399,0,0,10,8,2,10,2026-02-17 10:14:52,
sirn91.asia,true,0,781,441709,0,0,2,0,2,2,2026-02-14 17:50:27,2026-04-05 06:28:56
lx39vy.asia,true,0,794,414159,0,0,2,1,0,2,2026-02-19 18:20:06,
full-car-freight-help.xyz,true,0,794,420401,0,0,1,0,0,1,2026-02-10 08:39:03,
clinical-psych-datalab.xyz,true,0,790,411348,0,0,1,0,1,1,2026-02-18 16:51:06,2026-04-08 23:45:53
kitgfqc.info,true,0,793,476612,0,0,4,1,2,4,2026-02-08 02:48:05,
ocs1lp.asia,true,0,792,479039,0,0,4,4,0,4,2026-04-11 22:51:00,
akbnzyx.info,true,0,798,445175,0,0,5,3,2,5,2026-02-13 19:14:54,
mold-cleaning-solutionsquickfix.xyz,true,0,793,377900,0,0,2,0,0,2,2026-02-26 02:17:33,
epnzmlk.info,true,0,788,413355,0,0,5,3,2,5,2026-01-19 19:06:36,
data-analysis-growthhub.xyz,true,0,794,433030,0,0,1,0,0,1,2026-02-20 08:36:14,
q3svxv.asia,true,0,796,482486,0,0,8,5,1,8,2026-02-10 20:30:37,
paarfrr.info,true,0,797,431706,0,0,3,2,0,3,2026-02-08 04:10:48,
bsn-degree-insightacademy.xyz,true,0,789,382790,0,0,3,0,2,3,2026-02-19 03:18:29,
kigfswu.info,true,0,791,426182,0,0,2,1,1,2,2026-02-15 14:56:08,
ozkwkkv.info,true,0,795,421422,0,0,8,4,1,8,2026-01-21 03:50:29,
olyxyxi.info,true,0,790,450675,0,0,2,1,1,2,2026-02-24 21:11:30,
clinical-psych-degree-insightscenterhub.xyz,true,0,794,413760,0,0,3,0,1,3,2026-02-14 08:36:41,
ywvugfj.info,true,0,787,435024,0,0,1,0,0,1,2026-02-27 16:48:11,
airduct-repair-lab-access.xyz,true,0,794,445355,0,0,4,4,0,4,2026-03-31 07:40:02,
clinical-psych-degree-resultsprogram.xyz,true,0,794,436633,0,0,5,1,0,5,2026-02-07 18:31:20,
aircon-cleaning-support-line.xyz,true,0,791,388921,0,0,5,0,3,5,2026-02-15 07:10:58,
your-aircon-cleaning-check.xyz,true,0,793,436517,0,0,3,0,1,3,2026-01-20 17:13:59,
car-freight-map-access.xyz,true,0,797,351164,0,0,1,0,0,1,2026-02-24 03:09:55,
u0ueze.asia,true,0,792,448325,0,0,3,2,0,3,2026-03-23 00:11:23,
vtsseqd.info,true,0,795,487413,0,0,10,7,3,10,2026-02-08 19:33:04,
dozmayk.info,true,0,793,511547,0,0,7,4,3,7,2026-02-13 14:28:06,
aircon-repair-quickservicepro.xyz,true,0,796,399931,0,0,2,1,0,2,2026-03-28 00:44:47,
oxv0y5.asia,true,0,788,452807,0,0,3,1,2,3,2026-01-15 22:09:42,
clinical-psych-studio.xyz,true,0,792,413510,0,0,1,1,0,1,2026-04-17 03:26:39,
mkkjiua.info,true,0,791,478057,0,0,4,2,0,4,2026-02-17 15:16:26,
clinical-psych-degree-datasupport.xyz,true,0,794,464896,0,0,7,2,0,7,2026-02-19 18:40:25,
floor-repair-helpdeskpro.xyz,true,0,793,424234,0,0,5,2,1,5,2026-02-13 09:52:38,
car-freight-service-spot.xyz,true,0,795,400060,0,0,3,2,0,3,2026-03-22 18:40:25,
w8umgl.asia,true,0,795,466373,0,0,10,7,1,10,2026-01-02 23:05:59,
rankvance.online,true,0,3,52581,0,0,2,2,2,2,2026-04-27 16:11:49,2026-06-10 21:00:41
dbammpo.info,true,0,789,457987,0,0,9,2,7,9,2026-02-14 21:52:03,
x7nyfl.asia,true,0,783,600689,0,0,9,1,6,9,2026-01-15 11:00:58,
rbamyko.info,true,0,791,449297,0,0,4,1,3,4,2026-02-16 02:46:36,
t8ex5d.asia,true,0,790,444756,0,0,5,2,3,5,2026-01-24 13:10:24,
airduct-repair-inspection.xyz,true,0,786,429010,0,0,4,0,1,4,2026-01-18 02:57:17,
khgsjvh.info,true,0,794,568546,0,0,6,3,2,6,2026-01-12 06:19:15,
igerpon.info,true,0,790,455968,0,0,6,4,2,6,2026-02-14 05:45:16,
n97ddh.asia,true,0,793,513382,0,0,3,2,1,3,2026-02-14 04:59:32,
qbamylq.info,true,0,794,464979,0,0,5,1,3,5,2026-02-14 03:03:41,
practical-flooring-install-info.xyz,true,0,792,426052,0,0,3,1,1,3,2026-02-11 12:52:33,
simple-car-freight-spot.xyz,true,0,791,428751,0,0,3,1,1,3,2026-01-21 03:49:49,
full-aircon-cleaning-help.xyz,true,0,791,411569,0,0,1,0,1,1,2026-02-19 11:55:23,2026-04-05 23:12:03
palxcon.info,true,0,794,424609,0,0,8,2,3,8,2026-01-25 05:55:15,
gddrdco.info,true,0,793,496485,0,0,4,2,1,4,2026-02-12 21:31:17,
wughgsq.info,true,0,791,514674,0,0,9,4,3,9,2026-02-13 08:36:51,
w0l1g6.asia,true,0,788,432911,0,0,7,5,2,7,2026-03-16 18:40:55,
r821h7.asia,true,0,792,578871,0,0,5,4,0,5,2026-03-21 15:28:47,
clinical-psych-growthhub.xyz,true,0,792,421435,0,0,8,4,1,8,2026-01-19 00:33:30,
kwiuttf.info,true,0,787,400285,0,0,5,3,1,5,2026-02-11 09:21:21,
bbfeqco.info,true,0,786,460624,0,0,6,3,4,6,2026-02-20 01:28:39,
uj3iy6.asia,true,0,788,503477,0,0,5,2,1,5,2026-02-27 06:45:57,
airduct-repair-service-spot.xyz,true,0,790,384895,0,0,1,1,0,1,2026-03-30 01:06:31,
jt4zb7.asia,true,0,788,417424,0,0,4,2,2,4,2026-02-21 21:37:28,
m2d2r0.asia,true,0,791,428449,0,0,6,1,3,6,2026-02-08 22:51:20,
auto-repair-maintenance.xyz,true,0,793,465897,0,0,2,1,1,2,2026-02-20 05:29:01,
ly6e7a.asia,true,0,790,405485,0,0,8,3,5,8,2026-02-13 06:01:50,
rjy5l6.asia,true,0,795,535520,0,0,4,1,1,4,2026-02-07 20:02:33,
auto-repair-map-access.xyz,true,0,796,455452,0,0,3,1,1,3,2026-02-12 10:00:29,
bsn-degree-reportdesk.xyz,true,0,789,436257,0,0,5,2,2,5,2026-02-26 22:24:11,
sqooamk.info,true,0,785,453038,0,0,3,1,0,3,2026-02-19 05:06:37,
data-analysis-careerdeck.xyz,true,0,790,422131,0,0,2,0,1,2,2026-02-15 03:51:13,
clinical-psych-degree-solutionsdeskpro.xyz,true,0,795,485301,0,0,5,0,1,5,2026-02-07 22:34:20,
urban-car-freight-point.xyz,true,0,785,439687,0,0,6,2,0,6,2026-01-24 08:58:04,
floor-repair-solutionsquickfix.xyz,true,0,795,274329,0,0,4,3,0,4,2026-03-27 10:58:26,
mold-cleaning-skillspro365.xyz,true,0,794,407104,0,0,3,3,0,3,2026-03-29 20:30:44,
k307og.asia,true,0,787,422827,0,0,5,2,0,5,2026-01-25 06:36:12,
j799a5.asia,true,0,795,511057,0,0,10,6,2,10,2026-02-15 12:14:25,
practical-auto-repair-info.xyz,true,0,794,389742,0,0,3,2,0,3,2026-02-16 17:12:42,
clinical-psych-datahub.xyz,true,0,794,436821,0,0,4,3,0,4,2026-03-28 20:44:33,
jusrdel.info,true,0,792,429618,0,0,2,1,1,2,2026-02-18 22:41:33,
jugsrdc.info,true,0,790,479976,0,0,7,4,3,7,2026-02-15 03:17:30,
data-analysis-strategyxyz.xyz,true,0,789,296608,0,0,3,3,0,3,2026-03-30 17:40:44,
nylxyxw.info,true,0,795,398320,0,0,3,2,1,3,2026-02-10 09:46:58,
aircon-repair-efficientcare.xyz,true,0,796,353525,0,0,1,0,1,1,2026-02-20 13:21:30,2026-04-06 21:55:14
whunaza.info,true,0,791,570261,0,0,7,6,0,7,2026-03-21 15:19:27,
vtfrdpb.info,true,0,784,472718,0,0,7,6,0,7,2026-02-11 19:18:49,
hufgseq.info,true,0,795,428836,0,0,8,5,2,8,2026-02-09 19:42:08,
zxvhgfe.info,true,0,791,449275,0,0,2,1,0,2,2026-01-23 17:49:56,
bzpoamy.info,true,0,794,445132,0,0,4,3,2,4,2026-03-20 19:48:37,
jugghhl.info,true,0,791,457743,0,0,8,3,3,8,2026-02-09 17:49:57,
ljvuivu.info,true,0,790,547295,0,0,1,1,0,1,2026-05-10 23:50:41,
mkwxoop.info,true,0,789,497474,0,0,6,2,2,6,2026-02-14 18:54:35,
yd5dix.asia,true,0,786,416336,0,0,3,2,1,3,2026-02-19 23:17:59,
ufsrsrs.info,true,0,793,453881,0,0,10,5,2,10,2026-02-16 08:28:04,
floor-repair-expertfix.xyz,true,0,788,453418,0,0,7,0,2,7,2026-02-14 14:01:04,
rcoamlx.info,true,0,793,427546,0,0,5,2,3,5,2026-01-19 07:50:36,
window-repair-service-spot.xyz,true,0,794,435657,0,0,2,0,0,2,2026-02-14 16:15:15,
aljvvus.info,true,0,795,443121,0,0,4,4,0,4,2026-05-01 01:25:08,
ueeqeqq.info,true,0,794,466314,0,0,5,3,2,5,2026-02-19 10:29:40,
engineering-degree-analyticstech.xyz,true,0,791,237113,0,0,1,0,0,1,2026-03-27 01:00:03,
engineering-degree-reportdesk.xyz,true,0,787,435361,0,0,2,1,1,2,2026-02-27 19:27:49,
i7k9rr.asia,true,0,786,430093,0,0,10,3,4,10,2026-01-17 15:18:57,
rpbppof.info,true,0,791,377363,0,0,3,3,0,3,2026-04-24 23:56:17,
gutter-repair-expertfix.xyz,true,0,785,452167,0,0,3,1,2,3,2026-02-17 14:22:10,
data-analysis-education.xyz,true,0,795,388910,0,0,1,0,0,1,2026-02-25 17:58:29,
kigfrdc.info,true,0,794,468946,0,0,4,0,1,4,2026-01-23 19:11:38,
whtfxwi.info,true,0,781,487832,0,0,8,5,1,8,2026-01-21 04:08:24,
gdqdqcp.info,true,0,789,468205,0,0,1,0,0,1,2026-02-06 07:18:11,
clinical-psych-education365.xyz,true,0,791,447453,0,0,1,0,0,1,2026-01-18 19:20:41,
data-analysis-degree-insightscenterhub.xyz,true,0,791,393206,0,0,5,2,1,5,2026-02-14 15:55:44,
doaamly.info,true,0,792,509007,0,0,2,0,0,2,2026-02-20 04:36:29,
practical-aircon-cleaning-info.xyz,true,0,786,400739,0,0,3,1,2,3,2026-02-19 16:39:13,
mold-cleaning-maintenancehelp.xyz,true,0,796,440834,0,0,8,1,3,8,2026-01-20 03:26:29,
eequtss.info,true,0,792,411600,0,0,2,0,0,2,2026-02-16 04:53:04,
bsn-degree-resultsprogram.xyz,true,0,794,491537,0,0,3,0,0,3,2026-02-16 04:30:04,
z9fona.asia,true,0,795,489143,0,0,3,2,2,3,2026-02-13 20:59:44,
epconzp.info,true,0,791,433798,0,0,3,3,0,3,2026-04-02 08:40:23,
wjbb4p.asia,true,0,789,492091,0,0,5,4,1,5,2026-02-14 18:53:08,
practical-car-freight-info.xyz,true,0,794,399164,0,0,3,0,1,3,2026-02-09 21:47:35,
expert-car-freight-lab.xyz,true,0,789,296070,0,0,2,1,0,2,2026-03-27 01:42:44,
sqoamlp.info,true,0,793,431880,0,0,6,3,3,6,2026-02-13 09:48:46,
whhttft.info,true,0,789,447491,0,0,8,3,5,8,2026-02-13 22:14:41,
l2v2lg.asia,true,0,789,455251,0,0,2,0,1,2,2026-02-13 00:09:14,
airduct-repair-support-line.xyz,true,0,795,458370,0,0,2,0,1,2,2026-02-13 05:22:49,
fdbsseq.info,true,0,787,431570,0,0,1,1,0,1,2026-06-26 06:59:25,
flooring-install-map-access.xyz,true,0,787,451787,0,0,1,1,0,1,2026-03-31 03:47:33,
zop99i.asia,true,0,793,454417,0,0,5,2,1,5,2026-01-20 20:29:44,
mold-cleaning-quickservicepro.xyz,true,0,792,425478,0,0,1,0,0,1,2026-02-12 20:07:46,
uxoam0.asia,true,0,791,512201,0,0,8,6,3,8,2026-03-24 09:23:53,
engineering-degree-resultsprogram.xyz,true,0,794,485156,0,0,3,0,2,3,2026-02-18 17:25:59,
scoamqc.info,true,0,788,425602,0,0,6,4,1,6,2026-02-23 18:00:48,
otp3x1.asia,true,0,784,384250,0,0,3,2,1,3,2026-02-21 11:32:43,
ywiugfe.info,true,0,794,408504,0,0,2,0,1,2,2026-02-09 17:38:18,
expert-window-repair-lab.xyz,true,0,795,408133,0,0,4,1,1,4,2026-02-12 18:55:54,
dommlki.info,true,0,790,507827,0,0,4,0,3,4,2026-01-23 16:29:43,
data-analysis-degree-resultsprogram.xyz,true,0,785,465359,0,0,2,0,0,2,2026-02-12 23:56:04,
hgfeiiu.info,true,0,792,441472,0,0,10,3,2,10,2026-01-19 17:08:21,
auto-repair-support-line.xyz,true,0,794,403229,0,0,4,2,0,4,2026-02-16 17:15:38,
gsdqcoa.info,true,0,787,467573,0,0,4,2,1,4,2026-02-08 22:12:51,
onzazeq.info,true,0,793,455866,0,0,1,0,0,1,2026-02-21 21:39:51,
bmamlzx.info,true,0,795,450915,0,0,4,2,0,4,2026-02-09 09:28:27,
aljwdrr.info,true,0,796,440569,0,0,3,3,0,3,2026-03-29 07:58:08,
j3omvt.asia,true,0,787,454524,0,0,5,2,2,5,2026-02-10 17:26:57,
juhtgse.info,true,0,796,469821,0,0,7,3,3,7,2026-01-23 19:52:29,
whfstrq.info,true,0,781,463845,0,0,5,2,2,5,2026-02-16 06:48:25,
bzyxjvu.info,true,0,790,448744,0,0,8,2,5,8,2026-02-09 00:57:54,
kittsre.info,true,0,793,444100,0,0,1,0,1,1,2026-02-16 04:43:45,2026-04-14 00:44:33
data-analysis-degree-insightacademy.xyz,true,0,802,425364,0,0,6,3,1,6,2026-02-12 18:22:55,
tomyweb.net,true,0,137,30851,0,0,4,0,0,4,2025-10-24 13:28:25,
bhs-links-chakra.xyz,true,0,11,93,0,0,249,249,0,0,2026-05-11 15:28:45,
bhs-links-shuriken.xyz,true,0,11,92,0,0,254,254,0,0,2026-05-11 13:12:51,
bhs-links-taijutsu.xyz,true,0,11,93,0,0,256,256,0,0,2026-05-11 22:22:36,
bhs-links-kunai.xyz,true,0,11,92,0,0,256,256,0,0,2026-05-11 17:34:21,
bhs-links-shinobi.xyz,true,0,11,93,0,0,254,254,0,0,2026-05-11 06:42:27,
u4updates.xyz,true,0,292,253226,0,0,3,0,3,3,2025-11-23 11:56:08,2026-06-02 02:35:59
bhs-links-kage.xyz,true,0,11,72,0,0,12,12,0,0,2026-05-11 21:54:00,
bhs-links-kekkei.xyz,true,0,11,93,0,0,255,255,0,0,2026-05-11 19:55:32,
bhs-links-genin.xyz,true,0,11,72,0,0,12,12,0,0,2026-05-12 00:33:51,
bhs-links-rasenshuriken.xyz,true,0,11,71,0,0,12,12,0,0,2026-05-11 18:07:04,
bhs-links-jonin.xyz,true,0,11,71,0,0,12,12,0,0,2026-05-11 06:17:09,
bhs-links-genjutsu.xyz,true,0,11,93,0,0,254,254,0,0,2026-05-11 16:26:38,
bhs-links-byakugou.xyz,true,0,11,72,0,0,12,12,0,0,2026-05-11 19:41:13,
bhs-links-hokage.xyz,true,0,11,70,0,0,12,12,0,0,2026-05-11 13:44:34,
bhs-links-kotoamatsukami.xyz,true,0,11,72,0,0,11,11,0,0,2026-05-11 06:56:56,
bhs-links-ninjutsu.xyz,true,0,11,93,0,0,255,255,0,0,2026-05-11 18:17:45,
bhs-links-bijuu.xyz,true,0,11,35,0,0,51,51,0,0,2026-05-11 21:12:57,
bhs-links-sennin.xyz,true,0,11,72,0,0,12,12,0,0,2026-05-11 19:23:30,
galponesmenonitas.com,true,0,2,1138,0,0,1,0,0,0,2025-03-28 10:29:27,
socailbookmark.xyz,true,0,290,155713,0,0,1,0,1,1,2025-12-06 07:22:11,2026-06-05 03:01:24
ta4a.xyz,true,0,288,258689,0,0,2,0,2,2,2025-11-24 02:20:20,2026-06-04 02:02:15
bhs-links-chunin.xyz,true,0,10,71,0,0,12,12,0,0,2026-05-11 08:39:15,
bhs-links-jinchuriki.xyz,true,0,10,93,0,0,254,254,0,0,2026-05-11 15:28:33,
travestimodeller15.xyz,true,0,315,256970,0,0,2,0,2,2,2025-12-04 06:05:17,2026-06-08 03:04:28
rtpjbs88.xyz,true,0,289,231395,0,0,2,0,2,2,2025-12-01 22:00:27,2026-06-02 01:41:39
9lnmw.xyz,true,0,287,240002,0,0,1,0,1,1,2025-12-02 13:23:15,2026-06-01 03:59:26
bookmarkingsiteforu.xyz,true,0,390,253960,0,0,2,0,2,2,2025-11-26 16:45:12,2026-05-27 01:27:34
maf753.xyz,true,0,314,284765,0,0,1,0,1,1,2025-12-03 06:01:32,2026-06-02 02:24:17
dn1q.xyz,true,0,313,253732,0,0,1,0,1,1,2025-11-28 11:35:05,2026-05-28 02:28:01
olcw1p.xyz,true,0,313,249529,0,0,1,0,1,1,2025-11-18 07:51:57,2026-05-18 03:44:25
ybunocy9.xyz,true,0,315,195522,0,0,1,0,1,1,2025-12-02 19:48:15,2026-06-01 04:01:59
junaky.xyz,true,0,289,197340,0,0,2,0,2,2,2025-11-07 10:21:42,2026-05-09 04:01:52
ttsl01jytu.xyz,true,0,314,238495,0,0,1,0,1,1,2025-11-29 05:29:42,2026-05-29 01:15:08
ttsl22hwqy.xyz,true,0,310,250609,0,0,2,0,2,2,2025-11-14 12:20:59,2026-06-06 02:24:23
moviehardsubmalay.xyz,true,0,285,122738,0,0,1,0,1,1,2025-12-04 21:27:52,2026-06-03 02:41:50
pddxv.xyz,true,0,313,261688,0,0,1,0,1,1,2025-12-12 00:47:57,2026-06-12 13:41:20
fudxb.xyz,true,0,314,230544,0,0,1,0,1,1,2025-11-29 19:10:59,2026-05-29 14:51:13
ralyearsfou.xyz,true,0,313,296598,0,0,1,0,1,1,2025-11-30 15:50:14,2026-05-30 01:22:15
manual-one.xyz,true,0,288,250804,0,0,1,0,1,1,2025-11-25 04:05:53,2026-05-25 03:03:04
orndom.xyz,true,0,288,218551,0,0,3,0,3,3,2025-11-14 23:48:51,2026-05-24 03:21:17
twinyuru.xyz,true,0,285,242902,0,0,2,0,2,2,2025-12-04 23:03:01,2026-06-05 02:57:59
6hyqs.xyz,true,0,309,235349,0,0,1,0,1,1,2025-12-02 16:36:08,2026-06-01 03:33:35
xulynoxau.xyz,true,0,288,106636,0,0,1,0,1,1,2025-11-10 18:05:57,2026-05-10 03:06:12
naturemyanmar.xyz,true,0,286,258876,0,0,1,0,1,1,2025-11-29 02:01:20,2026-05-29 15:43:13
honglm2.xyz,true,0,314,240798,0,0,1,0,1,1,2025-11-29 03:59:02,2026-05-29 03:22:44
ku57.xyz,true,0,288,260009,0,0,1,0,1,1,2025-12-01 05:17:46,2026-05-31 00:20:26
madeenavpnnet.xyz,true,0,312,252478,0,0,2,0,2,2,2025-11-17 06:56:08,2026-05-25 01:16:19
bil3wn.xyz,true,0,311,220038,0,0,1,0,1,1,2025-12-10 02:00:09,2026-06-09 01:51:39
gmdds019.xyz,true,0,311,227796,0,0,1,0,1,1,2025-11-13 12:10:26,2026-05-13 00:38:50
backlinkrise.pro,true,0,1,0,0,0,2,0,2,2,2026-02-03 08:18:55,2026-04-17 02:49:10
shoeresidence.ro,true,0,2,920,0,0,10,10,0,10,2026-05-19 00:34:11,
l4bhcv.asia,true,0,577,314823,0,0,2,2,0,2,2026-05-05 17:51:29,
mreei9.asia,true,0,577,271825,0,0,4,4,0,4,2026-05-16 18:48:16,
iws4qf.asia,true,0,577,309485,0,0,2,2,0,2,2026-06-07 19:49:04,
rbgpg2.asia,true,0,577,338239,0,0,3,3,0,3,2026-05-19 13:56:57,
odalqx.asia,true,0,576,264409,0,0,1,1,0,1,2026-05-25 23:55:15,
m0qtci.asia,true,0,577,260572,0,0,3,3,0,3,2026-04-25 23:37:07,
jobpph.asia,true,0,577,273975,0,0,3,3,0,3,2026-05-13 19:56:11,
p2owgs.asia,true,0,577,312576,0,0,1,1,0,1,2026-06-12 05:26:54,
q1hm4c.asia,true,0,579,362555,0,0,3,3,0,3,2026-05-14 03:56:26,
ozu2dp.asia,true,0,577,280984,0,0,2,2,0,2,2026-06-21 01:56:26,
jzad3d.asia,true,0,577,311659,0,0,1,1,0,1,2026-05-10 19:07:37,
jnzxyf.asia,true,0,576,290335,0,0,1,1,0,1,2026-05-16 20:01:35,
ikliu3.asia,true,0,579,395541,0,0,3,3,0,3,2026-05-06 14:08:58,
sbwhpn.asia,true,0,578,341691,0,0,3,3,0,3,2026-05-10 14:24:35,
ngmykf.asia,true,0,577,293517,0,0,1,1,0,1,2026-05-18 16:33:05,
lvjhk.asia,true,0,577,191216,0,0,1,1,0,1,2026-05-06 21:37:34,
mtmlmo.asia,true,0,579,352195,0,0,1,1,0,1,2026-06-09 10:53:14,
pnnfcn.asia,true,0,577,303306,0,0,2,2,0,2,2026-05-14 01:00:28,
qhkeav.asia,true,0,577,369690,0,0,4,4,0,4,2026-05-12 11:04:17,
kqfggk.asia,true,0,579,312940,0,0,1,1,0,1,2026-05-12 09:24:20,
pkiwuq.asia,true,0,576,312376,0,0,1,1,0,1,2026-06-03 23:17:42,
otqg0q.asia,true,0,577,307187,0,0,2,2,0,2,2026-05-15 21:53:53,
peoiep.asia,true,0,576,299640,0,0,1,1,0,1,2026-06-03 16:41:59,
mce1hu.asia,true,0,577,369926,0,0,2,2,0,2,2026-05-12 08:38:06,
slzcyb.asia,true,0,577,380555,0,0,1,1,0,1,2026-06-11 10:53:47,
mxozml.asia,true,0,578,287350,0,0,2,2,0,2,2026-05-16 10:04:23,
mm2yqa.asia,true,0,577,303405,0,0,1,1,0,1,2026-05-27 15:00:46,
npnhj.asia,true,0,577,372700,0,0,3,3,0,3,2026-05-30 02:54:17,
oty3ih.asia,true,0,577,290983,0,0,2,2,0,2,2026-05-09 08:24:55,
mksvri.asia,true,0,579,358188,0,0,1,1,0,1,2026-06-21 18:32:39,
nxboab.asia,true,0,579,431923,0,0,1,1,0,1,2026-05-25 03:53:20,
qbe5nz.asia,true,0,577,301480,0,0,1,1,0,1,2026-06-27 00:53:05,
ocnhbg.asia,true,0,577,300322,0,0,1,1,0,1,2026-05-14 22:55:50,
kfwl5z.asia,true,0,579,305059,0,0,1,1,0,1,2026-05-04 18:59:38,
mtuuex.asia,true,0,577,326460,0,0,2,2,0,2,2026-05-05 01:05:06,
pjoxmz.asia,true,0,579,398380,0,0,4,4,0,4,2026-05-04 12:34:43,
kbmfay.asia,true,0,577,341299,0,0,1,1,0,1,2026-05-06 08:06:19,
r3bng5.asia,true,0,577,333282,0,0,3,3,0,3,2026-05-09 22:40:33,
p3y1tk.asia,true,0,577,367194,0,0,2,2,0,2,2026-06-10 15:52:54,
so4eny.asia,true,0,577,287195,0,0,1,1,0,1,2026-06-04 20:14:12,
ivqely.asia,true,0,577,279627,0,0,1,1,0,1,2026-05-09 03:01:47,
siuhpp.asia,true,0,577,256840,0,0,1,1,0,1,2026-05-30 11:51:36,
knzowz.asia,true,0,577,418871,0,0,6,6,0,6,2026-05-11 11:32:56,
k7ruus.asia,true,0,576,230297,0,0,3,3,0,3,2026-05-04 08:29:54,
rafwyq.asia,true,0,577,306729,0,0,1,1,0,1,2026-06-03 13:54:09,
ml33nn.asia,true,0,578,240956,0,0,1,1,0,1,2026-06-28 19:21:05,
jmhc5l.asia,true,0,577,330252,0,0,1,1,0,1,2026-06-22 22:56:23,
rjvhti.asia,true,0,577,259118,0,0,1,1,0,1,2026-06-06 02:30:49,
mhkh0d.asia,true,0,579,267890,0,0,4,4,0,4,2026-05-16 05:33:37,
kux2wh.asia,true,0,577,331600,0,0,1,1,0,1,2026-06-02 10:19:07,
qnd7fh.asia,true,0,577,360593,0,0,3,3,0,3,2026-05-04 10:12:28,
lvap80.asia,true,0,577,342079,0,0,1,1,0,1,2026-05-09 05:34:01,
ssrvnd.asia,true,0,576,338920,0,0,2,2,0,2,2026-05-21 08:09:46,
lgekdn.asia,true,0,579,324425,0,0,3,3,0,3,2026-06-05 08:03:07,
jldgex.asia,true,0,579,390062,0,0,5,5,0,5,2026-05-11 19:08:07,
qkier1.asia,true,0,579,224635,0,0,1,1,0,1,2026-06-05 22:38:31,
qpaguu.asia,true,0,577,313909,0,0,1,1,0,1,2026-06-22 20:58:05,
ppozrc.asia,true,0,579,348299,0,0,2,2,1,2,2026-05-09 21:23:16,
kjlppy.asia,true,0,577,375884,0,0,3,3,0,3,2026-05-03 03:07:58,
pj6yjs.asia,true,0,576,404347,0,0,2,2,0,2,2026-05-15 07:37:27,
ssjqsi.asia,true,0,577,296763,0,0,2,2,0,2,2026-06-17 05:31:18,
altechia.xyz,true,0,135,157048,0,0,1,0,1,1,2025-12-16 11:15:43,2026-06-15 10:50:40
lantai6i.xyz,true,0,133,79810,0,0,1,0,1,1,2025-12-19 00:38:54,2026-06-18 01:32:17
wiredhoa.xyz,true,0,133,22047,0,0,1,0,1,1,2025-12-18 11:37:11,2026-06-17 00:57:25
ixbawygc.xyz,true,0,31,0,0,0,1,0,1,1,2025-07-26 05:31:28,2026-03-31 08:19:53
thozhamai.com,true,0,28,6669,0,0,7,7,1,0,2026-05-24 04:55:21,
toujbdcv.xyz,true,0,31,0,0,0,1,0,1,1,2025-07-26 23:18:25,2026-04-03 08:22:39
ai-visionary.xyz,true,0,1,26912,0,0,1,1,0,1,2026-05-11 18:27:30,
mortgagesfortheforces.co.uk,true,0,4,5509,0,0,12,12,0,0,2026-05-15 07:55:54,
iulataminstitutouniversitario.edu.mx,false,0,3,105931,0,0,1,1,0,1,2026-05-10 23:24:52,
anomaly-seo-fairview.space,false,0,0,0,0,0,311,2,20,0,2026-02-15 00:23:14,
supercazino.org,false,0,0,0,0,0,2,0,0,2,2025-12-17 17:05:39,
supercazino.com,false,0,0,0,0,0,2,1,0,2,2025-12-15 10:48:14,
azabuhfq.xyz,true,0,26,0,0,0,1,0,1,1,2025-07-27 11:20:28,2026-04-17 09:54:57
anomaly-seo-brookfield.space,false,0,0,0,0,0,310,1,17,0,2026-02-13 20:06:18,
anomaly-camaro.space,false,0,0,0,0,0,4,0,1,0,2026-02-23 17:52:30,
abyoxohg.xyz,true,0,26,0,0,0,1,0,1,1,2025-07-26 15:26:44,2026-04-04 14:45:05
stackoptic.com,true,0,2,47,0,1,2,2,0,0,2026-06-10 09:57:59,
anomaly-accord.space,false,0,0,0,0,0,4,0,1,0,2026-02-14 12:23:42,
anomaly-seo-eastvale.space,false,0,0,0,0,0,309,0,21,0,2026-02-14 02:10:53,
anomaly-seo-ashford.space,false,0,0,0,0,0,310,1,16,0,2026-02-13 21:47:32,
bestcasinoro.com,false,0,0,0,0,0,1,0,0,0,2025-12-09 02:47:25,
2pangshu6.top,false,0,0,0,0,0,1,1,0,1,2026-05-15 01:45:38,
clujnonstop.ro,false,0,0,0,0,0,1,0,1,0,2025-05-12 22:39:20,2026-04-24 02:41:43
888mjcjhgvjg.help,false,0,0,0,0,0,1,1,0,1,2026-05-10 17:35:29,
