Domain,Is spam,DR,Dofollow ref. domains,Dofollow linked domains,"Traffic ","Keywords ",Links to target,New links,Lost links,Dofollow links,First seen,Lost
youtube.com,false,99,12470241,136902,2628014848,157697225,10,0,0,1,2026-01-19 23:51:01,
goo.gl,false,97,3511227,0,99877,22437,1,1,0,1,2026-06-16 08:57:35,
wikipedia.org,false,97,3904564,247376,4173217024,72996419,5,1,0,0,2019-06-13 20:19:58,
t.me,false,97,1939733,548160,31322366,427589,20,0,0,20,2026-03-21 05:39:44,
web.app,false,91,71511,938555,1087451,18652,51,51,0,51,2026-04-30 05:38:23,
firebaseapp.com,true,88,19412,673225,1544592,4596,6,0,0,6,2025-12-15 14:21:23,
softpedia.com,false,86,37644,98101,243966,36236,1,0,0,1,2019-01-06 07:38:21,
itxoft.com,true,83,2535,7,0,0,1,0,1,0,2025-03-07 00:08:29,2026-04-10 03:57:58
adevarul.ro,false,77,13737,2590,702506,50885,2,0,0,2,2025-06-18 12:19:33,
rankyour.website,true,74,150,998,0,0,1,1,0,0,2026-04-26 02:01:41,
factmags.com,true,74,5183,39241247,0,0,1,1,0,0,2026-05-07 10:49:58,
ziare.com,false,73,6915,24152,521003,16805,3,0,0,3,2021-02-03 17:21:16,
seoexpress.org,true,73,1345,7,0,0,1,1,1,0,2026-04-04 03:11:42,2026-04-09 12:31:09
buybacklinks.agency,true,72,418,998,0,0,1,1,0,0,2026-04-13 16:19:38,
evz.ro,false,71,5907,16923,185808,9480,4,0,0,3,2018-11-14 13:44:49,
siteprice.org,false,71,9171,60,17271,5078,23,12,4,0,2025-07-09 12:45:46,
capital.ro,false,71,3971,13870,43194,2532,3,0,0,2,2018-12-13 22:08:33,
kingranks.com,true,71,4927,6201717,0,0,2,1,0,2,2025-02-26 00:25:39,
economica.net,false,70,3283,5715,76103,8425,4,0,0,1,2019-02-26 08:47:54,
stiripesurse.ro,false,69,3935,7792,795357,4814,1,0,0,1,2025-10-07 20:38:50,
articlement.com,true,69,4005,6092005,0,0,1,0,0,1,2025-02-25 23:19:52,
cyclowiki.org,false,67,3169,140034,414020,46849,1,0,0,1,2026-02-08 14:42:32,
sitelike.org,false,66,9673,22,4977,2069,1,0,0,0,2020-08-01 05:57:26,
prosport.ro,false,66,5108,7026,839180,11051,1041,0,0,1041,2021-07-05 07:36:44,
rank-top.click,true,63,127,998,0,0,1,1,0,0,2026-04-12 12:00:23,
sport.ro,false,62,3375,4455,1219752,12818,2,0,0,2,2025-03-27 06:12:56,
economedia.ro,false,62,2146,4621,34689,2268,1,0,0,0,2024-02-27 06:05:41,
webscountry.com,true,61,2908,171175,0,0,1,0,1,1,2024-06-08 17:20:00,2026-06-15 09:04:06
apsoz.com,true,61,1150,1256838,0,0,1,0,0,1,2025-05-03 15:40:10,
publicwww.com,false,60,4367,104,2399,197,29,0,0,0,2017-01-21 20:21:23,
nexioe.com,true,59,1249,4039545,0,0,1,0,0,1,2024-10-16 11:19:01,
cancan.ro,false,59,3771,3713,454678,14045,1102,4,138,1102,2021-06-09 02:30:57,
money.ro,false,56,2230,8789,9679,1279,1,0,0,1,2023-12-24 08:01:24,
kontactr.com,false,56,5494,141,2497,319,2,0,0,0,2021-10-14 10:13:38,
paginademedia.ro,false,55,2007,3618,14353,1081,2,0,0,2,2022-04-12 16:20:08,
linkrankpro.shop,true,54,144,998,0,0,1,1,0,0,2026-05-09 02:54:28,
rankxlinks.shop,true,54,108,998,0,0,1,1,0,0,2026-05-01 00:27:03,
ranklinkerpro.shop,true,54,105,2,0,0,1,1,0,0,2026-05-05 12:35:18,
authoritybacklinks.shop,true,53,119,998,0,0,1,1,0,0,2026-05-09 10:25:55,
backlinker.shop,true,52,590,0,0,0,1,0,0,0,2025-10-10 22:48:27,
b365.ro,false,52,2085,6247,41574,4737,21,0,0,21,2025-01-18 10:14:37,
pbnseolinks.shop,true,52,233,998,0,0,1,1,0,0,2026-05-08 08:43:28,
linkrankboost.shop,true,52,137,999,0,0,1,1,0,0,2026-05-12 03:00:55,
linkseopro.shop,true,52,202,998,0,0,1,1,0,0,2026-05-09 00:10:02,
seolinkpro.shop,true,52,122,998,0,0,1,1,0,0,2026-05-13 13:43:57,
premiumseolinks.shop,true,52,124,998,0,0,1,1,0,0,2026-05-10 16:32:16,
ranklinkpro.shop,true,52,122,998,0,0,1,1,0,0,2026-05-15 08:21:38,
toplinkranker.shop,true,52,118,998,0,0,1,1,0,0,2026-05-10 21:23:49,
pirdu.com,true,51,1269,4177116,1,1,1,0,0,1,2025-01-07 09:54:39,
toparticlesdirectory.com,true,51,1228,2323518,0,0,1,0,0,1,2024-12-31 14:36:14,
linkpitcherdirectory.com,true,51,440,8770007,0,0,1,0,0,1,2025-10-01 03:57:43,
99bestsite.com,true,51,300,2383164,0,0,1,0,0,1,2024-12-31 22:10:30,
seoarticletime.com,true,51,395,2519403,0,0,1,0,0,1,2024-12-31 14:42:07,
smartwaydirectory.com,true,51,359,8769729,0,0,1,0,0,1,2025-10-02 06:15:44,
socialzonedirectory.com,true,51,456,8776885,0,0,1,0,0,1,2025-09-27 06:52:24,
ranksdirectory.com,true,51,960,2775405,0,0,1,0,1,1,2024-12-31 15:55:52,2026-06-15 05:10:54
superbhubdirectory.com,true,51,452,8776795,0,0,1,0,0,1,2025-11-10 14:16:43,
5056dy.com,true,51,608,34953,0,0,5,5,0,0,2026-05-23 05:53:55,
webguestpostsdirectory.com,true,50,331,8768885,0,0,1,0,0,1,2025-08-22 18:42:00,
sante.gov.mg,false,50,3700,16373,107,103,8,0,0,0,2025-12-14 00:33:47,
drparvincarter.com,true,50,804,17648,21,3,1,0,0,0,2025-09-06 02:39:40,
c99.nl,true,49,5825,3770700,31105,865,27,27,0,27,2026-06-10 17:52:55,
postsdirectory.com,true,49,304,8777017,0,0,1,0,0,1,2025-09-07 23:17:15,
rankfastdirectory.com,true,49,298,8777672,0,0,1,0,0,1,2025-10-22 00:27:17,
bye.fyi,false,49,818,18,3,2,1,0,0,0,2026-02-21 06:28:41,
quero.party,true,48,443,18,0,0,1,0,1,0,2026-02-15 18:58:16,2026-04-21 09:38:17
trafficspike.shop,true,48,65,0,0,0,1,1,0,0,2026-06-16 22:31:56,
linkpointdirectory.com,true,48,264,8770578,0,0,1,0,0,1,2025-10-08 09:40:10,
adsflourish.com,true,48,926,15926,5,1,56,0,28,0,2025-10-05 20:12:04,
openflightmaps.org,false,47,850,27,10,9,2,0,0,0,2025-09-19 06:28:47,
worldzonedirectory.com,true,47,358,8773863,0,1,1,0,0,1,2025-09-29 21:41:34,
sureprofitscoach.com,true,47,346,8770125,0,0,1,0,0,1,2025-10-03 12:00:39,
mostrankingdirectory.com,true,46,291,8773382,0,0,1,0,0,1,2025-12-16 10:20:58,
worldwebsitesdirectory.com,true,46,280,8773865,0,0,1,0,0,1,2025-12-27 16:09:08,
topviraldirectory.com,true,46,284,8771094,0,0,1,0,0,1,2025-10-04 06:25:23,
rankingwebdirectory.com,true,46,288,8770249,0,0,1,0,0,1,2025-11-15 15:00:22,
mediapostdirectory.com,true,46,343,8772758,0,0,1,0,0,1,2025-10-01 20:52:36,
besttopdirectory.com,true,46,283,8770012,0,0,1,0,0,1,2025-10-01 22:35:50,
topworlddirectory.com,true,46,293,8773962,0,0,1,0,0,1,2025-10-14 03:52:55,
websiteworlddirectory.com,true,46,294,8755483,0,0,1,0,0,1,2025-12-08 13:41:04,
topdomaindirectory.com,true,46,289,8730422,0,0,1,0,0,1,2026-01-28 17:08:03,
sepanodp.com,true,44,2570,15470,1,2,1,0,0,0,2025-10-13 15:17:58,
creativeposts.top,true,44,148,18,0,0,1,0,0,0,2026-01-25 19:21:16,
dltech.forum,true,43,139,183,0,0,1,1,0,0,2026-04-29 06:44:54,
rikor.com,true,43,4241,102228,620,54,16,7,7,0,2025-09-19 19:44:17,
atomizelink.icu,true,42,523,18,0,0,2,1,0,0,2026-01-09 23:11:19,
chaboclubedobrasil.com.br,true,42,2481,2,0,0,1,0,1,0,2026-01-13 20:07:54,2026-04-03 17:08:04
kupangkota.go.id,true,42,4350,59780,8257,670,32,0,0,0,2025-08-20 07:57:55,
bugetul.ro,false,42,957,2875,6676,491,1,0,0,0,2021-10-01 09:44:07,
bho.pl,true,41,651,6331,97,20,2,0,1,0,2025-10-01 16:32:30,
renasterea.ro,false,41,677,1928,3402,116,1,0,0,1,2019-01-13 17:19:41,
bethanyfamilyinstitute.com,true,41,1369,0,0,0,1,0,1,0,2024-12-02 09:04:19,2026-03-29 09:11:33
screenshots.wiki,true,41,134,47,0,0,1,0,0,0,2026-01-04 14:32:55,
impact.ro,false,40,1435,2546,8080,1596,24,4,0,24,2025-05-14 14:15:03,
socialnewsdirectory.com,true,40,51,8777109,0,0,1,0,0,1,2025-09-28 00:22:13,
opet.com.br,true,39,1083,21321,2701,21,6,0,0,0,2025-08-25 04:48:40,
urlumbrella.com,true,38,1292,395071,132,143,1,0,0,1,2026-02-05 04:33:18,
technofizi.net,false,37,5090,939,395,23,2,0,0,0,2021-09-04 22:08:52,
doctorsacademy.org.uk,true,36,1087,16224,80,53,6,6,0,0,2026-03-29 02:52:25,
haus-xxl.de,true,35,2376,53294,389,313,20,0,0,0,2025-09-25 23:20:20,
voudes.com,true,34,1139,20408,6,9,24,0,0,0,2025-09-03 17:46:39,
osmarks.net,false,34,3984,1562279,1188,885,2,0,0,2,2025-09-13 02:14:55,
incisivdeprahova.ro,false,33,2059,7490,2636,85,1,0,0,1,2025-02-24 16:58:10,
straza.com.co,true,32,2705,59315,0,0,6,4,0,0,2026-02-10 19:15:12,
director-web.ro,true,32,135,35319,0,12,1,1,0,1,2026-06-04 14:44:34,
webpostdirectory.com,true,32,222,8773145,0,0,1,0,0,1,2025-09-29 11:13:04,
cronicaromana.net,false,32,366,3828,147,78,1,0,0,0,2025-04-30 05:14:32,
marketinghubdirectoy.com,true,32,218,8777125,0,0,1,0,0,1,2025-09-30 09:59:41,
worldtopwebsite.com,true,32,228,8776724,0,0,1,0,0,1,2025-09-26 18:58:24,
themetix.com,false,31,2516,692,9,16,2,0,0,0,2024-01-18 07:15:53,
mediazonedirectory.com,true,31,208,8776843,0,0,1,0,0,1,2025-12-24 02:36:18,
worldsitedirectory.com,true,31,237,8777106,0,0,1,0,0,1,2025-12-25 08:50:30,
clicktobuydirectory.com,true,31,209,8777005,0,0,1,0,0,1,2025-09-26 02:22:25,
businesswebsitesdirectory.com,true,31,242,8777541,0,0,1,0,0,1,2025-10-11 00:08:00,
webzonedirectory.com,true,31,224,8773206,0,0,1,0,0,1,2025-09-29 21:16:00,
marketingdirectoy.com,true,31,213,8777042,0,0,1,0,0,1,2025-08-30 10:32:33,
processus.edu.br,false,31,1376,6104,4837,656,1,0,1,0,2025-10-06 03:52:57,2026-04-19 20:59:54
mostrankdirectory.com,true,31,211,8777327,0,1,1,0,0,1,2025-12-07 21:29:59,
clicktorankdirectoy.com,true,31,218,8777393,0,0,1,0,0,1,2025-09-12 03:56:27,
guestpostsdirectory.com,true,31,223,8777462,0,0,1,0,0,1,2025-08-28 04:01:31,
websitedirectoy.com,true,31,209,8777114,0,0,1,0,0,1,2025-09-30 21:16:36,
mediedirectory.com,true,31,222,8777430,0,0,1,0,0,1,2025-08-24 08:33:13,
rankzonedirectory.com,true,31,212,8773206,0,0,1,0,0,1,2025-10-08 04:05:34,
websiteslinkdirectory.com,true,30,212,8773519,0,0,1,0,0,1,2025-10-03 06:19:29,
practicar.ca,true,30,496,10912,442,46,30,0,6,0,2025-08-28 02:22:06,
institutofernandabenead.com.br,true,30,2123,66174,0,0,1,0,0,0,2025-10-11 09:24:09,
worldmarketingdirectoy.com,true,30,201,8772874,0,0,1,0,0,1,2025-10-03 16:53:01,
ancashnoticias.com,false,30,1784,10431,2028,73,1,0,1,0,2025-06-06 00:25:43,2026-04-07 17:09:41
seo-high-ranking.shop,true,30,1343,237,0,0,1,1,0,0,2026-04-23 04:55:41,
scmoatti.com,false,30,1629,1246,44,16,2,2,2,0,2026-05-17 02:56:17,2026-06-17 05:49:17
betano.ro,false,30,147,34,3348,50,3,0,1,0,2019-05-15 13:49:41,
thebacklink.shop,true,29,865,240,0,0,1,1,0,0,2026-04-30 09:02:47,
seoexpress.website,true,29,889,247,0,0,1,1,0,0,2026-05-03 08:11:04,
seoexpress.site,true,29,875,240,0,0,1,1,0,0,2026-05-22 10:32:35,
123webshop.shop,true,29,872,237,0,0,1,1,0,0,2026-05-21 20:53:31,
theseohighranking.shop,true,29,872,237,0,0,1,1,0,0,2026-04-28 16:36:17,
thetoprankingseo.shop,true,29,859,240,0,0,1,1,0,0,2026-05-06 12:49:23,
seohighranking.shop,true,29,860,237,0,0,1,1,0,0,2026-04-23 16:59:08,
highseoranking.shop,true,29,877,237,0,0,1,1,0,0,2026-04-28 03:17:13,
therankboostseo.shop,true,29,876,247,0,0,1,1,0,0,2026-05-02 12:11:43,
rankinghighseo.shop,true,29,939,237,0,0,1,1,0,0,2026-05-08 09:33:14,
theseomasterhigh.shop,true,29,860,237,0,0,1,1,0,0,2026-04-28 08:59:12,
activeshop.shop,true,29,969,240,0,0,1,1,0,0,2026-05-07 02:20:57,
seoexpress.store,true,29,870,237,0,0,1,1,0,0,2026-04-22 13:23:57,
thehighseo.shop,true,29,878,237,0,0,1,1,0,0,2026-04-28 18:16:24,
theguestposts.shop,true,29,874,237,0,0,1,1,0,0,2026-05-03 02:58:28,
kawaiishop.shop,true,29,875,237,0,0,1,1,0,0,2026-04-19 16:51:58,
theguestpost.shop,true,29,873,250,0,0,1,1,0,0,2026-05-12 00:35:10,
theseorankinghigh.shop,true,29,871,237,0,0,1,1,0,0,2026-05-04 06:15:07,
mysky-shop.shop,true,29,871,237,0,0,1,1,0,0,2026-04-27 15:57:14,
ekenkoshop.shop,true,29,875,240,0,0,1,1,0,0,2026-05-09 15:29:23,
seoexpress.space,true,29,865,237,0,0,1,1,0,0,2026-05-05 00:44:18,
thebacklinks.shop,true,29,869,247,0,0,1,1,0,0,2026-05-03 02:48:08,
lixil-reformshop.shop,true,29,864,237,0,0,1,1,0,0,2026-05-03 05:53:31,
shopbetreiber-blog.shop,true,29,874,241,0,0,1,1,0,0,2026-04-29 12:09:03,
seorankinghigh.shop,true,29,864,237,0,0,1,1,0,0,2026-06-05 05:11:04,
seoexpress.shop,true,29,865,248,0,0,1,1,0,0,2026-05-06 23:55:03,
rankingseohigh.shop,true,29,865,237,0,0,1,1,0,0,2026-05-08 10:39:41,
highseo.shop,true,29,920,240,0,0,1,1,0,0,2026-04-24 19:00:47,
therankingseohigh.shop,true,29,874,237,0,0,1,1,0,0,2026-05-12 04:38:08,
simplywebshop.shop,true,29,875,237,0,0,1,1,0,0,2026-05-12 03:14:53,
rent-a-shop.shop,true,29,869,240,0,0,1,1,0,0,2026-05-07 03:29:17,
thehighrankseo.shop,true,29,865,247,0,0,1,1,0,0,2026-05-03 04:42:35,
seoagency.sale,true,29,429,0,0,0,1,0,0,0,2025-10-25 00:11:02,
shop-inframe.shop,true,29,863,237,0,0,1,1,0,0,2026-05-05 00:37:09,
kmoshops.shop,true,29,867,237,0,0,1,1,0,0,2026-05-02 15:40:26,
seoexpress.online,true,29,869,237,0,0,1,1,0,0,2026-05-09 19:13:39,
seogeko.shop,true,29,588,0,0,0,1,1,0,0,2026-04-30 20:24:21,
kozai-reuse.org,true,29,2780,21643,5,6,8,0,0,0,2025-09-29 13:22:10,
tint.melbourne,true,29,257,14881,83,20,1,0,0,0,2025-06-07 05:12:37,
goooogla.com,true,29,1000,73868287,0,0,2,2,0,0,2026-05-13 12:54:37,
advanced-seo-firm-seoexpress.store,true,29,306,237,0,0,1,1,0,0,2026-05-20 11:41:08,
seoexpress-leading-dofollow-pros.store,true,29,280,237,0,0,1,1,0,0,2026-05-22 05:26:02,
global-digital-seoexpress-portal.store,true,29,288,240,0,0,1,1,0,0,2026-05-19 02:04:04,
luxury-niche-edit-seoexpress-services.store,true,29,281,240,0,0,1,1,0,0,2026-05-23 08:22:34,
expert-organic-seoexpress.store,true,29,282,240,0,0,1,1,0,0,2026-05-19 17:07:00,
verified-seoexpress-search-directory.store,true,29,277,240,0,0,1,1,0,0,2026-05-21 19:25:24,
modern-guest-post-consultants-seoexpress.store,true,29,279,237,0,0,1,1,0,0,2026-05-22 21:58:58,
advanced-search-seoexpress-pros.store,true,29,287,240,0,0,1,1,0,0,2026-05-21 13:46:53,
exclusive-traffic-experts-seoexpress.store,true,29,275,237,0,0,1,1,0,0,2026-05-21 14:46:15,
seoexpress-professional-white-hat-team.store,true,29,281,240,0,0,1,1,0,0,2026-05-21 14:01:07,
authentic-tier-1-partners-seoexpress.store,true,29,277,237,0,0,1,1,0,0,2026-05-23 20:19:41,
modern-authority-seoexpress.store,true,29,278,240,0,0,1,1,0,0,2026-05-21 10:51:45,
expert-search-seoexpress-team.store,true,29,274,240,0,0,1,1,0,0,2026-05-30 12:21:18,
first-class-seoexpress-keyword-exchange.store,true,29,273,237,0,0,1,1,0,0,2026-05-30 11:08:11,
master-digital-studio-seoexpress.store,true,29,281,240,0,0,1,1,0,0,2026-05-31 12:10:16,
authentic-seoexpress-keyword-firm.store,true,29,275,237,0,0,1,1,0,0,2026-05-20 12:39:38,
trusted-organic-seoexpress-house.store,true,29,272,240,0,0,1,1,0,0,2026-05-22 10:45:14,
seoexpress-superior-on-page-house.store,true,29,277,237,0,0,1,1,0,0,2026-05-20 19:18:07,
trusted-dofollow-team-seoexpress.store,true,29,275,240,0,0,1,1,0,0,2026-05-21 10:56:51,
exclusive-keyword-team-seoexpress.store,true,29,274,237,0,0,1,1,0,0,2026-05-19 20:34:07,
certified-seoexpress-organic-services.store,true,29,279,240,0,0,1,1,0,0,2026-05-30 07:05:13,
seoexpress-verified-website-system.store,true,29,273,237,0,0,1,1,0,0,2026-05-30 12:56:39,
prime-high-da-seoexpress.store,true,29,273,237,0,0,1,1,0,0,2026-05-22 08:54:29,
professional-seoexpress-marketing-studio.store,true,29,275,240,0,0,1,1,0,0,2026-05-18 23:42:32,
modern-link-baron-marketing-portal.store,true,29,270,237,0,0,1,1,0,0,2026-06-25 00:22:39,
expert-seoexpress-authority-directory.store,true,29,276,237,0,0,1,1,0,0,2026-05-21 00:01:38,
smart-marketing-seoexpress.store,true,29,278,237,0,0,1,1,0,0,2026-05-19 19:40:34,
seoexpress-dr-90-group.store,true,29,275,237,0,0,1,1,0,0,2026-06-01 02:37:17,
master-seoexpress-guest-post-partners.store,true,29,275,240,0,0,1,1,0,0,2026-05-20 23:09:03,
seoexpress-pbn-experts.store,true,29,271,237,0,0,1,1,0,0,2026-05-21 01:02:56,
official-seoexpress-white-hat-team.store,true,29,277,240,0,0,1,1,0,0,2026-05-21 19:46:12,
exclusive-webpage-center-seoexpress.store,true,29,281,237,0,0,1,1,0,0,2026-05-21 11:57:52,
modern-organic-group-seoexpress.store,true,29,273,240,0,0,1,1,0,0,2026-05-20 23:21:35,
master-rank-forge-pbn-league.store,true,29,270,237,0,0,1,1,0,0,2026-06-19 15:43:58,
seoexpress-digital-system.store,true,29,271,237,0,0,1,1,0,0,2026-05-30 03:59:39,
master-off-page-seoexpress-directory.store,true,29,269,240,0,0,1,1,0,0,2026-06-03 07:59:00,
link-baron-da-pa-luxury-directory.store,true,29,267,237,0,0,1,1,0,0,2026-06-17 11:13:16,
bold-contextual-rank-forge-consultants.store,true,29,268,237,0,0,1,1,0,0,2026-06-24 20:02:37,
outrank-hq-engine-dofollow.store,true,29,256,237,0,0,1,1,0,0,2026-06-22 14:38:22,
link-baron-optimal-organic-collective.store,true,29,259,237,0,0,1,1,0,0,2026-06-27 05:18:11,
elite-domain-seoexpress-consultants.store,true,29,284,240,0,0,1,1,0,0,2026-05-19 13:45:37,
master-seoexpress-search-agency.store,true,29,276,237,0,0,1,1,0,0,2026-05-21 20:39:20,
best-seoexpress-off-page-network.store,true,29,278,237,0,0,1,1,0,0,2026-05-22 16:34:03,
supreme-anchor-text-provider-seoexpress.store,true,29,280,237,0,0,1,1,0,0,2026-05-24 00:17:55,
modern-studio-outrank-hq-blogger.store,true,29,256,237,0,0,1,1,0,0,2026-06-21 10:00:23,
seoexpress-best-seo-firm.store,true,29,281,240,0,0,1,1,0,0,2026-06-01 08:52:46,
global-keyword-seoexpress.store,true,29,284,240,0,0,1,1,0,0,2026-05-30 19:21:09,
elite-high-da-center-seoexpress.store,true,29,281,237,0,0,1,1,0,0,2026-06-01 02:01:20,
ultimate-seoexpress-niche-edit-experts.store,true,29,277,240,0,0,1,1,0,0,2026-05-20 04:33:16,
trusted-off-page-pros-seoexpress.store,true,29,284,237,0,0,1,1,0,0,2026-05-22 11:25:10,
seoexpress-authority-portal.store,true,29,270,237,0,0,1,1,0,0,2026-05-30 10:55:43,
elite-outreach-seoexpress-pros.store,true,29,269,240,0,0,1,1,0,0,2026-05-30 09:53:22,
elite-seoexpress-link-building-team.store,true,29,280,240,0,0,1,1,0,0,2026-05-20 21:55:27,
premium-tier-1-company-seoexpress.store,true,29,279,240,0,0,1,1,0,0,2026-05-16 19:02:58,
powerful-link-building-hub-seoexpress.store,true,29,270,237,0,0,1,1,0,0,2026-05-18 23:13:43,
professional-seoexpress-high-da-partners.store,true,29,283,237,0,0,1,1,0,0,2026-05-21 18:17:21,
seoexpress-modern-backlink-platform.store,true,29,278,237,0,0,1,1,0,0,2026-05-21 03:27:53,
seoexpress-off-page-solutions.store,true,29,275,237,0,0,1,1,0,0,2026-05-21 02:34:47,
instant-webpage-seoexpress-consultants.store,true,29,281,237,0,0,1,1,0,0,2026-05-19 13:20:32,
smart-seoexpress-webpage-experts.store,true,29,273,237,0,0,1,1,0,0,2026-05-23 04:15:52,
global-authority-seoexpress-group.store,true,29,281,237,0,0,1,1,0,0,2026-05-31 05:25:41,
seoexpress-pbn-company.store,true,29,273,237,0,0,1,1,0,0,2026-05-17 01:59:08,
certified-rank-forge-anchor-text-lab.store,true,29,267,237,0,0,1,1,0,0,2026-06-17 05:11:43,
trusted-seoexpress-backlink-experts.store,true,29,267,237,0,0,1,1,0,0,2026-05-21 04:06:38,
high-seoexpress-organic-team.store,true,29,267,237,0,0,1,1,0,0,2026-05-19 00:06:45,
expert-domain-seoexpress-specialists.store,true,29,276,237,0,0,1,1,0,0,2026-05-21 03:54:44,
seoexpress-best-outreach-experts.store,true,29,279,240,0,0,1,1,0,0,2026-06-03 05:33:04,
prime-white-hat-seoexpress-network.store,true,29,277,240,0,0,1,1,0,0,2026-05-20 12:31:40,
exclusive-backlink-seoexpress-firm.store,true,29,276,237,0,0,1,1,0,0,2026-05-23 10:05:57,
certified-link-building-seoexpress.store,true,29,282,237,0,0,1,1,0,0,2026-05-31 01:41:46,
seoexpress-organic-partners.store,true,29,278,240,0,0,1,1,0,0,2026-05-19 18:03:44,
seoexpress-marketing-exchange.store,true,29,271,240,0,0,1,1,0,0,2026-05-21 23:27:37,
elite-authority-marketplace-seoexpress.store,true,29,272,240,0,0,1,1,0,0,2026-05-21 21:21:42,
link-baron-grand-cluster-works.store,true,29,269,237,0,0,1,1,0,0,2026-06-22 11:38:46,
advanced-link-building-group-seoexpress.store,true,29,282,240,0,0,1,1,0,0,2026-05-20 23:12:59,
link-baron-pro-off-page.store,true,29,271,237,0,0,1,1,0,0,2026-06-17 00:58:06,
seoexpress-keyword-network.store,true,29,277,237,0,0,1,1,0,0,2026-05-21 19:40:54,
link-baron-wiki-leading-system.store,true,29,268,237,0,0,1,1,0,0,2026-06-27 22:28:04,
seoexpress-website-experts.store,true,29,277,237,0,0,1,1,0,0,2026-05-31 07:59:50,
premium-seoexpress-outreach-provider.store,true,29,275,240,0,0,1,1,0,0,2026-05-21 01:20:50,
seoexpress-white-hat-group.store,true,29,273,237,0,0,1,1,0,0,2026-05-19 21:16:25,
outrank-hq-modern-wiki-branch.store,true,29,266,237,0,0,1,1,0,0,2026-06-26 11:46:28,
seoexpress-outreach-team.store,true,29,279,237,0,0,1,1,0,0,2026-05-20 11:08:45,
seoexpress-anchor-text-experts.store,true,29,278,240,0,0,1,1,0,0,2026-05-22 11:54:16,
epic-syndicate-link-baron-keyword.store,true,29,270,237,0,0,1,1,0,0,2026-06-25 20:05:11,
high-crew-link-baron-intent.store,true,29,270,237,0,0,1,1,0,0,2026-06-15 04:16:31,
seoexpress-niche-edit-group.store,true,29,273,237,0,0,1,1,0,0,2026-05-22 00:13:53,
seoexpress-ranking-hub.store,true,29,278,237,0,0,1,1,0,0,2026-05-21 00:03:10,
link-baron-link-juice-optimal-marketplace.store,true,29,273,237,0,0,1,1,0,0,2026-06-19 22:25:28,
supreme-dofollow-seoexpress-hub.store,true,29,280,373,0,0,1,1,0,0,2026-05-22 17:28:22,
high-outrank-hq-dofollow-platform.store,true,29,262,240,0,0,1,1,0,0,2026-06-18 21:02:57,
verified-digital-firm-seoexpress.store,true,29,256,237,0,0,1,1,0,0,2026-05-30 12:26:21,
epic-webpage-rank-forge-academy.store,true,29,268,237,0,0,1,1,0,0,2026-06-16 14:33:29,
smart-indexer-seoexpress.store,true,28,275,240,0,0,1,1,0,0,2026-05-19 16:50:52,
premium-seoexpress-digital-solutions.store,true,28,276,237,0,0,1,1,0,0,2026-05-20 19:33:04,
seoexpress-content-experts.store,true,28,282,240,0,0,1,1,0,0,2026-06-04 08:22:15,
seoexpress-verified-high-da-consultants.store,true,28,280,237,0,0,1,1,0,0,2026-05-20 20:22:07,
exclusive-link-baron-search-syndicate.store,true,28,271,237,0,0,1,1,0,0,2026-06-25 04:47:21,
best-keyword-seoexpress-portal.store,true,28,272,240,0,0,1,1,0,0,2026-05-30 18:04:11,
official-domain-seoexpress.store,true,28,278,237,0,0,1,1,0,0,2026-05-21 02:58:15,
luxury-seoexpress-tier-1-house.store,true,28,276,240,0,0,1,1,0,0,2026-05-19 18:08:28,
outrank-hq-prime-blogger.store,true,28,263,237,0,0,1,1,0,0,2026-06-21 15:48:18,
advanced-keyword-group-seoexpress.store,true,28,273,240,0,0,1,1,0,0,2026-06-05 21:33:25,
grand-link-baron-league.store,true,28,269,237,0,0,1,1,0,0,2026-06-23 08:29:26,
seoexpress-backlink-hub.store,true,28,268,240,0,0,1,1,0,0,2026-05-21 17:32:21,
advanced-ranking-seoexpress-specialists.store,true,28,293,237,0,0,1,1,0,0,2026-05-22 11:55:00,
atlantic-city.net,true,28,3375,36747,0,0,3,1,0,0,2025-09-06 02:40:29,
sukka.com,true,28,287,5537,0,1,1,0,0,1,2025-03-14 17:05:27,
skylinkseo.site,true,28,994,778,0,0,1,0,0,0,2025-12-03 05:42:52,
pentiumsilicon.com,true,28,326,7,0,0,25,0,25,0,2025-10-23 19:22:33,2026-04-21 00:21:42
dierenmarkt.eu,true,27,1112,34663,53,1,1,0,0,0,2025-10-17 09:30:39,
digicontechnologies.com,true,27,879,2175,294,61,26,0,26,0,2025-10-03 05:36:51,2026-05-30 19:48:14
techno.bg,false,27,1121,6548,27,9,6,0,6,0,2025-09-09 16:32:24,2026-04-18 03:15:43
seoprobox.click,true,27,2000,0,0,0,1,0,1,0,2024-12-14 20:53:16,2026-04-06 03:07:08
facilitconsultoria.com.br,true,27,2141,39368,6,2,14,0,0,0,2025-12-05 07:09:32,
sabaqinsure.ly,true,27,2344,45720,0,0,1,0,0,0,2025-06-07 17:36:23,
valorsyndic.ma,true,27,2051,76293,0,0,1,0,0,0,2025-12-18 19:35:31,
msimasters.com,true,27,2227,11989,0,0,17,0,0,0,2025-07-23 23:19:49,
snapiy.com,true,27,1065,0,0,0,1,0,1,1,2025-02-02 18:10:14,2026-04-15 10:54:43
bzv.ro,false,26,711,1061,932,83,5,0,0,5,2024-09-26 20:36:19,
bestbusniessdirectory.com,true,26,193,8770036,0,0,1,0,0,1,2025-10-09 00:59:20,
nailsbyvenzel.com,true,26,1680,12242,0,4,19,19,0,0,2026-04-23 10:39:32,
businessvocal.com,true,26,403,7,0,0,1,0,0,0,2025-08-14 15:09:50,
vilagrad.com,true,25,2460,15298,0,0,15,0,14,0,2026-01-12 09:57:44,
cadranpolitic.ro,true,25,1163,21208,3,5,1,1,0,0,2026-05-27 02:09:05,
sportm.ro,false,25,244,1136,334,36,8,0,0,8,2024-08-18 04:55:59,
gazetaph.ro,false,25,217,1423,647,89,6,0,0,6,2020-02-14 04:11:02,
tpu.ro,false,24,3696,480,204453,30780,7,1,0,0,2019-12-07 13:07:25,
theloansbazaar.com,true,24,1224,1,0,0,1,0,1,0,2025-10-23 22:20:51,2026-05-11 10:05:43
worldbusinesspromote.com,true,23,259,9223,0,0,1,1,0,0,2026-04-08 03:15:40,
concaternanaoggi.it,false,23,88,8752,0,0,3,0,0,3,2021-04-21 22:31:50,
buchveroeffentlichen.com,true,23,349,43,0,0,8,8,8,0,2026-04-25 00:54:26,2026-05-11 04:03:42
erakonopi.pl,true,23,1540,27805,104,82,11,1,0,0,2025-10-08 02:37:19,
intersel.com,true,23,1171,39888,75,10,14,0,7,0,2025-08-10 02:26:34,
bioquinor.com,true,23,1771,23299,0,0,1,0,0,0,2026-01-26 15:45:04,
smoothtel.com,false,23,212,237,164,1,2,0,2,0,2025-08-24 14:29:06,2026-04-06 15:39:20
aroeats.net,true,23,1389,74198,0,0,7,7,0,0,2026-05-20 13:02:28,
bisd.rs,true,22,2029,1299,4,4,1,0,1,0,2025-10-01 22:38:42,2026-04-28 16:36:30
romance-manga.com,true,22,3805,42712,1808,316,31,1,0,0,2025-11-05 00:52:53,
webbranddirectory.com,true,22,167,8754925,0,0,1,0,0,1,2026-03-18 19:59:39,
level7techgroup.com,true,22,944,30780,0,1,1,0,0,0,2025-04-22 15:24:57,
samikshaharmony.com,true,22,2143,36047,0,0,5,5,0,0,2026-05-17 19:54:41,
strechyperfekt.cz,true,22,1539,11456,0,0,20,5,18,0,2025-09-16 09:18:55,
group-images2.com,true,22,832,49,0,0,21,0,21,0,2025-12-21 14:53:35,2026-04-24 23:34:32
letsfixit.co.uk,true,22,860,16672,4,5,6,0,0,0,2025-08-25 18:06:16,
tenisperu.com.pe,true,22,378,8146,635,46,10,0,0,0,2025-12-23 13:47:00,
resonancelabjo.com,true,21,418,33,0,0,1,0,1,0,2025-10-10 13:06:03,2026-04-03 18:14:24
kanghanrak.net,true,21,1084,22658,0,0,6,0,0,0,2026-01-22 05:28:55,
tiohuli.com.br,true,21,1724,46728,16,2,1,1,0,0,2026-06-17 20:11:49,
marketingexperts.click,true,21,490,11,0,0,2,1,0,0,2026-02-22 11:44:46,
germanymedicine.com,true,21,843,48003,0,0,1,0,0,0,2025-09-23 07:02:29,
super12.ro,false,21,20,18,50,4,9,0,0,9,2025-03-07 10:17:30,
bet-cafe.ro,true,21,588,1037,0,1,1,0,1,0,2025-07-12 10:13:40,2026-06-03 14:42:52
holdem.ro,false,20,1716,246,163,30,4,0,0,4,2025-02-28 05:23:16,
shilohinnhotels.com,true,20,343,10446,0,0,15,0,0,0,2025-12-18 03:13:52,
storiaememorie.org,true,20,344,7788,0,0,1,1,1,0,2026-05-06 12:33:03,2026-05-20 12:34:57
databoostdirectory.com,true,20,71,8763933,0,0,1,0,0,1,2025-10-09 22:12:00,
usdirectorylist.com,true,20,74,8770879,0,0,1,0,0,1,2025-09-30 05:38:37,
djangoamsterdam.com,true,19,293,22943,0,0,3,0,0,0,2025-08-29 13:56:51,
newsstatix.com,true,19,1887,8073,0,0,1,0,0,0,2026-01-04 15:45:32,
daolink.mom,true,19,104,340,0,0,1,0,1,0,2026-01-14 04:42:31,2026-04-12 02:48:24
online-bet.ro,true,19,586,1,0,0,1,0,1,0,2025-07-11 04:48:29,2026-06-05 14:58:23
top-cote.ro,true,19,586,0,0,0,2,0,2,0,2025-07-10 19:34:51,2026-05-20 20:03:33
arhibet.ro,true,19,587,1034,0,0,1,0,1,0,2025-08-06 13:41:16,2026-05-19 18:43:09
bet-talks.ro,true,19,585,1035,0,0,1,0,1,0,2025-08-02 14:26:29,2026-05-21 02:45:38
mendenarena.de,true,19,1132,84599,18,2,31,31,0,0,2026-05-24 06:35:11,
carbossonline.com,true,18,1484,31694,0,0,10,10,0,0,2026-05-18 09:56:35,
qualitypoint.com.do,false,18,796,2556,19,10,1,0,1,0,2025-10-24 06:50:55,2026-05-30 03:49:23
guestpostwebdirectory.com,true,18,205,8777430,0,0,1,0,0,1,2025-12-02 09:50:36,
monbaba.fr,true,18,1193,45770,0,0,1,0,0,0,2025-08-06 22:17:23,
heartsofoaksc.com,false,18,1301,3731,1760,33,1,0,1,0,2025-04-22 13:24:51,2026-04-27 18:46:45
webdirectoryzone.com,true,17,217,0,0,0,1,0,1,1,2025-08-09 00:01:19,2026-04-06 01:26:50
worldwide-studies.com,false,17,1060,4191,83,51,49,0,0,0,2026-01-15 17:58:35,
charbucks.com,true,17,575,26153,0,0,1,1,0,0,2026-05-24 03:36:58,
anantva.com,true,17,525,55383,2192,48,5,0,1,0,2025-08-25 05:30:01,
eliotzigmundjazz.com,true,17,976,33316,0,0,12,8,0,0,2026-03-18 07:16:59,
prospirebpo.com,true,17,967,2375,0,0,1,0,1,0,2025-12-30 12:28:37,2026-05-08 15:51:00
directorycloudhub.com,true,17,125,8777180,0,0,1,0,0,1,2025-11-09 10:47:26,
foodshelterclothinglearn.co.uk,true,17,1031,35979,0,0,1,1,0,0,2026-05-05 06:58:23,
hwnerds.com,true,17,924,45881,0,0,1,1,0,0,2026-06-08 21:50:50,
teal-server.com,true,17,649,70895,1,1,2,0,0,0,2025-04-22 16:04:21,
epako.ao,true,16,1256,55293,0,0,58,2,0,0,2026-01-23 18:33:57,
ready.pro,true,16,96,18,0,0,4,4,2,0,2026-05-08 20:57:26,
detale.ca,false,16,1386,57,0,0,3,0,3,0,2025-12-16 02:50:30,2026-04-09 14:09:47
bcet-consulting.com,true,16,1391,15501,0,0,14,0,0,0,2025-10-20 21:50:17,
dirbear.com,false,16,1619,18,0,0,1,1,0,0,2026-05-02 03:54:40,
cook72.com,true,16,1312,11262,2,8,12,0,0,0,2026-03-13 05:22:25,
augustapha.org,true,16,326,48533,2072,211,1,0,0,0,2026-01-01 03:28:35,
rbexcellentairportservicesinc.ca,true,16,776,40804,0,0,5,1,0,0,2026-01-09 23:50:54,
plenita.ro,true,16,840,17192,2,4,1,0,0,0,2026-01-23 04:15:24,
petitspasqatar.com,true,16,286,15836,0,0,3,0,0,0,2025-10-24 21:56:22,
pathfindertechcorp.com,true,15,1141,2045,0,0,10,10,10,0,2026-05-23 18:27:45,2026-06-22 23:56:14
linkboostdirectory.com,true,15,178,8773352,0,0,1,0,0,1,2025-08-27 11:48:54,
globalrankdirectory.com,true,15,154,8772871,0,0,1,0,0,1,2025-12-13 11:14:59,
pgc-ks.com,true,15,1314,58880,6,4,37,0,1,0,2025-08-24 14:32:31,
seotrafficdirectory.com,true,15,157,8769443,0,0,1,0,0,1,2025-10-02 06:55:49,
worldseodirectory.com,true,15,162,8774501,0,0,1,0,0,1,2025-09-03 21:54:36,
topla.hr,true,15,1245,21791,28,3,20,0,0,0,2025-10-18 09:00:21,
semrushdirectory.com,true,15,447,8773331,0,0,1,0,0,1,2025-09-25 20:49:32,
bnrincorporadora.com.br,true,15,1311,6532,0,4,1,1,1,0,2026-05-16 14:00:58,2026-05-30 20:13:19
searchstackdirectory.com,true,15,151,8763028,0,0,1,0,0,1,2026-01-26 09:21:57,
skdgroupofinstitutions.com,false,15,1193,14,23,5,26,0,26,0,2025-12-16 03:11:41,2026-05-24 20:25:48
digitalatto.io,true,15,747,12201,1,1,5,0,5,0,2025-12-26 14:07:14,2026-05-03 10:59:30
sencora.com,true,15,1129,59542,0,0,13,13,0,0,2026-04-28 17:20:03,
acquire.co.in,true,14,63,1,0,0,1,1,0,0,2026-05-24 04:11:17,
cueee.jp,true,14,585,57928,0,0,2,1,0,0,2026-01-26 18:30:44,
procurement.gov.ck,true,14,401,24669,1,1,7,0,1,0,2025-08-15 01:55:10,
sblmerchant.com,true,14,138,18046,0,0,1,1,0,0,2026-05-10 11:59:40,
linkdirectoryzone.com,true,14,54,8766332,0,0,1,0,0,1,2025-09-29 01:10:36,
authorityprodirectory.com,true,14,156,8771102,0,0,1,0,0,1,2025-10-23 01:44:18,
marketinghubdirectory.com,true,14,198,8777040,0,0,1,0,0,1,2025-09-05 05:35:25,
rankongoogle.agency,true,14,168,1,0,0,1,0,1,0,2025-12-20 15:54:37,2026-06-11 07:22:43
berlin-immobilien-verkaufen.de,true,14,445,20009,0,1,1,1,0,0,2026-04-19 01:56:41,
landhotel-zumstaffelwirt.de,true,14,262,11708,12,5,1,0,0,0,2025-12-28 17:28:55,
smartdirectoryhub.com,true,14,165,8762877,0,0,1,0,0,1,2025-10-01 02:31:11,
sportprofit.ro,true,14,120,779,0,0,13,0,0,13,2024-09-28 14:43:36,
chaharfasl.ir,false,14,96,53944,2,3,1,0,0,1,2025-09-17 03:57:49,
shiatsutherapy.org,true,13,198,22799,0,1,3,0,0,0,2025-09-17 16:30:36,
ecogripzone.com,true,13,392,2232,0,1,2,0,2,0,2025-08-19 15:09:56,2026-05-14 00:51:08
seowebsitesdirectory.com,true,13,188,8770039,0,0,1,0,0,1,2025-10-04 01:58:29,
traffichubdirectory.com,true,13,174,8777078,0,0,1,0,0,1,2025-09-29 12:51:55,
soicaumienbac368.com,true,13,369,3059,0,0,5,5,0,0,2026-05-13 15:08:21,
slapshady.com,true,13,1029,6223,0,0,1,0,0,0,2025-08-10 23:51:42,
homeupgradepros.com,true,13,381,8804,0,0,4,0,0,0,2025-12-15 00:39:17,
rankpilot.shop,true,13,611,0,0,0,1,0,0,0,2025-09-29 03:33:26,
presale-vancouver.ca,true,13,1042,45237,0,0,5,0,0,0,2025-12-25 04:24:24,
topsiterankdirectory.com,true,13,100,8772417,0,0,1,0,0,1,2025-11-01 07:45:44,
geekhub.it,true,13,492,12606,0,0,14,0,5,0,2026-02-09 09:54:15,
highauthoritydirectory.com,true,13,1530,8762808,0,0,1,0,0,1,2025-09-15 01:56:16,
stiridinlume.ro,false,13,623,1219,806,309,4,0,0,4,2025-08-28 11:56:32,
bzt.ro,false,13,136,1248,7,5,4,0,0,4,2020-06-06 05:49:07,
thvadvogados.com.br,true,13,903,27704,0,0,1,0,0,0,2025-09-30 03:07:00,
teatroabrescia.it,true,12,1146,54153,0,7,1,0,0,0,2025-09-30 08:07:29,
ibake2016.com,true,12,2481,86,0,1,12,0,12,0,2025-10-02 01:30:15,2026-05-24 13:24:39
powerlinkdirectory.com,true,12,120,8773512,0,0,1,0,0,1,2025-10-06 23:39:41,
stireazilei.com,false,12,231,967,10,2,1,0,0,0,2025-12-21 08:52:42,
smartcabsnorwich.co.uk,true,12,739,27322,0,0,7,4,0,0,2026-02-15 19:07:31,
seo-anomaly-wave.online,true,12,682,0,0,0,17,0,17,0,2025-05-03 06:43:47,2026-04-05 15:06:12
primesolodirectory.com,true,12,51,8777693,0,0,1,0,0,1,2025-10-01 23:20:05,
seo-anomaly-traffic.online,true,12,671,0,0,0,23,0,23,0,2025-05-07 18:53:09,2026-04-11 08:55:45
fmwelten.de,false,12,19,6,127,39,2,0,0,0,2020-03-07 12:53:24,
spottedcow.media,true,12,627,35462,8,2,1,1,0,0,2026-05-24 09:53:29,
seo-anomaly-turbo.online,true,12,680,0,0,0,6,0,6,0,2025-05-07 02:50:51,2026-04-07 22:00:54
seo-anomaly-launch.online,true,12,695,0,0,0,8,0,8,0,2025-05-08 16:05:27,2026-04-05 03:49:59
seo-anomaly-gamma.online,true,12,671,0,0,0,10,0,10,0,2025-05-04 05:18:50,2026-04-13 02:24:01
tintsandtools.com,true,12,682,29,0,1,1,0,1,0,2025-04-22 13:48:23,2026-04-07 12:36:49
ahrefs-links.com,true,12,175,8768740,0,0,1,0,0,1,2025-09-30 21:21:58,
seo-anomaly-blueprint.online,true,12,691,1,0,0,2,0,2,0,2025-05-04 03:34:12,2026-04-08 10:47:58
bigtrakisback.com,true,11,1042,719,0,0,30,0,30,0,2025-12-16 20:37:07,2026-05-04 00:48:51
seo-anomaly-spark.online,true,11,678,0,0,0,1,0,1,0,2025-05-03 12:16:21,2026-04-05 15:32:49
cinebuzztimes.com,true,11,748,13933,0,1,1,0,0,0,2026-01-28 23:47:40,
seo-anomaly-quest.online,true,11,678,0,0,0,9,0,9,0,2025-05-12 07:28:01,2026-04-02 15:49:13
toptierdirectory.com,true,11,87,8766179,0,0,1,0,0,1,2025-12-09 12:59:09,
seo-anomaly-onpage.online,true,11,665,0,0,0,7,0,7,0,2025-05-08 03:53:18,2026-04-07 20:40:46
dotnxt.om,true,11,294,11867,0,1,25,0,0,0,2026-01-08 17:48:13,
seo-anomaly-energy.online,true,11,705,0,0,0,5,0,5,0,2025-05-04 04:06:33,2026-04-11 16:44:14
themasterdirectory.com,true,11,89,8770701,0,0,1,0,0,1,2025-09-30 19:06:14,
seo-anomaly-hub.online,true,11,667,0,0,0,9,0,9,0,2025-05-06 18:32:30,2026-04-09 06:36:12
list.show,true,11,142,102,0,0,2,0,0,0,2025-11-30 03:58:48,
kingbluecondos.ca,true,11,749,36045,0,0,1,0,0,0,2026-02-20 14:37:42,
hoelee.com,false,11,119,461199,0,0,2,2,0,2,2026-05-25 08:27:05,
paynegeo.com.au,true,11,462,8249,0,0,1,0,0,0,2025-04-23 10:04:28,
mercadodevillaverde.net,true,11,410,39824,106,15,9,0,0,0,2025-10-03 23:50:44,
seo-anomaly-summit.online,true,11,678,0,0,0,7,0,7,0,2025-05-14 07:30:44,2026-04-03 06:35:54
aibacklinkdirectory.com,true,11,77,0,0,0,1,0,1,1,2025-08-29 00:12:16,2026-04-17 21:31:52
academia.edu.gt,true,11,825,12102,1,3,41,0,0,0,2026-01-07 18:52:10,
seo-anomaly-content.online,true,11,673,0,0,0,8,0,8,0,2025-05-03 12:42:18,2026-04-06 14:25:42
touch-dt.com,false,11,39,74245,1,2,2,0,0,2,2025-01-23 10:40:54,
adriangeorgescu.ro,false,11,199,701,26,21,52,3,0,50,2023-08-10 22:35:05,
taneliukai.com,true,11,133,7294,18,4,1,0,0,0,2025-10-02 07:17:05,
seo-anomaly-guru.online,true,11,692,0,0,0,14,0,14,0,2025-05-02 06:16:46,2026-04-08 09:23:50
seo-anomaly-forge.online,true,11,724,0,0,0,4,0,4,0,2025-05-05 08:25:12,2026-04-02 09:32:45
seo-anomaly-revolution.online,true,10,685,0,0,0,15,0,15,0,2025-05-03 01:01:26,2026-04-07 18:31:18
bizdirectoryrank.com,true,10,403,0,0,0,1,0,1,1,2025-05-14 22:47:54,2026-03-30 03:22:20
seo-anomaly-analytics.online,true,10,665,0,0,0,35,0,35,0,2025-05-03 03:57:54,2026-04-21 03:43:30
jipanco.fr,true,10,211,2909,0,0,2,0,2,0,2025-09-26 06:27:36,2026-06-07 11:03:04
seo-anomaly-optimization.online,true,10,662,0,0,0,22,0,22,0,2025-05-02 20:18:24,2026-04-08 08:32:12
kunden-erfahrungen.com,true,10,630,41755,0,0,2,0,0,0,2025-09-08 13:02:15,
seo-anomaly-foundry.online,true,10,711,0,0,0,14,0,14,0,2025-05-06 22:22:42,2026-04-10 23:08:29
unique-creativity.com,true,10,610,38279,0,0,2,0,0,0,2026-02-15 07:11:21,
seo-anomaly-mastery.online,true,10,683,0,0,0,8,0,8,0,2025-05-16 05:38:39,2026-04-08 08:04:59
seo-anomaly-path.online,true,10,687,0,0,0,9,0,9,0,2025-05-08 02:10:44,2026-04-03 21:35:36
seo-anomaly-incubator.online,true,10,699,0,0,0,4,0,4,0,2025-05-03 19:21:16,2026-04-08 07:41:41
seo-anomaly-studio.online,true,10,707,0,0,0,12,0,12,0,2025-05-07 22:23:39,2026-04-08 07:33:41
seo-anomaly-beacon.online,true,10,704,0,0,0,9,0,9,0,2025-05-09 02:15:40,2026-04-06 07:25:06
ultimasnoticiasvenezuela.com,true,10,626,29164,0,1,1,0,0,0,2026-01-21 10:37:20,
seo-anomaly-vortex.online,true,10,695,0,0,0,19,0,19,0,2025-05-08 05:06:24,2026-04-10 02:01:06
seo-anomaly-dynamo.online,true,10,686,0,0,0,24,0,24,0,2025-05-07 22:02:26,2026-04-08 07:15:54
seo-anomaly-innovation.online,true,10,684,0,0,0,15,0,15,0,2025-05-02 18:57:48,2026-04-07 03:43:49
seo-anomaly-pulse.online,true,10,689,0,0,0,16,0,16,0,2025-05-03 06:01:06,2026-04-07 15:20:23
seo-anomaly-pinnacle.online,true,10,692,0,0,0,12,0,12,0,2025-05-02 22:31:24,2026-04-06 05:28:54
seo-anomaly-ranking.online,true,10,676,0,0,0,2,0,2,0,2025-05-03 15:29:05,2026-04-07 15:03:36
seo-anomaly-audit.online,true,10,676,0,0,0,9,0,9,0,2025-05-03 18:44:37,2026-04-09 15:32:23
seo-anomaly-evolution.online,true,10,695,0,0,0,11,0,11,0,2025-05-04 16:15:04,2026-04-06 16:24:15
seo-anomaly-catalyst.online,true,10,696,0,0,0,4,0,4,0,2025-05-02 18:29:32,2026-04-08 08:48:40
seo-anomaly-best.online,true,10,665,0,0,0,4,0,4,0,2025-05-03 04:30:17,2026-04-02 17:59:17
seo-anomaly-insight.online,true,10,695,0,0,0,19,0,19,0,2025-05-02 20:13:40,2026-04-08 11:04:43
seo-anomaly-alpha.online,true,10,674,0,0,0,7,0,7,0,2025-05-02 17:53:50,2026-04-05 01:38:55
roulettecalculators.com,false,10,156,136,4,1,14,0,9,0,2025-12-03 17:24:12,
seo-anomaly-prime.online,true,10,679,0,0,0,15,0,15,0,2025-05-03 07:52:56,2026-04-11 07:22:17
seo-anomaly-pivot.online,true,10,679,0,0,0,11,0,11,0,2025-05-03 15:52:06,2026-04-10 06:16:55
seo-anomaly-zenith.online,true,10,685,0,0,0,14,0,14,0,2025-05-03 04:39:30,2026-04-13 07:29:18
seo-anomaly-mobile.online,true,10,684,0,0,0,18,0,18,0,2025-05-08 01:50:36,2026-04-08 03:19:01
seo-anomaly-rocket.online,true,10,678,0,0,0,5,0,5,0,2025-05-06 13:17:28,2026-04-05 06:04:36
seo-anomaly-synergy.online,true,10,677,0,0,0,3,0,3,0,2025-05-02 14:32:10,2026-04-04 04:09:51
eldekahealth.net,true,10,612,17602,0,0,6,0,0,0,2025-09-22 01:57:20,
drcatherinebehzad.com,true,10,823,15604,0,0,5,0,0,0,2025-09-29 15:06:20,
seo-anomaly-digital.online,true,10,666,0,0,0,9,0,9,0,2025-05-03 23:51:59,2026-04-10 11:23:55
seo-anomaly-keywords.online,true,10,689,0,0,0,3,0,3,0,2025-05-02 18:40:59,2026-04-06 06:50:25
seo-anomaly-shift.online,true,10,681,0,0,0,15,0,15,0,2025-05-02 16:43:37,2026-04-08 08:55:09
seo-anomaly-voyage.online,true,10,690,0,0,0,5,0,5,0,2025-06-03 07:32:40,2026-04-11 12:34:48
seo-anomaly-algorithm.online,true,10,677,0,0,0,24,0,24,0,2025-05-03 19:18:54,2026-04-08 15:14:41
seo-anomaly-orbit.online,true,10,689,0,0,0,13,0,13,0,2025-05-03 10:51:59,2026-04-06 19:58:34
seo-anomaly-pro.online,true,10,680,0,0,0,10,0,10,0,2025-05-04 00:58:03,2026-04-08 07:03:28
seo-anomaly-engine.online,true,10,705,0,0,0,6,0,6,0,2025-07-03 03:17:16,2026-04-08 15:15:17
greattraveladvisor.com,true,10,589,29715,0,0,1,1,0,0,2026-05-25 03:05:47,
seo-anomaly-lab.online,true,10,686,0,0,0,6,0,6,0,2025-05-10 05:13:52,2026-04-06 20:46:35
seo-anomaly-arrow.online,true,10,692,0,0,0,25,0,25,0,2025-05-03 11:56:26,2026-04-09 05:44:49
seo-anomaly-vision.online,true,10,658,0,0,0,1,0,1,0,2025-06-27 00:08:08,2026-04-03 06:10:23
seo-anomaly-fusion.online,true,10,698,0,0,0,8,0,8,0,2025-07-02 03:53:37,2026-04-07 16:29:02
seo-anomaly-delta.online,true,10,687,0,0,0,11,0,11,0,2025-05-03 22:03:08,2026-04-09 01:22:45
seo-anomaly-expert.online,true,10,681,0,0,0,6,0,6,0,2025-05-06 22:22:44,2026-04-08 05:37:17
seo-anomaly-genesis.online,true,10,699,0,0,0,11,0,11,0,2025-05-03 06:20:40,2026-04-10 11:35:32
seo-anomaly-edge.online,true,10,676,0,0,0,9,0,9,0,2025-07-01 01:04:38,2026-04-06 04:19:42
seo-anomaly-beta.online,true,10,684,0,0,0,12,0,12,0,2025-05-02 10:57:12,2026-04-10 17:47:40
larex.co.il,true,10,872,6817,0,0,1,1,0,0,2026-05-03 07:29:48,
seo-anomaly-strategy.online,true,10,665,0,0,0,6,0,6,0,2025-05-07 17:46:56,2026-04-10 01:10:43
seo-anomaly-vantage.online,true,10,682,0,0,0,10,0,10,0,2025-05-03 07:21:48,2026-04-05 11:44:19
brave-nà.com,true,10,302,41,0,0,1,0,1,0,2025-11-26 04:55:56,2026-04-14 17:45:26
seo-anomaly-design.online,true,10,698,0,0,0,7,0,7,0,2025-07-02 03:05:58,2026-04-02 12:26:30
seo-anomaly-station.online,true,10,699,0,0,0,8,0,8,0,2025-05-03 09:30:34,2026-04-08 02:25:45
seo-anomaly-sprint.online,true,10,687,0,0,0,5,0,5,0,2025-05-13 22:53:28,2026-04-04 21:05:07
seo-anomaly-voice.online,true,10,675,0,0,0,1,0,1,0,2025-06-28 01:25:32,2026-03-29 18:52:10
seo-anomaly-metrics.online,true,10,666,0,0,0,21,0,21,0,2025-05-03 03:46:31,2026-04-14 05:56:14
seo-anomaly-marketing.online,true,10,677,0,0,0,17,0,17,0,2025-05-08 06:04:28,2026-04-07 12:05:40
seo-anomaly-concept.online,true,10,694,0,0,0,13,0,13,0,2025-05-04 02:25:15,2026-04-06 18:52:07
seo-anomaly-offpage.online,true,10,699,0,0,0,7,0,7,0,2025-05-08 07:56:47,2026-04-07 16:11:37
seo-anomaly-drive.online,true,10,680,0,0,0,15,0,15,0,2025-05-03 09:31:01,2026-04-10 07:02:02
seo-anomaly-sigma.online,true,10,686,0,0,0,6,0,6,0,2025-05-08 20:28:19,2026-04-08 00:21:41
seo-anomaly-nexus.online,true,10,687,0,0,0,2,0,2,0,2025-05-10 21:23:24,2026-04-08 22:32:55
seo-anomaly-jump.online,true,10,687,0,0,0,16,0,16,0,2025-05-02 21:12:04,2026-04-06 09:49:52
seo-anomaly-mission.online,true,10,686,0,0,0,5,0,5,0,2025-05-03 06:47:00,2026-04-08 13:57:35
marmaraelectronic.com,true,10,940,574,0,1,2,0,2,0,2025-10-31 09:45:59,2026-05-10 14:33:39
seo-anomaly-technical.online,true,10,673,0,0,0,11,0,11,0,2025-05-02 19:17:33,2026-04-07 16:00:32
seo-anomaly-surge.online,true,10,691,0,0,0,18,0,18,0,2025-05-03 02:22:47,2026-04-14 17:20:53
seo-anomaly-shine.online,true,10,677,0,0,0,10,0,10,0,2025-05-06 12:13:29,2026-04-02 08:26:02
seo-anomaly-wizard.online,true,10,688,0,0,0,12,0,12,0,2025-05-04 03:38:55,2026-04-11 08:08:50
seo-anomaly-local.online,true,10,676,0,0,0,9,0,9,0,2025-05-02 14:59:15,2026-04-07 16:59:48
seo-anomaly-leap.online,true,10,685,0,0,0,24,0,24,0,2025-05-02 18:12:06,2026-04-08 04:32:26
seo-anomaly-apogee.online,true,10,668,0,0,0,12,0,12,0,2025-05-03 01:23:03,2026-04-12 04:33:32
kringelholt.dk,true,10,623,38565,2,3,2,0,0,0,2026-02-12 10:58:21,
seo-anomaly-realm.online,true,10,678,0,0,0,24,0,24,0,2025-05-03 20:26:16,2026-04-05 12:57:43
seo-anomaly-canvas.online,true,10,710,0,0,0,3,0,3,0,2025-05-13 06:47:01,2026-04-03 19:57:18
seo-anomaly-apex.online,true,10,675,0,0,0,4,0,4,0,2025-05-06 01:19:18,2026-04-03 03:31:25
seo-anomaly-backlinks.online,true,10,676,0,0,0,1,0,1,0,2025-05-03 22:25:10,2026-03-29 19:02:13
seo-anomaly-ignition.online,true,10,683,0,0,0,6,0,6,0,2025-07-02 15:21:10,2026-04-05 05:13:04
seo-anomaly-cool.online,true,10,666,0,0,0,10,0,10,0,2025-05-08 12:21:45,2026-04-06 16:51:04
seo-anomaly-peak.online,true,10,675,0,0,0,2,0,2,0,2025-05-03 01:22:01,2026-04-07 01:54:51
seo-anomaly-horizon.online,true,10,673,0,0,0,15,0,15,0,2025-05-02 17:56:27,2026-04-20 16:01:11
seo-anomaly-visibility.online,true,10,677,0,0,0,1,0,1,0,2025-07-03 20:40:35,2026-04-05 05:51:29
seo-anomaly-frontier.online,true,10,671,0,0,0,10,0,10,0,2025-05-03 07:18:56,2026-04-07 05:41:36
seo-anomaly-focus.online,true,9,674,0,0,0,12,0,12,0,2025-05-08 07:41:56,2026-04-08 15:45:21
seo-anomaly-echo.online,true,9,677,0,0,0,3,0,3,0,2025-05-12 13:20:06,2026-04-07 06:12:44
seo-anomaly-boost.online,true,9,674,0,0,0,3,0,3,0,2025-05-08 00:57:24,2026-04-03 00:07:01
seo-anomaly-trail.online,true,9,690,0,0,0,16,0,16,0,2025-05-06 03:07:02,2026-04-09 20:57:24
zenithprobar.com,true,9,400,4319,0,0,2,2,0,0,2026-05-17 15:12:19,
seo-anomaly-clarity.online,true,9,662,0,0,0,15,0,15,0,2025-05-01 23:03:44,2026-04-07 06:28:51
mbcm.in,true,9,264,10466,0,2,9,8,4,0,2026-02-13 18:12:10,
charmemedical.com,true,9,157,6555,137,32,14,0,0,0,2025-09-15 23:26:39,
simplygaurav.com,true,9,279,77938,0,0,62,3,0,0,2025-07-30 16:05:15,
newsblogsports.site,true,9,18,48647660,0,0,1,1,0,1,2026-05-11 07:42:54,
addurl.in,false,9,42,1,214,25,1,1,0,0,2026-05-23 14:12:40,
autoservants.com,true,9,701,6257,0,0,2,0,0,0,2025-08-06 18:43:04,
crystalshk.com,true,9,3556,13783,0,3,1,0,0,0,2025-09-24 09:28:25,
iesjuandopazo.es,true,9,358,6425,567,284,4,0,0,0,2025-04-22 13:20:25,
robuta.com,true,9,40,1197273,0,0,5,5,0,5,2026-05-07 07:32:36,
bdjokes.com,true,9,547,7004,0,0,1583,1166,1136,0,2025-08-27 06:40:16,
inlinenow.com,true,9,525,17101,0,0,4,1,2,0,2025-09-06 02:39:30,
superprofit.ro,true,9,63,723,0,0,6,0,0,6,2024-06-11 21:42:05,
gaister.com,true,9,173,1488,0,0,1,0,1,0,2025-09-29 09:25:58,2026-05-27 08:10:13
topganlasers.com,true,9,151,13096,32,1,2,0,0,0,2025-08-16 00:17:16,
dcoutesnjacob.com,true,9,662,6334,0,0,30,27,30,0,2026-02-13 03:41:51,2026-06-29 03:38:21
allinone.co.in,true,9,40,2,0,0,1,1,0,0,2026-05-31 14:43:41,
saasdirectorywebsites.com,true,9,290,0,0,0,1,0,1,1,2025-08-09 04:12:54,2026-04-02 08:32:49
kardes.com.tr,false,9,407,144,0,1,9,0,9,0,2026-02-12 04:50:23,2026-04-11 08:20:47
cdj-bouffort.com,true,9,478,92956,0,5,2,0,0,0,2026-01-01 04:54:54,
systeckllc.com,true,9,473,37876,0,0,6,5,0,0,2025-09-06 02:40:02,
seoprodirectory.com,true,9,128,8763611,0,0,1,0,0,1,2026-01-03 21:50:41,
taviramonte.com,true,9,397,5597,0,1,2,0,0,0,2026-02-26 08:03:57,
seo-anomaly-dynamic.online,true,9,717,0,0,0,3,0,3,0,2025-05-29 22:06:48,2026-04-05 07:43:08
khajehfatholah.com,true,9,272,9740,0,0,1,0,0,0,2025-11-29 06:51:49,
primebeautylounge.com,true,9,837,51713,4,3,56,33,0,0,2026-01-08 02:30:33,
usaseodirectory.com,true,9,175,8768586,0,0,1,0,0,1,2025-10-03 03:45:51,
32si.ro,false,9,546,1193,0,0,95,0,95,95,2022-02-09 17:46:09,2026-06-16 20:57:47
carsdaddy.com,true,9,277,4064,0,0,14,9,0,0,2025-09-30 22:01:14,
technewsmail.com,true,9,727,33993,0,0,19,0,0,0,2025-12-24 02:11:25,
tradingquant.com.br,true,9,795,1030,13,2,6,0,6,0,2025-12-20 13:22:50,2026-05-27 16:09:06
proplayersports.com,true,9,542,34893,0,0,8,2,0,0,2025-08-06 01:52:05,
topicmd.com,false,9,57,204,155,50,3,0,0,0,2025-02-09 01:30:29,
watermanindia.in,false,8,868,64,2,1,1,0,1,0,2025-10-19 05:23:32,2026-04-03 07:49:13
gnuisnotunix.com,false,8,60,470865,0,0,2,2,0,2,2026-05-24 03:51:26,
sanatyips.com,true,8,425,17931,36,17,18,0,0,0,2025-08-29 21:37:16,
qualifiedbuildinginspectors.co.nz,true,8,502,25740,0,0,5,5,0,0,2026-05-23 15:49:45,
ilait-reseller.com,true,8,739,49283,0,0,1,0,0,0,2025-09-06 02:38:53,
vanudenips.com,false,8,596,5367,2,3,41,0,41,0,2025-09-27 12:32:28,2026-05-06 01:35:52
bnb-housekeeping.co.uk,true,8,567,12083,0,0,2,0,0,0,2025-12-18 04:47:25,
uaestore.com,true,8,283,6780,51,29,5,5,5,0,2026-05-15 22:33:28,2026-06-28 21:00:49
salarkhodroyeshomal.ir,true,8,139,10136,0,0,13,1,3,0,2025-09-10 04:11:48,
alligatorlaundromat.com,true,8,1037,1431,0,0,10,0,0,0,2025-08-28 11:23:47,
mensetsu-check21.net,true,8,321,26588,0,0,1,0,0,0,2025-12-01 00:36:29,
supremedirectory.com,true,8,69,0,0,0,1,0,1,1,2025-09-12 20:49:36,2026-04-17 13:17:03
fynd.bot,true,8,15,25072,2,3,6,4,1,6,2025-12-05 15:44:24,
digitaltechking.icu,true,8,490,1117351,0,0,4,4,0,4,2026-06-14 07:01:43,
7starzmoving.ca,true,8,175,10244,0,0,6,0,0,0,2025-12-28 03:55:57,
lineaceramicasrl.com,true,8,553,23170,2,1,1,0,0,0,2025-12-21 19:50:34,
shopthefinest.com,false,7,581,674,481,119,28,0,28,0,2025-08-28 07:02:25,2026-05-10 01:41:46
zandlegal.com,true,7,390,9925,1,1,2,0,0,0,2026-01-30 20:10:32,
licitamos.cl,true,7,454,12002,86,16,15,0,0,0,2025-08-28 20:05:34,
hotrocovid19.net,true,7,806,14864,0,0,1,0,0,0,2026-01-24 13:35:29,
ufn.network,true,7,113,6891,13,10,12,0,0,0,2025-09-28 23:36:16,
clubatleticopilar.com,true,7,84,2242,32,11,31,1,0,0,2025-11-07 12:49:17,
cloorient.com,false,7,599,48,7,2,2,0,2,0,2025-12-03 19:12:06,2026-04-27 03:34:08
iotaseo-balap-kaca.online,true,7,50,0,0,0,4,0,4,0,2025-05-16 05:33:18,2026-04-20 12:00:09
seo-balap-kacapi.online,true,7,49,0,0,0,7,0,7,0,2025-05-31 10:28:13,2026-04-02 12:34:12
betaseo-balap.online,true,7,50,0,0,0,18,0,18,0,2025-05-31 13:25:39,2026-04-14 15:44:16
lankaadventureholidays.com,true,7,399,840,0,0,5,0,5,0,2025-12-13 19:55:02,2026-04-27 19:35:37
ezfinancial.ca,true,7,299,6181,0,0,31,0,0,0,2025-10-03 18:34:22,
powerworkselectric.com,true,7,511,51646,59,12,17,0,1,0,2025-10-02 12:00:14,
weeblydirectory.com,true,7,43,0,0,0,1,0,1,1,2025-08-31 01:49:24,2026-04-20 04:23:57
primeseodirectory.com,true,7,33,0,0,0,1,0,1,1,2025-09-30 13:49:42,2026-04-20 10:10:48
tekkaledogaltas.com,false,7,483,193,0,1,7,0,0,0,2025-10-02 17:14:23,
911auto.it,true,7,527,28720,29,23,34,1,0,0,2025-12-27 03:13:46,
datapointpos.com,true,7,249,6978,0,0,1,0,0,0,2025-09-11 09:45:08,
sisgroup.lk,false,7,539,14,1,1,1,0,1,0,2025-10-04 08:27:46,2026-04-06 10:07:57
article-spinner.xyz,true,7,377,179576,0,0,1,0,1,1,2025-08-31 06:46:13,2026-04-25 14:08:17
geoconsultor.cl,true,7,572,9163,0,0,2,0,0,0,2025-12-25 15:50:21,
perfilacosp.com,false,7,369,20,9,14,1,0,0,0,2025-10-21 16:39:54,
marthataylorviolin.com,true,7,474,8916,0,0,28,0,28,0,2025-10-21 21:52:16,2026-05-06 02:21:23
auntsandysskinks.com,true,7,239,11532,4,7,2,2,2,0,2026-04-30 22:12:35,2026-06-26 18:17:16
suadienlanhhaiduong.com,true,7,730,129,0,0,1,1,1,0,2026-04-26 18:05:09,2026-05-26 18:07:05
psitestatus.com,true,6,218,126304,0,0,4,4,4,4,2026-05-26 22:49:15,2026-06-12 09:39:47
craze.cl,true,6,580,40,0,1,19,0,2,0,2025-12-12 14:26:38,
akashjadhav.com,true,6,593,5116,0,0,9,0,0,0,2025-12-31 21:30:49,
unitedtsglobal.com,true,6,276,15972,0,0,1,0,0,0,2026-02-20 00:53:17,
buzz-wings.com,true,6,584,15779,0,0,14,0,0,0,2026-01-15 03:59:28,
tamashi.com,true,6,152,5182,110,12,10,10,5,0,2026-05-13 04:36:38,
platinumnursingcare.co.uk,true,6,182,13673,2,2,2,2,0,0,2026-04-29 09:26:00,
local.co.zw,true,6,181,4645,0,0,2,0,0,0,2025-08-17 09:41:13,
sportman.ro,true,6,4,489,10,8,36,4,0,36,2025-01-30 14:57:43,
seodirectorypro.com,true,6,68,8774360,0,0,1,0,0,1,2026-02-01 06:33:59,
cyberwebit.com,true,6,490,7824,0,0,1,0,0,0,2025-12-29 08:43:54,
arkanholding.ly,true,6,353,4,0,0,1,0,1,0,2025-10-02 05:56:23,2026-05-17 09:20:03
fcevents.com.au,true,5,454,20565,0,0,1,0,0,0,2025-09-06 02:39:31,
pagosdiarios.com,true,5,331,13445,0,0,3,2,0,0,2026-01-25 12:27:58,
mediumdirectory.com,true,5,33,0,0,0,1,0,1,1,2025-10-22 01:08:17,2026-04-15 04:41:06
hyderabadneurosurgeon.co.in,true,5,294,161,0,0,25,0,23,0,2025-09-30 15:17:36,
tumblrdirectory.com,true,5,39,0,0,0,1,0,1,1,2025-09-29 13:24:37,2026-04-15 17:27:50
vivamosenfamilia.org,true,5,323,17500,0,0,2,2,0,0,2026-05-01 03:31:40,
ozdemirhanasansor.com,true,5,195,6926,0,0,1,0,0,0,2025-10-08 13:15:20,
federacaocrp.org.cv,true,5,250,4432,0,0,6,0,6,0,2025-10-23 02:16:05,2026-06-13 11:41:12
suntech-lift.com,true,5,143,2003,0,0,2,2,0,0,2026-06-28 20:16:27,
allistingdirectory.com,true,5,88,8777278,0,1,1,0,0,1,2025-10-10 20:53:29,
seoelitedirectory.com,true,5,35,2,0,0,1,0,1,1,2025-09-30 04:51:40,2026-04-19 06:34:29
linkbuildingdirectory.com,true,4.9,51,1818728,0,0,1,0,1,1,2025-09-30 09:28:29,2026-06-09 14:23:36
driftmotoshop.com,true,4.9,109,38260,0,1,1,0,0,0,2025-09-26 06:03:06,
saaswebdirectory.com,true,4.9,37,0,0,0,1,0,1,1,2025-09-10 04:34:33,2026-04-17 13:35:43
webusdirectory.com,true,4.9,39,2,0,0,1,0,1,1,2025-09-03 13:24:08,2026-04-19 11:34:06
verifieddirectory.com,true,4.8,61,0,0,0,1,0,1,1,2025-08-31 10:34:49,2026-04-20 02:23:16
backlinksdirectoryhub.com,true,4.8,31,0,0,0,1,0,1,1,2025-09-26 07:21:18,2026-04-17 11:32:44
topsaasdirectory.com,true,4.8,34,2,0,0,1,0,1,1,2025-10-02 03:32:05,2026-04-21 06:47:10
nlaha.com,false,4.8,34,1479309,2,14,2,2,0,2,2026-06-05 02:45:39,
aiarticledirectory.com,true,4.8,43,0,0,0,1,0,1,1,2025-09-04 20:56:49,2026-04-29 01:29:28
socialrankdirectory.com,true,4.8,30,0,0,0,1,0,1,1,2025-10-06 22:21:18,2026-04-18 02:30:50
businesslistingportal.com,true,4.8,18,8773891,0,0,1,0,0,1,2025-12-15 13:34:47,
seodirectoryzone.com,true,4.7,33,0,0,0,1,0,1,1,2025-09-03 11:02:59,2026-04-18 19:34:22
seologixdirectory.com,true,4.7,32,0,0,0,1,0,1,1,2025-09-17 04:01:34,2026-04-25 16:05:38
prolistingdirectory.com,true,4.7,29,0,0,0,1,0,1,1,2025-09-27 02:59:15,2026-04-16 21:50:35
linkflowdirectory.com,true,4.7,30,0,0,0,1,0,1,1,2025-10-03 06:44:54,2026-04-17 04:32:56
saasdirectoryzone.com,true,4.7,33,0,0,0,1,0,1,1,2025-09-06 08:30:11,2026-04-23 12:28:43
bhs-links-ares.website,true,4.7,124,314,0,0,13,0,0,0,2025-10-13 04:34:43,
topbacklinksdirectory.com,true,4.6,29,0,0,0,1,0,1,1,2025-10-03 03:11:33,2026-04-17 23:32:14
bhs-links-helios.site,true,4.6,122,318,0,0,13,0,0,0,2025-10-02 03:05:26,
almeriavisitasguiadas.com,true,4.6,368,13167,55,3,52,1,5,0,2025-10-02 17:58:15,
tecnividrio.com.ec,true,4.6,182,13444,31,3,28,0,0,0,2026-01-02 11:23:56,
bhs-links-selene.website,true,4.6,124,315,0,0,13,0,0,0,2025-10-04 10:29:22,
bhs-links-hestia.website,true,4.6,124,322,0,0,13,0,0,0,2025-10-02 01:32:36,
bhs-links-uranus.site,true,4.6,122,319,0,0,13,0,0,0,2025-10-01 17:50:27,
bhs-links-ares.online,true,4.6,122,316,0,0,13,0,0,0,2025-10-01 19:34:48,
bhs-links-rhea.site,true,4.6,122,316,0,0,13,0,0,0,2025-10-11 03:44:33,
bhs-links-poseidon.site,true,4.6,123,314,0,0,13,0,0,0,2025-10-11 01:07:56,
bhs-links-artemis.site,true,4.6,122,314,0,0,13,0,0,0,2025-10-01 19:02:57,
bhs-links-aphrodite.site,true,4.6,122,318,0,0,13,0,0,0,2025-10-01 18:05:07,
bhs-links-apollo.online,true,4.6,123,316,0,0,13,0,0,0,2025-10-01 19:46:05,
bhs-links-apollo.site,true,4.6,122,315,0,0,13,0,0,0,2025-10-01 18:26:24,
bhs-links-rhea.website,true,4.6,124,317,0,0,13,0,0,0,2025-10-13 14:17:12,
bhs-links-hera.online,true,4.6,122,315,0,0,13,0,0,0,2025-10-04 18:40:04,
bhs-links-athena.site,true,4.6,122,317,0,0,13,0,0,0,2025-10-01 19:44:48,
bhs-links-hestia.online,true,4.6,122,316,0,0,13,0,0,0,2025-10-01 13:24:17,
bhs-links-poseidon.website,true,4.6,124,318,0,0,13,0,0,0,2025-10-02 19:12:09,
bhs-links-zeus.website,true,4.6,124,313,0,0,13,0,0,0,2025-10-01 19:27:20,
bhs-links-apollo.website,true,4.6,123,308,0,0,13,0,0,0,2025-10-01 15:22:57,
bhs-links-zeus.site,true,4.6,121,316,0,0,13,0,0,0,2025-10-01 20:08:19,
bhs-links-morpheus.site,true,4.6,121,318,0,0,13,0,0,0,2025-10-10 22:19:31,
bhs-links-gaia.online,true,4.6,121,319,0,0,13,0,0,0,2025-10-10 06:19:42,
bhs-links-hades.site,true,4.6,122,315,0,0,13,0,0,0,2025-10-01 18:24:39,
bhs-links-ares.site,true,4.6,122,321,0,0,13,0,0,0,2025-10-15 03:14:40,
bhs-links-artemis.online,true,4.6,121,320,0,0,13,0,0,0,2025-10-04 07:00:23,
bhs-links-persephone.site,true,4.6,121,317,0,0,13,0,0,0,2025-10-11 00:22:30,
bhs-links-uranus.website,true,4.6,123,315,0,0,13,0,0,0,2025-10-01 18:29:54,
bhs-links-hera.site,true,4.6,121,316,0,0,13,0,0,0,2025-10-04 15:26:32,
bhs-links-zeus.online,true,4.6,121,315,0,0,13,0,0,0,2025-10-01 20:40:45,
bhs-links-cronus.site,true,4.6,122,315,0,0,13,0,0,0,2025-10-01 18:18:25,
bhs-links-thanatos.website,true,4.6,124,315,0,0,13,0,0,0,2025-10-01 19:00:20,
bhs-links-hades.online,true,4.6,121,314,0,0,13,0,0,0,2025-10-01 17:13:39,
bhs-links-eros.site,true,4.6,122,316,0,0,13,0,0,0,2025-10-01 20:05:37,
bhs-links-nyx.site,true,4.6,121,313,0,0,13,0,0,0,2025-10-01 17:42:54,
bhs-links-gaia.site,true,4.6,122,315,0,0,13,0,0,0,2025-10-14 01:29:59,
bhs-links-nyx.website,true,4.6,123,316,0,0,13,0,0,0,2025-10-01 16:59:09,
bhs-links-demeter.site,true,4.6,121,322,0,0,13,0,0,0,2025-10-15 10:24:00,
bhs-links-helios.online,true,4.6,121,316,0,0,13,0,0,0,2025-10-01 20:56:11,
bhs-links-dionysus.online,true,4.6,121,316,0,0,13,0,0,0,2025-10-01 19:34:34,
bhs-links-hephaestus.site,true,4.6,121,318,0,0,13,0,0,0,2025-10-18 01:59:36,
bhs-links-dionysus.site,true,4.6,121,317,0,0,13,0,0,0,2025-10-01 17:20:37,
bhs-links-selene.site,true,4.6,121,317,0,0,13,0,0,0,2025-10-03 20:05:20,
bhs-links-thanatos.site,true,4.6,122,315,0,0,13,0,0,0,2025-10-01 19:18:34,
bhs-links-aphrodite.online,true,4.6,121,315,0,0,13,0,0,0,2025-10-01 15:06:13,
bhs-links-hephaestus.online,true,4.6,122,317,0,0,13,0,0,0,2025-10-17 04:59:54,
bhs-links-persephone.online,true,4.6,121,319,0,0,13,0,0,0,2025-10-01 18:01:03,
bhs-links-morpheus.website,true,4.6,123,318,0,0,13,0,0,0,2025-10-10 19:27:07,
bhs-links-hestia.site,true,4.6,122,316,0,0,13,0,0,0,2025-10-17 05:31:19,
bhs-links-persephone.website,true,4.6,123,315,0,0,13,0,0,0,2025-10-01 19:12:35,
bhs-links-aphrodite.website,true,4.6,123,316,0,0,13,0,0,0,2025-10-17 05:12:12,
productionfunctionusa.com,true,4.5,120,2,0,0,1,0,1,0,2025-09-27 07:50:30,2026-04-24 13:42:26
consentido.com,true,4.5,384,4255,0,0,3,0,0,0,2025-09-27 06:19:00,
bhs-links-rhea.space,true,4.5,120,307,0,0,13,0,0,0,2025-10-05 23:20:04,
techlens.app,true,4.5,3,19060,0,0,1,0,1,1,2025-12-26 23:28:39,2026-05-17 03:37:40
bhs-links-morpheus.space,true,4.5,119,309,0,0,13,0,0,0,2025-10-13 21:39:02,
bhs-links-nyx.space,true,4.5,118,307,0,0,13,0,0,0,2025-10-17 04:59:28,
bhs-links-cronus.space,true,4.5,118,310,0,0,13,0,0,0,2025-10-01 21:09:17,
bhs-links-hephaestus.space,true,4.5,117,310,0,0,13,0,0,0,2025-10-01 18:21:04,
bhs-links-poseidon.space,true,4.5,117,310,0,0,13,0,0,0,2025-10-01 17:30:03,
bhs-links-zeus.space,true,4.5,119,305,0,0,13,0,0,0,2025-10-01 16:45:39,
bhs-links-persephone.space,true,4.5,117,308,0,0,13,0,0,0,2025-10-01 22:22:46,
bhs-links-athena.space,true,4.5,119,307,0,0,13,0,0,0,2025-10-02 11:41:46,
bhs-links-gaia.space,true,4.5,117,308,0,0,13,0,0,0,2025-10-01 20:55:14,
bhs-links-selene.space,true,4.5,117,307,0,0,13,0,0,0,2025-10-13 16:40:50,
bhs-links-eros.space,true,4.5,118,311,0,0,13,0,0,0,2025-10-01 15:35:27,
bhs-links-hestia.space,true,4.5,119,308,0,0,13,0,0,0,2025-10-01 23:07:29,
bhs-links-thanatos.space,true,4.5,117,310,0,0,13,0,0,0,2025-10-01 21:48:39,
bhs-links-dionysus.space,true,4.5,117,308,0,0,13,0,0,0,2025-10-17 03:57:28,
bhs-links-uranus.space,true,4.5,118,310,0,0,13,0,0,0,2025-10-10 22:57:28,
bhs-links-hera.space,true,4.5,117,306,0,0,13,0,0,0,2025-10-01 18:54:41,
bhs-links-helios.space,true,4.5,118,308,0,0,13,0,0,0,2025-10-01 17:45:48,
bhs-links-demeter.space,true,4.5,117,308,0,0,13,0,0,0,2025-10-01 16:54:13,
ju-jutsu-hot.de,true,4.4,178,19,0,0,1,0,0,0,2025-12-16 19:35:37,
bluecantera.com,true,4.4,378,246,0,0,2,1,2,0,2026-03-24 17:27:33,2026-05-09 13:42:14
bhs-links-hades.space,true,4.4,116,307,0,0,13,0,0,0,2025-10-06 21:20:05,
shareevery.day,true,4.4,410,12132,0,0,14,0,0,0,2025-10-14 13:26:01,
bhs-links-genie.online,true,4.3,290,0,0,0,21,0,21,0,2025-07-02 23:13:17,2026-04-14 01:25:49
bhs-links-crew.online,true,4.2,289,0,0,0,23,0,23,0,2025-07-02 00:47:04,2026-04-20 14:49:45
unfs.edu.pe,false,4.2,28,89205,52,32,1,0,0,1,2025-08-24 01:15:09,
koloseum.rs,true,4.2,492,979,0,0,1,0,1,0,2026-02-15 00:02:28,2026-04-12 23:08:46
revan-me.com,true,4.2,270,21616,0,0,1,1,0,0,2026-05-10 12:44:34,
jms-company.pl,true,4.2,271,10258,0,0,1,0,0,0,2025-06-12 06:49:33,
stablegeeksstaffing.com,true,4.2,335,34,0,0,1,1,0,0,2026-05-07 16:24:44,
keletdent.hu,true,4.2,358,13823,0,0,14,14,0,0,2026-05-12 03:56:14,
cultura.in,false,4.1,1800,334,2,9,2,0,0,0,2025-11-15 22:23:03,
timora.ir,true,4,111,2457,0,0,1,0,0,0,2025-12-26 06:48:19,
kb.ac.th,true,3.9,77,160,0,0,1,0,1,0,2025-09-09 22:36:08,2026-04-28 13:14:56
fcbayern.ro,false,3.8,16,67,44,5,2,0,0,2,2019-10-04 20:55:09,
ama-zumagroup.com,true,3.8,285,19588,37,3,1,0,0,0,2025-08-19 07:19:22,
metier-capital.com,true,3.8,282,17658,6,3,5,5,0,0,2026-05-12 20:39:55,
sarvamedical.lk,false,3.8,126,6402,6,5,2,0,0,0,2026-02-08 11:46:32,
phantom-ilv.com,true,3.8,278,1612,0,0,14,0,14,0,2025-10-04 09:19:59,2026-05-22 04:02:15
bhs-links-grow.online,true,3.6,289,0,0,0,22,0,22,0,2025-07-03 00:00:59,2026-04-19 09:23:05
arrachaz.com,true,3.5,178,8461,0,0,1,0,0,0,2026-01-25 10:34:34,
bhs-links-team.online,true,3.5,287,0,0,0,9,0,9,0,2025-07-02 08:44:36,2026-04-21 01:08:24
anomaly-wrangler.site,true,3.5,50,60,0,0,10,0,0,0,2026-02-12 22:49:57,
anomaly-charger.online,true,3.5,50,60,0,0,10,0,0,0,2026-02-13 02:59:04,
quangcao.cz,true,3.4,231,45,0,0,14,0,14,0,2025-10-03 00:57:50,2026-05-09 13:12:34
koaia.pl,true,3.3,200,6924,0,0,18,0,0,0,2025-12-10 04:27:58,
portlandlandscapepros.com,true,3.3,241,5624,7,1,4,0,0,0,2025-12-01 18:00:20,
timsmagazines.com,true,3.3,180,29,108,28,2,2,2,0,2026-04-26 18:01:36,2026-05-24 18:00:13
bhs-links-blastup.online,true,3.3,269,0,0,0,21,0,21,0,2025-06-26 06:37:55,2026-04-20 02:43:49
bhs-links-power.online,true,3.2,288,0,0,0,14,0,14,0,2025-07-02 02:22:50,2026-04-09 06:32:19
devicenice.icu,true,3.2,511,990031,0,0,4,4,0,4,2026-06-13 16:36:38,
accessfood.icu,true,3.2,504,1115118,0,0,2,2,0,2,2026-06-15 07:11:41,
packwant.icu,true,3.2,501,984175,0,0,2,2,0,2,2026-06-26 04:11:14,
monthmean.icu,true,3.2,503,956290,0,0,2,2,0,2,2026-06-26 05:19:36,
mealsky.icu,true,3.2,494,1117499,0,0,4,4,0,4,2026-06-14 05:15:49,
destroyfan.icu,true,3.2,497,1117443,0,0,4,4,0,4,2026-06-14 03:19:05,
unionban.icu,true,3.2,497,1117000,0,0,4,4,0,4,2026-06-18 20:01:26,
shoplogist.com,true,3.2,165,54,0,0,1,1,1,0,2026-05-11 10:18:21,2026-05-25 10:43:48
boomowner.icu,true,3.2,493,985550,0,0,4,4,0,4,2026-06-14 01:02:41,
violationfunding.com,true,3.1,183,348419,0,0,30,1,0,30,2025-12-20 09:04:44,
baandeehomedesign.com,true,3.1,252,73,0,0,1,0,1,0,2025-12-14 20:12:01,2026-05-16 00:47:27
rosemirfolhas.com.br,true,3.1,358,12204,0,0,14,0,0,0,2025-09-30 18:42:17,
bhs-links-smart.online,true,3.1,288,0,0,0,33,0,33,0,2025-06-30 23:01:03,2026-04-19 17:53:20
rimarticolitecnici.it,true,3.1,182,2636,0,0,1,0,0,0,2025-10-03 05:42:05,
spider666.icu,true,3.1,507,1116886,0,0,4,4,0,4,2026-06-16 02:54:00,
coolland.net,true,3.1,439,17516,0,0,12,0,0,0,2026-01-06 06:45:43,
meteovelo.fr,true,3,185,3445,0,0,1,0,0,0,2025-04-22 16:06:03,
xiuxianpu.icu,true,3,502,1116943,0,0,4,4,0,4,2026-06-14 18:03:40,
eliterankdirectory.com,true,3,13,8750159,0,0,1,0,0,1,2026-01-26 10:34:04,
equipetrol.com.ec,true,3,135,9073,3,2,36,0,0,0,2025-12-21 01:04:23,
asege.es,true,2.9,214,198,0,0,1,0,1,0,2025-08-27 02:13:51,2026-04-19 03:32:41
centrumperto.pl,true,2.9,114,8039,0,0,1,0,0,0,2026-02-09 03:52:25,
fastbeezgo.com,true,2.8,111,0,0,0,1,0,1,0,2025-08-25 22:17:49,2026-04-06 16:36:14
bhs-links-frame.online,true,2.8,311,0,0,0,5,0,5,0,2025-07-03 02:58:19,2026-04-17 21:35:05
braemhof.ch,true,2.7,199,3476,0,0,1,0,0,0,2026-01-20 19:50:03,
thiennguyen.icu,true,2.7,502,694831,0,0,2,2,0,2,2026-06-14 23:14:43,
gbrands.co.ke,true,2.7,217,19442,0,0,1,0,0,0,2025-08-28 07:35:59,
modernatucasa.com,true,2.7,1396,10554,0,0,2,0,0,0,2025-12-21 18:22:04,
avrservicioslegales.cl,true,2.6,167,11863,0,0,2,2,0,0,2026-05-05 17:49:43,
fenshen.icu,true,2.6,552,996778,0,0,2,2,0,2,2026-06-25 19:10:58,
g7bet.icu,true,2.6,512,1110921,0,0,2,2,0,2,2026-06-14 20:02:12,
laundrytouch.com,true,2.6,80,3131,0,0,2,2,0,0,2026-05-14 04:13:29,
primecompanydirectory.com,true,2.6,22,8761751,0,0,1,0,0,1,2026-01-03 14:32:03,
togobox.com,true,2.6,322,29146,0,0,14,0,0,0,2025-12-06 06:07:55,
wavednet.com,true,2.5,640,10734,4,2,25,0,0,0,2025-09-29 20:57:03,
bhs-links-glow.online,true,2.5,296,0,0,0,21,0,21,0,2025-06-30 23:35:44,2026-04-21 02:31:23
mosaiccargo.com,true,2.5,115,5323,0,0,3,3,0,0,2026-05-01 09:28:41,
power-essays.icu,true,2.4,502,1111022,0,0,2,2,0,2,2026-06-14 10:31:07,
jgpaintingandremodeling.net,true,2.4,173,16454,0,0,20,20,0,0,2026-05-17 20:48:03,
tbab953.icu,true,2.4,529,445631,0,0,2,2,2,2,2026-06-12 10:44:33,2026-06-26 12:23:08
bhs-links-gain.online,true,2.4,300,0,0,0,11,0,11,0,2025-07-06 14:53:13,2026-04-16 03:41:17
ku6111.icu,true,2.4,504,732069,0,0,2,2,0,2,2026-06-12 03:39:12,
bhs-links-hub.online,true,2.4,287,0,0,0,10,0,10,0,2025-06-24 23:00:52,2026-04-17 06:55:01
anadala.co.za,true,2.4,214,15065,0,0,6,0,0,0,2026-03-18 08:21:20,
potatoplus.icu,true,2.3,482,1114962,0,0,2,2,0,2,2026-06-14 11:51:47,
freespinsnodeposituk.icu,true,2.3,541,1115946,0,0,4,4,0,4,2026-06-12 21:11:54,
xoivotv.icu,true,2.3,519,1116888,0,0,4,4,0,4,2026-06-13 09:44:55,
bhs-links-clicker.online,true,2.3,290,0,0,0,10,0,10,0,2025-07-02 03:22:17,2026-04-22 08:37:42
neighborhoodsal.com,true,2.3,248,14430,0,0,14,0,0,0,2026-02-04 07:48:20,
ruralaffinity.icu,true,2.3,503,1117188,0,0,4,4,0,4,2026-06-14 11:44:51,
bhs-links-hive.online,true,2.3,295,0,0,0,25,0,25,0,2025-06-28 02:46:13,2026-04-21 13:26:02
wikiheb.icu,true,2.3,508,1117297,0,0,4,4,0,4,2026-06-17 07:35:22,
seo-anomaly-mexico.online,true,2.3,54,209,0,0,1,0,0,0,2025-11-12 03:28:51,
pokerstarsnodepositbonus.icu,true,2.3,538,1114914,0,0,4,4,0,4,2026-06-13 07:19:52,
jumbabetnodepositbonus.icu,true,2.3,548,1117417,0,0,4,4,0,4,2026-06-14 10:20:50,
newcasinonodepositbonuscodes.icu,true,2.3,536,10989,0,0,2,2,2,2,2026-06-11 20:51:22,2026-06-25 20:40:55
bhs-links-tracker.online,true,2.3,291,0,0,0,26,0,26,0,2025-07-01 23:45:50,2026-04-18 02:07:18
pacificspinscasinonodepositbonus.icu,true,2.3,528,1099142,0,0,2,2,0,2,2026-06-18 13:31:59,
bhs-links-stack.online,true,2.3,307,171,0,0,49,0,0,0,2025-08-18 23:51:43,
ozwincasinonodepositbonus.icu,true,2.2,539,1113231,0,0,2,2,0,2,2026-06-15 06:16:58,
miamiclubcasinonodepositbonus.icu,true,2.2,538,1101196,0,0,2,2,0,2,2026-06-18 05:56:55,
funclubcasinonodepositbonus.icu,true,2.2,533,1116510,0,0,4,4,2,4,2026-06-12 14:29:02,
dreamcasinonodepositbonuscode.icu,true,2.2,522,995778,0,0,4,4,0,4,2026-06-14 14:02:44,
mrocasinonodepositbonus.icu,true,2.2,522,4427,0,0,2,2,2,2,2026-06-11 22:55:17,2026-06-25 22:46:02
clubplayercasino150nodepositbonuscodes2023.icu,true,2.2,529,1117582,0,0,4,4,0,4,2026-06-17 03:35:12,
netbetcasinonodepositbonus.icu,true,2.2,533,1117127,0,0,4,4,0,4,2026-06-19 00:57:39,
dreamscasinonodepositbonuscodes.icu,true,2.2,532,866673,0,0,4,4,0,4,2026-06-17 17:42:44,
rubyslots100nodepositbonus2023.icu,true,2.2,527,2302,0,0,2,2,2,2,2026-06-12 08:01:22,2026-06-26 08:07:24
katscasinonodepositbonus.icu,true,2.2,523,979649,0,0,4,4,0,4,2026-06-17 13:14:31,
nodepositfreespins.icu,true,2.2,534,1117120,0,0,4,4,0,4,2026-06-16 10:04:26,
rippercasinonodepositbonuscodes.icu,true,2.2,520,1115524,0,0,2,2,0,2,2026-06-17 12:26:18,
freecashnodepositbonuscasino.icu,true,2.2,529,1117562,0,0,4,4,0,4,2026-06-16 14:31:53,
freespinsonregistrationnodeposit.icu,true,2.2,522,1117495,0,0,4,4,0,4,2026-06-16 12:47:08,
paydaycasinonodepositbonus.icu,true,2.2,535,1006049,0,0,4,4,0,4,2026-06-16 16:26:14,
elroyalecasinonodepositbonus.icu,true,2.2,526,1115399,0,0,2,2,0,2,2026-06-15 16:09:01,
75nodepositbonuscodesunriseslots.icu,true,2.2,522,1117380,0,0,4,4,0,4,2026-06-14 14:42:05,
duckyluckcasinonodepositbonus.icu,true,2.2,516,781969,0,0,2,2,0,2,2026-06-15 21:42:52,
yabbycasino225nodepositbonuscodes.icu,true,2.2,519,1116997,0,0,4,4,0,4,2026-06-13 14:19:04,
gossipslotsnodepositbonus.icu,true,2.2,526,1113613,0,0,2,2,0,2,2026-06-19 02:32:03,
luckycharmssweepstakescasinonodepositbonus.icu,true,2.2,521,1117603,0,0,4,4,0,4,2026-06-16 17:41:54,
archergroupinvestments.com,true,2.2,286,16172,0,0,56,0,0,0,2025-10-05 16:26:21,
sunriseslots100nodepositbonus.icu,true,2.2,520,1117365,0,0,4,4,0,4,2026-06-14 05:01:54,
luckcasinonodepositbonus.icu,true,2.2,526,1115614,0,0,2,2,0,2,2026-06-17 22:11:30,
candylandcasinonodepositbonus.icu,true,2.2,518,1116726,0,0,4,4,0,4,2026-06-13 02:24:07,
spindimensionnodepositbonus.icu,true,2.2,503,787670,0,0,2,2,0,2,2026-06-16 23:48:25,
slotscapitalcasino.icu,true,2.2,512,1117261,0,0,4,4,0,4,2026-06-16 04:29:17,
50nodepositbonuscasinoextreme.icu,true,2.2,515,1117342,0,0,4,4,0,4,2026-06-14 09:08:25,
abigcandycasinonodepositbonus.icu,true,2.2,512,1117371,0,0,4,4,0,4,2026-06-13 22:51:04,
jumbabetnodepositbonuscodes.icu,true,2.2,522,1117690,0,0,4,4,0,4,2026-06-16 21:26:29,
down5.icu,true,2.2,474,989108,0,0,2,2,0,2,2026-06-26 12:18:55,
newnodepositcasinos.icu,true,2.2,515,1111267,0,0,2,2,0,2,2026-06-15 22:25:55,
lionslotsnodepositbonus.icu,true,2.2,508,1115666,0,0,2,2,0,2,2026-06-17 14:11:25,
kudoscasinonodepositbonus.icu,true,2.2,513,1117342,0,0,4,4,0,4,2026-06-19 07:01:02,
freecashnodepositcasino.icu,true,2.2,511,1117369,0,0,4,4,0,4,2026-06-13 14:34:15,
slotscapital.icu,true,2.2,508,2223,0,0,2,2,2,2,2026-06-11 23:37:21,2026-06-25 23:38:08
bhs-links-flow.online,true,2.2,290,0,0,0,21,0,21,0,2025-07-02 19:52:01,2026-04-15 02:29:23
kongcash.icu,true,2.2,499,1107454,0,0,2,2,0,2,2026-06-18 12:54:33,
velvetspinnodepositbonuscodes2024active.icu,true,2.2,489,1113003,0,0,2,2,0,2,2026-06-13 17:26:49,
bhs-links-hacks.online,true,2.2,291,0,0,0,37,0,37,0,2025-06-30 23:07:17,2026-04-18 06:35:19
lionsslotsnodepositbonus.icu,true,2.2,514,1116679,0,0,4,4,0,4,2026-06-12 20:29:29,
slotslv100nodepositbonuscodes.icu,true,2.2,502,1117398,0,0,4,4,0,4,2026-06-13 09:02:36,
miraxcasinonodepositbonus.icu,true,2.2,507,870786,0,0,2,2,0,2,2026-06-15 10:48:05,
diclofenac.icu,true,2.2,638,1115420,0,0,4,4,0,4,2026-06-13 01:55:53,
carolcraft.icu,true,2.2,512,975373,0,0,2,2,0,2,2026-06-26 04:07:13,
bhs-links-funnel.online,true,2.2,302,0,0,0,19,0,19,0,2025-06-24 08:35:38,2026-04-21 06:43:47
bhs-links-growth.online,true,2.2,300,0,0,0,18,0,18,0,2025-06-26 16:00:19,2026-04-22 06:52:06
comicplaycasinonodepositbonus.icu,true,2.2,507,1115119,0,0,2,2,0,2,2026-06-14 19:58:09,
mp3-here.icu,true,2.2,522,1116854,0,0,4,4,0,4,2026-06-17 10:46:12,
566bet.icu,true,2.2,501,767215,0,0,2,2,0,2,2026-06-14 03:51:48,
ftwbet.icu,true,2.2,511,659499,0,0,2,2,0,2,2026-06-12 12:49:23,
bhs-links-engine.online,true,2.2,292,0,0,0,29,0,29,0,2025-07-04 03:32:37,2026-04-19 01:24:21
slotmadness100nodepositbonuscodes.icu,true,2.2,497,467433,0,0,4,4,2,4,2026-06-11 21:18:44,
wohnungnein.icu,true,2.2,506,740711,0,0,2,2,0,2,2026-06-17 12:06:20,
maintuna55.icu,true,2.1,541,1117612,0,0,4,4,0,4,2026-06-19 13:38:24,
trueffortunecasinonodepositbonus.icu,true,2.1,494,1113095,0,0,2,2,0,2,2026-06-15 03:07:38,
bhs-links-ass.online,true,2.1,287,0,0,0,16,0,16,0,2025-07-02 03:37:32,2026-04-23 22:32:42
bhs-links-vault.online,true,2.1,277,0,0,0,10,0,10,0,2025-07-10 14:35:18,2026-04-08 02:03:33
tuna55.icu,true,2.1,501,1117658,0,0,4,4,0,4,2026-06-17 06:03:23,
bhs-links-wave.online,true,2.1,286,0,0,0,13,0,13,0,2025-07-01 19:41:03,2026-04-10 16:41:16
bhs-links-powerup.online,true,2.1,294,0,0,0,24,0,24,0,2025-06-30 22:58:52,2026-04-18 17:18:21
bhs-links-rankboost.online,true,2.1,294,0,0,0,8,0,8,0,2025-06-26 10:08:07,2026-04-14 04:06:44
bets-az.icu,true,2.1,569,1115219,0,0,2,2,0,2,2026-06-15 16:03:54,
bhs-links-jump.online,true,2.1,292,0,0,0,24,0,24,0,2025-07-02 09:17:44,2026-04-19 12:03:46
bhs-links-meta.online,true,2.1,282,0,0,0,22,0,22,0,2025-07-05 22:27:19,2026-04-16 00:48:01
bhs-links-fixer.online,true,2.1,292,0,0,0,18,0,18,0,2025-07-01 19:47:39,2026-04-12 05:23:54
bhs-links-spark.online,true,2.1,302,0,0,0,17,0,17,0,2025-07-07 00:26:06,2026-04-20 12:07:58
bhs-links-turbo.online,true,2.1,302,0,0,0,26,0,26,0,2025-06-30 22:43:47,2026-04-21 10:43:36
bhs-links-direct.online,true,2.1,289,0,0,0,20,0,20,0,2025-07-11 22:16:45,2026-04-16 03:45:13
okestream.icu,true,2.1,529,1117499,0,0,4,4,0,4,2026-06-13 16:26:08,
bhs-links-zone.online,true,2.1,297,0,0,0,14,0,14,0,2025-07-01 16:39:59,2026-04-18 18:25:20
zofran.icu,true,2.1,614,758544,0,0,2,2,0,2,2026-06-13 00:01:07,
bhs-links-echo.online,true,2.1,297,0,0,0,26,0,26,0,2025-07-05 14:35:14,2026-04-21 14:35:59
bhs-links-pump.online,true,2.1,293,0,0,0,12,0,12,0,2025-06-25 06:36:01,2026-04-19 06:13:55
finlandiacasino.icu,true,2,536,1115503,0,0,2,2,0,2,2026-06-16 01:49:57,
slutcams.icu,true,2,625,191536,0,0,2,2,2,2,2026-06-12 02:07:14,2026-06-26 01:51:41
cortedeifornai.it,true,2,100,9047,0,0,14,9,0,0,2026-02-19 14:07:21,
versiondb.io,false,2,15,356953,0,0,1,1,0,1,2026-05-08 20:41:13,
playslotsonline.icu,true,2,653,1116424,0,0,4,4,2,4,2026-06-12 13:06:41,
bhs-links-info.online,true,2,282,0,0,0,16,0,16,0,2025-07-01 23:48:25,2026-04-21 16:53:56
bhs-links-stacker.online,true,2,291,0,0,0,18,0,18,0,2025-07-02 23:42:58,2026-04-12 07:30:41
bhs-links-edge.online,true,2,290,0,19,1,18,0,18,0,2025-06-27 14:05:38,2026-04-19 13:18:42
bhs-links-surgeup.online,true,2,289,0,0,0,13,0,13,0,2025-07-11 14:23:24,2026-04-18 00:27:32
bhs-links-bubs.online,true,2,281,0,0,0,18,0,18,0,2025-06-24 05:17:44,2026-04-15 04:54:25
stireazilei.co.uk,false,2,46,0,0,0,54,0,54,0,2022-06-20 07:56:09,2026-05-11 19:31:50
bhs-links-insight.online,true,2,292,0,0,0,10,0,10,0,2025-07-05 13:54:16,2026-04-19 12:24:01
bhs-links-jumpstart.online,true,2,295,0,0,0,5,0,5,0,2025-07-06 03:31:01,2026-04-17 16:47:05
prismbot.icu,true,2,523,6583,0,0,2,2,2,2,2026-06-11 19:12:54,2026-06-25 19:17:07
oripoker.icu,true,2,506,239673,0,0,2,2,2,2,2026-06-12 03:08:31,2026-06-26 03:11:51
gay-porno.icu,true,2,509,1007980,0,0,2,2,0,2,2026-06-14 02:26:28,
ku33.icu,true,2,506,1114151,0,0,4,4,0,4,2026-06-14 05:04:23,
diform-apporal.icu,true,2,487,1007704,0,0,2,2,0,2,2026-06-13 21:35:27,
v9poker.icu,true,2,503,1117162,0,0,4,4,0,4,2026-06-15 15:29:30,
ku99.icu,true,2,511,1117342,0,0,4,4,0,4,2026-06-14 04:17:54,
bhs-links-checker.online,true,2,286,0,0,0,24,0,24,0,2025-06-23 22:38:17,2026-04-18 17:02:23
bhs-links-finder.online,true,2,289,0,0,0,9,0,9,0,2025-07-02 00:51:56,2026-04-18 14:28:16
bhs-links-storm.online,true,2,288,0,0,0,20,0,20,0,2025-07-05 06:35:29,2026-04-10 18:22:03
bhs-links-stats.online,true,2,292,0,0,0,24,0,24,0,2025-06-24 17:25:49,2026-04-22 04:46:34
bhs-links-blaze.online,true,2,275,0,0,0,15,0,15,0,2025-06-27 02:47:36,2026-04-19 05:59:36
bhs-links-strategy.online,true,2,294,0,0,0,30,0,30,0,2025-07-04 12:55:34,2026-04-20 00:07:31
playcasinogames24.icu,true,2,651,983621,0,0,4,4,0,4,2026-06-14 02:04:52,
hanaslot88.icu,true,2,518,1116472,0,0,4,4,0,4,2026-06-14 23:56:20,
kubiccomps.icu,true,2,502,996770,0,0,4,4,0,4,2026-06-14 21:37:32,
santapoker.icu,true,2,491,1115681,0,0,4,4,0,4,2026-06-17 21:07:27,
bhs-links-surge.online,true,2,280,0,0,0,18,0,18,0,2025-07-01 20:19:13,2026-04-21 02:07:25
loveplaneta.icu,true,2,503,146283,0,0,2,2,2,2,2026-06-12 02:51:23,2026-06-26 02:43:53
roulettecardget.icu,true,2,490,709497,0,0,2,2,0,2,2026-06-14 01:32:47,
loisjonatha.icu,true,2,504,1117106,0,0,4,4,0,4,2026-06-13 21:16:14,
bhs-links-snap.online,true,2,301,0,0,0,26,0,26,0,2025-07-02 02:32:30,2026-04-18 11:51:14
bhs-links-speed.online,true,2,291,0,0,0,16,0,16,0,2025-07-02 04:48:41,2026-04-22 03:39:32
jppoker.icu,true,2,513,998253,0,0,4,4,0,4,2026-06-13 18:54:09,
blackmoney.icu,true,2,502,973623,0,0,2,2,0,2,2026-06-13 23:50:52,
icymi.icu,true,2,491,637077,0,0,2,2,0,2,2026-06-12 20:10:48,
bhs-links-crawlbot.online,true,2,287,0,0,0,25,0,25,0,2025-06-30 23:50:36,2026-04-20 03:59:19
bhs-links-flux.online,true,2,287,0,0,0,14,0,14,0,2025-07-08 02:47:57,2026-04-19 02:52:54
bhs-links-target.online,true,2,292,0,0,0,16,0,16,0,2025-06-25 08:09:20,2026-04-18 01:42:27
bhs-links-shift.online,true,2,285,0,0,0,23,0,23,0,2025-07-02 02:58:36,2026-04-19 02:10:26
yurumu.icu,true,2,510,1117537,0,0,4,4,0,4,2026-06-13 18:17:20,
bhs-links-net.online,true,2,288,0,0,0,31,0,31,0,2025-06-30 23:19:03,2026-04-15 23:02:25
tadalafil.icu,true,2,599,1113499,0,0,2,2,0,2,2026-06-17 07:21:29,
autogen.icu,true,2,510,967661,0,0,4,4,0,4,2026-06-14 16:11:54,
slkade.lk,true,2,78,35279,0,0,2,0,0,0,2025-08-30 08:11:16,
bhs-links-trail.online,true,2,289,0,0,0,15,0,15,0,2025-07-01 00:49:48,2026-04-13 15:24:17
livecamgirls.icu,true,2,617,1107371,0,0,2,2,0,2,2026-06-19 00:29:37,
bhs-links-move.online,true,2,279,0,29,1,15,0,15,0,2025-06-27 14:41:21,2026-04-14 08:29:58
bhs-links-suite.online,true,2,287,0,0,0,8,0,8,0,2025-07-13 15:34:17,2026-04-20 06:25:44
srxjtwcu.icu,true,2,519,1117457,0,0,4,4,0,4,2026-06-14 07:22:26,
bhs-links-connect.online,true,2,287,0,0,0,10,0,10,0,2025-07-02 00:35:08,2026-04-17 22:24:50
deltasone.icu,true,2,566,1101306,0,0,2,2,0,2,2026-06-18 13:51:45,
bhs-links-pushup.online,true,2,289,0,0,0,21,0,21,0,2025-07-16 04:28:57,2026-04-11 09:45:21
bhs-links-links.online,true,2,273,0,0,0,3,0,3,0,2025-07-02 13:48:32,2026-04-11 08:44:37
yuineko.icu,true,2,492,716614,0,0,2,2,0,2,2026-06-18 00:17:17,
kcjisu.icu,true,2,528,1117262,0,0,4,4,0,4,2026-06-13 18:25:57,
bhs-links-traffic.online,true,2,284,0,0,0,21,0,21,0,2025-07-10 07:31:21,2026-04-20 00:37:29
onlinecasinogames24.icu,true,2,651,1117288,0,0,4,4,0,4,2026-06-13 16:49:46,
pixelwallet.icu,true,1.9,611,1117553,0,0,4,4,0,4,2026-06-16 08:37:48,
bhs-links-expert.online,true,1.9,300,0,0,0,20,0,20,0,2025-07-01 23:27:04,2026-04-20 00:11:27
catcasinos.icu,true,1.9,525,1117581,0,0,4,4,0,4,2026-06-16 17:36:31,
1xbet-ubt.icu,true,1.9,528,1000808,0,0,4,4,0,4,2026-06-16 08:56:13,
bhs-links-push.online,true,1.9,278,0,0,0,24,0,24,0,2025-07-02 00:57:34,2026-04-22 17:53:00
bhs-links-elite.online,true,1.9,285,0,0,0,16,0,16,0,2025-07-05 04:36:20,2026-04-14 02:22:01
bestwedding.icu,true,1.9,486,1103259,0,0,2,2,0,2,2026-06-18 07:31:16,
vegascasinoslots.icu,true,1.9,659,1115706,0,0,4,4,0,4,2026-06-13 02:26:52,
bhs-links-signal.online,true,1.9,292,0,0,0,24,0,24,0,2025-07-05 15:18:34,2026-04-21 16:18:54
bhs-links-shine.online,true,1.9,290,0,0,0,21,0,21,0,2025-07-01 17:46:21,2026-04-20 17:39:55
win88.icu,true,1.9,510,1116129,0,0,4,4,0,4,2026-06-14 10:35:29,
bhs-links-keyword.online,true,1.9,283,0,0,0,17,0,17,0,2025-07-05 17:55:20,2026-04-13 04:36:04
bhs-links-click.online,true,1.9,296,0,0,0,15,0,15,0,2025-07-02 08:41:51,2026-04-21 13:05:04
bhs-links-query.online,true,1.9,290,0,0,0,15,0,15,0,2025-07-01 21:07:47,2026-04-20 02:04:34
bactrim.icu,true,1.9,681,262271,0,0,2,2,0,2,2026-06-12 15:26:23,
imxlrt.icu,true,1.9,496,1117200,0,0,4,4,0,4,2026-06-14 07:12:17,
quando-tua.icu,true,1.9,501,1117656,0,0,4,4,0,4,2026-06-17 02:33:50,
bettinginsider.icu,true,1.9,549,722411,0,0,2,2,0,2,2026-06-17 04:54:01,
bimbim.icu,true,1.9,514,1111322,0,0,2,2,0,2,2026-06-15 17:02:33,
videochatroom.icu,true,1.9,621,1117344,0,0,4,4,0,4,2026-06-15 20:27:05,
bhs-links-anchor.online,true,1.9,281,0,0,0,22,0,22,0,2025-07-01 16:46:36,2026-04-19 03:17:08
bhs-links-lead.online,true,1.9,276,0,0,0,32,0,32,0,2025-07-01 21:28:04,2026-04-19 20:35:35
bhs-links-buzz.online,true,1.9,276,0,0,0,23,0,23,0,2025-06-27 08:22:18,2026-04-13 15:34:18
bhs-links-boostify.online,true,1.9,277,0,0,0,16,0,16,0,2025-07-03 06:13:29,2026-04-21 01:35:42
pornlive.icu,true,1.9,620,1117331,0,0,4,4,0,4,2026-06-16 13:41:39,
bhs-links-fix.online,true,1.9,298,0,0,0,16,0,16,0,2025-07-01 00:59:47,2026-04-20 09:30:51
nameking.icu,true,1.9,500,1117284,0,0,4,4,0,4,2026-06-14 13:05:36,
bhs-links-pulse.online,true,1.9,286,0,0,0,24,0,24,0,2025-07-03 03:09:32,2026-04-21 00:04:29
bhs-links-boostup.online,true,1.9,280,0,0,0,10,0,10,0,2025-06-30 23:34:20,2026-04-18 03:49:49
do-data.icu,true,1.9,492,984632,0,0,4,4,0,4,2026-06-17 03:54:07,
bhs-links-audit.online,true,1.9,271,0,0,0,18,0,18,0,2025-07-01 23:28:44,2026-04-17 12:52:02
bhs-links-organic.online,true,1.9,285,0,0,0,23,0,23,0,2025-07-11 07:25:20,2026-04-22 03:45:10
freeadultcam.icu,true,1.9,614,1113984,0,0,4,4,0,4,2026-06-14 16:05:45,
bhs-links-path.online,true,1.9,294,172,0,0,49,0,0,0,2025-07-01 00:57:17,
casinogameslist.icu,true,1.9,649,1115926,0,0,2,2,0,2,2026-06-17 17:00:14,
bhs-links-profiler.online,true,1.9,286,0,0,0,19,0,19,0,2025-06-27 05:22:30,2026-04-22 16:14:45
takumi748.icu,true,1.9,497,1115096,0,0,2,2,0,2,2026-06-15 04:26:09,
bhs-links-results.online,true,1.9,291,0,0,0,23,0,23,0,2025-07-14 09:26:34,2026-04-21 16:45:05
bhs-links-rank.online,true,1.9,279,0,0,0,16,0,16,0,2025-06-26 16:47:54,2026-04-22 18:40:27
bhs-links-blast.online,true,1.9,275,0,0,0,28,0,28,0,2025-07-02 18:55:11,2026-04-20 01:15:47
bound4the.icu,true,1.9,536,1116646,0,0,4,4,0,4,2026-06-13 12:02:07,
bhs-links-wizard.online,true,1.9,275,0,0,0,12,0,12,0,2025-07-01 21:51:51,2026-04-15 14:36:33
bhs-links-score.online,true,1.9,282,0,0,0,24,0,24,0,2025-07-01 19:20:01,2026-04-22 01:06:16
norskecasino.icu,true,1.9,515,1117356,0,0,4,4,0,4,2026-06-13 07:49:52,
playonlinecasino24.icu,true,1.9,645,1101160,0,0,2,2,0,2,2026-06-18 13:05:37,
wen-shi.icu,true,1.9,529,1117383,0,0,4,4,0,4,2026-06-16 03:59:09,
bhs-links-beacon.online,true,1.9,278,0,0,0,21,0,21,0,2025-07-16 07:13:26,2026-04-16 07:55:19
bhs-links-launch.online,true,1.9,274,0,0,0,20,0,20,0,2025-06-30 23:28:31,2026-04-19 04:05:40
kerincare.com,true,1.9,145,14448,0,1,2,2,0,0,2026-05-15 07:45:03,
bhs-links-rocket.online,true,1.9,283,0,0,0,29,0,29,0,2025-06-25 20:09:51,2026-04-21 05:03:18
zbetvn.icu,true,1.9,502,0,0,0,2,2,2,2,2026-06-11 08:29:26,2026-06-25 08:21:03
bhs-links-boost.online,true,1.9,274,0,0,0,28,0,28,0,2025-07-01 20:20:41,2026-04-15 14:23:09
bhs-links-crawl.online,true,1.9,285,0,0,0,24,0,24,0,2025-06-23 19:55:26,2026-04-22 02:41:35
dominokiu.icu,true,1.9,512,739135,0,0,2,2,0,2,2026-06-18 13:33:07,
rtpwajikslot.icu,true,1.9,529,1115112,0,1,2,2,0,2,2026-06-15 00:28:50,
slotsrealmoney.icu,true,1.9,636,1117259,0,0,4,4,0,4,2026-06-15 20:42:33,
bhs-links-tools.online,true,1.9,283,0,0,0,15,0,15,0,2025-07-06 17:50:16,2026-04-18 22:32:14
freecasinoplay.icu,true,1.9,637,1117634,0,0,4,4,0,4,2026-06-17 02:36:54,
bhs-links-seo.online,true,1.9,277,0,0,0,4,0,4,0,2025-07-01 00:26:36,2026-04-15 06:11:53
bhs-links-niche.online,true,1.9,284,0,0,0,9,0,9,0,2025-07-03 23:07:10,2026-04-17 04:41:54
filmindir.icu,true,1.9,495,984736,0,0,4,4,0,4,2026-06-14 03:05:07,
hotwebcamgirls.icu,true,1.9,600,709970,0,0,2,2,0,2,2026-06-18 06:50:22,
bhs-links-alpha.online,true,1.9,272,0,0,0,16,0,16,0,2025-06-26 06:27:15,2026-04-20 03:15:58
cooook.icu,true,1.9,490,1117612,0,0,4,4,0,4,2026-06-16 19:49:55,
yzxdd.icu,true,1.9,499,1116814,0,0,4,4,0,4,2026-06-13 01:22:41,
bhs-links-vision.online,true,1.9,272,0,0,0,25,0,25,0,2025-07-02 11:35:24,2026-04-20 06:59:52
bhs-links-logic.online,true,1.8,271,0,0,0,4,0,4,0,2025-07-02 01:09:27,2026-04-13 10:07:56
789betin.icu,true,1.8,487,989879,0,0,4,4,0,4,2026-06-13 10:16:34,
bhs-links-ranker.online,true,1.8,285,0,0,0,28,0,28,0,2025-07-01 21:21:41,2026-04-14 08:52:15
webcamamateur.icu,true,1.8,614,781995,0,0,2,2,0,2,2026-06-12 13:24:00,
instantcasinoplay.icu,true,1.8,636,1102825,0,0,4,4,2,4,2026-06-13 12:27:55,
devdns.icu,true,1.8,506,991572,0,0,2,2,0,2,2026-06-25 07:47:42,
maturecams.icu,true,1.8,601,1113516,0,0,4,4,0,4,2026-06-14 01:32:57,
onlineloans.icu,true,1.8,537,2231,0,0,2,2,2,2,2026-06-11 23:28:24,2026-06-25 23:10:16
soupcraft.icu,true,1.8,524,1117518,0,0,4,4,0,4,2026-06-15 21:33:50,
ringer.icu,true,1.8,549,998955,0,0,2,2,0,2,2026-06-14 09:43:12,
storepubhere.icu,true,1.8,478,969808,0,0,2,2,0,2,2026-06-17 05:29:16,
skrbt29.icu,true,1.8,495,736304,0,0,2,2,0,2,2026-06-14 15:01:26,
onlinepharmacy.icu,true,1.8,616,341041,0,0,2,2,0,2,2026-06-12 19:49:29,
ijournalpapers.icu,true,1.8,501,1117426,0,0,4,4,0,4,2026-06-14 15:36:03,
2xbets.icu,true,1.8,533,1106965,0,1,2,2,0,2,2026-06-14 20:20:38,
freesexwebcam.icu,true,1.8,598,1111510,0,0,2,2,0,2,2026-06-17 06:55:42,
flextrade.icu,true,1.8,502,1117344,0,0,4,4,0,4,2026-06-13 23:54:50,
eprintingbooks.icu,true,1.8,497,1117347,0,0,4,4,0,4,2026-06-17 08:12:12,
instantonlinecasino.icu,true,1.8,645,1101250,0,0,2,2,0,2,2026-06-17 22:01:03,
avana.icu,true,1.8,604,990723,0,0,4,4,0,4,2026-06-14 05:20:34,
karaoke.icu,true,1.8,525,86589,0,0,2,2,2,2,2026-06-12 13:02:55,2026-06-26 12:51:32
usacasino.icu,true,1.8,638,778290,0,0,2,2,0,2,2026-06-15 08:51:51,
indah4d.icu,true,1.8,569,1117004,0,0,4,4,0,4,2026-06-19 06:18:00,
maturewebcam.icu,true,1.8,626,1117663,0,0,2,2,0,2,2026-06-25 23:41:37,
vegascasinoplay.icu,true,1.8,647,872775,0,0,4,4,0,4,2026-06-14 22:07:03,
playcasinovegas.icu,true,1.8,639,4408,0,0,2,2,2,2,2026-06-12 11:06:37,2026-06-26 11:06:06
randomchaos.icu,true,1.8,533,1117640,0,0,4,4,0,4,2026-06-16 05:31:39,
freekeys.icu,true,1.7,493,983683,0,0,4,4,2,4,2026-06-14 18:38:47,
enterprisedirectoryhub.com,true,1.7,18,8777350,0,0,1,0,0,1,2025-12-13 08:53:59,
videotom.icu,true,1.7,512,1117486,0,0,4,4,0,4,2026-06-13 13:15:46,
howmuchdocamgirlsmake.icu,true,1.7,533,1112905,0,0,2,2,0,2,2026-06-13 01:22:50,
seamless.icu,true,1.7,542,1103304,0,0,2,2,0,2,2026-06-18 08:59:53,
xciphand.icu,true,1.7,528,878739,0,0,2,2,0,2,2026-06-17 19:18:22,
cialis15.icu,true,1.7,604,1003779,0,0,4,4,0,4,2026-06-13 05:56:13,
myinfinity.icu,true,1.7,503,1117043,0,0,4,4,0,4,2026-06-13 06:41:46,
pipshotrade.icu,true,1.7,507,1116824,0,0,4,4,0,4,2026-06-14 13:18:31,
v2fly.icu,true,1.7,543,452207,0,0,2,2,2,2,2026-06-12 02:43:52,2026-06-26 03:04:48
riobetcasino.icu,true,1.7,555,725488,0,0,2,2,0,2,2026-06-12 00:09:36,
wearymeadow.icu,true,1.7,497,1113511,0,0,2,2,0,2,2026-06-16 23:49:39,
cbdoilonline.icu,true,1.7,517,1099144,0,0,2,2,0,2,2026-06-18 14:10:30,
mnohem-nami.icu,true,1.7,503,726617,0,0,2,2,0,2,2026-06-18 04:21:18,
wcikorea.co.kr,true,1.7,100,271,0,0,5,0,0,0,2025-10-25 03:34:31,
eduprz.icu,true,1.7,500,1117501,0,0,4,4,0,4,2026-06-14 03:28:58,
bluecant.icu,true,1.7,527,826788,0,0,2,2,0,2,2026-06-14 16:07:20,
youme.icu,true,1.7,544,1116330,0,0,4,4,0,4,2026-06-15 00:33:51,
girlcam.icu,true,1.7,615,989466,0,0,2,2,0,2,2026-06-14 06:57:24,
freechatrooms.icu,true,1.7,611,412391,0,0,2,2,2,2,2026-06-12 08:10:34,2026-06-26 08:06:26
lasix.icu,true,1.7,611,985906,0,0,2,2,0,2,2026-06-26 02:19:01,
i9bet48.icu,true,1.7,520,998977,0,0,4,4,0,4,2026-06-13 05:46:10,
cbdoilsale.icu,true,1.7,505,1115285,0,0,2,2,0,2,2026-06-15 16:54:00,
wmzyw.icu,true,1.6,513,1117217,0,0,4,4,0,4,2026-06-16 08:25:42,
flowerloves.icu,true,1.6,490,1117416,0,0,2,2,0,2,2026-06-14 02:27:42,
888starzvip.icu,true,1.6,550,0,0,0,2,2,2,2,2026-06-11 22:56:39,2026-06-25 22:34:07
iprintingbooks.icu,true,1.6,507,957534,0,0,4,4,0,4,2026-06-14 03:13:44,
terminalbetgates.icu,true,1.6,546,1113121,0,0,2,2,0,2,2026-06-15 12:59:38,
wgsa29.icu,true,1.6,502,996521,0,0,2,2,0,2,2026-06-26 09:20:46,
yanzpei.icu,true,1.6,529,1117275,0,0,4,4,0,4,2026-06-16 07:02:59,
nekoya.icu,true,1.6,484,1117370,0,0,4,4,0,4,2026-06-14 06:34:08,
tamani.icu,true,1.6,488,1117395,0,0,4,4,0,4,2026-06-14 04:34:27,
freeadultvideochat.icu,true,1.6,600,1116129,0,0,4,4,0,4,2026-06-12 22:02:32,
freeonlineslots.icu,true,1.6,522,1117043,0,0,4,4,0,4,2026-06-13 05:44:15,
liwenkai.icu,true,1.6,518,1113019,0,0,2,2,0,2,2026-06-13 20:12:29,
i9bet100.icu,true,1.6,523,1116929,0,0,4,4,0,4,2026-06-15 15:03:21,
pokerdewi.icu,true,1.6,585,965634,0,0,4,4,0,4,2026-06-17 05:30:57,
playcasinoslots.icu,true,1.6,513,1113077,0,0,2,2,0,2,2026-06-14 19:28:22,
cialissoft.icu,true,1.6,515,4359,0,0,2,2,2,2,2026-06-12 00:17:48,2026-06-26 00:00:32
pharmacyshippingtousa.icu,true,1.6,599,1117321,0,0,4,4,0,4,2026-06-14 02:16:12,
hicool.icu,true,1.6,526,1110348,0,0,2,2,0,2,2026-06-20 14:50:58,
freeonlinesex.icu,true,1.6,614,1117202,0,0,4,4,0,4,2026-06-14 06:35:21,
coinshub.icu,true,1.6,499,1117338,0,0,4,4,0,4,2026-06-14 13:47:26,
flashcasinos.icu,true,1.6,552,873400,0,0,2,2,0,2,2026-06-14 17:51:04,
doorroomhome.icu,true,1.6,504,1117044,0,0,4,4,0,4,2026-06-19 00:43:22,
dev1.icu,true,1.6,513,1117401,0,0,4,4,0,4,2026-06-14 13:16:23,
zhouhong.icu,true,1.6,531,1116748,0,0,4,4,0,4,2026-06-13 10:54:37,
online-casinos.icu,true,1.6,508,961086,0,0,4,4,0,4,2026-06-14 09:57:03,
laowang47.icu,true,1.6,537,989299,0,0,2,2,0,2,2026-06-14 02:17:05,
livesydney.icu,true,1.6,514,1117231,0,0,4,4,0,4,2026-06-15 21:06:05,
pdfleadership.icu,true,1.6,505,1117403,0,0,4,4,0,4,2026-06-14 09:03:28,
top100casinobig.icu,true,1.6,519,1117244,0,0,4,4,0,4,2026-06-13 07:56:18,
pro2web.icu,true,1.5,517,1117751,0,0,4,4,0,4,2026-06-20 04:32:11,
mobilsikis.icu,true,1.5,505,1116971,0,0,4,4,0,4,2026-06-13 02:37:16,
hustbee.icu,true,1.5,508,1115601,0,0,2,2,0,2,2026-06-17 08:06:49,
doktorpoker.icu,true,1.5,1963,1009927,0,0,2,2,0,2,2026-06-16 07:27:15,
sexualgifs.icu,true,1.5,504,860531,0,0,2,2,0,2,2026-06-17 10:45:42,
adultchatrooms.icu,true,1.5,601,1000023,0,0,4,4,0,4,2026-06-13 14:14:02,
cu1universe.icu,true,1.5,503,1116805,0,0,4,4,0,4,2026-06-14 13:30:03,
vzlom-whats.icu,true,1.5,507,730042,0,0,2,2,0,2,2026-06-14 12:13:25,
mp3ringtones888plus.icu,true,1.5,535,1114535,0,0,4,4,0,4,2026-06-17 12:10:21,
hitclub1.icu,true,1.5,472,1117019,0,0,4,4,0,4,2026-06-13 22:22:19,
reklamaaa.icu,true,1.5,507,989032,0,0,4,4,0,4,2026-06-16 09:50:11,
lajme.icu,true,1.5,526,1117236,0,0,4,4,0,4,2026-06-14 11:23:46,
pm-demo.icu,true,1.5,510,1117407,0,0,4,4,0,4,2026-06-17 13:55:51,
pornoarsiv.icu,true,1.5,483,1117362,0,0,4,4,0,4,2026-06-13 20:36:00,
sultanpoker.icu,true,1.5,563,0,0,0,2,2,2,2,2026-06-12 01:40:04,2026-06-26 01:40:13
laowang19.icu,true,1.5,522,1113225,0,0,4,4,0,4,2026-06-17 07:10:45,
terramining.icu,true,1.5,497,1117211,0,0,4,4,0,4,2026-06-16 18:28:09,
xyzporna.icu,true,1.5,487,1117070,0,0,4,4,0,4,2026-06-16 04:09:04,
datarocket.icu,true,1.5,503,15363,0,0,2,2,2,2,2026-06-12 12:35:38,2026-06-26 12:30:15
bizn.it,true,1.5,59,52934,0,0,3,0,0,0,2025-08-03 07:25:25,
gaozhi.icu,true,1.5,479,1116329,0,0,2,2,0,2,2026-06-14 17:18:59,
skarmskydd.icu,true,1.5,500,1117522,0,0,4,4,0,4,2026-06-17 02:16:37,
gametest.icu,true,1.5,499,1117065,0,0,4,4,0,4,2026-06-15 17:38:05,
arenajackpot.icu,true,1.5,547,1117201,0,0,4,4,0,4,2026-06-14 17:35:15,
mobilfodral.icu,true,1.5,495,1117317,0,0,4,4,0,4,2026-06-14 04:56:27,
rajaremi.icu,true,1.5,561,883224,0,0,2,2,0,2,2026-06-14 13:33:24,
tricor.icu,true,1.5,501,1092082,0,0,4,4,0,4,2026-06-13 03:04:40,
i-phoneskal.icu,true,1.5,492,1094266,0,0,4,4,0,4,2026-06-14 11:36:46,
tusmundo.icu,true,1.5,524,840587,0,0,2,2,0,2,2026-06-18 02:24:19,
cuspoker.icu,true,1.5,555,1117201,0,0,4,4,0,4,2026-06-13 15:48:11,
dugempoker.icu,true,1.5,550,1103244,0,0,2,2,0,2,2026-06-18 13:22:07,
malmoi-phone.icu,true,1.5,498,1117244,0,0,4,4,0,4,2026-06-14 09:05:52,
bigwin138.icu,true,1.5,574,999032,0,0,4,4,0,4,2026-06-13 20:31:44,
karturaja.icu,true,1.5,550,996665,0,0,4,4,0,4,2026-06-15 19:59:51,
qqalienpoker.icu,true,1.5,544,56662,0,0,2,2,2,2,2026-06-12 11:34:15,2026-06-26 11:23:39
adultchatroom.icu,true,1.5,607,1028828,0,0,2,2,0,2,2026-06-11 08:05:35,
soccom.icu,true,1.5,493,1105416,0,0,2,2,0,2,2026-06-18 00:22:33,
indopokerku.icu,true,1.5,550,1115581,0,0,2,2,0,2,2026-06-17 08:10:47,
mukapoker.icu,true,1.5,548,1117597,0,0,4,4,0,4,2026-06-19 21:10:34,
outleman-blodge.icu,true,1.5,526,1107475,0,0,2,2,0,2,2026-06-18 16:03:10,
rajapoker88.icu,true,1.5,546,1115404,0,0,2,2,0,2,2026-06-15 19:17:04,
jwpoker.icu,true,1.5,573,752903,0,0,2,2,0,2,2026-06-15 08:19:38,
poker899.icu,true,1.4,558,1117633,0,0,4,4,0,4,2026-06-17 02:20:47,
bacanpoker.icu,true,1.4,544,1117279,0,0,4,4,0,4,2026-06-16 10:04:34,
buyneurontin.icu,true,1.4,526,1117487,0,0,4,4,0,4,2026-06-16 17:18:44,
g11poker.icu,true,1.4,541,1116804,0,0,4,4,0,4,2026-06-13 10:22:54,
fifteenzhang.icu,true,1.4,524,1117594,0,0,4,4,0,4,2026-06-19 20:12:27,
freelivesexchat.icu,true,1.4,604,724670,0,0,2,2,0,2,2026-06-18 18:10:35,
defiscalisation.icu,true,1.4,528,1115363,0,0,2,2,0,2,2026-06-15 22:52:35,
thekhatrimaza.icu,true,1.4,506,1107385,0,0,2,2,0,2,2026-06-18 21:03:31,
runfew.icu,true,1.4,549,976556,0,0,4,4,0,4,2026-06-16 12:11:57,
pokerhokibet88.icu,true,1.4,533,0,0,0,2,2,2,2,2026-06-11 15:59:32,2026-06-25 15:45:28
azino777-yq1je.icu,true,1.4,532,1117300,0,0,4,4,0,4,2026-06-17 04:55:52,
aktifpoker.icu,true,1.4,544,1116378,0,0,2,2,0,2,2026-06-14 22:59:26,
acehpoker.icu,true,1.4,565,988961,0,0,2,2,0,2,2026-06-25 01:27:19,
adultsexchat.icu,true,1.4,605,1117332,0,1,4,4,0,4,2026-06-16 20:10:07,
pokerampm.icu,true,1.4,547,1111691,0,0,4,4,0,4,2026-06-14 08:05:40,
cryptohugecloud.icu,true,1.4,488,1101204,0,0,4,4,0,4,2026-06-14 14:06:14,
homedoorroom.icu,true,1.4,509,750863,0,0,2,2,0,2,2026-06-15 07:23:19,
miniono.icu,true,1.4,521,999750,0,0,2,2,0,2,2026-06-16 19:29:26,
nudelive.icu,true,1.4,603,1117373,0,0,4,4,0,4,2026-06-13 18:27:07,
wallstreetbets.icu,true,1.4,532,981727,0,0,4,4,0,4,2026-06-16 03:37:24,
room-doorhome.icu,true,1.4,519,21711,0,0,2,2,2,2,2026-06-12 10:44:01,2026-06-26 10:44:08
fenrisx.icu,true,1.4,494,892038,0,0,4,4,0,4,2026-06-14 10:06:57,
n0namefile-6.icu,true,1.4,499,977505,0,0,2,2,0,2,2026-06-26 03:21:17,
judibola.icu,true,1.4,507,767904,0,0,2,2,0,2,2026-06-18 12:14:44,
pokerdomgo.icu,true,1.4,535,987996,0,0,4,4,0,4,2026-06-12 17:19:58,
konsultant-seo-2021.icu,true,1.4,540,1117276,0,0,4,4,0,4,2026-06-14 07:41:44,
malmo-i-phone.icu,true,1.4,475,987905,0,0,2,2,0,2,2026-06-16 11:04:16,
buybactrim.icu,true,1.4,517,1096541,0,0,4,4,0,4,2026-06-14 00:05:55,
francepilule.icu,true,1.4,568,0,0,0,2,2,2,2,2026-06-12 03:53:40,2026-06-26 03:35:29
web321.icu,true,1.4,496,1117633,0,0,4,4,0,4,2026-06-16 23:34:36,
brandcialis.icu,true,1.4,511,1117019,0,0,4,4,0,4,2026-06-15 20:58:43,
regalin.icu,true,1.4,501,1117253,0,0,2,2,0,2,2026-06-14 07:22:51,
pokerindo88.icu,true,1.4,553,1117598,0,0,4,4,0,4,2026-06-17 00:10:54,
tobytoken.icu,true,1.4,544,1116901,0,0,4,4,0,4,2026-06-12 21:44:09,
155comic.icu,true,1.4,535,994235,0,0,2,2,0,2,2026-06-25 23:33:15,
wilions-eminal.icu,true,1.4,492,1117402,0,0,4,4,0,4,2026-06-14 02:22:44,
bbfat.icu,true,1.4,540,0,0,0,2,2,2,2,2026-06-12 13:04:21,2026-06-26 13:06:32
optime.icu,true,1.4,521,1116617,0,0,4,4,0,4,2026-06-12 14:59:16,
vanold.icu,true,1.4,528,1117460,0,0,4,4,0,4,2026-06-14 09:06:43,
nexusnext.agency,true,1.4,132,997,0,0,1,1,0,0,2026-04-08 13:33:47,
camsites.icu,true,1.4,626,1117163,0,0,4,4,0,4,2026-06-13 18:23:03,
hotamateurtube.icu,true,1.4,490,975871,0,0,4,4,0,4,2026-06-18 01:28:24,
yoshinoyin.icu,true,1.4,491,1117251,0,0,4,4,0,4,2026-06-14 05:07:15,
kimsacasino.icu,true,1.4,551,1117443,0,0,4,4,0,4,2026-06-13 22:52:39,
rewardcentersynonym.icu,true,1.4,505,751050,0,0,2,2,0,2,2026-06-24 22:21:49,
cialisprofessional.icu,true,1.4,531,1113198,0,0,2,2,0,2,2026-06-15 09:58:05,
dot-shine.com,true,1.4,75,4162,0,0,1,0,0,0,2026-02-14 23:58:06,
domainstore.icu,true,1.4,506,1116133,0,0,4,4,0,4,2026-06-13 01:16:28,
shrektheharvey.icu,true,1.4,499,996914,0,0,2,2,0,2,2026-06-25 12:32:09,
grimace.icu,true,1.4,521,536297,0,0,2,2,2,2,2026-06-11 17:06:03,2026-06-25 17:02:24
intdevices.icu,true,1.4,502,1115333,0,0,2,2,0,2,2026-06-15 09:04:28,
microfrog.icu,true,1.4,527,891812,0,0,2,2,0,2,2026-06-18 21:38:59,
burningcat.icu,true,1.4,526,995034,0,0,2,2,0,2,2026-06-13 01:20:21,
pokerklik188.icu,true,1.4,545,1001904,0,0,4,4,0,4,2026-06-16 03:59:09,
pormhub.icu,true,1.4,518,1111049,0,0,2,2,0,2,2026-06-14 11:26:31,
buylevitra.icu,true,1.4,497,1117266,0,0,4,4,0,4,2026-06-13 06:46:25,
twinksporn.icu,true,1.4,503,1116687,0,0,4,4,0,4,2026-06-14 14:26:53,
konigreich.icu,true,1.4,479,1117343,0,0,4,4,0,4,2026-06-14 11:49:48,
ukraineonlinecredit.icu,true,1.4,508,1115360,0,0,2,2,0,2,2026-06-14 12:48:12,
tchat.icu,true,1.4,503,989423,0,0,4,4,0,4,2026-06-14 13:24:41,
wikiait.icu,true,1.4,503,1117267,0,0,4,4,0,4,2026-06-13 19:25:47,
ninjaduck.icu,true,1.4,545,1117642,0,0,4,4,0,4,2026-06-17 09:25:54,
sbobet88.icu,true,1.4,506,1117469,0,0,4,4,0,4,2026-06-13 23:31:54,
rogier.icu,true,1.4,514,1116922,0,0,4,4,0,4,2026-06-14 09:37:29,
solwars.icu,true,1.4,528,1117355,0,0,4,4,0,4,2026-06-14 03:50:15,
usadating.icu,true,1.4,506,742694,0,0,2,2,0,2,2026-06-16 23:30:47,
tariquebusiness.icu,true,1.4,481,1117576,0,0,4,4,0,4,2026-06-16 22:54:46,
milfparty.icu,true,1.4,491,1113153,0,0,2,2,0,2,2026-06-15 06:26:53,
bigtop100casino.icu,true,1.4,616,858448,0,0,2,2,0,2,2026-06-26 11:11:29,
pennysol.icu,true,1.4,522,998719,0,0,2,2,0,2,2026-06-25 11:19:21,
cssyz.icu,true,1.4,530,992828,0,0,2,2,0,2,2026-06-16 15:03:59,
revcot.icu,true,1.4,499,1113567,0,0,2,2,0,2,2026-06-17 16:37:03,
graylightedu.co.uk,true,1.4,123,2928,0,2,1,0,0,0,2025-09-08 05:31:32,
solnudes.icu,true,1.4,518,587665,0,0,2,2,2,2,2026-06-12 06:26:44,2026-06-26 06:17:55
amateurporn.icu,true,1.4,487,1113513,0,0,2,2,0,2,2026-06-17 00:15:00,
termoelectrico.icu,true,1.4,510,1001328,0,0,2,2,0,2,2026-06-25 14:03:49,
fux0r.icu,true,1.4,510,1117343,0,0,4,4,0,4,2026-06-14 03:59:01,
axelsol.icu,true,1.4,516,1113585,0,0,2,2,0,2,2026-06-18 01:10:45,
visitenkarte.icu,true,1.4,502,955029,0,0,2,2,0,2,2026-06-26 11:48:01,
gazisti.ro,true,1.4,25,138,0,0,16,0,0,16,2025-03-15 03:43:39,
buyfemaleviagra.icu,true,1.4,505,1113075,0,0,2,2,0,2,2026-06-14 18:56:00,
datingguruclub.icu,true,1.4,497,1117502,0,0,4,4,0,4,2026-06-13 12:05:17,
gamebetvn.icu,true,1.4,502,1112080,0,0,4,4,0,4,2026-06-14 16:29:53,
lindar.icu,true,1.3,509,1115254,0,0,2,2,0,2,2026-06-15 11:50:49,
obtain.icu,true,1.3,507,1116657,0,0,2,2,0,2,2026-06-17 10:57:54,
immortality.icu,true,1.3,516,1117403,0,0,4,4,0,4,2026-06-13 19:59:00,
mists.icu,true,1.3,496,978396,0,0,2,2,0,2,2026-06-14 03:08:56,
apparel.icu,true,1.3,529,1117595,0,0,4,4,0,4,2026-06-16 15:28:04,
kidsee.icu,true,1.3,505,1117665,0,0,4,4,0,4,2026-06-16 17:46:39,
sald2.icu,true,1.3,495,982615,0,0,2,2,0,2,2026-06-26 13:46:48,
fileporwmf-3.icu,true,1.3,510,1115139,0,0,2,2,0,2,2026-06-13 14:40:05,
988betc.icu,true,1.3,535,1115208,0,0,2,2,0,2,2026-06-13 17:33:32,
admiralx-casino.icu,true,1.3,520,1117637,0,0,4,4,0,4,2026-06-20 03:09:52,
hiifan.icu,true,1.3,530,1115258,0,0,2,2,0,2,2026-06-15 07:29:28,
sensa.icu,true,1.3,498,529901,0,0,4,4,2,4,2026-06-11 21:32:53,
ttr-casino-mirror.icu,true,1.3,537,1117454,0,0,4,4,0,4,2026-06-16 13:02:47,
homejob.icu,true,1.3,488,1117104,0,0,4,4,0,4,2026-06-13 03:58:27,
doxycycline.icu,true,1.3,581,1117173,0,0,4,4,0,4,2026-06-13 03:16:35,
themum.icu,true,1.3,530,1117290,0,0,4,4,0,4,2026-06-16 13:46:16,
freebitoshi.icu,true,1.3,483,209959,0,0,2,2,2,2,2026-06-12 10:35:29,2026-06-26 10:33:44
f93948.icu,true,1.3,494,1115606,0,0,2,2,0,2,2026-06-19 01:46:59,
onlinebestcredit.icu,true,1.3,499,1116719,0,0,4,4,0,4,2026-06-13 07:48:35,
adsnet.icu,true,1.3,512,1117073,0,0,4,4,0,4,2026-06-15 15:37:09,
get-coin.icu,true,1.3,515,817278,0,0,2,2,2,2,2026-06-13 19:24:03,2026-06-23 14:54:47
personaldating.icu,true,1.3,487,1117007,0,0,4,4,0,4,2026-06-16 02:41:37,
soluna.icu,true,1.3,501,986835,0,0,2,2,0,2,2026-06-16 20:29:53,
homyes.icu,true,1.3,495,1117136,0,0,4,4,0,4,2026-06-14 14:49:46,
spoints.icu,true,1.3,498,1117365,0,0,4,4,0,4,2026-06-13 20:38:28,
bandarsbobet.icu,true,1.3,513,991642,0,0,2,2,0,2,2026-06-25 16:25:58,
yingshi.icu,true,1.3,506,1117630,0,0,4,4,0,4,2026-06-17 10:14:50,
psnaccount1.icu,true,1.3,580,1113006,0,0,2,2,0,2,2026-06-14 03:20:00,
ingpet.icu,true,1.3,522,1116488,0,0,4,4,0,4,2026-06-19 09:08:00,
spinnnnn303.icu,true,1.3,526,744851,0,0,2,2,0,2,2026-06-15 08:57:03,
ksasc.com,true,1.3,189,16250,0,0,14,0,0,0,2025-10-23 12:22:59,
trueredirect65.icu,true,1.3,487,1001546,0,0,2,2,0,2,2026-06-26 06:50:08,
assami.icu,true,1.3,523,773805,0,0,2,2,0,2,2026-06-19 02:10:55,
mation.icu,true,1.3,489,1116692,0,0,4,4,0,4,2026-06-16 12:48:11,
cryptoa.icu,true,1.3,488,1117357,0,0,4,4,0,4,2026-06-13 17:09:10,
wessed-neancing.icu,true,1.3,497,987739,0,0,4,4,0,4,2026-06-17 13:41:22,
proxysite.icu,true,1.3,556,1117248,0,0,4,4,0,4,2026-06-16 09:18:06,
898bet.icu,true,1.3,517,823676,0,0,2,2,0,2,2026-06-14 02:15:59,
properti.icu,true,1.3,489,2213,0,0,2,2,2,2,2026-06-12 06:28:22,2026-06-26 06:11:36
hotdeal.icu,true,1.3,543,1116339,0,0,2,2,0,2,2026-06-14 15:34:49,
viagraplus.icu,true,1.3,510,1117151,0,0,4,4,0,4,2026-06-13 18:02:28,
sertraline.icu,true,1.3,508,1116886,0,0,4,4,0,4,2026-06-13 10:33:43,
tabletki-na-mase.icu,true,1.3,515,1116860,0,0,4,4,0,4,2026-06-14 02:55:49,
bangan.icu,true,1.3,489,1117609,0,0,4,4,0,4,2026-06-16 11:14:24,
hurik.icu,true,1.3,504,1111616,0,0,2,2,0,2,2026-06-12 23:44:42,
talktowendys.icu,true,1.3,537,214414,0,0,2,2,2,2,2026-06-12 02:33:45,2026-06-26 02:32:19
onlinea.icu,true,1.3,492,1117710,0,0,4,4,0,4,2026-06-17 02:47:18,
wolf-treasure-free-spins.icu,true,1.3,525,989010,0,0,2,2,0,2,2026-06-25 08:42:27,
vuabetvn.icu,true,1.3,500,753582,0,0,2,2,0,2,2026-06-17 21:52:31,
vdown.icu,true,1.3,493,1117635,0,0,4,4,0,4,2026-06-16 16:16:38,
ihttp.icu,true,1.3,505,1117477,0,0,4,4,0,4,2026-06-13 17:56:24,
yuibot.icu,true,1.3,492,1117374,0,0,4,4,0,4,2026-06-14 18:51:40,
bilisa.icu,true,1.3,522,999109,0,0,2,2,0,2,2026-06-13 20:28:18,
xxxhamster.icu,true,1.3,506,963163,0,0,2,2,0,2,2026-06-14 08:07:44,
extrasuperviagra.icu,true,1.3,500,1117247,0,0,4,4,0,4,2026-06-13 02:37:42,
pokersgp.icu,true,1.3,566,1115149,0,0,2,2,0,2,2026-06-15 01:01:43,
webgaming.icu,true,1.3,517,969824,0,0,2,2,0,2,2026-06-13 14:42:56,
turbo-trx.icu,true,1.3,550,1117032,0,0,4,4,0,4,2026-06-13 04:19:34,
videoskins.icu,true,1.3,503,988683,0,0,4,4,0,4,2026-06-13 17:30:36,
turktube.icu,true,1.3,496,757018,0,0,2,2,0,2,2026-06-15 12:08:55,
buydogs.in,true,1.3,21,10,0,0,1,1,1,1,2026-04-01 18:38:35,2026-05-13 18:28:06
viagraprofessional.icu,true,1.3,513,0,0,0,2,2,2,2,2026-06-12 01:04:27,2026-06-26 01:06:28
vkbot-pro.icu,true,1.3,486,1113015,0,0,2,2,0,2,2026-06-14 15:28:57,
imtyf.icu,true,1.3,497,1117353,0,0,4,4,0,4,2026-06-17 10:13:44,
wikibn.icu,true,1.3,499,967291,0,0,2,2,0,2,2026-06-14 04:25:01,
vzlomer.icu,true,1.3,492,4378,0,0,2,2,2,2,2026-06-11 18:33:16,2026-06-25 18:34:22
championshippga.icu,true,1.3,501,1098334,0,0,2,2,0,2,2026-06-13 20:10:06,
traxadrom.icu,true,1.3,512,1117210,0,0,4,4,0,4,2026-06-14 17:06:39,
fabetvn.icu,true,1.3,497,964485,0,0,4,4,0,4,2026-06-14 12:38:17,
asiagentingvvip.icu,true,1.3,509,1105368,0,0,2,2,0,2,2026-06-18 16:33:37,
paperypaper.icu,true,1.3,495,1117692,0,0,4,4,0,4,2026-06-17 08:39:28,
buyantabuse.icu,true,1.3,499,541760,0,0,2,2,2,2,2026-06-12 08:53:06,2026-06-26 08:41:47
vuabet.icu,true,1.3,517,844174,0,0,4,4,0,4,2026-06-14 02:57:37,
getlim.icu,true,1.3,496,1112954,0,0,2,2,0,2,2026-06-15 01:00:14,
vbuckskins.icu,true,1.3,587,759323,0,0,2,2,0,2,2026-06-15 22:42:09,
neo-oks.icu,true,1.3,486,720131,0,0,2,2,0,2,2026-06-12 08:41:15,
worldhyips.icu,true,1.3,488,1116959,0,0,4,4,0,4,2026-06-13 18:34:30,
wikihsv.icu,true,1.2,482,1115106,0,0,2,2,0,2,2026-06-15 03:01:35,
megapoker99.icu,true,1.2,513,1103377,0,0,2,2,0,2,2026-06-18 14:29:56,
odno-ok.icu,true,1.2,486,978678,0,0,2,2,0,2,2026-06-16 21:39:34,
fast-dash.icu,true,1.2,515,1117358,0,0,4,4,0,4,2026-06-14 03:39:32,
fast-zcash.icu,true,1.2,507,1117020,0,0,4,4,0,4,2026-06-13 19:58:57,
turbo-ltc.icu,true,1.2,536,1116910,0,0,4,4,0,4,2026-06-13 05:24:45,
turbo-doge.icu,true,1.2,539,67230,0,0,2,2,2,2,2026-06-11 14:54:56,2026-06-25 14:43:26
dvdvilla.icu,true,1.2,500,995364,0,0,4,4,0,4,2026-06-17 02:24:47,
vue3.icu,true,1.2,536,734807,0,0,2,2,0,2,2026-06-14 17:30:06,
mtmoney.icu,true,1.2,499,1114630,0,0,2,2,0,2,2026-06-17 00:33:46,
bamjang.icu,true,1.2,510,989159,0,0,4,4,0,4,2026-06-14 09:30:22,
contentmakeronline.xyz,true,1.2,270,138156,0,0,1,0,1,1,2025-09-06 22:05:35,2026-04-10 06:24:45
ku6107.icu,true,1.2,509,1117349,0,0,4,4,0,4,2026-06-17 05:52:01,
fast-tether.icu,true,1.2,537,1116378,0,0,2,2,0,2,2026-06-14 11:03:50,
turbo-zec.icu,true,1.2,528,983963,0,0,4,4,0,4,2026-06-20 12:17:22,
789betvn.icu,true,1.2,501,1117410,0,0,4,4,0,4,2026-06-13 19:36:59,
jun88bet.icu,true,1.2,506,985351,0,0,4,4,0,4,2026-06-17 02:23:51,
boydgroup.icu,true,1.2,506,1117430,0,0,4,4,0,4,2026-06-17 04:53:51,
aionlinefun.icu,true,1.2,508,858564,0,0,2,2,0,2,2026-06-14 05:04:10,
laowang09.icu,true,1.2,506,982759,0,0,4,4,0,4,2026-06-16 10:45:24,
fast-ethereum.icu,true,1.2,506,974697,0,0,2,2,0,2,2026-06-25 12:19:52,
magecal.icu,true,1.2,520,985053,0,0,2,2,0,2,2026-06-25 23:11:25,
handcashfriends.icu,true,1.2,499,1117649,0,0,4,4,0,4,2026-06-17 00:14:00,
pagalmovies.icu,true,1.2,498,1105209,0,0,2,2,0,2,2026-06-15 18:25:49,
turbo-dash.icu,true,1.2,527,1103355,0,0,2,2,0,2,2026-06-18 13:54:25,
jizhi6.icu,true,1.2,499,1117350,0,0,4,4,0,4,2026-06-14 00:51:04,
sv88bet.icu,true,1.2,489,1117272,0,0,4,4,0,4,2026-06-14 04:35:54,
freegiftcard.icu,true,1.2,497,1116851,0,0,4,4,0,4,2026-06-14 08:31:21,
fast-digibyte.icu,true,1.2,490,975179,0,0,4,4,0,4,2026-06-16 17:30:55,
aog777vip.icu,true,1.2,504,875580,0,0,2,2,0,2,2026-06-14 15:25:14,
cuspoll.icu,true,1.2,509,1117331,0,0,4,4,0,4,2026-06-16 08:39:49,
scheint-theater.icu,true,1.2,499,1073924,0,0,2,2,0,2,2026-06-13 12:26:45,
clubsaludable.icu,true,1.2,492,979782,0,0,4,4,0,4,2026-06-14 03:32:50,
skithenortheast.icu,true,1.2,488,971102,0,0,2,2,0,2,2026-06-14 04:36:45,
skyyunfuwu.icu,true,1.2,496,1105458,0,0,2,2,0,2,2026-06-18 05:57:33,
linkforgepro.shop,true,1.2,64,0,0,0,1,1,0,0,2026-06-18 02:22:59,
seolinkkart.shop,true,1.2,64,0,0,0,1,1,0,0,2026-06-27 19:25:04,
rankdeals.shop,true,1.2,64,0,0,0,1,1,0,0,2026-06-28 02:29:01,
backlinkorbit.shop,true,1.2,64,0,0,0,1,1,0,0,2026-06-21 17:26:58,
backlinkzeno.shop,true,1.2,64,0,0,0,1,1,0,0,2026-06-22 09:51:50,
rankbasket.shop,true,1.2,64,0,0,0,1,1,0,0,2026-06-13 06:16:07,
backlinkshop.shop,true,1.2,64,996,0,0,1,1,0,0,2026-06-11 02:22:25,
linkbundle.shop,true,1.2,64,996,0,0,1,1,0,0,2026-06-20 08:52:05,
linkcrate.shop,true,1.2,64,996,0,0,1,1,0,0,2026-06-20 05:13:18,
backlinkvault.shop,true,1.2,64,996,0,0,1,1,0,0,2026-06-11 19:40:23,
primebacklinks.shop,true,1.2,64,0,0,0,1,1,0,0,2026-06-21 22:46:14,
seotrove.shop,true,1.2,64,0,0,0,1,1,0,0,2026-06-27 16:01:16,
seowagon.shop,true,1.2,64,0,0,0,1,1,0,0,2026-06-20 19:20:54,
seomart.shop,true,1.2,64,0,0,0,1,1,0,0,2026-06-20 11:05:11,
linkory.shop,true,1.2,64,997,0,0,1,1,0,0,2026-06-20 15:54:25,
nigeljones.icu,true,1.2,500,1117574,0,0,4,4,0,4,2026-06-16 11:15:05,
webcine.icu,true,1.2,514,1111459,0,0,2,2,0,2,2026-06-17 21:01:06,
dramacute.icu,true,1.2,519,1117111,0,2,4,4,0,4,2026-06-18 20:28:18,
unpdflibrary.icu,true,1.2,502,1115100,0,0,2,2,0,2,2026-06-14 14:45:44,
turbo-dgb.icu,true,1.2,495,1116774,0,0,4,4,0,4,2026-06-12 22:01:12,
hi79betvn.icu,true,1.2,506,1117293,0,0,4,4,0,4,2026-06-14 13:33:04,
patches.icu,true,1.2,502,1117352,0,0,4,4,0,4,2026-06-13 23:52:24,
2money.icu,true,1.2,499,1001402,0,0,2,2,0,2,2026-06-25 20:28:58,
niitv.icu,true,1.2,521,1117380,0,0,4,4,0,4,2026-06-14 03:28:53,
linkwares.shop,true,1.2,64,0,0,0,1,1,0,0,2026-06-22 07:51:32,
ku6123.icu,true,1.2,495,990485,0,0,2,2,0,2,2026-06-17 01:00:20,
i9bet52.icu,true,1.2,519,970781,0,0,2,2,0,2,2026-06-26 12:38:45,
789betcc.icu,true,1.2,493,986824,0,0,2,2,0,2,2026-06-26 09:45:23,
comitatus.icu,true,1.2,516,1117482,0,0,4,4,0,4,2026-06-16 17:09:39,
indofilm.icu,true,1.2,522,1113644,0,0,4,4,0,4,2026-06-20 10:34:09,
onion-casino.icu,true,1.2,552,983242,0,0,2,2,0,2,2026-06-19 02:58:08,
ronaldoslothoki49.icu,true,1.2,516,976182,0,0,4,4,0,4,2026-06-16 22:28:12,
ftwbetvn.icu,true,1.2,525,1117350,0,0,4,4,0,4,2026-06-13 15:24:51,
newmodelz.icu,true,1.2,491,1116491,0,0,4,4,0,4,2026-06-16 15:59:02,
thesparkshop.icu,true,1.2,652,1080980,0,0,2,2,0,2,2026-06-16 03:39:57,
superbowllive.icu,true,1.2,499,1113119,0,0,2,2,0,2,2026-06-15 04:45:29,
v9betvn.icu,true,1.2,531,1117123,0,0,4,4,0,4,2026-06-14 05:09:24,
markowe-spodnice.icu,true,1.2,509,1116919,0,0,4,4,0,4,2026-06-14 08:16:56,
kaikaiyun.icu,true,1.2,525,749014,0,0,2,2,0,2,2026-06-18 04:00:25,
secureknifepro.icu,true,1.2,492,875606,0,0,4,4,0,4,2026-06-21 02:29:40,
superbowllivestream.icu,true,1.2,490,1117635,0,0,4,4,0,4,2026-06-16 19:17:52,
daduda.icu,true,1.2,571,988998,0,0,4,4,0,4,2026-06-15 20:44:03,
lovenman.icu,true,1.2,532,1115204,0,0,2,2,0,2,2026-06-14 21:06:49,
thehitmovies.icu,true,1.2,481,886388,0,0,2,2,0,2,2026-06-17 16:04:34,
raymund.icu,true,1.1,511,1117416,0,0,4,4,0,4,2026-06-13 16:24:37,
imagefap.icu,true,1.1,494,1112989,0,0,2,2,0,2,2026-06-13 22:02:37,
g7betvn.icu,true,1.1,520,1117423,0,0,4,4,0,4,2026-06-14 07:41:02,
omnia.icu,true,1.1,522,1103349,0,0,2,2,0,2,2026-06-18 07:28:04,
seoloot.shop,true,1.1,51,0,0,0,1,1,0,0,2026-06-25 11:18:09,
seoprime.shop,true,1.1,51,0,0,0,1,1,0,0,2026-06-21 09:10:40,
rankgoods.shop,true,1.1,51,0,0,0,1,1,0,0,2026-06-28 15:33:50,
linkchest.shop,true,1.1,51,996,0,0,1,1,0,0,2026-06-23 06:20:07,
linktrove.shop,true,1.1,51,996,0,0,1,1,0,0,2026-06-25 20:16:17,
seofinds.shop,true,1.1,51,0,0,0,1,1,0,0,2026-06-25 01:56:29,
backlinkmart.shop,true,1.1,51,996,0,0,1,1,0,0,2026-06-23 20:49:14,
linkstash.shop,true,1.1,51,0,0,0,1,1,0,0,2026-06-28 19:03:52,
seosupply.shop,true,1.1,51,0,0,0,1,1,0,0,2026-06-28 17:52:14,
seocrate.shop,true,1.1,51,0,0,0,1,1,0,0,2026-06-28 19:58:52,
safaa.icu,true,1.1,508,1117178,0,0,4,4,0,4,2026-06-16 13:01:12,
konsultantseo.icu,true,1.1,481,1114284,0,0,4,4,0,4,2026-06-17 13:40:53,
diziizle.icu,true,1.1,607,1115266,0,0,2,2,0,2,2026-06-15 18:12:31,
blueearth.icu,true,1.1,495,1105307,0,0,2,2,0,2,2026-06-18 09:45:23,
vulcanrussia.icu,true,1.1,513,1096534,0,0,2,2,0,2,2026-06-12 11:23:53,
continews.icu,true,1.1,485,1116315,0,0,4,4,0,4,2026-06-14 14:48:15,
fabet-vn.icu,true,1.1,506,1115351,0,0,2,2,0,2,2026-06-15 09:03:36,
anomaly-seo-southwick.online,true,1.1,46,344,0,0,325,0,5,0,2026-02-11 00:47:10,
anomaly-seo-westwood.online,true,1.1,46,342,0,0,325,0,4,0,2026-02-11 14:42:15,
anomaly-seo-greendale.site,true,1.1,46,343,0,0,325,0,5,0,2026-02-11 03:48:57,
krphoto.icu,true,1.1,605,996153,0,0,4,4,0,4,2026-06-19 00:02:42,
zbet-vn.icu,true,1.1,494,985699,0,0,2,2,0,2,2026-06-14 07:01:46,
33betvn.icu,true,1.1,501,1117361,0,0,4,4,0,4,2026-06-17 02:02:57,
i9betvip.icu,true,1.1,495,1117481,0,0,4,4,0,4,2026-06-13 23:07:37,
riobet-cazino.icu,true,1.1,522,988513,0,0,2,2,0,2,2026-06-24 15:39:14,
jasapressrelease.icu,true,1,504,540865,0,0,2,2,2,2,2026-06-11 09:06:33,2026-06-25 09:09:15
phoenixsolution.icu,true,1,532,1115539,0,0,2,2,0,2,2026-06-17 09:22:18,
bong4.icu,true,1,544,1097251,0,0,2,2,0,2,2026-06-12 13:21:16,
181betvn.icu,true,1,487,999967,0,0,4,4,0,4,2026-06-16 14:47:55,
chipmixer.icu,true,1,506,1117462,0,0,4,4,0,4,2026-06-14 09:20:57,
mihoyo-is-in.icu,true,1,536,1107431,0,0,2,2,0,2,2026-06-17 13:32:49,
goldencoin.icu,true,1,490,1117560,0,0,4,4,0,4,2026-06-16 04:44:48,
lfxsvip.icu,true,1,541,528858,0,0,2,2,2,2,2026-06-11 18:39:40,2026-06-25 18:43:45
flipped.icu,true,1,533,718379,0,0,2,2,0,2,2026-06-17 20:06:32,
distinction.icu,true,1,501,996805,0,0,4,4,0,4,2026-06-13 18:45:03,
meowland.icu,true,1,531,1117494,0,0,4,4,0,4,2026-06-13 19:15:27,
twin688.icu,true,1,501,984932,0,0,4,4,0,4,2026-06-16 20:53:07,
datingguru.icu,true,1,508,989098,0,0,2,2,0,2,2026-06-13 21:38:15,
i9bet84.icu,true,1,532,1115059,0,0,2,2,0,2,2026-06-15 02:59:21,
zindgilife.xyz,true,1,241,87661,0,0,1,0,1,1,2025-09-02 09:51:09,2026-04-02 08:04:32
difinked-camatch.icu,true,1,499,1096765,0,0,4,4,0,4,2026-06-15 08:03:09,
cheaptrip.icu,true,1,493,956892,0,0,4,4,0,4,2026-06-14 10:56:13,
blackbriarcomputing.com,false,1,36,1078274,0,0,2,2,0,2,2026-06-20 07:50:41,
awfordjr.icu,true,1,530,1115095,0,0,2,2,0,2,2026-06-14 11:33:06,
ragnarok.icu,true,1,519,1117656,0,0,4,4,0,4,2026-06-16 06:37:03,
i9bet50.icu,true,1,515,1105343,0,0,2,2,0,2,2026-06-18 06:31:48,
qmysj.icu,true,1,499,975938,0,0,2,2,0,2,2026-06-26 03:33:10,
radwinter.icu,true,1,493,1117425,0,0,4,4,0,4,2026-06-17 08:16:45,
lapak123.icu,true,1,523,676458,0,0,2,2,0,2,2026-06-12 23:36:26,
magicalpdf.icu,true,1,494,969009,0,0,4,4,0,4,2026-06-17 10:33:22,
links-bhs-brown.space,true,1,48,175,0,0,489,1,3,0,2026-02-11 09:57:23,
bong5.icu,true,1,519,1117239,0,0,4,4,0,4,2026-06-16 06:59:42,
bong3.icu,true,1,519,981363,0,0,2,2,0,2,2026-06-13 15:11:58,
railgun.icu,true,1,485,986717,0,0,4,4,0,4,2026-06-14 11:12:16,
repelis24.icu,true,1,515,292408,0,1,2,2,2,2,2026-06-12 03:54:10,2026-06-26 03:40:48
massagetherapy.icu,true,1,504,989437,0,0,4,4,0,4,2026-06-17 06:34:46,
한국사이버신학대학교.kr,true,0.9,97,40413,8,2,31,0,0,0,2025-09-03 20:51:50,
seo-anomaly-istanbul.website,true,0.9,55,210,0,0,1,0,0,0,2025-11-28 05:24:29,
seo-anomaly-karachi.website,true,0.9,54,202,0,0,1,0,0,0,2025-11-15 04:46:56,
standardykvality.cz,true,0.9,94,15383,35,19,2,2,0,0,2026-05-14 07:35:15,
thallium-marketing.com,true,0.8,132,55,0,0,1,0,1,0,2025-06-03 02:05:47,2026-04-04 03:28:26
seo-anomaly-tokyo.space,true,0.8,58,206,0,0,1,0,0,0,2025-11-10 09:33:07,
seo-anomaly-osaka.site,true,0.8,56,206,0,0,1,0,0,0,2025-11-16 02:51:45,
seo-anomaly-kolkata.website,true,0.8,60,204,0,0,1,0,0,0,2025-11-19 16:50:26,
seo-anomaly-shenzhen.online,true,0.8,59,205,0,0,1,0,0,0,2025-11-07 09:35:51,
seo-anomaly-sao-paulo.site,true,0.8,62,207,0,0,1,0,0,0,2025-11-29 14:32:11,
seo-anomaly-istanbul.site,true,0.8,57,206,0,0,1,0,0,0,2025-11-15 04:44:29,
seo-anomaly-moscow.site,true,0.8,58,205,0,0,1,0,0,0,2025-11-29 12:40:32,
seo-anomaly-mumbai.site,true,0.8,61,209,0,0,1,0,0,0,2025-11-15 00:05:18,
seo-anomaly-manila.online,true,0.8,63,202,0,0,1,0,0,0,2025-11-10 15:25:00,
p2plendingfamily.com,true,0.8,105,5053,0,0,14,0,0,0,2025-12-13 07:18:32,
seo-anomaly-cairo.online,true,0.8,58,202,0,0,1,0,0,0,2025-11-18 07:45:47,
seo-anomaly-sao-paulo.online,true,0.8,58,203,0,0,1,0,0,0,2025-11-20 20:16:42,
seo-anomaly-shenzhen.website,true,0.8,60,204,0,0,1,0,0,0,2025-11-13 11:32:23,
seo-anomaly-guangzhou.site,true,0.8,53,200,0,0,1,0,0,0,2025-11-29 04:00:27,
seo-anomaly-shanghai.site,true,0.8,61,205,0,0,1,0,0,0,2025-11-11 11:34:06,
bmclending.com,true,0.8,107,8076,0,1,2,0,0,0,2025-09-29 04:21:34,
seo-anomaly-shanghai.online,true,0.8,57,207,0,0,1,0,0,0,2025-11-18 20:38:36,
seo-anomaly-mexico.space,true,0.8,57,199,0,0,1,0,0,0,2025-11-19 16:11:16,
seo-anomaly-mexico.website,true,0.8,58,206,0,0,1,0,0,0,2025-11-15 15:38:10,
seo-anomaly-dhaka.website,true,0.8,56,204,0,0,1,0,0,0,2025-12-18 23:16:02,
seo-anomaly-jakarta.site,true,0.8,58,206,0,0,1,0,0,0,2025-11-16 23:40:52,
seo-anomaly-jakarta.space,true,0.8,54,202,0,0,1,0,0,0,2025-11-16 07:19:41,
seo-anomaly-lagos.site,true,0.8,53,206,0,0,1,0,0,0,2025-11-10 12:23:21,
seo-anomaly-sao-paulo.website,true,0.8,55,203,0,0,1,0,0,0,2025-12-01 15:01:00,
seo-anomaly-kolkata.online,true,0.8,54,193,0,0,1,0,0,0,2025-11-14 09:48:37,
seo-anomaly-shenzhen.site,true,0.8,55,206,0,0,1,0,0,0,2025-11-20 18:35:45,
seo-anomaly-delhi.online,true,0.8,56,202,0,0,1,0,0,0,2025-11-06 08:47:08,
seo-anomaly-lagos.online,true,0.8,54,207,0,0,1,0,0,0,2025-11-18 02:45:42,
seo-anomaly-los-angeles.online,true,0.8,58,205,0,0,1,0,0,0,2025-11-09 06:11:26,
seo-anomaly-jakarta.website,true,0.8,55,205,0,0,1,0,0,0,2025-11-12 16:02:38,
seo-anomaly-los-angeles.website,true,0.8,57,212,0,0,1,0,0,0,2025-11-05 19:17:18,
seo-anomaly-dhaka.online,true,0.8,53,206,0,0,1,0,0,0,2025-11-09 11:39:16,
seo-anomaly-beijing.website,true,0.8,55,207,0,0,1,0,0,0,2025-11-05 22:19:12,
seo-anomaly-mumbai.online,true,0.8,54,208,0,0,1,0,0,0,2025-11-11 19:32:03,
seo-anomaly-karachi.space,true,0.8,52,199,0,0,1,0,0,0,2025-11-10 18:55:13,
seo-anomaly-moscow.website,true,0.8,53,202,0,0,1,0,0,0,2025-11-13 21:14:18,
seo-anomaly-kolkata.site,true,0.8,54,206,0,0,1,0,0,0,2025-11-15 10:56:00,
seo-anomaly-lagos.website,true,0.8,54,204,0,0,1,0,0,0,2025-11-28 06:00:51,
seo-anomaly-manila.website,true,0.8,53,208,0,0,1,0,0,0,2025-11-19 12:27:13,
seo-anomaly-mexico.site,true,0.8,53,208,0,0,1,0,0,0,2025-11-05 18:35:57,
seo-anomaly-seoul.online,true,0.8,54,202,0,0,1,0,0,0,2025-11-14 01:22:06,
seo-anomaly-lahore.site,true,0.8,52,205,0,0,1,0,0,0,2025-11-12 09:54:17,
seo-anomaly-tianjin.site,true,0.8,52,212,0,0,1,0,0,0,2025-11-23 06:52:41,
seo-anomaly-dhaka.site,true,0.8,52,205,0,0,1,0,0,0,2025-11-28 01:44:15,
seo-anomaly-guangzhou.website,true,0.8,52,207,0,0,1,0,0,0,2025-11-10 21:11:12,
seo-anomaly-tianjin.website,true,0.8,53,210,0,0,1,0,0,0,2025-11-23 09:01:29,
seo-anomaly-rio.website,true,0.8,52,201,0,0,1,0,0,0,2025-11-11 23:10:23,
seo-anomaly-karachi.site,true,0.8,52,203,0,0,1,0,0,0,2025-11-17 17:17:26,
seo-anomaly-lahore.online,true,0.8,53,211,0,0,1,0,0,0,2025-11-13 23:38:40,
seo-anomaly-tianjin.online,true,0.8,53,205,0,0,1,0,0,0,2025-11-06 09:56:26,
seo-anomaly-chongqing.online,true,0.8,52,206,0,0,1,0,0,0,2025-11-13 18:41:07,
seo-anomaly-tokyo.online,true,0.8,52,207,0,0,1,0,0,0,2025-11-20 10:50:45,
seo-anomaly-chongqing.site,true,0.8,52,208,0,0,1,0,0,0,2025-11-17 11:33:07,
seo-anomaly-istanbul.online,true,0.8,52,206,0,0,1,0,0,0,2025-11-16 02:32:13,
seo-anomaly-guangzhou.online,true,0.8,53,205,0,0,1,0,0,0,2025-11-14 20:43:34,
seo-anomaly-rio.online,true,0.8,52,202,0,0,1,0,0,0,2025-11-05 22:06:23,
seo-anomaly-tokyo.website,true,0.8,52,203,0,0,1,0,0,0,2025-11-16 11:54:40,
seo-anomaly-rio.site,true,0.8,52,210,0,0,1,0,0,0,2025-11-08 10:30:10,
seo-anomaly-beijing.online,true,0.8,52,208,0,0,1,0,0,0,2025-11-07 14:42:30,
seo-anomaly-manila.site,true,0.8,54,205,0,0,1,0,0,0,2025-11-12 20:57:25,
seo-anomaly-karachi.online,true,0.8,52,209,0,0,1,0,0,0,2025-12-01 23:54:27,
seo-anomaly-cairo.website,true,0.8,52,201,0,0,1,0,0,0,2025-11-11 23:47:49,
seo-anomaly-chongqing.website,true,0.8,52,211,0,0,1,0,0,0,2025-11-10 16:53:25,
seo-anomaly-moscow.online,true,0.8,52,208,0,0,1,0,0,0,2025-11-07 13:43:17,
seo-anomaly-seoul.site,true,0.8,53,202,0,0,1,0,0,0,2025-11-11 19:07:43,
seo-anomaly-osaka.online,true,0.8,52,202,0,0,1,0,0,0,2025-11-17 22:49:31,
seo-anomaly-delhi.website,true,0.8,52,204,0,0,1,0,0,0,2025-11-09 19:07:23,
seo-anomaly-seoul.website,true,0.8,53,207,0,0,1,0,0,0,2025-11-15 21:07:35,
seo-anomaly-beijing.site,true,0.8,52,206,0,0,1,0,0,0,2025-11-14 14:44:47,
seo-anomaly-jakarta.online,true,0.8,52,207,0,0,1,0,0,0,2025-11-11 03:48:48,
seo-anomaly-lahore.website,true,0.8,53,207,0,0,1,0,0,0,2025-11-14 06:11:35,
seo-anomaly-mumbai.website,true,0.8,53,206,0,0,1,0,0,0,2025-11-15 20:16:03,
seo-anomaly-tokyo.site,true,0.8,52,203,0,0,1,0,0,0,2025-11-14 11:57:40,
seo-anomaly-osaka.website,true,0.8,52,205,0,0,1,0,0,0,2025-11-11 19:35:00,
seo-anomaly-cairo.site,true,0.8,52,202,0,0,1,0,0,0,2025-11-19 22:13:49,
seo-anomaly-shanghai.website,true,0.8,52,208,0,0,1,0,0,0,2025-11-11 03:52:21,
seo-anomaly-delhi.site,true,0.8,53,201,0,0,1,0,0,0,2025-11-13 12:13:28,
seo-anomaly-cairo.space,true,0.7,50,201,0,0,1,0,0,0,2025-11-16 10:25:08,
seo-anomaly-chongqing.space,true,0.7,50,203,0,0,1,0,0,0,2025-11-11 14:31:17,
seo-anomaly-lahore.space,true,0.7,50,198,0,0,1,0,0,0,2025-11-24 04:37:01,
seo-anomaly-seoul.space,true,0.7,51,199,0,0,1,0,0,0,2025-11-15 21:35:06,
seo-anomaly-delhi.space,true,0.7,50,197,0,0,1,0,0,0,2025-11-08 11:00:41,
seo-anomaly-manila.space,true,0.7,50,204,0,0,1,0,0,0,2025-11-14 10:34:39,
seo-anomaly-beijing.space,true,0.7,50,208,0,0,1,0,0,0,2025-11-10 16:11:07,
seo-anomaly-shenzhen.space,true,0.7,50,197,0,0,1,0,0,0,2025-11-14 19:12:58,
seo-anomaly-los-angeles.space,true,0.7,51,199,0,0,1,0,0,0,2025-11-21 02:55:27,
seo-anomaly-osaka.space,true,0.7,50,202,0,0,1,0,0,0,2025-11-10 20:12:05,
seo-anomaly-shanghai.space,true,0.7,50,203,0,0,1,0,0,0,2025-11-06 14:13:47,
seo-anomaly-tianjin.space,true,0.7,51,197,0,0,1,0,0,0,2025-11-13 09:59:25,
seo-anomaly-dhaka.space,true,0.7,50,198,0,0,1,0,0,0,2025-11-17 12:14:25,
seo-anomaly-istanbul.space,true,0.7,50,200,0,0,1,0,0,0,2025-11-11 18:08:31,
seo-anomaly-guangzhou.space,true,0.7,50,202,0,0,1,0,0,0,2025-11-05 22:20:22,
seo-anomaly-mumbai.space,true,0.7,50,202,0,0,1,0,0,0,2025-11-10 17:04:21,
seo-anomaly-moscow.space,true,0.7,50,203,0,0,1,0,0,0,2025-11-11 22:16:54,
seo-anomaly-rio.space,true,0.7,51,198,0,0,1,0,0,0,2025-11-27 16:11:47,
seo-anomaly-kolkata.space,true,0.7,50,198,0,0,1,0,0,0,2025-11-19 00:04:12,
seo-anomaly-sao-paulo.space,true,0.7,50,199,0,0,1,0,0,0,2025-11-19 03:34:09,
seo-anomaly-lagos.space,true,0.7,50,207,0,0,1,0,0,0,2025-11-15 04:30:58,
prothor-ing.com,true,0.7,115,5773,0,0,1,0,0,0,2026-03-09 07:19:24,
qumily.co.uk,true,0.6,117,3284,0,2,3,0,0,0,2025-09-30 15:53:29,
vipasador.com,true,0.6,52,1301,9,11,6,0,0,0,2025-09-22 15:09:10,
bestdev.ro,true,0.5,1,113,0,2,10,9,6,0,2026-03-16 04:30:01,
seo-anomaly-four.xyz,true,0.5,31,76,0,0,20,2,2,0,2026-03-23 22:42:17,
seo-anomaly-one.xyz,true,0.5,31,76,0,0,20,0,2,0,2026-03-24 07:33:18,
seo-anomaly-nine.xyz,true,0.5,31,76,0,0,20,0,2,0,2026-03-24 06:27:33,
seo-anomaly-six.xyz,true,0.5,31,76,0,0,19,6,1,0,2026-03-24 22:14:08,
seo-anomaly-three.xyz,true,0.5,31,76,0,0,20,5,2,0,2026-03-24 21:10:55,
seo-anomaly-two.xyz,true,0.5,31,76,0,0,20,4,2,0,2026-03-25 18:13:30,
seo-anomaly-five.xyz,true,0.5,31,76,0,0,20,4,2,0,2026-03-24 08:11:34,
seo-anomaly-seven.xyz,true,0.5,31,76,0,0,20,0,2,0,2026-03-24 07:59:42,
seo-anomaly-eight.xyz,true,0.5,30,76,0,0,20,0,2,0,2026-03-24 12:38:09,
seo-anomaly-ten.xyz,true,0.5,30,76,0,0,19,6,2,0,2026-03-25 15:42:05,
steroslots.com,false,0.5,29,0,44,2,1,0,1,1,2025-03-18 23:46:41,2026-05-10 12:03:46
seonegativo.com,true,0.4,163,177730,0,0,2,0,0,2,2018-09-29 15:29:04,
anomaly-seo-springdale.online,true,0.4,48,344,0,0,325,1,5,0,2026-02-11 09:04:57,
blutkraehe.de,true,0.4,34,352,0,0,1,0,1,0,2025-10-02 05:56:28,2026-04-18 21:12:17
jeanpierredoran.nl,false,0.4,92,47132,2,7,1,0,0,1,2025-01-22 00:15:43,
anomaly-seo-oakridge.website,true,0.4,45,345,0,0,325,0,5,0,2026-02-11 04:40:36,
anomaly-seo-woodbridge.online,true,0.4,45,342,0,0,325,0,5,0,2026-02-10 23:59:12,
anomaly-seo-silverton.website,true,0.4,45,343,0,0,325,0,5,0,2026-02-12 19:57:52,
anomaly-seo-pinecrest.website,true,0.4,45,344,0,0,325,0,4,0,2026-02-11 08:01:11,
anomaly-seo-hillcrest.site,true,0.4,45,342,0,0,324,1,5,0,2026-02-12 23:40:47,
anomaly-seo-lakeside.site,true,0.4,45,344,0,0,325,2,5,0,2026-02-11 10:02:38,
anomaly-seo-riverford.website,true,0.4,45,343,0,0,325,0,2,0,2026-02-16 02:21:39,
anomaly-seo-meadowbrook.site,true,0.4,46,344,0,0,325,0,4,0,2026-02-11 00:10:51,
anomaly-seo-northfield.website,true,0.4,45,344,0,0,325,1,5,0,2026-02-14 04:58:55,
anomaly-seo-maplegrove.site,true,0.4,46,344,0,0,325,0,5,0,2026-02-11 06:18:03,
anomaly-seo-stonehill.online,true,0.4,45,343,0,0,320,5,3,0,2026-02-11 01:16:44,
seo-anomaly-6.xyz,true,0.3,80,114,0,0,110,0,3,0,2026-02-20 19:52:04,
seo-anomaly-2.xyz,true,0.3,80,115,0,0,110,0,3,0,2026-02-20 18:44:11,
seo-anomaly-10.xyz,true,0.3,80,113,0,0,110,0,3,0,2026-02-20 18:39:46,
seo-anomaly-9.xyz,true,0.3,80,114,0,0,110,0,3,0,2026-02-20 15:42:02,
seo-anomaly-5.xyz,true,0.3,80,113,0,0,110,0,3,0,2026-02-20 18:48:27,
seo-anomaly-8.xyz,true,0.3,80,114,0,0,110,0,3,0,2026-02-20 18:57:51,
seo-anomaly-1.xyz,true,0.3,80,114,0,0,108,0,3,0,2026-02-20 18:42:03,
seo-anomaly-7.xyz,true,0.3,80,114,0,0,110,0,3,0,2026-02-20 18:03:05,
seo-anomaly-3.xyz,true,0.3,80,114,0,0,110,0,3,0,2026-02-20 22:51:13,
seo-anomaly-4.xyz,true,0.3,80,114,0,0,110,0,3,0,2026-02-20 17:45:59,
ducklife.xyz,true,0.3,245,188515,0,0,1,0,1,1,2025-09-08 13:53:26,2026-04-11 15:41:00
hazarat.in,true,0.3,39,1900,0,0,10,0,10,0,2025-09-21 01:30:08,2026-04-17 03:40:29
zzemoxsh.xyz,true,0.3,255,92838,0,0,1,0,1,1,2025-09-03 23:34:51,2026-04-11 04:38:50
pxwwrava.xyz,true,0.3,249,354518,0,0,1,0,1,1,2025-08-30 21:27:19,2026-04-29 13:58:39
links-bhs-big.online,true,0.3,48,172,0,0,165,0,0,0,2026-02-11 08:23:09,
iqpfjdqw.xyz,true,0.2,256,205391,0,0,1,0,1,1,2025-09-13 03:06:56,2026-04-10 07:10:54
anomaly-civic.online,true,0.2,49,60,0,0,10,0,0,0,2026-02-13 04:45:59,
anomaly-mustang.website,true,0.2,49,60,0,0,10,0,0,0,2026-02-13 09:43:22,
anomaly-corvette.online,true,0.2,49,60,0,0,10,0,0,0,2026-02-13 06:43:22,
anomaly-impreza.website,true,0.2,49,60,0,0,10,0,0,0,2026-02-13 20:39:17,
anomaly-skyline.website,true,0.2,49,60,0,0,10,0,0,0,2026-02-15 01:41:46,
vgilfunp.xyz,true,0.2,256,176796,0,0,1,0,1,1,2025-09-08 20:41:41,2026-04-08 16:56:02
bestheadphonestowearinbed.xyz,true,0.2,241,175156,0,0,1,0,1,1,2025-09-15 19:18:47,2026-04-03 15:05:58
xpnbapal.xyz,true,0.2,250,57536,0,0,1,0,1,1,2025-08-31 11:41:49,2026-04-21 08:25:18
tdxcouzr.xyz,true,0.2,251,211348,0,0,1,0,1,1,2025-09-06 03:44:38,2026-04-12 23:41:04
ehgrvfdr.xyz,true,0.2,248,89835,0,0,1,0,1,1,2025-09-01 00:21:04,2026-04-22 21:40:04
kzxblbxj.xyz,true,0.2,252,249246,0,0,1,0,1,1,2025-09-10 00:38:56,2026-04-22 06:06:25
links-bhs-nice.xyz,true,0.2,44,176,0,0,490,5,4,0,2026-02-13 01:57:30,
links-bhs-yellow.xyz,true,0.2,43,176,0,0,489,0,4,0,2026-02-13 21:24:46,
links-bhs-green.xyz,true,0.2,43,176,0,0,489,0,4,0,2026-02-13 05:39:10,
links-bhs-red.xyz,true,0.2,43,177,0,0,486,0,4,0,2026-02-14 12:27:00,
links-bhs-great.xyz,true,0.2,44,176,0,0,490,2,4,0,2026-02-13 07:59:36,
links-bhs-black.xyz,true,0.2,43,175,0,0,490,0,2,0,2026-02-13 00:31:35,
links-bhs-blue.xyz,true,0.2,43,175,0,0,478,0,5,0,2026-02-15 08:20:45,
links-bhs-sharp.xyz,true,0.2,43,175,0,0,490,0,4,0,2026-02-17 08:06:19,
deoda.xyz,true,0.2,225,181582,0,0,4,0,4,4,2025-08-30 14:43:07,2026-04-27 01:15:27
seo-anomaly-lumos.online,true,0.1,26,71,0,0,6,0,0,0,2026-01-27 19:52:16,
seo-anomaly-incendio.online,true,0.1,26,70,0,0,6,0,0,0,2026-01-28 06:19:33,
seo-anomaly-rennervate.online,true,0.1,26,69,0,0,6,0,0,0,2026-01-27 15:32:27,
seo-anomaly-accio.online,true,0.1,26,73,0,0,6,0,0,0,2026-01-27 15:17:45,
seo-anomaly-muffliato.online,true,0.1,26,70,0,0,6,0,0,0,2026-01-27 15:15:09,
seo-anomaly-expecto-patronum.online,true,0.1,26,70,0,0,6,0,0,0,2026-01-27 15:51:47,
xzmakwdf.xyz,true,0.1,251,119091,0,0,1,0,1,1,2025-09-09 01:52:51,2026-04-12 22:34:43
seo-anomaly-expecto-patronum.site,true,0.1,25,70,0,0,6,0,0,0,2026-03-05 07:30:17,
seo-anomaly-rennervate.site,true,0.1,25,69,0,0,6,0,0,0,2026-03-04 09:51:32,
seo-anomaly-finite-incantatem.online,true,0.1,25,73,0,0,6,0,0,0,2026-01-27 15:16:12,
seo-anomaly-petrificus-totalus.online,true,0.1,25,71,0,0,6,0,0,0,2026-01-27 15:18:56,
seo-anomaly-wingardium-leviosa.website,true,0.1,25,70,0,0,6,0,0,0,2026-03-04 09:15:08,
seo-anomaly-episkey.website,true,0.1,25,65,0,0,6,0,0,0,2026-03-05 01:24:40,
seo-anomaly-avada-kedavra.website,true,0.1,25,70,0,0,6,0,0,0,2026-03-04 09:12:30,
seo-anomaly-protego.website,true,0.1,25,70,0,0,6,0,0,0,2026-03-04 09:39:34,
seo-anomaly-stupefy.website,true,0.1,25,70,0,0,6,0,0,0,2026-03-05 06:38:53,
seo-anomaly-reparo.site,true,0.1,25,71,0,0,6,0,0,0,2026-03-05 04:44:00,
seo-anomaly-wingardium-leviosa.site,true,0.1,25,73,0,0,6,0,0,0,2026-03-04 07:01:03,
seo-anomaly-nox.website,true,0.1,25,69,0,0,6,0,0,0,2026-03-05 04:00:23,
seo-anomaly-confundus.online,true,0.1,25,70,0,0,6,0,0,0,2026-01-27 15:08:31,
seo-anomaly-crucio.website,true,0.1,25,67,0,0,6,0,0,0,2026-03-05 08:50:15,
seo-anomaly-expelliarmus.site,true,0.1,25,69,0,0,6,0,0,0,2026-01-27 16:47:33,
seo-anomaly-silencio.site,true,0.1,25,70,0,0,6,0,0,0,2026-03-04 11:56:46,
seo-anomaly-rennervate.website,true,0.1,25,70,0,0,6,0,0,0,2026-03-04 11:30:42,
seo-anomaly-muffliato.website,true,0.1,25,69,0,0,6,0,0,0,2026-03-05 06:54:52,
seo-anomaly-finite-incantatem.site,true,0.1,25,70,0,0,6,0,0,0,2026-01-27 17:43:10,
seo-anomaly-stupefy.site,true,0.1,25,70,0,0,6,0,0,0,2026-03-05 07:14:33,
seo-anomaly-imperio.online,true,0.1,25,71,0,0,6,0,0,0,2026-01-27 17:12:58,
seo-anomaly-silencio.website,true,0.1,25,69,0,0,6,0,0,0,2026-03-05 03:19:35,
seo-anomaly-expecto-patronum.website,true,0.1,25,70,0,0,6,0,0,0,2026-03-05 03:53:25,
seo-anomaly-lumos.website,true,0.1,25,70,0,0,6,0,0,0,2026-03-04 11:31:04,
seo-anomaly-aguamenti.site,true,0.1,25,70,0,0,6,0,0,0,2026-01-27 14:49:29,
seo-anomaly-obliviate.site,true,0.1,25,70,0,0,6,0,0,0,2026-01-27 18:02:42,
seo-anomaly-accio.website,true,0.1,25,70,0,0,6,0,0,0,2026-03-05 02:43:35,
seo-anomaly-protego.online,true,0.1,25,69,0,0,6,0,0,0,2026-01-27 17:06:52,
seo-anomaly-wingardium-leviosa.online,true,0.1,25,73,0,0,6,0,0,0,2026-01-28 12:52:30,
seo-anomaly-imperio.site,true,0.1,25,70,0,0,6,0,0,0,2026-01-27 15:03:59,
seo-anomaly-reducto.website,true,0.1,25,69,0,0,6,0,0,0,2026-03-05 07:36:24,
seo-anomaly-aguamenti.website,true,0.1,25,69,0,0,6,0,0,0,2026-03-04 22:51:01,
seo-anomaly-expelliarmus.online,true,0.1,25,70,0,0,6,0,0,0,2026-01-27 19:18:49,
seo-anomaly-reparo.website,true,0.1,25,73,0,0,6,0,0,0,2026-03-04 07:32:52,
seo-anomaly-nox.site,true,0.1,25,67,0,0,6,0,0,0,2026-01-27 17:56:14,
seo-anomaly-obliviate.online,true,0.1,25,70,0,0,6,0,0,0,2026-01-28 12:38:52,
seo-anomaly-imperio.website,true,0.1,25,70,0,0,6,0,0,0,2026-03-04 12:45:06,
seo-anomaly-levicorpus.site,true,0.1,25,68,0,0,6,0,0,0,2026-01-28 14:05:54,
seo-anomaly-stupefy.online,true,0.1,25,71,0,0,6,0,0,0,2026-01-27 22:44:46,
seo-anomaly-nox.online,true,0.1,25,73,0,0,6,0,0,0,2026-01-28 11:39:32,
seo-anomaly-aparecium.site,true,0.1,25,73,0,0,6,0,0,0,2026-01-28 11:54:08,
seo-anomaly-incendio.site,true,0.1,25,69,0,0,6,0,0,0,2026-01-27 23:39:16,
seo-anomaly-expelliarmus.website,true,0.1,25,69,0,0,6,0,0,0,2026-03-05 07:02:49,
seo-anomaly-petrificus-totalus.site,true,0.1,25,70,0,0,6,0,0,0,2026-01-27 15:00:40,
seo-anomaly-incendio.website,true,0.1,25,70,0,0,6,0,0,0,2026-03-04 08:55:04,
seo-anomaly-confundus.site,true,0.1,25,67,0,0,6,0,0,0,2026-03-04 13:06:05,
seo-anomaly-accio.site,true,0.1,25,71,0,0,6,0,0,0,2026-01-27 15:12:59,
seo-anomaly-episkey.site,true,0.1,25,69,0,0,6,0,0,0,2026-03-05 05:30:12,
seo-anomaly-crucio.online,true,0.1,25,71,0,0,6,0,0,0,2026-01-29 22:52:08,
seo-anomaly-silencio.online,true,0.1,25,70,0,0,6,0,0,0,2026-01-27 19:32:37,
seo-anomaly-levicorpus.website,true,0.1,25,70,0,0,6,0,0,0,2026-03-05 13:02:59,
seo-anomaly-confundus.website,true,0.1,25,69,0,0,6,0,0,0,2026-03-05 05:07:40,
seo-anomaly-muffliato.site,true,0.1,25,71,0,0,6,0,0,0,2026-01-28 13:24:39,
seo-anomaly-levicorpus.online,true,0.1,25,70,0,0,6,0,0,0,2026-01-28 11:12:33,
seo-anomaly-petrificus-totalus.website,true,0.1,25,72,0,0,6,0,0,0,2026-03-05 08:54:03,
seo-anomaly-avada-kedavra.online,true,0.1,25,72,0,0,6,0,0,0,2026-01-27 18:29:40,
seo-anomaly-reducto.online,true,0.1,25,70,0,0,6,0,0,0,2026-01-27 14:32:02,
seo-anomaly-finite-incantatem.website,true,0.1,25,70,0,0,6,0,0,0,2026-03-04 08:38:32,
seo-anomaly-reducto.site,true,0.1,25,70,0,0,6,0,0,0,2026-03-04 04:36:09,
seo-anomaly-obliviate.website,true,0.1,25,69,0,0,6,0,0,0,2026-03-05 05:10:54,
seo-anomaly-lumos.site,true,0.1,25,71,0,0,6,0,0,0,2026-01-28 11:05:54,
seo-anomaly-aguamenti.online,true,0.1,25,70,0,0,6,0,0,0,2026-01-28 13:42:33,
seo-anomaly-crucio.site,true,0.1,25,70,0,0,6,0,0,0,2026-03-05 02:18:15,
seo-anomaly-protego.site,true,0.1,25,71,0,0,6,0,0,0,2026-03-04 11:15:19,
seo-anomaly-aparecium.online,true,0.1,25,70,0,0,6,0,0,0,2026-01-29 11:09:25,
seo-anomaly-aparecium.website,true,0.1,25,70,0,0,6,0,0,0,2026-03-04 10:14:22,
seo-anomaly-reparo.online,true,0.1,25,68,0,0,6,0,0,0,2026-01-27 13:36:52,
seo-anomaly-aguamenti.space,true,0.1,24,67,0,0,6,0,0,0,2026-01-28 01:10:38,
seo-anomaly-rennervate.space,true,0.1,24,67,0,0,6,0,0,0,2026-01-29 01:28:36,
seo-anomaly-obliviate.space,true,0.1,24,67,0,0,6,0,0,0,2026-01-28 14:15:05,
seo-anomaly-muffliato.space,true,0.1,24,67,0,0,6,0,0,0,2026-01-27 13:53:50,
seo-anomaly-wingardium-leviosa.space,true,0.1,24,66,0,0,6,0,0,0,2026-01-27 15:34:26,
seo-anomaly-expelliarmus.space,true,0.1,24,67,0,0,6,0,0,0,2026-01-27 15:26:12,
seo-anomaly-levicorpus.space,true,0.1,24,67,0,0,6,0,0,0,2026-01-27 21:06:23,
seo-anomaly-stupefy.space,true,0.1,24,68,0,0,6,0,0,0,2026-01-27 14:52:32,
seo-anomaly-protego.space,true,0.1,24,67,0,0,6,0,0,0,2026-01-27 14:50:57,
seo-anomaly-expecto-patronum.space,true,0.1,24,68,0,0,6,0,0,0,2026-01-28 01:27:13,
seo-anomaly-episkey.space,true,0.1,24,67,0,0,6,0,0,0,2026-01-27 19:48:07,
seo-anomaly-nox.space,true,0.1,24,67,0,0,6,0,0,0,2026-01-27 15:32:03,
seo-anomaly-aparecium.space,true,0.1,24,67,0,0,6,0,0,0,2026-01-29 01:03:29,
seo-anomaly-silencio.space,true,0.1,24,67,0,0,6,0,0,0,2026-01-30 15:04:15,
seo-anomaly-finite-incantatem.space,true,0.1,24,67,0,0,6,0,0,0,2026-01-29 10:59:02,
seo-anomaly-reparo.space,true,0.1,24,67,0,0,6,0,0,0,2026-01-27 13:31:01,
seo-anomaly-confundus.space,true,0.1,24,67,0,0,6,0,0,0,2026-01-27 17:30:41,
seo-anomaly-reducto.space,true,0.1,24,67,0,0,6,0,0,0,2026-01-27 14:55:40,
seo-anomaly-avada-kedavra.space,true,0.1,24,67,0,0,6,0,0,0,2026-01-29 00:15:42,
seo-anomaly-imperio.space,true,0.1,24,67,0,0,6,0,0,0,2026-01-27 18:48:11,
seo-anomaly-crucio.space,true,0.1,24,67,0,0,6,0,0,0,2026-01-27 18:24:06,
seo-anomaly-incendio.space,true,0.1,24,67,0,0,6,0,0,0,2026-01-27 19:35:51,
seo-anomaly-lumos.space,true,0.1,24,67,0,0,6,0,0,0,2026-01-28 23:41:41,
seo-anomaly-petrificus-totalus.space,true,0.1,24,67,0,0,6,0,0,0,2026-01-28 23:14:37,
seo-anomaly-accio.space,true,0.1,24,67,0,0,6,0,0,0,2026-01-28 23:30:47,
najfnjpg.xyz,true,0.1,250,137021,0,0,1,0,1,1,2025-09-02 19:30:47,2026-03-31 18:53:59
affsignal.com,true,0.1,4,356948,2,5,33,33,1,33,2026-05-19 17:26:24,
link-legion-7.xyz,true,0.1,31,0,0,0,16,16,0,0,2026-06-14 14:37:17,
link-legion-32.xyz,true,0.1,31,0,0,0,24,24,0,0,2026-06-14 00:04:24,
link-legion-43.xyz,true,0.1,31,0,0,0,24,24,0,0,2026-06-13 17:25:34,
link-legion-40.xyz,true,0.1,31,0,0,0,24,24,0,0,2026-06-13 18:28:13,
link-legion-17.xyz,true,0.1,31,0,0,0,24,24,0,0,2026-06-13 20:59:12,
link-legion-35.xyz,true,0.1,31,1,0,0,10,10,0,0,2026-06-13 19:30:22,
link-legion-12.xyz,true,0.1,31,0,0,0,24,24,0,0,2026-06-13 19:31:35,
link-legion-47.xyz,true,0.1,31,1,0,0,6,6,0,0,2026-06-14 00:29:31,
link-legion-5.xyz,true,0.1,31,0,0,0,24,24,0,0,2026-06-13 21:20:42,
link-legion-30.xyz,true,0.1,31,0,0,0,14,14,0,0,2026-06-14 09:50:04,
link-legion-24.xyz,true,0.1,31,1,0,0,21,21,0,0,2026-06-14 03:38:21,
link-legion-46.xyz,true,0.1,31,1,0,0,17,17,0,0,2026-06-17 01:07:30,
link-legion-50.xyz,true,0.1,31,0,0,0,24,24,0,0,2026-06-14 02:19:35,
link-legion-28.xyz,true,0.1,31,0,0,0,12,12,0,0,2026-06-14 00:08:16,
link-legion-33.xyz,true,0.1,31,0,0,0,4,4,0,0,2026-06-17 01:59:52,
link-legion-23.xyz,true,0.1,31,0,0,0,24,24,0,0,2026-06-28 20:34:02,
link-legion-8.xyz,true,0.1,31,0,0,0,14,14,0,0,2026-06-18 09:29:30,
link-legion-19.xyz,true,0.1,31,0,0,0,24,24,0,0,2026-06-14 00:04:22,
link-legion-25.xyz,true,0.1,31,0,0,0,21,21,0,0,2026-06-13 22:47:53,
link-legion-26.xyz,true,0.1,31,0,0,0,24,24,0,0,2026-06-14 04:51:57,
link-legion-34.xyz,true,0.1,31,0,0,0,24,24,0,0,2026-06-17 04:31:31,
link-legion-16.xyz,true,0.1,31,0,0,0,12,12,0,0,2026-06-14 02:03:44,
link-legion-36.xyz,true,0.1,31,0,0,0,24,24,0,0,2026-06-14 07:37:33,
link-legion-10.xyz,true,0.1,31,0,0,0,16,16,0,0,2026-06-17 00:18:54,
link-legion-39.xyz,true,0.1,31,0,0,0,24,24,0,0,2026-06-16 23:59:02,
link-legion-1.xyz,true,0.1,31,1,0,0,15,15,0,0,2026-06-16 17:17:53,
link-legion-2.xyz,true,0.1,31,0,0,0,23,23,0,0,2026-06-14 04:41:54,
link-legion-45.xyz,true,0.1,31,0,0,0,24,24,0,0,2026-06-13 22:07:59,
link-legion-21.xyz,true,0.1,31,0,0,0,24,24,0,0,2026-06-13 23:54:08,
link-legion-42.xyz,true,0.1,31,0,0,0,11,11,0,0,2026-06-16 23:45:12,
link-legion-9.xyz,true,0.1,31,1,0,0,15,15,0,0,2026-06-14 00:44:49,
link-legion-13.xyz,true,0.1,31,0,0,0,24,24,0,0,2026-06-16 22:49:08,
link-legion-41.xyz,true,0.1,31,0,0,0,24,24,0,0,2026-06-14 05:38:10,
link-legion-6.xyz,true,0.1,31,0,0,0,24,24,0,0,2026-06-14 05:36:19,
link-legion-18.xyz,true,0.1,31,0,0,0,24,24,0,0,2026-06-14 04:06:07,
link-legion-31.xyz,true,0.1,31,0,0,0,24,24,0,0,2026-06-14 06:48:14,
link-legion-44.xyz,true,0.1,31,0,0,0,24,24,0,0,2026-06-14 15:30:41,
link-legion-15.xyz,true,0.1,31,0,0,0,24,24,0,0,2026-06-14 03:22:15,
link-legion-3.xyz,true,0.1,31,0,0,0,24,24,0,0,2026-06-13 21:47:10,
link-legion-37.xyz,true,0.1,31,1,0,0,18,18,0,0,2026-06-14 01:08:18,
link-legion-20.xyz,true,0.1,31,0,0,0,24,24,0,0,2026-06-18 07:31:42,
link-legion-11.xyz,true,0.1,31,0,0,0,24,24,0,0,2026-06-14 07:49:17,
link-legion-49.xyz,true,0.1,31,0,0,0,24,24,0,0,2026-06-13 21:12:49,
link-legion-14.xyz,true,0.1,31,0,0,0,24,24,0,0,2026-06-14 00:44:28,
link-legion-48.xyz,true,0.1,31,0,0,0,24,24,0,0,2026-06-14 11:35:30,
link-legion-22.xyz,true,0.1,31,0,0,0,12,12,0,0,2026-06-14 12:07:51,
link-legion-38.xyz,true,0.1,31,0,0,0,21,21,0,0,2026-06-13 19:36:56,
link-legion-29.xyz,true,0.1,31,0,0,0,20,20,0,0,2026-06-18 09:43:24,
link-legion-4.xyz,true,0.1,31,0,0,0,17,17,0,0,2026-06-14 01:05:06,
link-legion-27.xyz,true,0.1,31,0,0,0,24,24,0,0,2026-06-13 20:26:57,
wqxaqjoo.xyz,true,0.1,28,0,0,0,1,0,1,1,2025-06-21 20:54:53,2026-04-20 21:15:04
creditrepairatlanta.xyz,true,0.1,249,163990,0,0,1,0,1,1,2025-09-15 07:16:34,2026-04-11 03:56:07
seo-anomaly-longtail-2.xyz,true,0.1,18,61,0,0,12,12,0,0,2026-05-24 22:59:01,
seo-anomaly-schema-2.xyz,true,0.1,18,127,0,0,10,10,0,0,2026-05-24 08:12:55,
seo-anomaly-canonical-1.xyz,true,0.1,18,80,0,0,43,43,0,0,2026-05-24 23:06:06,
seo-anomaly-pingback-1.xyz,true,0.1,18,62,0,0,12,12,0,0,2026-05-24 20:32:58,
seo-anomaly-canonical-2.xyz,true,0.1,18,80,0,0,43,43,0,0,2026-05-24 21:07:20,
seo-anomaly-backlink-2.xyz,true,0.1,18,80,0,0,43,43,0,0,2026-05-24 21:54:49,
seo-anomaly-traffic-2.xyz,true,0.1,18,128,0,0,10,10,0,0,2026-05-24 20:44:31,
seo-anomaly-sitemap-1.xyz,true,0.1,18,80,0,0,38,38,0,0,2026-05-24 18:42:59,
seo-anomaly-citation-1.xyz,true,0.1,18,62,0,0,12,12,0,0,2026-05-24 21:47:56,
seo-anomaly-q-2.xyz,true,0.1,18,62,0,0,12,12,0,0,2026-05-24 23:08:04,
seo-anomaly-q-1.xyz,true,0.1,18,62,0,0,12,12,0,0,2026-05-25 00:25:29,
seo-anomaly-snippet-1.xyz,true,0.1,18,80,0,0,43,43,0,0,2026-05-24 12:50:25,
seo-anomaly-organic-2.xyz,true,0.1,18,127,0,0,10,10,0,0,2026-05-24 22:56:16,
seo-anomaly-domain-2.xyz,true,0.1,18,126,0,0,10,10,0,0,2026-05-24 23:03:31,
seo-anomaly-metatag-1.xyz,true,0.1,18,80,0,0,43,43,0,0,2026-05-24 13:25:13,
seo-anomaly-serp-2.xyz,true,0.1,18,128,0,0,10,10,0,0,2026-05-24 19:39:28,
seo-anomaly-crawler-1.xyz,true,0.1,18,80,0,0,43,43,0,0,2026-05-24 15:29:36,
seo-anomaly-query-2.xyz,true,0.1,18,61,0,0,12,12,0,0,2026-05-24 17:10:23,
seo-anomaly-keyword-1.xyz,true,0.1,18,80,0,0,43,43,0,0,2026-05-25 05:04:38,
seo-anomaly-anchor-1.xyz,true,0.1,18,80,0,0,43,43,0,0,2026-05-25 03:00:53,
seo-anomaly-longtail-1.xyz,true,0.1,18,62,0,0,12,12,0,0,2026-05-25 06:12:05,
seo-anomaly-domain-1.xyz,true,0.1,18,128,0,0,10,10,0,0,2026-05-24 23:12:07,
seo-anomaly-w-1.xyz,true,0.1,18,62,0,0,12,12,0,0,2026-05-25 04:46:08,
seo-anomaly-trustflow-1.xyz,true,0.1,18,62,0,0,12,12,0,0,2026-05-24 05:37:15,
seo-anomaly-robots-1.xyz,true,0.1,18,128,0,0,10,10,0,0,2026-05-24 09:27:25,
seo-anomaly-ranking-1.xyz,true,0.1,18,128,0,0,10,10,0,0,2026-05-24 22:43:21,
seo-anomaly-indexing-2.xyz,true,0.1,18,80,0,0,43,43,0,0,2026-05-24 17:35:58,
seo-anomaly-w-2.xyz,true,0.1,18,62,0,0,12,12,0,0,2026-05-24 16:02:54,
seo-anomaly-robots-2.xyz,true,0.1,18,128,0,0,10,10,0,0,2026-05-25 00:35:44,
seo-anomaly-organic-1.xyz,true,0.1,18,128,0,0,10,10,0,0,2026-05-24 15:50:03,
seo-anomaly-indexing-1.xyz,true,0.1,18,80,0,0,43,43,0,0,2026-05-24 11:43:26,
seo-anomaly-ranking-2.xyz,true,0.1,18,128,0,0,10,10,0,0,2026-05-24 22:47:04,
seo-anomaly-snippet-2.xyz,true,0.1,18,80,0,0,43,43,0,0,2026-05-24 16:09:47,
seo-anomaly-shorttail-2.xyz,true,0.1,18,62,0,0,12,12,0,0,2026-05-24 21:04:56,
seo-anomaly-intent-2.xyz,true,0.1,18,62,0,0,12,12,0,0,2026-05-24 19:23:30,
seo-anomaly-metatag-2.xyz,true,0.1,18,80,0,0,43,43,0,0,2026-05-24 16:25:45,
seo-anomaly-shorttail-1.xyz,true,0.1,18,62,0,0,12,12,0,0,2026-05-25 03:57:48,
seo-anomaly-crawler-2.xyz,true,0.1,18,80,0,0,43,43,0,0,2026-05-24 21:30:05,
seo-anomaly-crawling-2.xyz,true,0.1,18,128,0,0,10,10,0,0,2026-05-24 10:57:12,
seo-anomaly-redirect-2.xyz,true,0.1,18,80,0,0,43,43,0,0,2026-05-25 01:58:14,
seo-anomaly-trustflow-2.xyz,true,0.1,18,62,0,0,12,12,0,0,2026-05-25 02:52:16,
seo-anomaly-keyword-2.xyz,true,0.1,18,80,0,0,43,43,0,0,2026-05-24 12:50:34,
seo-anomaly-citation-2.xyz,true,0.1,18,62,0,0,12,12,0,0,2026-05-24 13:05:57,
seo-anomaly-spider-2.xyz,true,0.1,18,62,0,0,12,12,0,0,2026-05-24 18:12:14,
seo-anomaly-anchor-2.xyz,true,0.1,18,80,0,0,43,43,0,0,2026-05-25 01:34:26,
seo-anomaly-intent-1.xyz,true,0.1,18,62,0,0,12,12,0,0,2026-05-25 04:44:12,
seo-anomaly-query-1.xyz,true,0.1,18,62,0,0,12,12,0,0,2026-05-25 03:49:21,
seo-anomaly-cluster-2.xyz,true,0.1,18,128,0,0,10,10,0,0,2026-05-24 16:04:41,
seo-anomaly-crawling-1.xyz,true,0.1,18,128,0,0,10,10,0,0,2026-05-24 16:30:21,
seo-anomaly-pagerank-1.xyz,true,0.1,18,128,0,0,10,10,0,0,2026-05-25 01:03:40,
seo-anomaly-serp-1.xyz,true,0.1,18,127,0,0,10,10,0,0,2026-05-24 14:31:52,
seo-anomaly-redirect-1.xyz,true,0.1,18,80,0,0,43,43,0,0,2026-05-24 10:52:11,
seo-anomaly-sitemap-2.xyz,true,0.1,18,80,0,0,43,43,0,0,2026-05-24 17:15:31,
seo-anomaly-pingback-2.xyz,true,0.1,18,62,0,0,12,12,0,0,2026-05-24 13:04:23,
seo-anomaly-schema-1.xyz,true,0.1,18,128,0,0,10,10,0,0,2026-05-24 14:38:48,
seo-anomaly-spider-1.xyz,true,0.1,18,59,0,0,12,12,0,0,2026-05-25 06:22:27,
seo-anomaly-backlink-1.xyz,true,0.1,18,80,0,0,43,43,0,0,2026-05-24 19:47:55,
seo-anomaly-cluster-1.xyz,true,0.1,18,128,0,0,10,10,0,0,2026-05-25 05:07:39,
seo-anomaly-traffic-1.xyz,true,0.1,18,128,0,0,10,10,0,0,2026-05-24 16:39:10,
seo-anomaly-pagerank-2.xyz,true,0.1,18,128,0,0,10,10,0,0,2026-05-24 14:05:04,
technologywebinfo.com,true,0.1,4,324725,0,0,1,1,0,1,2026-05-14 02:54:45,
bhs-links-byakugou-1.xyz,true,0,18,72,0,0,8,8,0,0,2026-05-24 21:09:50,
bhs-links-anbu-1.xyz,true,0,18,72,0,0,8,8,0,0,2026-05-24 19:45:51,
bhs-links-bijuu-1.xyz,true,0,18,93,0,0,41,41,0,0,2026-05-24 19:30:24,
bhs-links-shuriken-1.xyz,true,0,18,93,0,0,41,41,0,0,2026-05-24 19:28:30,
bhs-links-taijutsu-1.xyz,true,0,18,93,0,0,41,41,0,0,2026-05-24 23:31:11,
bhs-links-jinchuriki-1.xyz,true,0,18,93,0,0,41,41,0,0,2026-05-24 14:43:22,
bhs-links-ninjutsu-1.xyz,true,0,18,93,0,0,41,41,0,0,2026-05-24 20:25:56,
bhs-links-genin-1.xyz,true,0,18,72,0,0,8,8,0,0,2026-05-24 16:32:14,
bhs-links-genjutsu-2.xyz,true,0,18,93,0,0,41,41,0,0,2026-05-24 17:08:14,
bhs-links-jonin-2.xyz,true,0,18,72,0,0,8,8,0,0,2026-05-25 04:28:03,
bhs-links-chakra-2.xyz,true,0,18,93,0,0,41,41,0,0,2026-05-24 21:31:10,
bhs-links-chunin-1.xyz,true,0,18,72,0,0,8,8,0,0,2026-05-24 21:03:38,
bhs-links-chunin-2.xyz,true,0,18,72,0,0,8,8,0,0,2026-05-24 12:37:01,
bhs-links-kunai-2.xyz,true,0,18,93,0,0,41,41,0,0,2026-05-24 10:36:30,
bhs-links-genjutsu-1.xyz,true,0,18,93,0,0,41,41,0,0,2026-05-24 20:37:10,
bhs-links-genin-2.xyz,true,0,18,72,0,0,8,8,0,0,2026-05-24 18:48:33,
bhs-links-kage-1.xyz,true,0,18,72,0,0,8,8,0,0,2026-05-24 23:33:59,
bhs-links-kekkei-1.xyz,true,0,18,93,0,0,41,41,0,0,2026-05-24 16:29:21,
bhs-links-shinobi-2.xyz,true,0,18,93,0,0,41,41,0,0,2026-05-24 15:11:40,
bhs-links-byakugou-2.xyz,true,0,18,72,0,0,8,8,0,0,2026-05-24 20:30:40,
bhs-links-taijutsu-2.xyz,true,0,18,92,0,0,41,41,0,0,2026-05-24 17:23:13,
bhs-links-bijuu-2.xyz,true,0,18,93,0,0,41,41,0,0,2026-05-25 01:08:44,
bhs-links-jinchuriki-2.xyz,true,0,18,93,0,0,41,41,0,0,2026-05-25 02:25:41,
bhs-links-rasenshuriken-2.xyz,true,0,18,72,0,0,8,8,0,0,2026-05-24 22:05:51,
bhs-links-kage-2.xyz,true,0,18,72,0,0,8,8,0,0,2026-05-24 18:05:49,
bhs-links-rasenshuriken-1.xyz,true,0,18,71,0,0,8,8,0,0,2026-05-24 12:07:13,
bhs-links-shinobi-1.xyz,true,0,18,93,0,0,41,41,0,0,2026-05-24 16:16:57,
bhs-links-kunai-1.xyz,true,0,18,92,0,0,41,41,0,0,2026-05-24 16:52:16,
bhs-links-sennin-1.xyz,true,0,18,72,0,0,8,8,0,0,2026-05-24 12:07:31,
bhs-links-sennin-2.xyz,true,0,18,71,0,0,8,8,0,0,2026-05-24 13:02:30,
bhs-links-kotoamatsukami-1.xyz,true,0,18,72,0,0,8,8,0,0,2026-05-24 08:01:07,
bhs-links-chakra-1.xyz,true,0,18,93,0,0,41,41,0,0,2026-05-24 18:47:12,
bhs-links-kotoamatsukami-2.xyz,true,0,18,72,0,0,8,8,0,0,2026-05-24 19:07:39,
bhs-links-anbu-2.xyz,true,0,18,72,0,0,8,8,0,0,2026-05-24 17:39:35,
bhs-links-kekkei-2.xyz,true,0,18,93,0,0,41,41,0,0,2026-05-24 16:18:06,
bhs-links-hokage-2.xyz,true,0,18,72,0,0,7,7,0,0,2026-05-24 21:49:26,
bhs-links-hokage-1.xyz,true,0,18,72,0,0,8,8,0,0,2026-05-24 15:36:17,
bhs-links-shuriken-2.xyz,true,0,18,93,0,0,41,41,0,0,2026-05-25 09:26:59,
bhs-links-ninjutsu-2.xyz,true,0,18,93,0,0,40,40,0,0,2026-05-24 19:18:04,
bhs-links-jonin-1.xyz,true,0,18,72,0,0,8,8,0,0,2026-05-24 14:04:04,
sekretyprzyjec.pl,false,0,87,41785,0,0,1,0,0,1,2025-02-04 06:14:23,
wris-tbands.xyz,true,0,212,358185,0,0,1,0,1,1,2025-09-05 12:48:14,2026-04-29 17:59:22
seo-anomaly-canonical.xyz,true,0,18,80,0,0,43,43,0,0,2026-05-11 20:50:00,
seo-anomaly-cluster.xyz,true,0,18,128,0,0,10,10,0,0,2026-05-11 15:00:26,
seo-anomaly-longtail.xyz,true,0,18,62,0,0,12,12,0,0,2026-05-11 16:02:05,
seo-anomaly-shorttail.xyz,true,0,18,62,0,0,12,12,0,0,2026-05-12 02:03:44,
seo-anomaly-query.xyz,true,0,18,62,0,0,12,12,0,0,2026-05-11 23:15:44,
seo-anomaly-citation.xyz,true,0,18,62,0,0,12,12,0,0,2026-05-11 17:16:16,
seo-anomaly-metatag.xyz,true,0,18,80,0,0,43,43,0,0,2026-05-11 16:15:31,
seo-anomaly-serp.xyz,true,0,18,128,0,0,10,10,0,0,2026-05-11 08:49:39,
seo-anomaly-trustflow.xyz,true,0,18,60,0,0,11,11,0,0,2026-05-11 23:08:04,
seo-anomaly-pingback.xyz,true,0,18,61,0,0,12,12,0,0,2026-05-12 02:44:14,
seo-anomaly-spider.xyz,true,0,18,62,0,0,12,12,0,0,2026-05-12 03:39:28,
seo-anomaly-schema.xyz,true,0,18,128,0,0,9,9,0,0,2026-05-11 19:33:50,
seo-anomaly-keyword.xyz,true,0,18,80,0,0,43,43,0,0,2026-05-12 00:45:11,
seo-anomaly-intent.xyz,true,0,18,62,0,0,12,12,0,0,2026-05-11 21:14:26,
seo-anomaly-robots.xyz,true,0,18,124,0,0,10,10,0,0,2026-05-11 17:08:29,
seo-anomaly-backlink.xyz,true,0,18,80,0,0,43,43,0,0,2026-05-11 19:09:21,
seo-anomaly-ranking.xyz,true,0,18,128,0,0,10,10,0,0,2026-05-12 00:47:06,
seo-anomaly-crawling.xyz,true,0,18,127,0,0,10,10,0,0,2026-05-11 15:16:14,
seo-anomaly-traffic.xyz,true,0,18,125,0,0,10,10,0,0,2026-05-12 00:09:55,
seo-anomaly-offpage.xyz,true,0,18,62,0,0,12,12,0,0,2026-05-12 00:02:28,
seo-anomaly-domain.xyz,true,0,18,127,0,0,10,10,0,0,2026-05-12 01:05:30,
seo-anomaly-crawler.xyz,true,0,18,80,0,0,43,43,0,0,2026-05-11 10:05:13,
seo-anomaly-redirect.xyz,true,0,18,79,0,0,43,43,0,0,2026-05-11 16:39:27,
seo-anomaly-snippet.xyz,true,0,18,80,0,0,43,43,0,0,2026-05-11 07:23:51,
seo-anomaly-onpage.xyz,true,0,16,62,0,0,12,12,0,0,2026-05-12 00:48:03,
custom-wristbands.xyz,true,0,235,330331,0,0,2,0,2,2,2025-09-05 14:54:41,2026-04-08 05:04:59
seo-anomaly-anchor.xyz,true,0,16,80,0,0,43,43,0,0,2026-05-11 15:43:13,
seo-anomaly-sitemap.xyz,true,0,16,80,0,0,43,43,0,0,2026-05-11 14:22:47,
seo-anomaly-organic.xyz,true,0,16,128,0,0,10,10,0,0,2026-05-11 15:52:01,
seo-anomaly-pagerank.xyz,true,0,16,128,0,0,10,10,0,0,2026-05-11 14:47:28,
seo-anomaly-indexing.xyz,true,0,15,78,0,0,43,43,0,0,2026-05-11 22:38:21,
promotional-wrist-bands.xyz,true,0,206,188878,0,0,1,0,1,1,2025-09-04 01:33:29,2026-04-25 14:11:29
fbmsg.xyz,true,0,243,203970,0,0,1,0,1,1,2025-09-15 14:10:39,2026-04-27 03:34:54
zyfserver.xyz,true,0,214,168325,0,0,1,0,1,1,2025-08-31 03:18:48,2026-04-19 13:18:32
jacjhyzk.xyz,true,0,206,80828,0,0,1,0,1,1,2025-09-07 06:18:58,2026-04-13 00:56:13
163timar.xyz,true,0,229,186976,0,0,1,0,1,1,2025-09-17 03:09:40,2026-04-18 06:34:01
anlsxzqc.xyz,true,0,211,58225,0,0,1,0,1,1,2025-09-03 10:23:11,2026-04-18 07:01:31
advanceautomattedbusiness.xyz,true,0,230,159538,0,0,1,0,1,1,2025-09-07 19:17:08,2026-04-01 21:19:58
vixentrans.xyz,true,0,231,194128,0,0,1,0,1,1,2025-09-06 09:41:01,2026-04-02 03:04:24
89slotxo.xyz,true,0,207,171568,0,0,1,0,1,1,2025-09-05 21:37:47,2026-04-10 21:48:52
bintrck.xyz,true,0,223,175945,0,0,1,0,1,1,2025-09-07 13:31:34,2026-04-17 00:05:41
ssdahqkg.xyz,true,0,209,152861,0,0,1,0,1,1,2025-09-04 03:11:17,2026-04-27 03:11:56
zfqermxf.xyz,true,0,207,126063,0,0,1,0,1,1,2025-08-30 09:30:43,2026-04-24 13:18:48
uatarrrrrgg.xyz,true,0,235,138316,0,0,2,0,2,2,2025-08-30 23:36:27,2026-04-22 14:03:08
exoclick.xyz,true,0,230,129428,0,0,1,0,1,1,2025-09-05 10:21:11,2026-04-14 14:04:05
megagame888.xyz,true,0,205,131653,0,0,1,0,1,1,2025-09-04 23:31:27,2026-04-22 10:11:01
muzfiles1.xyz,true,0,230,198152,0,0,3,0,3,3,2025-09-05 22:49:04,2026-04-07 20:25:18
bhs-links-chakra.xyz,true,0,11,93,0,0,41,41,0,0,2026-05-11 15:49:34,
bhs-links-shuriken.xyz,true,0,11,92,0,0,41,41,0,0,2026-05-11 16:46:53,
bhs-links-taijutsu.xyz,true,0,11,93,0,0,41,41,0,0,2026-05-12 01:20:00,
bhs-links-kunai.xyz,true,0,11,92,0,0,41,41,0,0,2026-05-11 18:59:06,
bhs-links-shinobi.xyz,true,0,11,93,0,0,41,41,0,0,2026-05-11 12:48:58,
bhs-links-kage.xyz,true,0,11,72,0,0,8,8,0,0,2026-05-11 16:40:14,
bhs-links-kekkei.xyz,true,0,11,93,0,0,41,41,0,0,2026-05-11 23:10:48,
bhs-links-genin.xyz,true,0,11,72,0,0,8,8,0,0,2026-05-11 23:08:41,
bhs-links-rasenshuriken.xyz,true,0,11,71,0,0,8,8,0,0,2026-05-11 20:19:22,
bhs-links-jonin.xyz,true,0,11,71,0,0,7,7,0,0,2026-05-11 06:05:41,
bhs-links-genjutsu.xyz,true,0,11,93,0,0,41,41,0,0,2026-05-11 16:40:14,
bhs-links-byakugou.xyz,true,0,11,72,0,0,8,8,0,0,2026-05-11 23:51:06,
bhs-links-hokage.xyz,true,0,11,70,0,0,8,8,0,0,2026-05-11 14:24:25,
bhs-links-kotoamatsukami.xyz,true,0,11,72,0,0,7,7,0,0,2026-05-11 06:30:44,
bhs-links-ninjutsu.xyz,true,0,11,93,0,0,41,41,0,0,2026-05-11 19:09:26,
bhs-links-bijuu.xyz,true,0,11,35,0,0,6,6,0,0,2026-05-11 20:36:21,
bhs-links-sennin.xyz,true,0,11,72,0,0,8,8,0,0,2026-05-11 17:42:40,
bhs-links-chunin.xyz,true,0,10,71,0,0,8,8,0,0,2026-05-11 06:43:06,
bhs-links-jinchuriki.xyz,true,0,10,93,0,0,41,41,0,0,2026-05-11 11:29:33,
seoxio.com,true,0,15,0,0,0,1,0,1,0,2025-08-07 04:48:19,2026-04-15 15:48:53
mortgagesfortheforces.co.uk,true,0,4,5509,0,0,5,5,0,0,2026-05-20 14:06:03,
adia.ro,true,0,2,1870,0,2,1,1,0,0,2026-05-07 21:44:30,
anomaly-seo-fairview.space,false,0,0,0,0,0,53,0,5,0,2026-02-15 17:11:49,
anomaly-seo-brookfield.space,false,0,0,0,0,0,53,0,3,0,2026-02-13 19:55:36,
anomaly-camaro.space,false,0,0,0,0,0,1,0,0,0,2026-03-02 21:59:43,
anomaly-accord.space,false,0,0,0,0,0,1,0,0,0,2026-02-14 03:03:52,
anomaly-seo-eastvale.space,false,0,0,0,0,0,53,0,4,0,2026-02-14 00:21:53,
inspirontourism.com,false,0,0,0,0,0,1,0,1,1,2025-07-24 16:16:51,2026-04-01 03:19:47
anomaly-seo-ashford.space,false,0,0,0,0,0,53,0,2,0,2026-02-13 22:15:24,
anomaly-challenger.space,false,0,0,0,0,0,1,0,0,0,2026-02-17 04:13:22,
menta.ro,true,0,3,1796,0,0,5,0,0,5,2026-02-15 12:50:44,
anomaly-seo-clearwater.space,false,0,0,0,0,0,53,0,4,0,2026-02-14 11:31:27,
netatlas.net,false,0,0,0,0,0,4,4,0,4,2026-06-13 00:58:58,
